Phi_global	fO2_shift_IW_derived
1.0000000000e+00	-1.0134722091e+00
1.0000000000e+00	-1.0134722091e+00
1.0000000000e+00	-1.0134722091e+00
1.0000000000e+00	-1.0134722091e+00
1.0000000000e+00	-1.0126003763e+00
1.0000000000e+00	-1.0126677688e+00
1.0000000000e+00	-1.0127350198e+00
1.0000000000e+00	-1.0134009553e+00
1.0000000000e+00	-1.0144627157e+00
1.0000000000e+00	-1.0161518306e+00
1.0000000000e+00	-1.0188140638e+00
1.0000000000e+00	-1.0229753799e+00
1.0000000000e+00	-1.0293716685e+00
1.0000000000e+00	-1.0402632213e+00
1.0000000000e+00	-1.0433848356e+00
1.0000000000e+00	-1.0450381445e+00
1.0000000000e+00	-1.0463976002e+00
1.0000000000e+00	-1.0486839493e+00
9.9981142301e-01	-1.0493549610e+00
9.9975703665e-01	-1.0493471801e+00
9.9970321024e-01	-1.0493384440e+00
9.9964938633e-01	-1.0493283584e+00
9.9959537365e-01	-1.0493168563e+00
9.9953999266e-01	-1.0493039297e+00
9.9948433578e-01	-1.0492898527e+00
9.9942790413e-01	-1.0492747215e+00
9.9937117946e-01	-1.0492587121e+00
9.9931430153e-01	-1.0492419418e+00
9.9925661605e-01	-1.0492244252e+00
9.9919855188e-01	-1.0492062763e+00
9.9914030263e-01	-1.0491875730e+00
9.9908091571e-01	-1.0491682629e+00
9.9902028993e-01	-1.0491483766e+00
9.9895945619e-01	-1.0491280590e+00
9.9889841125e-01	-1.0491073411e+00
9.9883650081e-01	-1.0490861815e+00
9.9877410730e-01	-1.0490646455e+00
9.9871046503e-01	-1.0490426748e+00
9.9864633480e-01	-1.0490203705e+00
9.9858119442e-01	-1.0489976963e+00
9.9851440536e-01	-1.0489746024e+00
9.9844676344e-01	-1.0489511899e+00
9.9837888308e-01	-1.0489275396e+00
9.9831076306e-01	-1.0489036665e+00
9.9824240212e-01	-1.0488795850e+00
9.9817379901e-01	-1.0488553089e+00
9.9810495243e-01	-1.0488308514e+00
9.9803586115e-01	-1.0488062249e+00
9.9796652387e-01	-1.0487814408e+00
9.9789693929e-01	-1.0487565095e+00
9.9782710613e-01	-1.0487314395e+00
9.9775702249e-01	-1.0487062371e+00
9.9768668631e-01	-1.0486809057e+00
9.9761609602e-01	-1.0486554449e+00
9.9754525054e-01	-1.0486298495e+00
9.9747414892e-01	-1.0486041086e+00
9.9740278983e-01	-1.0485782039e+00
9.9733117184e-01	-1.0485521089e+00
9.9725929371e-01	-1.0485257881e+00
9.9718715375e-01	-1.0484991955e+00
9.9711475064e-01	-1.0484722751e+00
9.9704208305e-01	-1.0484449602e+00
9.9696914890e-01	-1.0484171739e+00
9.9689594736e-01	-1.0483888305e+00
9.9682247619e-01	-1.0483598366e+00
9.9674873408e-01	-1.0483300925e+00
9.9667471985e-01	-1.0482994944e+00
9.9660043061e-01	-1.0482679361e+00
9.9652586605e-01	-1.0482353111e+00
9.9645102380e-01	-1.0482015151e+00
9.9637590219e-01	-1.0481664477e+00
9.9630050022e-01	-1.0481300156e+00
9.9622481496e-01	-1.0480921351e+00
9.9614884631e-01	-1.0480527353e+00
9.9607259083e-01	-1.0480117611e+00
9.9599604853e-01	-1.0479691762e+00
9.9591921620e-01	-1.0479249648e+00
9.9584209291e-01	-1.0478791335e+00
9.9576467659e-01	-1.0478317112e+00
9.9568696482e-01	-1.0477827480e+00
9.9560895517e-01	-1.0477323134e+00
9.9553064481e-01	-1.0476804935e+00
9.9545203289e-01	-1.0476273875e+00
9.9537312119e-01	-1.0475731046e+00
9.9529390815e-01	-1.0475177596e+00
9.9521439210e-01	-1.0474614696e+00
9.9513457142e-01	-1.0474043517e+00
9.9505444445e-01	-1.0473465200e+00
9.9497400953e-01	-1.0472880840e+00
9.9489326497e-01	-1.0472291475e+00
9.9481220911e-01	-1.0471698073e+00
9.9473084020e-01	-1.0471101533e+00
9.9464915653e-01	-1.0470502677e+00
9.9456715627e-01	-1.0469902259e+00
9.9448483764e-01	-1.0469300960e+00
9.9440219885e-01	-1.0468699398e+00
9.9431923811e-01	-1.0468096752e+00
9.9423595360e-01	-1.0467490136e+00
9.9415234352e-01	-1.0466884689e+00
9.9406840577e-01	-1.0466279738e+00
9.9398413620e-01	-1.0465663856e+00
9.9389950835e-01	-1.0464911215e+00
9.9389168955e-01	-1.0462886704e+00
9.9388827849e-01	-1.0460775587e+00
9.9388502429e-01	-1.0459805618e+00
9.9388179412e-01	-1.0459122137e+00
9.9387858262e-01	-1.0458710844e+00
9.9387538419e-01	-1.0458472776e+00
9.9387219560e-01	-1.0458324691e+00
9.9386901088e-01	-1.0458222118e+00
9.9386582892e-01	-1.0458140453e+00
9.9386264962e-01	-1.0458071097e+00
9.9385947949e-01	-1.0458007461e+00
9.9385631448e-01	-1.0457955199e+00
9.9385315755e-01	-1.0457918048e+00
9.9385001408e-01	-1.0457904280e+00
9.9384690451e-01	-1.0457933723e+00
9.9384384354e-01	-1.0458044056e+00
9.9384087081e-01	-1.0458301419e+00
9.9383806940e-01	-1.0458840665e+00
9.9383563698e-01	-1.0459983922e+00
9.9383388015e-01	-1.0462258472e+00
9.9383338343e-01	-1.0465976366e+00
9.9383428781e-01	-1.0471997714e+00
9.9382803536e-01	-1.0481855177e+00
9.9364739319e-01	-1.0487008397e+00
9.9359212887e-01	-1.0486922819e+00
9.9353715320e-01	-1.0486824626e+00
9.9348226672e-01	-1.0486710442e+00
9.9342645800e-01	-1.0486579586e+00
9.9336959391e-01	-1.0486433811e+00
9.9331228128e-01	-1.0486275789e+00
9.9325430533e-01	-1.0486107023e+00
9.9319617313e-01	-1.0485929442e+00
9.9313739275e-01	-1.0485743624e+00
9.9307801320e-01	-1.0485550503e+00
9.9301844233e-01	-1.0485351232e+00
9.9295772837e-01	-1.0485145389e+00
9.9289564934e-01	-1.0484933236e+00
9.9283335560e-01	-1.0484716421e+00
9.9277084381e-01	-1.0484495307e+00
9.9270724269e-01	-1.0484269286e+00
9.9264304532e-01	-1.0484039167e+00
9.9257773942e-01	-1.0483804659e+00
9.9251159125e-01	-1.0483566274e+00
9.9244433299e-01	-1.0483323939e+00
9.9237522409e-01	-1.0483077060e+00
9.9230578143e-01	-1.0482827433e+00
9.9223609411e-01	-1.0482575325e+00
9.9216616086e-01	-1.0482320899e+00
9.9209598042e-01	-1.0482064307e+00
9.9202555150e-01	-1.0481805699e+00
9.9195487280e-01	-1.0481545215e+00
9.9188394304e-01	-1.0481282990e+00
9.9181276091e-01	-1.0481019150e+00
9.9174132508e-01	-1.0480753812e+00
9.9166963194e-01	-1.0480487073e+00
9.9159767718e-01	-1.0480219014e+00
9.9152545889e-01	-1.0479949691e+00
9.9145297748e-01	-1.0479679130e+00
9.9138023293e-01	-1.0479407311e+00
9.9130722499e-01	-1.0479134163e+00
9.9123395057e-01	-1.0478859541e+00
9.9116041073e-01	-1.0478583230e+00
9.9108660131e-01	-1.0478304914e+00
9.9101252357e-01	-1.0478024185e+00
9.9093817349e-01	-1.0477740519e+00
9.9086355108e-01	-1.0477453285e+00
9.9078865456e-01	-1.0477161740e+00
9.9071348032e-01	-1.0476865037e+00
9.9063802936e-01	-1.0476562244e+00
9.9056229743e-01	-1.0476252349e+00
9.9048628387e-01	-1.0475934291e+00
9.9040998772e-01	-1.0475606977e+00
9.9033340397e-01	-1.0475269301e+00
9.9025653461e-01	-1.0474920184e+00
9.9017937453e-01	-1.0474558582e+00
9.9010192428e-01	-1.0474183533e+00
9.9002418039e-01	-1.0473794172e+00
9.8994614235e-01	-1.0473389778e+00
9.8986780641e-01	-1.0472969792e+00
9.8978917279e-01	-1.0472533856e+00
9.8971023773e-01	-1.0472081825e+00
9.8963099867e-01	-1.0471613787e+00
9.8955145301e-01	-1.0471130056e+00
9.8947159572e-01	-1.0470631163e+00
9.8939142478e-01	-1.0470117836e+00
9.8931094764e-01	-1.0469590980e+00
9.8923016422e-01	-1.0469051615e+00
9.8914907295e-01	-1.0468500852e+00
9.8906767227e-01	-1.0467939852e+00
9.8898596068e-01	-1.0467369792e+00
9.8890393655e-01	-1.0466791839e+00
9.8882159823e-01	-1.0466207121e+00
9.8873894414e-01	-1.0465616715e+00
9.8865597258e-01	-1.0465021630e+00
9.8857268182e-01	-1.0464422804e+00
9.8848907011e-01	-1.0463821096e+00
9.8840513556e-01	-1.0463217291e+00
9.8832087640e-01	-1.0462612096e+00
9.8823629084e-01	-1.0462006151e+00
9.8815137707e-01	-1.0461397207e+00
9.8806613327e-01	-1.0460785258e+00
9.8798055759e-01	-1.0460174132e+00
9.8789464818e-01	-1.0459564245e+00
9.8780840312e-01	-1.0458955870e+00
9.8772182006e-01	-1.0458348190e+00
9.8763489213e-01	-1.0457729000e+00
9.8754756549e-01	-1.0456964918e+00
9.8754136135e-01	-1.0454871466e+00
9.8753764657e-01	-1.0452935312e+00
9.8753420017e-01	-1.0452025650e+00
9.8753079762e-01	-1.0451394078e+00
9.8752742829e-01	-1.0451015231e+00
9.8752407973e-01	-1.0450792944e+00
9.8752074416e-01	-1.0450650878e+00
9.8751741575e-01	-1.0450549446e+00
9.8751409272e-01	-1.0450467270e+00
9.8751077519e-01	-1.0450396684e+00
9.8750746811e-01	-1.0450331865e+00
9.8750417189e-01	-1.0450278669e+00
9.8750089300e-01	-1.0450241269e+00
9.8749764342e-01	-1.0450228639e+00
9.8749445817e-01	-1.0450262464e+00
9.8749137806e-01	-1.0450383092e+00
9.8748849024e-01	-1.0450662068e+00
9.8748598056e-01	-1.0451250132e+00
9.8748427082e-01	-1.0452492892e+00
9.8748405083e-01	-1.0454970522e+00
9.8748613180e-01	-1.0459020430e+00
9.8749094185e-01	-1.0465584997e+00
9.8747081328e-01	-1.0476330158e+00
9.8736998214e-01	-1.0480197671e+00
9.8737165215e-01	-1.0480236355e+00
9.8737332923e-01	-1.0480275039e+00
9.8737496999e-01	-1.0480314676e+00
9.8731851465e-01	-1.0480243355e+00
9.8726239831e-01	-1.0480148481e+00
9.8720620234e-01	-1.0480037461e+00
9.8715002865e-01	-1.0479908044e+00
9.8709229054e-01	-1.0479760014e+00
9.8703409621e-01	-1.0479597127e+00
9.8697491793e-01	-1.0479421181e+00
9.8691551565e-01	-1.0479234876e+00
9.8685572740e-01	-1.0479039498e+00
9.8679502197e-01	-1.0478835615e+00
9.8673411944e-01	-1.0478624897e+00
9.8667233128e-01	-1.0478407333e+00
9.8660879820e-01	-1.0478182599e+00
9.8654504391e-01	-1.0477952829e+00
9.8648106497e-01	-1.0477718445e+00
9.8641590749e-01	-1.0477478792e+00
9.8635001299e-01	-1.0477234664e+00
9.8628311219e-01	-1.0476986060e+00
9.8621510904e-01	-1.0476733129e+00
9.8614563705e-01	-1.0476475712e+00
9.8607466351e-01	-1.0476213985e+00
9.8600344036e-01	-1.0475949488e+00
9.8593196635e-01	-1.0475682404e+00
9.8586024019e-01	-1.0475412905e+00
9.8578826059e-01	-1.0475141155e+00
9.8571602626e-01	-1.0474867312e+00
9.8564353586e-01	-1.0474591525e+00
9.8557078809e-01	-1.0474313937e+00
9.8549778160e-01	-1.0474034685e+00
9.8542451314e-01	-1.0473753894e+00
9.8535097336e-01	-1.0473471670e+00
9.8527715983e-01	-1.0473188113e+00
9.8520307405e-01	-1.0472903302e+00
9.8512871789e-01	-1.0472617290e+00
9.8505409192e-01	-1.0472330092e+00
9.8497919236e-01	-1.0472041669e+00
9.8490402147e-01	-1.0471751927e+00
9.8482857428e-01	-1.0471460692e+00
9.8475285357e-01	-1.0471167713e+00
9.8467685223e-01	-1.0470872628e+00
9.8460057391e-01	-1.0470574977e+00
9.8452401360e-01	-1.0470274176e+00
9.8444717010e-01	-1.0469969529e+00
9.8437004407e-01	-1.0469660227e+00
9.8429262747e-01	-1.0469345346e+00
9.8421492459e-01	-1.0469023891e+00
9.8413692991e-01	-1.0468694783e+00
9.8405864142e-01	-1.0468356904e+00
9.8398005963e-01	-1.0468009120e+00
9.8390117729e-01	-1.0467650295e+00
9.8382199881e-01	-1.0467279348e+00
9.8374251471e-01	-1.0466895252e+00
9.8366272960e-01	-1.0466497100e+00
9.8358263623e-01	-1.0466084111e+00
9.8350223455e-01	-1.0465655686e+00
9.8342152182e-01	-1.0465211422e+00
9.8334049347e-01	-1.0464751141e+00
9.8325914520e-01	-1.0464274900e+00
9.8317746997e-01	-1.0463782995e+00
9.8309547400e-01	-1.0463275960e+00
9.8301316650e-01	-1.0462754538e+00
9.8293054611e-01	-1.0462219630e+00
9.8284761137e-01	-1.0461672269e+00
9.8276436087e-01	-1.0461113580e+00
9.8268079311e-01	-1.0460544740e+00
9.8259690658e-01	-1.0459966939e+00
9.8251269973e-01	-1.0459381353e+00
9.8242817098e-01	-1.0458789119e+00
9.8234331871e-01	-1.0458191314e+00
9.8225814119e-01	-1.0457588943e+00
9.8217263660e-01	-1.0456982936e+00
9.8208680302e-01	-1.0456374141e+00
9.8200063873e-01	-1.0455763322e+00
9.8191414189e-01	-1.0455151171e+00
9.8182731069e-01	-1.0454534651e+00
9.8174014333e-01	-1.0453915398e+00
9.8165263793e-01	-1.0453296489e+00
9.8156479260e-01	-1.0452678372e+00
9.8147660549e-01	-1.0452061446e+00
9.8138807467e-01	-1.0451446056e+00
9.8129919812e-01	-1.0450832394e+00
9.8120997304e-01	-1.0450219316e+00
9.8112038833e-01	-1.0449591631e+00
9.8103270113e-01	-1.0448787565e+00
9.8103133685e-01	-1.0446405554e+00
9.8102747865e-01	-1.0444898881e+00
9.8102385805e-01	-1.0444035531e+00
9.8102030576e-01	-1.0443443893e+00
9.8101681075e-01	-1.0443089820e+00
9.8101336429e-01	-1.0442879229e+00
9.8100997360e-01	-1.0442741304e+00
9.8100665795e-01	-1.0442640365e+00
9.8100346020e-01	-1.0442557582e+00
9.8100046038e-01	-1.0442486028e+00
9.8099790373e-01	-1.0442420836e+00
9.8099607361e-01	-1.0442368352e+00
9.8099545112e-01	-1.0442333697e+00
9.8099617611e-01	-1.0442325397e+00
9.8099765333e-01	-1.0442331641e+00
9.8099960410e-01	-1.0442345397e+00
9.8100177005e-01	-1.0442364013e+00
9.8100407966e-01	-1.0442386361e+00
9.8100649810e-01	-1.0442411706e+00
9.8100904078e-01	-1.0442438106e+00
9.8101165313e-01	-1.0442466157e+00
9.8101431673e-01	-1.0442495959e+00
9.8101702453e-01	-1.0442527369e+00
9.8101978647e-01	-1.0442559252e+00
9.8102259533e-01	-1.0442591372e+00
9.8102543115e-01	-1.0442624704e+00
9.8102829176e-01	-1.0442659203e+00
9.8103117542e-01	-1.0442694828e+00
9.8103091809e-01	-1.0442860431e+00
9.8110090303e-01	-1.0443112284e+00
9.8118470398e-01	-1.0443388314e+00
9.8126848681e-01	-1.0443672959e+00
9.8135217631e-01	-1.0443965910e+00
9.8143575753e-01	-1.0444266901e+00
9.8151925999e-01	-1.0444575845e+00
9.8160262408e-01	-1.0444885681e+00
9.8168586720e-01	-1.0445189293e+00
9.8176905323e-01	-1.0445487568e+00
9.8185229725e-01	-1.0445781913e+00
9.8193576589e-01	-1.0446074166e+00
9.8201731853e-01	-1.0446358079e+00
9.8208026402e-01	-1.0446577215e+00
9.8213221664e-01	-1.0446759000e+00
9.8217607453e-01	-1.0446913813e+00
9.8221143503e-01	-1.0447039755e+00
9.8224157668e-01	-1.0447149025e+00
9.8226719365e-01	-1.0447244367e+00
9.8228869451e-01	-1.0447327352e+00
9.8230573420e-01	-1.0447395632e+00
9.8231986403e-01	-1.0447455350e+00
9.8233156785e-01	-1.0447508240e+00
9.8234116380e-01	-1.0447555308e+00
9.8234878333e-01	-1.0447595963e+00
9.8235485505e-01	-1.0447631721e+00
9.8235969185e-01	-1.0447664276e+00
9.8236342430e-01	-1.0447694020e+00
9.8236616297e-01	-1.0447721275e+00
9.8235324930e-01	-1.0447805859e+00
9.8240212206e-01	-1.0447935376e+00
9.8245495071e-01	-1.0448055476e+00
9.8250160092e-01	-1.0448159439e+00
9.8254347178e-01	-1.0448251276e+00
9.8258147869e-01	-1.0448333594e+00
9.8261624444e-01	-1.0448408186e+00
9.8264819903e-01	-1.0448476337e+00
9.8267766108e-01	-1.0448538999e+00
9.8270486383e-01	-1.0448596890e+00
9.8272550672e-01	-1.0448645786e+00
9.8272401721e-01	-1.0448669335e+00
9.8272119131e-01	-1.0448691684e+00
9.8271694429e-01	-1.0448712799e+00
9.8271117707e-01	-1.0448732633e+00
9.8270376608e-01	-1.0448751112e+00
9.8269452149e-01	-1.0448768087e+00
9.8268307830e-01	-1.0448783219e+00
9.8266876497e-01	-1.0448795988e+00
9.8264909882e-01	-1.0448806032e+00
9.8263776003e-01	-1.0448820028e+00
9.8264409354e-01	-1.0448844632e+00
9.8263822055e-01	-1.0448841941e+00
9.8260674939e-01	-1.0448742867e+00
9.8252402213e-01	-1.0448429927e+00
9.8243794378e-01	-1.0448194878e+00
9.8235247941e-01	-1.0448081538e+00
9.8226782942e-01	-1.0448100812e+00
9.8218356564e-01	-1.0448263639e+00
9.8209945740e-01	-1.0448603235e+00
9.8201548350e-01	-1.0449180937e+00
9.8193179235e-01	-1.0450081782e+00
9.8184862488e-01	-1.0451403658e+00
9.8176623261e-01	-1.0453237102e+00
9.8168472139e-01	-1.0455626922e+00
9.8160360673e-01	-1.0458570163e+00
9.8152293233e-01	-1.0462098733e+00
9.8144227184e-01	-1.0466130146e+00
9.8131541903e-01	-1.0470674344e+00
9.8112083857e-01	-1.0473575900e+00
9.8106355578e-01	-1.0473472412e+00
9.8100617970e-01	-1.0473350376e+00
9.8094860797e-01	-1.0473207601e+00
9.8088922963e-01	-1.0473044623e+00
9.8082941576e-01	-1.0472866069e+00
9.8076872640e-01	-1.0472674157e+00
9.8070786520e-01	-1.0472471707e+00
9.8064613820e-01	-1.0472259528e+00
9.8058389937e-01	-1.0472039195e+00
9.8052144133e-01	-1.0471811957e+00
9.8045666761e-01	-1.0471576300e+00
9.8039145724e-01	-1.0471334865e+00
9.8032601649e-01	-1.0471088388e+00
9.8025959799e-01	-1.0470836497e+00
9.8019236018e-01	-1.0470579736e+00
9.8012387590e-01	-1.0470317973e+00
9.8005434372e-01	-1.0470051710e+00
9.7998323502e-01	-1.0469780638e+00
9.7991050528e-01	-1.0469504942e+00
9.7983751994e-01	-1.0469226314e+00
9.7976427773e-01	-1.0468944953e+00
9.7969077737e-01	-1.0468661044e+00
9.7961701749e-01	-1.0468374764e+00
9.7954299679e-01	-1.0468086278e+00
9.7946871394e-01	-1.0467795747e+00
9.7939416757e-01	-1.0467503323e+00
9.7931935632e-01	-1.0467209153e+00
9.7924427100e-01	-1.0466913365e+00
9.7916890103e-01	-1.0466616079e+00
9.7909324626e-01	-1.0466317412e+00
9.7901731221e-01	-1.0466017473e+00
9.7894109990e-01	-1.0465716339e+00
9.7886460838e-01	-1.0465414059e+00
9.7878783966e-01	-1.0465110643e+00
9.7871078675e-01	-1.0464806040e+00
9.7863345506e-01	-1.0464500150e+00
9.7855583669e-01	-1.0464192780e+00
9.7847793524e-01	-1.0463883658e+00
9.7839974606e-01	-1.0463572398e+00
9.7832126698e-01	-1.0463258504e+00
9.7824250044e-01	-1.0462941362e+00
9.7816343573e-01	-1.0462620222e+00
9.7808407952e-01	-1.0462294234e+00
9.7800442421e-01	-1.0461962427e+00
9.7792446874e-01	-1.0461623747e+00
9.7784421291e-01	-1.0461277073e+00
9.7776364880e-01	-1.0460921237e+00
9.7768278109e-01	-1.0460555074e+00
9.7760159920e-01	-1.0460177424e+00
9.7752010757e-01	-1.0459787200e+00
9.7743829926e-01	-1.0459383396e+00
9.7735617174e-01	-1.0458965140e+00
9.7727372287e-01	-1.0458531725e+00
9.7719094697e-01	-1.0458082642e+00
9.7710783873e-01	-1.0457617605e+00
9.7702438648e-01	-1.0457136568e+00
9.7694060736e-01	-1.0456639764e+00
9.7685650973e-01	-1.0456127657e+00
9.7677209235e-01	-1.0455600922e+00
9.7668735396e-01	-1.0455060425e+00
9.7660229324e-01	-1.0454507180e+00
9.7651690882e-01	-1.0453942306e+00
9.7643119935e-01	-1.0453366988e+00
9.7634516335e-01	-1.0452782435e+00
9.7625879936e-01	-1.0452189848e+00
9.7617210578e-01	-1.0451590386e+00
9.7608508087e-01	-1.0450985155e+00
9.7599772288e-01	-1.0450375185e+00
9.7591002983e-01	-1.0449761425e+00
9.7582200000e-01	-1.0449144737e+00
9.7573363156e-01	-1.0448525901e+00
9.7564492270e-01	-1.0447902633e+00
9.7555587159e-01	-1.0447275230e+00
9.7546647636e-01	-1.0446647557e+00
9.7537673513e-01	-1.0446020112e+00
9.7528664596e-01	-1.0445393336e+00
9.7519620693e-01	-1.0444767622e+00
9.7510541608e-01	-1.0444143319e+00
9.7501427142e-01	-1.0443520728e+00
9.7492277088e-01	-1.0442900014e+00
9.7483091144e-01	-1.0442280153e+00
9.7473868023e-01	-1.0441647597e+00
9.7464596391e-01	-1.0440855684e+00
9.7464195201e-01	-1.0438640901e+00
9.7463772164e-01	-1.0436947537e+00
9.7463390554e-01	-1.0436122647e+00
9.7463016329e-01	-1.0435563843e+00
9.7462647370e-01	-1.0435229749e+00
9.7462281148e-01	-1.0435028112e+00
9.7461916013e-01	-1.0434892838e+00
9.7461551138e-01	-1.0434791493e+00
9.7461185579e-01	-1.0434707214e+00
9.7460818079e-01	-1.0434633454e+00
9.7460445819e-01	-1.0434565719e+00
9.7460065623e-01	-1.0434510190e+00
9.7459671032e-01	-1.0434471849e+00
9.7459249794e-01	-1.0434461123e+00
9.7458772306e-01	-1.0434503300e+00
9.7458197428e-01	-1.0434644286e+00
9.7457453074e-01	-1.0434966864e+00
9.7456366348e-01	-1.0435666525e+00
9.7454830879e-01	-1.0436969274e+00
9.7453285086e-01	-1.0438555779e+00
9.7451681754e-01	-1.0440489405e+00
9.7450066980e-01	-1.0442799485e+00
9.7448249974e-01	-1.0445905504e+00
9.7445941028e-01	-1.0450653141e+00
9.7447388645e-01	-1.0458424287e+00
9.7429840135e-01	-1.0466179402e+00
9.7423991190e-01	-1.0466067367e+00
9.7418131202e-01	-1.0465934590e+00
9.7412218169e-01	-1.0465778636e+00
9.7406132774e-01	-1.0465601226e+00
9.7399983395e-01	-1.0465407261e+00
9.7393766872e-01	-1.0465199725e+00
9.7387525539e-01	-1.0464981319e+00
9.7381166749e-01	-1.0464752690e+00
9.7374786769e-01	-1.0464516133e+00
9.7368282854e-01	-1.0464271503e+00
9.7361615393e-01	-1.0464019141e+00
9.7354924337e-01	-1.0463761200e+00
9.7348170748e-01	-1.0463497781e+00
9.7341320205e-01	-1.0463228955e+00
9.7334322799e-01	-1.0462954560e+00
9.7327232620e-01	-1.0462675519e+00
9.7319991864e-01	-1.0462391497e+00
9.7312543181e-01	-1.0462102133e+00
9.7305068342e-01	-1.0461809647e+00
9.7297567215e-01	-1.0461514257e+00
9.7290039671e-01	-1.0461216164e+00
9.7282485578e-01	-1.0460915558e+00
9.7274904793e-01	-1.0460612617e+00
9.7267297188e-01	-1.0460307510e+00
9.7259662624e-01	-1.0460000400e+00
9.7252000955e-01	-1.0459691441e+00
9.7244310390e-01	-1.0459380764e+00
9.7236590005e-01	-1.0459068501e+00
9.7228840034e-01	-1.0458754787e+00
9.7221061349e-01	-1.0458439751e+00
9.7213254180e-01	-1.0458123498e+00
9.7205418176e-01	-1.0457806101e+00
9.7197553506e-01	-1.0457487610e+00
9.7189659965e-01	-1.0457168029e+00
9.7181737462e-01	-1.0456847309e+00
9.7173785725e-01	-1.0456525332e+00
9.7165804932e-01	-1.0456201907e+00
9.7157794208e-01	-1.0455876731e+00
9.7149754299e-01	-1.0455549414e+00
9.7141684002e-01	-1.0455219425e+00
9.7133583893e-01	-1.0454886122e+00
9.7125453388e-01	-1.0454548727e+00
9.7117292079e-01	-1.0454206340e+00
9.7109100272e-01	-1.0453857957e+00
9.7100876741e-01	-1.0453502470e+00
9.7092622328e-01	-1.0453138724e+00
9.7084335530e-01	-1.0452765505e+00
9.7076017080e-01	-1.0452381620e+00
9.7067665978e-01	-1.0451985891e+00
9.7059282007e-01	-1.0451577221e+00
9.7050864858e-01	-1.0451154624e+00
9.7042413815e-01	-1.0450717263e+00
9.7033928202e-01	-1.0450264488e+00
9.7025406540e-01	-1.0449795867e+00
9.7016851184e-01	-1.0449311251e+00
9.7008263239e-01	-1.0448810740e+00
9.6999642597e-01	-1.0448294674e+00
9.6990989151e-01	-1.0447763637e+00
9.6982302790e-01	-1.0447218423e+00
9.6973583395e-01	-1.0446660001e+00
9.6964830845e-01	-1.0446089471e+00
9.6956045009e-01	-1.0445508017e+00
9.6947225758e-01	-1.0444916862e+00
9.6938372942e-01	-1.0444317236e+00
9.6929486396e-01	-1.0443710334e+00
9.6920565948e-01	-1.0443097300e+00
9.6911611399e-01	-1.0442479203e+00
9.6902622580e-01	-1.0441857030e+00
9.6893599311e-01	-1.0441231676e+00
9.6884541410e-01	-1.0440602293e+00
9.6875448698e-01	-1.0439966563e+00
9.6866320987e-01	-1.0439329822e+00
9.6857158086e-01	-1.0438692644e+00
9.6847959802e-01	-1.0438055534e+00
9.6838725943e-01	-1.0437418939e+00
9.6829456309e-01	-1.0436783253e+00
9.6820150703e-01	-1.0436148825e+00
9.6810808922e-01	-1.0435515963e+00
9.6801430762e-01	-1.0434884937e+00
9.6792016007e-01	-1.0434255898e+00
9.6782564347e-01	-1.0433628007e+00
9.6773074437e-01	-1.0432989999e+00
9.6763534360e-01	-1.0432219541e+00
9.6762331543e-01	-1.0430237836e+00
9.6761858431e-01	-1.0428250807e+00
9.6761458419e-01	-1.0427459043e+00
9.6761067299e-01	-1.0426928130e+00
9.6760682543e-01	-1.0426610668e+00
9.6760301244e-01	-1.0426416155e+00
9.6759921848e-01	-1.0426282739e+00
9.6759544075e-01	-1.0426180819e+00
9.6759167740e-01	-1.0426095225e+00
9.6758792978e-01	-1.0426019772e+00
9.6758420336e-01	-1.0425950662e+00
9.6758051641e-01	-1.0425894301e+00
9.6757689487e-01	-1.0425856239e+00
9.6757338950e-01	-1.0425847999e+00
9.6757011929e-01	-1.0425897485e+00
9.6756726968e-01	-1.0426054660e+00
9.6756519479e-01	-1.0426410313e+00
9.6756471513e-01	-1.0427175049e+00
9.6756744652e-01	-1.0428776953e+00
9.6757428133e-01	-1.0432038899e+00
9.6758675773e-01	-1.0437129364e+00
9.6760274052e-01	-1.0442381318e+00
9.6760590618e-01	-1.0442431026e+00
9.6760820268e-01	-1.0442663796e+00
9.6767224541e-01	-1.0442971186e+00
9.6775653333e-01	-1.0443308420e+00
9.6784060795e-01	-1.0443644730e+00
9.6792447486e-01	-1.0443974739e+00
9.6800821060e-01	-1.0444299587e+00
9.6809192609e-01	-1.0444620853e+00
9.6817577000e-01	-1.0444940538e+00
9.6825994565e-01	-1.0445261156e+00
9.6834416382e-01	-1.0445585342e+00
9.6842577086e-01	-1.0445914312e+00
9.6850713995e-01	-1.0446258847e+00
9.6862756077e-01	-1.0446701620e+00
9.6874241841e-01	-1.0447042481e+00
9.6882363646e-01	-1.0447273761e+00
9.6888756704e-01	-1.0447450162e+00
9.6894090915e-01	-1.0447593877e+00
9.6898694854e-01	-1.0447715761e+00
9.6902751562e-01	-1.0447821917e+00
9.6906372170e-01	-1.0447916116e+00
9.6909628260e-01	-1.0448000850e+00
9.6910647467e-01	-1.0448057831e+00
9.6910305172e-01	-1.0448097732e+00
9.6909777950e-01	-1.0448136592e+00
9.6909043623e-01	-1.0448174475e+00
9.6908066114e-01	-1.0448211390e+00
9.6906774459e-01	-1.0448247150e+00
9.6905025060e-01	-1.0448281231e+00
9.6903229023e-01	-1.0448305673e+00
9.6901615909e-01	-1.0448322242e+00
9.6900062740e-01	-1.0448335065e+00
9.6898555000e-01	-1.0448345728e+00
9.6897074710e-01	-1.0448355082e+00
9.6892055353e-01	-1.0448410615e+00
9.6892418958e-01	-1.0448516659e+00
9.6893745968e-01	-1.0448630931e+00
9.6894658554e-01	-1.0448740572e+00
9.6895299225e-01	-1.0448848295e+00
9.6895729412e-01	-1.0448954518e+00
9.6895974872e-01	-1.0449059762e+00
9.6896042868e-01	-1.0449164862e+00
9.6895929758e-01	-1.0449270489e+00
9.6895623202e-01	-1.0449376438e+00
9.6895101443e-01	-1.0449482935e+00
9.6894331697e-01	-1.0449590795e+00
9.6893267988e-01	-1.0449701121e+00
9.6891841318e-01	-1.0449815607e+00
9.6889995885e-01	-1.0449935995e+00
9.6888228542e-01	-1.0450034933e+00
9.6886554619e-01	-1.0450122426e+00
9.6885644247e-01	-1.0450211458e+00
9.6885702576e-01	-1.0450301048e+00
9.6885341197e-01	-1.0450384379e+00
9.6884705658e-01	-1.0450464039e+00
9.6883876484e-01	-1.0450541508e+00
9.6882969578e-01	-1.0450614212e+00
9.6881985455e-01	-1.0450685011e+00
9.6880914469e-01	-1.0450755817e+00
9.6879768201e-01	-1.0450826971e+00
9.6872354043e-01	-1.0451155534e+00
9.6877166037e-01	-1.0451494043e+00
9.6885986180e-01	-1.0451879293e+00
9.6894605353e-01	-1.0452256672e+00
9.6903057054e-01	-1.0452627556e+00
9.6911365710e-01	-1.0452993944e+00
9.6919550705e-01	-1.0453358400e+00
9.6927633251e-01	-1.0453724323e+00
9.6935637743e-01	-1.0454096415e+00
9.6943589802e-01	-1.0454481660e+00
9.6953883071e-01	-1.0454919811e+00
9.6970232209e-01	-1.0455525962e+00
9.6980442869e-01	-1.0455884996e+00
9.6987863057e-01	-1.0456135525e+00
9.6993834188e-01	-1.0456330923e+00
9.6998968971e-01	-1.0456494538e+00
9.7003575033e-01	-1.0456638318e+00
9.7007850558e-01	-1.0456769906e+00
9.7011597263e-01	-1.0456892351e+00
9.7011352157e-01	-1.0456955366e+00
9.7011025571e-01	-1.0457026331e+00
9.7010608708e-01	-1.0457113528e+00
9.7009992953e-01	-1.0457240023e+00
9.7009190774e-01	-1.0457369852e+00
9.7008347392e-01	-1.0457461035e+00
9.7007336510e-01	-1.0457535848e+00
9.7006070457e-01	-1.0457601516e+00
9.7004450179e-01	-1.0457660609e+00
9.7002486950e-01	-1.0457709704e+00
9.6999870911e-01	-1.0457750342e+00
9.6997884342e-01	-1.0457799949e+00
9.6983281461e-01	-1.0457661873e+00
9.6967634773e-01	-1.0457682880e+00
9.6949638110e-01	-1.0457990075e+00
9.6930799843e-01	-1.0458750194e+00
9.6909366246e-01	-1.0460008910e+00
9.6896740635e-01	-1.0460357701e+00
9.6890769016e-01	-1.0460232873e+00
9.6884787624e-01	-1.0460084052e+00
9.6878665318e-01	-1.0459909595e+00
9.6872434485e-01	-1.0459714013e+00
9.6866092760e-01	-1.0459501419e+00
9.6859721622e-01	-1.0459275831e+00
9.6853268881e-01	-1.0459038927e+00
9.6846747690e-01	-1.0458792491e+00
9.6840185097e-01	-1.0458538049e+00
9.6833372164e-01	-1.0458274269e+00
9.6826527821e-01	-1.0458004308e+00
9.6819646931e-01	-1.0457728733e+00
9.6812637157e-01	-1.0457447048e+00
9.6805499365e-01	-1.0457159702e+00
9.6798255785e-01	-1.0456867317e+00
9.6790855714e-01	-1.0456569667e+00
9.6783226938e-01	-1.0456266255e+00
9.6775568805e-01	-1.0455959527e+00
9.6767883740e-01	-1.0455649749e+00
9.6760171612e-01	-1.0455337138e+00
9.6752432283e-01	-1.0455021896e+00
9.6744665617e-01	-1.0454704213e+00
9.6736871473e-01	-1.0454384267e+00
9.6729049710e-01	-1.0454062228e+00
9.6721199882e-01	-1.0453738257e+00
9.6713319523e-01	-1.0453412483e+00
9.6705407903e-01	-1.0453085050e+00
9.6697466093e-01	-1.0452756112e+00
9.6689494603e-01	-1.0452425805e+00
9.6681493682e-01	-1.0452094251e+00
9.6673463626e-01	-1.0451761551e+00
9.6665403466e-01	-1.0451427768e+00
9.6657314164e-01	-1.0451092951e+00
9.6649194499e-01	-1.0450757080e+00
9.6641045515e-01	-1.0450420102e+00
9.6632865630e-01	-1.0450081864e+00
9.6624656005e-01	-1.0449742156e+00
9.6616415509e-01	-1.0449400639e+00
9.6608144422e-01	-1.0449056876e+00
9.6599842467e-01	-1.0448710297e+00
9.6591508920e-01	-1.0448360194e+00
9.6583144387e-01	-1.0448005744e+00
9.6574747335e-01	-1.0447645973e+00
9.6566318835e-01	-1.0447279827e+00
9.6557857156e-01	-1.0446906136e+00
9.6549363080e-01	-1.0446523696e+00
9.6540835588e-01	-1.0446131261e+00
9.6532274220e-01	-1.0445727602e+00
9.6523678681e-01	-1.0445311548e+00
9.6515048120e-01	-1.0444882016e+00
9.6506381510e-01	-1.0444438065e+00
9.6497677548e-01	-1.0443978929e+00
9.6488939119e-01	-1.0443504108e+00
9.6480167299e-01	-1.0443013332e+00
9.6471361989e-01	-1.0442506582e+00
9.6462523092e-01	-1.0441984108e+00
9.6453650511e-01	-1.0441446419e+00
9.6444744145e-01	-1.0440894253e+00
9.6435803884e-01	-1.0440328544e+00
9.6426829623e-01	-1.0439750377e+00
9.6417821242e-01	-1.0439160938e+00
9.6408778596e-01	-1.0438561464e+00
9.6399701543e-01	-1.0437953210e+00
9.6390589910e-01	-1.0437337404e+00
9.6381443497e-01	-1.0436715221e+00
9.6372262139e-01	-1.0436087764e+00
9.6363045662e-01	-1.0435456049e+00
9.6353793888e-01	-1.0434819873e+00
9.6344506634e-01	-1.0434175905e+00
9.6335183714e-01	-1.0433530163e+00
9.6325824934e-01	-1.0432883310e+00
9.6316430104e-01	-1.0432235929e+00
9.6306999023e-01	-1.0431588531e+00
9.6297531495e-01	-1.0430941562e+00
9.6288027316e-01	-1.0430295415e+00
9.6278486281e-01	-1.0429650434e+00
9.6268908184e-01	-1.0429006923e+00
9.6259292816e-01	-1.0428365153e+00
9.6249639965e-01	-1.0427725352e+00
9.6239949399e-01	-1.0427087607e+00
9.6230220745e-01	-1.0426450676e+00
9.6220452015e-01	-1.0425799219e+00
9.6210799659e-01	-1.0424970101e+00
9.6210537418e-01	-1.0422595759e+00
9.6210075105e-01	-1.0421148475e+00
9.6209656939e-01	-1.0420385904e+00
9.6209247961e-01	-1.0419879145e+00
9.6208844968e-01	-1.0419575722e+00
9.6208443982e-01	-1.0419386833e+00
9.6208042092e-01	-1.0419254483e+00
9.6207637293e-01	-1.0419151534e+00
9.6207226059e-01	-1.0419064204e+00
9.6206802057e-01	-1.0418986492e+00
9.6206351150e-01	-1.0418915101e+00
9.6205855167e-01	-1.0418856393e+00
9.6205277887e-01	-1.0418815991e+00
9.6204544510e-01	-1.0418805559e+00
9.6203482916e-01	-1.0418853364e+00
9.6201807590e-01	-1.0419011597e+00
9.6200285011e-01	-1.0419197481e+00
9.6198771767e-01	-1.0419398597e+00
9.6197240189e-01	-1.0419609782e+00
9.6195726881e-01	-1.0419823968e+00
9.6194267836e-01	-1.0420034322e+00
9.6192767332e-01	-1.0420250606e+00
9.6191222277e-01	-1.0420472799e+00
9.6189639630e-01	-1.0420699972e+00
9.6188138740e-01	-1.0420918441e+00
9.6186591184e-01	-1.0421143036e+00
9.6184995306e-01	-1.0421374193e+00
9.6183349656e-01	-1.0421612402e+00
9.6173614833e-01	-1.0422802887e+00
9.6170236671e-01	-1.0424221023e+00
9.6168218787e-01	-1.0425814720e+00
9.6165445567e-01	-1.0427583580e+00
9.6162650230e-01	-1.0429689863e+00
9.6158567644e-01	-1.0432335358e+00
9.6152700451e-01	-1.0435741025e+00
9.6142983084e-01	-1.0441239550e+00
9.6128130372e-01	-1.0448272184e+00
9.6107019522e-01	-1.0451661652e+00
9.6100918378e-01	-1.0451526665e+00
9.6094806633e-01	-1.0451365341e+00
9.6088504638e-01	-1.0451176022e+00
9.6082112392e-01	-1.0450964791e+00
9.6075605596e-01	-1.0450736008e+00
9.6069078838e-01	-1.0450494084e+00
9.6062429435e-01	-1.0450240249e+00
9.6055745473e-01	-1.0449977177e+00
9.6048910347e-01	-1.0449704846e+00
9.6041914672e-01	-1.0449424129e+00
9.6034893861e-01	-1.0449137297e+00
9.6027767974e-01	-1.0448844099e+00
9.6020523339e-01	-1.0448544909e+00
9.6013156943e-01	-1.0448240138e+00
9.6005624878e-01	-1.0447929685e+00
9.5997852460e-01	-1.0447613056e+00
9.5990014084e-01	-1.0447292479e+00
9.5982148172e-01	-1.0446968643e+00
9.5974254588e-01	-1.0446641788e+00
9.5966333195e-01	-1.0446312135e+00
9.5958383856e-01	-1.0445979888e+00
9.5950406428e-01	-1.0445645238e+00
9.5942400769e-01	-1.0445308367e+00
9.5934366307e-01	-1.0444969440e+00
9.5926299680e-01	-1.0444628589e+00
9.5918200107e-01	-1.0444285965e+00
9.5910069170e-01	-1.0443941735e+00
9.5901907951e-01	-1.0443596058e+00
9.5893716031e-01	-1.0443249060e+00
9.5885494081e-01	-1.0442900869e+00
9.5877241579e-01	-1.0442551578e+00
9.5868958571e-01	-1.0442201259e+00
9.5860644919e-01	-1.0441849949e+00
9.5852300497e-01	-1.0441497636e+00
9.5843924900e-01	-1.0441144246e+00
9.5835518544e-01	-1.0440789640e+00
9.5827080220e-01	-1.0440433571e+00
9.5818611173e-01	-1.0440075711e+00
9.5810109132e-01	-1.0439715576e+00
9.5801575902e-01	-1.0439352595e+00
9.5793009446e-01	-1.0438986017e+00
9.5784410942e-01	-1.0438614991e+00
9.5775778556e-01	-1.0438238503e+00
9.5767113324e-01	-1.0437855461e+00
9.5758413372e-01	-1.0437464652e+00
9.5749679049e-01	-1.0437064831e+00
9.5740909563e-01	-1.0436654720e+00
9.5732103867e-01	-1.0436233066e+00
9.5723260982e-01	-1.0435798678e+00
9.5714378757e-01	-1.0435350470e+00
9.5705460509e-01	-1.0434887576e+00
9.5696508058e-01	-1.0434409317e+00
9.5687521302e-01	-1.0433915233e+00
9.5678500151e-01	-1.0433405130e+00
9.5669444523e-01	-1.0432879092e+00
9.5660354340e-01	-1.0432337483e+00
9.5651229517e-01	-1.0431780918e+00
9.5642069968e-01	-1.0431210244e+00
9.5632875605e-01	-1.0430626483e+00
9.5623646313e-01	-1.0430030796e+00
9.5614381956e-01	-1.0429424421e+00
9.5605082394e-01	-1.0428808632e+00
9.5595747427e-01	-1.0428184697e+00
9.5586376900e-01	-1.0427553839e+00
9.5576970652e-01	-1.0426917214e+00
9.5567528500e-01	-1.0426275900e+00
9.5558050278e-01	-1.0425625124e+00
9.5548535798e-01	-1.0424970763e+00
9.5538984879e-01	-1.0424314340e+00
9.5529397325e-01	-1.0423656554e+00
9.5519772939e-01	-1.0422998020e+00
9.5510111522e-01	-1.0422339273e+00
9.5500412870e-01	-1.0421680777e+00
9.5490676777e-01	-1.0421022938e+00
9.5480903036e-01	-1.0420366110e+00
9.5471091436e-01	-1.0419710601e+00
9.5461241764e-01	-1.0419056685e+00
9.5451353805e-01	-1.0418404604e+00
9.5441427340e-01	-1.0417754562e+00
9.5431462133e-01	-1.0417106638e+00
9.5421457788e-01	-1.0416459721e+00
9.5411412192e-01	-1.0415800080e+00
9.5401305981e-01	-1.0414979715e+00
9.5400667924e-01	-1.0412753375e+00
9.5400159689e-01	-1.0411113617e+00
9.5399722429e-01	-1.0410376988e+00
9.5399296074e-01	-1.0409891303e+00
9.5398877176e-01	-1.0409599809e+00
9.5398461716e-01	-1.0409415384e+00
9.5398047638e-01	-1.0409283610e+00
9.5397634451e-01	-1.0409179558e+00
9.5397221128e-01	-1.0409090685e+00
9.5396806025e-01	-1.0409011213e+00
9.5396386048e-01	-1.0408938635e+00
9.5395958751e-01	-1.0408879653e+00
9.5395517747e-01	-1.0408840732e+00
9.5395049430e-01	-1.0408835292e+00
9.5394525401e-01	-1.0408895576e+00
9.5393904310e-01	-1.0409078662e+00
9.5393117005e-01	-1.0409489806e+00
9.5391964604e-01	-1.0410410772e+00
9.5390583672e-01	-1.0411885190e+00
9.5389231031e-01	-1.0413672533e+00
9.5387908202e-01	-1.0415809043e+00
9.5386616122e-01	-1.0418404095e+00
9.5385260915e-01	-1.0421908835e+00
9.5383680775e-01	-1.0427267053e+00
9.5383896108e-01	-1.0435996153e+00
9.5365409882e-01	-1.0443426662e+00
9.5359178323e-01	-1.0443281519e+00
9.5352924920e-01	-1.0443107724e+00
9.5346458002e-01	-1.0442903832e+00
9.5339895093e-01	-1.0442676941e+00
9.5333231855e-01	-1.0442432129e+00
9.5326528189e-01	-1.0442173676e+00
9.5319703305e-01	-1.0441903169e+00
9.5312854524e-01	-1.0441623458e+00
9.5305747549e-01	-1.0441333231e+00
9.5298574381e-01	-1.0441035631e+00
9.5291357726e-01	-1.0440731703e+00
9.5284006902e-01	-1.0440421078e+00
9.5276496024e-01	-1.0440104001e+00
9.5268860187e-01	-1.0439781316e+00
9.5260996594e-01	-1.0439452265e+00
9.5252977407e-01	-1.0439117991e+00
9.5244930073e-01	-1.0438780217e+00
9.5236854456e-01	-1.0438439211e+00
9.5228750417e-01	-1.0438095215e+00
9.5220617815e-01	-1.0437748453e+00
9.5212456509e-01	-1.0437399130e+00
9.5204266357e-01	-1.0437047440e+00
9.5196046826e-01	-1.0436693563e+00
9.5187793791e-01	-1.0436337627e+00
9.5179505916e-01	-1.0435979786e+00
9.5171185392e-01	-1.0435620227e+00
9.5162833681e-01	-1.0435259119e+00
9.5154450279e-01	-1.0434896602e+00
9.5146035787e-01	-1.0434532818e+00
9.5137590251e-01	-1.0434167887e+00
9.5129112819e-01	-1.0433801900e+00
9.5120604474e-01	-1.0433434940e+00
9.5112063764e-01	-1.0433067028e+00
9.5103491779e-01	-1.0432698164e+00
9.5094887322e-01	-1.0432328261e+00
9.5086250929e-01	-1.0431957176e+00
9.5077581919e-01	-1.0431584659e+00
9.5068880103e-01	-1.0431210355e+00
9.5060145389e-01	-1.0430833788e+00
9.5051377106e-01	-1.0430454339e+00
9.5042575150e-01	-1.0430071255e+00
9.5033739190e-01	-1.0429683639e+00
9.5024868026e-01	-1.0429290451e+00
9.5015961995e-01	-1.0428890556e+00
9.5007019973e-01	-1.0428482711e+00
9.4998040690e-01	-1.0436786011e+00
9.5016082628e-01	-1.0457018839e+00
9.5007642300e-01	-1.0456753345e+00
9.4999235688e-01	-1.0456437638e+00
9.4990854803e-01	-1.0456080478e+00
9.4982492527e-01	-1.0455692356e+00
9.4974142650e-01	-1.0455282734e+00
9.4965799727e-01	-1.0454858815e+00
9.4957458964e-01	-1.0454425474e+00
9.4949116165e-01	-1.0453985621e+00
9.4940767613e-01	-1.0453540695e+00
9.4932410042e-01	-1.0453091060e+00
9.4924040624e-01	-1.0452636356e+00
9.4915656893e-01	-1.0452175757e+00
9.4907256698e-01	-1.0451708162e+00
9.4898838198e-01	-1.0451232345e+00
9.4890399848e-01	-1.0450747065e+00
9.4881940328e-01	-1.0450251157e+00
9.4873458499e-01	-1.0449743606e+00
9.4864953376e-01	-1.0449223604e+00
9.4856424107e-01	-1.0448686558e+00
9.4847869927e-01	-1.0448134834e+00
9.4839290140e-01	-1.0447569654e+00
9.4830684098e-01	-1.0446991300e+00
9.4822051207e-01	-1.0446400310e+00
9.4813390883e-01	-1.0445797441e+00
9.4804702585e-01	-1.0445183625e+00
9.4795985773e-01	-1.0444559912e+00
9.4787239930e-01	-1.0443927426e+00
9.4778464553e-01	-1.0443287313e+00
9.4769659151e-01	-1.0442640705e+00
9.4760823259e-01	-1.0441988687e+00
9.4751956413e-01	-1.0441332273e+00
9.4743058177e-01	-1.0440672395e+00
9.4734128123e-01	-1.0440009895e+00
9.4725165842e-01	-1.0439345520e+00
9.4716170944e-01	-1.0438679929e+00
9.4707143053e-01	-1.0438013698e+00
9.4698081811e-01	-1.0437347324e+00
9.4688986877e-01	-1.0436681238e+00
9.4679857924e-01	-1.0436015814e+00
9.4670694642e-01	-1.0435351374e+00
9.4661496731e-01	-1.0434688199e+00
9.4652263901e-01	-1.0434026533e+00
9.4642995870e-01	-1.0433366596e+00
9.4633692360e-01	-1.0432708579e+00
9.4624353107e-01	-1.0432052651e+00
9.4614977858e-01	-1.0431398897e+00
9.4605566259e-01	-1.0430746618e+00
9.4596116715e-01	-1.0430086819e+00
9.4586614823e-01	-1.0429321791e+00
9.4584255435e-01	-1.0427571142e+00
9.4583680770e-01	-1.0425274617e+00
9.4583263539e-01	-1.0424574193e+00
9.4582857659e-01	-1.0424112841e+00
9.4582459383e-01	-1.0423832329e+00
9.4582064070e-01	-1.0423650491e+00
9.4581669076e-01	-1.0423516853e+00
9.4581273641e-01	-1.0423409385e+00
9.4580875672e-01	-1.0423316378e+00
9.4580471394e-01	-1.0423232089e+00
9.4580052616e-01	-1.0423152922e+00
9.4579610640e-01	-1.0423085108e+00
9.4579124943e-01	-1.0423033816e+00
9.4578548540e-01	-1.0423011040e+00
9.4577756521e-01	-1.0423052936e+00
9.4576425746e-01	-1.0423268027e+00
9.4572681434e-01	-1.0424310970e+00
9.4566322890e-01	-1.0426667496e+00
9.4558131212e-01	-1.0430336378e+00
9.4550121080e-01	-1.0434621285e+00
9.4543124900e-01	-1.0439714882e+00
9.4536571538e-01	-1.0445939361e+00
9.4532855424e-01	-1.0453620654e+00
9.4523992767e-01	-1.0463151629e+00
9.4512360455e-01	-1.0464636279e+00
9.4506522338e-01	-1.0464471653e+00
9.4500484915e-01	-1.0464270827e+00
9.4494344291e-01	-1.0464038941e+00
9.4488088198e-01	-1.0463783370e+00
9.4481789385e-01	-1.0463510587e+00
9.4475358901e-01	-1.0463223325e+00
9.4468885354e-01	-1.0462925072e+00
9.4462170465e-01	-1.0462615351e+00
9.4455341966e-01	-1.0462296885e+00
9.4448459312e-01	-1.0461971331e+00
9.4441439627e-01	-1.0461638541e+00
9.4434308831e-01	-1.0461299444e+00
9.4426966902e-01	-1.0460953445e+00
9.4419558488e-01	-1.0460602619e+00
9.4411867089e-01	-1.0460244921e+00
9.4403938509e-01	-1.0459881203e+00
9.4395982271e-01	-1.0459514121e+00
9.4387998243e-01	-1.0459143942e+00
9.4379986287e-01	-1.0458770910e+00
9.4371946265e-01	-1.0458395248e+00
9.4363878033e-01	-1.0458017166e+00
9.4355778209e-01	-1.0457636821e+00
9.4347642345e-01	-1.0457254350e+00
9.4339473828e-01	-1.0456869969e+00
9.4331274327e-01	-1.0456483867e+00
9.4323044168e-01	-1.0456096212e+00
9.4314782625e-01	-1.0455707150e+00
9.4306490893e-01	-1.0455316842e+00
9.4298167676e-01	-1.0454925408e+00
9.4289813787e-01	-1.0454532975e+00
9.4281428521e-01	-1.0454139631e+00
9.4273012066e-01	-1.0453745445e+00
9.4264563895e-01	-1.0453350436e+00
9.4256084157e-01	-1.0452954577e+00
9.4247572346e-01	-1.0452557767e+00
9.4239028276e-01	-1.0452159823e+00
9.4230451830e-01	-1.0451760462e+00
9.4221841905e-01	-1.0451359269e+00
9.4213199327e-01	-1.0450955717e+00
9.4204522070e-01	-1.0450549103e+00
9.4195810251e-01	-1.0450138594e+00
9.4187062971e-01	-1.0449723199e+00
9.4178278891e-01	-1.0449301787e+00
9.4169455383e-01	-1.0448873095e+00
9.4160590405e-01	-1.0448435789e+00
9.4151687603e-01	-1.0447988557e+00
9.4142750951e-01	-1.0447530100e+00
9.4133780220e-01	-1.0447059134e+00
9.4124775224e-01	-1.0446574493e+00
9.4115735833e-01	-1.0446075188e+00
9.4106661933e-01	-1.0445560453e+00
9.4097553436e-01	-1.0445029792e+00
9.4088410292e-01	-1.0444483009e+00
9.4079232453e-01	-1.0443920216e+00
9.4070019869e-01	-1.0443341830e+00
9.4060772457e-01	-1.0442748552e+00
9.4051490117e-01	-1.0442141317e+00
9.4042172706e-01	-1.0441521253e+00
9.4032820141e-01	-1.0440889614e+00
9.4023432311e-01	-1.0440247728e+00
9.4014009084e-01	-1.0439596949e+00
9.4004550343e-01	-1.0438932421e+00
9.3995055938e-01	-1.0438261072e+00
9.3985525725e-01	-1.0437584538e+00
9.3975959535e-01	-1.0436903903e+00
9.3966357190e-01	-1.0436220144e+00
9.3956718516e-01	-1.0435534122e+00
9.3947043330e-01	-1.0434846589e+00
9.3937331445e-01	-1.0434158197e+00
9.3927582661e-01	-1.0433469504e+00
9.3917796778e-01	-1.0432780989e+00
9.3907973594e-01	-1.0432093059e+00
9.3898112904e-01	-1.0431406062e+00
9.3888214497e-01	-1.0430720296e+00
9.3878278164e-01	-1.0430036018e+00
9.3868303690e-01	-1.0429353452e+00
9.3858290860e-01	-1.0428672795e+00
9.3848239456e-01	-1.0427994223e+00
9.3838149256e-01	-1.0427317881e+00
9.3828020014e-01	-1.0426643781e+00
9.3817851265e-01	-1.0425970605e+00
9.3807640173e-01	-1.0425282830e+00
9.3797360706e-01	-1.0424413861e+00
9.3796943718e-01	-1.0422028434e+00
9.3796416586e-01	-1.0420599902e+00
9.3795962662e-01	-1.0419929493e+00
9.3795521091e-01	-1.0419491576e+00
9.3795087951e-01	-1.0419223569e+00
9.3794658590e-01	-1.0419045587e+00
9.3794231184e-01	-1.0418911568e+00
9.3793806188e-01	-1.0418802065e+00
9.3793383368e-01	-1.0418706729e+00
9.3792962362e-01	-1.0418620077e+00
9.3792543252e-01	-1.0418539649e+00
9.3792129357e-01	-1.0418472170e+00
9.3791723876e-01	-1.0418423616e+00
9.3791332890e-01	-1.0418406191e+00
9.3790970552e-01	-1.0418449806e+00
9.3790661660e-01	-1.0418608316e+00
9.3790451732e-01	-1.0418980084e+00
9.3790454184e-01	-1.0419810874e+00
9.3790897290e-01	-1.0421631101e+00
9.3791918399e-01	-1.0424574412e+00
9.3793378471e-01	-1.0428338702e+00
9.3795631410e-01	-1.0433865970e+00
9.3798831233e-01	-1.0442597622e+00
9.3780797992e-01	-1.0456394009e+00
9.3774267605e-01	-1.0456216341e+00
9.3767545019e-01	-1.0456000951e+00
9.3760683759e-01	-1.0455751273e+00
9.3753703090e-01	-1.0455475933e+00
9.3746672439e-01	-1.0455182174e+00
9.3739495994e-01	-1.0454873096e+00
9.3732279489e-01	-1.0454552634e+00
9.3724768341e-01	-1.0454219791e+00
9.3717179704e-01	-1.0453878404e+00
9.3709500488e-01	-1.0453529368e+00
9.3701709742e-01	-1.0453173267e+00
9.3693746462e-01	-1.0452810077e+00
9.3685577190e-01	-1.0452439969e+00
9.3677315531e-01	-1.0452064697e+00
9.3668693420e-01	-1.0451681622e+00
9.3659951961e-01	-1.0451293825e+00
9.3651179948e-01	-1.0450902622e+00
9.3642377236e-01	-1.0450508289e+00
9.3633543668e-01	-1.0450111074e+00
9.3624679094e-01	-1.0449711205e+00
9.3615782108e-01	-1.0449308880e+00
9.3606845213e-01	-1.0448904215e+00
9.3597870595e-01	-1.0448497423e+00
9.3588861184e-01	-1.0448088718e+00
9.3579817260e-01	-1.0447678277e+00
9.3570739258e-01	-1.0447266269e+00
9.3561627850e-01	-1.0446852862e+00
9.3552481247e-01	-1.0446438184e+00
9.3543301070e-01	-1.0446022392e+00
9.3534086072e-01	-1.0445605593e+00
9.3524836672e-01	-1.0445187892e+00
9.3515552339e-01	-1.0444769356e+00
9.3506232935e-01	-1.0444350014e+00
9.3496878488e-01	-1.0443929845e+00
9.3487487936e-01	-1.0443508751e+00
9.3478062309e-01	-1.0443086571e+00
9.3468598914e-01	-1.0442663003e+00
9.3459099387e-01	-1.0442237672e+00
9.3449562539e-01	-1.0441810037e+00
9.3439986704e-01	-1.0441379403e+00
9.3430371178e-01	-1.0440944930e+00
9.3420713775e-01	-1.0440505610e+00
9.3411012407e-01	-1.0440060291e+00
9.3401265198e-01	-1.0439607707e+00
9.3391479850e-01	-1.0439146611e+00
9.3381657395e-01	-1.0438675639e+00
9.3371797569e-01	-1.0438193417e+00
9.3361900112e-01	-1.0437698633e+00
9.3351964838e-01	-1.0437190100e+00
9.3341991574e-01	-1.0436666812e+00
9.3331980211e-01	-1.0436127997e+00
9.3321930663e-01	-1.0435573164e+00
9.3311842844e-01	-1.0435002131e+00
9.3301716681e-01	-1.0434415038e+00
9.3291552136e-01	-1.0433812337e+00
9.3281349015e-01	-1.0433194765e+00
9.3271107223e-01	-1.0432563302e+00
9.3260826692e-01	-1.0431919112e+00
9.3250507292e-01	-1.0431263488e+00
9.3240148920e-01	-1.0430595613e+00
9.3229751444e-01	-1.0429914545e+00
9.3219314716e-01	-1.0429226033e+00
9.3208838576e-01	-1.0428531362e+00
9.3198322851e-01	-1.0427831722e+00
9.3187767354e-01	-1.0427128190e+00
9.3177171903e-01	-1.0426421728e+00
9.3166536294e-01	-1.0425713181e+00
9.3155860320e-01	-1.0425003281e+00
9.3145143765e-01	-1.0424292658e+00
9.3134386418e-01	-1.0423581849e+00
9.3123588053e-01	-1.0422871308e+00
9.3112748443e-01	-1.0422161423e+00
9.3101867361e-01	-1.0421452521e+00
9.3090944576e-01	-1.0420744881e+00
9.3079979849e-01	-1.0420038742e+00
9.3068972944e-01	-1.0419334312e+00
9.3057923617e-01	-1.0418631773e+00
9.3046831633e-01	-1.0417931287e+00
9.3035696741e-01	-1.0417232995e+00
9.3024518675e-01	-1.0416536948e+00
9.3013297030e-01	-1.0415842375e+00
9.3002029764e-01	-1.0415139719e+00
9.2990698410e-01	-1.0414325539e+00
9.2987956407e-01	-1.0412493416e+00
9.2987261891e-01	-1.0410276595e+00
9.2986758015e-01	-1.0409622797e+00
9.2986267431e-01	-1.0409197490e+00
9.2985785847e-01	-1.0408935673e+00
9.2985308128e-01	-1.0408758780e+00
9.2984832550e-01	-1.0408623479e+00
9.2984359741e-01	-1.0408511693e+00
9.2983889560e-01	-1.0408413804e+00
9.2983421625e-01	-1.0408324284e+00
9.2982956573e-01	-1.0408241430e+00
9.2982498637e-01	-1.0408172085e+00
9.2982052418e-01	-1.0408122759e+00
9.2981626979e-01	-1.0408106788e+00
9.2981242884e-01	-1.0408156799e+00
9.2980935787e-01	-1.0408330983e+00
9.2980772254e-01	-1.0408736539e+00
9.2980924619e-01	-1.0409650261e+00
9.2981694556e-01	-1.0411562481e+00
9.2983280496e-01	-1.0414705334e+00
9.2986098731e-01	-1.0419831081e+00
9.2990868037e-01	-1.0428206502e+00
9.2995350231e-01	-1.0441843058e+00
9.2976159076e-01	-1.0447211429e+00
9.2969211152e-01	-1.0447011961e+00
9.2961992239e-01	-1.0446771013e+00
9.2954686161e-01	-1.0446496481e+00
9.2947238837e-01	-1.0446196792e+00
9.2939725963e-01	-1.0445879156e+00
9.2932085344e-01	-1.0445546866e+00
9.2924315867e-01	-1.0445202518e+00
9.2916288961e-01	-1.0444846447e+00
9.2908231977e-01	-1.0444482577e+00
9.2899998315e-01	-1.0444110240e+00
9.2891657613e-01	-1.0443731031e+00
9.2883077640e-01	-1.0443344085e+00
9.2874407381e-01	-1.0442951646e+00
9.2865397070e-01	-1.0442551310e+00
9.2856173525e-01	-1.0442144923e+00
9.2846917731e-01	-1.0441734900e+00
9.2837629534e-01	-1.0441321545e+00
9.2828308774e-01	-1.0440905128e+00
9.2818955285e-01	-1.0440485897e+00
9.2809567973e-01	-1.0440064066e+00
9.2800137565e-01	-1.0439639742e+00
9.2790666210e-01	-1.0439213149e+00
9.2781157606e-01	-1.0438784519e+00
9.2771612440e-01	-1.0438354039e+00
9.2762030738e-01	-1.0437921882e+00
9.2752413409e-01	-1.0437488225e+00
9.2742759205e-01	-1.0437053212e+00
9.2733068618e-01	-1.0436616996e+00
9.2723341886e-01	-1.0436179717e+00
9.2713577513e-01	-1.0435741476e+00
9.2703777243e-01	-1.0435302390e+00
9.2693938302e-01	-1.0434862491e+00
9.2684063280e-01	-1.0434421831e+00
9.2674148828e-01	-1.0433980337e+00
9.2664196786e-01	-1.0433537923e+00
9.2654206143e-01	-1.0433094385e+00
9.2644174982e-01	-1.0432649399e+00
9.2634103832e-01	-1.0432202542e+00
9.2623991146e-01	-1.0431753226e+00
9.2613835302e-01	-1.0431300709e+00
9.2603632321e-01	-1.0430844064e+00
9.2593379774e-01	-1.0430382222e+00
9.2583085172e-01	-1.0429914092e+00
9.2572751855e-01	-1.0429438416e+00
9.2562379464e-01	-1.0428953816e+00
9.2551967662e-01	-1.0428458882e+00
9.2541516176e-01	-1.0427952229e+00
9.2531024749e-01	-1.0427432556e+00
9.2520493168e-01	-1.0426898707e+00
9.2509921323e-01	-1.0426349738e+00
9.2499309071e-01	-1.0425784963e+00
9.2488656330e-01	-1.0425204000e+00
9.2477962995e-01	-1.0424606794e+00
9.2467228912e-01	-1.0423993618e+00
9.2456453986e-01	-1.0423365059e+00
9.2445638150e-01	-1.0422721979e+00
9.2434781312e-01	-1.0422065467e+00
9.2423883368e-01	-1.0421396409e+00
9.2412944221e-01	-1.0420710254e+00
9.2401963732e-01	-1.0420014565e+00
9.2390941775e-01	-1.0419310746e+00
9.2379878182e-01	-1.0418600141e+00
9.2368772779e-01	-1.0417884007e+00
9.2357625382e-01	-1.0417163493e+00
9.2346435791e-01	-1.0416439629e+00
9.2335203802e-01	-1.0415713322e+00
9.2323929199e-01	-1.0414985361e+00
9.2312611759e-01	-1.0414256423e+00
9.2301251255e-01	-1.0413527083e+00
9.2289847452e-01	-1.0412797831e+00
9.2278400114e-01	-1.0412069075e+00
9.2266908997e-01	-1.0411341162e+00
9.2255373855e-01	-1.0410614382e+00
9.2243794440e-01	-1.0409888983e+00
9.2232170500e-01	-1.0409165178e+00
9.2220501780e-01	-1.0408443150e+00
9.2208788024e-01	-1.0407723062e+00
9.2197028972e-01	-1.0407005058e+00
9.2185224359e-01	-1.0406289260e+00
9.2173373898e-01	-1.0405575673e+00
9.2161477063e-01	-1.0404863128e+00
9.2149530794e-01	-1.0404137924e+00
9.2137507081e-01	-1.0403252745e+00
9.2136225895e-01	-1.0401012743e+00
9.2135558939e-01	-1.0399350723e+00
9.2135019409e-01	-1.0398712128e+00
9.2134494115e-01	-1.0398298141e+00
9.2133978391e-01	-1.0398041670e+00
9.2133466586e-01	-1.0397865412e+00
9.2132957127e-01	-1.0397728666e+00
9.2132450806e-01	-1.0397614573e+00
9.2131947569e-01	-1.0397514158e+00
9.2131446962e-01	-1.0397421808e+00
9.2130950227e-01	-1.0397336606e+00
9.2130462510e-01	-1.0397265514e+00
9.2129989824e-01	-1.0397215612e+00
9.2129544319e-01	-1.0397201480e+00
9.2129152977e-01	-1.0397258637e+00
9.2128862675e-01	-1.0397449998e+00
9.2128761549e-01	-1.0397892396e+00
9.2129085360e-01	-1.0398897323e+00
9.2130229296e-01	-1.0400994620e+00
9.2132439711e-01	-1.0404438777e+00
9.2136297511e-01	-1.0410058753e+00
9.2142706555e-01	-1.0419246665e+00
9.2145198471e-01	-1.0434213402e+00
9.2129098653e-01	-1.0437458445e+00
9.2122000346e-01	-1.0437244911e+00
9.2114610213e-01	-1.0436987667e+00
9.2107127909e-01	-1.0436696194e+00
9.2099523932e-01	-1.0436379710e+00
9.2091814301e-01	-1.0436044848e+00
9.2084009213e-01	-1.0435695736e+00
9.2075958977e-01	-1.0435333245e+00
9.2067754154e-01	-1.0434960223e+00
9.2059458455e-01	-1.0434578724e+00
9.2051036343e-01	-1.0434189347e+00
9.2042395991e-01	-1.0433791827e+00
9.2033568358e-01	-1.0433387171e+00
9.2024555388e-01	-1.0432975942e+00
9.2015190558e-01	-1.0432556670e+00
9.2005750527e-01	-1.0432132951e+00
9.1996277464e-01	-1.0431705618e+00
9.1986771207e-01	-1.0431274976e+00
9.1977231592e-01	-1.0430841297e+00
9.1967658255e-01	-1.0430404827e+00
9.1958041705e-01	-1.0429965687e+00
9.1948380440e-01	-1.0429524072e+00
9.1938680177e-01	-1.0429080252e+00
9.1928941843e-01	-1.0428634426e+00
9.1919166080e-01	-1.0428186785e+00
9.1909353566e-01	-1.0427737511e+00
9.1899503044e-01	-1.0427286758e+00
9.1889614963e-01	-1.0426834690e+00
9.1879690027e-01	-1.0426381464e+00
9.1869725809e-01	-1.0425927189e+00
9.1859725096e-01	-1.0425472016e+00
9.1849684262e-01	-1.0425015995e+00
9.1839605893e-01	-1.0424559216e+00
9.1829488041e-01	-1.0424101672e+00
9.1819330059e-01	-1.0423643308e+00
9.1809132540e-01	-1.0423184010e+00
9.1798894069e-01	-1.0422723547e+00
9.1788612934e-01	-1.0422261571e+00
9.1778287457e-01	-1.0421797601e+00
9.1767915897e-01	-1.0421331007e+00
9.1757493870e-01	-1.0420860972e+00
9.1747022000e-01	-1.0420386568e+00
9.1736511093e-01	-1.0419906834e+00
9.1725960823e-01	-1.0419420533e+00
9.1715370818e-01	-1.0418926318e+00
9.1704740700e-01	-1.0418422769e+00
9.1694070132e-01	-1.0417908446e+00
9.1683358816e-01	-1.0417381946e+00
9.1672606523e-01	-1.0416841974e+00
9.1661813066e-01	-1.0416287402e+00
9.1650978292e-01	-1.0415717334e+00
9.1640102037e-01	-1.0415131158e+00
9.1629184225e-01	-1.0414528586e+00
9.1618224651e-01	-1.0413909668e+00
9.1607223291e-01	-1.0413274794e+00
9.1596180073e-01	-1.0412624661e+00
9.1585094907e-01	-1.0411960241e+00
9.1573967731e-01	-1.0411279028e+00
9.1562798455e-01	-1.0410583005e+00
9.1551586969e-01	-1.0409876489e+00
9.1540333140e-01	-1.0409160923e+00
9.1529036817e-01	-1.0408437718e+00
9.1517697849e-01	-1.0407708213e+00
9.1506316051e-01	-1.0406973644e+00
9.1494891232e-01	-1.0406235132e+00
9.1483423183e-01	-1.0405493669e+00
9.1471911703e-01	-1.0404750125e+00
9.1460356563e-01	-1.0404005245e+00
9.1448757532e-01	-1.0403259668e+00
9.1437114378e-01	-1.0402513933e+00
9.1425426859e-01	-1.0401768490e+00
9.1413694728e-01	-1.0401023719e+00
9.1401917734e-01	-1.0400279937e+00
9.1390095626e-01	-1.0399537411e+00
9.1378228144e-01	-1.0398796366e+00
9.1366315031e-01	-1.0398056997e+00
9.1354356023e-01	-1.0397319472e+00
9.1342350855e-01	-1.0396583941e+00
9.1330299259e-01	-1.0395850536e+00
9.1318200963e-01	-1.0395119370e+00
9.1306055662e-01	-1.0394390424e+00
9.1293862776e-01	-1.0393662388e+00
9.1281618670e-01	-1.0392920058e+00
9.1269290113e-01	-1.0392000326e+00
9.1268352655e-01	-1.0389628453e+00
9.1267673998e-01	-1.0388119416e+00
9.1267112636e-01	-1.0387491003e+00
9.1266566493e-01	-1.0387084746e+00
9.1266030515e-01	-1.0386831600e+00
9.1265498396e-01	-1.0386655001e+00
9.1264968759e-01	-1.0386516409e+00
9.1264442593e-01	-1.0386399857e+00
9.1263919897e-01	-1.0386296854e+00
9.1263399984e-01	-1.0386201626e+00
9.1262884629e-01	-1.0386114054e+00
9.1262379718e-01	-1.0386041195e+00
9.1261892303e-01	-1.0385990682e+00
9.1261436851e-01	-1.0385978368e+00
9.1261045174e-01	-1.0386042657e+00
9.1260772910e-01	-1.0386251292e+00
9.1260725108e-01	-1.0386731036e+00
9.1261191439e-01	-1.0387830378e+00
9.1262638901e-01	-1.0390119367e+00
9.1265352759e-01	-1.0393875533e+00
9.1270026517e-01	-1.0400005417e+00
9.1277684045e-01	-1.0410031581e+00
9.1275238370e-01	-1.0426350245e+00
9.1264161643e-01	-1.0427391191e+00
9.1256886834e-01	-1.0427160523e+00
9.1249319907e-01	-1.0426884079e+00
9.1241645798e-01	-1.0426572788e+00
9.1233870333e-01	-1.0426236796e+00
9.1225948102e-01	-1.0425882096e+00
9.1217960309e-01	-1.0425513628e+00
9.1209614622e-01	-1.0425130552e+00
9.1201216672e-01	-1.0424738224e+00
9.1192662060e-01	-1.0424336730e+00
9.1183978706e-01	-1.0423927396e+00
9.1175030473e-01	-1.0423509423e+00
9.1165966912e-01	-1.0423085208e+00
9.1156515380e-01	-1.0422652097e+00
9.1146876519e-01	-1.0422212894e+00
9.1137203944e-01	-1.0421769790e+00
9.1127497497e-01	-1.0421323126e+00
9.1117757010e-01	-1.0420873207e+00
9.1107982312e-01	-1.0420420305e+00
9.1098166452e-01	-1.0419964589e+00
9.1088300950e-01	-1.0419506189e+00
9.1078394242e-01	-1.0419045419e+00
9.1068448049e-01	-1.0418582500e+00
9.1058463142e-01	-1.0418117633e+00
9.1048440252e-01	-1.0417651009e+00
9.1038377882e-01	-1.0417182786e+00
9.1028276896e-01	-1.0416713143e+00
9.1018138088e-01	-1.0416242246e+00
9.1007958394e-01	-1.0415770212e+00
9.0997741010e-01	-1.0415297212e+00
9.0987482822e-01	-1.0414823328e+00
9.0977185083e-01	-1.0414348665e+00
9.0966847728e-01	-1.0413873280e+00
9.0956467524e-01	-1.0413397141e+00
9.0946046296e-01	-1.0412920219e+00
9.0935582455e-01	-1.0412442362e+00
9.0925074140e-01	-1.0411963320e+00
9.0914519475e-01	-1.0411482725e+00
9.0903913892e-01	-1.0411000039e+00
9.0893253369e-01	-1.0410514580e+00
9.0882548745e-01	-1.0410025677e+00
9.0871804546e-01	-1.0409532418e+00
9.0861020358e-01	-1.0409033671e+00
9.0850195769e-01	-1.0408528164e+00
9.0839330387e-01	-1.0408014512e+00
9.0828423811e-01	-1.0407491266e+00
9.0817475718e-01	-1.0406956962e+00
9.0806485811e-01	-1.0406410189e+00
9.0795453835e-01	-1.0405849656e+00
9.0784379552e-01	-1.0405274261e+00
9.0773262856e-01	-1.0404683153e+00
9.0762103455e-01	-1.0404075784e+00
9.0750901275e-01	-1.0403451944e+00
9.0739656245e-01	-1.0402811775e+00
9.0728368315e-01	-1.0402155761e+00
9.0717037420e-01	-1.0401483744e+00
9.0705663501e-01	-1.0400792074e+00
9.0694246493e-01	-1.0400087519e+00
9.0682786311e-01	-1.0399371476e+00
9.0671282834e-01	-1.0398645404e+00
9.0659735932e-01	-1.0397910766e+00
9.0648145454e-01	-1.0397168972e+00
9.0636511225e-01	-1.0396421348e+00
9.0624833077e-01	-1.0395669107e+00
9.0613110804e-01	-1.0394913335e+00
9.0601344196e-01	-1.0394154989e+00
9.0589533034e-01	-1.0393394897e+00
9.0577677086e-01	-1.0392633764e+00
9.0565776115e-01	-1.0391872188e+00
9.0553829878e-01	-1.0391110670e+00
9.0541838125e-01	-1.0390349627e+00
9.0529800601e-01	-1.0389589406e+00
9.0517717048e-01	-1.0388830295e+00
9.0505587202e-01	-1.0388072537e+00
9.0493410799e-01	-1.0387316336e+00
9.0481187569e-01	-1.0386561865e+00
9.0468917242e-01	-1.0385809279e+00
9.0456599543e-01	-1.0385058712e+00
9.0444234196e-01	-1.0384310286e+00
9.0431820919e-01	-1.0383564101e+00
9.0419359395e-01	-1.0382820115e+00
9.0406848964e-01	-1.0382076854e+00
9.0394285340e-01	-1.0381317428e+00
9.0381701241e-01	-1.0380361830e+00
9.0381067488e-01	-1.0377859359e+00
9.0380381056e-01	-1.0376516273e+00
9.0379796859e-01	-1.0375900651e+00
9.0379228751e-01	-1.0375503570e+00
9.0378671318e-01	-1.0375254346e+00
9.0378117615e-01	-1.0375077613e+00
9.0377566568e-01	-1.0374937258e+00
9.0377019354e-01	-1.0374818303e+00
9.0376476053e-01	-1.0374712784e+00
9.0375935730e-01	-1.0374614800e+00
9.0375400901e-01	-1.0374525169e+00
9.0374878319e-01	-1.0374451177e+00
9.0374376389e-01	-1.0374401298e+00
9.0373912672e-01	-1.0374393377e+00
9.0373525258e-01	-1.0374469948e+00
9.0373281220e-01	-1.0374705895e+00
9.0373312634e-01	-1.0375247678e+00
9.0373966700e-01	-1.0376480176e+00
9.0375818954e-01	-1.0379049116e+00
9.0379200329e-01	-1.0383260522e+00
9.0384965419e-01	-1.0390135777e+00
9.0394134656e-01	-1.0401382462e+00
9.0381929154e-01	-1.0417047206e+00
9.0374567287e-01	-1.0416811719e+00
9.0366864796e-01	-1.0416527903e+00
9.0359045683e-01	-1.0416205331e+00
9.0351105244e-01	-1.0415855394e+00
9.0343020592e-01	-1.0415485411e+00
9.0334857449e-01	-1.0415100707e+00
9.0326325012e-01	-1.0414700711e+00
9.0317741170e-01	-1.0414291126e+00
9.0308981314e-01	-1.0413871885e+00
9.0300075321e-01	-1.0413444406e+00
9.0290897531e-01	-1.0413008044e+00
9.0281579579e-01	-1.0412565034e+00
9.0271833920e-01	-1.0412112537e+00
9.0261970774e-01	-1.0411654698e+00
9.0252073116e-01	-1.0411192908e+00
9.0242140784e-01	-1.0410727520e+00
9.0232173599e-01	-1.0410258847e+00
9.0222170573e-01	-1.0409787161e+00
9.0212117163e-01	-1.0409312546e+00
9.0202015331e-01	-1.0408835260e+00
9.0191872016e-01	-1.0408355603e+00
9.0181688818e-01	-1.0407873799e+00
9.0171465346e-01	-1.0407390039e+00
9.0161201305e-01	-1.0406904504e+00
9.0150898367e-01	-1.0406417393e+00
9.0140554755e-01	-1.0405928854e+00
9.0130170665e-01	-1.0405439053e+00
9.0119747448e-01	-1.0404948157e+00
9.0109281245e-01	-1.0404456262e+00
9.0098775279e-01	-1.0403963527e+00
9.0088227611e-01	-1.0403470027e+00
9.0077636398e-01	-1.0402975805e+00
9.0067002678e-01	-1.0402480890e+00
9.0056324721e-01	-1.0401985223e+00
9.0045600516e-01	-1.0401488661e+00
9.0034828036e-01	-1.0400990970e+00
9.0024001271e-01	-1.0400491749e+00
9.0013116340e-01	-1.0399990489e+00
9.0002188281e-01	-1.0399486756e+00
8.9991220149e-01	-1.0402949863e+00
9.0188595557e-01	-1.0404400285e+00
9.0179363433e-01	-1.0403575160e+00
9.0169908996e-01	-1.0402616900e+00
9.0160187292e-01	-1.0401630683e+00
9.0150153116e-01	-1.0400677581e+00
9.0139756119e-01	-1.0399773009e+00
9.0128936385e-01	-1.0398907227e+00
9.0117619809e-01	-1.0398065008e+00
9.0105712163e-01	-1.0397235830e+00
9.0093090814e-01	-1.0396403663e+00
9.0079592082e-01	-1.0395552150e+00
9.0064991022e-01	-1.0394663509e+00
9.0048967286e-01	-1.0393716548e+00
9.0031043562e-01	-1.0392683261e+00
9.0012003381e-01	-1.0391608443e+00
8.9995196365e-01	-1.0390675211e+00
8.9979873850e-01	-1.0389834967e+00
8.9965610215e-01	-1.0389060642e+00
8.9952137601e-01	-1.0388335455e+00
8.9939275355e-01	-1.0387648230e+00
8.9926895346e-01	-1.0386991124e+00
8.9914903126e-01	-1.0386358419e+00
8.9903226936e-01	-1.0385745815e+00
8.9891810884e-01	-1.0385150000e+00
8.9880610541e-01	-1.0384568371e+00
8.9869589967e-01	-1.0383998847e+00
8.9858719654e-01	-1.0383439735e+00
8.9847975057e-01	-1.0382889639e+00
8.9837335517e-01	-1.0382347381e+00
8.9826783463e-01	-1.0381811951e+00
8.9816303823e-01	-1.0381282456e+00
8.9805883535e-01	-1.0380758077e+00
8.9795511193e-01	-1.0380238034e+00
8.9785176774e-01	-1.0379721552e+00
8.9774871420e-01	-1.0379207827e+00
8.9764587240e-01	-1.0378695994e+00
8.9754317158e-01	-1.0378185103e+00
8.9744054874e-01	-1.0377674092e+00
8.9733794724e-01	-1.0377161778e+00
8.9723531652e-01	-1.0376646844e+00
8.9713261148e-01	-1.0376127851e+00
8.9702979188e-01	-1.0375603252e+00
8.9692682250e-01	-1.0375071432e+00
8.9682367258e-01	-1.0374530736e+00
8.9672031540e-01	-1.0373979543e+00
8.9661672838e-01	-1.0373416324e+00
8.9651289185e-01	-1.0372839705e+00
8.9640878952e-01	-1.0372248542e+00
8.9630440758e-01	-1.0371641973e+00
8.9619973408e-01	-1.0371019468e+00
8.9609475887e-01	-1.0370380853e+00
8.9598947292e-01	-1.0369726320e+00
8.9588386822e-01	-1.0369056401e+00
8.9577793755e-01	-1.0368371933e+00
8.9567167414e-01	-1.0367674000e+00
8.9556507145e-01	-1.0366963861e+00
8.9545812290e-01	-1.0366242886e+00
8.9535082259e-01	-1.0365512491e+00
8.9524316420e-01	-1.0364774073e+00
8.9513514201e-01	-1.0364028971e+00
8.9502675019e-01	-1.0363278428e+00
8.9491798343e-01	-1.0362523575e+00
8.9480883666e-01	-1.0361765417e+00
8.9469930503e-01	-1.0361004830e+00
8.9458938385e-01	-1.0360242569e+00
8.9447906892e-01	-1.0359479276e+00
8.9436835603e-01	-1.0358715488e+00
8.9425723969e-01	-1.0357951654e+00
8.9414571312e-01	-1.0357188143e+00
8.9403377258e-01	-1.0356425260e+00
8.9392141324e-01	-1.0355662609e+00
8.9380863210e-01	-1.0354894486e+00
8.9369542544e-01	-1.0354127674e+00
8.9358178964e-01	-1.0353362334e+00
8.9346772116e-01	-1.0352598611e+00
8.9335321654e-01	-1.0351836630e+00
8.9323827240e-01	-1.0351076505e+00
8.9312288551e-01	-1.0350318283e+00
8.9300705128e-01	-1.0349561387e+00
8.9289074872e-01	-1.0348798545e+00
8.9277378774e-01	-1.0347950623e+00
8.9272687172e-01	-1.0346305097e+00
8.9271720485e-01	-1.0343534669e+00
8.9271155560e-01	-1.0342892107e+00
8.9270607837e-01	-1.0342475994e+00
8.9270070872e-01	-1.0342214247e+00
8.9269535163e-01	-1.0342028184e+00
8.9268997519e-01	-1.0341880333e+00
8.9268455559e-01	-1.0341754454e+00
8.9267902351e-01	-1.0341641852e+00
8.9267320240e-01	-1.0341535307e+00
8.9266679753e-01	-1.0341434994e+00
8.9265927749e-01	-1.0341346734e+00
8.9264933120e-01	-1.0341278480e+00
8.9263232121e-01	-1.0341258731e+00
8.9258704172e-01	-1.0341494469e+00
8.9249231746e-01	-1.0342756439e+00
8.9240997027e-01	-1.0345197216e+00
8.9233956065e-01	-1.0348818653e+00
8.9227868808e-01	-1.0353397469e+00
8.9223188313e-01	-1.0359463858e+00
8.9228444563e-01	-1.0368541458e+00
8.9236089453e-01	-1.0376924760e+00
8.9238576043e-01	-1.0379942709e+00
8.9241204021e-01	-1.0383121832e+00
8.9243987163e-01	-1.0386480384e+00
8.9246972186e-01	-1.0390179384e+00
8.9249742759e-01	-1.0394218305e+00
8.9252368574e-01	-1.0398552816e+00
8.9252182387e-01	-1.0403194878e+00
8.9233922933e-01	-1.0407930130e+00
8.9226760359e-01	-1.0407660474e+00
8.9219332617e-01	-1.0407339314e+00
8.9211624075e-01	-1.0406978307e+00
8.9203807551e-01	-1.0406591500e+00
8.9195842677e-01	-1.0406185608e+00
8.9187752151e-01	-1.0405765122e+00
8.9179358188e-01	-1.0405330577e+00
8.9170787643e-01	-1.0404885321e+00
8.9162125493e-01	-1.0404431710e+00
8.9153169989e-01	-1.0403968342e+00
8.9144045387e-01	-1.0403497518e+00
8.9134534972e-01	-1.0403017293e+00
8.9124756780e-01	-1.0402529631e+00
8.9114944498e-01	-1.0402037800e+00
8.9105097981e-01	-1.0401542198e+00
8.9095217054e-01	-1.0401043173e+00
8.9085295493e-01	-1.0400540960e+00
8.9075315990e-01	-1.0400035631e+00
8.9065291347e-01	-1.0399527591e+00
8.9055224762e-01	-1.0399017112e+00
8.9045117213e-01	-1.0398504422e+00
8.9034969561e-01	-1.0397989738e+00
8.9024782511e-01	-1.0397473261e+00
8.9014553610e-01	-1.0396955147e+00
8.9004284296e-01	-1.0396435591e+00
8.8993975519e-01	-1.0395914775e+00
8.8983623309e-01	-1.0395392814e+00
8.8973230165e-01	-1.0394869888e+00
8.8962795497e-01	-1.0394346127e+00
8.8952317071e-01	-1.0393821623e+00
8.8941793762e-01	-1.0393296451e+00
8.8931224791e-01	-1.0392770655e+00
8.8920606048e-01	-1.0392244188e+00
8.8909933424e-01	-1.0391716936e+00
8.8899198657e-01	-1.0391188654e+00
8.8888415877e-01	-1.0390659263e+00
8.8877594444e-01	-1.0390128502e+00
8.8866734012e-01	-1.0389595848e+00
8.8855834254e-01	-1.0389060616e+00
8.8844894757e-01	-1.0388521944e+00
8.8833915132e-01	-1.0387978794e+00
8.8822894965e-01	-1.0387429955e+00
8.8811833813e-01	-1.0386874069e+00
8.8800731242e-01	-1.0386309665e+00
8.8789586813e-01	-1.0385735215e+00
8.8778400022e-01	-1.0385149190e+00
8.8767170468e-01	-1.0384550143e+00
8.8755897891e-01	-1.0383936779e+00
8.8744582097e-01	-1.0383308036e+00
8.8733222897e-01	-1.0382663156e+00
8.8721820215e-01	-1.0381997170e+00
8.8710373980e-01	-1.0381312668e+00
8.8698884146e-01	-1.0380611734e+00
8.8687350677e-01	-1.0379895074e+00
8.8675773523e-01	-1.0379163698e+00
8.8664152643e-01	-1.0378418867e+00
8.8652487974e-01	-1.0377662006e+00
8.8640779453e-01	-1.0376894634e+00
8.8629026955e-01	-1.0376118284e+00
8.8617230351e-01	-1.0375334455e+00
8.8605389487e-01	-1.0374544555e+00
8.8593504191e-01	-1.0373749876e+00
8.8581574289e-01	-1.0372951577e+00
8.8569599570e-01	-1.0372150668e+00
8.8557579815e-01	-1.0371348020e+00
8.8545514790e-01	-1.0370544370e+00
8.8533404261e-01	-1.0369740332e+00
8.8521247986e-01	-1.0368936416e+00
8.8509045709e-01	-1.0368133037e+00
8.8496797179e-01	-1.0367330536e+00
8.8484502124e-01	-1.0366529187e+00
8.8472160276e-01	-1.0365729217e+00
8.8459771363e-01	-1.0364930812e+00
8.8447335110e-01	-1.0364134128e+00
8.8434851238e-01	-1.0363339297e+00
8.8422319459e-01	-1.0362546436e+00
8.8409739507e-01	-1.0361755650e+00
8.8397111087e-01	-1.0360967034e+00
8.8384433907e-01	-1.0360180666e+00
8.8371707638e-01	-1.0359396501e+00
8.8358931616e-01	-1.0358613187e+00
8.8346101455e-01	-1.0357815338e+00
8.8333177329e-01	-1.0356837931e+00
8.8331716744e-01	-1.0354426611e+00
8.8330927566e-01	-1.0352869272e+00
8.8330309780e-01	-1.0352286243e+00
8.8329709175e-01	-1.0351910058e+00
8.8329119872e-01	-1.0351667794e+00
8.8328533537e-01	-1.0351488177e+00
8.8327950138e-01	-1.0351341168e+00
8.8327371400e-01	-1.0351214289e+00
8.8326797631e-01	-1.0351100680e+00
8.8326227110e-01	-1.0350994069e+00
8.8325664376e-01	-1.0350897228e+00
8.8325118281e-01	-1.0350818022e+00
8.8324600545e-01	-1.0350766681e+00
8.8324136346e-01	-1.0350765276e+00
8.8323779334e-01	-1.0350865032e+00
8.8323625120e-01	-1.0351156371e+00
8.8323876421e-01	-1.0351830490e+00
8.8325021022e-01	-1.0353349342e+00
8.8327488098e-01	-1.0356081987e+00
8.8331129595e-01	-1.0357736579e+00
8.8338812908e-01	-1.0358109998e+00
8.8346467389e-01	-1.0358481896e+00
8.8354092903e-01	-1.0358852034e+00
8.8361691891e-01	-1.0359222834e+00
8.8369267918e-01	-1.0359597853e+00
8.8376826222e-01	-1.0359982358e+00
8.8384375159e-01	-1.0360384798e+00
8.8394457824e-01	-1.0360851421e+00
8.8408002622e-01	-1.0361437698e+00
8.8419432195e-01	-1.0361918472e+00
8.8427285178e-01	-1.0362239597e+00
8.8433191406e-01	-1.0362476076e+00
8.8437927972e-01	-1.0362663548e+00
8.8441875551e-01	-1.0362819730e+00
8.8445235033e-01	-1.0362954321e+00
8.8446664407e-01	-1.0363056889e+00
8.8445921891e-01	-1.0363125952e+00
8.8444817866e-01	-1.0363194950e+00
8.8443231566e-01	-1.0363264391e+00
8.8442838610e-01	-1.0363357998e+00
8.8442803184e-01	-1.0363473101e+00
8.8442929530e-01	-1.0363630950e+00
8.8443202294e-01	-1.0363772893e+00
8.8443468432e-01	-1.0363900376e+00
8.8443632965e-01	-1.0364022190e+00
8.8443625144e-01	-1.0364142484e+00
8.8443377025e-01	-1.0364261820e+00
8.8442831841e-01	-1.0364378806e+00
8.8441998927e-01	-1.0364495646e+00
8.8440752488e-01	-1.0364614389e+00
8.8438835488e-01	-1.0364737156e+00
8.8437170448e-01	-1.0364883847e+00
8.8437270719e-01	-1.0365092492e+00
8.8437555169e-01	-1.0365358785e+00
8.8437877962e-01	-1.0365583625e+00
8.8438130414e-01	-1.0365794074e+00
8.8438230587e-01	-1.0366001973e+00
8.8438328659e-01	-1.0366216018e+00
8.8441736059e-01	-1.0366472809e+00
8.8445693235e-01	-1.0366744166e+00
8.8449250287e-01	-1.0367026438e+00
8.8452438287e-01	-1.0367333174e+00
8.8456444437e-01	-1.0367701693e+00
8.8464414294e-01	-1.0368164362e+00
8.8473307205e-01	-1.0368658651e+00
8.8482693540e-01	-1.0369177126e+00
8.8491869266e-01	-1.0369684528e+00
8.8501611717e-01	-1.0370216373e+00
8.8511527209e-01	-1.0370758994e+00
8.8519540602e-01	-1.0371215689e+00
8.8525102923e-01	-1.0371545560e+00
8.8529409687e-01	-1.0371803087e+00
8.8533200864e-01	-1.0372019566e+00
8.8535507037e-01	-1.0372197358e+00
8.8534756826e-01	-1.0372319071e+00
8.8533823165e-01	-1.0372450280e+00
8.8532663370e-01	-1.0372597443e+00
8.8531183964e-01	-1.0372773868e+00
8.8529574542e-01	-1.0373022396e+00
8.8529908246e-01	-1.0373255788e+00
8.8530239366e-01	-1.0373470929e+00
8.8530536448e-01	-1.0373686274e+00
8.8530775270e-01	-1.0373905208e+00
8.8530951354e-01	-1.0374126986e+00
8.8531083207e-01	-1.0374363073e+00
8.8531197727e-01	-1.0374631547e+00
8.8531330225e-01	-1.0374962766e+00
8.8531513988e-01	-1.0375421419e+00
8.8531638405e-01	-1.0375985022e+00
8.8531475379e-01	-1.0376483897e+00
8.8531917796e-01	-1.0376949715e+00
8.8537789076e-01	-1.0377438119e+00
8.8541597520e-01	-1.0377791697e+00
8.8545837185e-01	-1.0378303995e+00
8.8548664931e-01	-1.0378840235e+00
8.8556488220e-01	-1.0379483186e+00
8.8564726983e-01	-1.0380080787e+00
8.8572070860e-01	-1.0380617670e+00
8.8578964859e-01	-1.0381126691e+00
8.8585691225e-01	-1.0381636774e+00
8.8592528107e-01	-1.0382172900e+00
8.8599057925e-01	-1.0382706689e+00
8.8604827943e-01	-1.0383199669e+00
8.8609121026e-01	-1.0383580736e+00
8.8612668450e-01	-1.0383905478e+00
8.8612931101e-01	-1.0384160005e+00
8.8611514764e-01	-1.0384373343e+00
8.8608893878e-01	-1.0384655574e+00
8.8605079663e-01	-1.0385023669e+00
8.8602306797e-01	-1.0385616329e+00
8.8602842321e-01	-1.0386378353e+00
8.8603357506e-01	-1.0387178427e+00
8.8603286536e-01	-1.0387830456e+00
8.8603199263e-01	-1.0388435434e+00
8.8602882683e-01	-1.0389077708e+00
8.8602367892e-01	-1.0389701474e+00
8.8601495324e-01	-1.0390465182e+00
8.8600519644e-01	-1.0391111881e+00
8.8599301638e-01	-1.0391718030e+00
8.8598059294e-01	-1.0392204124e+00
8.8596721026e-01	-1.0392629798e+00
8.8595280808e-01	-1.0393007368e+00
8.8593645781e-01	-1.0393344983e+00
8.8587764222e-01	-1.0394120568e+00
8.8580383654e-01	-1.0395092557e+00
8.8578824986e-01	-1.0395961618e+00
8.8576963264e-01	-1.0396716168e+00
8.8574947747e-01	-1.0397410540e+00
8.8572590414e-01	-1.0398081675e+00
8.8569626520e-01	-1.0398767681e+00
8.8565736120e-01	-1.0399453440e+00
8.8562084480e-01	-1.0399969951e+00
8.8554329063e-01	-1.0399719845e+00
8.8546405766e-01	-1.0399420796e+00
8.8538175981e-01	-1.0399068156e+00
8.8529669297e-01	-1.0398676082e+00
8.8521036175e-01	-1.0398258366e+00
8.8512292182e-01	-1.0397822144e+00
8.8503304865e-01	-1.0397369863e+00
8.8494074621e-01	-1.0396904094e+00
8.8484638007e-01	-1.0396427051e+00
8.8475110749e-01	-1.0395941434e+00
8.8465191394e-01	-1.0395444590e+00
8.8455087518e-01	-1.0394939823e+00
8.8444537598e-01	-1.0394424615e+00
8.8433898386e-01	-1.0393903821e+00
8.8423221677e-01	-1.0393378527e+00
8.8412507294e-01	-1.0392849127e+00
8.8401752429e-01	-1.0392315931e+00
8.8390934346e-01	-1.0391778973e+00
8.8380063080e-01	-1.0391238648e+00
8.8369145478e-01	-1.0390695292e+00
8.8358182570e-01	-1.0390149149e+00
8.8347175192e-01	-1.0389600445e+00
8.8336124006e-01	-1.0389049393e+00
8.8325027247e-01	-1.0388496164e+00
8.8313885013e-01	-1.0387940947e+00
8.8302698735e-01	-1.0387383938e+00
8.8291466403e-01	-1.0386825281e+00
8.8280186507e-01	-1.0386265123e+00
8.8268860231e-01	-1.0385703626e+00
8.8257485828e-01	-1.0385140908e+00
8.8246060991e-01	-1.0384577053e+00
8.8234583338e-01	-1.0384012120e+00
8.8223047478e-01	-1.0383446086e+00
8.8211444428e-01	-1.0382878834e+00
8.8199779148e-01	-1.0382310345e+00
8.8188071787e-01	-1.0381740697e+00
8.8176322061e-01	-1.0381169608e+00
8.8164529677e-01	-1.0380596664e+00
8.8152694276e-01	-1.0380021292e+00
8.8140815481e-01	-1.0379442744e+00
8.8128892901e-01	-1.0378860088e+00
8.8116926062e-01	-1.0378272201e+00
8.8104914466e-01	-1.0377677782e+00
8.8092857590e-01	-1.0377075380e+00
8.8080754778e-01	-1.0376463432e+00
8.8068605564e-01	-1.0375840330e+00
8.8056409560e-01	-1.0375204483e+00
8.8044166361e-01	-1.0374554411e+00
8.8031875713e-01	-1.0373887249e+00
8.8019537380e-01	-1.0373198751e+00
8.8007151223e-01	-1.0372492855e+00
8.7994717113e-01	-1.0371769272e+00
8.7982234973e-01	-1.0371028131e+00
8.7969704747e-01	-1.0370269965e+00
8.7957126384e-01	-1.0369495673e+00
8.7944499833e-01	-1.0368706457e+00
8.7931825027e-01	-1.0367903745e+00
8.7919101871e-01	-1.0367089099e+00
8.7906330280e-01	-1.0366264144e+00
8.7893510109e-01	-1.0365430484e+00
8.7880641194e-01	-1.0364589649e+00
8.7867723374e-01	-1.0363743054e+00
8.7854756441e-01	-1.0362891969e+00
8.7841740170e-01	-1.0362037508e+00
8.7828674333e-01	-1.0361180627e+00
8.7815558676e-01	-1.0360322134e+00
8.7802392940e-01	-1.0359462697e+00
8.7789176851e-01	-1.0358602861e+00
8.7775910130e-01	-1.0357743069e+00
8.7762592488e-01	-1.0356883673e+00
8.7749223626e-01	-1.0356024956e+00
8.7735803260e-01	-1.0355167141e+00
8.7722331080e-01	-1.0354310409e+00
8.7708806781e-01	-1.0353454906e+00
8.7695230052e-01	-1.0352600751e+00
8.7681600583e-01	-1.0351748049e+00
8.7667918057e-01	-1.0350896889e+00
8.7654182158e-01	-1.0350047355e+00
8.7640392565e-01	-1.0349199523e+00
8.7626548949e-01	-1.0348353450e+00
8.7612650938e-01	-1.0347509031e+00
8.7598697670e-01	-1.0346664419e+00
8.7584683171e-01	-1.0345799007e+00
8.7571029190e-01	-1.0344698741e+00
8.7570174303e-01	-1.0341977749e+00
8.7569400405e-01	-1.0340836192e+00
8.7568726626e-01	-1.0340269724e+00
8.7568069858e-01	-1.0339900356e+00
8.7567423945e-01	-1.0339658942e+00
8.7566779301e-01	-1.0339476892e+00
8.7566135327e-01	-1.0339326610e+00
8.7565491950e-01	-1.0339196136e+00
8.7564846197e-01	-1.0339078859e+00
8.7564188059e-01	-1.0338968110e+00
8.7563509229e-01	-1.0338867561e+00
8.7562794919e-01	-1.0338784919e+00
8.7562010523e-01	-1.0338730679e+00
8.7561052952e-01	-1.0338727568e+00
8.7559731321e-01	-1.0338828041e+00
8.7557817964e-01	-1.0339081976e+00
8.7556127566e-01	-1.0339334963e+00
8.7554574347e-01	-1.0339568152e+00
8.7553032078e-01	-1.0339792762e+00
8.7551480700e-01	-1.0340010214e+00
8.7549915444e-01	-1.0340222487e+00
8.7541060733e-01	-1.0341166034e+00
8.7540280847e-01	-1.0342227691e+00
8.7540929929e-01	-1.0343425273e+00
8.7540182195e-01	-1.0344734746e+00
8.7539850177e-01	-1.0346043079e+00
8.7539269832e-01	-1.0347206731e+00
8.7538503437e-01	-1.0348261047e+00
8.7537676682e-01	-1.0349196331e+00
8.7536772272e-01	-1.0350081402e+00
8.7535788368e-01	-1.0350942769e+00
8.7534739074e-01	-1.0351790904e+00
8.7533690234e-01	-1.0352602943e+00
8.7532640083e-01	-1.0353398198e+00
8.7531552675e-01	-1.0354212287e+00
8.7530434251e-01	-1.0355057069e+00
8.7526379685e-01	-1.0357836532e+00
8.7522331153e-01	-1.0361165884e+00
8.7522595200e-01	-1.0364318939e+00
8.7523787972e-01	-1.0367419159e+00
8.7524600093e-01	-1.0370624429e+00
8.7525090081e-01	-1.0374056254e+00
8.7525356296e-01	-1.0377694826e+00
8.7523700961e-01	-1.0381694154e+00
8.7512304599e-01	-1.0386217879e+00
8.7500806612e-01	-1.0386882789e+00
8.7492706586e-01	-1.0386566495e+00
8.7484262320e-01	-1.0386194223e+00
8.7475560724e-01	-1.0385781844e+00
8.7466705248e-01	-1.0385343164e+00
8.7457746624e-01	-1.0384885947e+00
8.7448477006e-01	-1.0384411756e+00
8.7438982576e-01	-1.0383924245e+00
8.7429321662e-01	-1.0383425916e+00
8.7419437628e-01	-1.0382917383e+00
8.7409279900e-01	-1.0382399029e+00
8.7398754046e-01	-1.0381870493e+00
8.7387894042e-01	-1.0381332841e+00
8.7376995754e-01	-1.0380790248e+00
8.7366059011e-01	-1.0380243172e+00
8.7355083634e-01	-1.0379692008e+00
8.7344053930e-01	-1.0379136913e+00
8.7332957803e-01	-1.0378578044e+00
8.7321811477e-01	-1.0378015878e+00
8.7310618143e-01	-1.0377450708e+00
8.7299378708e-01	-1.0376882777e+00
8.7288092987e-01	-1.0376312299e+00
8.7276759357e-01	-1.0375739461e+00
8.7265380058e-01	-1.0375164484e+00
8.7253954993e-01	-1.0374587553e+00
8.7242480481e-01	-1.0374008803e+00
8.7230958166e-01	-1.0373428425e+00
8.7219387487e-01	-1.0372846575e+00
8.7207766575e-01	-1.0372263380e+00
8.7196092885e-01	-1.0371678947e+00
8.7184363778e-01	-1.0371093356e+00
8.7172572731e-01	-1.0370506612e+00
8.7160708419e-01	-1.0369918620e+00
8.7148781463e-01	-1.0369329501e+00
8.7136811667e-01	-1.0368739419e+00
8.7124798776e-01	-1.0368148201e+00
8.7112742523e-01	-1.0367555563e+00
8.7100642558e-01	-1.0366961077e+00
8.7088498586e-01	-1.0366364164e+00
8.7076310184e-01	-1.0365764060e+00
8.7064076925e-01	-1.0365159816e+00
8.7051798255e-01	-1.0364550287e+00
8.7039473546e-01	-1.0363934147e+00
8.7027102172e-01	-1.0363309920e+00
8.7014683617e-01	-1.0362676018e+00
8.7002217424e-01	-1.0362030808e+00
8.6989703107e-01	-1.0361372689e+00
8.6977140327e-01	-1.0360695469e+00
8.6964528828e-01	-1.0360000878e+00
8.6951868352e-01	-1.0359289416e+00
8.6939158735e-01	-1.0358560431e+00
8.6926399864e-01	-1.0357813681e+00
8.6913591667e-01	-1.0357049345e+00
8.6900734092e-01	-1.0356268017e+00
8.6887827096e-01	-1.0355470653e+00
8.6874870633e-01	-1.0354658509e+00
8.6861864628e-01	-1.0353833058e+00
8.6848809026e-01	-1.0352995902e+00
8.6835703706e-01	-1.0352148685e+00
8.6822548537e-01	-1.0351293022e+00
8.6809343359e-01	-1.0350430446e+00
8.6796087989e-01	-1.0349562359e+00
8.6782782222e-01	-1.0348690017e+00
8.6769425828e-01	-1.0347814510e+00
8.6756018561e-01	-1.0346936770e+00
8.6742560170e-01	-1.0346057577e+00
8.6729050390e-01	-1.0345177573e+00
8.6715488937e-01	-1.0344297279e+00
8.6701875516e-01	-1.0343417110e+00
8.6688209832e-01	-1.0342537399e+00
8.6674491579e-01	-1.0341658407e+00
8.6660720451e-01	-1.0340780340e+00
8.6646896133e-01	-1.0339903363e+00
8.6633018310e-01	-1.0339027609e+00
8.6619086661e-01	-1.0338153186e+00
8.6605100863e-01	-1.0337280189e+00
8.6591060592e-01	-1.0336408701e+00
8.6576965517e-01	-1.0335538796e+00
8.6562815309e-01	-1.0334670546e+00
8.6548609623e-01	-1.0333804003e+00
8.6534348083e-01	-1.0332939066e+00
8.6520029802e-01	-1.0332073954e+00
8.6505648693e-01	-1.0331188817e+00
8.6491300394e-01	-1.0330073569e+00
8.6490370894e-01	-1.0327385832e+00
8.6489538479e-01	-1.0326155165e+00
8.6488837267e-01	-1.0325595273e+00
8.6488154383e-01	-1.0325230011e+00
8.6487483546e-01	-1.0324989129e+00
8.6486814797e-01	-1.0324804777e+00
8.6486149165e-01	-1.0324651423e+00
8.6485488191e-01	-1.0324517623e+00
8.6484831732e-01	-1.0324397110e+00
8.6484175566e-01	-1.0324282970e+00
8.6483524303e-01	-1.0324180164e+00
8.6482883946e-01	-1.0324096799e+00
8.6482261208e-01	-1.0324044766e+00
8.6481667363e-01	-1.0324050643e+00
8.6481137642e-01	-1.0324174174e+00
8.6480730227e-01	-1.0324521834e+00
8.6480578679e-01	-1.0325337810e+00
8.6480992399e-01	-1.0327161607e+00
8.6482215913e-01	-1.0330179157e+00
8.6484725611e-01	-1.0335103274e+00
8.6489379734e-01	-1.0342944862e+00
8.6495244903e-01	-1.0351839342e+00
8.6501290293e-01	-1.0362221457e+00
8.6482648995e-01	-1.0374338361e+00
8.6474419855e-01	-1.0374014308e+00
8.6465855251e-01	-1.0373631316e+00
8.6456979581e-01	-1.0373203795e+00
8.6447952514e-01	-1.0372747943e+00
8.6438809594e-01	-1.0372272316e+00
8.6429340792e-01	-1.0371778866e+00
8.6419635393e-01	-1.0371271525e+00
8.6409770974e-01	-1.0370753167e+00
8.6399623581e-01	-1.0370223635e+00
8.6389246452e-01	-1.0369684648e+00
8.6378376461e-01	-1.0369133763e+00
8.6367279102e-01	-1.0368574962e+00
8.6356142584e-01	-1.0368011148e+00
8.6344966736e-01	-1.0367442796e+00
8.6333750359e-01	-1.0366870299e+00
8.6322465027e-01	-1.0366293661e+00
8.6311117080e-01	-1.0365713277e+00
8.6299718710e-01	-1.0365129581e+00
8.6288271123e-01	-1.0364542846e+00
8.6276775241e-01	-1.0363953319e+00
8.6265231766e-01	-1.0363361230e+00
8.6253641080e-01	-1.0362766791e+00
8.6241999556e-01	-1.0362170153e+00
8.6230309573e-01	-1.0361571537e+00
8.6218570789e-01	-1.0360971116e+00
8.6206781710e-01	-1.0360369046e+00
8.6194940361e-01	-1.0359765467e+00
8.6183044212e-01	-1.0359160502e+00
8.6171089967e-01	-1.0358554247e+00
8.6159073194e-01	-1.0357946767e+00
8.6146980166e-01	-1.0357337980e+00
8.6134815194e-01	-1.0356727992e+00
8.6122606693e-01	-1.0356117159e+00
8.6110354444e-01	-1.0355505410e+00
8.6098058206e-01	-1.0354892588e+00
8.6085717707e-01	-1.0354278423e+00
8.6073332646e-01	-1.0353662506e+00
8.6060902640e-01	-1.0353044273e+00
8.6048427289e-01	-1.0352422981e+00
8.6035906067e-01	-1.0351797695e+00
8.6023338272e-01	-1.0351167282e+00
8.6010723287e-01	-1.0350530423e+00
8.5998060581e-01	-1.0349885638e+00
8.5985349600e-01	-1.0349231331e+00
8.5972589843e-01	-1.0348565356e+00
8.5959780879e-01	-1.0347880862e+00
8.5946922298e-01	-1.0347181881e+00
8.5934013780e-01	-1.0346467074e+00
8.5921055061e-01	-1.0345735390e+00
8.5908045974e-01	-1.0344986141e+00
8.5894986399e-01	-1.0344219052e+00
8.5881876294e-01	-1.0343434283e+00
8.5868715584e-01	-1.0342632411e+00
8.5855504230e-01	-1.0341814394e+00
8.5842242191e-01	-1.0340981490e+00
8.5828929399e-01	-1.0340135188e+00
8.5815565804e-01	-1.0339277109e+00
8.5802151292e-01	-1.0338408916e+00
8.5788685734e-01	-1.0337532248e+00
8.5775168972e-01	-1.0336648653e+00
8.5761600823e-01	-1.0335759551e+00
8.5747981079e-01	-1.0334866207e+00
8.5734309510e-01	-1.0333969719e+00
8.5720585870e-01	-1.0333071023e+00
8.5706809882e-01	-1.0332170897e+00
8.5692981289e-01	-1.0331269980e+00
8.5679099793e-01	-1.0330368788e+00
8.5665165090e-01	-1.0329467730e+00
8.5651176882e-01	-1.0328567130e+00
8.5637134852e-01	-1.0327667241e+00
8.5623038681e-01	-1.0326768261e+00
8.5608888048e-01	-1.0325870346e+00
8.5594682611e-01	-1.0324973621e+00
8.5580422061e-01	-1.0324078189e+00
8.5566106066e-01	-1.0323184138e+00
8.5551734283e-01	-1.0322291543e+00
8.5537306372e-01	-1.0321400475e+00
8.5522821993e-01	-1.0320511000e+00
8.5508280797e-01	-1.0319623172e+00
8.5493682402e-01	-1.0318736948e+00
8.5479026098e-01	-1.0317851198e+00
8.5464307598e-01	-1.0316953139e+00
8.5449488404e-01	-1.0315905341e+00
8.5445947889e-01	-1.0313663156e+00
8.5444877775e-01	-1.0311687363e+00
8.5444149140e-01	-1.0311133221e+00
8.5443439757e-01	-1.0310771409e+00
8.5442743032e-01	-1.0310530649e+00
8.5442048081e-01	-1.0310343775e+00
8.5441356892e-01	-1.0310187265e+00
8.5440671288e-01	-1.0310050115e+00
8.5439991575e-01	-1.0309926393e+00
8.5439313638e-01	-1.0309808961e+00
8.5438645191e-01	-1.0309704221e+00
8.5437995522e-01	-1.0309620832e+00
8.5437377772e-01	-1.0309572390e+00
8.5436820107e-01	-1.0309590289e+00
8.5436386038e-01	-1.0309742204e+00
8.5436188608e-01	-1.0310150514e+00
8.5436498049e-01	-1.0311107181e+00
8.5437893521e-01	-1.0313229410e+00
8.5440694848e-01	-1.0316729814e+00
8.5445675352e-01	-1.0322435344e+00
8.5454254182e-01	-1.0331739799e+00
8.5468020818e-01	-1.0347009680e+00
8.5453745600e-01	-1.0361457449e+00
8.5445360126e-01	-1.0361116637e+00
8.5436605815e-01	-1.0360714481e+00
8.5427549500e-01	-1.0360266577e+00
8.5418318247e-01	-1.0359789497e+00
8.5408957060e-01	-1.0359292225e+00
8.5399246841e-01	-1.0358776679e+00
8.5389295103e-01	-1.0358247082e+00
8.5379220408e-01	-1.0357706868e+00
8.5368738057e-01	-1.0357153848e+00
8.5358042696e-01	-1.0356591544e+00
8.5346816599e-01	-1.0356016790e+00
8.5335474473e-01	-1.0355435502e+00
8.5324092281e-01	-1.0354849207e+00
8.5312669840e-01	-1.0354258382e+00
8.5301196166e-01	-1.0353663301e+00
8.5289643441e-01	-1.0353063972e+00
8.5278033381e-01	-1.0352460986e+00
8.5266372355e-01	-1.0351854709e+00
8.5254661356e-01	-1.0351245413e+00
8.5242901096e-01	-1.0350633343e+00
8.5231088862e-01	-1.0350018687e+00
8.5219226485e-01	-1.0349401675e+00
8.5207314332e-01	-1.0348782511e+00
8.5195351548e-01	-1.0348161374e+00
8.5183335065e-01	-1.0347538403e+00
8.5171264544e-01	-1.0346913771e+00
8.5159138633e-01	-1.0346287624e+00
8.5146952082e-01	-1.0345660051e+00
8.5134699723e-01	-1.0345031124e+00
8.5122366248e-01	-1.0344400770e+00
8.5109955254e-01	-1.0343769125e+00
8.5097500019e-01	-1.0343136665e+00
8.5085000305e-01	-1.0342503389e+00
8.5072455942e-01	-1.0341869228e+00
8.5059866649e-01	-1.0341234021e+00
8.5047232179e-01	-1.0340597494e+00
8.5034552242e-01	-1.0339959237e+00
8.5021826336e-01	-1.0339318675e+00
8.5009054008e-01	-1.0338675056e+00
8.4996234453e-01	-1.0338027429e+00
8.4983367156e-01	-1.0340118891e+00
8.5397651873e-01	-1.0344086186e+00
8.5386476558e-01	-1.0343515602e+00
8.5375264177e-01	-1.0342911131e+00
8.5364012824e-01	-1.0342284490e+00
8.5352721197e-01	-1.0341642379e+00
8.5341388267e-01	-1.0340988571e+00
8.5330013250e-01	-1.0340324572e+00
8.5318595422e-01	-1.0339650387e+00
8.5307134208e-01	-1.0338965153e+00
8.5295629126e-01	-1.0338267587e+00
8.5284079761e-01	-1.0337556292e+00
8.5272485788e-01	-1.0336829978e+00
8.5260847000e-01	-1.0336087621e+00
8.5249163265e-01	-1.0335328563e+00
8.5237434481e-01	-1.0334552571e+00
8.5225660605e-01	-1.0333759857e+00
8.5213841616e-01	-1.0332951054e+00
8.5201977491e-01	-1.0332127161e+00
8.5190068237e-01	-1.0331289469e+00
8.5178113808e-01	-1.0330439468e+00
8.5166114151e-01	-1.0329578751e+00
8.5154069170e-01	-1.0328708933e+00
8.5141978779e-01	-1.0327831584e+00
8.5129842831e-01	-1.0326948167e+00
8.5117661163e-01	-1.0326060008e+00
8.5105433590e-01	-1.0325168274e+00
8.5093159905e-01	-1.0324273970e+00
8.5080839886e-01	-1.0323377940e+00
8.5068473283e-01	-1.0322480879e+00
8.5056059865e-01	-1.0321583353e+00
8.5043599362e-01	-1.0320685813e+00
8.5031091504e-01	-1.0319788614e+00
8.5018536016e-01	-1.0318892033e+00
8.5005932612e-01	-1.0317996288e+00
8.4993281011e-01	-1.0317101547e+00
8.4980580921e-01	-1.0316207941e+00
8.4967832012e-01	-1.0315315579e+00
8.4955033973e-01	-1.0314424548e+00
8.4942186490e-01	-1.0313534925e+00
8.4929289231e-01	-1.0312646781e+00
8.4916341867e-01	-1.0311760179e+00
8.4903344043e-01	-1.0310875180e+00
8.4890295400e-01	-1.0309991822e+00
8.4877195569e-01	-1.0309109885e+00
8.4864043343e-01	-1.0308226398e+00
8.4850828457e-01	-1.0307308705e+00
8.4839998752e-01	-1.0306044080e+00
8.4838772438e-01	-1.0302865461e+00
8.4838078019e-01	-1.0302163492e+00
8.4837406859e-01	-1.0301674272e+00
8.4836753100e-01	-1.0301356336e+00
8.4836109944e-01	-1.0301136182e+00
8.4835465187e-01	-1.0300954610e+00
8.4834826859e-01	-1.0300801077e+00
8.4834194730e-01	-1.0300664554e+00
8.4833569048e-01	-1.0300540096e+00
8.4832945570e-01	-1.0300420888e+00
8.4832338584e-01	-1.0300318547e+00
8.4831759317e-01	-1.0300241939e+00
8.4831230488e-01	-1.0300210620e+00
8.4830816300e-01	-1.0300281459e+00
8.4830694134e-01	-1.0300612549e+00
8.4831706864e-01	-1.0301965200e+00
8.4832599213e-01	-1.0303284475e+00
8.4833710651e-01	-1.0304748746e+00
8.4835034533e-01	-1.0306385588e+00
8.4836595222e-01	-1.0308225481e+00
8.4838563942e-01	-1.0310425326e+00
8.4840956468e-01	-1.0312998850e+00
8.4843806679e-01	-1.0315975791e+00
8.4847210873e-01	-1.0319441868e+00
8.4851565135e-01	-1.0323753222e+00
8.4857008428e-01	-1.0329038811e+00
8.4863743888e-01	-1.0335492402e+00
8.4870891715e-01	-1.0343410626e+00
8.4870627590e-01	-1.0353918407e+00
8.4855809089e-01	-1.0356407328e+00
8.4847817163e-01	-1.0356042846e+00
8.4839454274e-01	-1.0355616864e+00
8.4830920157e-01	-1.0355149931e+00
8.4822172258e-01	-1.0354655405e+00
8.4813143402e-01	-1.0354139940e+00
8.4803857663e-01	-1.0353608053e+00
8.4794334760e-01	-1.0353062630e+00
8.4784565809e-01	-1.0352505365e+00
8.4774505370e-01	-1.0351937006e+00
8.4763958143e-01	-1.0351356085e+00
8.4753130877e-01	-1.0350766040e+00
8.4742265479e-01	-1.0350170606e+00
8.4731361782e-01	-1.0349570332e+00
8.4720416960e-01	-1.0348965647e+00
8.4709393968e-01	-1.0348356481e+00
8.4698308878e-01	-1.0347743391e+00
8.4687171630e-01	-1.0347126812e+00
8.4675985574e-01	-1.0346507067e+00
8.4664750212e-01	-1.0345884404e+00
8.4653464662e-01	-1.0345259048e+00
8.4642130624e-01	-1.0344631237e+00
8.4630747862e-01	-1.0344001176e+00
8.4619315342e-01	-1.0343369048e+00
8.4607830123e-01	-1.0342735003e+00
8.4596291730e-01	-1.0342099214e+00
8.4584698412e-01	-1.0341461832e+00
8.4573043289e-01	-1.0340822931e+00
8.4561321195e-01	-1.0340182598e+00
8.4549512921e-01	-1.0339540723e+00
8.4537635538e-01	-1.0338897638e+00
8.4525716117e-01	-1.0338253776e+00
8.4513754517e-01	-1.0337609179e+00
8.4501750566e-01	-1.0336963833e+00
8.4489704048e-01	-1.0336317646e+00
8.4477614815e-01	-1.0335670432e+00
8.4465482568e-01	-1.0335021882e+00
8.4453306818e-01	-1.0334371543e+00
8.4441086940e-01	-1.0333718790e+00
8.4428822337e-01	-1.0333062811e+00
8.4416512527e-01	-1.0332402598e+00
8.4404156957e-01	-1.0331736938e+00
8.4391755084e-01	-1.0331063031e+00
8.4379306330e-01	-1.0330375876e+00
8.4366810182e-01	-1.0329678560e+00
8.4354266087e-01	-1.0328969365e+00
8.4341673636e-01	-1.0328246631e+00
8.4329032422e-01	-1.0327508834e+00
8.4316342126e-01	-1.0326754693e+00
8.4303602552e-01	-1.0325983262e+00
8.4290813517e-01	-1.0325193987e+00
8.4277974942e-01	-1.0324386762e+00
8.4265086793e-01	-1.0323561929e+00
8.4252149028e-01	-1.0322720251e+00
8.4239161613e-01	-1.0321862857e+00
8.4226124554e-01	-1.0320991155e+00
8.4213037795e-01	-1.0320106745e+00
8.4199901270e-01	-1.0319211320e+00
8.4186714866e-01	-1.0318306580e+00
8.4173478498e-01	-1.0317394167e+00
8.4160191992e-01	-1.0316475601e+00
8.4146855156e-01	-1.0315552249e+00
8.4133467794e-01	-1.0314625313e+00
8.4120029677e-01	-1.0313695817e+00
8.4106540558e-01	-1.0312764617e+00
8.4093000170e-01	-1.0311832416e+00
8.4079408247e-01	-1.0310899780e+00
8.4065764486e-01	-1.0309967155e+00
8.4052068592e-01	-1.0309034892e+00
8.4038320256e-01	-1.0308103261e+00
8.4024519167e-01	-1.0307172470e+00
8.4010665007e-01	-1.0306242679e+00
8.3996757453e-01	-1.0305314011e+00
8.3982796178e-01	-1.0304386567e+00
8.3968780859e-01	-1.0303460426e+00
8.3954711161e-01	-1.0302535660e+00
8.3940586749e-01	-1.0301612331e+00
8.3926407239e-01	-1.0300690497e+00
8.3912172259e-01	-1.0299770215e+00
8.3897881425e-01	-1.0298851527e+00
8.3883534301e-01	-1.0297934322e+00
8.3869129898e-01	-1.0297016829e+00
8.3854661614e-01	-1.0296079382e+00
8.3840071624e-01	-1.0294911919e+00
8.3838665737e-01	-1.0292199680e+00
8.3837732013e-01	-1.0290863806e+00
8.3836989637e-01	-1.0290319518e+00
8.3836267429e-01	-1.0289962698e+00
8.3835558485e-01	-1.0289720754e+00
8.3834850244e-01	-1.0289528059e+00
8.3834146629e-01	-1.0289364718e+00
8.3833449871e-01	-1.0289219191e+00
8.3832760675e-01	-1.0289087151e+00
8.3832074192e-01	-1.0288961030e+00
8.3831402731e-01	-1.0288849658e+00
8.3830759199e-01	-1.0288762350e+00
8.3830164260e-01	-1.0288714996e+00
8.3829666591e-01	-1.0288746183e+00
8.3829363689e-01	-1.0288934945e+00
8.3829436639e-01	-1.0289425791e+00
8.3830343615e-01	-1.0290578999e+00
8.3832982097e-01	-1.0293120547e+00
8.3837750790e-01	-1.0297299959e+00
8.3845812957e-01	-1.0304101420e+00
8.3859156884e-01	-1.0315190034e+00
8.3878788893e-01	-1.0333383919e+00
8.3863127601e-01	-1.0343725006e+00
8.3854296656e-01	-1.0343339752e+00
8.3845050743e-01	-1.0342889369e+00
8.3835617370e-01	-1.0342394898e+00
8.3825960637e-01	-1.0341871219e+00
8.3815991266e-01	-1.0341325412e+00
8.3805758073e-01	-1.0340762637e+00
8.3795298019e-01	-1.0340186156e+00
8.3784516537e-01	-1.0339596642e+00
8.3773485860e-01	-1.0338996405e+00
8.3761842842e-01	-1.0338381813e+00
8.3750034363e-01	-1.0337759464e+00
8.3738184811e-01	-1.0337131639e+00
8.3726294000e-01	-1.0336498900e+00
8.3714349410e-01	-1.0335861563e+00
8.3702316251e-01	-1.0335219588e+00
8.3690222170e-01	-1.0334573689e+00
8.3678073522e-01	-1.0333924265e+00
8.3665871443e-01	-1.0333271613e+00
8.3653616510e-01	-1.0332615999e+00
8.3641308981e-01	-1.0331957663e+00
8.3628947381e-01	-1.0331296808e+00
8.3616530195e-01	-1.0330633621e+00
8.3604058341e-01	-1.0329968313e+00
8.3591529940e-01	-1.0329301046e+00
8.3578942159e-01	-1.0328631967e+00
8.3566291697e-01	-1.0327961206e+00
8.3553567793e-01	-1.0327288787e+00
8.3540754660e-01	-1.0326614658e+00
8.3527854639e-01	-1.0325938990e+00
8.3514909317e-01	-1.0325262440e+00
8.3501918865e-01	-1.0324585101e+00
8.3488883148e-01	-1.0323907023e+00
8.3475801964e-01	-1.0323228195e+00
8.3462675198e-01	-1.0322548535e+00
8.3449502560e-01	-1.0321867861e+00
8.3436283574e-01	-1.0321185872e+00
8.3423017574e-01	-1.0320502122e+00
8.3409704042e-01	-1.0319815998e+00
8.3396342484e-01	-1.0319126694e+00
8.3382932344e-01	-1.0318433213e+00
8.3369473094e-01	-1.0317730939e+00
8.3355964154e-01	-1.0317018928e+00
8.3342404930e-01	-1.0316298486e+00
8.3328794828e-01	-1.0315567923e+00
8.3315133352e-01	-1.0314825505e+00
8.3301419980e-01	-1.0314069540e+00
8.3287654296e-01	-1.0313298478e+00
8.3273835947e-01	-1.0312511006e+00
8.3259964703e-01	-1.0311706150e+00
8.3246040407e-01	-1.0310883337e+00
8.3232062916e-01	-1.0310042443e+00
8.3218032184e-01	-1.0309183802e+00
8.3203948178e-01	-1.0308308183e+00
8.3189810891e-01	-1.0307416727e+00
8.3175620274e-01	-1.0306510851e+00
8.3161376284e-01	-1.0305592179e+00
8.3147078834e-01	-1.0304662425e+00
8.3132727855e-01	-1.0303723310e+00
8.3118323199e-01	-1.0302776488e+00
8.3103864688e-01	-1.0301823494e+00
8.3089352159e-01	-1.0300865706e+00
8.3074785363e-01	-1.0299904325e+00
8.3060164086e-01	-1.0298940379e+00
8.3045488049e-01	-1.0297974721e+00
8.3030756959e-01	-1.0297008045e+00
8.3015970531e-01	-1.0296040910e+00
8.3001128474e-01	-1.0295073757e+00
8.2986230456e-01	-1.0294106924e+00
8.2971276153e-01	-1.0293140673e+00
8.2956265233e-01	-1.0292175203e+00
8.2941197359e-01	-1.0291210664e+00
8.2926072191e-01	-1.0290247172e+00
8.2910889370e-01	-1.0289284820e+00
8.2895648549e-01	-1.0288323681e+00
8.2880349325e-01	-1.0287363820e+00
8.2864991291e-01	-1.0286405292e+00
8.2849574072e-01	-1.0285448154e+00
8.2834097248e-01	-1.0284492457e+00
8.2818560395e-01	-1.0283538243e+00
8.2802963106e-01	-1.0282585442e+00
8.2787304648e-01	-1.0281632744e+00
8.2771579835e-01	-1.0280665489e+00
8.2755741844e-01	-1.0279525990e+00
8.2752318942e-01	-1.0278598472e+00
8.2751466622e-01	-1.0278012371e+00
8.2750608569e-01	-1.0277266884e+00
8.2749756128e-01	-1.0276425811e+00
8.2748914151e-01	-1.0275605467e+00
8.2748089073e-01	-1.0274936566e+00
8.2747288662e-01	-1.0274480554e+00
8.2746505901e-01	-1.0274179635e+00
8.2745731815e-01	-1.0273960308e+00
8.2744957188e-01	-1.0273775009e+00
8.2744190007e-01	-1.0273614848e+00
8.2743430548e-01	-1.0273470950e+00
8.2742677462e-01	-1.0273337425e+00
8.2741932056e-01	-1.0273212551e+00
8.2741211059e-01	-1.0273108112e+00
8.2740531932e-01	-1.0273036183e+00
8.2739930342e-01	-1.0273022473e+00
8.2739490144e-01	-1.0273129778e+00
8.2739363806e-01	-1.0273472469e+00
8.2739878078e-01	-1.0274295267e+00
8.2741838882e-01	-1.0276189917e+00
8.2745567987e-01	-1.0279317411e+00
8.2751993507e-01	-1.0284418043e+00
8.2762723715e-01	-1.0292710399e+00
8.2780578994e-01	-1.0306279498e+00
8.2792380780e-01	-1.0328448319e+00
8.2779562435e-01	-1.0329605180e+00
8.2770348104e-01	-1.0329186391e+00
8.2760754761e-01	-1.0328703246e+00
8.2750958368e-01	-1.0328178336e+00
8.2740986767e-01	-1.0327626406e+00
8.2730536828e-01	-1.0327051007e+00
8.2719893836e-01	-1.0326460052e+00
8.2709076858e-01	-1.0325856402e+00
8.2697765141e-01	-1.0325237656e+00
8.2686159116e-01	-1.0324607758e+00
8.2674025632e-01	-1.0323964669e+00
8.2661841038e-01	-1.0323315437e+00
8.2649613981e-01	-1.0322660836e+00
8.2637342866e-01	-1.0322001394e+00
8.2624982374e-01	-1.0321336984e+00
8.2612547460e-01	-1.0320668204e+00
8.2600052813e-01	-1.0319995597e+00
8.2587502239e-01	-1.0319319524e+00
8.2574896382e-01	-1.0318640273e+00
8.2562234309e-01	-1.0317958086e+00
8.2549514604e-01	-1.0317273180e+00
8.2536738597e-01	-1.0316585790e+00
8.2523905088e-01	-1.0315896107e+00
8.2511012002e-01	-1.0315204301e+00
8.2498056304e-01	-1.0314510518e+00
8.2485034356e-01	-1.0313814891e+00
8.2471934403e-01	-1.0313117438e+00
8.2458736510e-01	-1.0312418057e+00
8.2445448758e-01	-1.0311717008e+00
8.2432114718e-01	-1.0311015003e+00
8.2418734281e-01	-1.0310312157e+00
8.2405307325e-01	-1.0309608553e+00
8.2391833720e-01	-1.0308904231e+00
8.2378313334e-01	-1.0308199168e+00
8.2364745943e-01	-1.0307493261e+00
8.2351130897e-01	-1.0306786301e+00
8.2337467550e-01	-1.0306077959e+00
8.2323755447e-01	-1.0305367752e+00
8.2309994138e-01	-1.0304655025e+00
8.2296183085e-01	-1.0303938313e+00
8.2282321768e-01	-1.0303211350e+00
8.2268409596e-01	-1.0302478654e+00
8.2254445974e-01	-1.0301738764e+00
8.2240430241e-01	-1.0300990051e+00
8.2226361825e-01	-1.0300230792e+00
8.2212240183e-01	-1.0299459234e+00
8.2198064795e-01	-1.0298673687e+00
8.2183835242e-01	-1.0297872627e+00
8.2169551191e-01	-1.0297054799e+00
8.2155212376e-01	-1.0296219302e+00
8.2140818667e-01	-1.0295365667e+00
8.2126369943e-01	-1.0294493884e+00
8.2111866144e-01	-1.0293604408e+00
8.2097307222e-01	-1.0292698119e+00
8.2082693188e-01	-1.0291776257e+00
8.2068023993e-01	-1.0290840325e+00
8.2053299557e-01	-1.0289891998e+00
8.2038519857e-01	-1.0288933025e+00
8.2023684755e-01	-1.0287965130e+00
8.2008794108e-01	-1.0286989957e+00
8.1993847740e-01	-1.0286009010e+00
8.1978845443e-01	-1.0285023628e+00
8.1963786983e-01	-1.0284034968e+00
8.1948672101e-01	-1.0283044006e+00
8.1933500518e-01	-1.0282051546e+00
8.1918271937e-01	-1.0281058238e+00
8.1902986046e-01	-1.0280064599e+00
8.1887642522e-01	-1.0279071029e+00
8.1872241031e-01	-1.0278077835e+00
8.1856781234e-01	-1.0277085252e+00
8.1841262782e-01	-1.0276093454e+00
8.1825685323e-01	-1.0275102574e+00
8.1810048462e-01	-1.0274112712e+00
8.1794351768e-01	-1.0273123947e+00
8.1778594844e-01	-1.0272136343e+00
8.1762777274e-01	-1.0271149956e+00
8.1746898627e-01	-1.0270164839e+00
8.1730958497e-01	-1.0269181040e+00
8.1714956590e-01	-1.0268198610e+00
8.1698892546e-01	-1.0267217584e+00
8.1682765876e-01	-1.0266237829e+00
8.1666575441e-01	-1.0265257384e+00
8.1650313634e-01	-1.0264254589e+00
8.1633933988e-01	-1.0262998727e+00
8.1632858848e-01	-1.0262272192e+00
8.1631966392e-01	-1.0261664145e+00
8.1631068858e-01	-1.0260897542e+00
8.1630178001e-01	-1.0260041007e+00
8.1629297430e-01	-1.0259213735e+00
8.1628436031e-01	-1.0258557063e+00
8.1627600113e-01	-1.0258114838e+00
8.1626782081e-01	-1.0257820222e+00
8.1625971554e-01	-1.0257600073e+00
8.1625161325e-01	-1.0257412449e+00
8.1624359165e-01	-1.0257248871e+00
8.1623565626e-01	-1.0257101291e+00
8.1622778296e-01	-1.0256963141e+00
8.1622002058e-01	-1.0256835413e+00
8.1621254980e-01	-1.0256729821e+00
8.1620558506e-01	-1.0256660111e+00
8.1619958501e-01	-1.0256656449e+00
8.1619558808e-01	-1.0256790432e+00
8.1619549251e-01	-1.0257192406e+00
8.1620365488e-01	-1.0258161062e+00
8.1623002675e-01	-1.0260379980e+00
8.1627845747e-01	-1.0264007289e+00
8.1636069354e-01	-1.0269914323e+00
8.1649706012e-01	-1.0279519866e+00
8.1672076635e-01	-1.0295281363e+00
8.1670101394e-01	-1.0315044035e+00
8.1660872775e-01	-1.0314625999e+00
8.1651162397e-01	-1.0314137266e+00
8.1641234274e-01	-1.0313599564e+00
8.1631083936e-01	-1.0313030497e+00
8.1620518955e-01	-1.0312436833e+00
8.1609702911e-01	-1.0311825727e+00
8.1598702254e-01	-1.0311201060e+00
8.1587190088e-01	-1.0310560491e+00
8.1575371490e-01	-1.0309908197e+00
8.1563002199e-01	-1.0309242028e+00
8.1550579365e-01	-1.0308569471e+00
8.1538113202e-01	-1.0307891366e+00
8.1525599883e-01	-1.0307208245e+00
8.1512987623e-01	-1.0306519910e+00
8.1500299379e-01	-1.0305827088e+00
8.1487550453e-01	-1.0305130348e+00
8.1474742933e-01	-1.0304430041e+00
8.1461877347e-01	-1.0303726465e+00
8.1448953845e-01	-1.0303019883e+00
8.1435972271e-01	-1.0302310532e+00
8.1422929666e-01	-1.0301598599e+00
8.1409825621e-01	-1.0300884287e+00
8.1396658815e-01	-1.0300167776e+00
8.1383423436e-01	-1.0299449181e+00
8.1370113528e-01	-1.0298728603e+00
8.1356712057e-01	-1.0298005989e+00
8.1343197482e-01	-1.0297281216e+00
8.1329622731e-01	-1.0296555151e+00
8.1316000861e-01	-1.0295828113e+00
8.1302331799e-01	-1.0295100229e+00
8.1288615390e-01	-1.0294371589e+00
8.1274851615e-01	-1.0293642248e+00
8.1261040246e-01	-1.0292912199e+00
8.1247180771e-01	-1.0292181360e+00
8.1233272434e-01	-1.0291449549e+00
8.1219314856e-01	-1.0290716472e+00
8.1205307611e-01	-1.0289981686e+00
8.1191250190e-01	-1.0289243689e+00
8.1177142095e-01	-1.0288496860e+00
8.1162982773e-01	-1.0287745876e+00
8.1148771662e-01	-1.0286989511e+00
8.1134508103e-01	-1.0286226335e+00
8.1120191427e-01	-1.0285454743e+00
8.1105821059e-01	-1.0284673013e+00
8.1091396377e-01	-1.0283879367e+00
8.1076916843e-01	-1.0283072073e+00
8.1062381996e-01	-1.0282249536e+00
8.1047791463e-01	-1.0281410408e+00
8.1033144964e-01	-1.0280553686e+00
8.1018442283e-01	-1.0279678784e+00
8.1003683338e-01	-1.0278785587e+00
8.0988868019e-01	-1.0277874448e+00
8.0973996331e-01	-1.0276946174e+00
8.0959068213e-01	-1.0276001946e+00
8.0944083677e-01	-1.0275043241e+00
8.0929042661e-01	-1.0274071724e+00
8.0913945079e-01	-1.0273089156e+00
8.0898790859e-01	-1.0272097294e+00
8.0883579856e-01	-1.0271097818e+00
8.0868311895e-01	-1.0270092278e+00
8.0852986753e-01	-1.0269082053e+00
8.0837604234e-01	-1.0268068343e+00
8.0822164058e-01	-1.0267052161e+00
8.0806665943e-01	-1.0266034340e+00
8.0791109586e-01	-1.0265015555e+00
8.0775494643e-01	-1.0263996339e+00
8.0759820823e-01	-1.0262977109e+00
8.0744087785e-01	-1.0261958179e+00
8.0728295161e-01	-1.0260939789e+00
8.0712442557e-01	-1.0259922114e+00
8.0696529530e-01	-1.0258905287e+00
8.0680555666e-01	-1.0257889404e+00
8.0664520552e-01	-1.0256874544e+00
8.0648423748e-01	-1.0255860765e+00
8.0632264855e-01	-1.0254848122e+00
8.0616043572e-01	-1.0253836663e+00
8.0599759531e-01	-1.0252826435e+00
8.0583412285e-01	-1.0251817485e+00
8.0567001394e-01	-1.0250809852e+00
8.0550526542e-01	-1.0249803499e+00
8.0533987285e-01	-1.0248797510e+00
8.0517379971e-01	-1.0247781465e+00
8.0500668293e-01	-1.0246643006e+00
8.0494291087e-01	-1.0245447760e+00
8.0493364002e-01	-1.0244827958e+00
8.0492431513e-01	-1.0244044483e+00
8.0491506181e-01	-1.0243174963e+00
8.0490591992e-01	-1.0242341834e+00
8.0489697065e-01	-1.0241678914e+00
8.0488828968e-01	-1.0241231681e+00
8.0487979715e-01	-1.0240932123e+00
8.0487138290e-01	-1.0240706679e+00
8.0486296858e-01	-1.0240513424e+00
8.0485464122e-01	-1.0240344407e+00
8.0484640736e-01	-1.0240191639e+00
8.0483823776e-01	-1.0240048263e+00
8.0483019224e-01	-1.0239915876e+00
8.0482246780e-01	-1.0239806567e+00
8.0481530328e-01	-1.0239734936e+00
8.0480921634e-01	-1.0239733377e+00
8.0480537339e-01	-1.0239878398e+00
8.0480591878e-01	-1.0240309881e+00
8.0481591884e-01	-1.0241357854e+00
8.0484662283e-01	-1.0243756500e+00
8.0490228108e-01	-1.0247688220e+00
8.0499623907e-01	-1.0254061273e+00
8.0515166268e-01	-1.0264423105e+00
8.0540547565e-01	-1.0281431420e+00
8.0537912563e-01	-1.0299846654e+00
8.0528481250e-01	-1.0299404857e+00
8.0518569216e-01	-1.0298890611e+00
8.0508424164e-01	-1.0298327150e+00
8.0498079193e-01	-1.0297732807e+00
8.0487216525e-01	-1.0297112547e+00
8.0476138443e-01	-1.0296475379e+00
8.0464818113e-01	-1.0295823908e+00
8.0453041925e-01	-1.0295157237e+00
8.0440754825e-01	-1.0294476061e+00
8.0428121503e-01	-1.0293783709e+00
8.0415444253e-01	-1.0293085138e+00
8.0402722713e-01	-1.0292381048e+00
8.0389932217e-01	-1.0291671685e+00
8.0377036301e-01	-1.0290957046e+00
8.0364073545e-01	-1.0290238075e+00
8.0351047539e-01	-1.0289515186e+00
8.0337960659e-01	-1.0288788733e+00
8.0324811760e-01	-1.0288058990e+00
8.0311602034e-01	-1.0287326234e+00
8.0298330783e-01	-1.0286590698e+00
8.0284996469e-01	-1.0285852581e+00
8.0271596691e-01	-1.0285112063e+00
8.0258127758e-01	-1.0284369291e+00
8.0244580066e-01	-1.0283624324e+00
8.0230941176e-01	-1.0282877175e+00
8.0217178010e-01	-1.0282127568e+00
8.0203344646e-01	-1.0281376407e+00
8.0189463374e-01	-1.0280624155e+00
8.0175534144e-01	-1.0279870958e+00
8.0161556866e-01	-1.0279116938e+00
8.0147531537e-01	-1.0278362189e+00
8.0133457959e-01	-1.0277606757e+00
8.0119335563e-01	-1.0276850627e+00
8.0105163534e-01	-1.0276093704e+00
8.0090941591e-01	-1.0275335805e+00
8.0076669276e-01	-1.0274576622e+00
8.0062346145e-01	-1.0273812531e+00
8.0047971754e-01	-1.0273042444e+00
8.0033545560e-01	-1.0272269157e+00
8.0019066991e-01	-1.0271491633e+00
8.0004535424e-01	-1.0270708618e+00
7.9989950212e-01	-1.0269918656e+00
7.9975310663e-01	-1.0272498513e+00
8.0148304197e-01	-1.0275234034e+00
8.0141584984e-01	-1.0274160779e+00
8.0135090239e-01	-1.0273075248e+00
8.0128810182e-01	-1.0272078509e+00
8.0122753271e-01	-1.0271200673e+00
8.0116935957e-01	-1.0270434593e+00
8.0111378996e-01	-1.0269763539e+00
8.0106105888e-01	-1.0269171260e+00
8.0101142119e-01	-1.0268644599e+00
8.0096514736e-01	-1.0268173621e+00
8.0092252325e-01	-1.0267751097e+00
8.0088386323e-01	-1.0267371908e+00
8.0084952002e-01	-1.0267032523e+00
8.0081834368e-01	-1.0266728437e+00
8.0068360035e-01	-1.0266311799e+00
8.0054599381e-01	-1.0265913242e+00
8.0040686998e-01	-1.0265537674e+00
8.0026666503e-01	-1.0265185715e+00
8.0012560859e-01	-1.0264802241e+00
7.9998382708e-01	-1.0264314546e+00
7.9984138930e-01	-1.0263696141e+00
7.9969833318e-01	-1.0262961197e+00
7.9955468092e-01	-1.0262137468e+00
7.9941044594e-01	-1.0261251295e+00
7.9926563651e-01	-1.0260323190e+00
7.9912025688e-01	-1.0259367725e+00
7.9897430334e-01	-1.0258393360e+00
7.9882771177e-01	-1.0257388650e+00
7.9867988802e-01	-1.0256162065e+00
7.9865634301e-01	-1.0255262824e+00
7.9864780334e-01	-1.0254633406e+00
7.9863924783e-01	-1.0253854577e+00
7.9863079446e-01	-1.0253013248e+00
7.9862244717e-01	-1.0252226354e+00
7.9861427934e-01	-1.0251614155e+00
7.9860634760e-01	-1.0251200753e+00
7.9859858008e-01	-1.0250917432e+00
7.9859086715e-01	-1.0250696958e+00
7.9858315176e-01	-1.0250504908e+00
7.9857552523e-01	-1.0250335253e+00
7.9856799800e-01	-1.0250181209e+00
7.9856053300e-01	-1.0250035906e+00
7.9855321609e-01	-1.0249902776e+00
7.9854625988e-01	-1.0249794322e+00
7.9853993650e-01	-1.0249726735e+00
7.9853484711e-01	-1.0249736569e+00
7.9853231953e-01	-1.0249907724e+00
7.9853480546e-01	-1.0250394348e+00
7.9854824783e-01	-1.0251570155e+00
7.9858545231e-01	-1.0254243529e+00
7.9865107250e-01	-1.0258658535e+00
7.9876215319e-01	-1.0265871765e+00
7.9894483215e-01	-1.0277675230e+00
7.9892475143e-01	-1.0296129377e+00
7.9884306913e-01	-1.0295685542e+00
7.9875630620e-01	-1.0295167101e+00
7.9866603267e-01	-1.0294597287e+00
7.9857366124e-01	-1.0293996354e+00
7.9847746114e-01	-1.0293371285e+00
7.9837744407e-01	-1.0292727029e+00
7.9827552061e-01	-1.0292069166e+00
7.9816879326e-01	-1.0291395739e+00
7.9805665640e-01	-1.0290707367e+00
7.9794110586e-01	-1.0290007877e+00
7.9782515802e-01	-1.0289302256e+00
7.9770880913e-01	-1.0288591206e+00
7.9759160638e-01	-1.0287874691e+00
7.9747354433e-01	-1.0287153197e+00
7.9735485845e-01	-1.0286427466e+00
7.9723558891e-01	-1.0285697920e+00
7.9711573941e-01	-1.0284964887e+00
7.9699531221e-01	-1.0284228660e+00
7.9687430143e-01	-1.0283489493e+00
7.9675268811e-01	-1.0282747599e+00
7.9663044837e-01	-1.0282003170e+00
7.9650754399e-01	-1.0281256363e+00
7.9638393422e-01	-1.0280507321e+00
7.9625942967e-01	-1.0279755974e+00
7.9613372041e-01	-1.0279002078e+00
7.9600717198e-01	-1.0278246312e+00
7.9588019282e-01	-1.0277489406e+00
7.9575278284e-01	-1.0276731523e+00
7.9562494157e-01	-1.0275972808e+00
7.9549666889e-01	-1.0275213383e+00
7.9536796240e-01	-1.0274453335e+00
7.9523881614e-01	-1.0273692704e+00
7.9510922444e-01	-1.0272931470e+00
7.9497918489e-01	-1.0272169541e+00
7.9484869352e-01	-1.0271406727e+00
7.9471774701e-01	-1.0270637649e+00
7.9458634131e-01	-1.0269864960e+00
7.9445447201e-01	-1.0269089967e+00
7.9432213386e-01	-1.0268311832e+00
7.9418932114e-01	-1.0267529497e+00
7.9405602815e-01	-1.0266741694e+00
7.9392224871e-01	-1.0265946941e+00
7.9378797676e-01	-1.0265143588e+00
7.9365320596e-01	-1.0264329860e+00
7.9351793034e-01	-1.0263503940e+00
7.9338214499e-01	-1.0262664066e+00
7.9324584555e-01	-1.0261808635e+00
7.9310902863e-01	-1.0260936313e+00
7.9297169159e-01	-1.0260046134e+00
7.9283383334e-01	-1.0259137580e+00
7.9269545265e-01	-1.0258210616e+00
7.9255654917e-01	-1.0257265696e+00
7.9241712284e-01	-1.0256303726e+00
7.9227717372e-01	-1.0255325992e+00
7.9213670179e-01	-1.0254334054e+00
7.9199570681e-01	-1.0253329652e+00
7.9185418826e-01	-1.0252314595e+00
7.9171214526e-01	-1.0251290666e+00
7.9156957659e-01	-1.0250259552e+00
7.9142648065e-01	-1.0249222791e+00
7.9128285552e-01	-1.0248181740e+00
7.9113869899e-01	-1.0247137561e+00
7.9099400858e-01	-1.0246091225e+00
7.9084878146e-01	-1.0245043523e+00
7.9070301490e-01	-1.0243995086e+00
7.9055670534e-01	-1.0242946405e+00
7.9040984881e-01	-1.0241897855e+00
7.9026244149e-01	-1.0240849714e+00
7.9011447944e-01	-1.0239802190e+00
7.8996595851e-01	-1.0238755433e+00
7.8981687584e-01	-1.0237709553e+00
7.8966722843e-01	-1.0236664632e+00
7.8951701242e-01	-1.0235620731e+00
7.8936622319e-01	-1.0234577898e+00
7.8921485688e-01	-1.0233536178e+00
7.8906291304e-01	-1.0232495615e+00
7.8891039225e-01	-1.0231456256e+00
7.8875729460e-01	-1.0230418148e+00
7.8860361565e-01	-1.0229381328e+00
7.8844934376e-01	-1.0228345729e+00
7.8829447113e-01	-1.0227307653e+00
7.8813895446e-01	-1.0226251263e+00
7.8798238922e-01	-1.0225057434e+00
7.8792542506e-01	-1.0223823986e+00
7.8791630677e-01	-1.0223170617e+00
7.8790715937e-01	-1.0222358000e+00
7.8789811093e-01	-1.0221474045e+00
7.8788917394e-01	-1.0220642715e+00
7.8788043122e-01	-1.0219993655e+00
7.8787194878e-01	-1.0219556112e+00
7.8786364779e-01	-1.0219257755e+00
7.8785540512e-01	-1.0219026397e+00
7.8784716545e-01	-1.0218825730e+00
7.8783902214e-01	-1.0218648655e+00
7.8783098650e-01	-1.0218487940e+00
7.8782301268e-01	-1.0218335906e+00
7.8781520978e-01	-1.0218197173e+00
7.8780780390e-01	-1.0218084390e+00
7.8780109835e-01	-1.0218014810e+00
7.8779577889e-01	-1.0218028128e+00
7.8779333615e-01	-1.0218214518e+00
7.8779654685e-01	-1.0218740531e+00
7.8781239293e-01	-1.0220024631e+00
7.8785532315e-01	-1.0222934485e+00
7.8793047879e-01	-1.0227712617e+00
7.8805560462e-01	-1.0235401393e+00
7.8826094777e-01	-1.0247903333e+00
7.8857977862e-01	-1.0268423052e+00
7.8848396765e-01	-1.0281736642e+00
7.8838787751e-01	-1.0281247341e+00
7.8828592688e-01	-1.0280681495e+00
7.8818073349e-01	-1.0280066137e+00
7.8807322794e-01	-1.0279420304e+00
7.8796143205e-01	-1.0278750123e+00
7.8784596514e-01	-1.0278061164e+00
7.8772730653e-01	-1.0277356960e+00
7.8760452146e-01	-1.0276638159e+00
7.8747493506e-01	-1.0275902467e+00
7.8734390214e-01	-1.0275158395e+00
7.8721241401e-01	-1.0274408177e+00
7.8708035367e-01	-1.0273652347e+00
7.8694712893e-01	-1.0272890661e+00
7.8681316130e-01	-1.0272124191e+00
7.8667849730e-01	-1.0271353419e+00
7.8654318077e-01	-1.0270578770e+00
7.8640721078e-01	-1.0269800564e+00
7.8627057887e-01	-1.0269019075e+00
7.8613326167e-01	-1.0268234532e+00
7.8599525537e-01	-1.0267447168e+00
7.8585649820e-01	-1.0266657120e+00
7.8571694323e-01	-1.0265864530e+00
7.8557646463e-01	-1.0265069420e+00
7.8543468339e-01	-1.0264271451e+00
7.8529181763e-01	-1.0263471110e+00
7.8514846025e-01	-1.0262669403e+00
7.8500461113e-01	-1.0261866503e+00
7.8486026982e-01	-1.0261062569e+00
7.8471543602e-01	-1.0260257744e+00
7.8457010759e-01	-1.0259452144e+00
7.8442427690e-01	-1.0258645844e+00
7.8427793871e-01	-1.0257838879e+00
7.8413108990e-01	-1.0257031218e+00
7.8398372660e-01	-1.0256222766e+00
7.8383584575e-01	-1.0255406181e+00
7.8368744275e-01	-1.0254588166e+00
7.8353851315e-01	-1.0253768341e+00
7.8338905210e-01	-1.0252946044e+00
7.8323905382e-01	-1.0252120407e+00
7.8308851204e-01	-1.0251290345e+00
7.8293742054e-01	-1.0250454551e+00
7.8278577261e-01	-1.0249611514e+00
7.8263356169e-01	-1.0248759547e+00
7.8248078090e-01	-1.0247896846e+00
7.8232742398e-01	-1.0247021574e+00
7.8217348493e-01	-1.0246131954e+00
7.8201895972e-01	-1.0245226389e+00
7.8186384391e-01	-1.0244303558e+00
7.8170813512e-01	-1.0243362531e+00
7.8155183115e-01	-1.0242402835e+00
7.8139493076e-01	-1.0241424491e+00
7.8123743324e-01	-1.0240428017e+00
7.8107933820e-01	-1.0239414382e+00
7.8092064493e-01	-1.0238384926e+00
7.8076135380e-01	-1.0237341262e+00
7.8060146343e-01	-1.0236285160e+00
7.8044097362e-01	-1.0235218458e+00
7.8027988270e-01	-1.0234142946e+00
7.8011818897e-01	-1.0233060309e+00
7.7995589020e-01	-1.0231972073e+00
7.7979298438e-01	-1.0230879579e+00
7.7962946860e-01	-1.0229783968e+00
7.7946533990e-01	-1.0228686187e+00
7.7930059430e-01	-1.0227587000e+00
7.7913522732e-01	-1.0226487013e+00
7.7896923507e-01	-1.0225386693e+00
7.7880261294e-01	-1.0224286394e+00
7.7863535692e-01	-1.0223186380e+00
7.7846746388e-01	-1.0222086843e+00
7.7829893007e-01	-1.0220987921e+00
7.7812975082e-01	-1.0219889713e+00
7.7795992121e-01	-1.0218792290e+00
7.7778943757e-01	-1.0217695706e+00
7.7761829972e-01	-1.0216600011e+00
7.7744650799e-01	-1.0215505251e+00
7.7727406137e-01	-1.0214411467e+00
7.7710095340e-01	-1.0213318695e+00
7.7692717295e-01	-1.0212226960e+00
7.7675271534e-01	-1.0211133113e+00
7.7657757766e-01	-1.0210033691e+00
7.7640175087e-01	-1.0208933951e+00
7.7622517789e-01	-1.0207819059e+00
7.7604734898e-01	-1.0206529801e+00
7.7599871473e-01	-1.0205378548e+00
7.7598853158e-01	-1.0204700363e+00
7.7597832634e-01	-1.0203863390e+00
7.7596823481e-01	-1.0202964522e+00
7.7595825539e-01	-1.0202128707e+00
7.7594849137e-01	-1.0201486161e+00
7.7593899553e-01	-1.0201053511e+00
7.7592968499e-01	-1.0200755012e+00
7.7592041780e-01	-1.0200518642e+00
7.7591116623e-01	-1.0200312631e+00
7.7590201846e-01	-1.0200129726e+00
7.7589298860e-01	-1.0199963201e+00
7.7588401499e-01	-1.0199804480e+00
7.7587525602e-01	-1.0199661183e+00
7.7586694934e-01	-1.0199545987e+00
7.7585944537e-01	-1.0199478037e+00
7.7585357973e-01	-1.0199504177e+00
7.7585108111e-01	-1.0199724777e+00
7.7585523585e-01	-1.0200329115e+00
7.7587477933e-01	-1.0201819688e+00
7.7592022637e-01	-1.0204771556e+00
7.7599929634e-01	-1.0209612561e+00
7.7613094912e-01	-1.0217390224e+00
7.7634728328e-01	-1.0230009909e+00
7.7669032840e-01	-1.0250714704e+00
7.7661710563e-01	-1.0265133419e+00
7.7651713384e-01	-1.0264618378e+00
7.7641090066e-01	-1.0264024221e+00
7.7630138479e-01	-1.0263379537e+00
7.7618938788e-01	-1.0262703781e+00
7.7607244856e-01	-1.0262002523e+00
7.7595255201e-01	-1.0261283337e+00
7.7582823663e-01	-1.0260547055e+00
7.7569953456e-01	-1.0259795683e+00
7.7556433787e-01	-1.0259027671e+00
7.7542844585e-01	-1.0258252306e+00
7.7529208047e-01	-1.0257470767e+00
7.7515485297e-01	-1.0256683205e+00
7.7501650161e-01	-1.0255889832e+00
7.7487738432e-01	-1.0255091643e+00
7.7473756675e-01	-1.0254289152e+00
7.7459705041e-01	-1.0253482724e+00
7.7445583653e-01	-1.0252672685e+00
7.7431391430e-01	-1.0251859306e+00
7.7417126321e-01	-1.0251042818e+00
7.7402785223e-01	-1.0250223418e+00
7.7388362495e-01	-1.0249401247e+00
7.7373844359e-01	-1.0248576317e+00
7.7359200127e-01	-1.0247748390e+00
7.7344414507e-01	-1.0246917438e+00
7.7329572885e-01	-1.0246084861e+00
7.7314680341e-01	-1.0245250913e+00
7.7299736869e-01	-1.0244415766e+00
7.7284742524e-01	-1.0243579582e+00
7.7269697032e-01	-1.0242742496e+00
7.7254599650e-01	-1.0241904616e+00
7.7239449786e-01	-1.0241066018e+00
7.7224247153e-01	-1.0240226731e+00
7.7208991326e-01	-1.0239385768e+00
7.7193682062e-01	-1.0238537473e+00
7.7178318897e-01	-1.0237688157e+00
7.7162901426e-01	-1.0236837487e+00
7.7147429163e-01	-1.0235984975e+00
7.7131901602e-01	-1.0235129952e+00
7.7116318118e-01	-1.0234271538e+00
7.7100678131e-01	-1.0233408639e+00
7.7084980912e-01	-1.0232539932e+00
7.7069225836e-01	-1.0231663888e+00
7.7053412133e-01	-1.0230778798e+00
7.7037539162e-01	-1.0229882841e+00
7.7021606215e-01	-1.0228974154e+00
7.7005612716e-01	-1.0228050947e+00
7.6989558198e-01	-1.0227111606e+00
7.6973442266e-01	-1.0226154809e+00
7.6957264589e-01	-1.0225179626e+00
7.6941024958e-01	-1.0224185597e+00
7.6924723237e-01	-1.0223172765e+00
7.6908359322e-01	-1.0222141676e+00
7.6891933192e-01	-1.0221093334e+00
7.6875444831e-01	-1.0220029115e+00
7.6858894168e-01	-1.0218950659e+00
7.6842281105e-01	-1.0217859767e+00
7.6825605597e-01	-1.0216758295e+00
7.6808867452e-01	-1.0215648045e+00
7.6792066534e-01	-1.0214530711e+00
7.6775202602e-01	-1.0213407819e+00
7.6758275402e-01	-1.0212280702e+00
7.6741284594e-01	-1.0211150489e+00
7.6724229721e-01	-1.0210018112e+00
7.6707110390e-01	-1.0208884323e+00
7.6689926154e-01	-1.0207749710e+00
7.6672676586e-01	-1.0206614725e+00
7.6655361428e-01	-1.0205479712e+00
7.6637980275e-01	-1.0204344923e+00
7.6620532627e-01	-1.0203210535e+00
7.6603017991e-01	-1.0202076674e+00
7.6585436049e-01	-1.0200943434e+00
7.6567786786e-01	-1.0199810884e+00
7.6550070242e-01	-1.0198679080e+00
7.6532286290e-01	-1.0197548066e+00
7.6514434244e-01	-1.0196417874e+00
7.6496512932e-01	-1.0195288522e+00
7.6478521891e-01	-1.0194157573e+00
7.6460460847e-01	-1.0193019973e+00
7.6442329393e-01	-1.0191883340e+00
7.6424127037e-01	-1.0190747596e+00
7.6405852832e-01	-1.0189611437e+00
7.6387501035e-01	-1.0188460322e+00
7.6369020421e-01	-1.0187138154e+00
7.6363595507e-01	-1.0185922952e+00
7.6362525562e-01	-1.0185224585e+00
7.6361454030e-01	-1.0184368365e+00
7.6360395220e-01	-1.0183458427e+00
7.6359347910e-01	-1.0182620600e+00
7.6358323801e-01	-1.0181983501e+00
7.6357327329e-01	-1.0181554215e+00
7.6356349863e-01	-1.0181254622e+00
7.6355375580e-01	-1.0181014105e+00
7.6354404040e-01	-1.0180803075e+00
7.6353443946e-01	-1.0180614952e+00
7.6352497214e-01	-1.0180443518e+00
7.6351556541e-01	-1.0180279659e+00
7.6350643625e-01	-1.0180134145e+00
7.6349785502e-01	-1.0180020709e+00
7.6349026217e-01	-1.0179962382e+00
7.6348474058e-01	-1.0180017586e+00
7.6348343764e-01	-1.0180304977e+00
7.6349052411e-01	-1.0181053552e+00
7.6351763788e-01	-1.0182901305e+00
7.6356996731e-01	-1.0186072368e+00
7.6365948103e-01	-1.0191251879e+00
7.6380772781e-01	-1.0199570189e+00
7.6405042038e-01	-1.0213048313e+00
7.6442425596e-01	-1.0235147819e+00
7.6432749076e-01	-1.0247591564e+00
7.6422566755e-01	-1.0247048728e+00
7.6411701982e-01	-1.0246424825e+00
7.6400523608e-01	-1.0245750962e+00
7.6389070419e-01	-1.0245045943e+00
7.6377061266e-01	-1.0244314602e+00
7.6364821240e-01	-1.0243566308e+00
7.6352042039e-01	-1.0242799478e+00
7.6338700233e-01	-1.0242015716e+00
7.6324896434e-01	-1.0241217889e+00
7.6311044773e-01	-1.0240413054e+00
7.6297142930e-01	-1.0239602039e+00
7.6283114209e-01	-1.0238784437e+00
7.6268990832e-01	-1.0237961291e+00
7.6254791686e-01	-1.0237133362e+00
7.6240517669e-01	-1.0236301081e+00
7.6226170940e-01	-1.0235464845e+00
7.6211750823e-01	-1.0234624962e+00
7.6197254520e-01	-1.0233781681e+00
7.6182679037e-01	-1.0232935216e+00
7.6168019510e-01	-1.0232085736e+00
7.6153265882e-01	-1.0231233316e+00
7.6138391283e-01	-1.0230377773e+00
7.6123352526e-01	-1.0229518680e+00
7.6108241398e-01	-1.0228657559e+00
7.6093078525e-01	-1.0227794900e+00
7.6077863936e-01	-1.0226930882e+00
7.6062597726e-01	-1.0226065679e+00
7.6047279663e-01	-1.0225199445e+00
7.6031908979e-01	-1.0224332306e+00
7.6016485010e-01	-1.0223464368e+00
7.6001007474e-01	-1.0222595700e+00
7.5985476007e-01	-1.0221724180e+00
7.5969890327e-01	-1.0220846358e+00
7.5954250014e-01	-1.0219967700e+00
7.5938554688e-01	-1.0219087994e+00
7.5922803857e-01	-1.0218206892e+00
7.5906997045e-01	-1.0217323894e+00
7.5891133690e-01	-1.0216438310e+00
7.5875213229e-01	-1.0215549247e+00
7.5859235022e-01	-1.0214655584e+00
7.5843198356e-01	-1.0213755973e+00
7.5827102482e-01	-1.0212848853e+00
7.5810946725e-01	-1.0211932493e+00
7.5794730317e-01	-1.0211005042e+00
7.5778452610e-01	-1.0210064621e+00
7.5762113033e-01	-1.0209109428e+00
7.5745711012e-01	-1.0208137844e+00
7.5729246190e-01	-1.0207148562e+00
7.5712718228e-01	-1.0206140675e+00
7.5696126912e-01	-1.0205113762e+00
7.5679472107e-01	-1.0204067912e+00
7.5662753730e-01	-1.0203003727e+00
7.5645971737e-01	-1.0201922259e+00
7.5629126039e-01	-1.0200824933e+00
7.5612216684e-01	-1.0199713437e+00
7.5595243550e-01	-1.0198589600e+00
7.5578206532e-01	-1.0197455295e+00
7.5561105461e-01	-1.0196312336e+00
7.5543940192e-01	-1.0195162415e+00
7.5526710426e-01	-1.0194007047e+00
7.5509415732e-01	-1.0192847545e+00
7.5492055748e-01	-1.0191685020e+00
7.5474630046e-01	-1.0190520382e+00
7.5457138288e-01	-1.0189354360e+00
7.5439580131e-01	-1.0188187522e+00
7.5421955248e-01	-1.0187020306e+00
7.5404263084e-01	-1.0185853028e+00
7.5386503192e-01	-1.0184685924e+00
7.5368675310e-01	-1.0183519161e+00
7.5350779431e-01	-1.0182352864e+00
7.5332815608e-01	-1.0181187119e+00
7.5314783692e-01	-1.0180021989e+00
7.5296682966e-01	-1.0178857513e+00
7.5278512206e-01	-1.0177693710e+00
7.5260270933e-01	-1.0176528773e+00
7.5241958903e-01	-1.0175356071e+00
7.5223575675e-01	-1.0174184157e+00
7.5205120838e-01	-1.0173013072e+00
7.5186593910e-01	-1.0171842845e+00
7.5167994365e-01	-1.0170673379e+00
7.5149321205e-01	-1.0169503222e+00
7.5130567961e-01	-1.0168316210e+00
7.5111677417e-01	-1.0166939090e+00
7.5106734184e-01	-1.0165739923e+00
7.5105623753e-01	-1.0165018946e+00
7.5104512574e-01	-1.0164141944e+00
7.5103415705e-01	-1.0163221350e+00
7.5102330116e-01	-1.0162382920e+00
7.5101269527e-01	-1.0161753372e+00
7.5100237296e-01	-1.0161328644e+00
7.5099224502e-01	-1.0161028487e+00
7.5098213031e-01	-1.0160782135e+00
7.5097205796e-01	-1.0160565791e+00
7.5096210906e-01	-1.0160372046e+00
7.5095230647e-01	-1.0160195128e+00
7.5094255821e-01	-1.0160025041e+00
7.5093314301e-01	-1.0159875781e+00
7.5092435020e-01	-1.0159761435e+00
7.5091669490e-01	-1.0159708046e+00
7.5091146149e-01	-1.0159783015e+00
7.5091114748e-01	-1.0160119364e+00
7.5092087252e-01	-1.0160988398e+00
7.5095445313e-01	-1.0163121600e+00
7.5101615067e-01	-1.0166678339e+00
7.5112073009e-01	-1.0172475302e+00
7.5129332869e-01	-1.0181781022e+00
7.5157590211e-01	-1.0196859776e+00
7.5198791673e-01	-1.0221584368e+00
7.5183141369e-01	-1.0229375916e+00
7.5172727617e-01	-1.0228800278e+00
7.5161623772e-01	-1.0228143283e+00
7.5150205722e-01	-1.0227437765e+00
7.5138421353e-01	-1.0226700549e+00
7.5126131211e-01	-1.0225938037e+00
7.5113561261e-01	-1.0225158049e+00
7.5100433382e-01	-1.0224359265e+00
7.5086599611e-01	-1.0223541404e+00
7.5072532562e-01	-1.0222712810e+00
7.5058416700e-01	-1.0221877268e+00
7.5044223706e-01	-1.0221035212e+00
7.5029893650e-01	-1.0220186449e+00
7.5015475749e-01	-1.0219332276e+00
7.5000981186e-01	-1.0218473342e+00
7.4986409852e-01	-1.0217610059e+00
7.4971761744e-01	-1.0220747515e+00
7.4716291963e-01	-1.0220018091e+00
7.4711928948e-01	-1.0219688603e+00
7.4707821772e-01	-1.0219312165e+00
7.4703974645e-01	-1.0218915387e+00
7.4700397606e-01	-1.0218523684e+00
7.4697104227e-01	-1.0218151547e+00
7.4694113105e-01	-1.0217805653e+00
7.4691449745e-01	-1.0217488652e+00
7.4684697984e-01	-1.0217135602e+00
7.4670204940e-01	-1.0216688673e+00
7.4655545331e-01	-1.0216260376e+00
7.4640670892e-01	-1.0215860065e+00
7.4625600038e-01	-1.0215453620e+00
7.4610310307e-01	-1.0214962635e+00
7.4594906968e-01	-1.0214337383e+00
7.4579435008e-01	-1.0213574249e+00
7.4563898272e-01	-1.0212694759e+00
7.4548299306e-01	-1.0211726431e+00
7.4532639641e-01	-1.0210693860e+00
7.4516919307e-01	-1.0209616329e+00
7.4501138700e-01	-1.0208508080e+00
7.4485298085e-01	-1.0207373730e+00
7.4469397654e-01	-1.0206220707e+00
7.4453437363e-01	-1.0205059190e+00
7.4437417066e-01	-1.0203892625e+00
7.4421336536e-01	-1.0202723355e+00
7.4405195496e-01	-1.0201552964e+00
7.4388993625e-01	-1.0200382515e+00
7.4372730579e-01	-1.0199212719e+00
7.4356405992e-01	-1.0198044053e+00
7.4340019479e-01	-1.0196876827e+00
7.4323570614e-01	-1.0195711165e+00
7.4307058589e-01	-1.0194546206e+00
7.4290478793e-01	-1.0193371135e+00
7.4273789679e-01	-1.0192069031e+00
7.4266387254e-01	-1.0190595551e+00
7.4265355398e-01	-1.0189885308e+00
7.4264325547e-01	-1.0189040177e+00
7.4263311733e-01	-1.0188173884e+00
7.4262309183e-01	-1.0187400412e+00
7.4261328388e-01	-1.0186819773e+00
7.4260373895e-01	-1.0186421091e+00
7.4259437593e-01	-1.0186130411e+00
7.4258501887e-01	-1.0185886015e+00
7.4257568915e-01	-1.0185667589e+00
7.4256648557e-01	-1.0185470398e+00
7.4255743220e-01	-1.0185289401e+00
7.4254842926e-01	-1.0185114905e+00
7.4253975542e-01	-1.0184960301e+00
7.4253171266e-01	-1.0184839944e+00
7.4252481343e-01	-1.0184779019e+00
7.4252033928e-01	-1.0184842612e+00
7.4252081867e-01	-1.0185161108e+00
7.4253140471e-01	-1.0185995808e+00
7.4256614007e-01	-1.0188065105e+00
7.4262918602e-01	-1.0191535631e+00
7.4273569658e-01	-1.0197230452e+00
7.4290834744e-01	-1.0206518345e+00
7.4303571066e-01	-1.0221415555e+00
7.4288442304e-01	-1.0224050872e+00
7.4278987572e-01	-1.0223459366e+00
7.4268905155e-01	-1.0222787924e+00
7.4258410092e-01	-1.0222068135e+00
7.4247615273e-01	-1.0221318481e+00
7.4236180231e-01	-1.0220541900e+00
7.4224461016e-01	-1.0219747999e+00
7.4212137063e-01	-1.0218934683e+00
7.4199102654e-01	-1.0218102229e+00
7.4185903073e-01	-1.0217260125e+00
7.4172658111e-01	-1.0216411210e+00
7.4159312377e-01	-1.0215555497e+00
7.4145854605e-01	-1.0214693499e+00
7.4132317689e-01	-1.0213826273e+00
7.4118703097e-01	-1.0212954320e+00
7.4105013486e-01	-1.0212078089e+00
7.4091246964e-01	-1.0211197909e+00
7.4077401373e-01	-1.0210314064e+00
7.4063472493e-01	-1.0209426771e+00
7.4049450820e-01	-1.0208536144e+00
7.4035314957e-01	-1.0207642096e+00
7.4021011105e-01	-1.0206744040e+00
7.4006565795e-01	-1.0205842581e+00
7.3992071627e-01	-1.0204939307e+00
7.3977529149e-01	-1.0204034426e+00
7.3962938475e-01	-1.0203128127e+00
7.3948299532e-01	-1.0202220585e+00
7.3933611451e-01	-1.0201311951e+00
7.3918873575e-01	-1.0200402365e+00
7.3904085646e-01	-1.0199491948e+00
7.3889247359e-01	-1.0198576235e+00
7.3874358450e-01	-1.0197656159e+00
7.3859418592e-01	-1.0196735443e+00
7.3844427432e-01	-1.0195814042e+00
7.3829384614e-01	-1.0194891822e+00
7.3814289678e-01	-1.0193968536e+00
7.3799142215e-01	-1.0193043809e+00
7.3783941673e-01	-1.0192117088e+00
7.3768687519e-01	-1.0191187636e+00
7.3753379168e-01	-1.0190254495e+00
7.3738015931e-01	-1.0189316476e+00
7.3722597074e-01	-1.0188372156e+00
7.3707121913e-01	-1.0187419906e+00
7.3691589651e-01	-1.0186457920e+00
7.3675999591e-01	-1.0185484295e+00
7.3660351060e-01	-1.0184497113e+00
7.3644643461e-01	-1.0183494561e+00
7.3628876320e-01	-1.0182475049e+00
7.3613049224e-01	-1.0181437323e+00
7.3597161893e-01	-1.0180380573e+00
7.3581214151e-01	-1.0179304497e+00
7.3565205904e-01	-1.0178209330e+00
7.3549137114e-01	-1.0177095819e+00
7.3533007743e-01	-1.0175965156e+00
7.3516817856e-01	-1.0174818898e+00
7.3500567409e-01	-1.0173658821e+00
7.3484256333e-01	-1.0172486823e+00
7.3467884410e-01	-1.0171304813e+00
7.3451451325e-01	-1.0170114605e+00
7.3434956855e-01	-1.0168917873e+00
7.3418400819e-01	-1.0167716095e+00
7.3401782993e-01	-1.0166510539e+00
7.3385103064e-01	-1.0165302299e+00
7.3368360608e-01	-1.0164092169e+00
7.3351555235e-01	-1.0162880829e+00
7.3334686922e-01	-1.0161668807e+00
7.3317755694e-01	-1.0160456493e+00
7.3300761693e-01	-1.0159244179e+00
7.3283704891e-01	-1.0158032069e+00
7.3266584433e-01	-1.0156820295e+00
7.3249399070e-01	-1.0155608937e+00
7.3232148416e-01	-1.0154397798e+00
7.3214832148e-01	-1.0153176467e+00
7.3197449983e-01	-1.0151955708e+00
7.3180001485e-01	-1.0150735551e+00
7.3162486224e-01	-1.0149516023e+00
7.3144903775e-01	-1.0148297154e+00
7.3127253703e-01	-1.0147078977e+00
7.3109535574e-01	-1.0145861527e+00
7.3091748931e-01	-1.0144644824e+00
7.3073893258e-01	-1.0143428699e+00
7.3055967200e-01	-1.0142210864e+00
7.3037960552e-01	-1.0140966159e+00
7.3019786776e-01	-1.0139427178e+00
7.3017891820e-01	-1.0138454623e+00
7.3016773546e-01	-1.0137691410e+00
7.3015656168e-01	-1.0136779459e+00
7.3014556080e-01	-1.0135844894e+00
7.3013466833e-01	-1.0135009426e+00
7.3012406074e-01	-1.0134392738e+00
7.3011375117e-01	-1.0133973165e+00
7.3010364544e-01	-1.0133669197e+00
7.3009352210e-01	-1.0133412413e+00
7.3008346517e-01	-1.0133185527e+00
7.3007354848e-01	-1.0132980998e+00
7.3006380113e-01	-1.0132793703e+00
7.3005409727e-01	-1.0132612285e+00
7.3004481994e-01	-1.0132455504e+00
7.3003629528e-01	-1.0132338257e+00
7.3002916953e-01	-1.0132291523e+00
7.3002506289e-01	-1.0132396087e+00
7.3002707921e-01	-1.0132807698e+00
7.3004207058e-01	-1.0133868919e+00
7.3008722719e-01	-1.0136438711e+00
7.3016749117e-01	-1.0140702355e+00
7.3030180933e-01	-1.0147633454e+00
7.3052221150e-01	-1.0158757599e+00
7.3088125575e-01	-1.0176763123e+00
7.3120850300e-01	-1.0206057450e+00
7.3109444485e-01	-1.0206296604e+00
7.3099451223e-01	-1.0205668895e+00
7.3088782819e-01	-1.0204960217e+00
7.3077720851e-01	-1.0204204010e+00
7.3066310749e-01	-1.0203417491e+00
7.3054284059e-01	-1.0202604405e+00
7.3041855914e-01	-1.0201772239e+00
7.3028817393e-01	-1.0200920464e+00
7.3015067532e-01	-1.0200049376e+00
7.3001267679e-01	-1.0199170385e+00
7.2987414403e-01	-1.0198284486e+00
7.2973421708e-01	-1.0197391205e+00
7.2959330868e-01	-1.0196491850e+00
7.2945157367e-01	-1.0195587220e+00
7.2930903909e-01	-1.0194677832e+00
7.2916568932e-01	-1.0193764071e+00
7.2902151356e-01	-1.0192846276e+00
7.2887644059e-01	-1.0191924652e+00
7.2873041008e-01	-1.0190999386e+00
7.2858327661e-01	-1.0190070510e+00
7.2843459402e-01	-1.0189137575e+00
7.2828395797e-01	-1.0188200182e+00
7.2813271348e-01	-1.0187260596e+00
7.2798096333e-01	-1.0186319181e+00
7.2782870919e-01	-1.0185376135e+00
7.2767595146e-01	-1.0184431642e+00
7.2752268154e-01	-1.0183485865e+00
7.2736889138e-01	-1.0182538951e+00
7.2721457823e-01	-1.0181591037e+00
7.2705973873e-01	-1.0180637224e+00
7.2690437039e-01	-1.0179679107e+00
7.2674846986e-01	-1.0178720281e+00
7.2659203405e-01	-1.0177760759e+00
7.2643505868e-01	-1.0176800487e+00
7.2627753998e-01	-1.0175839323e+00
7.2611947382e-01	-1.0174877017e+00
7.2596085494e-01	-1.0173913171e+00
7.2580167855e-01	-1.0172947228e+00
7.2564193833e-01	-1.0171978424e+00
7.2548162844e-01	-1.0171005785e+00
7.2532074141e-01	-1.0170028093e+00
7.2515927047e-01	-1.0169043905e+00
7.2499720768e-01	-1.0168051557e+00
7.2483454505e-01	-1.0167049218e+00
7.2467127534e-01	-1.0166034959e+00
7.2450739187e-01	-1.0165006845e+00
7.2434288812e-01	-1.0163963052e+00
7.2417775859e-01	-1.0162901984e+00
7.2401199978e-01	-1.0161822407e+00
7.2384560846e-01	-1.0160723535e+00
7.2367858269e-01	-1.0159605105e+00
7.2351092140e-01	-1.0158467395e+00
7.2334262406e-01	-1.0157311205e+00
7.2317369048e-01	-1.0156137779e+00
7.2300412056e-01	-1.0154948713e+00
7.2283391251e-01	-1.0153745821e+00
7.2266306358e-01	-1.0152531027e+00
7.2249157178e-01	-1.0151306253e+00
7.2231943617e-01	-1.0150073324e+00
7.2214665512e-01	-1.0148833910e+00
7.2197322597e-01	-1.0147589477e+00
7.2179914491e-01	-1.0146341278e+00
7.2162440858e-01	-1.0145090345e+00
7.2144901668e-01	-1.0143837518e+00
7.2127296982e-01	-1.0142583453e+00
7.2109626982e-01	-1.0141328657e+00
7.2091891646e-01	-1.0140073503e+00
7.2074090248e-01	-1.0138818253e+00
7.2056221365e-01	-1.0137563074e+00
7.2038284628e-01	-1.0136308081e+00
7.2020279621e-01	-1.0135043792e+00
7.2002206079e-01	-1.0133778145e+00
7.1984063560e-01	-1.0132512891e+00
7.1965851617e-01	-1.0131248060e+00
7.1947569802e-01	-1.0129983677e+00
7.1929217648e-01	-1.0128719766e+00
7.1910794713e-01	-1.0127456358e+00
7.1892300542e-01	-1.0126193482e+00
7.1873734684e-01	-1.0124931174e+00
7.1855096654e-01	-1.0123669451e+00
7.1836385875e-01	-1.0122408113e+00
7.1817600842e-01	-1.0121144572e+00
7.1798730066e-01	-1.0119850426e+00
7.1779911210e-01	-1.0118228414e+00
7.1778432476e-01	-1.0117302363e+00
7.1777253442e-01	-1.0116514015e+00
7.1776076350e-01	-1.0115579923e+00
7.1774918265e-01	-1.0114634207e+00
7.1773770471e-01	-1.0113797101e+00
7.1772653087e-01	-1.0113185222e+00
7.1771566006e-01	-1.0112766811e+00
7.1770499669e-01	-1.0112459401e+00
7.1769429242e-01	-1.0112195362e+00
7.1768367571e-01	-1.0111961590e+00
7.1767320994e-01	-1.0111750064e+00
7.1766291104e-01	-1.0111555055e+00
7.1765268421e-01	-1.0111367218e+00
7.1764294103e-01	-1.0111206137e+00
7.1763405019e-01	-1.0111088335e+00
7.1762677342e-01	-1.0111049384e+00
7.1762300681e-01	-1.0111181574e+00
7.1762636224e-01	-1.0111660966e+00
7.1764532137e-01	-1.0112899702e+00
7.1769991599e-01	-1.0115870799e+00
7.1779577069e-01	-1.0120781767e+00
7.1795539135e-01	-1.0128750433e+00
7.1821748643e-01	-1.0141525277e+00
7.1864475649e-01	-1.0162251734e+00
7.1882230853e-01	-1.0187635907e+00
7.1871577872e-01	-1.0187007942e+00
7.1860331347e-01	-1.0186289778e+00
7.1848491658e-01	-1.0185508862e+00
7.1836324447e-01	-1.0184692163e+00
7.1823511411e-01	-1.0183845490e+00
7.1810333943e-01	-1.0182978605e+00
7.1796501121e-01	-1.0182090183e+00
7.1781876044e-01	-1.0181180225e+00
7.1767130370e-01	-1.0180260701e+00
7.1752332067e-01	-1.0179333837e+00
7.1737387859e-01	-1.0178399105e+00
7.1722333124e-01	-1.0177457795e+00
7.1707186963e-01	-1.0176510818e+00
7.1691954149e-01	-1.0175558758e+00
7.1676632799e-01	-1.0174602023e+00
7.1661221305e-01	-1.0173640963e+00
7.1645709302e-01	-1.0172675747e+00
7.1630095610e-01	-1.0171706649e+00
7.1614355119e-01	-1.0170733541e+00
7.1598425116e-01	-1.0169755683e+00
7.1582310932e-01	-1.0168773387e+00
7.1566141107e-01	-1.0167788873e+00
7.1549917033e-01	-1.0166802374e+00
7.1533638927e-01	-1.0165814093e+00
7.1517306594e-01	-1.0164824211e+00
7.1500918777e-01	-1.0163832887e+00
7.1484475019e-01	-1.0162840273e+00
7.1467974923e-01	-1.0161845438e+00
7.1451418255e-01	-1.0160841822e+00
7.1434804654e-01	-1.0159837300e+00
7.1418133789e-01	-1.0158831951e+00
7.1401405314e-01	-1.0157825810e+00
7.1384618814e-01	-1.0156818850e+00
7.1367773846e-01	-1.0155810967e+00
7.1350869983e-01	-1.0154801953e+00
7.1333906735e-01	-1.0153791473e+00
7.1316883564e-01	-1.0152779034e+00
7.1299799877e-01	-1.0151763956e+00
7.1282655026e-01	-1.0150745344e+00
7.1265448305e-01	-1.0149722071e+00
7.1248178992e-01	-1.0148692775e+00
7.1230846261e-01	-1.0147655861e+00
7.1213449301e-01	-1.0146609541e+00
7.1195987308e-01	-1.0145551896e+00
7.1178459484e-01	-1.0144480953e+00
7.1160865150e-01	-1.0143394807e+00
7.1143203757e-01	-1.0142291739e+00
7.1125474769e-01	-1.0141170336e+00
7.1107677809e-01	-1.0140029611e+00
7.1089812612e-01	-1.0138869081e+00
7.1071879010e-01	-1.0137688816e+00
7.1053876904e-01	-1.0136489425e+00
7.1035806241e-01	-1.0135272003e+00
7.1017666724e-01	-1.0134038038e+00
7.0999458134e-01	-1.0132789299e+00
7.0981180367e-01	-1.0131527705e+00
7.0962833358e-01	-1.0130255213e+00
7.0944416938e-01	-1.0128973713e+00
7.0925930821e-01	-1.0127684954e+00
7.0907374689e-01	-1.0126390490e+00
7.0888748377e-01	-1.0125091664e+00
7.0870051987e-01	-1.0123789601e+00
7.0851285664e-01	-1.0122485214e+00
7.0832449499e-01	-1.0121179226e+00
7.0813543367e-01	-1.0119872186e+00
7.0794565999e-01	-1.0118564490e+00
7.0775516367e-01	-1.0117256414e+00
7.0756393932e-01	-1.0115946124e+00
7.0737198540e-01	-1.0114626223e+00
7.0717929757e-01	-1.0113306399e+00
7.0698587110e-01	-1.0111986715e+00
7.0679170118e-01	-1.0110667212e+00
7.0659678282e-01	-1.0109347919e+00
7.0640111132e-01	-1.0108028858e+00
7.0620468194e-01	-1.0106710055e+00
7.0600748957e-01	-1.0105391531e+00
7.0580952928e-01	-1.0104073315e+00
7.0561079604e-01	-1.0102755439e+00
7.0541128468e-01	-1.0101437932e+00
7.0521099003e-01	-1.0100120748e+00
7.0500990277e-01	-1.0098802948e+00
7.0480797573e-01	-1.0097473986e+00
7.0460478604e-01	-1.0096020173e+00
7.0450482840e-01	-1.0094298179e+00
7.0449222028e-01	-1.0093498496e+00
7.0447962896e-01	-1.0092549038e+00
7.0446723265e-01	-1.0091585126e+00
7.0445495152e-01	-1.0090732007e+00
7.0444297196e-01	-1.0090104445e+00
7.0443131072e-01	-1.0089673554e+00
7.0441986882e-01	-1.0089355359e+00
7.0440838629e-01	-1.0089081263e+00
7.0439699526e-01	-1.0088837870e+00
7.0438576913e-01	-1.0088617453e+00
7.0437472449e-01	-1.0088414116e+00
7.0436377691e-01	-1.0088219052e+00
7.0435337876e-01	-1.0088053168e+00
7.0434395840e-01	-1.0087935229e+00
7.0433642290e-01	-1.0087906410e+00
7.0433299644e-01	-1.0088071789e+00
7.0433793787e-01	-1.0088632522e+00
7.0436155903e-01	-1.0090074128e+00
7.0442580925e-01	-1.0093423173e+00
7.0455216887e-01	-1.0098963133e+00
7.0464222446e-01	-1.0099820195e+00
7.0473526621e-01	-1.0100720486e+00
7.0483384432e-01	-1.0101693271e+00
7.0494345908e-01	-1.0102799971e+00
7.0508003782e-01	-1.0104215405e+00
7.0524273737e-01	-1.0105942792e+00
7.0535626127e-01	-1.0107159748e+00
7.0545047227e-01	-1.0108165856e+00
7.0553563089e-01	-1.0109064896e+00
7.0558104752e-01	-1.0109880884e+00
7.0559502185e-01	-1.0110521443e+00
7.0561241209e-01	-1.0111320282e+00
7.0563261981e-01	-1.0112241468e+00
7.0565252417e-01	-1.0113147807e+00
7.0567438965e-01	-1.0114142606e+00
7.0569512216e-01	-1.0115094623e+00
7.0571848286e-01	-1.0116169115e+00
7.0574457629e-01	-1.0117368442e+00
7.0577035665e-01	-1.0118567223e+00
7.0579786382e-01	-1.0119886679e+00
7.0582328270e-01	-1.0121169495e+00
7.0585483555e-01	-1.0122701366e+00
7.0588841708e-01	-1.0124263870e+00
7.0592604667e-01	-1.0126052365e+00
7.0596082397e-01	-1.0127772644e+00
7.0599752915e-01	-1.0129714898e+00
7.0603299223e-01	-1.0131871235e+00
7.0608470669e-01	-1.0134346553e+00
7.0613403111e-01	-1.0136796515e+00
7.0618887994e-01	-1.0139701380e+00
7.0624262672e-01	-1.0142961352e+00
7.0631101020e-01	-1.0146859888e+00
7.0638537928e-01	-1.0150915724e+00
7.0645885621e-01	-1.0156479360e+00
7.0648278839e-01	-1.0163505145e+00
7.0630937676e-01	-1.0167839225e+00
7.0620642567e-01	-1.0167158857e+00
7.0609590167e-01	-1.0166391198e+00
7.0598129499e-01	-1.0165573232e+00
7.0586195950e-01	-1.0164721815e+00
7.0573711263e-01	-1.0163843993e+00
7.0560675248e-01	-1.0162944165e+00
7.0546824286e-01	-1.0162020882e+00
7.0532578942e-01	-1.0161082711e+00
7.0518284694e-01	-1.0160136533e+00
7.0503878837e-01	-1.0159182429e+00
7.0489333767e-01	-1.0158220814e+00
7.0474690492e-01	-1.0157253031e+00
7.0459958328e-01	-1.0156279804e+00
7.0445136663e-01	-1.0155301605e+00
7.0430223647e-01	-1.0154318820e+00
7.0415211302e-01	-1.0153331678e+00
7.0400090443e-01	-1.0152340349e+00
7.0384841305e-01	-1.0151344798e+00
7.0369392416e-01	-1.0150344138e+00
7.0353748490e-01	-1.0149338681e+00
7.0338051105e-01	-1.0148330910e+00
7.0322301755e-01	-1.0147321069e+00
7.0306500797e-01	-1.0146309366e+00
7.0290647720e-01	-1.0145295984e+00
7.0274741294e-01	-1.0144281083e+00
7.0258781137e-01	-1.0143264819e+00
7.0242766867e-01	-1.0142243220e+00
7.0226698272e-01	-1.0141215526e+00
7.0210575023e-01	-1.0140186885e+00
7.0194396781e-01	-1.0139157396e+00
7.0178163217e-01	-1.0138127120e+00
7.0161873937e-01	-1.0137096069e+00
7.0145528550e-01	-1.0136064189e+00
7.0129126604e-01	-1.0135031335e+00
7.0112667667e-01	-1.0133997256e+00
7.0096151269e-01	-1.0132961559e+00
7.0079576830e-01	-1.0131923679e+00
7.0062943743e-01	-1.0130882851e+00
7.0046251346e-01	-1.0129838089e+00
7.0029498917e-01	-1.0128788167e+00
7.0012685658e-01	-1.0127731617e+00
6.9995810800e-01	-1.0126666753e+00
6.9978873565e-01	-1.0125591713e+00
6.9961873095e-01	-1.0127069591e+00
7.0181010826e-01	-1.0125566144e+00
7.0165219860e-01	-1.0124580016e+00
7.0149370631e-01	-1.0123551292e+00
7.0133461981e-01	-1.0122490670e+00
7.0117493228e-01	-1.0121402862e+00
7.0101463817e-01	-1.0120290010e+00
7.0085373485e-01	-1.0119153255e+00
7.0069221699e-01	-1.0117993479e+00
7.0053008135e-01	-1.0116811694e+00
7.0036732814e-01	-1.0115609198e+00
7.0020395790e-01	-1.0114387606e+00
7.0003996993e-01	-1.0113148796e+00
6.9987536440e-01	-1.0111894835e+00
6.9971013999e-01	-1.0110627849e+00
6.9954429819e-01	-1.0109349946e+00
6.9937784308e-01	-1.0108063123e+00
6.9921077778e-01	-1.0106769189e+00
6.9904310627e-01	-1.0105469740e+00
6.9887482744e-01	-1.0104166123e+00
6.9870592645e-01	-1.0102859429e+00
6.9853639634e-01	-1.0101550536e+00
6.9836623345e-01	-1.0100239463e+00
6.9819543617e-01	-1.0098916091e+00
6.9802400152e-01	-1.0097592136e+00
6.9785192553e-01	-1.0096267879e+00
6.9767920413e-01	-1.0094943520e+00
6.9750583315e-01	-1.0093619190e+00
6.9733180838e-01	-1.0092294977e+00
6.9715712552e-01	-1.0090970940e+00
6.9698178029e-01	-1.0089647117e+00
6.9680576832e-01	-1.0088323536e+00
6.9662908509e-01	-1.0087000220e+00
6.9645172648e-01	-1.0085677196e+00
6.9627368793e-01	-1.0084354490e+00
6.9609496498e-01	-1.0083032134e+00
6.9591555312e-01	-1.0081710163e+00
6.9573544779e-01	-1.0080388606e+00
6.9555464385e-01	-1.0079067355e+00
6.9537313034e-01	-1.0077744807e+00
6.9519083493e-01	-1.0076403162e+00
6.9500711938e-01	-1.0074851930e+00
6.9495351701e-01	-1.0073432915e+00
6.9494147080e-01	-1.0072600137e+00
6.9492946338e-01	-1.0071623160e+00
6.9491766888e-01	-1.0070648381e+00
6.9490595983e-01	-1.0069796750e+00
6.9489456440e-01	-1.0069179755e+00
6.9488347448e-01	-1.0068753604e+00
6.9487259680e-01	-1.0068433956e+00
6.9486163324e-01	-1.0068153270e+00
6.9485078942e-01	-1.0067904133e+00
6.9484011415e-01	-1.0067677693e+00
6.9482958793e-01	-1.0067466613e+00
6.9481918639e-01	-1.0067266124e+00
6.9480934742e-01	-1.0067096546e+00
6.9480051096e-01	-1.0066978506e+00
6.9479361062e-01	-1.0066958376e+00
6.9479096779e-01	-1.0067157878e+00
6.9479802308e-01	-1.0067874795e+00
6.9484237925e-01	-1.0070636115e+00
6.9492394850e-01	-1.0075284626e+00
6.9505017297e-01	-1.0082336444e+00
6.9525052940e-01	-1.0093432547e+00
6.9558302074e-01	-1.0111258975e+00
6.9610873976e-01	-1.0140463577e+00
6.9597974978e-01	-1.0150172842e+00
6.9587742509e-01	-1.0149474628e+00
6.9576712159e-01	-1.0148684197e+00
6.9565243833e-01	-1.0147840099e+00
6.9553291076e-01	-1.0146961017e+00
6.9540754530e-01	-1.0146054235e+00
6.9527626116e-01	-1.0145124264e+00
6.9513626655e-01	-1.0144169441e+00
6.9499301495e-01	-1.0143200543e+00
6.9484927302e-01	-1.0142223490e+00
6.9470403685e-01	-1.0141237761e+00
6.9455751014e-01	-1.0140244560e+00
6.9441000175e-01	-1.0139245095e+00
6.9426157500e-01	-1.0138240054e+00
6.9411217864e-01	-1.0137229845e+00
6.9396177657e-01	-1.0136214829e+00
6.9381033786e-01	-1.0135195318e+00
6.9365766585e-01	-1.0134171310e+00
6.9350338160e-01	-1.0133142472e+00
6.9334659506e-01	-1.0132107613e+00
6.9318883721e-01	-1.0131069462e+00
6.9303055667e-01	-1.0130028980e+00
6.9287175813e-01	-1.0128986393e+00
6.9271244088e-01	-1.0127941899e+00
6.9255259120e-01	-1.0126895668e+00
6.9239220315e-01	-1.0125847859e+00
6.9223127347e-01	-1.0124796206e+00
6.9206980009e-01	-1.0123736261e+00
6.9190777955e-01	-1.0122675192e+00
6.9174520824e-01	-1.0121613120e+00
6.9158208319e-01	-1.0120550147e+00
6.9141840033e-01	-1.0119486333e+00
6.9125415615e-01	-1.0118421694e+00
6.9108934696e-01	-1.0117356182e+00
6.9092396825e-01	-1.0116289657e+00
6.9075801497e-01	-1.0115221871e+00
6.9059148310e-01	-1.0114152444e+00
6.9042436669e-01	-1.0113080819e+00
6.9025665946e-01	-1.0112006242e+00
6.9008835546e-01	-1.0110927738e+00
6.8991944731e-01	-1.0109844090e+00
6.8974992712e-01	-1.0108753834e+00
6.8957978764e-01	-1.0107655288e+00
6.8940902020e-01	-1.0106546572e+00
6.8923761757e-01	-1.0105425703e+00
6.8906557201e-01	-1.0104290670e+00
6.8889287634e-01	-1.0103139564e+00
6.8871952575e-01	-1.0101970709e+00
6.8854551518e-01	-1.0100782782e+00
6.8837084118e-01	-1.0099574928e+00
6.8819550089e-01	-1.0098346834e+00
6.8801948810e-01	-1.0097098747e+00
6.8784280142e-01	-1.0095831470e+00
6.8766544089e-01	-1.0094546279e+00
6.8748740594e-01	-1.0093244816e+00
6.8730869520e-01	-1.0091928964e+00
6.8712930744e-01	-1.0090600713e+00
6.8694924218e-01	-1.0089262053e+00
6.8676850309e-01	-1.0087914878e+00
6.8658709326e-01	-1.0086560913e+00
6.8640501737e-01	-1.0085201670e+00
6.8622227540e-01	-1.0083838430e+00
6.8603885367e-01	-1.0082472219e+00
6.8585474095e-01	-1.0081103857e+00
6.8566993423e-01	-1.0079733974e+00
6.8548443030e-01	-1.0078351811e+00
6.8529822644e-01	-1.0076967924e+00
6.8511131820e-01	-1.0075583627e+00
6.8492370084e-01	-1.0074199093e+00
6.8473537020e-01	-1.0072814440e+00
6.8454632138e-01	-1.0071429740e+00
6.8435654964e-01	-1.0070045039e+00
6.8416605022e-01	-1.0068660367e+00
6.8397481796e-01	-1.0067275743e+00
6.8378284869e-01	-1.0065891191e+00
6.8359013723e-01	-1.0064506730e+00
6.8339667867e-01	-1.0063122385e+00
6.8320246792e-01	-1.0061738183e+00
6.8300750017e-01	-1.0060354158e+00
6.8281177035e-01	-1.0058970335e+00
6.8261527288e-01	-1.0057586575e+00
6.8241799493e-01	-1.0056200956e+00
6.8221985147e-01	-1.0054792344e+00
6.8202010461e-01	-1.0053134265e+00
6.8197442984e-01	-1.0051782994e+00
6.8196146349e-01	-1.0050921634e+00
6.8194855136e-01	-1.0049921837e+00
6.8193587244e-01	-1.0048938528e+00
6.8192326679e-01	-1.0048088563e+00
6.8191099614e-01	-1.0047478214e+00
6.8189903311e-01	-1.0047052875e+00
6.8188728582e-01	-1.0046728683e+00
6.8187542087e-01	-1.0046439308e+00
6.8186371014e-01	-1.0046182280e+00
6.8185218705e-01	-1.0045948076e+00
6.8184081102e-01	-1.0045728444e+00
6.8182964313e-01	-1.0045522955e+00
6.8181915933e-01	-1.0045352990e+00
6.8180991552e-01	-1.0045243892e+00
6.8180317919e-01	-1.0045255392e+00
6.8180192369e-01	-1.0045530170e+00
6.8181190803e-01	-1.0046343990e+00
6.8184892960e-01	-1.0048451671e+00
6.8191774540e-01	-1.0052004581e+00
6.8203475310e-01	-1.0057809124e+00
6.8222827950e-01	-1.0067186944e+00
6.8254711186e-01	-1.0082206543e+00
6.8307006603e-01	-1.0106479944e+00
6.8320489990e-01	-1.0129377667e+00
6.8309140513e-01	-1.0128652934e+00
6.8296972869e-01	-1.0127828684e+00
6.8284268948e-01	-1.0126941737e+00
6.8271093257e-01	-1.0126016542e+00
6.8257267330e-01	-1.0125060741e+00
6.8242838294e-01	-1.0124080421e+00
6.8227494510e-01	-1.0123073573e+00
6.8211803097e-01	-1.0122051720e+00
6.8196057406e-01	-1.0121021269e+00
6.8180139268e-01	-1.0119981436e+00
6.8164084928e-01	-1.0118933744e+00
6.8147926063e-01	-1.0117879464e+00
6.8131661920e-01	-1.0116819193e+00
6.8115289789e-01	-1.0115753397e+00
6.8098809863e-01	-1.0114682514e+00
6.8082209328e-01	-1.0113606702e+00
6.8065464135e-01	-1.0112525889e+00
6.8048509486e-01	-1.0111439282e+00
6.8031305895e-01	-1.0110346488e+00
6.8014038302e-01	-1.0109250831e+00
6.7996713214e-01	-1.0108152659e+00
6.7979330999e-01	-1.0107052196e+00
6.7961890718e-01	-1.0105949625e+00
6.7944391100e-01	-1.0104845112e+00
6.7926831829e-01	-1.0103738821e+00
6.7909212537e-01	-1.0102622164e+00
6.7891532929e-01	-1.0101503015e+00
6.7873792672e-01	-1.0100382543e+00
6.7855991336e-01	-1.0099260870e+00
6.7838128547e-01	-1.0098138098e+00
6.7820203943e-01	-1.0097014297e+00
6.7802217080e-01	-1.0095889490e+00
6.7784167523e-01	-1.0094763639e+00
6.7766054848e-01	-1.0093636626e+00
6.7747878556e-01	-1.0092508228e+00
6.7729638131e-01	-1.0091378088e+00
6.7711332966e-01	-1.0090245684e+00
6.7692962373e-01	-1.0089110301e+00
6.7674525774e-01	-1.0087971009e+00
6.7656022369e-01	-1.0086826630e+00
6.7637451332e-01	-1.0085675741e+00
6.7618811892e-01	-1.0084516687e+00
6.7600103128e-01	-1.0083347606e+00
6.7581324230e-01	-1.0082166507e+00
6.7562474427e-01	-1.0080971355e+00
6.7543552938e-01	-1.0079760184e+00
6.7524559118e-01	-1.0078531234e+00
6.7505492358e-01	-1.0077283073e+00
6.7486352253e-01	-1.0076014740e+00
6.7467137869e-01	-1.0074725782e+00
6.7447849097e-01	-1.0073416348e+00
6.7428485804e-01	-1.0072087141e+00
6.7409047817e-01	-1.0070739362e+00
6.7389535054e-01	-1.0069374614e+00
6.7369947302e-01	-1.0067994764e+00
6.7350284886e-01	-1.0066601820e+00
6.7330548194e-01	-1.0065197811e+00
6.7310737804e-01	-1.0063784686e+00
6.7290853924e-01	-1.0062364216e+00
6.7270896145e-01	-1.0060937955e+00
6.7250862659e-01	-1.0059507201e+00
6.7230753071e-01	-1.0058073032e+00
6.7210566781e-01	-1.0056631878e+00
6.7190303755e-01	-1.0055180626e+00
6.7169963534e-01	-1.0053728020e+00
6.7149545639e-01	-1.0052274437e+00
6.7129049578e-01	-1.0050820143e+00
6.7108474847e-01	-1.0049365320e+00
6.7087820930e-01	-1.0047910085e+00
6.7067087310e-01	-1.0046454515e+00
6.7046273460e-01	-1.0044998655e+00
6.7025378846e-01	-1.0043542534e+00
6.7004402929e-01	-1.0042086172e+00
6.6983345181e-01	-1.0040629585e+00
6.6962205053e-01	-1.0039172792e+00
6.6940982000e-01	-1.0037715815e+00
6.6919675471e-01	-1.0036258681e+00
6.6898284913e-01	-1.0034801420e+00
6.6876809764e-01	-1.0033344062e+00
6.6855249405e-01	-1.0031886538e+00
6.6833602842e-01	-1.0030427709e+00
6.6811864587e-01	-1.0028954792e+00
6.6789986307e-01	-1.0027330370e+00
6.6780096493e-01	-1.0025504210e+00
6.6778691030e-01	-1.0024620994e+00
6.6777291582e-01	-1.0023598669e+00
6.6775916752e-01	-1.0022596983e+00
6.6774549509e-01	-1.0021734526e+00
6.6773216633e-01	-1.0021114603e+00
6.6771915595e-01	-1.0020679557e+00
6.6770637061e-01	-1.0020344787e+00
6.6769345185e-01	-1.0020043589e+00
6.6768070692e-01	-1.0019775495e+00
6.6766816550e-01	-1.0019530650e+00
6.6765577309e-01	-1.0019299982e+00
6.6764363972e-01	-1.0019085106e+00
6.6763227530e-01	-1.0018907998e+00
6.6762231357e-01	-1.0018796051e+00
6.6761526664e-01	-1.0018816407e+00
6.6761455437e-01	-1.0019124974e+00
6.6762691180e-01	-1.0020027157e+00
6.6767149918e-01	-1.0022389661e+00
6.6775327718e-01	-1.0026360367e+00
6.6789154096e-01	-1.0032836178e+00
6.6811939380e-01	-1.0043284912e+00
6.6849104751e-01	-1.0059995434e+00
6.6909596226e-01	-1.0087035588e+00
6.6914475799e-01	-1.0105738547e+00
6.6902847693e-01	-1.0104972901e+00
6.6890342736e-01	-1.0104105941e+00
6.6877338322e-01	-1.0103178461e+00
6.6863756858e-01	-1.0102211643e+00
6.6849581240e-01	-1.0101215283e+00
6.6834674556e-01	-1.0100192150e+00
6.6818814443e-01	-1.0099141523e+00
6.6802803827e-01	-1.0098079161e+00
6.6786710393e-01	-1.0097007738e+00
6.6770418759e-01	-1.0095926445e+00
6.6754006017e-01	-1.0094837509e+00
6.6737478419e-01	-1.0093741772e+00
6.6720842942e-01	-1.0092639956e+00
6.6704096099e-01	-1.0091532508e+00
6.6687219911e-01	-1.0090419548e+00
6.6670207889e-01	-1.0089301334e+00
6.6653009255e-01	-1.0088177319e+00
6.6635515473e-01	-1.0087045930e+00
6.6617906430e-01	-1.0085910511e+00
6.6600238595e-01	-1.0084772282e+00
6.6582512569e-01	-1.0083631483e+00
6.6564727910e-01	-1.0082488320e+00
6.6546882920e-01	-1.0081342959e+00
6.6528977185e-01	-1.0080195566e+00
6.6511010365e-01	-1.0079038192e+00
6.6492982180e-01	-1.0077877127e+00
6.6474892206e-01	-1.0076714503e+00
6.6456740115e-01	-1.0075550462e+00
6.6438525464e-01	-1.0074385120e+00
6.6420247910e-01	-1.0073218577e+00
6.6401907013e-01	-1.0072050895e+00
6.6383502296e-01	-1.0070882089e+00
6.6365033406e-01	-1.0069712118e+00
6.6346499790e-01	-1.0068540849e+00
6.6327900960e-01	-1.0067368046e+00
6.6309236369e-01	-1.0066193338e+00
6.6290505453e-01	-1.0065016189e+00
6.6271707523e-01	-1.0063835860e+00
6.6252841834e-01	-1.0062651389e+00
6.6233907690e-01	-1.0061461575e+00
6.6214904200e-01	-1.0060264959e+00
6.6195830581e-01	-1.0059059854e+00
6.6176685877e-01	-1.0057844366e+00
6.6157469261e-01	-1.0056616474e+00
6.6138179953e-01	-1.0055374123e+00
6.6118817110e-01	-1.0054115329e+00
6.6099380150e-01	-1.0052838341e+00
6.6079867931e-01	-1.0051541733e+00
6.6060279910e-01	-1.0050224571e+00
6.6040615770e-01	-1.0048886460e+00
6.6020875339e-01	-1.0047527601e+00
6.6001058349e-01	-1.0046148756e+00
6.5981164648e-01	-1.0044751186e+00
6.5961194441e-01	-1.0043336548e+00
6.5941148294e-01	-1.0041906772e+00
6.5921026707e-01	-1.0040463898e+00
6.5900830192e-01	-1.0039009976e+00
6.5880558720e-01	-1.0037546949e+00
6.5860210517e-01	-1.0036076552e+00
6.5839784879e-01	-1.0034600314e+00
6.5819281410e-01	-1.0033118762e+00
6.5798699981e-01	-1.0031621491e+00
6.5778040236e-01	-1.0030121593e+00
6.5757301777e-01	-1.0028619736e+00
6.5736484100e-01	-1.0027116414e+00
6.5715586709e-01	-1.0025611988e+00
6.5694609093e-01	-1.0024106707e+00
6.5673550729e-01	-1.0022600742e+00
6.5652411046e-01	-1.0021094198e+00
6.5631189565e-01	-1.0019587148e+00
6.5609885747e-01	-1.0018079633e+00
6.5588499019e-01	-1.0016571677e+00
6.5567028828e-01	-1.0015063296e+00
6.5545474617e-01	-1.0013554507e+00
6.5523835825e-01	-1.0012045327e+00
6.5502111888e-01	-1.0010535777e+00
6.5480302237e-01	-1.0009025884e+00
6.5458406299e-01	-1.0007515681e+00
6.5436423490e-01	-1.0006005193e+00
6.5414353185e-01	-1.0004494330e+00
6.5392194212e-01	-1.0002981682e+00
6.5369939982e-01	-1.0001451585e+00
6.5347532351e-01	-9.9997361140e-01
6.5338990620e-01	-9.9979797260e-01
6.5337532713e-01	-9.9970639992e-01
6.5336082553e-01	-9.9960151143e-01
6.5334659335e-01	-9.9950017458e-01
6.5333242082e-01	-9.9941376200e-01
6.5331861882e-01	-9.9935210296e-01
6.5330513971e-01	-9.9930839092e-01
6.5329187265e-01	-9.9927414113e-01
6.5327846804e-01	-9.9924308597e-01
6.5326525921e-01	-9.9921534840e-01
6.5325227109e-01	-9.9918994863e-01
6.5323941640e-01	-9.9916583907e-01
6.5322689992e-01	-9.9914363127e-01
6.5321525639e-01	-9.9912555727e-01
6.5320521690e-01	-9.9911469787e-01
6.5319862678e-01	-9.9911908094e-01
6.5319946687e-01	-9.9915635152e-01
6.5321607074e-01	-9.9926327401e-01
6.5327143631e-01	-9.9954109280e-01
6.5337087424e-01	-1.0000054254e+00
6.5353761994e-01	-1.0007605821e+00
6.5381130393e-01	-1.0019768530e+00
6.5425736185e-01	-1.0039184257e+00
6.5494097051e-01	-1.0070595688e+00
6.5483905943e-01	-1.0080967296e+00
6.5472250291e-01	-1.0080156565e+00
6.5459658333e-01	-1.0079245248e+00
6.5446634586e-01	-1.0078278206e+00
6.5432897406e-01	-1.0077270933e+00
6.5418585073e-01	-1.0076234964e+00
6.5403359963e-01	-1.0075169106e+00
6.5387394760e-01	-1.0074079283e+00
6.5371374595e-01	-1.0072979502e+00
6.5355203925e-01	-1.0071869553e+00
6.5338855557e-01	-1.0070750086e+00
6.5322386471e-01	-1.0069622986e+00
6.5305802120e-01	-1.0068489066e+00
6.5289096528e-01	-1.0067348811e+00
6.5272271799e-01	-1.0066202749e+00
6.5255303451e-01	-1.0065050870e+00
6.5238164512e-01	-1.0063893058e+00
6.5220732719e-01	-1.0062727476e+00
6.5203102604e-01	-1.0061556072e+00
6.5185413680e-01	-1.0060381573e+00
6.5167666770e-01	-1.0059204241e+00
6.5149861854e-01	-1.0058024300e+00
6.5131996967e-01	-1.0056841920e+00
6.5114071570e-01	-1.0055657273e+00
6.5096085355e-01	-1.0054462661e+00
6.5078037954e-01	-1.0053263540e+00
6.5059929054e-01	-1.0052062640e+00
6.5041758254e-01	-1.0050860106e+00
6.5023525164e-01	-1.0049656073e+00
6.5005229417e-01	-1.0048450655e+00
6.4986870549e-01	-1.0047243941e+00
6.4968448197e-01	-1.0046035989e+00
6.4949961864e-01	-1.0048716062e+00
6.4662355138e-01	-1.0040360900e+00
6.4649085723e-01	-1.0038856624e+00
6.4635761609e-01	-1.0037417473e+00
6.4622352484e-01	-1.0036108647e+00
6.4608848344e-01	-1.0034899327e+00
6.4595245181e-01	-1.0033754423e+00
6.4581541401e-01	-1.0032648756e+00
6.4567736773e-01	-1.0031566003e+00
6.4553831897e-01	-1.0030495959e+00
6.4539828109e-01	-1.0029432391e+00
6.4525727430e-01	-1.0028371579e+00
6.4511532596e-01	-1.0027311379e+00
6.4497247145e-01	-1.0026250647e+00
6.4482875552e-01	-1.0025188873e+00
6.4468423409e-01	-1.0024125969e+00
6.4453897664e-01	-1.0023062145e+00
6.4439306917e-01	-1.0021997842e+00
6.4424661789e-01	-1.0020933714e+00
6.4409975427e-01	-1.0019870630e+00
6.4395264043e-01	-1.0018809680e+00
6.4380547688e-01	-1.0017752237e+00
6.4365851153e-01	-1.0016700000e+00
6.4351204912e-01	-1.0015655048e+00
6.4336644028e-01	-1.0014619738e+00
6.4322188508e-01	-1.0013594797e+00
6.4307610649e-01	-1.0012557974e+00
6.4289897569e-01	-1.0011238038e+00
6.4283459297e-01	-1.0010361460e+00
6.4274088502e-01	-1.0009455491e+00
6.4257037331e-01	-1.0008058301e+00
6.4240458153e-01	-1.0006800606e+00
6.4224035934e-01	-1.0005593806e+00
6.4207672586e-01	-1.0004407702e+00
6.4191326607e-01	-1.0003230107e+00
6.4174977772e-01	-1.0002055348e+00
6.4158606345e-01	-1.0000880368e+00
6.4142203899e-01	-9.9997035603e-01
6.4125764641e-01	-9.9985240094e-01
6.4109284461e-01	-9.9973411892e-01
6.4092760241e-01	-9.9961547971e-01
6.4076189621e-01	-9.9949646746e-01
6.4059570703e-01	-9.9937707507e-01
6.4042901940e-01	-9.9925730142e-01
6.4026182034e-01	-9.9913714948e-01
6.4009409909e-01	-9.9901662534e-01
6.3992584564e-01	-9.9889573677e-01
6.3975705164e-01	-9.9877449358e-01
6.3958770932e-01	-9.9865290663e-01
6.3941781183e-01	-9.9853098789e-01
6.3924735298e-01	-9.9840875002e-01
6.3907632681e-01	-9.9828620582e-01
6.3890472743e-01	-9.9816336768e-01
6.3873254916e-01	-9.9804024715e-01
6.3855978698e-01	-9.9791685454e-01
6.3838643577e-01	-9.9779319728e-01
6.3821249041e-01	-9.9766927873e-01
6.3803794428e-01	-9.9754509610e-01
6.3786278109e-01	-9.9742063685e-01
6.3768699251e-01	-9.9729587926e-01
6.3751057743e-01	-9.9717078923e-01
6.3733353387e-01	-9.9704531579e-01
6.3715586164e-01	-9.9691938815e-01
6.3697755868e-01	-9.9679291116e-01
6.3679862405e-01	-9.9666576513e-01
6.3661905358e-01	-9.9653780249e-01
6.3643882682e-01	-9.9640884760e-01
6.3625792730e-01	-9.9627870224e-01
6.3607635013e-01	-9.9614715489e-01
6.3589408474e-01	-9.9601399036e-01
6.3571112636e-01	-9.9587800173e-01
6.3552746963e-01	-9.9573978861e-01
6.3534310923e-01	-9.9559937665e-01
6.3515804108e-01	-9.9545665956e-01
6.3497226227e-01	-9.9531159017e-01
6.3478577093e-01	-9.9516418516e-01
6.3459856594e-01	-9.9501452386e-01
6.3441064667e-01	-9.9486274133e-01
6.3422201211e-01	-9.9470901651e-01
6.3403266298e-01	-9.9455355999e-01
6.3384259760e-01	-9.9439659525e-01
6.3365181519e-01	-9.9423834840e-01
6.3346031414e-01	-9.9407903524e-01
6.3326809263e-01	-9.9391885294e-01
6.3307514773e-01	-9.9375797447e-01
6.3288147609e-01	-9.9359654667e-01
6.3268707477e-01	-9.9343469102e-01
6.3249193965e-01	-9.9327250382e-01
6.3229606631e-01	-9.9311005972e-01
6.3209945089e-01	-9.9294741556e-01
6.3190208855e-01	-9.9278461246e-01
6.3170397451e-01	-9.9262167985e-01
6.3150510378e-01	-9.9245863815e-01
6.3130546087e-01	-9.9229549924e-01
6.3110503449e-01	-9.9213227122e-01
6.3090382479e-01	-9.9196896115e-01
6.3070183569e-01	-9.9180557545e-01
6.3049907355e-01	-9.9164211967e-01
6.3029554464e-01	-9.9147859928e-01
6.3009122640e-01	-9.9131501456e-01
6.2988610324e-01	-9.9115136656e-01
6.2968017121e-01	-9.9098674274e-01
6.2947343076e-01	-9.9082154850e-01
6.2926587607e-01	-9.9065629194e-01
6.2905749575e-01	-9.9049081741e-01
6.2884822193e-01	-9.9032338537e-01
6.2863745603e-01	-9.9013533598e-01
6.2855394905e-01	-9.8993603388e-01
6.2853935762e-01	-9.8983160268e-01
6.2852485721e-01	-9.8971256379e-01
6.2851065066e-01	-9.8959856053e-01
6.2849646982e-01	-9.8950194812e-01
6.2848269939e-01	-9.8943347046e-01
6.2846927119e-01	-9.8938460096e-01
6.2845603353e-01	-9.8934573662e-01
6.2844266651e-01	-9.8931053453e-01
6.2842949975e-01	-9.8927899716e-01
6.2841652594e-01	-9.8925000698e-01
6.2840348914e-01	-9.8922196998e-01
6.2839042762e-01	-9.8919564491e-01
6.2837717248e-01	-9.8917259811e-01
6.2836235153e-01	-9.8915735805e-01
6.2835396958e-01	-9.8916327008e-01
6.2834954096e-01	-9.8918134889e-01
6.2834816505e-01	-9.8921244024e-01
6.2834996671e-01	-9.8925788623e-01
6.2835579849e-01	-9.8932176116e-01
6.2836790737e-01	-9.8941445782e-01
6.2838895359e-01	-9.8954822820e-01
6.2842203607e-01	-9.8973672244e-01
6.2847436124e-01	-9.9001164668e-01
6.2856060233e-01	-9.9043919026e-01
6.2869761426e-01	-9.9109076393e-01
6.2892434697e-01	-9.9212999529e-01
6.2929923939e-01	-9.9380412007e-01
6.2991173130e-01	-9.9645809599e-01
6.3090920326e-01	-1.0006481998e+00
6.3133874980e-01	-1.0043779335e+00
6.3123783465e-01	-1.0042969684e+00
6.3112532010e-01	-1.0042043108e+00
6.3100411748e-01	-1.0041036231e+00
6.3087761185e-01	-1.0039984746e+00
6.3074280853e-01	-1.0038896163e+00
6.3060331177e-01	-1.0037783255e+00
6.3045539320e-01	-1.0036642700e+00
6.3029810504e-01	-1.0035475081e+00
6.3013301687e-01	-1.0034284944e+00
6.2996733400e-01	-1.0033086798e+00
6.2979995788e-01	-1.0031879605e+00
6.2963111182e-01	-1.0030664561e+00
6.2946094299e-01	-1.0029442579e+00
6.2928953406e-01	-1.0028214342e+00
6.2911667809e-01	-1.0026979916e+00
6.2894236328e-01	-1.0025739660e+00
6.2876615146e-01	-1.0024493097e+00
6.2858686065e-01	-1.0023238333e+00
6.2840481205e-01	-1.0021976221e+00
6.2822215147e-01	-1.0020710978e+00
6.2803889435e-01	-1.0019442867e+00
6.2785504043e-01	-1.0018172101e+00
6.2767056484e-01	-1.0016898830e+00
6.2748546312e-01	-1.0015623214e+00
6.2729973155e-01	-1.0014336550e+00
6.2711336737e-01	-1.0013045507e+00
6.2692636637e-01	-1.0011752579e+00
6.2673872453e-01	-1.0010457902e+00
6.2655043757e-01	-1.0009161594e+00
6.2636150122e-01	-1.0007863752e+00
6.2617191133e-01	-1.0006564443e+00
6.2598166289e-01	-1.0005263687e+00
6.2579075212e-01	-1.0003961457e+00
6.2559917339e-01	-1.0002657635e+00
6.2540692103e-01	-1.0001352004e+00
6.2521398968e-01	-1.0000044220e+00
6.2502037318e-01	-9.9987337787e-01
6.2482606483e-01	-9.9974199802e-01
6.2463105779e-01	-9.9961019052e-01
6.2443534339e-01	-9.9947783790e-01
6.2423891332e-01	-9.9934479739e-01
6.2404175938e-01	-9.9921090157e-01
6.2384387257e-01	-9.9907596052e-01
6.2364524290e-01	-9.9893976768e-01
6.2344586182e-01	-9.9880211045e-01
6.2324571612e-01	-9.9866278012e-01
6.2304479429e-01	-9.9852158714e-01
6.2284309098e-01	-9.9837837595e-01
6.2264059949e-01	-9.9823303606e-01
6.2243731517e-01	-9.9808551394e-01
6.2223323997e-01	-9.9793581704e-01
6.2202837975e-01	-9.9778401450e-01
6.2182274038e-01	-9.9763022843e-01
6.2161633385e-01	-9.9747462629e-01
6.2140915907e-01	-9.9731740197e-01
6.2120119126e-01	-9.9715876114e-01
6.2099242711e-01	-9.9699891396e-01
6.2078286440e-01	-9.9683806128e-01
6.2057250253e-01	-9.9667500766e-01
6.2036134042e-01	-9.9651126118e-01
6.2014937470e-01	-9.9634699624e-01
6.1993660088e-01	-9.9618232044e-01
6.1972301449e-01	-9.9601732539e-01
6.1950861043e-01	-9.9585208061e-01
6.1929338429e-01	-9.9568663829e-01
6.1907733051e-01	-9.9552103533e-01
6.1886044368e-01	-9.9535529739e-01
6.1864271800e-01	-9.9518944132e-01
6.1842414839e-01	-9.9502347829e-01
6.1820472885e-01	-9.9485741457e-01
6.1798445361e-01	-9.9469125381e-01
6.1776331678e-01	-9.9452499808e-01
6.1754131260e-01	-9.9435864877e-01
6.1731843506e-01	-9.9419220701e-01
6.1709467828e-01	-9.9402567426e-01
6.1687003622e-01	-9.9385905239e-01
6.1664450283e-01	-9.9369234392e-01
6.1641807205e-01	-9.9352555191e-01
6.1619073772e-01	-9.9335867947e-01
6.1596249338e-01	-9.9319172357e-01
6.1573332975e-01	-9.9302460975e-01
6.1550319857e-01	-9.9285648576e-01
6.1527175302e-01	-9.9267816217e-01
6.1511407209e-01	-9.9242708972e-01
6.1509829205e-01	-9.9232757528e-01
6.1508263518e-01	-9.9221564321e-01
6.1506728645e-01	-9.9210963894e-01
6.1505196008e-01	-9.9201982809e-01
6.1503703571e-01	-9.9195574741e-01
6.1502245113e-01	-9.9190908656e-01
6.1500804853e-01	-9.9187115275e-01
6.1499352267e-01	-9.9183641768e-01
6.1497923064e-01	-9.9180508688e-01
6.1496521197e-01	-9.9177627147e-01
6.1495131104e-01	-9.9174861226e-01
6.1493795837e-01	-9.9172371265e-01
6.1492580075e-01	-9.9170415400e-01
6.1491590839e-01	-9.9169429383e-01
6.1491112663e-01	-9.9170613058e-01
6.1491729460e-01	-9.9176445590e-01
6.1494845328e-01	-9.9192865627e-01
6.1502722495e-01	-9.9228936867e-01
6.1516351698e-01	-9.9288222237e-01
6.1538927196e-01	-9.9384192327e-01
6.1575778838e-01	-9.9538229193e-01
6.1635557940e-01	-9.9783200463e-01
6.1686770532e-01	-1.0017167935e+00
6.1526328466e-01	-1.0053893108e+00
6.1324979484e-01	-1.0087178908e+00
6.1153124316e-01	-1.0111162629e+00
6.1008793978e-01	-1.0140437326e+00
5.8863034684e-01	-1.0109290882e+00
5.8864123634e-01	-1.0109005930e+00
5.8865179384e-01	-1.0108742642e+00
5.8866177427e-01	-1.0108496595e+00
5.8867178131e-01	-1.0108256234e+00
5.8868022731e-01	-1.0108039381e+00
5.8868533910e-01	-1.0107866510e+00
5.8868412304e-01	-1.0107774190e+00
5.8866823012e-01	-1.0107866213e+00
5.8862077898e-01	-1.0108353323e+00
5.8849939953e-01	-1.0109766747e+00
5.8829656486e-01	-1.0112228930e+00
5.8796764396e-01	-1.0116248391e+00
5.8744083033e-01	-1.0122744886e+00
5.8660449233e-01	-1.0133122696e+00
5.8515186174e-01	-1.0148983366e+00
5.8287798919e-01	-1.0171756517e+00
5.8054345622e-01	-1.0191862279e+00
5.7875473242e-01	-1.0211465638e+00
5.6836382897e-01	-1.0196383072e+00
5.6830820940e-01	-1.0195976111e+00
5.6825186291e-01	-1.0195253158e+00
5.6819405009e-01	-1.0194404216e+00
5.6813491856e-01	-1.0193491081e+00
5.6807461764e-01	-1.0192539309e+00
5.6800991942e-01	-1.0191550253e+00
5.6793873102e-01	-1.0190521996e+00
5.6786647169e-01	-1.0189476070e+00
5.6779318002e-01	-1.0188413174e+00
5.6771885603e-01	-1.0187333292e+00
5.6764348810e-01	-1.0186236339e+00
5.6756706660e-01	-1.0185122175e+00
5.6748958958e-01	-1.0183990790e+00
5.6741106392e-01	-1.0182842435e+00
5.6733150459e-01	-1.0181677696e+00
5.6725090323e-01	-1.0180497428e+00
5.6716930460e-01	-1.0179302639e+00
5.6708675125e-01	-1.0178094588e+00
5.6700327833e-01	-1.0176874785e+00
5.6691827671e-01	-1.0175643410e+00
5.6683129509e-01	-1.0174400876e+00
5.6674353771e-01	-1.0173150933e+00
5.6665502001e-01	-1.0171894672e+00
5.6656572164e-01	-1.0170632933e+00
5.6647564835e-01	-1.0169356178e+00
5.6638479034e-01	-1.0168071329e+00
5.6629314944e-01	-1.0166782680e+00
5.6620072417e-01	-1.0165490557e+00
5.6610750978e-01	-1.0164195173e+00
5.6601349925e-01	-1.0162896657e+00
5.6591868270e-01	-1.0161595065e+00
5.6582298671e-01	-1.0160290267e+00
5.6572642453e-01	-1.0158981715e+00
5.6562898568e-01	-1.0157669210e+00
5.6553068774e-01	-1.0156352763e+00
5.6543152829e-01	-1.0155032625e+00
5.6533149964e-01	-1.0153708955e+00
5.6523059388e-01	-1.0152381839e+00
5.6512880274e-01	-1.0151051263e+00
5.6502612665e-01	-1.0149717263e+00
5.6492259564e-01	-1.0148379942e+00
5.6481820980e-01	-1.0147039346e+00
5.6471294046e-01	-1.0145686017e+00
5.6460676004e-01	-1.0144324111e+00
5.6449678975e-01	-1.0142952958e+00
5.6438072306e-01	-1.0141567809e+00
5.6426375338e-01	-1.0140179756e+00
5.6414587774e-01	-1.0138788916e+00
5.6402708746e-01	-1.0137395235e+00
5.6390731721e-01	-1.0135996864e+00
5.6378591942e-01	-1.0134572776e+00
5.6365739182e-01	-1.0132911125e+00
5.6364779065e-01	-1.0131609698e+00
5.6365344907e-01	-1.0130958454e+00
5.6365959846e-01	-1.0130332107e+00
5.6366705378e-01	-1.0129804525e+00
5.6367700220e-01	-1.0129366470e+00
5.6368781273e-01	-1.0129020443e+00
5.6369890826e-01	-1.0128727377e+00
5.6371048790e-01	-1.0128459934e+00
5.6372273850e-01	-1.0128204015e+00
5.6373456720e-01	-1.0127964969e+00
5.6374574632e-01	-1.0127740216e+00
5.6375713279e-01	-1.0127517850e+00
5.6376667582e-01	-1.0127317801e+00
5.6377267242e-01	-1.0127156609e+00
5.6377195561e-01	-1.0127066931e+00
5.6375524457e-01	-1.0127145508e+00
5.6370418452e-01	-1.0127584326e+00
5.6356943544e-01	-1.0128899018e+00
5.6334346801e-01	-1.0131179418e+00
5.6297640754e-01	-1.0134931034e+00
5.6234670501e-01	-1.0140872469e+00
5.6131959830e-01	-1.0150037267e+00
5.5980460417e-01	-1.0163828864e+00
5.5982573984e-01	-1.0164480478e+00
5.5984462774e-01	-1.0165221761e+00
5.5986089105e-01	-1.0166172258e+00
5.5987118876e-01	-1.0167515388e+00
5.5987299361e-01	-1.0168430095e+00
5.5987341991e-01	-1.0169225230e+00
5.5983858364e-01	-1.0170010770e+00
5.5977116768e-01	-1.0170497589e+00
5.5967802505e-01	-1.0171168412e+00
5.5958795171e-01	-1.0171815420e+00
5.5949168819e-01	-1.0172505016e+00
5.5939043969e-01	-1.0173228897e+00
5.5927545037e-01	-1.0174042332e+00
5.5913360082e-01	-1.0175037059e+00
5.5900151908e-01	-1.0175959019e+00
5.5884071964e-01	-1.0177074114e+00
5.5863621223e-01	-1.0178466928e+00
5.5843700912e-01	-1.0179775821e+00
5.5819776977e-01	-1.0181396843e+00
5.5790384812e-01	-1.0183328195e+00
5.5753443445e-01	-1.0185623283e+00
5.5698980831e-01	-1.0188950418e+00
5.5632510344e-01	-1.0192824704e+00
5.5528371909e-01	-1.0198905606e+00
5.5344161723e-01	-1.0207046954e+00
5.5093139279e-01	-1.0217019340e+00
5.4900364444e-01	-1.0226605893e+00
5.4298236850e-01	-1.0211726095e+00
5.4294025590e-01	-1.0211053064e+00
5.4289769976e-01	-1.0210362109e+00
5.4285422168e-01	-1.0209666461e+00
5.4280454423e-01	-1.0208944178e+00
5.4274916037e-01	-1.0208198572e+00
5.4269240279e-01	-1.0207440239e+00
5.4263412489e-01	-1.0206668015e+00
5.4257442080e-01	-1.0205880810e+00
5.4251335328e-01	-1.0205078791e+00
5.4245097330e-01	-1.0204262666e+00
5.4238733731e-01	-1.0203433181e+00
5.4232244837e-01	-1.0202591009e+00
5.4225641223e-01	-1.0201736694e+00
5.4218933317e-01	-1.0200871392e+00
5.4212130323e-01	-1.0199996532e+00
5.4205241157e-01	-1.0199113529e+00
5.4198126474e-01	-1.0198220474e+00
5.4190875076e-01	-1.0197320519e+00
5.4183570421e-01	-1.0196416658e+00
5.4176215513e-01	-1.0195502432e+00
5.4168809496e-01	-1.0194583218e+00
5.4161355756e-01	-1.0193662937e+00
5.4153856307e-01	-1.0192742289e+00
5.4146311828e-01	-1.0191821776e+00
5.4138721738e-01	-1.0190901702e+00
5.4131084316e-01	-1.0189982185e+00
5.4123396827e-01	-1.0189063160e+00
5.4115655665e-01	-1.0188144406e+00
5.4107856505e-01	-1.0187225553e+00
5.4099994454e-01	-1.0186306115e+00
5.4092064186e-01	-1.0185385502e+00
5.4084060085e-01	-1.0184463045e+00
5.4075976368e-01	-1.0183538018e+00
5.4067807164e-01	-1.0182609660e+00
5.4059549369e-01	-1.0181677142e+00
5.4051201074e-01	-1.0180738620e+00
5.4042711899e-01	-1.0179772169e+00
5.4033725550e-01	-1.0178676600e+00
5.4033852751e-01	-1.0177777039e+00
5.4035241996e-01	-1.0177414941e+00
5.4036658734e-01	-1.0177077911e+00
5.4038155702e-01	-1.0176796766e+00
5.4039877393e-01	-1.0176558788e+00
5.4041629013e-01	-1.0176363653e+00
5.4043375225e-01	-1.0176194109e+00
5.4045164310e-01	-1.0176036741e+00
5.4047017386e-01	-1.0175885068e+00
5.4048807239e-01	-1.0175741887e+00
5.4050509592e-01	-1.0175605517e+00
5.4052253476e-01	-1.0175468975e+00
5.4053772438e-01	-1.0175344183e+00
5.4054884102e-01	-1.0175239169e+00
5.4055246559e-01	-1.0175169801e+00
5.4053775101e-01	-1.0175187288e+00
5.4048356965e-01	-1.0175390403e+00
5.4034408113e-01	-1.0175987148e+00
5.4010566468e-01	-1.0177021251e+00
5.3971338886e-01	-1.0178690215e+00
5.3908114841e-01	-1.0181280643e+00
5.3808790762e-01	-1.0185497987e+00
5.3650952813e-01	-1.0191765427e+00
5.3390586238e-01	-1.0197365386e+00
5.3209732528e-01	-1.0201698454e+00
5.3070483922e-01	-1.0203616749e+00
5.2952034926e-01	-1.0203954114e+00
5.2863580176e-01	-1.0203914299e+00
5.2729771952e-01	-1.0204077729e+00
5.2632046694e-01	-1.0204446269e+00
5.2557682697e-01	-1.0210114055e+00
5.2191743688e-01	-1.0186981377e+00
5.2188088118e-01	-1.0186546638e+00
5.2184405849e-01	-1.0186152161e+00
5.2180744171e-01	-1.0185763208e+00
5.2177096863e-01	-1.0185372967e+00
5.2173471292e-01	-1.0184980004e+00
5.2169879224e-01	-1.0184584650e+00
5.2166332008e-01	-1.0184187827e+00
5.2162835965e-01	-1.0183790534e+00
5.2159393567e-01	-1.0183393582e+00
5.2156004240e-01	-1.0182997572e+00
5.2152666686e-01	-1.0182602970e+00
5.2148395550e-01	-1.0182186769e+00
5.2143813056e-01	-1.0181764044e+00
5.2139311557e-01	-1.0181342511e+00
5.2134868467e-01	-1.0180919810e+00
5.2130471434e-01	-1.0180499505e+00
5.2126109433e-01	-1.0180081378e+00
5.2121771411e-01	-1.0179665145e+00
5.2117446335e-01	-1.0179250447e+00
5.2113123219e-01	-1.0178836856e+00
5.2108791207e-01	-1.0178423874e+00
5.2104439519e-01	-1.0178010937e+00
5.2100057556e-01	-1.0177597425e+00
5.2095634850e-01	-1.0177182662e+00
5.2091161101e-01	-1.0176765933e+00
5.2086626183e-01	-1.0176346481e+00
5.2082020122e-01	-1.0175923519e+00
5.2077328530e-01	-1.0175496120e+00
5.2072492005e-01	-1.0175062264e+00
5.2067564487e-01	-1.0174622588e+00
5.2062536303e-01	-1.0174176137e+00
5.2057393338e-01	-1.0173716593e+00
5.2052121582e-01	-1.0173248113e+00
5.2046711830e-01	-1.0172769727e+00
5.2041155073e-01	-1.0172280450e+00
5.2035442517e-01	-1.0171779287e+00
5.2029565700e-01	-1.0171265235e+00
5.2023516631e-01	-1.0170737306e+00
5.2017287931e-01	-1.0170194533e+00
5.2010873101e-01	-1.0169636000e+00
5.2004266733e-01	-1.0169060865e+00
5.1997464816e-01	-1.0168468397e+00
5.1990465080e-01	-1.0167858013e+00
5.1983267320e-01	-1.0167229330e+00
5.1975852560e-01	-1.0166581574e+00
5.1968225907e-01	-1.0165912800e+00
5.1960425028e-01	-1.0165225094e+00
5.1952466906e-01	-1.0164516767e+00
5.1944352983e-01	-1.0163788234e+00
5.1936096893e-01	-1.0163045300e+00
5.1927715906e-01	-1.0162289892e+00
5.1919227903e-01	-1.0161524114e+00
5.1910649492e-01	-1.0160749947e+00
5.1901984021e-01	-1.0159966763e+00
5.1893113067e-01	-1.0159146812e+00
5.1888539964e-01	-1.0158208677e+00
5.1890074431e-01	-1.0157982206e+00
5.1891616673e-01	-1.0157765434e+00
5.1893216560e-01	-1.0157580695e+00
5.1894979865e-01	-1.0157426282e+00
5.1896843947e-01	-1.0157297410e+00
5.1898708141e-01	-1.0157187181e+00
5.1900550681e-01	-1.0157088639e+00
5.1902538905e-01	-1.0156992873e+00
5.1904477601e-01	-1.0156903225e+00
5.1906346121e-01	-1.0156818434e+00
5.1908225411e-01	-1.0156735411e+00
5.1910007140e-01	-1.0156656249e+00
5.1911490271e-01	-1.0156585329e+00
5.1912454770e-01	-1.0156527555e+00
5.1912198748e-01	-1.0156499454e+00
5.1909185732e-01	-1.0156537821e+00
5.1899759479e-01	-1.0156733583e+00
5.1883170593e-01	-1.0157123900e+00
5.1855878966e-01	-1.0157812127e+00
5.1811943221e-01	-1.0158945294e+00
5.1740205004e-01	-1.0160485397e+00
5.1623830574e-01	-1.0161600560e+00
5.1428619432e-01	-1.0161695563e+00
5.1290327225e-01	-1.0161839275e+00
5.1189073251e-01	-1.0162163911e+00
5.1110329226e-01	-1.0161893188e+00
5.1044724936e-01	-1.0161178002e+00
5.0933802616e-01	-1.0159433680e+00
5.0759312693e-01	-1.0156063515e+00
5.0504468240e-01	-1.0150428344e+00
5.0377210321e-01	-1.0146381053e+00
5.0269393374e-01	-1.0142332676e+00
5.0251560636e-01	-1.0141620639e+00
5.0255348370e-01	-1.0141671504e+00
5.0259024873e-01	-1.0141702596e+00
5.0262058897e-01	-1.0146427915e+00
4.9332040986e-01	-1.0127932966e+00
4.9327106317e-01	-1.0127985732e+00
4.9321409893e-01	-1.0127993079e+00
4.9315227077e-01	-1.0127992973e+00
4.9308553541e-01	-1.0127983371e+00
4.9301373372e-01	-1.0127962285e+00
4.9293617054e-01	-1.0127926468e+00
4.9285183191e-01	-1.0127872460e+00
4.9276296353e-01	-1.0127804835e+00
4.9267035713e-01	-1.0127723031e+00
4.9257521003e-01	-1.0127623872e+00
4.9247900131e-01	-1.0127507821e+00
4.9238323704e-01	-1.0127376275e+00
4.9228921391e-01	-1.0127231211e+00
4.9219782786e-01	-1.0127074867e+00
4.9210956942e-01	-1.0126909495e+00
4.9202465703e-01	-1.0126737293e+00
4.9194331140e-01	-1.0126560814e+00
4.9186502918e-01	-1.0126380800e+00
4.9178935617e-01	-1.0126197228e+00
4.9171595388e-01	-1.0126010791e+00
4.9164448472e-01	-1.0125821938e+00
4.9157462813e-01	-1.0125630928e+00
4.9150608793e-01	-1.0125437885e+00
4.9143859487e-01	-1.0125242830e+00
4.9137190639e-01	-1.0125045714e+00
4.9130580488e-01	-1.0124846438e+00
4.9124009534e-01	-1.0124644866e+00
4.9117460310e-01	-1.0124440841e+00
4.9110917156e-01	-1.0124234189e+00
4.9104366249e-01	-1.0124024734e+00
4.9097796106e-01	-1.0123812317e+00
4.9091217130e-01	-1.0123597158e+00
4.9084601640e-01	-1.0123377681e+00
4.9077876750e-01	-1.0123151230e+00
4.9073286979e-01	-1.0122962396e+00
4.9076219883e-01	-1.0123011172e+00
4.9078649219e-01	-1.0123049721e+00
4.9081066451e-01	-1.0123089704e+00
4.9083513284e-01	-1.0123133024e+00
4.9086137708e-01	-1.0123182373e+00
4.9088727989e-01	-1.0123232661e+00
4.9091271449e-01	-1.0123282910e+00
4.9093889649e-01	-1.0123335309e+00
4.9096551171e-01	-1.0123388983e+00
4.9099147370e-01	-1.0123441487e+00
4.9101723275e-01	-1.0123493769e+00
4.9104416926e-01	-1.0123548940e+00
4.9107034903e-01	-1.0123603196e+00
4.9109590472e-01	-1.0123657649e+00
4.9112266184e-01	-1.0123718541e+00
4.9114773142e-01	-1.0123783960e+00
4.9115394449e-01	-1.0123820044e+00
4.9109642732e-01	-1.0123695512e+00
4.9100333143e-01	-1.0123493950e+00
4.9089462519e-01	-1.0123257803e+00
4.9076211347e-01	-1.0122968411e+00
4.9059327429e-01	-1.0122596877e+00
4.9038675269e-01	-1.0122137634e+00
4.9011610872e-01	-1.0121528305e+00
4.8968806386e-01	-1.0120545906e+00
4.8904871534e-01	-1.0119033320e+00
4.8814220414e-01	-1.0116708470e+00
4.8703713886e-01	-1.0112701884e+00
4.8601235827e-01	-1.0108805250e+00
4.8512690416e-01	-1.0105618154e+00
4.8439262500e-01	-1.0103041062e+00
4.8317683671e-01	-1.0098802954e+00
4.8126912290e-01	-1.0092002150e+00
4.7841044346e-01	-1.0080729524e+00
4.7697550843e-01	-1.0070189235e+00
4.7656089222e-01	-1.0060951259e+00
4.7592194349e-01	-1.0056187161e+00
4.7536569709e-01	-1.0056990077e+00
4.7558485582e-01	-1.0041087767e+00
4.7559089545e-01	-1.0041449549e+00
4.7557438904e-01	-1.0041673964e+00
4.7554636853e-01	-1.0042064736e+00
4.7550814025e-01	-1.0042556458e+00
4.7545880104e-01	-1.0043117028e+00
4.7539599820e-01	-1.0043741604e+00
4.7531625808e-01	-1.0044439812e+00
4.7521399717e-01	-1.0045228400e+00
4.7508951291e-01	-1.0046156463e+00
4.7495202190e-01	-1.0047245350e+00
4.7481903474e-01	-1.0048373319e+00
4.7470419269e-01	-1.0049417040e+00
4.7461068968e-01	-1.0050309205e+00
4.7453551378e-01	-1.0051062644e+00
4.7447359298e-01	-1.0051699608e+00
4.7442141043e-01	-1.0052237335e+00
4.7437646564e-01	-1.0052700137e+00
4.7433696589e-01	-1.0053105549e+00
4.7430161287e-01	-1.0053466030e+00
4.7426946428e-01	-1.0053790561e+00
4.7423978154e-01	-1.0054085548e+00
4.7421200241e-01	-1.0054355959e+00
4.7418581715e-01	-1.0054605927e+00
4.7416092055e-01	-1.0054839214e+00
4.7413690487e-01	-1.0055062448e+00
4.7411344680e-01	-1.0055271387e+00
4.7409034952e-01	-1.0055467566e+00
4.7406744676e-01	-1.0055652240e+00
4.7404459650e-01	-1.0055826450e+00
4.7402167634e-01	-1.0055991061e+00
4.7399858013e-01	-1.0056146796e+00
4.7397521465e-01	-1.0056294270e+00
4.7395149768e-01	-1.0056434002e+00
4.7392735604e-01	-1.0056566436e+00
4.7390272439e-01	-1.0056691952e+00
4.7387754354e-01	-1.0056810877e+00
4.7385175987e-01	-1.0056923492e+00
4.7382532421e-01	-1.0057030042e+00
4.7379819124e-01	-1.0057130739e+00
4.7377031885e-01	-1.0057225766e+00
4.7374166758e-01	-1.0057315284e+00
4.7371220030e-01	-1.0057399434e+00
4.7368188338e-01	-1.0057478342e+00
4.7365079293e-01	-1.0057552419e+00
4.7361904047e-01	-1.0057624257e+00
4.7358637192e-01	-1.0057693093e+00
4.7355272169e-01	-1.0057756929e+00
4.7351805871e-01	-1.0057815834e+00
4.7348235184e-01	-1.0057869864e+00
4.7344556955e-01	-1.0057919075e+00
4.7340767984e-01	-1.0057963511e+00
4.7336864979e-01	-1.0058003210e+00
4.7332844529e-01	-1.0058038206e+00
4.7328703067e-01	-1.0058068526e+00
4.7324436677e-01	-1.0058094207e+00
4.7320039436e-01	-1.0058115402e+00
4.7315486487e-01	-1.0058133570e+00
4.7310596221e-01	-1.0058161932e+00
4.7314650214e-01	-1.0058399706e+00
4.7317431665e-01	-1.0058532197e+00
4.7320186505e-01	-1.0058658814e+00
4.7322954434e-01	-1.0058779688e+00
4.7325898466e-01	-1.0058902311e+00
4.7328791429e-01	-1.0059019506e+00
4.7331622362e-01	-1.0059132309e+00
4.7334526000e-01	-1.0059246542e+00
4.7337455494e-01	-1.0059360909e+00
4.7340292194e-01	-1.0059471363e+00
4.7343077119e-01	-1.0059579617e+00
4.7345891446e-01	-1.0059688762e+00
4.7348458761e-01	-1.0059788778e+00
4.7350627264e-01	-1.0059874179e+00
4.7352070126e-01	-1.0059933047e+00
4.7351593608e-01	-1.0059921793e+00
4.7346857147e-01	-1.0059754941e+00
4.7336915832e-01	-1.0059396536e+00
4.7319335454e-01	-1.0058758954e+00
4.7289773674e-01	-1.0057683909e+00
4.7241079394e-01	-1.0055907662e+00
4.7161739644e-01	-1.0052992118e+00
4.7033735324e-01	-1.0048197688e+00
4.6834561002e-01	-1.0040286192e+00
4.6627895509e-01	-1.0028162188e+00
4.6626230336e-01	-1.0025644919e+00
4.6634546949e-01	-1.0025222691e+00
4.6640675282e-01	-1.0024752970e+00
4.6648061283e-01	-1.0023927130e+00
4.6655032206e-01	-1.0022756267e+00
4.6652400526e-01	-1.0021676332e+00
4.6643411787e-01	-1.0020113797e+00
4.6624217086e-01	-1.0017910313e+00
4.6586144137e-01	-1.0014818209e+00
4.6517992503e-01	-1.0010479048e+00
4.6402331802e-01	-1.0007585026e+00
4.5521087014e-01	-9.9968319807e-01
4.5519857538e-01	-9.9970949945e-01
4.5518004048e-01	-9.9973586693e-01
4.5515788268e-01	-9.9976709297e-01
4.5513253434e-01	-9.9980121161e-01
4.5510401674e-01	-9.9983724280e-01
4.5507213693e-01	-9.9987483390e-01
4.5503662453e-01	-9.9991397957e-01
4.5499699536e-01	-9.9995504246e-01
4.5495245601e-01	-9.9999911775e-01
4.5490201586e-01	-1.0000456255e+00
4.5484440103e-01	-1.0000951401e+00
4.5477786162e-01	-1.0001484465e+00
4.5469996981e-01	-1.0002066265e+00
4.5460740377e-01	-1.0002711775e+00
4.5449561402e-01	-1.0003439569e+00
4.5435893147e-01	-1.0004282328e+00
4.5420114402e-01	-1.0005304537e+00
4.5403735937e-01	-1.0006421278e+00
4.5388745225e-01	-1.0007479982e+00
4.5375999510e-01	-1.0008373827e+00
4.5365347940e-01	-1.0009101306e+00
4.5356226380e-01	-1.0009697692e+00
4.5348200506e-01	-1.0010182179e+00
4.5340973092e-01	-1.0010584086e+00
4.5334335052e-01	-1.0010923806e+00
4.5328137547e-01	-1.0011215415e+00
4.5322272952e-01	-1.0011468823e+00
4.5316661057e-01	-1.0011691042e+00
4.5311237959e-01	-1.0011887332e+00
4.5305964845e-01	-1.0012061997e+00
4.5300814972e-01	-1.0012220870e+00
4.5295739167e-01	-1.0012367126e+00
4.5290707114e-01	-1.0012498286e+00
4.5285697803e-01	-1.0012615924e+00
4.5280693553e-01	-1.0012721316e+00
4.5275679324e-01	-1.0012815511e+00
4.5270642196e-01	-1.0012899376e+00
4.5265570967e-01	-1.0012973638e+00
4.5260455838e-01	-1.0013038904e+00
4.5255288170e-01	-1.0013095689e+00
4.5250060287e-01	-1.0013144429e+00
4.5244765306e-01	-1.0013185495e+00
4.5239397018e-01	-1.0013219207e+00
4.5233949770e-01	-1.0013245836e+00
4.5228418378e-01	-1.0013265619e+00
4.5222798052e-01	-1.0013278759e+00
4.5217084319e-01	-1.0013285430e+00
4.5211272917e-01	-1.0013285792e+00
4.5205359191e-01	-1.0013280040e+00
4.5199333360e-01	-1.0013268992e+00
4.5193150929e-01	-1.0013262125e+00
4.5194360720e-01	-1.0013522267e+00
4.5197299944e-01	-1.0013672716e+00
4.5200205202e-01	-1.0013816194e+00
4.5203109919e-01	-1.0013952620e+00
4.5206197326e-01	-1.0014090955e+00
4.5209226383e-01	-1.0014222940e+00
4.5212188173e-01	-1.0014349808e+00
4.5215233002e-01	-1.0014478437e+00
4.5218298083e-01	-1.0014606822e+00
4.5221265859e-01	-1.0014730698e+00
4.5224196703e-01	-1.0014852673e+00
4.5227137092e-01	-1.0014974706e+00
4.5229808070e-01	-1.0015086045e+00
4.5232054219e-01	-1.0015180770e+00
4.5233431705e-01	-1.0015241790e+00
4.5232593096e-01	-1.0015216994e+00
4.5227610981e-01	-1.0015031050e+00
4.5217479597e-01	-1.0014643731e+00
4.5199689432e-01	-1.0013957086e+00
4.5169939538e-01	-1.0012799217e+00
4.5121340657e-01	-1.0010889818e+00
4.5043134043e-01	-1.0007762025e+00
4.4920140051e-01	-1.0002586039e+00
4.4744793094e-01	-9.9934472724e-01
4.4695661041e-01	-9.9846935982e-01
4.4654801758e-01	-9.9778499206e-01
4.4604452487e-01	-9.9738827139e-01
4.4561229590e-01	-9.9710680659e-01
4.4489592528e-01	-9.9668863611e-01
4.4372679798e-01	-9.9605690390e-01
4.4186346955e-01	-9.9509373643e-01
4.3981939710e-01	-9.9404482877e-01
4.3937478067e-01	-9.9379711453e-01
4.3920517392e-01	-9.9369173979e-01
4.4229619829e-01	-9.9380356971e-01
4.4231255123e-01	-9.9382425287e-01
4.4232544012e-01	-9.9385339971e-01
4.4233634507e-01	-9.9388686577e-01
4.4234591647e-01	-9.9392208152e-01
4.4235444518e-01	-9.9395789615e-01
4.4236205247e-01	-9.9399381338e-01
4.4236878268e-01	-9.9402962736e-01
4.4237464504e-01	-9.9406526050e-01
4.4237963246e-01	-9.9410069345e-01
4.4238372985e-01	-9.9413593363e-01
4.4238691825e-01	-9.9417100062e-01
4.4238917684e-01	-9.9420591819e-01
4.4239048436e-01	-9.9424070932e-01
4.4239082007e-01	-9.9427539330e-01
4.4239016444e-01	-9.9430998373e-01
4.4238849935e-01	-9.9434448692e-01
4.4238580813e-01	-9.9437890178e-01
4.4238207517e-01	-9.9441322013e-01
4.4237728517e-01	-9.9444742858e-01
4.4237142217e-01	-9.9448151116e-01
4.4236448451e-01	-9.9451545547e-01
4.4235656906e-01	-9.9454928211e-01
4.4234769206e-01	-9.9458302636e-01
4.4233774195e-01	-9.9461784717e-01
4.4232659958e-01	-9.9465248973e-01
4.4231422605e-01	-9.9468695968e-01
4.4230057597e-01	-9.9472126963e-01
4.4228559683e-01	-9.9475543893e-01
4.4226922828e-01	-9.9478949338e-01
4.4225140074e-01	-9.9482346608e-01
4.4223203421e-01	-9.9485739734e-01
4.4221103671e-01	-9.9489133480e-01
4.4218830167e-01	-9.9492533503e-01
4.4216370537e-01	-9.9495946420e-01
4.4213710319e-01	-9.9499379979e-01
4.4210832481e-01	-9.9502843280e-01
4.4207716797e-01	-9.9506347066e-01
4.4204339010e-01	-9.9509904105e-01
4.4200669698e-01	-9.9513529720e-01
4.4196672785e-01	-9.9517242453e-01
4.4192311773e-01	-9.9521067651e-01
4.4187546707e-01	-9.9525089210e-01
4.4182286744e-01	-9.9529365186e-01
4.4176431095e-01	-9.9533869310e-01
4.4169851172e-01	-9.9538663724e-01
4.4162370387e-01	-9.9543831400e-01
4.4153741822e-01	-9.9549485097e-01
4.4143619674e-01	-9.9555779039e-01
4.4131544654e-01	-9.9562917462e-01
4.4116804527e-01	-9.9571188403e-01
4.4099509488e-01	-9.9581344575e-01
4.4081259150e-01	-9.9592114117e-01
4.4064429645e-01	-9.9601937566e-01
4.4050067786e-01	-9.9609915082e-01
4.4038021224e-01	-9.9616363235e-01
4.4027613019e-01	-9.9621509877e-01
4.4018384257e-01	-9.9625646580e-01
4.4010014088e-01	-9.9629040596e-01
4.4002277234e-01	-9.9631872859e-01
4.3995013133e-01	-9.9634267432e-01
4.3988105101e-01	-9.9636311767e-01
4.3981466643e-01	-9.9638068455e-01
4.3975021237e-01	-9.9639593025e-01
4.3968676311e-01	-9.9641014472e-01
4.3966274732e-01	-9.9644194609e-01
4.3968994276e-01	-9.9646148022e-01
4.3971694413e-01	-9.9648025616e-01
4.3974385911e-01	-9.9649783791e-01
4.3977173203e-01	-9.9651485134e-01
4.3980058422e-01	-9.9653154053e-01
4.3982898368e-01	-9.9654741708e-01
4.3985683755e-01	-9.9656263624e-01
4.3988647342e-01	-9.9657845454e-01
4.3991545072e-01	-9.9659373663e-01
4.3994358062e-01	-9.9660844610e-01
4.3997240696e-01	-9.9662334479e-01
4.4000036754e-01	-9.9663768797e-01
4.4002577166e-01	-9.9665065922e-01
4.4004777890e-01	-9.9666177762e-01
4.4005985643e-01	-9.9666777523e-01
4.4004876205e-01	-9.9666200426e-01
4.4000641765e-01	-9.9664034837e-01
4.3992081429e-01	-9.9659656473e-01
4.3974093445e-01	-9.9650927323e-01
4.3944164973e-01	-9.9635888948e-01
4.3897698895e-01	-9.9610388225e-01
4.3834673599e-01	-9.9562910530e-01
4.3811022096e-01	-9.9479438214e-01
4.3773195042e-01	-9.9425467156e-01
4.3731215524e-01	-9.9391171142e-01
4.3695108463e-01	-9.9366359324e-01
4.3635003788e-01	-9.9329276206e-01
4.3536404278e-01	-9.9273150364e-01
4.3378343883e-01	-9.9187443455e-01
4.3179595874e-01	-9.9081619103e-01
4.2988590365e-01	-9.8978222107e-01
4.2857992739e-01	-9.8935716273e-01
4.2385293172e-01	-9.8792810898e-01
4.2385335126e-01	-9.8795770545e-01
4.2385079517e-01	-9.8798933355e-01
4.2384658668e-01	-9.8802364095e-01
4.2384111558e-01	-9.8805916056e-01
4.2383456559e-01	-9.8809512570e-01
4.2382702447e-01	-9.8813115737e-01
4.2381853479e-01	-9.8816706134e-01
4.2380913139e-01	-9.8820273504e-01
4.2379889872e-01	-9.8823813707e-01
4.2378783799e-01	-9.8827339214e-01
4.2377589229e-01	-9.8830921455e-01
4.2376303013e-01	-9.8834462293e-01
4.2374924796e-01	-9.8837959726e-01
4.2373454061e-01	-9.8841412242e-01
4.2371890119e-01	-9.8844818806e-01
4.2370232169e-01	-9.8848178694e-01
4.2368479262e-01	-9.8851491523e-01
4.2366630333e-01	-9.8854757161e-01
4.2364684222e-01	-9.8857975644e-01
4.2362639662e-01	-9.8861147180e-01
4.2360495288e-01	-9.8864272090e-01
4.2358249624e-01	-9.8867350818e-01
4.2355901091e-01	-9.8870383883e-01
4.2353447997e-01	-9.8873371886e-01
4.2350888526e-01	-9.8876315499e-01
4.2348220724e-01	-9.8879215478e-01
4.2345442483e-01	-9.8882072657e-01
4.2342551524e-01	-9.8884887966e-01
4.2339545372e-01	-9.8887662440e-01
4.2336421331e-01	-9.8890397232e-01
4.2333177067e-01	-9.8893093840e-01
4.2329823485e-01	-9.8895758296e-01
4.2326365832e-01	-9.8898481872e-01
4.2322776957e-01	-9.8901214999e-01
4.2319052501e-01	-9.8903916519e-01
4.2315187665e-01	-9.8906588917e-01
4.2311177060e-01	-9.8909235019e-01
4.2307014639e-01	-9.8911858032e-01
4.2302693578e-01	-9.8914461613e-01
4.2298206140e-01	-9.8917049950e-01
4.2293543501e-01	-9.8919627849e-01
4.2288695538e-01	-9.8922200849e-01
4.2283650573e-01	-9.8924775367e-01
4.2278395029e-01	-9.8927358867e-01
4.2272913005e-01	-9.8929960087e-01
4.2267185724e-01	-9.8932589322e-01
4.2261190791e-01	-9.8935258794e-01
4.2254901221e-01	-9.8937983141e-01
4.2248284085e-01	-9.8940780103e-01
4.2241298772e-01	-9.8943671891e-01
4.2233917154e-01	-9.8946741421e-01
4.2226034972e-01	-9.8950121386e-01
4.2217331469e-01	-9.8954318376e-01
4.2219137335e-01	-9.8960684224e-01
4.2221226730e-01	-9.8963817031e-01
4.2223265480e-01	-9.8966791486e-01
4.2225300874e-01	-9.8969647270e-01
4.2227408542e-01	-9.8972510622e-01
4.2229429224e-01	-9.8975260380e-01
4.2231352498e-01	-9.8977927139e-01
4.2233315354e-01	-9.8980692395e-01
4.2235192310e-01	-9.8983441878e-01
4.2236937596e-01	-9.8986136536e-01
4.2238633175e-01	-9.8988885152e-01
4.2240217894e-01	-9.8991622786e-01
4.2241568188e-01	-9.8994181096e-01
4.2242646728e-01	-9.8996474631e-01
4.2243148064e-01	-9.8997984377e-01
4.2242395993e-01	-9.8997563229e-01
4.2240005177e-01	-9.8994490915e-01
4.2235083977e-01	-9.8988122732e-01
4.2225651336e-01	-9.8977167297e-01
4.2208004957e-01	-9.8959739853e-01
4.2175798891e-01	-9.8933137978e-01
4.2119060766e-01	-9.8893578752e-01
4.2022712144e-01	-9.8834307035e-01
4.1865157107e-01	-9.8743777645e-01
4.1674561935e-01	-9.8637331245e-01
4.1527228362e-01	-9.8554055135e-01
4.1413043087e-01	-9.8488858731e-01
4.1239572284e-01	-9.8387419498e-01
4.1073889960e-01	-9.8295238343e-01
4.1069400682e-01	-9.8298841714e-01
4.1072488991e-01	-9.8301007204e-01
4.1075668663e-01	-9.8303219018e-01
4.1078643247e-01	-9.8305291630e-01
4.1081308128e-01	-9.8307161780e-01
4.1083466064e-01	-9.8308707664e-01
4.1084096948e-01	-9.8309291385e-01
4.1082430676e-01	-9.8308389103e-01
4.1078016240e-01	-9.8305727671e-01
4.1069527840e-01	-9.8300469000e-01
4.1054660018e-01	-9.8291119085e-01
4.1029782319e-01	-9.8275188081e-01
4.0989479262e-01	-9.8248479383e-01
4.0926007902e-01	-9.8203065171e-01
4.0834489528e-01	-9.8115883253e-01
4.0827744087e-01	-9.8042130531e-01
4.0848990790e-01	-9.8049478369e-01
4.0865353505e-01	-9.8033724953e-01
4.0870850995e-01	-9.8001685067e-01
4.0879482242e-01	-9.7949951182e-01
4.0893043360e-01	-9.7868121745e-01
4.0903741706e-01	-9.7767669803e-01
4.0890231226e-01	-9.7752797140e-01
4.0879159516e-01	-9.7741516233e-01
4.0861068041e-01	-9.7724298538e-01
4.0831472712e-01	-9.7698309585e-01
4.0783161455e-01	-9.7659332914e-01
4.0705637758e-01	-9.7601739847e-01
4.0591212766e-01	-9.7523047944e-01
4.0475852077e-01	-9.7480312063e-01
4.0460578136e-01	-9.7281638598e-01
4.0462406732e-01	-9.7284506903e-01
4.0463520054e-01	-9.7288359474e-01
4.0464302401e-01	-9.7293464813e-01
4.0464876104e-01	-9.7299124923e-01
4.0465295953e-01	-9.7305017559e-01
4.0465582999e-01	-9.7311008921e-01
4.0465743051e-01	-9.7317047056e-01
4.0465775124e-01	-9.7323114680e-01
4.0465674914e-01	-9.7329209125e-01
4.0465436105e-01	-9.7335334784e-01
4.0465050746e-01	-9.7341499999e-01
4.0464509211e-01	-9.7347716147e-01
4.0463800041e-01	-9.7353997628e-01
4.0462912418e-01	-9.7360363270e-01
4.0461831702e-01	-9.7366910912e-01
4.0460532771e-01	-9.7373716853e-01
4.0458988588e-01	-9.7380694818e-01
4.0457165940e-01	-9.7387889091e-01
4.0455021515e-01	-9.7395356961e-01
4.0452497177e-01	-9.7403174449e-01
4.0449512017e-01	-9.7411445718e-01
4.0445948007e-01	-9.7420319542e-01
4.0441621683e-01	-9.7430020605e-01
4.0436220895e-01	-9.7440915805e-01
4.0429134963e-01	-9.7453678995e-01
4.0418842314e-01	-9.7469823402e-01
4.0398337616e-01	-9.7495163248e-01
4.0337751819e-01	-9.7537195012e-01
4.0272007961e-01	-9.7663399832e-01
4.0248873470e-01	-9.7728907706e-01
4.0242270679e-01	-9.7743106352e-01
4.0237425843e-01	-9.7752354535e-01
4.0233162560e-01	-9.7760078568e-01
4.0229236064e-01	-9.7766959074e-01
4.0225535593e-01	-9.7773226232e-01
4.0221990461e-01	-9.7779009361e-01
4.0218550049e-01	-9.7784396770e-01
4.0215176310e-01	-9.7789453046e-01
4.0211839797e-01	-9.7794227058e-01
4.0208517163e-01	-9.7798756721e-01
4.0205189561e-01	-9.7803071982e-01
4.0201841554e-01	-9.7807196838e-01
4.0198460289e-01	-9.7811150805e-01
4.0195034954e-01	-9.7814949900e-01
4.0191556380e-01	-9.7818607380e-01
4.0188023660e-01	-9.7822136709e-01
4.0184439140e-01	-9.7825653168e-01
4.0180780257e-01	-9.7829063374e-01
4.0177040913e-01	-9.7832367381e-01
4.0173207257e-01	-9.7835599396e-01
4.0169191845e-01	-9.7839026859e-01
4.0173170009e-01	-9.7845362188e-01
4.0176583377e-01	-9.7848168388e-01
4.0179952103e-01	-9.7850818238e-01
4.0183341355e-01	-9.7853350826e-01
4.0186880710e-01	-9.7855880782e-01
4.0190347066e-01	-9.7858293708e-01
4.0193734542e-01	-9.7860612916e-01
4.0197270527e-01	-9.7862995940e-01
4.0200765388e-01	-9.7865333423e-01
4.0204155493e-01	-9.7867593021e-01
4.0207593965e-01	-9.7869872845e-01
4.0210969668e-01	-9.7872107068e-01
4.0214075223e-01	-9.7874170830e-01
4.0216843486e-01	-9.7876024034e-01
4.0218643005e-01	-9.7877281768e-01
4.0218140003e-01	-9.7877130137e-01
4.0214485590e-01	-9.7875008154e-01
4.0206721593e-01	-9.7870349262e-01
4.0192780072e-01	-9.7861873195e-01
4.0169238304e-01	-9.7847407369e-01
4.0130668294e-01	-9.7823385867e-01
4.0068627315e-01	-9.7783863457e-01
3.9971109064e-01	-9.7718951484e-01
3.9829480328e-01	-9.7602390946e-01
3.9804159679e-01	-9.7504025825e-01
3.9827766241e-01	-9.7512617589e-01
3.9845587092e-01	-9.7498554080e-01
3.9852088641e-01	-9.7468325620e-01
3.9862291011e-01	-9.7419581454e-01
3.9878269725e-01	-9.7342407185e-01
3.9895504548e-01	-9.7238370430e-01
3.9882528601e-01	-9.7223286224e-01
3.9871840846e-01	-9.7211848163e-01
3.9854306233e-01	-9.7194390523e-01
3.9825497759e-01	-9.7168030828e-01
3.9778326947e-01	-9.7128510209e-01
3.9701682041e-01	-9.7069757849e-01
3.9592945412e-01	-9.7012490830e-01
3.8650793888e-01	-9.6923651328e-01
3.8651335023e-01	-9.6926658635e-01
3.8651375878e-01	-9.6931120755e-01
3.8651136283e-01	-9.6936525979e-01
3.8650689958e-01	-9.6942367360e-01
3.8650063267e-01	-9.6948434527e-01
3.8649260335e-01	-9.6954649504e-01
3.8648274963e-01	-9.6960991055e-01
3.8647097701e-01	-9.6967463742e-01
3.8645711162e-01	-9.6974150777e-01
3.8644089716e-01	-9.6981154795e-01
3.8642203291e-01	-9.6988375000e-01
3.8640013221e-01	-9.6995861362e-01
3.8637467470e-01	-9.7003681651e-01
3.8634493728e-01	-9.7011929538e-01
3.8630987011e-01	-9.7020738824e-01
3.8626785615e-01	-9.7030309745e-01
3.8621619152e-01	-9.7040961801e-01
3.8614974504e-01	-9.7053258915e-01
3.8605652868e-01	-9.7068370667e-01
3.8589238879e-01	-9.7089928834e-01
3.8532913553e-01	-9.7132441688e-01
3.8470140393e-01	-9.7256042608e-01
3.8446688706e-01	-9.7328395806e-01
3.8439014843e-01	-9.7347686690e-01
3.8433828046e-01	-9.7358548664e-01
3.8429393217e-01	-9.7366865627e-01
3.8425319933e-01	-9.7374032852e-01
3.8421463524e-01	-9.7380483403e-01
3.8417747151e-01	-9.7386403263e-01
3.8414120380e-01	-9.7391899457e-01
3.8410546525e-01	-9.7397044704e-01
3.8406997527e-01	-9.7401892455e-01
3.8403451238e-01	-9.7406483668e-01
3.8399889835e-01	-9.7410850446e-01
3.8396298721e-01	-9.7415018405e-01
3.8392665779e-01	-9.7419008257e-01
3.8388980828e-01	-9.7422836947e-01
3.8385240587e-01	-9.7426520375e-01
3.8381445832e-01	-9.7430137654e-01
3.8377577941e-01	-9.7433681826e-01
3.8373629673e-01	-9.7437105502e-01
3.8369596145e-01	-9.7440415813e-01
3.8365473035e-01	-9.7443618790e-01
3.8361256487e-01	-9.7446719563e-01
3.8356943066e-01	-9.7449722480e-01
3.8351534974e-01	-9.7452251553e-01
3.8345892293e-01	-9.7454639185e-01
3.8340144183e-01	-9.7456938358e-01
3.8334288296e-01	-9.7459151388e-01
3.8328322475e-01	-9.7461280240e-01
3.8322244672e-01	-9.7463326598e-01
3.8316052984e-01	-9.7465291915e-01
3.8309745451e-01	-9.7467177757e-01
3.8303319028e-01	-9.7468988890e-01
3.8296758138e-01	-9.7470765349e-01
3.8289944970e-01	-9.7472856138e-01
3.8293738709e-01	-9.7478212351e-01
3.8296968197e-01	-9.7481008349e-01
3.8300154908e-01	-9.7483643240e-01
3.8303389313e-01	-9.7486172276e-01
3.8306742567e-01	-9.7488675916e-01
3.8310023704e-01	-9.7491061323e-01
3.8313226214e-01	-9.7493352920e-01
3.8316617309e-01	-9.7495738530e-01
3.8319961023e-01	-9.7498085389e-01
3.8323199073e-01	-9.7500362059e-01
3.8326535987e-01	-9.7502694166e-01
3.8329733553e-01	-9.7504931201e-01
3.8332631795e-01	-9.7506972436e-01
3.8335165401e-01	-9.7508776149e-01
3.8336449549e-01	-9.7509775911e-01
3.8335284709e-01	-9.7509183941e-01
3.8331104396e-01	-9.7506616109e-01
3.8322726591e-01	-9.7501334205e-01
3.8307972838e-01	-9.7491946426e-01
3.8283452782e-01	-9.7476303003e-01
3.8243347910e-01	-9.7450505246e-01
3.8178754991e-01	-9.7408469476e-01
3.8074421061e-01	-9.7339568905e-01
3.7919888268e-01	-9.7234658839e-01
3.7777563550e-01	-9.7121918840e-01
3.7717985346e-01	-9.6990111794e-01
3.7741306538e-01	-9.6999272608e-01
3.7761653818e-01	-9.6987750625e-01
3.7766443924e-01	-9.6958673415e-01
3.7773963686e-01	-9.6911901943e-01
3.7785764944e-01	-9.6837506697e-01
3.7801503757e-01	-9.6726827661e-01
3.7788973026e-01	-9.6711435035e-01
3.7778656702e-01	-9.6699774313e-01
3.7761741025e-01	-9.6681991074e-01
3.7733969481e-01	-9.6655161790e-01
3.7688514626e-01	-9.6614952543e-01
3.7614766038e-01	-9.6555191732e-01
3.7510486757e-01	-9.6475633893e-01
3.7407612715e-01	-9.6399038315e-01
3.7306490692e-01	-9.6324194001e-01
3.7207296239e-01	-9.6251424322e-01
3.7109955831e-01	-9.6179645458e-01
3.7014488419e-01	-9.6108766090e-01
3.6920851410e-01	-9.6038724410e-01
3.6829038240e-01	-9.5970151430e-01
3.6738819658e-01	-9.5902297920e-01
3.6650203285e-01	-9.5835142126e-01
3.6563108272e-01	-9.5768643385e-01
3.6477493077e-01	-9.5703149929e-01
3.6393314656e-01	-9.5638654528e-01
3.6310509804e-01	-9.5583949161e-01
3.7091410783e-01	-9.5616246024e-01
3.7093856350e-01	-9.5620068663e-01
3.7095877341e-01	-9.5625589486e-01
3.7097663155e-01	-9.5631965348e-01
3.7099296398e-01	-9.5638696500e-01
3.7100813214e-01	-9.5645566325e-01
3.7102228719e-01	-9.5652483051e-01
3.7103549182e-01	-9.5659406681e-01
3.7104777350e-01	-9.5666318479e-01
3.7105914520e-01	-9.5673207945e-01
3.7106961418e-01	-9.5680067939e-01
3.7107917379e-01	-9.5686892390e-01
3.7108781674e-01	-9.5693675994e-01
3.7109555348e-01	-9.5700557012e-01
3.7110239941e-01	-9.5707402458e-01
3.7110835390e-01	-9.5714196892e-01
3.7111341535e-01	-9.5720938066e-01
3.7111758105e-01	-9.5727624162e-01
3.7112084750e-01	-9.5734253795e-01
3.7112321047e-01	-9.5740825987e-01
3.7112466512e-01	-9.5747339893e-01
3.7112520623e-01	-9.5753794968e-01
3.7112482823e-01	-9.5760190759e-01
3.7112352528e-01	-9.5766526988e-01
3.7112129134e-01	-9.5772803437e-01
3.7111812022e-01	-9.5779019863e-01
3.7111400561e-01	-9.5785176076e-01
3.7110894110e-01	-9.5791271899e-01
3.7110292022e-01	-9.5797307129e-01
3.7109593635e-01	-9.5803281627e-01
3.7108798284e-01	-9.5809195187e-01
3.7107905291e-01	-9.5815047631e-01
3.7106913986e-01	-9.5820838769e-01
3.7105823932e-01	-9.5826568504e-01
3.7104634520e-01	-9.5832330104e-01
3.7103344650e-01	-9.5838071330e-01
3.7101953585e-01	-9.5843749637e-01
3.7100460576e-01	-9.5849364845e-01
3.7098864859e-01	-9.5854916784e-01
3.7097165652e-01	-9.5860405291e-01
3.7095362151e-01	-9.5865830223e-01
3.7093453526e-01	-9.5871191472e-01
3.7091438940e-01	-9.5876488903e-01
3.7089317510e-01	-9.5881722463e-01
3.7087088331e-01	-9.5886892108e-01
3.7084750464e-01	-9.5891997834e-01
3.7082302936e-01	-9.5897039680e-01
3.7079744730e-01	-9.5902017727e-01
3.7077074790e-01	-9.5906932113e-01
3.7074292007e-01	-9.5911783034e-01
3.7071395220e-01	-9.5916570754e-01
3.7068383198e-01	-9.5921295624e-01
3.7065254663e-01	-9.5925958054e-01
3.7062008240e-01	-9.5930558577e-01
3.7058642473e-01	-9.5935097838e-01
3.7055156558e-01	-9.5939600714e-01
3.7051548116e-01	-9.5944163759e-01
3.7047812523e-01	-9.5948680569e-01
3.7043922531e-01	-9.5953271003e-01
3.7041987310e-01	-9.5959641022e-01
3.7046387828e-01	-9.5964046529e-01
3.7049924056e-01	-9.5967599973e-01
3.7053402706e-01	-9.5970964170e-01
3.7056934980e-01	-9.5974232921e-01
3.7060580165e-01	-9.5977484485e-01
3.7064161258e-01	-9.5980610028e-01
3.7067685272e-01	-9.5983644547e-01
3.7071410813e-01	-9.5986807967e-01
3.7075038372e-01	-9.5989876425e-01
3.7078559792e-01	-9.5992851686e-01
3.7082219801e-01	-9.5995927821e-01
3.7085733528e-01	-9.5998886850e-01
3.7088985412e-01	-9.6001640924e-01
3.7092009658e-01	-9.6004216021e-01
3.7093999092e-01	-9.6005984841e-01
3.7094094980e-01	-9.6006226707e-01
3.7092261775e-01	-9.6004932332e-01
3.7087709756e-01	-9.6001508964e-01
3.7079021140e-01	-9.5994859938e-01
3.7063846696e-01	-9.5983168455e-01
3.7038423549e-01	-9.5963525489e-01
3.6996758636e-01	-9.5931307257e-01
3.6929459650e-01	-9.5879387654e-01
3.6836187433e-01	-9.5807744550e-01
3.6744197585e-01	-9.5736665126e-01
3.6653848697e-01	-9.5666352208e-01
3.6565024902e-01	-9.5596820516e-01
3.6478068380e-01	-9.5568805416e-01
3.5574011004e-01	-9.5354510938e-01
3.5573815997e-01	-9.5357438421e-01
3.5573057930e-01	-9.5362116425e-01
3.5572044517e-01	-9.5367707728e-01
3.5570876936e-01	-9.5373699255e-01
3.5569591343e-01	-9.5379738267e-01
3.5568199518e-01	-9.5385747213e-01
3.5566704743e-01	-9.5391701060e-01
3.5565107533e-01	-9.5397591786e-01
3.5563407483e-01	-9.5403416895e-01
3.5561603882e-01	-9.5409175626e-01
3.5559695917e-01	-9.5414867747e-01
3.5557682685e-01	-9.5420493311e-01
3.5555563281e-01	-9.5426052335e-01
3.5553336731e-01	-9.5431544976e-01
3.5551002027e-01	-9.5436971411e-01
3.5548558098e-01	-9.5442331900e-01
3.5546003867e-01	-9.5447626663e-01
3.5543338139e-01	-9.5452856108e-01
3.5540559700e-01	-9.5458020626e-01
3.5537667229e-01	-9.5463120766e-01
3.5534659324e-01	-9.5468157168e-01
3.5531534531e-01	-9.5473130617e-01
3.5528291831e-01	-9.5478042282e-01
3.5524929091e-01	-9.5483022957e-01
3.5521444157e-01	-9.5487965790e-01
3.5517834966e-01	-9.5492849919e-01
3.5514099247e-01	-9.5497677216e-01
3.5510234542e-01	-9.5502449825e-01
3.5506238095e-01	-9.5507170306e-01
3.5502106861e-01	-9.5511841636e-01
3.5497837444e-01	-9.5516467292e-01
3.5493426035e-01	-9.5521051340e-01
3.5488868343e-01	-9.5525598536e-01
3.5484159507e-01	-9.5530114451e-01
3.5479293985e-01	-9.5534605621e-01
3.5474265425e-01	-9.5539079740e-01
3.5469066492e-01	-9.5543545894e-01
3.5463688660e-01	-9.5548014862e-01
3.5458121925e-01	-9.5552499512e-01
3.5452354416e-01	-9.5557015475e-01
3.5446371484e-01	-9.5561583673e-01
3.5440153326e-01	-9.5566252383e-01
3.5433631436e-01	-9.5571511823e-01
3.5433982262e-01	-9.5581636755e-01
3.5437280970e-01	-9.5585990811e-01
3.5440516121e-01	-9.5590150972e-01
3.5443730199e-01	-9.5594142440e-01
3.5447091647e-01	-9.5598181216e-01
3.5450363943e-01	-9.5602061327e-01
3.5453541779e-01	-9.5605817773e-01
3.5456853153e-01	-9.5609714522e-01
3.5460091895e-01	-9.5613555215e-01
3.5463212257e-01	-9.5617303308e-01
3.5466403730e-01	-9.5621168271e-01
3.5469481854e-01	-9.5624959954e-01
3.5472312600e-01	-9.5628532004e-01
3.5474929718e-01	-9.5631914330e-01
3.5476687937e-01	-9.5634365418e-01
3.5476797460e-01	-9.5634848493e-01
3.5475200392e-01	-9.5633307106e-01
3.5471211393e-01	-9.5629052072e-01
3.5463540013e-01	-9.5620807539e-01
3.5449970117e-01	-9.5606568675e-01
3.5426830355e-01	-9.5583335680e-01
3.5388128739e-01	-9.5546624340e-01
3.5324474410e-01	-9.5490346027e-01
3.5232177602e-01	-9.5412303983e-01
3.5140790690e-01	-9.5336546185e-01
3.5050682454e-01	-9.5262269679e-01
3.4962204557e-01	-9.5189850278e-01
3.4875475130e-01	-9.5118478201e-01
3.4790239309e-01	-9.5047855807e-01
3.4706581030e-01	-9.4978036256e-01
3.4624448253e-01	-9.4909629150e-01
3.4543761634e-01	-9.4841918951e-01
3.4464495770e-01	-9.4774904777e-01
3.4386607598e-01	-9.4708568691e-01
3.4310118115e-01	-9.4654386636e-01
3.4314525669e-01	-9.4640843646e-01
3.4316145597e-01	-9.4645009231e-01
3.4317365968e-01	-9.4650956436e-01
3.4318365357e-01	-9.4657671421e-01
3.4319219807e-01	-9.4664808119e-01
3.4319959599e-01	-9.4672039651e-01
3.4320595796e-01	-9.4679292002e-01
3.4321132422e-01	-9.4686536310e-01
3.4321570902e-01	-9.4693759663e-01
3.4321911808e-01	-9.4700954938e-01
3.4322155459e-01	-9.4708116549e-01
3.4322302125e-01	-9.4715239494e-01
3.4322352048e-01	-9.4722318631e-01
3.4322305432e-01	-9.4729349229e-01
3.4322162407e-01	-9.4736326926e-01
3.4321923001e-01	-9.4743247733e-01
3.4321587130e-01	-9.4750108367e-01
3.4321154600e-01	-9.4756906069e-01
3.4320625102e-01	-9.4763638683e-01
3.4319998238e-01	-9.4770304438e-01
3.4319273512e-01	-9.4776902136e-01
3.4318450527e-01	-9.4783430967e-01
3.4317528952e-01	-9.4789890320e-01
3.4316507928e-01	-9.4796378970e-01
3.4315386464e-01	-9.4802848130e-01
3.4314163790e-01	-9.4809245638e-01
3.4312839130e-01	-9.4815571311e-01
3.4311411671e-01	-9.4821825063e-01
3.4309880578e-01	-9.4828006813e-01
3.4308244970e-01	-9.4834116592e-01
3.4306503941e-01	-9.4840154423e-01
3.4304656547e-01	-9.4846120364e-01
3.4302701798e-01	-9.4852014543e-01
3.4300638684e-01	-9.4857837038e-01
3.4298466109e-01	-9.4863588098e-01
3.4296182956e-01	-9.4869267925e-01
3.4293788015e-01	-9.4874876874e-01
3.4291280009e-01	-9.4880415363e-01
3.4288657575e-01	-9.4885883911e-01
3.4285919242e-01	-9.4891283184e-01
3.4283063447e-01	-9.4896613942e-01
3.4280088847e-01	-9.4901877280e-01
3.4276993811e-01	-9.4907140999e-01
3.4273775812e-01	-9.4912432803e-01
3.4270432553e-01	-9.4917660557e-01
3.4266961591e-01	-9.4922826267e-01
3.4263360206e-01	-9.4927932316e-01
3.4259625414e-01	-9.4932981454e-01
3.4255753822e-01	-9.4937976993e-01
3.4251741663e-01	-9.4942922766e-01
3.4247584646e-01	-9.4947823327e-01
3.4243277904e-01	-9.4952684025e-01
3.4238815866e-01	-9.4957511179e-01
3.4234192153e-01	-9.4962312224e-01
3.4229399348e-01	-9.4967096016e-01
3.4224428810e-01	-9.4971873092e-01
3.4219270359e-01	-9.4976656162e-01
3.4213911671e-01	-9.4981461640e-01
3.4208335298e-01	-9.4986321448e-01
3.4202492941e-01	-9.4991398724e-01
3.4198668815e-01	-9.4998955869e-01
3.4202866264e-01	-9.5004435158e-01
3.4206275031e-01	-9.5008937899e-01
3.4209619171e-01	-9.5013217622e-01
3.4213033434e-01	-9.5017427426e-01
3.4216501923e-01	-9.5021591418e-01
3.4219877788e-01	-9.5025599866e-01
3.4223223226e-01	-9.5029554659e-01
3.4226675459e-01	-9.5033623922e-01
3.4230012496e-01	-9.5037589317e-01
3.4233277701e-01	-9.5041506656e-01
3.4236616324e-01	-9.5045539494e-01
3.4239752903e-01	-9.5049394969e-01
3.4242667689e-01	-9.5053048454e-01
3.4245138899e-01	-9.5056244189e-01
3.4246320000e-01	-9.5058006088e-01
3.4245460125e-01	-9.5057333878e-01
3.4242312750e-01	-9.5054027941e-01
3.4235834052e-01	-9.5047037864e-01
3.4224136293e-01	-9.5034552437e-01
3.4204052922e-01	-9.5013767087e-01
3.4170401260e-01	-9.4980442157e-01
3.4114952194e-01	-9.4928832115e-01
3.4027478337e-01	-9.4850578391e-01
3.3940609583e-01	-9.4774356512e-01
3.3855058941e-01	-9.4699709041e-01
3.3771051149e-01	-9.4626914047e-01
3.3688579894e-01	-9.4559394268e-01
3.4027315412e-01	-9.4572468906e-01
3.4029310644e-01	-9.4576020760e-01
3.4030782046e-01	-9.4582009660e-01
3.4031997362e-01	-9.4588851389e-01
3.4033064463e-01	-9.4595950911e-01
3.4034019935e-01	-9.4603106373e-01
3.4034874888e-01	-9.4610251861e-01
3.4035631705e-01	-9.4617367971e-01
3.4036289626e-01	-9.4624450890e-01
3.4036846719e-01	-9.4631502392e-01
3.4037300939e-01	-9.4638526534e-01
3.4037649418e-01	-9.4645527387e-01
3.4037889221e-01	-9.4652646995e-01
3.4038017185e-01	-9.4659778916e-01
3.4038030260e-01	-9.4666898710e-01
3.4037925262e-01	-9.4674008799e-01
3.4037698804e-01	-9.4681110682e-01
3.4037347171e-01	-9.4688205510e-01
3.4036866133e-01	-9.4695294738e-01
3.4036250751e-01	-9.4702380206e-01
3.4035495135e-01	-9.4709464782e-01
3.4034592174e-01	-9.4716552877e-01
3.4033533203e-01	-9.4723651034e-01
3.4032307671e-01	-9.4730768127e-01
3.4030902623e-01	-9.4737916214e-01
3.4029302069e-01	-9.4745111213e-01
3.4027486147e-01	-9.4752373664e-01
3.4025432535e-01	-9.4759731024e-01
3.4023114950e-01	-9.4767247659e-01
3.4020488403e-01	-9.4775163020e-01
3.4017495599e-01	-9.4783317804e-01
3.4014063024e-01	-9.4791792544e-01
3.4010086692e-01	-9.4800699190e-01
3.4005412210e-01	-9.4810199618e-01
3.3999794148e-01	-9.4820541919e-01
3.3992802075e-01	-9.4832138398e-01
3.3983551968e-01	-9.4845767048e-01
3.3969622013e-01	-9.4863265195e-01
3.3935741385e-01	-9.4892228443e-01
3.3869025121e-01	-9.4937848889e-01
3.3808254691e-01	-9.5066095711e-01
3.3793744155e-01	-9.5097661489e-01
3.3785868114e-01	-9.5110433619e-01
3.3779520065e-01	-9.5120227398e-01
3.3773901057e-01	-9.5128497437e-01
3.3768742026e-01	-9.5135791514e-01
3.3763892667e-01	-9.5142367668e-01
3.3759253995e-01	-9.5148384441e-01
3.3754756103e-01	-9.5153949680e-01
3.3750347400e-01	-9.5159140701e-01
3.3745988746e-01	-9.5164014673e-01
3.3741649635e-01	-9.5168615032e-01
3.3737305875e-01	-9.5172975372e-01
3.3732937964e-01	-9.5177122101e-01
3.3728541909e-01	-9.5181081928e-01
3.3724112864e-01	-9.5185005641e-01
3.3719618854e-01	-9.5188775276e-01
3.3715050575e-01	-9.5192390363e-01
3.3710400155e-01	-9.5195860414e-01
3.3705660794e-01	-9.5199193293e-01
3.3700826588e-01	-9.5202395509e-01
3.3695892389e-01	-9.5205472453e-01
3.3690853660e-01	-9.5208428637e-01
3.3685706165e-01	-9.5211268308e-01
3.3680443955e-01	-9.5214000251e-01
3.3675039355e-01	-9.5216686501e-01
3.3669300189e-01	-9.5219816489e-01
3.3674755231e-01	-9.5226278149e-01
3.3678325487e-01	-9.5229950995e-01
3.3681856406e-01	-9.5233421653e-01
3.3685495476e-01	-9.5236819467e-01
3.3689208080e-01	-9.5240156500e-01
3.3692841588e-01	-9.5243351097e-01
3.3696476889e-01	-9.5246499850e-01
3.3700224482e-01	-9.5249707740e-01
3.3703863372e-01	-9.5252809465e-01
3.3707463278e-01	-9.5255867458e-01
3.3711116447e-01	-9.5258958128e-01
3.3714529493e-01	-9.5261852924e-01
3.3717649666e-01	-9.5264511686e-01
3.3719998594e-01	-9.5266558264e-01
3.3720292333e-01	-9.5266982158e-01
3.3717652404e-01	-9.5265034880e-01
3.3711436319e-01	-9.5260241719e-01
3.3699937967e-01	-9.5251253113e-01
3.3680249132e-01	-9.5235732340e-01
3.3647723902e-01	-9.5209873027e-01
3.3595090346e-01	-9.5167520527e-01
3.3511382611e-01	-9.5098614284e-01
3.3389896807e-01	-9.4992948862e-01
3.3281967668e-01	-9.4878583553e-01
3.3260274308e-01	-9.4767382830e-01
3.3284259800e-01	-9.4779356757e-01
3.3303557865e-01	-9.4772421610e-01
3.3309223604e-01	-9.4748966403e-01
3.3318155810e-01	-9.4711276741e-01
3.3332133125e-01	-9.4650770731e-01
3.3353914769e-01	-9.4555491170e-01
3.3354305869e-01	-9.4518299263e-01
3.3346815160e-01	-9.4506271068e-01
3.3334211053e-01	-9.4487998486e-01
3.3312978115e-01	-9.4460522904e-01
3.3277441848e-01	-9.4419451628e-01
3.3218726801e-01	-9.4372152250e-01
3.2592224475e-01	-9.4274936497e-01
3.2591471393e-01	-9.4280882999e-01
3.2590172560e-01	-9.4288516015e-01
3.2588432711e-01	-9.4296898351e-01
3.2586227779e-01	-9.4305750355e-01
3.2583463881e-01	-9.4315086824e-01
3.2579979304e-01	-9.4325040575e-01
3.2575505119e-01	-9.4335850827e-01
3.2569554554e-01	-9.4347923223e-01
3.2561088867e-01	-9.4362010917e-01
3.2547078193e-01	-9.4379787828e-01
3.2508150664e-01	-9.4407095370e-01
3.2439927350e-01	-9.4479845541e-01
3.2399656899e-01	-9.4584736662e-01
3.2387708645e-01	-9.4617032195e-01
3.2381107388e-01	-9.4632880580e-01
3.2376183453e-01	-9.4644345716e-01
3.2372015927e-01	-9.4653699870e-01
3.2368280228e-01	-9.4661890303e-01
3.2364818191e-01	-9.4669303325e-01
3.2361535655e-01	-9.4676136712e-01
3.2358369250e-01	-9.4682510615e-01
3.2355273110e-01	-9.4688506491e-01
3.2352212488e-01	-9.4694183365e-01
3.2349160426e-01	-9.4699585461e-01
3.2346096490e-01	-9.4704747718e-01
3.2343015772e-01	-9.4709703524e-01
3.2339905949e-01	-9.4714572781e-01
3.2336739115e-01	-9.4719317680e-01
3.2333505407e-01	-9.4723897751e-01
3.2330196544e-01	-9.4728324850e-01
3.2326805499e-01	-9.4732608649e-01
3.2323326272e-01	-9.4736757058e-01
3.2318536645e-01	-9.4740143868e-01
3.2313366230e-01	-9.4743259576e-01
3.2308093856e-01	-9.4746255430e-01
3.2302716175e-01	-9.4749134951e-01
3.2297230138e-01	-9.4751901025e-01
3.2291632983e-01	-9.4754555986e-01
3.2285922253e-01	-9.4757101681e-01
3.2280095580e-01	-9.4759539636e-01
3.2274150744e-01	-9.4761871069e-01
3.2268328163e-01	-9.4764223440e-01
3.2262419656e-01	-9.4766566555e-01
3.2256390523e-01	-9.4768883442e-01
3.2250235042e-01	-9.4771095012e-01
3.2243951109e-01	-9.4773201857e-01
3.2237536547e-01	-9.4775204518e-01
3.2230989070e-01	-9.4777103523e-01
3.2224306251e-01	-9.4778899411e-01
3.2217485491e-01	-9.4780592758e-01
3.2210523936e-01	-9.4782184207e-01
3.2203418558e-01	-9.4783674468e-01
3.2196165980e-01	-9.4785064374e-01
3.2188762412e-01	-9.4786354900e-01
3.2181203684e-01	-9.4787547185e-01
3.2173485113e-01	-9.4788642609e-01
3.2165601153e-01	-9.4789643245e-01
3.2157543378e-01	-9.4790556269e-01
3.2149086944e-01	-9.4791340447e-01
3.2140211258e-01	-9.4792768973e-01
3.2144474653e-01	-9.4799067520e-01
3.2147514842e-01	-9.4802758276e-01
3.2150514565e-01	-9.4806234308e-01
3.2153719029e-01	-9.4809685667e-01
3.2157009998e-01	-9.4813064503e-01
3.2160224297e-01	-9.4816295147e-01
3.2163479065e-01	-9.4819517265e-01
3.2166784385e-01	-9.4822758719e-01
3.2169981576e-01	-9.4825890586e-01
3.2173191050e-01	-9.4829028023e-01
3.2176368154e-01	-9.4832135865e-01
3.2179291894e-01	-9.4835019819e-01
3.2181927989e-01	-9.4837648519e-01
3.2183580114e-01	-9.4839395306e-01
3.2183098662e-01	-9.4839193176e-01
3.2180026535e-01	-9.4836597065e-01
3.2173496879e-01	-9.4830882814e-01
3.2161729637e-01	-9.4820502542e-01
3.2141716306e-01	-9.4802863341e-01
3.2108619942e-01	-9.4773824029e-01
3.2054183457e-01	-9.4726977963e-01
3.1966677445e-01	-9.4651873830e-01
3.1844619376e-01	-9.4545764979e-01
3.1728834659e-01	-9.4443016065e-01
3.1634373276e-01	-9.4358648947e-01
3.1559612174e-01	-9.4289914167e-01
3.1450225894e-01	-9.4178761115e-01
3.1381888764e-01	-9.4026245461e-01
3.1407480056e-01	-9.4028073429e-01
3.1429942704e-01	-9.4040401223e-01
3.1434035781e-01	-9.4027104639e-01
3.1438348079e-01	-9.4004812427e-01
3.1445145264e-01	-9.3969101583e-01
3.1455787735e-01	-9.3911455191e-01
3.1472436490e-01	-9.3821201663e-01
3.1475961288e-01	-9.3774083634e-01
3.1468890121e-01	-9.3761744496e-01
3.1456953960e-01	-9.3743016311e-01
3.1436794069e-01	-9.3714881391e-01
3.1402990525e-01	-9.3672853963e-01
3.1347168831e-01	-9.3610292118e-01
3.1269069421e-01	-9.3529115973e-01
3.1191703902e-01	-9.3451080860e-01
3.1115361651e-01	-9.3379795410e-01
3.1840363144e-01	-9.3510252609e-01
3.1842188885e-01	-9.3515743175e-01
3.1843535569e-01	-9.3523158595e-01
3.1844650662e-01	-9.3531164016e-01
3.1845613781e-01	-9.3539327365e-01
3.1846444994e-01	-9.3547521687e-01
3.1847144839e-01	-9.3555714636e-01
3.1847706783e-01	-9.3563904032e-01
3.1848120831e-01	-9.3572098662e-01
3.1848374272e-01	-9.3580311975e-01
3.1848451589e-01	-9.3588560839e-01
3.1848333862e-01	-9.3596865240e-01
3.1847997831e-01	-9.3605249133e-01
3.1847414598e-01	-9.3613740821e-01
3.1846551715e-01	-9.3622377276e-01
3.1845365374e-01	-9.3631253079e-01
3.1843787150e-01	-9.3640605777e-01
3.1841726490e-01	-9.3650291778e-01
3.1839057289e-01	-9.3660421448e-01
3.1835587863e-01	-9.3671157451e-01
3.1831004654e-01	-9.3682752568e-01
3.1824735060e-01	-9.3695633453e-01
3.1815528611e-01	-9.3710614411e-01
3.1799523564e-01	-9.3729657172e-01
3.1745180207e-01	-9.3760661443e-01
3.1667089037e-01	-9.3861529587e-01
3.1637223542e-01	-9.3935102687e-01
3.1627494904e-01	-9.3957557084e-01
3.1621511503e-01	-9.3970955022e-01
3.1616884352e-01	-9.3981708135e-01
3.1612980406e-01	-9.3990974739e-01
3.1609536574e-01	-9.3999291788e-01
3.1606403694e-01	-9.4006918673e-01
3.1603484072e-01	-9.4014010564e-01
3.1600708639e-01	-9.4020671548e-01
3.1598026393e-01	-9.4038414158e-01
3.0886396391e-01	-9.3896476782e-01
3.0882782554e-01	-9.3901337560e-01
3.0879113957e-01	-9.3906156152e-01
3.0875421019e-01	-9.3910885034e-01
3.0871681783e-01	-9.3915523434e-01
3.0867882738e-01	-9.3919982976e-01
3.0864014407e-01	-9.3924275396e-01
3.0858699047e-01	-9.3927633188e-01
3.0853070276e-01	-9.3930712796e-01
3.0847350310e-01	-9.3933650957e-01
3.0841534134e-01	-9.3936453598e-01
3.0835617400e-01	-9.3939125499e-01
3.0829596360e-01	-9.3941670479e-01
3.0823467666e-01	-9.3944091614e-01
3.0817228340e-01	-9.3946391356e-01
3.0810875608e-01	-9.3948571684e-01
3.0804406921e-01	-9.3950634166e-01
3.0797900478e-01	-9.3952626035e-01
3.0791439850e-01	-9.3954613514e-01
3.0784870998e-01	-9.3956639842e-01
3.0778177069e-01	-9.3958550008e-01
3.0771355768e-01	-9.3960344703e-01
3.0764404701e-01	-9.3962024543e-01
3.0757321421e-01	-9.3963590093e-01
3.0750103251e-01	-9.3965041934e-01
3.0742747321e-01	-9.3966380672e-01
3.0735250503e-01	-9.3967606970e-01
3.0727609343e-01	-9.3968721582e-01
3.0719819967e-01	-9.3969725464e-01
3.0711877586e-01	-9.3970620658e-01
3.0703772332e-01	-9.3971419493e-01
3.0695447651e-01	-9.3972238544e-01
3.0691229455e-01	-9.3976474306e-01
3.0694574910e-01	-9.3980592663e-01
3.0697868833e-01	-9.3984569699e-01
3.0701124001e-01	-9.3988320493e-01
3.0704518775e-01	-9.3992094083e-01
3.0707889011e-01	-9.3995746183e-01
3.0711179136e-01	-9.3999245652e-01
3.0714517267e-01	-9.4002781791e-01
3.0717798339e-01	-9.4006248600e-01
3.0720964357e-01	-9.4009592019e-01
3.0722732980e-01	-9.4012288016e-01
3.0724061907e-01	-9.4014673000e-01
3.0725867032e-01	-9.4017187588e-01
3.0728439699e-01	-9.4019969048e-01
3.0729404881e-01	-9.4021210629e-01
3.0728482463e-01	-9.4020634352e-01
3.0724976740e-01	-9.4017582488e-01
3.0716947185e-01	-9.4010218306e-01
3.0701383949e-01	-9.3995680687e-01
3.0673567514e-01	-9.3969688380e-01
3.0626012408e-01	-9.3925652702e-01
3.0547934134e-01	-9.3852979226e-01
3.0438087776e-01	-9.3749259399e-01
3.0333125620e-01	-9.3648100725e-01
3.0226973607e-01	-9.3543918373e-01
3.0142570681e-01	-9.3457824798e-01
3.0080245745e-01	-9.3386593659e-01
3.0019182746e-01	-9.3238448639e-01
3.0045363759e-01	-9.3238389329e-01
3.0068212289e-01	-9.3252060637e-01
3.0072402234e-01	-9.3239904111e-01
3.0076589678e-01	-9.3219146649e-01
3.0083202659e-01	-9.3185874324e-01
3.0093537168e-01	-9.3131985524e-01
3.0109779685e-01	-9.3048015886e-01
3.0117039878e-01	-9.2994752620e-01
3.0110780150e-01	-9.2982324114e-01
3.0100078964e-01	-9.2963483146e-01
3.0081795054e-01	-9.2935210169e-01
3.0050811994e-01	-9.2892963216e-01
2.9999210694e-01	-9.2829925638e-01
2.9927130407e-01	-9.2748710427e-01
2.9855428061e-01	-9.2670482555e-01
2.9784681830e-01	-9.2608910378e-01
3.0385922057e-01	-9.2706477907e-01
3.0386474621e-01	-9.2713333038e-01
3.0386696745e-01	-9.2721143291e-01
3.0386720856e-01	-9.2729268364e-01
3.0386584120e-01	-9.2737490791e-01
3.0386291248e-01	-9.2745747553e-01
3.0385834899e-01	-9.2754027331e-01
3.0385202093e-01	-9.2762335849e-01
3.0384375686e-01	-9.2770686568e-01
3.0383334229e-01	-9.2779096520e-01
3.0382050645e-01	-9.2787587836e-01
3.0380490645e-01	-9.2796188582e-01
3.0378615331e-01	-9.2804938857e-01
3.0376367525e-01	-9.2814052644e-01
3.0373654937e-01	-9.2823571812e-01
3.0370358215e-01	-9.2833465420e-01
3.0366298573e-01	-9.2843878529e-01
3.0361188964e-01	-9.2855034368e-01
3.0354521229e-01	-9.2867301087e-01
3.0345241151e-01	-9.2881357385e-01
3.0330428704e-01	-9.2898699760e-01
3.0292323997e-01	-9.2924185113e-01
3.0220489489e-01	-9.2973778874e-01
3.0165721880e-01	-9.3086351275e-01
3.0152431956e-01	-9.3113731172e-01
3.0144649399e-01	-9.3127796091e-01
3.0138665475e-01	-9.3138880866e-01
3.0133595665e-01	-9.3148251072e-01
3.0129101024e-01	-9.3156545668e-01
3.0124992350e-01	-9.3164069395e-01
3.0121147568e-01	-9.3171003352e-01
3.0117481864e-01	-9.3177467328e-01
3.0113933593e-01	-9.3195552684e-01
2.9315650992e-01	-9.2980247786e-01
2.9309866028e-01	-9.2989437419e-01
2.9304003925e-01	-9.2999428716e-01
2.9296925344e-01	-9.3008159747e-01
2.9288968274e-01	-9.3014854961e-01
2.9281713413e-01	-9.3020939389e-01
2.9274973250e-01	-9.3026559160e-01
2.9268619658e-01	-9.3031807986e-01
2.9262560003e-01	-9.3036749642e-01
2.9256959286e-01	-9.3041577645e-01
2.9251675762e-01	-9.3046271479e-01
2.9246525712e-01	-9.3050977174e-01
2.9241454178e-01	-9.3055503251e-01
2.9236430614e-01	-9.3059853938e-01
2.9231427810e-01	-9.3064045518e-01
2.9226421636e-01	-9.3068091570e-01
2.9221389866e-01	-9.3072003818e-01
2.9216311631e-01	-9.3075792359e-01
2.9211167293e-01	-9.3079465562e-01
2.9205937577e-01	-9.3083030498e-01
2.9200603300e-01	-9.3086492909e-01
2.9194868904e-01	-9.3089682992e-01
2.9189001503e-01	-9.3092786602e-01
2.9182991153e-01	-9.3096008922e-01
2.9176781377e-01	-9.3099181742e-01
2.9170339320e-01	-9.3102266840e-01
2.9163625342e-01	-9.3105268493e-01
2.9156590325e-01	-9.3108192081e-01
2.9149171928e-01	-9.3111044585e-01
2.9141290067e-01	-9.3113834736e-01
2.9132839347e-01	-9.3116573459e-01
2.9123678399e-01	-9.3119274291e-01
2.9113637439e-01	-9.3121969096e-01
2.9102466828e-01	-9.3124826815e-01
2.9089731521e-01	-9.3127816332e-01
2.9074853773e-01	-9.3130880534e-01
2.9057045890e-01	-9.3134066736e-01
2.9035356392e-01	-9.3137407138e-01
2.9010200692e-01	-9.3141797024e-01
2.8984713491e-01	-9.3146892030e-01
2.8962057963e-01	-9.3151171257e-01
2.8943076186e-01	-9.3154211394e-01
2.8926975668e-01	-9.3156196946e-01
2.8912922205e-01	-9.3157149593e-01
2.8900329607e-01	-9.3157366444e-01
2.8888786740e-01	-9.3157046003e-01
2.8878002593e-01	-9.3156314057e-01
2.8867810169e-01	-9.3155291039e-01
2.8858040203e-01	-9.3154111836e-01
2.8848549958e-01	-9.3152682679e-01
2.8839254267e-01	-9.3151031818e-01
2.8830086657e-01	-9.3149178965e-01
2.8820994391e-01	-9.3147137973e-01
2.8811934758e-01	-9.3144918523e-01
2.8802872575e-01	-9.3142527278e-01
2.8793778028e-01	-9.3139968578e-01
2.8784625688e-01	-9.3137245070e-01
2.8775393036e-01	-9.3134357966e-01
2.8766082839e-01	-9.3131322399e-01
2.8756711232e-01	-9.3128222296e-01
2.8747202084e-01	-9.3124966186e-01
2.8737537615e-01	-9.3121537480e-01
2.8727699657e-01	-9.3117932550e-01
2.8717668990e-01	-9.3114146597e-01
2.8707424366e-01	-9.3110173712e-01
2.8696935589e-01	-9.3106008290e-01
2.8686100932e-01	-9.3101662633e-01
2.8679070139e-01	-9.3100342278e-01
2.8681935401e-01	-9.3103365023e-01
2.8684742037e-01	-9.3106290653e-01
2.8687511176e-01	-9.3109078917e-01
2.8690427065e-01	-9.3111928661e-01
2.8693135738e-01	-9.3114608767e-01
2.8695325943e-01	-9.3117016757e-01
2.8695569543e-01	-9.3118741863e-01
2.8687691016e-01	-9.3116605438e-01
2.8678295179e-01	-9.3113233086e-01
2.8668250179e-01	-9.3109443715e-01
2.8657504038e-01	-9.3105214245e-01
2.8645962106e-01	-9.3100475527e-01
2.8633531267e-01	-9.3095143746e-01
2.8620151373e-01	-9.3089135028e-01
2.8605838476e-01	-9.3082434247e-01
2.8590761794e-01	-9.3075039272e-01
2.8575293079e-01	-9.3067054294e-01
2.8559844761e-01	-9.3058642272e-01
2.8544437862e-01	-9.3049695829e-01
2.8528935277e-01	-9.3040188942e-01
2.8513818334e-01	-9.3030617451e-01
2.8516986720e-01	-9.3032840577e-01
2.8518625231e-01	-9.3033982460e-01
2.8519866107e-01	-9.3034842556e-01
2.8521120670e-01	-9.3035697173e-01
2.8522273289e-01	-9.3036470598e-01
2.8523228544e-01	-9.3037102617e-01
2.8523975229e-01	-9.3037589177e-01
2.8524331133e-01	-9.3037813732e-01
2.8524085993e-01	-9.3037642156e-01
2.8522937845e-01	-9.3036878907e-01
2.8520363846e-01	-9.3035178483e-01
2.8515640002e-01	-9.3032040240e-01
2.8506989251e-01	-9.3026165113e-01
2.8490494176e-01	-9.3014395850e-01
2.8467265076e-01	-9.2995264659e-01
2.8428483455e-01	-9.2958073794e-01
2.8389272802e-01	-9.2922254296e-01
2.8354611271e-01	-9.2891723405e-01
2.8326010471e-01	-9.2866955409e-01
2.8279106206e-01	-9.2826494361e-01
2.8203442957e-01	-9.2760537550e-01
2.8088013521e-01	-9.2654793645e-01
2.8011946905e-01	-9.2571304180e-01
2.7986848522e-01	-9.2502174468e-01
2.7994413911e-01	-9.2440640161e-01
2.7978560017e-01	-9.2396056556e-01
2.7958633259e-01	-9.2362607705e-01
2.7940608303e-01	-9.2337024738e-01
2.7909522985e-01	-9.2297056605e-01
2.7857058105e-01	-9.2234521172e-01
2.7770742423e-01	-9.2136471316e-01
2.7673166538e-01	-9.2027549363e-01
2.7597693485e-01	-9.1942212693e-01
2.7540193992e-01	-9.1876323633e-01
2.7452323277e-01	-9.1773353874e-01
2.7359337868e-01	-9.1663643453e-01
2.7275368464e-01	-9.1551529128e-01
2.7228755230e-01	-9.1447184354e-01
2.7250844079e-01	-9.1409027839e-01
2.7275166958e-01	-9.1426726486e-01
2.7284478843e-01	-9.1420667158e-01
2.7288230324e-01	-9.1403050876e-01
2.7294173328e-01	-9.1374838267e-01
2.7303480134e-01	-9.1329155941e-01
2.7318129185e-01	-9.1257572657e-01
2.7329303922e-01	-9.1201196255e-01
2.7327959233e-01	-9.1180633294e-01
2.7319676321e-01	-9.1161434398e-01
2.7304984123e-01	-9.1132645224e-01
2.7279397666e-01	-9.1089675980e-01
2.7235945019e-01	-9.1025346671e-01
2.7175039955e-01	-9.0970733587e-01
2.7906437461e-01	-9.1189144301e-01
2.7904615282e-01	-9.1198625326e-01
2.7902384486e-01	-9.1208224208e-01
2.7899634754e-01	-9.1218380202e-01
2.7896207571e-01	-9.1228885726e-01
2.7891870585e-01	-9.1239883460e-01
2.7886238750e-01	-9.1251599336e-01
2.7878596430e-01	-9.1264408159e-01
2.7867334641e-01	-9.1279002070e-01
2.7847164863e-01	-9.1296915839e-01
2.7780445167e-01	-9.1322665686e-01
2.7706762655e-01	-9.1420543016e-01
2.7682430562e-01	-9.1470588165e-01
2.7671597640e-01	-9.1489884319e-01
2.7664239697e-01	-9.1502946403e-01
2.7658427364e-01	-9.1513829645e-01
2.7653504634e-01	-9.1523247366e-01
2.7649157674e-01	-9.1531688577e-01
2.7645197943e-01	-9.1539415713e-01
2.7641500824e-01	-9.1546590706e-01
2.7637978727e-01	-9.1553322178e-01
2.7634568019e-01	-9.1559685851e-01
2.7631223214e-01	-9.1565738515e-01
2.7627938730e-01	-9.1571564375e-01
2.7624666549e-01	-9.1577326315e-01
2.7621369195e-01	-9.1582863641e-01
2.7618028808e-01	-9.1622360543e-01
2.6485186957e-01	-9.1110206112e-01
2.6474948022e-01	-9.1116574489e-01
2.6465789168e-01	-9.1122025013e-01
2.6457415315e-01	-9.1127020428e-01
2.6450159681e-01	-9.1132084675e-01
2.6443321941e-01	-9.1137066942e-01
2.6436763597e-01	-9.1141808558e-01
2.6430412955e-01	-9.1146280793e-01
2.6424211351e-01	-9.1150512830e-01
2.6418108919e-01	-9.1154527324e-01
2.6412061103e-01	-9.1158342610e-01
2.6406026808e-01	-9.1161973656e-01
2.6399966249e-01	-9.1165433067e-01
2.6393464257e-01	-9.1168440473e-01
2.6386779885e-01	-9.1171238145e-01
2.6379970213e-01	-9.1174157038e-01
2.6372947016e-01	-9.1176957945e-01
2.6365645811e-01	-9.1179614680e-01
2.6357988217e-01	-9.1182128155e-01
2.6349875920e-01	-9.1184496257e-01
2.6341181319e-01	-9.1186712915e-01
2.6331733128e-01	-9.1188766411e-01
2.6321300687e-01	-9.1190640454e-01
2.6309603896e-01	-9.1192360101e-01
2.6296123965e-01	-9.1194079771e-01
2.6280129514e-01	-9.1195472479e-01
2.6260684900e-01	-9.1196450962e-01
2.6236846485e-01	-9.1196961279e-01
2.6210045079e-01	-9.1198350554e-01
2.6184146003e-01	-9.1200354613e-01
2.6161845488e-01	-9.1201791765e-01
2.6143348672e-01	-9.1202554769e-01
2.6127652136e-01	-9.1202531095e-01
2.6113956046e-01	-9.1201782443e-01
2.6101687006e-01	-9.1200516558e-01
2.6090439580e-01	-9.1198863858e-01
2.6079968971e-01	-9.1196941634e-01
2.6070055632e-01	-9.1194908512e-01
2.6060510628e-01	-9.1192637030e-01
2.6051221827e-01	-9.1190144489e-01
2.6042103240e-01	-9.1187444770e-01
2.6033087473e-01	-9.1184545998e-01
2.6024120431e-01	-9.1181452311e-01
2.6015157858e-01	-9.1178165056e-01
2.6006162164e-01	-9.1174683309e-01
2.5997103991e-01	-9.1171006945e-01
2.5988012400e-01	-9.1167190413e-01
2.5978828654e-01	-9.1163264735e-01
2.5969496260e-01	-9.1159120074e-01
2.5959988521e-01	-9.1154747677e-01
2.5950277326e-01	-9.1150136498e-01
2.5940331940e-01	-9.1145272705e-01
2.5930117795e-01	-9.1140139042e-01
2.5919595149e-01	-9.1134713988e-01
2.5908717454e-01	-9.1128970615e-01
2.5897429789e-01	-9.1122875264e-01
2.5885693618e-01	-9.1116407409e-01
2.5873489714e-01	-9.1109619046e-01
2.5860649081e-01	-9.1102331468e-01
2.5847070316e-01	-9.1094454307e-01
2.5832645905e-01	-9.1085894695e-01
2.5817276217e-01	-9.1076551600e-01
2.5800889690e-01	-9.1066329320e-01
2.5783343069e-01	-9.1055110555e-01
2.5769292087e-01	-9.1046983257e-01
2.5770057039e-01	-9.1048631921e-01
2.5770835387e-01	-9.1050168983e-01
2.5771666558e-01	-9.1051622035e-01
2.5772563784e-01	-9.1053057047e-01
2.5773269705e-01	-9.1054260275e-01
2.5773406019e-01	-9.1054984495e-01
2.5771071296e-01	-9.1053846935e-01
2.5756911284e-01	-9.1043488738e-01
2.5743022965e-01	-9.1032724103e-01
2.5729889055e-01	-9.1022190048e-01
2.5715805269e-01	-9.1010572595e-01
2.5701967218e-01	-9.0998913045e-01
2.5688706181e-01	-9.0987529657e-01
2.5675874084e-01	-9.0976333475e-01
2.5663355971e-01	-9.0965250818e-01
2.5650706423e-01	-9.0953912070e-01
2.5638008825e-01	-9.0942376141e-01
2.5625417803e-01	-9.0930779284e-01
2.5612167138e-01	-9.0918580500e-01
2.5597868473e-01	-9.0905529388e-01
2.5582996468e-01	-9.0891949222e-01
2.5585336554e-01	-9.0893245623e-01
2.5587166859e-01	-9.0894380667e-01
2.5588813486e-01	-9.0895380473e-01
2.5590355932e-01	-9.0896300349e-01
2.5591613327e-01	-9.0897019136e-01
2.5592483355e-01	-9.0897470656e-01
2.5592921882e-01	-9.0897627516e-01
2.5592645338e-01	-9.0897302884e-01
2.5591370931e-01	-9.0896309324e-01
2.5588504538e-01	-9.0894245027e-01
2.5583256027e-01	-9.0890562851e-01
2.5573830440e-01	-9.0883979363e-01
2.5556910091e-01	-9.0872021251e-01
2.5528233963e-01	-9.0851220018e-01
2.5482790220e-01	-9.0816702475e-01
2.5424001399e-01	-9.0765494853e-01
2.5387437882e-01	-9.0722088634e-01
2.5348534764e-01	-9.0677899083e-01
2.5313422170e-01	-9.0639612877e-01
2.5284384440e-01	-9.0608372282e-01
2.5237004565e-01	-9.0557342806e-01
2.5161993327e-01	-9.0474890412e-01
2.5055622690e-01	-9.0345164182e-01
2.5023207306e-01	-9.0248675891e-01
2.5028232397e-01	-9.0170221466e-01
2.5000799646e-01	-9.0109746991e-01
2.4972801060e-01	-9.0063632660e-01
2.4948796752e-01	-9.0027335893e-01
2.4908883201e-01	-8.9969688443e-01
2.4843068627e-01	-8.9878135485e-01
2.4763133944e-01	-8.9768408983e-01
2.4686061968e-01	-8.9661054829e-01
2.4628319150e-01	-8.9578853303e-01
2.4578115844e-01	-8.9508800579e-01
2.4501108600e-01	-8.9397906909e-01
2.4431597130e-01	-8.9286599185e-01
2.4386569393e-01	-8.9161853722e-01
2.4412066813e-01	-8.9135167720e-01
2.4436523411e-01	-8.9157550113e-01
2.4443796759e-01	-8.9153274682e-01
2.4447039784e-01	-8.9138909146e-01
2.4452182218e-01	-8.9115946422e-01
2.4460258957e-01	-8.9078781248e-01
2.4472927824e-01	-8.9020202932e-01
2.4489197426e-01	-8.8934308401e-01
2.4481794462e-01	-8.8910506405e-01
2.4474966975e-01	-8.8892521677e-01
2.4462957254e-01	-8.8864989471e-01
2.4442039363e-01	-8.8823037293e-01
2.4406352102e-01	-8.8759177217e-01
2.4356444879e-01	-8.8703667683e-01
2.5192103295e-01	-8.9083852802e-01
2.5189340926e-01	-8.9094026307e-01
2.5186136841e-01	-8.9104034669e-01
2.5182267135e-01	-8.9114484481e-01
2.5177464191e-01	-8.9125219830e-01
2.5171314921e-01	-8.9136415210e-01
2.5163063110e-01	-8.9148320654e-01
2.5151041283e-01	-8.9161328397e-01
2.5130036072e-01	-8.9175903074e-01
2.5063439537e-01	-8.9191739287e-01
2.4988291416e-01	-8.9275573679e-01
2.4963613572e-01	-8.9317921057e-01
2.4951146558e-01	-8.9336270093e-01
2.4942509236e-01	-8.9349012753e-01
2.4935711858e-01	-8.9359775745e-01
2.4929978414e-01	-8.9369047630e-01
2.4924927762e-01	-8.9377328317e-01
2.4920330112e-01	-8.9384888823e-01
2.4916034870e-01	-8.9391894302e-01
2.4911937711e-01	-8.9398453002e-01
2.4907965639e-01	-8.9404640740e-01
2.4904098569e-01	-8.9410547989e-01
2.4900275767e-01	-8.9416398080e-01
2.4896445887e-01	-8.9421985258e-01
2.4892584474e-01	-8.9464896372e-01
2.3981163090e-01	-8.8894747569e-01
2.3972320844e-01	-8.8903558043e-01
2.3964216905e-01	-8.8911196672e-01
2.3955008157e-01	-8.8916349211e-01
2.3945619513e-01	-8.8920459173e-01
2.3936728910e-01	-8.8924163147e-01
2.3928199304e-01	-8.8927519575e-01
2.3919922848e-01	-8.8930567861e-01
2.3911808116e-01	-8.8933335195e-01
2.3903600257e-01	-8.8935673992e-01
2.3894485649e-01	-8.8936888921e-01
2.3885370405e-01	-8.8938150546e-01
2.3876066386e-01	-8.8939271825e-01
2.3866447195e-01	-8.8940106511e-01
2.3856361162e-01	-8.8940625687e-01
2.3845611403e-01	-8.8940783003e-01
2.3833930890e-01	-8.8940505932e-01
2.3820960818e-01	-8.8939697371e-01
2.3806222780e-01	-8.8938326659e-01
2.3788877711e-01	-8.8936230537e-01
2.3767835106e-01	-8.8932836012e-01
2.3742001195e-01	-8.8927809160e-01
2.3712496739e-01	-8.8922536697e-01
2.3683588334e-01	-8.8918299244e-01
2.3658527518e-01	-8.8914364706e-01
2.3637776083e-01	-8.8910661361e-01
2.3620249667e-01	-8.8906838771e-01
2.3605028374e-01	-8.8902727665e-01
2.3591446156e-01	-8.8898410589e-01
2.3579046900e-01	-8.8893948557e-01
2.3567535592e-01	-8.8889475034e-01
2.3556605941e-01	-8.8884906147e-01
2.3546073538e-01	-8.8880155124e-01
2.3535808264e-01	-8.8875215753e-01
2.3525710640e-01	-8.8870078742e-01
2.3515702308e-01	-8.8864732790e-01
2.3505719598e-01	-8.8859165064e-01
2.3495713657e-01	-8.8853366041e-01
2.3485710077e-01	-8.8847400726e-01
2.3475629028e-01	-8.8841297607e-01
2.3465388117e-01	-8.8834897809e-01
2.3454944619e-01	-8.8828177403e-01
2.3444252334e-01	-8.8821107045e-01
2.3433259473e-01	-8.8813650560e-01
2.3421905575e-01	-8.8805762526e-01
2.3410119029e-01	-8.8797385899e-01
2.3397817220e-01	-8.8788452004e-01
2.3384993979e-01	-8.8778989346e-01
2.3371477339e-01	-8.8768868429e-01
2.3357097783e-01	-8.8757860098e-01
2.3341722054e-01	-8.8745817855e-01
2.3325243851e-01	-8.8732598625e-01
2.3307629377e-01	-8.8718097260e-01
2.3288962659e-01	-8.8702317764e-01
2.3269669605e-01	-8.8685562327e-01
2.3250161399e-01	-8.8668044283e-01
2.3230916622e-01	-8.8650177877e-01
2.3212284024e-01	-8.8632326430e-01
2.3194540037e-01	-8.8614845252e-01
2.3177622824e-01	-8.8597755980e-01
2.3161395822e-01	-8.8580996422e-01
2.3145714703e-01	-8.8564489860e-01
2.3130207808e-01	-8.8547865456e-01
2.3127331620e-01	-8.8544109743e-01
2.3129595683e-01	-8.8546078468e-01
2.3131925418e-01	-8.8548124234e-01
2.3134231760e-01	-8.8550138472e-01
2.3136139785e-01	-8.8551734798e-01
2.3137715368e-01	-8.8552954693e-01
2.3138085890e-01	-8.8552779334e-01
2.3127676970e-01	-8.8540342091e-01
2.3115637329e-01	-8.8526308985e-01
2.3103423335e-01	-8.8511928947e-01
2.3091008232e-01	-8.8497152571e-01
2.3078320266e-01	-8.8481883675e-01
2.3065282284e-01	-8.8466014896e-01
2.3051716414e-01	-8.8449323871e-01
2.3036911743e-01	-8.8430990394e-01
2.3021470787e-01	-8.8411634647e-01
2.3005322904e-01	-8.8391125909e-01
2.2988426270e-01	-8.8369338388e-01
2.2970701202e-01	-8.8346136277e-01
2.2951865699e-01	-8.8321566022e-01
2.2932000117e-01	-8.8296006377e-01
2.2911600620e-01	-8.8269732197e-01
2.2905266535e-01	-8.8259492909e-01
2.2905533300e-01	-8.8258448976e-01
2.2905677706e-01	-8.8257407510e-01
2.2905719674e-01	-8.8256373817e-01
2.2905560921e-01	-8.8255372155e-01
2.2905144612e-01	-8.8254419441e-01
2.2904386312e-01	-8.8253534921e-01
2.2903127646e-01	-8.8252754996e-01
2.2901157363e-01	-8.8252130415e-01
2.2898072942e-01	-8.8251716885e-01
2.2893330826e-01	-8.8251429272e-01
2.2885236234e-01	-8.8250576517e-01
2.2869711988e-01	-8.8245021696e-01
2.2837588476e-01	-8.8223588359e-01
2.2773266369e-01	-8.8166553187e-01
2.2723048962e-01	-8.8117206682e-01
2.2690418164e-01	-8.8082308941e-01
2.2673853649e-01	-8.8060900482e-01
2.2662618337e-01	-8.8043235200e-01
2.2651840543e-01	-8.8026343782e-01
2.2641587334e-01	-8.8010937866e-01
2.2622482831e-01	-8.7983338713e-01
2.2587666804e-01	-8.7934785460e-01
2.2527905789e-01	-8.7852503731e-01
2.2480771267e-01	-8.7786421073e-01
2.2445153111e-01	-8.7734811424e-01
2.2418697762e-01	-8.7694479085e-01
2.2382830724e-01	-8.7632459828e-01
2.2372393265e-01	-8.7551582906e-01
2.2384245432e-01	-8.7489389112e-01
2.2365939496e-01	-8.7433009037e-01
2.2344995268e-01	-8.7387895937e-01
2.2326433167e-01	-8.7351736369e-01
2.2295013573e-01	-8.7293696526e-01
2.2241807552e-01	-8.7199923484e-01
2.2177703052e-01	-8.7089390566e-01
2.2113152983e-01	-8.6978130440e-01
2.2059777389e-01	-8.6897444365e-01
2.2173823232e-01	-8.7064293064e-01
2.2169138338e-01	-8.7067261570e-01
2.2164245732e-01	-8.7070360777e-01
2.2159254131e-01	-8.7073354810e-01
2.2154188797e-01	-8.7076353376e-01
2.2149008034e-01	-8.7079235277e-01
2.2143703593e-01	-8.7081901149e-01
2.2138266300e-01	-8.7084348743e-01
2.2132684913e-01	-8.7086575490e-01
2.2126945466e-01	-8.7088577862e-01
2.2121030617e-01	-8.7090350845e-01
2.2114918913e-01	-8.7091887306e-01
2.2108585217e-01	-8.7093180085e-01
2.2102038418e-01	-8.7094265233e-01
2.2095259164e-01	-8.7095329885e-01
2.2088122508e-01	-8.7096213893e-01
2.2080551163e-01	-8.7096761574e-01
2.2072443634e-01	-8.7096925618e-01
2.2063662934e-01	-8.7096639623e-01
2.2054019508e-01	-8.7095809382e-01
2.2043248828e-01	-8.7094300475e-01
2.2031014044e-01	-8.7091963651e-01
2.2016802274e-01	-8.7088757729e-01
2.1999798843e-01	-8.7084103165e-01
2.1979109341e-01	-8.7077470102e-01
2.1954094874e-01	-8.7068575400e-01
2.1926580112e-01	-8.7059363859e-01
2.1900017328e-01	-8.7050735610e-01
2.1876790304e-01	-8.7042776192e-01
2.1857282872e-01	-8.7035778103e-01
2.1840628070e-01	-8.7029188524e-01
2.1826085042e-01	-8.7022764415e-01
2.1813075073e-01	-8.7016454809e-01
2.1801198331e-01	-8.7010241743e-01
2.1790173552e-01	-8.7004207705e-01
2.1779690839e-01	-8.6998149908e-01
2.1769574479e-01	-8.6991967902e-01
2.1759695479e-01	-8.6985626162e-01
2.1749953937e-01	-8.6979092255e-01
2.1740270206e-01	-8.6972335910e-01
2.1730578872e-01	-8.6965328193e-01
2.1720845991e-01	-8.6958066595e-01
2.1711092793e-01	-8.6950662398e-01
2.1701192865e-01	-8.6942978437e-01
2.1691084921e-01	-8.6934911198e-01
2.1680718692e-01	-8.6926419360e-01
2.1670037957e-01	-8.6917452826e-01
2.1658977425e-01	-8.6907949676e-01
2.1647459406e-01	-8.6897832482e-01
2.1635390961e-01	-8.6887004660e-01
2.1622744751e-01	-8.6875462017e-01
2.1609374030e-01	-8.6863086455e-01
2.1595075127e-01	-8.6849562114e-01
2.1579705121e-01	-8.6834699029e-01
2.1563156505e-01	-8.6818321524e-01
2.1545404269e-01	-8.6800313333e-01
2.1526624723e-01	-8.6780803359e-01
2.1507178112e-01	-8.6760052165e-01
2.1484589239e-01	-8.6734854230e-01
2.1462440706e-01	-8.6709510631e-01
2.1440307656e-01	-8.6683558595e-01
2.1431503305e-01	-8.6673317967e-01
2.1431585138e-01	-8.6673513783e-01
2.1431888056e-01	-8.6673908723e-01
2.1432474187e-01	-8.6674597534e-01
2.1433219822e-01	-8.6675442522e-01
2.1434117310e-01	-8.6676441586e-01
2.1435181516e-01	-8.6677614242e-01
2.1436308239e-01	-8.6678841521e-01
2.1437573732e-01	-8.6680212188e-01
2.1438858068e-01	-8.6681590653e-01
2.1440076262e-01	-8.6682883426e-01
2.1440941577e-01	-8.6683772875e-01
2.1440588776e-01	-8.6683303206e-01
2.1438752226e-01	-8.6681199917e-01
2.1435197265e-01	-8.6677160137e-01
2.1429551751e-01	-8.6670682937e-01
2.1422151965e-01	-8.6661855801e-01
2.1414939875e-01	-8.6651468470e-01
2.1401114154e-01	-8.6625545170e-01
2.1380693930e-01	-8.6590655921e-01
2.1359817143e-01	-8.6557069797e-01
2.1341485562e-01	-8.6528319119e-01
2.1310486588e-01	-8.6480252867e-01
2.1259471284e-01	-8.6400618522e-01
2.1183394169e-01	-8.6275220738e-01
2.1141739212e-01	-8.6186870291e-01
2.1145816489e-01	-8.6136400404e-01
2.1106130744e-01	-8.6131322665e-01
2.1086228194e-01	-8.6122958760e-01
2.1069776082e-01	-8.6116261444e-01
2.1055969115e-01	-8.6110297758e-01
2.1044117837e-01	-8.6104879879e-01
2.1033685285e-01	-8.6099847036e-01
2.1024347564e-01	-8.6095193450e-01
2.1015744316e-01	-8.6090798015e-01
2.1007629413e-01	-8.6086406099e-01
2.0999843071e-01	-8.6081949525e-01
2.0992263142e-01	-8.6077371052e-01
2.0984793269e-01	-8.6072620933e-01
2.0977354989e-01	-8.6067654379e-01
2.0969893652e-01	-8.6062444605e-01
2.0962427512e-01	-8.6057059375e-01
2.0954848206e-01	-8.6051471072e-01
2.0947065922e-01	-8.6045486977e-01
2.0939022555e-01	-8.6039053346e-01
2.0930652599e-01	-8.6032105087e-01
2.0921879919e-01	-8.6024562209e-01
2.0912612413e-01	-8.6016323986e-01
2.0902746074e-01	-8.6007273356e-01
2.0892230728e-01	-8.5997361071e-01
2.0880906210e-01	-8.5986463130e-01
2.0868558693e-01	-8.5974235257e-01
2.0855064602e-01	-8.5960483274e-01
2.0840383869e-01	-8.5945098335e-01
2.0824568155e-01	-8.5928052782e-01
2.0806201531e-01	-8.5907367621e-01
2.0786194534e-01	-8.5884064413e-01
2.0766541633e-01	-8.5860582927e-01
2.0747175491e-01	-8.5836799945e-01
2.0727920272e-01	-8.5812520575e-01
2.0709868352e-01	-8.5789272426e-01
2.0692826021e-01	-8.5766881968e-01
2.0676628073e-01	-8.5745210739e-01
2.0661104783e-01	-8.5724103873e-01
2.0646091736e-01	-8.5703394588e-01
2.0631457022e-01	-8.5682942708e-01
2.0617133267e-01	-8.5662675717e-01
2.0602932158e-01	-8.5642332065e-01
2.0588708428e-01	-8.5621736739e-01
2.0574355545e-01	-8.5600740465e-01
2.0559770584e-01	-8.5579190683e-01
2.0544852400e-01	-8.5556929159e-01
2.0529501367e-01	-8.5533791323e-01
2.0513661698e-01	-8.5509663495e-01
2.0497265498e-01	-8.5484372938e-01
2.0480184202e-01	-8.5457700150e-01
2.0462372130e-01	-8.5429545532e-01
2.0443835036e-01	-8.5399867885e-01
2.0424583255e-01	-8.5368642649e-01
2.0404787878e-01	-8.5336079269e-01
2.0384744080e-01	-8.5302586981e-01
2.0364590437e-01	-8.5268396891e-01
2.0344506624e-01	-8.5233906197e-01
2.0324649901e-01	-8.5199432749e-01
2.0305119881e-01	-8.5165208472e-01
2.0285974904e-01	-8.5131386793e-01
2.0267286814e-01	-8.5098046503e-01
2.0248920851e-01	-8.5065026739e-01
2.0230793520e-01	-8.5032272645e-01
2.0212822527e-01	-8.4999651341e-01
2.0194919982e-01	-8.4967007886e-01
2.0176997286e-01	-8.4934175714e-01
2.0158973492e-01	-8.4900990784e-01
2.0140830552e-01	-8.4867313131e-01
2.0122386979e-01	-8.4832694457e-01
2.0103098226e-01	-8.4795375964e-01
2.0102738144e-01	-8.4788313850e-01
2.0103643858e-01	-8.4784907050e-01
2.0104719161e-01	-8.4782073795e-01
2.0106019171e-01	-8.4779828545e-01
2.0107347016e-01	-8.4777963724e-01
2.0108725035e-01	-8.4776256299e-01
2.0110116055e-01	-8.4774597249e-01
2.0111434631e-01	-8.4772937873e-01
2.0112789940e-01	-8.4771227056e-01
2.0113645386e-01	-8.4769001654e-01
2.0113980009e-01	-8.4766346865e-01
2.0113868041e-01	-8.4764313086e-01
2.0112963403e-01	-8.4764155660e-01
2.0111112025e-01	-8.4765916665e-01
2.0106210628e-01	-8.4767321230e-01
2.0097247899e-01	-8.4768361033e-01
2.0081745511e-01	-8.4767161704e-01
2.0055858391e-01	-8.4759845081e-01
2.0020315819e-01	-8.4751252709e-01
2.0003434851e-01	-8.4757264351e-01
1.9992268482e-01	-8.4760404116e-01
1.9980696993e-01	-8.4754849801e-01
1.9969417881e-01	-8.4745352031e-01
1.9959494953e-01	-8.4735386121e-01
1.9942695225e-01	-8.4716652363e-01
1.9915767433e-01	-8.4684011641e-01
1.9884669751e-01	-8.4643698828e-01
1.9878490583e-01	-8.4631689432e-01
1.9870306068e-01	-8.4611661801e-01
1.9856372359e-01	-8.4583440795e-01
1.9842164102e-01	-8.4556287849e-01
1.9829469758e-01	-8.4532653718e-01
1.9807866418e-01	-8.4493069320e-01
1.9771429478e-01	-8.4426491833e-01
1.9714333552e-01	-8.4319261132e-01
1.9675411117e-01	-8.4239200834e-01
1.9654749896e-01	-8.4184124521e-01
1.9652287504e-01	-8.4150954511e-01
1.9663203660e-01	-8.4133722941e-01
1.9673870790e-01	-8.4119965164e-01
1.9678507451e-01	-8.4174423220e-01
2.0021354610e-01	-8.4252318993e-01
1.9996694038e-01	-8.4238741647e-01
1.9974064242e-01	-8.4223605458e-01
1.9955116920e-01	-8.4210899896e-01
1.9938941165e-01	-8.4199577167e-01
1.9924856021e-01	-8.4189257680e-01
1.9912304475e-01	-8.4179659732e-01
1.9900944745e-01	-8.4170689572e-01
1.9890388178e-01	-8.4162190717e-01
1.9880342896e-01	-8.4153777131e-01
1.9870626762e-01	-8.4145330896e-01
1.9861098927e-01	-8.4136753596e-01
1.9851647507e-01	-8.4127960428e-01
1.9842184099e-01	-8.4118880134e-01
1.9832694151e-01	-8.4109536447e-01
1.9823158842e-01	-8.4100014047e-01
1.9813393514e-01	-8.4090019036e-01
1.9803326448e-01	-8.4079426448e-01
1.9792876986e-01	-8.4068135476e-01
1.9781950119e-01	-8.4056022008e-01
1.9770431617e-01	-8.4042931699e-01
1.9758221835e-01	-8.4028729418e-01
1.9745280575e-01	-8.4013398676e-01
1.9731342100e-01	-8.3996557364e-01
1.9716224791e-01	-8.3977846392e-01
1.9699853631e-01	-8.3957093336e-01
1.9682250815e-01	-8.3934228163e-01
1.9663803935e-01	-8.3909716910e-01
1.9644993737e-01	-8.3884141002e-01
1.9626271390e-01	-8.3857999784e-01
1.9608082849e-01	-8.3831935936e-01
1.9590741272e-01	-8.3806471633e-01
1.9574445093e-01	-8.3782006579e-01
1.9558991525e-01	-8.3758317501e-01
1.9544255685e-01	-8.3735303705e-01
1.9530095069e-01	-8.3712821680e-01
1.9516363097e-01	-8.3690699756e-01
1.9502968840e-01	-8.3668833180e-01
1.9489878073e-01	-8.3647166543e-01
1.9476834478e-01	-8.3625317261e-01
1.9463730755e-01	-8.3603123037e-01
1.9450469806e-01	-8.3580420574e-01
1.9436958183e-01	-8.3557042850e-01
1.9423104969e-01	-8.3532817439e-01
1.9408840597e-01	-8.3507596001e-01
1.9394161333e-01	-8.3481286772e-01
1.9378917289e-01	-8.3453609792e-01
1.9363056586e-01	-8.3424445283e-01
1.9346574560e-01	-8.3393736953e-01
1.9327790357e-01	-8.3358790538e-01
1.9307115421e-01	-8.3320215447e-01
1.9285764258e-01	-8.3279901339e-01
1.9264237262e-01	-8.3238687477e-01
1.9242374254e-01	-8.3195925578e-01
1.9238045865e-01	-8.3183143786e-01
1.9237776340e-01	-8.3179050244e-01
1.9237728580e-01	-8.3175508822e-01
1.9237953894e-01	-8.3172600926e-01
1.9238337800e-01	-8.3170232364e-01
1.9238858900e-01	-8.3168166886e-01
1.9239429409e-01	-8.3166202594e-01
1.9240057693e-01	-8.3164430503e-01
1.9240794760e-01	-8.3162799688e-01
1.9241514528e-01	-8.3161314321e-01
1.9242187420e-01	-8.3159960013e-01
1.9242419262e-01	-8.3158762673e-01
1.9241741540e-01	-8.3158032342e-01
1.9240092284e-01	-8.3157739608e-01
1.9237225215e-01	-8.3158030300e-01
1.9232882383e-01	-8.3159678689e-01
1.9226934710e-01	-8.3164077411e-01
1.9219945851e-01	-8.3173750796e-01
1.9196302112e-01	-8.3160000623e-01
1.9168468303e-01	-8.3126851148e-01
1.9145295349e-01	-8.3095730712e-01
1.9127180531e-01	-8.3070187435e-01
1.9101174426e-01	-8.3032139829e-01
1.9075312150e-01	-8.2990862025e-01
1.9068096083e-01	-8.2971763269e-01
1.9058499775e-01	-8.2946966243e-01
1.9046119291e-01	-8.2921856825e-01
1.8430654456e-01	-8.2275173415e-01
1.8418257740e-01	-8.2257557448e-01
1.8404496973e-01	-8.2237565906e-01
1.8389506158e-01	-8.2215171301e-01
1.8373623981e-01	-8.2190845315e-01
1.8357330745e-01	-8.2165262430e-01
1.8341113752e-01	-8.2139103060e-01
1.8323560349e-01	-8.2109850309e-01
1.8304967956e-01	-8.2078054012e-01
1.8287700330e-01	-8.2047965032e-01
1.8271547478e-01	-8.2019305930e-01
1.8256342594e-01	-8.1991880403e-01
1.8241883650e-01	-8.1965407500e-01
1.8227496564e-01	-8.1938741640e-01
1.8213326382e-01	-8.1912166247e-01
1.8199392853e-01	-8.1885703378e-01
1.8185475482e-01	-8.1858983488e-01
1.8171416510e-01	-8.1831713381e-01
1.8157065080e-01	-8.1803599529e-01
1.8142276558e-01	-8.1774347009e-01
1.8126957222e-01	-8.1743740830e-01
1.8111033546e-01	-8.1711567582e-01
1.8094372450e-01	-8.1677505025e-01
1.8076945890e-01	-8.1641473070e-01
1.8058786294e-01	-8.1603481450e-01
1.8040023299e-01	-8.1563724764e-01
1.8020975023e-01	-8.1522801528e-01
1.8001889427e-01	-8.1481141247e-01
1.7982911787e-01	-8.1439130356e-01
1.7964213602e-01	-8.1397211954e-01
1.7945895767e-01	-8.1355666598e-01
1.7928030425e-01	-8.1314703774e-01
1.7910641580e-01	-8.1274384979e-01
1.7893595245e-01	-8.1234407064e-01
1.7876770705e-01	-8.1194651028e-01
1.7860060136e-01	-8.1154891667e-01
1.7843350513e-01	-8.1114875116e-01
1.7826548538e-01	-8.1074370392e-01
1.7809604775e-01	-8.1033219775e-01
1.7792398864e-01	-8.0990972231e-01
1.7774840191e-01	-8.0947532784e-01
1.7756899614e-01	-8.0902795699e-01
1.7738573462e-01	-8.0856720772e-01
1.7719886797e-01	-8.0809332531e-01
1.7700982645e-01	-8.0760930628e-01
1.7680446206e-01	-8.0708707998e-01
1.7658901730e-01	-8.0654041643e-01
1.7637363008e-01	-8.0598978466e-01
1.7615897235e-01	-8.0543728308e-01
1.7593949399e-01	-8.0487284777e-01
1.7571703386e-01	-8.0430041428e-01
1.7549613306e-01	-8.0372710445e-01
1.7527598424e-01	-8.0315287047e-01
1.7505601337e-01	-8.0257660695e-01
1.7483558468e-01	-8.0199665264e-01
1.7461408516e-01	-8.0141129544e-01
1.7439120568e-01	-8.0081940806e-01
1.7416713110e-01	-8.0021991325e-01
1.7394100115e-01	-7.9961021681e-01
1.7371263630e-01	-7.9899116906e-01
1.7348228966e-01	-7.9836339717e-01
1.7325021283e-01	-7.9772761124e-01
1.7301680273e-01	-7.9708498909e-01
1.7278276370e-01	-7.9643738346e-01
1.7254840153e-01	-7.9578365969e-01
1.7231351136e-01	-7.9512549907e-01
1.7207817596e-01	-7.9446370679e-01
1.7184234495e-01	-7.9379823535e-01
1.7160567677e-01	-7.9312755966e-01
1.7136571137e-01	-7.9243719886e-01
1.7128027111e-01	-7.9199933285e-01
1.7128309928e-01	-7.9182861189e-01
1.7128455744e-01	-7.9174675351e-01
1.7128716168e-01	-7.9167482640e-01
1.7129070509e-01	-7.9160691220e-01
1.7129426405e-01	-7.9154289214e-01
1.7129832473e-01	-7.9147932009e-01
1.7130196335e-01	-7.9141866531e-01
1.7130488535e-01	-7.9136197012e-01
1.7130117811e-01	-7.9131262126e-01
1.7129374962e-01	-7.9131841626e-01
1.7127570500e-01	-7.9137779644e-01
1.7124318467e-01	-7.9149577734e-01
1.7119080081e-01	-7.9170001585e-01
1.7111200572e-01	-7.9203338735e-01
1.7100569711e-01	-7.9257712948e-01
1.7086826363e-01	-7.9338596214e-01
1.7076534324e-01	-7.9389246499e-01
1.7070787586e-01	-7.9429050584e-01
1.7066167294e-01	-7.9457518558e-01
1.7059952660e-01	-7.9472617214e-01
1.7053386509e-01	-7.9479225484e-01
1.7042003081e-01	-7.9484250382e-01
1.7022400794e-01	-7.9482024383e-01
1.7008821617e-01	-7.9480159026e-01
1.7000992594e-01	-7.9483616056e-01
1.6997190667e-01	-7.9490347859e-01
1.6995138693e-01	-7.9497030578e-01
1.6992276855e-01	-7.9506620740e-01
1.6984656796e-01	-7.9509152604e-01
1.6974567884e-01	-7.9497999983e-01
1.6965191146e-01	-7.9484149198e-01
1.6957424976e-01	-7.9471554985e-01
1.6945733279e-01	-7.9451591317e-01
1.6931825823e-01	-7.9426504175e-01
1.6930419784e-01	-7.9423330321e-01
1.6926407708e-01	-7.9411540833e-01
1.6923284340e-01	-7.9400420146e-01
1.6919576489e-01	-7.9388332551e-01
1.6910393499e-01	-7.9361472980e-01
1.6889485190e-01	-7.9304828339e-01
1.6849933339e-01	-7.9265270193e-01
1.6632954565e-01	-7.8849534085e-01
1.6622813787e-01	-7.8832187566e-01
1.6612202653e-01	-7.8813654525e-01
1.6600999312e-01	-7.8793651965e-01
1.6589055593e-01	-7.8771867667e-01
1.6576331479e-01	-7.8748263216e-01
1.6562527615e-01	-7.8722165449e-01
1.6547488758e-01	-7.8693122106e-01
1.6531216169e-01	-7.8661037600e-01
1.6513870243e-01	-7.8626131592e-01
1.6496033340e-01	-7.8589571885e-01
1.6478115156e-01	-7.8552086368e-01
1.6460600185e-01	-7.8514675225e-01
1.6441781546e-01	-7.8473525587e-01
1.6422723485e-01	-7.8431091109e-01
1.6404788525e-01	-7.8390532543e-01
1.6387804793e-01	-7.8351567688e-01
1.6371575556e-01	-7.8313842912e-01
1.6355043206e-01	-7.8275016490e-01
1.6338723125e-01	-7.8236291184e-01
1.6322615079e-01	-7.8197643065e-01
1.6306464231e-01	-7.8158516648e-01
1.6290089346e-01	-7.8118477029e-01
1.6273320904e-01	-7.8077098325e-01
1.6256018341e-01	-7.8034004788e-01
1.6238119630e-01	-7.7988988175e-01
1.6219519404e-01	-7.7941664836e-01
1.6200155689e-01	-7.7891862575e-01
1.6180069806e-01	-7.7839622749e-01
1.6159383212e-01	-7.7785181425e-01
1.6138411691e-01	-7.7729288697e-01
1.6117398256e-01	-7.7672489598e-01
1.6096474966e-01	-7.7615213998e-01
1.6075807389e-01	-7.7557998711e-01
1.6055498578e-01	-7.7501195025e-01
1.6035640280e-01	-7.7445110403e-01
1.6016243558e-01	-7.7389734796e-01
1.5997147794e-01	-7.7334743908e-01
1.5978246103e-01	-7.7279940231e-01
1.5959423556e-01	-7.7225017499e-01
1.5940565527e-01	-7.7169647738e-01
1.5921618632e-01	-7.7113635921e-01
1.5902478543e-01	-7.7056509735e-01
1.5883021810e-01	-7.6998009958e-01
1.5863210454e-01	-7.6938009562e-01
1.5843038292e-01	-7.6876455703e-01
1.5822518732e-01	-7.6813357689e-01
1.5801803666e-01	-7.6749095821e-01
1.5779653105e-01	-7.6680481647e-01
1.5756194444e-01	-7.6608053256e-01
1.5732724145e-01	-7.6535085850e-01
1.5709304618e-01	-7.6461809046e-01
1.5685136540e-01	-7.6386278664e-01
1.5660834553e-01	-7.6309973938e-01
1.5636634351e-01	-7.6233447009e-01
1.5612480078e-01	-7.6156686417e-01
1.5588315428e-01	-7.6079521060e-01
1.5564080181e-01	-7.6001754899e-01
1.5539725951e-01	-7.5923216544e-01
1.5515286051e-01	-7.5843871039e-01
1.5490680134e-01	-7.5763358297e-01
1.5465861601e-01	-7.5681714827e-01
1.5440842848e-01	-7.5598943722e-01
1.5415552002e-01	-7.5514516063e-01
1.5397714904e-01	-7.5445530518e-01
1.5396818617e-01	-7.5416962417e-01
1.5396383423e-01	-7.5407280950e-01
1.5396079775e-01	-7.5398538150e-01
1.5395852235e-01	-7.5390343300e-01
1.5395664651e-01	-7.5382511324e-01
1.5395518349e-01	-7.5374808824e-01
1.5395368348e-01	-7.5367498650e-01
1.5395201139e-01	-7.5360724721e-01
1.5394833019e-01	-7.5356138677e-01
1.5394262382e-01	-7.5356529206e-01
1.5393386824e-01	-7.5361344803e-01
1.5392066194e-01	-7.5371822726e-01
1.5390155649e-01	-7.5390809922e-01
1.5387563879e-01	-7.5422620999e-01
1.5383903215e-01	-7.5471687915e-01
1.5378573590e-01	-7.5541301561e-01
1.5376669086e-01	-7.5595366736e-01
1.5374876730e-01	-7.5633288671e-01
1.5368419636e-01	-7.5647020766e-01
1.5362897356e-01	-7.5654269094e-01
1.5358161859e-01	-7.5657698697e-01
1.5350108287e-01	-7.5659712276e-01
1.5338024133e-01	-7.5660502846e-01
1.5327676273e-01	-7.5679298545e-01
1.5326104443e-01	-7.5704289959e-01
1.5322606964e-01	-7.5711443833e-01
1.5316971776e-01	-7.5706020098e-01
1.5311431433e-01	-7.5697139105e-01
1.5306684632e-01	-7.5688364208e-01
1.5299292678e-01	-7.5673688732e-01
1.5289325922e-01	-7.5652471252e-01
1.5284289510e-01	-7.5639282136e-01
1.5280154127e-01	-7.5619303117e-01
1.5270731122e-01	-7.5584298657e-01
1.5259394240e-01	-7.5545731029e-01
1.5249129055e-01	-7.5511608898e-01
1.5231409281e-01	-7.5452942238e-01
1.5203516953e-01	-7.5358183821e-01
1.5185201162e-01	-7.5384317661e-01
1.4887188122e-01	-7.4517805991e-01
1.4873600494e-01	-7.4486867107e-01
1.4860343537e-01	-7.4455864992e-01
1.4847157590e-01	-7.4424546287e-01
1.4833951189e-01	-7.4392870144e-01
1.4820447029e-01	-7.4360027489e-01
1.4806503597e-01	-7.4325614027e-01
1.4791960365e-01	-7.4289199301e-01
1.4776640635e-01	-7.4250294325e-01
1.4760485687e-01	-7.4208734570e-01
1.4743275788e-01	-7.4163957173e-01
1.4724831569e-01	-7.4115266166e-01
1.4705199461e-01	-7.4062673801e-01
1.4684618178e-01	-7.4006716046e-01
1.4663676152e-01	-7.3948958745e-01
1.4642739340e-01	-7.3890304178e-01
1.4622224204e-01	-7.3831898234e-01
1.4602486658e-01	-7.3774826372e-01
1.4583188614e-01	-7.3718188994e-01
1.4562374657e-01	-7.3656292981e-01
1.4542374894e-01	-7.3596100333e-01
1.4522545000e-01	-7.3535788805e-01
1.4502423457e-01	-7.3474032858e-01
1.4482644481e-01	-7.3412713274e-01
1.4462863411e-01	-7.3350811390e-01
1.4442882348e-01	-7.3287726914e-01
1.4422524709e-01	-7.3222887046e-01
1.4401385698e-01	-7.3155005972e-01
1.4379622435e-01	-7.3084460936e-01
1.4357181612e-01	-7.3010964547e-01
1.4334048990e-01	-7.2934454605e-01
1.4310277699e-01	-7.2855043019e-01
1.4286058562e-01	-7.2773289488e-01
1.4261706113e-01	-7.2690152916e-01
1.4237321728e-01	-7.2605979401e-01
1.4213060137e-01	-7.2521421530e-01
1.4189054118e-01	-7.2437000070e-01
1.4165411069e-01	-7.2353149485e-01
1.4142226835e-01	-7.2270138864e-01
1.4119341595e-01	-7.2187541262e-01
1.4096656679e-01	-7.2105118178e-01
1.4074061779e-01	-7.2022493848e-01
1.4051444980e-01	-7.1939260894e-01
1.4028780741e-01	-7.1855223806e-01
1.4005920098e-01	-7.1769737883e-01
1.3982765302e-01	-7.1682553340e-01
1.3959284961e-01	-7.1593516343e-01
1.3935473166e-01	-7.1502577836e-01
1.3911389744e-01	-7.1409914484e-01
1.3887152213e-01	-7.1315771668e-01
1.3862742009e-01	-7.1220264107e-01
1.3837510515e-01	-7.1121328641e-01
1.3810272111e-01	-7.1014887954e-01
1.3786389017e-01	-7.0917118564e-01
1.3783429954e-01	-7.0884551801e-01
1.3782096621e-01	-7.0872152898e-01
1.3780919179e-01	-7.0860937358e-01
1.3779846321e-01	-7.0850428406e-01
1.3778846394e-01	-7.0840404426e-01
1.3777898993e-01	-7.0830573639e-01
1.3776999060e-01	-7.0821158125e-01
1.3776147075e-01	-7.0812237389e-01
1.3775374999e-01	-7.0805334203e-01
1.3774979821e-01	-7.0803987328e-01
1.3774799860e-01	-7.0806993260e-01
1.3774834641e-01	-7.0815186157e-01
1.3775252640e-01	-7.0831144327e-01
1.3776499759e-01	-7.0859597969e-01
1.3778244572e-01	-7.0903747743e-01
1.3772391389e-01	-7.0940650041e-01
1.3766514061e-01	-7.0959105756e-01
1.3761283729e-01	-7.0968012946e-01
1.3757211990e-01	-7.0973334725e-01
1.3754405401e-01	-7.0977988592e-01
1.3751157229e-01	-7.0988448647e-01
1.3750420954e-01	-7.1017106101e-01
1.3752215786e-01	-7.1044114701e-01
1.3753363727e-01	-7.1061584799e-01
1.3753249608e-01	-7.1070125229e-01
1.3752396890e-01	-7.1073301582e-01
1.3749708914e-01	-7.1072275818e-01
1.3743475322e-01	-7.1060817841e-01
1.3735386931e-01	-7.1042763940e-01
1.3730583878e-01	-7.1028511366e-01
1.3730490464e-01	-7.1025367359e-01
1.3730233873e-01	-7.1019682628e-01
1.3728439373e-01	-7.1008818579e-01
1.3725697227e-01	-7.0995350579e-01
1.3719176655e-01	-7.0966149475e-01
1.3705736079e-01	-7.0908667688e-01
1.3683589789e-01	-7.0813854789e-01
1.3668522351e-01	-7.0744670212e-01
1.3660568657e-01	-7.0700146144e-01
1.3659432874e-01	-7.0793044783e-01
1.3782115078e-01	-7.0752254948e-01
1.3765045318e-01	-7.0704829685e-01
1.3749038183e-01	-7.0659331769e-01
1.3733564597e-01	-7.0614651353e-01
1.3718329984e-01	-7.0570018737e-01
1.3703189484e-01	-7.0525079211e-01
1.3688067532e-01	-7.0479775611e-01
1.3672614547e-01	-7.0432899901e-01
1.3656647172e-01	-7.0383812078e-01
1.3639969511e-01	-7.0331860532e-01
1.3622453782e-01	-7.0276605751e-01
1.3604046875e-01	-7.0217901965e-01
1.3584476406e-01	-7.0154696813e-01
1.3563776163e-01	-7.0086934537e-01
1.3542149614e-01	-7.0015165141e-01
1.3520175690e-01	-6.9941275500e-01
1.3498169247e-01	-6.9866232086e-01
1.3476503834e-01	-6.9791274519e-01
1.3455551763e-01	-6.9717761500e-01
1.3435545253e-01	-6.9646613960e-01
1.3416312037e-01	-6.9577324838e-01
1.3397730165e-01	-6.9509573863e-01
1.3379641959e-01	-6.9442887506e-01
1.3362010714e-01	-6.9377186815e-01
1.3344555165e-01	-6.9311434608e-01
1.3327011726e-01	-6.9244712821e-01
1.3308999916e-01	-6.9175609111e-01
1.3286828003e-01	-6.9090612325e-01
1.3263728708e-01	-6.9001321255e-01
1.3240062277e-01	-6.8908904875e-01
1.3215809213e-01	-6.8813292465e-01
1.3191027469e-01	-6.8714654431e-01
1.3165798740e-01	-6.8613276993e-01
1.3140502075e-01	-6.8510514145e-01
1.3115195141e-01	-6.8406668463e-01
1.3090012397e-01	-6.8302380493e-01
1.3065060393e-01	-6.8198144413e-01
1.3040504690e-01	-6.8094653728e-01
1.3016312035e-01	-6.7991691341e-01
1.2992341651e-01	-6.7888922128e-01
1.2968506759e-01	-6.7786014312e-01
1.2944707057e-01	-6.7682553620e-01
1.2920935717e-01	-6.7578433367e-01
1.2897067533e-01	-6.7472969834e-01
1.2872988156e-01	-6.7365831708e-01
1.2848668147e-01	-6.7256862900e-01
1.2824097254e-01	-6.7145998048e-01
1.2799375111e-01	-6.7033601103e-01
1.2774530463e-01	-6.6919611712e-01
1.2749540875e-01	-6.6804180468e-01
1.2724442190e-01	-6.6687470142e-01
1.2699194508e-01	-6.6569099961e-01
1.2684210571e-01	-6.6488410569e-01
1.2683131335e-01	-6.6466940977e-01
1.2682521631e-01	-6.6455390238e-01
1.2682135884e-01	-6.6445535104e-01
1.2681877958e-01	-6.6436749624e-01
1.2681699379e-01	-6.6428477882e-01
1.2681569196e-01	-6.6420523254e-01
1.2681466694e-01	-6.6412829782e-01
1.2681361291e-01	-6.6405568070e-01
1.2681147489e-01	-6.6399652784e-01
1.2680833463e-01	-6.6398121290e-01
1.2680341880e-01	-6.6399336656e-01
1.2679590157e-01	-6.6403813021e-01
1.2678468677e-01	-6.6413058605e-01
1.2676893008e-01	-6.6429812913e-01
1.2675020463e-01	-6.6458989189e-01
1.2673580129e-01	-6.6507643860e-01
1.2672813418e-01	-6.6542829019e-01
1.2672138763e-01	-6.6567112113e-01
1.2671496838e-01	-6.6584222844e-01
1.2671031542e-01	-6.6610987850e-01
1.2673755416e-01	-6.6662545140e-01
1.2679727376e-01	-6.6713713285e-01
1.2684943188e-01	-6.6752724711e-01
1.2688383697e-01	-6.6778318798e-01
1.2690344021e-01	-6.6794141896e-01
1.2691807941e-01	-6.6810467352e-01
1.2680744946e-01	-6.6778037271e-01
1.2672885611e-01	-6.6752840047e-01
1.2669226536e-01	-6.6741438776e-01
1.2668186668e-01	-6.6738740409e-01
1.2668554330e-01	-6.6740561832e-01
1.2671014952e-01	-6.6749329276e-01
1.2675106837e-01	-6.6759897386e-01
1.2675530543e-01	-6.6754577704e-01
1.2673458805e-01	-6.6739824016e-01
1.2670781848e-01	-6.6723658918e-01
1.2665260539e-01	-6.6692306653e-01
1.2655067032e-01	-6.6634952100e-01
1.2646262069e-01	-6.6577856597e-01
1.2645208911e-01	-6.6551911564e-01
1.2652048402e-01	-6.6702772381e-01
1.2534768511e-01	-6.5821738568e-01
1.2512957495e-01	-6.5743096998e-01
1.2492651455e-01	-6.5668772516e-01
1.2473108266e-01	-6.5596251939e-01
1.2453939673e-01	-6.5524209462e-01
1.2434916974e-01	-6.5451872697e-01
1.2415991365e-01	-6.5379257298e-01
1.2396735435e-01	-6.5304586083e-01
1.2376917800e-01	-6.5226841794e-01
1.2356334845e-01	-6.5145166413e-01
1.2335000934e-01	-6.5059603206e-01
1.2312765215e-01	-6.4969528044e-01
1.2289513551e-01	-6.4874214438e-01
1.2265400227e-01	-6.4774173764e-01
1.2240923687e-01	-6.4671423500e-01
1.2216361989e-01	-6.4567073240e-01
1.2191970947e-01	-6.4462138621e-01
1.2168080432e-01	-6.4358089401e-01
1.2145028627e-01	-6.4256491486e-01
1.2122671847e-01	-6.4156811346e-01
1.2100901932e-01	-6.4058688006e-01
1.2079600475e-01	-6.3961690656e-01
1.2058779437e-01	-6.3865909678e-01
1.2038074495e-01	-6.3769713259e-01
1.2017253141e-01	-6.3672085286e-01
1.1996180698e-01	-6.3572384474e-01
1.1974861756e-01	-6.3470583294e-01
1.1953265840e-01	-6.3366393387e-01
1.1931288510e-01	-6.3259375027e-01
1.1908961309e-01	-6.3149651698e-01
1.1886398324e-01	-6.3037737860e-01
1.1863802229e-01	-6.2924488947e-01
1.1841123880e-01	-6.2809750665e-01
1.1817639650e-01	-6.2690267886e-01
1.1790903296e-01	-6.2554645241e-01
1.1763700427e-01	-6.2415725142e-01
1.1736717870e-01	-6.2276684944e-01
1.1709872617e-01	-6.2137300560e-01
1.1683114179e-01	-6.1997345419e-01
1.1656431898e-01	-6.1856762997e-01
1.1629852649e-01	-6.1715475893e-01
1.1603192712e-01	-6.1572721650e-01
1.1576415145e-01	-6.1428336346e-01
1.1549494622e-01	-6.1282175133e-01
1.1522485617e-01	-6.1134456515e-01
1.1495373290e-01	-6.0984892661e-01
1.1468082596e-01	-6.0833320576e-01
1.1440604825e-01	-6.0679672255e-01
1.1412893299e-01	-6.0523533661e-01
1.1393805576e-01	-6.0406923578e-01
1.1391568621e-01	-6.0378402627e-01
1.1390007177e-01	-6.0359393897e-01
1.1388685769e-01	-6.0342710665e-01
1.1387524000e-01	-6.0327717736e-01
1.1386434640e-01	-6.0313316512e-01
1.1385386688e-01	-6.0299328959e-01
1.1384359923e-01	-6.0285464696e-01
1.1383366490e-01	-6.0272194301e-01
1.1382458047e-01	-6.0260760887e-01
1.1382049328e-01	-6.0257207558e-01
1.1381913284e-01	-6.0258982826e-01
1.1382062106e-01	-6.0266558214e-01
1.1382550893e-01	-6.0282022990e-01
1.1383538096e-01	-6.0309056228e-01
1.1385273497e-01	-6.0352875032e-01
1.1388374650e-01	-6.0420629417e-01
1.1393755627e-01	-6.0519751468e-01
1.1398660597e-01	-6.0591566583e-01
1.1403818917e-01	-6.0649570221e-01
1.1408962579e-01	-6.0698213576e-01
1.1412697071e-01	-6.0733408024e-01
1.1411481721e-01	-6.0739515613e-01
1.1409758073e-01	-6.0748516788e-01
1.1407128906e-01	-6.0758310314e-01
1.1404315383e-01	-6.0758157541e-01
1.1401843063e-01	-6.0754494881e-01
1.1399895379e-01	-6.0750459248e-01
1.1397331996e-01	-6.0744910535e-01
1.1397932132e-01	-6.0754935528e-01
1.1402966638e-01	-6.0781437158e-01
1.1408691756e-01	-6.0808284149e-01
1.1412973228e-01	-6.0826663063e-01
1.1415955272e-01	-6.0838389906e-01
1.1419045843e-01	-6.0847627133e-01
1.1420186419e-01	-6.0841522622e-01
1.1419203105e-01	-6.0826089642e-01
1.1417962940e-01	-6.0810681707e-01
1.1417385112e-01	-6.0799957171e-01
1.1417719246e-01	-6.0877016150e-01
1.1173909382e-01	-5.9621630247e-01
1.1152086338e-01	-5.9517308896e-01
1.1130212206e-01	-5.9411668522e-01
1.1108197711e-01	-5.9304313158e-01
1.1085794841e-01	-5.9193889196e-01
1.1062853901e-01	-5.9079613712e-01
1.1039549946e-01	-5.8962420559e-01
1.1015651184e-01	-5.8841030057e-01
1.0991129374e-01	-5.8715128032e-01
1.0966135554e-01	-5.8585420838e-01
1.0941058981e-01	-5.8453933570e-01
1.0915901953e-01	-5.8320605854e-01
1.0890827682e-01	-5.8186290537e-01
1.0866120820e-01	-5.8052560503e-01
1.0841969455e-01	-5.7920484613e-01
1.0818204377e-01	-5.7789226421e-01
1.0794789780e-01	-5.7658673903e-01
1.0771777619e-01	-5.7529180749e-01
1.0749105921e-01	-5.7400376935e-01
1.0726467135e-01	-5.7270639180e-01
1.0703783037e-01	-5.7139541572e-01
1.0681074038e-01	-5.7007192598e-01
1.0658383453e-01	-5.6873749656e-01
1.0635551838e-01	-5.6738340977e-01
1.0612563828e-01	-5.6600901484e-01
1.0589446234e-01	-5.6461571726e-01
1.0566301911e-01	-5.6320859399e-01
1.0543017522e-01	-5.6178070716e-01
1.0519559996e-01	-5.6033093954e-01
1.0495917692e-01	-5.5885851188e-01
1.0467858346e-01	-5.5711829724e-01
1.0439715384e-01	-5.5535698940e-01
1.0411408232e-01	-5.5357163163e-01
1.0382710612e-01	-5.5174886413e-01
1.0353537553e-01	-5.4988340694e-01
1.0324301943e-01	-5.4799702061e-01
1.0294900247e-01	-5.4608543655e-01
1.0265330189e-01	-5.4414868138e-01
1.0235633872e-01	-5.4218919831e-01
1.0205872811e-01	-5.4020878857e-01
1.0175947971e-01	-5.3820210464e-01
1.0145849590e-01	-5.3616945614e-01
1.0115593051e-01	-5.3411167600e-01
1.0085273511e-01	-5.3203332750e-01
1.0054801982e-01	-5.2992790262e-01
1.0024150041e-01	-5.2779553418e-01
9.9933178397e-02	-5.2563610185e-01
9.9624147300e-02	-5.2345607263e-01
9.9314121736e-02	-5.2125011083e-01
9.9002215506e-02	-5.1901611679e-01
9.8688408654e-02	-5.1675381726e-01
9.8372999999e-02	-5.1446497315e-01
9.8043340121e-02	-5.1206498830e-01
9.7690274350e-02	-5.0949492972e-01
9.7335312871e-02	-5.0689339317e-01
9.6972715727e-02	-5.0422180415e-01
9.6616502900e-02	-5.0155856589e-01
9.6546146608e-02	-5.0080637895e-01
9.6500083523e-02	-5.0029328529e-01
9.6452579019e-02	-4.9978381321e-01
9.6405953956e-02	-4.9930741952e-01
9.6358821716e-02	-4.9883573241e-01
9.6312710201e-02	-4.9837810848e-01
9.6266315005e-02	-4.9791672065e-01
9.6222359967e-02	-4.9747684923e-01
9.6182623299e-02	-4.9707987808e-01
9.6166344764e-02	-4.9692386648e-01
9.6173806805e-02	-4.9701123035e-01
9.6202179447e-02	-4.9731624288e-01
9.6259145224e-02	-4.9791789434e-01
9.6360331929e-02	-4.9896394692e-01
9.6527373736e-02	-5.0066682272e-01
9.6776395516e-02	-5.0321047213e-01
9.6922127753e-02	-5.0481895136e-01
9.7000215946e-02	-5.0580600525e-01
9.7061253065e-02	-5.0655920236e-01
9.7108858613e-02	-5.0713852323e-01
9.7185208544e-02	-5.0804070162e-01
9.7306167820e-02	-5.0941676196e-01
9.7399691129e-02	-5.1044190432e-01
9.7472868310e-02	-5.1121951974e-01
9.7529678031e-02	-5.1181305821e-01
9.7620177357e-02	-5.1273105276e-01
9.7761602125e-02	-5.1411312369e-01
9.7861334669e-02	-5.1507279444e-01
9.7936243239e-02	-5.1577745711e-01
9.7955546175e-02	-5.1606096369e-01
9.7964213895e-02	-5.1634095493e-01
9.7979034996e-02	-5.1673099233e-01
9.7993708284e-02	-5.1700587153e-01
9.8007337007e-02	-5.1720833430e-01
9.8021576799e-02	-5.1737469765e-01
9.8034720357e-02	-5.1750972694e-01
9.8062867015e-02	-5.1775583171e-01
9.8135767213e-02	-5.1828921731e-01
9.8212542519e-02	-5.1879935778e-01
9.8279585239e-02	-5.1922203652e-01
9.8331103200e-02	-5.1965254543e-01
9.7953420947e-02	-5.1812735416e-01
9.7713914013e-02	-5.1659002810e-01
9.7473081632e-02	-5.1502954502e-01
9.7232877591e-02	-5.1345840128e-01
9.6992777185e-02	-5.1187295407e-01
9.6751380369e-02	-5.1026412069e-01
9.6508794307e-02	-5.0863254675e-01
9.6268584811e-02	-5.0700098461e-01
9.6027368053e-02	-5.0534740334e-01
9.5784836683e-02	-5.0366994764e-01
9.5541797960e-02	-5.0197388658e-01
9.5299091215e-02	-5.0026357455e-01
9.5055044309e-02	-4.9852891428e-01
9.4809652095e-02	-4.9676982678e-01
9.4564591255e-02	-4.9499693653e-01
9.4286533169e-02	-4.9298210621e-01
9.4001473536e-02	-4.9090187380e-01
9.3702724032e-02	-4.8870952715e-01
9.3394829757e-02	-4.8643341020e-01
9.3085855084e-02	-4.8412954540e-01
9.2775565838e-02	-4.8179702395e-01
9.2464834741e-02	-4.7944189617e-01
9.2154133750e-02	-4.7706447820e-01
9.1842083385e-02	-4.7465775441e-01
9.1528738832e-02	-4.7222205974e-01
9.1215462818e-02	-4.6976616313e-01
9.0901307667e-02	-4.6728166576e-01
9.0585736960e-02	-4.6476694423e-01
9.0269147418e-02	-4.6222479512e-01
8.9952538935e-02	-4.5966035068e-01
8.9634644776e-02	-4.5706461353e-01
8.9315284450e-02	-4.5443778456e-01
8.8995256050e-02	-4.5178568039e-01
8.8675131035e-02	-4.4910869177e-01
8.8353490382e-02	-4.4639902004e-01
8.8030410363e-02	-4.4365788804e-01
8.7706840995e-02	-4.4089196524e-01
8.7382158650e-02	-4.3809247310e-01
8.7055898759e-02	-4.3525989050e-01
8.6728337819e-02	-4.3239613800e-01
8.6400193673e-02	-4.2950493861e-01
8.6070612223e-02	-4.2657770147e-01
8.5739383440e-02	-4.2361583501e-01
8.5407010475e-02	-4.2062301760e-01
8.5073719920e-02	-4.1759762395e-01
8.4738791592e-02	-4.1453443576e-01
8.4402192124e-02	-4.1143526531e-01
8.4064739335e-02	-4.0830644089e-01
8.3726202878e-02	-4.0514070668e-01
8.3385883947e-02	-4.0193635371e-01
8.3043910107e-02	-3.9869529632e-01
8.2700904032e-02	-3.9542184835e-01
8.2356267391e-02	-3.9210593445e-01
8.2009766957e-02	-3.8875121135e-01
8.1661694133e-02	-3.8536000360e-01
8.1312345532e-02	-3.8193213589e-01
8.0961157839e-02	-3.7846117470e-01
8.0608008180e-02	-3.7495009315e-01
8.0253380546e-02	-3.7140287246e-01
7.9897266983e-02	-3.6781453427e-01
7.9539157798e-02	-3.6418282241e-01
7.9178995708e-02	-3.6050951166e-01
7.8817411542e-02	-3.5679989182e-01
7.8454099997e-02	-3.5304387934e-01
7.8088672139e-02	-3.4924261204e-01
7.7810775971e-02	-3.4615821069e-01
7.7726815287e-02	-3.4456095014e-01
7.7683304216e-02	-3.4376254635e-01
7.7638933515e-02	-3.4301664880e-01
7.7595464718e-02	-3.4231530731e-01
7.7551471010e-02	-3.4161359806e-01
7.7508597400e-02	-3.4093254254e-01
7.7468144875e-02	-3.4029113478e-01
7.7441847808e-02	-3.3988317971e-01
7.7448722307e-02	-3.4001682866e-01
7.7476714965e-02	-3.4049960196e-01
7.7532431745e-02	-3.4144037095e-01
7.7629053857e-02	-3.4305407684e-01
7.7787744509e-02	-3.4566740990e-01
7.8041007283e-02	-3.4973046097e-01
7.8235608945e-02	-3.5276704448e-01
7.8384593059e-02	-3.5505473396e-01
7.8501063476e-02	-3.5680584818e-01
7.8591819445e-02	-3.5815765433e-01
7.8734347901e-02	-3.6025696396e-01
7.8957494195e-02	-3.6346476085e-01
7.9127858145e-02	-3.6586017840e-01
7.9259555509e-02	-3.6767875380e-01
7.9361669015e-02	-3.6907438732e-01
7.9523952787e-02	-3.7124258381e-01
7.9775439635e-02	-3.7453066273e-01
7.9966980560e-02	-3.7696830584e-01
8.0114520165e-02	-3.7880910036e-01
8.0229579975e-02	-3.8022025557e-01
8.0319205328e-02	-3.8130918387e-01
8.0460843827e-02	-3.8300424095e-01
8.0682208437e-02	-3.8559690680e-01
8.0852810121e-02	-3.8754588511e-01
8.0985209270e-02	-3.8903162234e-01
8.1087976649e-02	-3.9017209488e-01
8.1251653053e-02	-3.9195260996e-01
8.1505616260e-02	-3.9465644209e-01
8.1700847034e-02	-3.9667812845e-01
8.1850512197e-02	-3.9820224549e-01
8.1968846084e-02	-3.9938410105e-01
8.2061172553e-02	-4.0029705384e-01
8.2206087982e-02	-4.0171371564e-01
8.2392469942e-02	-4.0355083879e-01
8.2540888593e-02	-4.0509346926e-01
8.2643707913e-02	-4.0615514963e-01
7.7443887682e-02	-3.6928339545e-01
7.7491830266e-02	-3.6977910777e-01
7.7530394514e-02	-3.7017056218e-01
7.7560955725e-02	-3.7047624403e-01
7.7611913217e-02	-3.7097413995e-01
7.7693696937e-02	-3.7175124016e-01
7.7789405209e-02	-3.7262915144e-01
7.7865554270e-02	-3.7330457740e-01
7.7924468863e-02	-3.7381417305e-01
7.7971423293e-02	-3.7421263832e-01
7.8047233010e-02	-3.7634634704e-01
7.2722006306e-02	-3.2940904670e-01
7.2408900442e-02	-3.2644662682e-01
7.2096121912e-02	-3.2346074782e-01
7.1782030019e-02	-3.2043549823e-01
7.1468227965e-02	-3.1738615143e-01
7.1154641851e-02	-3.1431164780e-01
7.0839703294e-02	-3.1119704790e-01
7.0525067379e-02	-3.0805811482e-01
7.0210758484e-02	-3.0489439279e-01
6.9895058306e-02	-3.0168985077e-01
6.9579477227e-02	-2.9845898841e-01
6.9263841806e-02	-2.9519914198e-01
6.8946769062e-02	-2.9189773664e-01
6.8629447217e-02	-2.8856618457e-01
6.8311934226e-02	-2.8520357668e-01
6.7992937488e-02	-2.8179863129e-01
6.7673624504e-02	-2.7836274690e-01
6.7354333979e-02	-2.7489703408e-01
6.7033510047e-02	-2.7138817184e-01
6.6712159222e-02	-2.6784628789e-01
6.6390698746e-02	-2.6427254236e-01
6.6067648820e-02	-2.6065476692e-01
6.5743713175e-02	-2.5700030426e-01
6.5419532469e-02	-2.5331190828e-01
6.5093705095e-02	-2.4957844871e-01
6.4766694976e-02	-2.4580488959e-01
6.4439336944e-02	-2.4199618578e-01
6.4110276067e-02	-2.3814089857e-01
6.3779909681e-02	-2.3424382442e-01
6.3449511663e-02	-2.3031471117e-01
6.3117438811e-02	-2.2633800775e-01
6.2783800565e-02	-2.2231621497e-01
6.2449658430e-02	-2.1825763215e-01
6.2113805437e-02	-2.1414964817e-01
6.1776200946e-02	-2.0999387487e-01
6.1437894576e-02	-2.0579934018e-01
6.1097900058e-02	-2.0155397461e-01
6.0756000319e-02	-1.9725844573e-01
6.0413311053e-02	-1.9292353499e-01
6.0068987974e-02	-1.8853652059e-01
5.9722663905e-02	-1.8409775663e-01
5.9375153398e-02	-1.7961582527e-01
5.9026181222e-02	-1.7508168877e-01
5.8675122586e-02	-1.7049445969e-01
5.8322486782e-02	-1.6586000987e-01
5.7968408767e-02	-1.6117322499e-01
5.7612163661e-02	-1.5643146631e-01
5.7254020240e-02	-1.5163843542e-01
5.6894460908e-02	-1.4679435433e-01
5.6532675743e-02	-1.4189268482e-01
5.6168706425e-02	-1.3693593535e-01
5.5803268393e-02	-1.3192855114e-01
5.5435587328e-02	-1.2686049377e-01
5.5094971388e-02	-1.2208230542e-01
5.5053260293e-02	-1.2118813115e-01
5.5012899641e-02	-1.2024650160e-01
5.4971561809e-02	-1.1929304405e-01
5.4929724895e-02	-1.1838712162e-01
5.4888069037e-02	-1.1750765489e-01
5.4846351599e-02	-1.1663146884e-01
5.4806486126e-02	-1.1579110251e-01
5.4774601871e-02	-1.1512002911e-01
5.4771643264e-02	-1.1506890116e-01
5.4781459795e-02	-1.1529704778e-01
5.4806339281e-02	-1.1585667373e-01
5.4853587553e-02	-1.1689704865e-01
5.4934417150e-02	-1.1865634306e-01
5.5065707561e-02	-1.2147454691e-01
5.5272999181e-02	-1.2580799989e-01
5.5430692631e-02	-1.2900868839e-01
5.5551148523e-02	-1.3140986166e-01
5.5644650443e-02	-1.3324038848e-01
5.5717184024e-02	-1.3464833848e-01
5.5831962960e-02	-1.3683677366e-01
5.6010212929e-02	-1.4016985976e-01
5.6146747305e-02	-1.4265564205e-01
5.6251528521e-02	-1.4453582889e-01
5.6333848173e-02	-1.4598490447e-01
5.6397915733e-02	-1.4710390771e-01
5.6498563624e-02	-1.4884422083e-01
5.6657015124e-02	-1.5152255997e-01
5.6778081887e-02	-1.5353229593e-01
5.6872572099e-02	-1.5507191816e-01
5.6945966193e-02	-1.5625677733e-01
5.7062263373e-02	-1.5810475571e-01
5.7244327785e-02	-1.6093567095e-01
5.7384186527e-02	-1.6305815660e-01
5.7491706052e-02	-1.6466510303e-01
5.7575602512e-02	-1.6590221600e-01
5.7641990025e-02	-1.6686826334e-01
5.7746211967e-02	-1.6837065058e-01
5.7910223908e-02	-1.7069103261e-01
5.8089573845e-02	-1.7317198379e-01
5.8228988919e-02	-1.7505661875e-01
5.8336780128e-02	-1.7649273153e-01
5.8420649139e-02	-1.7759760995e-01
5.8554655671e-02	-1.7935356242e-01
5.6591103783e-02	-1.5946181933e-01
5.6705859644e-02	-1.6094172976e-01
5.6794743833e-02	-1.6207545828e-01
5.6864066463e-02	-1.6295200877e-01
5.6975748510e-02	-1.6434735345e-01
5.7108670048e-02	-1.6598634723e-01
5.7238331019e-02	-1.6756222726e-01
5.7365943861e-02	-1.7039920014e-01
5.6687180885e-02	-1.6051723434e-01
5.6804169059e-02	-1.6188880553e-01
5.6895364805e-02	-1.6294325041e-01
5.6967765886e-02	-1.6377208536e-01
5.7083951575e-02	-1.6508832619e-01
5.7222366015e-02	-1.6663179103e-01
5.7360976201e-02	-1.6815814321e-01
5.7468885345e-02	-1.7066543295e-01
5.5425363973e-02	-1.4384302112e-01
5.5079683836e-02	-1.3972787806e-01
5.4732513794e-02	-1.3557592587e-01
5.4388951536e-02	-1.3143206848e-01
5.4044937186e-02	-1.2724434183e-01
5.3702470398e-02	-1.2303844054e-01
5.3361154278e-02	-1.1880951769e-01
5.3019637148e-02	-1.1454057782e-01
5.2680872577e-02	-1.1026918825e-01
5.2341568652e-02	-1.0595402965e-01
5.2003664790e-02	-1.0161979222e-01
5.1666631711e-02	-9.7259942055e-02
5.1329137921e-02	-9.2858250494e-02
5.0994408892e-02	-8.8454945435e-02
5.0659107323e-02	-8.4008812406e-02
5.0324641486e-02	-7.9537869021e-02
4.9991175715e-02	-7.5043994412e-02
4.9657096419e-02	-7.0507833048e-02
4.9324688152e-02	-6.5957750620e-02
4.8992035701e-02	-6.1370161977e-02
4.8659234631e-02	-5.6747141716e-02
4.8327938137e-02	-5.2108041267e-02
4.7995974466e-02	-4.7427500751e-02
4.7664595967e-02	-4.2721248359e-02
4.7333741182e-02	-3.7987809218e-02
4.7002186422e-02	-3.3213452812e-02
4.6671655186e-02	-2.8419268329e-02
4.6340902775e-02	-2.3589711121e-02
4.6009460348e-02	-1.8720295463e-02
4.5678896948e-02	-1.3828971248e-02
4.5347651959e-02	-8.8976551276e-03
4.5015953423e-02	-3.9306006758e-03
4.4685250198e-02	1.0572881845e-03
4.4353759499e-02	6.0850832040e-03
4.4021931863e-02	1.1146717080e-02
4.3690477733e-02	1.6236305997e-02
4.3358200737e-02	2.1365489566e-02
4.3025552240e-02	2.6528486741e-02
4.2692961786e-02	3.1722760749e-02
4.2359513911e-02	3.6956279311e-02
4.2025689544e-02	4.2222869380e-02
4.1691872287e-02	4.7520763276e-02
4.1357160366e-02	5.2857576600e-02
4.1021905616e-02	5.8228723720e-02
4.0686627615e-02	6.3631428772e-02
4.0350421202e-02	6.9072734423e-02
4.0013478330e-02	7.4549643249e-02
3.9676464499e-02	8.0058604938e-02
3.9347804369e-02	8.5467451552e-02
3.9295454117e-02	8.6781141630e-02
3.9265755321e-02	8.7548665439e-02
3.9235380581e-02	8.8329203132e-02
3.9204583993e-02	8.9105659391e-02
3.9173592758e-02	8.9883464780e-02
3.9143825768e-02	9.0630993573e-02
3.9124867865e-02	9.1105542861e-02
3.9123685996e-02	9.1129919791e-02
3.9131338575e-02	9.0928663482e-02
3.9149495410e-02	9.0458225651e-02
3.9182729742e-02	8.9603153769e-02
3.9238671173e-02	8.8174616085e-02
3.9329533947e-02	8.5893977511e-02
3.9473106049e-02	8.2379441381e-02
3.9582700029e-02	7.9773193943e-02
3.9667011772e-02	7.7809838053e-02
3.9732483553e-02	7.6310779765e-02
3.9783288806e-02	7.5157334001e-02
3.9864272139e-02	7.3355476056e-02
3.9990264116e-02	7.0603587955e-02
4.0087322579e-02	6.8538879702e-02
4.0161699669e-02	6.6977655945e-02
4.0220611841e-02	6.5766621471e-02
4.0266530255e-02	6.4829935441e-02
4.0338554641e-02	6.3373658340e-02
4.0453622261e-02	6.1105372726e-02
4.0541241135e-02	5.9405596249e-02
4.0610249033e-02	5.8094124741e-02
4.0663836632e-02	5.7084831053e-02
4.0748070217e-02	5.5516600217e-02
4.0869595817e-02	5.3305966098e-02
4.0962827651e-02	5.1640025246e-02
4.1036440526e-02	5.0348861293e-02
4.1093577603e-02	4.9356111567e-02
4.1184014349e-02	4.7805676579e-02
4.1292879680e-02	4.5974114924e-02
4.1397991549e-02	4.4235170992e-02
4.1480505316e-02	4.2893339546e-02
4.1544420380e-02	4.1864555504e-02
4.1643517362e-02	4.0265831963e-02
4.1133734705e-02	4.6483766805e-02
4.1206686349e-02	4.5351574671e-02
4.1265201474e-02	4.4453455898e-02
4.1354847190e-02	4.3090912396e-02
4.1442138121e-02	4.1780161647e-02
4.1529246366e-02	4.0488169742e-02
4.1613809232e-02	3.8583855538e-02
4.2161155745e-02	3.1166082019e-02
4.2245537638e-02	2.9990776491e-02
4.2311917219e-02	2.9086601098e-02
4.2363770424e-02	2.8392622218e-02
4.2403965002e-02	2.7862859383e-02
4.2469151166e-02	2.7013469424e-02
4.2547088456e-02	2.6017532805e-02
4.2623138069e-02	2.4187898673e-02
4.4097564131e-02	4.9969849162e-03
4.4176838213e-02	4.0543295714e-03
4.4254779560e-02	3.1410629803e-03
4.4329824752e-02	2.2802829891e-03
4.4405322313e-02	1.4177293503e-03
4.4478151222e-02	6.0215144067e-04
4.4549471736e-02	-9.3532989347e-04
4.4010408473e-02	8.3977278558e-03
4.4087575947e-02	7.6888561452e-03
4.4148108440e-02	6.9759115807e-03
4.4196262933e-02	6.4110604472e-03
4.4273012210e-02	5.5152461088e-03
4.4367322184e-02	4.4137921314e-03
4.4461210841e-02	3.3211999105e-03
4.4554033005e-02	1.7961957141e-03
4.3555505553e-02	1.6737174860e-02
4.3640920591e-02	1.5991403946e-02
4.3707043187e-02	1.5235102490e-02
4.3760573702e-02	1.4616795758e-02
4.3843949171e-02	1.3657423677e-02
4.3926636841e-02	1.2710371576e-02
4.4008599868e-02	1.1522861250e-02
4.3555903054e-02	1.8634101725e-02
4.3632991550e-02	1.7819987163e-02
4.3709130619e-02	1.6959373278e-02
4.3785203942e-02	1.6098273299e-02
4.3861210867e-02	1.5235409080e-02
4.3936689908e-02	1.4381475420e-02
4.4011691924e-02	1.3347314893e-02
4.4156668586e-02	1.2437356093e-02
4.4229113588e-02	1.1627347999e-02
4.4301295467e-02	1.0822366771e-02
4.4373097819e-02	1.0023788928e-02
4.4444493296e-02	9.2319555289e-03
4.4515713467e-02	8.4398472278e-03
4.4586585297e-02	7.5049917615e-03
4.4115150230e-02	1.4414688815e-02
4.4181844516e-02	1.3676210408e-02
4.4248385442e-02	1.2940606983e-02
4.4314758427e-02	1.2203471021e-02
4.4380903611e-02	1.1470469708e-02
4.4446758679e-02	1.0742249416e-02
4.4512361630e-02	9.8811302805e-03
4.4215917475e-02	1.4467621088e-02
4.4278570689e-02	1.3776567794e-02
4.4341140982e-02	1.3087175082e-02
4.4403569324e-02	1.2400473387e-02
4.4465783178e-02	1.1717259326e-02
4.4527815474e-02	1.1037276900e-02
4.4589602837e-02	1.0245170339e-02
4.4382583307e-02	1.3560600696e-02
4.4441945251e-02	1.2910450677e-02
4.4501245292e-02	1.2261664675e-02
4.4560425099e-02	1.1615007661e-02
4.4619423608e-02	1.0971148339e-02
4.4678270862e-02	1.0329868077e-02
4.4736865329e-02	9.5943738471e-03
4.4587536809e-02	1.2062232084e-02
4.4644280026e-02	1.1444939799e-02
4.4700939191e-02	1.0828999549e-02
4.4757512571e-02	1.0214632549e-02
4.4813933928e-02	9.6025336305e-03
4.4870229426e-02	8.9925251996e-03
4.4926247986e-02	8.2985813783e-03
4.4799490000e-02	1.0412947670e-02
4.4853887591e-02	9.8236071989e-03
4.4908264426e-02	9.2348639957e-03
4.4962537795e-02	8.6476430234e-03
4.5016730118e-02	8.0618492683e-03
4.5070829092e-02	7.4776491951e-03
4.5124733023e-02	6.8210365977e-03
4.5020493969e-02	8.5841395038e-03
4.5073008178e-02	8.0176293021e-03
4.5125473712e-02	7.4518335486e-03
4.5177889170e-02	6.8869541954e-03
4.5230238988e-02	6.3232213260e-03
4.5282478089e-02	5.7610705760e-03
4.5334629508e-02	5.1330655662e-03
4.5243455703e-02	6.6883460927e-03
4.5294237020e-02	6.1418995782e-03
4.5344990361e-02	5.5958754801e-03
4.5395711476e-02	5.0504944470e-03
4.5446384099e-02	4.5059870386e-03
4.5496966495e-02	3.9627509219e-03
4.5547482970e-02	3.3613135978e-03
4.5472067930e-02	4.6710630308e-03
4.5521615352e-02	4.1409189073e-03
4.5570995701e-02	3.6113226719e-03
4.5620328319e-02	3.0822210779e-03
4.5669624410e-02	2.5538059011e-03
4.5718865159e-02	2.0262819880e-03
4.5768033246e-02	1.4449990881e-03
4.5705227843e-02	2.5591394159e-03
4.5753551105e-02	2.0431260737e-03
4.5801862078e-02	1.5272827150e-03
4.5850157339e-02	1.0118091765e-03
4.5898363914e-02	4.9707725212e-04
4.5946372323e-02	-1.6489905841e-05
4.5994312340e-02	-5.7974744465e-04
4.5939878701e-02	4.0080580776e-04
4.5987069656e-02	-1.0258106790e-04
4.6034284268e-02	-6.0613199971e-04
4.6081475850e-02	-1.1093209985e-03
4.6128639917e-02	-1.6120281712e-03
4.6175776172e-02	-2.1141973626e-03
4.6222879497e-02	-2.6609459027e-03
4.6178644960e-02	-1.8386973726e-03
4.6224887709e-02	-2.3312945470e-03
4.6271154636e-02	-2.8240821351e-03
4.6317422496e-02	-3.3167269192e-03
4.6363677712e-02	-3.8090450420e-03
4.6409887685e-02	-4.3007477650e-03
4.6456072185e-02	-4.8345587726e-03
4.6415844543e-02	-4.0824796417e-03
4.6461427976e-02	-4.5662917888e-03
4.6507037447e-02	-5.0503263974e-03
4.6552626112e-02	-5.5340894680e-03
4.6598203968e-02	-6.0175705370e-03
4.6643587797e-02	-6.4999659416e-03
4.6688932795e-02	-7.0203795601e-03
4.6656008688e-02	-6.3839287377e-03
4.6700804610e-02	-6.8591964323e-03
4.6745627820e-02	-7.3347074919e-03
4.6790458956e-02	-7.8101756985e-03
4.6835285190e-02	-8.2854333995e-03
4.6880098017e-02	-8.7603738055e-03
4.6924871881e-02	-9.2696044150e-03
4.6899109590e-02	-8.7429342172e-03
4.6943414569e-02	-9.2115805963e-03
4.6987747788e-02	-9.6804670826e-03
4.7031919546e-02	-1.0148415575e-02
4.7076045155e-02	-1.0615930156e-02
4.7120161587e-02	-1.1083182619e-02
4.7164264114e-02	-1.1585582301e-02
4.7136749422e-02	-1.1040390286e-02
4.7180393942e-02	-1.1501685264e-02
4.7224051669e-02	-1.1963161418e-02
4.7267721487e-02	-1.2424662063e-02
4.7311390247e-02	-1.2886023893e-02
4.7355053266e-02	-1.3347169175e-02
4.7398705756e-02	-1.3842914219e-02
4.7371303808e-02	-1.3309217159e-02
4.7414497089e-02	-1.3764569383e-02
4.7457598187e-02	-1.4219766268e-02
4.7455215835e-02	-1.4169697521e-02
4.7458304859e-02	-1.4180206591e-02
4.7459102745e-02	-1.4165145174e-02
4.7458858424e-02	-1.4159877016e-02
4.7454982553e-02	-1.3972253898e-02
4.7455912281e-02	-1.3958695008e-02
4.7455133271e-02	-1.3926128755e-02
4.7454682953e-02	-1.3897184355e-02
4.7455833018e-02	-1.3885977584e-02
4.7455992068e-02	-1.3863770749e-02
4.7456352364e-02	-1.3859434899e-02
4.7452224209e-02	-1.3704287660e-02
4.7453501492e-02	-1.3694744565e-02
4.7448936672e-02	-1.3620445631e-02
4.7453390750e-02	-1.3646117989e-02
4.7453645060e-02	-1.3625280027e-02
4.7453647775e-02	-1.3601670933e-02
4.7450876082e-02	-1.3561542600e-02
4.7451172759e-02	-1.3464441150e-02
4.7450487739e-02	-1.3433441566e-02
4.7451754063e-02	-1.3424078858e-02
4.7451007635e-02	-1.3392462894e-02
4.7449903142e-02	-1.3356908596e-02
4.7451503801e-02	-1.3351332282e-02
4.7451843754e-02	-1.3346231734e-02
4.7449379285e-02	-1.3217702237e-02
4.7447260867e-02	-1.3171237131e-02
4.7449332881e-02	-1.3171168566e-02
4.7449825100e-02	-1.3153667696e-02
4.7449666770e-02	-1.3129015706e-02
4.7449292637e-02	-1.3102023361e-02
4.7449611865e-02	-1.3096396222e-02
4.7447874049e-02	-1.2980333828e-02
4.7445857511e-02	-1.2935467418e-02
4.7444285129e-02	-1.2895572194e-02
4.7447925267e-02	-1.2913364156e-02
4.7447821154e-02	-1.2889861754e-02
4.7446539042e-02	-1.2853390900e-02
4.7447381542e-02	-1.2853812041e-02
4.7444892767e-02	-1.2731667948e-02
4.7444582024e-02	-1.2706206629e-02
4.7445695853e-02	-1.2696513700e-02
4.7445595125e-02	-1.2673468502e-02
4.7445034663e-02	-1.2645398753e-02
4.7444887487e-02	-1.2621931065e-02
4.7443088708e-02	-1.2593396944e-02
4.7441726063e-02	-1.2485486051e-02
4.7443725890e-02	-1.2485983711e-02
4.7444252021e-02	-1.2470286436e-02
4.7441785467e-02	-1.2421637029e-02
4.7441307064e-02	-1.2394945428e-02
4.7444469895e-02	-1.2408453348e-02
4.7444501131e-02	-1.2400601393e-02
4.7441144330e-02	-1.2271060473e-02
4.7442271022e-02	-1.2262550457e-02
4.7442268584e-02	-1.2241633059e-02
4.7441670912e-02	-1.2214203581e-02
4.7442331962e-02	-1.2200712121e-02
4.7442508490e-02	-1.2181923005e-02
4.7439563188e-02	-1.2141307398e-02
4.7439325886e-02	-1.2050921656e-02
4.7440719070e-02	-1.2045884236e-02
4.7440738595e-02	-1.2023480319e-02
4.7440504004e-02	-1.1998330513e-02
4.7440545448e-02	-1.1976262296e-02
4.7439240908e-02	-1.1939403435e-02
4.7440943132e-02	-1.1948824748e-02
4.7437735803e-02	-1.1819988116e-02
4.7438477350e-02	-1.1805932403e-02
4.7435661812e-02	-1.1752752455e-02
4.7437037567e-02	-1.1745779133e-02
4.7438916082e-02	-1.1744399357e-02
4.7436216116e-02	-1.1692652596e-02
4.7436956060e-02	-1.1691816527e-02
4.7436086714e-02	-1.1589574621e-02
4.7435239231e-02	-1.1558496545e-02
4.7436788010e-02	-1.1553836817e-02
4.7436725183e-02	-1.1531502708e-02
4.7436803726e-02	-1.1510766040e-02
4.7435252812e-02	-1.1472152759e-02
4.7436847113e-02	-1.1481022868e-02
4.7434768759e-02	-1.1367239509e-02
4.7434775710e-02	-1.1346024494e-02
4.7432762280e-02	-1.1302645690e-02
4.7433406055e-02	-1.1288519046e-02
4.7432362009e-02	-1.1255892161e-02
4.7433412953e-02	-1.1246340716e-02
4.7434152844e-02	-1.1246368186e-02
4.7432299717e-02	-1.1134346520e-02
4.7428598062e-02	-1.1072938401e-02
4.7431980845e-02	-1.1089386315e-02
4.7432626406e-02	-1.1075825057e-02
4.7432899292e-02	-1.1058225620e-02
4.7432769014e-02	-1.1036245100e-02
4.7432830761e-02	-1.1029130574e-02
4.7430607114e-02	-1.0914601638e-02
4.7431039541e-02	-1.0899050790e-02
4.7430541326e-02	-1.0873338146e-02
4.7428908841e-02	-1.0835216558e-02
4.7430178665e-02	-1.0828996091e-02
4.7429966851e-02	-1.0806571697e-02
4.7428813651e-02	-1.0785656080e-02
4.7429106996e-02	-1.0705084259e-02
4.7427609682e-02	-1.0668803232e-02
4.7428923364e-02	-1.0663395744e-02
4.7429079806e-02	-1.0645351438e-02
4.7428928425e-02	-1.0623979305e-02
4.7428279820e-02	-1.0597200893e-02
4.7427842932e-02	-1.0584555626e-02
4.7424806247e-02	-1.0468309210e-02
4.7426406471e-02	-1.0466391586e-02
4.7427406109e-02	-1.0457947316e-02
4.7427463587e-02	-1.0439235033e-02
4.7427449920e-02	-1.0419789446e-02
4.7427401277e-02	-1.0400001814e-02
4.7427047769e-02	-1.0388482692e-02
4.7424675085e-02	-1.0280952272e-02
4.7425461204e-02	-1.0270530141e-02
4.7425638923e-02	-1.0253498629e-02
4.7425573168e-02	-1.0233897638e-02
4.7425622950e-02	-1.0215646937e-02
4.7425729748e-02	-1.0198055282e-02
4.7424728577e-02	-1.0179459172e-02
4.7423765782e-02	-1.0091175042e-02
4.7423832940e-02	-1.0073489038e-02
4.7423050519e-02	-1.0046543127e-02
4.7422965926e-02	-1.0027280226e-02
4.7423951368e-02	-1.0019785626e-02
4.7423258974e-02	-9.9939486825e-03
4.7421477433e-02	-9.9668564940e-03
4.7422263286e-02	-9.9010754234e-03
4.7422338997e-02	-9.8838702611e-03
4.7421096453e-02	-9.8522789835e-03
4.7422200694e-02	-9.8464185745e-03
4.7420508673e-02	-9.8099860832e-03
4.7421930223e-02	-9.8076711822e-03
4.7419017488e-02	-9.7685360369e-03
4.7420491222e-02	-9.7110481556e-03
4.7418905252e-02	-9.6760317278e-03
4.7420739403e-02	-9.6784736533e-03
4.7420538950e-02	-9.6587021541e-03
4.7420161101e-02	-9.6370277378e-03
4.7420907697e-02	-9.6276880792e-03
4.7419139778e-02	-9.6014926809e-03
4.7417195147e-02	-9.5068192970e-03
4.7419150332e-02	-9.5108877875e-03
4.7419266949e-02	-9.4948898042e-03
4.7418483168e-02	-9.4691026524e-03
4.7418367717e-02	-9.4506555878e-03
4.7419412218e-02	-9.4449211093e-03
4.7418039436e-02	-9.4232659173e-03
4.7417911153e-02	-9.3494608833e-03
4.7418086371e-02	-9.3344243096e-03
4.7413966574e-02	-9.2725035478e-03
4.7417107941e-02	-9.2899363645e-03
4.7417368480e-02	-9.2760227075e-03
4.7417963955e-02	-9.2658133832e-03
4.7414774046e-02	-9.2246368655e-03
4.7416365148e-02	-9.1710863367e-03
4.7416686532e-02	-9.1580751999e-03
4.7415545215e-02	-9.1291278635e-03
4.7416095616e-02	-9.1186775765e-03
4.7415979437e-02	-9.1009964654e-03
4.7416594596e-02	-9.0913234559e-03
4.7410555970e-02	-9.0192859177e-03
4.7415247566e-02	-9.0005759911e-03
4.7415270098e-02	-8.9846325135e-03
4.7414459012e-02	-8.9596248216e-03
4.7414548160e-02	-8.9444688751e-03
4.7414802355e-02	-8.9311539929e-03
4.7414301354e-02	-8.9096369473e-03
4.7414949452e-02	-8.9111777390e-03
4.7412999601e-02	-8.8187912156e-03
4.7413808106e-02	-8.8117353235e-03
4.7412638582e-02	-8.7831505760e-03
4.7411553193e-02	-8.7555165806e-03
4.7413980200e-02	-8.7661999836e-03
4.7413943598e-02	-8.7500748096e-03
4.7412014159e-02	-8.7236379480e-03
4.7412380818e-02	-8.6576046937e-03
4.7412538642e-02	-8.6437783943e-03
4.7412736633e-02	-8.6304210417e-03
4.7411861438e-02	-8.6054112097e-03
4.7412145840e-02	-8.5930626325e-03
4.7406983822e-02	-8.5214100095e-03
4.7412167848e-02	-8.5727023948e-03
4.7411317937e-02	-8.4946535295e-03
4.7411406734e-02	-8.4803809881e-03
4.7410227987e-02	-8.4523405751e-03
4.7410818561e-02	-8.4435844368e-03
4.7411001534e-02	-8.4304288907e-03
4.7407784486e-02	-8.3802996952e-03
4.7410562354e-02	-8.4056136479e-03
4.7409266549e-02	-8.3230718940e-03
4.7409090698e-02	-8.3062993635e-03
4.7406253623e-02	-8.2606009208e-03
4.7409429693e-02	-8.2803417996e-03
4.7407921257e-02	-8.2491643485e-03
4.7409982384e-02	-8.2568379060e-03
4.7406444817e-02	-8.2134896121e-03
4.7408071844e-02	-8.1652703362e-03
4.7408830858e-02	-8.1589485262e-03
4.7408685125e-02	-8.1428218356e-03
4.7406375202e-02	-8.1031911652e-03
4.7408023931e-02	-8.1066238850e-03
4.7406936310e-02	-8.0803304196e-03
4.7408459946e-02	-8.0926651835e-03
4.7406798491e-02	-8.0067869761e-03
4.7406721303e-02	-7.9916491032e-03
4.7406717755e-02	-7.9773393994e-03
4.7407281444e-02	-7.9692154735e-03
4.7406583037e-02	-7.9474206615e-03
4.7406603894e-02	-7.9334589554e-03
4.7407021252e-02	-7.9338580992e-03
4.7405942927e-02	-7.8558442637e-03
4.7403800349e-02	-7.8185719717e-03
4.7405751803e-02	-7.8258538201e-03
4.7405288266e-02	-7.8069032397e-03
4.7405333487e-02	-7.7935129991e-03
4.7406187957e-02	-7.7889570996e-03
4.7404013313e-02	-7.7613224367e-03
4.7405050694e-02	-7.7075305604e-03
4.7404577105e-02	-7.6886738865e-03
4.7403045190e-02	-7.6583501897e-03
4.7404754686e-02	-7.6632765423e-03
4.7405018890e-02	-7.6525257336e-03
4.7404575080e-02	-7.6341085421e-03
4.7404911415e-02	-7.6340987335e-03
4.7403284328e-02	-7.5515378690e-03
4.7402997064e-02	-7.5349616891e-03
4.7403591510e-02	-7.5279929831e-03
4.7402218154e-02	-7.4996725333e-03
4.7402528120e-02	-7.4896553576e-03
4.7403363636e-02	-7.4853782231e-03
4.7402974459e-02	-7.4776661348e-03
4.7402235982e-02	-7.4053178900e-03
4.7402474144e-02	-7.3946879608e-03
4.7402052630e-02	-7.3769364050e-03
4.7401831561e-02	-7.3613964356e-03
4.7401759104e-02	-7.3475184553e-03
4.7402242243e-02	-7.3397206971e-03
4.7401889947e-02	-7.3327588433e-03
4.7400940602e-02	-7.2583963748e-03
4.7398698962e-02	-7.2211877969e-03
4.7400948068e-02	-7.2327214445e-03
4.7400912543e-02	-7.2194966113e-03
4.7400569703e-02	-7.2029698375e-03
4.7400229886e-02	-7.1864984121e-03
4.7400906225e-02	-7.1907045885e-03
4.7399390974e-02	-7.1116107897e-03
4.7394800649e-02	-7.0491601512e-03
4.7399607875e-02	-7.0886369149e-03
4.7399631166e-02	-7.0762729015e-03
4.7398876880e-02	-7.0555050376e-03
4.7399717072e-02	-7.0520361813e-03
4.7399276647e-02	-7.0444914708e-03
4.7398380542e-02	-6.9717699331e-03
4.7398338492e-02	-6.9588775322e-03
4.7398680153e-02	-6.9501602490e-03
4.7398245033e-02	-6.9330542081e-03
4.7397659661e-02	-6.9143436995e-03
4.7398170580e-02	-6.9075337275e-03
4.7398164472e-02	-6.9047561309e-03
4.7396670908e-02	-6.8270384691e-03
4.7397403777e-02	-6.8227572927e-03
4.7395516002e-02	-6.7901122567e-03
4.7397126367e-02	-6.7953746063e-03
4.7395896009e-02	-6.7698897176e-03
4.7396980045e-02	-6.7694946223e-03
4.7396263221e-02	-6.7590087228e-03
4.7391278637e-02	-6.6443022199e-03
4.7396095994e-02	-6.6844266107e-03
4.7394291564e-02	-6.6529048109e-03
4.7395969469e-02	-6.6590992232e-03
4.7395991594e-02	-6.6473963554e-03
4.7395646344e-02	-6.6317358371e-03
4.7390832569e-02	-6.5771427035e-03
4.7394232397e-02	-6.5532831816e-03
4.7394022523e-02	-6.5392013993e-03
4.7394020921e-02	-6.5274033641e-03
4.7394550310e-02	-6.5213753969e-03
4.7393880989e-02	-6.5023835075e-03
4.7394874813e-02	-6.5014129399e-03
4.7393371796e-02	-6.4830873707e-03
4.7393081306e-02	-6.4189502762e-03
4.7393211410e-02	-6.4087489687e-03
4.7393640812e-02	-6.4018095800e-03
4.7393296305e-02	-6.3865224405e-03
4.7393701597e-02	-6.3793581891e-03
4.7393277789e-02	-6.3632467481e-03
4.7393698119e-02	-6.3657997456e-03
4.7388161577e-02	-6.2448731668e-03
4.7388692156e-02	-6.2392647142e-03
4.7391943411e-02	-6.2630954267e-03
4.7388802484e-02	-6.2178486205e-03
4.7392610357e-02	-6.2477182080e-03
4.7392482155e-02	-6.2350856264e-03
4.7392394235e-02	-6.2325430250e-03
4.7391450108e-02	-6.1614951509e-03
4.7391490848e-02	-6.1507901429e-03
4.7389653060e-02	-6.1198091638e-03
4.7391268065e-02	-6.1261487246e-03
4.7390538803e-02	-6.1071835863e-03
4.7390158758e-02	-6.0919989816e-03
4.7390458522e-02	-6.0938438642e-03
4.7389016416e-02	-6.0171669941e-03
4.7389751206e-02	-6.0141336153e-03
4.7389580724e-02	-6.0013444984e-03
4.7389637361e-02	-5.9910182539e-03
4.7390195640e-02	-5.9861313002e-03
4.7389981362e-02	-5.9729191653e-03
4.7389409909e-02	-5.9655391780e-03
4.7388937008e-02	-5.8993500272e-03
4.7386350625e-02	-5.8606324077e-03
4.7389082436e-02	-5.8793349458e-03
4.7389161536e-02	-5.8694326004e-03
4.7389304388e-02	-5.8602370480e-03
4.7386960029e-02	-5.8242117285e-03
4.7388910761e-02	-5.8443509836e-03
4.7388239202e-02	-5.7756333357e-03
4.7387394069e-02	-5.7559013159e-03
4.7387352887e-02	-5.7448513623e-03
4.7386974543e-02	-5.7301811072e-03
4.7387873658e-02	-5.7293099416e-03
4.7387254039e-02	-5.7120693056e-03
4.7387181661e-02	-5.7102916214e-03
4.7387374377e-02	-5.6521912348e-03
4.7385947081e-02	-5.6263475455e-03
4.7386709308e-02	-5.6241278700e-03
4.7386990911e-02	-5.6167509905e-03
4.7386050739e-02	-5.5962069179e-03
4.7383721033e-02	-5.5606800534e-03
4.7386246614e-02	-5.5870931193e-03
4.7383876806e-02	-5.5016180406e-03
4.7386174270e-02	-5.5160856873e-03
4.7386078310e-02	-5.5047793374e-03
4.7386053189e-02	-5.4942516043e-03
4.7382854249e-02	-5.4495189542e-03
4.7385370515e-02	-5.4663898741e-03
4.7383569340e-02	-5.4464696681e-03
4.7384731984e-02	-5.3986090249e-03
4.7382273778e-02	-5.3619898480e-03
4.7383397879e-02	-5.3640401433e-03
4.7384680673e-02	-5.3678188008e-03
4.7384752077e-02	-5.3585465799e-03
4.7384349292e-02	-5.3441704588e-03
4.7384698025e-02	-5.3474911710e-03
4.7383911568e-02	-5.2798677694e-03
4.7383639660e-02	-5.2670699080e-03
4.7383709010e-02	-5.2579839763e-03
4.7381242715e-02	-5.2215597177e-03
4.7382612936e-02	-5.2265286883e-03
4.7382742159e-02	-5.2181217800e-03
4.7383442880e-02	-5.2251894338e-03
4.7382730077e-02	-5.1603331143e-03
4.7382853739e-02	-5.1519527568e-03
4.7380959539e-02	-5.1218283393e-03
4.7382607467e-02	-5.1299146740e-03
4.7382579310e-02	-5.1199319297e-03
4.7380548082e-02	-5.0883665711e-03
4.7382283635e-02	-5.1068229901e-03
4.7381787911e-02	-5.0439389261e-03
4.7377792995e-02	-4.9912868284e-03
4.7381233291e-02	-5.0187800292e-03
4.7380832799e-02	-5.0048996387e-03
4.7378679645e-02	-4.9721400259e-03
4.7380602738e-02	-4.9833157388e-03
4.7381591142e-02	-4.9937349211e-03
4.7380232620e-02	-4.9220797520e-03
4.7379830580e-02	-4.9082898744e-03
4.7380835551e-02	-4.9096742546e-03
4.7380685063e-02	-4.8986254352e-03
4.7380632225e-02	-4.8886328546e-03
4.7380048701e-02	-4.8729351582e-03
4.7378838029e-02	-4.8595572915e-03
4.7379077879e-02	-4.8066517734e-03
4.7379758359e-02	-4.8046529870e-03
4.7377198214e-02	-4.7677595529e-03
4.7378409629e-02	-4.7714909400e-03
4.7790155576e-02	-1.1490241368e-02
4.8199372968e-02	-1.8133517937e-02
4.8480666760e-02	-2.2664712763e-02
4.8481463753e-02	-2.2662067697e-02
4.8482735746e-02	-2.2657813957e-02
4.8484763306e-02	-2.2650956129e-02
4.8487989859e-02	-2.2639863467e-02
4.8493113950e-02	-2.2621849261e-02
4.8501233530e-02	-2.2592469317e-02
4.8514072542e-02	-2.2544352515e-02
4.8534319914e-02	-2.2500441082e-02
4.8544351622e-02	-2.2286698459e-02
4.8565901032e-02	-2.2200817147e-02
4.8587189932e-02	-2.2113603942e-02
4.8608196661e-02	-2.2024746053e-02
4.8628727234e-02	-2.1932145669e-02
4.8649047038e-02	-2.1841534585e-02
4.8669153138e-02	-2.1782175902e-02
4.8672555828e-02	-2.1527326946e-02
4.8692269944e-02	-2.1434643210e-02
4.8711810732e-02	-2.1341272911e-02
4.8731182899e-02	-2.1248739543e-02
4.8750377352e-02	-2.1157886531e-02
4.8769401144e-02	-2.1066279947e-02
4.8788195356e-02	-2.1001480998e-02
4.8793561699e-02	-2.0794084466e-02
4.8812049533e-02	-2.0700099001e-02
4.8830385060e-02	-2.0606588503e-02
4.8848583829e-02	-2.0514436665e-02
4.8866633926e-02	-2.0422016488e-02
4.8884553596e-02	-2.0329148385e-02
4.8898275973e-02	-2.0282350989e-02
4.8898918776e-02	-2.0167412475e-02
4.8898932320e-02	-2.0176417631e-02
4.8898944821e-02	-2.0185210615e-02
4.8898956355e-02	-2.0193813071e-02
4.8898966960e-02	-2.0202238360e-02
4.8898976234e-02	-2.0210447995e-02
4.8898984833e-02	-2.0227878638e-02
4.8899630083e-02	-2.0198476108e-02
4.8899637566e-02	-2.0206275317e-02
4.8899644367e-02	-2.0213947834e-02
4.8899650350e-02	-2.0221488659e-02
4.8899655677e-02	-2.0228917015e-02
4.8899659951e-02	-2.0236193008e-02
4.8899663717e-02	-2.0252313052e-02
4.8900320482e-02	-2.0225101452e-02
4.8900323291e-02	-2.0232082540e-02
4.8900325451e-02	-2.0238966927e-02
4.8900327127e-02	-2.0245771590e-02
4.8900328098e-02	-2.0252473569e-02
4.8900328075e-02	-2.0259043062e-02
4.8900327514e-02	-2.0274151740e-02
4.8900954989e-02	-2.0247704738e-02
4.8900953752e-02	-2.0254040853e-02
4.8900952077e-02	-2.0260312222e-02
4.8900949764e-02	-2.0266496622e-02
4.8900946830e-02	-2.0272590644e-02
4.8900943187e-02	-2.0278587059e-02
4.8900938918e-02	-2.0293209190e-02
4.8901493759e-02	-2.0264650275e-02
4.8901489060e-02	-2.0270450218e-02
4.8901483864e-02	-2.0276185452e-02
4.8901478051e-02	-2.0281841589e-02
4.8901471600e-02	-2.0287416012e-02
4.8901464328e-02	-2.0292889193e-02
4.8901456396e-02	-2.0306807974e-02
4.8902015517e-02	-2.0278393189e-02
4.8902007782e-02	-2.0283732033e-02
4.8901999390e-02	-2.0288993333e-02
4.8901990214e-02	-2.0294161869e-02
4.8901980262e-02	-2.0299237927e-02
4.8901969691e-02	-2.0304237662e-02
4.8901958348e-02	-2.0317529781e-02
4.8902399461e-02	-2.0288996388e-02
4.8902388307e-02	-2.0293873712e-02
4.8902376623e-02	-2.0298684385e-02
4.8902364080e-02	-2.0303394750e-02
4.8902350962e-02	-2.0308036338e-02
4.8902337328e-02	-2.0312615111e-02
4.8902323215e-02	-2.0325465191e-02
4.8902836268e-02	-2.0296752557e-02
4.8902821962e-02	-2.0301206611e-02
4.8902807112e-02	-2.0305600096e-02
4.8902791777e-02	-2.0309937125e-02
4.8902775973e-02	-2.0314218737e-02
4.8902759695e-02	-2.0318443784e-02
4.8902742925e-02	-2.0331103445e-02
4.8903137833e-02	-2.0300075895e-02
4.8903120903e-02	-2.0304183072e-02
4.8903103497e-02	-2.0308238470e-02
4.8903085641e-02	-2.0312242885e-02
4.8903067336e-02	-2.0316195557e-02
4.8903048565e-02	-2.0320093975e-02
4.8903029336e-02	-2.0332255722e-02
4.8903410414e-02	-2.0301821376e-02
4.8903391081e-02	-2.0305608477e-02
4.8903371331e-02	-2.0309350707e-02
4.8903351233e-02	-2.0313045206e-02
4.8903330684e-02	-2.0316688744e-02
4.8903309680e-02	-2.0320280510e-02
4.8903288187e-02	-2.0332060936e-02
4.8903675338e-02	-2.0301638183e-02
4.8903653740e-02	-2.0305126056e-02
4.8903631737e-02	-2.0308571943e-02
4.8903609304e-02	-2.0311971064e-02
4.8903586447e-02	-2.0315321868e-02
4.8903563254e-02	-2.0318624750e-02
4.8903539595e-02	-2.0330096453e-02
4.8903857731e-02	-2.0298940136e-02
4.8903833978e-02	-2.0302145242e-02
4.8903809854e-02	-2.0305310774e-02
4.8903785374e-02	-2.0308432548e-02
4.8903760469e-02	-2.0311507986e-02
4.8903735138e-02	-2.0314536279e-02
4.8903709355e-02	-2.0325927276e-02
4.8904084528e-02	-2.0293184680e-02
4.8904058708e-02	-2.0296124197e-02
4.8904032509e-02	-2.0299025893e-02
4.8904005905e-02	-2.0301885043e-02
4.8903978889e-02	-2.0304699840e-02
4.8903951459e-02	-2.0307469414e-02
4.8903923614e-02	-2.0318383175e-02
4.8904222220e-02	-2.0286117389e-02
4.8904194314e-02	-2.0288801963e-02
4.8904166038e-02	-2.0291450180e-02
4.8904137369e-02	-2.0294057428e-02
4.8904108298e-02	-2.0296621925e-02
4.8904078875e-02	-2.0299143485e-02
4.8904049075e-02	-2.0309764846e-02
4.8904273391e-02	-2.0277447838e-02
4.8904243530e-02	-2.0279887322e-02
4.8904213308e-02	-2.0282291824e-02
4.8904182702e-02	-2.0284656804e-02
4.8904151704e-02	-2.0286980465e-02
4.8904120312e-02	-2.0289261937e-02
4.8904088525e-02	-2.0299790679e-02
4.8904382774e-02	-2.0266274044e-02
4.8904350973e-02	-2.0268479702e-02
4.8904318820e-02	-2.0270651751e-02
4.8904286292e-02	-2.0272785673e-02
4.8904253381e-02	-2.0274879652e-02
4.8904220085e-02	-2.0276932774e-02
4.8904186403e-02	-2.0287097579e-02
4.8904376275e-02	-2.0253591566e-02
4.8904342653e-02	-2.0255571883e-02
4.8904308686e-02	-2.0257519635e-02
4.8904274352e-02	-2.0259430384e-02
4.8904239648e-02	-2.0261302393e-02
4.8904204665e-02	-2.0263136002e-02
4.8904169305e-02	-2.0273085690e-02
4.8904439784e-02	-2.0239534145e-02
4.8904404438e-02	-2.0241298904e-02
4.8904368754e-02	-2.0243032114e-02
4.8904332711e-02	-2.0244729387e-02
4.8904296302e-02	-2.0246388957e-02
4.8904259523e-02	-2.0248009892e-02
4.8904222375e-02	-2.0257879820e-02
4.8904410416e-02	-2.0222539678e-02
4.8904373346e-02	-2.0224095506e-02
4.8904335977e-02	-2.0225621238e-02
4.8904298256e-02	-2.0227112088e-02
4.8904260176e-02	-2.0228566281e-02
4.8904221735e-02	-2.0229982864e-02
4.8904182930e-02	-2.0239630342e-02
4.8904279391e-02	-2.0202750741e-02
4.8904240645e-02	-2.0204105694e-02
4.8904201574e-02	-2.0205430995e-02
4.8904162159e-02	-2.0206722341e-02
4.8904122392e-02	-2.0207977933e-02
4.8904082270e-02	-2.0209196824e-02
4.8904041791e-02	-2.0218324371e-02
4.8904289503e-02	-2.0186049417e-02
4.8904249049e-02	-2.0187204782e-02
4.8904208347e-02	-2.0188331969e-02
4.8904167306e-02	-2.0189425848e-02
4.8904125919e-02	-2.0190484705e-02
4.8904084184e-02	-2.0191507630e-02
4.8904042098e-02	-2.0200578259e-02
4.8904183650e-02	-2.0165533214e-02
4.8904141622e-02	-2.0166497044e-02
4.8904099282e-02	-2.0167432549e-02
4.8904056609e-02	-2.0168335563e-02
4.8904013595e-02	-2.0169204361e-02
4.8903970240e-02	-2.0170038028e-02
4.8903926540e-02	-2.0179008248e-02
4.8904058544e-02	-2.0142955003e-02
4.8904014929e-02	-2.0143732568e-02
4.8903971073e-02	-2.0144483437e-02
4.8903926890e-02	-2.0145202587e-02
4.8903882373e-02	-2.0145888280e-02
4.8903837519e-02	-2.0146539588e-02
4.8903792327e-02	-2.0155411965e-02
4.8903889551e-02	-2.0118151030e-02
4.8903844459e-02	-2.0118748876e-02
4.8903799080e-02	-2.0119320060e-02
4.8903753467e-02	-2.0119861438e-02
4.8903707526e-02	-2.0120370092e-02
4.8903661255e-02	-2.0120845075e-02
4.8903614651e-02	-2.0129460539e-02
4.8903692248e-02	-2.0092312466e-02
4.8903645797e-02	-2.0092736169e-02
4.8903599068e-02	-2.0093133818e-02
4.8903552090e-02	-2.0093502006e-02
4.8903504842e-02	-2.0093838804e-02
4.8903457269e-02	-2.0094142574e-02
4.8903409370e-02	-2.0102452973e-02
4.8903490201e-02	-2.0066042277e-02
4.8903442407e-02	-2.0066295332e-02
4.8903394321e-02	-2.0066522512e-02
4.8903345923e-02	-2.0066719876e-02
4.8903297209e-02	-2.0066885734e-02
4.8903248174e-02	-2.0067019136e-02
4.8903198819e-02	-2.0075390396e-02
4.8903313267e-02	-2.0037127588e-02
4.8903264126e-02	-2.0037215459e-02
4.8903214683e-02	-2.0037276689e-02
4.8903164937e-02	-2.0037309124e-02
4.8903114886e-02	-2.0037311407e-02
4.8903064523e-02	-2.0037282205e-02
4.8903013845e-02	-2.0045285326e-02
4.8902987083e-02	-2.0007670248e-02
4.8902936526e-02	-2.0007593275e-02
4.8902885656e-02	-2.0007488480e-02
4.8902834485e-02	-2.0007354998e-02
4.8902783012e-02	-2.0007191737e-02
4.8902731278e-02	-2.0006998454e-02
4.8902679263e-02	-2.0014920548e-02
4.8902734273e-02	-1.9977050391e-02
4.8902682510e-02	-1.9976824501e-02
4.8902630422e-02	-1.9976569551e-02
4.8902577967e-02	-1.9976279025e-02
4.8902525191e-02	-1.9975956801e-02
4.8902472113e-02	-1.9975604044e-02
4.8902418733e-02	-1.9983388408e-02
4.8902415500e-02	-1.9944763059e-02
4.8902362752e-02	-1.9944417790e-02
4.8902309680e-02	-1.9944043731e-02
4.8902256287e-02	-1.9943633649e-02
4.8902202542e-02	-1.9943184838e-02
4.8902148385e-02	-1.9942687749e-02
4.8902093897e-02	-1.9950481690e-02
4.8902112141e-02	-1.9910540841e-02
4.8902058685e-02	-1.9910089986e-02
4.8902004913e-02	-1.9909611291e-02
4.8901950573e-02	-1.9909075977e-02
4.8901895994e-02	-1.9908517733e-02
4.8901841059e-02	-1.9907923451e-02
4.8901785740e-02	-1.9915557739e-02
4.8901698143e-02	-1.9875117757e-02
4.8901643491e-02	-1.9874520181e-02
4.8901588576e-02	-1.9873900241e-02
4.8901533364e-02	-1.9873252360e-02
4.8901477847e-02	-1.9872574497e-02
4.8901422019e-02	-1.9871865638e-02
4.8901365881e-02	-1.9879244022e-02
4.8901373925e-02	-1.9840463376e-02
4.8901317979e-02	-1.9839714966e-02
4.8901261898e-02	-1.9838954112e-02
4.8901205613e-02	-1.9838168692e-02
4.8901149084e-02	-1.9837354942e-02
4.8901092258e-02	-1.9836510848e-02
4.8901035126e-02	-1.9843941837e-02
4.8900986383e-02	-1.9803077030e-02
4.8900929381e-02	-1.9802186680e-02
4.8900872143e-02	-1.9801276840e-02
4.8900814764e-02	-1.9800355600e-02
4.8900757117e-02	-1.9799408387e-02
4.8900699175e-02	-1.9798431622e-02
4.8900640929e-02	-1.9805764674e-02
4.8900552599e-02	-1.9764207247e-02
4.8900494463e-02	-1.9763176941e-02
4.8900436113e-02	-1.9762129501e-02
4.8900377697e-02	-1.9761078499e-02
4.8900319031e-02	-1.9760003533e-02
4.8900260076e-02	-1.9758899843e-02
4.8900200824e-02	-1.9765897651e-02
4.8900099874e-02	-1.9725354524e-02
4.8900040549e-02	-1.9724184512e-02
4.8899981029e-02	-1.9722999391e-02
4.8899921245e-02	-1.9721789172e-02
4.8899861279e-02	-1.9720553248e-02
4.8899801288e-02	-1.9719316411e-02
4.8899741057e-02	-1.9726358793e-02
4.8899706316e-02	-1.9684689179e-02
4.8899645960e-02	-1.9683386035e-02
4.8899585428e-02	-1.9682069761e-02
4.8899524636e-02	-1.9680729443e-02
4.8899463571e-02	-1.9679362618e-02
4.8899402230e-02	-1.9677968360e-02
4.8899340611e-02	-1.9684728052e-02
4.8899265327e-02	-1.9643294510e-02
4.8899203873e-02	-1.9641859452e-02
4.8899142327e-02	-1.9640410723e-02
4.8899080524e-02	-1.9638938202e-02
4.8899018457e-02	-1.9637440128e-02
4.8898956124e-02	-1.9635915597e-02
4.8898893523e-02	-1.9642521713e-02
4.8898742046e-02	-1.9600865046e-02
4.8898679589e-02	-1.9599299857e-02
4.8898616907e-02	-1.9597716251e-02
4.8898554110e-02	-1.9596123926e-02
4.8898491105e-02	-1.9594511831e-02
4.8898427869e-02	-1.9592877156e-02
4.8898364399e-02	-1.9599531472e-02
4.8898264830e-02	-1.9556810946e-02
4.8898201313e-02	-1.9555118341e-02
4.8898137554e-02	-1.9553405678e-02
4.8898073542e-02	-1.9551669573e-02
4.8898009271e-02	-1.9549908425e-02
4.8897944738e-02	-1.9548121285e-02
4.8897879956e-02	-1.9554502396e-02
4.8897834323e-02	-1.9512487640e-02
4.8897769779e-02	-1.9510671757e-02
4.8897704997e-02	-1.9508836039e-02
4.8897639964e-02	-1.9506977169e-02
4.8897574676e-02	-1.9505093569e-02
4.8897509128e-02	-1.9503184305e-02
4.8897443321e-02	-1.9509768726e-02
4.8897227695e-02	-1.9464345512e-02
4.8897162242e-02	-1.9462409125e-02
4.8897096565e-02	-1.9460453599e-02
4.8897030642e-02	-1.9458475415e-02
4.8896964466e-02	-1.9456472962e-02
4.8896898036e-02	-1.9454445286e-02
4.8896831349e-02	-1.9460524941e-02
4.8896650540e-02	-1.9418000875e-02
4.8896584091e-02	-1.9415943832e-02
4.8896517410e-02	-1.9413867527e-02
4.8896450484e-02	-1.9411768725e-02
4.8896383309e-02	-1.9409645870e-02
4.8896315882e-02	-1.9407498039e-02
4.8896248202e-02	-1.9413635240e-02
4.8896105170e-02	-1.9369567623e-02
4.8896037764e-02	-1.9367393876e-02
4.8895970129e-02	-1.9365201248e-02
4.8895902253e-02	-1.9362986505e-02
4.8895834131e-02	-1.9360748076e-02
4.8895765761e-02	-1.9358485030e-02
4.8895697140e-02	-1.9364665605e-02
4.8895524240e-02	-1.9319472583e-02
4.8895455906e-02	-1.9317184544e-02
4.8895387345e-02	-1.9314878033e-02
4.8895318547e-02	-1.9312549807e-02
4.8895249506e-02	-1.9310198283e-02
4.8895180219e-02	-1.9307822512e-02
4.8895110686e-02	-1.9313670200e-02
4.8894913763e-02	-1.9269493107e-02
4.8894844506e-02	-1.9267092429e-02
4.8894775025e-02	-1.9264673401e-02
4.8894705309e-02	-1.9262232868e-02
4.8894635353e-02	-1.9259769282e-02
4.8894565155e-02	-1.9257281718e-02
4.8894494712e-02	-1.9263021632e-02
4.8894291605e-02	-1.9218670376e-02
4.8894221444e-02	-1.9216158634e-02
4.8894151061e-02	-1.9213628792e-02
4.8894080510e-02	-1.9211078564e-02
4.8894009757e-02	-1.9208506031e-02
4.8893938764e-02	-1.9205909812e-02
4.8893867530e-02	-1.9211523899e-02
4.8893670593e-02	-1.9167058056e-02
4.8893599650e-02	-1.9164438910e-02
4.8893528487e-02	-1.9161801893e-02
4.8893457095e-02	-1.9159143923e-02
4.8893385469e-02	-1.9156463482e-02
4.8893313607e-02	-1.9153759648e-02
4.8893241507e-02	-1.9159344344e-02
4.8893033141e-02	-1.9114124917e-02
4.8892961343e-02	-1.9111399340e-02
4.8892889328e-02	-1.9108656193e-02
4.8892817087e-02	-1.9105892420e-02
4.8892744614e-02	-1.9103106491e-02
4.8892671909e-02	-1.9100297480e-02
4.8892598968e-02	-1.9105872512e-02
4.8892363982e-02	-1.9059568316e-02
4.8892291440e-02	-1.9056740257e-02
4.8892218718e-02	-1.9053895414e-02
4.8892145773e-02	-1.9051030276e-02
4.8892072599e-02	-1.9048143315e-02
4.8891999196e-02	-1.9045233599e-02
4.8891925560e-02	-1.9050689073e-02
4.8891695071e-02	-1.9004290716e-02
4.8891621761e-02	-1.9001362118e-02
4.8891548240e-02	-1.8998416523e-02
4.8891474498e-02	-1.8995450915e-02
4.8891400531e-02	-1.8992463773e-02
4.8891326336e-02	-1.8989454165e-02
4.8891251912e-02	-1.8994751296e-02
4.8890944020e-02	-1.8948284323e-02
4.8890869909e-02	-1.8945254840e-02
4.8890795588e-02	-1.8942208560e-02
4.8890721057e-02	-1.8939142614e-02
4.8890646392e-02	-1.8936056554e-02
4.8890571502e-02	-1.8932948294e-02
4.8890496385e-02	-1.8938101356e-02
4.8890278035e-02	-1.8892304794e-02
4.8890203243e-02	-1.8889178396e-02
4.8890128244e-02	-1.8886035392e-02
4.8890053030e-02	-1.8882872865e-02
4.8889977596e-02	-1.8879689336e-02
4.8889901941e-02	-1.8876483936e-02
4.8889826062e-02	-1.8881720091e-02
4.8889543663e-02	-1.8833929902e-02
4.8889468122e-02	-1.8830707364e-02
4.8889392377e-02	-1.8827468583e-02
4.8889316420e-02	-1.8824210623e-02
4.8889240246e-02	-1.8820931975e-02
4.8889163852e-02	-1.8817631713e-02
4.8889087237e-02	-1.8822548805e-02
4.8888779902e-02	-1.8776146680e-02
4.8888703610e-02	-1.8772828774e-02
4.8888627116e-02	-1.8769494692e-02
4.8888550412e-02	-1.8766141584e-02
4.8888473494e-02	-1.8762767983e-02
4.8888396358e-02	-1.8759372976e-02
4.8888319004e-02	-1.8764276219e-02
4.8888041176e-02	-1.8717288364e-02
4.8887964163e-02	-1.8713877468e-02
4.8887886950e-02	-1.8710450652e-02
4.8887809529e-02	-1.8707005073e-02
4.8887731896e-02	-1.8703539261e-02
4.8887654049e-02	-1.8700052300e-02
4.8887575985e-02	-1.8704997926e-02
4.8887300188e-02	-1.8656764367e-02
4.8887222490e-02	-1.8653263824e-02
4.8887144598e-02	-1.8649747725e-02
4.8887066592e-02	-1.8646214373e-02
4.8886988376e-02	-1.8642661087e-02
4.8886909948e-02	-1.8639086946e-02
4.8886831307e-02	-1.8643796874e-02
4.8886533303e-02	-1.8596227117e-02
4.8886455021e-02	-1.8592639573e-02
4.8886376543e-02	-1.8589036536e-02
4.8886297863e-02	-1.8585415228e-02
4.8886218975e-02	-1.8581774191e-02
4.8886139878e-02	-1.8578112515e-02
4.8886060570e-02	-1.8582688660e-02
4.8885697421e-02	-1.8535513640e-02
4.8885618452e-02	-1.8531836669e-02
4.8885539289e-02	-1.8528144359e-02
4.8885459925e-02	-1.8524433979e-02
4.8885380356e-02	-1.8520704083e-02
4.8885300580e-02	-1.8516953772e-02
4.8885220596e-02	-1.8521541977e-02
4.8884949372e-02	-1.8473364015e-02
4.8884870953e-02	-1.8469612048e-02
4.8884791511e-02	-1.8465838318e-02
4.8884711519e-02	-1.8462044011e-02
4.8884631324e-02	-1.8458230467e-02
4.8884550926e-02	-1.8454396775e-02
4.8884470321e-02	-1.8458876049e-02
4.8883984383e-02	-1.8409635401e-02
4.8883905263e-02	-1.8405797238e-02
4.8883825983e-02	-1.8401944715e-02
4.8883746537e-02	-1.8398075174e-02
4.8883666860e-02	-1.8394186378e-02
4.8883586948e-02	-1.8390277408e-02
4.8883506797e-02	-1.8394650575e-02
4.8883162551e-02	-1.8346144255e-02
4.8883082874e-02	-1.8342225078e-02
4.8883002984e-02	-1.8338290831e-02
4.8882922871e-02	-1.8334338978e-02
4.8882842530e-02	-1.8330368103e-02
4.8882761957e-02	-1.8326377299e-02
4.8882681148e-02	-1.8330700525e-02
4.8882206282e-02	-1.8281018457e-02
4.8882126424e-02	-1.8277068418e-02
4.8882046350e-02	-1.8273103137e-02
4.8881966045e-02	-1.8269119429e-02
4.8881885500e-02	-1.8265115770e-02
4.8881804713e-02	-1.8261091259e-02
4.8881723681e-02	-1.8265217023e-02
4.8881347247e-02	-1.8217101728e-02
4.8881267039e-02	-1.8213106163e-02
4.8881186699e-02	-1.8209102865e-02
4.8881106155e-02	-1.8205083604e-02
4.8881025388e-02	-1.8201045817e-02
4.8880944391e-02	-1.8196988353e-02
4.8880863161e-02	-1.8201105002e-02
4.8880452157e-02	-1.8152533211e-02
4.8880371164e-02	-1.8148451850e-02
4.8880290018e-02	-1.8144360757e-02
4.8880208658e-02	-1.8140252724e-02
4.8880127074e-02	-1.8136126113e-02
4.8880045263e-02	-1.8131980032e-02
4.8879963223e-02	-1.8136060685e-02
4.8879523177e-02	-1.8086896487e-02
4.8879441441e-02	-1.8082732709e-02
4.8879359594e-02	-1.8078563030e-02
4.8879277545e-02	-1.8074376941e-02
4.8879195357e-02	-1.8070173584e-02
4.8879112945e-02	-1.8065950980e-02
4.8879030306e-02	-1.8070007769e-02
4.8878623104e-02	-1.8020415140e-02
4.8878540745e-02	-1.8016172645e-02
4.8878458236e-02	-1.8011920646e-02
4.8878375518e-02	-1.8007652234e-02
4.8878292583e-02	-1.8003365777e-02
4.8878209426e-02	-1.7999060369e-02
4.8878126046e-02	-1.8002947731e-02
4.8877661656e-02	-1.7953483399e-02
4.8877578587e-02	-1.7949161432e-02
4.8877495318e-02	-1.7944825444e-02
4.8877411841e-02	-1.7940472950e-02
4.8877328169e-02	-1.7936102845e-02
4.8877244305e-02	-1.7931714299e-02
4.8877160220e-02	-1.7935624578e-02
4.8876709505e-02	-1.7885485150e-02
4.8876625797e-02	-1.7881086141e-02
4.8876541892e-02	-1.7876673416e-02
4.8876457782e-02	-1.7872244465e-02
4.8876373460e-02	-1.7867797887e-02
4.8876288923e-02	-1.7863332783e-02
4.8876204167e-02	-1.7866908855e-02
4.8875846171e-02	-1.7818627175e-02
4.8875761787e-02	-1.7814152200e-02
4.8875677209e-02	-1.7809663502e-02
4.8875592426e-02	-1.7805158656e-02
4.8875507434e-02	-1.7800636303e-02
4.8875422230e-02	-1.7796095577e-02
4.8875336896e-02	-1.7799806814e-02
4.8874917436e-02	-1.7749502680e-02
4.8874832491e-02	-1.7744954233e-02
4.8874747355e-02	-1.7740392361e-02
4.8874662017e-02	-1.7735814623e-02
4.8874576472e-02	-1.7731219635e-02
4.8874490716e-02	-1.7726606511e-02
4.8874404795e-02	-1.7730135824e-02
4.8873822318e-02	-1.7680110224e-02
4.8873736813e-02	-1.7675487021e-02
4.8873651116e-02	-1.7670850496e-02
4.8873565221e-02	-1.7666198258e-02
4.8873479121e-02	-1.7661528948e-02
4.8873392813e-02	-1.7656841687e-02
4.8873306293e-02	-1.7660247572e-02
4.8872892955e-02	-1.7611269219e-02
4.8872806811e-02	-1.7606572755e-02
4.8872720479e-02	-1.7601863100e-02
4.8872633950e-02	-1.7597137893e-02
4.8872547218e-02	-1.7592395796e-02
4.8872460281e-02	-1.7587635939e-02
4.8872373134e-02	-1.7591063344e-02
4.8871901432e-02	-1.7540881990e-02
4.8871814668e-02	-1.7536113478e-02
4.8871727719e-02	-1.7531332012e-02
4.8871640575e-02	-1.7526535239e-02
4.8871553230e-02	-1.7521721809e-02
4.8871465683e-02	-1.7516890841e-02
4.8871377936e-02	-1.7520099666e-02
4.8870892384e-02	-1.7470723503e-02
4.8870805088e-02	-1.7465884668e-02
4.8870717607e-02	-1.7461032943e-02
4.8870629933e-02	-1.7456166032e-02
4.8870542062e-02	-1.7451282611e-02
4.8870453988e-02	-1.7446381815e-02
4.8870365711e-02	-1.7449380816e-02
4.8869951429e-02	-1.7401174712e-02
4.8869863529e-02	-1.7396265939e-02
4.8869775445e-02	-1.7391344314e-02
4.8869687171e-02	-1.7386407602e-02
4.8869598701e-02	-1.7381454509e-02
4.8869510031e-02	-1.7376484179e-02
4.8869421159e-02	-1.7379546387e-02
4.8869021933e-02	-1.7329678349e-02
4.8868933466e-02	-1.7324702225e-02
4.8868844817e-02	-1.7319713471e-02
4.8868755980e-02	-1.7314709856e-02
4.8868666950e-02	-1.7309690078e-02
4.8868577722e-02	-1.7304653276e-02
4.8868488293e-02	-1.7307712016e-02
4.8867909468e-02	-1.7256522330e-02
4.8867820406e-02	-1.7251476092e-02
4.8867731164e-02	-1.7246417438e-02
4.8867641736e-02	-1.7241344133e-02
4.8867552117e-02	-1.7236254873e-02
4.8867462303e-02	-1.7231148798e-02
4.8867372314e-02	-1.7234034481e-02
4.8866906816e-02	-1.7184136956e-02
4.8866817274e-02	-1.7179025000e-02
4.8866727555e-02	-1.7173900727e-02
4.8866637651e-02	-1.7168761949e-02
4.8866547558e-02	-1.7163607379e-02
4.8866457273e-02	-1.7158436160e-02
4.8866366791e-02	-1.7161082525e-02
4.8865888418e-02	-1.7112195282e-02
4.8865798312e-02	-1.7107016774e-02
4.8865708031e-02	-1.7101825961e-02
4.8865617566e-02	-1.7096620722e-02
4.8865526914e-02	-1.7091399797e-02
4.8865436071e-02	-1.7086162351e-02
4.8865345034e-02	-1.7088826699e-02
4.8864856362e-02	-1.7039143419e-02
4.8864765713e-02	-1.7033899510e-02
4.8864674888e-02	-1.7028643481e-02
4.8864583884e-02	-1.7023373219e-02
4.8864492694e-02	-1.7018087465e-02
4.8864401316e-02	-1.7012785385e-02
4.8864309793e-02	-1.7015220060e-02
4.8863831370e-02	-1.6966628621e-02
4.8863740282e-02	-1.6961321099e-02
4.8863649024e-02	-1.6956001641e-02
4.8863557585e-02	-1.6950667891e-02
4.8863465963e-02	-1.6945318731e-02
4.8863374192e-02	-1.6939953858e-02
4.8863282275e-02	-1.6942340736e-02
4.8862808093e-02	-1.6893532259e-02
4.8862716558e-02	-1.6888161721e-02
4.8862624852e-02	-1.6882779223e-02
4.8862532970e-02	-1.6877382735e-02
4.8862440906e-02	-1.6871971031e-02
4.8862348661e-02	-1.6866543542e-02
4.8862256225e-02	-1.6868971295e-02
4.8861722939e-02	-1.6818954562e-02
4.8861630892e-02	-1.6813520957e-02
4.8861538678e-02	-1.6808075880e-02
4.8861446292e-02	-1.6802617115e-02
4.8861353726e-02	-1.6797143395e-02
4.8861260978e-02	-1.6791653798e-02
4.8861168046e-02	-1.6793909784e-02
4.8860733037e-02	-1.6744869436e-02
4.8860641204e-02	-1.6739440529e-02
4.8860549217e-02	-1.6734001133e-02
4.8860457079e-02	-1.6728550259e-02
4.8860364790e-02	-1.6723086915e-02
4.8860272347e-02	-1.6717610349e-02
4.8860179746e-02	-1.6719579596e-02
4.8859642967e-02	-1.6672216352e-02
4.8859550808e-02	-1.6666743096e-02
4.8859458604e-02	-1.6661262013e-02
4.8859366284e-02	-1.6655768137e-02
4.8859273816e-02	-1.6650259749e-02
4.8859181290e-02	-1.6644747044e-02
4.8859088464e-02	-1.6646613631e-02
4.8858628723e-02	-1.6600176687e-02
4.8858536189e-02	-1.6594640166e-02
4.8858443564e-02	-1.6589098854e-02
4.8858350772e-02	-1.6583544307e-02
4.8858257805e-02	-1.6577974963e-02
4.8858164659e-02	-1.6572390029e-02
4.8858071332e-02	-1.6574404804e-02
4.8857601731e-02	-1.6526100168e-02
4.8857508686e-02	-1.6520500635e-02
4.8857415554e-02	-1.6514896813e-02
4.8857322255e-02	-1.6509279781e-02
4.8857228781e-02	-1.6503647935e-02
4.8857135129e-02	-1.6498000464e-02
4.8857041294e-02	-1.6499652454e-02
4.8856586578e-02	-1.6453294423e-02
4.8856493006e-02	-1.6447631538e-02
4.8856399266e-02	-1.6441956641e-02
4.8856305357e-02	-1.6436268170e-02
4.8856211279e-02	-1.6430565375e-02
4.8856117022e-02	-1.6424846906e-02
4.8856022586e-02	-1.6426788620e-02
4.8855492706e-02	-1.6377478535e-02
4.8855398714e-02	-1.6371754252e-02
4.8855304560e-02	-1.6366018653e-02
4.8855210241e-02	-1.6360269871e-02
4.8855115755e-02	-1.6354507086e-02
4.8855021093e-02	-1.6348728864e-02
4.8854926254e-02	-1.6350179303e-02
4.8854480281e-02	-1.6304016536e-02
4.8854385790e-02	-1.6298231392e-02
4.8854291141e-02	-1.6292435055e-02
4.8854196397e-02	-1.6286626234e-02
4.8854101514e-02	-1.6280803423e-02
4.8854006463e-02	-1.6274965891e-02
4.8853911234e-02	-1.6276494539e-02
4.8853381128e-02	-1.6229054434e-02
4.8853286244e-02	-1.6223209032e-02
4.8853191204e-02	-1.6217352641e-02
4.8853095998e-02	-1.6211482965e-02
4.8853000629e-02	-1.6205599463e-02
4.8852905086e-02	-1.6199700726e-02
4.8852809370e-02	-1.6201176746e-02
4.8852317827e-02	-1.6153690761e-02
4.8852222468e-02	-1.6147785582e-02
4.8852126954e-02	-1.6141869569e-02
4.8852031340e-02	-1.6135941253e-02
4.8851935577e-02	-1.6129999457e-02
4.8851839642e-02	-1.6124042577e-02
4.8851743540e-02	-1.6125407450e-02
4.8851195183e-02	-1.6077887768e-02
4.8851099425e-02	-1.6071924072e-02
4.8851003515e-02	-1.6065949654e-02
4.8850907443e-02	-1.6059962214e-02
4.8850811212e-02	-1.6053961287e-02
4.8850714810e-02	-1.6047945400e-02
4.8850618243e-02	-1.6049282858e-02
4.8850125156e-02	-1.6001597364e-02
4.8850028943e-02	-1.5995575553e-02
4.8849932579e-02	-1.5989543158e-02
4.8849836055e-02	-1.5983497876e-02
4.8849739373e-02	-1.5977439257e-02
4.8849642522e-02	-1.5971365811e-02
4.8849545509e-02	-1.5972593132e-02
4.8849074145e-02	-1.5925148608e-02
4.8848977493e-02	-1.5919070287e-02
4.8848880692e-02	-1.5912981494e-02
4.8848783731e-02	-1.5906879930e-02
4.8848686615e-02	-1.5900765177e-02
4.8848589388e-02	-1.5894636461e-02
4.8848492017e-02	-1.5895948217e-02
