Phi_global	fO2_shift_IW_derived
1.0000000000e+00	4.0006371479e+00
1.0000000000e+00	4.0006371479e+00
1.0000000000e+00	4.0006371479e+00
1.0000000000e+00	4.0006371479e+00
1.0000000000e+00	3.9882330237e+00
1.0000000000e+00	3.9885443956e+00
1.0000000000e+00	3.9888436165e+00
1.0000000000e+00	3.9918198688e+00
1.0000000000e+00	3.9965584757e+00
1.0000000000e+00	4.0041292225e+00
1.0000000000e+00	4.0162399977e+00
1.0000000000e+00	4.0356100889e+00
1.0000000000e+00	4.0664755514e+00
1.0000000000e+00	4.1154173188e+00
1.0000000000e+00	4.1927549910e+00
1.0000000000e+00	4.2526296934e+00
1.0000000000e+00	4.2993944071e+00
1.0000000000e+00	4.3362568483e+00
1.0000000000e+00	4.4172673589e+00
1.0000000000e+00	4.4679279900e+00
1.0000000000e+00	4.5072935071e+00
1.0000000000e+00	4.5404588476e+00
1.0000000000e+00	4.5916818457e+00
9.9981863523e-01	4.6408626253e+00
9.9975591179e-01	4.6432840703e+00
9.9969833723e-01	4.6432029754e+00
9.9964123466e-01	4.6431147608e+00
9.9958374823e-01	4.6429975238e+00
9.9952608426e-01	4.6428479073e+00
9.9946810614e-01	4.6426690711e+00
9.9940946760e-01	4.6424651572e+00
9.9935069467e-01	4.6422398167e+00
9.9929145156e-01	4.6419960027e+00
9.9923096577e-01	4.6417360655e+00
9.9916969925e-01	4.6414618860e+00
9.9910817199e-01	4.6411749928e+00
9.9904562348e-01	4.6408766492e+00
9.9898286564e-01	4.6405679143e+00
9.9891989429e-01	4.6402496917e+00
9.9885625817e-01	4.6399227631e+00
9.9879135394e-01	4.6395878137e+00
9.9872570330e-01	4.6392454504e+00
9.9865982038e-01	4.6388962182e+00
9.9859294476e-01	4.6385406130e+00
9.9852534084e-01	4.6381790890e+00
9.9845655521e-01	4.6378120692e+00
9.9838604173e-01	4.6374399486e+00
9.9831487048e-01	4.6370630994e+00
9.9824344884e-01	4.6366818759e+00
9.9817177551e-01	4.6362966168e+00
9.9809984917e-01	4.6359076466e+00
9.9802766852e-01	4.6355152747e+00
9.9795523220e-01	4.6351197935e+00
9.9788253889e-01	4.6347214749e+00
9.9780958732e-01	4.6343205647e+00
9.9773637593e-01	4.6339172709e+00
9.9766290320e-01	4.6335117560e+00
9.9758916678e-01	4.6331041186e+00
9.9751516490e-01	4.6326943737e+00
9.9744089629e-01	4.6322824338e+00
9.9736636008e-01	4.6318680819e+00
9.9729155502e-01	4.6314509464e+00
9.9721647940e-01	4.6310304741e+00
9.9714113242e-01	4.6306059074e+00
9.9706551163e-01	4.6301762647e+00
9.9698961632e-01	4.6297403305e+00
9.9691344451e-01	4.6292966533e+00
9.9683699488e-01	4.6288435550e+00
9.9676026589e-01	4.6283791474e+00
9.9668325527e-01	4.6279013686e+00
9.9660596230e-01	4.6274080121e+00
9.9652838473e-01	4.6268967735e+00
9.9645052077e-01	4.6263652945e+00
9.9637236949e-01	4.6258112105e+00
9.9629392779e-01	4.6252321994e+00
9.9621519524e-01	4.6246260353e+00
9.9613616950e-01	4.6239906470e+00
9.9605684881e-01	4.6233241817e+00
9.9597723186e-01	4.6226250736e+00
9.9589731601e-01	4.6218921118e+00
9.9581710038e-01	4.6211245045e+00
9.9573658267e-01	4.6203219292e+00
9.9565576096e-01	4.6194845602e+00
9.9557463359e-01	4.6186130756e+00
9.9549319797e-01	4.6177086366e+00
9.9541145170e-01	4.6167728436e+00
9.9532939211e-01	4.6158076669e+00
9.9524701541e-01	4.6148153761e+00
9.9516432414e-01	4.6137984527e+00
9.9508131831e-01	4.6127595099e+00
9.9499799614e-01	4.6117012123e+00
9.9491435593e-01	4.6106262122e+00
9.9483039596e-01	4.6095370935e+00
9.9474611442e-01	4.6084363290e+00
9.9466150970e-01	4.6073262538e+00
9.9457657998e-01	4.6062090416e+00
9.9449132351e-01	4.6050866979e+00
9.9440573847e-01	4.6039610578e+00
9.9431982292e-01	4.6028337889e+00
9.9423357509e-01	4.6017064000e+00
9.9414699308e-01	4.6005802447e+00
9.9406007501e-01	4.5994537282e+00
9.9397281901e-01	4.5983193223e+00
9.9388522316e-01	4.5971893942e+00
9.9379728542e-01	4.5960634515e+00
9.9370900256e-01	4.5949272885e+00
9.9362035856e-01	4.5936206698e+00
9.9359218547e-01	4.5905141845e+00
9.9358851318e-01	4.5843069409e+00
9.9358512806e-01	4.5822475626e+00
9.9358176663e-01	4.5808012220e+00
9.9357842370e-01	4.5799315019e+00
9.9357509370e-01	4.5794270012e+00
9.9357177359e-01	4.5791105941e+00
9.9356845709e-01	4.5788904207e+00
9.9356514295e-01	4.5787143519e+00
9.9356183073e-01	4.5785630785e+00
9.9355852631e-01	4.5784193822e+00
9.9355522470e-01	4.5782915627e+00
9.9355192685e-01	4.5781808408e+00
9.9354863482e-01	4.5780927390e+00
9.9354535999e-01	4.5780371400e+00
9.9354210512e-01	4.5780495551e+00
9.9353888526e-01	4.5781836444e+00
9.9353573253e-01	4.5785446136e+00
9.9353272731e-01	4.5793901385e+00
9.9352998281e-01	4.5811408875e+00
9.9352798511e-01	4.5840481132e+00
9.9352680699e-01	4.5888050073e+00
9.9352668075e-01	4.5965630479e+00
9.9352763073e-01	4.6091353185e+00
9.9352542786e-01	4.6298270395e+00
9.9333008885e-01	4.6433365063e+00
9.9327147000e-01	4.6432789233e+00
9.9321303950e-01	4.6431884260e+00
9.9315460438e-01	4.6430589897e+00
9.9309571312e-01	4.6428923962e+00
9.9303670225e-01	4.6426935781e+00
9.9297679894e-01	4.6424675425e+00
9.9291675822e-01	4.6422184603e+00
9.9285626584e-01	4.6419496303e+00
9.9279439804e-01	4.6416636473e+00
9.9273172082e-01	4.6413625740e+00
9.9266863152e-01	4.6410480796e+00
9.9260460335e-01	4.6407215400e+00
9.9254035809e-01	4.6403841056e+00
9.9247589144e-01	4.6400367557e+00
9.9241038327e-01	4.6396803360e+00
9.9234339272e-01	4.6393155856e+00
9.9227610512e-01	4.6389431561e+00
9.9220822459e-01	4.6385636329e+00
9.9213942258e-01	4.6381775460e+00
9.9206933837e-01	4.6377853802e+00
9.9199763462e-01	4.6373875840e+00
9.9192480605e-01	4.6369845753e+00
9.9185172158e-01	4.6365767461e+00
9.9177838003e-01	4.6361644711e+00
9.9170478002e-01	4.6357481066e+00
9.9163092025e-01	4.6353279946e+00
9.9155679935e-01	4.6349044617e+00
9.9148241592e-01	4.6344778184e+00
9.9140776876e-01	4.6340483574e+00
9.9133285628e-01	4.6336163449e+00
9.9125767467e-01	4.6331820164e+00
9.9118221950e-01	4.6327455629e+00
9.9110648890e-01	4.6323071178e+00
9.9103048319e-01	4.6318667381e+00
9.9095420219e-01	4.6314243818e+00
9.9087764548e-01	4.6309798839e+00
9.9080081144e-01	4.6305329293e+00
9.9072369839e-01	4.6300830222e+00
9.9064630535e-01	4.6296294646e+00
9.9056863082e-01	4.6291713267e+00
9.9049067197e-01	4.6287074347e+00
9.9041242935e-01	4.6282363664e+00
9.9033389826e-01	4.6277564544e+00
9.9025507953e-01	4.6272658003e+00
9.9017597064e-01	4.6267623082e+00
9.9009656812e-01	4.6262437202e+00
9.9001687307e-01	4.6257076659e+00
9.8993688028e-01	4.6251517097e+00
9.8985659006e-01	4.6245734094e+00
9.8977600018e-01	4.6239703732e+00
9.8969510716e-01	4.6233403215e+00
9.8961391191e-01	4.6226811566e+00
9.8953240880e-01	4.6219910276e+00
9.8945059950e-01	4.6212684067e+00
9.8936847882e-01	4.6205121570e+00
9.8928604668e-01	4.6197215966e+00
9.8920330054e-01	4.6188965357e+00
9.8912023698e-01	4.6180373085e+00
9.8903685225e-01	4.6171447578e+00
9.8895314326e-01	4.6162202151e+00
9.8886910401e-01	4.6152654354e+00
9.8878474065e-01	4.6142825284e+00
9.8870005724e-01	4.6132738722e+00
9.8861505219e-01	4.6122420255e+00
9.8852972383e-01	4.6111896421e+00
9.8844407054e-01	4.6101193943e+00
9.8835809065e-01	4.6090339091e+00
9.8827178246e-01	4.6079357161e+00
9.8818514430e-01	4.6068272107e+00
9.8809817444e-01	4.6057106286e+00
9.8801087111e-01	4.6045880324e+00
9.8792323247e-01	4.6034613055e+00
9.8783525643e-01	4.6023321538e+00
9.8774694128e-01	4.6012021131e+00
9.8765828510e-01	4.6000725609e+00
9.8756928599e-01	4.5989352958e+00
9.8747994206e-01	4.5977959806e+00
9.8739025138e-01	4.5966605371e+00
9.8730021203e-01	4.5955298372e+00
9.8720982199e-01	4.5944044519e+00
9.8711907883e-01	4.5932826316e+00
9.8702797592e-01	4.5921384506e+00
9.8693646209e-01	4.5906890724e+00
9.8692909068e-01	4.5862363533e+00
9.8692522943e-01	4.5820030598e+00
9.8692164813e-01	4.5800768704e+00
9.8691811017e-01	4.5787439443e+00
9.8691460519e-01	4.5779449869e+00
9.8691112076e-01	4.5774751514e+00
9.8690764910e-01	4.5771725275e+00
9.8690418407e-01	4.5769555970e+00
9.8690072355e-01	4.5767790452e+00
9.8689726693e-01	4.5766257304e+00
9.8689381783e-01	4.5764792904e+00
9.8689037435e-01	4.5763489355e+00
9.8688693889e-01	4.5762361363e+00
9.8688351598e-01	4.5761470691e+00
9.8688012174e-01	4.5760927716e+00
9.8687677004e-01	4.5761118769e+00
9.8687349502e-01	4.5762622982e+00
9.8687036827e-01	4.5766619168e+00
9.8686755720e-01	4.5775889854e+00
9.8686532398e-01	4.5795069204e+00
9.8686425633e-01	4.5826867869e+00
9.8686467423e-01	4.5878875368e+00
9.8686713722e-01	4.5963726309e+00
9.8687185519e-01	4.6101397425e+00
9.8685719090e-01	4.6328572516e+00
9.8673979928e-01	4.6432715338e+00
9.8674245614e-01	4.6433045361e+00
9.8674511398e-01	4.6433380635e+00
9.8674735839e-01	4.6433703803e+00
9.8668711816e-01	4.6433280798e+00
9.8662739437e-01	4.6432509283e+00
9.8656786710e-01	4.6431334695e+00
9.8650792022e-01	4.6429718859e+00
9.8644774004e-01	4.6427705845e+00
9.8638694210e-01	4.6425360252e+00
9.8632563692e-01	4.6422739201e+00
9.8626417415e-01	4.6419887445e+00
9.8620133077e-01	4.6416839254e+00
9.8613726646e-01	4.6413621096e+00
9.8607294253e-01	4.6410253808e+00
9.8600746602e-01	4.6406754180e+00
9.8594176574e-01	4.6403135976e+00
9.8587583715e-01	4.6399410713e+00
9.8580880884e-01	4.6395588200e+00
9.8574017366e-01	4.6391676889e+00
9.8567129444e-01	4.6387684156e+00
9.8560160133e-01	4.6383616549e+00
9.8553094441e-01	4.6379479936e+00
9.8545886575e-01	4.6375279642e+00
9.8538481966e-01	4.6371020552e+00
9.8531014951e-01	4.6366707162e+00
9.8523521707e-01	4.6362343685e+00
9.8516002106e-01	4.6357934110e+00
9.8508456020e-01	4.6353482227e+00
9.8500883301e-01	4.6348991646e+00
9.8493283814e-01	4.6344465832e+00
9.8485657418e-01	4.6339908092e+00
9.8478003985e-01	4.6335321571e+00
9.8470323138e-01	4.6330709193e+00
9.8462613912e-01	4.6326073614e+00
9.8454876099e-01	4.6321417130e+00
9.8447109816e-01	4.6316741526e+00
9.8439315242e-01	4.6312047958e+00
9.8431492395e-01	4.6307336697e+00
9.8423641182e-01	4.6302606941e+00
9.8415761321e-01	4.6297856501e+00
9.8407852873e-01	4.6293081543e+00
9.8399915533e-01	4.6288276267e+00
9.8391949197e-01	4.6283432632e+00
9.8383953819e-01	4.6278540157e+00
9.8375928824e-01	4.6273585744e+00
9.8367874533e-01	4.6268553695e+00
9.8359790328e-01	4.6263425784e+00
9.8351676230e-01	4.6258181467e+00
9.8343532161e-01	4.6252798271e+00
9.8335357394e-01	4.6247252229e+00
9.8327152344e-01	4.6241518442e+00
9.8318916241e-01	4.6235571685e+00
9.8310649264e-01	4.6229387058e+00
9.8302350934e-01	4.6222940663e+00
9.8294021186e-01	4.6216210378e+00
9.8285659602e-01	4.6209176541e+00
9.8277266298e-01	4.6201822830e+00
9.8268840448e-01	4.6194136878e+00
9.8260382183e-01	4.6186111029e+00
9.8251891015e-01	4.6177742697e+00
9.8243366498e-01	4.6169034720e+00
9.8234807769e-01	4.6159995245e+00
9.8226214766e-01	4.6150637474e+00
9.8217589031e-01	4.6140979046e+00
9.8208930607e-01	4.6131041265e+00
9.8200239342e-01	4.6120848205e+00
9.8191515085e-01	4.6110425781e+00
9.8182757681e-01	4.6099800847e+00
9.8173966954e-01	4.6089000375e+00
9.8165142763e-01	4.6078050847e+00
9.8156284950e-01	4.6066977649e+00
9.8147393342e-01	4.6055804709e+00
9.8138467760e-01	4.6044554256e+00
9.8129508007e-01	4.6033246678e+00
9.8120513884e-01	4.6021900479e+00
9.8111485209e-01	4.6010532282e+00
9.8102421790e-01	4.5999157023e+00
9.8093323440e-01	4.5987671474e+00
9.8084189969e-01	4.5976176089e+00
9.8075021183e-01	4.5964709736e+00
9.8065816886e-01	4.5953281848e+00
9.8056576881e-01	4.5941900794e+00
9.8047300962e-01	4.5930573781e+00
9.8037988931e-01	4.5919304592e+00
9.8028640497e-01	4.5908067700e+00
9.8019254559e-01	4.5896529055e+00
9.8010117817e-01	4.5881084320e+00
9.8009980624e-01	4.5829238626e+00
9.8009581891e-01	4.5797652110e+00
9.8009206002e-01	4.5779416588e+00
9.8008836914e-01	4.5766961497e+00
9.8008473569e-01	4.5759512935e+00
9.8008115093e-01	4.5755071872e+00
9.8007762233e-01	4.5752140632e+00
9.8007416978e-01	4.5749985903e+00
9.8007083668e-01	4.5748207084e+00
9.8006770256e-01	4.5746645910e+00
9.8006497327e-01	4.5745153176e+00
9.8006290206e-01	4.5743822120e+00
9.8006196052e-01	4.5742672241e+00
9.8006259759e-01	4.5741985787e+00
9.8006407325e-01	4.5741603034e+00
9.8006597410e-01	4.5741381226e+00
9.8006811496e-01	4.5741263795e+00
9.8007048755e-01	4.5741221313e+00
9.8007296875e-01	4.5741228448e+00
9.8007553582e-01	4.5741275760e+00
9.8007817289e-01	4.5741356703e+00
9.8008091080e-01	4.5741458200e+00
9.8008369268e-01	4.5741581924e+00
9.8008651251e-01	4.5741725854e+00
9.8008936612e-01	4.5741888308e+00
9.8009226992e-01	4.5742059664e+00
9.8009520964e-01	4.5742240801e+00
9.8009817146e-01	4.5742435407e+00
9.8010115399e-01	4.5742642872e+00
9.8010415609e-01	4.5742862641e+00
9.8010343481e-01	4.5744044202e+00
9.8017908206e-01	4.5745369876e+00
9.8026687534e-01	4.5746813403e+00
9.8035459567e-01	4.5748359695e+00
9.8044221455e-01	4.5750000703e+00
9.8052971399e-01	4.5751731259e+00
9.8061705960e-01	4.5753546392e+00
9.8070425225e-01	4.5755413336e+00
9.8079134268e-01	4.5757243452e+00
9.8087846444e-01	4.5759035078e+00
9.8096564844e-01	4.5760797329e+00
9.8105307498e-01	4.5762543669e+00
9.8113783197e-01	4.5764229394e+00
9.8120245357e-01	4.5765516450e+00
9.8125470646e-01	4.5766564542e+00
9.8129916073e-01	4.5767467863e+00
9.8133735622e-01	4.5768258444e+00
9.8136846390e-01	4.5768914377e+00
9.8139504136e-01	4.5769493279e+00
9.8141765901e-01	4.5770008855e+00
9.8143665851e-01	4.5770468611e+00
9.8145177145e-01	4.5770856694e+00
9.8146427786e-01	4.5771204970e+00
9.8147460774e-01	4.5771522880e+00
9.8148302553e-01	4.5771814916e+00
9.8148966883e-01	4.5772075279e+00
9.8149489057e-01	4.5772310284e+00
9.8149895557e-01	4.5772531265e+00
9.8150197685e-01	4.5772739996e+00
9.8150405140e-01	4.5772937942e+00
9.8148790163e-01	4.5773749432e+00
9.8153623440e-01	4.5774387198e+00
9.8159023030e-01	4.5774913797e+00
9.8163803522e-01	4.5775362660e+00
9.8168101543e-01	4.5775753918e+00
9.8172007388e-01	4.5776100698e+00
9.8175582853e-01	4.5776412178e+00
9.8178870632e-01	4.5776695115e+00
9.8181902449e-01	4.5776954501e+00
9.8184701552e-01	4.5777194183e+00
9.8186648750e-01	4.5777417807e+00
9.8186474989e-01	4.5777629261e+00
9.8186159925e-01	4.5777842133e+00
9.8185694203e-01	4.5778056610e+00
9.8185066855e-01	4.5778272747e+00
9.8184264224e-01	4.5778490340e+00
9.8183265485e-01	4.5778708675e+00
9.8182030590e-01	4.5778926084e+00
9.8180481667e-01	4.5779140112e+00
9.8178291253e-01	4.5779357136e+00
9.8177802000e-01	4.5779461306e+00
9.8178201256e-01	4.5779382797e+00
9.8177374281e-01	4.5778881864e+00
9.8169068621e-01	4.5772225514e+00
9.8160104881e-01	4.5765411275e+00
9.8151081213e-01	4.5759846239e+00
9.8142135558e-01	4.5755624786e+00
9.8133228822e-01	4.5752732743e+00
9.8124324866e-01	4.5751305896e+00
9.8115409059e-01	4.5751751481e+00
9.8106483818e-01	4.5754720516e+00
9.8097561706e-01	4.5761011741e+00
9.8088658799e-01	4.5771405676e+00
9.8079788555e-01	4.5786429700e+00
9.8070955610e-01	4.5806193180e+00
9.8062152287e-01	4.5830692621e+00
9.8053386176e-01	4.5859381683e+00
9.8044625441e-01	4.5892105699e+00
9.8035862705e-01	4.5930566887e+00
9.8027123889e-01	4.5977721839e+00
9.8019037491e-01	4.6036182031e+00
9.8019456772e-01	4.6110997821e+00
9.8019247094e-01	4.6134607107e+00
9.8019012312e-01	4.6153912795e+00
9.8019207307e-01	4.6164926042e+00
9.8019526350e-01	4.6165319620e+00
9.8019688831e-01	4.6167287434e+00
9.8026373391e-01	4.6169314803e+00
9.8035163803e-01	4.6171408937e+00
9.8043933073e-01	4.6173502788e+00
9.8052684722e-01	4.6175546804e+00
9.8061425859e-01	4.6177549843e+00
9.8070167973e-01	4.6179524575e+00
9.8078927058e-01	4.6181486952e+00
9.8087725584e-01	4.6183457258e+00
9.8096594714e-01	4.6185462171e+00
9.8105210304e-01	4.6187539558e+00
9.8113714388e-01	4.6189764329e+00
9.8126049969e-01	4.6192513360e+00
9.8137720737e-01	4.6194300330e+00
9.8146038893e-01	4.6195489889e+00
9.8152607866e-01	4.6196379919e+00
9.8158098695e-01	4.6197091984e+00
9.8162845425e-01	4.6197686290e+00
9.8167035073e-01	4.6198197154e+00
9.8170782376e-01	4.6198645792e+00
9.8174162371e-01	4.6199046193e+00
9.8175090560e-01	4.6199417473e+00
9.8174794525e-01	4.6199771106e+00
9.8174336694e-01	4.6200127056e+00
9.8173700196e-01	4.6200484973e+00
9.8172864355e-01	4.6200843597e+00
9.8171803075e-01	4.6201199855e+00
9.8170486471e-01	4.6201547328e+00
9.8168808396e-01	4.6201876479e+00
9.8166241349e-01	4.6202173296e+00
9.8167116989e-01	4.6202109677e+00
9.8165653794e-01	4.6200832405e+00
9.8157050040e-01	4.6194200988e+00
9.8148098085e-01	4.6188894062e+00
9.8139160475e-01	4.6185122551e+00
9.8130248559e-01	4.6182885089e+00
9.8121332117e-01	4.6182498067e+00
9.8112403818e-01	4.6184573459e+00
9.8103468930e-01	4.6189921432e+00
9.8094539595e-01	4.6199392806e+00
9.8085629617e-01	4.6213644347e+00
9.8076745898e-01	4.6232913897e+00
9.8067883150e-01	4.6257153151e+00
9.8059013353e-01	4.6286147666e+00
9.8048666302e-01	4.6319233812e+00
9.8036680914e-01	4.6357650747e+00
9.8022260977e-01	4.6404421890e+00
9.8007085711e-01	4.6433287513e+00
9.8000990184e-01	4.6432343387e+00
9.7994914560e-01	4.6430937217e+00
9.7988772272e-01	4.6429043163e+00
9.7982619603e-01	4.6426725053e+00
9.7976370115e-01	4.6424060525e+00
9.7970095885e-01	4.6421113566e+00
9.7963760974e-01	4.6417932406e+00
9.7957256033e-01	4.6414553128e+00
9.7950689812e-01	4.6411003190e+00
9.7944034741e-01	4.6407304049e+00
9.7937320023e-01	4.6403472862e+00
9.7930581909e-01	4.6399523668e+00
9.7923756604e-01	4.6395468191e+00
9.7916762063e-01	4.6391316378e+00
9.7909716580e-01	4.6387076785e+00
9.7902597391e-01	4.6382756906e+00
9.7895370577e-01	4.6378363369e+00
9.7887990266e-01	4.6373902126e+00
9.7880401801e-01	4.6369378569e+00
9.7872753210e-01	4.6364797627e+00
9.7865077777e-01	4.6360163869e+00
9.7857375365e-01	4.6355481576e+00
9.7849645827e-01	4.6350754789e+00
9.7841889034e-01	4.6345987357e+00
9.7834104844e-01	4.6341182953e+00
9.7826293117e-01	4.6336345094e+00
9.7818453719e-01	4.6331477146e+00
9.7810585556e-01	4.6326582278e+00
9.7802687636e-01	4.6321663455e+00
9.7794759913e-01	4.6316723342e+00
9.7786803010e-01	4.6311764228e+00
9.7778817169e-01	4.6306787872e+00
9.7770802057e-01	4.6301795326e+00
9.7762757819e-01	4.6296786726e+00
9.7754684202e-01	4.6291761053e+00
9.7746581161e-01	4.6286715835e+00
9.7738448375e-01	4.6281646830e+00
9.7730286061e-01	4.6276547727e+00
9.7722093342e-01	4.6271409834e+00
9.7713870824e-01	4.6266221909e+00
9.7705617670e-01	4.6260969968e+00
9.7697334023e-01	4.6255637302e+00
9.7689019758e-01	4.6250204603e+00
9.7680674058e-01	4.6244650183e+00
9.7672297511e-01	4.6238950435e+00
9.7663888965e-01	4.6233080326e+00
9.7655448978e-01	4.6227014061e+00
9.7646976663e-01	4.6220725704e+00
9.7638472255e-01	4.6214190006e+00
9.7629934964e-01	4.6207383150e+00
9.7621365058e-01	4.6200283538e+00
9.7612761729e-01	4.6192872712e+00
9.7604124740e-01	4.6185136077e+00
9.7595453680e-01	4.6177063650e+00
9.7586747765e-01	4.6168650688e+00
9.7578006236e-01	4.6159897933e+00
9.7569229116e-01	4.6150811734e+00
9.7560418724e-01	4.6141403798e+00
9.7551574950e-01	4.6131690678e+00
9.7542697651e-01	4.6121692981e+00
9.7533786684e-01	4.6111434443e+00
9.7524841905e-01	4.6100940961e+00
9.7515863171e-01	4.6090239631e+00
9.7506850326e-01	4.6079357864e+00
9.7497803221e-01	4.6068322639e+00
9.7488721697e-01	4.6057159910e+00
9.7479605577e-01	4.6045894158e+00
9.7470454664e-01	4.6034548115e+00
9.7461268753e-01	4.6023142572e+00
9.7452047665e-01	4.6011696314e+00
9.7442791206e-01	4.6000226248e+00
9.7433499191e-01	4.5988642094e+00
9.7424171426e-01	4.5977021860e+00
9.7414807719e-01	4.5965418319e+00
9.7405407870e-01	4.5953841995e+00
9.7395971679e-01	4.5942302165e+00
9.7386498939e-01	4.5930807018e+00
9.7376989457e-01	4.5919363817e+00
9.7367443023e-01	4.5907978773e+00
9.7357859417e-01	4.5896654910e+00
9.7348238324e-01	4.5885367663e+00
9.7338578406e-01	4.5873801312e+00
9.7328921991e-01	4.5858551258e+00
9.7328742015e-01	4.5808682218e+00
9.7328311056e-01	4.5775453923e+00
9.7327915014e-01	4.5758073914e+00
9.7327526360e-01	4.5746340135e+00
9.7327143004e-01	4.5739330770e+00
9.7326762429e-01	4.5735090866e+00
9.7326382986e-01	4.5732227413e+00
9.7326003891e-01	4.5730075865e+00
9.7325624261e-01	4.5728278177e+00
9.7325242968e-01	4.5726685381e+00
9.7324857422e-01	4.5725161995e+00
9.7324464833e-01	4.5723802015e+00
9.7324059439e-01	4.5722629731e+00
9.7323630520e-01	4.5721714286e+00
9.7323151402e-01	4.5721212463e+00
9.7322585545e-01	4.5721559736e+00
9.7321863145e-01	4.5723439439e+00
9.7320839906e-01	4.5728348314e+00
9.7319165616e-01	4.5740262229e+00
9.7317286395e-01	4.5757314018e+00
9.7317491755e-01	4.5779937550e+00
9.7318118870e-01	4.5811313549e+00
9.7319030154e-01	4.5862012584e+00
9.7319409326e-01	4.5909084693e+00
9.7319532216e-01	4.5943569346e+00
9.7319879415e-01	4.5951475890e+00
9.7320202287e-01	4.5951956369e+00
9.7320289622e-01	4.5954354010e+00
9.7327600168e-01	4.5956835809e+00
9.7336415177e-01	4.5959409156e+00
9.7345211522e-01	4.5961974522e+00
9.7353993481e-01	4.5964494320e+00
9.7362771292e-01	4.5966983605e+00
9.7371561206e-01	4.5969464087e+00
9.7380386888e-01	4.5971965071e+00
9.7389246749e-01	4.5974527764e+00
9.7397821947e-01	4.5977214396e+00
9.7406373309e-01	4.5980137003e+00
9.7419237962e-01	4.5983704048e+00
9.7431558611e-01	4.5986226144e+00
9.7440190870e-01	4.5987889608e+00
9.7446877410e-01	4.5989116401e+00
9.7452388462e-01	4.5990089617e+00
9.7457102765e-01	4.5990899267e+00
9.7461228455e-01	4.5991595372e+00
9.7464889166e-01	4.5992208801e+00
9.7467475409e-01	4.5992761541e+00
9.7467148505e-01	4.5993272935e+00
9.7466620118e-01	4.5993796524e+00
9.7465862475e-01	4.5994336402e+00
9.7464845285e-01	4.5994898007e+00
9.7463518342e-01	4.5995488982e+00
9.7461769895e-01	4.5996122153e+00
9.7459867444e-01	4.5996691215e+00
9.7458063218e-01	4.5997156252e+00
9.7456409081e-01	4.5997545574e+00
9.7454887292e-01	4.5997888563e+00
9.7454277962e-01	4.5998213934e+00
9.7453885280e-01	4.5998528897e+00
9.7453229791e-01	4.5998837841e+00
9.7446734819e-01	4.6000255915e+00
9.7446727731e-01	4.6001623398e+00
9.7447740241e-01	4.6002989769e+00
9.7448405333e-01	4.6004378126e+00
9.7448800088e-01	4.6005776844e+00
9.7448973113e-01	4.6007196228e+00
9.7448943961e-01	4.6008648007e+00
9.7448705293e-01	4.6010142984e+00
9.7448245217e-01	4.6011679229e+00
9.7447543084e-01	4.6013245884e+00
9.7446552378e-01	4.6014846966e+00
9.7445198109e-01	4.6016478881e+00
9.7443363421e-01	4.6018119598e+00
9.7440761435e-01	4.6019732974e+00
9.7436777889e-01	4.6021356151e+00
9.7427865083e-01	4.6022548052e+00
9.7424341224e-01	4.6023865661e+00
9.7430908644e-01	4.6024779297e+00
9.7437550789e-01	4.6025841301e+00
9.7444299251e-01	4.6027019289e+00
9.7451137862e-01	4.6028305409e+00
9.7458052501e-01	4.6029701922e+00
9.7465038864e-01	4.6031223347e+00
9.7472121353e-01	4.6032902482e+00
9.7479413342e-01	4.6034804722e+00
9.7488141011e-01	4.6037071179e+00
9.7504622756e-01	4.6040235457e+00
9.7522927279e-01	4.6043587026e+00
9.7533843055e-01	4.6045457901e+00
9.7539653922e-01	4.6046379377e+00
9.7543369191e-01	4.6046834995e+00
9.7546125014e-01	4.6046736549e+00
9.7557366622e-01	4.6021357363e+00
9.7544642320e-01	4.5978814771e+00
9.7527398456e-01	4.5953131590e+00
9.7510025687e-01	4.5942842018e+00
9.7492508704e-01	4.5947617260e+00
9.7475746871e-01	4.5968945720e+00
9.7459921372e-01	4.6006669122e+00
9.7445013726e-01	4.6058244784e+00
9.7431264780e-01	4.6120028887e+00
9.7419149777e-01	4.6187146448e+00
9.7408287419e-01	4.6256538617e+00
9.7396945440e-01	4.6324218924e+00
9.7382604456e-01	4.6387580069e+00
9.7364631584e-01	4.6433248980e+00
9.7358410194e-01	4.6432115710e+00
9.7352198213e-01	4.6430461159e+00
9.7345913846e-01	4.6428275936e+00
9.7339604115e-01	4.6425644342e+00
9.7333199340e-01	4.6422655973e+00
9.7326777642e-01	4.6419380560e+00
9.7320228707e-01	4.6415869032e+00
9.7313521607e-01	4.6412158776e+00
9.7306772658e-01	4.6408277945e+00
9.7299911567e-01	4.6404248403e+00
9.7293026520e-01	4.6400087559e+00
9.7286087000e-01	4.6395809632e+00
9.7278973360e-01	4.6391426480e+00
9.7271768829e-01	4.6386948132e+00
9.7264509745e-01	4.6382383236e+00
9.7257133219e-01	4.6377739359e+00
9.7249590843e-01	4.6373023198e+00
9.7241829721e-01	4.6368240759e+00
9.7233998355e-01	4.6363397460e+00
9.7226139515e-01	4.6358498290e+00
9.7218253060e-01	4.6353547874e+00
9.7210338851e-01	4.6348550542e+00
9.7202396745e-01	4.6343510386e+00
9.7194426600e-01	4.6338431298e+00
9.7186428264e-01	4.6333316993e+00
9.7178401487e-01	4.6328171043e+00
9.7170344416e-01	4.6322996841e+00
9.7162256112e-01	4.6317797604e+00
9.7154137134e-01	4.6312576312e+00
9.7145988094e-01	4.6307335640e+00
9.7137809174e-01	4.6302077855e+00
9.7129600592e-01	4.6296804666e+00
9.7121361519e-01	4.6291517057e+00
9.7113092757e-01	4.6286215017e+00
9.7104793228e-01	4.6280897330e+00
9.7096463759e-01	4.6275561223e+00
9.7088103117e-01	4.6270202080e+00
9.7079712054e-01	4.6264813093e+00
9.7071289856e-01	4.6259384987e+00
9.7062836368e-01	4.6253905757e+00
9.7054351798e-01	4.6248360602e+00
9.7045834964e-01	4.6242731866e+00
9.7037286769e-01	4.6236999198e+00
9.7028705832e-01	4.6231139859e+00
9.7020092805e-01	4.6225129196e+00
9.7011446664e-01	4.6218941222e+00
9.7002767703e-01	4.6212549300e+00
9.6994054913e-01	4.6205926980e+00
9.6985308690e-01	4.6199048754e+00
9.6976528087e-01	4.6191890994e+00
9.6967712673e-01	4.6184432838e+00
9.6958862046e-01	4.6176657074e+00
9.6949975011e-01	4.6168550947e+00
9.6941050831e-01	4.6160106917e+00
9.6932089928e-01	4.6151323009e+00
9.6923095020e-01	4.6142203159e+00
9.6914065961e-01	4.6132756919e+00
9.6905002659e-01	4.6122999183e+00
9.6895904975e-01	4.6112949331e+00
9.6886772783e-01	4.6102630413e+00
9.6877605953e-01	4.6092068077e+00
9.6868404342e-01	4.6081289548e+00
9.6859167817e-01	4.6070322669e+00
9.6849896229e-01	4.6059195055e+00
9.6840589409e-01	4.6047933411e+00
9.6831247160e-01	4.6036563014e+00
9.6821869263e-01	4.6025107336e+00
9.6812455554e-01	4.6013587862e+00
9.6803005852e-01	4.6002024046e+00
9.6793519958e-01	4.5990348433e+00
9.6783997683e-01	4.5978598547e+00
9.6774438832e-01	4.5966850939e+00
9.6764843203e-01	4.5955117722e+00
9.6755210598e-01	4.5943409512e+00
9.6745540811e-01	4.5931735605e+00
9.6735833623e-01	4.5920104142e+00
9.6726088854e-01	4.5908522335e+00
9.6716306278e-01	4.5896996496e+00
9.6706485674e-01	4.5885532019e+00
9.6696626832e-01	4.5874131276e+00
9.6686729400e-01	4.5862769708e+00
9.6676791806e-01	4.5851138156e+00
9.6666799969e-01	4.5835906493e+00
9.6666515602e-01	4.5786823518e+00
9.6666055907e-01	4.5753235799e+00
9.6665641507e-01	4.5736594366e+00
9.6665235736e-01	4.5725473897e+00
9.6664836092e-01	4.5718830325e+00
9.6664439630e-01	4.5714750636e+00
9.6664044612e-01	4.5711935076e+00
9.6663650506e-01	4.5709778308e+00
9.6663256653e-01	4.5707957502e+00
9.6662862304e-01	4.5706330171e+00
9.6662465841e-01	4.5704774174e+00
9.6662066229e-01	4.5703384043e+00
9.6661660590e-01	4.5702188938e+00
9.6661243373e-01	4.5701262106e+00
9.6660801443e-01	4.5700786557e+00
9.6660317510e-01	4.5701225122e+00
9.6659767242e-01	4.5703320825e+00
9.6659078153e-01	4.5708825017e+00
9.6658305422e-01	4.5718947264e+00
9.6657634441e-01	4.5731213810e+00
9.6657044710e-01	4.5745565790e+00
9.6656552917e-01	4.5761888683e+00
9.6656111965e-01	4.5781747491e+00
9.6655720544e-01	4.5806508332e+00
9.6654012153e-01	4.5837676540e+00
9.6650739390e-01	4.5877281630e+00
9.6646318939e-01	4.5935490846e+00
9.6639929299e-01	4.6028925634e+00
9.6630891751e-01	4.6179679068e+00
9.6619693252e-01	4.6389954703e+00
9.6610744770e-01	4.6433162651e+00
9.6604392722e-01	4.6431822009e+00
9.6598032349e-01	4.6429900478e+00
9.6591607734e-01	4.6427409775e+00
9.6585125837e-01	4.6424454920e+00
9.6578570990e-01	4.6421136157e+00
9.6571973491e-01	4.6417527826e+00
9.6565188323e-01	4.6413682819e+00
9.6558315296e-01	4.6409639385e+00
9.6551342354e-01	4.6405426125e+00
9.6544308229e-01	4.6401065125e+00
9.6537249112e-01	4.6396573948e+00
9.6530037671e-01	4.6391966929e+00
9.6522672177e-01	4.6387255983e+00
9.6515280149e-01	4.6382451206e+00
9.6507738988e-01	4.6377561305e+00
9.6500058193e-01	4.6372593889e+00
9.6492142488e-01	4.6367555703e+00
9.6484126818e-01	4.6362452766e+00
9.6476083039e-01	4.6357290546e+00
9.6468011021e-01	4.6352074076e+00
9.6459910617e-01	4.6346808016e+00
9.6451781681e-01	4.6341496736e+00
9.6443624065e-01	4.6336144363e+00
9.6435437631e-01	4.6330754834e+00
9.6427221865e-01	4.6325331898e+00
9.6418974084e-01	4.6319879173e+00
9.6410693570e-01	4.6314400068e+00
9.6402381259e-01	4.6308897830e+00
9.6394038311e-01	4.6303375453e+00
9.6385664269e-01	4.6297835614e+00
9.6377259621e-01	4.6292280557e+00
9.6368824133e-01	4.6286711941e+00
9.6360357492e-01	4.6281130649e+00
9.6351859876e-01	4.6275536542e+00
9.6343330873e-01	4.6269928190e+00
9.6334770335e-01	4.6264302527e+00
9.6326178436e-01	4.6258654569e+00
9.6317554159e-01	4.6252976990e+00
9.6308898529e-01	4.6247259935e+00
9.6300209686e-01	4.6241490715e+00
9.6291488886e-01	4.6235653639e+00
9.6282734808e-01	4.6229730160e+00
9.6273947858e-01	4.6223698949e+00
9.6265127190e-01	4.6217536243e+00
9.6256272874e-01	4.6211216402e+00
9.6247383922e-01	4.6204712537e+00
9.6238460712e-01	4.6197997311e+00
9.6229502029e-01	4.6191043814e+00
9.6220507525e-01	4.6183826468e+00
9.6211476587e-01	4.6176321971e+00
9.6202407749e-01	4.6168510299e+00
9.6193300056e-01	4.6160375681e+00
9.6184154116e-01	4.6151907324e+00
9.6174973338e-01	4.6143100083e+00
9.6165757648e-01	4.6133954838e+00
9.6156506924e-01	4.6124478480e+00
9.6147221062e-01	4.6114683582e+00
9.6137899956e-01	4.6104587834e+00
9.6128543495e-01	4.6094213117e+00
9.6119151558e-01	4.6083584514e+00
9.6109724013e-01	4.6072729154e+00
9.6100260753e-01	4.6061675246e+00
9.6090761607e-01	4.6050451037e+00
9.6081226423e-01	4.6039084116e+00
9.6071654965e-01	4.6027600679e+00
9.6062047064e-01	4.6016025167e+00
9.6052402523e-01	4.6004379986e+00
9.6042721179e-01	4.5992628150e+00
9.6033002824e-01	4.5980753252e+00
9.6023247285e-01	4.5968863191e+00
9.6013454350e-01	4.5956972244e+00
9.6003623823e-01	4.5945092905e+00
9.5993755485e-01	4.5933236037e+00
9.5983849150e-01	4.5921411123e+00
9.5973904596e-01	4.5909626393e+00
9.5963921604e-01	4.5897889034e+00
9.5953899975e-01	4.5886205382e+00
9.5943839483e-01	4.5874580987e+00
9.5933739901e-01	4.5863020553e+00
9.5923601009e-01	4.5851525817e+00
9.5913422420e-01	4.5840071336e+00
9.5903202241e-01	4.5828343731e+00
9.5892923317e-01	4.5812972805e+00
9.5892605590e-01	4.5763613342e+00
9.5892118512e-01	4.5730876763e+00
9.5891684924e-01	4.5714887686e+00
9.5891261392e-01	4.5704299585e+00
9.5890844994e-01	4.5697966312e+00
9.5890432375e-01	4.5694015709e+00
9.5890021893e-01	4.5691232935e+00
9.5889613533e-01	4.5689064405e+00
9.5889207291e-01	4.5687216981e+00
9.5888803613e-01	4.5685552516e+00
9.5888403767e-01	4.5683962118e+00
9.5888011148e-01	4.5682540644e+00
9.5887630765e-01	4.5681322232e+00
9.5887272410e-01	4.5680384666e+00
9.5886958379e-01	4.5679938809e+00
9.5886722143e-01	4.5680477185e+00
9.5886624042e-01	4.5682807642e+00
9.5886793181e-01	4.5688793828e+00
9.5887425384e-01	4.5702268951e+00
9.5888644060e-01	4.5729102296e+00
9.5890194994e-01	4.5773231819e+00
9.5891805028e-01	4.5845088652e+00
9.5893101589e-01	4.5962044361e+00
9.5893434095e-01	4.6151678463e+00
9.5872690711e-01	4.6433312953e+00
9.5866206550e-01	4.6431850538e+00
9.5859709256e-01	4.6429768228e+00
9.5853142004e-01	4.6427064182e+00
9.5846507601e-01	4.6423858578e+00
9.5839802782e-01	4.6420266514e+00
9.5833035507e-01	4.6416371399e+00
9.5826059972e-01	4.6412231213e+00
9.5819022373e-01	4.6407887145e+00
9.5811849302e-01	4.6403369611e+00
9.5804643885e-01	4.6398701873e+00
9.5797379539e-01	4.6393902312e+00
9.5789916457e-01	4.6388985856e+00
9.5782366503e-01	4.6383964853e+00
9.5774725893e-01	4.6378849747e+00
9.5766940247e-01	4.6373649518e+00
9.5758954707e-01	4.6368371995e+00
9.5750758670e-01	4.6363024086e+00
9.5742533918e-01	4.6357611955e+00
9.5734280312e-01	4.6352141206e+00
9.5725997707e-01	4.6346616973e+00
9.5717685958e-01	4.6341044010e+00
9.5709344912e-01	4.6335426767e+00
9.5700974430e-01	4.6329769453e+00
9.5692574092e-01	4.6324076063e+00
9.5684140559e-01	4.6318350426e+00
9.5675672527e-01	4.6312596184e+00
9.5667171317e-01	4.6306816832e+00
9.5658638506e-01	4.6301015679e+00
9.5650073772e-01	4.6295195764e+00
9.5641477332e-01	4.6289359828e+00
9.5632849536e-01	4.6283510213e+00
9.5624189299e-01	4.6277648633e+00
9.5615497722e-01	4.6271776035e+00
9.5606773271e-01	4.6265892355e+00
9.5598017110e-01	4.6259996243e+00
9.5589228030e-01	4.6254084698e+00
9.5580406484e-01	4.6248152749e+00
9.5571552003e-01	4.6242193093e+00
9.5562664088e-01	4.6236195799e+00
9.5553743137e-01	4.6230147997e+00
9.5544787821e-01	4.6224033830e+00
9.5535799042e-01	4.6217834378e+00
9.5526775117e-01	4.6211527845e+00
9.5517716698e-01	4.6205089945e+00
9.5508622914e-01	4.6198494413e+00
9.5499492853e-01	4.6191713696e+00
9.5490326391e-01	4.6184719809e+00
9.5481122424e-01	4.6177485276e+00
9.5471879868e-01	4.6169984113e+00
9.5462596733e-01	4.6162192950e+00
9.5453272940e-01	4.6154091975e+00
9.5443912999e-01	4.6145665961e+00
9.5434517321e-01	4.6136905075e+00
9.5425085781e-01	4.6127805436e+00
9.5415618329e-01	4.6118369482e+00
9.5406114853e-01	4.6108605787e+00
9.5396575262e-01	4.6098528672e+00
9.5386999444e-01	4.6088157494e+00
9.5377387342e-01	4.6077515683e+00
9.5367738834e-01	4.6066629565e+00
9.5358053783e-01	4.6055527245e+00
9.5348332058e-01	4.6044237529e+00
9.5338573408e-01	4.6032788955e+00
9.5328777699e-01	4.6021209087e+00
9.5318944750e-01	4.6009523804e+00
9.5309074374e-01	4.5997757163e+00
9.5299166384e-01	4.5985786422e+00
9.5289220603e-01	4.5973769215e+00
9.5279236835e-01	4.5961729142e+00
9.5269214891e-01	4.5949681608e+00
9.5259154556e-01	4.5937640005e+00
9.5249055622e-01	4.5925615957e+00
9.5238917878e-01	4.5913619512e+00
9.5228741110e-01	4.5901659355e+00
9.5218525102e-01	4.5889743006e+00
9.5208269635e-01	4.5877877003e+00
9.5197974487e-01	4.5866067064e+00
9.5187639434e-01	4.5854318217e+00
9.5177264241e-01	4.5842634770e+00
9.5166848686e-01	4.5831018961e+00
9.5156392400e-01	4.5819454937e+00
9.5145893883e-01	4.5807736384e+00
9.5135339548e-01	4.5793625767e+00
9.5133150697e-01	4.5755312205e+00
9.5132568826e-01	4.5708363004e+00
9.5132115735e-01	4.5692955496e+00
9.5131673760e-01	4.5682833309e+00
9.5131239497e-01	4.5676764876e+00
9.5130809015e-01	4.5672917874e+00
9.5130380428e-01	4.5670155544e+00
9.5129953616e-01	4.5667969780e+00
9.5129528163e-01	4.5666092684e+00
9.5129103641e-01	4.5664388706e+00
9.5128679528e-01	4.5662762320e+00
9.5128257179e-01	4.5661308538e+00
9.5127837286e-01	4.5660066683e+00
9.5127420966e-01	4.5659119702e+00
9.5127011149e-01	4.5658708310e+00
9.5126614067e-01	4.5659357619e+00
9.5126240106e-01	4.5661946607e+00
9.5125913935e-01	4.5668566355e+00
9.5125683703e-01	4.5683312386e+00
9.5125631649e-01	4.5710243954e+00
9.5125813715e-01	4.5754530218e+00
9.5126424067e-01	4.5826705626e+00
9.5128188025e-01	4.5944368020e+00
9.5130632051e-01	4.6135776812e+00
9.5113482875e-01	4.6433284119e+00
9.5106863334e-01	4.6431607635e+00
9.5100214086e-01	4.6429254780e+00
9.5093500419e-01	4.6426242457e+00
9.5086691529e-01	4.6422711870e+00
9.5079830993e-01	4.6418788521e+00
9.5072858375e-01	4.6414560060e+00
9.5065674622e-01	4.6410086172e+00
9.5058425044e-01	4.6405408793e+00
9.5051068116e-01	4.6400558702e+00
9.5043684703e-01	4.6395559377e+00
9.5036159623e-01	4.6390429356e+00
9.5028446330e-01	4.6385183654e+00
9.5020691054e-01	4.6379834692e+00
9.5012784262e-01	4.6374392989e+00
9.5004679028e-01	4.6368867584e+00
9.4996321025e-01	4.6363266350e+00
9.4987909604e-01	4.6357596210e+00
9.4979468690e-01	4.6400666056e+00
9.5275122176e-01	4.6351533733e+00
9.5265820846e-01	4.6343412186e+00
9.5256036298e-01	4.6332956327e+00
9.5245666640e-01	4.6320870667e+00
9.5234568393e-01	4.6307783396e+00
9.5222537921e-01	4.6293943660e+00
9.5209296535e-01	4.6279275683e+00
9.5194413660e-01	4.6263447055e+00
9.5179360426e-01	4.6248026110e+00
9.5166056425e-01	4.6234799201e+00
9.5153919536e-01	4.6223006950e+00
9.5142616411e-01	4.6212227055e+00
9.5131935071e-01	4.6202198990e+00
9.5121733600e-01	4.6192750131e+00
9.5111910924e-01	4.6183760030e+00
9.5102391280e-01	4.6175141288e+00
9.5093117754e-01	4.6166828519e+00
9.5084046067e-01	4.6158771659e+00
9.5075140295e-01	4.6150931572e+00
9.5066370946e-01	4.6143277194e+00
9.5057712393e-01	4.6135783485e+00
9.5049143679e-01	4.6128429955e+00
9.5040655365e-01	4.6121199632e+00
9.5032234950e-01	4.6114078121e+00
9.5023870518e-01	4.6107052907e+00
9.5015551808e-01	4.6100112749e+00
9.5007269830e-01	4.6093247036e+00
9.4999016745e-01	4.6086445334e+00
9.4990785620e-01	4.6079696809e+00
9.4982570336e-01	4.6072989739e+00
9.4974365411e-01	4.6066310994e+00
9.4966165940e-01	4.6059645612e+00
9.4957967545e-01	4.6052976426e+00
9.4949766272e-01	4.6046283821e+00
9.4941558600e-01	4.6039545572e+00
9.4933341451e-01	4.6032737001e+00
9.4925112043e-01	4.6025831146e+00
9.4916867936e-01	4.6018799347e+00
9.4908607006e-01	4.6011608135e+00
9.4900327410e-01	4.6004140833e+00
9.4892027555e-01	4.5996455695e+00
9.4883706075e-01	4.5988524727e+00
9.4875361784e-01	4.5980322741e+00
9.4866993712e-01	4.5971828501e+00
9.4858600975e-01	4.5963025601e+00
9.4850182818e-01	4.5953903349e+00
9.4841738569e-01	4.5944457312e+00
9.4833267624e-01	4.5934689554e+00
9.4824769428e-01	4.5924608502e+00
9.4816243447e-01	4.5914228401e+00
9.4807689205e-01	4.5903568584e+00
9.4799106245e-01	4.5892652381e+00
9.4790494099e-01	4.5881505897e+00
9.4781852329e-01	4.5870156878e+00
9.4773180507e-01	4.5858633625e+00
9.4764478220e-01	4.5846964016e+00
9.4755745067e-01	4.5835174761e+00
9.4746980661e-01	4.5823290858e+00
9.4738184626e-01	4.5811335236e+00
9.4729356602e-01	4.5799328574e+00
9.4720496243e-01	4.5787289251e+00
9.4711603206e-01	4.5775233401e+00
9.4702677193e-01	4.5763175102e+00
9.4693717889e-01	4.5751126477e+00
9.4684725001e-01	4.5739097961e+00
9.4675698247e-01	4.5727098504e+00
9.4666637352e-01	4.5719710631e+00
9.4630514341e-01	4.5713819875e+00
9.4621126327e-01	4.5701959871e+00
9.4611699062e-01	4.5690077607e+00
9.4602231602e-01	4.5678447620e+00
9.4592724407e-01	4.5667312366e+00
9.4583178153e-01	4.5656614356e+00
9.4573593268e-01	4.5646143226e+00
9.4563969379e-01	4.5635627814e+00
9.4554299323e-01	4.5623961050e+00
9.4549351528e-01	4.5600458089e+00
9.4548667456e-01	4.5538142987e+00
9.4548243644e-01	4.5523747831e+00
9.4547831031e-01	4.5514283952e+00
9.4547426061e-01	4.5508542494e+00
9.4547024373e-01	4.5504821912e+00
9.4546623720e-01	4.5502086688e+00
9.4546223790e-01	4.5499888070e+00
9.4545823269e-01	4.5497982298e+00
9.4545419850e-01	4.5496240051e+00
9.4545008746e-01	4.5494565155e+00
9.4544585720e-01	4.5493053267e+00
9.4544139068e-01	4.5491740967e+00
9.4543642494e-01	4.5490711097e+00
9.4543030152e-01	4.5490241761e+00
9.4542157289e-01	4.5491130207e+00
9.4540482701e-01	4.5496072165e+00
9.4535648877e-01	4.5518483448e+00
9.4529232664e-01	4.5556625935e+00
9.4521685806e-01	4.5613658593e+00
9.4516264753e-01	4.5685046397e+00
9.4518240240e-01	4.5776977724e+00
9.4518415006e-01	4.5799555402e+00
9.4518611956e-01	4.5823233318e+00
9.4518833104e-01	4.5848112099e+00
9.4519080847e-01	4.5874310709e+00
9.4519397678e-01	4.5903733820e+00
9.4519761663e-01	4.5935452828e+00
9.4520169310e-01	4.5969342080e+00
9.4520626243e-01	4.6005693380e+00
9.4521146950e-01	4.6046327872e+00
9.4521667020e-01	4.6091778431e+00
9.4522216257e-01	4.6141760548e+00
9.4522817090e-01	4.6198215335e+00
9.4523580300e-01	4.6278177059e+00
9.4517313824e-01	4.6407543943e+00
9.4504254571e-01	4.6457737101e+00
9.4497658117e-01	4.6455451366e+00
9.4490917933e-01	4.6452364938e+00
9.4484112394e-01	4.6448587819e+00
9.4477199807e-01	4.6444299746e+00
9.4470214009e-01	4.6439633161e+00
9.4463125965e-01	4.6434674421e+00
9.4455854423e-01	4.6429480908e+00
9.4448410474e-01	4.6424092720e+00
9.4440939362e-01	4.6418539306e+00
9.4433319962e-01	4.6412843256e+00
9.4425588384e-01	4.6407022460e+00
9.4417671789e-01	4.6401091482e+00
9.4409641921e-01	4.6395062426e+00
9.4401418458e-01	4.6388945567e+00
9.4392914463e-01	4.6382749761e+00
9.4384339446e-01	4.6376482718e+00
9.4375734477e-01	4.6370151285e+00
9.4367099404e-01	4.6363761610e+00
9.4358434090e-01	4.6357319291e+00
9.4349738374e-01	4.6350829460e+00
9.4341012108e-01	4.6344296896e+00
9.4332251685e-01	4.6337726081e+00
9.4323452333e-01	4.6331121248e+00
9.4314617666e-01	4.6324486450e+00
9.4305749348e-01	4.6317825552e+00
9.4296847938e-01	4.6311142244e+00
9.4287913026e-01	4.6304440033e+00
9.4278944611e-01	4.6297722247e+00
9.4269943412e-01	4.6290991907e+00
9.4260907742e-01	4.6284251659e+00
9.4251839533e-01	4.6277503668e+00
9.4242736147e-01	4.6270749415e+00
9.4233600031e-01	4.6263989428e+00
9.4224428269e-01	4.6257223084e+00
9.4215223433e-01	4.6250448202e+00
9.4205982279e-01	4.6243660732e+00
9.4196707200e-01	4.6236854329e+00
9.4187395626e-01	4.6230020019e+00
9.4178048452e-01	4.6223145812e+00
9.4168665201e-01	4.6216216559e+00
9.4159243914e-01	4.6209213653e+00
9.4149784566e-01	4.6202115352e+00
9.4140285699e-01	4.6194896901e+00
9.4130744940e-01	4.6187531056e+00
9.4121160254e-01	4.6179988892e+00
9.4111535606e-01	4.6172240719e+00
9.4101874385e-01	4.6164257153e+00
9.4092176378e-01	4.6156010399e+00
9.4082441382e-01	4.6147475440e+00
9.4072669234e-01	4.6138631296e+00
9.4062859836e-01	4.6129462183e+00
9.4053013063e-01	4.6119958360e+00
9.4043128829e-01	4.6110116822e+00
9.4033207066e-01	4.6099941456e+00
9.4023247725e-01	4.6089442926e+00
9.4013250751e-01	4.6078638103e+00
9.4003215971e-01	4.6067548890e+00
9.3993143256e-01	4.6056201297e+00
9.3983032470e-01	4.6044623907e+00
9.3972883517e-01	4.6032846779e+00
9.3962696218e-01	4.6020878329e+00
9.3952470468e-01	4.6008637697e+00
9.3942206086e-01	4.5996283761e+00
9.3931902900e-01	4.5983842728e+00
9.3921560729e-01	4.5971338372e+00
9.3911179381e-01	4.5958791887e+00
9.3900758659e-01	4.5946221894e+00
9.3890298358e-01	4.5933644552e+00
9.3879798273e-01	4.5921073754e+00
9.3869258189e-01	4.5908521343e+00
9.3858677887e-01	4.5895997373e+00
9.3848057148e-01	4.5883510355e+00
9.3837395733e-01	4.5871067486e+00
9.3826693441e-01	4.5858674922e+00
9.3815950028e-01	4.5846337893e+00
9.3805165263e-01	4.5834060929e+00
9.3794338910e-01	4.5821847986e+00
9.3783470723e-01	4.5809702537e+00
9.3772560481e-01	4.5797627490e+00
9.3761607909e-01	4.5785622879e+00
9.3750612530e-01	4.5773660990e+00
9.3739571572e-01	4.5761417556e+00
9.3728459761e-01	4.5745417279e+00
9.3727941419e-01	4.5695368518e+00
9.3727379471e-01	4.5664571028e+00
9.3726894460e-01	4.5650659489e+00
9.3726421511e-01	4.5641624302e+00
9.3725956735e-01	4.5636113134e+00
9.3725495578e-01	4.5632449922e+00
9.3725036264e-01	4.5629683984e+00
9.3724579203e-01	4.5627420361e+00
9.3724124091e-01	4.5625441726e+00
9.3723670410e-01	4.5623620911e+00
9.3723217902e-01	4.5621878981e+00
9.3722769288e-01	4.5620318040e+00
9.3722326719e-01	4.5618987326e+00
9.3721894078e-01	4.5617981221e+00
9.3721480845e-01	4.5617588437e+00
9.3721104334e-01	4.5618399838e+00
9.3720795607e-01	4.5621424310e+00
9.3720631817e-01	4.5629142415e+00
9.3720753979e-01	4.5646219631e+00
9.3721281671e-01	4.5674916365e+00
9.3722375808e-01	4.5722046080e+00
9.3724345577e-01	4.5798864865e+00
9.3727636710e-01	4.5924189142e+00
9.3732605894e-01	4.6128974072e+00
9.3718081909e-01	4.6458072111e+00
9.3711189337e-01	4.6455683995e+00
9.3704119731e-01	4.6452456202e+00
9.3696974797e-01	4.6448472156e+00
9.3689711800e-01	4.6443933128e+00
9.3682368084e-01	4.6438990333e+00
9.3674921052e-01	4.6433740587e+00
9.3667251374e-01	4.6428246873e+00
9.3659433910e-01	4.6422552449e+00
9.3651578017e-01	4.6416688716e+00
9.3643558992e-01	4.6410679551e+00
9.3635398005e-01	4.6404543730e+00
9.3627046915e-01	4.6398296468e+00
9.3618609139e-01	4.6391950349e+00
9.3609861360e-01	4.6385516042e+00
9.3600899984e-01	4.6379002684e+00
9.3591907310e-01	4.6372418211e+00
9.3582883201e-01	4.6365769677e+00
9.3573827501e-01	4.6359063384e+00
9.3564740040e-01	4.6352305045e+00
9.3555620678e-01	4.6345499917e+00
9.3546467881e-01	4.6338652850e+00
9.3537273850e-01	4.6331768420e+00
9.3528040227e-01	4.6324850924e+00
9.3518770799e-01	4.6317904460e+00
9.3509466460e-01	4.6310932941e+00
9.3500126247e-01	4.6303940127e+00
9.3490751298e-01	4.6296929601e+00
9.3481341498e-01	4.6289904718e+00
9.3471895658e-01	4.6282868566e+00
9.3462415524e-01	4.6275823897e+00
9.3452898314e-01	4.6268772964e+00
9.3443346827e-01	4.6261717352e+00
9.3433757637e-01	4.6254657754e+00
9.3424133609e-01	4.6247593709e+00
9.3414471757e-01	4.6240523222e+00
9.3404773673e-01	4.6233442437e+00
9.3395037964e-01	4.6226345268e+00
9.3385263901e-01	4.6219222933e+00
9.3375451694e-01	4.6212063665e+00
9.3365599956e-01	4.6204852408e+00
9.3355707184e-01	4.6197570678e+00
9.3345771891e-01	4.6190196661e+00
9.3335791347e-01	4.6182705384e+00
9.3325764442e-01	4.6175069348e+00
9.3315698607e-01	4.6167259222e+00
9.3305594668e-01	4.6159244833e+00
9.3295452308e-01	4.6150996248e+00
9.3285271244e-01	4.6142485084e+00
9.3275051330e-01	4.6133685923e+00
9.3264792367e-01	4.6124577456e+00
9.3254494202e-01	4.6115143750e+00
9.3244156788e-01	4.6105375258e+00
9.3233780018e-01	4.6095269308e+00
9.3223363830e-01	4.6084830459e+00
9.3212908199e-01	4.6074070091e+00
9.3202412873e-01	4.6063005848e+00
9.3191877780e-01	4.6051660622e+00
9.3181302849e-01	4.6040061183e+00
9.3170687933e-01	4.6028236931e+00
9.3160032914e-01	4.6016135722e+00
9.3149337623e-01	4.6003798595e+00
9.3138601969e-01	4.5991326229e+00
9.3127825732e-01	4.5978746949e+00
9.3117008751e-01	4.5966086886e+00
9.3106150852e-01	4.5953369600e+00
9.3095251803e-01	4.5940615913e+00
9.3084311427e-01	4.5927844065e+00
9.3073329496e-01	4.5915069735e+00
9.3062305786e-01	4.5902306316e+00
9.3051240076e-01	4.5889565157e+00
9.3040132135e-01	4.5876855814e+00
9.3028981727e-01	4.5864186322e+00
9.3017788618e-01	4.5851563447e+00
9.3006552568e-01	4.5838992899e+00
9.2995273331e-01	4.5826479540e+00
9.2983950665e-01	4.5814027554e+00
9.2972584320e-01	4.5801640586e+00
9.2961174047e-01	4.5789321849e+00
9.2949719590e-01	4.5777074083e+00
9.2938220681e-01	4.5764898204e+00
9.2926676902e-01	4.5752777996e+00
9.2915086263e-01	4.5740514859e+00
9.2903430824e-01	4.5725962255e+00
9.2900497631e-01	4.5688213520e+00
9.2899786665e-01	4.5640882752e+00
9.2899270877e-01	4.5627358595e+00
9.2898768072e-01	4.5618613676e+00
9.2898273986e-01	4.5613250991e+00
9.2897783535e-01	4.5609626841e+00
9.2897295015e-01	4.5606850174e+00
9.2896808996e-01	4.5604554141e+00
9.2896325181e-01	4.5602536208e+00
9.2895842841e-01	4.5600667359e+00
9.2895361888e-01	4.5598883583e+00
9.2894885466e-01	4.5597286371e+00
9.2894416120e-01	4.5595930999e+00
9.2893958382e-01	4.5594918986e+00
9.2893523641e-01	4.5594576455e+00
9.2893132506e-01	4.5595536791e+00
9.2892822175e-01	4.5598902190e+00
9.2892687995e-01	4.5607470941e+00
9.2892897802e-01	4.5626302979e+00
9.2893590931e-01	4.5657865067e+00
9.2894981360e-01	4.5709673395e+00
9.2897464027e-01	4.5794211168e+00
9.2901594686e-01	4.5932357616e+00
9.2907710641e-01	4.6158508155e+00
9.2893154090e-01	4.6457954605e+00
9.2886099715e-01	4.6455283438e+00
9.2878861891e-01	4.6451717910e+00
9.2871533740e-01	4.6447375124e+00
9.2864104434e-01	4.6442474210e+00
9.2856556737e-01	4.6437171283e+00
9.2848910703e-01	4.6431563983e+00
9.2840981063e-01	4.6425715215e+00
9.2832975585e-01	4.6419668033e+00
9.2824870404e-01	4.6413453703e+00
9.2816636914e-01	4.6407095984e+00
9.2808187381e-01	4.6400613607e+00
9.2799582965e-01	4.6394021728e+00
9.2790800040e-01	4.6387332929e+00
9.2781693410e-01	4.6380557848e+00
9.2772505452e-01	4.6373705598e+00
9.2763285385e-01	4.6366784134e+00
9.2754033069e-01	4.6359800508e+00
9.2744748324e-01	4.6352761016e+00
9.2735430995e-01	4.6345671388e+00
9.2726080359e-01	4.6338536878e+00
9.2716687316e-01	4.6331362359e+00
9.2707251662e-01	4.6324152394e+00
9.2697778394e-01	4.6316911309e+00
9.2688269032e-01	4.6309643220e+00
9.2678722484e-01	4.6302352029e+00
9.2669140145e-01	4.6295041524e+00
9.2659522092e-01	4.6287715297e+00
9.2649866547e-01	4.6280376677e+00
9.2640175894e-01	4.6273028798e+00
9.2630446981e-01	4.6265674374e+00
9.2620682392e-01	4.6258315606e+00
9.2610879742e-01	4.6250954031e+00
9.2601040217e-01	4.6243590256e+00
9.2591162894e-01	4.6236223655e+00
9.2581246789e-01	4.6228852044e+00
9.2571292857e-01	4.6221471340e+00
9.2561298971e-01	4.6214075114e+00
9.2551264726e-01	4.6206654128e+00
9.2541189358e-01	4.6199196104e+00
9.2531071185e-01	4.6191685376e+00
9.2520906414e-01	4.6184102750e+00
9.2510692836e-01	4.6176425654e+00
9.2500436580e-01	4.6168628372e+00
9.2490141846e-01	4.6160682662e+00
9.2479808190e-01	4.6152558435e+00
9.2469435366e-01	4.6144225039e+00
9.2459023033e-01	4.6135652209e+00
9.2448570911e-01	4.6126811563e+00
9.2438078850e-01	4.6117678059e+00
9.2427546660e-01	4.6108231194e+00
9.2416974248e-01	4.6098456297e+00
9.2406361533e-01	4.6088345419e+00
9.2395708408e-01	4.6077897881e+00
9.2385014735e-01	4.6067120367e+00
9.2374280379e-01	4.6056026387e+00
9.2363505290e-01	4.6044635673e+00
9.2352689372e-01	4.6032972886e+00
9.2341832525e-01	4.6021044064e+00
9.2330934627e-01	4.6008769691e+00
9.2319995594e-01	4.5996311164e+00
9.2309015239e-01	4.5983699757e+00
9.2297993427e-01	4.5970965476e+00
9.2286930003e-01	4.5958136276e+00
9.2275824762e-01	4.5945237575e+00
9.2264677476e-01	4.5932292041e+00
9.2253487987e-01	4.5919319657e+00
9.2242256058e-01	4.5906337630e+00
9.2230981498e-01	4.5893360716e+00
9.2219664052e-01	4.5880401343e+00
9.2208303494e-01	4.5867469974e+00
9.2196899583e-01	4.5854575353e+00
9.2185452075e-01	4.5841724774e+00
9.2173960730e-01	4.5828924346e+00
9.2162425283e-01	4.5816179185e+00
9.2150845510e-01	4.5803493673e+00
9.2139221145e-01	4.5790871539e+00
9.2127551930e-01	4.5778316048e+00
9.2115837596e-01	4.5765830073e+00
9.2104077903e-01	4.5753416087e+00
9.2092272558e-01	4.5741074627e+00
9.2080421108e-01	4.5728787942e+00
9.2068521249e-01	4.5716342915e+00
9.2056552078e-01	4.5701440375e+00
9.2053773007e-01	4.5661985861e+00
9.2053033452e-01	4.5616809309e+00
9.2052496031e-01	4.5603638016e+00
9.2051972467e-01	4.5595152224e+00
9.2051458132e-01	4.5589916947e+00
9.2050947403e-01	4.5586319710e+00
9.2050438711e-01	4.5583526098e+00
9.2049932782e-01	4.5581194275e+00
9.2049429332e-01	4.5579134683e+00
9.2048927390e-01	4.5577215557e+00
9.2048427164e-01	4.5575388449e+00
9.2047932219e-01	4.5573754105e+00
9.2047445574e-01	4.5572374245e+00
9.2046972568e-01	4.5571358659e+00
9.2046526980e-01	4.5571073605e+00
9.2046133424e-01	4.5572199466e+00
9.2045836665e-01	4.5575941379e+00
9.2045755051e-01	4.5585457735e+00
9.2046089152e-01	4.5606240385e+00
9.2046997383e-01	4.5640984801e+00
9.2048747190e-01	4.5697963237e+00
9.2051807222e-01	4.5790963507e+00
9.2056884055e-01	4.5943175243e+00
9.2064216117e-01	4.6192830891e+00
9.2049258291e-01	4.6457837213e+00
9.2042036682e-01	4.6454902525e+00
9.2034626614e-01	4.6451025541e+00
9.2027111593e-01	4.6446354818e+00
9.2019512943e-01	4.6441123578e+00
9.2011757882e-01	4.6435491309e+00
9.2003877927e-01	4.6429556096e+00
9.1995716782e-01	4.6423380764e+00
9.1987520500e-01	4.6417008255e+00
9.1979162815e-01	4.6410469799e+00
9.1970651759e-01	4.6403789127e+00
9.1961925109e-01	4.6396984971e+00
9.1953087260e-01	4.6390072515e+00
9.1943894314e-01	4.6383064390e+00
9.1934509782e-01	4.6375971228e+00
9.1925092465e-01	4.6368802180e+00
9.1915642213e-01	4.6361565243e+00
9.1906158867e-01	4.6354267497e+00
9.1896642263e-01	4.6346915288e+00
9.1887092233e-01	4.6339514378e+00
9.1877500363e-01	4.6332070067e+00
9.1867861945e-01	4.6324587254e+00
9.1858183583e-01	4.6317070531e+00
9.1848467434e-01	4.6309524261e+00
9.1838713248e-01	4.6301952592e+00
9.1828922068e-01	4.6294359505e+00
9.1819094031e-01	4.6286748794e+00
9.1809227234e-01	4.6279124067e+00
9.1799324205e-01	4.6271488728e+00
9.1789382014e-01	4.6263845835e+00
9.1779402592e-01	4.6256198110e+00
9.1769384659e-01	4.6248547717e+00
9.1759327789e-01	4.6240896053e+00
9.1749233110e-01	4.6233243546e+00
9.1739096976e-01	4.6225589310e+00
9.1728921685e-01	4.6217930858e+00
9.1718705816e-01	4.6210263599e+00
9.1708447715e-01	4.6202580516e+00
9.1698145610e-01	4.6194871690e+00
9.1687797719e-01	4.6187123952e+00
9.1677400084e-01	4.6179320650e+00
9.1666952576e-01	4.6171441549e+00
9.1656465586e-01	4.6163462877e+00
9.1645939416e-01	4.6155357856e+00
9.1635373642e-01	4.6147097142e+00
9.1624767921e-01	4.6138649849e+00
9.1614121839e-01	4.6129984563e+00
9.1603435158e-01	4.6121070831e+00
9.1592707651e-01	4.6111880516e+00
9.1581939104e-01	4.6102389200e+00
9.1571129378e-01	4.6092577658e+00
9.1560278330e-01	4.6082433001e+00
9.1549385861e-01	4.6071949507e+00
9.1538451773e-01	4.6061129041e+00
9.1527475982e-01	4.6049980932e+00
9.1516458479e-01	4.6038521323e+00
9.1505399126e-01	4.6026772435e+00
9.1494297885e-01	4.6014656976e+00
9.1483154669e-01	4.6002256893e+00
9.1471969384e-01	4.5989653334e+00
9.1460741877e-01	4.5976878578e+00
9.1449472002e-01	4.5963964065e+00
9.1438159597e-01	4.5950939508e+00
9.1426804484e-01	4.5937832262e+00
9.1415406470e-01	4.5924666961e+00
9.1403965352e-01	4.5911465370e+00
9.1392480890e-01	4.5898246368e+00
9.1380952918e-01	4.5885026222e+00
9.1369381177e-01	4.5871818621e+00
9.1357765432e-01	4.5858635077e+00
9.1346105443e-01	4.5845485182e+00
9.1334400962e-01	4.5832376900e+00
9.1322651726e-01	4.5819316824e+00
9.1310857511e-01	4.5806310487e+00
9.1299018044e-01	4.5793362488e+00
9.1287133054e-01	4.5780476722e+00
9.1275202291e-01	4.5767656573e+00
9.1263225504e-01	4.5754905004e+00
9.1251202413e-01	4.5742224617e+00
9.1239132745e-01	4.5729617623e+00
9.1227016209e-01	4.5717084229e+00
9.1214852307e-01	4.5704604881e+00
9.1202638377e-01	4.5691948648e+00
9.1190350092e-01	4.5676628538e+00
9.1187775195e-01	4.5635167537e+00
9.1187010891e-01	4.5592378113e+00
9.1186451293e-01	4.5579505487e+00
9.1185906411e-01	4.5571236561e+00
9.1185371264e-01	4.5566102567e+00
9.1184839619e-01	4.5562517982e+00
9.1184310115e-01	4.5559700234e+00
9.1183783648e-01	4.5557328620e+00
9.1183259954e-01	4.5555224561e+00
9.1182737729e-01	4.5553252529e+00
9.1182217565e-01	4.5551380205e+00
9.1181703512e-01	4.5549707420e+00
9.1181199128e-01	4.5548302651e+00
9.1180710690e-01	4.5547284995e+00
9.1180254758e-01	4.5547063319e+00
9.1179860497e-01	4.5548369287e+00
9.1179581536e-01	4.5552523233e+00
9.1179563325e-01	4.5563079169e+00
9.1180044025e-01	4.5586005283e+00
9.1181203186e-01	4.5624245847e+00
9.1183370883e-01	4.5686908390e+00
9.1187104532e-01	4.5789208774e+00
9.1193275468e-01	4.5956873069e+00
9.1201866628e-01	4.6232448593e+00
9.1186181953e-01	4.6457672809e+00
9.1178784818e-01	4.6454433442e+00
9.1171204498e-01	4.6450203309e+00
9.1163499402e-01	4.6445166669e+00
9.1155711362e-01	4.6439570350e+00
9.1147763463e-01	4.6433576259e+00
9.1139607233e-01	4.6427282345e+00
9.1131249384e-01	4.6420750974e+00
9.1122825741e-01	4.6414024786e+00
9.1114245978e-01	4.6407134789e+00
9.1105440270e-01	4.6400104619e+00
9.1096445066e-01	4.6392952920e+00
9.1087252653e-01	4.6385694836e+00
9.1077710241e-01	4.6378342957e+00
9.1068094466e-01	4.6370907911e+00
9.1058445078e-01	4.6363398836e+00
9.1048761906e-01	4.6355823720e+00
9.1039044797e-01	4.6348189651e+00
9.1029293582e-01	4.6340502977e+00
9.1019502922e-01	4.6332769465e+00
9.1009661296e-01	4.6324994409e+00
9.0999777132e-01	4.6317182723e+00
9.0989853066e-01	4.6309339016e+00
9.0979889960e-01	4.6301467649e+00
9.0969888595e-01	4.6293572795e+00
9.0959848943e-01	4.6285658417e+00
9.0949769396e-01	4.6277728338e+00
9.0939652414e-01	4.6269786182e+00
9.0929495208e-01	4.6261835317e+00
9.0919299275e-01	4.6253878860e+00
9.0909064243e-01	4.6245919482e+00
9.0898788159e-01	4.6237959256e+00
9.0888473014e-01	4.6229999578e+00
9.0878116097e-01	4.6222040767e+00
9.0867717335e-01	4.6214081824e+00
9.0857276379e-01	4.6206120040e+00
9.0846791426e-01	4.6198150634e+00
9.0836260468e-01	4.6190166212e+00
9.0825679305e-01	4.6182156473e+00
9.0815044083e-01	4.6174107770e+00
9.0804363600e-01	4.6166002941e+00
9.0793643695e-01	4.6157821084e+00
9.0782883899e-01	4.6149537772e+00
9.0772083901e-01	4.6141125542e+00
9.0761243216e-01	4.6132554325e+00
9.0750361488e-01	4.6123792631e+00
9.0739438395e-01	4.6114808683e+00
9.0728473589e-01	4.6105571725e+00
9.0717466887e-01	4.6096053729e+00
9.0706418023e-01	4.6086230706e+00
9.0695326916e-01	4.6076084317e+00
9.0684193259e-01	4.6065602856e+00
9.0673016939e-01	4.6054782117e+00
9.0661797870e-01	4.6043625644e+00
9.0650536044e-01	4.6032144706e+00
9.0639231329e-01	4.6020323218e+00
9.0627883764e-01	4.6008099325e+00
9.0616493226e-01	4.5995617856e+00
9.0605059622e-01	4.5982910171e+00
9.0593582842e-01	4.5970008933e+00
9.0582062755e-01	4.5956946779e+00
9.0570499208e-01	4.5943755153e+00
9.0558892005e-01	4.5930463457e+00
9.0547241029e-01	4.5917098627e+00
9.0535546048e-01	4.5903684609e+00
9.0523806853e-01	4.5890242417e+00
9.0512023224e-01	4.5876790161e+00
9.0500194930e-01	4.5863343234e+00
9.0488321718e-01	4.5849914548e+00
9.0476403360e-01	4.5836514889e+00
9.0464439625e-01	4.5823153181e+00
9.0452430241e-01	4.5809836741e+00
9.0440374933e-01	4.5796571605e+00
9.0428273472e-01	4.5783362819e+00
9.0416125575e-01	4.5770214550e+00
9.0403930976e-01	4.5757130341e+00
9.0391689388e-01	4.5744113228e+00
9.0379400566e-01	4.5731165918e+00
9.0367064207e-01	4.5718290767e+00
9.0354680056e-01	4.5705489797e+00
9.0342247796e-01	4.5692762850e+00
9.0329766881e-01	4.5680088240e+00
9.0317234218e-01	4.5667213506e+00
9.0304621502e-01	4.5651424295e+00
9.0302307514e-01	4.5607676602e+00
9.0301522983e-01	4.5567560082e+00
9.0300940533e-01	4.5554929360e+00
9.0300373668e-01	4.5546833616e+00
9.0299817051e-01	4.5541774253e+00
9.0299263794e-01	4.5538187800e+00
9.0298712817e-01	4.5535338504e+00
9.0298165163e-01	4.5532922779e+00
9.0297620594e-01	4.5530771136e+00
9.0297077414e-01	4.5528743227e+00
9.0296536733e-01	4.5526823464e+00
9.0296003056e-01	4.5525110473e+00
9.0295480529e-01	4.5523679670e+00
9.0294976435e-01	4.5522660238e+00
9.0294510466e-01	4.5522505572e+00
9.0294116813e-01	4.5524001985e+00
9.0293861119e-01	4.5528637090e+00
9.0293913947e-01	4.5540269024e+00
9.0294561402e-01	4.5565502687e+00
9.0296004101e-01	4.5607505459e+00
9.0298638959e-01	4.5676287793e+00
9.0303122518e-01	4.5788607542e+00
9.0310506031e-01	4.5972999400e+00
9.0320381725e-01	4.6276682544e+00
9.0303712758e-01	4.6457468354e+00
9.0296134077e-01	4.6453897034e+00
9.0288390487e-01	4.6449289031e+00
9.0280492306e-01	4.6443865901e+00
9.0272497113e-01	4.6437886374e+00
9.0264369012e-01	4.6431513671e+00
9.0255927408e-01	4.6424845107e+00
9.0247375388e-01	4.6417942362e+00
9.0238698261e-01	4.6410847644e+00
9.0229849097e-01	4.6403591690e+00
9.0220755489e-01	4.6396197948e+00
9.0211527284e-01	4.6388684950e+00
9.0201912862e-01	4.6381067800e+00
9.0192097704e-01	4.6373359000e+00
9.0182248237e-01	4.6365569135e+00
9.0172364322e-01	4.6357707347e+00
9.0162445780e-01	4.6349781603e+00
9.0152492455e-01	4.6341798983e+00
9.0142502118e-01	4.6333765824e+00
9.0132458868e-01	4.6325687881e+00
9.0122367798e-01	4.6317570451e+00
9.0112235300e-01	4.6309418442e+00
9.0102062372e-01	4.6301236467e+00
9.0091849854e-01	4.6293028893e+00
9.0081597283e-01	4.6284799898e+00
9.0071303929e-01	4.6276553463e+00
9.0060971867e-01	4.6268293399e+00
9.0050598237e-01	4.6260023324e+00
9.0040184476e-01	4.6251746606e+00
9.0029730829e-01	4.6243466347e+00
9.0019234182e-01	4.6235185196e+00
9.0008696972e-01	4.6226905182e+00
8.9998117737e-01	4.6218627586e+00
8.9987493836e-01	4.6210352651e+00
8.9976825969e-01	4.6202079194e+00
8.9966112167e-01	4.6193804304e+00
8.9955348241e-01	4.6185522906e+00
8.9944530538e-01	4.6177227223e+00
8.9933656937e-01	4.6168906551e+00
8.9922741857e-01	4.6160546709e+00
8.9911786797e-01	4.6152129943e+00
8.9900791265e-01	4.6143634639e+00
8.9889754851e-01	4.6135035687e+00
8.9878677193e-01	4.6126304845e+00
8.9867557821e-01	4.6117411371e+00
8.9856396335e-01	4.6108323167e+00
8.9845192361e-01	4.6099008000e+00
8.9833945698e-01	4.6089435131e+00
8.9822655992e-01	4.6079576674e+00
8.9811322969e-01	4.6069409320e+00
8.9799946361e-01	4.6058915714e+00
8.9788526024e-01	4.6048085545e+00
8.9777061958e-01	4.6036916390e+00
8.9765554012e-01	4.6025413816e+00
8.9754002211e-01	4.6013469370e+00
8.9742406438e-01	4.6001191842e+00
8.9730766686e-01	4.5988636271e+00
8.9719082894e-01	4.5975832571e+00
8.9707354943e-01	4.5962813075e+00
8.9695582722e-01	4.5949611038e+00
8.9683766097e-01	4.5936259302e+00
8.9671904915e-01	4.5922789174e+00
8.9659999003e-01	4.5945408701e+00
9.0222203689e-01	4.5896720692e+00
9.0213010365e-01	4.5874522938e+00
9.0203640898e-01	4.5852660516e+00
9.0194054936e-01	4.5832726123e+00
9.0184213009e-01	4.5815005092e+00
9.0174070743e-01	4.5799139604e+00
9.0163574445e-01	4.5784630695e+00
9.0152656411e-01	4.5771012857e+00
9.0141228820e-01	4.5757888571e+00
9.0129174818e-01	4.5744916628e+00
9.0116334618e-01	4.5731786075e+00
9.0102482531e-01	4.5718182694e+00
9.0087285388e-01	4.5703742286e+00
9.0070203938e-01	4.5687954907e+00
9.0050924350e-01	4.5670523658e+00
9.0035450066e-01	4.5656659782e+00
9.0022581401e-01	4.5645133041e+00
9.0011199451e-01	4.5634984834e+00
9.0002003773e-01	4.5625645483e+00
8.9992992406e-01	4.5616817286e+00
8.9983961487e-01	4.5608334519e+00
8.9974907133e-01	4.5600095708e+00
8.9965826939e-01	4.5592033869e+00
8.9956719312e-01	4.5584102575e+00
8.9947583123e-01	4.5576268700e+00
8.9938417539e-01	4.5568508183e+00
8.9929221935e-01	4.5560803427e+00
8.9919995784e-01	4.5553141492e+00
8.9910738651e-01	4.5545512907e+00
8.9901450184e-01	4.5537910788e+00
8.9892130063e-01	4.5530330142e+00
8.9882777942e-01	4.5522767298e+00
8.9873393569e-01	4.5515219571e+00
8.9863976638e-01	4.5507684739e+00
8.9854526887e-01	4.5500160773e+00
8.9845044061e-01	4.5492645423e+00
8.9835527944e-01	4.5485135821e+00
8.9825978226e-01	4.5477627996e+00
8.9816394645e-01	4.5470116541e+00
8.9806776912e-01	4.5462594099e+00
8.9797124670e-01	4.5455050868e+00
8.9787437523e-01	4.5447474210e+00
8.9777715143e-01	4.5439848389e+00
8.9767957067e-01	4.5432154247e+00
8.9758162928e-01	4.5424369331e+00
8.9748332308e-01	4.5416468050e+00
8.9738464845e-01	4.5408422261e+00
8.9728560118e-01	4.5400201918e+00
8.9718617764e-01	4.5391776236e+00
8.9708637485e-01	4.5383114901e+00
8.9698618977e-01	4.5374189459e+00
8.9688562070e-01	4.5364974888e+00
8.9678466552e-01	4.5355450886e+00
8.9668332322e-01	4.5345603239e+00
8.9658159140e-01	4.5335424569e+00
8.9647947008e-01	4.5324914962e+00
8.9637695859e-01	4.5314081891e+00
8.9627405670e-01	4.5302939891e+00
8.9617076445e-01	4.5291379457e+00
8.9606708120e-01	4.5279538596e+00
8.9596300684e-01	4.5267459996e+00
8.9585854039e-01	4.5255174265e+00
8.9575368090e-01	4.5242712470e+00
8.9564842724e-01	4.5230104988e+00
8.9554277808e-01	4.5217380561e+00
8.9543673156e-01	4.5204565636e+00
8.9533028654e-01	4.5191684131e+00
8.9522344091e-01	4.5178757075e+00
8.9511619327e-01	4.5165802816e+00
8.9500854127e-01	4.5152836957e+00
8.9490048281e-01	4.5139872720e+00
8.9479201573e-01	4.5126921173e+00
8.9468313781e-01	4.5113991520e+00
8.9457384660e-01	4.5101091362e+00
8.9446413996e-01	4.5088227030e+00
8.9435401566e-01	4.5075403785e+00
8.9424347118e-01	4.5062626009e+00
8.9413250409e-01	4.5049897429e+00
8.9402111195e-01	4.5037221263e+00
8.9390929229e-01	4.5024600333e+00
8.9379704261e-01	4.5012037137e+00
8.9368436034e-01	4.4999533578e+00
8.9357124239e-01	4.4987087262e+00
8.9345767997e-01	4.4974651161e+00
8.9334360569e-01	4.4961698752e+00
8.9324770913e-01	4.4942634986e+00
8.9323944799e-01	4.4880752493e+00
8.9323372625e-01	4.4864270570e+00
8.9322821355e-01	4.4852453789e+00
8.9322287199e-01	4.4844944511e+00
8.9321764172e-01	4.4840215677e+00
8.9321243148e-01	4.4836753183e+00
8.9320725810e-01	4.4834006813e+00
8.9320212214e-01	4.4831655985e+00
8.9319702176e-01	4.4829552139e+00
8.9319192477e-01	4.4827530610e+00
8.9318687188e-01	4.4825656079e+00
8.9318190613e-01	4.4823997856e+00
8.9317708239e-01	4.4822648620e+00
8.9317250378e-01	4.4821776449e+00
8.9316847647e-01	4.4822013563e+00
8.9316562054e-01	4.4824597088e+00
8.9316593115e-01	4.4833501312e+00
8.9317507678e-01	4.4858347680e+00
8.9318659961e-01	4.4892329018e+00
8.9319613167e-01	4.4920676404e+00
8.9320646697e-01	4.4950383265e+00
8.9321756423e-01	4.4981576990e+00
8.9323016721e-01	4.5015876098e+00
8.9324428085e-01	4.5053352047e+00
8.9325952620e-01	4.5093263639e+00
8.9327603974e-01	4.5135935254e+00
8.9329479298e-01	4.5183519733e+00
8.9333450164e-01	4.5218994696e+00
8.9335627048e-01	4.5276716356e+00
8.9338175155e-01	4.5339836867e+00
8.9341115984e-01	4.5410682262e+00
8.9344681366e-01	4.5495119128e+00
8.9348822404e-01	4.5592722206e+00
8.9353726151e-01	4.5708117930e+00
8.9360051186e-01	4.5857025240e+00
8.9368253291e-01	4.6052648165e+00
8.9376667973e-01	4.6370402491e+00
8.9132795951e-01	4.6412735228e+00
8.9121438031e-01	4.6412740343e+00
8.9110020940e-01	4.6412746474e+00
8.9098527976e-01	4.6412920999e+00
8.9086965290e-01	4.6413779376e+00
8.9075340182e-01	4.6413818277e+00
8.9063655295e-01	4.6411069585e+00
8.9051894374e-01	4.6404771438e+00
8.9043069830e-01	4.6389349069e+00
8.9042200845e-01	4.6327291763e+00
8.9041649232e-01	4.6314356086e+00
8.9041113139e-01	4.6305702790e+00
8.9040588071e-01	4.6300070117e+00
8.9040068517e-01	4.6296031808e+00
8.9039549823e-01	4.6292667457e+00
8.9039034386e-01	4.6289789349e+00
8.9038521813e-01	4.6287210956e+00
8.9038011095e-01	4.6284823750e+00
8.9037500251e-01	4.6282488130e+00
8.9036995134e-01	4.6280371823e+00
8.9036498919e-01	4.6278543450e+00
8.9036017069e-01	4.6277129696e+00
8.9035563524e-01	4.6276506205e+00
8.9035165690e-01	4.6277479635e+00
8.9034872423e-01	4.6281441017e+00
8.9034805125e-01	4.6291921375e+00
8.9035178087e-01	4.6315541922e+00
8.9036061338e-01	4.6355294783e+00
8.9037589179e-01	4.6420771752e+00
8.9031484743e-01	4.6528040873e+00
8.9018105534e-01	4.6572512460e+00
8.9010288719e-01	4.6568198073e+00
8.9002186681e-01	4.6562772327e+00
8.8993838260e-01	4.6556534206e+00
8.8985332175e-01	4.6549756441e+00
8.8976738693e-01	4.6542599620e+00
8.8967873385e-01	4.6535157552e+00
8.8958792935e-01	4.6527489633e+00
8.8949547473e-01	4.6519636678e+00
8.8940166885e-01	4.6511628568e+00
8.8930457407e-01	4.6503488259e+00
8.8920576876e-01	4.6495233922e+00
8.8910276117e-01	4.6486880438e+00
8.8899869723e-01	4.6478440102e+00
8.8889426989e-01	4.6469923393e+00
8.8878947768e-01	4.6461339362e+00
8.8868431892e-01	4.6452695923e+00
8.8857875605e-01	4.6444000068e+00
8.8847260956e-01	4.6435258117e+00
8.8836597842e-01	4.6426475764e+00
8.8825891151e-01	4.6417658299e+00
8.8815141674e-01	4.6408810606e+00
8.8804347955e-01	4.6399937278e+00
8.8793511925e-01	4.6391042710e+00
8.8782634101e-01	4.6382131023e+00
8.8771711059e-01	4.6373206246e+00
8.8760745454e-01	4.6364272155e+00
8.8749737299e-01	4.6355332387e+00
8.8738682094e-01	4.6346390279e+00
8.8727583000e-01	4.6337448852e+00
8.8716438505e-01	4.6328510657e+00
8.8705246661e-01	4.6319577647e+00
8.8694005340e-01	4.6310650872e+00
8.8682712329e-01	4.6301730335e+00
8.8671362002e-01	4.6292814426e+00
8.8659946991e-01	4.6283899750e+00
8.8648481851e-01	4.6274980628e+00
8.8636975448e-01	4.6266048530e+00
8.8625427463e-01	4.6257091780e+00
8.8613837551e-01	4.6248095103e+00
8.8602205284e-01	4.6239039350e+00
8.8590530192e-01	4.6229901469e+00
8.8578811843e-01	4.6220654829e+00
8.8567049809e-01	4.6211269656e+00
8.8555243605e-01	4.6201713854e+00
8.8543392786e-01	4.6191954267e+00
8.8531496801e-01	4.6181958070e+00
8.8519555305e-01	4.6171694481e+00
8.8507568068e-01	4.6161136414e+00
8.8495534829e-01	4.6150262094e+00
8.8483455422e-01	4.6139056538e+00
8.8471329751e-01	4.6127365576e+00
8.8459157740e-01	4.6115333486e+00
8.8446939334e-01	4.6102969974e+00
8.8434674488e-01	4.6090292490e+00
8.8422363152e-01	4.6077324923e+00
8.8410005263e-01	4.6064096359e+00
8.8397600741e-01	4.6050639119e+00
8.8385149484e-01	4.6036987182e+00
8.8372651366e-01	4.6023174600e+00
8.8360106212e-01	4.6009234230e+00
8.8347513905e-01	4.5995196852e+00
8.8334874227e-01	4.5981090363e+00
8.8322186969e-01	4.5966939549e+00
8.8309451860e-01	4.5952765903e+00
8.8296668756e-01	4.5938587910e+00
8.8283837361e-01	4.5924420952e+00
8.8270957415e-01	4.5910277808e+00
8.8258028652e-01	4.5896168938e+00
8.8245050799e-01	4.5882102828e+00
8.8232023575e-01	4.5868086325e+00
8.8218946698e-01	4.5854124942e+00
8.8205819878e-01	4.5840223133e+00
8.8192642825e-01	4.5826384528e+00
8.8179415242e-01	4.5812612129e+00
8.8166136816e-01	4.5798908456e+00
8.8152807280e-01	4.5785275745e+00
8.8139426297e-01	4.5771715922e+00
8.8125993594e-01	4.5758230791e+00
8.8112508843e-01	4.5744821731e+00
8.8098971693e-01	4.5731487198e+00
8.8085381396e-01	4.5718194776e+00
8.8071732973e-01	4.5704580101e+00
8.8057981552e-01	4.5686749633e+00
8.8057104435e-01	4.5633578253e+00
8.8056323168e-01	4.5605623966e+00
8.8055673130e-01	4.5593757643e+00
8.8055039844e-01	4.5586151801e+00
8.8054417440e-01	4.5581274126e+00
8.8053797564e-01	4.5577657158e+00
8.8053180227e-01	4.5574696682e+00
8.8052566945e-01	4.5572139421e+00
8.8051957593e-01	4.5569838337e+00
8.8051349327e-01	4.5567641775e+00
8.8050744957e-01	4.5565573508e+00
8.8050150231e-01	4.5563732864e+00
8.8049571078e-01	4.5562214318e+00
8.8049017912e-01	4.5561177397e+00
8.8048519989e-01	4.5561191717e+00
8.8048126790e-01	4.5563198701e+00
8.8047941832e-01	4.5569152501e+00
8.8048212326e-01	4.5583744990e+00
8.8049180808e-01	4.5610630600e+00
8.8051114307e-01	4.5655154463e+00
8.8054539304e-01	4.5727955547e+00
8.8060295257e-01	4.5846731625e+00
8.8069710457e-01	4.6041510536e+00
8.8082770392e-01	4.6363031450e+00
8.8066325068e-01	4.6572844808e+00
8.8058210860e-01	4.6568333413e+00
8.8049801249e-01	4.6562649834e+00
8.8041125440e-01	4.6556094394e+00
8.8032280598e-01	4.6548966120e+00
8.8023334312e-01	4.6541439852e+00
8.8014096389e-01	4.6533615856e+00
8.8004634971e-01	4.6525556660e+00
8.7995030837e-01	4.6517304820e+00
8.7985193571e-01	4.6508891321e+00
8.7975109368e-01	4.6500339799e+00
8.7964725557e-01	4.6491668986e+00
8.7953963905e-01	4.6482894099e+00
8.7943157693e-01	4.6474027744e+00
8.7932313535e-01	4.6465080619e+00
8.7921431275e-01	4.6456061959e+00
8.7910510724e-01	4.6446979816e+00
8.7899535095e-01	4.6437841317e+00
8.7888501030e-01	4.6428652864e+00
8.7877419391e-01	4.6419420231e+00
8.7866291337e-01	4.6410148750e+00
8.7855117847e-01	4.6400843408e+00
8.7843899642e-01	4.6391508857e+00
8.7832636184e-01	4.6382149511e+00
8.7821325583e-01	4.6372769581e+00
8.7809970351e-01	4.6363373090e+00
8.7798569537e-01	4.6353963924e+00
8.7787119478e-01	4.6344545742e+00
8.7775622705e-01	4.6335121910e+00
8.7764077548e-01	4.6325695525e+00
8.7752481820e-01	4.6316269196e+00
8.7740833270e-01	4.6306844967e+00
8.7729128623e-01	4.6297423921e+00
8.7717358180e-01	4.6288006079e+00
8.7705519073e-01	4.6278589954e+00
8.7693633753e-01	4.6269172234e+00
8.7681705656e-01	4.6259747225e+00
8.7669734457e-01	4.6250306403e+00
8.7657719788e-01	4.6240837913e+00
8.7645661309e-01	4.6231326221e+00
8.7633558607e-01	4.6221751853e+00
8.7621411172e-01	4.6212091188e+00
8.7609218493e-01	4.6202316822e+00
8.7596980109e-01	4.6192398127e+00
8.7584695338e-01	4.6182301963e+00
8.7572363691e-01	4.6171994138e+00
8.7559984789e-01	4.6161440816e+00
8.7547558220e-01	4.6150610233e+00
8.7535083674e-01	4.6139474766e+00
8.7522560900e-01	4.6127869809e+00
8.7509989802e-01	4.6115915453e+00
8.7497370188e-01	4.6103608888e+00
8.7484702063e-01	4.6090952730e+00
8.7471985335e-01	4.6077958276e+00
8.7459219961e-01	4.6064644868e+00
8.7446405892e-01	4.6051038397e+00
8.7433543007e-01	4.6037169834e+00
8.7420631318e-01	4.6023073350e+00
8.7407670677e-01	4.6008784345e+00
8.7394661006e-01	4.5994338037e+00
8.7381602113e-01	4.5979768004e+00
8.7368493815e-01	4.5965105326e+00
8.7355335911e-01	4.5950377969e+00
8.7342128181e-01	4.5935610486e+00
8.7328870344e-01	4.5920823927e+00
8.7315562195e-01	4.5906036125e+00
8.7302203502e-01	4.5891261857e+00
8.7288793954e-01	4.5876513110e+00
8.7275333265e-01	4.5861799585e+00
8.7261821147e-01	4.5847129029e+00
8.7248257303e-01	4.5832507584e+00
8.7234641411e-01	4.5817940088e+00
8.7220973207e-01	4.5803430447e+00
8.7207252342e-01	4.5788981719e+00
8.7193478522e-01	4.5774596458e+00
8.7179651434e-01	4.5760276793e+00
8.7165770775e-01	4.5746024582e+00
8.7151836207e-01	4.5731841456e+00
8.7137847406e-01	4.5717728924e+00
8.7123804040e-01	4.5703688206e+00
8.7109705753e-01	4.5689718238e+00
8.7095551848e-01	4.5675793704e+00
8.7081338103e-01	4.5661628560e+00
8.7067026118e-01	4.5644155558e+00
8.7064412091e-01	4.5597078544e+00
8.7063477278e-01	4.5559958432e+00
8.7062793448e-01	4.5548419243e+00
8.7062127016e-01	4.5540977024e+00
8.7061471939e-01	4.5536146759e+00
8.7060819069e-01	4.5532508074e+00
8.7060169025e-01	4.5529506507e+00
8.7059523416e-01	4.5526900116e+00
8.7058882159e-01	4.5524548136e+00
8.7058241763e-01	4.5522291685e+00
8.7057606160e-01	4.5520175317e+00
8.7056981583e-01	4.5518296508e+00
8.7056374943e-01	4.5516759085e+00
8.7055798549e-01	4.5515739779e+00
8.7055287061e-01	4.5515867182e+00
8.7054898588e-01	4.5518163141e+00
8.7054760059e-01	4.5524847595e+00
8.7055162045e-01	4.5541042820e+00
8.7056292277e-01	4.5568702725e+00
8.7058470619e-01	4.5614388456e+00
8.7062287831e-01	4.5689018088e+00
8.7068671555e-01	4.5810719601e+00
8.7079113494e-01	4.6010374369e+00
8.7094018440e-01	4.6340264897e+00
8.7078931261e-01	4.6572795908e+00
8.7070655269e-01	4.6567962786e+00
8.7062045831e-01	4.6561911477e+00
8.7053190489e-01	4.6554965692e+00
8.7044138406e-01	4.6547438271e+00
8.7034970265e-01	4.6539508434e+00
8.7025486543e-01	4.6531277751e+00
8.7015776303e-01	4.6522809244e+00
8.7005963699e-01	4.6514145726e+00
8.6995781118e-01	4.6505318363e+00
8.6985445290e-01	4.6496350913e+00
8.6974625112e-01	4.6487262225e+00
8.6963611764e-01	4.6478067569e+00
8.6952559631e-01	4.6468779635e+00
8.6941468548e-01	4.6459409187e+00
8.6930338332e-01	4.6449965490e+00
8.6919162610e-01	4.6440456637e+00
8.6907918855e-01	4.6430889781e+00
8.6896622427e-01	4.6421271343e+00
8.6885277646e-01	4.6411607148e+00
8.6873885599e-01	4.6401902573e+00
8.6862447017e-01	4.6392162565e+00
8.6850959592e-01	4.6382391841e+00
8.6839424823e-01	4.6372594805e+00
8.6827843522e-01	4.6362775697e+00
8.6816213975e-01	4.6352938590e+00
8.6804533762e-01	4.6343087363e+00
8.6792804635e-01	4.6333225669e+00
8.6781024749e-01	4.6323356961e+00
8.6769191676e-01	4.6313484285e+00
8.6757302969e-01	4.6303610330e+00
8.6745352350e-01	4.6293736990e+00
8.6733329958e-01	4.6283865451e+00
8.6721237897e-01	4.6273995651e+00
8.6709101808e-01	4.6264126035e+00
8.6696922107e-01	4.6254253185e+00
8.6684698437e-01	4.6244371174e+00
8.6672430523e-01	4.6234471207e+00
8.6660117971e-01	4.6224541017e+00
8.6647760450e-01	4.6214564622e+00
8.6635357443e-01	4.6204521820e+00
8.6622908383e-01	4.6194388249e+00
8.6610412773e-01	4.6184135762e+00
8.6597869890e-01	4.6173732724e+00
8.6585279191e-01	4.6163145097e+00
8.6572640256e-01	4.6152337837e+00
8.6559952583e-01	4.6141276500e+00
8.6547215812e-01	4.6129809284e+00
8.6534429633e-01	4.6117999279e+00
8.6521593813e-01	4.6105849859e+00
8.6508708183e-01	4.6093347155e+00
8.6495772632e-01	4.6080486194e+00
8.6482787088e-01	4.6067271319e+00
8.6469751506e-01	4.6053715918e+00
8.6456665813e-01	4.6039841412e+00
8.6443530037e-01	4.6025675793e+00
8.6430344054e-01	4.6011251820e+00
8.6417107849e-01	4.5996605071e+00
8.6403821254e-01	4.5981771964e+00
8.6390484197e-01	4.5966788342e+00
8.6377096488e-01	4.5951688008e+00
8.6363657942e-01	4.5936501915e+00
8.6350168347e-01	4.5921257617e+00
8.6336627449e-01	4.5905979021e+00
8.6323035026e-01	4.5890686495e+00
8.6309390817e-01	4.5875396983e+00
8.6295694568e-01	4.5860124385e+00
8.6281945931e-01	4.5844879809e+00
8.6268144662e-01	4.5829672201e+00
8.6254290440e-01	4.5814508531e+00
8.6240382988e-01	4.5799394295e+00
8.6226421962e-01	4.5784333718e+00
8.6212407029e-01	4.5769330112e+00
8.6198337904e-01	4.5754386162e+00
8.6184214244e-01	4.5739503988e+00
8.6170035720e-01	4.5724685383e+00
8.6155801998e-01	4.5709931906e+00
8.6141512749e-01	4.5695244971e+00
8.6127167622e-01	4.5680625868e+00
8.6112766303e-01	4.5666075679e+00
8.6098308403e-01	4.5651593178e+00
8.6083793191e-01	4.5637153026e+00
8.6069216237e-01	4.5622470247e+00
8.6054537321e-01	4.5604489473e+00
8.6051558607e-01	4.5557411034e+00
8.6050561187e-01	4.5519581413e+00
8.6049850648e-01	4.5508290597e+00
8.6049158214e-01	4.5500977285e+00
8.6048477620e-01	4.5496179031e+00
8.6047798848e-01	4.5492509892e+00
8.6047123236e-01	4.5489461244e+00
8.6046452454e-01	4.5486800757e+00
8.6045786471e-01	4.5484393419e+00
8.6045121064e-01	4.5482072473e+00
8.6044461488e-01	4.5479904424e+00
8.6043814445e-01	4.5477984951e+00
8.6043187935e-01	4.5476428130e+00
8.6042596442e-01	4.5475430738e+00
8.6042080683e-01	4.5475685324e+00
8.6041708514e-01	4.5478304456e+00
8.6041634533e-01	4.5485814093e+00
8.6042198286e-01	4.5503815918e+00
8.6043608028e-01	4.5534429405e+00
8.6046247168e-01	4.5584899442e+00
8.6050815905e-01	4.5667277044e+00
8.6058400391e-01	4.5801610491e+00
8.6070765088e-01	4.6022286434e+00
8.6087781694e-01	4.6388062005e+00
8.6071130475e-01	4.6572506945e+00
8.6062681115e-01	4.6567278806e+00
8.6053844870e-01	4.6560798582e+00
8.6044787937e-01	4.6553426319e+00
8.6035531701e-01	4.6545480020e+00
8.6026127033e-01	4.6537137242e+00
8.6016380582e-01	4.6528497942e+00
8.6006407388e-01	4.6519624198e+00
8.5996325622e-01	4.6510558296e+00
8.5985829282e-01	4.6501331126e+00
8.5975117827e-01	4.6491966257e+00
8.5963944251e-01	4.6482482431e+00
8.5952683160e-01	4.6472894819e+00
8.5941382368e-01	4.6463216078e+00
8.5930041705e-01	4.6453456932e+00
8.5918660761e-01	4.6443626613e+00
8.5907213672e-01	4.6433733202e+00
8.5895704588e-01	4.6423783823e+00
8.5884143391e-01	4.6413784882e+00
8.5872533208e-01	4.6403742177e+00
8.5860873073e-01	4.6393661069e+00
8.5849163305e-01	4.6383546551e+00
8.5837405261e-01	4.6373403284e+00
8.5825599005e-01	4.6363235709e+00
8.5813740973e-01	4.6353048046e+00
8.5801832072e-01	4.6342844366e+00
8.5789872230e-01	4.6332628519e+00
8.5777859440e-01	4.6322404166e+00
8.5765791140e-01	4.6312174768e+00
8.5753664491e-01	4.6301943292e+00
8.5741472008e-01	4.6291712382e+00
8.5729201153e-01	4.6281483965e+00
8.5716860483e-01	4.6271259033e+00
8.5704475349e-01	4.6261037585e+00
8.5692045857e-01	4.6250817909e+00
8.5679571747e-01	4.6240596329e+00
8.5667052714e-01	4.6230366668e+00
8.5654488419e-01	4.6220119771e+00
8.5641878450e-01	4.6209842957e+00
8.5629222434e-01	4.6199519684e+00
8.5616519827e-01	4.6189129216e+00
8.5603769964e-01	4.6178646636e+00
8.5590972159e-01	4.6168042976e+00
8.5578125954e-01	4.6157286015e+00
8.5565230685e-01	4.6146341154e+00
8.5552285958e-01	4.6135118615e+00
8.5539291229e-01	4.6123546764e+00
8.5526246148e-01	4.6111681453e+00
8.5513150441e-01	4.6099495181e+00
8.5500003793e-01	4.6086967001e+00
8.5486806116e-01	4.6074084313e+00
8.5473557264e-01	4.6060843588e+00
8.5460257173e-01	4.6047250830e+00
8.5446905800e-01	4.6033321136e+00
8.5433503046e-01	4.6019077502e+00
8.5420048973e-01	4.6004549369e+00
8.5406543475e-01	4.5989770608e+00
8.5392986543e-01	4.5974777553e+00
8.5379377985e-01	4.5959606980e+00
8.5365717728e-01	4.5944294784e+00
8.5352005575e-01	4.5928874519e+00
8.5338241334e-01	4.5913376667e+00
8.5324424784e-01	4.5897828147e+00
8.5310555693e-01	4.5882252168e+00
8.5296633800e-01	4.5866668285e+00
8.5282658833e-01	4.5851092664e+00
8.5268630505e-01	4.5835538423e+00
8.5254548521e-01	4.5820016044e+00
8.5240412572e-01	4.5804533780e+00
8.5226222347e-01	4.5789098062e+00
8.5211977524e-01	4.5773713863e+00
8.5197677779e-01	4.5758385022e+00
8.5183322785e-01	4.5743114517e+00
8.5168912207e-01	4.5727904694e+00
8.5154445709e-01	4.5712757453e+00
8.5139922954e-01	4.5697674386e+00
8.5125343600e-01	4.5682656890e+00
8.5110707299e-01	4.5667706238e+00
8.5096013708e-01	4.5652823625e+00
8.5081262472e-01	4.5638009982e+00
8.5066453197e-01	4.5623263748e+00
8.5051585066e-01	4.5608556576e+00
8.5036652964e-01	4.5593571926e+00
8.5021610775e-01	4.5574920647e+00
8.5019024217e-01	4.5525260309e+00
8.5018017176e-01	4.5490531066e+00
8.5017279267e-01	4.5479390175e+00
8.5016560258e-01	4.5472167815e+00
8.5015853575e-01	4.5467386052e+00
8.5015148207e-01	4.5463677090e+00
8.5014446352e-01	4.5460574160e+00
8.5013749739e-01	4.5457853146e+00
8.5013058397e-01	4.5455384459e+00
8.5012367246e-01	4.5452992725e+00
8.5011683114e-01	4.5450767791e+00
8.5011013182e-01	4.5448803719e+00
8.5010366582e-01	4.5447223616e+00
8.5009760609e-01	4.5446254477e+00
8.5009242588e-01	4.5446651788e+00
8.5008891668e-01	4.5449633291e+00
8.5008895407e-01	4.5458078226e+00
8.5009649248e-01	4.5478124144e+00
8.5011384276e-01	4.5512077943e+00
8.5014557359e-01	4.5567961867e+00
8.5019994421e-01	4.5659125838e+00
8.5028965993e-01	4.5807855927e+00
8.5043545388e-01	4.6052589188e+00
8.5060437326e-01	4.6459563191e+00
8.5043105540e-01	4.6572100965e+00
8.5034476353e-01	4.6566440578e+00
8.5025401632e-01	4.6559502646e+00
8.5016123713e-01	4.6551684070e+00
8.5006673459e-01	4.6543303470e+00
8.4996978141e-01	4.6534534506e+00
8.4986968611e-01	4.6525474599e+00
8.4976765262e-01	4.6516184450e+00
8.4966314705e-01	4.6506705621e+00
8.4955588627e-01	4.6497068533e+00
8.4944424749e-01	4.6487296541e+00
8.4932953056e-01	4.6477408148e+00
8.4921440905e-01	4.6467418433e+00
8.4909888130e-01	4.6457339962e+00
8.4898294533e-01	4.6447183386e+00
8.4886648824e-01	4.6436957904e+00
8.4874926590e-01	4.6426671539e+00
8.4863148716e-01	4.6416331391e+00
8.4851318259e-01	4.6405943842e+00
8.4839436255e-01	4.6395514648e+00
8.4827503449e-01	4.6385049155e+00
8.4815520468e-01	4.6374552342e+00
8.4803486408e-01	4.6364028873e+00
8.4791398616e-01	4.6353483195e+00
8.4779259126e-01	4.6342919510e+00
8.4767066505e-01	4.6332341815e+00
8.4754818675e-01	4.6321754015e+00
8.4742512748e-01	4.6311159755e+00
8.4730145773e-01	4.6300562417e+00
8.4717708984e-01	4.6289964985e+00
8.4705187028e-01	4.6279370036e+00
8.4692594475e-01	4.6268779426e+00
8.4679956854e-01	4.6258194203e+00
8.4667274141e-01	4.6247614128e+00
8.4654546098e-01	4.6237037347e+00
8.4641772509e-01	4.6226459941e+00
8.4628953053e-01	4.6215875455e+00
8.4616087303e-01	4.6205274246e+00
8.4603174812e-01	4.6194643159e+00
8.4590215110e-01	4.6183965095e+00
8.4577207437e-01	4.6173218657e+00
8.4564151262e-01	4.6162378165e+00
8.4551045997e-01	4.6151413977e+00
8.4537891097e-01	4.6140293326e+00
8.4524685928e-01	4.6128845889e+00
8.4511429999e-01	4.6117158970e+00
8.4498122892e-01	4.6105206661e+00
8.4484764159e-01	4.6092956807e+00
8.4471353443e-01	4.6080382436e+00
8.4457890592e-01	4.6067463741e+00
8.4444375359e-01	4.6054189318e+00
8.4430807685e-01	4.6040557338e+00
8.4417187548e-01	4.6026575623e+00
8.4403514874e-01	4.6012261014e+00
8.4389789635e-01	4.5997638234e+00
8.4376011793e-01	4.6000257095e+00
8.5097730903e-01	4.5937770785e+00
8.5094169358e-01	4.5919775188e+00
8.5090940098e-01	4.5901981854e+00
8.5088044818e-01	4.5885484685e+00
8.5084372734e-01	4.5870938757e+00
8.5072600883e-01	4.5858414022e+00
8.5060671892e-01	4.5847533395e+00
8.5048635090e-01	4.5838129839e+00
8.5036513191e-01	4.5830048725e+00
8.5024320315e-01	4.5822647177e+00
8.5012065223e-01	4.5814966002e+00
8.4999753186e-01	4.5806267007e+00
8.4987387380e-01	4.5796247451e+00
8.4974969631e-01	4.5784942123e+00
8.4962500997e-01	4.5772550554e+00
8.4949982180e-01	4.5759314450e+00
8.4937413499e-01	4.5745457060e+00
8.4924795168e-01	4.5731162436e+00
8.4912127223e-01	4.5716573418e+00
8.4899409606e-01	4.5701797123e+00
8.4886642227e-01	4.5686911895e+00
8.4873824837e-01	4.5671971134e+00
8.4860956690e-01	4.5656978279e+00
8.4848031545e-01	4.5641559802e+00
8.4834994017e-01	4.5621446334e+00
8.4833685960e-01	4.5566116381e+00
8.4832846196e-01	4.5538920651e+00
8.4832182624e-01	4.5528014842e+00
8.4831536856e-01	4.5520910358e+00
8.4830902736e-01	4.5516135933e+00
8.4830269070e-01	4.5512367877e+00
8.4829638768e-01	4.5509183305e+00
8.4829013790e-01	4.5506374671e+00
8.4828394247e-01	4.5503818174e+00
8.4827774474e-01	4.5501333659e+00
8.4827162124e-01	4.5499023120e+00
8.4826564704e-01	4.5496983796e+00
8.4825991754e-01	4.5495344235e+00
8.4825461699e-01	4.5494353535e+00
8.4825024798e-01	4.5494805605e+00
8.4824765146e-01	4.5497991404e+00
8.4824884115e-01	4.5506998608e+00
8.4825801238e-01	4.5528329818e+00
8.4827743873e-01	4.5564435595e+00
8.4831207237e-01	4.5623869556e+00
8.4837069207e-01	4.5720907288e+00
8.4846686189e-01	4.5879502115e+00
8.4862170698e-01	4.6141001427e+00
8.4859119652e-01	4.6550575858e+00
8.4851718639e-01	4.6544853578e+00
8.4843992354e-01	4.6537777838e+00
8.4836084180e-01	4.6529712598e+00
8.4827982950e-01	4.6521026703e+00
8.4819470728e-01	4.6511922856e+00
8.4810806598e-01	4.6502511533e+00
8.4801940151e-01	4.6492859796e+00
8.4792681438e-01	4.6483012700e+00
8.4783231098e-01	4.6473002765e+00
8.4773223027e-01	4.6462854782e+00
8.4763081740e-01	4.6452588236e+00
8.4752904943e-01	4.6442218941e+00
8.4742692447e-01	4.6431759991e+00
8.4732444094e-01	4.6421222475e+00
8.4722127044e-01	4.6410615905e+00
8.4711741069e-01	4.6399948549e+00
8.4701303599e-01	4.6389227718e+00
8.4690819430e-01	4.6378459911e+00
8.4680288842e-01	4.6367651063e+00
8.4669710251e-01	4.6356806607e+00
8.4659085758e-01	4.6345931602e+00
8.4648415274e-01	4.6335030759e+00
8.4637697966e-01	4.6324108532e+00
8.4626931385e-01	4.6313169208e+00
8.4616114127e-01	4.6302216867e+00
8.4605245543e-01	4.6291255427e+00
8.4594320301e-01	4.6280288516e+00
8.4583333998e-01	4.6269319615e+00
8.4572269850e-01	4.6258351796e+00
8.4561129968e-01	4.6247387760e+00
8.4549950225e-01	4.6236429603e+00
8.4538731131e-01	4.6225478495e+00
8.4527472554e-01	4.6214534501e+00
8.4516174338e-01	4.6203596101e+00
8.4504836256e-01	4.6192659786e+00
8.4493457951e-01	4.6181719473e+00
8.4482039072e-01	4.6170766148e+00
8.4470579173e-01	4.6159787264e+00
8.4459077621e-01	4.6148766301e+00
8.4447533948e-01	4.6137682414e+00
8.4435947676e-01	4.6126510501e+00
8.4424318233e-01	4.6115195138e+00
8.4412645056e-01	4.6103609902e+00
8.4400927656e-01	4.6091837357e+00
8.4389165534e-01	4.6079840870e+00
8.4377358239e-01	4.6067584609e+00
8.4365505452e-01	4.6055035589e+00
8.4353606827e-01	4.6042165688e+00
8.4341662148e-01	4.6028953771e+00
8.4329671270e-01	4.6015387236e+00
8.4317634066e-01	4.6001462975e+00
8.4305550587e-01	4.5987187873e+00
8.4293420743e-01	4.5972577967e+00
8.4281244567e-01	4.5957657594e+00
8.4269022085e-01	4.5942457338e+00
8.4256753238e-01	4.5927012178e+00
8.4244437979e-01	4.5911359419e+00
8.4232076232e-01	4.5895536613e+00
8.4219667890e-01	4.5879580022e+00
8.4207212816e-01	4.5863523397e+00
8.4194710846e-01	4.5847397124e+00
8.4182161791e-01	4.5831227815e+00
8.4169565440e-01	4.5815038192e+00
8.4156921515e-01	4.5798847161e+00
8.4144229864e-01	4.5782670339e+00
8.4131490181e-01	4.5766520088e+00
8.4118702171e-01	4.5750406163e+00
8.4105865565e-01	4.5734336159e+00
8.4092980131e-01	4.5718315952e+00
8.4080045538e-01	4.5702349891e+00
8.4067061489e-01	4.5686441300e+00
8.4054027683e-01	4.5670592704e+00
8.4040943817e-01	4.5654806053e+00
8.4027809583e-01	4.5639082901e+00
8.4014624672e-01	4.5623424548e+00
8.4001388773e-01	4.5607832138e+00
8.3988101544e-01	4.5592306732e+00
8.3974762622e-01	4.5576849344e+00
8.3961371657e-01	4.5561460832e+00
8.3947928260e-01	4.5546140369e+00
8.3934431736e-01	4.5530868842e+00
8.3920878423e-01	4.5515430345e+00
8.3907235325e-01	4.5497501982e+00
8.3902496039e-01	4.5455873834e+00
8.3901299177e-01	4.5408068703e+00
8.3900595061e-01	4.5397198893e+00
8.3899909702e-01	4.5390117285e+00
8.3899236607e-01	4.5385337246e+00
8.3898563464e-01	4.5381534434e+00
8.3897894158e-01	4.5378313729e+00
8.3897230790e-01	4.5375444424e+00
8.3896573360e-01	4.5372816606e+00
8.3895915247e-01	4.5370252031e+00
8.3895266064e-01	4.5367879737e+00
8.3894633708e-01	4.5365794698e+00
8.3894028765e-01	4.5364131152e+00
8.3893474218e-01	4.5363195268e+00
8.3893027256e-01	4.5363842104e+00
8.3892786101e-01	4.5367505349e+00
8.3892995226e-01	4.5377740288e+00
8.3894143236e-01	4.5401449230e+00
8.3896482100e-01	4.5441397680e+00
8.3900601787e-01	4.5506998050e+00
8.3907519611e-01	4.5613916284e+00
8.3918826949e-01	4.5788459420e+00
8.3937099785e-01	4.6076626108e+00
8.3938800241e-01	4.6550752198e+00
8.3930644568e-01	4.6544727920e+00
8.3922138481e-01	4.6537306051e+00
8.3913434134e-01	4.6528857552e+00
8.3904541245e-01	4.6519772506e+00
8.3895173864e-01	4.6510262973e+00
8.3885666041e-01	4.6500443029e+00
8.3875931911e-01	4.6490381362e+00
8.3865797041e-01	4.6480123915e+00
8.3855389616e-01	4.6469703783e+00
8.3844463669e-01	4.6459146145e+00
8.3833461357e-01	4.6448470722e+00
8.3822421000e-01	4.6437693552e+00
8.3811342416e-01	4.6426827909e+00
8.3800218583e-01	4.6415884989e+00
8.3789006704e-01	4.6404874391e+00
8.3777731991e-01	4.6393804440e+00
8.3766405175e-01	4.6382682509e+00
8.3755027465e-01	4.6371515152e+00
8.3743599624e-01	4.6360308344e+00
8.3732122200e-01	4.6349067529e+00
8.3720595308e-01	4.6337797787e+00
8.3709015278e-01	4.6326503816e+00
8.3697383254e-01	4.6315190129e+00
8.3685698359e-01	4.6303860999e+00
8.3673958109e-01	4.6292520507e+00
8.3662159448e-01	4.6281172555e+00
8.3650292784e-01	4.6269820818e+00
8.3638345724e-01	4.6258468753e+00
8.3626311648e-01	4.6247119481e+00
8.3614232851e-01	4.6235775788e+00
8.3602112217e-01	4.6224439758e+00
8.3589949576e-01	4.6213112605e+00
8.3577744818e-01	4.6201794402e+00
8.3565497707e-01	4.6190483614e+00
8.3553207975e-01	4.6179176713e+00
8.3540875258e-01	4.6167867640e+00
8.3528499027e-01	4.6156547331e+00
8.3516078792e-01	4.6145203208e+00
8.3503614031e-01	4.6133818504e+00
8.3491104298e-01	4.6122372390e+00
8.3478549001e-01	4.6110755703e+00
8.3465947676e-01	4.6098957833e+00
8.3453299673e-01	4.6087008946e+00
8.3440604526e-01	4.6074873164e+00
8.3427861669e-01	4.6062513447e+00
8.3415070591e-01	4.6049893604e+00
8.3402230984e-01	4.6036980426e+00
8.3389342484e-01	4.6023745690e+00
8.3376404817e-01	4.6010168282e+00
8.3363417906e-01	4.5996235955e+00
8.3350381619e-01	4.5981946072e+00
8.3337295908e-01	4.5967306032e+00
8.3324160753e-01	4.5952332689e+00
8.3310976147e-01	4.5937051093e+00
8.3297742068e-01	4.5921492547e+00
8.3284458502e-01	4.5905692672e+00
8.3271125386e-01	4.5889689272e+00
8.3257742636e-01	4.5873520222e+00
8.3244310136e-01	4.5857221941e+00
8.3230827679e-01	4.5840828102e+00
8.3217295176e-01	4.5824369055e+00
8.3203712432e-01	4.5807871165e+00
8.3190079136e-01	4.5791356724e+00
8.3176395149e-01	4.5774844445e+00
8.3162660129e-01	4.5758349326e+00
8.3148873859e-01	4.5741883460e+00
8.3135036024e-01	4.5725456204e+00
8.3121146329e-01	4.5709074783e+00
8.3107204472e-01	4.5692744668e+00
8.3093210145e-01	4.5676469966e+00
8.3079163035e-01	4.5660253740e+00
8.3065062822e-01	4.5644098288e+00
8.3050909191e-01	4.5628005374e+00
8.3036701791e-01	4.5611976364e+00
8.3022440258e-01	4.5596012445e+00
8.3008124249e-01	4.5580114671e+00
8.2993753383e-01	4.5564283982e+00
8.2979327255e-01	4.5548521294e+00
8.2964845515e-01	4.5532827453e+00
8.2950307737e-01	4.5517201743e+00
8.2935713379e-01	4.5501627046e+00
8.2921059090e-01	4.5485909169e+00
8.2906314131e-01	4.5467956869e+00
8.2900326835e-01	4.5445606582e+00
8.2899506087e-01	4.5433840710e+00
8.2898680507e-01	4.5418819555e+00
8.2897861007e-01	4.5401826059e+00
8.2897058056e-01	4.5385274971e+00
8.2896278588e-01	4.5374857258e+00
8.3008591401e-01	4.5357771908e+00
8.3009972826e-01	4.5354781286e+00
8.3011419450e-01	4.5354023878e+00
8.3012876750e-01	4.5353898100e+00
8.3012749179e-01	4.5353922270e+00
8.3012153814e-01	4.5353987465e+00
8.3011560252e-01	4.5354111538e+00
8.3010975090e-01	4.5354343560e+00
8.3010406132e-01	4.5354771829e+00
8.3009850117e-01	4.5355100720e+00
8.3009286547e-01	4.5354070765e+00
8.3008836343e-01	4.5354635982e+00
8.3008603622e-01	4.5358249529e+00
8.3008845522e-01	4.5368496028e+00
8.3010085309e-01	4.5392499466e+00
8.3012583568e-01	4.5432887016e+00
8.3016963415e-01	4.5499239321e+00
8.3024302334e-01	4.5607405455e+00
8.3036282397e-01	4.5783953545e+00
8.3055626764e-01	4.6075388126e+00
8.3058167964e-01	4.6547207381e+00
8.3049772327e-01	4.6606388228e+00
8.2297604351e-01	4.6642595284e+00
8.2287584647e-01	4.6642374977e+00
8.2278137772e-01	4.6642156886e+00
8.2268093896e-01	4.6641983055e+00
8.2257722975e-01	4.6642022786e+00
8.2246934431e-01	4.6642285336e+00
8.2235682054e-01	4.6642204166e+00
8.2224156949e-01	4.6640964183e+00
8.2212098752e-01	4.6638007763e+00
8.2199569787e-01	4.6633141780e+00
8.2186985831e-01	4.6626415677e+00
8.2174345875e-01	4.6617989770e+00
8.2161624869e-01	4.6608055687e+00
8.2148828056e-01	4.6596799713e+00
8.2135963305e-01	4.6584390674e+00
8.2123034566e-01	4.6570978363e+00
8.2110041896e-01	4.6556696260e+00
8.2096987396e-01	4.6541664997e+00
8.2083872042e-01	4.6525994773e+00
8.2070696307e-01	4.6509786793e+00
8.2057457675e-01	4.6493133872e+00
8.2044155660e-01	4.6476120594e+00
8.2030790658e-01	4.6458822820e+00
8.2017360216e-01	4.6441307643e+00
8.2003861210e-01	4.6423633463e+00
8.1990286057e-01	4.6405849971e+00
8.1976622327e-01	4.6387998892e+00
8.1962849195e-01	4.6370114409e+00
8.1949009341e-01	4.6352224216e+00
8.1935118546e-01	4.6334350520e+00
8.1921176609e-01	4.6316510462e+00
8.1907183565e-01	4.6298717360e+00
8.1893139296e-01	4.6280981247e+00
8.1879043590e-01	4.6263309506e+00
8.1864895693e-01	4.6245707544e+00
8.1850695139e-01	4.6228179267e+00
8.1836441563e-01	4.6210632429e+00
8.1822134704e-01	4.6193037437e+00
8.1807774237e-01	4.6175523907e+00
8.1793359838e-01	4.6158093065e+00
8.1778891177e-01	4.6140745925e+00
8.1764367923e-01	4.6123483381e+00
8.1749789744e-01	4.6106306270e+00
8.1735156300e-01	4.6089215406e+00
8.1720467253e-01	4.6072211462e+00
8.1705722213e-01	4.6055293487e+00
8.1690920556e-01	4.6038443132e+00
8.1676058546e-01	4.6021454039e+00
8.1661102498e-01	4.6002108807e+00
8.1654908751e-01	4.5977917361e+00
8.1654082843e-01	4.5965456692e+00
8.1653254226e-01	4.5949881065e+00
8.1652433841e-01	4.5932749310e+00
8.1651624928e-01	4.5916505058e+00
8.1650830907e-01	4.5903515194e+00
8.1650059544e-01	4.5894725756e+00
8.1649304069e-01	4.5888817953e+00
8.1648556475e-01	4.5884401708e+00
8.1647806178e-01	4.5880576446e+00
8.1647062724e-01	4.5877232738e+00
8.1646325927e-01	4.5874198311e+00
8.1645593329e-01	4.5871341705e+00
8.1644862171e-01	4.5868563053e+00
8.1644146606e-01	4.5866051120e+00
8.1643456182e-01	4.5863913492e+00
8.1642806418e-01	4.5862330628e+00
8.1642244916e-01	4.5861949427e+00
8.1641857862e-01	4.5863948231e+00
8.1641820327e-01	4.5870704630e+00
8.1642570198e-01	4.5888193355e+00
8.1644339819e-01	4.5918468730e+00
8.1647594376e-01	4.5968776342e+00
8.1653170650e-01	4.6051303865e+00
8.1662410470e-01	4.6186459555e+00
8.1674892701e-01	4.6406752499e+00
8.1660791692e-01	4.6650043419e+00
8.1651491131e-01	4.6642976739e+00
8.1641912087e-01	4.6634468072e+00
8.1631943443e-01	4.6625001231e+00
8.1621637870e-01	4.6614947711e+00
8.1611148279e-01	4.6604498536e+00
8.1600303780e-01	4.6593757076e+00
8.1589112677e-01	4.6582786725e+00
8.1577689461e-01	4.6571630610e+00
8.1565761221e-01	4.6560320275e+00
8.1553292606e-01	4.6548879838e+00
8.1540770734e-01	4.6537328343e+00
8.1528205406e-01	4.6525681333e+00
8.1515595111e-01	4.6513951741e+00
8.1502897009e-01	4.6502150475e+00
8.1490128790e-01	4.6490286899e+00
8.1477299713e-01	4.6478369194e+00
8.1464411133e-01	4.6466404555e+00
8.1451463767e-01	4.6454399418e+00
8.1438457714e-01	4.6442359644e+00
8.1425392972e-01	4.6430290660e+00
8.1412268517e-01	4.6418197421e+00
8.1399082107e-01	4.6406084588e+00
8.1385830584e-01	4.6393956610e+00
8.1372510580e-01	4.6381817753e+00
8.1359113437e-01	4.6369671986e+00
8.1345621336e-01	4.6357523196e+00
8.1332016140e-01	4.6345375028e+00
8.1318354659e-01	4.6333230923e+00
8.1304646070e-01	4.6321094085e+00
8.1290890195e-01	4.6308967084e+00
8.1277087019e-01	4.6296851895e+00
8.1263236238e-01	4.6284749419e+00
8.1249337668e-01	4.6272659288e+00
8.1235390850e-01	4.6260579443e+00
8.1221395023e-01	4.6248505613e+00
8.1207349914e-01	4.6236430948e+00
8.1193254966e-01	4.6224345254e+00
8.1179109764e-01	4.6212157881e+00
8.1164913778e-01	4.6199849390e+00
8.1150666450e-01	4.6187474978e+00
8.1136367157e-01	4.6175007378e+00
8.1122015309e-01	4.6162415201e+00
8.1107610212e-01	4.6149663512e+00
8.1093151186e-01	4.6136715141e+00
8.1078637748e-01	4.6123532495e+00
8.1064069272e-01	4.6110079298e+00
8.1049445422e-01	4.6096323115e+00
8.1034765803e-01	4.6082237351e+00
8.1020030163e-01	4.6067803424e+00
8.1005238286e-01	4.6053012167e+00
8.0990390118e-01	4.6037864757e+00
8.0975485673e-01	4.6022372590e+00
8.0960524875e-01	4.6006556289e+00
8.0945507715e-01	4.5990444306e+00
8.0930434169e-01	4.5974070633e+00
8.0915304152e-01	4.5957472794e+00
8.0900117679e-01	4.5940689742e+00
8.0884874597e-01	4.5923759559e+00
8.0869574763e-01	4.5906718211e+00
8.0854217998e-01	4.5889598441e+00
8.0838804090e-01	4.5872429099e+00
8.0823332798e-01	4.5855234914e+00
8.0807803855e-01	4.5838036545e+00
8.0792216972e-01	4.5820850843e+00
8.0776571844e-01	4.5803691252e+00
8.0760868149e-01	4.5786568272e+00
8.0745105554e-01	4.5769489941e+00
8.0729283716e-01	4.5752462298e+00
8.0713402249e-01	4.5735489775e+00
8.0697460826e-01	4.5718575708e+00
8.0681458969e-01	4.5701722434e+00
8.0665396289e-01	4.5684931697e+00
8.0649272370e-01	4.5668204809e+00
8.0633086748e-01	4.5651542815e+00
8.0616839019e-01	4.5634946596e+00
8.0600528898e-01	4.5618416978e+00
8.0584156005e-01	4.5601954751e+00
8.0567719905e-01	4.5585560714e+00
8.0551220044e-01	4.5569235428e+00
8.0534656215e-01	4.5552977164e+00
8.0518027788e-01	4.5536757622e+00
8.0501329378e-01	4.5520263265e+00
8.0484508640e-01	4.5500137522e+00
8.0480766927e-01	4.5480944817e+00
8.0479847750e-01	4.5468463055e+00
8.0478924519e-01	4.5452736096e+00
8.0478009593e-01	4.5435381326e+00
8.0477106176e-01	4.5418847193e+00
8.0476221377e-01	4.5405749820e+00
8.0475362262e-01	4.5396951348e+00
8.0474521059e-01	4.5391087165e+00
8.0473687447e-01	4.5386704705e+00
8.0472852690e-01	4.5382949958e+00
8.0472025444e-01	4.5379672783e+00
8.0471205531e-01	4.5376701819e+00
8.0470388915e-01	4.5373884553e+00
8.0469576199e-01	4.5371176166e+00
8.0468781386e-01	4.5368742837e+00
8.0468015805e-01	4.5366704037e+00
8.0467298392e-01	4.5365261196e+00
8.0466687936e-01	4.5365154566e+00
8.0466286654e-01	4.5367659100e+00
8.0466319174e-01	4.5375562258e+00
8.0467310291e-01	4.5395417045e+00
8.0469531096e-01	4.5429405572e+00
8.0473552290e-01	4.5485429717e+00
8.0480390466e-01	4.5575826467e+00
8.0491644079e-01	4.5722936899e+00
8.0509887908e-01	4.5963753685e+00
8.0537357440e-01	4.6363469470e+00
8.0526370360e-01	4.6650119212e+00
8.0516851366e-01	4.6642693297e+00
8.0507036276e-01	4.6633781267e+00
8.0496789774e-01	4.6623886126e+00
8.0486209540e-01	4.6613395297e+00
8.0475445839e-01	4.6602505531e+00
8.0464268420e-01	4.6591322300e+00
8.0452755862e-01	4.6579909973e+00
8.0440938460e-01	4.6568312266e+00
8.0428571714e-01	4.6556561069e+00
8.0415783268e-01	4.6544680765e+00
8.0402950616e-01	4.6532690624e+00
8.0390073372e-01	4.6520606334e+00
8.0377137110e-01	4.6508440920e+00
8.0364105857e-01	4.6496205367e+00
8.0351005856e-01	4.6483909129e+00
8.0337843878e-01	4.6471560402e+00
8.0324620862e-01	4.6459166428e+00
8.0311336998e-01	4.6446733695e+00
8.0297991718e-01	4.6434268098e+00
8.0284583973e-01	4.6421774961e+00
8.0271110875e-01	4.6409259362e+00
8.0257571584e-01	4.6396725918e+00
8.0243959320e-01	4.6384179073e+00
8.0230270610e-01	4.6371623062e+00
8.0216484731e-01	4.6359061912e+00
8.0202575647e-01	4.6346499507e+00
8.0188597450e-01	4.6333939553e+00
8.0174571096e-01	4.6321385530e+00
8.0160496577e-01	4.6308840651e+00
8.0146373760e-01	4.6296307462e+00
8.0132202429e-01	4.6283787870e+00
8.0117982446e-01	4.6271282813e+00
8.0103713336e-01	4.6258791923e+00
8.0089394302e-01	4.6246313017e+00
8.0075025072e-01	4.6233841795e+00
8.0060605188e-01	4.6221371355e+00
8.0046134239e-01	4.6208770056e+00
8.0031611731e-01	4.6196107290e+00
8.0017037165e-01	4.6183402755e+00
8.0002409839e-01	4.6170633435e+00
7.9987729176e-01	4.6157771880e+00
7.9972994467e-01	4.6144786313e+00
7.9958205129e-01	4.6131641586e+00
7.9943360466e-01	4.6118300174e+00
7.9928459869e-01	4.6104724045e+00
7.9913502850e-01	4.6090876780e+00
7.9898488825e-01	4.6076725549e+00
7.9883417577e-01	4.6062243907e+00
7.9868288773e-01	4.6047413358e+00
7.9853102239e-01	4.6032225130e+00
7.9837857824e-01	4.6016680825e+00
7.9822555580e-01	4.6000792534e+00
7.9807195440e-01	4.5984581606e+00
7.9791777392e-01	4.5968077210e+00
7.9776301406e-01	4.5951314032e+00
7.9760767461e-01	4.5934330161e+00
7.9745175472e-01	4.5917164854e+00
7.9729525328e-01	4.5899856465e+00
7.9713816882e-01	4.5882441026e+00
7.9698049948e-01	4.5864951203e+00
7.9682224307e-01	4.5847415647e+00
7.9666339709e-01	4.5829858804e+00
7.9650395825e-01	4.5812300935e+00
7.9634392401e-01	4.5794758568e+00
7.9618329132e-01	4.5777244782e+00
7.9602205731e-01	4.5759769758e+00
7.9586021799e-01	4.5742341129e+00
7.9569776852e-01	4.5724964553e+00
7.9553470541e-01	4.5707644307e+00
7.9537102481e-01	4.5690383424e+00
7.9520672193e-01	4.5673184027e+00
7.9504179204e-01	4.5656047681e+00
7.9487623159e-01	4.5638975551e+00
7.9471003743e-01	4.5621968558e+00
7.9454320553e-01	4.5605027487e+00
7.9437573105e-01	4.5588153073e+00
7.9420760930e-01	4.5571346042e+00
7.9403883879e-01	4.5554607138e+00
7.9386941900e-01	4.5537936927e+00
7.9369935172e-01	4.5521333725e+00
7.9352863004e-01	4.5504770910e+00
7.9335718545e-01	4.5487952908e+00
7.9318449645e-01	4.5467579633e+00
7.9314004440e-01	4.5446844675e+00
7.9313047390e-01	4.5434037392e+00
7.9312086710e-01	4.5418038645e+00
7.9311135456e-01	4.5400553722e+00
7.9310196144e-01	4.5384054867e+00
7.9309276693e-01	4.5371127239e+00
7.9308383835e-01	4.5362458905e+00
7.9307509380e-01	4.5356632308e+00
7.9306641762e-01	4.5352203977e+00
7.9305773309e-01	4.5348386438e+00
7.9304912898e-01	4.5345035645e+00
7.9304060454e-01	4.5341988717e+00
7.9303210618e-01	4.5339079857e+00
7.9302366435e-01	4.5336300157e+00
7.9301542463e-01	4.5333810735e+00
7.9300751795e-01	4.5331745778e+00
7.9300016773e-01	4.5330333249e+00
7.9299407002e-01	4.5330412486e+00
7.9299041395e-01	4.5333392965e+00
7.9299195688e-01	4.5342532099e+00
7.9300483424e-01	4.5365136201e+00
7.9303205620e-01	4.5403607784e+00
7.9308043854e-01	4.5466968432e+00
7.9316205013e-01	4.5569072013e+00
7.9329559605e-01	4.5735027813e+00
7.9351141458e-01	4.6007173394e+00
7.9381579649e-01	4.6460339634e+00
7.9365690690e-01	4.6649440243e+00
7.9356277261e-01	4.6641473303e+00
7.9346550788e-01	4.6632012564e+00
7.9336319052e-01	4.6621599138e+00
7.9325791251e-01	4.6610609993e+00
7.9315063177e-01	4.6599233337e+00
7.9303891291e-01	4.6587570510e+00
7.9292386142e-01	4.6575683904e+00
7.9280460426e-01	4.6563616225e+00
7.9267953821e-01	4.6551398784e+00
7.9255214704e-01	4.6539055558e+00
7.9242431501e-01	4.6526605556e+00
7.9229603893e-01	4.6514064323e+00
7.9216685839e-01	4.6501444730e+00
7.9203684911e-01	4.6488757672e+00
7.9190618499e-01	4.6476012479e+00
7.9177488068e-01	4.6463217305e+00
7.9164294285e-01	4.6450379329e+00
7.9151037022e-01	4.6437505007e+00
7.9137716235e-01	4.6424600114e+00
7.9124330582e-01	4.6411670023e+00
7.9110877262e-01	4.6398719751e+00
7.9097352909e-01	4.6385753907e+00
7.9083745552e-01	4.6372776896e+00
7.9070044121e-01	4.6359792843e+00
7.9056209198e-01	4.6346805840e+00
7.9042295291e-01	4.6333819774e+00
7.9028333764e-01	4.6320838443e+00
7.9014324589e-01	4.6307865349e+00
7.9000267714e-01	4.6294903535e+00
7.8986162908e-01	4.6281955488e+00
7.8972009981e-01	4.6269022985e+00
7.8957808419e-01	4.6256106836e+00
7.8943557552e-01	4.6243206412e+00
7.8929257125e-01	4.6230319339e+00
7.8914906626e-01	4.6217426896e+00
7.8900505780e-01	4.6204385619e+00
7.8886053993e-01	4.6191335208e+00
7.8871550919e-01	4.6178261162e+00
7.8856995860e-01	4.6165144397e+00
7.8842388237e-01	4.6151961340e+00
7.8827727493e-01	4.6138683860e+00
7.8813012824e-01	4.6125279402e+00
7.8798243563e-01	4.6111712111e+00
7.8783419176e-01	4.6097944119e+00
7.8768538955e-01	4.6083937026e+00
7.8753602353e-01	4.6069654373e+00
7.8738608859e-01	4.6055063754e+00
7.8723558227e-01	4.6040139442e+00
7.8708450078e-01	4.6024863996e+00
7.8693284389e-01	4.6009230205e+00
7.8678061003e-01	4.5993241272e+00
7.8662779831e-01	4.5976910815e+00
7.8647440968e-01	4.5960261944e+00
7.8632044364e-01	4.5943325170e+00
7.8616590006e-01	4.5926136271e+00
7.8601077859e-01	4.5908734041e+00
7.8585507806e-01	4.5891158057e+00
7.8569879832e-01	4.5873446795e+00
7.8554193743e-01	4.5855635965e+00
7.8538449355e-01	4.5837757742e+00
7.8522646405e-01	4.5819840094e+00
7.8506784684e-01	4.5801906788e+00
7.8490863952e-01	4.5783977434e+00
7.8474883867e-01	4.5766067728e+00
7.8458844056e-01	4.5748189983e+00
7.8442744219e-01	4.5730353811e+00
7.8426583866e-01	4.5712566293e+00
7.8410362589e-01	4.5694832673e+00
7.8394079940e-01	4.5677156738e+00
7.8377735477e-01	4.5659541174e+00
7.8361328904e-01	4.5641987880e+00
7.8344859859e-01	4.5624498207e+00
7.8328327923e-01	4.5607073154e+00
7.8311732588e-01	4.5589713514e+00
7.8295073485e-01	4.5572419945e+00
7.8278350541e-01	4.5555193134e+00
7.8261563804e-01	4.5538033779e+00
7.8244713517e-01	4.5520942548e+00
7.8227799159e-01	4.5503919927e+00
7.8210819259e-01	4.5486963581e+00
7.8193772640e-01	4.5469934723e+00
7.8176652400e-01	4.5452468014e+00
7.8159395328e-01	4.5430770706e+00
7.8156197200e-01	4.5411458860e+00
7.8155220326e-01	4.5398275064e+00
7.8154240574e-01	4.5381940102e+00
7.8153271719e-01	4.5364325371e+00
7.8152314957e-01	4.5347905319e+00
7.8151379840e-01	4.5335240091e+00
7.8150471972e-01	4.5326766356e+00
7.8149582773e-01	4.5321008781e+00
7.8148699028e-01	4.5316541093e+00
7.8147815223e-01	4.5312667758e+00
7.8146940005e-01	4.5309246728e+00
7.8146073437e-01	4.5306125631e+00
7.8145208323e-01	4.5303121167e+00
7.8144351380e-01	4.5300273568e+00
7.8143517434e-01	4.5297735442e+00
7.8142721798e-01	4.5295660115e+00
7.8141991359e-01	4.5294313880e+00
7.8141409392e-01	4.5294661343e+00
7.8141116060e-01	4.5298288644e+00
7.8141456566e-01	4.5309097921e+00
7.8143155587e-01	4.5335357441e+00
7.8146548433e-01	4.5379767446e+00
7.8152469012e-01	4.5452715380e+00
7.8162349787e-01	4.5573989457e+00
7.8925481806e-01	4.5549689536e+00
7.8928104973e-01	4.5585869383e+00
7.8932747513e-01	4.5645732750e+00
7.8940557887e-01	4.5743598096e+00
7.8953347930e-01	4.5903440162e+00
7.8974026450e-01	4.6166635082e+00
7.8983758604e-01	4.6602799307e+00
7.8974823625e-01	4.6654383918e+00
7.8108849472e-01	4.6694767011e+00
7.8098833925e-01	4.6694667108e+00
7.8088348408e-01	4.6694595061e+00
7.8077044427e-01	4.6694735217e+00
7.8065216871e-01	4.6695377096e+00
7.8053008680e-01	4.6695991671e+00
7.8040270413e-01	4.6695306538e+00
7.8027055119e-01	4.6692373788e+00
7.8013134169e-01	4.6686891716e+00
7.7999090552e-01	4.6678973543e+00
7.7984966566e-01	4.6668900594e+00
7.7970734389e-01	4.6656987123e+00
7.7956415536e-01	4.6643525222e+00
7.7942016953e-01	4.6628769868e+00
7.7927541707e-01	4.6612939068e+00
7.7912991588e-01	4.6596219457e+00
7.7898367875e-01	4.6578771763e+00
7.7883671049e-01	4.6560735100e+00
7.7868900295e-01	4.6542230041e+00
7.7854053419e-01	4.6523360976e+00
7.7839127666e-01	4.6504217039e+00
7.7824118730e-01	4.6484873856e+00
7.7809021810e-01	4.6465394462e+00
7.7793813433e-01	4.6445830822e+00
7.7778462089e-01	4.6426224814e+00
7.7763018137e-01	4.6406609864e+00
7.7747517391e-01	4.6387012095e+00
7.7731959844e-01	4.6367451655e+00
7.7716345651e-01	4.6347943750e+00
7.7700674701e-01	4.6328499416e+00
7.7684946737e-01	4.6309126793e+00
7.7669160614e-01	4.6289831489e+00
7.7653315846e-01	4.6270617281e+00
7.7637412081e-01	4.6251284550e+00
7.7621449012e-01	4.6231996438e+00
7.7605426269e-01	4.6212796558e+00
7.7589343480e-01	4.6193685747e+00
7.7573200268e-01	4.6174664616e+00
7.7556996251e-01	4.6155733666e+00
7.7540731051e-01	4.6136893369e+00
7.7524404282e-01	4.6118144199e+00
7.7508015530e-01	4.6099486616e+00
7.7491564449e-01	4.6080921012e+00
7.7475050556e-01	4.6062445581e+00
7.7458473036e-01	4.6044035713e+00
7.7441826530e-01	4.6025419940e+00
7.7425063461e-01	4.6003693393e+00
7.7419338061e-01	4.5979004172e+00
7.7418368446e-01	4.5965289289e+00
7.7417397374e-01	4.5948646461e+00
7.7416438447e-01	4.5931135784e+00
7.7415492220e-01	4.5915176169e+00
7.7414566280e-01	4.5902951643e+00
7.7413666678e-01	4.5894680789e+00
7.7412785046e-01	4.5888890584e+00
7.7411908442e-01	4.5884261375e+00
7.7411030837e-01	4.5880164047e+00
7.7410162111e-01	4.5876506767e+00
7.7409302428e-01	4.5873149268e+00
7.7408444135e-01	4.5869906502e+00
7.7407593953e-01	4.5866820361e+00
7.7406767847e-01	4.5864059658e+00
7.7405981789e-01	4.5861787843e+00
7.7405263186e-01	4.5860282000e+00
7.7404699580e-01	4.5860567495e+00
7.7404437624e-01	4.5864327294e+00
7.7404838121e-01	4.5875702039e+00
7.7406641089e-01	4.5903234296e+00
7.7410190592e-01	4.5949963427e+00
7.7416359186e-01	4.6027058497e+00
7.7426648240e-01	4.6153386059e+00
7.7442192169e-01	4.6359882143e+00
7.7442340007e-01	4.6701026413e+00
7.7432423940e-01	4.6696381493e+00
7.7422386543e-01	4.6687313889e+00
7.7412033194e-01	4.6676760597e+00
7.7401383097e-01	4.6665311895e+00
7.7390170227e-01	4.6653322046e+00
7.7378708420e-01	4.6640964076e+00
7.7366896133e-01	4.6628332398e+00
7.7354673750e-01	4.6615486191e+00
7.7341934143e-01	4.6602466500e+00
7.7328531071e-01	4.6589303672e+00
7.7315061518e-01	4.6576021032e+00
7.7301545127e-01	4.6562637252e+00
7.7287935174e-01	4.6549167550e+00
7.7274226605e-01	4.6535624577e+00
7.7260445021e-01	4.6522019047e+00
7.7246592434e-01	4.6508360146e+00
7.7232671249e-01	4.6494655930e+00
7.7218680666e-01	4.6480913493e+00
7.7204618962e-01	4.6467139114e+00
7.7190482673e-01	4.6453338580e+00
7.7176268483e-01	4.6439517183e+00
7.7161971341e-01	4.6425679807e+00
7.7147575852e-01	4.6411831065e+00
7.7133042438e-01	4.6397975275e+00
7.7118371740e-01	4.6384116657e+00
7.7103648692e-01	4.6370259402e+00
7.7088875564e-01	4.6356407419e+00
7.7074052503e-01	4.6342564453e+00
7.7059179383e-01	4.6328733837e+00
7.7044255992e-01	4.6314918495e+00
7.7029281602e-01	4.6301120791e+00
7.7014255639e-01	4.6287342264e+00
7.6999177727e-01	4.6273583295e+00
7.6984047461e-01	4.6259746394e+00
7.6968864579e-01	4.6245846559e+00
7.6953628726e-01	4.6231957983e+00
7.6938339336e-01	4.6218072547e+00
7.6922996015e-01	4.6204178829e+00
7.6907598093e-01	4.6190261153e+00
7.6892145031e-01	4.6176299553e+00
7.6876636221e-01	4.6162269301e+00
7.6861070843e-01	4.6148140826e+00
7.6845448226e-01	4.6133880502e+00
7.6829767697e-01	4.6119451371e+00
7.6814028480e-01	4.6104814474e+00
7.6798229851e-01	4.6089930874e+00
7.6782371345e-01	4.6074764156e+00
7.6766452349e-01	4.6059282374e+00
7.6750472605e-01	4.6043460975e+00
7.6734431777e-01	4.6027284364e+00
7.6718329693e-01	4.6010747486e+00
7.6702166258e-01	4.5993856245e+00
7.6685941377e-01	4.5976626993e+00
7.6669655159e-01	4.5959085466e+00
7.6653307549e-01	4.5941264441e+00
7.6636898486e-01	4.5923201410e+00
7.6620428040e-01	4.5904936481e+00
7.6603896037e-01	4.5886509771e+00
7.6587302466e-01	4.5867959816e+00
7.6570647124e-01	4.5849321916e+00
7.6553929812e-01	4.5830627487e+00
7.6537150297e-01	4.5811903542e+00
7.6520308199e-01	4.5793172663e+00
7.6503403115e-01	4.5774453243e+00
7.6486434634e-01	4.5755759814e+00
7.6469402350e-01	4.5737103704e+00
7.6452305935e-01	4.5718493469e+00
7.6435144993e-01	4.5699935267e+00
7.6417919206e-01	4.5681433694e+00
7.6400628097e-01	4.5662991926e+00
7.6383271162e-01	4.5644612098e+00
7.6365848214e-01	4.5626295661e+00
7.6348359234e-01	4.5608043716e+00
7.6330804226e-01	4.5589856974e+00
7.6313183483e-01	4.5571736037e+00
7.6295495948e-01	4.5553681409e+00
7.6277740368e-01	4.5535693603e+00
7.6259916232e-01	4.5517650794e+00
7.6242023415e-01	4.5499573697e+00
7.6224061425e-01	4.5481566027e+00
7.6206029787e-01	4.5463624041e+00
7.6187927064e-01	4.5445698994e+00
7.6169742524e-01	4.5427257757e+00
7.6151803150e-01	4.5402646799e+00
7.6150528273e-01	4.5386734758e+00
7.6149472118e-01	4.5372863811e+00
7.6148413033e-01	4.5355937553e+00
7.6147366716e-01	4.5338085596e+00
7.6146332974e-01	4.5321754266e+00
7.6145325077e-01	4.5309412287e+00
7.6144347147e-01	4.5301139595e+00
7.6143389478e-01	4.5295400011e+00
7.6142435548e-01	4.5290804100e+00
7.6141483156e-01	4.5286784593e+00
7.6140540516e-01	4.5283202793e+00
7.6139607853e-01	4.5279919170e+00
7.6138674839e-01	4.5276722471e+00
7.6137754294e-01	4.5273724087e+00
7.6136861618e-01	4.5271067073e+00
7.6136014477e-01	4.5268914955e+00
7.6135252314e-01	4.5267655333e+00
7.6134677248e-01	4.5268386388e+00
7.6134468249e-01	4.5273000017e+00
7.6135095962e-01	4.5286465269e+00
7.6137119430e-01	4.5314085646e+00
7.6140977175e-01	4.5360453790e+00
7.6147633799e-01	4.5436460562e+00
7.6158694875e-01	4.5559652943e+00
7.6176653356e-01	4.5765991601e+00
7.6508539057e-01	4.5738810830e+00
7.6495985668e-01	4.5739570672e+00
7.6483349601e-01	4.5737604348e+00
7.6470654760e-01	4.5731036431e+00
7.6457909507e-01	4.5721865276e+00
7.6445117485e-01	4.5711368401e+00
7.6432280383e-01	4.5700162245e+00
7.6419398996e-01	4.5688546297e+00
7.6406473604e-01	4.5676673410e+00
7.6393503848e-01	4.5664626154e+00
7.6380489341e-01	4.5652451811e+00
7.6367430215e-01	4.5640179196e+00
7.6354326404e-01	4.5627826951e+00
7.6341177660e-01	4.5615408010e+00
7.6327983650e-01	4.5602931829e+00
7.6314744559e-01	4.5590405865e+00
7.6301460551e-01	4.5577836251e+00
7.6288131923e-01	4.5565228336e+00
7.6274758625e-01	4.5552586775e+00
7.6261340203e-01	4.5539915919e+00
7.6247875623e-01	4.5527219824e+00
7.6234364684e-01	4.5514502168e+00
7.6220807124e-01	4.5501684051e+00
7.6207202824e-01	4.5488773073e+00
7.6193551508e-01	4.5475850246e+00
7.6179852946e-01	4.5462918011e+00
7.6166106895e-01	4.5449978093e+00
7.6152312968e-01	4.5437031122e+00
7.6138470900e-01	4.5424076549e+00
7.6124580350e-01	4.5411112055e+00
7.6110640942e-01	4.5398133112e+00
7.6096652268e-01	4.5385132480e+00
7.6082613852e-01	4.5372099591e+00
7.6068525223e-01	4.5359020058e+00
7.6054385806e-01	4.5345875192e+00
7.6040194994e-01	4.5332641733e+00
7.6025952196e-01	4.5319291912e+00
7.6011656681e-01	4.5305793697e+00
7.5997307769e-01	4.5292111753e+00
7.5982904738e-01	4.5278208659e+00
7.5968447082e-01	4.5264046947e+00
7.5953934196e-01	4.5249590997e+00
7.5939365622e-01	4.5234809519e+00
7.5924740952e-01	4.5219677873e+00
7.5910060045e-01	4.5204180272e+00
7.5895322694e-01	4.5188310842e+00
7.5880528771e-01	4.5172074363e+00
7.5865678367e-01	4.5155486117e+00
7.5850771449e-01	4.5138570353e+00
7.5835808047e-01	4.5121358651e+00
7.5820788183e-01	4.5103887476e+00
7.5805711856e-01	4.5086195931e+00
7.5790579034e-01	4.5068323594e+00
7.5775389642e-01	4.5050308482e+00
7.5760143551e-01	4.5032185781e+00
7.5744840427e-01	4.5013986902e+00
7.5729479989e-01	4.4995739048e+00
7.5714061848e-01	4.4977465035e+00
7.5698585763e-01	4.4959183778e+00
7.5683051328e-01	4.4940910237e+00
7.5667458270e-01	4.4922656183e+00
7.5651806398e-01	4.4904430637e+00
7.5636095517e-01	4.4886240343e+00
7.5620325653e-01	4.4868090399e+00
7.5604496732e-01	4.4849984396e+00
7.5588608810e-01	4.4831925085e+00
7.5572661433e-01	4.4813914400e+00
7.5556653352e-01	4.4795953801e+00
7.5540584073e-01	4.4778039108e+00
7.5524453339e-01	4.4759957384e+00
7.5508260878e-01	4.4741929793e+00
7.5492006360e-01	4.4723957378e+00
7.5475689369e-01	4.4706041094e+00
7.5459309488e-01	4.4688181701e+00
7.5442866316e-01	4.4670377451e+00
7.5426358848e-01	4.4652598047e+00
7.5409780393e-01	4.4634505766e+00
7.5393070844e-01	4.4612482633e+00
7.5389046561e-01	4.4590878152e+00
7.5388028236e-01	4.4576943046e+00
7.5387004766e-01	4.4559805342e+00
7.5385992285e-01	4.4541587023e+00
7.5384990650e-01	4.4524799775e+00
7.5384015935e-01	4.4512074041e+00
7.5383073455e-01	4.4503540091e+00
7.5382153228e-01	4.4497646141e+00
7.5381236392e-01	4.4492944210e+00
7.5380322699e-01	4.4488873954e+00
7.5379419706e-01	4.4485261826e+00
7.5378527674e-01	4.4481960500e+00
7.5377633936e-01	4.4478735943e+00
7.5376756294e-01	4.4475745887e+00
7.5375910388e-01	4.4473121649e+00
7.5375115948e-01	4.4471034575e+00
7.5374424633e-01	4.4469981811e+00
7.5373954859e-01	4.4471163226e+00
7.5373922591e-01	4.4476744212e+00
7.5374924745e-01	4.4492703758e+00
7.5377291617e-01	4.4521404013e+00
7.5381600026e-01	4.4569196001e+00
7.5388918255e-01	4.4647191166e+00
7.5400969094e-01	4.4773331398e+00
7.5420415716e-01	4.4974070136e+00
7.5451461338e-01	4.5297369034e+00
7.5500523924e-01	4.5820113836e+00
7.5544916205e-01	4.6682322290e+00
7.5534798193e-01	4.6723497334e+00
7.5098467907e-01	4.6730468404e+00
7.5088271576e-01	4.6718428883e+00
7.5077581259e-01	4.6705771128e+00
7.5066486963e-01	4.6692662691e+00
7.5055140980e-01	4.6679226555e+00
7.5043202287e-01	4.6665540047e+00
7.5030810115e-01	4.6651655147e+00
7.5017668663e-01	4.6637609275e+00
7.5004366070e-01	4.6623430570e+00
7.4991017566e-01	4.6609141071e+00
7.4977560910e-01	4.6594758492e+00
7.4964001306e-01	4.6580297339e+00
7.4950360869e-01	4.6565769753e+00
7.4936647397e-01	4.6551186040e+00
7.4922860714e-01	4.6536555091e+00
7.4908999581e-01	4.6521884596e+00
7.4895061775e-01	4.6507181411e+00
7.4881044045e-01	4.6492451737e+00
7.4866938410e-01	4.6477701160e+00
7.4852729473e-01	4.6462934742e+00
7.4838380115e-01	4.6448157239e+00
7.4823865605e-01	4.6433373251e+00
7.4809293439e-01	4.6418587251e+00
7.4794672336e-01	4.6403803513e+00
7.4780002484e-01	4.6389026114e+00
7.4765283911e-01	4.6374258878e+00
7.4750516248e-01	4.6359505232e+00
7.4735698575e-01	4.6344768341e+00
7.4720830528e-01	4.6330050871e+00
7.4705911623e-01	4.6315334268e+00
7.4690941673e-01	4.6300472856e+00
7.4675920387e-01	4.6285634632e+00
7.4660847388e-01	4.6270818081e+00
7.4645722288e-01	4.6256019698e+00
7.4630544716e-01	4.6241233481e+00
7.4615314078e-01	4.6226450182e+00
7.4600029942e-01	4.6211657029e+00
7.4584691775e-01	4.6196836950e+00
7.4569298888e-01	4.6181968119e+00
7.4553850538e-01	4.6167023879e+00
7.4538346123e-01	4.6151973029e+00
7.4522784835e-01	4.6136780114e+00
7.4507165926e-01	4.6121406703e+00
7.4491488676e-01	4.6105812993e+00
7.4475752424e-01	4.6089959908e+00
7.4459956590e-01	4.6073811555e+00
7.4444100638e-01	4.6057337680e+00
7.4428184269e-01	4.6040516258e+00
7.4412207294e-01	4.6023335221e+00
7.4396169500e-01	4.6005793432e+00
7.4380070750e-01	4.5987900950e+00
7.4363911149e-01	4.5969678433e+00
7.4347690642e-01	4.5951155072e+00
7.4331409240e-01	4.5932366600e+00
7.4315066936e-01	4.5913352526e+00
7.4298663699e-01	4.5894153987e+00
7.4282199453e-01	4.5874811360e+00
7.4265673883e-01	4.5855362428e+00
7.4249086786e-01	4.5835841559e+00
7.4232437831e-01	4.5816278555e+00
7.4215726657e-01	4.5796698616e+00
7.4198953111e-01	4.5777122581e+00
7.4182116902e-01	4.5757567042e+00
7.4165217679e-01	4.5738044970e+00
7.4148254883e-01	4.5718566106e+00
7.4131228294e-01	4.5699137666e+00
7.4114137807e-01	4.5679764788e+00
7.4096983490e-01	4.5660451167e+00
7.4079765555e-01	4.5641199203e+00
7.4062484120e-01	4.5622010514e+00
7.4045137659e-01	4.5602886154e+00
7.4027725145e-01	4.5583826667e+00
7.4010246157e-01	4.5564676251e+00
7.3992700577e-01	4.5545509782e+00
7.3975087947e-01	4.5526410784e+00
7.3957407841e-01	4.5507379744e+00
7.3939659828e-01	4.5488417211e+00
7.3921843448e-01	4.5469523717e+00
7.3903958305e-01	4.5450699213e+00
7.3886003728e-01	4.5431935503e+00
7.3867977430e-01	4.5413137322e+00
7.3849859289e-01	4.5393271047e+00
7.3835870887e-01	4.5361697419e+00
7.3834779899e-01	4.5348698343e+00
7.3833680888e-01	4.5332323668e+00
7.3832589256e-01	4.5314079356e+00
7.3831515862e-01	4.5296788550e+00
7.3830457027e-01	4.5282602247e+00
7.3829433389e-01	4.5272898248e+00
7.3828434920e-01	4.5266260951e+00
7.3827449218e-01	4.5261197074e+00
7.3826457908e-01	4.5256735081e+00
7.3825477885e-01	4.5252797805e+00
7.3824509003e-01	4.5249203919e+00
7.3823544328e-01	4.5245775403e+00
7.3822585630e-01	4.5242475409e+00
7.3821655049e-01	4.5239508701e+00
7.3820770728e-01	4.5237034508e+00
7.3819960646e-01	4.5235320240e+00
7.3819319343e-01	4.5235439845e+00
7.3819037634e-01	4.5239719537e+00
7.3820009423e-01	4.5259071026e+00
7.3822637253e-01	4.5293697915e+00
7.3826911810e-01	4.5344456621e+00
7.3833296570e-01	4.5416466442e+00
7.3843278937e-01	4.5525349202e+00
7.3859892010e-01	4.5701771268e+00
7.3887091860e-01	4.5990477834e+00
7.3928342248e-01	4.6471805379e+00
7.3918239597e-01	4.6746644697e+00
7.3908196728e-01	4.6736524478e+00
7.3904104097e-01	5.1574351159e+00
7.3843724218e-01	5.5726874403e+00
7.3808834891e-01	5.9184488482e+00
7.3796497288e-01	6.2144754528e+00
7.3783181700e-01	6.4730347666e+00
7.3769384932e-01	6.7032650224e+00
7.3755516311e-01	6.9106494305e+00
7.3741585702e-01	7.0994054838e+00
7.3727595672e-01	7.2725888292e+00
7.3713460817e-01	7.4325481888e+00
7.3699174756e-01	7.5811347243e+00
7.3684795184e-01	7.7197964937e+00
7.3670331454e-01	7.8495797156e+00
7.3655785605e-01	7.9721363080e+00
7.3641159662e-01	8.0879379343e+00
7.3626450284e-01	8.1976808229e+00
7.3611654985e-01	8.3019799907e+00
7.3596763486e-01	8.4013526560e+00
7.3581769482e-01	8.4962617875e+00
7.3566635900e-01	8.5871061817e+00
7.3551356309e-01	8.6742441272e+00
7.3536018472e-01	8.7579429450e+00
7.3520628295e-01	8.8384836958e+00
7.3505185462e-01	8.9161009396e+00
7.3489689675e-01	8.9909924215e+00
7.3474140464e-01	9.0633472714e+00
7.3458537161e-01	9.1333336444e+00
7.3442878403e-01	9.2011084196e+00
7.3427163004e-01	9.2668372208e+00
7.3411390225e-01	9.3306349097e+00
7.3395559313e-01	9.3926171190e+00
7.3379669713e-01	9.4529387971e+00
7.3363720769e-01	9.5116305364e+00
7.3347712017e-01	9.5687937389e+00
7.3331643124e-01	9.6244961647e+00
7.3315513807e-01	9.6788153951e+00
7.3299324102e-01	9.7318080769e+00
7.3283073847e-01	9.7835519277e+00
7.3266763134e-01	9.8340878805e+00
7.3250392010e-01	9.8834921287e+00
7.3233960584e-01	9.9318126427e+00
7.3217468806e-01	9.9791156843e+00
7.3200916657e-01	1.0025433702e+01
7.3184304069e-01	1.0070820835e+01
7.3167630829e-01	1.0115313519e+01
7.3150896906e-01	1.0158948087e+01
7.3134102103e-01	1.0201758867e+01
7.3117246108e-01	1.0243773979e+01
7.3100328625e-01	1.0285023751e+01
7.3083349342e-01	1.0325536125e+01
7.3066307906e-01	1.0365338415e+01
7.3049203951e-01	1.0404445972e+01
7.3032037047e-01	1.0442884360e+01
7.3014806879e-01	1.0480675415e+01
7.2997512732e-01	1.0517840725e+01
7.2980153989e-01	1.0554402146e+01
7.2962730069e-01	1.0590379773e+01
7.2945240629e-01	1.0625789533e+01
7.2927685372e-01	1.0660649686e+01
7.2910063736e-01	1.0694978500e+01
7.2892375331e-01	1.0728804938e+01
7.2874620022e-01	1.0762134534e+01
7.2856798150e-01	1.0794979895e+01
7.2838910333e-01	1.0827360184e+01
7.2820955784e-01	1.0859296504e+01
7.2802932465e-01	1.0890816572e+01
7.2784839818e-01	1.0921920971e+01
7.2766676448e-01	1.0952618863e+01
7.2748428468e-01	1.0982919334e+01
7.2730915543e-01	1.1012844800e+01
7.2729554119e-01	1.1042447200e+01
7.2728404925e-01	1.1071688432e+01
7.2727256916e-01	1.1100590382e+01
7.2726128284e-01	1.1129193952e+01
7.2725012669e-01	1.1157460194e+01
7.2723928195e-01	1.1185405733e+01
7.2722875750e-01	1.1213028676e+01
7.2721844535e-01	1.1240335408e+01
7.2720810638e-01	1.1267342372e+01
7.2719780622e-01	1.1294046879e+01
7.2718760642e-01	1.1320453748e+01
7.2717749681e-01	1.1346581990e+01
7.2716724079e-01	1.1372425568e+01
7.2715706063e-01	1.1398001673e+01
7.2714696974e-01	1.1423306881e+01
7.2713685788e-01	1.1448344029e+01
7.2712672642e-01	1.1473132423e+01
7.2711673119e-01	1.1497663101e+01
7.2710686865e-01	1.1521896736e+01
7.2709714582e-01	1.1545898830e+01
7.2708964873e-01	1.1569684961e+01
7.2708345576e-01	1.1593248436e+01
7.2707859631e-01	1.1616601571e+01
7.2707514874e-01	1.1639747394e+01
7.2707346147e-01	1.1662683663e+01
7.2707391053e-01	1.1685380391e+01
7.2707716410e-01	1.1707912997e+01
7.2708487266e-01	1.1730251071e+01
7.2709706610e-01	1.1752389675e+01
7.2711067215e-01	1.1774351996e+01
7.2712485549e-01	1.1796127722e+01
7.2713926082e-01	1.1817697713e+01
7.2715380321e-01	1.1839087274e+01
7.2716833573e-01	1.1860329663e+01
7.2718274778e-01	1.1881399121e+01
7.2719699455e-01	1.1902297762e+01
7.2721104870e-01	1.1923033125e+01
7.2722490111e-01	1.1943576147e+01
7.2723854187e-01	1.1963964902e+01
7.2725193643e-01	1.1984190122e+01
7.2726510296e-01	1.2004283926e+01
7.2727799877e-01	1.2024221094e+01
7.2729063659e-01	1.2044010459e+01
7.2730300205e-01	1.2063645250e+01
7.2731511065e-01	1.2083121350e+01
7.2732698084e-01	1.2102470760e+01
7.2733858078e-01	1.2121672890e+01
7.2734990489e-01	1.2140724186e+01
7.2736096406e-01	1.2159629195e+01
7.2737177137e-01	1.2178401867e+01
7.2738231836e-01	1.2197040041e+01
7.2739257866e-01	1.2215552655e+01
7.2740263936e-01	1.2233950523e+01
7.2741245295e-01	1.2252214263e+01
7.2742204222e-01	1.2270354762e+01
7.2743140765e-01	1.2288367922e+01
7.2744054228e-01	1.2306258677e+01
7.2744945343e-01	1.2324029926e+01
7.2745813670e-01	1.2341675875e+01
7.2746660093e-01	1.2359206694e+01
7.2747484950e-01	1.2376622640e+01
7.2748288429e-01	1.2393920237e+01
7.2749070795e-01	1.2411106777e+01
7.2749832640e-01	1.2428175481e+01
7.2750574994e-01	1.2445137821e+01
7.2751298101e-01	1.2461993149e+01
7.2752002208e-01	1.2478737252e+01
7.2752688055e-01	1.2495378245e+01
7.2753356048e-01	1.2511917298e+01
7.2754006257e-01	1.2528349232e+01
7.2754639637e-01	1.2544681863e+01
7.2755257018e-01	1.2560917347e+01
7.2755858599e-01	1.2577049579e+01
7.2756444612e-01	1.2593086049e+01
7.2757015069e-01	1.2609028494e+01
7.2757570019e-01	1.2624870833e+01
7.2758110129e-01	1.2640621200e+01
7.2758635759e-01	1.2656279966e+01
7.2759146949e-01	1.2671842795e+01
7.2759644328e-01	1.2687316408e+01
7.2760128274e-01	1.2702702707e+01
7.2760598742e-01	1.2717995555e+01
7.2761056407e-01	1.2733203163e+01
7.2761501575e-01	1.2748326464e+01
7.2761934209e-01	1.2763359897e+01
7.2762354914e-01	1.2778310470e+01
7.2762764454e-01	1.2793178785e+01
7.2763162286e-01	1.2807958251e+01
7.2763549039e-01	1.2822658921e+01
7.2763925270e-01	1.2837286086e+01
7.2764290868e-01	1.2851834329e+01
7.2764646467e-01	1.2866311683e+01
7.2764992276e-01	1.2880718351e+01
7.2765328224e-01	1.2895050412e+01
7.2765654632e-01	1.2909312767e+01
7.2765972118e-01	1.2923505670e+01
7.2766280488e-01	1.2937628329e+01
7.2766580248e-01	1.2951679186e+01
7.2766873597e-01	1.2965657842e+01
7.2767156770e-01	1.2979576318e+01
7.2767431441e-01	1.2993425121e+01
7.2767698319e-01	1.3007209104e+01
7.2767957537e-01	1.3020929504e+01
7.2768209114e-01	1.3034585948e+01
7.2768453012e-01	1.3048173628e+01
7.2768689870e-01	1.3061699025e+01
7.2768919775e-01	1.3075162999e+01
7.2769142505e-01	1.3088560388e+01
7.2769358633e-01	1.3101897348e+01
7.2769568629e-01	1.3115175303e+01
7.2769772168e-01	1.3128393893e+01
7.2769969075e-01	1.3141547027e+01
7.2770159808e-01	1.3154641591e+01
7.2770344487e-01	1.3167678359e+01
7.2770523146e-01	1.3180655354e+01
7.2770695619e-01	1.3193566862e+01
7.2770862345e-01	1.3206420012e+01
7.2771023453e-01	1.3219215599e+01
7.2771179262e-01	1.3231949398e+01
7.2771329743e-01	1.3244624078e+01
7.2771474964e-01	1.3257243060e+01
7.2771615062e-01	1.3269806814e+01
7.2771749786e-01	1.3282308850e+01
7.2771879615e-01	1.3294756048e+01
7.2772004641e-01	1.3307149844e+01
7.2772124958e-01	1.3319490147e+01
7.2772240309e-01	1.3331770184e+01
7.2772351719e-01	1.3343997653e+01
7.2772458729e-01	1.3356173817e+01
7.2772561415e-01	1.3368298383e+01
7.2772659715e-01	1.3380365084e+01
7.2772754166e-01	1.3392381324e+01
7.2772844566e-01	1.3404348162e+01
7.2772931019e-01	1.3416265115e+01
7.2773013328e-01	1.3428127810e+01
7.2773091815e-01	1.3439940455e+01
7.2773166574e-01	1.3451705388e+01
7.2773237693e-01	1.3463421914e+01
7.2773305215e-01	1.3475090958e+01
7.2773369000e-01	1.3486707043e+01
7.2773429359e-01	1.3498276563e+01
7.2773486342e-01	1.3509799775e+01
7.2773540303e-01	1.3521277190e+01
7.2773590828e-01	1.3532703187e+01
7.2773638218e-01	1.3544083785e+01
7.2773682510e-01	1.3555420048e+01
7.2773723811e-01	1.3566712244e+01
7.2773761863e-01	1.3577954718e+01
7.2773797020e-01	1.3589153258e+01
7.2773829665e-01	1.3600309446e+01
7.2773859709e-01	1.3611423741e+01
7.2773887044e-01	1.3622496058e+01
7.2773911408e-01	1.3633519778e+01
7.2773933177e-01	1.3644502177e+01
7.2773952379e-01	1.3655443580e+01
7.2773969067e-01	1.3666344191e+01
7.2773983017e-01	1.3677198148e+01
7.2773994556e-01	1.3688011853e+01
7.2774003715e-01	1.3698785733e+01
7.2774010559e-01	1.3709520290e+01
7.2774015132e-01	1.3720215806e+01
7.2774017188e-01	1.3730866045e+01
7.2774017035e-01	1.3741477442e+01
7.2774014753e-01	1.3752050963e+01
7.2774010385e-01	1.3762587010e+01
7.2774004199e-01	1.3773085143e+01
7.2773995918e-01	1.3783539569e+01
7.2773985645e-01	1.3793957024e+01
7.2773973458e-01	1.3804338507e+01
7.2773959356e-01	1.3814683487e+01
7.2773943363e-01	1.3824991898e+01
7.2773925259e-01	1.3835258352e+01
7.2773905365e-01	1.3845489735e+01
7.2773883712e-01	1.3855686005e+01
7.2773860322e-01	1.3865847282e+01
7.2773835185e-01	1.3875972915e+01
7.2773808437e-01	1.3886058513e+01
7.2773780142e-01	1.3896110309e+01
7.2773750252e-01	1.3906128405e+01
7.2773718791e-01	1.3916112825e+01
7.2773686204e-01	1.3926063070e+01
7.2773651824e-01	1.3935974028e+01
7.2773616009e-01	1.3945851984e+01
7.2773578924e-01	1.3955697242e+01
7.2773540386e-01	1.3965509794e+01
7.2773500408e-01	1.3975289573e+01
7.2773458762e-01	1.3985031036e+01
7.2773415747e-01	1.3994740741e+01
7.2773374025e-01	1.4004479370e+01
7.2773330922e-01	1.4014186876e+01
7.2773286600e-01	1.4023863287e+01
7.2773240734e-01	1.4033502995e+01
7.2773193621e-01	1.4043112274e+01
7.2773145555e-01	1.4052691365e+01
7.2773096373e-01	1.4062240674e+01
7.2773046162e-01	1.4071760321e+01
7.2772994617e-01	1.4081246852e+01
7.2772945455e-01	1.4090700594e+01
7.2772890901e-01	1.4100128181e+01
7.2772835908e-01	1.4109526888e+01
7.2772780405e-01	1.4118896825e+01
7.2772724208e-01	1.4128237520e+01
7.2772666968e-01	1.4137544248e+01
7.2772609208e-01	1.4146822561e+01
7.2772550545e-01	1.4156073101e+01
7.2772491017e-01	1.4165296024e+01
7.2772430838e-01	1.4174491054e+01
7.2772369559e-01	1.4183656297e+01
7.2772307101e-01	1.4192789623e+01
7.2772243677e-01	1.4201896248e+01
7.2772179287e-01	1.4210976140e+01
7.2772113947e-01	1.4220029470e+01
7.2772047624e-01	1.4229055494e+01
7.2771980112e-01	1.4238049003e+01
7.2771911698e-01	1.4247016322e+01
7.2771842403e-01	1.4255958001e+01
7.2771772237e-01	1.4264874120e+01
7.2771701460e-01	1.4273764373e+01
7.2771629969e-01	1.4282628322e+01
7.2771557376e-01	1.4291460545e+01
7.2771483990e-01	1.4300268019e+01
7.2771409818e-01	1.4309050950e+01
7.2771334855e-01	1.4317809184e+01
7.2771259093e-01	1.4326542180e+01
7.2771182534e-01	1.4335249764e+01
7.2771105007e-01	1.4343927677e+01
7.2771026776e-01	1.4352581892e+01
7.2770948131e-01	1.4361212162e+01
7.2770869162e-01	1.4369818361e+01
7.2770789617e-01	1.4378400417e+01
7.2770709370e-01	1.4386958352e+01
7.2770628217e-01	1.4395487137e+01
7.2770546421e-01	1.4403992738e+01
7.2770463966e-01	1.4412474839e+01
7.2770380865e-01	1.4420933748e+01
7.2770297126e-01	1.4429369363e+01
7.2770212742e-01	1.4437781349e+01
7.2770127497e-01	1.4446164370e+01
7.2770041762e-01	1.4454523187e+01
7.2769955669e-01	1.4462858882e+01
7.2769868971e-01	1.4471171579e+01
7.2769781664e-01	1.4479460959e+01
7.2769693744e-01	1.4487726791e+01
7.2769605216e-01	1.4495969016e+01
7.2769516204e-01	1.4504183546e+01
7.2769426657e-01	1.4512375926e+01
7.2769336566e-01	1.4520546090e+01
7.2769245932e-01	1.4528693888e+01
7.2769155030e-01	1.4536819118e+01
7.2769064062e-01	1.4544921857e+01
7.2768972393e-01	1.4552996823e+01
7.2768880229e-01	1.4561050458e+01
7.2768787592e-01	1.4569082590e+01
7.2768694468e-01	1.4577093289e+01
7.2768600864e-01	1.4585082490e+01
7.2768506778e-01	1.4593050076e+01
7.2768412212e-01	1.4600996018e+01
7.2768317193e-01	1.4608915756e+01
7.2768221927e-01	1.4616814892e+01
7.2768126231e-01	1.4624693471e+01
7.2768030111e-01	1.4632551522e+01
7.2767933566e-01	1.4640388951e+01
7.2767836596e-01	1.4648205590e+01
7.2767739121e-01	1.4655999431e+01
7.2767641135e-01	1.4663770283e+01
7.2767542776e-01	1.4671521384e+01
7.2767444374e-01	1.4679252754e+01
7.2767345646e-01	1.4686964520e+01
7.2767246541e-01	1.4694656354e+01
7.2767147357e-01	1.4702328293e+01
7.2767047767e-01	1.4709977070e+01
7.2766947764e-01	1.4717604867e+01
7.2766847435e-01	1.4725213686e+01
7.2766746776e-01	1.4732803556e+01
7.2766645798e-01	1.4740374645e+01
7.2766544489e-01	1.4747926593e+01
7.2766442848e-01	1.4755459309e+01
7.2766340775e-01	1.4762970269e+01
7.2766238306e-01	1.4770460305e+01
7.2766135551e-01	1.4777932138e+01
7.2766032516e-01	1.4785385862e+01
7.2765929205e-01	1.4792821565e+01
7.2765825602e-01	1.4800238791e+01
7.2765721712e-01	1.4807637588e+01
7.2765617524e-01	1.4815017700e+01
7.2765512898e-01	1.4822375498e+01
7.2765408029e-01	1.4829715896e+01
7.2765302948e-01	1.4837038977e+01
7.2765197984e-01	1.4844344672e+01
7.2765092771e-01	1.4851632694e+01
7.2764987308e-01	1.4858903013e+01
7.2764881895e-01	1.4866155684e+01
7.2764775768e-01	1.4873378759e+01
7.2764669268e-01	1.4880578630e+01
7.2764563917e-01	1.4887798824e+01
7.2764458435e-01	1.4895004223e+01
7.2764352816e-01	1.4902194635e+01
7.2764247058e-01	1.4909370001e+01
7.2764141166e-01	1.4916530309e+01
7.2764035064e-01	1.4923673719e+01
7.2763928735e-01	1.4930799761e+01
7.2763822118e-01	1.4937906166e+01
7.2763715374e-01	1.4944998291e+01
7.2763608519e-01	1.4952075972e+01
7.2763501549e-01	1.4959139042e+01
7.2763394696e-01	1.4966187467e+01
7.2763287859e-01	1.4973221035e+01
7.2763179057e-01	1.4980193696e+01
7.2763070176e-01	1.4987151168e+01
7.2762961168e-01	1.4994093589e+01
7.2762852033e-01	1.5001021001e+01
7.2762744830e-01	1.5007986583e+01
7.2762637527e-01	1.5014937869e+01
7.2762529206e-01	1.5021848739e+01
7.2762421491e-01	1.5028765742e+01
7.2762313649e-01	1.5035664375e+01
7.2762204848e-01	1.5042530207e+01
7.2762096074e-01	1.5049382813e+01
7.2761987319e-01	1.5056222246e+01
7.2761878508e-01	1.5063048391e+01
7.2761769630e-01	1.5069860933e+01
7.2761660789e-01	1.5076659899e+01
7.2761552147e-01	1.5083445428e+01
7.2761443460e-01	1.5090213271e+01
7.2761335570e-01	1.5096994823e+01
7.2761227392e-01	1.5103755420e+01
7.2761119100e-01	1.5110502739e+01
7.2761010756e-01	1.5117236740e+01
7.2760902362e-01	1.5123957581e+01
7.2760793922e-01	1.5130665326e+01
7.2760685459e-01	1.5137360030e+01
7.2760577403e-01	1.5144046813e+01
7.2760469057e-01	1.5150711245e+01
7.2760360972e-01	1.5157373192e+01
7.2760251883e-01	1.5163996733e+01
7.2760142762e-01	1.5170607508e+01
7.2760033617e-01	1.5177205705e+01
7.2759924785e-01	1.5183791503e+01
7.2759815951e-01	1.5190364765e+01
7.2759706686e-01	1.5196942091e+01
7.2759598307e-01	1.5203502365e+01
7.2759490259e-01	1.5210060775e+01
7.2759381878e-01	1.5216596281e+01
7.2759273559e-01	1.5223119892e+01
7.2759165092e-01	1.5229631536e+01
7.2759056614e-01	1.5236130802e+01
7.2758948114e-01	1.5242617567e+01
7.2758839592e-01	1.5249091825e+01
7.2758730917e-01	1.5255550083e+01
7.2758622255e-01	1.5261996781e+01
7.2758513603e-01	1.5268431783e+01
7.2758405128e-01	1.5274855023e+01
7.2758296822e-01	1.5281266274e+01
7.2758188510e-01	1.5287665445e+01
7.2758080195e-01	1.5294052623e+01
7.2757971878e-01	1.5300427847e+01
7.2757863517e-01	1.5306788382e+01
7.2757755080e-01	1.5313136541e+01
7.2757646709e-01	1.5319473090e+01
7.2757538301e-01	1.5325798515e+01
7.2757429914e-01	1.5332112321e+01
7.2757321540e-01	1.5338414563e+01
7.2757213181e-01	1.5344705293e+01
7.2757104837e-01	1.5350984508e+01
7.2756996730e-01	1.5357252294e+01
7.2756888864e-01	1.5363504946e+01
7.2756781077e-01	1.5369746817e+01
7.2756673426e-01	1.5375977462e+01
7.2756565694e-01	1.5382197050e+01
7.2756457989e-01	1.5388405516e+01
7.2756350312e-01	1.5394602854e+01
7.2756242661e-01	1.5400789054e+01
7.2756135043e-01	1.5406964274e+01
7.2756027459e-01	1.5413128595e+01
7.2755919877e-01	1.5419277836e+01
7.2755812229e-01	1.5425416759e+01
7.2755704623e-01	1.5431544913e+01
7.2755597081e-01	1.5437662321e+01
7.2755489878e-01	1.5443768975e+01
7.2755382713e-01	1.5449864863e+01
7.2755275594e-01	1.5455950181e+01
7.2755168518e-01	1.5462024865e+01
7.2755061481e-01	1.5468088822e+01
7.2754954788e-01	1.5474150377e+01
7.2754848128e-01	1.5480201058e+01
7.2754741085e-01	1.5486229491e+01
7.2754634189e-01	1.5492247443e+01
7.2754527288e-01	1.5498254485e+01
7.2754420423e-01	1.5504251459e+01
7.2754313621e-01	1.5510237848e+01
7.2754207123e-01	1.5516214060e+01
7.2754100683e-01	1.5522179800e+01
7.2753994248e-01	1.5528133928e+01
7.2753887785e-01	1.5534075567e+01
7.2753781515e-01	1.5540006958e+01
7.2753675453e-01	1.5545928450e+01
7.2753569451e-01	1.5551839915e+01
7.2753463507e-01	1.5557741229e+01
7.2753357618e-01	1.5563632390e+01
7.2753251785e-01	1.5569513419e+01
7.2753146009e-01	1.5575384303e+01
7.2753040453e-01	1.5581245220e+01
7.2752934961e-01	1.5587092234e+01
7.2752829545e-01	1.5592929675e+01
7.2752723744e-01	1.5598744829e+01
7.2752618463e-01	1.5604562764e+01
7.2752513251e-01	1.5610370935e+01
7.2752408106e-01	1.5616169361e+01
7.2752303029e-01	1.5621958025e+01
7.2752198019e-01	1.5627736956e+01
7.2752093079e-01	1.5633506196e+01
7.2751988203e-01	1.5639265641e+01
7.2751883485e-01	1.5645011972e+01
7.2751778928e-01	1.5650748893e+01
7.2751674442e-01	1.5656476461e+01
7.2751570036e-01	1.5662194493e+01
7.2751465708e-01	1.5667903154e+01
7.2751361458e-01	1.5673602434e+01
7.2751257285e-01	1.5679292331e+01
7.2751153189e-01	1.5684972866e+01
7.2751049174e-01	1.5690644140e+01
7.2750945183e-01	1.5696305029e+01
7.2750841547e-01	1.5701953684e+01
7.2750738230e-01	1.5707593508e+01
7.2750634975e-01	1.5713224241e+01
7.2750531771e-01	1.5718846113e+01
7.2750428785e-01	1.5724458851e+01
7.2750325925e-01	1.5730062563e+01
7.2750223150e-01	1.5735657246e+01
7.2750120455e-01	1.5741242763e+01
7.2750017841e-01	1.5746819136e+01
7.2749915300e-01	1.5752386109e+01
7.2749812955e-01	1.5757940987e+01
7.2749710760e-01	1.5763487292e+01
7.2749608661e-01	1.5769024837e+01
7.2749506661e-01	1.5774553755e+01
7.2749404750e-01	1.5780073909e+01
7.2749302931e-01	1.5785585333e+01
7.2749201198e-01	1.5791087850e+01
7.2749099553e-01	1.5796581514e+01
7.2748998003e-01	1.5802066555e+01
7.2748896727e-01	1.5807543107e+01
7.2748795104e-01	1.5812996222e+01
7.2748693599e-01	1.5818441089e+01
7.2748592197e-01	1.5823877634e+01
7.2748490896e-01	1.5829305763e+01
7.2748389698e-01	1.5834725536e+01
7.2748288601e-01	1.5840136951e+01
7.2748187840e-01	1.5845539893e+01
7.2748087205e-01	1.5850934350e+01
7.2747986926e-01	1.5856320385e+01
7.2747886206e-01	1.5861700679e+01
7.2747786033e-01	1.5867069132e+01
7.2747685941e-01	1.5872426975e+01
7.2747585963e-01	1.5877776876e+01
7.2747486092e-01	1.5883118697e+01
7.2747386333e-01	1.5888452580e+01
7.2747286675e-01	1.5893778232e+01
7.2747187121e-01	1.5899095718e+01
7.2747087670e-01	1.5904405061e+01
7.2746988328e-01	1.5909706402e+01
7.2746889095e-01	1.5914999808e+01
7.2746789979e-01	1.5920285478e+01
7.2746690866e-01	1.5925560173e+01
7.2746591847e-01	1.5930826501e+01
7.2746492946e-01	1.5936085207e+01
7.2746394154e-01	1.5941335988e+01
7.2746295809e-01	1.5946588572e+01
7.2746197572e-01	1.5951833362e+01
7.2746099448e-01	1.5957070301e+01
7.2746001435e-01	1.5962299500e+01
7.2745903555e-01	1.5967520892e+01
7.2745806036e-01	1.5972734759e+01
7.2745708626e-01	1.5977940908e+01
7.2745611210e-01	1.5983136348e+01
7.2745513887e-01	1.5988323190e+01
7.2745416184e-01	1.5993503574e+01
7.2745319086e-01	1.5998675145e+01
7.2745222109e-01	1.6003839194e+01
7.2745125240e-01	1.6008995611e+01
7.2745028490e-01	1.6014144612e+01
7.2744931853e-01	1.6019286050e+01
7.2744835335e-01	1.6024420076e+01
7.2744738930e-01	1.6029546585e+01
7.2744642622e-01	1.6034665581e+01
7.2744546347e-01	1.6039774256e+01
7.2744449824e-01	1.6044864929e+01
7.2744353416e-01	1.6049948188e+01
7.2744257124e-01	1.6055024004e+01
7.2744160951e-01	1.6060092534e+01
7.2744064895e-01	1.6065153725e+01
7.2743968963e-01	1.6070207766e+01
7.2743873149e-01	1.6075254495e+01
7.2743777797e-01	1.6080303980e+01
7.2743682800e-01	1.6085346102e+01
7.2743587936e-01	1.6090380999e+01
7.2743493161e-01	1.6095407863e+01
7.2743398405e-01	1.6100424598e+01
7.2743303775e-01	1.6105434372e+01
7.2743209269e-01	1.6110437162e+01
7.2743114886e-01	1.6115432910e+01
7.2743020616e-01	1.6120421353e+01
7.2742926448e-01	1.6125402179e+01
7.2742832379e-01	1.6130375309e+01
7.2742738406e-01	1.6135340697e+01
7.2742644530e-01	1.6140298350e+01
7.2742550755e-01	1.6145248430e+01
7.2742457077e-01	1.6150190812e+01
7.2742363409e-01	1.6155122917e+01
7.2742269803e-01	1.6160046353e+01
7.2742176327e-01	1.6164962477e+01
7.2742083080e-01	1.6169871172e+01
7.2741989941e-01	1.6174772285e+01
7.2741896907e-01	1.6179666289e+01
7.2741804049e-01	1.6184552869e+01
7.2741711467e-01	1.6189431985e+01
7.2741618983e-01	1.6194303591e+01
7.2741526602e-01	1.6199167784e+01
7.2741434323e-01	1.6204024576e+01
7.2741342147e-01	1.6208874025e+01
7.2741249958e-01	1.6213712726e+01
7.2741157859e-01	1.6218543702e+01
7.2741065871e-01	1.6223367580e+01
7.2740973991e-01	1.6228184307e+01
7.2740882223e-01	1.6232994022e+01
7.2740790562e-01	1.6237796569e+01
7.2740699010e-01	1.6242592030e+01
7.2740607562e-01	1.6247380267e+01
7.2740516219e-01	1.6252161317e+01
7.2740424982e-01	1.6256935251e+01
7.2740333854e-01	1.6261702128e+01
7.2740242828e-01	1.6266461803e+01
7.2740151824e-01	1.6271211889e+01
7.2740060891e-01	1.6275953802e+01
7.2739970308e-01	1.6280688919e+01
7.2739879842e-01	1.6285417142e+01
7.2739789491e-01	1.6290138580e+01
7.2739699249e-01	1.6294853128e+01
7.2739609122e-01	1.6299560891e+01
7.2739519103e-01	1.6304261737e+01
7.2739429193e-01	1.6308955699e+01
7.2739339390e-01	1.6313642710e+01
7.2739249701e-01	1.6318323004e+01
7.2739160118e-01	1.6322996387e+01
7.2739070626e-01	1.6327662354e+01
7.2738981140e-01	1.6332318421e+01
7.2738891774e-01	1.6336968019e+01
7.2738802524e-01	1.6341611022e+01
7.2738713389e-01	1.6346247407e+01
7.2738624370e-01	1.6350877256e+01
7.2738535468e-01	1.6355500569e+01
7.2738446683e-01	1.6360117386e+01
7.2738358214e-01	1.6364727544e+01
7.2738269889e-01	1.6369331128e+01
7.2738181676e-01	1.6373928121e+01
7.2738093574e-01	1.6378518517e+01
7.2738005585e-01	1.6383102354e+01
7.2737917633e-01	1.6387677378e+01
7.2737829746e-01	1.6392244420e+01
7.2737741981e-01	1.6396805244e+01
7.2737654334e-01	1.6401359742e+01
7.2737566807e-01	1.6405907948e+01
7.2737479399e-01	1.6410449886e+01
7.2737392112e-01	1.6414985618e+01
7.2737304943e-01	1.6419515061e+01
7.2737217891e-01	1.6424038185e+01
7.2737130952e-01	1.6428554931e+01
7.2737044133e-01	1.6433065459e+01
7.2736957428e-01	1.6437569676e+01
7.2736871038e-01	1.6442067631e+01
7.2736784715e-01	1.6446556921e+01
7.2736698465e-01	1.6451038681e+01
7.2736612342e-01	1.6455514502e+01
7.2736526343e-01	1.6459984393e+01
7.2736440454e-01	1.6464447896e+01
7.2736357236e-01	1.6468982773e+01
7.2736274164e-01	1.6473511941e+01
7.2736191351e-01	1.6478035390e+01
7.2736108664e-01	1.6482553103e+01
7.2736026106e-01	1.6487065156e+01
7.2735943679e-01	1.6491571578e+01
7.2735861380e-01	1.6496072359e+01
7.2735779207e-01	1.6500567419e+01
7.2735697098e-01	1.6505054875e+01
7.2735615067e-01	1.6509535197e+01
7.2735533362e-01	1.6514010091e+01
7.2735451816e-01	1.6518479427e+01
7.2735370400e-01	1.6522943249e+01
7.2735289115e-01	1.6527401578e+01
7.2735207960e-01	1.6531854433e+01
7.2735126935e-01	1.6536301811e+01
7.2735046036e-01	1.6540743641e+01
7.2734965268e-01	1.6545180036e+01
7.2734884626e-01	1.6549610997e+01
7.2734804114e-01	1.6554036415e+01
7.2734723726e-01	1.6558456276e+01
7.2734643436e-01	1.6562869766e+01
7.2734563181e-01	1.6567275074e+01
7.2734483065e-01	1.6571675214e+01
7.2734403082e-01	1.6576070079e+01
7.2734323400e-01	1.6580459655e+01
7.2734243895e-01	1.6584843955e+01
7.2734164522e-01	1.6589223004e+01
7.2734085280e-01	1.6593596832e+01
7.2734006166e-01	1.6597965331e+01
7.2733927183e-01	1.6602328587e+01
7.2733848326e-01	1.6606686507e+01
7.2733769596e-01	1.6611039116e+01
7.2733690992e-01	1.6615386387e+01
7.2733612516e-01	1.6619728397e+01
7.2733534092e-01	1.6624062814e+01
7.2733455770e-01	1.6628391222e+01
7.2733377583e-01	1.6632714651e+01
7.2733299530e-01	1.6637033037e+01
7.2733221803e-01	1.6641346293e+01
7.2733144219e-01	1.6645654463e+01
7.2733066765e-01	1.6649957542e+01
7.2732989440e-01	1.6654255594e+01
7.2732912242e-01	1.6658548434e+01
7.2732835171e-01	1.6662836130e+01
7.2732758225e-01	1.6667118667e+01
7.2732681407e-01	1.6671396103e+01
7.2732604717e-01	1.6675668495e+01
7.2732528155e-01	1.6679935843e+01
7.2732451623e-01	1.6684195135e+01
7.2732375214e-01	1.6688449205e+01
7.2732298928e-01	1.6692698426e+01
7.2732222809e-01	1.6696942727e+01
7.2732146997e-01	1.6701182149e+01
7.2732071313e-01	1.6705416609e+01
7.2731995758e-01	1.6709646160e+01
7.2731920360e-01	1.6713870670e+01
7.2731845201e-01	1.6718090135e+01
7.2731770168e-01	1.6722304667e+01
7.2731695262e-01	1.6726514289e+01
7.2731620486e-01	1.6730719099e+01
7.2731545837e-01	1.6734919027e+01
7.2731471316e-01	1.6739114135e+01
7.2731396841e-01	1.6743301793e+01
7.2731322471e-01	1.6747483975e+01
7.2731248326e-01	1.6751661642e+01
7.2731174421e-01	1.6755834607e+01
7.2731100646e-01	1.6760002879e+01
7.2731026998e-01	1.6764166347e+01
7.2730953475e-01	1.6768325006e+01
7.2730880075e-01	1.6772478835e+01
7.2730806803e-01	1.6776627933e+01
7.2730733659e-01	1.6780772325e+01
7.2730660643e-01	1.6784912013e+01
7.2730587754e-01	1.6789047056e+01
7.2730514993e-01	1.6793177397e+01
7.2730442359e-01	1.6797303110e+01
7.2730370666e-01	1.6801447124e+01
7.2730299154e-01	1.6805584807e+01
7.2730227786e-01	1.6809718427e+01
7.2730156558e-01	1.6813847876e+01
7.2730085471e-01	1.6817973206e+01
7.2730014526e-01	1.6822094444e+01
7.2729943719e-01	1.6826211496e+01
7.2729872960e-01	1.6830321521e+01
7.2729802342e-01	1.6834427432e+01
7.2729731863e-01	1.6838529252e+01
7.2729661524e-01	1.6842626971e+01
7.2729591334e-01	1.6846720502e+01
7.2729521452e-01	1.6850809848e+01
7.2729451706e-01	1.6854895017e+01
7.2729382094e-01	1.6858976022e+01
7.2729312548e-01	1.6863050686e+01
7.2729243117e-01	1.6867120553e+01
7.2729173827e-01	1.6871186505e+01
7.2729104677e-01	1.6875248492e+01
7.2729035667e-01	1.6879306519e+01
7.2728966793e-01	1.6883360517e+01
7.2728898055e-01	1.6887410464e+01
7.2728829509e-01	1.6891456355e+01
7.2728761221e-01	1.6895498202e+01
7.2728693068e-01	1.6899536000e+01
7.2728625049e-01	1.6903569787e+01
7.2728557166e-01	1.6907599585e+01
7.2728489417e-01	1.6911625390e+01
7.2728421802e-01	1.6915647199e+01
7.2728354411e-01	1.6919665010e+01
7.2728287216e-01	1.6923679034e+01
7.2728220150e-01	1.6927688877e+01
7.2728153242e-01	1.6931694948e+01
7.2728086625e-01	1.6935697197e+01
7.2728020140e-01	1.6939695481e+01
7.2727953787e-01	1.6943689789e+01
7.2727887568e-01	1.6947680287e+01
7.2727821477e-01	1.6951666778e+01
7.2727755523e-01	1.6955649421e+01
7.2727689699e-01	1.6959628222e+01
7.2727623921e-01	1.6963600309e+01
7.2727558277e-01	1.6967568541e+01
7.2727492844e-01	1.6971532916e+01
7.2727427634e-01	1.6975493471e+01
7.2727362556e-01	1.6979450234e+01
7.2727297556e-01	1.6983401489e+01
7.2727232750e-01	1.6987350922e+01
7.2727168076e-01	1.6991296549e+01
7.2727103533e-01	1.6995238440e+01
7.2727039123e-01	1.6999176536e+01
7.2726974846e-01	1.7003110975e+01
7.2726910755e-01	1.7007041628e+01
7.2726846900e-01	1.7010968391e+01
7.2726783177e-01	1.7014891440e+01
7.2726719588e-01	1.7018810917e+01
7.2726656130e-01	1.7022726678e+01
7.2726592630e-01	1.7026638819e+01
7.2726529436e-01	1.7030547259e+01
7.2726466384e-01	1.7034452025e+01
7.2726403456e-01	1.7038353037e+01
7.2726340768e-01	1.7042249412e+01
7.2726278146e-01	1.7046139789e+01
7.2726215656e-01	1.7050026625e+01
7.2726153294e-01	1.7053909757e+01
7.2726089384e-01	1.7057735134e+01
7.2726025594e-01	1.7061556568e+01
7.2725961922e-01	1.7065373981e+01
7.2725898364e-01	1.7069187293e+01
7.2725834921e-01	1.7072996532e+01
7.2725771596e-01	1.7076801794e+01
7.2725708388e-01	1.7080603100e+01
7.2725645297e-01	1.7084400447e+01
7.2725582323e-01	1.7088193834e+01
7.2725519467e-01	1.7091983287e+01
7.2725456727e-01	1.7095768821e+01
7.2725394212e-01	1.7099550443e+01
7.2725331815e-01	1.7103326953e+01
7.2725269470e-01	1.7107097481e+01
7.2725207250e-01	1.7110864411e+01
7.2725145148e-01	1.7114627484e+01
7.2725083162e-01	1.7118386692e+01
7.2725021291e-01	1.7122142032e+01
7.2724959536e-01	1.7125893490e+01
7.2724897895e-01	1.7129641015e+01
7.2724836367e-01	1.7133384652e+01
7.2724774955e-01	1.7137124456e+01
7.2724713658e-01	1.7140860450e+01
7.2724652478e-01	1.7144592647e+01
7.2724591413e-01	1.7148321072e+01
7.2724530465e-01	1.7152045725e+01
7.2724469632e-01	1.7155766603e+01
7.2724408913e-01	1.7159483711e+01
7.2724348299e-01	1.7163196707e+01
7.2724287716e-01	1.7166903211e+01
7.2724227252e-01	1.7170606104e+01
7.2724166904e-01	1.7174305311e+01
7.2724106670e-01	1.7178000792e+01
7.2724046551e-01	1.7181692549e+01
7.2723986545e-01	1.7185380581e+01
7.2723926651e-01	1.7189064835e+01
7.2723866870e-01	1.7192745347e+01
7.2723807202e-01	1.7196422150e+01
7.2723747649e-01	1.7200095317e+01
7.2723688210e-01	1.7203764849e+01
7.2723628886e-01	1.7207430753e+01
7.2723569676e-01	1.7211093030e+01
7.2723510580e-01	1.7214751678e+01
7.2723451597e-01	1.7218406698e+01
7.2723392727e-01	1.7222058087e+01
7.2723333931e-01	1.7225704615e+01
7.2723277564e-01	1.7229423559e+01
7.2723221330e-01	1.7233139652e+01
7.2723165228e-01	1.7236852790e+01
7.2723109255e-01	1.7240562983e+01
7.2723053481e-01	1.7244270229e+01
7.2722997909e-01	1.7247974568e+01
7.2722942467e-01	1.7251675917e+01
7.2722887091e-01	1.7255372278e+01
7.2722831847e-01	1.7259065796e+01
7.2722776732e-01	1.7262756481e+01
7.2722721758e-01	1.7266444646e+01
7.2722666916e-01	1.7270129976e+01
7.2722612208e-01	1.7273812484e+01
7.2722557624e-01	1.7277492101e+01
7.2722503168e-01	1.7281168856e+01
7.2722448843e-01	1.7284842763e+01
7.2722394575e-01	1.7288511513e+01
7.2722340404e-01	1.7292176591e+01
7.2722286378e-01	1.7295839257e+01
7.2722232470e-01	1.7299498810e+01
7.2722178691e-01	1.7303155556e+01
7.2722125040e-01	1.7306809534e+01
7.2722071589e-01	1.7310463148e+01
7.2722018268e-01	1.7314114046e+01
7.2721965072e-01	1.7317762099e+01
7.2721911941e-01	1.7321405322e+01
7.2721858922e-01	1.7325045321e+01
7.2721806036e-01	1.7328682748e+01
7.2721753263e-01	1.7332316992e+01
7.2721700612e-01	1.7335948360e+01
7.2721648084e-01	1.7339576885e+01
7.2721595678e-01	1.7343202578e+01
7.2721543388e-01	1.7346825215e+01
7.2721491153e-01	1.7350442769e+01
7.2721439032e-01	1.7354057242e+01
7.2721387034e-01	1.7357668963e+01
7.2721335158e-01	1.7361277855e+01
7.2721283400e-01	1.7364883860e+01
7.2721231760e-01	1.7368487407e+01
7.2721180434e-01	1.7372089859e+01
7.2721129247e-01	1.7375689723e+01
7.2721078183e-01	1.7379286867e+01
7.2721027235e-01	1.7382881129e+01
7.2720975978e-01	1.7386473000e+01
7.2720925273e-01	1.7390061818e+01
7.2720874688e-01	1.7393647919e+01
7.2720823799e-01	1.7397231615e+01
7.2720773397e-01	1.7400810425e+01
7.2720723105e-01	1.7404386129e+01
7.2720672999e-01	1.7407961281e+01
7.2720622893e-01	1.7411529779e+01
7.2720572884e-01	1.7415094824e+01
7.2720522996e-01	1.7418657161e+01
7.2720473282e-01	1.7422218730e+01
7.2720423682e-01	1.7425777464e+01
7.2720374149e-01	1.7429331732e+01
7.2720324828e-01	1.7432883390e+01
7.2720275588e-01	1.7436434256e+01
7.2720226466e-01	1.7439982501e+01
7.2720177028e-01	1.7443528449e+01
7.2720128077e-01	1.7447069237e+01
7.2720079244e-01	1.7450607379e+01
7.2720030595e-01	1.7454145109e+01
7.2719982060e-01	1.7457680130e+01
7.2719933571e-01	1.7461210500e+01
7.2719885258e-01	1.7464739900e+01
7.2719836606e-01	1.7468266904e+01
7.2719788486e-01	1.7471789744e+01
7.2719740043e-01	1.7475308467e+01
7.2719692178e-01	1.7478822220e+01
7.2719644427e-01	1.7482333417e+01
7.2719596865e-01	1.7485844442e+01
7.2719549394e-01	1.7489350895e+01
7.2719501994e-01	1.7492854464e+01
7.2719454708e-01	1.7496355436e+01
7.2719407536e-01	1.7499853801e+01
7.2719360478e-01	1.7503349591e+01
7.2719313533e-01	1.7506842812e+01
7.2719266702e-01	1.7510333459e+01
7.2719219984e-01	1.7513821542e+01
7.2719173379e-01	1.7517307040e+01
7.2719126885e-01	1.7520789938e+01
7.2719080504e-01	1.7524270271e+01
7.2719034234e-01	1.7527748036e+01
7.2718988076e-01	1.7531223232e+01
7.2718941988e-01	1.7534694548e+01
7.2718896061e-01	1.7538164576e+01
7.2718850233e-01	1.7541632140e+01
7.2718804521e-01	1.7545097167e+01
7.2718758921e-01	1.7548559709e+01
7.2718713432e-01	1.7552019775e+01
7.2718667985e-01	1.7555474955e+01
7.2718622649e-01	1.7558927653e+01
7.2718577493e-01	1.7562380096e+01
7.2718531982e-01	1.7565830435e+01
7.2718487023e-01	1.7569275706e+01
7.2718442229e-01	1.7572718981e+01
7.2718397596e-01	1.7576159808e+01
7.2718353059e-01	1.7579597746e+01
7.2718307729e-01	1.7583002512e+01
7.2718262522e-01	1.7586405251e+01
7.2718217385e-01	1.7589802703e+01
7.2718172326e-01	1.7593198121e+01
7.2718127357e-01	1.7596590433e+01
7.2718082475e-01	1.7599979555e+01
7.2718037722e-01	1.7603366909e+01
7.2717993093e-01	1.7606752363e+01
7.2717948587e-01	1.7610135909e+01
7.2717904206e-01	1.7613517564e+01
7.2717859948e-01	1.7616897323e+01
7.2717815813e-01	1.7620275186e+01
7.2717771800e-01	1.7623651141e+01
7.2717727908e-01	1.7627025151e+01
7.2717684137e-01	1.7630397221e+01
7.2717640486e-01	1.7633767363e+01
7.2717596957e-01	1.7637135575e+01
7.2717553546e-01	1.7640501854e+01
7.2717510256e-01	1.7643866184e+01
7.2717467083e-01	1.7647228563e+01
7.2717424030e-01	1.7650589013e+01
7.2717381108e-01	1.7653947543e+01
7.2717338419e-01	1.7657303974e+01
7.2717295806e-01	1.7660657036e+01
7.2717253302e-01	1.7664007883e+01
7.2717210919e-01	1.7667356907e+01
7.2717168654e-01	1.7670704071e+01
7.2717126509e-01	1.7674049388e+01
7.2717084480e-01	1.7677392808e+01
7.2717042569e-01	1.7680734327e+01
7.2717000774e-01	1.7684073947e+01
7.2716959096e-01	1.7687411689e+01
7.2716917535e-01	1.7690747554e+01
7.2716876090e-01	1.7694081552e+01
7.2716834761e-01	1.7697413691e+01
7.2716793549e-01	1.7700743982e+01
7.2716752453e-01	1.7704072424e+01
7.2716711472e-01	1.7707399010e+01
7.2716670607e-01	1.7710723733e+01
7.2716629856e-01	1.7714046598e+01
7.2716589220e-01	1.7717367604e+01
7.2716548682e-01	1.7720686204e+01
7.2716508211e-01	1.7724001347e+01
7.2716467856e-01	1.7727314661e+01
7.2716427615e-01	1.7730626192e+01
7.2716387561e-01	1.7733935880e+01
7.2716347675e-01	1.7737243723e+01
7.2716307903e-01	1.7740549736e+01
7.2716268242e-01	1.7743853917e+01
7.2716228695e-01	1.7747156287e+01
7.2716189369e-01	1.7750460581e+01
7.2716150155e-01	1.7753763051e+01
7.2716111052e-01	1.7757063699e+01
7.2716072061e-01	1.7760362532e+01
7.2716033181e-01	1.7763659563e+01
7.2715994413e-01	1.7766954789e+01
7.2715955755e-01	1.7770248210e+01
7.2715917208e-01	1.7773539824e+01
7.2715878771e-01	1.7776829629e+01
7.2715840443e-01	1.7780117586e+01
7.2715802198e-01	1.7783402798e+01
7.2715764002e-01	1.7786684160e+01
7.2715725898e-01	1.7789963108e+01
7.2715687892e-01	1.7793239856e+01
7.2715649977e-01	1.7796514239e+01
7.2715612171e-01	1.7799786810e+01
7.2715574427e-01	1.7803055975e+01
7.2715536869e-01	1.7806323595e+01
7.2715499482e-01	1.7809589724e+01
7.2715462193e-01	1.7812853752e+01
7.2715425000e-01	1.7816115609e+01
7.2715387904e-01	1.7819375311e+01
7.2715350904e-01	1.7822632860e+01
7.2715313999e-01	1.7825888255e+01
7.2715277190e-01	1.7829141494e+01
7.2715240476e-01	1.7832392574e+01
7.2715203855e-01	1.7835641446e+01
7.2715167327e-01	1.7838888101e+01
7.2715130891e-01	1.7842132545e+01
7.2715094548e-01	1.7845374786e+01
7.2715058259e-01	1.7848613489e+01
7.2715022050e-01	1.7851849551e+01
7.2714985932e-01	1.7855083402e+01
7.2714949907e-01	1.7858315084e+01
7.2714913974e-01	1.7861544615e+01
7.2714878135e-01	1.7864772007e+01
7.2714842388e-01	1.7867997276e+01
7.2714806735e-01	1.7871220456e+01
7.2714771289e-01	1.7874441518e+01
7.2714735942e-01	1.7877660463e+01
7.2714700688e-01	1.7880877289e+01
7.2714665525e-01	1.7884092015e+01
7.2714630455e-01	1.7887304643e+01
7.2714595475e-01	1.7890515136e+01
7.2714560584e-01	1.7893723473e+01
7.2714525783e-01	1.7896929655e+01
7.2714491072e-01	1.7900133700e+01
7.2714456452e-01	1.7903335653e+01
7.2714421921e-01	1.7906535503e+01
7.2714387479e-01	1.7909733192e+01
7.2714353125e-01	1.7912928743e+01
7.2714318863e-01	1.7916122283e+01
7.2714284693e-01	1.7919313816e+01
7.2714250614e-01	1.7922503346e+01
7.2714216627e-01	1.7925690874e+01
7.2714182731e-01	1.7928876402e+01
7.2714148926e-01	1.7932059934e+01
7.2714115276e-01	1.7935241445e+01
7.2714081769e-01	1.7938420920e+01
7.2714048351e-01	1.7941598345e+01
7.2714015021e-01	1.7944773720e+01
7.2713981778e-01	1.7947947025e+01
7.2713948621e-01	1.7951118232e+01
7.2713915551e-01	1.7954287354e+01
7.2713882568e-01	1.7957454425e+01
7.2713849673e-01	1.7960619459e+01
7.2713816864e-01	1.7963782460e+01
7.2713784142e-01	1.7966943423e+01
7.2713751506e-01	1.7970102330e+01
7.2713718955e-01	1.7973259146e+01
7.2713686489e-01	1.7976413896e+01
7.2713654111e-01	1.7979566687e+01
7.2713621821e-01	1.7982717523e+01
7.2713589618e-01	1.7985866400e+01
7.2713557503e-01	1.7989013323e+01
7.2713525509e-01	1.7992158293e+01
7.2713493683e-01	1.7995301307e+01
7.2713461943e-01	1.7998442330e+01
7.2713430287e-01	1.8001581361e+01
7.2713398716e-01	1.8004718398e+01
7.2713367229e-01	1.8007853411e+01
7.2713335826e-01	1.8010986412e+01
7.2713304506e-01	1.8014117414e+01
7.2713273270e-01	1.8017246410e+01
7.2713242118e-01	1.8020373433e+01
7.2713211049e-01	1.8023498474e+01
7.2713180063e-01	1.8026621526e+01
7.2713149161e-01	1.8029742587e+01
7.2713118340e-01	1.8032861648e+01
7.2713087602e-01	1.8035978696e+01
7.2713056944e-01	1.8039093705e+01
7.2713026370e-01	1.8042206798e+01
7.2712995890e-01	1.8045317995e+01
7.2712965597e-01	1.8048427292e+01
7.2712935387e-01	1.8051534687e+01
7.2712905260e-01	1.8054640180e+01
7.2712875216e-01	1.8057743768e+01
7.2712845254e-01	1.8060845418e+01
7.2712815373e-01	1.8063945127e+01
7.2712785574e-01	1.8067042888e+01
7.2712755854e-01	1.8070138695e+01
7.2712726215e-01	1.8073232547e+01
7.2712696656e-01	1.8076324445e+01
7.2712667177e-01	1.8079414398e+01
7.2712637777e-01	1.8082502398e+01
7.2712608457e-01	1.8085588445e+01
7.2712579216e-01	1.8088672551e+01
7.2712550054e-01	1.8091754719e+01
7.2712520972e-01	1.8094834953e+01
7.2712492059e-01	1.8097913242e+01
7.2712463243e-01	1.8100989560e+01
7.2712434505e-01	1.8104063964e+01
7.2712405847e-01	1.8107136526e+01
7.2712377271e-01	1.8110207246e+01
7.2712348774e-01	1.8113276121e+01
7.2712320357e-01	1.8116343151e+01
7.2712292019e-01	1.8119408334e+01
7.2712263761e-01	1.8122471667e+01
7.2712235581e-01	1.8125533130e+01
7.2712207479e-01	1.8128592696e+01
7.2712179453e-01	1.8131650366e+01
7.2712151505e-01	1.8134706137e+01
7.2712123633e-01	1.8137760014e+01
7.2712095839e-01	1.8140811999e+01
7.2712068169e-01	1.8143862092e+01
7.2712040633e-01	1.8146910291e+01
7.2712013173e-01	1.8149956596e+01
7.2711985788e-01	1.8153001004e+01
7.2711958479e-01	1.8156043519e+01
7.2711931245e-01	1.8159084149e+01
7.2711904086e-01	1.8162122882e+01
7.2711877001e-01	1.8165159696e+01
7.2711849991e-01	1.8168194648e+01
7.2711823057e-01	1.8171227792e+01
7.2711796200e-01	1.8174259127e+01
7.2711769419e-01	1.8177288668e+01
7.2711742716e-01	1.8180316443e+01
7.2711716089e-01	1.8183342445e+01
7.2711689536e-01	1.8186366598e+01
7.2711663150e-01	1.8189388878e+01
7.2711636847e-01	1.8192409280e+01
7.2711610617e-01	1.8195427801e+01
7.2711584459e-01	1.8198444452e+01
7.2711558374e-01	1.8201459236e+01
7.2711532361e-01	1.8204472154e+01
7.2711506421e-01	1.8207483206e+01
7.2711480552e-01	1.8210492389e+01
7.2711454755e-01	1.8213499703e+01
7.2711429029e-01	1.8216505146e+01
7.2711403374e-01	1.8219508717e+01
7.2711377790e-01	1.8222510416e+01
7.2711352277e-01	1.8225510238e+01
7.2711326845e-01	1.8228508186e+01
7.2711301573e-01	1.8231504283e+01
7.2711276375e-01	1.8234498636e+01
7.2711251250e-01	1.8237491254e+01
7.2711226199e-01	1.8240482136e+01
7.2711201220e-01	1.8243471268e+01
7.2711176312e-01	1.8246458599e+01
7.2711151474e-01	1.8249444095e+01
7.2711126705e-01	1.8252427752e+01
7.2711102006e-01	1.8255409575e+01
7.2711077376e-01	1.8258389574e+01
7.2711052815e-01	1.8261367749e+01
7.2711028324e-01	1.8264344107e+01
7.2711003905e-01	1.8267318651e+01
7.2710979650e-01	1.8270291378e+01
7.2710955463e-01	1.8273262289e+01
7.2710931344e-01	1.8276231383e+01
7.2710907293e-01	1.8279198660e+01
7.2710883310e-01	1.8282164123e+01
7.2710859396e-01	1.8285127773e+01
7.2710835548e-01	1.8288089607e+01
7.2710811769e-01	1.8291049656e+01
7.2710788056e-01	1.8294007891e+01
7.2710764414e-01	1.8296964415e+01
7.2710740842e-01	1.8299919260e+01
7.2710717340e-01	1.8302872425e+01
7.2710693966e-01	1.8305823854e+01
7.2710670695e-01	1.8308773540e+01
7.2710647492e-01	1.8311721452e+01
7.2710624355e-01	1.8314667589e+01
7.2710601284e-01	1.8317611971e+01
7.2710578281e-01	1.8320554592e+01
7.2710555343e-01	1.8323495443e+01
7.2710532472e-01	1.8326434523e+01
7.2710509666e-01	1.8329371831e+01
7.2710486926e-01	1.8332307366e+01
7.2710464251e-01	1.8335241127e+01
7.2710441641e-01	1.8338173113e+01
7.2710419174e-01	1.8341103325e+01
7.2710396786e-01	1.8344031766e+01
7.2710374462e-01	1.8346958465e+01
7.2710352204e-01	1.8349883422e+01
7.2710330011e-01	1.8352806644e+01
7.2710307882e-01	1.8355728122e+01
7.2710285817e-01	1.8358647828e+01
7.2710263818e-01	1.8361565852e+01
7.2710241884e-01	1.8364482184e+01
7.2710220015e-01	1.8367396817e+01
7.2710198211e-01	1.8370309749e+01
7.2710176530e-01	1.8373220967e+01
7.2710154943e-01	1.8376130461e+01
7.2710133420e-01	1.8379046581e+01
7.2813658710e-01	1.8381019182e+01
7.2799524817e-01	1.8383923153e+01
7.2785248259e-01	1.8386824588e+01
7.2770870325e-01	1.8389723512e+01
7.2756413124e-01	1.8392619924e+01
7.2741888802e-01	1.8395513823e+01
7.2727301664e-01	1.8398405211e+01
7.2712658839e-01	1.8401294086e+01
7.2697958467e-01	1.8404180480e+01
7.2683203698e-01	1.8407064398e+01
7.2668395344e-01	1.8409945838e+01
7.2653533841e-01	1.8412824799e+01
7.2638621607e-01	1.8415701281e+01
7.2623654130e-01	1.8418575282e+01
7.2608633378e-01	1.8421446776e+01
7.2593560294e-01	1.8424315768e+01
7.2578434133e-01	1.8427182290e+01
7.2563250960e-01	1.8430046362e+01
7.2548010958e-01	1.8432907989e+01
7.2532714974e-01	1.8435767153e+01
7.2517363521e-01	1.8438623844e+01
7.2501953501e-01	1.8441478059e+01
7.2486487463e-01	1.8444329803e+01
7.2470959843e-01	1.8447179084e+01
7.2455375387e-01	1.8450025903e+01
7.2439731470e-01	1.8452870257e+01
7.2424027432e-01	1.8455712144e+01
7.2408264269e-01	1.8458551560e+01
7.2392441615e-01	1.8461388541e+01
7.2376557367e-01	1.8464223089e+01
7.2360615591e-01	1.8467055201e+01
7.2344614110e-01	1.8469884875e+01
7.2328556506e-01	1.8472712108e+01
7.2312441118e-01	1.8475536896e+01
7.2296266166e-01	1.8478359230e+01
7.2280033060e-01	1.8481179102e+01
7.2263740394e-01	1.8483996507e+01
7.2247385945e-01	1.8486811385e+01
7.2230970518e-01	1.8489623776e+01
7.2214497881e-01	1.8492433716e+01
7.2197964584e-01	1.8495241210e+01
7.2181368890e-01	1.8498046253e+01
7.2164713679e-01	1.8500848833e+01
7.2147996891e-01	1.8503648943e+01
7.2131216579e-01	1.8506446581e+01
7.2114373954e-01	1.8509241742e+01
7.2097468032e-01	1.8512034425e+01
7.2080500985e-01	1.8514824630e+01
7.2063470370e-01	1.8517612381e+01
7.2046375774e-01	1.8520397691e+01
7.2029215509e-01	1.8523180562e+01
7.2011991717e-01	1.8525960992e+01
7.1994702697e-01	1.8528738980e+01
7.1977348046e-01	1.8531514519e+01
7.1959927334e-01	1.8534287607e+01
7.1942439040e-01	1.8537058234e+01
7.1924884641e-01	1.8539826396e+01
7.1907259222e-01	1.8542592092e+01
7.1889538230e-01	1.8545355324e+01
7.1876377845e-01	1.8548116040e+01
7.1875236387e-01	1.8550874454e+01
7.1874090903e-01	1.8553631209e+01
7.1872959707e-01	1.8556386359e+01
7.1871844954e-01	1.8559139916e+01
7.1870755405e-01	1.8561891887e+01
7.1869702623e-01	1.8564642258e+01
7.1868675008e-01	1.8567391020e+01
7.1867651508e-01	1.8570138168e+01
7.1866627576e-01	1.8572883703e+01
7.1865614536e-01	1.8575627644e+01
7.1864611076e-01	1.8578370003e+01
7.1863596877e-01	1.8581110779e+01
7.1862585702e-01	1.8583849973e+01
7.1861583312e-01	1.8586587587e+01
7.1860581668e-01	1.8589323625e+01
7.1859571242e-01	1.8592058095e+01
7.1858570105e-01	1.8594790990e+01
7.1857576213e-01	1.8597522306e+01
7.1856569341e-01	1.8600252042e+01
7.1855574460e-01	1.8602980198e+01
7.1854778143e-01	1.8605706771e+01
7.1854103581e-01	1.8608431758e+01
7.1853486403e-01	1.8611155138e+01
7.1852907600e-01	1.8613876917e+01
7.1852363959e-01	1.8616597094e+01
7.1851870872e-01	1.8619315688e+01
7.1851448113e-01	1.8622032744e+01
7.1851186134e-01	1.8624748285e+01
7.1851027656e-01	1.8627462317e+01
7.1850928108e-01	1.8630174820e+01
7.1850852184e-01	1.8632885807e+01
7.1850785352e-01	1.8635595310e+01
7.1850724243e-01	1.8638303330e+01
7.1850667256e-01	1.8641009866e+01
7.1850613436e-01	1.8643714916e+01
7.1850562233e-01	1.8646418485e+01
7.1850513117e-01	1.8649120567e+01
7.1850465756e-01	1.8651821159e+01
7.1850419892e-01	1.8654520249e+01
7.1850375325e-01	1.8657217834e+01
7.1850331892e-01	1.8659913915e+01
7.1850289460e-01	1.8662608499e+01
7.1850247919e-01	1.8665301593e+01
7.1850207173e-01	1.8667993197e+01
7.1850167144e-01	1.8670683291e+01
7.1850127834e-01	1.8673371854e+01
7.1850089118e-01	1.8676058884e+01
7.1850050940e-01	1.8678744381e+01
7.1850013258e-01	1.8681428344e+01
7.1849976035e-01	1.8684110777e+01
7.1849939239e-01	1.8686791753e+01
7.1849902842e-01	1.8689471278e+01
7.1849866821e-01	1.8692149372e+01
7.1849831152e-01	1.8694826019e+01
7.1849795820e-01	1.8697501220e+01
7.1849760874e-01	1.8700174975e+01
7.1849726230e-01	1.8702847281e+01
7.1849691873e-01	1.8705518139e+01
7.1849657793e-01	1.8708187552e+01
7.1849623978e-01	1.8710855518e+01
7.1849590418e-01	1.8713522029e+01
7.1849557105e-01	1.8716187084e+01
7.1849524030e-01	1.8718850682e+01
7.1849491187e-01	1.8721512822e+01
7.1849458622e-01	1.8724173502e+01
7.1849426294e-01	1.8726832728e+01
7.1849394179e-01	1.8729490498e+01
7.1849362271e-01	1.8732146799e+01
7.1849330562e-01	1.8734801495e+01
7.1849299047e-01	1.8737454587e+01
7.1849267723e-01	1.8740106075e+01
7.1849236584e-01	1.8742755959e+01
7.1849205628e-01	1.8745404238e+01
7.1849174920e-01	1.8748050916e+01
7.1849144389e-01	1.8750696054e+01
7.1849114032e-01	1.8753339697e+01
7.1849083848e-01	1.8755981857e+01
7.1849053832e-01	1.8758622511e+01
7.1849023981e-01	1.8761261646e+01
7.1848994293e-01	1.8763899260e+01
7.1848964765e-01	1.8766535351e+01
7.1848935394e-01	1.8769169920e+01
7.1848906178e-01	1.8771802966e+01
7.1848877114e-01	1.8774434484e+01
7.1848848200e-01	1.8777064473e+01
7.1848819433e-01	1.8779692934e+01
7.1848790813e-01	1.8782319864e+01
7.1848762336e-01	1.8784945265e+01
7.1848734000e-01	1.8787569135e+01
7.1848705804e-01	1.8790191474e+01
7.1848677745e-01	1.8792812280e+01
7.1848649822e-01	1.8795431552e+01
7.1848622031e-01	1.8798049254e+01
7.1848594372e-01	1.8800665385e+01
7.1848566842e-01	1.8803279947e+01
7.1848539439e-01	1.8805892937e+01
7.1848512162e-01	1.8808504355e+01
7.1848485011e-01	1.8811114232e+01
7.1848457983e-01	1.8813722576e+01
7.1848431078e-01	1.8816329416e+01
7.1848404296e-01	1.8818934803e+01
7.1848377635e-01	1.8821538744e+01
7.1848351094e-01	1.8824141218e+01
7.1848324671e-01	1.8826742217e+01
7.1848298365e-01	1.8829341747e+01
7.1848272173e-01	1.8831939801e+01
7.1848246096e-01	1.8834536374e+01
7.1848220130e-01	1.8837131468e+01
7.1848194276e-01	1.8839725082e+01
7.1848168532e-01	1.8842317216e+01
7.1848142896e-01	1.8844907869e+01
7.1848117368e-01	1.8847497040e+01
7.1848091946e-01	1.8850084730e+01
7.1848066629e-01	1.8852670936e+01
7.1848041415e-01	1.8855255660e+01
7.1848016305e-01	1.8857838900e+01
7.1847991296e-01	1.8860420641e+01
7.1847966386e-01	1.8863000863e+01
7.1847941575e-01	1.8865579564e+01
7.1847916862e-01	1.8868156743e+01
7.1847892245e-01	1.8870732422e+01
7.1847867725e-01	1.8873306605e+01
7.1847843299e-01	1.8875879292e+01
7.1847818968e-01	1.8878450486e+01
7.1847794731e-01	1.8881020193e+01
7.1847770588e-01	1.8883588476e+01
7.1847746538e-01	1.8886155338e+01
7.1847722580e-01	1.8888720776e+01
7.1847698714e-01	1.8891284778e+01
7.1847674938e-01	1.8893847331e+01
7.1847651251e-01	1.8896408433e+01
7.1847627652e-01	1.8898968097e+01
7.1847604141e-01	1.8901526325e+01
7.1847580717e-01	1.8904083114e+01
7.1847557379e-01	1.8906638457e+01
7.1847534127e-01	1.8909192355e+01
7.1847510958e-01	1.8911744805e+01
7.1847487873e-01	1.8914295808e+01
7.1847464871e-01	1.8916845358e+01
7.1847441951e-01	1.8919393454e+01
7.1847419112e-01	1.8921940095e+01
7.1847396353e-01	1.8924485276e+01
7.1847373673e-01	1.8927028968e+01
7.1847351072e-01	1.8929571172e+01
7.1847328548e-01	1.8932111917e+01
7.1847306103e-01	1.8934651206e+01
7.1847283734e-01	1.8937189041e+01
7.1847261442e-01	1.8939725423e+01
7.1847239226e-01	1.8942260352e+01
7.1847217085e-01	1.8944793831e+01
7.1847198159e-01	1.8947445904e+01
7.1847179322e-01	1.8950096789e+01
7.1847160566e-01	1.8952746495e+01
7.1847141890e-01	1.8955395030e+01
7.1847123292e-01	1.8958042396e+01
7.1847104760e-01	1.8960688617e+01
7.1847086311e-01	1.8963333673e+01
7.1847067940e-01	1.8965977588e+01
7.1847049645e-01	1.8968620362e+01
7.1847031426e-01	1.8971261996e+01
7.1847013284e-01	1.8973902503e+01
7.1846995217e-01	1.8976541888e+01
7.1846977225e-01	1.8979180143e+01
7.1846959307e-01	1.8981817273e+01
7.1846941465e-01	1.8984453302e+01
7.1846923696e-01	1.8987088226e+01
7.1846906000e-01	1.8989722041e+01
7.1846888378e-01	1.8992354744e+01
7.1846870828e-01	1.8994986335e+01
7.1846853350e-01	1.8997616814e+01
7.1846835943e-01	1.9000246178e+01
7.1846818606e-01	1.9002874397e+01
7.1846801339e-01	1.9005501464e+01
7.1846784141e-01	1.9008127364e+01
7.1846767010e-01	1.9010752095e+01
7.1846749948e-01	1.9013375658e+01
7.1846732954e-01	1.9015998111e+01
7.1846716029e-01	1.9018619467e+01
7.1846699172e-01	1.9021239732e+01
7.1846682384e-01	1.9023858907e+01
7.1846665663e-01	1.9026476988e+01
7.1846649009e-01	1.9029093975e+01
7.1846632422e-01	1.9031709867e+01
7.1846615901e-01	1.9034324665e+01
7.1846599447e-01	1.9036938371e+01
7.1846583058e-01	1.9039550985e+01
7.1846566735e-01	1.9042162531e+01
7.1846550477e-01	1.9044773000e+01
7.1846534285e-01	1.9047382398e+01
7.1846518157e-01	1.9049990729e+01
7.1846502094e-01	1.9052597993e+01
7.1846486094e-01	1.9055204187e+01
7.1846470159e-01	1.9057809309e+01
7.1846454286e-01	1.9060413357e+01
7.1846438476e-01	1.9063016309e+01
7.1846422728e-01	1.9065618158e+01
7.1846407041e-01	1.9068218901e+01
7.1846391415e-01	1.9070818526e+01
7.1846375849e-01	1.9073417021e+01
7.1846360343e-01	1.9076014386e+01
7.1846344896e-01	1.9078610619e+01
7.1846329508e-01	1.9081205733e+01
7.1846314181e-01	1.9083799765e+01
7.1846298914e-01	1.9086392715e+01
7.1846283706e-01	1.9088984590e+01
7.1846268557e-01	1.9091575385e+01
7.1846253468e-01	1.9094165101e+01
7.1846238437e-01	1.9096753747e+01
7.1846223465e-01	1.9099341335e+01
7.1846208552e-01	1.9101927876e+01
7.1846193698e-01	1.9104513363e+01
7.1846178901e-01	1.9107097796e+01
7.1846164163e-01	1.9109681173e+01
7.1846149482e-01	1.9112263502e+01
7.1846134859e-01	1.9114844784e+01
7.1846120293e-01	1.9117425021e+01
7.1846105784e-01	1.9120004214e+01
7.1846091332e-01	1.9122582362e+01
7.1846076936e-01	1.9125159443e+01
7.1846062595e-01	1.9127735450e+01
7.1846048310e-01	1.9130310383e+01
7.1846034080e-01	1.9132884237e+01
7.1846019904e-01	1.9135457008e+01
7.1846005781e-01	1.9138028678e+01
7.1845991713e-01	1.9140599246e+01
7.1845977697e-01	1.9143168712e+01
7.1845963735e-01	1.9145737076e+01
7.1845949826e-01	1.9148304356e+01
7.1845935971e-01	1.9150870584e+01
7.1845922170e-01	1.9153435762e+01
7.1845908422e-01	1.9155999893e+01
7.1845894728e-01	1.9158562993e+01
7.1845881087e-01	1.9161125065e+01
7.1845867499e-01	1.9163686101e+01
7.1845853965e-01	1.9166246101e+01
7.1845840483e-01	1.9168805071e+01
7.1845827054e-01	1.9171363011e+01
7.1845813677e-01	1.9173919916e+01
7.1845800353e-01	1.9176475810e+01
7.1845787081e-01	1.9179030695e+01
7.1845773862e-01	1.9181584571e+01
7.1845760695e-01	1.9184137437e+01
7.1845747579e-01	1.9186689275e+01
7.1845734514e-01	1.9189240074e+01
7.1845721500e-01	1.9191789832e+01
7.1845708536e-01	1.9194338549e+01
7.1845695623e-01	1.9196886225e+01
7.1845682759e-01	1.9199432858e+01
7.1845669945e-01	1.9201978441e+01
7.1845657181e-01	1.9204522965e+01
7.1845644465e-01	1.9207066422e+01
7.1845631797e-01	1.9209608809e+01
7.1845619178e-01	1.9212150124e+01
7.1845606607e-01	1.9214690365e+01
7.1845594086e-01	1.9217229593e+01
7.1845581614e-01	1.9219767822e+01
7.1845569191e-01	1.9222305054e+01
7.1845556818e-01	1.9224841286e+01
7.1845544494e-01	1.9227376516e+01
7.1845532218e-01	1.9229910743e+01
7.1845519991e-01	1.9232443967e+01
7.1845507813e-01	1.9234976187e+01
7.1845495683e-01	1.9237507402e+01
7.1845483600e-01	1.9240037612e+01
7.1845471566e-01	1.9242566824e+01
7.1845459580e-01	1.9245095039e+01
7.1845447641e-01	1.9247622255e+01
7.1845435748e-01	1.9250148417e+01
7.1845423901e-01	1.9252673511e+01
7.1845412099e-01	1.9255197537e+01
7.1845400343e-01	1.9257720502e+01
7.1845388632e-01	1.9260242407e+01
7.1845376966e-01	1.9262763250e+01
7.1845365345e-01	1.9265283031e+01
7.1845353768e-01	1.9267801742e+01
7.1845342236e-01	1.9270319371e+01
7.1845330747e-01	1.9272835923e+01
7.1845319302e-01	1.9275351398e+01
7.1845307902e-01	1.9277865810e+01
7.1845296545e-01	1.9280379163e+01
7.1845285233e-01	1.9282891474e+01
7.1845273965e-01	1.9285402770e+01
7.1845262743e-01	1.9287913051e+01
7.1845251564e-01	1.9290422321e+01
7.1845240431e-01	1.9292930579e+01
7.1845229341e-01	1.9295437824e+01
7.1845218296e-01	1.9297944054e+01
7.1845207294e-01	1.9300449268e+01
7.1845196336e-01	1.9302953467e+01
7.1845185422e-01	1.9305456654e+01
7.1845174552e-01	1.9307958834e+01
7.1845163725e-01	1.9310459993e+01
7.1845152941e-01	1.9312960122e+01
7.1845142199e-01	1.9315459218e+01
7.1845131499e-01	1.9317957283e+01
7.1845120842e-01	1.9320454315e+01
7.1845110228e-01	1.9322950313e+01
7.1845099655e-01	1.9325445278e+01
7.1845089124e-01	1.9327939207e+01
7.1845078634e-01	1.9330432101e+01
7.1845068187e-01	1.9332923955e+01
7.1845057780e-01	1.9335414765e+01
7.1845047415e-01	1.9337904556e+01
7.1845037091e-01	1.9340393326e+01
7.1845026809e-01	1.9342881069e+01
7.1845016568e-01	1.9345367780e+01
7.1845006367e-01	1.9347853458e+01
7.1844996208e-01	1.9350338117e+01
7.1844986090e-01	1.9352821788e+01
7.1844976014e-01	1.9355304469e+01
7.1844965979e-01	1.9357786164e+01
7.1844955986e-01	1.9360266874e+01
7.1844946034e-01	1.9362746595e+01
7.1844936122e-01	1.9365225327e+01
7.1844926252e-01	1.9367703066e+01
7.1844916422e-01	1.9370179818e+01
7.1844906632e-01	1.9372655562e+01
7.1844896883e-01	1.9375130296e+01
7.1844887173e-01	1.9377604023e+01
7.1844877503e-01	1.9380076744e+01
7.1844867873e-01	1.9382548457e+01
7.1844858283e-01	1.9385019163e+01
7.1844848731e-01	1.9387488863e+01
7.1844839219e-01	1.9389957558e+01
7.1844829747e-01	1.9392425247e+01
7.1844820314e-01	1.9394891945e+01
7.1844810920e-01	1.9397357657e+01
7.1844801565e-01	1.9399822372e+01
7.1844792249e-01	1.9402286076e+01
7.1844782972e-01	1.9404748772e+01
7.1844773733e-01	1.9407210459e+01
7.1844764532e-01	1.9409671137e+01
7.1844755369e-01	1.9412130805e+01
7.1844746245e-01	1.9414589463e+01
7.1844737158e-01	1.9417047113e+01
7.1844728111e-01	1.9419503811e+01
7.1844719102e-01	1.9421959556e+01
7.1844710133e-01	1.9424414344e+01
7.1844701203e-01	1.9426868179e+01
7.1844692311e-01	1.9429321060e+01
7.1844683458e-01	1.9431772985e+01
7.1844674643e-01	1.9434223938e+01
7.1844665866e-01	1.9436673916e+01
7.1844657126e-01	1.9439122915e+01
7.1844648424e-01	1.9441570935e+01
7.1844639759e-01	1.9444017974e+01
7.1844631132e-01	1.9446464032e+01
7.1844622542e-01	1.9448909109e+01
7.1844613989e-01	1.9451353204e+01
7.1844605473e-01	1.9453796328e+01
7.1844596994e-01	1.9456238489e+01
7.1844588553e-01	1.9458679685e+01
7.1844580148e-01	1.9461119908e+01
7.1844571780e-01	1.9463559158e+01
7.1844563449e-01	1.9465997430e+01
7.1844555154e-01	1.9468434715e+01
7.1844546894e-01	1.9470871012e+01
7.1844538671e-01	1.9473306320e+01
7.1844530484e-01	1.9475740640e+01
7.1844522332e-01	1.9478173971e+01
7.1844514215e-01	1.9480606313e+01
7.1844506135e-01	1.9483037670e+01
7.1844498089e-01	1.9485468044e+01
7.1844490081e-01	1.9487897489e+01
7.1844482109e-01	1.9490325993e+01
7.1844474173e-01	1.9492753557e+01
7.1844466273e-01	1.9495180179e+01
7.1844458409e-01	1.9497605833e+01
7.1844450580e-01	1.9500030529e+01
7.1844442787e-01	1.9502454275e+01
7.1844435029e-01	1.9504877070e+01
7.1844427306e-01	1.9507298916e+01
7.1844419619e-01	1.9509719810e+01
7.1844411967e-01	1.9512139755e+01
7.1844404351e-01	1.9514558773e+01
7.1844396771e-01	1.9516976861e+01
7.1844389225e-01	1.9519394020e+01
7.1844381715e-01	1.9521810242e+01
7.1844374240e-01	1.9524225528e+01
7.1844366800e-01	1.9526639877e+01
7.1844359395e-01	1.9529053295e+01
7.1844352024e-01	1.9531465779e+01
7.1844344688e-01	1.9533877308e+01
7.1844337386e-01	1.9536287881e+01
7.1844330118e-01	1.9538697497e+01
7.1844322883e-01	1.9541106157e+01
7.1844315683e-01	1.9543513858e+01
7.1844308516e-01	1.9545920602e+01
7.1844301382e-01	1.9548326386e+01
7.1844294282e-01	1.9550731211e+01
7.1844287215e-01	1.9553135076e+01
7.1844280183e-01	1.9555538032e+01
7.1844273185e-01	1.9557940068e+01
7.1844266220e-01	1.9560341166e+01
7.1844259289e-01	1.9562741330e+01
7.1844252391e-01	1.9565140561e+01
7.1844245527e-01	1.9567538864e+01
7.1844238696e-01	1.9569936234e+01
7.1844231899e-01	1.9572332678e+01
7.1844225135e-01	1.9574728207e+01
7.1844218404e-01	1.9577122819e+01
7.1844211707e-01	1.9579516515e+01
7.1844205043e-01	1.9581909287e+01
7.1844198412e-01	1.9584301142e+01
7.1844191814e-01	1.9586692078e+01
7.1844185249e-01	1.9589082100e+01
7.1844178717e-01	1.9591471212e+01
7.1844172218e-01	1.9593859415e+01
7.1844165751e-01	1.9596246707e+01
7.1844159318e-01	1.9598633086e+01
7.1844152917e-01	1.9601018539e+01
7.1844146547e-01	1.9603403064e+01
7.1844140210e-01	1.9605786663e+01
7.1844133905e-01	1.9608169335e+01
7.1844127632e-01	1.9610551077e+01
7.1844121391e-01	1.9612931892e+01
7.1844115181e-01	1.9615311777e+01
7.1844109002e-01	1.9617690732e+01
7.1844102856e-01	1.9620068758e+01
7.1844096740e-01	1.9622445840e+01
7.1844090656e-01	1.9624822025e+01
7.1844084604e-01	1.9627197300e+01
7.1844078584e-01	1.9629571661e+01
7.1844072595e-01	1.9631945117e+01
7.1844066638e-01	1.9634317690e+01
7.1844060713e-01	1.9636689374e+01
7.1844054820e-01	1.9639060171e+01
7.1844048958e-01	1.9641430075e+01
7.1844043128e-01	1.9643799082e+01
7.1844037329e-01	1.9646167189e+01
7.1844031561e-01	1.9648534396e+01
7.1844025824e-01	1.9650900701e+01
7.1844020119e-01	1.9653266108e+01
7.1844014444e-01	1.9655630616e+01
7.1844008800e-01	1.9657994225e+01
7.1844003186e-01	1.9660356933e+01
7.1843997604e-01	1.9662718742e+01
7.1843992052e-01	1.9665079649e+01
7.1843986530e-01	1.9667439646e+01
7.1843981038e-01	1.9669798737e+01
7.1843975576e-01	1.9672156923e+01
7.1843970145e-01	1.9674514204e+01
7.1843964744e-01	1.9676870581e+01
7.1843959372e-01	1.9679226052e+01
7.1843954031e-01	1.9681580617e+01
7.1843948718e-01	1.9683934272e+01
7.1843943435e-01	1.9686286995e+01
7.1843938181e-01	1.9688638786e+01
7.1843932956e-01	1.9690989651e+01
7.1843927762e-01	1.9693339654e+01
7.1843922597e-01	1.9695688789e+01
7.1843917463e-01	1.9698037057e+01
7.1843912359e-01	1.9700384471e+01
7.1843907286e-01	1.9702731030e+01
7.1843902243e-01	1.9705076727e+01
7.1843897229e-01	1.9707421564e+01
7.1843892246e-01	1.9709765538e+01
7.1843887292e-01	1.9712108648e+01
7.1843882369e-01	1.9714450892e+01
7.1843877474e-01	1.9716792274e+01
7.1843872609e-01	1.9719132793e+01
7.1843867774e-01	1.9721472444e+01
7.1843862968e-01	1.9723811227e+01
7.1843858191e-01	1.9726149139e+01
7.1843853443e-01	1.9728486177e+01
7.1843848724e-01	1.9730822341e+01
7.1843844034e-01	1.9733157625e+01
7.1843839372e-01	1.9735492020e+01
7.1843834738e-01	1.9737825523e+01
7.1843830132e-01	1.9740158134e+01
7.1843825555e-01	1.9742489854e+01
7.1843821005e-01	1.9744820682e+01
7.1843816483e-01	1.9747150616e+01
7.1843811989e-01	1.9749479638e+01
7.1843807522e-01	1.9751807747e+01
7.1843803082e-01	1.9754134962e+01
7.1843798670e-01	1.9756461291e+01
7.1843794286e-01	1.9758786734e+01
7.1843789931e-01	1.9761111326e+01
7.1843785603e-01	1.9763435061e+01
7.1843781304e-01	1.9765757933e+01
7.1843777032e-01	1.9768079949e+01
7.1843772789e-01	1.9770401111e+01
7.1843768574e-01	1.9772721418e+01
7.1843764386e-01	1.9775040868e+01
7.1843760227e-01	1.9777359461e+01
7.1843756095e-01	1.9779677199e+01
7.1843751990e-01	1.9781994082e+01
7.1843747914e-01	1.9784310110e+01
7.1843743864e-01	1.9786625281e+01
7.1843739843e-01	1.9788939596e+01
7.1843735848e-01	1.9791253055e+01
7.1843731881e-01	1.9793565655e+01
7.1843727941e-01	1.9795877398e+01
7.1843724027e-01	1.9798188278e+01
7.1843720141e-01	1.9800498292e+01
7.1843716281e-01	1.9802807430e+01
7.1843712448e-01	1.9805115690e+01
7.1843708640e-01	1.9807423072e+01
7.1843704859e-01	1.9809729576e+01
7.1843701104e-01	1.9812035194e+01
7.1843697375e-01	1.9814339921e+01
7.1843693671e-01	1.9816643769e+01
7.1843689994e-01	1.9818946738e+01
7.1843686342e-01	1.9821248829e+01
7.1843682716e-01	1.9823550043e+01
7.1843679116e-01	1.9825850370e+01
7.1843675541e-01	1.9828149807e+01
7.1843671992e-01	1.9830448405e+01
7.1843668470e-01	1.9832746163e+01
7.1843664975e-01	1.9835043084e+01
7.1843661505e-01	1.9837339173e+01
7.1843658063e-01	1.9839634435e+01
7.1843654647e-01	1.9841928873e+01
7.1843651257e-01	1.9844222481e+01
7.1843647893e-01	1.9846515260e+01
7.1843644555e-01	1.9848807209e+01
7.1843641244e-01	1.9851098327e+01
7.1843637958e-01	1.9853388615e+01
7.1843634699e-01	1.9855678071e+01
7.1843631465e-01	1.9857966696e+01
7.1843628257e-01	1.9860254490e+01
7.1843625075e-01	1.9862541452e+01
7.1843621918e-01	1.9864827582e+01
7.1843618787e-01	1.9867112879e+01
7.1843615681e-01	1.9869397331e+01
7.1843612600e-01	1.9871680934e+01
7.1843609544e-01	1.9873963684e+01
7.1843606513e-01	1.9876245584e+01
7.1843603506e-01	1.9878526625e+01
7.1843600524e-01	1.9880806809e+01
7.1843597566e-01	1.9883086135e+01
7.1843594632e-01	1.9885364601e+01
7.1843591723e-01	1.9887642201e+01
7.1843588837e-01	1.9889918937e+01
7.1843586005e-01	1.9892194803e+01
7.1843583218e-01	1.9894469804e+01
7.1843580455e-01	1.9896743937e+01
7.1843577716e-01	1.9899017228e+01
7.1843575002e-01	1.9901289706e+01
7.1843572312e-01	1.9903561363e+01
7.1843569648e-01	1.9905832201e+01
7.1843567008e-01	1.9908102223e+01
7.1843564393e-01	1.9910371429e+01
7.1843561802e-01	1.9912639818e+01
7.1843559235e-01	1.9914907388e+01
7.1843556693e-01	1.9917174139e+01
7.1843554176e-01	1.9919440073e+01
7.1843551682e-01	1.9921705185e+01
7.1843549212e-01	1.9923969481e+01
7.1843546767e-01	1.9926232964e+01
7.1843544346e-01	1.9928495636e+01
7.1843541949e-01	1.9930757494e+01
7.1843539576e-01	1.9933018540e+01
7.1843537227e-01	1.9935278773e+01
7.1843534902e-01	1.9937538195e+01
7.1843532601e-01	1.9939796804e+01
7.1843530323e-01	1.9942054590e+01
7.1843528068e-01	1.9944311549e+01
7.1843525837e-01	1.9946567679e+01
7.1843523629e-01	1.9948822976e+01
7.1843521444e-01	1.9951077435e+01
7.1843519281e-01	1.9953331055e+01
7.1843517142e-01	1.9955583837e+01
7.1843515025e-01	1.9957835778e+01
7.1843512930e-01	1.9960086880e+01
7.1843510858e-01	1.9962337142e+01
7.1843508808e-01	1.9964586563e+01
7.1843506781e-01	1.9966835142e+01
7.1843504778e-01	1.9969082930e+01
7.1843502798e-01	1.9971329938e+01
7.1843500841e-01	1.9973576162e+01
7.1843498908e-01	1.9975821601e+01
7.1843496999e-01	1.9978066256e+01
7.1843495113e-01	1.9980310126e+01
7.1843493250e-01	1.9982553209e+01
7.1843491410e-01	1.9984795504e+01
7.1843489593e-01	1.9987037011e+01
7.1843487799e-01	1.9989277731e+01
7.1843486028e-01	1.9991517661e+01
7.1843484280e-01	1.9993756802e+01
7.1843482555e-01	1.9995995153e+01
7.1843480853e-01	1.9998232722e+01
7.1843479184e-01	2.0000469516e+01
7.1843477577e-01	2.0002705534e+01
7.1843475991e-01	2.0004940759e+01
7.1843474428e-01	2.0007175174e+01
7.1843472886e-01	2.0009408778e+01
7.1843471367e-01	2.0011641567e+01
7.1843469869e-01	2.0013873547e+01
7.1843468392e-01	2.0016104716e+01
7.1843466938e-01	2.0018335075e+01
7.1843465505e-01	2.0020564623e+01
7.1843464093e-01	2.0022793360e+01
7.1843462703e-01	2.0025021285e+01
7.1843461334e-01	2.0027248397e+01
7.1843459986e-01	2.0029474687e+01
7.1843458659e-01	2.0031700156e+01
7.1843457354e-01	2.0033924805e+01
7.1843456069e-01	2.0036148635e+01
7.1843454806e-01	2.0038371683e+01
7.1843453565e-01	2.0040593966e+01
7.1843452346e-01	2.0042815475e+01
7.1843451148e-01	2.0045036211e+01
7.1843449973e-01	2.0047256177e+01
7.1843448819e-01	2.0049475372e+01
7.1843447687e-01	2.0051693795e+01
7.1843446576e-01	2.0053911442e+01
7.1843445487e-01	2.0056128316e+01
7.1843444420e-01	2.0058344416e+01
7.1843443374e-01	2.0060559754e+01
7.1843442349e-01	2.0062774337e+01
7.1843441347e-01	2.0064988162e+01
7.1843440366e-01	2.0067201231e+01
7.1843439406e-01	2.0069413538e+01
7.1843438467e-01	2.0071625066e+01
7.1843437549e-01	2.0073835800e+01
7.1843436651e-01	2.0076045736e+01
7.1843435774e-01	2.0078254872e+01
7.1843434917e-01	2.0080463210e+01
7.1843434080e-01	2.0082670747e+01
7.1843433263e-01	2.0084877485e+01
7.1843432466e-01	2.0087083422e+01
7.1843431689e-01	2.0089288558e+01
7.1843430932e-01	2.0091492893e+01
7.1843430195e-01	2.0093696426e+01
7.1843429477e-01	2.0095899158e+01
7.1843428780e-01	2.0098101088e+01
7.1843428127e-01	2.0100302222e+01
7.1843427517e-01	2.0102502566e+01
7.1843426927e-01	2.0104702116e+01
7.1843426356e-01	2.0106900879e+01
7.1843425807e-01	2.0109098904e+01
7.1843425279e-01	2.0111296187e+01
7.1843424770e-01	2.0113492720e+01
7.1843424283e-01	2.0115688503e+01
7.1843423816e-01	2.0117883537e+01
7.1843423369e-01	2.0120077821e+01
7.1843422943e-01	2.0122271364e+01
7.1843422537e-01	2.0124464172e+01
7.1843422152e-01	2.0126656243e+01
7.1843421787e-01	2.0128847577e+01
7.1843421443e-01	2.0131038176e+01
7.1843421118e-01	2.0133228036e+01
7.1843420814e-01	2.0135417144e+01
7.1843420530e-01	2.0137605488e+01
7.1843420265e-01	2.0139793068e+01
7.1843420019e-01	2.0141979878e+01
7.1843419792e-01	2.0144165910e+01
7.1843419585e-01	2.0146351164e+01
7.1843419396e-01	2.0148535640e+01
7.1843419227e-01	2.0150719337e+01
7.1843419076e-01	2.0152902255e+01
7.1843418944e-01	2.0155084394e+01
7.1843418830e-01	2.0157265752e+01
7.1843418736e-01	2.0159446331e+01
7.1843418660e-01	2.0161626132e+01
7.1843418602e-01	2.0163805159e+01
7.1843418564e-01	2.0165983413e+01
7.1843418544e-01	2.0168160893e+01
7.1843418542e-01	2.0170337598e+01
7.1843418559e-01	2.0172513529e+01
7.1843418594e-01	2.0174688686e+01
7.1843418648e-01	2.0176863073e+01
7.1843418719e-01	2.0179036614e+01
7.1843418805e-01	2.0181209280e+01
7.1843418907e-01	2.0183381061e+01
7.1843419025e-01	2.0185551971e+01
7.1843419159e-01	2.0187722009e+01
7.1843419335e-01	2.0189891177e+01
7.1843419548e-01	2.0192059480e+01
7.1843419777e-01	2.0194226916e+01
7.1843420021e-01	2.0196393484e+01
7.1843420281e-01	2.0198559185e+01
7.1843420557e-01	2.0200724011e+01
7.1843420847e-01	2.0202887945e+01
7.1843421153e-01	2.0205050986e+01
7.1843421473e-01	2.0207213132e+01
7.1843421808e-01	2.0209374385e+01
7.1843422157e-01	2.0211534736e+01
7.1843422521e-01	2.0213694179e+01
7.1843422899e-01	2.0215852714e+01
7.1843423291e-01	2.0218010341e+01
7.1843423698e-01	2.0220167060e+01
7.1843424119e-01	2.0222322869e+01
7.1843424553e-01	2.0224477770e+01
7.1843425002e-01	2.0226631761e+01
7.1843425465e-01	2.0228784842e+01
7.1843425941e-01	2.0230937013e+01
7.1843426432e-01	2.0233088270e+01
7.1843426936e-01	2.0235238613e+01
7.1843427454e-01	2.0237388042e+01
7.1843427985e-01	2.0239536556e+01
7.1843428530e-01	2.0241684155e+01
7.1843429089e-01	2.0243830839e+01
7.1843429661e-01	2.0245976610e+01
7.1843430247e-01	2.0248121490e+01
7.1843430847e-01	2.0250265527e+01
7.1843431463e-01	2.0252408716e+01
7.1843432094e-01	2.0254551051e+01
7.1843432739e-01	2.0256692533e+01
7.1843433399e-01	2.0258833164e+01
7.1843434073e-01	2.0260972945e+01
7.1843434762e-01	2.0263111871e+01
7.1843435466e-01	2.0265249940e+01
7.1843436183e-01	2.0267387144e+01
7.1843436915e-01	2.0269523485e+01
7.1843437660e-01	2.0271658946e+01
7.1843438428e-01	2.0273793529e+01
7.1843439247e-01	2.0275927234e+01
7.1843440080e-01	2.0278060066e+01
7.1843440927e-01	2.0280192028e+01
7.1843441787e-01	2.0282323108e+01
7.1843442660e-01	2.0284453304e+01
7.1843443547e-01	2.0286582616e+01
7.1843444447e-01	2.0288711043e+01
7.1843445360e-01	2.0290838586e+01
7.1843446286e-01	2.0292965243e+01
7.1843447225e-01	2.0295091015e+01
7.1843448177e-01	2.0297215902e+01
7.1843449142e-01	2.0299339903e+01
7.1843450121e-01	2.0301463022e+01
7.1843451111e-01	2.0303585257e+01
7.1843452115e-01	2.0305706609e+01
7.1843453132e-01	2.0307827076e+01
7.1843454161e-01	2.0309946660e+01
7.1843455203e-01	2.0312065360e+01
7.1843456258e-01	2.0314183174e+01
7.1843457325e-01	2.0316300114e+01
7.1843458406e-01	2.0318416200e+01
7.1843459501e-01	2.0320531482e+01
7.1843460611e-01	2.0322645952e+01
7.1843461734e-01	2.0324759602e+01
7.1843462871e-01	2.0326872431e+01
7.1843464022e-01	2.0328984440e+01
7.1843465186e-01	2.0331095626e+01
7.1843466365e-01	2.0333205986e+01
7.1843467556e-01	2.0335315513e+01
7.1843468761e-01	2.0337424209e+01
7.1843469979e-01	2.0339532073e+01
7.1843471211e-01	2.0341639086e+01
7.1843472454e-01	2.0343745241e+01
7.1843473711e-01	2.0345850539e+01
7.1843474980e-01	2.0347954979e+01
7.1843476299e-01	2.0350058561e+01
7.1843477638e-01	2.0352161276e+01
7.1843478990e-01	2.0354263119e+01
7.1843480353e-01	2.0356364090e+01
7.1843481729e-01	2.0358464188e+01
7.1843483116e-01	2.0360563413e+01
7.1843484515e-01	2.0362661768e+01
7.1843485926e-01	2.0364759258e+01
7.1843487350e-01	2.0366855881e+01
7.1843488785e-01	2.0368951641e+01
7.1843490232e-01	2.0371046537e+01
7.1843491691e-01	2.0373140569e+01
7.1843493161e-01	2.0375233736e+01
7.1843494644e-01	2.0377326038e+01
7.1843496138e-01	2.0379417474e+01
7.1843497643e-01	2.0381508042e+01
7.1843499161e-01	2.0383597760e+01
7.1843500691e-01	2.0385686632e+01
7.1843502232e-01	2.0387774656e+01
7.1843503786e-01	2.0389861860e+01
7.1843505354e-01	2.0391948278e+01
7.1843506934e-01	2.0394033899e+01
7.1843508527e-01	2.0396118716e+01
7.1843510133e-01	2.0398202731e+01
7.1843511752e-01	2.0400285942e+01
7.1843513383e-01	2.0402368346e+01
7.1843515027e-01	2.0404449941e+01
7.1843516683e-01	2.0406530727e+01
7.1843518351e-01	2.0408610704e+01
7.1843520032e-01	2.0410689862e+01
7.1843521725e-01	2.0412768192e+01
7.1843523429e-01	2.0414845693e+01
7.1843525162e-01	2.0416922365e+01
7.1843526935e-01	2.0418998208e+01
7.1843528719e-01	2.0421073219e+01
7.1843530515e-01	2.0423147388e+01
7.1843532321e-01	2.0425220710e+01
7.1843534139e-01	2.0427293186e+01
7.1843535968e-01	2.0429364815e+01
7.1843537808e-01	2.0431435594e+01
7.1843539659e-01	2.0433505525e+01
7.1843541521e-01	2.0435574608e+01
7.1843543394e-01	2.0437642839e+01
7.1843545277e-01	2.0439710224e+01
7.1843547172e-01	2.0441776762e+01
7.1843549077e-01	2.0443842454e+01
7.1843550993e-01	2.0445907300e+01
7.1843552920e-01	2.0447971300e+01
7.1843554858e-01	2.0450034464e+01
7.1843556807e-01	2.0452096806e+01
7.1843558767e-01	2.0454158324e+01
7.1843560738e-01	2.0456219019e+01
7.1843562721e-01	2.0458278891e+01
7.1843564714e-01	2.0460337949e+01
7.1843566720e-01	2.0462396240e+01
7.1843568738e-01	2.0464453763e+01
7.1843570768e-01	2.0466510506e+01
7.1843572810e-01	2.0468566465e+01
7.1843574863e-01	2.0470621641e+01
7.1843576929e-01	2.0472676036e+01
7.1843579006e-01	2.0474729648e+01
7.1843581094e-01	2.0476782475e+01
7.1843583194e-01	2.0478834517e+01
7.1843585306e-01	2.0480885771e+01
7.1843587460e-01	2.0482936223e+01
7.1843589637e-01	2.0484985873e+01
7.1843591826e-01	2.0487034719e+01
7.1843594025e-01	2.0489082761e+01
7.1843596235e-01	2.0491129999e+01
7.1843598456e-01	2.0493176429e+01
7.1843600687e-01	2.0495222044e+01
7.1843602929e-01	2.0497266846e+01
7.1843605181e-01	2.0499310835e+01
7.1843607444e-01	2.0501354009e+01
7.1843609717e-01	2.0503396362e+01
7.1843612000e-01	2.0505437895e+01
7.1843616581e-01	2.0507579072e+01
7.1843621181e-01	2.0509719611e+01
7.1843625793e-01	2.0511859519e+01
7.1843630419e-01	2.0513998800e+01
7.1843635058e-01	2.0516137446e+01
7.1843639710e-01	2.0518275465e+01
7.1843644377e-01	2.0520412855e+01
7.1843649057e-01	2.0522549620e+01
7.1843653750e-01	2.0524685762e+01
7.1843658457e-01	2.0526821281e+01
7.1843663178e-01	2.0528956176e+01
7.1843667912e-01	2.0531090447e+01
7.1843672661e-01	2.0533224142e+01
7.1843677424e-01	2.0535357256e+01
7.1843682201e-01	2.0537489783e+01
7.1843686992e-01	2.0539621723e+01
7.1843691798e-01	2.0541753080e+01
7.1843696617e-01	2.0543883859e+01
7.1843701451e-01	2.0546014050e+01
7.1843706321e-01	2.0548143645e+01
7.1843711225e-01	2.0550272658e+01
7.1843716144e-01	2.0552401090e+01
7.1843721076e-01	2.0554528929e+01
7.1843726021e-01	2.0556656171e+01
7.1843730981e-01	2.0558782815e+01
7.1843735953e-01	2.0560908861e+01
7.1843740940e-01	2.0563034309e+01
7.1843745939e-01	2.0565159157e+01
7.1843750952e-01	2.0567283412e+01
7.1843755979e-01	2.0569407076e+01
7.1843761019e-01	2.0571530149e+01
7.1843766072e-01	2.0573652630e+01
7.1843771139e-01	2.0575774519e+01
7.1843776219e-01	2.0577895816e+01
7.1843781312e-01	2.0580016523e+01
7.1843786419e-01	2.0582136639e+01
7.1843791539e-01	2.0584256165e+01
7.1843796672e-01	2.0586375099e+01
7.1843801818e-01	2.0588493441e+01
7.1843806978e-01	2.0590611192e+01
7.1843812150e-01	2.0592728350e+01
7.1843817335e-01	2.0594844913e+01
7.1843822533e-01	2.0596960879e+01
7.1843827744e-01	2.0599076246e+01
7.1843832968e-01	2.0601191015e+01
7.1843838205e-01	2.0603305201e+01
7.1843843455e-01	2.0605418831e+01
7.1843848734e-01	2.0607531899e+01
7.1843854053e-01	2.0609644394e+01
7.1843859385e-01	2.0611756310e+01
7.1843864730e-01	2.0613867659e+01
7.1843870088e-01	2.0615978443e+01
7.1843875459e-01	2.0618088655e+01
7.1843880843e-01	2.0620198286e+01
7.1843886239e-01	2.0622307288e+01
7.1843891646e-01	2.0624415647e+01
7.1843897065e-01	2.0626523362e+01
7.1843902494e-01	2.0628630433e+01
7.1843907935e-01	2.0630736866e+01
7.1843913387e-01	2.0632842663e+01
7.1843918851e-01	2.0634947823e+01
7.1843924326e-01	2.0637052349e+01
7.1843929812e-01	2.0639156244e+01
7.1843935310e-01	2.0641259507e+01
7.1843940818e-01	2.0643362138e+01
7.1843946338e-01	2.0645464138e+01
7.1843951870e-01	2.0647565512e+01
7.1843957412e-01	2.0649666260e+01
7.1843962966e-01	2.0651766383e+01
7.1843968531e-01	2.0653865879e+01
7.1843974108e-01	2.0655964750e+01
7.1843979695e-01	2.0658062993e+01
7.1843985294e-01	2.0660160609e+01
7.1843990924e-01	2.0662257599e+01
7.1843996585e-01	2.0664353960e+01
7.1844002257e-01	2.0666449694e+01
7.1844007940e-01	2.0668544800e+01
7.1844013634e-01	2.0670639277e+01
7.1844019339e-01	2.0672733126e+01
7.1844025055e-01	2.0674826354e+01
7.1844030782e-01	2.0676918985e+01
7.1844036520e-01	2.0679011025e+01
7.1844042271e-01	2.0681102469e+01
7.1844048032e-01	2.0683193317e+01
7.1844053805e-01	2.0685283569e+01
7.1844059589e-01	2.0687373218e+01
7.1844065384e-01	2.0689462245e+01
7.1844071189e-01	2.0691550649e+01
7.1844077005e-01	2.0693638429e+01
7.1844082831e-01	2.0695725585e+01
7.1844088668e-01	2.0697812117e+01
7.1844094516e-01	2.0699898024e+01
7.1844100374e-01	2.0701983306e+01
7.1844106242e-01	2.0704067961e+01
7.1844112121e-01	2.0706151985e+01
7.1844118009e-01	2.0708235380e+01
7.1844123939e-01	2.0710318151e+01
7.1844129888e-01	2.0712400299e+01
7.1844135847e-01	2.0714481824e+01
7.1844141817e-01	2.0716562730e+01
7.1844147796e-01	2.0718643021e+01
7.1844153787e-01	2.0720722697e+01
7.1844159787e-01	2.0722801757e+01
7.1844165798e-01	2.0724880202e+01
7.1844171819e-01	2.0726958030e+01
7.1844177850e-01	2.0729035243e+01
7.1844183891e-01	2.0731111838e+01
7.1844189942e-01	2.0733187815e+01
7.1844196004e-01	2.0735263173e+01
7.1844202075e-01	2.0737337913e+01
7.1844208156e-01	2.0739412034e+01
7.1844214248e-01	2.0741485535e+01
7.1844220349e-01	2.0743558412e+01
7.1844226460e-01	2.0745630678e+01
7.1844232581e-01	2.0747702368e+01
7.1844238714e-01	2.0749773489e+01
7.1844244857e-01	2.0751844038e+01
7.1844251017e-01	2.0753914004e+01
7.1844257220e-01	2.0755983384e+01
7.1844263433e-01	2.0758052166e+01
7.1844269657e-01	2.0760120348e+01
7.1844275890e-01	2.0762187927e+01
7.1844282133e-01	2.0764254904e+01
7.1844288386e-01	2.0766321276e+01
7.1844294648e-01	2.0768387044e+01
7.1844300921e-01	2.0770452208e+01
7.1844307203e-01	2.0772516767e+01
7.1844313495e-01	2.0774580721e+01
7.1844319797e-01	2.0776644069e+01
7.1844326108e-01	2.0778706812e+01
7.1844332429e-01	2.0780768954e+01
7.1844338759e-01	2.0782830498e+01
7.1844345100e-01	2.0784891444e+01
7.1844351450e-01	2.0786951793e+01
7.1844357809e-01	2.0789011542e+01
7.1844364179e-01	2.0791070693e+01
7.1844370557e-01	2.0793129245e+01
7.1844376946e-01	2.0795187198e+01
7.1844383365e-01	2.0797244551e+01
7.1844389809e-01	2.0799301305e+01
7.1844396264e-01	2.0801357458e+01
7.1844402727e-01	2.0803413009e+01
7.1844409200e-01	2.0805467961e+01
7.1844415682e-01	2.0807522316e+01
7.1844422173e-01	2.0809576071e+01
7.1844428674e-01	2.0811629234e+01
7.1844435185e-01	2.0813681809e+01
7.1844441704e-01	2.0815733796e+01
7.1844448233e-01	2.0817785196e+01
7.1844454773e-01	2.0819836035e+01
7.1844461322e-01	2.0821886314e+01
7.1844467881e-01	2.0823936028e+01
7.1844474449e-01	2.0825985156e+01
7.1844481027e-01	2.0828033697e+01
7.1844487613e-01	2.0830081643e+01
7.1844494209e-01	2.0832128994e+01
7.1844500814e-01	2.0834175747e+01
7.1844507427e-01	2.0836221899e+01
7.1844514084e-01	2.0838267448e+01
7.1844520752e-01	2.0840312395e+01
7.1844527428e-01	2.0842356739e+01
7.1844534113e-01	2.0844400480e+01
7.1844540807e-01	2.0846443618e+01
7.1844547509e-01	2.0848486153e+01
7.1844554220e-01	2.0850528086e+01
7.1844560939e-01	2.0852569421e+01
7.1844567667e-01	2.0854610161e+01
7.1844574404e-01	2.0856650305e+01
7.1844581150e-01	2.0858689853e+01
7.1844587904e-01	2.0860728805e+01
7.1844594666e-01	2.0862767161e+01
7.1844601438e-01	2.0864804920e+01
7.1844608217e-01	2.0866842086e+01
7.1844615005e-01	2.0868878660e+01
7.1844621802e-01	2.0870914639e+01
7.1844628607e-01	2.0872950023e+01
7.1844635430e-01	2.0874984810e+01
7.1844642288e-01	2.0877018999e+01
7.1844649153e-01	2.0879052599e+01
7.1844656028e-01	2.0881085609e+01
7.1844662910e-01	2.0883118030e+01
7.1844669801e-01	2.0885149861e+01
7.1844676701e-01	2.0887181102e+01
7.1844683608e-01	2.0889211753e+01
7.1844690525e-01	2.0891241824e+01
7.1844697450e-01	2.0893271339e+01
7.1844704384e-01	2.0895300293e+01
7.1844711327e-01	2.0897328680e+01
7.1844718278e-01	2.0899356492e+01
7.1844725237e-01	2.0901383723e+01
7.1844732205e-01	2.0903410371e+01
7.1844739181e-01	2.0905436435e+01
7.1844746166e-01	2.0907461913e+01
7.1844753158e-01	2.0909486807e+01
7.1844760173e-01	2.0911511112e+01
7.1844767215e-01	2.0913534830e+01
7.1844774266e-01	2.0915557954e+01
7.1844781325e-01	2.0917580490e+01
7.1844788392e-01	2.0919602435e+01
7.1844795466e-01	2.0921623791e+01
7.1844802548e-01	2.0923644556e+01
7.1844809638e-01	2.0925664735e+01
7.1844816736e-01	2.0927684329e+01
7.1844823842e-01	2.0929703337e+01
7.1844830955e-01	2.0931721758e+01
7.1844838077e-01	2.0933739593e+01
7.1844845206e-01	2.0935756841e+01
7.1844852342e-01	2.0937773502e+01
7.1844859487e-01	2.0939789576e+01
7.1844866639e-01	2.0941805063e+01
7.1844873798e-01	2.0943819963e+01
7.1844880978e-01	2.0945834283e+01
7.1844888187e-01	2.0947848022e+01
7.1844895403e-01	2.0949861180e+01
7.1844902627e-01	2.0951873757e+01
7.1844909858e-01	2.0953885752e+01
7.1844917097e-01	2.0955897164e+01
7.1844924344e-01	2.0957907995e+01
7.1844931598e-01	2.0959918243e+01
7.1844938859e-01	2.0961927899e+01
7.1844946128e-01	2.0963936973e+01
7.1844953404e-01	2.0965945490e+01
7.1844960689e-01	2.0967953453e+01
7.1844967981e-01	2.0969960851e+01
7.1844975281e-01	2.0971967676e+01
7.1844982588e-01	2.0973973924e+01
7.1844989903e-01	2.0975979597e+01
7.1844997228e-01	2.0977984700e+01
7.1845004590e-01	2.0979989230e+01
7.1845011960e-01	2.0981993190e+01
7.1845019337e-01	2.0983996581e+01
7.1845026722e-01	2.0985999405e+01
7.1845034114e-01	2.0988001663e+01
7.1845041513e-01	2.0990003352e+01
7.1845048920e-01	2.0992004475e+01
7.1845056334e-01	2.0994005028e+01
7.1845063755e-01	2.0996005012e+01
7.1845071184e-01	2.0998004430e+01
7.1845078620e-01	2.1000003283e+01
7.1845086063e-01	2.1002001570e+01
7.1845093514e-01	2.1003999285e+01
7.1845100971e-01	2.1005996432e+01
7.1845108436e-01	2.1007993009e+01
7.1845115925e-01	2.1009989019e+01
7.1845123436e-01	2.1011984468e+01
7.1845130954e-01	2.1013979357e+01
7.1845138479e-01	2.1015973684e+01
7.1845146011e-01	2.1017967451e+01
7.1845153551e-01	2.1019960657e+01
7.1845161097e-01	2.1021953301e+01
7.1845168631e-01	2.1023944498e+01
7.1845176173e-01	2.1025935140e+01
7.1845183722e-01	2.1027925247e+01
7.1845191279e-01	2.1029914822e+01
7.1845198843e-01	2.1031903869e+01
7.1845206415e-01	2.1033892387e+01
7.1845213995e-01	2.1035880377e+01
7.1845221583e-01	2.1037867839e+01
7.1845229198e-01	2.1039854772e+01
7.1845236832e-01	2.1041841175e+01
7.1845244473e-01	2.1043827050e+01
7.1845252121e-01	2.1045812395e+01
7.1845259777e-01	2.1047797214e+01
7.1845267440e-01	2.1049781506e+01
7.1845275111e-01	2.1051765272e+01
7.1845282790e-01	2.1053748512e+01
7.1845290476e-01	2.1055731224e+01
7.1845298169e-01	2.1057713408e+01
7.1845305869e-01	2.1059695067e+01
7.1845313577e-01	2.1061676198e+01
7.1845321292e-01	2.1063656800e+01
7.1845329015e-01	2.1065636874e+01
7.1845336758e-01	2.1067616419e+01
7.1845344525e-01	2.1069595434e+01
7.1845352299e-01	2.1071573929e+01
7.1845360080e-01	2.1073551908e+01
7.1845367869e-01	2.1075529368e+01
7.1845375665e-01	2.1077506313e+01
7.1845383469e-01	2.1079482747e+01
7.1845391280e-01	2.1081458671e+01
7.1845399099e-01	2.1083434083e+01
7.1845406924e-01	2.1085408985e+01
7.1845414758e-01	2.1087383374e+01
7.1845422598e-01	2.1089357251e+01
7.1845430446e-01	2.1091330621e+01
7.1845438301e-01	2.1093303484e+01
7.1845446188e-01	2.1095275838e+01
7.1845454087e-01	2.1097247683e+01
7.1845461993e-01	2.1099219020e+01
7.1845469907e-01	2.1101189848e+01
7.1845477827e-01	2.1103160167e+01
7.1845485755e-01	2.1105129977e+01
7.1845493690e-01	2.1107099272e+01
7.1845501632e-01	2.1109068054e+01
7.1845509580e-01	2.1111036321e+01
7.1845517536e-01	2.1113004072e+01
7.1845525499e-01	2.1114971309e+01
7.1845533468e-01	2.1116938029e+01
7.1845541445e-01	2.1118904232e+01
7.1845549451e-01	2.1120869918e+01
7.1845557469e-01	2.1122835089e+01
7.1845565494e-01	2.1124799743e+01
7.1845573525e-01	2.1126763880e+01
7.1845581564e-01	2.1128727500e+01
7.1845589609e-01	2.1130690602e+01
7.1845597660e-01	2.1132653184e+01
7.1845605718e-01	2.1134615245e+01
7.1845613783e-01	2.1136576785e+01
7.1845621854e-01	2.1138537804e+01
7.1845629932e-01	2.1140498301e+01
7.1845638015e-01	2.1142458276e+01
7.1845646116e-01	2.1144417729e+01
7.1845654240e-01	2.1146376663e+01
7.1845662371e-01	2.1148335096e+01
7.1845670508e-01	2.1150293023e+01
7.1845678653e-01	2.1152250446e+01
7.1845686804e-01	2.1154207362e+01
7.1845694961e-01	2.1156163775e+01
7.1845703125e-01	2.1158119683e+01
7.1845711296e-01	2.1160075084e+01
7.1845719473e-01	2.1162029976e+01
7.1845727657e-01	2.1163984356e+01
7.1845735847e-01	2.1165938227e+01
7.1845744055e-01	2.1167891596e+01
7.1845752284e-01	2.1169844462e+01
7.1845760520e-01	2.1171796825e+01
7.1845768763e-01	2.1173748684e+01
7.1845777011e-01	2.1175700040e+01
7.1845785267e-01	2.1177650892e+01
7.1845793528e-01	2.1179601240e+01
7.1845801796e-01	2.1181551083e+01
7.1845810070e-01	2.1183500422e+01
7.1845818351e-01	2.1185449256e+01
7.1845826638e-01	2.1187397584e+01
7.1845834932e-01	2.1189345407e+01
7.1845843256e-01	2.1191292723e+01
7.1845851587e-01	2.1193239533e+01
7.1845859924e-01	2.1195185836e+01
7.1845868267e-01	2.1197131632e+01
7.1845876617e-01	2.1199076922e+01
7.1845884972e-01	2.1201021705e+01
7.1845893333e-01	2.1202965981e+01
7.1845901701e-01	2.1204909750e+01
7.1845910074e-01	2.1206853010e+01
7.1845918453e-01	2.1208795763e+01
7.1845926841e-01	2.1210738011e+01
7.1845935257e-01	2.1212679756e+01
7.1845943679e-01	2.1214620994e+01
7.1845952107e-01	2.1216561724e+01
7.1845960541e-01	2.1218501959e+01
7.1845968981e-01	2.1220441698e+01
7.1845977427e-01	2.1222380939e+01
7.1845985879e-01	2.1224319688e+01
7.1845994337e-01	2.1226257945e+01
7.1846002801e-01	2.1228195711e+01
7.1846011271e-01	2.1230132985e+01
7.1846019764e-01	2.1232069766e+01
7.1846028270e-01	2.1234006055e+01
7.1846036782e-01	2.1235941851e+01
7.1846045300e-01	2.1237877155e+01
7.1846053824e-01	2.1239811965e+01
7.1846062354e-01	2.1241746282e+01
7.1846070890e-01	2.1243680105e+01
7.1846079431e-01	2.1245613434e+01
7.1846087978e-01	2.1247546266e+01
7.1846096531e-01	2.1249478599e+01
7.1846105106e-01	2.1251410434e+01
7.1846113694e-01	2.1253341768e+01
7.1846122287e-01	2.1255272602e+01
7.1846130885e-01	2.1257202935e+01
7.1846139489e-01	2.1259132767e+01
7.1846148099e-01	2.1261062099e+01
7.1846156714e-01	2.1262990937e+01
7.1846165334e-01	2.1264919280e+01
7.1846173961e-01	2.1266847129e+01
7.1846182596e-01	2.1268774482e+01
7.1846191256e-01	2.1270701338e+01
7.1846199921e-01	2.1272627697e+01
7.1846208592e-01	2.1274553560e+01
7.1846217268e-01	2.1276478924e+01
7.1846225949e-01	2.1278403791e+01
7.1846234636e-01	2.1280328160e+01
7.1846243328e-01	2.1282252031e+01
7.1846252025e-01	2.1284175403e+01
7.1846260729e-01	2.1286098277e+01
7.1846269458e-01	2.1288020656e+01
7.1846278194e-01	2.1289942549e+01
7.1846286934e-01	2.1291863951e+01
7.1846295680e-01	2.1293784860e+01
7.1846304431e-01	2.1295705278e+01
7.1846313188e-01	2.1297625203e+01
7.1846321950e-01	2.1299544635e+01
7.1846330717e-01	2.1301463579e+01
7.1846339495e-01	2.1303382038e+01
7.1846348294e-01	2.1305300012e+01
7.1846357098e-01	2.1307217503e+01
7.1846365908e-01	2.1309134508e+01
7.1846374722e-01	2.1311051029e+01
7.1846383542e-01	2.1312967065e+01
7.1846392368e-01	2.1314882615e+01
7.1846401198e-01	2.1316797680e+01
7.1846410034e-01	2.1318712259e+01
7.1846418874e-01	2.1320626352e+01
7.1846427720e-01	2.1322539957e+01
7.1846436571e-01	2.1324453071e+01
7.1846445427e-01	2.1326365694e+01
7.1846454287e-01	2.1328277825e+01
7.1846463153e-01	2.1330189464e+01
7.1846472024e-01	2.1332100614e+01
7.1846480899e-01	2.1334011275e+01
7.1846489780e-01	2.1335921443e+01
7.1846498665e-01	2.1337831119e+01
7.1846507555e-01	2.1339740301e+01
7.1846516450e-01	2.1341648990e+01
7.1846525350e-01	2.1343557187e+01
7.1846534254e-01	2.1345464891e+01
7.1846543163e-01	2.1347372101e+01
7.1846552077e-01	2.1349278819e+01
7.1846560996e-01	2.1351185043e+01
7.1846569919e-01	2.1353090773e+01
7.1846578847e-01	2.1354996009e+01
7.1846587779e-01	2.1356900750e+01
7.1846596716e-01	2.1358805006e+01
7.1846605659e-01	2.1360708788e+01
7.1846614606e-01	2.1362612093e+01
7.1846623558e-01	2.1364514925e+01
7.1846632515e-01	2.1366417278e+01
7.1846641477e-01	2.1368319152e+01
7.1846650444e-01	2.1370220547e+01
7.1846659415e-01	2.1372121464e+01
7.1846668391e-01	2.1374021900e+01
7.1846677372e-01	2.1375921858e+01
7.1846686358e-01	2.1377821335e+01
7.1846695348e-01	2.1379720333e+01
7.1846704344e-01	2.1381618855e+01
7.1846713344e-01	2.1383516902e+01
7.1846722348e-01	2.1385414473e+01
7.1846731358e-01	2.1387311568e+01
7.1846740372e-01	2.1389208186e+01
7.1846749391e-01	2.1391104328e+01
7.1846758414e-01	2.1392999993e+01
7.1846767442e-01	2.1394895181e+01
7.1846776475e-01	2.1396789892e+01
7.1846785512e-01	2.1398684125e+01
7.1846794554e-01	2.1400577881e+01
7.1846803600e-01	2.1402471159e+01
7.1846812651e-01	2.1404363958e+01
7.1846821707e-01	2.1406256279e+01
7.1846830766e-01	2.1408148125e+01
7.1846839831e-01	2.1410039489e+01
7.1846848899e-01	2.1411930371e+01
7.1846857972e-01	2.1413820770e+01
7.1846867049e-01	2.1415710687e+01
7.1846876131e-01	2.1417600122e+01
7.1846885216e-01	2.1419489074e+01
7.1846894306e-01	2.1421377540e+01
7.1846903400e-01	2.1423265520e+01
7.1846912498e-01	2.1425153012e+01
7.1846921601e-01	2.1427040017e+01
7.1846930707e-01	2.1428926535e+01
7.1846939818e-01	2.1430812576e+01
7.1846948933e-01	2.1432698143e+01
7.1846958052e-01	2.1434583231e+01
7.1846967176e-01	2.1436467838e+01
7.1846976303e-01	2.1438351962e+01
7.1846985435e-01	2.1440235603e+01
7.1846994570e-01	2.1442118762e+01
7.1847003710e-01	2.1444001436e+01
7.1847012853e-01	2.1445883625e+01
7.1847022001e-01	2.1447765330e+01
7.1847031153e-01	2.1449646549e+01
7.1847040308e-01	2.1451527284e+01
7.1847049467e-01	2.1453407533e+01
7.1847058631e-01	2.1455287302e+01
7.1847067799e-01	2.1457166602e+01
7.1847076970e-01	2.1459045435e+01
7.1847086147e-01	2.1460923799e+01
7.1847095327e-01	2.1462801696e+01
7.1847104511e-01	2.1464679126e+01
7.1847113700e-01	2.1466556091e+01
7.1847122893e-01	2.1468432589e+01
7.1847132090e-01	2.1470308620e+01
7.1847141291e-01	2.1472184185e+01
7.1847150497e-01	2.1474059283e+01
7.1847159706e-01	2.1475933914e+01
7.1847168919e-01	2.1477808077e+01
7.1847178137e-01	2.1479681772e+01
7.1847187358e-01	2.1481555000e+01
7.1847196584e-01	2.1483427759e+01
7.1847205814e-01	2.1485300049e+01
7.1847215047e-01	2.1487171870e+01
7.1847224284e-01	2.1489043220e+01
7.1847233526e-01	2.1490914101e+01
7.1847242771e-01	2.1492784512e+01
7.1847252020e-01	2.1494654454e+01
7.1847261273e-01	2.1496523926e+01
7.1847270529e-01	2.1498392928e+01
7.1847279790e-01	2.1500261461e+01
7.1847289055e-01	2.1502129538e+01
7.1847298323e-01	2.1503997160e+01
7.1847307596e-01	2.1505864322e+01
7.1847316873e-01	2.1507731024e+01
7.1847326153e-01	2.1509597259e+01
7.1847335438e-01	2.1511463031e+01
7.1847344726e-01	2.1513328336e+01
7.1847354018e-01	2.1515193177e+01
7.1847363313e-01	2.1517057553e+01
7.1847372613e-01	2.1518921463e+01
7.1847381916e-01	2.1520784907e+01
7.1847391223e-01	2.1522647885e+01
7.1847400533e-01	2.1524510395e+01
7.1847409848e-01	2.1526372440e+01
7.1847419165e-01	2.1528234017e+01
7.1847428487e-01	2.1530095127e+01
7.1847437812e-01	2.1531955769e+01
7.1847447141e-01	2.1533815944e+01
7.1847456473e-01	2.1535675655e+01
7.1847465809e-01	2.1537534904e+01
7.1847475148e-01	2.1539393690e+01
7.1847484492e-01	2.1541252012e+01
7.1847493838e-01	2.1543109870e+01
7.1847503189e-01	2.1544967260e+01
7.1847512542e-01	2.1546824183e+01
7.1847521899e-01	2.1548680637e+01
7.1847531260e-01	2.1550536620e+01
7.1847540624e-01	2.1552392135e+01
7.1847549991e-01	2.1554247187e+01
7.1847559362e-01	2.1556101774e+01
7.1847568737e-01	2.1557955897e+01
7.1847578114e-01	2.1559809555e+01
7.1847587496e-01	2.1561662747e+01
7.1847596880e-01	2.1563515473e+01
7.1847606268e-01	2.1565367734e+01
7.1847615659e-01	2.1567219530e+01
7.1847625054e-01	2.1569070861e+01
7.1847634452e-01	2.1570921725e+01
7.1847643853e-01	2.1572772135e+01
7.1847653258e-01	2.1574622091e+01
7.1847662666e-01	2.1576471594e+01
7.1847672078e-01	2.1578320638e+01
7.1847681494e-01	2.1580169228e+01
7.1847690912e-01	2.1582017362e+01
7.1847700335e-01	2.1583865041e+01
7.1847709760e-01	2.1585712265e+01
7.1847719189e-01	2.1587559033e+01
7.1847728622e-01	2.1589405345e+01
7.1847738057e-01	2.1591251201e+01
7.1847747496e-01	2.1593096600e+01
7.1847756939e-01	2.1594941543e+01
7.1847766384e-01	2.1596786028e+01
7.1847775833e-01	2.1598630051e+01
7.1847785285e-01	2.1600473614e+01
7.1847794740e-01	2.1602316715e+01
7.1847804198e-01	2.1604159355e+01
7.1847813660e-01	2.1606001533e+01
7.1847823124e-01	2.1607843250e+01
7.1847832592e-01	2.1609684504e+01
7.1847842062e-01	2.1611525296e+01
7.1847851536e-01	2.1613365628e+01
7.1847861013e-01	2.1615205504e+01
7.1847870493e-01	2.1617044923e+01
7.1847879976e-01	2.1618883885e+01
7.1847889462e-01	2.1620722390e+01
7.1847898951e-01	2.1622560438e+01
7.1847908443e-01	2.1624398028e+01
7.1847917939e-01	2.1626235161e+01
7.1847927437e-01	2.1628071836e+01
7.1847936938e-01	2.1629908055e+01
7.1847946443e-01	2.1631743818e+01
7.1847955950e-01	2.1633579126e+01
7.1847965461e-01	2.1635413976e+01
7.1847974974e-01	2.1637248370e+01
7.1847984490e-01	2.1639082304e+01
7.1847994010e-01	2.1640915781e+01
7.1848003532e-01	2.1642748799e+01
7.1848013057e-01	2.1644581371e+01
7.1848022585e-01	2.1646413497e+01
7.1848032117e-01	2.1648245178e+01
7.1848041651e-01	2.1650076409e+01
7.1848051189e-01	2.1651907196e+01
7.1848060729e-01	2.1653737540e+01
7.1848070273e-01	2.1655567441e+01
7.1848079820e-01	2.1657396895e+01
7.1848089370e-01	2.1659225901e+01
7.1848098923e-01	2.1661054459e+01
7.1848108478e-01	2.1662882569e+01
7.1848118037e-01	2.1664710231e+01
7.1848127599e-01	2.1666537444e+01
7.1848137163e-01	2.1668364208e+01
7.1848146731e-01	2.1670190523e+01
7.1848156301e-01	2.1672016389e+01
7.1848165874e-01	2.1673841805e+01
7.1848175450e-01	2.1675666772e+01
7.1848185028e-01	2.1677491289e+01
7.1848194610e-01	2.1679315356e+01
7.1848204194e-01	2.1681138972e+01
7.1848213781e-01	2.1682962138e+01
7.1848223371e-01	2.1684784853e+01
7.1848232963e-01	2.1686607114e+01
7.1848242558e-01	2.1688428920e+01
7.1848252156e-01	2.1690250271e+01
7.1848261756e-01	2.1692071169e+01
7.1848271359e-01	2.1693891616e+01
7.1848280964e-01	2.1695711611e+01
7.1848290572e-01	2.1697531153e+01
7.1848300183e-01	2.1699350241e+01
7.1848309796e-01	2.1701168876e+01
7.1848319412e-01	2.1702987056e+01
7.1848329030e-01	2.1704804783e+01
7.1848338651e-01	2.1706622058e+01
7.1848348274e-01	2.1708438883e+01
7.1848357900e-01	2.1710255256e+01
7.1848367528e-01	2.1712071178e+01
7.1848377159e-01	2.1713886647e+01
7.1848386792e-01	2.1715701673e+01
7.1848396429e-01	2.1717516263e+01
7.1848406068e-01	2.1719330416e+01
7.1848415709e-01	2.1721144131e+01
7.1848425354e-01	2.1722957403e+01
7.1848435001e-01	2.1724770232e+01
7.1848444650e-01	2.1726582617e+01
7.1848454302e-01	2.1728394559e+01
7.1848463957e-01	2.1730206056e+01
7.1848473614e-01	2.1732017111e+01
7.1848483274e-01	2.1733827721e+01
7.1848492936e-01	2.1735637888e+01
7.1848502601e-01	2.1737447610e+01
7.1848512268e-01	2.1739256888e+01
7.1848521937e-01	2.1741065721e+01
7.1848531609e-01	2.1742874109e+01
7.1848541283e-01	2.1744682053e+01
7.1848550960e-01	2.1746489551e+01
7.1848560639e-01	2.1748296604e+01
7.1848570321e-01	2.1750103212e+01
7.1848580005e-01	2.1751909382e+01
7.1848589691e-01	2.1753715113e+01
7.1848599380e-01	2.1755520407e+01
7.1848609072e-01	2.1757325262e+01
7.1848618765e-01	2.1759129678e+01
7.1848628462e-01	2.1760933655e+01
7.1848638160e-01	2.1762737194e+01
7.1848647861e-01	2.1764540293e+01
7.1848657565e-01	2.1766342952e+01
7.1848667270e-01	2.1768145172e+01
7.1848676978e-01	2.1769946951e+01
7.1848686689e-01	2.1771748290e+01
7.1848696402e-01	2.1773549190e+01
7.1848706117e-01	2.1775349649e+01
7.1848715834e-01	2.1777149666e+01
7.1848725553e-01	2.1778949241e+01
7.1848735275e-01	2.1780748374e+01
7.1848744999e-01	2.1782547064e+01
7.1848754725e-01	2.1784345311e+01
7.1848764453e-01	2.1786143115e+01
7.1848774183e-01	2.1787940485e+01
7.1848783916e-01	2.1789737424e+01
7.1848793651e-01	2.1791533932e+01
7.1848803389e-01	2.1793330008e+01
7.1848813129e-01	2.1795125649e+01
7.1848822871e-01	2.1796920857e+01
7.1848832615e-01	2.1798715630e+01
7.1848842362e-01	2.1800509970e+01
7.1848852111e-01	2.1802303874e+01
7.1848861862e-01	2.1804097345e+01
7.1848871615e-01	2.1805890380e+01
7.1848881370e-01	2.1807682982e+01
7.1848891128e-01	2.1809475147e+01
7.1848900888e-01	2.1811266877e+01
7.1848910649e-01	2.1813058172e+01
7.1848920413e-01	2.1814849031e+01
7.1848930179e-01	2.1816639455e+01
7.1848939948e-01	2.1818429443e+01
7.1848949718e-01	2.1820218994e+01
7.1848959490e-01	2.1822008109e+01
7.1848969264e-01	2.1823796786e+01
7.1848979040e-01	2.1825585026e+01
7.1848988819e-01	2.1827372828e+01
7.1848998599e-01	2.1829160193e+01
7.1849008381e-01	2.1830947119e+01
7.1849018165e-01	2.1832733607e+01
7.1849027951e-01	2.1834519660e+01
7.1849037739e-01	2.1836305279e+01
7.1849047529e-01	2.1838090463e+01
7.1849057321e-01	2.1839875211e+01
7.1849067115e-01	2.1841659523e+01
7.1849076911e-01	2.1843443398e+01
7.1849086708e-01	2.1845226834e+01
7.1849096508e-01	2.1847009831e+01
7.1849106309e-01	2.1848792390e+01
7.1849116112e-01	2.1850574512e+01
7.1849125917e-01	2.1852356205e+01
7.1849135724e-01	2.1854137469e+01
7.1849145533e-01	2.1855918305e+01
7.1849155344e-01	2.1857698711e+01
7.1849165158e-01	2.1859478694e+01
7.1849174973e-01	2.1861258260e+01
7.1849184790e-01	2.1863037408e+01
7.1849194610e-01	2.1864816137e+01
7.1849204431e-01	2.1866594445e+01
7.1849214255e-01	2.1868372328e+01
7.1849224080e-01	2.1870149786e+01
7.1849233908e-01	2.1871926818e+01
7.1849243737e-01	2.1873703424e+01
7.1849253568e-01	2.1875479605e+01
7.1849263402e-01	2.1877255359e+01
7.1849273237e-01	2.1879030687e+01
7.1849283073e-01	2.1880805589e+01
7.1849292912e-01	2.1882580064e+01
7.1849302753e-01	2.1884354114e+01
7.1849312595e-01	2.1886127737e+01
7.1849322439e-01	2.1887900929e+01
7.1849332285e-01	2.1889673692e+01
7.1849342133e-01	2.1891446024e+01
7.1849351982e-01	2.1893217926e+01
7.1849361833e-01	2.1894989397e+01
7.1849371686e-01	2.1896760438e+01
7.1849381540e-01	2.1898531047e+01
7.1849391396e-01	2.1900301226e+01
7.1849401253e-01	2.1902070973e+01
7.1849411112e-01	2.1903840289e+01
7.1849420973e-01	2.1905609173e+01
7.1849430836e-01	2.1907377625e+01
7.1849440699e-01	2.1909145645e+01
7.1849450565e-01	2.1910913232e+01
7.1849460432e-01	2.1912680388e+01
7.1849470300e-01	2.1914447110e+01
7.1849480170e-01	2.1916213400e+01
7.1849490042e-01	2.1917979257e+01
7.1849499915e-01	2.1919744680e+01
7.1849509789e-01	2.1921509671e+01
7.1849519665e-01	2.1923274227e+01
7.1849529542e-01	2.1925038350e+01
7.1849539421e-01	2.1926802039e+01
7.1849549301e-01	2.1928565294e+01
7.1849559182e-01	2.1930328114e+01
7.1849569066e-01	2.1932090516e+01
7.1849578951e-01	2.1933852501e+01
7.1849588837e-01	2.1935614072e+01
7.1849598726e-01	2.1937375226e+01
7.1849608616e-01	2.1939135964e+01
7.1849618507e-01	2.1940896282e+01
7.1849628400e-01	2.1942656180e+01
7.1849638295e-01	2.1944415658e+01
7.1849648192e-01	2.1946174715e+01
7.1849658090e-01	2.1947933352e+01
7.1849667989e-01	2.1949691567e+01
7.1849677890e-01	2.1951449362e+01
7.1849687793e-01	2.1953206742e+01
7.1849697697e-01	2.1954963707e+01
7.1849707603e-01	2.1956720254e+01
7.1849717510e-01	2.1958476384e+01
7.1849727419e-01	2.1960232096e+01
7.1849737330e-01	2.1961987390e+01
7.1849747242e-01	2.1963742266e+01
7.1849757155e-01	2.1965496727e+01
7.1849767070e-01	2.1967250774e+01
7.1849776987e-01	2.1969004406e+01
7.1849786905e-01	2.1970757626e+01
7.1849796825e-01	2.1972510432e+01
7.1849806746e-01	2.1974262825e+01
7.1849816669e-01	2.1976014803e+01
7.1849826593e-01	2.1977766368e+01
7.1849836519e-01	2.1979517518e+01
7.1849846446e-01	2.1981268255e+01
7.1849856375e-01	2.1983018576e+01
7.1849866305e-01	2.1984768483e+01
7.1849876237e-01	2.1986517975e+01
7.1849886170e-01	2.1988267052e+01
7.1849896104e-01	2.1990015714e+01
7.1849906040e-01	2.1991763960e+01
7.1849915978e-01	2.1993511790e+01
7.1849925916e-01	2.1995259202e+01
7.1849935856e-01	2.1997006195e+01
7.1849945797e-01	2.1998752771e+01
7.1849955739e-01	2.2000498929e+01
7.1849965683e-01	2.2002244667e+01
7.1849975628e-01	2.2003989986e+01
7.1849985574e-01	2.2005734894e+01
7.1849995522e-01	2.2007479390e+01
7.1850005471e-01	2.2009223475e+01
7.1850015422e-01	2.2010967150e+01
7.1850025374e-01	2.2012710417e+01
7.1850035327e-01	2.2014453273e+01
7.1850045281e-01	2.2016195716e+01
7.1850055237e-01	2.2017937748e+01
7.1850065194e-01	2.2019679367e+01
7.1850075153e-01	2.2021420575e+01
7.1850085112e-01	2.2023161371e+01
7.1850095073e-01	2.2024901754e+01
7.1850105036e-01	2.2026641725e+01
7.1850114999e-01	2.2028381284e+01
7.1850124964e-01	2.2030120429e+01
7.1850134930e-01	2.2031859161e+01
7.1850144897e-01	2.2033597481e+01
7.1850154865e-01	2.2035335387e+01
7.1850164834e-01	2.2037072879e+01
7.1850174805e-01	2.2038809960e+01
7.1850184777e-01	2.2040546625e+01
7.1850194749e-01	2.2042282878e+01
7.1850204723e-01	2.2044018718e+01
7.1850214698e-01	2.2045754142e+01
7.1850224674e-01	2.2047489148e+01
7.1850234652e-01	2.2049223736e+01
7.1850244630e-01	2.2050957905e+01
7.1850254609e-01	2.2052691656e+01
7.1850264589e-01	2.2054424990e+01
7.1850274570e-01	2.2056157910e+01
7.1850284552e-01	2.2057890416e+01
7.1850294535e-01	2.2059622509e+01
7.1850304519e-01	2.2061354187e+01
7.1850314504e-01	2.2063085452e+01
7.1850324490e-01	2.2064816301e+01
7.1850334478e-01	2.2066546736e+01
7.1850344466e-01	2.2068276757e+01
7.1850354455e-01	2.2070006362e+01
7.1850364445e-01	2.2071735552e+01
7.1850374436e-01	2.2073464327e+01
7.1850384427e-01	2.2075192687e+01
7.1850394420e-01	2.2076920636e+01
7.1850404414e-01	2.2078648180e+01
7.1850414409e-01	2.2080375319e+01
7.1850424405e-01	2.2082102054e+01
7.1850434403e-01	2.2083828383e+01
7.1850444401e-01	2.2085554307e+01
7.1850454400e-01	2.2087279823e+01
7.1850464400e-01	2.2089004929e+01
7.1850474401e-01	2.2090729623e+01
7.1850484403e-01	2.2092453910e+01
7.1850494406e-01	2.2094177790e+01
7.1850504410e-01	2.2095901263e+01
7.1850514415e-01	2.2097624335e+01
7.1850524422e-01	2.2099347003e+01
7.1850534429e-01	2.2101069270e+01
7.1850544437e-01	2.2102791133e+01
7.1850554446e-01	2.2104512593e+01
7.1850564456e-01	2.2106233649e+01
7.1850574467e-01	2.2107954301e+01
7.1850584479e-01	2.2109674549e+01
7.1850594492e-01	2.2111394394e+01
7.1850604506e-01	2.2113113833e+01
7.1850614521e-01	2.2114832868e+01
7.1850624537e-01	2.2116551499e+01
7.1850634553e-01	2.2118269724e+01
7.1850644571e-01	2.2119987545e+01
7.1850654589e-01	2.2121704957e+01
7.1850664608e-01	2.2123421962e+01
7.1850674628e-01	2.2125138559e+01
7.1850684648e-01	2.2126854747e+01
7.1850694670e-01	2.2128570527e+01
7.1850704692e-01	2.2130285899e+01
7.1850714715e-01	2.2132000861e+01
7.1850724738e-01	2.2133715415e+01
7.1850734763e-01	2.2135429560e+01
7.1850744788e-01	2.2137143296e+01
7.1850754813e-01	2.2138856619e+01
7.1850764840e-01	2.2140569530e+01
7.1850774867e-01	2.2142282029e+01
7.1850784894e-01	2.2143994115e+01
7.1850794922e-01	2.2145705789e+01
7.1850804951e-01	2.2147417051e+01
7.1850814980e-01	2.2149127900e+01
7.1850825010e-01	2.2150838347e+01
7.1850835041e-01	2.2152548393e+01
7.1850845072e-01	2.2154258038e+01
7.1850855105e-01	2.2155967282e+01
7.1850865138e-01	2.2157676127e+01
7.1850875172e-01	2.2159384579e+01
7.1850885207e-01	2.2161092632e+01
7.1850895242e-01	2.2162800286e+01
7.1850905279e-01	2.2164507540e+01
7.1850915316e-01	2.2166214394e+01
7.1850925353e-01	2.2167920848e+01
7.1850935392e-01	2.2169626901e+01
7.1850945431e-01	2.2171332554e+01
7.1850955471e-01	2.2173037809e+01
7.1850965512e-01	2.2174742670e+01
7.1850975553e-01	2.2176447134e+01
7.1850985595e-01	2.2178151204e+01
7.1850995638e-01	2.2179854877e+01
7.1851005682e-01	2.2181558154e+01
7.1851015726e-01	2.2183261036e+01
7.1851025771e-01	2.2184963521e+01
7.1851035817e-01	2.2186665609e+01
7.1851045864e-01	2.2188367300e+01
7.1851055911e-01	2.2190068594e+01
7.1851065959e-01	2.2191769491e+01
7.1851076007e-01	2.2193469991e+01
7.1851086056e-01	2.2195170093e+01
7.1851096106e-01	2.2196869798e+01
7.1851106156e-01	2.2198569105e+01
7.1851116207e-01	2.2200268014e+01
7.1851126259e-01	2.2201966524e+01
7.1851136311e-01	2.2203664637e+01
7.1851146363e-01	2.2205362351e+01
7.1851156417e-01	2.2207059666e+01
7.1851166470e-01	2.2208756583e+01
7.1851176524e-01	2.2210453101e+01
7.1851186579e-01	2.2212149220e+01
7.1851196635e-01	2.2213844940e+01
7.1851206690e-01	2.2215540261e+01
7.1851216746e-01	2.2217235181e+01
7.1851226803e-01	2.2218929703e+01
7.1851236860e-01	2.2220623824e+01
7.1851246918e-01	2.2222317544e+01
7.1851256976e-01	2.2224010875e+01
7.1851267035e-01	2.2225703820e+01
7.1851277095e-01	2.2227396377e+01
7.1851287155e-01	2.2229088546e+01
7.1851297216e-01	2.2230780326e+01
7.1851307278e-01	2.2232471719e+01
7.1851317340e-01	2.2234162723e+01
7.1851327403e-01	2.2235853334e+01
7.1851337466e-01	2.2237543554e+01
7.1851347530e-01	2.2239233382e+01
7.1851357594e-01	2.2240922815e+01
7.1851367658e-01	2.2242611851e+01
7.1851377723e-01	2.2244300490e+01
7.1851387789e-01	2.2245988733e+01
7.1851397855e-01	2.2247676580e+01
7.1851407921e-01	2.2249364029e+01
7.1851417987e-01	2.2251051082e+01
7.1851428054e-01	2.2252737739e+01
7.1851438122e-01	2.2254424001e+01
7.1851448189e-01	2.2256109871e+01
7.1851458258e-01	2.2257795348e+01
7.1851468326e-01	2.2259480432e+01
7.1851478395e-01	2.2261165124e+01
7.1851488464e-01	2.2262849427e+01
7.1851498534e-01	2.2264533340e+01
7.1851508605e-01	2.2266216865e+01
7.1851518675e-01	2.2267900000e+01
7.1851528747e-01	2.2269582745e+01
7.1851538818e-01	2.2271265101e+01
7.1851548890e-01	2.2272947066e+01
7.1851558963e-01	2.2274628642e+01
7.1851569035e-01	2.2276309828e+01
7.1851579108e-01	2.2277990623e+01
7.1851589182e-01	2.2279671027e+01
7.1851599256e-01	2.2281351041e+01
7.1851609330e-01	2.2283030664e+01
7.1851619404e-01	2.2284709896e+01
7.1851629479e-01	2.2286388737e+01
7.1851639554e-01	2.2288067186e+01
7.1851649629e-01	2.2289745244e+01
7.1851659705e-01	2.2291422911e+01
7.1851669781e-01	2.2293100185e+01
7.1851679857e-01	2.2294777068e+01
7.1851689934e-01	2.2296453565e+01
7.1851700011e-01	2.2298129680e+01
7.1851710088e-01	2.2299805413e+01
7.1851720166e-01	2.2301480764e+01
7.1851730244e-01	2.2303155732e+01
7.1851740322e-01	2.2304830315e+01
7.1851750401e-01	2.2306504513e+01
7.1851760480e-01	2.2308178326e+01
7.1851770560e-01	2.2309851750e+01
7.1851780639e-01	2.2311524785e+01
7.1851790719e-01	2.2313197431e+01
7.1851800799e-01	2.2314869689e+01
7.1851810880e-01	2.2316541557e+01
7.1851820960e-01	2.2318213036e+01
7.1851831041e-01	2.2319884125e+01
7.1851841122e-01	2.2321554823e+01
7.1851851203e-01	2.2323225130e+01
7.1851861284e-01	2.2324895046e+01
7.1851871365e-01	2.2326564571e+01
7.1851881446e-01	2.2328233707e+01
7.1851891528e-01	2.2329902452e+01
7.1851901609e-01	2.2331570806e+01
7.1851911691e-01	2.2333238770e+01
7.1851921773e-01	2.2334906342e+01
7.1851931855e-01	2.2336573528e+01
7.1851941937e-01	2.2338240327e+01
7.1851952019e-01	2.2339906738e+01
7.1851962102e-01	2.2341572762e+01
7.1851972184e-01	2.2343238399e+01
7.1851982267e-01	2.2344903648e+01
7.1851992349e-01	2.2346568510e+01
7.1852002432e-01	2.2348232984e+01
7.1852012515e-01	2.2349897069e+01
7.1852022598e-01	2.2351560767e+01
7.1852032681e-01	2.2353224076e+01
7.1852042764e-01	2.2354886997e+01
7.1852052847e-01	2.2356549529e+01
7.1852062930e-01	2.2358211672e+01
7.1852073013e-01	2.2359873427e+01
7.1852083096e-01	2.2361534790e+01
7.1852093179e-01	2.2363195759e+01
7.1852103262e-01	2.2364856337e+01
7.1852113345e-01	2.2366516524e+01
7.1852123428e-01	2.2368176328e+01
7.1852133511e-01	2.2369835755e+01
7.1852143595e-01	2.2371494809e+01
7.1852153678e-01	2.2373153493e+01
7.1852163763e-01	2.2374811806e+01
7.1852173847e-01	2.2376469748e+01
7.1852183932e-01	2.2378127319e+01
7.1852194017e-01	2.2379784518e+01
7.1852204102e-01	2.2381441345e+01
7.1852214187e-01	2.2383097798e+01
7.1852224273e-01	2.2384753874e+01
7.1852234358e-01	2.2386409575e+01
7.1852244444e-01	2.2388064899e+01
7.1852254530e-01	2.2389719846e+01
7.1852264616e-01	2.2391374416e+01
7.1852274702e-01	2.2393028610e+01
7.1852284789e-01	2.2394682427e+01
7.1852294875e-01	2.2396335866e+01
7.1852304961e-01	2.2397988927e+01
7.1852315048e-01	2.2399641610e+01
7.1852325134e-01	2.2401293916e+01
7.1852335221e-01	2.2402945843e+01
7.1852345307e-01	2.2404597392e+01
7.1852355394e-01	2.2406248562e+01
7.1852365480e-01	2.2407899354e+01
7.1852375567e-01	2.2409549768e+01
7.1852385653e-01	2.2411199803e+01
7.1852395740e-01	2.2412849458e+01
7.1852405826e-01	2.2414498735e+01
7.1852415913e-01	2.2416147632e+01
7.1852425999e-01	2.2417796149e+01
7.1852436086e-01	2.2419444288e+01
7.1852446172e-01	2.2421092048e+01
7.1852456258e-01	2.2422739430e+01
7.1852466344e-01	2.2424386434e+01
7.1852476430e-01	2.2426033059e+01
7.1852486517e-01	2.2427679305e+01
7.1852496602e-01	2.2429325172e+01
7.1852506688e-01	2.2430970659e+01
7.1852516774e-01	2.2432615768e+01
7.1852526860e-01	2.2434260497e+01
7.1852536945e-01	2.2435904846e+01
7.1852547030e-01	2.2437548816e+01
7.1852557115e-01	2.2439192406e+01
7.1852567200e-01	2.2440835616e+01
7.1852577285e-01	2.2442478445e+01
7.1852587370e-01	2.2444120905e+01
7.1852597455e-01	2.2445762996e+01
7.1852607540e-01	2.2447404720e+01
7.1852617625e-01	2.2449046075e+01
7.1852627710e-01	2.2450687062e+01
7.1852637795e-01	2.2452327681e+01
7.1852647880e-01	2.2453967931e+01
7.1852657965e-01	2.2455607812e+01
7.1852668050e-01	2.2457247323e+01
7.1852678135e-01	2.2458886461e+01
7.1852688219e-01	2.2460525226e+01
7.1852698304e-01	2.2462163617e+01
7.1852708388e-01	2.2463801633e+01
7.1852718473e-01	2.2465439273e+01
7.1852728557e-01	2.2467076538e+01
7.1852738641e-01	2.2468713427e+01
7.1852748724e-01	2.2470349939e+01
7.1852758808e-01	2.2471986081e+01
7.1852768891e-01	2.2473621851e+01
7.1852778975e-01	2.2475257250e+01
7.1852789058e-01	2.2476892277e+01
7.1852799141e-01	2.2478526932e+01
7.1852809223e-01	2.2480161215e+01
7.1852819306e-01	2.2481795126e+01
7.1852829388e-01	2.2483428663e+01
7.1852839470e-01	2.2485061825e+01
7.1852849552e-01	2.2486694611e+01
7.1852859634e-01	2.2488327021e+01
7.1852869715e-01	2.2489959054e+01
7.1852879796e-01	2.2491590711e+01
7.1852889877e-01	2.2493221992e+01
7.1852899957e-01	2.2494852895e+01
7.1852910037e-01	2.2496483422e+01
7.1852920116e-01	2.2498113571e+01
7.1852930196e-01	2.2499743345e+01
7.1852940275e-01	2.2501372745e+01
7.1852950354e-01	2.2503001773e+01
7.1852960432e-01	2.2504630428e+01
7.1852970510e-01	2.2506258711e+01
7.1852980588e-01	2.2507886625e+01
7.1852990666e-01	2.2509514169e+01
7.1853000743e-01	2.2511141343e+01
7.1853010821e-01	2.2512768146e+01
7.1853020898e-01	2.2514394577e+01
7.1853030974e-01	2.2516020637e+01
7.1853041050e-01	2.2517646329e+01
7.1853051127e-01	2.2519271660e+01
7.1853061203e-01	2.2520896627e+01
7.1853071279e-01	2.2522521232e+01
7.1853081354e-01	2.2524145473e+01
7.1853091430e-01	2.2525769351e+01
7.1853101505e-01	2.2527392866e+01
7.1853111580e-01	2.2529016017e+01
7.1853121655e-01	2.2530638805e+01
7.1853131730e-01	2.2532261227e+01
7.1853141804e-01	2.2533883281e+01
7.1853151878e-01	2.2535504967e+01
7.1853161952e-01	2.2537126285e+01
7.1853172025e-01	2.2538747235e+01
7.1853182099e-01	2.2540367816e+01
7.1853192171e-01	2.2541988030e+01
7.1853202244e-01	2.2543607875e+01
7.1853212316e-01	2.2545227351e+01
7.1853222387e-01	2.2546846456e+01
7.1853232459e-01	2.2548465192e+01
7.1853242529e-01	2.2550083559e+01
7.1853252600e-01	2.2551701556e+01
7.1853262670e-01	2.2553319184e+01
7.1853272739e-01	2.2554936441e+01
7.1853282809e-01	2.2556553329e+01
7.1853292877e-01	2.2558169847e+01
7.1853302946e-01	2.2559785995e+01
7.1853313013e-01	2.2561401773e+01
7.1853323081e-01	2.2563017181e+01
7.1853333148e-01	2.2564632219e+01
7.1853343214e-01	2.2566246886e+01
7.1853353280e-01	2.2567861183e+01
7.1853363345e-01	2.2569475108e+01
7.1853373410e-01	2.2571088664e+01
7.1853383475e-01	2.2572701848e+01
7.1853393539e-01	2.2574314660e+01
7.1853403602e-01	2.2575927101e+01
7.1853413665e-01	2.2577539171e+01
7.1853423727e-01	2.2579150873e+01
7.1853433789e-01	2.2580762209e+01
7.1853443850e-01	2.2582373179e+01
7.1853453911e-01	2.2583983785e+01
7.1853463972e-01	2.2585594029e+01
7.1853474032e-01	2.2587203910e+01
7.1853484092e-01	2.2588813428e+01
7.1853494151e-01	2.2590422582e+01
7.1853504210e-01	2.2592031381e+01
7.1853514269e-01	2.2593639830e+01
7.1853524328e-01	2.2595247927e+01
7.1853534386e-01	2.2596855671e+01
7.1853544444e-01	2.2598463064e+01
7.1853554502e-01	2.2600070104e+01
7.1853564559e-01	2.2601676791e+01
7.1853574617e-01	2.2603283126e+01
7.1853584674e-01	2.2604889108e+01
7.1853594730e-01	2.2606494733e+01
7.1853604787e-01	2.2608099999e+01
7.1853614842e-01	2.2609704903e+01
7.1853624897e-01	2.2611309443e+01
7.1853634952e-01	2.2612913622e+01
7.1853645006e-01	2.2614517437e+01
7.1853655060e-01	2.2616120889e+01
7.1853665113e-01	2.2617723979e+01
7.1853675166e-01	2.2619326705e+01
7.1853685218e-01	2.2620929065e+01
7.1853695269e-01	2.2622531062e+01
7.1853705320e-01	2.2624132695e+01
7.1853715370e-01	2.2625733963e+01
7.1853727317e-01	2.2627433845e+01
7.1853739267e-01	2.2629133455e+01
7.1853751217e-01	2.2630832790e+01
7.1853763169e-01	2.2632531853e+01
7.1853775121e-01	2.2634230642e+01
7.1853787074e-01	2.2635929160e+01
7.1853799027e-01	2.2637627408e+01
7.1853810981e-01	2.2639325386e+01
7.1853822936e-01	2.2641023095e+01
7.1853834891e-01	2.2642720538e+01
7.1853846846e-01	2.2644417718e+01
7.1853858803e-01	2.2646114640e+01
7.1853870760e-01	2.2647811295e+01
7.1853882718e-01	2.2649507688e+01
7.1853894677e-01	2.2651203819e+01
7.1853906636e-01	2.2652899688e+01
7.1853918597e-01	2.2654595295e+01
7.1853930558e-01	2.2656290641e+01
7.1853942520e-01	2.2657985729e+01
7.1853954483e-01	2.2659680557e+01
7.1853966447e-01	2.2661375118e+01
7.1853978411e-01	2.2663069419e+01
7.1853990377e-01	2.2664763458e+01
7.1854002343e-01	2.2666457243e+01
7.1854014310e-01	2.2668150767e+01
7.1854026278e-01	2.2669844034e+01
7.1854038246e-01	2.2671537044e+01
7.1854050216e-01	2.2673229801e+01
7.1854062186e-01	2.2674922306e+01
7.1854074158e-01	2.2676614558e+01
7.1854086130e-01	2.2678306555e+01
7.1854098103e-01	2.2679998295e+01
7.1854110077e-01	2.2681689779e+01
7.1854122052e-01	2.2683381002e+01
7.1854134027e-01	2.2685071967e+01
7.1854146003e-01	2.2686762671e+01
7.1854157980e-01	2.2688453116e+01
7.1854169958e-01	2.2690143300e+01
7.1854181936e-01	2.2691833225e+01
7.1854193915e-01	2.2693522896e+01
7.1854205895e-01	2.2695212314e+01
7.1854217876e-01	2.2696901479e+01
7.1854229858e-01	2.2698590389e+01
7.1854241840e-01	2.2700279045e+01
7.1854253823e-01	2.2701967445e+01
7.1854265807e-01	2.2703655591e+01
7.1854277792e-01	2.2705343481e+01
7.1854289777e-01	2.2707031116e+01
7.1854301764e-01	2.2708718497e+01
7.1854313751e-01	2.2710405620e+01
7.1854325738e-01	2.2712092488e+01
7.1854337727e-01	2.2713779100e+01
7.1854349716e-01	2.2715465456e+01
7.1854361705e-01	2.2717151557e+01
7.1854373696e-01	2.2718837401e+01
7.1854385687e-01	2.2720522991e+01
7.1854397679e-01	2.2722208325e+01
7.1854409672e-01	2.2723893407e+01
7.1854421665e-01	2.2725578236e+01
7.1854433659e-01	2.2727262813e+01
7.1854445654e-01	2.2728947137e+01
7.1854457650e-01	2.2730631208e+01
7.1854469646e-01	2.2732315025e+01
7.1854481643e-01	2.2733998590e+01
7.1854493640e-01	2.2735681901e+01
7.1854505639e-01	2.2737364958e+01
7.1854517638e-01	2.2739047762e+01
7.1854529637e-01	2.2740730311e+01
7.1854541638e-01	2.2742412606e+01
7.1854553639e-01	2.2744094647e+01
7.1854565640e-01	2.2745776434e+01
7.1854577642e-01	2.2747457966e+01
7.1854589645e-01	2.2749139244e+01
7.1854601649e-01	2.2750820267e+01
7.1854613653e-01	2.2752501035e+01
