Phi_global	fO2_shift_IW_derived
1.0000000000e+00	-3.0322192172e+00
1.0000000000e+00	-3.0322192172e+00
1.0000000000e+00	-3.0322192172e+00
1.0000000000e+00	-3.0322192172e+00
1.0000000000e+00	-3.0313710987e+00
1.0000000000e+00	-3.0314502911e+00
1.0000000000e+00	-3.0315290334e+00
1.0000000000e+00	-3.0323108957e+00
1.0000000000e+00	-3.0335553906e+00
1.0000000000e+00	-3.0355297503e+00
1.0000000000e+00	-3.0386179134e+00
1.0000000000e+00	-3.0434038138e+00
1.0000000000e+00	-3.0506387837e+00
1.0000000000e+00	-3.0620616504e+00
1.0000000000e+00	-3.0677135762e+00
9.9980077632e-01	-3.0685423950e+00
9.9974381672e-01	-3.0685341311e+00
9.9968743133e-01	-3.0685250233e+00
9.9963104188e-01	-3.0685146805e+00
9.9957449455e-01	-3.0685030306e+00
9.9951746844e-01	-3.0684901400e+00
9.9946037054e-01	-3.0684761991e+00
9.9940255337e-01	-3.0684612731e+00
9.9934442587e-01	-3.0684455237e+00
9.9928550992e-01	-3.0684289930e+00
9.9922530955e-01	-3.0684117036e+00
9.9916469777e-01	-3.0683938165e+00
9.9910389243e-01	-3.0683754094e+00
9.9904260020e-01	-3.0683564945e+00
9.9898050315e-01	-3.0683370749e+00
9.9891819343e-01	-3.0683172500e+00
9.9885476413e-01	-3.0682969478e+00
9.9879030083e-01	-3.0682762039e+00
9.9872532213e-01	-3.0682550990e+00
9.9866011240e-01	-3.0682336858e+00
9.9859455479e-01	-3.0682119704e+00
9.9852682023e-01	-3.0681897670e+00
9.9845884424e-01	-3.0681673074e+00
9.9838921780e-01	-3.0681444504e+00
9.9831871817e-01	-3.0681212972e+00
9.9824796988e-01	-3.0680979315e+00
9.9817697164e-01	-3.0680743665e+00
9.9810572214e-01	-3.0680506151e+00
9.9803422008e-01	-3.0680266895e+00
9.9796246412e-01	-3.0680026012e+00
9.9789045295e-01	-3.0679783609e+00
9.9781818520e-01	-3.0679539781e+00
9.9774565956e-01	-3.0679294609e+00
9.9767287414e-01	-3.0679048150e+00
9.9759982679e-01	-3.0678800438e+00
9.9752651590e-01	-3.0678551470e+00
9.9745294030e-01	-3.0678301199e+00
9.9737909901e-01	-3.0678049525e+00
9.9730499065e-01	-3.0677796280e+00
9.9723061375e-01	-3.0677541222e+00
9.9715596702e-01	-3.0677284021e+00
9.9708104877e-01	-3.0677024255e+00
9.9700585756e-01	-3.0676761403e+00
9.9693039211e-01	-3.0676494849e+00
9.9685465015e-01	-3.0676223882e+00
9.9677863092e-01	-3.0675947705e+00
9.9670233211e-01	-3.0675665451e+00
9.9662575229e-01	-3.0675376192e+00
9.9654889036e-01	-3.0675078963e+00
9.9647174328e-01	-3.0674772774e+00
9.9639431069e-01	-3.0674456635e+00
9.9631659027e-01	-3.0674129568e+00
9.9623858016e-01	-3.0673790638e+00
9.9616027941e-01	-3.0673438970e+00
9.9608168487e-01	-3.0673073778e+00
9.9600279655e-01	-3.0672694396e+00
9.9592361084e-01	-3.0672300300e+00
9.9584412771e-01	-3.0671891142e+00
9.9576434377e-01	-3.0671466764e+00
9.9568425819e-01	-3.0671027217e+00
9.9560386876e-01	-3.0670572757e+00
9.9552317297e-01	-3.0670103840e+00
9.9544216832e-01	-3.0669621102e+00
9.9536085202e-01	-3.0669125337e+00
9.9527922075e-01	-3.0668617458e+00
9.9519727731e-01	-3.0668098478e+00
9.9511502122e-01	-3.0667569463e+00
9.9503245081e-01	-3.0667031501e+00
9.9494956437e-01	-3.0666485679e+00
9.9486636020e-01	-3.0665933062e+00
9.9478283656e-01	-3.0665374669e+00
9.9469899172e-01	-3.0664811467e+00
9.9461482396e-01	-3.0664244362e+00
9.9453033150e-01	-3.0663674191e+00
9.9444551252e-01	-3.0663101723e+00
9.9436036514e-01	-3.0662527662e+00
9.9427488750e-01	-3.0661952647e+00
9.9418907775e-01	-3.0661377253e+00
9.9410293405e-01	-3.0660800957e+00
9.9401645451e-01	-3.0660220589e+00
9.9392963722e-01	-3.0659641195e+00
9.9384248007e-01	-3.0659062232e+00
9.9375497907e-01	-3.0658473990e+00
9.9366710986e-01	-3.0657769084e+00
9.9365567943e-01	-3.0655982575e+00
9.9365212334e-01	-3.0653870903e+00
9.9364875080e-01	-3.0652964744e+00
9.9364540278e-01	-3.0652325829e+00
9.9364207390e-01	-3.0651941215e+00
9.9363875845e-01	-3.0651718775e+00
9.9363545322e-01	-3.0651580621e+00
9.9363215204e-01	-3.0651485065e+00
9.9362885382e-01	-3.0651409124e+00
9.9362555856e-01	-3.0651344964e+00
9.9362227331e-01	-3.0651286814e+00
9.9361899420e-01	-3.0651240480e+00
9.9361572491e-01	-3.0651210427e+00
9.9361247212e-01	-3.0651206057e+00
9.9360925987e-01	-3.0651250330e+00
9.9360610764e-01	-3.0651384613e+00
9.9360306438e-01	-3.0651682708e+00
9.9360023185e-01	-3.0652294479e+00
9.9359785459e-01	-3.0653580798e+00
9.9359631253e-01	-3.0656130071e+00
9.9359624805e-01	-3.0660293482e+00
9.9359752049e-01	-3.0667019378e+00
9.9346677824e-01	-3.0677956417e+00
9.9339241792e-01	-3.0678258352e+00
9.9333465311e-01	-3.0678167193e+00
9.9327707808e-01	-3.0678064052e+00
9.9321961685e-01	-3.0677946156e+00
9.9316149582e-01	-3.0677813150e+00
9.9310323502e-01	-3.0677667388e+00
9.9304446895e-01	-3.0677510307e+00
9.9298513122e-01	-3.0677343400e+00
9.9292514375e-01	-3.0677167836e+00
9.9286370996e-01	-3.0676983719e+00
9.9280174900e-01	-3.0676792881e+00
9.9273958748e-01	-3.0676596343e+00
9.9267682599e-01	-3.0676394196e+00
9.9261330518e-01	-3.0676186715e+00
9.9254948588e-01	-3.0675974806e+00
9.9248435577e-01	-3.0675757665e+00
9.9241805612e-01	-3.0675535745e+00
9.9235150675e-01	-3.0675310340e+00
9.9228471918e-01	-3.0675081695e+00
9.9221646160e-01	-3.0674848639e+00
9.9214701742e-01	-3.0674611683e+00
9.9207661030e-01	-3.0674371258e+00
9.9200451975e-01	-3.0674126721e+00
9.9193217540e-01	-3.0673879838e+00
9.9185957594e-01	-3.0673630758e+00
9.9178672008e-01	-3.0673379623e+00
9.9171360645e-01	-3.0673126570e+00
9.9164023375e-01	-3.0672871730e+00
9.9156660062e-01	-3.0672615225e+00
9.9149270568e-01	-3.0672357173e+00
9.9141854760e-01	-3.0672097680e+00
9.9134412234e-01	-3.0671836835e+00
9.9126942594e-01	-3.0671574711e+00
9.9119445647e-01	-3.0671311356e+00
9.9111921443e-01	-3.0671046793e+00
9.9104369958e-01	-3.0670780999e+00
9.9096791156e-01	-3.0670513901e+00
9.9089184751e-01	-3.0670245362e+00
9.9081550796e-01	-3.0669975171e+00
9.9073888915e-01	-3.0669703029e+00
9.9066199209e-01	-3.0669428547e+00
9.9058481243e-01	-3.0669151228e+00
9.9050735062e-01	-3.0668870476e+00
9.9042960437e-01	-3.0668585592e+00
9.9035157060e-01	-3.0668295778e+00
9.9027324993e-01	-3.0668000162e+00
9.9019463781e-01	-3.0667697794e+00
9.9011573411e-01	-3.0667387683e+00
9.9003653723e-01	-3.0667068808e+00
9.8995704266e-01	-3.0666740141e+00
9.8987725211e-01	-3.0666400675e+00
9.8979715993e-01	-3.0666049442e+00
9.8971676745e-01	-3.0665685550e+00
9.8963607015e-01	-3.0665308202e+00
9.8955506837e-01	-3.0664916733e+00
9.8947375739e-01	-3.0664510635e+00
9.8939213778e-01	-3.0664089585e+00
9.8931020611e-01	-3.0663653464e+00
9.8922795883e-01	-3.0663202364e+00
9.8914539313e-01	-3.0662736591e+00
9.8906250495e-01	-3.0662256653e+00
9.8897928868e-01	-3.0661763233e+00
9.8889575073e-01	-3.0661257181e+00
9.8881189505e-01	-3.0660739457e+00
9.8872772008e-01	-3.0660211098e+00
9.8864322420e-01	-3.0659673185e+00
9.8855840577e-01	-3.0659126812e+00
9.8847326312e-01	-3.0658573061e+00
9.8838779462e-01	-3.0658012979e+00
9.8830199858e-01	-3.0657447563e+00
9.8821587329e-01	-3.0656877748e+00
9.8812941697e-01	-3.0656304399e+00
9.8804262774e-01	-3.0655728312e+00
9.8795550364e-01	-3.0655150211e+00
9.8786804284e-01	-3.0654570751e+00
9.8778024348e-01	-3.0653990523e+00
9.8769210367e-01	-3.0653406980e+00
9.8760362155e-01	-3.0652820998e+00
9.8751479519e-01	-3.0652235702e+00
9.8742562266e-01	-3.0651651474e+00
9.8733610198e-01	-3.0651068545e+00
9.8724623064e-01	-3.0650485921e+00
9.8715600067e-01	-3.0649889730e+00
9.8706710919e-01	-3.0649131343e+00
9.8706617268e-01	-3.0646924143e+00
9.8706242935e-01	-3.0645445988e+00
9.8705886118e-01	-3.0644595794e+00
9.8705533784e-01	-3.0644005178e+00
9.8705184863e-01	-3.0643650805e+00
9.8704838083e-01	-3.0643443068e+00
9.8704492652e-01	-3.0643310486e+00
9.8704147973e-01	-3.0643215936e+00
9.8703803876e-01	-3.0643139475e+00
9.8703460394e-01	-3.0643074153e+00
9.8703118103e-01	-3.0643014925e+00
9.8702777112e-01	-3.0642967827e+00
9.8702438226e-01	-3.0642937789e+00
9.8702102920e-01	-3.0642935005e+00
9.8701775478e-01	-3.0642984530e+00
9.8701460995e-01	-3.0643130647e+00
9.8701170238e-01	-3.0643453236e+00
9.8700926025e-01	-3.0644120028e+00
9.8700780576e-01	-3.0645518108e+00
9.8700819200e-01	-3.0648295531e+00
9.8701133846e-01	-3.0652832516e+00
9.8701703193e-01	-3.0660169164e+00
9.8688412450e-01	-3.0670802011e+00
9.8688563573e-01	-3.0670845264e+00
9.8688711842e-01	-3.0670889306e+00
9.8688830864e-01	-3.0670934103e+00
9.8682908594e-01	-3.0670848606e+00
9.8677033813e-01	-3.0670749029e+00
9.8671152698e-01	-3.0670634676e+00
9.8665273004e-01	-3.0670503360e+00
9.8659327030e-01	-3.0670355646e+00
9.8653372598e-01	-3.0670194545e+00
9.8647322749e-01	-3.0670021243e+00
9.8641251362e-01	-3.0669838317e+00
9.8635015173e-01	-3.0669645489e+00
9.8628685373e-01	-3.0669444616e+00
9.8622334984e-01	-3.0669237358e+00
9.8615943672e-01	-3.0669024157e+00
9.8609451328e-01	-3.0668804882e+00
9.8602936330e-01	-3.0668580887e+00
9.8596278705e-01	-3.0668351204e+00
9.8589500094e-01	-3.0668116419e+00
9.8582691471e-01	-3.0667877862e+00
9.8575858378e-01	-3.0667635861e+00
9.8568841340e-01	-3.0667388841e+00
9.8561730376e-01	-3.0667138039e+00
9.8554464223e-01	-3.0666882956e+00
9.8547076635e-01	-3.0666624157e+00
9.8539663048e-01	-3.0666362897e+00
9.8532223329e-01	-3.0666099336e+00
9.8524757345e-01	-3.0665833625e+00
9.8517264961e-01	-3.0665565910e+00
9.8509746040e-01	-3.0665296330e+00
9.8502200445e-01	-3.0665025018e+00
9.8494628038e-01	-3.0664752099e+00
9.8487028493e-01	-3.0664477689e+00
9.8479400879e-01	-3.0664201886e+00
9.8471744947e-01	-3.0663924781e+00
9.8464060838e-01	-3.0663646449e+00
9.8456348729e-01	-3.0663366939e+00
9.8448608671e-01	-3.0663086264e+00
9.8440840287e-01	-3.0662804386e+00
9.8433043785e-01	-3.0662521220e+00
9.8425218674e-01	-3.0662236603e+00
9.8417365230e-01	-3.0661950299e+00
9.8409482713e-01	-3.0661661971e+00
9.8401571508e-01	-3.0661371193e+00
9.8393631100e-01	-3.0661077418e+00
9.8385661372e-01	-3.0660779998e+00
9.8377662395e-01	-3.0660478180e+00
9.8369633343e-01	-3.0660171103e+00
9.8361574655e-01	-3.0659857838e+00
9.8353485765e-01	-3.0659537382e+00
9.8345366473e-01	-3.0659208692e+00
9.8337216826e-01	-3.0658870709e+00
9.8329036087e-01	-3.0658522376e+00
9.8320824695e-01	-3.0658162682e+00
9.8312581657e-01	-3.0657790669e+00
9.8304307463e-01	-3.0657405490e+00
9.8296001355e-01	-3.0657006415e+00
9.8287663321e-01	-3.0656592882e+00
9.8279293078e-01	-3.0656164513e+00
9.8270890158e-01	-3.0655721138e+00
9.8262454116e-01	-3.0655262805e+00
9.8253984233e-01	-3.0654789786e+00
9.8245480174e-01	-3.0654302564e+00
9.8236943540e-01	-3.0653801837e+00
9.8228374476e-01	-3.0653288445e+00
9.8219772835e-01	-3.0652763346e+00
9.8211138468e-01	-3.0652227585e+00
9.8202471222e-01	-3.0651682256e+00
9.8193770939e-01	-3.0651128465e+00
9.8185037459e-01	-3.0650567307e+00
9.8176270622e-01	-3.0649999838e+00
9.8167470266e-01	-3.0649427060e+00
9.8158636208e-01	-3.0648849911e+00
9.8149768257e-01	-3.0648269256e+00
9.8140866212e-01	-3.0647685882e+00
9.8131929895e-01	-3.0647100504e+00
9.8122959114e-01	-3.0646513765e+00
9.8113953684e-01	-3.0645922854e+00
9.8104913417e-01	-3.0645329251e+00
9.8095838118e-01	-3.0644735850e+00
9.8086727594e-01	-3.0644143067e+00
9.8077581650e-01	-3.0643551276e+00
9.8068400086e-01	-3.0642960801e+00
9.8059182695e-01	-3.0642371818e+00
9.8049929192e-01	-3.0641783260e+00
9.8040638464e-01	-3.0641180935e+00
9.8031546325e-01	-3.0640414114e+00
9.8031407193e-01	-3.0638188050e+00
9.8031008306e-01	-3.0636780487e+00
9.8030633696e-01	-3.0635973238e+00
9.8030266075e-01	-3.0635419765e+00
9.8029904329e-01	-3.0635088472e+00
9.8029547538e-01	-3.0634891615e+00
9.8029196413e-01	-3.0634762852e+00
9.8028852916e-01	-3.0634668721e+00
9.8028521391e-01	-3.0634591686e+00
9.8028209932e-01	-3.0634525507e+00
9.8027944002e-01	-3.0634466098e+00
9.8027751174e-01	-3.0634420015e+00
9.8027680853e-01	-3.0634393216e+00
9.8027752271e-01	-3.0634392242e+00
9.8027904579e-01	-3.0634405657e+00
9.8028106586e-01	-3.0634426115e+00
9.8028331552e-01	-3.0634451318e+00
9.8028571695e-01	-3.0634480266e+00
9.8028823315e-01	-3.0634512250e+00
9.8029087786e-01	-3.0634545027e+00
9.8029359682e-01	-3.0634579404e+00
9.8029636977e-01	-3.0634615609e+00
9.8029918931e-01	-3.0634653511e+00
9.8030206435e-01	-3.0634691828e+00
9.8030498893e-01	-3.0634730192e+00
9.8030794199e-01	-3.0634769863e+00
9.8031092127e-01	-3.0634810801e+00
9.8031392494e-01	-3.0634852967e+00
9.8031383114e-01	-3.0635049369e+00
9.8038607023e-01	-3.0635339584e+00
9.8047318628e-01	-3.0635656822e+00
9.8056027935e-01	-3.0635983518e+00
9.8064728827e-01	-3.0636319482e+00
9.8073424029e-01	-3.0636664519e+00
9.8082105292e-01	-3.0637018466e+00
9.8090772376e-01	-3.0637372156e+00
9.8099427074e-01	-3.0637718564e+00
9.8108076605e-01	-3.0638058836e+00
9.8116733588e-01	-3.0638394700e+00
9.8125416242e-01	-3.0638728399e+00
9.8133485839e-01	-3.0639036764e+00
9.8139904980e-01	-3.0639282442e+00
9.8145208362e-01	-3.0639486605e+00
9.8149623072e-01	-3.0639658017e+00
9.8153224324e-01	-3.0639799242e+00
9.8156319004e-01	-3.0639922920e+00
9.8158950947e-01	-3.0640031004e+00
9.8161134650e-01	-3.0640123894e+00
9.8162882278e-01	-3.0640201155e+00
9.8164342814e-01	-3.0640269409e+00
9.8165552147e-01	-3.0640329931e+00
9.8166542818e-01	-3.0640383849e+00
9.8167319580e-01	-3.0640429477e+00
9.8167947980e-01	-3.0640470625e+00
9.8168447484e-01	-3.0640508121e+00
9.8168831718e-01	-3.0640542408e+00
9.8168057393e-01	-3.0640654503e+00
9.8172091305e-01	-3.0640793772e+00
9.8177709878e-01	-3.0640933894e+00
9.8182646804e-01	-3.0641054453e+00
9.8187062455e-01	-3.0641160488e+00
9.8191060344e-01	-3.0641255224e+00
9.8194710332e-01	-3.0641340855e+00
9.8198060351e-01	-3.0641418944e+00
9.8201145493e-01	-3.0641490638e+00
9.8203991501e-01	-3.0641556804e+00
9.8206359602e-01	-3.0641615176e+00
9.8206208736e-01	-3.0641642833e+00
9.8205919251e-01	-3.0641669196e+00
9.8205482199e-01	-3.0641694235e+00
9.8204887096e-01	-3.0641717906e+00
9.8204121070e-01	-3.0641740146e+00
9.8203165025e-01	-3.0641760819e+00
9.8201983018e-01	-3.0641779609e+00
9.8200508446e-01	-3.0641796051e+00
9.8198497103e-01	-3.0641810161e+00
9.8197238419e-01	-3.0641828631e+00
9.8197939128e-01	-3.0641861161e+00
9.8197334196e-01	-3.0641866355e+00
9.8193830182e-01	-3.0641778746e+00
9.8185236787e-01	-3.0641517768e+00
9.8176308592e-01	-3.0641349240e+00
9.8167464254e-01	-3.0641316897e+00
9.8158705845e-01	-3.0641432070e+00
9.8149988643e-01	-3.0641710703e+00
9.8141293116e-01	-3.0642195693e+00
9.8132622176e-01	-3.0642960973e+00
9.8123996212e-01	-3.0644105851e+00
9.8115444545e-01	-3.0645741968e+00
9.8106965087e-01	-3.0647947161e+00
9.8098545461e-01	-3.0650787118e+00
9.8090184969e-01	-3.0654279156e+00
9.8081423089e-01	-3.0658433793e+00
9.8061600203e-01	-3.0663034370e+00
9.8051470081e-01	-3.0663649548e+00
9.8045474662e-01	-3.0663540950e+00
9.8039472251e-01	-3.0663415175e+00
9.8033445780e-01	-3.0663270221e+00
9.8027366750e-01	-3.0663107900e+00
9.8021249811e-01	-3.0662931267e+00
9.8015051971e-01	-3.0662742287e+00
9.8008776956e-01	-3.0662542884e+00
9.8002336536e-01	-3.0662333471e+00
9.7995848560e-01	-3.0662116490e+00
9.7989338853e-01	-3.0661893093e+00
9.7982719352e-01	-3.0661662958e+00
9.7976060531e-01	-3.0661427457e+00
9.7969283852e-01	-3.0661186160e+00
9.7962370881e-01	-3.0660939257e+00
9.7955406130e-01	-3.0660688061e+00
9.7948416284e-01	-3.0660433180e+00
9.7941245061e-01	-3.0660173090e+00
9.7933965502e-01	-3.0659908867e+00
9.7926511530e-01	-3.0659639970e+00
9.7918943690e-01	-3.0659367294e+00
9.7911349232e-01	-3.0659092023e+00
9.7903728023e-01	-3.0658814331e+00
9.7896079926e-01	-3.0658534379e+00
9.7888404801e-01	-3.0658252322e+00
9.7880702510e-01	-3.0657968306e+00
9.7872972912e-01	-3.0657682473e+00
9.7865215867e-01	-3.0657394958e+00
9.7857430422e-01	-3.0657105879e+00
9.7849615548e-01	-3.0656815346e+00
9.7841771270e-01	-3.0656523468e+00
9.7833898111e-01	-3.0656230343e+00
9.7825996184e-01	-3.0655936045e+00
9.7818065321e-01	-3.0655640615e+00
9.7810105778e-01	-3.0655344063e+00
9.7802116788e-01	-3.0655046336e+00
9.7794098944e-01	-3.0654747341e+00
9.7786051380e-01	-3.0654446892e+00
9.7777974525e-01	-3.0654144735e+00
9.7769867844e-01	-3.0653840504e+00
9.7761731194e-01	-3.0653533733e+00
9.7753564736e-01	-3.0653223846e+00
9.7745367461e-01	-3.0652910138e+00
9.7737140020e-01	-3.0652591816e+00
9.7728881596e-01	-3.0652267969e+00
9.7720592152e-01	-3.0651937612e+00
9.7712271599e-01	-3.0651599699e+00
9.7703919215e-01	-3.0651253139e+00
9.7695535373e-01	-3.0650896845e+00
9.7687119068e-01	-3.0650529737e+00
9.7678670665e-01	-3.0650150802e+00
9.7670189554e-01	-3.0649759106e+00
9.7661675357e-01	-3.0649353836e+00
9.7653127905e-01	-3.0648934338e+00
9.7644546621e-01	-3.0648500142e+00
9.7635930915e-01	-3.0648050985e+00
9.7627279663e-01	-3.0647586828e+00
9.7618592993e-01	-3.0647107877e+00
9.7609873254e-01	-3.0646614589e+00
9.7601120384e-01	-3.0646107596e+00
9.7592334253e-01	-3.0645587707e+00
9.7583514722e-01	-3.0645055868e+00
9.7574661650e-01	-3.0644513122e+00
9.7565774894e-01	-3.0643960571e+00
9.7556854300e-01	-3.0643399341e+00
9.7547899724e-01	-3.0642830547e+00
9.7538911005e-01	-3.0642255266e+00
9.7529887961e-01	-3.0641674525e+00
9.7520830402e-01	-3.0641089280e+00
9.7511738122e-01	-3.0640500411e+00
9.7502610945e-01	-3.0639908720e+00
9.7493448680e-01	-3.0639314929e+00
9.7484251138e-01	-3.0638716706e+00
9.7475018130e-01	-3.0638114718e+00
9.7465749465e-01	-3.0637512374e+00
9.7456444944e-01	-3.0636910134e+00
9.7447104370e-01	-3.0636308410e+00
9.7437727542e-01	-3.0635707566e+00
9.7428314255e-01	-3.0635107926e+00
9.7418864308e-01	-3.0634509770e+00
9.7409377482e-01	-3.0633913242e+00
9.7399853459e-01	-3.0633317269e+00
9.7390290864e-01	-3.0632707985e+00
9.7380804350e-01	-3.0631937051e+00
9.7380622171e-01	-3.0629750334e+00
9.7380193953e-01	-3.0628321389e+00
9.7379799355e-01	-3.0627549772e+00
9.7379412281e-01	-3.0627026819e+00
9.7379030573e-01	-3.0626714119e+00
9.7378651614e-01	-3.0626525207e+00
9.7378273660e-01	-3.0626398696e+00
9.7377895790e-01	-3.0626303968e+00
9.7377516911e-01	-3.0626225301e+00
9.7377135514e-01	-3.0626156769e+00
9.7376748154e-01	-3.0626094532e+00
9.7376350852e-01	-3.0626044899e+00
9.7375935612e-01	-3.0626013502e+00
9.7375487317e-01	-3.0626011915e+00
9.7374969507e-01	-3.0626068229e+00
9.7374336585e-01	-3.0626231871e+00
9.7373491543e-01	-3.0626592898e+00
9.7372211109e-01	-3.0627370702e+00
9.7370649637e-01	-3.0628570886e+00
9.7369075488e-01	-3.0629987488e+00
9.7367536178e-01	-3.0631581697e+00
9.7365946812e-01	-3.0633452149e+00
9.7364227676e-01	-3.0635760043e+00
9.7362292006e-01	-3.0638739231e+00
9.7360010334e-01	-3.0642705007e+00
9.7356895409e-01	-3.0649152174e+00
9.7334057321e-01	-3.0655382058e+00
9.7327935934e-01	-3.0655265291e+00
9.7321805777e-01	-3.0655129395e+00
9.7315636096e-01	-3.0654972188e+00
9.7309420544e-01	-3.0654796384e+00
9.7303141186e-01	-3.0654605197e+00
9.7296798709e-01	-3.0654401410e+00
9.7290320160e-01	-3.0654186235e+00
9.7283694489e-01	-3.0653961068e+00
9.7277046715e-01	-3.0653728510e+00
9.7270340209e-01	-3.0653489030e+00
9.7263537887e-01	-3.0653242912e+00
9.7256668009e-01	-3.0652991067e+00
9.7249642112e-01	-3.0652732952e+00
9.7242522004e-01	-3.0652469697e+00
9.7235376203e-01	-3.0652202448e+00
9.7228099501e-01	-3.0651930293e+00
9.7220652491e-01	-3.0651653050e+00
9.7213059479e-01	-3.0651371243e+00
9.7205312848e-01	-3.0651085005e+00
9.7197538990e-01	-3.0650796007e+00
9.7189737772e-01	-3.0650504435e+00
9.7181909054e-01	-3.0650210464e+00
9.7174052695e-01	-3.0649914259e+00
9.7166168557e-01	-3.0649615978e+00
9.7158256497e-01	-3.0649315769e+00
9.7150316351e-01	-3.0649013776e+00
9.7142346348e-01	-3.0648710119e+00
9.7134345568e-01	-3.0648404918e+00
9.7126314270e-01	-3.0648098298e+00
9.7118253275e-01	-3.0647790380e+00
9.7110162804e-01	-3.0647481261e+00
9.7102042525e-01	-3.0647171010e+00
9.7093892556e-01	-3.0646859671e+00
9.7085712733e-01	-3.0646547246e+00
9.7077502890e-01	-3.0646233688e+00
9.7069262811e-01	-3.0645918887e+00
9.7060992631e-01	-3.0645602662e+00
9.7052691504e-01	-3.0645284731e+00
9.7044360169e-01	-3.0644964727e+00
9.7035997372e-01	-3.0644642151e+00
9.7027603760e-01	-3.0644316407e+00
9.7019178677e-01	-3.0643986764e+00
9.7010721767e-01	-3.0643652383e+00
9.7002233290e-01	-3.0643312327e+00
9.6993712060e-01	-3.0642965560e+00
9.6985158880e-01	-3.0642611005e+00
9.6976572221e-01	-3.0642247529e+00
9.6967952812e-01	-3.0641874018e+00
9.6959299680e-01	-3.0641489373e+00
9.6950612523e-01	-3.0641092572e+00
9.6941891060e-01	-3.0640682694e+00
9.6933134553e-01	-3.0640258959e+00
9.6924342291e-01	-3.0639820760e+00
9.6915512797e-01	-3.0639367691e+00
9.6906646314e-01	-3.0638899595e+00
9.6897745983e-01	-3.0638416589e+00
9.6888811789e-01	-3.0637918991e+00
9.6879843619e-01	-3.0637407346e+00
9.6870841352e-01	-3.0636882391e+00
9.6861804875e-01	-3.0636345029e+00
9.6852734057e-01	-3.0635796284e+00
9.6843628763e-01	-3.0635237257e+00
9.6834488864e-01	-3.0634669086e+00
9.6825314212e-01	-3.0634092914e+00
9.6816104636e-01	-3.0633509853e+00
9.6806859947e-01	-3.0632920967e+00
9.6797579940e-01	-3.0632327250e+00
9.6788264437e-01	-3.0631729620e+00
9.6778913255e-01	-3.0631128909e+00
9.6769526202e-01	-3.0630524245e+00
9.6760103095e-01	-3.0629913619e+00
9.6750643738e-01	-3.0629301929e+00
9.6741147934e-01	-3.0628689710e+00
9.6731615483e-01	-3.0628077432e+00
9.6722046187e-01	-3.0627465512e+00
9.6712439839e-01	-3.0626854318e+00
9.6702796232e-01	-3.0626244173e+00
9.6693115159e-01	-3.0625635366e+00
9.6683396407e-01	-3.0625028148e+00
9.6673639755e-01	-3.0624422657e+00
9.6663844879e-01	-3.0623818069e+00
9.6654010398e-01	-3.0623203437e+00
9.6644124027e-01	-3.0622459958e+00
9.6643037004e-01	-3.0620561741e+00
9.6642552982e-01	-3.0618762415e+00
9.6642139373e-01	-3.0618021421e+00
9.6641734852e-01	-3.0617524308e+00
9.6641336810e-01	-3.0617226977e+00
9.6640942186e-01	-3.0617044887e+00
9.6640549247e-01	-3.0616920048e+00
9.6640157525e-01	-3.0616824704e+00
9.6639766517e-01	-3.0616744741e+00
9.6639375773e-01	-3.0616674582e+00
9.6638984464e-01	-3.0616611047e+00
9.6638592601e-01	-3.0616560687e+00
9.6638199285e-01	-3.0616529711e+00
9.6637802720e-01	-3.0616530878e+00
9.6637398787e-01	-3.0616594921e+00
9.6636982669e-01	-3.0616775461e+00
9.6636544985e-01	-3.0617170973e+00
9.6636317963e-01	-3.0618012617e+00
9.6636732239e-01	-3.0619774565e+00
9.6637902722e-01	-3.0623368110e+00
9.6639997039e-01	-3.0629238174e+00
9.6642807679e-01	-3.0638749848e+00
9.6624566772e-01	-3.0647111700e+00
9.6618317493e-01	-3.0646985342e+00
9.6612057632e-01	-3.0646837627e+00
9.6605736747e-01	-3.0646666539e+00
9.6599380533e-01	-3.0646475960e+00
9.6592929970e-01	-3.0646269124e+00
9.6586422034e-01	-3.0646049490e+00
9.6579714719e-01	-3.0645817577e+00
9.6572926024e-01	-3.0645576352e+00
9.6566114090e-01	-3.0645327686e+00
9.6559185816e-01	-3.0645071401e+00
9.6552212422e-01	-3.0644809060e+00
9.6545087649e-01	-3.0644540010e+00
9.6537811057e-01	-3.0644264737e+00
9.6530506517e-01	-3.0643985109e+00
9.6523132892e-01	-3.0643701004e+00
9.6515515683e-01	-3.0643410684e+00
9.6507792177e-01	-3.0643116037e+00
9.6499864033e-01	-3.0642816156e+00
9.6491908045e-01	-3.0642513340e+00
9.6483924073e-01	-3.0642207793e+00
9.6475911979e-01	-3.0641899704e+00
9.6467871622e-01	-3.0641589250e+00
9.6459802856e-01	-3.0641276597e+00
9.6451705533e-01	-3.0640961905e+00
9.6443579348e-01	-3.0640645324e+00
9.6435421913e-01	-3.0640326973e+00
9.6427232032e-01	-3.0640006979e+00
9.6419010784e-01	-3.0639685487e+00
9.6410758852e-01	-3.0639362630e+00
9.6402476498e-01	-3.0639038522e+00
9.6394163936e-01	-3.0638713260e+00
9.6385820261e-01	-3.0638386906e+00
9.6377446535e-01	-3.0638059513e+00
9.6369041218e-01	-3.0637731064e+00
9.6360605596e-01	-3.0637401521e+00
9.6352138187e-01	-3.0637070752e+00
9.6343639861e-01	-3.0636738571e+00
9.6335109801e-01	-3.0636404681e+00
9.6326547942e-01	-3.0636068685e+00
9.6317954393e-01	-3.0635730075e+00
9.6309327976e-01	-3.0635388202e+00
9.6300669776e-01	-3.0635042323e+00
9.6291977762e-01	-3.0634691539e+00
9.6283253445e-01	-3.0634334888e+00
9.6274494683e-01	-3.0633971282e+00
9.6265702642e-01	-3.0633599609e+00
9.6256875797e-01	-3.0633218701e+00
9.6248014164e-01	-3.0632827412e+00
9.6239117209e-01	-3.0632424637e+00
9.6230184022e-01	-3.0632009347e+00
9.6221213768e-01	-3.0631580641e+00
9.6212204603e-01	-3.0631137767e+00
9.6203156767e-01	-3.0630680200e+00
9.6194074137e-01	-3.0630207681e+00
9.6184956857e-01	-3.0629720157e+00
9.6175804826e-01	-3.0629217822e+00
9.6166617945e-01	-3.0628701110e+00
9.6157396115e-01	-3.0628170679e+00
9.6148139228e-01	-3.0627627369e+00
9.6138847170e-01	-3.0627072172e+00
9.6129519839e-01	-3.0626506179e+00
9.6120157102e-01	-3.0625930537e+00
9.6110758799e-01	-3.0625346413e+00
9.6101324763e-01	-3.0624754954e+00
9.6091854776e-01	-3.0624157263e+00
9.6082348667e-01	-3.0623554378e+00
9.6072806263e-01	-3.0622947256e+00
9.6063227372e-01	-3.0622336525e+00
9.6053611814e-01	-3.0621717480e+00
9.6043959396e-01	-3.0621096548e+00
9.6034269923e-01	-3.0620474361e+00
9.6024543193e-01	-3.0619851471e+00
9.6014779005e-01	-3.0619228364e+00
9.6004977153e-01	-3.0618605466e+00
9.5995137429e-01	-3.0617983150e+00
9.5985259623e-01	-3.0617361743e+00
9.5975343521e-01	-3.0616741536e+00
9.5965388909e-01	-3.0616122784e+00
9.5955395568e-01	-3.0615505709e+00
9.5945363268e-01	-3.0614890433e+00
9.5935291668e-01	-3.0614276188e+00
9.5925179253e-01	-3.0613652859e+00
9.5915012443e-01	-3.0612910664e+00
9.5913483074e-01	-3.0611097415e+00
9.5912954777e-01	-3.0609189691e+00
9.5912522202e-01	-3.0608475688e+00
9.5912100025e-01	-3.0608000987e+00
9.5911685197e-01	-3.0607716693e+00
9.5911274196e-01	-3.0607539805e+00
9.5910865275e-01	-3.0607415938e+00
9.5910458285e-01	-3.0607319671e+00
9.5910053043e-01	-3.0607238232e+00
9.5909649659e-01	-3.0607166294e+00
9.5909248719e-01	-3.0607101335e+00
9.5908852660e-01	-3.0607050123e+00
9.5908464707e-01	-3.0607019445e+00
9.5908091243e-01	-3.0607023291e+00
9.5907746891e-01	-3.0607095037e+00
9.5907455264e-01	-3.0607292709e+00
9.5907261305e-01	-3.0607723535e+00
9.5907272825e-01	-3.0608644034e+00
9.5907697978e-01	-3.0610556704e+00
9.5908830936e-01	-3.0614140765e+00
9.5910921426e-01	-3.0619996918e+00
9.5911723093e-01	-3.0621366396e+00
9.5912054805e-01	-3.0621421678e+00
9.5912318028e-01	-3.0621680675e+00
9.5919014962e-01	-3.0622023728e+00
9.5927781419e-01	-3.0622399895e+00
9.5936524811e-01	-3.0622774909e+00
9.5945246263e-01	-3.0623142987e+00
9.5953953668e-01	-3.0623505431e+00
9.5962658303e-01	-3.0623864069e+00
9.5971377639e-01	-3.0624221194e+00
9.5980133218e-01	-3.0624579742e+00
9.5988833511e-01	-3.0624942097e+00
9.5997317163e-01	-3.0625311268e+00
9.6005778670e-01	-3.0625699794e+00
9.6019983857e-01	-3.0626232202e+00
9.6031143361e-01	-3.0626586234e+00
9.6039201333e-01	-3.0626832126e+00
9.6045610725e-01	-3.0627022013e+00
9.6050987775e-01	-3.0627177828e+00
9.6055641871e-01	-3.0627310587e+00
9.6059747768e-01	-3.0627426588e+00
9.6063412529e-01	-3.0627529765e+00
9.6066705409e-01	-3.0627622737e+00
9.6066900904e-01	-3.0627676083e+00
9.6066468489e-01	-3.0627720334e+00
9.6065829444e-01	-3.0627763412e+00
9.6064953865e-01	-3.0627805367e+00
9.6063786286e-01	-3.0627846101e+00
9.6062223302e-01	-3.0627885272e+00
9.6060401249e-01	-3.0627917255e+00
9.6058657840e-01	-3.0627938919e+00
9.6056972587e-01	-3.0627954633e+00
9.6055333979e-01	-3.0627966801e+00
9.6048057876e-01	-3.0628005349e+00
9.6049150357e-01	-3.0628127244e+00
9.6050770373e-01	-3.0628251191e+00
9.6051846814e-01	-3.0628367789e+00
9.6052594406e-01	-3.0628481093e+00
9.6053102462e-01	-3.0628592757e+00
9.6053401819e-01	-3.0628702625e+00
9.6053506534e-01	-3.0628811748e+00
9.6053412007e-01	-3.0628920879e+00
9.6053108667e-01	-3.0629029971e+00
9.6052572683e-01	-3.0629139259e+00
9.6051768385e-01	-3.0629249605e+00
9.6050646596e-01	-3.0629362178e+00
9.6049134512e-01	-3.0629478724e+00
9.6047179095e-01	-3.0629598672e+00
9.6045328007e-01	-3.0629694972e+00
9.6043667486e-01	-3.0629774817e+00
9.6042068467e-01	-3.0629848129e+00
9.6041769344e-01	-3.0629932635e+00
9.6041453829e-01	-3.0630014622e+00
9.6040889257e-01	-3.0630086732e+00
9.6040123717e-01	-3.0630156047e+00
9.6039207014e-01	-3.0630223694e+00
9.6038170960e-01	-3.0630290390e+00
9.6030856109e-01	-3.0630582736e+00
9.6032036252e-01	-3.0630909578e+00
9.6041417384e-01	-3.0631342925e+00
9.6050505474e-01	-3.0631769293e+00
9.6059355301e-01	-3.0632187587e+00
9.6068012758e-01	-3.0632600001e+00
9.6076512972e-01	-3.0633009373e+00
9.6084885233e-01	-3.0633419330e+00
9.6093134030e-01	-3.0633834475e+00
9.6101262211e-01	-3.0634261500e+00
9.6110546182e-01	-3.0634726918e+00
9.6124431519e-01	-3.0635307399e+00
9.6137125776e-01	-3.0635819633e+00
9.6145578989e-01	-3.0636149128e+00
9.6152034416e-01	-3.0636393100e+00
9.6157408494e-01	-3.0636590580e+00
9.6162088366e-01	-3.0636758859e+00
9.6166292489e-01	-3.0636907516e+00
9.6170162358e-01	-3.0637042705e+00
9.6171259787e-01	-3.0637141288e+00
9.6170831069e-01	-3.0637213320e+00
9.6170297910e-01	-3.0637291443e+00
9.6169637119e-01	-3.0637380633e+00
9.6168826517e-01	-3.0637492572e+00
9.6167584044e-01	-3.0637659506e+00
9.6165863838e-01	-3.0637825621e+00
9.6163979999e-01	-3.0637948148e+00
9.6161684925e-01	-3.0638053633e+00
9.6159509889e-01	-3.0638127729e+00
9.6157416058e-01	-3.0638183016e+00
9.6155411897e-01	-3.0638226239e+00
9.6153556350e-01	-3.0638261371e+00
9.6151844291e-01	-3.0638291151e+00
9.6150159519e-01	-3.0638318355e+00
9.6149358545e-01	-3.0638354054e+00
9.6148322070e-01	-3.0638385646e+00
9.6140148787e-01	-3.0638482121e+00
9.6138883879e-01	-3.0638645291e+00
9.6138655344e-01	-3.0638813815e+00
9.6138011671e-01	-3.0638974275e+00
9.6137054627e-01	-3.0639130135e+00
9.6135935694e-01	-3.0639284666e+00
9.6135688212e-01	-3.0639451347e+00
9.6135536523e-01	-3.0639621992e+00
9.6135114562e-01	-3.0639790127e+00
9.6134432056e-01	-3.0639955406e+00
9.6133478703e-01	-3.0640119423e+00
9.6132208114e-01	-3.0640283822e+00
9.6130510848e-01	-3.0640449999e+00
9.6128279343e-01	-3.0640621347e+00
9.6125112726e-01	-3.0640816355e+00
9.6122718228e-01	-3.0641025780e+00
9.6114905860e-01	-3.0641112603e+00
9.6108525723e-01	-3.0640972536e+00
9.6102134295e-01	-3.0640807992e+00
9.6095643798e-01	-3.0640618559e+00
9.6089123929e-01	-3.0640409679e+00
9.6082496638e-01	-3.0640184636e+00
9.6075761563e-01	-3.0639946474e+00
9.6068833728e-01	-3.0639696334e+00
9.6061874521e-01	-3.0639437669e+00
9.6054842234e-01	-3.0639171140e+00
9.6047715778e-01	-3.0638897390e+00
9.6040478865e-01	-3.0638616937e+00
9.6033071766e-01	-3.0638329651e+00
9.6025601814e-01	-3.0638037285e+00
9.6018099126e-01	-3.0637740604e+00
9.6010311946e-01	-3.0637436982e+00
9.6002432866e-01	-3.0637129004e+00
9.5994315832e-01	-3.0636815216e+00
9.5986170280e-01	-3.0636498340e+00
9.5977996067e-01	-3.0636178597e+00
9.5969793052e-01	-3.0635856192e+00
9.5961561089e-01	-3.0635531311e+00
9.5953300031e-01	-3.0635204132e+00
9.5945009730e-01	-3.0634874822e+00
9.5936689591e-01	-3.0634543535e+00
9.5928336359e-01	-3.0634210386e+00
9.5919949363e-01	-3.0633875516e+00
9.5911530159e-01	-3.0633539083e+00
9.5903079748e-01	-3.0633201233e+00
9.5894597596e-01	-3.0632862082e+00
9.5886084384e-01	-3.0632521749e+00
9.5877539660e-01	-3.0632180317e+00
9.5868963320e-01	-3.0631837853e+00
9.5860355337e-01	-3.0631494388e+00
9.5851715462e-01	-3.0631149906e+00
9.5843043413e-01	-3.0630804336e+00
9.5834339470e-01	-3.0630457543e+00
9.5825602562e-01	-3.0630109291e+00
9.5816833775e-01	-3.0629759269e+00
9.5808031010e-01	-3.0629407017e+00
9.5799195965e-01	-3.0629051997e+00
9.5790326572e-01	-3.0628693500e+00
9.5781424125e-01	-3.0628330726e+00
9.5772486610e-01	-3.0627962721e+00
9.5763515160e-01	-3.0627588463e+00
9.5754507994e-01	-3.0627206815e+00
9.5745465285e-01	-3.0626816612e+00
9.5736386332e-01	-3.0626416664e+00
9.5727270085e-01	-3.0626005797e+00
9.5718115578e-01	-3.0625582907e+00
9.5708920596e-01	-3.0625146981e+00
9.5699685587e-01	-3.0624697190e+00
9.5690415038e-01	-3.0624232943e+00
9.5681108995e-01	-3.0623753823e+00
9.5671767357e-01	-3.0623259660e+00
9.5662390029e-01	-3.0622750545e+00
9.5652976933e-01	-3.0622226824e+00
9.5643527972e-01	-3.0621689083e+00
9.5634043051e-01	-3.0621138115e+00
9.5624522081e-01	-3.0620574880e+00
9.5614964950e-01	-3.0620000461e+00
9.5605371510e-01	-3.0619416014e+00
9.5595741609e-01	-3.0618822725e+00
9.5586075029e-01	-3.0618221771e+00
9.5576371607e-01	-3.0617614289e+00
9.5566631176e-01	-3.0617001351e+00
9.5556853550e-01	-3.0616383956e+00
9.5547038552e-01	-3.0615757432e+00
9.5537185990e-01	-3.0615127678e+00
9.5527295669e-01	-3.0614495900e+00
9.5517367389e-01	-3.0613862746e+00
9.5507400944e-01	-3.0613228784e+00
9.5497396129e-01	-3.0612594509e+00
9.5487352732e-01	-3.0611960354e+00
9.5477270540e-01	-3.0611326692e+00
9.5467149338e-01	-3.0610693852e+00
9.5456988906e-01	-3.0610062120e+00
9.5446789023e-01	-3.0609431751e+00
9.5436549467e-01	-3.0608802968e+00
9.5426270011e-01	-3.0608175962e+00
9.5415950409e-01	-3.0607550789e+00
9.5405590239e-01	-3.0606926237e+00
9.5395187196e-01	-3.0606287615e+00
9.5384954123e-01	-3.0605479828e+00
9.5384641343e-01	-3.0603231090e+00
9.5384140485e-01	-3.0601919233e+00
9.5383689665e-01	-3.0601229268e+00
9.5383249539e-01	-3.0600774159e+00
9.5382816548e-01	-3.0600500947e+00
9.5382386409e-01	-3.0600328138e+00
9.5381956531e-01	-3.0600204665e+00
9.5381525617e-01	-3.0600107155e+00
9.5381091133e-01	-3.0600023951e+00
9.5380648247e-01	-3.0599949844e+00
9.5380185903e-01	-3.0599882827e+00
9.5379686773e-01	-3.0599829643e+00
9.5379108364e-01	-3.0599797110e+00
9.5378341771e-01	-3.0599799137e+00
9.5377219028e-01	-3.0599859808e+00
9.5376075491e-01	-3.0599946056e+00
9.5374860622e-01	-3.0600044170e+00
9.5373584184e-01	-3.0600148469e+00
9.5372332584e-01	-3.0600251813e+00
9.5371009432e-01	-3.0600359263e+00
9.5369616024e-01	-3.0600470469e+00
9.5368153441e-01	-3.0600585292e+00
9.5366747418e-01	-3.0600696337e+00
9.5365291574e-01	-3.0600810116e+00
9.5363776724e-01	-3.0600927348e+00
9.5362200571e-01	-3.0601048147e+00
9.5352656549e-01	-3.0601636085e+00
9.5349526976e-01	-3.0602359522e+00
9.5348206565e-01	-3.0603154229e+00
9.5345963254e-01	-3.0604003518e+00
9.5342656273e-01	-3.0604927018e+00
9.5339608708e-01	-3.0605968700e+00
9.5337750844e-01	-3.0607142732e+00
9.5335355562e-01	-3.0608377582e+00
9.5332238429e-01	-3.0609701435e+00
9.5327752106e-01	-3.0611306960e+00
9.5319488759e-01	-3.0613994840e+00
9.5311427256e-01	-3.0617225969e+00
9.5298564306e-01	-3.0621787098e+00
9.5274233770e-01	-3.0629280563e+00
9.5257889582e-01	-3.0630900025e+00
9.5251370594e-01	-3.0630748803e+00
9.5244824761e-01	-3.0630570672e+00
9.5238187881e-01	-3.0630366237e+00
9.5231492570e-01	-3.0630141282e+00
9.5224710089e-01	-3.0629900065e+00
9.5217735830e-01	-3.0629644556e+00
9.5210631287e-01	-3.0629377716e+00
9.5203501837e-01	-3.0629102394e+00
9.5196243874e-01	-3.0628818525e+00
9.5188926899e-01	-3.0628527846e+00
9.5181416225e-01	-3.0628229460e+00
9.5173783888e-01	-3.0627924818e+00
9.5166123691e-01	-3.0627615531e+00
9.5158256024e-01	-3.0627299857e+00
9.5150259234e-01	-3.0626979091e+00
9.5141976714e-01	-3.0626651665e+00
9.5133645585e-01	-3.0626320699e+00
9.5125285174e-01	-3.0625986673e+00
9.5116895338e-01	-3.0625649809e+00
9.5108475931e-01	-3.0625310313e+00
9.5100026802e-01	-3.0624968374e+00
9.5091547801e-01	-3.0624624171e+00
9.5083038263e-01	-3.0624277866e+00
9.5074493982e-01	-3.0623929572e+00
9.5065913952e-01	-3.0623579431e+00
9.5057300626e-01	-3.0623227624e+00
9.5048655097e-01	-3.0622874304e+00
9.5039977030e-01	-3.0622519603e+00
9.5031266633e-01	-3.0622163647e+00
9.5022524334e-01	-3.0621806551e+00
9.5013748843e-01	-3.0621448390e+00
9.5004941559e-01	-3.0621089247e+00
9.4996100602e-01	-3.0626001760e+00
9.4992800042e-01	-3.0627573644e+00
9.4984903519e-01	-3.0627374968e+00
9.4976976425e-01	-3.0627146947e+00
9.4969021123e-01	-3.0626889976e+00
9.4961038053e-01	-3.0626608140e+00
9.4953023933e-01	-3.0626307964e+00
9.4944979503e-01	-3.0625995006e+00
9.4936902406e-01	-3.0625672378e+00
9.4928793842e-01	-3.0625341095e+00
9.4920652342e-01	-3.0625000738e+00
9.4912477227e-01	-3.0624650135e+00
9.4904268182e-01	-3.0624287793e+00
9.4896023930e-01	-3.0623912137e+00
9.4887742126e-01	-3.0623521672e+00
9.4879421084e-01	-3.0623115096e+00
9.4871065237e-01	-3.0622691428e+00
9.4862677379e-01	-3.0622249960e+00
9.4854257456e-01	-3.0621790271e+00
9.4845805418e-01	-3.0621312275e+00
9.4837321227e-01	-3.0620816220e+00
9.4828804843e-01	-3.0620302670e+00
9.4820256236e-01	-3.0619772474e+00
9.4811675366e-01	-3.0619226713e+00
9.4803062158e-01	-3.0618666649e+00
9.4794416533e-01	-3.0618093667e+00
9.4785738414e-01	-3.0617509211e+00
9.4777027612e-01	-3.0616914735e+00
9.4768284008e-01	-3.0616311659e+00
9.4759507479e-01	-3.0615701328e+00
9.4750697872e-01	-3.0615085001e+00
9.4741855052e-01	-3.0614459189e+00
9.4732978870e-01	-3.0613827961e+00
9.4724069164e-01	-3.0613193797e+00
9.4715125766e-01	-3.0612557507e+00
9.4706148504e-01	-3.0611919794e+00
9.4697137201e-01	-3.0611281267e+00
9.4688091677e-01	-3.0610642445e+00
9.4679011747e-01	-3.0610003777e+00
9.4669897225e-01	-3.0609365644e+00
9.4660747920e-01	-3.0608728375e+00
9.4651563641e-01	-3.0608092254e+00
9.4642344192e-01	-3.0607457528e+00
9.4633089376e-01	-3.0606824412e+00
9.4623798995e-01	-3.0606193098e+00
9.4614472844e-01	-3.0605563737e+00
9.4605110686e-01	-3.0604936278e+00
9.4595711953e-01	-3.0604308617e+00
9.4586272546e-01	-3.0603656684e+00
9.4578770901e-01	-3.0602749057e+00
9.4578243327e-01	-3.0599903480e+00
9.4577821705e-01	-3.0599140896e+00
9.4577412516e-01	-3.0598593115e+00
9.4577013171e-01	-3.0598248951e+00
9.4576619934e-01	-3.0598038585e+00
9.4576228061e-01	-3.0597891035e+00
9.4575837532e-01	-3.0597778853e+00
9.4575447375e-01	-3.0597685158e+00
9.4575056369e-01	-3.0597603200e+00
9.4574661119e-01	-3.0597527793e+00
9.4574258757e-01	-3.0597462046e+00
9.4573844482e-01	-3.0597412130e+00
9.4573408282e-01	-3.0597387093e+00
9.4572924714e-01	-3.0597406770e+00
9.4572354107e-01	-3.0597513722e+00
9.4571626279e-01	-3.0597782052e+00
9.4570592208e-01	-3.0598363674e+00
9.4569258896e-01	-3.0599358398e+00
9.4568028721e-01	-3.0600440869e+00
9.4566850298e-01	-3.0601604327e+00
9.4565648230e-01	-3.0602902540e+00
9.4564411671e-01	-3.0604361835e+00
9.4563194177e-01	-3.0605954619e+00
9.4561981616e-01	-3.0607721597e+00
9.4560713090e-01	-3.0609787733e+00
9.4559374899e-01	-3.0612280278e+00
9.4557818580e-01	-3.0615340561e+00
9.4555965560e-01	-3.0619325682e+00
9.4551304444e-01	-3.0625766973e+00
9.4529661811e-01	-3.0630423653e+00
9.4524081082e-01	-3.0630265603e+00
9.4518371117e-01	-3.0630075011e+00
9.4512486342e-01	-3.0629854318e+00
9.4506494445e-01	-3.0629611255e+00
9.4500453992e-01	-3.0629351858e+00
9.4494288975e-01	-3.0629078745e+00
9.4488074263e-01	-3.0628795172e+00
9.4481685482e-01	-3.0628501293e+00
9.4475121151e-01	-3.0628198303e+00
9.4468511435e-01	-3.0627888693e+00
9.4461758114e-01	-3.0627572017e+00
9.4454945524e-01	-3.0627249886e+00
9.4447879391e-01	-3.0626920460e+00
9.4440739408e-01	-3.0626586320e+00
9.4433388492e-01	-3.0626246177e+00
9.4425760059e-01	-3.0625899549e+00
9.4418076454e-01	-3.0625549386e+00
9.4410366046e-01	-3.0625196280e+00
9.4402628701e-01	-3.0624840459e+00
9.4394864287e-01	-3.0624482131e+00
9.4387072664e-01	-3.0624121488e+00
9.4379250843e-01	-3.0623758679e+00
9.4371393906e-01	-3.0623393817e+00
9.4363505019e-01	-3.0623027105e+00
9.4355586171e-01	-3.0622658726e+00
9.4347637539e-01	-3.0622288835e+00
9.4339658723e-01	-3.0621917570e+00
9.4331650766e-01	-3.0621545082e+00
9.4323612190e-01	-3.0621171478e+00
9.4315544170e-01	-3.0620796884e+00
9.4307445689e-01	-3.0620421377e+00
9.4299317257e-01	-3.0620045027e+00
9.4291158028e-01	-3.0619667850e+00
9.4282968471e-01	-3.0619289828e+00
9.4274747751e-01	-3.0618910866e+00
9.4266496051e-01	-3.0618530803e+00
9.4258212874e-01	-3.0618149378e+00
9.4249897568e-01	-3.0617766214e+00
9.4241550759e-01	-3.0617380829e+00
9.4233170213e-01	-3.0616992569e+00
9.4224756488e-01	-3.0616600674e+00
9.4216308524e-01	-3.0616204225e+00
9.4207824977e-01	-3.0615802172e+00
9.4199303514e-01	-3.0615393347e+00
9.4190741843e-01	-3.0614976501e+00
9.4182142915e-01	-3.0614550411e+00
9.4173511318e-01	-3.0614113876e+00
9.4164846834e-01	-3.0613665695e+00
9.4156149284e-01	-3.0613204771e+00
9.4147418531e-01	-3.0612730166e+00
9.4138654464e-01	-3.0612241153e+00
9.4129857006e-01	-3.0611737249e+00
9.4121026105e-01	-3.0611218250e+00
9.4112161703e-01	-3.0610684237e+00
9.4103263751e-01	-3.0610135581e+00
9.4094332182e-01	-3.0609572914e+00
9.4085366908e-01	-3.0608997091e+00
9.4076367795e-01	-3.0608409149e+00
9.4067334769e-01	-3.0607810250e+00
9.4058267722e-01	-3.0607201624e+00
9.4049166533e-01	-3.0606584531e+00
9.4040031090e-01	-3.0605954843e+00
9.4030861257e-01	-3.0605318224e+00
9.4021656887e-01	-3.0604676595e+00
9.4012417825e-01	-3.0604030976e+00
9.4003143907e-01	-3.0603382280e+00
9.3993834961e-01	-3.0602731317e+00
9.3984490810e-01	-3.0602078794e+00
9.3975111272e-01	-3.0601425324e+00
9.3965696160e-01	-3.0600771432e+00
9.3956245282e-01	-3.0600117570e+00
9.3946758445e-01	-3.0599464120e+00
9.3937235449e-01	-3.0598811411e+00
9.3927676095e-01	-3.0598159725e+00
9.3918080179e-01	-3.0597509304e+00
9.3908447497e-01	-3.0596860359e+00
9.3898777840e-01	-3.0596213075e+00
9.3889070999e-01	-3.0595567620e+00
9.3879326760e-01	-3.0594924131e+00
9.3869544889e-01	-3.0594282638e+00
9.3859724965e-01	-3.0593642092e+00
9.3849864532e-01	-3.0592989940e+00
9.3839941009e-01	-3.0592191052e+00
9.3838953090e-01	-3.0590127536e+00
9.3838412582e-01	-3.0588558947e+00
9.3837972781e-01	-3.0587931949e+00
9.3837545237e-01	-3.0587522281e+00
9.3837126051e-01	-3.0587271709e+00
9.3836710534e-01	-3.0587105655e+00
9.3836296743e-01	-3.0586980822e+00
9.3835885007e-01	-3.0586879028e+00
9.3835474844e-01	-3.0586790734e+00
9.3835065420e-01	-3.0586711191e+00
9.3834655711e-01	-3.0586638718e+00
9.3834247547e-01	-3.0586580638e+00
9.3833841252e-01	-3.0586544414e+00
9.3833436841e-01	-3.0586545391e+00
9.3833035671e-01	-3.0586619854e+00
9.3832642874e-01	-3.0586831383e+00
9.3832267109e-01	-3.0587297793e+00
9.3831934126e-01	-3.0588313166e+00
9.3831718731e-01	-3.0590495852e+00
9.3831822029e-01	-3.0594072268e+00
9.3832353781e-01	-3.0598962134e+00
9.3833390115e-01	-3.0605545205e+00
9.3834243221e-01	-3.0615131722e+00
9.3812297896e-01	-3.0621755973e+00
9.3805893309e-01	-3.0621577746e+00
9.3799323070e-01	-3.0621364447e+00
9.3792590929e-01	-3.0621119828e+00
9.3785724877e-01	-3.0620851892e+00
9.3778821767e-01	-3.0620567498e+00
9.3771759804e-01	-3.0620268839e+00
9.3764671913e-01	-3.0619959950e+00
9.3757302883e-01	-3.0619639408e+00
9.3749847136e-01	-3.0619310806e+00
9.3742284409e-01	-3.0618974837e+00
9.3734627693e-01	-3.0618632400e+00
9.3726802941e-01	-3.0618283198e+00
9.3718767716e-01	-3.0617927214e+00
9.3710651097e-01	-3.0617566442e+00
9.3702171220e-01	-3.0617197817e+00
9.3693566520e-01	-3.0616824557e+00
9.3684931762e-01	-3.0616448098e+00
9.3676266795e-01	-3.0616068690e+00
9.3667571474e-01	-3.0615686562e+00
9.3658845642e-01	-3.0615301924e+00
9.3650087289e-01	-3.0614914946e+00
9.3641289109e-01	-3.0614525725e+00
9.3632453957e-01	-3.0614134469e+00
9.3623584843e-01	-3.0613741383e+00
9.3614682030e-01	-3.0613346628e+00
9.3605745326e-01	-3.0612950356e+00
9.3596775712e-01	-3.0612552725e+00
9.3587771778e-01	-3.0612153854e+00
9.3578734430e-01	-3.0611753882e+00
9.3569663189e-01	-3.0611352915e+00
9.3560557682e-01	-3.0610951038e+00
9.3551418191e-01	-3.0610548317e+00
9.3542243741e-01	-3.0610144765e+00
9.3533035184e-01	-3.0609740366e+00
9.3523790622e-01	-3.0609335008e+00
9.3514511798e-01	-3.0608928542e+00
9.3505195700e-01	-3.0608520668e+00
9.3495843868e-01	-3.0608111023e+00
9.3486455262e-01	-3.0607699088e+00
9.3477028484e-01	-3.0607284201e+00
9.3467562171e-01	-3.0606865554e+00
9.3458054797e-01	-3.0606442196e+00
9.3448503517e-01	-3.0606013028e+00
9.3438907497e-01	-3.0605576868e+00
9.3429274470e-01	-3.0605132561e+00
9.3419604945e-01	-3.0604678828e+00
9.3409898632e-01	-3.0604214389e+00
9.3400155303e-01	-3.0603738032e+00
9.3390374767e-01	-3.0603248664e+00
9.3380556861e-01	-3.0602745367e+00
9.3370701486e-01	-3.0602227445e+00
9.3360808539e-01	-3.0601694468e+00
9.3350877940e-01	-3.0601146298e+00
9.3340909614e-01	-3.0600583092e+00
9.3330903508e-01	-3.0600005299e+00
9.3320859451e-01	-3.0599413631e+00
9.3310777368e-01	-3.0598809018e+00
9.3300657173e-01	-3.0598192558e+00
9.3290498744e-01	-3.0597565461e+00
9.3280301975e-01	-3.0596926296e+00
9.3270066735e-01	-3.0596275511e+00
9.3259792885e-01	-3.0595617797e+00
9.3249480264e-01	-3.0594954342e+00
9.3239128703e-01	-3.0594286241e+00
9.3228738022e-01	-3.0593614488e+00
9.3218308028e-01	-3.0592939966e+00
9.3207838533e-01	-3.0592263449e+00
9.3197329330e-01	-3.0591585609e+00
9.3186780206e-01	-3.0590907023e+00
9.3176190956e-01	-3.0590228183e+00
9.3165561356e-01	-3.0589549505e+00
9.3154891185e-01	-3.0588871345e+00
9.3144180218e-01	-3.0588194002e+00
9.3133428222e-01	-3.0587517731e+00
9.3122634974e-01	-3.0586842755e+00
9.3111800235e-01	-3.0586169263e+00
9.3100923771e-01	-3.0585497426e+00
9.3090005342e-01	-3.0584827391e+00
9.3079044703e-01	-3.0584159288e+00
9.3068041596e-01	-3.0583493140e+00
9.3056995561e-01	-3.0582827966e+00
9.3045904055e-01	-3.0582152052e+00
9.3034743794e-01	-3.0581339178e+00
9.3033250295e-01	-3.0579346343e+00
9.3032623892e-01	-3.0577662244e+00
9.3032127845e-01	-3.0577050388e+00
9.3031645024e-01	-3.0576652246e+00
9.3031171173e-01	-3.0576407270e+00
9.3030701165e-01	-3.0576242034e+00
9.3030233218e-01	-3.0576115819e+00
9.3029767918e-01	-3.0576011727e+00
9.3029305043e-01	-3.0575920921e+00
9.3028844071e-01	-3.0575838645e+00
9.3028385266e-01	-3.0575763997e+00
9.3027932372e-01	-3.0575704526e+00
9.3027489042e-01	-3.0575668419e+00
9.3027062261e-01	-3.0575672691e+00
9.3026668403e-01	-3.0575757077e+00
9.3026336424e-01	-3.0575991083e+00
9.3026120285e-01	-3.0576504394e+00
9.3026160406e-01	-3.0577631876e+00
9.3026713954e-01	-3.0579968484e+00
9.3027983619e-01	-3.0583795303e+00
9.3030900172e-01	-3.0590044982e+00
9.3035946701e-01	-3.0600225120e+00
9.3017879205e-01	-3.0612041652e+00
9.3010933308e-01	-3.0611847847e+00
9.3003802164e-01	-3.0611616917e+00
9.2996503969e-01	-3.0611352760e+00
9.2989054552e-01	-3.0611064029e+00
9.2981553814e-01	-3.0610758136e+00
9.2973907163e-01	-3.0610437828e+00
9.2966218936e-01	-3.0610106927e+00
9.2958189758e-01	-3.0609763486e+00
9.2950130545e-01	-3.0609412605e+00
9.2941913031e-01	-3.0609053666e+00
9.2933633478e-01	-3.0608688616e+00
9.2925069621e-01	-3.0608315330e+00
9.2916405260e-01	-3.0607936583e+00
9.2907501010e-01	-3.0607551088e+00
9.2898292172e-01	-3.0607158417e+00
9.2889034953e-01	-3.0606762051e+00
9.2879745338e-01	-3.0606362475e+00
9.2870423169e-01	-3.0605959942e+00
9.2861068281e-01	-3.0605554684e+00
9.2851680015e-01	-3.0605146905e+00
9.2842249679e-01	-3.0604736698e+00
9.2832777489e-01	-3.0604324251e+00
9.2823267713e-01	-3.0603909792e+00
9.2813721127e-01	-3.0603493500e+00
9.2804138344e-01	-3.0603075544e+00
9.2794519972e-01	-3.0602656085e+00
9.2784864252e-01	-3.0602235249e+00
9.2775172645e-01	-3.0601813194e+00
9.2765444463e-01	-3.0601390039e+00
9.2755679162e-01	-3.0600965890e+00
9.2745877491e-01	-3.0600540849e+00
9.2736037650e-01	-3.0600114958e+00
9.2726161636e-01	-3.0599688265e+00
9.2716245943e-01	-3.0599260705e+00
9.2706293136e-01	-3.0598832218e+00
9.2696301220e-01	-3.0598402611e+00
9.2686269455e-01	-3.0597971606e+00
9.2676197790e-01	-3.0597538819e+00
9.2666084742e-01	-3.0597103720e+00
9.2655928690e-01	-3.0596665631e+00
9.2645726399e-01	-3.0596223707e+00
9.2635474744e-01	-3.0595776961e+00
9.2625179487e-01	-3.0595324380e+00
9.2614845581e-01	-3.0594864830e+00
9.2604472658e-01	-3.0594397031e+00
9.2594060379e-01	-3.0593919669e+00
9.2583608461e-01	-3.0593431446e+00
9.2573116645e-01	-3.0592931133e+00
9.2562584724e-01	-3.0592417630e+00
9.2552012543e-01	-3.0591890026e+00
9.2541399955e-01	-3.0591347646e+00
9.2530746883e-01	-3.0590790092e+00
9.2520053207e-01	-3.0590217270e+00
9.2509318816e-01	-3.0589629394e+00
9.2498543576e-01	-3.0589026968e+00
9.2487727432e-01	-3.0588410764e+00
9.2476870291e-01	-3.0587781768e+00
9.2465972043e-01	-3.0587141133e+00
9.2455032594e-01	-3.0586484373e+00
9.2444051817e-01	-3.0585817968e+00
9.2433029564e-01	-3.0585143673e+00
9.2421965688e-01	-3.0584462750e+00
9.2410860013e-01	-3.0583776382e+00
9.2399712354e-01	-3.0583085650e+00
9.2388522509e-01	-3.0582391530e+00
9.2377290286e-01	-3.0581694880e+00
9.2366015466e-01	-3.0580996450e+00
9.2354697826e-01	-3.0580296882e+00
9.2343337138e-01	-3.0579596727e+00
9.2331933174e-01	-3.0578896448e+00
9.2320485694e-01	-3.0578196436e+00
9.2308994454e-01	-3.0577497022e+00
9.2297459214e-01	-3.0576798483e+00
9.2285879724e-01	-3.0576101056e+00
9.2274255731e-01	-3.0575404942e+00
9.2262586982e-01	-3.0574710317e+00
9.2250873220e-01	-3.0574017336e+00
9.2239114187e-01	-3.0573326135e+00
9.2227309619e-01	-3.0572636833e+00
9.2215459236e-01	-3.0571949463e+00
9.2203562581e-01	-3.0571263244e+00
9.2191617337e-01	-3.0570568681e+00
9.2179602431e-01	-3.0569763140e+00
9.2176885382e-01	-3.0567977811e+00
9.2176147567e-01	-3.0565977795e+00
9.2175608786e-01	-3.0565379745e+00
9.2175084214e-01	-3.0564991890e+00
9.2174569225e-01	-3.0564751668e+00
9.2174058214e-01	-3.0564586799e+00
9.2173549585e-01	-3.0564459016e+00
9.2173044138e-01	-3.0564352572e+00
9.2172541857e-01	-3.0564259240e+00
9.2172042385e-01	-3.0564174211e+00
9.2171547086e-01	-3.0564097353e+00
9.2171061384e-01	-3.0564036416e+00
9.2170591760e-01	-3.0564000273e+00
9.2170151406e-01	-3.0564007598e+00
9.2169769346e-01	-3.0564101424e+00
9.2169495825e-01	-3.0564357109e+00
9.2169425490e-01	-3.0564916085e+00
9.2169810584e-01	-3.0566155548e+00
9.2171075741e-01	-3.0568718630e+00
9.2173487390e-01	-3.0572914104e+00
9.2177657428e-01	-3.0579763412e+00
9.2183692848e-01	-3.0590920915e+00
9.2165472478e-01	-3.0601461153e+00
9.2158385957e-01	-3.0601254416e+00
9.2151067240e-01	-3.0601007938e+00
9.2143590570e-01	-3.0600727540e+00
9.2135974621e-01	-3.0600422497e+00
9.2128271744e-01	-3.0600099802e+00
9.2120453243e-01	-3.0599763044e+00
9.2112483367e-01	-3.0599414320e+00
9.2104268941e-01	-3.0599054210e+00
9.2095984305e-01	-3.0598686161e+00
9.2087552903e-01	-3.0598310183e+00
9.2078990092e-01	-3.0597927229e+00
9.2070152200e-01	-3.0597536120e+00
9.2061222029e-01	-3.0597139653e+00
9.2051896248e-01	-3.0596734467e+00
9.2042447273e-01	-3.0596324341e+00
9.2032965249e-01	-3.0595910729e+00
9.2023450012e-01	-3.0595493918e+00
9.2013901400e-01	-3.0595074163e+00
9.2004319243e-01	-3.0594651697e+00
9.1994695583e-01	-3.0594226637e+00
9.1985025840e-01	-3.0593799124e+00
9.1975316799e-01	-3.0593369431e+00
9.1965569642e-01	-3.0592937753e+00
9.1955785075e-01	-3.0592504267e+00
9.1945963779e-01	-3.0592069146e+00
9.1936103833e-01	-3.0591632521e+00
9.1926206933e-01	-3.0591194563e+00
9.1916272584e-01	-3.0590755407e+00
9.1906299593e-01	-3.0590315165e+00
9.1896289764e-01	-3.0589873972e+00
9.1886239809e-01	-3.0589431878e+00
9.1876152646e-01	-3.0588988980e+00
9.1866025286e-01	-3.0588545259e+00
9.1855858568e-01	-3.0588100692e+00
9.1845652348e-01	-3.0587655174e+00
9.1835404643e-01	-3.0587208493e+00
9.1825114775e-01	-3.0586760351e+00
9.1814781764e-01	-3.0586310324e+00
9.1804401942e-01	-3.0585857816e+00
9.1793972760e-01	-3.0585402102e+00
9.1783492801e-01	-3.0584942315e+00
9.1772972839e-01	-3.0584477594e+00
9.1762413551e-01	-3.0584006817e+00
9.1751814553e-01	-3.0583528739e+00
9.1741175461e-01	-3.0583042040e+00
9.1730495936e-01	-3.0582545375e+00
9.1719775693e-01	-3.0582037429e+00
9.1709014483e-01	-3.0581516973e+00
9.1698212090e-01	-3.0580982926e+00
9.1687368341e-01	-3.0580434417e+00
9.1676483107e-01	-3.0579870834e+00
9.1665556289e-01	-3.0579291861e+00
9.1654587703e-01	-3.0578697496e+00
9.1643577282e-01	-3.0578088056e+00
9.1632524967e-01	-3.0577464146e+00
9.1621430675e-01	-3.0576826639e+00
9.1610294335e-01	-3.0576174046e+00
9.1599115854e-01	-3.0575506459e+00
9.1587895135e-01	-3.0574828752e+00
9.1576632042e-01	-3.0574142268e+00
9.1565326431e-01	-3.0573448327e+00
9.1553978137e-01	-3.0572748187e+00
9.1542586993e-01	-3.0572043014e+00
9.1531152805e-01	-3.0571333868e+00
9.1519675372e-01	-3.0570621689e+00
9.1508154481e-01	-3.0569907304e+00
9.1496589908e-01	-3.0569191423e+00
9.1484981433e-01	-3.0568474655e+00
9.1473328812e-01	-3.0567757515e+00
9.1461631815e-01	-3.0567040435e+00
9.1449890192e-01	-3.0566323776e+00
9.1438103692e-01	-3.0565607844e+00
9.1426272064e-01	-3.0564892892e+00
9.1414395051e-01	-3.0564179137e+00
9.1402472392e-01	-3.0563466764e+00
9.1390503827e-01	-3.0562755934e+00
9.1378489090e-01	-3.0562046789e+00
9.1366427914e-01	-3.0561339456e+00
9.1354320028e-01	-3.0560634044e+00
9.1342165138e-01	-3.0559930573e+00
9.1329962747e-01	-3.0559228185e+00
9.1317710182e-01	-3.0558516637e+00
9.1305383004e-01	-3.0557685378e+00
9.1302835574e-01	-3.0555814345e+00
9.1302070296e-01	-3.0553899222e+00
9.1301509221e-01	-3.0553310406e+00
9.1300963361e-01	-3.0552929580e+00
9.1300427699e-01	-3.0552692316e+00
9.1299895962e-01	-3.0552526991e+00
9.1299366748e-01	-3.0552397354e+00
9.1298841070e-01	-3.0552288503e+00
9.1298318977e-01	-3.0552192671e+00
9.1297799930e-01	-3.0552104923e+00
9.1297285885e-01	-3.0552025899e+00
9.1296783073e-01	-3.0551963515e+00
9.1296299190e-01	-3.0551927302e+00
9.1295850181e-01	-3.0551937599e+00
9.1295470638e-01	-3.0552040646e+00
9.1295220978e-01	-3.0552317672e+00
9.1295215588e-01	-3.0552921949e+00
9.1295811611e-01	-3.0554275976e+00
9.1297655838e-01	-3.0557072655e+00
9.1301006332e-01	-3.0561648460e+00
9.1306706748e-01	-3.0569122656e+00
9.1314819146e-01	-3.0581309130e+00
9.1306390082e-01	-3.0590624587e+00
9.1300819882e-01	-3.0590546779e+00
9.1293573814e-01	-3.0590318145e+00
9.1286001037e-01	-3.0590046394e+00
9.1278309294e-01	-3.0589742263e+00
9.1270518878e-01	-3.0589415238e+00
9.1262576611e-01	-3.0589070610e+00
9.1254574854e-01	-3.0588713206e+00
9.1246250675e-01	-3.0588342057e+00
9.1237838977e-01	-3.0587961781e+00
9.1229267020e-01	-3.0587572657e+00
9.1220606499e-01	-3.0587176518e+00
9.1211640432e-01	-3.0586771340e+00
9.1202584622e-01	-3.0586360458e+00
9.1193156553e-01	-3.0585940781e+00
9.1183504018e-01	-3.0585514605e+00
9.1173817698e-01	-3.0585084718e+00
9.1164097438e-01	-3.0584651434e+00
9.1154343067e-01	-3.0584215035e+00
9.1144554425e-01	-3.0583775773e+00
9.1134724174e-01	-3.0583333785e+00
9.1124844181e-01	-3.0582889183e+00
9.1114922972e-01	-3.0582442270e+00
9.1104962198e-01	-3.0581993257e+00
9.1094962649e-01	-3.0581542330e+00
9.1084925051e-01	-3.0581089668e+00
9.1074847990e-01	-3.0580635415e+00
9.1064732169e-01	-3.0580179736e+00
9.1054578600e-01	-3.0579722793e+00
9.1044384003e-01	-3.0579264682e+00
9.1034151655e-01	-3.0578805570e+00
9.1023878534e-01	-3.0578345529e+00
9.1013565672e-01	-3.0577884654e+00
9.1003213259e-01	-3.0577423000e+00
9.0992817912e-01	-3.0576960531e+00
9.0982381524e-01	-3.0576497220e+00
9.0971902497e-01	-3.0576032922e+00
9.0961379050e-01	-3.0575567400e+00
9.0950809298e-01	-3.0575100303e+00
9.0940188533e-01	-3.0574631120e+00
9.0929512841e-01	-3.0574159204e+00
9.0918793178e-01	-3.0573683950e+00
9.0908033893e-01	-3.0573204507e+00
9.0897234581e-01	-3.0572719820e+00
9.0886394825e-01	-3.0572228698e+00
9.0875514248e-01	-3.0571729847e+00
9.0864592439e-01	-3.0571221913e+00
9.0853629100e-01	-3.0570703530e+00
9.0842623897e-01	-3.0570173380e+00
9.0831576576e-01	-3.0569630260e+00
9.0820486926e-01	-3.0569073143e+00
9.0809354801e-01	-3.0568501236e+00
9.0798179961e-01	-3.0567914029e+00
9.0786962303e-01	-3.0567311330e+00
9.0775701767e-01	-3.0566693270e+00
9.0764398285e-01	-3.0566060304e+00
9.0753051798e-01	-3.0565412192e+00
9.0741662253e-01	-3.0564745709e+00
9.0730229574e-01	-3.0564067075e+00
9.0718753665e-01	-3.0563377594e+00
9.0707234407e-01	-3.0562678623e+00
9.0695671681e-01	-3.0561971523e+00
9.0684065331e-01	-3.0561257608e+00
9.0672415189e-01	-3.0560538110e+00
9.0660721073e-01	-3.0559814158e+00
9.0648982784e-01	-3.0559086761e+00
9.0637200113e-01	-3.0558356809e+00
9.0625372840e-01	-3.0557625072e+00
9.0613500737e-01	-3.0556892206e+00
9.0601583562e-01	-3.0556158768e+00
9.0589621079e-01	-3.0555425224e+00
9.0577613036e-01	-3.0554691961e+00
9.0565559179e-01	-3.0553959302e+00
9.0553459249e-01	-3.0553227517e+00
9.0541312985e-01	-3.0552496831e+00
9.0529120123e-01	-3.0551767434e+00
9.0516880393e-01	-3.0551039490e+00
9.0504593526e-01	-3.0550313141e+00
9.0492259248e-01	-3.0549588514e+00
9.0479877284e-01	-3.0548865722e+00
9.0467447353e-01	-3.0548144859e+00
9.0454969134e-01	-3.0547425881e+00
9.0442441965e-01	-3.0546707338e+00
9.0429861441e-01	-3.0545972685e+00
9.0417492269e-01	-3.0545048801e+00
9.0416862682e-01	-3.0542652197e+00
9.0416193331e-01	-3.0541467781e+00
9.0415613592e-01	-3.0540890630e+00
9.0415052668e-01	-3.0540518206e+00
9.0414507012e-01	-3.0540284543e+00
9.0413973839e-01	-3.0540119138e+00
9.0413458934e-01	-3.0539988103e+00
9.0412974211e-01	-3.0539877607e+00
9.0412539204e-01	-3.0539780616e+00
9.0412195454e-01	-3.0539692622e+00
9.0412026855e-01	-3.0539616155e+00
9.0412168179e-01	-3.0539560981e+00
9.0412870208e-01	-3.0539540512e+00
9.0414733016e-01	-3.0539584542e+00
9.0418851835e-01	-3.0539756573e+00
9.0426006189e-01	-3.0540109010e+00
9.0433312106e-01	-3.0540492560e+00
9.0440673858e-01	-3.0540894082e+00
9.0448070919e-01	-3.0541313552e+00
9.0455483317e-01	-3.0541757347e+00
9.0465856660e-01	-3.0542278712e+00
9.0478762803e-01	-3.0542914467e+00
9.0490992094e-01	-3.0543499965e+00
9.0499407132e-01	-3.0543889597e+00
9.0505773995e-01	-3.0544175436e+00
9.0510968677e-01	-3.0544402516e+00
9.0515433899e-01	-3.0544593411e+00
9.0519416165e-01	-3.0544760590e+00
9.0521368089e-01	-3.0544892210e+00
9.0521434037e-01	-3.0544989767e+00
9.0521451493e-01	-3.0545093618e+00
9.0521444308e-01	-3.0545207824e+00
9.0521461062e-01	-3.0545340776e+00
9.0521613320e-01	-3.0545515061e+00
9.0521921007e-01	-3.0545685606e+00
9.0522257626e-01	-3.0545835296e+00
9.0522569031e-01	-3.0545977665e+00
9.0522830931e-01	-3.0546119988e+00
9.0523028923e-01	-3.0546263775e+00
9.0523161597e-01	-3.0546407234e+00
9.0523244592e-01	-3.0546555321e+00
9.0523301764e-01	-3.0546715271e+00
9.0523378087e-01	-3.0546899150e+00
9.0523577445e-01	-3.0547135861e+00
9.0523930471e-01	-3.0547380072e+00
9.0524301028e-01	-3.0547591982e+00
9.0524642243e-01	-3.0547793306e+00
9.0524934883e-01	-3.0547996736e+00
9.0525161470e-01	-3.0548201823e+00
9.0525325136e-01	-3.0548408722e+00
9.0525446448e-01	-3.0548628170e+00
9.0525555536e-01	-3.0548875988e+00
9.0525705222e-01	-3.0549182983e+00
9.0530092321e-01	-3.0549604702e+00
9.0535949329e-01	-3.0549987472e+00
9.0541244258e-01	-3.0550343680e+00
9.0546263173e-01	-3.0550700168e+00
9.0551139256e-01	-3.0551059839e+00
9.0557091755e-01	-3.0551437531e+00
9.0563512714e-01	-3.0551845883e+00
9.0571024048e-01	-3.0552322363e+00
9.0580857968e-01	-3.0552940987e+00
9.0590919564e-01	-3.0553567453e+00
9.0599980010e-01	-3.0554128847e+00
9.0608548563e-01	-3.0554660368e+00
9.0614816613e-01	-3.0555050145e+00
9.0619777084e-01	-3.0555358968e+00
9.0623966932e-01	-3.0555620015e+00
9.0624102863e-01	-3.0555800706e+00
9.0623378722e-01	-3.0555970721e+00
9.0622381605e-01	-3.0556163396e+00
9.0620967532e-01	-3.0556399428e+00
9.0620225199e-01	-3.0556713332e+00
9.0620538429e-01	-3.0556986908e+00
9.0620827311e-01	-3.0557244105e+00
9.0621078032e-01	-3.0557507293e+00
9.0621272339e-01	-3.0557770337e+00
9.0621423932e-01	-3.0558039190e+00
9.0621567383e-01	-3.0558336757e+00
9.0621757078e-01	-3.0558700954e+00
9.0622029424e-01	-3.0559133389e+00
9.0622255005e-01	-3.0559504174e+00
9.0622393163e-01	-3.0559858483e+00
9.0622402276e-01	-3.0560231649e+00
9.0622255110e-01	-3.0560594751e+00
9.0627117681e-01	-3.0561041331e+00
9.0632944798e-01	-3.0561557756e+00
9.0639848938e-01	-3.0562194697e+00
9.0646594091e-01	-3.0562871187e+00
9.0652875818e-01	-3.0563571115e+00
9.0658778221e-01	-3.0564307461e+00
9.0666267863e-01	-3.0565040395e+00
9.0676319355e-01	-3.0565853374e+00
9.0685291396e-01	-3.0566574091e+00
9.0692394577e-01	-3.0567135971e+00
9.0698385902e-01	-3.0567601103e+00
9.0700525573e-01	-3.0567986153e+00
9.0700566177e-01	-3.0568301640e+00
9.0700551331e-01	-3.0568679466e+00
9.0700462204e-01	-3.0569176970e+00
9.0700260709e-01	-3.0569683919e+00
9.0699882661e-01	-3.0570158778e+00
9.0699165163e-01	-3.0570664116e+00
9.0698087566e-01	-3.0571151561e+00
9.0696786171e-01	-3.0571582229e+00
9.0695403885e-01	-3.0571946398e+00
9.0693968903e-01	-3.0572266727e+00
9.0692494607e-01	-3.0572556567e+00
9.0685661412e-01	-3.0573452922e+00
9.0682610043e-01	-3.0574460823e+00
9.0686759525e-01	-3.0575503473e+00
9.0694376667e-01	-3.0576330505e+00
9.0701544744e-01	-3.0577213442e+00
9.0708596705e-01	-3.0578196445e+00
9.0715912001e-01	-3.0579385894e+00
9.0721521583e-01	-3.0580500707e+00
9.0725056087e-01	-3.0581355446e+00
9.0727550316e-01	-3.0582078409e+00
9.0729181715e-01	-3.0582703281e+00
9.0730141484e-01	-3.0583254623e+00
9.0723032296e-01	-3.0583170580e+00
9.0715626927e-01	-3.0582926659e+00
9.0707869478e-01	-3.0582637440e+00
9.0699990064e-01	-3.0582315105e+00
9.0692026767e-01	-3.0581969891e+00
9.0683877377e-01	-3.0581606604e+00
9.0675657901e-01	-3.0581230425e+00
9.0667085662e-01	-3.0580840106e+00
9.0658457838e-01	-3.0580441097e+00
9.0649654662e-01	-3.0580033068e+00
9.0640704633e-01	-3.0579617308e+00
9.0631468711e-01	-3.0579192764e+00
9.0622076365e-01	-3.0578761696e+00
9.0612283274e-01	-3.0578321464e+00
9.0602397357e-01	-3.0577876442e+00
9.0592476789e-01	-3.0577427741e+00
9.0582521411e-01	-3.0576975678e+00
9.0572531040e-01	-3.0576520535e+00
9.0562502544e-01	-3.0576062526e+00
9.0552421237e-01	-3.0575601694e+00
9.0542294547e-01	-3.0575138348e+00
9.0532126946e-01	-3.0574672745e+00
9.0521919338e-01	-3.0574205083e+00
9.0511672481e-01	-3.0573735552e+00
9.0501384219e-01	-3.0573264292e+00
9.0491056640e-01	-3.0572791494e+00
9.0480689878e-01	-3.0572317317e+00
9.0470281028e-01	-3.0571841872e+00
9.0459833163e-01	-3.0571365337e+00
9.0449343500e-01	-3.0570887803e+00
9.0438812478e-01	-3.0570409382e+00
9.0428240651e-01	-3.0569930167e+00
9.0417625142e-01	-3.0569450168e+00
9.0406966340e-01	-3.0568969396e+00
9.0396263263e-01	-3.0568487780e+00
9.0385514077e-01	-3.0568005168e+00
9.0374714696e-01	-3.0567521282e+00
9.0363860919e-01	-3.0567035730e+00
9.0352951666e-01	-3.0566548030e+00
9.0342001410e-01	-3.0566057757e+00
9.0331010904e-01	-3.0565564150e+00
9.0319979752e-01	-3.0565066276e+00
9.0308907539e-01	-3.0564563050e+00
9.0297793831e-01	-3.0564053250e+00
9.0286638222e-01	-3.0563535553e+00
9.0275440341e-01	-3.0563008578e+00
9.0264199801e-01	-3.0562470939e+00
9.0252916315e-01	-3.0561921309e+00
9.0241589574e-01	-3.0561358486e+00
9.0230219307e-01	-3.0560781459e+00
9.0218805279e-01	-3.0560189467e+00
9.0207347372e-01	-3.0559582051e+00
9.0195845527e-01	-3.0558959077e+00
9.0184299632e-01	-3.0558320754e+00
9.0172709659e-01	-3.0557663326e+00
9.0161075549e-01	-3.0556989975e+00
9.0149397223e-01	-3.0556303523e+00
9.0137674625e-01	-3.0555605206e+00
9.0125907646e-01	-3.0554896368e+00
9.0114096168e-01	-3.0554178396e+00
9.0102240046e-01	-3.0553452662e+00
9.0090339137e-01	-3.0552720480e+00
9.0078393259e-01	-3.0551983072e+00
9.0066402222e-01	-3.0551241546e+00
9.0054365819e-01	-3.0550496886e+00
9.0042283831e-01	-3.0549749951e+00
9.0030156031e-01	-3.0549001480e+00
9.0017982179e-01	-3.0548252098e+00
9.0005762026e-01	-3.0547502328e+00
8.9993495323e-01	-3.0548410770e+00
9.0399540609e-01	-3.0550207687e+00
9.0385978142e-01	-3.0548978257e+00
9.0371268772e-01	-3.0547763236e+00
9.0355016353e-01	-3.0546592797e+00
9.0336616310e-01	-3.0545423775e+00
9.0318294429e-01	-3.0544359956e+00
9.0302172320e-01	-3.0543473169e+00
9.0287492669e-01	-3.0542691027e+00
9.0273831480e-01	-3.0541977866e+00
9.0260925385e-01	-3.0541313511e+00
9.0248598895e-01	-3.0540685426e+00
9.0236728868e-01	-3.0540085278e+00
9.0225225267e-01	-3.0539507234e+00
9.0214019930e-01	-3.0538947045e+00
9.0203059645e-01	-3.0538401504e+00
9.0192301798e-01	-3.0537868127e+00
9.0181711516e-01	-3.0537344943e+00
9.0171259778e-01	-3.0536830358e+00
9.0160922143e-01	-3.0536323066e+00
9.0150677861e-01	-3.0535821983e+00
9.0140509211e-01	-3.0535326202e+00
9.0130401022e-01	-3.0534834952e+00
9.0120340279e-01	-3.0534347567e+00
9.0110315767e-01	-3.0533863461e+00
9.0100317828e-01	-3.0533382096e+00
9.0090338106e-01	-3.0532902962e+00
9.0080369388e-01	-3.0532425543e+00
9.0070405371e-01	-3.0531949299e+00
9.0060440556e-01	-3.0531473634e+00
9.0050470080e-01	-3.0530997871e+00
9.0040489657e-01	-3.0530521233e+00
9.0030495499e-01	-3.0530042822e+00
9.0020484287e-01	-3.0529561610e+00
9.0010453026e-01	-3.0529076434e+00
9.0000399117e-01	-3.0528586010e+00
8.9990320255e-01	-3.0528088946e+00
8.9980214415e-01	-3.0527583783e+00
8.9970079881e-01	-3.0527069037e+00
8.9959915150e-01	-3.0526543254e+00
8.9949718981e-01	-3.0526005072e+00
8.9939490346e-01	-3.0525453285e+00
8.9929228366e-01	-3.0524886906e+00
8.9918932210e-01	-3.0524305217e+00
8.9908601155e-01	-3.0523707818e+00
8.9898234577e-01	-3.0523094640e+00
8.9887832047e-01	-3.0522465951e+00
8.9877393105e-01	-3.0521822334e+00
8.9866917317e-01	-3.0521164556e+00
8.9856404381e-01	-3.0520487709e+00
8.9845853929e-01	-3.0519798968e+00
8.9835265608e-01	-3.0519099668e+00
8.9824639067e-01	-3.0518391172e+00
8.9813973962e-01	-3.0517674819e+00
8.9803269947e-01	-3.0516951883e+00
8.9792526684e-01	-3.0516223546e+00
8.9781743836e-01	-3.0515490875e+00
8.9770921065e-01	-3.0514754819e+00
8.9760058058e-01	-3.0514016206e+00
8.9749154489e-01	-3.0513275774e+00
8.9738210039e-01	-3.0512534091e+00
8.9727224411e-01	-3.0511791674e+00
8.9716197297e-01	-3.0511048951e+00
8.9705128395e-01	-3.0510306281e+00
8.9694017412e-01	-3.0509563961e+00
8.9682864057e-01	-3.0508822241e+00
8.9671668059e-01	-3.0508081333e+00
8.9660429154e-01	-3.0507341420e+00
8.9649147085e-01	-3.0506602660e+00
8.9637821598e-01	-3.0505865193e+00
8.9626452434e-01	-3.0505129147e+00
8.9615039326e-01	-3.0504394615e+00
8.9603581952e-01	-3.0503661467e+00
8.9592079388e-01	-3.0502927206e+00
8.9580524370e-01	-3.0502163898e+00
8.9571359538e-01	-3.0501107830e+00
8.9570449612e-01	-3.0498040023e+00
8.9569877500e-01	-3.0497286758e+00
8.9569326185e-01	-3.0496762646e+00
8.9568791459e-01	-3.0496432597e+00
8.9568267836e-01	-3.0496220854e+00
8.9567747886e-01	-3.0496060061e+00
8.9567237065e-01	-3.0495931209e+00
8.9566738031e-01	-3.0495819997e+00
8.9566256750e-01	-3.0495721309e+00
8.9565805201e-01	-3.0495628733e+00
8.9565411597e-01	-3.0495552016e+00
8.9565121440e-01	-3.0495499672e+00
8.9565023867e-01	-3.0495489163e+00
8.9565341514e-01	-3.0495565686e+00
8.9566445401e-01	-3.0495827845e+00
8.9568073398e-01	-3.0496530312e+00
8.9567588863e-01	-3.0497097704e+00
8.9566979879e-01	-3.0497878464e+00
8.9565970200e-01	-3.0499142413e+00
8.9564919550e-01	-3.0500308557e+00
8.9564494708e-01	-3.0501463062e+00
8.9563911434e-01	-3.0502563835e+00
8.9563026336e-01	-3.0503457803e+00
8.9562011858e-01	-3.0504176677e+00
8.9560884787e-01	-3.0504794534e+00
8.9559654467e-01	-3.0505346839e+00
8.9558342464e-01	-3.0505849765e+00
8.9557028714e-01	-3.0506298788e+00
8.9555717882e-01	-3.0506708265e+00
8.9554360090e-01	-3.0507099591e+00
8.9552959698e-01	-3.0507477691e+00
8.9551520298e-01	-3.0507846709e+00
8.9542946556e-01	-3.0509475591e+00
8.9542589083e-01	-3.0511205172e+00
8.9543158386e-01	-3.0513025191e+00
8.9543363772e-01	-3.0514868135e+00
8.9543068264e-01	-3.0516460383e+00
8.9542489618e-01	-3.0517715269e+00
8.9541656290e-01	-3.0518770695e+00
8.9540632758e-01	-3.0519697769e+00
8.9539480126e-01	-3.0520520660e+00
8.9538300546e-01	-3.0521228698e+00
8.9537024358e-01	-3.0521880306e+00
8.9535663748e-01	-3.0522483313e+00
8.9534228753e-01	-3.0523045150e+00
8.9532858332e-01	-3.0523537786e+00
8.9531434793e-01	-3.0524006160e+00
8.9529961901e-01	-3.0524455040e+00
8.9528443576e-01	-3.0524888506e+00
8.9519585126e-01	-3.0526739474e+00
8.9517853365e-01	-3.0528593460e+00
8.9518221208e-01	-3.0530576837e+00
8.9518217220e-01	-3.0532461032e+00
8.9517918452e-01	-3.0534160614e+00
8.9517390028e-01	-3.0535654945e+00
8.9516711139e-01	-3.0536949338e+00
8.9515873589e-01	-3.0538137312e+00
8.9514920500e-01	-3.0539268197e+00
8.9513929302e-01	-3.0540340227e+00
8.9512926472e-01	-3.0541373927e+00
8.9511871347e-01	-3.0542423800e+00
8.9510771696e-01	-3.0543502387e+00
8.9509668034e-01	-3.0544597489e+00
8.9508608634e-01	-3.0545688884e+00
8.9507527069e-01	-3.0546842842e+00
8.9506430228e-01	-3.0548076437e+00
8.9505308460e-01	-3.0549405509e+00
8.9501679125e-01	-3.0552798156e+00
8.9498721151e-01	-3.0556063337e+00
8.9496176161e-01	-3.0559305947e+00
8.9493329264e-01	-3.0562494527e+00
8.9485071003e-01	-3.0565529519e+00
8.9472897026e-01	-3.0566556575e+00
8.9465386003e-01	-3.0566284154e+00
8.9457592974e-01	-3.0565963792e+00
8.9449631459e-01	-3.0565608255e+00
8.9441558569e-01	-3.0565229062e+00
8.9433343940e-01	-3.0564832245e+00
8.9424837066e-01	-3.0564419618e+00
8.9416171915e-01	-3.0563995341e+00
8.9407343278e-01	-3.0563561002e+00
8.9398365151e-01	-3.0563117999e+00
8.9389066944e-01	-3.0562665027e+00
8.9379619581e-01	-3.0562205064e+00
8.9369713459e-01	-3.0561734652e+00
8.9359689310e-01	-3.0561258758e+00
8.9349630095e-01	-3.0560778897e+00
8.9339535658e-01	-3.0560295432e+00
8.9329405839e-01	-3.0559808685e+00
8.9319233479e-01	-3.0559318847e+00
8.9309002203e-01	-3.0558825958e+00
8.9298725291e-01	-3.0558330427e+00
8.9288405390e-01	-3.0557832503e+00
8.9278043450e-01	-3.0557332399e+00
8.9267640336e-01	-3.0556830315e+00
8.9257196797e-01	-3.0556326441e+00
8.9246711032e-01	-3.0555820925e+00
8.9236183444e-01	-3.0555313938e+00
8.9225615396e-01	-3.0554805653e+00
8.9215003521e-01	-3.0554296178e+00
8.9204349250e-01	-3.0553785670e+00
8.9193652467e-01	-3.0553274255e+00
8.9182911404e-01	-3.0552762017e+00
8.9172124166e-01	-3.0552249013e+00
8.9161290415e-01	-3.0551735285e+00
8.9150405597e-01	-3.0551220771e+00
8.9139466120e-01	-3.0550705362e+00
8.9128463947e-01	-3.0550188808e+00
8.9117413962e-01	-3.0549671068e+00
8.9106324184e-01	-3.0549151892e+00
8.9095194295e-01	-3.0548630783e+00
8.9084023931e-01	-3.0548107091e+00
8.9072812694e-01	-3.0547580003e+00
8.9061560178e-01	-3.0547048538e+00
8.9050265983e-01	-3.0546511559e+00
8.9038929630e-01	-3.0545967788e+00
8.9027550686e-01	-3.0545415848e+00
8.9016128696e-01	-3.0544854308e+00
8.9004663184e-01	-3.0544281744e+00
8.8993153757e-01	-3.0543696809e+00
8.8981600157e-01	-3.0543098302e+00
8.8970002165e-01	-3.0542485244e+00
8.8958359598e-01	-3.0541856942e+00
8.8946672369e-01	-3.0541208446e+00
8.8934940400e-01	-3.0540542837e+00
8.8923163633e-01	-3.0539861755e+00
8.8911342020e-01	-3.0539165872e+00
8.8899475511e-01	-3.0538456142e+00
8.8887564045e-01	-3.0537733749e+00
8.8875607546e-01	-3.0537000023e+00
8.8863605910e-01	-3.0536256380e+00
8.8851559035e-01	-3.0535504249e+00
8.8839466773e-01	-3.0534745021e+00
8.8827328960e-01	-3.0533980003e+00
8.8815145424e-01	-3.0533210393e+00
8.8802915957e-01	-3.0532437261e+00
8.8790640359e-01	-3.0531661543e+00
8.8778318399e-01	-3.0530884043e+00
8.8765949839e-01	-3.0530105441e+00
8.8753534431e-01	-3.0529326305e+00
8.8741071921e-01	-3.0528547105e+00
8.8728562047e-01	-3.0527768224e+00
8.8716004541e-01	-3.0526989975e+00
8.8703399131e-01	-3.0526212613e+00
8.8690745539e-01	-3.0525436347e+00
8.8678043485e-01	-3.0524661349e+00
8.8665292680e-01	-3.0523887763e+00
8.8652492848e-01	-3.0523115713e+00
8.8639643695e-01	-3.0522345308e+00
8.8626744928e-01	-3.0521576644e+00
8.8613796253e-01	-3.0520809811e+00
8.8600797369e-01	-3.0520044880e+00
8.8587747932e-01	-3.0519281789e+00
8.8574647216e-01	-3.0518519066e+00
8.8561490278e-01	-3.0517740069e+00
8.8548278188e-01	-3.0516767326e+00
8.8547520523e-01	-3.0514353079e+00
8.8546769525e-01	-3.0513120716e+00
8.8546138460e-01	-3.0512573048e+00
8.8545524362e-01	-3.0512219867e+00
8.8544921380e-01	-3.0511992497e+00
8.8544321212e-01	-3.0511823879e+00
8.8543723761e-01	-3.0511685948e+00
8.8543130478e-01	-3.0511567059e+00
8.8542541344e-01	-3.0511461067e+00
8.8541953918e-01	-3.0511362654e+00
8.8541371486e-01	-3.0511275694e+00
8.8540800518e-01	-3.0511209333e+00
8.8540248517e-01	-3.0511176639e+00
8.8539730103e-01	-3.0511207192e+00
8.8539281070e-01	-3.0511363787e+00
8.8538963535e-01	-3.0511759224e+00
8.8538909261e-01	-3.0512635964e+00
8.8539434738e-01	-3.0514573908e+00
8.8540831532e-01	-3.0517968089e+00
8.8542647706e-01	-3.0521754293e+00
8.8544880217e-01	-3.0526111086e+00
8.8547627757e-01	-3.0531213542e+00
8.8551010409e-01	-3.0537335962e+00
8.8553725483e-01	-3.0544313889e+00
8.8544602756e-01	-3.0553190468e+00
8.8532475627e-01	-3.0554131564e+00
8.8524456736e-01	-3.0553836809e+00
8.8516167894e-01	-3.0553492239e+00
8.8507683376e-01	-3.0553111242e+00
8.8499072426e-01	-3.0552705942e+00
8.8490344064e-01	-3.0552282990e+00
8.8481219018e-01	-3.0551842466e+00
8.8472016043e-01	-3.0551391023e+00
8.8462601392e-01	-3.0550928534e+00
8.8452968526e-01	-3.0550456124e+00
8.8443075916e-01	-3.0549974169e+00
8.8432878163e-01	-3.0549482802e+00
8.8422305500e-01	-3.0548981692e+00
8.8411695550e-01	-3.0548475843e+00
8.8401048154e-01	-3.0547965679e+00
8.8390363146e-01	-3.0547451566e+00
8.8379638115e-01	-3.0546933793e+00
8.8368849891e-01	-3.0546412336e+00
8.8358007389e-01	-3.0545887572e+00
8.8347118342e-01	-3.0545359835e+00
8.8336183869e-01	-3.0544829358e+00
8.8325204843e-01	-3.0544296352e+00
8.8314182009e-01	-3.0543761017e+00
8.8303113542e-01	-3.0543223509e+00
8.8291999861e-01	-3.0542684006e+00
8.8280842209e-01	-3.0542142691e+00
8.8269638377e-01	-3.0541599693e+00
8.8258387272e-01	-3.0541055147e+00
8.8247089807e-01	-3.0540509207e+00
8.8235744296e-01	-3.0539961977e+00
8.8224348565e-01	-3.0539413535e+00
8.8212900197e-01	-3.0538863929e+00
8.8201394119e-01	-3.0538313134e+00
8.8189821519e-01	-3.0537761024e+00
8.8178185498e-01	-3.0537207570e+00
8.8166507457e-01	-3.0536652905e+00
8.8154787109e-01	-3.0536096769e+00
8.8143024167e-01	-3.0535538779e+00
8.8131218279e-01	-3.0534978405e+00
8.8119369068e-01	-3.0534414954e+00
8.8107476155e-01	-3.0533847562e+00
8.8095539037e-01	-3.0533275183e+00
8.8083557200e-01	-3.0532696607e+00
8.8071530182e-01	-3.0532110484e+00
8.8059457309e-01	-3.0531515355e+00
8.8047338107e-01	-3.0530909717e+00
8.8035172173e-01	-3.0530292080e+00
8.8022959128e-01	-3.0529661057e+00
8.8010698686e-01	-3.0529014167e+00
8.7998390636e-01	-3.0528347034e+00
8.7986034810e-01	-3.0527663510e+00
8.7973631093e-01	-3.0526963311e+00
8.7961179405e-01	-3.0526246539e+00
8.7948679688e-01	-3.0525513676e+00
8.7936131893e-01	-3.0524765544e+00
8.7923535969e-01	-3.0524003253e+00
8.7910891851e-01	-3.0523228125e+00
8.7898199446e-01	-3.0522441612e+00
8.7885458666e-01	-3.0521645226e+00
8.7872669372e-01	-3.0520840463e+00
8.7859831410e-01	-3.0520028752e+00
8.7846944602e-01	-3.0519211416e+00
8.7834008749e-01	-3.0518389642e+00
8.7821023634e-01	-3.0517564474e+00
8.7807989022e-01	-3.0516736811e+00
8.7794904665e-01	-3.0515907408e+00
8.7781770301e-01	-3.0515076893e+00
8.7768585660e-01	-3.0514245779e+00
8.7755350463e-01	-3.0513414482e+00
8.7742064423e-01	-3.0512583335e+00
8.7728727246e-01	-3.0511752601e+00
8.7715338636e-01	-3.0510922493e+00
8.7701898290e-01	-3.0510093180e+00
8.7688405903e-01	-3.0509264798e+00
8.7674861166e-01	-3.0508437462e+00
8.7661263768e-01	-3.0507611269e+00
8.7647613392e-01	-3.0506786304e+00
8.7633909723e-01	-3.0505962644e+00
8.7620152439e-01	-3.0505140362e+00
8.7606341214e-01	-3.0504319513e+00
8.7592475677e-01	-3.0503500009e+00
8.7578555004e-01	-3.0502680245e+00
8.7564573591e-01	-3.0501842249e+00
8.7550546769e-01	-3.0500794890e+00
8.7549693550e-01	-3.0498317192e+00
8.7548892392e-01	-3.0497131948e+00
8.7548218315e-01	-3.0496599446e+00
8.7547561839e-01	-3.0496252403e+00
8.7546917032e-01	-3.0496025655e+00
8.7546274866e-01	-3.0495854637e+00
8.7545635891e-01	-3.0495713584e+00
8.7545001755e-01	-3.0495591357e+00
8.7544372686e-01	-3.0495482088e+00
8.7543746126e-01	-3.0495380210e+00
8.7543127307e-01	-3.0495290650e+00
8.7542524667e-01	-3.0495222804e+00
8.7541949491e-01	-3.0495190764e+00
8.7541425846e-01	-3.0495227087e+00
8.7541006742e-01	-3.0495399425e+00
8.7540786968e-01	-3.0495830545e+00
8.7540978956e-01	-3.0496795008e+00
8.7542077600e-01	-3.0498919952e+00
8.7544361630e-01	-3.0502415280e+00
8.7548501030e-01	-3.0508110107e+00
8.7555721229e-01	-3.0517405170e+00
8.7565914102e-01	-3.0532606704e+00
8.7546865274e-01	-3.0540900808e+00
8.7538724109e-01	-3.0540594967e+00
8.7530272743e-01	-3.0540236340e+00
8.7521622434e-01	-3.0539838754e+00
8.7512832743e-01	-3.0539415362e+00
8.7503917879e-01	-3.0538973516e+00
8.7494578908e-01	-3.0538513248e+00
8.7485157455e-01	-3.0538041741e+00
8.7475543726e-01	-3.0537559238e+00
8.7465627142e-01	-3.0537065500e+00
8.7455521674e-01	-3.0536563037e+00
8.7444945558e-01	-3.0536048781e+00
8.7434140510e-01	-3.0535526635e+00
8.7423297319e-01	-3.0534999704e+00
8.7412415822e-01	-3.0534468421e+00
8.7401495838e-01	-3.0533933161e+00
8.7390526115e-01	-3.0533394097e+00
8.7379487749e-01	-3.0532851264e+00
8.7368397296e-01	-3.0532305146e+00
8.7357259883e-01	-3.0531756050e+00
8.7346076436e-01	-3.0531204207e+00
8.7334845548e-01	-3.0530649801e+00
8.7323568255e-01	-3.0530093037e+00
8.7312245553e-01	-3.0529534112e+00
8.7300876666e-01	-3.0528973187e+00
8.7289458546e-01	-3.0528410390e+00
8.7277993550e-01	-3.0527845911e+00
8.7266480374e-01	-3.0527279886e+00
8.7254917233e-01	-3.0526712433e+00
8.7243301761e-01	-3.0526143648e+00
8.7231631265e-01	-3.0525573603e+00
8.7219901087e-01	-3.0525002319e+00
8.7208100209e-01	-3.0524429691e+00
8.7196231270e-01	-3.0523855754e+00
8.7184319653e-01	-3.0523280791e+00
8.7172365105e-01	-3.0522704651e+00
8.7160367359e-01	-3.0522127084e+00
8.7148326111e-01	-3.0521547713e+00
8.7136241033e-01	-3.0520966014e+00
8.7124111716e-01	-3.0520381301e+00
8.7111937717e-01	-3.0519792709e+00
8.7099718507e-01	-3.0519199196e+00
8.7087453527e-01	-3.0518599545e+00
8.7075142095e-01	-3.0517992392e+00
8.7062783692e-01	-3.0517376265e+00
8.7050377880e-01	-3.0516749639e+00
8.7037924160e-01	-3.0516111008e+00
8.7025422194e-01	-3.0515455414e+00
8.7012871672e-01	-3.0514782772e+00
8.7000272354e-01	-3.0514094319e+00
8.6987624049e-01	-3.0513389394e+00
8.6974926654e-01	-3.0512667709e+00
8.6962180110e-01	-3.0511929374e+00
8.6949384335e-01	-3.0511174882e+00
8.6936539304e-01	-3.0510405080e+00
8.6923644961e-01	-3.0509621097e+00
8.6910701247e-01	-3.0508824283e+00
8.6897708074e-01	-3.0508016114e+00
8.6884665358e-01	-3.0507198122e+00
8.6871572961e-01	-3.0506371821e+00
8.6858430729e-01	-3.0505538652e+00
8.6845238475e-01	-3.0504699942e+00
8.6831996011e-01	-3.0503856881e+00
8.6818703113e-01	-3.0503010510e+00
8.6805359536e-01	-3.0502161718e+00
8.6791965027e-01	-3.0501311252e+00
8.6778519316e-01	-3.0500459729e+00
8.6765022119e-01	-3.0499607648e+00
8.6751473161e-01	-3.0498755414e+00
8.6737872132e-01	-3.0497903344e+00
8.6724218743e-01	-3.0497051692e+00
8.6710512682e-01	-3.0496200658e+00
8.6696753636e-01	-3.0495350399e+00
8.6682941291e-01	-3.0494501045e+00
8.6669075326e-01	-3.0493652699e+00
8.6655155422e-01	-3.0492805452e+00
8.6641181247e-01	-3.0491959382e+00
8.6627152485e-01	-3.0491114561e+00
8.6613068801e-01	-3.0490271056e+00
8.6598929857e-01	-3.0489428921e+00
8.6584735285e-01	-3.0488588105e+00
8.6570484356e-01	-3.0487747428e+00
8.6556172593e-01	-3.0486893525e+00
8.6541759587e-01	-3.0485882951e+00
8.6539094242e-01	-3.0483683760e+00
8.6538129423e-01	-3.0482015368e+00
8.6537428821e-01	-3.0481488714e+00
8.6536746718e-01	-3.0481145262e+00
8.6536076853e-01	-3.0480918784e+00
8.6535409343e-01	-3.0480745388e+00
8.6534745512e-01	-3.0480601238e+00
8.6534087210e-01	-3.0480475672e+00
8.6533434956e-01	-3.0480363123e+00
8.6532786052e-01	-3.0480257770e+00
8.6532147960e-01	-3.0480165686e+00
8.6531531291e-01	-3.0480096574e+00
8.6530951585e-01	-3.0480065682e+00
8.6530443991e-01	-3.0480109003e+00
8.6530079442e-01	-3.0480299627e+00
8.6529987045e-01	-3.0480771714e+00
8.6530472028e-01	-3.0481837169e+00
8.6532203219e-01	-3.0484177032e+00
8.6535510746e-01	-3.0488020730e+00
8.6541274838e-01	-3.0494280391e+00
8.6551075868e-01	-3.0504504950e+00
8.6564027196e-01	-3.0521235384e+00
8.6544450658e-01	-3.0527160805e+00
8.6536108704e-01	-3.0526833901e+00
8.6527465077e-01	-3.0526452785e+00
8.6518625978e-01	-3.0526032817e+00
8.6509614930e-01	-3.0525586868e+00
8.6500421064e-01	-3.0525121865e+00
8.6490865460e-01	-3.0524639349e+00
8.6481180421e-01	-3.0524145037e+00
8.6471307526e-01	-3.0523639830e+00
8.6461069413e-01	-3.0523122523e+00
8.6450614134e-01	-3.0522596117e+00
8.6439661209e-01	-3.0522057484e+00
8.6428610988e-01	-3.0521512780e+00
8.6417521707e-01	-3.0520963325e+00
8.6406393207e-01	-3.0520409550e+00
8.6395223282e-01	-3.0519851799e+00
8.6383981585e-01	-3.0519289978e+00
8.6372679597e-01	-3.0518724535e+00
8.6361327040e-01	-3.0518155866e+00
8.6349925138e-01	-3.0517584223e+00
8.6338474821e-01	-3.0517009837e+00
8.6326977036e-01	-3.0516432924e+00
8.6315432212e-01	-3.0515853682e+00
8.6303837667e-01	-3.0515272255e+00
8.6292193847e-01	-3.0514688823e+00
8.6280501326e-01	-3.0514103562e+00
8.6268758620e-01	-3.0513516612e+00
8.6256963775e-01	-3.0512928097e+00
8.6245114231e-01	-3.0512338123e+00
8.6233207047e-01	-3.0511746777e+00
8.6221236214e-01	-3.0511154083e+00
8.6209188121e-01	-3.0510559933e+00
8.6197072391e-01	-3.0509964506e+00
8.6184913238e-01	-3.0509368131e+00
8.6172710455e-01	-3.0508770738e+00
8.6160463795e-01	-3.0508172168e+00
8.6148172976e-01	-3.0507572157e+00
8.6135837704e-01	-3.0506970311e+00
8.6123457582e-01	-3.0506366087e+00
8.6111032190e-01	-3.0505758773e+00
8.6098560989e-01	-3.0505147477e+00
8.6086043304e-01	-3.0504531122e+00
8.6073478518e-01	-3.0503908459e+00
8.6060866130e-01	-3.0503278094e+00
8.6048205551e-01	-3.0502638525e+00
8.6035496306e-01	-3.0501987217e+00
8.6022737968e-01	-3.0501318818e+00
8.6009930137e-01	-3.0500636585e+00
8.5997072485e-01	-3.0499939285e+00
8.5984164801e-01	-3.0499225963e+00
8.5971206897e-01	-3.0498496006e+00
8.5958198658e-01	-3.0497749191e+00
8.5945140011e-01	-3.0496985697e+00
8.5932030906e-01	-3.0496206095e+00
8.5918871295e-01	-3.0495411304e+00
8.5905661155e-01	-3.0494602520e+00
8.5892400419e-01	-3.0493781143e+00
8.5879089008e-01	-3.0492948688e+00
8.5865726819e-01	-3.0492106708e+00
8.5852313719e-01	-3.0491256723e+00
8.5838849551e-01	-3.0490400169e+00
8.5825334129e-01	-3.0489538357e+00
8.5811767244e-01	-3.0488672452e+00
8.5798148656e-01	-3.0487803464e+00
8.5784478135e-01	-3.0486932253e+00
8.5770755407e-01	-3.0486059532e+00
8.5756980193e-01	-3.0485185887e+00
8.5743152203e-01	-3.0484311788e+00
8.5729271141e-01	-3.0483437611e+00
8.5715336700e-01	-3.0482563650e+00
8.5701348567e-01	-3.0481690136e+00
8.5687306421e-01	-3.0480817251e+00
8.5673209945e-01	-3.0479945139e+00
8.5659058808e-01	-3.0479073912e+00
8.5644852685e-01	-3.0478203666e+00
8.5630591242e-01	-3.0477334481e+00
8.5616274134e-01	-3.0476466428e+00
8.5601901040e-01	-3.0475599572e+00
8.5587471611e-01	-3.0474733976e+00
8.5572985497e-01	-3.0473869689e+00
8.5558442312e-01	-3.0473006640e+00
8.5543841247e-01	-3.0472143483e+00
8.5529177037e-01	-3.0471265106e+00
8.5514402869e-01	-3.0470209587e+00
8.5512212819e-01	-3.0467877429e+00
8.5511245151e-01	-3.0466368644e+00
8.5510517182e-01	-3.0465846965e+00
8.5509808590e-01	-3.0465506358e+00
8.5509112787e-01	-3.0465279606e+00
8.5508418926e-01	-3.0465103450e+00
8.5507729226e-01	-3.0464955947e+00
8.5507045696e-01	-3.0464826835e+00
8.5506369099e-01	-3.0464710826e+00
8.5505696370e-01	-3.0464601813e+00
8.5505037229e-01	-3.0464507086e+00
8.5504404148e-01	-3.0464436672e+00
8.5503816500e-01	-3.0464407073e+00
8.5503319632e-01	-3.0464458039e+00
8.5503002706e-01	-3.0464668544e+00
8.5503031491e-01	-3.0465185323e+00
8.5503806350e-01	-3.0466362441e+00
8.5506166255e-01	-3.0468939790e+00
8.5510495139e-01	-3.0473168260e+00
8.5517893359e-01	-3.0480052131e+00
8.5530291709e-01	-3.0491304983e+00
8.5541539511e-01	-3.0509671045e+00
8.5524595772e-01	-3.0512907197e+00
8.5516046908e-01	-3.0512557960e+00
8.5507200715e-01	-3.0512153291e+00
8.5498177912e-01	-3.0511710282e+00
8.5488942111e-01	-3.0511241047e+00
8.5479450332e-01	-3.0510751937e+00
8.5469689401e-01	-3.0510246691e+00
8.5459736941e-01	-3.0509728861e+00
8.5449555484e-01	-3.0509199602e+00
8.5439036682e-01	-3.0508658615e+00
8.5428147686e-01	-3.0508106379e+00
8.5416889900e-01	-3.0507543664e+00
8.5405592296e-01	-3.0506975723e+00
8.5394254719e-01	-3.0506403065e+00
8.5382876988e-01	-3.0505826119e+00
8.5371440929e-01	-3.0505245001e+00
8.5359927855e-01	-3.0504659771e+00
8.5348359873e-01	-3.0504071030e+00
8.5336740717e-01	-3.0503479090e+00
8.5325071376e-01	-3.0502884201e+00
8.5313352697e-01	-3.0502286592e+00
8.5301584349e-01	-3.0501686462e+00
8.5289763836e-01	-3.0501083965e+00
8.5277893679e-01	-3.0500479321e+00
8.5265972926e-01	-3.0499872688e+00
8.5253999835e-01	-3.0499264211e+00
8.5241972339e-01	-3.0498654019e+00
8.5229887661e-01	-3.0498042225e+00
8.5217742568e-01	-3.0497428924e+00
8.5205530096e-01	-3.0496814143e+00
8.5193233769e-01	-3.0496197755e+00
8.5180869033e-01	-3.0495580058e+00
8.5168460131e-01	-3.0494961439e+00
8.5156006885e-01	-3.0494341888e+00
8.5143509053e-01	-3.0493721322e+00
8.5130966397e-01	-3.0493099574e+00
8.5118378676e-01	-3.0492476366e+00
8.5105745491e-01	-3.0491851287e+00
8.5093066374e-01	-3.0491223770e+00
8.5080340812e-01	-3.0490593078e+00
8.5067568085e-01	-3.0489958286e+00
8.5054747682e-01	-3.0489318289e+00
8.5041879014e-01	-3.0488671803e+00
8.5028961482e-01	-3.0488017406e+00
8.5015994600e-01	-3.0487349375e+00
8.5002977828e-01	-3.0486668656e+00
8.4989910700e-01	-3.0489135854e+00
8.5334277859e-01	-3.0494385129e+00
8.5322818609e-01	-3.0493845972e+00
8.5311314278e-01	-3.0493257059e+00
8.5299764674e-01	-3.0492628543e+00
8.5288169742e-01	-3.0491966701e+00
8.5276529428e-01	-3.0491275578e+00
8.5264843744e-01	-3.0490558122e+00
8.5253112730e-01	-3.0489816839e+00
8.5241336439e-01	-3.0489054082e+00
8.5229514909e-01	-3.0488272166e+00
8.5217648195e-01	-3.0487473395e+00
8.5205736296e-01	-3.0486660038e+00
8.5193779181e-01	-3.0485834274e+00
8.5181776810e-01	-3.0484998155e+00
8.5169729093e-01	-3.0484153565e+00
8.5157635906e-01	-3.0483302194e+00
8.5145497106e-01	-3.0482445522e+00
8.5133312517e-01	-3.0481584823e+00
8.5121081943e-01	-3.0480721170e+00
8.5108805168e-01	-3.0479855451e+00
8.5096481961e-01	-3.0478988391e+00
8.5084112069e-01	-3.0478120571e+00
8.5071695251e-01	-3.0477252453e+00
8.5059231233e-01	-3.0476384397e+00
8.5046719737e-01	-3.0475516686e+00
8.5034160496e-01	-3.0474649538e+00
8.5021553220e-01	-3.0473783123e+00
8.5008897621e-01	-3.0472917576e+00
8.4996193409e-01	-3.0472053004e+00
8.4983440287e-01	-3.0471189497e+00
8.4970637959e-01	-3.0470327133e+00
8.4957786113e-01	-3.0469465980e+00
8.4944884421e-01	-3.0468606102e+00
8.4931932549e-01	-3.0467747556e+00
8.4918930146e-01	-3.0466890352e+00
8.4905876683e-01	-3.0466033991e+00
8.4892769791e-01	-3.0465172505e+00
8.4879588507e-01	-3.0464241161e+00
8.4872635624e-01	-3.0462682461e+00
8.4871267050e-01	-3.0459897506e+00
8.4870590688e-01	-3.0459380551e+00
8.4869934291e-01	-3.0459042381e+00
8.4869291091e-01	-3.0458815590e+00
8.4868649439e-01	-3.0458637733e+00
8.4868012240e-01	-3.0458488119e+00
8.4867381810e-01	-3.0458356893e+00
8.4866759191e-01	-3.0458238980e+00
8.4866141194e-01	-3.0458128238e+00
8.4865539498e-01	-3.0458032780e+00
8.4864968828e-01	-3.0457963302e+00
8.4864452766e-01	-3.0457937775e+00
8.4864047199e-01	-3.0457999842e+00
8.4863859508e-01	-3.0458234918e+00
8.4864093377e-01	-3.0458807090e+00
8.4865279649e-01	-3.0460146715e+00
8.4868748343e-01	-3.0463335256e+00
8.4874843054e-01	-3.0468555587e+00
8.4885030125e-01	-3.0477050230e+00
8.4901847000e-01	-3.0490976395e+00
8.4895542442e-01	-3.0508884862e+00
8.4887903357e-01	-3.0508546873e+00
8.4879769565e-01	-3.0508147701e+00
8.4871425429e-01	-3.0507704647e+00
8.4862893462e-01	-3.0507232889e+00
8.4854218139e-01	-3.0506741370e+00
8.4845111145e-01	-3.0506230550e+00
8.4835820380e-01	-3.0505706705e+00
8.4826393517e-01	-3.0505172364e+00
8.4816511302e-01	-3.0504624326e+00
8.4806358511e-01	-3.0504066227e+00
8.4795720979e-01	-3.0503495821e+00
8.4785037449e-01	-3.0502919985e+00
8.4774316296e-01	-3.0502339374e+00
8.4763557336e-01	-3.0501754436e+00
8.4752735888e-01	-3.0501165210e+00
8.4741843415e-01	-3.0500571910e+00
8.4730899724e-01	-3.0499975116e+00
8.4719906433e-01	-3.0499375119e+00
8.4708864436e-01	-3.0498772172e+00
8.4697774293e-01	-3.0498166507e+00
8.4686636478e-01	-3.0497558336e+00
8.4675450910e-01	-3.0496947853e+00
8.4664213624e-01	-3.0496335187e+00
8.4652926338e-01	-3.0495720537e+00
8.4641587819e-01	-3.0495104056e+00
8.4630195405e-01	-3.0494485868e+00
8.4618746156e-01	-3.0493866085e+00
8.4607230810e-01	-3.0493244719e+00
8.4595636711e-01	-3.0492621720e+00
8.4583961406e-01	-3.0491997166e+00
8.4572242883e-01	-3.0491371687e+00
8.4560482946e-01	-3.0490745363e+00
8.4548681428e-01	-3.0490118198e+00
8.4536838126e-01	-3.0489490127e+00
8.4524952854e-01	-3.0488861004e+00
8.4513025366e-01	-3.0488230575e+00
8.4501055223e-01	-3.0487598455e+00
8.4489041874e-01	-3.0486964109e+00
8.4476984672e-01	-3.0486326829e+00
8.4464883163e-01	-3.0485685726e+00
8.4452736809e-01	-3.0485039719e+00
8.4440545028e-01	-3.0484387553e+00
8.4428307306e-01	-3.0483722360e+00
8.4416023076e-01	-3.0483047598e+00
8.4403691816e-01	-3.0482362031e+00
8.4391313040e-01	-3.0481664078e+00
8.4378886369e-01	-3.0480952267e+00
8.4366411464e-01	-3.0480225324e+00
8.4353888081e-01	-3.0479482260e+00
8.4341316050e-01	-3.0478722444e+00
8.4328695267e-01	-3.0477945648e+00
8.4316025675e-01	-3.0477152067e+00
8.4303307250e-01	-3.0476342299e+00
8.4290539980e-01	-3.0475517305e+00
8.4277723839e-01	-3.0474678324e+00
8.4264858810e-01	-3.0473826806e+00
8.4251944857e-01	-3.0472964315e+00
8.4238981890e-01	-3.0472092442e+00
8.4225969803e-01	-3.0471212737e+00
8.4212908458e-01	-3.0470326657e+00
8.4199797689e-01	-3.0469435521e+00
8.4186637305e-01	-3.0468540496e+00
8.4173427089e-01	-3.0467642585e+00
8.4160166805e-01	-3.0466742633e+00
8.4146856199e-01	-3.0465841336e+00
8.4133494996e-01	-3.0464939256e+00
8.4120082930e-01	-3.0464036842e+00
8.4106619705e-01	-3.0463134446e+00
8.4093105013e-01	-3.0462232340e+00
8.4079538564e-01	-3.0461330734e+00
8.4065920041e-01	-3.0460429789e+00
8.4052249129e-01	-3.0459529631e+00
8.4038525509e-01	-3.0458630357e+00
8.4024748859e-01	-3.0457732049e+00
8.4010918854e-01	-3.0456834774e+00
8.3997035167e-01	-3.0455938592e+00
8.3983097436e-01	-3.0455043561e+00
8.3969105285e-01	-3.0454149733e+00
8.3955058347e-01	-3.0453257155e+00
8.3940956214e-01	-3.0452365801e+00
8.3926798201e-01	-3.0451474856e+00
8.3912580716e-01	-3.0450574986e+00
8.3898271620e-01	-3.0449565540e+00
8.3893077616e-01	-3.0447648881e+00
8.3891815079e-01	-3.0445377195e+00
8.3891081148e-01	-3.0444864859e+00
8.3890367818e-01	-3.0444528823e+00
8.3889668077e-01	-3.0444300882e+00
8.3888969342e-01	-3.0444119361e+00
8.3888275624e-01	-3.0443965578e+00
8.3887589384e-01	-3.0443828931e+00
8.3886911774e-01	-3.0443705522e+00
8.3886239116e-01	-3.0443589174e+00
8.3885585558e-01	-3.0443489522e+00
8.3884967418e-01	-3.0443417806e+00
8.3884412188e-01	-3.0443393888e+00
8.3883985878e-01	-3.0443466487e+00
8.3883813322e-01	-3.0443729546e+00
8.3884131858e-01	-3.0444355157e+00
8.3885542778e-01	-3.0445789428e+00
8.3889225093e-01	-3.0448912119e+00
8.3895668059e-01	-3.0454022381e+00
8.3906450242e-01	-3.0462337238e+00
8.3924241426e-01	-3.0475953777e+00
8.3920250266e-01	-3.0494915821e+00
8.3911631391e-01	-3.0494547668e+00
8.3902495327e-01	-3.0494116075e+00
8.3893154509e-01	-3.0493639660e+00
8.3883596453e-01	-3.0493133735e+00
8.3873833447e-01	-3.0492606998e+00
8.3863700002e-01	-3.0492061673e+00
8.3853333083e-01	-3.0491502527e+00
8.3842745080e-01	-3.0490931604e+00
8.3831807645e-01	-3.0490348390e+00
8.3820380171e-01	-3.0489751866e+00
8.3808652906e-01	-3.0489145588e+00
8.3796884870e-01	-3.0488533957e+00
8.3785075867e-01	-3.0487917510e+00
8.3773221100e-01	-3.0487296631e+00
8.3761281687e-01	-3.0486671146e+00
8.3749277357e-01	-3.0486041681e+00
8.3737218670e-01	-3.0485408687e+00
8.3725107094e-01	-3.0484772453e+00
8.3712943168e-01	-3.0484133230e+00
8.3700726749e-01	-3.0483491239e+00
8.3688455034e-01	-3.0482846646e+00
8.3676130105e-01	-3.0482199677e+00
8.3663751029e-01	-3.0481550502e+00
8.3651315973e-01	-3.0480899272e+00
8.3638822103e-01	-3.0480246114e+00
8.3626266072e-01	-3.0479591144e+00
8.3613640236e-01	-3.0478934402e+00
8.3600929584e-01	-3.0478275815e+00
8.3588125994e-01	-3.0477615396e+00
8.3575273978e-01	-3.0476953907e+00
8.3562377175e-01	-3.0476291493e+00
8.3549435422e-01	-3.0475628204e+00
8.3536448540e-01	-3.0474964042e+00
8.3523416384e-01	-3.0474298941e+00
8.3510338701e-01	-3.0473632751e+00
8.3497215034e-01	-3.0472965208e+00
8.3484044776e-01	-3.0472295920e+00
8.3470827369e-01	-3.0471624342e+00
8.3457562370e-01	-3.0470949755e+00
8.3444249211e-01	-3.0470271255e+00
8.3430887367e-01	-3.0469585620e+00
8.3417476243e-01	-3.0468889898e+00
8.3404015244e-01	-3.0468186373e+00
8.3390503811e-01	-3.0467473477e+00
8.3376941391e-01	-3.0466749587e+00
8.3363327468e-01	-3.0466013106e+00
8.3349661611e-01	-3.0465262551e+00
8.3335943472e-01	-3.0464496646e+00
8.3322172771e-01	-3.0463714412e+00
8.3308349337e-01	-3.0462915238e+00
8.3294473067e-01	-3.0462098931e+00
8.3280543879e-01	-3.0461265721e+00
8.3266561740e-01	-3.0460416252e+00
8.3252526629e-01	-3.0459551529e+00
8.3238438512e-01	-3.0458672833e+00
8.3224297375e-01	-3.0457781649e+00
8.3210103148e-01	-3.0456879568e+00
8.3195855728e-01	-3.0455968197e+00
8.3181555007e-01	-3.0455049097e+00
8.3167200843e-01	-3.0454123722e+00
8.3152793043e-01	-3.0453193385e+00
8.3138331397e-01	-3.0452259240e+00
8.3123815658e-01	-3.0451322272e+00
8.3109245593e-01	-3.0450383306e+00
8.3094620915e-01	-3.0449443018e+00
8.3079941335e-01	-3.0448501950e+00
8.3065206542e-01	-3.0447560531e+00
8.3050416242e-01	-3.0446619093e+00
8.3035570101e-01	-3.0445677893e+00
8.3020667798e-01	-3.0444737126e+00
8.3005708996e-01	-3.0443796940e+00
8.2990693358e-01	-3.0442857448e+00
8.2975620542e-01	-3.0441918740e+00
8.2960490196e-01	-3.0440980887e+00
8.2945301905e-01	-3.0440043950e+00
8.2930055298e-01	-3.0439107984e+00
8.2914749982e-01	-3.0438173040e+00
8.2899385553e-01	-3.0437239166e+00
8.2883961585e-01	-3.0436306407e+00
8.2868477666e-01	-3.0435374734e+00
8.2852933227e-01	-3.0434443354e+00
8.2837324687e-01	-3.0433503156e+00
8.2821619430e-01	-3.0432455862e+00
8.2815495259e-01	-3.0431365872e+00
8.2814646542e-01	-3.0430818928e+00
8.2813791406e-01	-3.0430121750e+00
8.2812941203e-01	-3.0429330984e+00
8.2812101742e-01	-3.0428556226e+00
8.2811278849e-01	-3.0427918728e+00
8.2810481308e-01	-3.0427482162e+00
8.2809702085e-01	-3.0427194162e+00
8.2808932437e-01	-3.0426985453e+00
8.2808162220e-01	-3.0426809300e+00
8.2807399916e-01	-3.0426657449e+00
8.2806646057e-01	-3.0426521484e+00
8.2805900257e-01	-3.0426396483e+00
8.2805164409e-01	-3.0426281093e+00
8.2804457705e-01	-3.0426188177e+00
8.2803801696e-01	-3.0426131926e+00
8.2803241773e-01	-3.0426143255e+00
8.2802880374e-01	-3.0426294047e+00
8.2802904328e-01	-3.0426715669e+00
8.2803711168e-01	-3.0427687137e+00
8.2806299459e-01	-3.0429888863e+00
8.2811030721e-01	-3.0433512256e+00
8.2819069627e-01	-3.0439408544e+00
8.2832409155e-01	-3.0448998096e+00
8.2853664350e-01	-3.0464702557e+00
8.2844538818e-01	-3.0479166131e+00
8.2835497363e-01	-3.0478769033e+00
8.2825966377e-01	-3.0478307253e+00
8.2816234336e-01	-3.0477801710e+00
8.2806277888e-01	-3.0477267354e+00
8.2796005907e-01	-3.0476710992e+00
8.2785428559e-01	-3.0476137189e+00
8.2774645318e-01	-3.0475550103e+00
8.2763479082e-01	-3.0474948924e+00
8.2752024500e-01	-3.0474336365e+00
8.2739972507e-01	-3.0473708849e+00
8.2727803965e-01	-3.0473074283e+00
8.2715593023e-01	-3.0472434404e+00
8.2703339476e-01	-3.0471789743e+00
8.2691015004e-01	-3.0471140329e+00
8.2678606149e-01	-3.0470486349e+00
8.2666137698e-01	-3.0469828504e+00
8.2653612325e-01	-3.0469167132e+00
8.2641030484e-01	-3.0468502505e+00
8.2628392204e-01	-3.0467834864e+00
8.2615698421e-01	-3.0467164445e+00
8.2602948613e-01	-3.0466491446e+00
8.2590141564e-01	-3.0465816044e+00
8.2577275365e-01	-3.0465138395e+00
8.2564346976e-01	-3.0464458628e+00
8.2551352649e-01	-3.0463776858e+00
8.2538285409e-01	-3.0463093142e+00
8.2525127296e-01	-3.0462407365e+00
8.2511867897e-01	-3.0461719516e+00
8.2498557851e-01	-3.0461030482e+00
8.2485201480e-01	-3.0460340441e+00
8.2471798667e-01	-3.0459649479e+00
8.2458349237e-01	-3.0458957642e+00
8.2444853087e-01	-3.0458264924e+00
8.2431309940e-01	-3.0457571248e+00
8.2417719338e-01	-3.0456876446e+00
8.2404080581e-01	-3.0456180234e+00
8.2390393223e-01	-3.0455482200e+00
8.2376656833e-01	-3.0454781770e+00
8.2362870830e-01	-3.0454078200e+00
8.2349034730e-01	-3.0453365434e+00
8.2335147963e-01	-3.0452646509e+00
8.2321209901e-01	-3.0451920993e+00
8.2307219907e-01	-3.0451187397e+00
8.2293177381e-01	-3.0450444123e+00
8.2279081746e-01	-3.0449689525e+00
8.2264932516e-01	-3.0448922002e+00
8.2250729206e-01	-3.0448140074e+00
8.2236471489e-01	-3.0447342494e+00
8.2222159080e-01	-3.0446528327e+00
8.2207791778e-01	-3.0445697024e+00
8.2193369469e-01	-3.0444848463e+00
8.2178892109e-01	-3.0443982961e+00
8.2164359667e-01	-3.0443101243e+00
8.2149772107e-01	-3.0442204388e+00
8.2135129401e-01	-3.0441293742e+00
8.2120431513e-01	-3.0440370836e+00
8.2105678372e-01	-3.0439437292e+00
8.2090869880e-01	-3.0438494732e+00
8.2076005907e-01	-3.0437544714e+00
8.2061086287e-01	-3.0436588677e+00
8.2046110824e-01	-3.0435627911e+00
8.2031079293e-01	-3.0434663539e+00
8.2015991444e-01	-3.0433696513e+00
8.2000847004e-01	-3.0432727624e+00
8.1985645682e-01	-3.0431757512e+00
8.1970387161e-01	-3.0430786687e+00
8.1955071142e-01	-3.0429815551e+00
8.1939697284e-01	-3.0428844409e+00
8.1924265241e-01	-3.0427873495e+00
8.1908774686e-01	-3.0426902986e+00
8.1893225258e-01	-3.0425933014e+00
8.1877616587e-01	-3.0424963678e+00
8.1861948224e-01	-3.0423995057e+00
8.1846219784e-01	-3.0423027212e+00
8.1830430857e-01	-3.0422060199e+00
8.1814581010e-01	-3.0421094065e+00
8.1798669821e-01	-3.0420128856e+00
8.1782696981e-01	-3.0419164621e+00
8.1766662149e-01	-3.0418201399e+00
8.1750564885e-01	-3.0417239141e+00
8.1734404337e-01	-3.0416276834e+00
8.1718176031e-01	-3.0415303067e+00
8.1701839052e-01	-3.0414195070e+00
8.1696827408e-01	-3.0413175205e+00
8.1695935123e-01	-3.0412609319e+00
8.1695036892e-01	-3.0411893348e+00
8.1694144464e-01	-3.0411087690e+00
8.1693262723e-01	-3.0410304494e+00
8.1692399517e-01	-3.0409674734e+00
8.1691562654e-01	-3.0409248652e+00
8.1690744498e-01	-3.0408965256e+00
8.1689935082e-01	-3.0408755319e+00
8.1689125861e-01	-3.0408576664e+00
8.1688325363e-01	-3.0408421519e+00
8.1687534522e-01	-3.0408282271e+00
8.1686752391e-01	-3.0408153689e+00
8.1685984634e-01	-3.0408037130e+00
8.1685252998e-01	-3.0407946276e+00
8.1684584997e-01	-3.0407898346e+00
8.1684041555e-01	-3.0407932374e+00
8.1683753689e-01	-3.0408134813e+00
8.1683963528e-01	-3.0408665180e+00
8.1685220333e-01	-3.0409884767e+00
8.1688810365e-01	-3.0412625522e+00
8.1695179765e-01	-3.0417098446e+00
8.1705874138e-01	-3.0424368842e+00
8.1723535099e-01	-3.0436215017e+00
8.1748546105e-01	-3.0455614915e+00
8.1731110153e-01	-3.0462483307e+00
8.1721806568e-01	-3.0462054772e+00
8.1712046353e-01	-3.0461561665e+00
8.1702069252e-01	-3.0461026734e+00
8.1691909304e-01	-3.0460464975e+00
8.1681283582e-01	-3.0459879611e+00
8.1670415910e-01	-3.0459278125e+00
8.1659368776e-01	-3.0458663996e+00
8.1647819089e-01	-3.0458034058e+00
8.1635874427e-01	-3.0457391202e+00
8.1623491096e-01	-3.0456735732e+00
8.1611064710e-01	-3.0456074407e+00
8.1598594957e-01	-3.0455407849e+00
8.1586073622e-01	-3.0454736454e+00
8.1573452667e-01	-3.0454059935e+00
8.1560763030e-01	-3.0453379138e+00
8.1548013566e-01	-3.0452694529e+00
8.1535205402e-01	-3.0452006416e+00
8.1522338933e-01	-3.0451315068e+00
8.1509414586e-01	-3.0450620730e+00
8.1496431988e-01	-3.0449923616e+00
8.1483389610e-01	-3.0449223906e+00
8.1470285477e-01	-3.0448521764e+00
8.1457116317e-01	-3.0447817323e+00
8.1443877981e-01	-3.0447110694e+00
8.1430563924e-01	-3.0446401945e+00
8.1417152902e-01	-3.0445690913e+00
8.1403633117e-01	-3.0444977570e+00
8.1390061507e-01	-3.0444262929e+00
8.1376442819e-01	-3.0443547195e+00
8.1362776930e-01	-3.0442830476e+00
8.1349063707e-01	-3.0442112853e+00
8.1335303049e-01	-3.0441394364e+00
8.1321494734e-01	-3.0440674989e+00
8.1307638153e-01	-3.0439954631e+00
8.1293732626e-01	-3.0439233097e+00
8.1279777796e-01	-3.0438510084e+00
8.1265773216e-01	-3.0437785149e+00
8.1251718400e-01	-3.0437055579e+00
8.1237612849e-01	-3.0436318617e+00
8.1223455988e-01	-3.0435577320e+00
8.1209247205e-01	-3.0434830496e+00
8.1194985862e-01	-3.0434076770e+00
8.1180671316e-01	-3.0433314610e+00
8.1166302953e-01	-3.0432542386e+00
8.1151880154e-01	-3.0431758432e+00
8.1137402423e-01	-3.0430961143e+00
8.1122869297e-01	-3.0430149063e+00
8.1108280421e-01	-3.0429320987e+00
8.1093635531e-01	-3.0428476047e+00
8.1078934431e-01	-3.0427613779e+00
8.1064177043e-01	-3.0426734162e+00
8.1049363293e-01	-3.0425837614e+00
8.1034493152e-01	-3.0424924959e+00
8.1019566602e-01	-3.0423997366e+00
8.1004583604e-01	-3.0423056250e+00
8.0989544131e-01	-3.0422103194e+00
8.0974448110e-01	-3.0421139848e+00
8.0959295449e-01	-3.0420167841e+00
8.0944085996e-01	-3.0419188720e+00
8.0928819578e-01	-3.0418203902e+00
8.0913495987e-01	-3.0417214641e+00
8.0898114985e-01	-3.0416222020e+00
8.0882676312e-01	-3.0415226950e+00
8.0867179671e-01	-3.0414230178e+00
8.0851624769e-01	-3.0413232307e+00
8.0836011288e-01	-3.0412233809e+00
8.0820338904e-01	-3.0411235052e+00
8.0804607263e-01	-3.0410236314e+00
8.0788816018e-01	-3.0409237805e+00
8.0772964744e-01	-3.0408239680e+00
8.0757053013e-01	-3.0407242054e+00
8.0741080421e-01	-3.0406245013e+00
8.0725046533e-01	-3.0405248624e+00
8.0708950918e-01	-3.0404252942e+00
8.0692793197e-01	-3.0403258016e+00
8.0676573084e-01	-3.0402263891e+00
8.0660290182e-01	-3.0401270611e+00
8.0643944030e-01	-3.0400278217e+00
8.0627534228e-01	-3.0399286743e+00
8.0611060488e-01	-3.0398296099e+00
8.0594522171e-01	-3.0397304830e+00
8.0577913200e-01	-3.0396296697e+00
8.0561176373e-01	-3.0395097833e+00
8.0558320320e-01	-3.0394235248e+00
8.0557392385e-01	-3.0393643193e+00
8.0556459115e-01	-3.0392898579e+00
8.0555533387e-01	-3.0392078162e+00
8.0554618652e-01	-3.0391296182e+00
8.0553724632e-01	-3.0390680078e+00
8.0552857729e-01	-3.0390265270e+00
8.0552009784e-01	-3.0389986454e+00
8.0551169267e-01	-3.0389774833e+00
8.0550329785e-01	-3.0389593338e+00
8.0549499726e-01	-3.0389434506e+00
8.0548680351e-01	-3.0389291458e+00
8.0547869598e-01	-3.0389158375e+00
8.0547077183e-01	-3.0389039338e+00
8.0546326678e-01	-3.0388948284e+00
8.0545650613e-01	-3.0388904652e+00
8.0545124245e-01	-3.0388954198e+00
8.0544902618e-01	-3.0389194109e+00
8.0545277468e-01	-3.0389806369e+00
8.0546952967e-01	-3.0391229703e+00
8.0551460641e-01	-3.0394413731e+00
8.0559329221e-01	-3.0399579280e+00
8.0572610061e-01	-3.0407973036e+00
8.0594554009e-01	-3.0421672360e+00
8.0612419211e-01	-3.0443960252e+00
8.0599144213e-01	-3.0445126111e+00
8.0589591060e-01	-3.0444667180e+00
8.0579607379e-01	-3.0444144020e+00
8.0569391228e-01	-3.0443580296e+00
8.0558975102e-01	-3.0442990385e+00
8.0548062159e-01	-3.0442376751e+00
8.0536909969e-01	-3.0441747272e+00
8.0525463512e-01	-3.0441103521e+00
8.0513657140e-01	-3.0440446152e+00
8.0501187259e-01	-3.0439771684e+00
8.0488546665e-01	-3.0439088705e+00
8.0475862038e-01	-3.0438399935e+00
8.0463133067e-01	-3.0437705983e+00
8.0450319574e-01	-3.0437006740e+00
8.0437415246e-01	-3.0436302542e+00
8.0424444218e-01	-3.0435594136e+00
8.0411412391e-01	-3.0434881942e+00
8.0398320139e-01	-3.0434166254e+00
8.0385167514e-01	-3.0433447334e+00
8.0371954273e-01	-3.0432725412e+00
8.0358676738e-01	-3.0432000651e+00
8.0345336133e-01	-3.0431273273e+00
8.0331929890e-01	-3.0430543429e+00
8.0318450358e-01	-3.0429811181e+00
8.0304892875e-01	-3.0429076631e+00
8.0291233441e-01	-3.0428339571e+00
8.0277454864e-01	-3.0427599892e+00
8.0263621152e-01	-3.0426858748e+00
8.0249739576e-01	-3.0426116399e+00
8.0235810056e-01	-3.0425372974e+00
8.0221832467e-01	-3.0424628577e+00
8.0207806796e-01	-3.0423883286e+00
8.0193732699e-01	-3.0423137127e+00
8.0179609535e-01	-3.0422390066e+00
8.0165436701e-01	-3.0421641990e+00
8.0151213854e-01	-3.0420892692e+00
8.0136940525e-01	-3.0420141851e+00
8.0122616323e-01	-3.0419384232e+00
8.0108240751e-01	-3.0418622366e+00
8.0093813237e-01	-3.0417857005e+00
8.0079333233e-01	-3.0417087120e+00
8.0064800053e-01	-3.0416311476e+00
8.0050213054e-01	-3.0415528660e+00
8.0035571587e-01	-3.0414737106e+00
8.0020874957e-01	-3.0413935149e+00
8.0006122589e-01	-3.0413121110e+00
7.9991313960e-01	-3.0412293381e+00
7.9976448600e-01	-3.0415363277e+00
8.0096779700e-01	-3.0419070679e+00
8.0088370289e-01	-3.0417774208e+00
8.0080108263e-01	-3.0416531428e+00
8.0071977449e-01	-3.0415434841e+00
8.0063983734e-01	-3.0414485348e+00
8.0056142576e-01	-3.0413656407e+00
8.0048475039e-01	-3.0412921169e+00
8.0041006389e-01	-3.0412258602e+00
8.0033765588e-01	-3.0411653583e+00
8.0026785088e-01	-3.0411095723e+00
8.0020100739e-01	-3.0410578186e+00
8.0013751697e-01	-3.0410096738e+00
8.0007780293e-01	-3.0409649043e+00
8.0002231857e-01	-3.0409234125e+00
7.9997154819e-01	-3.0408851980e+00
7.9992602054e-01	-3.0408503277e+00
7.9988630400e-01	-3.0408189110e+00
7.9985062982e-01	-3.0407907023e+00
7.9971481540e-01	-3.0407494794e+00
7.9957300643e-01	-3.0407094891e+00
7.9942952311e-01	-3.0406718653e+00
7.9928491642e-01	-3.0406355772e+00
7.9913945041e-01	-3.0405919019e+00
7.9899324387e-01	-3.0405339666e+00
7.9884621975e-01	-3.0404592101e+00
7.9873173686e-01	-3.0403384690e+00
7.9872326468e-01	-3.0402911371e+00
7.9871472941e-01	-3.0402283774e+00
7.9870623492e-01	-3.0401536450e+00
7.9869788380e-01	-3.0400784560e+00
7.9868959057e-01	-3.0400119888e+00
7.9868155249e-01	-3.0399650413e+00
7.9867370904e-01	-3.0399334231e+00
7.9866599749e-01	-3.0399106153e+00
7.9865825037e-01	-3.0398911798e+00
7.9865058185e-01	-3.0398742987e+00
7.9864301503e-01	-3.0398591640e+00
7.9863557329e-01	-3.0398454179e+00
7.9862820619e-01	-3.0398324003e+00
7.9862118878e-01	-3.0398217096e+00
7.9861478259e-01	-3.0398147996e+00
7.9860951760e-01	-3.0398147470e+00
7.9860664961e-01	-3.0398290196e+00
7.9860850137e-01	-3.0398715271e+00
7.9861978795e-01	-3.0399704657e+00
7.9865325670e-01	-3.0402021385e+00
7.9871303822e-01	-3.0405855467e+00
7.9881475177e-01	-3.0412117536e+00
7.9898242419e-01	-3.0422347109e+00
7.9911555548e-01	-3.0438823629e+00
7.9896861259e-01	-3.0441278273e+00
7.9888581840e-01	-3.0440822345e+00
7.9879691911e-01	-3.0440297673e+00
7.9870552923e-01	-3.0439731415e+00
7.9861201680e-01	-3.0439138498e+00
7.9851416147e-01	-3.0438522674e+00
7.9841307679e-01	-3.0437889621e+00
7.9830891708e-01	-3.0437242034e+00
7.9820099736e-01	-3.0436580532e+00
7.9808658127e-01	-3.0435902083e+00
7.9797050504e-01	-3.0435215190e+00
7.9785402877e-01	-3.0434522582e+00
7.9773712175e-01	-3.0433824833e+00
7.9761920125e-01	-3.0433121546e+00
7.9750053732e-01	-3.0432413583e+00
7.9738127226e-01	-3.0431701540e+00
7.9726141789e-01	-3.0430985765e+00
7.9714097814e-01	-3.0430266554e+00
7.9701995692e-01	-3.0429544175e+00
7.9689834521e-01	-3.0428818850e+00
7.9677612706e-01	-3.0428090774e+00
7.9665327729e-01	-3.0427360109e+00
7.9652975837e-01	-3.0426626990e+00
7.9640547063e-01	-3.0425891441e+00
7.9628026052e-01	-3.0425153396e+00
7.9615377866e-01	-3.0424412473e+00
7.9602666363e-01	-3.0423669837e+00
7.9589911583e-01	-3.0422925961e+00
7.9577113528e-01	-3.0422180992e+00
7.9564272191e-01	-3.0421435061e+00
7.9551387562e-01	-3.0420688274e+00
7.9538459260e-01	-3.0419940700e+00
7.9525486634e-01	-3.0419192360e+00
7.9512469212e-01	-3.0418443219e+00
7.9499406718e-01	-3.0417693165e+00
7.9486298775e-01	-3.0416941995e+00
7.9473145019e-01	-3.0416182929e+00
7.9459945051e-01	-3.0415421836e+00
7.9446698386e-01	-3.0414658168e+00
7.9433404507e-01	-3.0413891087e+00
7.9420062837e-01	-3.0413119549e+00
7.9406672809e-01	-3.0412342312e+00
7.9393233759e-01	-3.0411557939e+00
7.9379745109e-01	-3.0410764849e+00
7.9366206235e-01	-3.0409961360e+00
7.9352616605e-01	-3.0409145774e+00
7.9338975708e-01	-3.0408316466e+00
7.9325283134e-01	-3.0407471988e+00
7.9311538569e-01	-3.0406611169e+00
7.9297741789e-01	-3.0405733206e+00
7.9283892655e-01	-3.0404837722e+00
7.9269991077e-01	-3.0403924803e+00
7.9256037033e-01	-3.0402994985e+00
7.9242030538e-01	-3.0402049211e+00
7.9227971598e-01	-3.0401088758e+00
7.9213860168e-01	-3.0400115131e+00
7.9199696248e-01	-3.0399129981e+00
7.9185479756e-01	-3.0398134999e+00
7.9171210588e-01	-3.0397131833e+00
7.9156888607e-01	-3.0396122023e+00
7.9142513642e-01	-3.0395106966e+00
7.9128085487e-01	-3.0394087881e+00
7.9113603909e-01	-3.0393065807e+00
7.9099068654e-01	-3.0392041606e+00
7.9084479445e-01	-3.0391015976e+00
7.9069835975e-01	-3.0389989469e+00
7.9055137871e-01	-3.0388962515e+00
7.9040384729e-01	-3.0387935437e+00
7.9025576175e-01	-3.0386908477e+00
7.9010711803e-01	-3.0385881811e+00
7.8995791209e-01	-3.0384855571e+00
7.8980814142e-01	-3.0383829850e+00
7.8965780251e-01	-3.0382804719e+00
7.8950689148e-01	-3.0381780231e+00
7.8935540380e-01	-3.0380756431e+00
7.8920333602e-01	-3.0379733357e+00
7.8905068819e-01	-3.0378711053e+00
7.8889746093e-01	-3.0377689565e+00
7.8874365381e-01	-3.0376668938e+00
7.8858925999e-01	-3.0375649192e+00
7.8843426925e-01	-3.0374630183e+00
7.8827867050e-01	-3.0373605173e+00
7.8812238588e-01	-3.0372554167e+00
7.8796472527e-01	-3.0371259275e+00
7.8794944276e-01	-3.0370465906e+00
7.8794030712e-01	-3.0369840070e+00
7.8793115149e-01	-3.0369066406e+00
7.8792210306e-01	-3.0368232598e+00
7.8791315942e-01	-3.0367453523e+00
7.8790441919e-01	-3.0366852549e+00
7.8789593207e-01	-3.0366448094e+00
7.8788762105e-01	-3.0366170849e+00
7.8787935854e-01	-3.0365953552e+00
7.8787111147e-01	-3.0365765045e+00
7.8786296847e-01	-3.0365598564e+00
7.8785494840e-01	-3.0365448004e+00
7.8784701481e-01	-3.0365306749e+00
7.8783932418e-01	-3.0365182140e+00
7.8783214841e-01	-3.0365088812e+00
7.8782589709e-01	-3.0365049327e+00
7.8782155600e-01	-3.0365118866e+00
7.8782107692e-01	-3.0365409696e+00
7.8782820933e-01	-3.0366136137e+00
7.8785260653e-01	-3.0367849393e+00
7.8791173920e-01	-3.0371540383e+00
7.8801268350e-01	-3.0377524215e+00
7.8817940063e-01	-3.0387196709e+00
7.8845258284e-01	-3.0402988538e+00
7.8851999146e-01	-3.0424900733e+00
7.8842390028e-01	-3.0424426930e+00
7.8832229035e-01	-3.0423879701e+00
7.8821702215e-01	-3.0423280815e+00
7.8810944743e-01	-3.0422650701e+00
7.8799753448e-01	-3.0421995420e+00
7.8788190741e-01	-3.0421320801e+00
7.8776344007e-01	-3.0420631117e+00
7.8764060126e-01	-3.0419925841e+00
7.8751123334e-01	-3.0419202908e+00
7.8737968789e-01	-3.0418470317e+00
7.8724768597e-01	-3.0417731644e+00
7.8711518466e-01	-3.0416987490e+00
7.8698154080e-01	-3.0416237380e+00
7.8684708345e-01	-3.0415482304e+00
7.8671194647e-01	-3.0414722875e+00
7.8657614002e-01	-3.0413959454e+00
7.8643966682e-01	-3.0413192348e+00
7.8630253114e-01	-3.0412421836e+00
7.8616472005e-01	-3.0411648142e+00
7.8602621815e-01	-3.0410871467e+00
7.8588699658e-01	-3.0410091974e+00
7.8574696079e-01	-3.0409309705e+00
7.8560603707e-01	-3.0408524727e+00
7.8546390303e-01	-3.0407736698e+00
7.8532050994e-01	-3.0406945711e+00
7.8517660295e-01	-3.0406153130e+00
7.8503220154e-01	-3.0405359148e+00
7.8488730550e-01	-3.0404563918e+00
7.8474191556e-01	-3.0403767576e+00
7.8459602920e-01	-3.0402970234e+00
7.8444964010e-01	-3.0402171967e+00
7.8430274125e-01	-3.0401372811e+00
7.8415532978e-01	-3.0400572750e+00
7.8400740192e-01	-3.0399771704e+00
7.8385895423e-01	-3.0398964069e+00
7.8370998276e-01	-3.0398153660e+00
7.8356048290e-01	-3.0397341379e+00
7.8341044965e-01	-3.0396526635e+00
7.8325987772e-01	-3.0395708652e+00
7.8310876099e-01	-3.0394886450e+00
7.8295709287e-01	-3.0394058839e+00
7.8280486695e-01	-3.0393224435e+00
7.8265207662e-01	-3.0392381683e+00
7.8249871483e-01	-3.0391528904e+00
7.8234477563e-01	-3.0390664376e+00
7.8219025310e-01	-3.0389786415e+00
7.8203514232e-01	-3.0388893480e+00
7.8187943931e-01	-3.0387984276e+00
7.8172314103e-01	-3.0387057856e+00
7.8156624536e-01	-3.0386113687e+00
7.8140875091e-01	-3.0385151701e+00
7.8125065689e-01	-3.0384172294e+00
7.8109196279e-01	-3.0383176294e+00
7.8093266810e-01	-3.0382164894e+00
7.8077277273e-01	-3.0381139559e+00
7.8061227571e-01	-3.0380101924e+00
7.8045117627e-01	-3.0379053695e+00
7.8028947326e-01	-3.0377996562e+00
7.8012716471e-01	-3.0376932118e+00
7.7996424875e-01	-3.0375861821e+00
7.7980072312e-01	-3.0374786955e+00
7.7963658498e-01	-3.0373708621e+00
7.7947183138e-01	-3.0372627734e+00
7.7930645856e-01	-3.0371545041e+00
7.7914046200e-01	-3.0370461131e+00
7.7897383768e-01	-3.0369376463e+00
7.7880658121e-01	-3.0368291385e+00
7.7863868789e-01	-3.0367206154e+00
7.7847015511e-01	-3.0366120965e+00
7.7830097899e-01	-3.0365035954e+00
7.7813115501e-01	-3.0363951216e+00
7.7796067819e-01	-3.0362866822e+00
7.7778954428e-01	-3.0361782824e+00
7.7761775268e-01	-3.0360699269e+00
7.7744530343e-01	-3.0359616202e+00
7.7727219618e-01	-3.0358533662e+00
7.7709842630e-01	-3.0357451685e+00
7.7692398166e-01	-3.0356370292e+00
7.7674885750e-01	-3.0355288171e+00
7.7657305033e-01	-3.0354198804e+00
7.7639655322e-01	-3.0353109228e+00
7.7621932738e-01	-3.0352010301e+00
7.7604102492e-01	-3.0350803380e+00
7.7596071566e-01	-3.0349463072e+00
7.7595051265e-01	-3.0348827461e+00
7.7594028624e-01	-3.0348040895e+00
7.7593016990e-01	-3.0347191375e+00
7.7592016851e-01	-3.0346397906e+00
7.7591037098e-01	-3.0345782602e+00
7.7590084103e-01	-3.0345367118e+00
7.7589149778e-01	-3.0345080770e+00
7.7588220646e-01	-3.0344855161e+00
7.7587292931e-01	-3.0344658550e+00
7.7586376383e-01	-3.0344484429e+00
7.7585473046e-01	-3.0344326620e+00
7.7584578778e-01	-3.0344178127e+00
7.7583711102e-01	-3.0344047001e+00
7.7582906997e-01	-3.0343954180e+00
7.7582210438e-01	-3.0343919523e+00
7.7581739545e-01	-3.0344008148e+00
7.7581724092e-01	-3.0344346602e+00
7.7582611241e-01	-3.0345179596e+00
7.7585583605e-01	-3.0347153380e+00
7.7592204401e-01	-3.0351097105e+00
7.7603460513e-01	-3.0357488396e+00
7.7622031020e-01	-3.0367794570e+00
7.7652461574e-01	-3.0384623465e+00
7.7658609295e-01	-3.0405608163e+00
7.7648640046e-01	-3.0405105534e+00
7.7638071818e-01	-3.0404526945e+00
7.7627144346e-01	-3.0403896581e+00
7.7615969277e-01	-3.0403234763e+00
7.7604319299e-01	-3.0402547021e+00
7.7592319403e-01	-3.0401840196e+00
7.7579929052e-01	-3.0401116479e+00
7.7567107848e-01	-3.0400377117e+00
7.7553609195e-01	-3.0399619442e+00
7.7540009065e-01	-3.0398853949e+00
7.7526361611e-01	-3.0398082352e+00
7.7512639914e-01	-3.0397304880e+00
7.7498799380e-01	-3.0396521353e+00
7.7484879099e-01	-3.0395732877e+00
7.7470888921e-01	-3.0394940010e+00
7.7456828969e-01	-3.0394143101e+00
7.7442699255e-01	-3.0393342452e+00
7.7428498831e-01	-3.0392538318e+00
7.7414225456e-01	-3.0391730909e+00
7.7399876259e-01	-3.0390920400e+00
7.7385446829e-01	-3.0390106927e+00
7.7370923582e-01	-3.0389290461e+00
7.7356282721e-01	-3.0388470792e+00
7.7341492101e-01	-3.0387647568e+00
7.7326638189e-01	-3.0386822388e+00
7.7311733265e-01	-3.0385995625e+00
7.7296777327e-01	-3.0385167441e+00
7.7281770488e-01	-3.0384337989e+00
7.7266712539e-01	-3.0383507398e+00
7.7251602798e-01	-3.0382675772e+00
7.7236440514e-01	-3.0381843179e+00
7.7221225434e-01	-3.0381009656e+00
7.7205957149e-01	-3.0380175186e+00
7.7190635376e-01	-3.0379332820e+00
7.7175259684e-01	-3.0378489117e+00
7.7159829661e-01	-3.0377643906e+00
7.7144344831e-01	-3.0376796751e+00
7.7128804693e-01	-3.0375947049e+00
7.7113208657e-01	-3.0375094005e+00
7.7097556107e-01	-3.0374236621e+00
7.7081846346e-01	-3.0373373684e+00
7.7066078732e-01	-3.0372503788e+00
7.7050252546e-01	-3.0371625350e+00
7.7034367116e-01	-3.0370736673e+00
7.7018421763e-01	-3.0369836009e+00
7.7002415869e-01	-3.0368921658e+00
7.6986348971e-01	-3.0367992077e+00
7.6970220609e-01	-3.0367045971e+00
7.6954030506e-01	-3.0366082411e+00
7.6937778419e-01	-3.0365100890e+00
7.6921464203e-01	-3.0364101376e+00
7.6905087739e-01	-3.0363084305e+00
7.6888649018e-01	-3.0362050555e+00
7.6872148003e-01	-3.0361001364e+00
7.6855584627e-01	-3.0359938233e+00
7.6838958818e-01	-3.0358862828e+00
7.6822270476e-01	-3.0357776878e+00
7.6805519442e-01	-3.0356682080e+00
7.6788705573e-01	-3.0355580037e+00
7.6771828617e-01	-3.0354472196e+00
7.6754888354e-01	-3.0353359832e+00
7.6737884449e-01	-3.0352244029e+00
7.6720816437e-01	-3.0351125682e+00
7.6703683925e-01	-3.0350005517e+00
7.6686486468e-01	-3.0348884106e+00
7.6669223649e-01	-3.0347761888e+00
7.6651895168e-01	-3.0346639197e+00
7.6634500612e-01	-3.0345516275e+00
7.6617039551e-01	-3.0344393302e+00
7.6599511460e-01	-3.0343270400e+00
7.6581915962e-01	-3.0342147656e+00
7.6564253025e-01	-3.0341025142e+00
7.6546522657e-01	-3.0339902910e+00
7.6528724788e-01	-3.0338781004e+00
7.6510858900e-01	-3.0337659455e+00
7.6492923731e-01	-3.0336538278e+00
7.6474918814e-01	-3.0335416536e+00
7.6456843801e-01	-3.0334286754e+00
7.6438698336e-01	-3.0333157458e+00
7.6420481928e-01	-3.0332028605e+00
7.6402193778e-01	-3.0330899329e+00
7.6383829664e-01	-3.0329759837e+00
7.6365351805e-01	-3.0328504578e+00
7.6357335247e-01	-3.0327144615e+00
7.6356265526e-01	-3.0326488162e+00
7.6355194171e-01	-3.0325681689e+00
7.6354135261e-01	-3.0324820808e+00
7.6353088063e-01	-3.0324025339e+00
7.6352063057e-01	-3.0323416328e+00
7.6351065604e-01	-3.0323005068e+00
7.6350087292e-01	-3.0322718290e+00
7.6349112826e-01	-3.0322488085e+00
7.6348141129e-01	-3.0322286639e+00
7.6347181790e-01	-3.0322107481e+00
7.6346237478e-01	-3.0321945013e+00
7.6345303175e-01	-3.0321791859e+00
7.6344402910e-01	-3.0321659440e+00
7.6343570113e-01	-3.0321564337e+00
7.6342861406e-01	-3.0321535349e+00
7.6342415727e-01	-3.0321644679e+00
7.6342500444e-01	-3.0322033744e+00
7.6343642203e-01	-3.0322979667e+00
7.6347305449e-01	-3.0325251659e+00
7.6354230522e-01	-3.0329181829e+00
7.6365912515e-01	-3.0335552517e+00
7.6385139039e-01	-3.0345787485e+00
7.6416609556e-01	-3.0362468327e+00
7.6427636105e-01	-3.0385172972e+00
7.6417503533e-01	-3.0384646996e+00
7.6406737705e-01	-3.0384042354e+00
7.6395603122e-01	-3.0383384300e+00
7.6384204735e-01	-3.0382693880e+00
7.6372271781e-01	-3.0381976076e+00
7.6360052255e-01	-3.0381239966e+00
7.6347328458e-01	-3.0380484783e+00
7.6334129432e-01	-3.0379712949e+00
7.6320317407e-01	-3.0378923537e+00
7.6306457503e-01	-3.0378127139e+00
7.6292549267e-01	-3.0377324586e+00
7.6278532771e-01	-3.0376515540e+00
7.6264406537e-01	-3.0375700534e+00
7.6250203839e-01	-3.0374880598e+00
7.6235927260e-01	-3.0374056176e+00
7.6221576846e-01	-3.0373227615e+00
7.6207152888e-01	-3.0372395225e+00
7.6192653672e-01	-3.0371559250e+00
7.6178077104e-01	-3.0370719899e+00
7.6163414626e-01	-3.0369877251e+00
7.6148663201e-01	-3.0369031463e+00
7.6133796452e-01	-3.0368182281e+00
7.6118768102e-01	-3.0367329105e+00
7.6103647509e-01	-3.0366473291e+00
7.6088475049e-01	-3.0365615700e+00
7.6073250794e-01	-3.0364756507e+00
7.6057974878e-01	-3.0363895873e+00
7.6042647193e-01	-3.0363033946e+00
7.6027267041e-01	-3.0362170848e+00
7.6011833586e-01	-3.0361306675e+00
7.5996346558e-01	-3.0360441499e+00
7.5980805569e-01	-3.0359574866e+00
7.5965210334e-01	-3.0358700521e+00
7.5949560490e-01	-3.0357825109e+00
7.5933855598e-01	-3.0356948449e+00
7.5918095231e-01	-3.0356070244e+00
7.5902278902e-01	-3.0355190054e+00
7.5886406078e-01	-3.0354307272e+00
7.5870476173e-01	-3.0353421098e+00
7.5854488552e-01	-3.0352530524e+00
7.5838442535e-01	-3.0351634331e+00
7.5822337412e-01	-3.0350731094e+00
7.5806172477e-01	-3.0349819217e+00
7.5789946994e-01	-3.0348896978e+00
7.5773660284e-01	-3.0347962612e+00
7.5757311702e-01	-3.0347014399e+00
7.5740900770e-01	-3.0346050775e+00
7.5724427031e-01	-3.0345070437e+00
7.5707890154e-01	-3.0344072445e+00
7.5691289902e-01	-3.0343056299e+00
7.5674626108e-01	-3.0342021973e+00
7.5657898720e-01	-3.0340969929e+00
7.5641107660e-01	-3.0339901062e+00
7.5624252867e-01	-3.0338816636e+00
7.5607334330e-01	-3.0337718182e+00
7.5590351957e-01	-3.0336607390e+00
7.5573305627e-01	-3.0335486008e+00
7.5556195215e-01	-3.0334355750e+00
7.5539020553e-01	-3.0333218227e+00
7.5521781377e-01	-3.0332074891e+00
7.5504477260e-01	-3.0330927011e+00
7.5487107828e-01	-3.0329775665e+00
7.5469672668e-01	-3.0328621741e+00
7.5452171382e-01	-3.0327465955e+00
7.5434603697e-01	-3.0326308869e+00
7.5416969247e-01	-3.0325150915e+00
7.5399267537e-01	-3.0323992411e+00
7.5381498069e-01	-3.0322833589e+00
7.5363660500e-01	-3.0321674618e+00
7.5345754814e-01	-3.0320515621e+00
7.5327781026e-01	-3.0319356687e+00
7.5309739066e-01	-3.0318197880e+00
7.5291628441e-01	-3.0317039239e+00
7.5273447840e-01	-3.0315880782e+00
7.5255196743e-01	-3.0314722524e+00
7.5236874804e-01	-3.0313555089e+00
7.5218481662e-01	-3.0312387631e+00
7.5200016864e-01	-3.0311220490e+00
7.5181479951e-01	-3.0310053697e+00
7.5162870430e-01	-3.0308887211e+00
7.5144187497e-01	-3.0307720210e+00
7.5125427032e-01	-3.0306543378e+00
7.5106552220e-01	-3.0305256257e+00
7.5097729604e-01	-3.0303808950e+00
7.5096619518e-01	-3.0303132622e+00
7.5095508450e-01	-3.0302307018e+00
7.5094411196e-01	-3.0301434517e+00
7.5093325627e-01	-3.0300635782e+00
7.5092263659e-01	-3.0300030273e+00
7.5091230067e-01	-3.0299620714e+00
7.5090216130e-01	-3.0299331741e+00
7.5089204655e-01	-3.0299095872e+00
7.5088197194e-01	-3.0298888663e+00
7.5087203107e-01	-3.0298703592e+00
7.5086225516e-01	-3.0298535450e+00
7.5085258044e-01	-3.0298376190e+00
7.5084330713e-01	-3.0298240048e+00
7.5083479982e-01	-3.0298144286e+00
7.5082772336e-01	-3.0298121282e+00
7.5082370588e-01	-3.0298252368e+00
7.5082585996e-01	-3.0298695009e+00
7.5084055092e-01	-3.0299769738e+00
7.5088530661e-01	-3.0302357613e+00
7.5096493837e-01	-3.0306635034e+00
7.5109834147e-01	-3.0313564531e+00
7.5131729944e-01	-3.0324677061e+00
7.5167518204e-01	-3.0342796989e+00
7.5176337218e-01	-3.0363775845e+00
7.5166019163e-01	-3.0363220918e+00
7.5155011373e-01	-3.0362584485e+00
7.5143648036e-01	-3.0361894994e+00
7.5131977949e-01	-3.0361172596e+00
7.5119744083e-01	-3.0360422221e+00
7.5107262597e-01	-3.0359654172e+00
7.5094197173e-01	-3.0358865475e+00
7.5080500573e-01	-3.0358057226e+00
7.5066423420e-01	-3.0357235163e+00
7.5052297455e-01	-3.0356406107e+00
7.5038113359e-01	-3.0355570730e+00
7.5023786415e-01	-3.0354728231e+00
7.5009368083e-01	-3.0353880062e+00
7.4994868998e-01	-3.0353026874e+00
7.4980293438e-01	-3.0352169140e+00
7.4965641194e-01	-3.0355100105e+00
7.4798743230e-01	-3.0354658102e+00
7.4794975867e-01	-3.0354371283e+00
7.4791455293e-01	-3.0354048158e+00
7.4788183808e-01	-3.0353706396e+00
7.4785169239e-01	-3.0353366420e+00
7.4782425178e-01	-3.0353041559e+00
7.4779972840e-01	-3.0352738829e+00
7.4773947111e-01	-3.0352393946e+00
7.4759668208e-01	-3.0351923711e+00
7.4745252168e-01	-3.0351468874e+00
7.4730630614e-01	-3.0351038027e+00
7.4715825564e-01	-3.0350613322e+00
7.4700829866e-01	-3.0350132818e+00
7.4685647561e-01	-3.0349542612e+00
7.4670390720e-01	-3.0348828290e+00
7.4655069175e-01	-3.0348001293e+00
7.4639685624e-01	-3.0347083386e+00
7.4624241935e-01	-3.0346096689e+00
7.4608739040e-01	-3.0345059853e+00
7.4593176833e-01	-3.0343987348e+00
7.4577555616e-01	-3.0342889943e+00
7.4561875516e-01	-3.0341770764e+00
7.4546136652e-01	-3.0340634585e+00
7.4530338938e-01	-3.0339490806e+00
7.4514482195e-01	-3.0338342230e+00
7.4498566191e-01	-3.0337190804e+00
7.4482590639e-01	-3.0336037868e+00
7.4466555221e-01	-3.0334884341e+00
7.4450459591e-01	-3.0333730848e+00
7.4434303395e-01	-3.0332577817e+00
7.4418086256e-01	-3.0331425540e+00
7.4401807791e-01	-3.0330274217e+00
7.4385467609e-01	-3.0329123988e+00
7.4369065300e-01	-3.0327974927e+00
7.4352600322e-01	-3.0326826780e+00
7.4336070777e-01	-3.0325676027e+00
7.4319460763e-01	-3.0324484153e+00
7.4305496380e-01	-3.0322900664e+00
7.4304471651e-01	-3.0322349951e+00
7.4303439375e-01	-3.0321648800e+00
7.4302411947e-01	-3.0320835452e+00
7.4301403341e-01	-3.0320030617e+00
7.4300402325e-01	-3.0319327108e+00
7.4299428458e-01	-3.0318818601e+00
7.4298479354e-01	-3.0318468043e+00
7.4297547395e-01	-3.0318206874e+00
7.4296611384e-01	-3.0317980187e+00
7.4295683772e-01	-3.0317778806e+00
7.4294770735e-01	-3.0317596702e+00
7.4293875956e-01	-3.0317430399e+00
7.4292992534e-01	-3.0317272553e+00
7.4292162403e-01	-3.0317143196e+00
7.4291427360e-01	-3.0317061458e+00
7.4290875555e-01	-3.0317069031e+00
7.4290715219e-01	-3.0317266868e+00
7.4291339788e-01	-3.0317846468e+00
7.4293628195e-01	-3.0319235141e+00
7.4299776905e-01	-3.0322503266e+00
7.4310381675e-01	-3.0327899905e+00
7.4327973601e-01	-3.0336723217e+00
7.4348381361e-01	-3.0350905977e+00
7.4331389578e-01	-3.0355990821e+00
7.4321996085e-01	-3.0355409679e+00
7.4311978441e-01	-3.0354751027e+00
7.4301533155e-01	-3.0354044549e+00
7.4290776080e-01	-3.0353308400e+00
7.4279408081e-01	-3.0352545006e+00
7.4267754409e-01	-3.0351764171e+00
7.4255492943e-01	-3.0350962773e+00
7.4242536523e-01	-3.0350141019e+00
7.4229378217e-01	-3.0349308855e+00
7.4216174685e-01	-3.0348470026e+00
7.4202875596e-01	-3.0347624430e+00
7.4189461055e-01	-3.0346772357e+00
7.4175968370e-01	-3.0345914991e+00
7.4162397138e-01	-3.0345052774e+00
7.4148751191e-01	-3.0344186156e+00
7.4135028623e-01	-3.0343315435e+00
7.4121227277e-01	-3.0342440869e+00
7.4107342852e-01	-3.0341562643e+00
7.4093367767e-01	-3.0340680862e+00
7.4079279251e-01	-3.0339795341e+00
7.4065027789e-01	-3.0338905407e+00
7.4050625657e-01	-3.0338011468e+00
7.4036174256e-01	-3.0337115507e+00
7.4021674685e-01	-3.0336217727e+00
7.4007127050e-01	-3.0335318306e+00
7.3992531279e-01	-3.0334417406e+00
7.3977886544e-01	-3.0333515168e+00
7.3963192170e-01	-3.0332611718e+00
7.3948447901e-01	-3.0331707169e+00
7.3933653440e-01	-3.0330797761e+00
7.3918808515e-01	-3.0329883545e+00
7.3903912772e-01	-3.0328968408e+00
7.3888965913e-01	-3.0328052310e+00
7.3873967519e-01	-3.0327135127e+00
7.3858917194e-01	-3.0326216635e+00
7.3843814487e-01	-3.0325296485e+00
7.3828658882e-01	-3.0324374168e+00
7.3813449874e-01	-3.0323449002e+00
7.3798186804e-01	-3.0322520094e+00
7.3782869052e-01	-3.0321586341e+00
7.3767495872e-01	-3.0320646418e+00
7.3752066574e-01	-3.0319698803e+00
7.3736580394e-01	-3.0318741808e+00
7.3721036589e-01	-3.0317773645e+00
7.3705434527e-01	-3.0316792513e+00
7.3689773546e-01	-3.0315796696e+00
7.3674053225e-01	-3.0314784686e+00
7.3658273130e-01	-3.0313755283e+00
7.3642432982e-01	-3.0312707698e+00
7.3626532579e-01	-3.0311641614e+00
7.3610571865e-01	-3.0310557220e+00
7.3594550780e-01	-3.0309455185e+00
7.3578469318e-01	-3.0308336602e+00
7.3562327459e-01	-3.0307202903e+00
7.3546125214e-01	-3.0306055743e+00
7.3529862556e-01	-3.0304896894e+00
7.3513539215e-01	-3.0303728138e+00
7.3497154915e-01	-3.0302551180e+00
7.3480709388e-01	-3.0301367590e+00
7.3464202469e-01	-3.0300178763e+00
7.3447633949e-01	-3.0298985896e+00
7.3431003508e-01	-3.0297789984e+00
7.3414310710e-01	-3.0296591834e+00
7.3397555196e-01	-3.0295392081e+00
7.3380736914e-01	-3.0294191222e+00
7.3363855893e-01	-3.0292989628e+00
7.3346912291e-01	-3.0291787608e+00
7.3329906128e-01	-3.0290585312e+00
7.3312836556e-01	-3.0289382874e+00
7.3295702266e-01	-3.0288180365e+00
7.3278502890e-01	-3.0286977837e+00
7.3261238097e-01	-3.0285765321e+00
7.3243907591e-01	-3.0284552592e+00
7.3226510949e-01	-3.0283339965e+00
7.3209047734e-01	-3.0282127465e+00
7.3191517542e-01	-3.0280915121e+00
7.3173919920e-01	-3.0279702961e+00
7.3156254454e-01	-3.0278491019e+00
7.3138520690e-01	-3.0277279314e+00
7.3120718112e-01	-3.0276067706e+00
7.3102845450e-01	-3.0274854274e+00
7.3084893582e-01	-3.0273617853e+00
7.3066783783e-01	-3.0272132930e+00
7.3064021887e-01	-3.0271120731e+00
7.3062905582e-01	-3.0270398571e+00
7.3061790150e-01	-3.0269535457e+00
7.3060691913e-01	-3.0268649732e+00
7.3059604675e-01	-3.0267856883e+00
7.3058545654e-01	-3.0267270077e+00
7.3057516506e-01	-3.0266870126e+00
7.3056507943e-01	-3.0266580040e+00
7.3055498231e-01	-3.0266335080e+00
7.3054495817e-01	-3.0266118702e+00
7.3053508902e-01	-3.0265924136e+00
7.3052541647e-01	-3.0265747115e+00
7.3051584992e-01	-3.0265578606e+00
7.3050682129e-01	-3.0265438821e+00
7.3049876233e-01	-3.0265347131e+00
7.3049256615e-01	-3.0265345086e+00
7.3049037357e-01	-3.0265534916e+00
7.3049625729e-01	-3.0266111936e+00
7.3051930770e-01	-3.0267510606e+00
7.3058239019e-01	-3.0270821690e+00
7.3069140238e-01	-3.0276262212e+00
7.3087193555e-01	-3.0285052143e+00
7.3116690723e-01	-3.0299133679e+00
7.3163046241e-01	-3.0322100149e+00
7.3157148086e-01	-3.0335133979e+00
7.3147275092e-01	-3.0334529958e+00
7.3136780077e-01	-3.0333843893e+00
7.3125784341e-01	-3.0333104734e+00
7.3114473716e-01	-3.0332333977e+00
7.3102523592e-01	-3.0331534303e+00
7.3090257305e-01	-3.0330715998e+00
7.3077360485e-01	-3.0329876078e+00
7.3063718687e-01	-3.0329014305e+00
7.3049932108e-01	-3.0328142873e+00
7.3036097964e-01	-3.0327264571e+00
7.3022140140e-01	-3.0326378834e+00
7.3008074433e-01	-3.0325486607e+00
7.2993920512e-01	-3.0324588791e+00
7.2979687196e-01	-3.0323686004e+00
7.2965373076e-01	-3.0322778612e+00
7.2950976599e-01	-3.0321866928e+00
7.2936494771e-01	-3.0320951194e+00
7.2921918141e-01	-3.0320031505e+00
7.2907236993e-01	-3.0319107926e+00
7.2892413691e-01	-3.0318179990e+00
7.2877385732e-01	-3.0317246765e+00
7.2862274636e-01	-3.0316310658e+00
7.2847112887e-01	-3.0315372453e+00
7.2831900695e-01	-3.0314432338e+00
7.2816638210e-01	-3.0313490491e+00
7.2801324680e-01	-3.0312547061e+00
7.2785959199e-01	-3.0311602185e+00
7.2770541494e-01	-3.0310655992e+00
7.2755071220e-01	-3.0309705777e+00
7.2739548108e-01	-3.0308749296e+00
7.2723971860e-01	-3.0307791782e+00
7.2708342098e-01	-3.0306833256e+00
7.2692658471e-01	-3.0305873684e+00
7.2676920590e-01	-3.0304912952e+00
7.2661128024e-01	-3.0303950848e+00
7.2645280307e-01	-3.0302987034e+00
7.2629376922e-01	-3.0302021021e+00
7.2613417300e-01	-3.0301052139e+00
7.2597400818e-01	-3.0300079517e+00
7.2581326819e-01	-3.0299102069e+00
7.2565194536e-01	-3.0298118481e+00
7.2549003231e-01	-3.0297127239e+00
7.2532752157e-01	-3.0296126653e+00
7.2516440512e-01	-3.0295114922e+00
7.2500067628e-01	-3.0294090219e+00
7.2483632819e-01	-3.0293050792e+00
7.2467135587e-01	-3.0291995083e+00
7.2450575452e-01	-3.0290921833e+00
7.2433952140e-01	-3.0289830198e+00
7.2417265412e-01	-3.0288719803e+00
7.2400515146e-01	-3.0287590787e+00
7.2383701276e-01	-3.0286443780e+00
7.2366823779e-01	-3.0285279853e+00
7.2349882619e-01	-3.0284100426e+00
7.2332877731e-01	-3.0282907161e+00
7.2315808790e-01	-3.0281701838e+00
7.2298675571e-01	-3.0280486260e+00
7.2281477985e-01	-3.0279262166e+00
7.2264215897e-01	-3.0278031156e+00
7.2246889051e-01	-3.0276794647e+00
7.2229497075e-01	-3.0275553858e+00
7.2212039609e-01	-3.0274309803e+00
7.2194516559e-01	-3.0273063307e+00
7.2176927987e-01	-3.0271815026e+00
7.2159274076e-01	-3.0270565466e+00
7.2141554845e-01	-3.0269315006e+00
7.2123769869e-01	-3.0268063911e+00
7.2105917600e-01	-3.0266812349e+00
7.2087997528e-01	-3.0265560436e+00
7.2070009210e-01	-3.0264301714e+00
7.2051952433e-01	-3.0263038734e+00
7.2033826743e-01	-3.0261775604e+00
7.2015631706e-01	-3.0260512353e+00
7.1997366883e-01	-3.0259249006e+00
7.1979031814e-01	-3.0257985583e+00
7.1960626045e-01	-3.0256722109e+00
7.1942149115e-01	-3.0255458610e+00
7.1923600566e-01	-3.0254195118e+00
7.1904979928e-01	-3.0252931656e+00
7.1886286678e-01	-3.0251668131e+00
7.1867519725e-01	-3.0250403142e+00
7.1848672193e-01	-3.0249121173e+00
7.1829682829e-01	-3.0247655951e+00
7.1824083078e-01	-3.0246359560e+00
7.1822904300e-01	-3.0245618226e+00
7.1821726913e-01	-3.0244736104e+00
7.1820567897e-01	-3.0243836576e+00
7.1819419933e-01	-3.0243036272e+00
7.1818301173e-01	-3.0242446005e+00
7.1817213126e-01	-3.0242041757e+00
7.1816146296e-01	-3.0241745339e+00
7.1815076942e-01	-3.0241492089e+00
7.1814016230e-01	-3.0241267761e+00
7.1812972136e-01	-3.0241065432e+00
7.1811948410e-01	-3.0240880602e+00
7.1810937181e-01	-3.0240704989e+00
7.1809985761e-01	-3.0240560214e+00
7.1809141754e-01	-3.0240467124e+00
7.1808507392e-01	-3.0240472029e+00
7.1808324827e-01	-3.0240687682e+00
7.1809057077e-01	-3.0241330011e+00
7.1811787924e-01	-3.0242902795e+00
7.1819117153e-01	-3.0246611926e+00
7.1831703304e-01	-3.0252693310e+00
7.1852492870e-01	-3.0262506869e+00
7.1886435452e-01	-3.0278223102e+00
7.1937185018e-01	-3.0303821210e+00
7.1923865817e-01	-3.0312479999e+00
7.1913069626e-01	-3.0311826543e+00
7.1901565831e-01	-3.0311089238e+00
7.1889615868e-01	-3.0310301113e+00
7.1877297877e-01	-3.0309481033e+00
7.1864343685e-01	-3.0308632121e+00
7.1850955099e-01	-3.0307762400e+00
7.1836895586e-01	-3.0306870077e+00
7.1822166183e-01	-3.0305956958e+00
7.1807385868e-01	-3.0305035909e+00
7.1792536653e-01	-3.0304107610e+00
7.1777535600e-01	-3.0303171312e+00
7.1762433808e-01	-3.0302228623e+00
7.1747244549e-01	-3.0301280328e+00
7.1731966555e-01	-3.0300326857e+00
7.1716597021e-01	-3.0299368545e+00
7.1701135870e-01	-3.0298405728e+00
7.1685578007e-01	-3.0297438603e+00
7.1669910863e-01	-3.0296467201e+00
7.1654107731e-01	-3.0295491255e+00
7.1638089739e-01	-3.0294509503e+00
7.1621936847e-01	-3.0293523650e+00
7.1605729367e-01	-3.0292535406e+00
7.1589467620e-01	-3.0291544967e+00
7.1573151786e-01	-3.0290552521e+00
7.1556781231e-01	-3.0289558226e+00
7.1540354870e-01	-3.0288562220e+00
7.1523872348e-01	-3.0287564641e+00
7.1507333303e-01	-3.0286562374e+00
7.1490737480e-01	-3.0285553766e+00
7.1474084551e-01	-3.0284543926e+00
7.1457374123e-01	-3.0283532912e+00
7.1440605830e-01	-3.0282520741e+00
7.1423779307e-01	-3.0281507370e+00
7.1406894080e-01	-3.0280492674e+00
7.1389949708e-01	-3.0279476425e+00
7.1372945686e-01	-3.0278458270e+00
7.1355881462e-01	-3.0277437698e+00
7.1338756451e-01	-3.0276414017e+00
7.1321569943e-01	-3.0275386325e+00
7.1304321242e-01	-3.0274353502e+00
7.1287009580e-01	-3.0273314204e+00
7.1269634157e-01	-3.0272266878e+00
7.1252194144e-01	-3.0271209801e+00
7.1234688780e-01	-3.0270141147e+00
7.1217117322e-01	-3.0269059067e+00
7.1199479071e-01	-3.0267961802e+00
7.1181773453e-01	-3.0266847795e+00
7.1164000007e-01	-3.0265715814e+00
7.1146158389e-01	-3.0264565048e+00
7.1128248337e-01	-3.0263395174e+00
7.1110269710e-01	-3.0262206390e+00
7.1092222482e-01	-3.0260999393e+00
7.1074106543e-01	-3.0259775313e+00
7.1055921573e-01	-3.0258535619e+00
7.1037667338e-01	-3.0257282010e+00
7.1019343757e-01	-3.0256016301e+00
7.1000950748e-01	-3.0254740316e+00
7.0982488156e-01	-3.0253455792e+00
7.0963955645e-01	-3.0252164320e+00
7.0945352892e-01	-3.0250867302e+00
7.0926679846e-01	-3.0249565939e+00
7.0907936621e-01	-3.0248261232e+00
7.0889123357e-01	-3.0246953986e+00
7.0870240162e-01	-3.0245644835e+00
7.0851286745e-01	-3.0244334253e+00
7.0832261443e-01	-3.0243022565e+00
7.0813163638e-01	-3.0241710006e+00
7.0793992785e-01	-3.0240391849e+00
7.0774748718e-01	-3.0239067093e+00
7.0755430993e-01	-3.0237741851e+00
7.0736039120e-01	-3.0236416171e+00
7.0716572612e-01	-3.0235090087e+00
7.0697030992e-01	-3.0233763622e+00
7.0677413768e-01	-3.0232436796e+00
7.0657720446e-01	-3.0231109628e+00
7.0637950534e-01	-3.0229782139e+00
7.0618103531e-01	-3.0228454355e+00
7.0598178936e-01	-3.0227126305e+00
7.0578176238e-01	-3.0225798009e+00
7.0558094847e-01	-3.0224469340e+00
7.0537933514e-01	-3.0223138555e+00
7.0517683669e-01	-3.0221786419e+00
7.0497271014e-01	-3.0220207642e+00
7.0492848149e-01	-3.0219001830e+00
7.0491585723e-01	-3.0218232606e+00
7.0490326006e-01	-3.0217326322e+00
7.0489086720e-01	-3.0216414933e+00
7.0487857846e-01	-3.0215612707e+00
7.0486660631e-01	-3.0215027283e+00
7.0485494643e-01	-3.0214623620e+00
7.0484350271e-01	-3.0214322876e+00
7.0483200626e-01	-3.0214061284e+00
7.0482062335e-01	-3.0213829155e+00
7.0480942013e-01	-3.0213618963e+00
7.0479841443e-01	-3.0213425318e+00
7.0478758715e-01	-3.0213243189e+00
7.0477743377e-01	-3.0213094495e+00
7.0476850099e-01	-3.0213002756e+00
7.0476200784e-01	-3.0213021810e+00
7.0476076760e-01	-3.0213279551e+00
7.0477020470e-01	-3.0214022109e+00
7.0480381515e-01	-3.0215859994e+00
7.0488541672e-01	-3.0219851221e+00
7.0502455698e-01	-3.0226376196e+00
7.0525429417e-01	-3.0236899061e+00
7.0563021048e-01	-3.0253730469e+00
7.0617491736e-01	-3.0281099252e+00
7.0601560537e-01	-3.0287407673e+00
7.0591264195e-01	-3.0286730937e+00
7.0580213561e-01	-3.0285968587e+00
7.0568740768e-01	-3.0285156248e+00
7.0556809674e-01	-3.0284310359e+00
7.0544314730e-01	-3.0283436811e+00
7.0531289917e-01	-3.0282540437e+00
7.0517452657e-01	-3.0281618365e+00
7.0503187212e-01	-3.0280679784e+00
7.0488872779e-01	-3.0279733322e+00
7.0474452010e-01	-3.0278778881e+00
7.0459887661e-01	-3.0277816540e+00
7.0445225981e-01	-3.0276847840e+00
7.0430474178e-01	-3.0275873459e+00
7.0415632927e-01	-3.0274893859e+00
7.0400700277e-01	-3.0273909389e+00
7.0385669880e-01	-3.0272920260e+00
7.0370529350e-01	-3.0271926525e+00
7.0355262670e-01	-3.0270928135e+00
7.0339803013e-01	-3.0269924027e+00
7.0324136173e-01	-3.0268914144e+00
7.0308414899e-01	-3.0267901660e+00
7.0292641566e-01	-3.0266886824e+00
7.0276816508e-01	-3.0265869835e+00
7.0260939276e-01	-3.0264850859e+00
7.0245008612e-01	-3.0263830042e+00
7.0229024111e-01	-3.0262807525e+00
7.0212985426e-01	-3.0261779973e+00
7.0196892343e-01	-3.0260745918e+00
7.0180744499e-01	-3.0259710546e+00
7.0164541590e-01	-3.0258673949e+00
7.0148283228e-01	-3.0257636182e+00
7.0131969055e-01	-3.0256597258e+00
7.0115598708e-01	-3.0255557129e+00
7.0099171721e-01	-3.0254515661e+00
7.0082687655e-01	-3.0253472619e+00
7.0066146012e-01	-3.0252427637e+00
7.0049546230e-01	-3.0251380191e+00
7.0032887750e-01	-3.0250329573e+00
7.0016169876e-01	-3.0249274860e+00
6.9999391851e-01	-3.0248214908e+00
6.9982552963e-01	-3.0247148349e+00
6.9965652397e-01	-3.0246073602e+00
6.9948689366e-01	-3.0248396678e+00
7.0123393993e-01	-3.0246445291e+00
7.0107580827e-01	-3.0245479337e+00
7.0091707635e-01	-3.0244464792e+00
7.0075773894e-01	-3.0243412629e+00
7.0059779265e-01	-3.0242328287e+00
7.0043723486e-01	-3.0241214975e+00
7.0027606429e-01	-3.0240074969e+00
7.0011428049e-01	-3.0238910214e+00
6.9995188047e-01	-3.0237722621e+00
6.9978886214e-01	-3.0236514204e+00
6.9962522651e-01	-3.0235287112e+00
6.9946097436e-01	-3.0234043580e+00
6.9929610512e-01	-3.0232785856e+00
6.9913061784e-01	-3.0231516134e+00
6.9896451094e-01	-3.0230236474e+00
6.9879778535e-01	-3.0228948751e+00
6.9863044420e-01	-3.0227654617e+00
6.9846249071e-01	-3.0226355488e+00
6.9829392784e-01	-3.0225052538e+00
6.9812475388e-01	-3.0223746706e+00
6.9795495183e-01	-3.0222438703e+00
6.9778451646e-01	-3.0221129129e+00
6.9761344249e-01	-3.0219815304e+00
6.9744172948e-01	-3.0218492321e+00
6.9726937359e-01	-3.0217168652e+00
6.9709637063e-01	-3.0215844444e+00
6.9692271643e-01	-3.0214519796e+00
6.9674840659e-01	-3.0213194768e+00
6.9657343707e-01	-3.0211869405e+00
6.9639780342e-01	-3.0210543732e+00
6.9622150126e-01	-3.0209217770e+00
6.9604452621e-01	-3.0207891541e+00
6.9586687376e-01	-3.0206565066e+00
6.9568853959e-01	-3.0205238372e+00
6.9550951912e-01	-3.0203911486e+00
6.9532980789e-01	-3.0202584441e+00
6.9514940118e-01	-3.0201257218e+00
6.9496829185e-01	-3.0199929251e+00
6.9478644851e-01	-3.0198593985e+00
6.9460359394e-01	-3.0197180451e+00
6.9447822623e-01	-3.0195200080e+00
6.9446618698e-01	-3.0194422494e+00
6.9445417509e-01	-3.0193502785e+00
6.9444236513e-01	-3.0192573297e+00
6.9443065883e-01	-3.0191754340e+00
6.9441924396e-01	-3.0191152239e+00
6.9440814393e-01	-3.0190736180e+00
6.9439726504e-01	-3.0190425667e+00
6.9438633058e-01	-3.0190155663e+00
6.9437550821e-01	-3.0189915630e+00
6.9436487880e-01	-3.0189698419e+00
6.9435446383e-01	-3.0189498582e+00
6.9434425123e-01	-3.0189311371e+00
6.9433478706e-01	-3.0189160350e+00
6.9432668909e-01	-3.0189071641e+00
6.9432135613e-01	-3.0189105938e+00
6.9432199163e-01	-3.0189405805e+00
6.9433482319e-01	-3.0190247777e+00
6.9437569138e-01	-3.0192333184e+00
6.9446577379e-01	-3.0196569344e+00
6.9461753831e-01	-3.0203476778e+00
6.9486630543e-01	-3.0214608753e+00
6.9527038902e-01	-3.0232347984e+00
6.9584312801e-01	-3.0261120163e+00
6.9567877791e-01	-3.0266526916e+00
6.9557598224e-01	-3.0265821856e+00
6.9546521921e-01	-3.0265029115e+00
6.9535026501e-01	-3.0264186283e+00
6.9523028291e-01	-3.0263308861e+00
6.9510464440e-01	-3.0262403481e+00
6.9497289052e-01	-3.0261473388e+00
6.9483242132e-01	-3.0260516007e+00
6.9468909878e-01	-3.0259544716e+00
6.9454528445e-01	-3.0258565502e+00
6.9439988638e-01	-3.0257577212e+00
6.9425324647e-01	-3.0256581322e+00
6.9410564284e-01	-3.0255579032e+00
6.9395711846e-01	-3.0254570963e+00
6.9380759813e-01	-3.0253557417e+00
6.9365709346e-01	-3.0252538802e+00
6.9350555016e-01	-3.0251515342e+00
6.9335274343e-01	-3.0250486884e+00
6.9319828890e-01	-3.0249452920e+00
6.9304132208e-01	-3.0248411965e+00
6.9288348226e-01	-3.0247367503e+00
6.9272511995e-01	-3.0246320448e+00
6.9256623937e-01	-3.0245271008e+00
6.9240683991e-01	-3.0244219370e+00
6.9224690715e-01	-3.0243165679e+00
6.9208643595e-01	-3.0242110084e+00
6.9192542269e-01	-3.0241049943e+00
6.9176386540e-01	-3.0239982132e+00
6.9160176046e-01	-3.0238912828e+00
6.9143910470e-01	-3.0237842144e+00
6.9127589482e-01	-3.0236770169e+00
6.9111212687e-01	-3.0235696955e+00
6.9094779722e-01	-3.0234622512e+00
6.9078290199e-01	-3.0233546786e+00
6.9061743668e-01	-3.0232469639e+00
6.9045139707e-01	-3.0231390833e+00
6.9028477794e-01	-3.0230309993e+00
6.9011757370e-01	-3.0229226585e+00
6.8994977854e-01	-3.0228139890e+00
6.8978138577e-01	-3.0227048972e+00
6.8961238851e-01	-3.0225952674e+00
6.8944277867e-01	-3.0224849603e+00
6.8927254884e-01	-3.0223738161e+00
6.8910169075e-01	-3.0222616574e+00
6.8893019653e-01	-3.0221482964e+00
6.8875805878e-01	-3.0220335443e+00
6.8858527085e-01	-3.0219172221e+00
6.8841182682e-01	-3.0217991728e+00
6.8823772241e-01	-3.0216792741e+00
6.8806295451e-01	-3.0215574481e+00
6.8788751966e-01	-3.0214336671e+00
6.8771141245e-01	-3.0213079571e+00
6.8753463086e-01	-3.0211803948e+00
6.8735717534e-01	-3.0210511018e+00
6.8717904493e-01	-3.0209202331e+00
6.8700023868e-01	-3.0207879659e+00
6.8682075529e-01	-3.0206544866e+00
6.8664059444e-01	-3.0205199812e+00
6.8645975980e-01	-3.0203846264e+00
6.8627825463e-01	-3.0202485829e+00
6.8609608320e-01	-3.0201119916e+00
6.8591324519e-01	-3.0199749710e+00
6.8572972657e-01	-3.0198376156e+00
6.8554551657e-01	-3.0197000004e+00
6.8536061195e-01	-3.0195621835e+00
6.8517501001e-01	-3.0194230811e+00
6.8498870774e-01	-3.0192838261e+00
6.8480170071e-01	-3.0191444710e+00
6.8461398438e-01	-3.0190050315e+00
6.8442555399e-01	-3.0188655179e+00
6.8423640515e-01	-3.0187259368e+00
6.8404653298e-01	-3.0185862922e+00
6.8385593267e-01	-3.0184465865e+00
6.8366459949e-01	-3.0183068217e+00
6.8347252855e-01	-3.0181669993e+00
6.8327971499e-01	-3.0180271210e+00
6.8308615389e-01	-3.0178871889e+00
6.8289184034e-01	-3.0177472056e+00
6.8269676934e-01	-3.0176071741e+00
6.8250093583e-01	-3.0174670959e+00
6.8230433396e-01	-3.0173269551e+00
6.8210694985e-01	-3.0171865394e+00
6.8190868549e-01	-3.0170435134e+00
6.8170870618e-01	-3.0168730662e+00
6.8167563364e-01	-3.0167558468e+00
6.8166266308e-01	-3.0166736566e+00
6.8164974914e-01	-3.0165785064e+00
6.8163707090e-01	-3.0164851221e+00
6.8162446359e-01	-3.0164044274e+00
6.8161219635e-01	-3.0163464549e+00
6.8160023764e-01	-3.0163058968e+00
6.8158849734e-01	-3.0162748482e+00
6.8157664260e-01	-3.0162470593e+00
6.8156495869e-01	-3.0162223815e+00
6.8155348690e-01	-3.0161999405e+00
6.8154220828e-01	-3.0161790333e+00
6.8153124651e-01	-3.0161598641e+00
6.8152116969e-01	-3.0161448130e+00
6.8151272790e-01	-3.0161370213e+00
6.8150773721e-01	-3.0161442217e+00
6.8151010275e-01	-3.0161834776e+00
6.8152758934e-01	-3.0162885102e+00
6.8158164914e-01	-3.0165522969e+00
6.8167767896e-01	-3.0169914572e+00
6.8183811718e-01	-3.0177047695e+00
6.8210093282e-01	-3.0188533765e+00
6.8252868734e-01	-3.0206839059e+00
6.8311715951e-01	-3.0236445678e+00
6.8294397034e-01	-3.0240903096e+00
6.8282858995e-01	-3.0240140976e+00
6.8270473498e-01	-3.0239288700e+00
6.8257677146e-01	-3.0238386230e+00
6.8244290838e-01	-3.0237447069e+00
6.8230369901e-01	-3.0236480171e+00
6.8215727707e-01	-3.0235485844e+00
6.8200171569e-01	-3.0234462700e+00
6.8184483702e-01	-3.0233428544e+00
6.8168721159e-01	-3.0232385860e+00
6.8152772021e-01	-3.0231333362e+00
6.8136707117e-01	-3.0230273302e+00
6.8120533255e-01	-3.0229206468e+00
6.8104256106e-01	-3.0228133512e+00
6.8087874530e-01	-3.0227054861e+00
6.8071380609e-01	-3.0225970735e+00
6.8054758202e-01	-3.0224881132e+00
6.8037981159e-01	-3.0223785804e+00
6.8020953317e-01	-3.0222683025e+00
6.8003746517e-01	-3.0221574510e+00
6.7986481830e-01	-3.0220462986e+00
6.7969159865e-01	-3.0219348678e+00
6.7951780815e-01	-3.0218231787e+00
6.7934343283e-01	-3.0217112468e+00
6.7916846385e-01	-3.0215990867e+00
6.7899289760e-01	-3.0214865341e+00
6.7881673158e-01	-3.0213730485e+00
6.7863996227e-01	-3.0212593778e+00
6.7846258599e-01	-3.0211455346e+00
6.7828459895e-01	-3.0210315297e+00
6.7810599728e-01	-3.0209173715e+00
6.7792677729e-01	-3.0208030652e+00
6.7774693453e-01	-3.0206886109e+00
6.7756646438e-01	-3.0205740028e+00
6.7738536239e-01	-3.0204592266e+00
6.7720362349e-01	-3.0203442576e+00
6.7702124226e-01	-3.0202290576e+00
6.7683821272e-01	-3.0201135723e+00
6.7665452833e-01	-3.0199977282e+00
6.7647018246e-01	-3.0198814307e+00
6.7628516690e-01	-3.0197645616e+00
6.7609947410e-01	-3.0196469804e+00
6.7591309537e-01	-3.0195285243e+00
6.7572602218e-01	-3.0194090138e+00
6.7553824615e-01	-3.0192882586e+00
6.7534975937e-01	-3.0191660674e+00
6.7516055469e-01	-3.0190422593e+00
6.7497062595e-01	-3.0189166764e+00
6.7477996783e-01	-3.0187891954e+00
6.7458857427e-01	-3.0186597385e+00
6.7439643818e-01	-3.0185282790e+00
6.7420355879e-01	-3.0183948458e+00
6.7400993480e-01	-3.0182595191e+00
6.7381556433e-01	-3.0181224230e+00
6.7362044683e-01	-3.0179837165e+00
6.7342458111e-01	-3.0178435791e+00
6.7322797104e-01	-3.0177022007e+00
6.7303062068e-01	-3.0175597704e+00
6.7283253489e-01	-3.0174164664e+00
6.7263371685e-01	-3.0172724498e+00
6.7243415461e-01	-3.0171278579e+00
6.7223383384e-01	-3.0169828056e+00
6.7203275194e-01	-3.0168373873e+00
6.7183090419e-01	-3.0166909003e+00
6.7162828888e-01	-3.0165437683e+00
6.7142490135e-01	-3.0163964484e+00
6.7122073679e-01	-3.0162489723e+00
6.7101578994e-01	-3.0161013620e+00
6.7081005616e-01	-3.0159536325e+00
6.7060353035e-01	-3.0158057933e+00
6.7039620713e-01	-3.0156578500e+00
6.7018808120e-01	-3.0155098062e+00
6.6997914726e-01	-3.0153616639e+00
6.6976939995e-01	-3.0152134245e+00
6.6955883388e-01	-3.0150650893e+00
6.6934744361e-01	-3.0149166598e+00
6.6913522369e-01	-3.0147681379e+00
6.6892216861e-01	-3.0146195260e+00
6.6870827282e-01	-3.0144708267e+00
6.6849353067e-01	-3.0143220415e+00
6.6827793567e-01	-3.0141731528e+00
6.6806147266e-01	-3.0140239325e+00
6.6784403592e-01	-3.0138718788e+00
6.6762473666e-01	-3.0136904637e+00
6.6759230566e-01	-3.0135721228e+00
6.6757825965e-01	-3.0134869339e+00
6.6756428461e-01	-3.0133892125e+00
6.6755056602e-01	-3.0132944660e+00
6.6753690837e-01	-3.0132132635e+00
6.6752361410e-01	-3.0131552336e+00
6.6751063468e-01	-3.0131142277e+00
6.6749787200e-01	-3.0130823266e+00
6.6748498395e-01	-3.0130534891e+00
6.6747229684e-01	-3.0130278287e+00
6.6745984763e-01	-3.0130044599e+00
6.6744760296e-01	-3.0129826126e+00
6.6743578743e-01	-3.0129629445e+00
6.6742503476e-01	-3.0129480498e+00
6.6741627692e-01	-3.0129417554e+00
6.6741185224e-01	-3.0129538417e+00
6.6741658591e-01	-3.0130048797e+00
6.6744031886e-01	-3.0131365773e+00
6.6751145401e-01	-3.0134689005e+00
6.6763571798e-01	-3.0140184160e+00
6.6784202604e-01	-3.0149078429e+00
6.6817912328e-01	-3.0163334010e+00
6.6872750950e-01	-3.0186156597e+00
6.6899840456e-01	-3.0211994088e+00
6.6888312152e-01	-3.0211231915e+00
6.6875957088e-01	-3.0210369677e+00
6.6863015332e-01	-3.0209441723e+00
6.6849567789e-01	-3.0208473169e+00
6.6835456791e-01	-3.0207471208e+00
6.6820683592e-01	-3.0206441053e+00
6.6804955409e-01	-3.0205379507e+00
6.6788959466e-01	-3.0204303249e+00
6.6772897084e-01	-3.0203218049e+00
6.6756635684e-01	-3.0202122195e+00
6.6740246268e-01	-3.0201018078e+00
6.6723742581e-01	-3.0199906696e+00
6.6707128660e-01	-3.0198788710e+00
6.6690404476e-01	-3.0197664601e+00
6.6673557286e-01	-3.0196534502e+00
6.6656576474e-01	-3.0195398534e+00
6.6639416458e-01	-3.0194256024e+00
6.6621970474e-01	-3.0193104950e+00
6.6604376614e-01	-3.0191948516e+00
6.6586723859e-01	-3.0190788868e+00
6.6569012866e-01	-3.0189626239e+00
6.6551243542e-01	-3.0188460825e+00
6.6533414071e-01	-3.0187292772e+00
6.6515523941e-01	-3.0186122232e+00
6.6497572794e-01	-3.0184943257e+00
6.6479560347e-01	-3.0183758745e+00
6.6461486222e-01	-3.0182572180e+00
6.6443350049e-01	-3.0181383691e+00
6.6425151420e-01	-3.0180193389e+00
6.6406889971e-01	-3.0179001368e+00
6.6388565274e-01	-3.0177807688e+00
6.6370176929e-01	-3.0176612371e+00
6.6351724466e-01	-3.0175415381e+00
6.6333207384e-01	-3.0174216603e+00
6.6314625208e-01	-3.0173015833e+00
6.6295977397e-01	-3.0171812738e+00
6.6277263356e-01	-3.0170606835e+00
6.6258482467e-01	-3.0169397462e+00
6.6239634001e-01	-3.0168183742e+00
6.6220717172e-01	-3.0166964576e+00
6.6201731196e-01	-3.0165738628e+00
6.6182675196e-01	-3.0164504334e+00
6.6163548336e-01	-3.0163259940e+00
6.6144349743e-01	-3.0162003551e+00
6.6125078564e-01	-3.0160733222e+00
6.6105734070e-01	-3.0159447068e+00
6.6086315549e-01	-3.0158143386e+00
6.6066822056e-01	-3.0156820774e+00
6.6047252783e-01	-3.0155478255e+00
6.6027607502e-01	-3.0154115372e+00
6.6007885967e-01	-3.0152732212e+00
6.5988087928e-01	-3.0151329400e+00
6.5968213233e-01	-3.0149908047e+00
6.5948262032e-01	-3.0148469651e+00
6.5928234791e-01	-3.0147015984e+00
6.5908132091e-01	-3.0145548958e+00
6.5887954448e-01	-3.0144070499e+00
6.5867701936e-01	-3.0142582451e+00
6.5847373062e-01	-3.0141086467e+00
6.5826966772e-01	-3.0139584004e+00
6.5806482816e-01	-3.0138076308e+00
6.5785920935e-01	-3.0136553356e+00
6.5765280875e-01	-3.0135025845e+00
6.5744562164e-01	-3.0133495607e+00
6.5723764371e-01	-3.0131963133e+00
6.5702886978e-01	-3.0130428772e+00
6.5681929466e-01	-3.0128892771e+00
6.5660891350e-01	-3.0127355298e+00
6.5639772080e-01	-3.0125816460e+00
6.5618571119e-01	-3.0124276321e+00
6.5597287923e-01	-3.0122734920e+00
6.5575921947e-01	-3.0121192278e+00
6.5554472638e-01	-3.0119648410e+00
6.5532939421e-01	-3.0118103324e+00
6.5511321766e-01	-3.0116557036e+00
6.5489619101e-01	-3.0115009559e+00
6.5467830855e-01	-3.0113460917e+00
6.5445956434e-01	-3.0111911131e+00
6.5423995304e-01	-3.0110360230e+00
6.5401946826e-01	-3.0108808159e+00
6.5379810023e-01	-3.0107254002e+00
6.5357580095e-01	-3.0105687456e+00
6.5335214832e-01	-3.0103997578e+00
6.5323269094e-01	-3.0102007355e+00
6.5321811548e-01	-3.0101138023e+00
6.5320361225e-01	-3.0100139440e+00
6.5318937414e-01	-3.0099169501e+00
6.5317520497e-01	-3.0098339021e+00
6.5316139836e-01	-3.0097742265e+00
6.5314792034e-01	-3.0097318282e+00
6.5313467067e-01	-3.0096986532e+00
6.5312128315e-01	-3.0096685447e+00
6.5310810839e-01	-3.0096416882e+00
6.5309518563e-01	-3.0096171888e+00
6.5308246968e-01	-3.0095942137e+00
6.5307021721e-01	-3.0095735412e+00
6.5305909920e-01	-3.0095578626e+00
6.5305012471e-01	-3.0095512457e+00
6.5304584573e-01	-3.0095641957e+00
6.5305153311e-01	-3.0096187610e+00
6.5307833145e-01	-3.0097613021e+00
6.5315745635e-01	-3.0101212164e+00
6.5329495711e-01	-3.0107155416e+00
6.5352273802e-01	-3.0116764257e+00
6.5389457157e-01	-3.0132151413e+00
6.5449923639e-01	-3.0156758320e+00
6.5474132154e-01	-3.0181017818e+00
6.5462679831e-01	-3.0180221148e+00
6.5450327438e-01	-3.0179320442e+00
6.5437417260e-01	-3.0178354482e+00
6.5423914230e-01	-3.0177345786e+00
6.5409787705e-01	-3.0176304051e+00
6.5394884616e-01	-3.0175230992e+00
6.5378995428e-01	-3.0174124967e+00
6.5363003945e-01	-3.0173007632e+00
6.5346906213e-01	-3.0171880373e+00
6.5330608826e-01	-3.0170742226e+00
6.5314182194e-01	-3.0169595632e+00
6.5297642843e-01	-3.0168441660e+00
6.5280986950e-01	-3.0167280798e+00
6.5264205202e-01	-3.0166113317e+00
6.5247295013e-01	-3.0164939563e+00
6.5230219118e-01	-3.0163759050e+00
6.5212899228e-01	-3.0162570328e+00
6.5195302122e-01	-3.0161372921e+00
6.5177643107e-01	-3.0160171893e+00
6.5159926015e-01	-3.0158967566e+00
6.5142151203e-01	-3.0157760162e+00
6.5124316979e-01	-3.0156549838e+00
6.5106422391e-01	-3.0155336745e+00
6.5088467093e-01	-3.0154116298e+00
6.5070450818e-01	-3.0152888362e+00
6.5052373172e-01	-3.0151658103e+00
6.5034233779e-01	-3.0150425659e+00
6.5016032282e-01	-3.0149191157e+00
6.4997768273e-01	-3.0147954704e+00
6.4979441350e-01	-3.0146716388e+00
6.4961051091e-01	-3.0145476268e+00
6.4942597069e-01	-3.0149329814e+00
6.4659179966e-01	-3.0139496819e+00
6.4646315823e-01	-3.0138049419e+00
6.4633434282e-01	-3.0136656248e+00
6.4620509962e-01	-3.0135382553e+00
6.4607538200e-01	-3.0134203179e+00
6.4594521083e-01	-3.0133087180e+00
6.4581464039e-01	-3.0132012034e+00
6.4568374841e-01	-3.0130963175e+00
6.4555263377e-01	-3.0129931686e+00
6.4542141680e-01	-3.0128912409e+00
6.4529024138e-01	-3.0127902650e+00
6.4515927785e-01	-3.0126901342e+00
6.4502872711e-01	-3.0125908533e+00
6.4489882551e-01	-3.0124925068e+00
6.4476985060e-01	-3.0123952418e+00
6.4464212831e-01	-3.0122992594e+00
6.4451604023e-01	-3.0122048110e+00
6.4439203303e-01	-3.0121121996e+00
6.4427062775e-01	-3.0120217824e+00
6.4415243053e-01	-3.0119339751e+00
6.4403814328e-01	-3.0118492569e+00
6.4392857410e-01	-3.0117681741e+00
6.4382464588e-01	-3.0116913416e+00
6.4372739834e-01	-3.0116194358e+00
6.4363795349e-01	-3.0115531378e+00
6.4355723576e-01	-3.0114926629e+00
6.4348444854e-01	-3.0114338494e+00
6.4349473556e-01	-3.0113906729e+00
6.4351385859e-01	-3.0113728758e+00
6.4353443880e-01	-3.0113523062e+00
6.4355464080e-01	-3.0113326149e+00
6.4357607464e-01	-3.0113181259e+00
6.4359728636e-01	-3.0113116552e+00
6.4360317762e-01	-3.0113080192e+00
6.4359330685e-01	-3.0113043309e+00
6.4358301424e-01	-3.0113020242e+00
6.4357287459e-01	-3.0113002815e+00
6.4356266684e-01	-3.0112977785e+00
6.4355081866e-01	-3.0112750915e+00
6.4353950704e-01	-3.0112547624e+00
6.4352946404e-01	-3.0112397261e+00
6.4352184002e-01	-3.0112344435e+00
6.4351955762e-01	-3.0112504714e+00
6.4352859613e-01	-3.0113117170e+00
6.4356198155e-01	-3.0114700892e+00
6.4365532562e-01	-3.0118673553e+00
6.4381522179e-01	-3.0125241611e+00
6.4407923024e-01	-3.0135937366e+00
6.4444533113e-01	-3.0153116857e+00
6.4431406018e-01	-3.0160951419e+00
6.4420896228e-01	-3.0160118919e+00
6.4409810605e-01	-3.0159194494e+00
6.4397900414e-01	-3.0158206773e+00
6.4385547849e-01	-3.0157183196e+00
6.4372373404e-01	-3.0156123446e+00
6.4358367893e-01	-3.0155031635e+00
6.4343490469e-01	-3.0153909495e+00
6.4328562612e-01	-3.0152777581e+00
6.4313463525e-01	-3.0151634502e+00
6.4298216065e-01	-3.0150481816e+00
6.4282846863e-01	-3.0149320954e+00
6.4267363506e-01	-3.0148152750e+00
6.4251761534e-01	-3.0146977646e+00
6.4236021371e-01	-3.0145795651e+00
6.4220128205e-01	-3.0144606809e+00
6.4204007204e-01	-3.0143409736e+00
6.4187553574e-01	-3.0142202321e+00
6.4171019108e-01	-3.0140990599e+00
6.4154431648e-01	-3.0139775460e+00
6.4137791849e-01	-3.0138557143e+00
6.4121097495e-01	-3.0137335802e+00
6.4104347828e-01	-3.0136111597e+00
6.4087542549e-01	-3.0134878994e+00
6.4070681412e-01	-3.0133639438e+00
6.4053764050e-01	-3.0132397477e+00
6.4036790146e-01	-3.0131153255e+00
6.4019759310e-01	-3.0129906902e+00
6.4002671208e-01	-3.0128658538e+00
6.3985525433e-01	-3.0127408264e+00
6.3968321621e-01	-3.0126156159e+00
6.3951059399e-01	-3.0124902272e+00
6.3933738308e-01	-3.0123646600e+00
6.3916357942e-01	-3.0122389081e+00
6.3898917836e-01	-3.0121129572e+00
6.3881417518e-01	-3.0119867824e+00
6.3863856427e-01	-3.0118603450e+00
6.3846233976e-01	-3.0117335903e+00
6.3828549524e-01	-3.0116064441e+00
6.3810802345e-01	-3.0114788103e+00
6.3792991710e-01	-3.0113505692e+00
6.3775116815e-01	-3.0112215771e+00
6.3757176844e-01	-3.0110916679e+00
6.3739170883e-01	-3.0109606565e+00
6.3721098145e-01	-3.0108283467e+00
6.3702957371e-01	-3.0106945389e+00
6.3684747393e-01	-3.0105590437e+00
6.3666467688e-01	-3.0104216961e+00
6.3648117605e-01	-3.0102823663e+00
6.3629696680e-01	-3.0101409720e+00
6.3611204815e-01	-3.0099974854e+00
6.3592642524e-01	-3.0098519377e+00
6.3574010289e-01	-3.0097044128e+00
6.3555309034e-01	-3.0095550430e+00
6.3536539696e-01	-3.0094039957e+00
6.3517700491e-01	-3.0092514545e+00
6.3498790159e-01	-3.0090976127e+00
6.3479808838e-01	-3.0089426632e+00
6.3460756187e-01	-3.0087862245e+00
6.3441632363e-01	-3.0086282982e+00
6.3422437133e-01	-3.0084697503e+00
6.3403170147e-01	-3.0083107012e+00
6.3383831021e-01	-3.0081512486e+00
6.3364419398e-01	-3.0079914696e+00
6.3344934832e-01	-3.0078314223e+00
6.3325376853e-01	-3.0076711495e+00
6.3305745019e-01	-3.0075106851e+00
6.3286038865e-01	-3.0073500452e+00
6.3266257881e-01	-3.0071892444e+00
6.3246401568e-01	-3.0070282915e+00
6.3226469413e-01	-3.0068671916e+00
6.3206460899e-01	-3.0067059475e+00
6.3186375538e-01	-3.0065445613e+00
6.3166212794e-01	-3.0063830338e+00
6.3145972141e-01	-3.0062213663e+00
6.3125653055e-01	-3.0060595601e+00
6.3105255005e-01	-3.0058976171e+00
6.3084777457e-01	-3.0057355398e+00
6.3064219861e-01	-3.0055733310e+00
6.3043581694e-01	-3.0054109927e+00
6.3022862313e-01	-3.0052485082e+00
6.3002060268e-01	-3.0050856607e+00
6.2981165219e-01	-3.0049200655e+00
6.2960090573e-01	-3.0047264277e+00
6.2955509642e-01	-3.0045814163e+00
6.2954053027e-01	-3.0044880335e+00
6.2952607597e-01	-3.0043834240e+00
6.2951193458e-01	-3.0042848724e+00
6.2949781255e-01	-3.0042019369e+00
6.2948409614e-01	-3.0041423631e+00
6.2947070863e-01	-3.0040990457e+00
6.2945749560e-01	-3.0040638802e+00
6.2944417940e-01	-3.0040317774e+00
6.2943110301e-01	-3.0040029004e+00
6.2941832062e-01	-3.0039764852e+00
6.2940573454e-01	-3.0039514860e+00
6.2939381392e-01	-3.0039296196e+00
6.2938332586e-01	-3.0039139018e+00
6.2937562499e-01	-3.0039097527e+00
6.2937416014e-01	-3.0039313013e+00
6.2938589579e-01	-3.0040072468e+00
6.2942725776e-01	-3.0042047861e+00
6.2953433749e-01	-3.0046660884e+00
6.2971610794e-01	-3.0054220302e+00
6.3001463031e-01	-3.0066391388e+00
6.3050017412e-01	-3.0085790288e+00
6.3127200014e-01	-3.0116811141e+00
6.3120742697e-01	-3.0132304382e+00
6.3110266620e-01	-3.0131443208e+00
6.3098497648e-01	-3.0130467905e+00
6.3086152949e-01	-3.0129431075e+00
6.3073046415e-01	-3.0128349078e+00
6.3059349917e-01	-3.0127235018e+00
6.3044963622e-01	-3.0126091107e+00
6.3029827189e-01	-3.0124918691e+00
6.3013589564e-01	-3.0123711328e+00
6.2997061709e-01	-3.0122489642e+00
6.2980431015e-01	-3.0121259148e+00
6.2963623547e-01	-3.0120018927e+00
6.2946683907e-01	-3.0118770715e+00
6.2929610214e-01	-3.0117515020e+00
6.2912408187e-01	-3.0116252439e+00
6.2895061969e-01	-3.0114982986e+00
6.2877551004e-01	-3.0113706501e+00
6.2859812343e-01	-3.0112421774e+00
6.2841705820e-01	-3.0111125708e+00
6.2823478538e-01	-3.0109824442e+00
6.2805191122e-01	-3.0108519652e+00
6.2786844476e-01	-3.0107211569e+00
6.2768436740e-01	-3.0105900341e+00
6.2749966622e-01	-3.0104586105e+00
6.2731433721e-01	-3.0103265613e+00
6.2712837794e-01	-3.0101935312e+00
6.2694178446e-01	-3.0100602430e+00
6.2675455276e-01	-3.0099267095e+00
6.2656667863e-01	-3.0097929425e+00
6.2637815790e-01	-3.0096589521e+00
6.2618898623e-01	-3.0095247459e+00
6.2599915927e-01	-3.0093903285e+00
6.2580867264e-01	-3.0092557001e+00
6.2561752098e-01	-3.0091208542e+00
6.2542569973e-01	-3.0089857771e+00
6.2523320317e-01	-3.0088504439e+00
6.2504002517e-01	-3.0087148163e+00
6.2484615994e-01	-3.0085788408e+00
6.2465160002e-01	-3.0084424435e+00
6.2445633822e-01	-3.0083055292e+00
6.2426036680e-01	-3.0081679790e+00
6.2406367654e-01	-3.0080296490e+00
6.2386625884e-01	-3.0078903727e+00
6.2366810484e-01	-3.0077499647e+00
6.2346920468e-01	-3.0076082265e+00
6.2326954885e-01	-3.0074649570e+00
6.2306912243e-01	-3.0073199627e+00
6.2286791799e-01	-3.0071730740e+00
6.2266592889e-01	-3.0070241570e+00
6.2246314950e-01	-3.0068731244e+00
6.2225957769e-01	-3.0067199444e+00
6.2205521829e-01	-3.0065646449e+00
6.2185007629e-01	-3.0064073079e+00
6.2164416122e-01	-3.0062480651e+00
6.2143748277e-01	-3.0060870840e+00
6.2123002272e-01	-3.0059245491e+00
6.2102176582e-01	-3.0057606550e+00
6.2081271337e-01	-3.0055955968e+00
6.2060286104e-01	-3.0054289342e+00
6.2039221050e-01	-3.0052607522e+00
6.2018075812e-01	-3.0050918971e+00
6.1996850060e-01	-3.0049224915e+00
6.1975543318e-01	-3.0047526336e+00
6.1954155153e-01	-3.0045824010e+00
6.1932685100e-01	-3.0044118524e+00
6.1911132624e-01	-3.0042410305e+00
6.1889497193e-01	-3.0040699655e+00
6.1867778264e-01	-3.0038986781e+00
6.1845975278e-01	-3.0037271815e+00
6.1824087669e-01	-3.0035554835e+00
6.1802114864e-01	-3.0033835889e+00
6.1780056265e-01	-3.0032114997e+00
6.1757911324e-01	-3.0030392174e+00
6.1735679429e-01	-3.0028667424e+00
6.1713359997e-01	-3.0026940755e+00
6.1690952416e-01	-3.0025212175e+00
6.1668456104e-01	-3.0023481699e+00
6.1645870445e-01	-3.0021749349e+00
6.1623194830e-01	-3.0020015147e+00
6.1600428624e-01	-3.0018279112e+00
6.1577571158e-01	-3.0016541116e+00
6.1554620888e-01	-3.0014799427e+00
6.1531567885e-01	-3.0013034938e+00
6.1508341319e-01	-3.0011044436e+00
6.1500856529e-01	-3.0009284344e+00
6.1499278957e-01	-3.0008319381e+00
6.1497714646e-01	-3.0007245974e+00
6.1496182224e-01	-3.0006238499e+00
6.1494649755e-01	-3.0005390242e+00
6.1493160167e-01	-3.0004786807e+00
6.1491704131e-01	-3.0004342798e+00
6.1490263718e-01	-3.0003976740e+00
6.1488814806e-01	-3.0003641490e+00
6.1487391415e-01	-3.0003338581e+00
6.1485999648e-01	-3.0003060830e+00
6.1484626981e-01	-3.0002796524e+00
6.1483331498e-01	-3.0002567489e+00
6.1482195008e-01	-3.0002405373e+00
6.1481373497e-01	-3.0002371671e+00
6.1481262419e-01	-3.0002626319e+00
6.1482659934e-01	-3.0003493049e+00
6.1487558075e-01	-3.0005776251e+00
6.1498369767e-01	-3.0010364673e+00
6.1516644647e-01	-3.0017853484e+00
6.1546652966e-01	-3.0029905961e+00
6.1595470799e-01	-3.0049116362e+00
6.1674072768e-01	-3.0079768608e+00
6.1601879120e-01	-3.0116103542e+00
6.1416356518e-01	-3.0146864433e+00
6.1203312233e-01	-3.0174177200e+00
6.0980069463e-01	-3.0213599960e+00
5.8852827174e-01	-3.0173559323e+00
5.8853361736e-01	-3.0173404974e+00
5.8853275691e-01	-3.0173317328e+00
5.8851834728e-01	-3.0173372218e+00
5.8847394714e-01	-3.0173740727e+00
5.8836494883e-01	-3.0174777746e+00
5.8811447654e-01	-3.0177270530e+00
5.8770748747e-01	-3.0181395053e+00
5.8705674215e-01	-3.0188017732e+00
5.8595538819e-01	-3.0198166165e+00
5.8414025608e-01	-3.0213292532e+00
5.8198759655e-01	-3.0228966211e+00
5.8197380814e-01	-3.0229768831e+00
5.8195302015e-01	-3.0230671923e+00
5.8191919728e-01	-3.0231798483e+00
5.8185259796e-01	-3.0233529264e+00
5.8181330704e-01	-3.0234598660e+00
5.8177732190e-01	-3.0235495821e+00
5.8172585041e-01	-3.0236354177e+00
5.8164282066e-01	-3.0236854326e+00
5.8153695974e-01	-3.0237487331e+00
5.8141488220e-01	-3.0238211342e+00
5.8126715060e-01	-3.0239078441e+00
5.8113190348e-01	-3.0239864281e+00
5.8096434868e-01	-3.0240829232e+00
5.8079291248e-01	-3.0249827942e+00
5.7346883679e-01	-3.0229583103e+00
5.7342335766e-01	-3.0229224697e+00
5.7337604256e-01	-3.0228588400e+00
5.7332683324e-01	-3.0227831310e+00
5.7327616159e-01	-3.0227012568e+00
5.7322433557e-01	-3.0226158987e+00
5.7317152746e-01	-3.0225283978e+00
5.7311348124e-01	-3.0224382417e+00
5.7305040777e-01	-3.0223458407e+00
5.7298654813e-01	-3.0222525370e+00
5.7292021696e-01	-3.0221579375e+00
5.7285312952e-01	-3.0220625186e+00
5.7278528972e-01	-3.0219662428e+00
5.7271665726e-01	-3.0218690298e+00
5.7264718053e-01	-3.0217707743e+00
5.7257682467e-01	-3.0216705735e+00
5.7250554541e-01	-3.0215688270e+00
5.7243331352e-01	-3.0214656818e+00
5.7236010578e-01	-3.0213610442e+00
5.7228590669e-01	-3.0212548462e+00
5.7221070972e-01	-3.0211470526e+00
5.7213447211e-01	-3.0210376549e+00
5.7205720392e-01	-3.0209266719e+00
5.7197892693e-01	-3.0208141452e+00
5.7189968856e-01	-3.0207001674e+00
5.7181952147e-01	-3.0205848629e+00
5.7173845264e-01	-3.0204683694e+00
5.7165650554e-01	-3.0203508187e+00
5.7157370005e-01	-3.0202323305e+00
5.7149005476e-01	-3.0201130119e+00
5.7140560527e-01	-3.0199929567e+00
5.7132039452e-01	-3.0198722489e+00
5.7123441265e-01	-3.0197509436e+00
5.7114764520e-01	-3.0196290235e+00
5.7106008514e-01	-3.0195053487e+00
5.7097172516e-01	-3.0193811728e+00
5.7088256554e-01	-3.0192565194e+00
5.7079260582e-01	-3.0191314072e+00
5.7070184408e-01	-3.0190058509e+00
5.7061027774e-01	-3.0188798621e+00
5.7051790324e-01	-3.0187534504e+00
5.7042471592e-01	-3.0186266229e+00
5.7033071037e-01	-3.0184993850e+00
5.7023584288e-01	-3.0183717328e+00
5.7013232687e-01	-3.0182414653e+00
5.7002752121e-01	-3.0181105868e+00
5.6992188371e-01	-3.0179792633e+00
5.6981541095e-01	-3.0178475234e+00
5.6970809911e-01	-3.0177153828e+00
5.6959873123e-01	-3.0175825141e+00
5.6948811235e-01	-3.0174491452e+00
5.6937668579e-01	-3.0173154027e+00
5.6926441568e-01	-3.0171804779e+00
5.6915126867e-01	-3.0170446047e+00
5.6903723742e-01	-3.0169083450e+00
5.6892231517e-01	-3.0167717051e+00
5.6880648498e-01	-3.0166346509e+00
5.6868962082e-01	-3.0164968367e+00
5.6857047906e-01	-3.0163544878e+00
5.6845704259e-01	-3.0161771384e+00
5.6846728707e-01	-3.0161072893e+00
5.6847231756e-01	-3.0160463729e+00
5.6847788856e-01	-3.0159877169e+00
5.6848491613e-01	-3.0159385066e+00
5.6849451056e-01	-3.0158983043e+00
5.6850506676e-01	-3.0158670580e+00
5.6851598428e-01	-3.0158409754e+00
5.6852742289e-01	-3.0158173857e+00
5.6853946808e-01	-3.0157950444e+00
5.6855102247e-01	-3.0157743282e+00
5.6856177160e-01	-3.0157550375e+00
5.6857235398e-01	-3.0157363284e+00
5.6858030163e-01	-3.0157202380e+00
5.6858313723e-01	-3.0157088487e+00
5.6857555381e-01	-3.0157068444e+00
5.6854399117e-01	-3.0157262338e+00
5.6846111325e-01	-3.0157912289e+00
5.6825618615e-01	-3.0159642486e+00
5.6801577928e-01	-3.0161705197e+00
5.6772095257e-01	-3.0164235374e+00
5.6741135072e-01	-3.0166902800e+00
5.6701926458e-01	-3.0170119268e+00
5.6653985127e-01	-3.0173572072e+00
5.6588790101e-01	-3.0178131264e+00
5.6505268843e-01	-3.0183752803e+00
5.6372513582e-01	-3.0192212771e+00
5.6143843923e-01	-3.0203629524e+00
5.5903168740e-01	-3.0213452153e+00
5.5714952819e-01	-3.0218863492e+00
5.5564445500e-01	-3.0221959746e+00
5.5446082705e-01	-3.0223895425e+00
5.5362087003e-01	-3.0225248131e+00
5.5292340111e-01	-3.0231619718e+00
5.4809494701e-01	-3.0205635627e+00
5.4804627701e-01	-3.0204975027e+00
5.4799830602e-01	-3.0204305851e+00
5.4795005416e-01	-3.0203641348e+00
5.4790128478e-01	-3.0202976444e+00
5.4785196466e-01	-3.0202308074e+00
5.4780216162e-01	-3.0201635229e+00
5.4775186681e-01	-3.0200957672e+00
5.4770110420e-01	-3.0200270067e+00
5.4764984949e-01	-3.0199576526e+00
5.4759812426e-01	-3.0198879499e+00
5.4754594022e-01	-3.0198179483e+00
5.4748412635e-01	-3.0197449065e+00
5.4742150475e-01	-3.0196715192e+00
5.4735847048e-01	-3.0195979183e+00
5.4729499144e-01	-3.0195240949e+00
5.4723102751e-01	-3.0194500266e+00
5.4716653233e-01	-3.0193756794e+00
5.4710145480e-01	-3.0193010099e+00
5.4703574045e-01	-3.0192259666e+00
5.4696933277e-01	-3.0191504915e+00
5.4690217434e-01	-3.0190745226e+00
5.4683247575e-01	-3.0189974689e+00
5.4676186181e-01	-3.0189197749e+00
5.4669040905e-01	-3.0188412209e+00
5.4661801188e-01	-3.0187613262e+00
5.4654460207e-01	-3.0186806083e+00
5.4647014059e-01	-3.0185990143e+00
5.4639456343e-01	-3.0185164909e+00
5.4631776497e-01	-3.0184329176e+00
5.4623982130e-01	-3.0183482638e+00
5.4616074410e-01	-3.0182625832e+00
5.4608053803e-01	-3.0181758980e+00
5.4599921087e-01	-3.0180882248e+00
5.4591676963e-01	-3.0179995704e+00
5.4583312679e-01	-3.0179097795e+00
5.4574751178e-01	-3.0178169652e+00
5.4565391045e-01	-3.0177040194e+00
5.4568010524e-01	-3.0176604694e+00
5.4569269256e-01	-3.0176307555e+00
5.4570569162e-01	-3.0176034021e+00
5.4571969149e-01	-3.0175809829e+00
5.4573592438e-01	-3.0175625685e+00
5.4575253175e-01	-3.0175478234e+00
5.4576913201e-01	-3.0175352479e+00
5.4578620073e-01	-3.0175237506e+00
5.4580386858e-01	-3.0175126922e+00
5.4582087609e-01	-3.0175023062e+00
5.4583690859e-01	-3.0174925336e+00
5.4585293849e-01	-3.0174829410e+00
5.4586593172e-01	-3.0174744054e+00
5.4587323795e-01	-3.0174676928e+00
5.4586910768e-01	-3.0174645576e+00
5.4583828021e-01	-3.0174696965e+00
5.4575018916e-01	-3.0174924251e+00
5.4553451402e-01	-3.0175522885e+00
5.4517542242e-01	-3.0176507688e+00
5.4458858476e-01	-3.0177969309e+00
5.4363152519e-01	-3.0179884822e+00
5.4205694715e-01	-3.0182248540e+00
5.3948982877e-01	-3.0183727293e+00
5.3760159944e-01	-3.0182924956e+00
5.3621717434e-01	-3.0182316224e+00
5.3517423542e-01	-3.0181064022e+00
5.3428628014e-01	-3.0179379539e+00
5.3352288958e-01	-3.0177644799e+00
5.3229210214e-01	-3.0174570466e+00
5.3061625235e-01	-3.0180112713e+00
5.1982719690e-01	-3.0155202713e+00
5.1978751692e-01	-3.0155019835e+00
5.1975010210e-01	-3.0154844899e+00
5.1971433214e-01	-3.0154672994e+00
5.1967954918e-01	-3.0154500689e+00
5.1964522360e-01	-3.0154325693e+00
5.1961111328e-01	-3.0154147576e+00
5.1957705191e-01	-3.0153965749e+00
5.1954291450e-01	-3.0153779822e+00
5.1950859918e-01	-3.0153589507e+00
5.1947375941e-01	-3.0153393719e+00
5.1942976363e-01	-3.0153163862e+00
5.1938544905e-01	-3.0152929327e+00
5.1934072435e-01	-3.0152689848e+00
5.1929550011e-01	-3.0152445141e+00
5.1924968782e-01	-3.0152194896e+00
5.1920319934e-01	-3.0151938769e+00
5.1915594617e-01	-3.0151676383e+00
5.1910710565e-01	-3.0151404878e+00
5.1905591090e-01	-3.0151121544e+00
5.1900376827e-01	-3.0150830859e+00
5.1895057252e-01	-3.0150532240e+00
5.1889619231e-01	-3.0150222937e+00
5.1884049165e-01	-3.0149904046e+00
5.1878337896e-01	-3.0149574957e+00
5.1872476410e-01	-3.0149234988e+00
5.1866455893e-01	-3.0148883435e+00
5.1860267881e-01	-3.0148519575e+00
5.1853904378e-01	-3.0148142677e+00
5.1847358083e-01	-3.0147752017e+00
5.1840622578e-01	-3.0147346893e+00
5.1833692624e-01	-3.0146926642e+00
5.1826564503e-01	-3.0146490677e+00
5.1819236312e-01	-3.0146038507e+00
5.1811707946e-01	-3.0145569769e+00
5.1803952008e-01	-3.0145083075e+00
5.1795979690e-01	-3.0144577749e+00
5.1787825277e-01	-3.0144055417e+00
5.1779511299e-01	-3.0143515250e+00
5.1771042265e-01	-3.0142957839e+00
5.1762433431e-01	-3.0142386136e+00
5.1753702631e-01	-3.0141801471e+00
5.1744868219e-01	-3.0141205335e+00
5.1735948221e-01	-3.0140599314e+00
5.1726959540e-01	-3.0139985023e+00
5.1717917241e-01	-3.0139364027e+00
5.1708833969e-01	-3.0138737769e+00
5.1699719212e-01	-3.0138107456e+00
5.1690574650e-01	-3.0137473321e+00
5.1681342898e-01	-3.0136826989e+00
5.1671557717e-01	-3.0136088160e+00
5.1674303643e-01	-3.0135918425e+00
5.1675914226e-01	-3.0135819497e+00
5.1677562737e-01	-3.0135733932e+00
5.1679293098e-01	-3.0135668996e+00
5.1681227730e-01	-3.0135623563e+00
5.1683173927e-01	-3.0135592679e+00
5.1685104013e-01	-3.0135570289e+00
5.1687094989e-01	-3.0135553249e+00
5.1689130231e-01	-3.0135539762e+00
5.1691090952e-01	-3.0135528059e+00
5.1692967232e-01	-3.0135517227e+00
5.1694825849e-01	-3.0135507166e+00
5.1696351894e-01	-3.0135495659e+00
5.1697249899e-01	-3.0135480625e+00
5.1696868059e-01	-3.0135457909e+00
5.1693449947e-01	-3.0135416595e+00
5.1683465167e-01	-3.0135335649e+00
5.1664776298e-01	-3.0135209897e+00
5.1634198326e-01	-3.0135018534e+00
5.1585660061e-01	-3.0134737534e+00
5.1508743751e-01	-3.0134152090e+00
5.1378448696e-01	-3.0132033021e+00
5.1169577850e-01	-3.0126854468e+00
5.0933780748e-01	-3.0119712745e+00
5.0769412830e-01	-3.0113230832e+00
5.0631939724e-01	-3.0107470491e+00
5.0519238091e-01	-3.0102631165e+00
5.0341708772e-01	-3.0094527749e+00
5.0143188013e-01	-3.0082104862e+00
5.0011902454e-01	-3.0075427429e+00
4.9621513219e-01	-3.0061358413e+00
4.9617441807e-01	-3.0061704944e+00
4.9612491480e-01	-3.0061999816e+00
4.9606851668e-01	-3.0062312794e+00
4.9600488223e-01	-3.0062636377e+00
4.9593643571e-01	-3.0062974407e+00
4.9586413856e-01	-3.0063328161e+00
4.9578908313e-01	-3.0063688407e+00
4.9571274003e-01	-3.0064044314e+00
4.9563664334e-01	-3.0064389666e+00
4.9556213063e-01	-3.0064718284e+00
4.9549016555e-01	-3.0065025080e+00
4.9542131401e-01	-3.0065306796e+00
4.9535584375e-01	-3.0065562236e+00
4.9529388653e-01	-3.0065792170e+00
4.9523524785e-01	-3.0066001497e+00
4.9517939916e-01	-3.0066191241e+00
4.9512598490e-01	-3.0066358691e+00
4.9507467074e-01	-3.0066505933e+00
4.9502513558e-01	-3.0066634919e+00
4.9497708061e-01	-3.0066747401e+00
4.9493023272e-01	-3.0066844919e+00
4.9488434517e-01	-3.0066928804e+00
4.9483919651e-01	-3.0067000195e+00
4.9479458803e-01	-3.0067060060e+00
4.9475034165e-01	-3.0067109217e+00
4.9470629935e-01	-3.0067148371e+00
4.9466231749e-01	-3.0067178095e+00
4.9461829611e-01	-3.0067198995e+00
4.9457423866e-01	-3.0067211938e+00
4.9453006195e-01	-3.0067219356e+00
4.9448548632e-01	-3.0067220253e+00
4.9444041237e-01	-3.0067213263e+00
4.9439475431e-01	-3.0067198592e+00
4.9434843147e-01	-3.0067176404e+00
4.9430136710e-01	-3.0067146826e+00
4.9425348775e-01	-3.0067109953e+00
4.9420472237e-01	-3.0067065848e+00
4.9415500166e-01	-3.0067014549e+00
4.9410425738e-01	-3.0066956066e+00
4.9405242168e-01	-3.0066890382e+00
4.9399942675e-01	-3.0066817459e+00
4.9394520387e-01	-3.0066737231e+00
4.9388968307e-01	-3.0066649609e+00
4.9383279260e-01	-3.0066554477e+00
4.9377445833e-01	-3.0066451691e+00
4.9371460316e-01	-3.0066341079e+00
4.9365314568e-01	-3.0066222437e+00
4.9358998981e-01	-3.0066095551e+00
4.9352497433e-01	-3.0065960546e+00
4.9345690957e-01	-3.0065820689e+00
4.9345764444e-01	-3.0065964562e+00
4.9348038901e-01	-3.0066091728e+00
4.9350302467e-01	-3.0066214431e+00
4.9352583501e-01	-3.0066332227e+00
4.9355058020e-01	-3.0066454160e+00
4.9357499849e-01	-3.0066571262e+00
4.9359891490e-01	-3.0066684137e+00
4.9362325893e-01	-3.0066797691e+00
4.9364798937e-01	-3.0066912136e+00
4.9367176164e-01	-3.0067021824e+00
4.9369456674e-01	-3.0067126912e+00
4.9371729567e-01	-3.0067231413e+00
4.9373669043e-01	-3.0067321149e+00
4.9375001218e-01	-3.0067384224e+00
4.9375143738e-01	-3.0067395239e+00
4.9372381697e-01	-3.0067279286e+00
4.9363192319e-01	-3.0066881962e+00
4.9346417893e-01	-3.0066149712e+00
4.9317848399e-01	-3.0064894632e+00
4.9270303555e-01	-3.0062792567e+00
4.9192080125e-01	-3.0059294236e+00
4.9065483386e-01	-3.0053457884e+00
4.8873160817e-01	-3.0043549683e+00
4.8737533194e-01	-3.0032417829e+00
4.8628458938e-01	-3.0023241515e+00
4.8528476109e-01	-3.0016577579e+00
4.8441015612e-01	-3.0011259631e+00
4.8300995298e-01	-3.0002983084e+00
4.8077626179e-01	-2.9989607265e+00
4.7912529328e-01	-2.9978930598e+00
4.7716862903e-01	-2.9959027040e+00
4.7687743169e-01	-2.9944235091e+00
4.7635829222e-01	-2.9943971602e+00
4.7708829491e-01	-2.9915402584e+00
4.7703000469e-01	-2.9916224914e+00
4.7693050737e-01	-2.9917346203e+00
4.7680634735e-01	-2.9918983109e+00
4.7667332293e-01	-2.9920924323e+00
4.7655013341e-01	-2.9922904142e+00
4.7644669604e-01	-2.9924711943e+00
4.7636385146e-01	-2.9926267213e+00
4.7629741362e-01	-2.9927617263e+00
4.7624277845e-01	-2.9928772604e+00
4.7619691990e-01	-2.9929771527e+00
4.7615763630e-01	-2.9930650381e+00
4.7612333955e-01	-2.9931435706e+00
4.7609287333e-01	-2.9932146737e+00
4.7606538442e-01	-2.9932797437e+00
4.7604019362e-01	-2.9933398123e+00
4.7601680580e-01	-2.9933956983e+00
4.7599494997e-01	-2.9934480792e+00
4.7597434244e-01	-2.9934979184e+00
4.7595452488e-01	-2.9935458029e+00
4.7593523714e-01	-2.9935912358e+00
4.7591629241e-01	-2.9936344870e+00
4.7589753198e-01	-2.9936757805e+00
4.7587881972e-01	-2.9937153041e+00
4.7586003778e-01	-2.9937532167e+00
4.7584108334e-01	-2.9937896534e+00
4.7582186606e-01	-2.9938247299e+00
4.7580230594e-01	-2.9938585456e+00
4.7578233163e-01	-2.9938911866e+00
4.7576187907e-01	-2.9939227277e+00
4.7574089037e-01	-2.9939532336e+00
4.7571931266e-01	-2.9939827621e+00
4.7569709765e-01	-2.9940113634e+00
4.7567420061e-01	-2.9940390820e+00
4.7565057990e-01	-2.9940659575e+00
4.7562619645e-01	-2.9940920251e+00
4.7560101340e-01	-2.9941173168e+00
4.7557500532e-01	-2.9941418655e+00
4.7554833543e-01	-2.9941657782e+00
4.7552097412e-01	-2.9941898257e+00
4.7549267893e-01	-2.9942133356e+00
4.7546341830e-01	-2.9942361791e+00
4.7543316084e-01	-2.9942583769e+00
4.7540187496e-01	-2.9942799487e+00
4.7536952870e-01	-2.9943009135e+00
4.7533608931e-01	-2.9943212900e+00
4.7530152305e-01	-2.9943410963e+00
4.7526579487e-01	-2.9943603507e+00
4.7522886810e-01	-2.9943790717e+00
4.7519070408e-01	-2.9943972781e+00
4.7515126182e-01	-2.9944149894e+00
4.7511049734e-01	-2.9944322262e+00
4.7506836126e-01	-2.9944490141e+00
4.7502477672e-01	-2.9944654227e+00
4.7497941483e-01	-2.9944819728e+00
4.7492997169e-01	-2.9945030953e+00
4.7497454437e-01	-2.9945489160e+00
4.7500170727e-01	-2.9945741867e+00
4.7502862996e-01	-2.9945981240e+00
4.7505574947e-01	-2.9946206756e+00
4.7508458800e-01	-2.9946431944e+00
4.7511293435e-01	-2.9946645285e+00
4.7514066259e-01	-2.9946849546e+00
4.7516910914e-01	-2.9947055680e+00
4.7519770636e-01	-2.9947261065e+00
4.7522526273e-01	-2.9947458677e+00
4.7525208390e-01	-2.9947651042e+00
4.7527857779e-01	-2.9947841123e+00
4.7530148388e-01	-2.9948007745e+00
4.7531801904e-01	-2.9948132656e+00
4.7532133289e-01	-2.9948170699e+00
4.7529281814e-01	-2.9947999575e+00
4.7519208334e-01	-2.9947355936e+00
4.7500705690e-01	-2.9946164269e+00
4.7469304659e-01	-2.9944152559e+00
4.7417423173e-01	-2.9940859229e+00
4.7332704174e-01	-2.9935522574e+00
4.7195894916e-01	-2.9926854908e+00
4.7181833276e-01	-2.9925791890e+00
4.7183404252e-01	-2.9925712496e+00
4.7184133946e-01	-2.9925546437e+00
4.7182758728e-01	-2.9925171854e+00
4.7180256055e-01	-2.9924804246e+00
4.7177448395e-01	-2.9924434892e+00
4.7169827498e-01	-2.9923911438e+00
4.7158651909e-01	-2.9923180278e+00
4.7143042633e-01	-2.9922153289e+00
4.7127796990e-01	-2.9921143000e+00
4.7107919831e-01	-2.9919813746e+00
4.7085245050e-01	-2.9918279561e+00
4.7053137075e-01	-2.9916072721e+00
4.7015231956e-01	-2.9913377206e+00
4.6954920358e-01	-2.9908847444e+00
4.6866634129e-01	-2.9900874284e+00
4.6806802709e-01	-2.9885413925e+00
4.6764917066e-01	-2.9873020722e+00
4.6708612420e-01	-2.9866323728e+00
4.6659181036e-01	-2.9861617059e+00
4.6576058273e-01	-2.9854563711e+00
4.6435821991e-01	-2.9843785813e+00
4.6215419825e-01	-2.9827490003e+00
4.5875399020e-01	-2.9802279842e+00
4.5619383795e-01	-2.9782817773e+00
4.5425542199e-01	-2.9767243389e+00
4.5280110059e-01	-2.9754268094e+00
4.5177027271e-01	-2.9754093116e+00
4.3871286557e-01	-2.9713996457e+00
4.3861018592e-01	-2.9721631430e+00
4.3857088403e-01	-2.9722808910e+00
4.3853692027e-01	-2.9723599509e+00
4.3850418495e-01	-2.9724273600e+00
4.3847164624e-01	-2.9724896234e+00
4.3843896040e-01	-2.9725485928e+00
4.3840596506e-01	-2.9726049364e+00
4.3837255452e-01	-2.9726589928e+00
4.3833864649e-01	-2.9727109906e+00
4.3830348460e-01	-2.9727607768e+00
4.3826572986e-01	-2.9728078810e+00
4.3822732890e-01	-2.9728533920e+00
4.3818831138e-01	-2.9728980559e+00
4.3814854820e-01	-2.9729421951e+00
4.3810798043e-01	-2.9729849751e+00
4.3806657552e-01	-2.9730264662e+00
4.3802430396e-01	-2.9730667291e+00
4.3798113884e-01	-2.9731058167e+00
4.3793705541e-01	-2.9731437747e+00
4.3789203102e-01	-2.9731806430e+00
4.3784604451e-01	-2.9732164563e+00
4.3779907622e-01	-2.9732512448e+00
4.3775110773e-01	-2.9732850348e+00
4.3770212169e-01	-2.9733178495e+00
4.3765210163e-01	-2.9733497089e+00
4.3760103121e-01	-2.9733806339e+00
4.3754888767e-01	-2.9734106758e+00
4.3749557543e-01	-2.9734402270e+00
4.3744034888e-01	-2.9734728762e+00
4.3747005465e-01	-2.9735480002e+00
4.3750081158e-01	-2.9735827799e+00
4.3753113897e-01	-2.9736155955e+00
4.3756138145e-01	-2.9736465415e+00
4.3759331471e-01	-2.9736775691e+00
4.3762457587e-01	-2.9737070386e+00
4.3765510564e-01	-2.9737352888e+00
4.3768646857e-01	-2.9737638500e+00
4.3771797085e-01	-2.9737922685e+00
4.3774843718e-01	-2.9738196688e+00
4.3777844020e-01	-2.9738465820e+00
4.3780832513e-01	-2.9738733256e+00
4.3783505279e-01	-2.9738974482e+00
4.3785651862e-01	-2.9739172565e+00
4.3786689641e-01	-2.9739280227e+00
4.3784984145e-01	-2.9739164593e+00
4.3779531374e-01	-2.9738739013e+00
4.3769031465e-01	-2.9737898502e+00
4.3750792332e-01	-2.9736423146e+00
4.3720390851e-01	-2.9733944754e+00
4.3670731781e-01	-2.9729859978e+00
4.3590632646e-01	-2.9723175402e+00
4.3462821305e-01	-2.9712177932e+00
4.3261956124e-01	-2.9693205392e+00
4.3144901318e-01	-2.9669282977e+00
4.3168338647e-01	-2.9670459044e+00
4.3188072220e-01	-2.9671448117e+00
4.3194123536e-01	-2.9665989387e+00
4.3203273574e-01	-2.9657281094e+00
4.3217566689e-01	-2.9643540292e+00
4.3228462745e-01	-2.9632864474e+00
4.3224074240e-01	-2.9629827102e+00
4.3217098340e-01	-2.9628839213e+00
4.3205771914e-01	-2.9627309291e+00
4.3187321831e-01	-2.9624966142e+00
4.3157229178e-01	-2.9621416737e+00
4.3108215551e-01	-2.9616078322e+00
4.3028957081e-01	-2.9608105712e+00
4.2953984777e-01	-2.9600642674e+00
4.2956907345e-01	-2.9600539300e+00
4.2957791096e-01	-2.9600183014e+00
4.2955566296e-01	-2.9599570580e+00
4.2946677743e-01	-2.9598495044e+00
4.2925817696e-01	-2.9596565873e+00
4.2894229865e-01	-2.9593665119e+00
4.2843266486e-01	-2.9589030082e+00
4.2760938343e-01	-2.9581619960e+00
4.2630945096e-01	-2.9569950410e+00
4.2427423518e-01	-2.9556162114e+00
4.2691944182e-01	-2.9549978669e+00
4.2695579849e-01	-2.9550470835e+00
4.2698396017e-01	-2.9550723571e+00
4.2700780032e-01	-2.9551230539e+00
4.2702912212e-01	-2.9551885860e+00
4.2704882696e-01	-2.9552607834e+00
4.2706734427e-01	-2.9553358476e+00
4.2708486015e-01	-2.9554121193e+00
4.2710144932e-01	-2.9554888938e+00
4.2711713814e-01	-2.9555658775e+00
4.2713193516e-01	-2.9556429471e+00
4.2714583983e-01	-2.9557200441e+00
4.2715884496e-01	-2.9557971269e+00
4.2717094485e-01	-2.9558756623e+00
4.2718213304e-01	-2.9559543115e+00
4.2719240367e-01	-2.9560328342e+00
4.2720175018e-01	-2.9561111898e+00
4.2721016476e-01	-2.9561893414e+00
4.2721763794e-01	-2.9562672593e+00
4.2722415827e-01	-2.9563449236e+00
4.2722971196e-01	-2.9564223238e+00
4.2723428271e-01	-2.9564994598e+00
4.2723785157e-01	-2.9565763427e+00
4.2724039677e-01	-2.9566529939e+00
4.2724189342e-01	-2.9567294445e+00
4.2724231335e-01	-2.9568057351e+00
4.2724162471e-01	-2.9568819163e+00
4.2723979155e-01	-2.9569580491e+00
4.2723677322e-01	-2.9570342051e+00
4.2723252361e-01	-2.9571104682e+00
4.2722699023e-01	-2.9571869357e+00
4.2722011301e-01	-2.9572637210e+00
4.2721182273e-01	-2.9573409567e+00
4.2720203909e-01	-2.9574187979e+00
4.2719067446e-01	-2.9574974313e+00
4.2717765900e-01	-2.9575770951e+00
4.2716283972e-01	-2.9576604579e+00
4.2714603193e-01	-2.9577455885e+00
4.2712703948e-01	-2.9578327737e+00
4.2710561768e-01	-2.9579225152e+00
4.2708145503e-01	-2.9580154495e+00
4.2705414531e-01	-2.9581124024e+00
4.2702314255e-01	-2.9582144745e+00
4.2698768515e-01	-2.9583231836e+00
4.2694665714e-01	-2.9584407171e+00
4.2689831115e-01	-2.9585704221e+00
4.2683963762e-01	-2.9587178719e+00
4.2676461439e-01	-2.9588936391e+00
4.2665747222e-01	-2.9591250380e+00
4.2642648948e-01	-2.9595241888e+00
4.2583663061e-01	-2.9601094354e+00
4.2523050142e-01	-2.9619698384e+00
4.2502717987e-01	-2.9628419655e+00
4.2496624167e-01	-2.9629989426e+00
4.2491546508e-01	-2.9631144829e+00
4.2486876214e-01	-2.9633352831e+00
4.2138908327e-01	-2.9632058688e+00
4.2136862137e-01	-2.9633063368e+00
4.2134979817e-01	-2.9634099427e+00
4.2133320475e-01	-2.9635081162e+00
4.2131849408e-01	-2.9636000685e+00
4.2130521929e-01	-2.9636865100e+00
4.2129299078e-01	-2.9637682993e+00
4.2128148993e-01	-2.9638461852e+00
4.2127045725e-01	-2.9639207832e+00
4.2125846828e-01	-2.9639919523e+00
4.2124556293e-01	-2.9640602209e+00
4.2123265026e-01	-2.9641264921e+00
4.2121963227e-01	-2.9641910635e+00
4.2120637947e-01	-2.9642554356e+00
4.2119273728e-01	-2.9643188485e+00
4.2117862973e-01	-2.9643810580e+00
4.2116399405e-01	-2.9644421800e+00
4.2114877910e-01	-2.9645022967e+00
4.2113294326e-01	-2.9645614636e+00
4.2111645296e-01	-2.9646197136e+00
4.2109928089e-01	-2.9646770632e+00
4.2108140413e-01	-2.9647335187e+00
4.2106280316e-01	-2.9647890797e+00
4.2104346060e-01	-2.9648437432e+00
4.2102336027e-01	-2.9648975065e+00
4.2100248676e-01	-2.9649503684e+00
4.2098082504e-01	-2.9650023298e+00
4.2095836026e-01	-2.9650533943e+00
4.2093507759e-01	-2.9651035673e+00
4.2091096218e-01	-2.9651528565e+00
4.2088599941e-01	-2.9652012701e+00
4.2086017444e-01	-2.9652488176e+00
4.2083347510e-01	-2.9652955100e+00
4.2080593447e-01	-2.9653413825e+00
4.2077760407e-01	-2.9653864791e+00
4.2074841285e-01	-2.9654324954e+00
4.2071828621e-01	-2.9654776818e+00
4.2068720967e-01	-2.9655220420e+00
4.2065516868e-01	-2.9655655847e+00
4.2062214872e-01	-2.9656083180e+00
4.2058813512e-01	-2.9656502493e+00
4.2055311288e-01	-2.9656913862e+00
4.2051706677e-01	-2.9657317360e+00
4.2047998125e-01	-2.9657713061e+00
4.2044184031e-01	-2.9658101033e+00
4.2040262729e-01	-2.9658481360e+00
4.2036232523e-01	-2.9658854119e+00
4.2032091637e-01	-2.9659219392e+00
4.2027838200e-01	-2.9659577271e+00
4.2023470254e-01	-2.9659927854e+00
4.2018985730e-01	-2.9660271249e+00
4.2014382441e-01	-2.9660607574e+00
4.2009658054e-01	-2.9660936962e+00
4.2004810076e-01	-2.9661259560e+00
4.1999835830e-01	-2.9661575533e+00
4.1994732429e-01	-2.9661885067e+00
4.1989499479e-01	-2.9662188517e+00
4.1984159406e-01	-2.9662494969e+00
4.1978687402e-01	-2.9662808840e+00
4.1973072206e-01	-2.9663117294e+00
4.1967309349e-01	-2.9663420699e+00
4.1961393862e-01	-2.9663719471e+00
4.1955320021e-01	-2.9664014115e+00
4.1949080879e-01	-2.9664305396e+00
4.1942663586e-01	-2.9664596203e+00
4.1936004368e-01	-2.9664910125e+00
4.1935271722e-01	-2.9665722806e+00
4.1938213013e-01	-2.9666131286e+00
4.1941105149e-01	-2.9666521575e+00
4.1943948040e-01	-2.9666887130e+00
4.1946948658e-01	-2.9667255284e+00
4.1949868884e-01	-2.9667610161e+00
4.1952614873e-01	-2.9667957781e+00
4.1955102433e-01	-2.9668326448e+00
4.1956317584e-01	-2.9668794665e+00
4.1952991086e-01	-2.9669411190e+00
4.1949123203e-01	-2.9670009858e+00
4.1944980743e-01	-2.9670628268e+00
4.1939646201e-01	-2.9671163205e+00
4.1935002233e-01	-2.9671734944e+00
4.1938967916e-01	-2.9672235314e+00
4.1941744633e-01	-2.9672603354e+00
4.1944436173e-01	-2.9672969476e+00
4.1947083396e-01	-2.9673337043e+00
4.1949769929e-01	-2.9673715388e+00
4.1952295477e-01	-2.9674080218e+00
4.1954628066e-01	-2.9674427311e+00
4.1956870340e-01	-2.9674769905e+00
4.1958836659e-01	-2.9675082997e+00
4.1960356596e-01	-2.9675344900e+00
4.1961308103e-01	-2.9675539372e+00
4.1961305275e-01	-2.9675615241e+00
4.1959716834e-01	-2.9675488876e+00
4.1955358641e-01	-2.9675012360e+00
4.1946097289e-01	-2.9673934461e+00
4.1928495304e-01	-2.9671903661e+00
4.1896920546e-01	-2.9668460886e+00
4.1841974728e-01	-2.9662848661e+00
4.1748758607e-01	-2.9653910099e+00
4.1595631774e-01	-2.9639852408e+00
4.1353781706e-01	-2.9617977629e+00
4.1052913335e-01	-2.9590137320e+00
4.0828214596e-01	-2.9568006140e+00
4.0665602479e-01	-2.9548484566e+00
4.0628468100e-01	-2.9532639315e+00
4.0649590211e-01	-2.9533865562e+00
4.0671590780e-01	-2.9529852015e+00
4.0680543485e-01	-2.9521965817e+00
4.0694530253e-01	-2.9509471167e+00
4.0705247734e-01	-2.9499743331e+00
4.0708416267e-01	-2.9494256648e+00
4.0702645273e-01	-2.9493269753e+00
4.0699576605e-01	-2.9492111076e+00
4.0695332282e-01	-2.9490424853e+00
4.0678935849e-01	-2.9487411169e+00
4.0640812287e-01	-2.9482304680e+00
4.0571582339e-01	-2.9474280087e+00
4.0455042839e-01	-2.9465832641e+00
4.0773146581e-01	-2.9450476294e+00
4.0775155625e-01	-2.9450962122e+00
4.0776638764e-01	-2.9451649987e+00
4.0777823924e-01	-2.9452465251e+00
4.0778792026e-01	-2.9453340655e+00
4.0779571318e-01	-2.9454248439e+00
4.0780166511e-01	-2.9455178684e+00
4.0780571120e-01	-2.9456129148e+00
4.0780769039e-01	-2.9457118106e+00
4.0780733788e-01	-2.9458142204e+00
4.0780436045e-01	-2.9459195675e+00
4.0779837467e-01	-2.9460284561e+00
4.0778886842e-01	-2.9461416995e+00
4.0777513590e-01	-2.9462604154e+00
4.0775616376e-01	-2.9463861865e+00
4.0773041548e-01	-2.9465213495e+00
4.0769537843e-01	-2.9466695613e+00
4.0764645558e-01	-2.9468370610e+00
4.0757358355e-01	-2.9470360388e+00
4.0744527212e-01	-2.9472993231e+00
4.0699299909e-01	-2.9477660529e+00
4.0626690405e-01	-2.9491627697e+00
4.0591446570e-01	-2.9506082525e+00
4.0583294454e-01	-2.9509764605e+00
4.0579282079e-01	-2.9511600808e+00
4.0576375604e-01	-2.9512941770e+00
4.0573942935e-01	-2.9514080894e+00
4.0571778321e-01	-2.9515108716e+00
4.0569786894e-01	-2.9516059283e+00
4.0567911789e-01	-2.9516949758e+00
4.0566113373e-01	-2.9517790915e+00
4.0564361841e-01	-2.9518590401e+00
4.0562633824e-01	-2.9519354007e+00
4.0560910551e-01	-2.9520086257e+00
4.0559176666e-01	-2.9520790761e+00
4.0557419425e-01	-2.9521470445e+00
4.0555628139e-01	-2.9522127701e+00
4.0553793866e-01	-2.9522764517e+00
4.0551919010e-01	-2.9523383139e+00
4.0549999382e-01	-2.9523999542e+00
4.0548015944e-01	-2.9524602001e+00
4.0545963597e-01	-2.9525188863e+00
4.0543837847e-01	-2.9525761000e+00
4.0541634704e-01	-2.9526462857e+00
4.0240399262e-01	-2.9530613922e+00
4.0238004460e-01	-2.9531396662e+00
4.0235746778e-01	-2.9532204272e+00
4.0233659745e-01	-2.9532985550e+00
4.0231714079e-01	-2.9533735479e+00
4.0229876129e-01	-2.9534456753e+00
4.0228116809e-01	-2.9535152860e+00
4.0226411934e-01	-2.9535826896e+00
4.0224741268e-01	-2.9536481464e+00
4.0223087650e-01	-2.9537118754e+00
4.0221436256e-01	-2.9537740646e+00
4.0219776080e-01	-2.9538348905e+00
4.0218106046e-01	-2.9538945632e+00
4.0216416150e-01	-2.9539539282e+00
4.0214685778e-01	-2.9540135672e+00
4.0212904876e-01	-2.9540723090e+00
4.0211066006e-01	-2.9541302498e+00
4.0209162596e-01	-2.9541874686e+00
4.0207188901e-01	-2.9542440264e+00
4.0205139993e-01	-2.9542999648e+00
4.0203011647e-01	-2.9543553077e+00
4.0200800265e-01	-2.9544100625e+00
4.0198502761e-01	-2.9544642230e+00
4.0196116402e-01	-2.9545177738e+00
4.0193638625e-01	-2.9545706949e+00
4.0191066947e-01	-2.9546229648e+00
4.0188398805e-01	-2.9546745646e+00
4.0185631430e-01	-2.9547254807e+00
4.0182761787e-01	-2.9547757060e+00
4.0179786480e-01	-2.9548252412e+00
4.0176701725e-01	-2.9548740946e+00
4.0173505578e-01	-2.9549222964e+00
4.0170213093e-01	-2.9549699897e+00
4.0166820155e-01	-2.9550186087e+00
4.0163297696e-01	-2.9550675968e+00
4.0159638977e-01	-2.9551160628e+00
4.0155836366e-01	-2.9551640663e+00
4.0151881255e-01	-2.9552116756e+00
4.0147763800e-01	-2.9552589697e+00
4.0143472712e-01	-2.9553060403e+00
4.0138994981e-01	-2.9553529930e+00
4.0134315470e-01	-2.9553999509e+00
4.0129416404e-01	-2.9554470586e+00
4.0124276736e-01	-2.9554944860e+00
4.0118871332e-01	-2.9555424363e+00
4.0113169743e-01	-2.9555911529e+00
4.0107134655e-01	-2.9556409316e+00
4.0100719723e-01	-2.9556921362e+00
4.0093871383e-01	-2.9557452507e+00
4.0086540776e-01	-2.9558017899e+00
4.0078608515e-01	-2.9558632079e+00
4.0069934766e-01	-2.9559289964e+00
4.0060337573e-01	-2.9560005264e+00
4.0049560842e-01	-2.9560796850e+00
4.0037240169e-01	-2.9561691134e+00
4.0022872584e-01	-2.9562724757e+00
4.0005733470e-01	-2.9563943797e+00
3.9985572181e-01	-2.9565497658e+00
3.9963941885e-01	-2.9567237927e+00
3.9943606222e-01	-2.9568867706e+00
3.9925975379e-01	-2.9570193475e+00
3.9910946344e-01	-2.9571261561e+00
3.9897751526e-01	-2.9572093235e+00
3.9885870827e-01	-2.9572743492e+00
3.9874936257e-01	-2.9573259953e+00
3.9864690199e-01	-2.9573675145e+00
3.9854944157e-01	-2.9574012931e+00
3.9845509071e-01	-2.9574304464e+00
3.9838756583e-01	-2.9574832570e+00
3.9841802050e-01	-2.9575333733e+00
3.9844390419e-01	-2.9575758313e+00
3.9846970600e-01	-2.9576156732e+00
3.9849606453e-01	-2.9576539051e+00
3.9852295730e-01	-2.9576917552e+00
3.9854774505e-01	-2.9577282805e+00
3.9856715272e-01	-2.9577649597e+00
3.9855515845e-01	-2.9578138669e+00
3.9850276048e-01	-2.9578449379e+00
3.9844903578e-01	-2.9578713143e+00
3.9839635384e-01	-2.9578962395e+00
3.9834580955e-01	-2.9579212718e+00
3.9829913125e-01	-2.9579485103e+00
3.9825255895e-01	-2.9579742866e+00
3.9819546961e-01	-2.9579885255e+00
3.9812982765e-01	-2.9579936935e+00
3.9817885185e-01	-2.9580457850e+00
3.9820909881e-01	-2.9580756312e+00
3.9823829948e-01	-2.9581044996e+00
3.9826700620e-01	-2.9581329046e+00
3.9829569108e-01	-2.9581612885e+00
3.9832220570e-01	-2.9581877048e+00
3.9834601329e-01	-2.9582116760e+00
3.9836808376e-01	-2.9582340915e+00
3.9838510749e-01	-2.9582520036e+00
3.9839493035e-01	-2.9582635033e+00
3.9839457787e-01	-2.9582659922e+00
3.9837700334e-01	-2.9582531748e+00
3.9833213861e-01	-2.9582160166e+00
3.9823688976e-01	-2.9581337436e+00
3.9805721273e-01	-2.9579748757e+00
3.9774163520e-01	-2.9576899520e+00
3.9721457947e-01	-2.9571981900e+00
3.9637744501e-01	-2.9563514973e+00
3.9533361105e-01	-2.9547360075e+00
3.9521141645e-01	-2.9532854588e+00
3.9484212798e-01	-2.9524377932e+00
3.9446013387e-01	-2.9518673042e+00
3.9413366621e-01	-2.9514476709e+00
3.9359002845e-01	-2.9508081783e+00
3.9269742282e-01	-2.9498287280e+00
3.9126298222e-01	-2.9483218610e+00
3.8901551657e-01	-2.9459867681e+00
3.8730516060e-01	-2.9441812265e+00
3.8599515631e-01	-2.9427624680e+00
3.8511649047e-01	-2.9418857654e+00
3.8847169359e-01	-2.9416840336e+00
3.8848689298e-01	-2.9417431125e+00
3.8849896276e-01	-2.9418138507e+00
3.8850942272e-01	-2.9418890138e+00
3.8851885613e-01	-2.9419652639e+00
3.8852747276e-01	-2.9420413192e+00
3.8853533112e-01	-2.9421167244e+00
3.8854243011e-01	-2.9421913488e+00
3.8854874691e-01	-2.9422651895e+00
3.8855425234e-01	-2.9423382858e+00
3.8855891755e-01	-2.9424106865e+00
3.8856271701e-01	-2.9424824330e+00
3.8856562966e-01	-2.9425535530e+00
3.8856763930e-01	-2.9426240577e+00
3.8856873432e-01	-2.9426939425e+00
3.8856890699e-01	-2.9427631879e+00
3.8856815254e-01	-2.9428317650e+00
3.8856646811e-01	-2.9428996382e+00
3.8856385174e-01	-2.9429667701e+00
3.8856030763e-01	-2.9430331274e+00
3.8855593228e-01	-2.9430987422e+00
3.8855077766e-01	-2.9431638858e+00
3.8854474391e-01	-2.9432299032e+00
3.8853775894e-01	-2.9432950251e+00
3.8852981509e-01	-2.9433592404e+00
3.8852090347e-01	-2.9434225429e+00
3.8851101405e-01	-2.9434849302e+00
3.8850013574e-01	-2.9435464036e+00
3.8848825641e-01	-2.9436069675e+00
3.8847536305e-01	-2.9436666279e+00
3.8846144161e-01	-2.9437253936e+00
3.8844647703e-01	-2.9437832750e+00
3.8843045317e-01	-2.9438402843e+00
3.8841335274e-01	-2.9438964355e+00
3.8839515709e-01	-2.9439517445e+00
3.8837584608e-01	-2.9440062292e+00
3.8835539776e-01	-2.9440599102e+00
3.8833378848e-01	-2.9441128101e+00
3.8831099199e-01	-2.9441649555e+00
3.8828697976e-01	-2.9442163759e+00
3.8826180070e-01	-2.9442671589e+00
3.8823572203e-01	-2.9443182769e+00
3.8820844171e-01	-2.9443704754e+00
3.8817980088e-01	-2.9444221222e+00
3.8814975059e-01	-2.9444732803e+00
3.8811823547e-01	-2.9445240223e+00
3.8808519241e-01	-2.9445744323e+00
3.8805054904e-01	-2.9446246081e+00
3.8801422203e-01	-2.9446746637e+00
3.8797611438e-01	-2.9447247332e+00
3.8793611281e-01	-2.9447749744e+00
3.8789408346e-01	-2.9448255749e+00
3.8784986700e-01	-2.9448767586e+00
3.8780327175e-01	-2.9449287956e+00
3.8775406437e-01	-2.9449820143e+00
3.8770195736e-01	-2.9450368185e+00
3.8764034288e-01	-2.9450895513e+00
3.8756061032e-01	-2.9451356572e+00
3.8747518726e-01	-2.9451865040e+00
3.8738263810e-01	-2.9452408203e+00
3.8728115075e-01	-2.9453003018e+00
3.8716648532e-01	-2.9453726712e+00
3.8712194986e-01	-2.9455259564e+00
3.8713125864e-01	-2.9455917427e+00
3.8713969530e-01	-2.9456546740e+00
3.8714755118e-01	-2.9457160083e+00
3.8715489679e-01	-2.9457779372e+00
3.8716077671e-01	-2.9458382450e+00
3.8716501197e-01	-2.9458975163e+00
3.8716809400e-01	-2.9459604112e+00
3.8716909707e-01	-2.9460225480e+00
3.8716791167e-01	-2.9460860248e+00
3.8716510874e-01	-2.9461532282e+00
3.8716026809e-01	-2.9462175857e+00
3.8715380284e-01	-2.9462744426e+00
3.8714694733e-01	-2.9463172189e+00
3.8714160283e-01	-2.9463181412e+00
3.8713939893e-01	-2.9462366643e+00
3.8713282792e-01	-2.9460594302e+00
3.8709391708e-01	-2.9457744967e+00
3.8696120961e-01	-2.9453438016e+00
3.8663740211e-01	-2.9447129087e+00
3.8594807168e-01	-2.9437682101e+00
3.8470750547e-01	-2.9423359314e+00
3.8271811427e-01	-2.9401688053e+00
3.8118376498e-01	-2.9385066827e+00
3.7999583403e-01	-2.9372045234e+00
3.7907298126e-01	-2.9361842910e+00
3.7763356181e-01	-2.9345508905e+00
3.7547805596e-01	-2.9318620577e+00
3.7461288785e-01	-2.9293454328e+00
3.7485086240e-01	-2.9295187991e+00
3.7505817349e-01	-2.9296696021e+00
3.7512782807e-01	-2.9292573406e+00
3.7523464824e-01	-2.9286015040e+00
3.7540143177e-01	-2.9275535964e+00
3.7565981677e-01	-2.9259142350e+00
3.7555564493e-01	-2.9256140675e+00
3.7545565954e-01	-2.9254242801e+00
3.7529018037e-01	-2.9251337610e+00
3.7501600377e-01	-2.9246928371e+00
3.7456368954e-01	-2.9240264559e+00
3.7382725833e-01	-2.9242260939e+00
3.6021209201e-01	-2.9191383293e+00
3.6020366537e-01	-2.9191576668e+00
3.6018014041e-01	-2.9192066196e+00
3.6014901793e-01	-2.9192952713e+00
3.6011228919e-01	-2.9194005221e+00
3.6006992400e-01	-2.9195156195e+00
3.6002071648e-01	-2.9196404412e+00
3.5996230788e-01	-2.9197780100e+00
3.5989028032e-01	-2.9199344655e+00
3.5979496535e-01	-2.9201220833e+00
3.5964622344e-01	-2.9203740224e+00
3.5915342021e-01	-2.9208316739e+00
3.5845338481e-01	-2.9222659935e+00
3.5813843400e-01	-2.9235419360e+00
3.5804512901e-01	-2.9238233267e+00
3.5797965390e-01	-2.9239757416e+00
3.5792253520e-01	-2.9240939194e+00
3.5786969773e-01	-2.9241949598e+00
3.5781953345e-01	-2.9242847193e+00
3.5777112332e-01	-2.9243659421e+00
3.5772384578e-01	-2.9244403156e+00
3.5767724837e-01	-2.9245090108e+00
3.5763098767e-01	-2.9245728877e+00
3.5758479611e-01	-2.9246325981e+00
3.5753846069e-01	-2.9246886469e+00
3.5749180891e-01	-2.9247414322e+00
3.5744469895e-01	-2.9247912720e+00
3.5739704138e-01	-2.9248384451e+00
3.5734887719e-01	-2.9248840259e+00
3.5729998644e-01	-2.9249285074e+00
3.5725025932e-01	-2.9249707775e+00
3.5719596239e-01	-2.9250080502e+00
3.5713207619e-01	-2.9250364891e+00
3.5706718648e-01	-2.9250630166e+00
3.5700125200e-01	-2.9250877045e+00
3.5693423586e-01	-2.9251106128e+00
3.5686610484e-01	-2.9251317916e+00
3.5679682874e-01	-2.9251512827e+00
3.5672638007e-01	-2.9251691208e+00
3.5665473335e-01	-2.9251853351e+00
3.5658186347e-01	-2.9251999557e+00
3.5650773115e-01	-2.9252130711e+00
3.5643213922e-01	-2.9252254211e+00
3.5635366642e-01	-2.9252432461e+00
3.5639532879e-01	-2.9253354422e+00
3.5642763906e-01	-2.9253876738e+00
3.5645953022e-01	-2.9254370789e+00
3.5649216620e-01	-2.9254851728e+00
3.5652569331e-01	-2.9255327005e+00
3.5655847088e-01	-2.9255781526e+00
3.5659084682e-01	-2.9256224235e+00
3.5662466549e-01	-2.9256680653e+00
3.5665742721e-01	-2.9257121111e+00
3.5668915224e-01	-2.9257546967e+00
3.5672195789e-01	-2.9257985429e+00
3.5675210235e-01	-2.9258392745e+00
3.5677762020e-01	-2.9258742111e+00
3.5679358716e-01	-2.9258972636e+00
3.5678334485e-01	-2.9258878029e+00
3.5673829588e-01	-2.9258343119e+00
3.5664798381e-01	-2.9257243905e+00
3.5649042409e-01	-2.9255314609e+00
3.5622684788e-01	-2.9252062414e+00
3.5579704541e-01	-2.9246713172e+00
3.5510734105e-01	-2.9238016820e+00
3.5399838080e-01	-2.9223754313e+00
3.5221546616e-01	-2.9199341025e+00
3.5127314447e-01	-2.9172105099e+00
3.5150729380e-01	-2.9174044100e+00
3.5171684804e-01	-2.9175776938e+00
3.5176637865e-01	-2.9171897811e+00
3.5183856437e-01	-2.9165713520e+00
3.5195123861e-01	-2.9155781849e+00
3.5212670298e-01	-2.9140297331e+00
3.5208541309e-01	-2.9134989962e+00
3.5199238261e-01	-2.9133047865e+00
3.5183845144e-01	-2.9130073943e+00
3.5158348633e-01	-2.9125558897e+00
3.5116307054e-01	-2.9118735366e+00
3.5047746466e-01	-2.9108474939e+00
3.4937510528e-01	-2.9092887453e+00
3.4782829339e-01	-2.9071444592e+00
3.4632708121e-01	-2.9050728000e+00
3.4488443969e-01	-2.9030613007e+00
3.4376969413e-01	-2.9014897625e+00
3.4241302039e-01	-2.8995649171e+00
3.4109892721e-01	-2.8976743987e+00
3.3982381735e-01	-2.8960552399e+00
3.4816020497e-01	-2.8971259760e+00
3.4818191842e-01	-2.8971970938e+00
3.4819949663e-01	-2.8972906381e+00
3.4821482281e-01	-2.8973938541e+00
3.4822867821e-01	-2.8975012967e+00
3.4824139801e-01	-2.8976113260e+00
3.4825310598e-01	-2.8977214299e+00
3.4826384842e-01	-2.8978312010e+00
3.4827364398e-01	-2.8979404489e+00
3.4828250161e-01	-2.8980490610e+00
3.4829042681e-01	-2.8981569517e+00
3.4829742378e-01	-2.8982640468e+00
3.4830349575e-01	-2.8983702785e+00
3.4830864497e-01	-2.8984755862e+00
3.4831287240e-01	-2.8985799165e+00
3.4831617784e-01	-2.8986832230e+00
3.4831855989e-01	-2.8987854697e+00
3.4832001596e-01	-2.8988866270e+00
3.4832054244e-01	-2.8989866720e+00
3.4832013486e-01	-2.8990855873e+00
3.4831878801e-01	-2.8991833596e+00
3.4831649610e-01	-2.8992799778e+00
3.4831325455e-01	-2.8993754364e+00
3.4830905905e-01	-2.8994697313e+00
3.4830390058e-01	-2.8995649950e+00
3.4829776962e-01	-2.8996590838e+00
3.4829065858e-01	-2.8997519815e+00
3.4828255967e-01	-2.8998436851e+00
3.4827346473e-01	-2.8999341931e+00
3.4826336546e-01	-2.9000235028e+00
3.4825225317e-01	-2.9001116129e+00
3.4824011886e-01	-2.9001985219e+00
3.4822695316e-01	-2.9002842287e+00
3.4821274628e-01	-2.9003687327e+00
3.4819748793e-01	-2.9004520337e+00
3.4818116731e-01	-2.9005341324e+00
3.4816377296e-01	-2.9006150301e+00
3.4814529272e-01	-2.9006947291e+00
3.4812571364e-01	-2.9007732329e+00
3.4810502178e-01	-2.9008505465e+00
3.4808320227e-01	-2.9009266759e+00
3.4806023890e-01	-2.9010016294e+00
3.4803612058e-01	-2.9010754232e+00
3.4801082720e-01	-2.9011497184e+00
3.4798433220e-01	-2.9012235087e+00
3.4795661248e-01	-2.9012961735e+00
3.4792764243e-01	-2.9013677370e+00
3.4789739363e-01	-2.9014382280e+00
3.4786583440e-01	-2.9015076805e+00
3.4783292914e-01	-2.9015761352e+00
3.4779863774e-01	-2.9016436401e+00
3.4776291473e-01	-2.9017102521e+00
3.4772570831e-01	-2.9017760385e+00
3.4768695909e-01	-2.9018410792e+00
3.4764659859e-01	-2.9019054691e+00
3.4760454700e-01	-2.9019693231e+00
3.4756070748e-01	-2.9020327984e+00
3.4751492830e-01	-2.9020962997e+00
3.4746665899e-01	-2.9021624921e+00
3.4746155523e-01	-2.9022879891e+00
3.4749635217e-01	-2.9023582675e+00
3.4753053879e-01	-2.9024261528e+00
3.4756411931e-01	-2.9024907254e+00
3.4759921092e-01	-2.9025565376e+00
3.4763411059e-01	-2.9026208983e+00
3.4766811088e-01	-2.9026829649e+00
3.4770255965e-01	-2.9027454126e+00
3.4773735501e-01	-2.9028083454e+00
3.4777097421e-01	-2.9028694271e+00
3.4780445337e-01	-2.9029304941e+00
3.4783764565e-01	-2.9029913797e+00
3.4786802928e-01	-2.9030478758e+00
3.4789474435e-01	-2.9030984529e+00
3.4791128283e-01	-2.9031318473e+00
3.4790515123e-01	-2.9031259311e+00
3.4787073236e-01	-2.9030703996e+00
3.4779828592e-01	-2.9029503337e+00
3.4766758803e-01	-2.9027346195e+00
3.4744431286e-01	-2.9023731973e+00
3.4707292261e-01	-2.9017933662e+00
3.4646465097e-01	-2.9008692385e+00
3.4548347779e-01	-2.8994087703e+00
3.4407487858e-01	-2.8973290876e+00
3.4270694802e-01	-2.8953078892e+00
3.4138089532e-01	-2.8933243178e+00
3.4035377729e-01	-2.8917787402e+00
3.3909987686e-01	-2.8910501781e+00
3.3089017791e-01	-2.8861455000e+00
3.3089140316e-01	-2.8861971955e+00
3.3088661474e-01	-2.8862705194e+00
3.3087905836e-01	-2.8863577245e+00
3.3086979544e-01	-2.8864496956e+00
3.3085925147e-01	-2.8865427926e+00
3.3084758801e-01	-2.8866356106e+00
3.3083486502e-01	-2.8867275984e+00
3.3082110796e-01	-2.8868185270e+00
3.3080632128e-01	-2.8869084734e+00
3.3079050342e-01	-2.8869992829e+00
3.3077365023e-01	-2.8870887954e+00
3.3075575695e-01	-2.8871769811e+00
3.3073681764e-01	-2.8872638177e+00
3.3071682519e-01	-2.8873492892e+00
3.3069577191e-01	-2.8874333834e+00
3.3067364889e-01	-2.8875160929e+00
3.3065044677e-01	-2.8875974122e+00
3.3062615549e-01	-2.8876773378e+00
3.3060076405e-01	-2.8877558690e+00
3.3057426063e-01	-2.8878330067e+00
3.3054663303e-01	-2.8879087519e+00
3.3051786797e-01	-2.8879831079e+00
3.3048795100e-01	-2.8880560796e+00
3.3045686655e-01	-2.8881276737e+00
3.3042459810e-01	-2.8881978979e+00
3.3039112881e-01	-2.8882667649e+00
3.3035644420e-01	-2.8883342919e+00
3.3032051744e-01	-2.8884027413e+00
3.3028332180e-01	-2.8884700739e+00
3.3024483019e-01	-2.8885361123e+00
3.3020501217e-01	-2.8886008870e+00
3.3016383385e-01	-2.8886644339e+00
3.3012125646e-01	-2.8887267971e+00
3.3007723635e-01	-2.8887880287e+00
3.3003172326e-01	-2.8888481915e+00
3.2998465945e-01	-2.8889073607e+00
3.2993597809e-01	-2.8889656263e+00
3.2988560126e-01	-2.8890230965e+00
3.2983343743e-01	-2.8890799017e+00
3.2977937826e-01	-2.8891361995e+00
3.2972329433e-01	-2.8891921817e+00
3.2966502943e-01	-2.8892480833e+00
3.2960439279e-01	-2.8893041944e+00
3.2954119209e-01	-2.8893609208e+00
3.2947515973e-01	-2.8894222107e+00
3.2940584656e-01	-2.8894853197e+00
3.2933275367e-01	-2.8895509872e+00
3.2925520668e-01	-2.8896203036e+00
3.2917225915e-01	-2.8896947901e+00
3.2908251294e-01	-2.8897766880e+00
3.2898371579e-01	-2.8898697626e+00
3.2887137324e-01	-2.8899837422e+00
3.2876761273e-01	-2.8901933844e+00
3.2877977321e-01	-2.8903232684e+00
3.2878720137e-01	-2.8904532469e+00
3.2878976561e-01	-2.8905877754e+00
3.2878553189e-01	-2.8907346037e+00
3.2876924102e-01	-2.8909018804e+00
3.2872804193e-01	-2.8911076648e+00
3.2813906460e-01	-2.8915925847e+00
3.2752120065e-01	-2.8932565423e+00
3.2751078516e-01	-2.8934442555e+00
3.2751431669e-01	-2.8935578107e+00
3.2752278427e-01	-2.8936604317e+00
3.2753526111e-01	-2.8937578678e+00
3.2754909390e-01	-2.8938437381e+00
3.2756247132e-01	-2.8939166668e+00
3.2757071112e-01	-2.8939644282e+00
3.2756232089e-01	-2.8939516184e+00
3.2753336368e-01	-2.8938560817e+00
3.2748460665e-01	-2.8936437911e+00
3.2745031725e-01	-2.8931843572e+00
3.2770746250e-01	-2.8930131648e+00
3.2793923953e-01	-2.8932473988e+00
3.2802400234e-01	-2.8929538075e+00
3.2810118321e-01	-2.8924325588e+00
3.2822082606e-01	-2.8915884631e+00
3.2840680149e-01	-2.8902764391e+00
3.2846727100e-01	-2.8895283578e+00
3.2839751498e-01	-2.8893377060e+00
3.2827916831e-01	-2.8890444280e+00
3.2807797192e-01	-2.8885966716e+00
3.2773805975e-01	-2.8879159186e+00
3.2717213763e-01	-2.8868823767e+00
3.2624839266e-01	-2.8853114397e+00
3.2494972366e-01	-2.8831628176e+00
3.2368402288e-01	-2.8810814062e+00
3.2245659769e-01	-2.8790513146e+00
3.2150499455e-01	-2.8774600587e+00
3.2034412413e-01	-2.8755535318e+00
3.1977550736e-01	-2.8744908713e+00
3.1868043833e-01	-2.8726190658e+00
3.1761167336e-01	-2.8707840128e+00
3.1656851820e-01	-2.8689726034e+00
3.1555232925e-01	-2.8671872160e+00
3.1456224396e-01	-2.8654364369e+00
3.1359862253e-01	-2.8642663636e+00
3.1188062668e-01	-2.8619003846e+00
3.1188434526e-01	-2.8619921345e+00
3.1188478819e-01	-2.8621002499e+00
3.1188342948e-01	-2.8622143606e+00
3.1188079515e-01	-2.8623297508e+00
3.1187707648e-01	-2.8624446817e+00
3.1187233995e-01	-2.8625585125e+00
3.1186660660e-01	-2.8626709961e+00
3.1185986954e-01	-2.8627820117e+00
3.1185211976e-01	-2.8628920122e+00
3.1184336641e-01	-2.8630020701e+00
3.1183360965e-01	-2.8631105499e+00
3.1182284338e-01	-2.8632174342e+00
3.1181106102e-01	-2.8633227103e+00
3.1179825562e-01	-2.8634263676e+00
3.1178442001e-01	-2.8635283977e+00
3.1176954708e-01	-2.8636287914e+00
3.1175362944e-01	-2.8637275418e+00
3.1173665972e-01	-2.8638246415e+00
3.1171863044e-01	-2.8639200838e+00
3.1169953436e-01	-2.8640138603e+00
3.1167936396e-01	-2.8641059638e+00
3.1165811172e-01	-2.8641963868e+00
3.1163577032e-01	-2.8642851204e+00
3.1161233216e-01	-2.8643721564e+00
3.1158778974e-01	-2.8644574863e+00
3.1156210848e-01	-2.8645410696e+00
3.1153528302e-01	-2.8646253545e+00
3.1150733299e-01	-2.8647081567e+00
3.1147825048e-01	-2.8647892024e+00
3.1144802752e-01	-2.8648684821e+00
3.1141665618e-01	-2.8649459857e+00
3.1138412847e-01	-2.8650217029e+00
3.1135043609e-01	-2.8650956238e+00
3.1131557062e-01	-2.8651677384e+00
3.1127952379e-01	-2.8652380360e+00
3.1124228692e-01	-2.8653065063e+00
3.1120385122e-01	-2.8653731392e+00
3.1116420796e-01	-2.8654379237e+00
3.1112334804e-01	-2.8655008496e+00
3.1108126215e-01	-2.8655619066e+00
3.1103794114e-01	-2.8656210837e+00
3.1099337523e-01	-2.8656783709e+00
3.1094755518e-01	-2.8657337581e+00
3.1090047838e-01	-2.8657880068e+00
3.1085212867e-01	-2.8658419528e+00
3.1080249334e-01	-2.8658939516e+00
3.1075156152e-01	-2.8659439936e+00
3.1069932174e-01	-2.8659920711e+00
3.1064575997e-01	-2.8660381915e+00
3.1059083674e-01	-2.8660825250e+00
3.1053426579e-01	-2.8661268881e+00
3.1050337461e-01	-2.8662168326e+00
3.1054686460e-01	-2.8663117446e+00
3.1058506583e-01	-2.8663947142e+00
3.1062262113e-01	-2.8664738812e+00
3.1066129975e-01	-2.8665527429e+00
3.1070034655e-01	-2.8666304390e+00
3.1073846805e-01	-2.8667052208e+00
3.1077693763e-01	-2.8667798807e+00
3.1081611187e-01	-2.8668553240e+00
3.1085410517e-01	-2.8669283200e+00
3.1089216515e-01	-2.8670012317e+00
3.1093005983e-01	-2.8670737019e+00
3.1096514169e-01	-2.8671410166e+00
3.1099689656e-01	-2.8672022592e+00
3.1101765821e-01	-2.8672436446e+00
3.1101671230e-01	-2.8672449239e+00
3.1099377876e-01	-2.8672059885e+00
3.1094033040e-01	-2.8671117721e+00
3.1084046932e-01	-2.8669336233e+00
3.1066801384e-01	-2.8666240078e+00
3.1038118759e-01	-2.8661064819e+00
3.0991429685e-01	-2.8652594390e+00
3.0916576052e-01	-2.8638912577e+00
3.0810065311e-01	-2.8619340460e+00
3.0706298759e-01	-2.8600072190e+00
3.0605204273e-01	-2.8581068486e+00
3.0506825479e-01	-2.8562477162e+00
3.0411027174e-01	-2.8547523727e+00
3.0362096350e-01	-2.8539426054e+00
3.0363146811e-01	-2.8540290791e+00
3.0363800475e-01	-2.8541398769e+00
3.0364246150e-01	-2.8542592148e+00
3.0364554798e-01	-2.8543809199e+00
3.0364751470e-01	-2.8545028041e+00
3.0364844663e-01	-2.8546240958e+00
3.0364837213e-01	-2.8547445041e+00
3.0364730138e-01	-2.8548638956e+00
3.0364522435e-01	-2.8549821627e+00
3.0364213198e-01	-2.8550995445e+00
3.0363804626e-01	-2.8552182303e+00
3.0363298242e-01	-2.8553355820e+00
3.0362694295e-01	-2.8554515290e+00
3.0361992934e-01	-2.8555660090e+00
3.0361194169e-01	-2.8556789700e+00
3.0360297906e-01	-2.8557903657e+00
3.0359303929e-01	-2.8559001586e+00
3.0358211901e-01	-2.8560083196e+00
3.0357021386e-01	-2.8561148259e+00
3.0355731891e-01	-2.8562196578e+00
3.0354342833e-01	-2.8563228013e+00
3.0352853583e-01	-2.8564242449e+00
3.0351263464e-01	-2.8565239790e+00
3.0349571762e-01	-2.8566219958e+00
3.0347777867e-01	-2.8567182900e+00
3.0345881531e-01	-2.8568128618e+00
3.0343881626e-01	-2.8569076795e+00
3.0341776932e-01	-2.8570013545e+00
3.0339566576e-01	-2.8570932647e+00
3.0337249656e-01	-2.8571834052e+00
3.0334825207e-01	-2.8572717720e+00
3.0332292228e-01	-2.8573583612e+00
3.0329649659e-01	-2.8574431695e+00
3.0326896367e-01	-2.8575261941e+00
3.0324031173e-01	-2.8576074325e+00
3.0321052782e-01	-2.8576868838e+00
3.0317959803e-01	-2.8577645481e+00
3.0314750715e-01	-2.8578404272e+00
3.0311423888e-01	-2.8579145239e+00
3.0307977494e-01	-2.8579868439e+00
3.0304409523e-01	-2.8580573951e+00
3.0300717982e-01	-2.8581261914e+00
3.0296900957e-01	-2.8581942675e+00
3.0292954885e-01	-2.8582623696e+00
3.0288876432e-01	-2.8583287605e+00
3.0284661943e-01	-2.8583934722e+00
3.0280307222e-01	-2.8584565440e+00
3.0275807434e-01	-2.8585180244e+00
3.0271156961e-01	-2.8585779728e+00
3.0266349245e-01	-2.8586364617e+00
3.0261376566e-01	-2.8586935802e+00
3.0256229818e-01	-2.8587494363e+00
3.0250898101e-01	-2.8588041633e+00
3.0245368314e-01	-2.8588579246e+00
3.0239624515e-01	-2.8589109241e+00
3.0233646858e-01	-2.8589634308e+00
3.0227407696e-01	-2.8590159563e+00
3.0220846391e-01	-2.8590713551e+00
3.0216155684e-01	-2.8591788089e+00
3.0220367785e-01	-2.8592955590e+00
3.0223833691e-01	-2.8593927514e+00
3.0227226241e-01	-2.8594857272e+00
3.0230527910e-01	-2.8595771891e+00
3.0233722742e-01	-2.8596661408e+00
3.0236804119e-01	-2.8597519266e+00
3.0239363619e-01	-2.8598335841e+00
3.0241511950e-01	-2.8599115103e+00
3.0243492980e-01	-2.8599865804e+00
3.0246634836e-01	-2.8600750162e+00
3.0249694238e-01	-2.8601609649e+00
3.0252442682e-01	-2.8602404604e+00
3.0254695124e-01	-2.8603082594e+00
3.0255414430e-01	-2.8603362952e+00
3.0253865612e-01	-2.8603015147e+00
3.0249691306e-01	-2.8601972805e+00
3.0241559460e-01	-2.8599948918e+00
3.0227047199e-01	-2.8596457910e+00
3.0202066363e-01	-2.8590744527e+00
3.0160026192e-01	-2.8581676275e+00
3.0090734008e-01	-2.8567501586e+00
2.9981046461e-01	-2.8545622394e+00
2.9873730105e-01	-2.8524345691e+00
2.9769339392e-01	-2.8503584497e+00
2.9668004537e-01	-2.8483206111e+00
2.9569477904e-01	-2.8465480232e+00
2.9531436410e-01	-2.8460587892e+00
2.9532175547e-01	-2.8461368121e+00
2.9532464068e-01	-2.8462434793e+00
2.9532537764e-01	-2.8463587363e+00
2.9532478898e-01	-2.8464757889e+00
2.9532312664e-01	-2.8465942045e+00
2.9532045758e-01	-2.8467125493e+00
2.9531679282e-01	-2.8468297303e+00
2.9531212482e-01	-2.8469457210e+00
2.9530644076e-01	-2.8470605351e+00
2.9529972711e-01	-2.8471741903e+00
2.9529197113e-01	-2.8472866980e+00
2.9528316208e-01	-2.8473980478e+00
2.9527329039e-01	-2.8475082186e+00
2.9526234763e-01	-2.8476171742e+00
2.9525032591e-01	-2.8477248655e+00
2.9523721657e-01	-2.8478312394e+00
2.9522300936e-01	-2.8479362410e+00
2.9520769095e-01	-2.8480398225e+00
2.9519125097e-01	-2.8481419492e+00
2.9517366615e-01	-2.8482425901e+00
2.9515490680e-01	-2.8483445640e+00
2.9513493706e-01	-2.8484451691e+00
2.9511371571e-01	-2.8485442650e+00
2.9509119273e-01	-2.8486418806e+00
2.9506730771e-01	-2.8487380620e+00
2.9504198780e-01	-2.8488328736e+00
2.9501514470e-01	-2.8489264011e+00
2.9498667235e-01	-2.8490187511e+00
2.9495644047e-01	-2.8491100614e+00
2.9492428933e-01	-2.8492005037e+00
2.9489002086e-01	-2.8492902931e+00
2.9485338624e-01	-2.8493797017e+00
2.9481407085e-01	-2.8494690767e+00
2.9477173275e-01	-2.8495589541e+00
2.9472583405e-01	-2.8496536121e+00
2.9467556755e-01	-2.8497509155e+00
2.9461989229e-01	-2.8498513451e+00
2.9455727051e-01	-2.8499565414e+00
2.9448528072e-01	-2.8500689748e+00
2.9439974100e-01	-2.8501926396e+00
2.9429230151e-01	-2.8503347037e+00
2.9414127166e-01	-2.8505104295e+00
2.9382931549e-01	-2.8507677765e+00
2.9317051315e-01	-2.8510249812e+00
2.9255696236e-01	-2.8525626798e+00
2.9239027880e-01	-2.8529097622e+00
2.9228238922e-01	-2.8530506520e+00
2.9219287627e-01	-2.8531609699e+00
2.9211317052e-01	-2.8532500985e+00
2.9203967525e-01	-2.8533241186e+00
2.9197027493e-01	-2.8533869995e+00
2.9190360180e-01	-2.8534411879e+00
2.9183871661e-01	-2.8534883002e+00
2.9177494567e-01	-2.8535294557e+00
2.9171178938e-01	-2.8535654571e+00
2.9164886746e-01	-2.8535968953e+00
2.9158589125e-01	-2.8536242233e+00
2.9152290445e-01	-2.8536493190e+00
2.9145950123e-01	-2.8536724066e+00
2.9139545455e-01	-2.8536921013e+00
2.9133063054e-01	-2.8537086053e+00
2.9126482913e-01	-2.8537224080e+00
2.9119705466e-01	-2.8537370840e+00
2.9121988063e-01	-2.8538896721e+00
2.9125806087e-01	-2.8539812756e+00
2.9129580543e-01	-2.8540686662e+00
2.9133499985e-01	-2.8541559379e+00
2.9137455993e-01	-2.8542416735e+00
2.9141322906e-01	-2.8543241834e+00
2.9145273038e-01	-2.8544074639e+00
2.9149245954e-01	-2.8544906081e+00
2.9153091589e-01	-2.8545708546e+00
2.9157003597e-01	-2.8546521324e+00
2.9160774476e-01	-2.8547304256e+00
2.9164154324e-01	-2.8548008760e+00
2.9166938052e-01	-2.8548594488e+00
2.9167651081e-01	-2.8548772009e+00
2.9165030644e-01	-2.8548298407e+00
2.9158499450e-01	-2.8547072176e+00
2.9146890267e-01	-2.8544835422e+00
2.9127397400e-01	-2.8541024267e+00
2.9095600140e-01	-2.8534725808e+00
2.9045200691e-01	-2.8524536464e+00
2.8966212545e-01	-2.8508040601e+00
2.8853016322e-01	-2.8480640311e+00
2.8841019857e-01	-2.8463508129e+00
2.8866012949e-01	-2.8467074664e+00
2.8885443087e-01	-2.8466759926e+00
2.8891456994e-01	-2.8462751821e+00
2.8900888628e-01	-2.8456279138e+00
2.8915654388e-01	-2.8446115479e+00
2.8929451993e-01	-2.8432809859e+00
2.8918755009e-01	-2.8429030736e+00
2.8909486796e-01	-2.8426118078e+00
2.8893807579e-01	-2.8421605747e+00
2.8867384753e-01	-2.8414649084e+00
2.8823407745e-01	-2.8403963447e+00
2.8751508523e-01	-2.8387585439e+00
2.8651471180e-01	-2.8365391492e+00
2.8553709867e-01	-2.8346023173e+00
2.8877082001e-01	-2.8356084162e+00
2.8877934759e-01	-2.8356960232e+00
2.8878272469e-01	-2.8358117261e+00
2.8878379818e-01	-2.8359353187e+00
2.8878342088e-01	-2.8360622452e+00
2.8878179682e-01	-2.8361884825e+00
2.8877893630e-01	-2.8363135837e+00
2.8877478449e-01	-2.8364374889e+00
2.8876925632e-01	-2.8365602564e+00
2.8876224380e-01	-2.8366819926e+00
2.8875361465e-01	-2.8368028347e+00
2.8874320794e-01	-2.8369229387e+00
2.8873082621e-01	-2.8370424868e+00
2.8871622480e-01	-2.8371616870e+00
2.8869909564e-01	-2.8372807835e+00
2.8867904750e-01	-2.8374000707e+00
2.8865562812e-01	-2.8375200019e+00
2.8862817233e-01	-2.8376432229e+00
2.8859562713e-01	-2.8377707889e+00
2.8855657217e-01	-2.8379011681e+00
2.8850884265e-01	-2.8380357080e+00
2.8844884939e-01	-2.8381764247e+00
2.8836991878e-01	-2.8383264506e+00
2.8825703146e-01	-2.8384906552e+00
2.8806056804e-01	-2.8386747757e+00
2.8740891736e-01	-2.8388027560e+00
2.8668516481e-01	-2.8400130156e+00
2.8643715615e-01	-2.8407288202e+00
2.8633009182e-01	-2.8409746689e+00
2.8625554863e-01	-2.8411346949e+00
2.8619482441e-01	-2.8412666624e+00
2.8614201480e-01	-2.8413802094e+00
2.8609432903e-01	-2.8414813992e+00
2.8605009317e-01	-2.8415733722e+00
2.8600819410e-01	-2.8416580470e+00
2.8596784643e-01	-2.8417367024e+00
2.8592847449e-01	-2.8418102333e+00
2.8588964383e-01	-2.8418792886e+00
2.8585114557e-01	-2.8419445341e+00
2.8581287742e-01	-2.8420083813e+00
2.8577434829e-01	-2.8420698252e+00
2.8573537618e-01	-2.8421280428e+00
2.8569582473e-01	-2.8421832114e+00
2.8565558237e-01	-2.8422354687e+00
2.8561455712e-01	-2.8422849213e+00
2.8557267258e-01	-2.8423316521e+00
2.8552986484e-01	-2.8423757246e+00
2.8548607991e-01	-2.8424171873e+00
2.8544127168e-01	-2.8424560767e+00
2.8539540015e-01	-2.8424924198e+00
2.8534842989e-01	-2.8425262366e+00
2.8530032924e-01	-2.8425575408e+00
2.8525129856e-01	-2.8425867252e+00
2.8520135226e-01	-2.8426167023e+00
2.8515019102e-01	-2.8426441503e+00
2.8509778780e-01	-2.8426690739e+00
2.8504411555e-01	-2.8426914770e+00
2.8498914559e-01	-2.8427113628e+00
2.8493284732e-01	-2.8427287355e+00
2.8487518782e-01	-2.8427435997e+00
2.8481613027e-01	-2.8427559622e+00
2.8475563265e-01	-2.8427658338e+00
2.8469363947e-01	-2.8427732509e+00
2.8462999626e-01	-2.8427784986e+00
2.8456365041e-01	-2.8427843280e+00
2.8457928479e-01	-2.8429346607e+00
2.8461583012e-01	-2.8430295356e+00
2.8465225707e-01	-2.8431213667e+00
2.8469033841e-01	-2.8432139623e+00
2.8472873757e-01	-2.8433047128e+00
2.8476629639e-01	-2.8433920766e+00
2.8480487242e-01	-2.8434807522e+00
2.8484340330e-01	-2.8435688097e+00
2.8488063662e-01	-2.8436538055e+00
2.8491873500e-01	-2.8437405328e+00
2.8495496240e-01	-2.8438231913e+00
2.8498743082e-01	-2.8438977441e+00
2.8501274783e-01	-2.8439568104e+00
2.8501551995e-01	-2.8439670118e+00
2.8498638085e-01	-2.8439067149e+00
2.8491949657e-01	-2.8437642172e+00
2.8479676839e-01	-2.8435011102e+00
2.8458713241e-01	-2.8430513169e+00
2.8424221442e-01	-2.8423165305e+00
2.8368376554e-01	-2.8411280521e+00
2.8279415056e-01	-2.8392219618e+00
2.8140844546e-01	-2.8362086882e+00
2.8036345018e-01	-2.8338658289e+00
2.7958452487e-01	-2.8320300746e+00
2.7902021936e-01	-2.8305588607e+00
2.7865442529e-01	-2.8293369103e+00
2.7873119849e-01	-2.8281231160e+00
2.7897635432e-01	-2.8285134285e+00
2.7914413997e-01	-2.8284929387e+00
2.7921102139e-01	-2.8281459249e+00
2.7931602498e-01	-2.8275853500e+00
2.7948078371e-01	-2.8266979073e+00
2.7969817086e-01	-2.8253925602e+00
2.7961148083e-01	-2.8250194491e+00
2.7953408671e-01	-2.8247323977e+00
2.7940044146e-01	-2.8242869806e+00
2.7917079250e-01	-2.8235978504e+00
2.7878254466e-01	-2.8231905091e+00
2.7015502850e-01	-2.8161744185e+00
2.7011831640e-01	-2.8162861189e+00
2.7007346707e-01	-2.8164066582e+00
2.7001838749e-01	-2.8165323738e+00
2.6994840819e-01	-2.8166637821e+00
2.6985371755e-01	-2.8168028713e+00
2.6970817343e-01	-2.8169499958e+00
2.6938203496e-01	-2.8170652985e+00
2.6872278794e-01	-2.8172715900e+00
2.6820805161e-01	-2.8185944288e+00
2.6805067076e-01	-2.8190243272e+00
2.6795733967e-01	-2.8192262850e+00
2.6788617374e-01	-2.8193720012e+00
2.6782572581e-01	-2.8194911835e+00
2.6777169054e-01	-2.8195932110e+00
2.6772178809e-01	-2.8196834321e+00
2.6767461162e-01	-2.8197646971e+00
2.6762921322e-01	-2.8198387485e+00
2.6758491816e-01	-2.8199067441e+00
2.6754122834e-01	-2.8199694940e+00
2.6749790323e-01	-2.8200278201e+00
2.6745472787e-01	-2.8200835333e+00
2.6741128937e-01	-2.8201371383e+00
2.6736736654e-01	-2.8201869960e+00
2.6732281483e-01	-2.8202333094e+00
2.6727751702e-01	-2.8202762346e+00
2.6723137796e-01	-2.8203158910e+00
2.6717115624e-01	-2.8203295747e+00
2.6710410153e-01	-2.8203299893e+00
2.6703599692e-01	-2.8203272862e+00
2.6696679590e-01	-2.8203215009e+00
2.6689645841e-01	-2.8203126570e+00
2.6682580983e-01	-2.8203022678e+00
2.6675709638e-01	-2.8202943091e+00
2.6668743197e-01	-2.8202860291e+00
2.6661650185e-01	-2.8202756809e+00
2.6654426672e-01	-2.8202622627e+00
2.6647069051e-01	-2.8202457661e+00
2.6639573513e-01	-2.8202261798e+00
2.6631935747e-01	-2.8202034899e+00
2.6624150938e-01	-2.8201776798e+00
2.6616213582e-01	-2.8201487310e+00
2.6608117321e-01	-2.8201166222e+00
2.6599854722e-01	-2.8200813295e+00
2.6591417029e-01	-2.8200428260e+00
2.6582793812e-01	-2.8200010809e+00
2.6573644617e-01	-2.8199502985e+00
2.6564273875e-01	-2.8198990925e+00
2.6554665856e-01	-2.8198451439e+00
2.6544797022e-01	-2.8197876378e+00
2.6534638219e-01	-2.8197264851e+00
2.6524153271e-01	-2.8196615744e+00
2.6513296695e-01	-2.8195927634e+00
2.6502010578e-01	-2.8195198665e+00
2.6490220179e-01	-2.8194426398e+00
2.6477826512e-01	-2.8193607843e+00
2.6464684205e-01	-2.8192742512e+00
2.6450503771e-01	-2.8191884935e+00
2.6445660219e-01	-2.8193024457e+00
2.6447304085e-01	-2.8194030674e+00
2.6448842744e-01	-2.8194982937e+00
2.6450382198e-01	-2.8195934283e+00
2.6451798740e-01	-2.8196850731e+00
2.6453031488e-01	-2.8197724190e+00
2.6454164533e-01	-2.8198614787e+00
2.6455082095e-01	-2.8199479047e+00
2.6455753234e-01	-2.8200307145e+00
2.6456235630e-01	-2.8201149995e+00
2.6456413615e-01	-2.8201924084e+00
2.6456304573e-01	-2.8202606616e+00
2.6455902621e-01	-2.8203051114e+00
2.6455261117e-01	-2.8202911667e+00
2.6454396910e-01	-2.8202060963e+00
2.6452426882e-01	-2.8200279687e+00
2.6447255930e-01	-2.8197070046e+00
2.6434659825e-01	-2.8191600408e+00
2.6407766781e-01	-2.8182601717e+00
2.6356946290e-01	-2.8168154333e+00
2.6269330216e-01	-2.8145070203e+00
2.6198141892e-01	-2.8126906629e+00
2.6142413695e-01	-2.8112626961e+00
2.6098751018e-01	-2.8101355706e+00
2.6031510144e-01	-2.8083797406e+00
2.5919377373e-01	-2.8054476027e+00
2.5803854614e-01	-2.8022461367e+00
2.5737069767e-01	-2.7996222556e+00
2.5758075708e-01	-2.7990896478e+00
2.5782424586e-01	-2.7995556645e+00
2.5792755404e-01	-2.7994981977e+00
2.5797386833e-01	-2.7991843778e+00
2.5804679270e-01	-2.7986787950e+00
2.5816101541e-01	-2.7978706736e+00
2.5833892957e-01	-2.7966041748e+00
2.5831559842e-01	-2.7960801273e+00
2.5825023463e-01	-2.7957873106e+00
2.5813567203e-01	-2.7953317214e+00
2.5793647590e-01	-2.7946253495e+00
2.5759652602e-01	-2.7935316645e+00
2.5703139917e-01	-2.7918493822e+00
2.5624089891e-01	-2.7895832453e+00
2.5546376943e-01	-2.7873739843e+00
2.5470570887e-01	-2.7852245608e+00
2.5396761319e-01	-2.7835481933e+00
2.6251731399e-01	-2.7909049059e+00
2.6251627988e-01	-2.7910336556e+00
2.6251255313e-01	-2.7911709930e+00
2.6250728640e-01	-2.7913093861e+00
2.6250078481e-01	-2.7914466702e+00
2.6249310624e-01	-2.7915822613e+00
2.6248423624e-01	-2.7917160145e+00
2.6247414510e-01	-2.7918479268e+00
2.6246277360e-01	-2.7919789256e+00
2.6245005577e-01	-2.7921107806e+00
2.6243591615e-01	-2.7922407593e+00
2.6242026558e-01	-2.7923688464e+00
2.6240299349e-01	-2.7924950279e+00
2.6238396062e-01	-2.7926192945e+00
2.6236298966e-01	-2.7927416464e+00
2.6233985169e-01	-2.7928621039e+00
2.6231424780e-01	-2.7929807162e+00
2.6228578403e-01	-2.7930975665e+00
2.6225393385e-01	-2.7932127839e+00
2.6221804857e-01	-2.7933266808e+00
2.6217719002e-01	-2.7934428448e+00
2.6212977913e-01	-2.7935606747e+00
2.6207358698e-01	-2.7936785181e+00
2.6200498162e-01	-2.7937971036e+00
2.6191737011e-01	-2.7939172336e+00
2.6179651309e-01	-2.7940389316e+00
2.6159935987e-01	-2.7941546819e+00
2.6096446104e-01	-2.7940668536e+00
2.6018145612e-01	-2.7948514939e+00
2.5990355346e-01	-2.7954127105e+00
2.5977200139e-01	-2.7955885340e+00
2.5967688454e-01	-2.7957092538e+00
2.5959926563e-01	-2.7966774753e+00
2.5130476036e-01	-2.7864496221e+00
2.5122219691e-01	-2.7865755696e+00
2.5115350440e-01	-2.7866779848e+00
2.5109309505e-01	-2.7867704395e+00
2.5103800222e-01	-2.7868594434e+00
2.5098634336e-01	-2.7869415347e+00
2.5093705573e-01	-2.7870178565e+00
2.5088940071e-01	-2.7870891726e+00
2.5084284083e-01	-2.7871560145e+00
2.5079696732e-01	-2.7872187654e+00
2.5074315042e-01	-2.7872604784e+00
2.5067736209e-01	-2.7872735299e+00
2.5061326722e-01	-2.7872869937e+00
2.5054924029e-01	-2.7873019037e+00
2.5048489739e-01	-2.7873137916e+00
2.5042005180e-01	-2.7873226523e+00
2.5035453002e-01	-2.7873284532e+00
2.5028816582e-01	-2.7873311357e+00
2.5022079078e-01	-2.7873306164e+00
2.5015223056e-01	-2.7873267867e+00
2.5008229114e-01	-2.7873195129e+00
2.5000582233e-01	-2.7872983387e+00
2.4992525773e-01	-2.7872686862e+00
2.4984284703e-01	-2.7872396634e+00
2.4975767498e-01	-2.7872067734e+00
2.4966916889e-01	-2.7871687347e+00
2.4957658486e-01	-2.7871249544e+00
2.4947894476e-01	-2.7870746454e+00
2.4937493751e-01	-2.7870167371e+00
2.4926277365e-01	-2.7869497378e+00
2.4914005547e-01	-2.7868717289e+00
2.4900383696e-01	-2.7867822647e+00
2.4884853501e-01	-2.7866780017e+00
2.4866664315e-01	-2.7865491142e+00
2.4844893736e-01	-2.7863880090e+00
2.4818734218e-01	-2.7861893100e+00
2.4789946646e-01	-2.7859917161e+00
2.4762256961e-01	-2.7858076339e+00
2.4738174290e-01	-2.7856407147e+00
2.4717862966e-01	-2.7854944615e+00
2.4700301730e-01	-2.7853540396e+00
2.4684734230e-01	-2.7852163668e+00
2.4670592269e-01	-2.7850803290e+00
2.4657473145e-01	-2.7849450253e+00
2.4645147980e-01	-2.7848122813e+00
2.4633343324e-01	-2.7846800399e+00
2.4621891462e-01	-2.7845458306e+00
2.4610677342e-01	-2.7844092031e+00
2.4599612469e-01	-2.7842697605e+00
2.4588627151e-01	-2.7841271469e+00
2.4577665309e-01	-2.7839810389e+00
2.4566680492e-01	-2.7838311336e+00
2.4555633472e-01	-2.7836771502e+00
2.4544551692e-01	-2.7835205254e+00
2.4533383558e-01	-2.7833620037e+00
2.4522053662e-01	-2.7831984280e+00
2.4510530382e-01	-2.7830294589e+00
2.4498780438e-01	-2.7828547097e+00
2.4486767122e-01	-2.7826737268e+00
2.4474448071e-01	-2.7824859718e+00
2.4461764904e-01	-2.7822908103e+00
2.4448552550e-01	-2.7820876677e+00
2.4441010231e-01	-2.7820303568e+00
2.4443439546e-01	-2.7821236853e+00
2.4445838060e-01	-2.7822142591e+00
2.4448294484e-01	-2.7823035994e+00
2.4450742138e-01	-2.7823914702e+00
2.4452906181e-01	-2.7824727169e+00
2.4454463792e-01	-2.7825457291e+00
2.4452775373e-01	-2.7825730484e+00
2.4441371613e-01	-2.7824358467e+00
2.4428314281e-01	-2.7822591432e+00
2.4414095364e-01	-2.7820611732e+00
2.4398731076e-01	-2.7818421929e+00
2.4382385398e-01	-2.7816061461e+00
2.4365404529e-01	-2.7813532666e+00
2.4348276733e-01	-2.7810898091e+00
2.4331485726e-01	-2.7808229521e+00
2.4315392579e-01	-2.7805597077e+00
2.4300252991e-01	-2.7803075575e+00
2.4285889464e-01	-2.7800620499e+00
2.4271591112e-01	-2.7798041237e+00
2.4256762115e-01	-2.7795206108e+00
2.4241679464e-01	-2.7792237835e+00
2.4239204692e-01	-2.7791977534e+00
2.4240872038e-01	-2.7792458411e+00
2.4242300060e-01	-2.7792872871e+00
2.4243525389e-01	-2.7793231395e+00
2.4244193085e-01	-2.7793446102e+00
2.4244288569e-01	-2.7793509019e+00
2.4243781529e-01	-2.7793407702e+00
2.4242369213e-01	-2.7793059883e+00
2.4239602469e-01	-2.7792345538e+00
2.4234178867e-01	-2.7790927525e+00
2.4225401991e-01	-2.7788587018e+00
2.4211030852e-01	-2.7784638992e+00
2.4188847922e-01	-2.7778132603e+00
2.4161521278e-01	-2.7768437211e+00
2.4120777651e-01	-2.7752302611e+00
2.4074166358e-01	-2.7737382453e+00
2.4033253314e-01	-2.7725104484e+00
2.3999845865e-01	-2.7715210944e+00
2.3946485153e-01	-2.7699341032e+00
2.3866820201e-01	-2.7674698167e+00
2.3817843682e-01	-2.7656709953e+00
2.3807253721e-01	-2.7645210464e+00
2.3821846576e-01	-2.7638037978e+00
2.3819647033e-01	-2.7631333401e+00
2.3809957945e-01	-2.7625394061e+00
2.3799412988e-01	-2.7620456141e+00
2.3779673187e-01	-2.7612460668e+00
2.3744080264e-01	-2.7599445107e+00
2.3683383141e-01	-2.7578487956e+00
2.3586088242e-01	-2.7546114922e+00
2.3511680928e-01	-2.7521090391e+00
2.3448118118e-01	-2.7500093435e+00
2.3399134762e-01	-2.7483616624e+00
2.3324425274e-01	-2.7457617127e+00
2.3247478847e-01	-2.7430902933e+00
2.3897302655e-01	-2.7519328105e+00
2.3892933006e-01	-2.7520578851e+00
2.3889274520e-01	-2.7521744181e+00
2.3886074706e-01	-2.7522849462e+00
2.3883177647e-01	-2.7523905203e+00
2.3880476669e-01	-2.7524917146e+00
2.3877913312e-01	-2.7525893405e+00
2.3875447228e-01	-2.7526857316e+00
2.3873002429e-01	-2.7527804964e+00
2.3870540824e-01	-2.7528716637e+00
2.3868037259e-01	-2.7529593477e+00
2.3865472543e-01	-2.7530436271e+00
2.3862832043e-01	-2.7531245511e+00
2.3860104696e-01	-2.7532021410e+00
2.3857282111e-01	-2.7532763950e+00
2.3854357959e-01	-2.7533472905e+00
2.3851330600e-01	-2.7534148685e+00
2.3848236662e-01	-2.7534800645e+00
2.3845057330e-01	-2.7535459736e+00
2.3841760373e-01	-2.7536087591e+00
2.3838341841e-01	-2.7536678711e+00
2.3834797221e-01	-2.7537232455e+00
2.3831120828e-01	-2.7537748194e+00
2.3827305758e-01	-2.7538225244e+00
2.3823343166e-01	-2.7538662892e+00
2.3819221999e-01	-2.7539060328e+00
2.3814928153e-01	-2.7539416620e+00
2.3810474611e-01	-2.7539738131e+00
2.3805898733e-01	-2.7540064351e+00
2.3801093311e-01	-2.7540370679e+00
2.3796010481e-01	-2.7540630307e+00
2.3790601482e-01	-2.7540840681e+00
2.3784801968e-01	-2.7540998309e+00
2.3778525456e-01	-2.7541098343e+00
2.3771654286e-01	-2.7541133887e+00
2.3761784962e-01	-2.7540548340e+00
2.3749057871e-01	-2.7539421164e+00
2.3734482390e-01	-2.7538094291e+00
2.3717316137e-01	-2.7536429282e+00
2.3696658121e-01	-2.7534313172e+00
2.3671763269e-01	-2.7531667915e+00
2.3643531146e-01	-2.7528788092e+00
2.3615141725e-01	-2.7525932340e+00
2.3589657993e-01	-2.7523290425e+00
2.3568120085e-01	-2.7521018499e+00
2.3549784233e-01	-2.7518991065e+00
2.3533810187e-01	-2.7517116139e+00
2.3519540129e-01	-2.7515349339e+00
2.3506494615e-01	-2.7513656464e+00
2.3494420892e-01	-2.7512051030e+00
2.3482970905e-01	-2.7510483982e+00
2.3471941574e-01	-2.7508920179e+00
2.3461195911e-01	-2.7507347662e+00
2.3450629341e-01	-2.7505756749e+00
2.3440160042e-01	-2.7504139386e+00
2.3429722286e-01	-2.7502488683e+00
2.3419261052e-01	-2.7500798520e+00
2.3408740652e-01	-2.7499067615e+00
2.3398151422e-01	-2.7497335013e+00
2.3388965096e-01	-2.7496091618e+00
2.3392110384e-01	-2.7497330490e+00
2.3394924681e-01	-2.7498436057e+00
2.3397761963e-01	-2.7499505546e+00
2.3400845393e-01	-2.7500618052e+00
2.3403891478e-01	-2.7501691495e+00
2.3406918019e-01	-2.7502744055e+00
2.3410055461e-01	-2.7503824901e+00
2.3413081174e-01	-2.7504865310e+00
2.3416112428e-01	-2.7505905716e+00
2.3419056715e-01	-2.7506917272e+00
2.3421694117e-01	-2.7507828969e+00
2.3423796701e-01	-2.7508565701e+00
2.3424037664e-01	-2.7508692197e+00
2.3421682149e-01	-2.7507950344e+00
2.3416337826e-01	-2.7506224534e+00
2.3406553934e-01	-2.7503048537e+00
2.3389809824e-01	-2.7497605736e+00
2.3362107758e-01	-2.7488569852e+00
2.3318213033e-01	-2.7474059568e+00
2.3254980408e-01	-2.7451637025e+00
2.3224991008e-01	-2.7436559285e+00
2.3235652816e-01	-2.7428699927e+00
2.3248499690e-01	-2.7422859906e+00
2.3244553095e-01	-2.7416799141e+00
2.3235799618e-01	-2.7411379271e+00
2.3226194277e-01	-2.7406730840e+00
2.3203686737e-01	-2.7397866909e+00
2.3165477457e-01	-2.7383661736e+00
2.3102810558e-01	-2.7361146815e+00
2.3004967250e-01	-2.7326440017e+00
2.2930349026e-01	-2.7316732330e+00
2.1845974669e-01	-2.7097966399e+00
2.1840232955e-01	-2.7097944081e+00
2.1834354685e-01	-2.7097749271e+00
2.1828391991e-01	-2.7097488511e+00
2.1822298678e-01	-2.7097174815e+00
2.1816054055e-01	-2.7096810535e+00
2.1809642021e-01	-2.7096394931e+00
2.1803045449e-01	-2.7095926018e+00
2.1796244114e-01	-2.7095400916e+00
2.1788252311e-01	-2.7094530878e+00
2.1780000478e-01	-2.7093598052e+00
2.1771452541e-01	-2.7092645477e+00
2.1762514065e-01	-2.7091602444e+00
2.1753102009e-01	-2.7090454315e+00
2.1743104301e-01	-2.7089181299e+00
2.1732367024e-01	-2.7087756187e+00
2.1720675766e-01	-2.7086140930e+00
2.1707739283e-01	-2.7084284968e+00
2.1693190687e-01	-2.7082142670e+00
2.1676368342e-01	-2.7079620194e+00
2.1656426005e-01	-2.7076528203e+00
2.1632500228e-01	-2.7072719214e+00
2.1604615284e-01	-2.7068279530e+00
2.1575631016e-01	-2.7063871035e+00
2.1548806135e-01	-2.7059784823e+00
2.1525701236e-01	-2.7056198457e+00
2.1505935532e-01	-2.7053067607e+00
2.1488652302e-01	-2.7050184534e+00
2.1473185808e-01	-2.7047478463e+00
2.1459025260e-01	-2.7044893889e+00
2.1445862063e-01	-2.7042415802e+00
2.1433375658e-01	-2.7040015884e+00
2.1421330398e-01	-2.7037630835e+00
2.1409577237e-01	-2.7035242058e+00
2.1398002240e-01	-2.7032834535e+00
2.1386516318e-01	-2.7030395833e+00
2.1375047774e-01	-2.7027915313e+00
2.1363537707e-01	-2.7025383786e+00
2.1352004481e-01	-2.7022816431e+00
2.1340384995e-01	-2.7020221509e+00
2.1328576652e-01	-2.7017548022e+00
2.1316531749e-01	-2.7014786299e+00
2.1304198530e-01	-2.7011925273e+00
2.1291517949e-01	-2.7008951790e+00
2.1278420734e-01	-2.7005849917e+00
2.1264824049e-01	-2.7002600106e+00
2.1250647932e-01	-2.6999184490e+00
2.1235877983e-01	-2.6995624398e+00
2.1220273207e-01	-2.6991841932e+00
2.1203681726e-01	-2.6987789749e+00
2.1185971419e-01	-2.6983430755e+00
2.1167061905e-01	-2.6978737922e+00
2.1146914824e-01	-2.6973697329e+00
2.1125502210e-01	-2.6968391805e+00
2.1121280003e-01	-2.6968141988e+00
2.1121508603e-01	-2.6968766019e+00
2.1121860870e-01	-2.6969372720e+00
2.1122417622e-01	-2.6970015172e+00
2.1123072481e-01	-2.6970642776e+00
2.1123835958e-01	-2.6971278178e+00
2.1124734095e-01	-2.6971942191e+00
2.1125683368e-01	-2.6972594732e+00
2.1126763690e-01	-2.6973278998e+00
2.1127906281e-01	-2.6973960127e+00
2.1129001080e-01	-2.6974590747e+00
2.1129714418e-01	-2.6975023476e+00
2.1129131799e-01	-2.6974844977e+00
2.1127040928e-01	-2.6973930705e+00
2.1123248800e-01	-2.6972151016e+00
2.1117629025e-01	-2.6969254195e+00
2.1109874330e-01	-2.6964682464e+00
2.1096522086e-01	-2.6956789780e+00
2.1063072894e-01	-2.6941049978e+00
2.1029828411e-01	-2.6927059020e+00
2.1001819165e-01	-2.6915597787e+00
2.0979229853e-01	-2.6906395521e+00
2.0943449222e-01	-2.6891727959e+00
2.0890387112e-01	-2.6869202917e+00
2.0843131909e-01	-2.6840321122e+00
2.0865042952e-01	-2.6832477585e+00
2.0859964754e-01	-2.6822508287e+00
2.0844487372e-01	-2.6812767345e+00
2.0829097242e-01	-2.6804625346e+00
2.0801581934e-01	-2.6791154110e+00
2.0754096023e-01	-2.6769050981e+00
2.0684463604e-01	-2.6737737054e+00
2.0627433009e-01	-2.6712257097e+00
2.0581127102e-01	-2.6691701354e+00
2.0545308302e-01	-2.6675585515e+00
2.0490169951e-01	-2.6650177476e+00
2.0430133598e-01	-2.6628001094e+00
2.1109820540e-01	-2.6749638407e+00
2.1105131422e-01	-2.6750267284e+00
2.1100847503e-01	-2.6750834599e+00
2.1096787103e-01	-2.6751368102e+00
2.1092873805e-01	-2.6751901324e+00
2.1088998450e-01	-2.6752408760e+00
2.1085113559e-01	-2.6752870204e+00
2.1081186288e-01	-2.6753284368e+00
2.1077192103e-01	-2.6753650231e+00
2.1073112422e-01	-2.6753966940e+00
2.1068933005e-01	-2.6754233715e+00
2.1064642511e-01	-2.6754449794e+00
2.1060251778e-01	-2.6754620960e+00
2.1055786048e-01	-2.6754769002e+00
2.1051202400e-01	-2.6754903336e+00
2.1046477028e-01	-2.6754982435e+00
2.1041602972e-01	-2.6755004910e+00
2.1036572087e-01	-2.6754969102e+00
2.1031374410e-01	-2.6754873011e+00
2.1025997408e-01	-2.6754714210e+00
2.1020424492e-01	-2.6754489691e+00
2.1014644052e-01	-2.6754199092e+00
2.1008716799e-01	-2.6753874654e+00
2.1002551898e-01	-2.6753534271e+00
2.0996054189e-01	-2.6753106546e+00
2.0989155225e-01	-2.6752581110e+00
2.0981762164e-01	-2.6751943780e+00
2.0973747264e-01	-2.6751174833e+00
2.0964932816e-01	-2.6750246406e+00
2.0955101418e-01	-2.6749129399e+00
2.0942080891e-01	-2.6747196156e+00
2.0923198317e-01	-2.6743616521e+00
2.0900800249e-01	-2.6739252780e+00
2.0874813367e-01	-2.6734156864e+00
2.0846451101e-01	-2.6728761992e+00
2.0818015866e-01	-2.6723395740e+00
2.0791649573e-01	-2.6718269179e+00
2.0768501536e-01	-2.6713654757e+00
2.0748478223e-01	-2.6709565902e+00
2.0730831913e-01	-2.6705833666e+00
2.0714940292e-01	-2.6702361410e+00
2.0700340207e-01	-2.6699078961e+00
2.0686749595e-01	-2.6695976717e+00
2.0673787122e-01	-2.6692955391e+00
2.0661245937e-01	-2.6689966404e+00
2.0648977154e-01	-2.6686983287e+00
2.0636866299e-01	-2.6683984928e+00
2.0624823086e-01	-2.6680953995e+00
2.0612773980e-01	-2.6677875729e+00
2.0600683675e-01	-2.6674746372e+00
2.0588597937e-01	-2.6671610078e+00
2.0576338630e-01	-2.6668394369e+00
2.0563851956e-01	-2.6665080535e+00
2.0551083021e-01	-2.6661654733e+00
2.0537970812e-01	-2.6658101046e+00
2.0524441701e-01	-2.6654400159e+00
2.0510372626e-01	-2.6650524367e+00
2.0495299465e-01	-2.6646406517e+00
2.0495301413e-01	-2.6647232962e+00
2.0496940882e-01	-2.6648319425e+00
2.0498668428e-01	-2.6649403305e+00
2.0500569010e-01	-2.6650529380e+00
2.0502412037e-01	-2.6651602379e+00
2.0504223840e-01	-2.6652655176e+00
2.0505991834e-01	-2.6653693180e+00
2.0507601140e-01	-2.6654664247e+00
2.0509169476e-01	-2.6655633604e+00
2.0510532570e-01	-2.6656515812e+00
2.0511669785e-01	-2.6657295802e+00
2.0512319972e-01	-2.6657815821e+00
2.0511976700e-01	-2.6657737360e+00
2.0510564140e-01	-2.6656999711e+00
2.0507594176e-01	-2.6655387285e+00
2.0501858520e-01	-2.6652349084e+00
2.0490879551e-01	-2.6646829289e+00
2.0470301357e-01	-2.6637063997e+00
2.0433523338e-01	-2.6620326118e+00
2.0373314360e-01	-2.6592972804e+00
2.0331793520e-01	-2.6572843883e+00
2.0309808889e-01	-2.6559454780e+00
2.0308569652e-01	-2.6552465064e+00
2.0321228404e-01	-2.6549681593e+00
2.0332120518e-01	-2.6547446060e+00
2.0336926833e-01	-2.6545165598e+00
2.0337372286e-01	-2.6542599723e+00
2.0330773621e-01	-2.6536540903e+00
2.0308276249e-01	-2.6523713079e+00
2.0267213221e-01	-2.6502791717e+00
2.0198305878e-01	-2.6487824448e+00
1.9271599447e-01	-2.6228454462e+00
1.9262796069e-01	-2.6226827290e+00
1.9253778680e-01	-2.6225080128e+00
1.9244305546e-01	-2.6223162815e+00
1.9234226009e-01	-2.6221044668e+00
1.9223353316e-01	-2.6218675500e+00
1.9211429381e-01	-2.6215983086e+00
1.9197970456e-01	-2.6212816611e+00
1.9182582350e-01	-2.6209089134e+00
1.9164575126e-01	-2.6204640770e+00
1.9143102861e-01	-2.6199188778e+00
1.9117574457e-01	-2.6192573182e+00
1.9089224703e-01	-2.6185291516e+00
1.9061043046e-01	-2.6178209986e+00
1.9035474702e-01	-2.6171774971e+00
1.9013446867e-01	-2.6166202323e+00
1.8994396889e-01	-2.6161337530e+00
1.8977608500e-01	-2.6156930950e+00
1.8962496954e-01	-2.6152855801e+00
1.8948625591e-01	-2.6149022911e+00
1.8935681201e-01	-2.6145387932e+00
1.8923326198e-01	-2.6141860367e+00
1.8911350924e-01	-2.6138370499e+00
1.8899605044e-01	-2.6134883267e+00
1.8887971888e-01	-2.6131370473e+00
1.8876357434e-01	-2.6127808394e+00
1.8864707697e-01	-2.6124186376e+00
1.8853029808e-01	-2.6120523641e+00
1.8841192210e-01	-2.6116789456e+00
1.8829097518e-01	-2.6112926490e+00
1.8816675002e-01	-2.6108912083e+00
1.8803842979e-01	-2.6104719155e+00
1.8790505136e-01	-2.6100314967e+00
1.8776547672e-01	-2.6095660221e+00
1.8761922872e-01	-2.6090743972e+00
1.8746487234e-01	-2.6085541906e+00
1.8730004335e-01	-2.6079938260e+00
1.8712356393e-01	-2.6073884714e+00
1.8693512623e-01	-2.6067362611e+00
1.8673541555e-01	-2.6060384482e+00
1.8652926061e-01	-2.6053140241e+00
1.8632050123e-01	-2.6045727733e+00
1.8611386488e-01	-2.6038292325e+00
1.8591305741e-01	-2.6030963057e+00
1.8572118983e-01	-2.6023867761e+00
1.8553804143e-01	-2.6017016510e+00
1.8536217945e-01	-2.6010344516e+00
1.8519239903e-01	-2.6003818907e+00
1.8502731151e-01	-2.5997398077e+00
1.8486555409e-01	-2.5991039085e+00
1.8470634762e-01	-2.5984724251e+00
1.8453010637e-01	-2.5977617955e+00
1.8435389207e-01	-2.5970457870e+00
1.8417657847e-01	-2.5963201342e+00
1.8399709890e-01	-2.5955806484e+00
1.8381442305e-01	-2.5948231387e+00
1.8362744035e-01	-2.5940429110e+00
1.8342426404e-01	-2.5931877244e+00
1.8321501995e-01	-2.5923023898e+00
1.8299695815e-01	-2.5913749044e+00
1.8287376473e-01	-2.5908673282e+00
1.8287322898e-01	-2.5908795487e+00
1.8287355573e-01	-2.5908939008e+00
1.8287520952e-01	-2.5909126505e+00
1.8287703829e-01	-2.5909305584e+00
1.8287874165e-01	-2.5909470994e+00
1.8288021012e-01	-2.5909618499e+00
1.8288131636e-01	-2.5909742120e+00
1.8288272684e-01	-2.5909875346e+00
1.8288341502e-01	-2.5909966775e+00
1.8288345404e-01	-2.5910019787e+00
1.8288093175e-01	-2.5909937505e+00
1.8287530281e-01	-2.5909680441e+00
1.8286570860e-01	-2.5909210085e+00
1.8284955952e-01	-2.5908388877e+00
1.8282219569e-01	-2.5906954888e+00
1.8276784835e-01	-2.5904092257e+00
1.8264666780e-01	-2.5897813246e+00
1.8235904668e-01	-2.5883305431e+00
1.8210954914e-01	-2.5870549193e+00
1.8189893316e-01	-2.5859572345e+00
1.8176287648e-01	-2.5851958136e+00
1.8162192746e-01	-2.5842434612e+00
1.8156162823e-01	-2.5836585126e+00
1.8150718912e-01	-2.5831556513e+00
1.8144585747e-01	-2.5826875467e+00
1.8131172239e-01	-2.5818008367e+00
1.8103863039e-01	-2.5801710299e+00
1.8055187098e-01	-2.5773831358e+00
1.8018611837e-01	-2.5752508341e+00
1.7993830333e-01	-2.5736997017e+00
1.7979909960e-01	-2.5726583714e+00
1.7975580491e-01	-2.5720512683e+00
1.7988092806e-01	-2.5716805132e+00
1.8004820586e-01	-2.5715813243e+00
1.8009258223e-01	-2.5712418701e+00
1.8007493617e-01	-2.5708102175e+00
1.8003792784e-01	-2.5703971605e+00
1.7995027814e-01	-2.5696569686e+00
1.7976856483e-01	-2.5683862164e+00
1.8731374078e-01	-2.5908186574e+00
1.8725427401e-01	-2.5907679798e+00
1.8718178551e-01	-2.5906906362e+00
1.8709588646e-01	-2.5905781693e+00
1.8699146619e-01	-2.5904202069e+00
1.8683486968e-01	-2.5900767138e+00
1.8659656750e-01	-2.5894262532e+00
1.8634352869e-01	-2.5887572278e+00
1.8608746469e-01	-2.5880862964e+00
1.8584446224e-01	-2.5874313376e+00
1.8562834696e-01	-2.5868369729e+00
1.8544583934e-01	-2.5863363127e+00
1.8528943792e-01	-2.5859022237e+00
1.8515255816e-01	-2.5855174468e+00
1.8503055578e-01	-2.5851709917e+00
1.8491925001e-01	-2.5848547950e+00
1.8481459106e-01	-2.5845528855e+00
1.8471427082e-01	-2.5842584756e+00
1.8461651764e-01	-2.5839665548e+00
1.8451993315e-01	-2.5836730528e+00
1.8442343879e-01	-2.5833748148e+00
1.8432725481e-01	-2.5830741946e+00
1.8422986698e-01	-2.5827685189e+00
1.8412971747e-01	-2.5824486514e+00
1.8402582201e-01	-2.5821111208e+00
1.8391704905e-01	-2.5817518018e+00
1.8380205016e-01	-2.5813656641e+00
1.8367949001e-01	-2.5809477968e+00
1.8354890443e-01	-2.5804978017e+00
1.8340765742e-01	-2.5800068120e+00
1.8325377787e-01	-2.5794640568e+00
1.8308692064e-01	-2.5788675632e+00
1.8290795030e-01	-2.5782194589e+00
1.8272248187e-01	-2.5775425125e+00
1.8253505762e-01	-2.5768527620e+00
1.8235044434e-01	-2.5761645353e+00
1.8217260134e-01	-2.5754925843e+00
1.8200468386e-01	-2.5748501719e+00
1.8184686230e-01	-2.5742407050e+00
1.8169721669e-01	-2.5736547277e+00
1.8155438022e-01	-2.5730879122e+00
1.8141677400e-01	-2.5725349734e+00
1.8128314867e-01	-2.5719918972e+00
1.8115312161e-01	-2.5714589083e+00
1.8102414864e-01	-2.5709255512e+00
1.8089465239e-01	-2.5703846862e+00
1.8076345421e-01	-2.5698315668e+00
1.8062942894e-01	-2.5692614886e+00
1.8049151153e-01	-2.5686698340e+00
1.8034932253e-01	-2.5680549647e+00
1.8020218217e-01	-2.5674142845e+00
1.8004886209e-01	-2.5667410892e+00
1.7988926223e-01	-2.5660343410e+00
1.7970369839e-01	-2.5652015300e+00
1.7950014444e-01	-2.5642786150e+00
1.7928894021e-01	-2.5633128937e+00
1.7907680480e-01	-2.5623351798e+00
1.7886550517e-01	-2.5613533510e+00
1.7865673022e-01	-2.5603755439e+00
1.7845127695e-01	-2.5594059725e+00
1.7824741801e-01	-2.5584370285e+00
1.7804838684e-01	-2.5574844550e+00
1.7785256939e-01	-2.5565411904e+00
1.7765904949e-01	-2.5556033014e+00
1.7746675198e-01	-2.5546659226e+00
1.7727447297e-01	-2.5537233610e+00
1.7708040376e-01	-2.5527663697e+00
1.7694048604e-01	-2.5520583794e+00
1.7694377303e-01	-2.5520573030e+00
1.7694773243e-01	-2.5520589895e+00
1.7695433415e-01	-2.5520736828e+00
1.7696208019e-01	-2.5520951675e+00
1.7697054959e-01	-2.5521204665e+00
1.7697943084e-01	-2.5521475486e+00
1.7698783085e-01	-2.5521724760e+00
1.7699653399e-01	-2.5521980420e+00
1.7700418279e-01	-2.5522189631e+00
1.7701072468e-01	-2.5522352000e+00
1.7701302465e-01	-2.5522356519e+00
1.7700634677e-01	-2.5522054900e+00
1.7698977921e-01	-2.5521414597e+00
1.7695905458e-01	-2.5520244811e+00
1.7690490367e-01	-2.5518132999e+00
1.7681096945e-01	-2.5514301507e+00
1.7666012647e-01	-2.5507840216e+00
1.7648551163e-01	-2.5500000820e+00
1.7642227875e-01	-2.5496684313e+00
1.7634242648e-01	-2.5492160884e+00
1.7620349096e-01	-2.5484719899e+00
1.7608140415e-01	-2.5478156760e+00
1.7587543731e-01	-2.5467023001e+00
1.7555116378e-01	-2.5449059842e+00
1.7535085047e-01	-2.5437069172e+00
1.7525169129e-01	-2.5429909368e+00
1.7521593567e-01	-2.5425937699e+00
1.7520095097e-01	-2.5423225496e+00
1.7516584500e-01	-2.5418245809e+00
1.7502346800e-01	-2.5406558198e+00
1.7485245180e-01	-2.5394919749e+00
1.7470006352e-01	-2.5385028994e+00
1.7457389169e-01	-2.5376942131e+00
1.7437143547e-01	-2.5368867646e+00
1.6686868286e-01	-2.5103299000e+00
1.6677014379e-01	-2.5099382992e+00
1.6666777751e-01	-2.5095292671e+00
1.6656148639e-01	-2.5090981481e+00
1.6645001816e-01	-2.5086389279e+00
1.6633182018e-01	-2.5081443826e+00
1.6620601757e-01	-2.5076109569e+00
1.6607106125e-01	-2.5070345129e+00
1.6592424096e-01	-2.5063981686e+00
1.6576483318e-01	-2.5056976430e+00
1.6559347190e-01	-2.5049346632e+00
1.6541432118e-01	-2.5041294682e+00
1.6523221449e-01	-2.5033048104e+00
1.6504388822e-01	-2.5024354129e+00
1.6483206392e-01	-2.5014238189e+00
1.6462607732e-01	-2.5004273870e+00
1.6443279386e-01	-2.4994859033e+00
1.6425018613e-01	-2.4985878661e+00
1.6407643467e-01	-2.4977252319e+00
1.6390754982e-01	-2.4968782068e+00
1.6373910647e-01	-2.4960242666e+00
1.6357437827e-01	-2.4951835918e+00
1.6341029858e-01	-2.4943402784e+00
1.6324485687e-01	-2.4934835007e+00
1.6307629829e-01	-2.4926042119e+00
1.6290300641e-01	-2.4916938563e+00
1.6272404964e-01	-2.4907474036e+00
1.6253866159e-01	-2.4897607780e+00
1.6234573985e-01	-2.4887274518e+00
1.6214536555e-01	-2.4876467037e+00
1.6193804159e-01	-2.4865204538e+00
1.6172619040e-01	-2.4853613619e+00
1.6151290055e-01	-2.4841859691e+00
1.6129974919e-01	-2.4830027757e+00
1.6108837410e-01	-2.4818205182e+00
1.6088013534e-01	-2.4806471359e+00
1.6067589556e-01	-2.4794880335e+00
1.6047661294e-01	-2.4783493010e+00
1.6028106781e-01	-2.4772244716e+00
1.6008798782e-01	-2.4761068538e+00
1.5989628055e-01	-2.4749905792e+00
1.5970476639e-01	-2.4738690781e+00
1.5951257764e-01	-2.4727373774e+00
1.5931914199e-01	-2.4715918540e+00
1.5912300930e-01	-2.4704236452e+00
1.5892347006e-01	-2.4692285739e+00
1.5872031792e-01	-2.4680050791e+00
1.5851352157e-01	-2.4667526682e+00
1.5830391942e-01	-2.4654759791e+00
1.5807985813e-01	-2.4641063139e+00
1.5784229240e-01	-2.4626489817e+00
1.5760420141e-01	-2.4611804734e+00
1.5736631589e-01	-2.4597055116e+00
1.5712626726e-01	-2.4582105321e+00
1.5687875861e-01	-2.4566643923e+00
1.5663274943e-01	-2.4551191397e+00
1.5638742506e-01	-2.4535710434e+00
1.5614228132e-01	-2.4520172278e+00
1.5589672605e-01	-2.4504540216e+00
1.5565018077e-01	-2.4488777234e+00
1.5540253968e-01	-2.4472874177e+00
1.5515384257e-01	-2.4456817491e+00
1.5490308673e-01	-2.4440553488e+00
1.5465025508e-01	-2.4424081783e+00
1.5439516957e-01	-2.4407382788e+00
1.5413466192e-01	-2.4390161824e+00
1.5411570310e-01	-2.4387227096e+00
1.5410962550e-01	-2.4386193863e+00
1.5410540553e-01	-2.4385361752e+00
1.5410246573e-01	-2.4384640773e+00
1.5410022251e-01	-2.4383984905e+00
1.5409838395e-01	-2.4383366752e+00
1.5409691332e-01	-2.4382772837e+00
1.5409540239e-01	-2.4382202078e+00
1.5409361631e-01	-2.4381661089e+00
1.5408957721e-01	-2.4381189837e+00
1.5408371804e-01	-2.4380992787e+00
1.5407472270e-01	-2.4380960032e+00
1.5406115317e-01	-2.4381122125e+00
1.5404148327e-01	-2.4381600006e+00
1.5401474137e-01	-2.4382605589e+00
1.5397592669e-01	-2.4384099109e+00
1.5392150354e-01	-2.4385908196e+00
1.5390017456e-01	-2.4387901379e+00
1.5388243297e-01	-2.4388957052e+00
1.5381278301e-01	-2.4386057844e+00
1.5375304236e-01	-2.4383264504e+00
1.5364825033e-01	-2.4377898396e+00
1.5349524893e-01	-2.4369515103e+00
1.5342766204e-01	-2.4365635701e+00
1.5341119402e-01	-2.4364476498e+00
1.5340370798e-01	-2.4363664911e+00
1.5339262950e-01	-2.4362585257e+00
1.5335179249e-01	-2.4359268345e+00
1.5323944459e-01	-2.4350779914e+00
1.5313968704e-01	-2.4343161963e+00
1.5307277071e-01	-2.4337667444e+00
1.5303488081e-01	-2.4334071649e+00
1.5303076115e-01	-2.4331308346e+00
1.5302980811e-01	-2.4325917963e+00
1.5297012397e-01	-2.4320658867e+00
1.5387212794e-01	-2.4371532175e+00
1.5370006604e-01	-2.4362607772e+00
1.5352152976e-01	-2.4353283825e+00
1.5334050055e-01	-2.4343730924e+00
1.5316172558e-01	-2.4334189998e+00
1.5298940758e-01	-2.4324895733e+00
1.5282759186e-01	-2.4316104660e+00
1.5267495882e-01	-2.4307737859e+00
1.5253044052e-01	-2.4299734946e+00
1.5239250411e-01	-2.4292020988e+00
1.5223455414e-01	-2.4282957237e+00
1.5207932587e-01	-2.4273982166e+00
1.5192565712e-01	-2.4265032771e+00
1.5177136999e-01	-2.4255976976e+00
1.5161463669e-01	-2.4246707623e+00
1.5144951041e-01	-2.4236855160e+00
1.5126958490e-01	-2.4226015743e+00
1.5108366653e-01	-2.4214746898e+00
1.5089081007e-01	-2.4202976524e+00
1.5069147745e-01	-2.4190725758e+00
1.5048663787e-01	-2.4178048273e+00
1.5027950733e-01	-2.4165140555e+00
1.5007223691e-01	-2.4152136890e+00
1.4986595576e-01	-2.4139103798e+00
1.4966225946e-01	-2.4126144092e+00
1.4946216822e-01	-2.4113327386e+00
1.4926677253e-01	-2.4100729647e+00
1.4907577072e-01	-2.4088336329e+00
1.4888748421e-01	-2.4076044294e+00
1.4870081841e-01	-2.4063786861e+00
1.4851453888e-01	-2.4051486054e+00
1.4832779053e-01	-2.4039086459e+00
1.4813993080e-01	-2.4026543363e+00
1.4794962498e-01	-2.4013763442e+00
1.4775623513e-01	-2.4000704865e+00
1.4755967794e-01	-2.3987358679e+00
1.4736015768e-01	-2.3973735241e+00
1.4715901559e-01	-2.3959921489e+00
1.4695680775e-01	-2.3945947650e+00
1.4675370465e-01	-2.3931830775e+00
1.4655031824e-01	-2.3917616992e+00
1.4634687986e-01	-2.3903325587e+00
1.4611370421e-01	-2.3886983451e+00
1.4588206322e-01	-2.3870663074e+00
1.4565126408e-01	-2.3854315783e+00
1.4542078629e-01	-2.3837916419e+00
1.4519015600e-01	-2.3821433027e+00
1.4495723905e-01	-2.3804720562e+00
1.4471968415e-01	-2.3787617495e+00
1.4448155780e-01	-2.3770384538e+00
1.4424199904e-01	-2.3752965242e+00
1.4400101420e-01	-2.3735365690e+00
1.4375869367e-01	-2.3717592104e+00
1.4351524748e-01	-2.3699659681e+00
1.4327132633e-01	-2.3681614515e+00
1.4302710484e-01	-2.3663455324e+00
1.4278226343e-01	-2.3645172052e+00
1.4253688091e-01	-2.3626776155e+00
1.4229096453e-01	-2.3608269373e+00
1.4204445487e-01	-2.3589648235e+00
1.4179756389e-01	-2.3570927582e+00
1.4155025285e-01	-2.3552088138e+00
1.4130192875e-01	-2.3533097887e+00
1.4105242114e-01	-2.3513948951e+00
1.4080158769e-01	-2.3494629976e+00
1.4054929707e-01	-2.3475130130e+00
1.4027546768e-01	-2.3454023315e+00
1.3999388457e-01	-2.3432233280e+00
1.3978378257e-01	-2.3415104478e+00
1.3975039336e-01	-2.3410209625e+00
1.3973459975e-01	-2.3408160712e+00
1.3972003875e-01	-2.3406284125e+00
1.3970623624e-01	-2.3404512652e+00
1.3969285009e-01	-2.3402794654e+00
1.3967971227e-01	-2.3401102986e+00
1.3966694601e-01	-2.3399468070e+00
1.3965489755e-01	-2.3397951827e+00
1.3964544424e-01	-2.3396910527e+00
1.3964356133e-01	-2.3397008195e+00
1.3964736317e-01	-2.3398055507e+00
1.3965792362e-01	-2.3400295100e+00
1.3967844074e-01	-2.3404275820e+00
1.3971401640e-01	-2.3410824613e+00
1.3972064980e-01	-2.3417329361e+00
1.3968818740e-01	-2.3423561198e+00
1.3968527049e-01	-2.3429175571e+00
1.3969400474e-01	-2.3433818273e+00
1.3970292918e-01	-2.3437280912e+00
1.3970873488e-01	-2.3439726480e+00
1.3971365999e-01	-2.3442968525e+00
1.3969174382e-01	-2.3445290694e+00
1.3963785045e-01	-2.3443816407e+00
1.3959437543e-01	-2.3442119745e+00
1.3955485773e-01	-2.3440156835e+00
1.3952212956e-01	-2.3438363105e+00
1.3947864419e-01	-2.3435893693e+00
1.3945191399e-01	-2.3434466221e+00
1.3947383236e-01	-2.3435904246e+00
1.3949628047e-01	-2.3437091148e+00
1.3950592820e-01	-2.3437291672e+00
1.3950423890e-01	-2.3436703286e+00
1.3948266822e-01	-2.3434299137e+00
1.3939226052e-01	-2.3427181247e+00
1.4735391441e-01	-2.3820463557e+00
1.4731841347e-01	-2.3817710179e+00
1.4725895801e-01	-2.3812959797e+00
1.4718162189e-01	-2.3806264516e+00
1.4713152371e-01	-2.3799567598e+00
1.4715791541e-01	-2.3797895511e+00
1.4717954686e-01	-2.3796358723e+00
1.4717992228e-01	-2.3794086938e+00
1.4716510081e-01	-2.3791341051e+00
1.4711637936e-01	-2.3785407381e+00
1.4700379987e-01	-2.3773916963e+00
1.4679612561e-01	-2.3753764390e+00
1.4667200851e-01	-2.3791495512e+00
1.3735536513e-01	-2.3134892096e+00
1.3716752647e-01	-2.3123379834e+00
1.3698842503e-01	-2.3112058139e+00
1.3680816568e-01	-2.3100570128e+00
1.3662330976e-01	-2.3088681079e+00
1.3643184058e-01	-2.3076260960e+00
1.3623178940e-01	-2.3063176716e+00
1.3602343752e-01	-2.3049470116e+00
1.3580391854e-01	-2.3034946734e+00
1.3557232104e-01	-2.3019499451e+00
1.3532995762e-01	-2.3003200776e+00
1.3508190287e-01	-2.2986404974e+00
1.3483201226e-01	-2.2969369002e+00
1.3458383363e-01	-2.2952295333e+00
1.3434116928e-01	-2.2935448535e+00
1.3410823849e-01	-2.2919154544e+00
1.3388379287e-01	-2.2903326272e+00
1.3366667795e-01	-2.2887880098e+00
1.3345536705e-01	-2.2872721811e+00
1.3324932979e-01	-2.2857833701e+00
1.3304654215e-01	-2.2843092849e+00
1.3284354735e-01	-2.2828231793e+00
1.3263859017e-01	-2.2813125450e+00
1.3243016236e-01	-2.2797663113e+00
1.3221814192e-01	-2.2781838088e+00
1.3200162901e-01	-2.2765583521e+00
1.3177966946e-01	-2.2748812067e+00
1.3155262016e-01	-2.2731543991e+00
1.3132127230e-01	-2.2713833688e+00
1.3108864530e-01	-2.2695911864e+00
1.3085480318e-01	-2.2677778260e+00
1.3060214148e-01	-2.2658048571e+00
1.3033858879e-01	-2.2637338165e+00
1.3006496356e-01	-2.2615708671e+00
1.2979174202e-01	-2.2593980719e+00
1.2968870170e-01	-2.2585579407e+00
1.2967393695e-01	-2.2584249941e+00
1.2966314519e-01	-2.2583258102e+00
1.2965456360e-01	-2.2582441566e+00
1.2964735720e-01	-2.2581733355e+00
1.2964096268e-01	-2.2581084762e+00
1.2963535775e-01	-2.2580491675e+00
1.2963039682e-01	-2.2579943746e+00
1.2962557980e-01	-2.2579407347e+00
1.2962061812e-01	-2.2578886939e+00
1.2961732642e-01	-2.2578600456e+00
1.2961426827e-01	-2.2578404622e+00
1.2961096380e-01	-2.2578271959e+00
1.2960715441e-01	-2.2578206812e+00
1.2960426065e-01	-2.2578340874e+00
1.2960678642e-01	-2.2579017443e+00
1.2963248212e-01	-2.2581479991e+00
1.2958387748e-01	-2.2577305884e+00
1.2950755419e-01	-2.2570227994e+00
1.2942891834e-01	-2.2562844306e+00
1.2936269642e-01	-2.2556518505e+00
1.2931227635e-01	-2.2551548388e+00
1.2925197942e-01	-2.2544956712e+00
1.2924054983e-01	-2.2540220689e+00
1.2929494038e-01	-2.2540732284e+00
1.2933256309e-01	-2.2540467376e+00
1.2934223450e-01	-2.2538712661e+00
1.2933436370e-01	-2.2536147288e+00
1.2930106289e-01	-2.2531433001e+00
1.2121784204e-01	-2.2027552322e+00
1.2113421271e-01	-2.2017062514e+00
1.2107680852e-01	-2.2009434408e+00
1.2103988152e-01	-2.2003982765e+00
1.2100957959e-01	-2.1997302477e+00
1.2109115908e-01	-2.1996428876e+00
1.2128353945e-01	-2.2004856846e+00
1.2145337861e-01	-2.2012584087e+00
1.2155534860e-01	-2.2016427746e+00
1.2160698654e-01	-2.2040400939e+00
1.2581650809e-01	-2.2229192479e+00
1.2558756175e-01	-2.2214825197e+00
1.2535667763e-01	-2.2200256604e+00
1.2513360312e-01	-2.2186009042e+00
1.2493027650e-01	-2.2172994350e+00
1.2471886549e-01	-2.2158869199e+00
1.2451327646e-01	-2.2144772059e+00
1.2430620196e-01	-2.2130171060e+00
1.2411326359e-01	-2.2116503273e+00
1.2392818644e-01	-2.2103262722e+00
1.2374714738e-01	-2.2090186300e+00
1.2356501972e-01	-2.2076885385e+00
1.2338320037e-01	-2.2063531321e+00
1.2319848203e-01	-2.2049872425e+00
1.2300844565e-01	-2.2035696285e+00
1.2281104955e-01	-2.2020843553e+00
1.2260609280e-01	-2.2005306539e+00
1.2239252257e-01	-2.1989039333e+00
1.2216881429e-01	-2.1971860296e+00
1.2193636429e-01	-2.1953865803e+00
1.2169967231e-01	-2.1935415554e+00
1.2146199629e-01	-2.1916779394e+00
1.2122570907e-01	-2.1898099929e+00
1.2099403284e-01	-2.1879637298e+00
1.2077057990e-01	-2.1861708450e+00
1.2055418611e-01	-2.1844221585e+00
1.2034374593e-01	-2.1827077853e+00
1.2013796673e-01	-2.1810182874e+00
1.1993709870e-01	-2.1793581601e+00
1.1973773416e-01	-2.1776999025e+00
1.1953741611e-01	-2.1760217846e+00
1.1933475565e-01	-2.1743123302e+00
1.1912959509e-01	-2.1725704127e+00
1.1892192174e-01	-2.1707965378e+00
1.1871048471e-01	-2.1689785900e+00
1.1849557716e-01	-2.1671185142e+00
1.1827816426e-01	-2.1652244033e+00
1.1806035530e-01	-2.1633147862e+00
1.1784175857e-01	-2.1613858631e+00
1.1762293048e-01	-2.1594424484e+00
1.1740453570e-01	-2.1574907135e+00
1.1714484901e-01	-2.1551571964e+00
1.1688651092e-01	-2.1528222875e+00
1.1662955049e-01	-2.1504868107e+00
1.1637349728e-01	-2.1481469362e+00
1.1611485166e-01	-2.1457712826e+00
1.1585639684e-01	-2.1433845140e+00
1.1559729568e-01	-2.1409792660e+00
1.1533709650e-01	-2.1385516043e+00
1.1507553338e-01	-2.1360990461e+00
1.1481298840e-01	-2.1336250138e+00
1.1454958524e-01	-2.1311293909e+00
1.1428445355e-01	-2.1286051509e+00
1.1401753264e-01	-2.1260516285e+00
1.1374866911e-01	-2.1234670674e+00
1.1347715756e-01	-2.1208408784e+00
1.1341125357e-01	-2.1200845734e+00
1.1339529415e-01	-2.1198679718e+00
1.1338187224e-01	-2.1196818059e+00
1.1337025932e-01	-2.1195171630e+00
1.1335960126e-01	-2.1193637972e+00
1.1334937856e-01	-2.1192144518e+00
1.1333943882e-01	-2.1190682786e+00
1.1332972716e-01	-2.1189246865e+00
1.1332115290e-01	-2.1187968896e+00
1.1331547711e-01	-2.1187234069e+00
1.1331355329e-01	-2.1187183289e+00
1.1331421687e-01	-2.1187673358e+00
1.1331870459e-01	-2.1188903535e+00
1.1332813644e-01	-2.1191140732e+00
1.1334479593e-01	-2.1194783870e+00
1.1337401602e-01	-2.1200426992e+00
1.1342499143e-01	-2.1208694035e+00
1.1347151449e-01	-2.1214863625e+00
1.1351230891e-01	-2.1219605648e+00
1.1355314818e-01	-2.1223862631e+00
1.1355156941e-01	-2.1223907520e+00
1.1353633204e-01	-2.1222533721e+00
1.1351542185e-01	-2.1220458251e+00
1.1348390016e-01	-2.1216851650e+00
1.1345217432e-01	-2.1213032719e+00
1.1342430703e-01	-2.1209585045e+00
1.1340239801e-01	-2.1206768023e+00
1.1337282145e-01	-2.1202561428e+00
1.1337288299e-01	-2.1199625593e+00
1.1341987612e-01	-2.1201035217e+00
1.1347440744e-01	-2.1203434815e+00
1.1351479914e-01	-2.1204936990e+00
1.1354196884e-01	-2.1205676703e+00
1.1356805110e-01	-2.1205243667e+00
1.1357205987e-01	-2.1201169043e+00
1.1355693380e-01	-2.1196321414e+00
1.1354133497e-01	-2.1192086795e+00
1.1353094069e-01	-2.1188891306e+00
1.1352740358e-01	-2.1184755511e+00
1.1356802336e-01	-2.1182071731e+00
1.1360709777e-01	-2.1179368655e+00
1.1366381671e-01	-2.1178854522e+00
1.1371904448e-01	-2.1179172503e+00
1.1375743825e-01	-2.1178962374e+00
1.1379869214e-01	-2.1202567393e+00
9.8658098755e-02	-1.9923714571e+00
9.8377758368e-02	-1.9898113181e+00
9.8098533240e-02	-1.9872314995e+00
9.7802950671e-02	-1.9844374203e+00
9.7525626981e-02	-1.9818033685e+00
9.7265781638e-02	-1.9793131230e+00
9.7021630962e-02	-1.9769529612e+00
9.6789986266e-02	-1.9747002470e+00
9.6564921988e-02	-1.9724935173e+00
9.6342866663e-02	-1.9702984493e+00
9.6121872515e-02	-1.9680979094e+00
9.5900826774e-02	-1.9658869212e+00
9.5676417005e-02	-1.9636270703e+00
9.5447188661e-02	-1.9613025821e+00
9.5212526750e-02	-1.9589073124e+00
9.4973027926e-02	-1.9564512528e+00
9.4727314460e-02	-1.9539155642e+00
9.4476333694e-02	-1.9513082158e+00
9.4222982673e-02	-1.9486599090e+00
9.3968681706e-02	-1.9459874185e+00
9.3714176372e-02	-1.9432941536e+00
9.3461241573e-02	-1.9405990673e+00
9.3212324905e-02	-1.9379304374e+00
9.2966803252e-02	-1.9352816815e+00
9.2724208145e-02	-1.9326467029e+00
9.2484199811e-02	-1.9300227892e+00
9.2247012450e-02	-1.9274148118e+00
9.2010409874e-02	-1.9247979244e+00
9.1773340651e-02	-1.9221600069e+00
9.1535505790e-02	-1.9194980989e+00
9.1297733646e-02	-1.9168223368e+00
9.1035522553e-02	-1.9138506419e+00
9.0762157693e-02	-1.9107338957e+00
9.0479552903e-02	-1.9074933516e+00
9.0187646335e-02	-1.9041275787e+00
8.9894500362e-02	-1.9007295994e+00
8.9599634132e-02	-1.8972934630e+00
8.9303035552e-02	-1.8938189352e+00
8.9005503000e-02	-1.8903152810e+00
8.8707070269e-02	-1.8867824411e+00
8.8406831303e-02	-1.8832098545e+00
8.8104763272e-02	-1.8795971371e+00
8.7801323056e-02	-1.8759495992e+00
8.7497185131e-02	-1.8722744380e+00
8.7191173234e-02	-1.8685579387e+00
8.6883252374e-02	-1.8647997088e+00
8.6573519793e-02	-1.8610007801e+00
8.6263054231e-02	-1.8571732703e+00
8.5950741313e-02	-1.8533035613e+00
8.5636153939e-02	-1.8493858562e+00
8.5440668122e-02	-1.8468833707e+00
8.5412450019e-02	-1.8464649091e+00
8.5384848567e-02	-1.8460511842e+00
8.5358645460e-02	-1.8456616651e+00
8.5333518026e-02	-1.8452897397e+00
8.5308868489e-02	-1.8449245435e+00
8.5284543041e-02	-1.8445630308e+00
8.5260718031e-02	-1.8442077255e+00
8.5237892248e-02	-1.8438663579e+00
8.5221776311e-02	-1.8436277157e+00
8.5218943747e-02	-1.8435906821e+00
8.5223909845e-02	-1.8436746882e+00
8.5238314584e-02	-1.8439056559e+00
8.5266444603e-02	-1.8443485579e+00
8.5315435890e-02	-1.8451073856e+00
8.5396906521e-02	-1.8463396634e+00
8.5528681896e-02	-1.8482593116e+00
8.5631131687e-02	-1.8496944469e+00
8.5710439253e-02	-1.8507742151e+00
8.5772395267e-02	-1.8515990332e+00
8.5821922660e-02	-1.8522458066e+00
8.5899586706e-02	-1.8532415016e+00
8.6022296382e-02	-1.8547673374e+00
8.6117059568e-02	-1.8559082383e+00
8.6180841882e-02	-1.8566541721e+00
8.6220047693e-02	-1.8570962289e+00
8.6235987769e-02	-1.8572177838e+00
8.6246378362e-02	-1.8571826355e+00
8.6264407490e-02	-1.8572326349e+00
8.6292160405e-02	-1.8574103327e+00
8.6321603692e-02	-1.8576230611e+00
8.6349112810e-02	-1.8578306526e+00
8.6400579416e-02	-1.8582371140e+00
8.6478306709e-02	-1.8588129709e+00
8.6532369992e-02	-1.8591674727e+00
8.6565282103e-02	-1.8593239777e+00
8.6586161391e-02	-1.8593839944e+00
8.6613750610e-02	-1.8594107666e+00
8.6641070922e-02	-1.8593567240e+00
8.6675057851e-02	-1.8593725845e+00
8.6713595025e-02	-1.8595021199e+00
8.6757141666e-02	-1.8597376140e+00
8.6862137116e-02	-1.8605506462e+00
9.5251424458e-02	-1.9406536616e+00
9.5330832849e-02	-1.9426522646e+00
8.6583540692e-02	-1.8538454008e+00
8.6299409389e-02	-1.8508176870e+00
8.6014158601e-02	-1.8477496605e+00
8.5738666491e-02	-1.8447633897e+00
8.5468189534e-02	-1.8418011749e+00
8.5203753338e-02	-1.8388836034e+00
8.4945135471e-02	-1.8360090294e+00
8.4689354742e-02	-1.8331439343e+00
8.4436151979e-02	-1.8302902567e+00
8.4183606096e-02	-1.8274284838e+00
8.3930103538e-02	-1.8245352152e+00
8.3675733849e-02	-1.8216119609e+00
8.3422103062e-02	-1.8186821285e+00
8.3167181894e-02	-1.8157182195e+00
8.2910828749e-02	-1.8127172391e+00
8.2654555212e-02	-1.8096985578e+00
8.2397764805e-02	-1.8066569076e+00
8.2139451654e-02	-1.8035767372e+00
8.1879930487e-02	-1.8004619846e+00
8.1620636862e-02	-1.7973321459e+00
8.1360041246e-02	-1.7941673713e+00
8.1097858587e-02	-1.7909628658e+00
8.0835092404e-02	-1.7877313285e+00
8.0572157646e-02	-1.7844798048e+00
8.0307566718e-02	-1.7811872686e+00
8.0041551006e-02	-1.7778565598e+00
7.9775504362e-02	-1.7745058348e+00
7.9508064236e-02	-1.7711175916e+00
7.9221573076e-02	-1.7674634137e+00
7.8904093618e-02	-1.7633869085e+00
7.8586248449e-02	-1.7592818868e+00
7.8266742242e-02	-1.7551310654e+00
7.7938896016e-02	-1.7508470106e+00
7.7606151754e-02	-1.7464736913e+00
7.7272334390e-02	-1.7420602752e+00
7.6936805856e-02	-1.7375984809e+00
7.6600149803e-02	-1.7330958614e+00
7.6263040297e-02	-1.7285604756e+00
7.5924239577e-02	-1.7239759552e+00
7.5583700384e-02	-1.7193418624e+00
7.5242559672e-02	-1.7146730997e+00
7.4900183539e-02	-1.7099596526e+00
7.4555949912e-02	-1.7051943861e+00
7.4210146662e-02	-1.7003810295e+00
7.3863530144e-02	-1.6955284486e+00
7.3515136280e-02	-1.6906234384e+00
7.3164803837e-02	-1.6856646092e+00
7.2813365563e-02	-1.6806631895e+00
7.2460870525e-02	-1.6756166387e+00
7.2106360840e-02	-1.6705143432e+00
7.1749919312e-02	-1.6653573238e+00
7.1392586707e-02	-1.6601585299e+00
7.1033396862e-02	-1.6549033719e+00
7.0672093024e-02	-1.6495900512e+00
7.0309062468e-02	-1.6442232525e+00
6.9976035402e-02	-1.6392387058e+00
6.9889789431e-02	-1.6376405246e+00
6.9844513023e-02	-1.6368009410e+00
6.9798828969e-02	-1.6359803013e+00
6.9753990620e-02	-1.6351853210e+00
6.9709105121e-02	-1.6343893462e+00
6.9665298111e-02	-1.6336122015e+00
6.9622263940e-02	-1.6328469142e+00
6.9586568650e-02	-1.6322130289e+00
6.9579468662e-02	-1.6320910115e+00
6.9585422218e-02	-1.6322052967e+00
6.9606337919e-02	-1.6325909844e+00
6.9648672461e-02	-1.6333638194e+00
6.9723419459e-02	-1.6347175286e+00
6.9849322106e-02	-1.6369626925e+00
7.0050811600e-02	-1.6404961302e+00
7.0207724117e-02	-1.6431883013e+00
7.0328973961e-02	-1.6452414164e+00
7.0424010462e-02	-1.6468302519e+00
7.0574012831e-02	-1.6493038892e+00
7.0808059767e-02	-1.6530862727e+00
7.0986844179e-02	-1.6559136838e+00
7.1125292077e-02	-1.6580655950e+00
7.1232800211e-02	-1.6597161992e+00
7.1316566722e-02	-1.6609907488e+00
7.1449617563e-02	-1.6629908014e+00
7.1657430201e-02	-1.6660630053e+00
7.1818147961e-02	-1.6683948879e+00
7.1942350409e-02	-1.6701725020e+00
7.2039125689e-02	-1.6715431473e+00
7.2175953274e-02	-1.6734603965e+00
7.2380157544e-02	-1.6762645909e+00
7.2457084022e-02	-1.6772722587e+00
7.2515841030e-02	-1.6780160146e+00
7.2563587752e-02	-1.6786084701e+00
7.2600834034e-02	-1.6790614188e+00
7.2659081498e-02	-1.6797531869e+00
7.2752495863e-02	-1.6808340626e+00
7.2824213279e-02	-1.6816340792e+00
7.2881265633e-02	-1.6822583514e+00
7.2926271076e-02	-1.6827423338e+00
7.2996721647e-02	-1.6834799312e+00
7.3083085984e-02	-1.6843675006e+00
7.3167022163e-02	-1.6852032250e+00
7.3233268149e-02	-1.6858505170e+00
7.3286178162e-02	-1.6863631800e+00
7.3368185524e-02	-1.6871405334e+00
7.3454129249e-02	-1.6879599155e+00
7.3547088837e-02	-1.6890713307e+00
7.5556918248e-02	-1.7119446723e+00
7.5738956531e-02	-1.7138602042e+00
7.5575637774e-02	-1.7115961310e+00
7.5273288881e-02	-1.7079034756e+00
7.4969684856e-02	-1.7041679293e+00
7.4659019709e-02	-1.7003153940e+00
7.4346513326e-02	-1.6964118664e+00
7.4032770633e-02	-1.6924632013e+00
7.3720922033e-02	-1.6885166643e+00
7.3408590415e-02	-1.6845366985e+00
7.3094998373e-02	-1.6805106369e+00
7.2782885559e-02	-1.6764796706e+00
7.2470087174e-02	-1.6724116356e+00
7.2156013003e-02	-1.6682968617e+00
7.1843499602e-02	-1.6641771561e+00
7.1530099067e-02	-1.6600169427e+00
7.1215394550e-02	-1.6558093080e+00
7.0902014059e-02	-1.6515928424e+00
7.0587705835e-02	-1.6473348291e+00
7.0272063782e-02	-1.6430286766e+00
6.9957767219e-02	-1.6387134594e+00
6.9642587141e-02	-1.6343568615e+00
6.9326051571e-02	-1.6299514891e+00
6.9010544385e-02	-1.6255317742e+00
6.8693965466e-02	-1.6210674584e+00
6.8375963957e-02	-1.6165531601e+00
6.8058536932e-02	-1.6120175703e+00
6.7740027429e-02	-1.6074366935e+00
6.7420057108e-02	-1.6028049790e+00
6.7100593664e-02	-1.5981505331e+00
6.6780173794e-02	-1.5934519663e+00
6.6458217498e-02	-1.5887011222e+00
6.6136558422e-02	-1.5839241648e+00
6.5813876238e-02	-1.5791014121e+00
6.5489591581e-02	-1.5742250596e+00
6.5165175842e-02	-1.5693160917e+00
6.4839739658e-02	-1.5643605147e+00
6.4512639568e-02	-1.5593500171e+00
6.4184978187e-02	-1.5543003572e+00
6.3856276749e-02	-1.5492026928e+00
6.3525852001e-02	-1.5440486940e+00
6.3194789887e-02	-1.5388542491e+00
6.2863024931e-02	-1.5336152167e+00
6.2529474822e-02	-1.5283182638e+00
6.2194827718e-02	-1.5229736643e+00
6.1859306633e-02	-1.5175808145e+00
6.1521931593e-02	-1.5121279758e+00
6.1183137330e-02	-1.5066218021e+00
6.0843461527e-02	-1.5010667538e+00
6.0501879214e-02	-1.4954493295e+00
6.0158660838e-02	-1.4897744097e+00
5.9814558740e-02	-1.4840501771e+00
5.9468539916e-02	-1.4782616401e+00
5.9120619606e-02	-1.4724107208e+00
5.8771762592e-02	-1.4665095530e+00
5.8421010938e-02	-1.4605423961e+00
5.8068176258e-02	-1.4545092546e+00
5.7714158069e-02	-1.4484223785e+00
5.7358245241e-02	-1.4422675011e+00
5.7000136378e-02	-1.4360440213e+00
5.6640473109e-02	-1.4297613684e+00
5.6279000623e-02	-1.4234095790e+00
5.5915246868e-02	-1.4169868571e+00
5.5549557215e-02	-1.4104984810e+00
5.5182185949e-02	-1.4039411593e+00
5.4868615133e-02	-1.3982168779e+00
5.4827553927e-02	-1.3971838696e+00
5.4786816109e-02	-1.3960924450e+00
5.4745605839e-02	-1.3950000642e+00
5.4703750575e-02	-1.3939408233e+00
5.4662348402e-02	-1.3929104696e+00
5.4620740003e-02	-1.3918768687e+00
5.4581184942e-02	-1.3908938029e+00
5.4552740514e-02	-1.3901939558e+00
5.4555602090e-02	-1.3902810553e+00
5.4574720231e-02	-1.3907832401e+00
5.4614365357e-02	-1.3918092567e+00
5.4684263594e-02	-1.3936000324e+00
5.4799831104e-02	-1.3965181893e+00
5.4984513141e-02	-1.4010668377e+00
5.5126216731e-02	-1.4044653255e+00
5.5234894900e-02	-1.4070315291e+00
5.5320059125e-02	-1.4090036424e+00
5.5386393394e-02	-1.4105260721e+00
5.5490594649e-02	-1.4128910553e+00
5.5654339214e-02	-1.4165242119e+00
5.5779549077e-02	-1.4192445718e+00
5.5876614990e-02	-1.4213177384e+00
5.5951748712e-02	-1.4229063052e+00
5.6071194071e-02	-1.4253864376e+00
5.6256524499e-02	-1.4291581970e+00
5.6397945759e-02	-1.4319674557e+00
5.6506832137e-02	-1.4340942214e+00
5.6591913898e-02	-1.4357306735e+00
5.6658200691e-02	-1.4369943137e+00
5.6762938104e-02	-1.4389670540e+00
5.6928259848e-02	-1.4420195318e+00
5.7054946463e-02	-1.4443145892e+00
5.7153359880e-02	-1.4460702959e+00
5.7229731923e-02	-1.4474188702e+00
5.7351179906e-02	-1.4495338679e+00
5.7539446975e-02	-1.4527505210e+00
5.7685774097e-02	-1.4551970175e+00
5.7797945606e-02	-1.4570445156e+00
5.7886024117e-02	-1.4584774696e+00
5.7955626607e-02	-1.4595993256e+00
5.8064776289e-02	-1.4613409846e+00
5.8236819355e-02	-1.4640430551e+00
5.8423333274e-02	-1.4669146727e+00
5.8568538295e-02	-1.4691125479e+00
5.8680277309e-02	-1.4707804878e+00
5.8767495326e-02	-1.4720691485e+00
5.8907336329e-02	-1.4742098156e+00
5.7156605357e-02	-1.4500048776e+00
5.7275940129e-02	-1.4517330757e+00
5.7368369037e-02	-1.4530564607e+00
5.7441160342e-02	-1.4540911810e+00
5.7557888445e-02	-1.4557409998e+00
5.7695952930e-02	-1.4576666155e+00
5.7831717704e-02	-1.4595416764e+00
5.7964137132e-02	-1.4630403247e+00
5.6943091871e-02	-1.4439464434e+00
5.7064933789e-02	-1.4455465997e+00
5.7159869533e-02	-1.4467774404e+00
5.7235575197e-02	-1.4477568110e+00
5.7355931510e-02	-1.4493026620e+00
5.7499334503e-02	-1.4511177859e+00
5.7642298068e-02	-1.4529242280e+00
5.7753369392e-02	-1.4559769762e+00
5.6102354870e-02	-1.4264993105e+00
5.5752139121e-02	-1.4212900508e+00
5.5402066639e-02	-1.4160395410e+00
5.5054291304e-02	-1.4107899791e+00
5.4705837552e-02	-1.4054839003e+00
5.4359564765e-02	-1.4001745660e+00
5.4013317929e-02	-1.3948226914e+00
5.3667745030e-02	-1.3894396474e+00
5.3324152464e-02	-1.3840505537e+00
5.2979836469e-02	-1.3786050641e+00
5.2637968620e-02	-1.3731611661e+00
5.2295897061e-02	-1.3676710765e+00
5.1954307656e-02	-1.3621467147e+00
5.1614198962e-02	-1.3566069449e+00
5.1273312641e-02	-1.3510108969e+00
5.0934284482e-02	-1.3454059136e+00
5.0595104994e-02	-1.3397565414e+00
5.0255840649e-02	-1.3340637742e+00
4.9918454140e-02	-1.3283630284e+00
4.9580230339e-02	-1.3226059819e+00
4.9242943813e-02	-1.3168241298e+00
4.8905914375e-02	-1.3110057966e+00
4.8568026067e-02	-1.3051315129e+00
4.8231728939e-02	-1.2992442980e+00
4.7894664019e-02	-1.2933030426e+00
4.7557309106e-02	-1.2873163781e+00
4.7221019181e-02	-1.2813076004e+00
4.6883778908e-02	-1.2752421203e+00
4.6546793506e-02	-1.2691410148e+00
4.6209977410e-02	-1.2630023739e+00
4.5872167460e-02	-1.2568067067e+00
4.5534978522e-02	-1.2505818669e+00
4.5197349171e-02	-1.2443091481e+00
4.4858683020e-02	-1.2379789828e+00
4.4520483848e-02	-1.2316165668e+00
4.4181407864e-02	-1.2251989042e+00
4.3841325741e-02	-1.2187246070e+00
4.3501981131e-02	-1.2122223824e+00
4.3161599254e-02	-1.2056624342e+00
4.2820226556e-02	-1.1990463863e+00
4.2479186746e-02	-1.1923949267e+00
4.2136993669e-02	-1.1856840210e+00
4.1793727953e-02	-1.1789156817e+00
4.1450476653e-02	-1.1721059386e+00
4.1106018894e-02	-1.1652358376e+00
4.0760396476e-02	-1.1583066315e+00
4.0414744450e-02	-1.1513351659e+00
4.0067858303e-02	-1.1443024661e+00
3.9719691094e-02	-1.1372082811e+00
3.9563239213e-02	-1.1337598421e+00
3.9511817478e-02	-1.1323198707e+00
3.9479161796e-02	-1.1314034078e+00
3.9445906053e-02	-1.1304808021e+00
3.9413048645e-02	-1.1295641980e+00
3.9381779388e-02	-1.1286866856e+00
3.9363017789e-02	-1.1281611465e+00
3.9362609253e-02	-1.1281554549e+00
3.9371748605e-02	-1.1284222311e+00
3.9392496446e-02	-1.1290202295e+00
3.9429968512e-02	-1.1300911748e+00
3.9493950604e-02	-1.1318822739e+00
3.9595924437e-02	-1.1346931703e+00
3.9676391689e-02	-1.1368519785e+00
3.9738657414e-02	-1.1385003545e+00
3.9787401227e-02	-1.1397742908e+00
3.9865204678e-02	-1.1417707211e+00
3.9986342551e-02	-1.1448166101e+00
4.0079480099e-02	-1.1470997828e+00
4.0151164914e-02	-1.1488277405e+00
4.0207847577e-02	-1.1501698108e+00
4.0252066688e-02	-1.1512074274e+00
4.0321464702e-02	-1.1528191973e+00
4.0432494378e-02	-1.1553371636e+00
4.0598644495e-02	-1.1590038431e+00
4.0723502930e-02	-1.1616812045e+00
4.0820769196e-02	-1.1637177606e+00
4.0895230331e-02	-1.1652538670e+00
4.0954061601e-02	-1.1664510242e+00
4.1047184416e-02	-1.1683195534e+00
4.1186083884e-02	-1.1710501348e+00
4.1293019242e-02	-1.1731077884e+00
4.1375857053e-02	-1.1746766344e+00
4.1441352405e-02	-1.1759022173e+00
4.1543506938e-02	-1.1777881835e+00
4.1666568232e-02	-1.1800219848e+00
4.1760823691e-02	-1.1817047119e+00
4.1834774774e-02	-1.1830093674e+00
4.1893492406e-02	-1.1840372828e+00
4.1985678979e-02	-1.1856330236e+00
4.2095879136e-02	-1.1875158804e+00
4.2204036745e-02	-1.1893929763e+00
4.1675775683e-02	-1.1807607129e+00
4.1739458386e-02	-1.1818174305e+00
4.1789247458e-02	-1.1826369948e+00
4.1867563487e-02	-1.1839143183e+00
4.1962985457e-02	-1.1854619471e+00
4.2056221128e-02	-1.1869583194e+00
4.2146494267e-02	-1.1883889595e+00
4.2237078097e-02	-1.1906849660e+00
4.2772404093e-02	-1.1994831566e+00
4.2866017972e-02	-1.2007431881e+00
4.2937867527e-02	-1.2016865405e+00
4.2993991301e-02	-1.2024131511e+00
4.3038907403e-02	-1.2029958191e+00
4.3109030859e-02	-1.2038870334e+00
4.3193173890e-02	-1.2049430858e+00
4.3275911837e-02	-1.2070354335e+00
4.4537344746e-02	-1.2274754097e+00
4.4623832486e-02	-1.2285349091e+00
4.4713800306e-02	-1.2296519799e+00
4.4803866046e-02	-1.2307816308e+00
4.4891405914e-02	-1.2318620538e+00
4.4977102067e-02	-1.2329097204e+00
4.5061937169e-02	-1.2348516241e+00
4.4255115328e-02	-1.2176602115e+00
4.4332559880e-02	-1.2184743595e+00
4.4393167738e-02	-1.2192755935e+00
4.4441310159e-02	-1.2199100975e+00
4.4518336185e-02	-1.2209258758e+00
4.4612924427e-02	-1.2221871222e+00
4.4706432936e-02	-1.2234268432e+00
4.4798854602e-02	-1.2251152666e+00
4.4102087498e-02	-1.2110904023e+00
4.4187193026e-02	-1.2121041650e+00
4.4271202237e-02	-1.2131980103e+00
4.4355427840e-02	-1.2143096523e+00
4.4438965199e-02	-1.2154077784e+00
4.4521790188e-02	-1.2164920576e+00
4.4603876827e-02	-1.2178522668e+00
4.4216176407e-02	-1.2097265052e+00
4.4293405417e-02	-1.2107293778e+00
4.4370246862e-02	-1.2117245250e+00
4.4446683713e-02	-1.2127151548e+00
4.4522850399e-02	-1.2137077410e+00
4.4598482335e-02	-1.2146903356e+00
4.4673573930e-02	-1.2158850986e+00
4.4597705146e-02	-1.2132901946e+00
4.4669662385e-02	-1.2142189870e+00
4.4741306818e-02	-1.2151419961e+00
4.4812617965e-02	-1.2160585757e+00
4.4883526076e-02	-1.2169677944e+00
4.4954057820e-02	-1.2178700506e+00
4.5024212903e-02	-1.2189550678e+00
4.4723739519e-02	-1.2128434044e+00
4.4790681796e-02	-1.2136969598e+00
4.4857432998e-02	-1.2145468128e+00
4.4923901119e-02	-1.2153917830e+00
4.4989983543e-02	-1.2162378022e+00
4.5055762419e-02	-1.2170783427e+00
4.5121261151e-02	-1.2180746296e+00
4.4879155776e-02	-1.2130595120e+00
4.4942042410e-02	-1.2138545873e+00
4.5004729454e-02	-1.2146492003e+00
4.5067206103e-02	-1.2154425762e+00
4.5129494046e-02	-1.2162323428e+00
4.5191548222e-02	-1.2170179496e+00
4.5253389572e-02	-1.2179315241e+00
4.5088095830e-02	-1.2143495180e+00
4.5147820761e-02	-1.2151012623e+00
4.5207320375e-02	-1.2158527452e+00
4.5266700553e-02	-1.2166018960e+00
4.5325935107e-02	-1.2173482735e+00
4.5384987741e-02	-1.2180914318e+00
4.5443874887e-02	-1.2189459783e+00
4.5307512670e-02	-1.2159461521e+00
4.5364596907e-02	-1.2166619032e+00
4.5421605849e-02	-1.2173768652e+00
4.5478507993e-02	-1.2180899070e+00
4.5535288089e-02	-1.2188007064e+00
4.5591942750e-02	-1.2195091251e+00
4.5648450947e-02	-1.2203154541e+00
4.5533817508e-02	-1.2177586215e+00
4.5588757669e-02	-1.2184433321e+00
4.5643554635e-02	-1.2191275411e+00
4.5698287495e-02	-1.2198104512e+00
4.5752934358e-02	-1.2204916931e+00
4.5807471377e-02	-1.2211709591e+00
4.5861897839e-02	-1.2219363178e+00
4.5766233870e-02	-1.2197684323e+00
4.5819486737e-02	-1.2204273524e+00
4.5872542446e-02	-1.2210861637e+00
4.5925511624e-02	-1.2217440164e+00
4.5978417914e-02	-1.2224005774e+00
4.6031230381e-02	-1.2230554957e+00
4.6083959801e-02	-1.2237884686e+00
4.6005684161e-02	-1.2219670880e+00
4.6057393077e-02	-1.2226045740e+00
4.6109101035e-02	-1.2232418687e+00
4.6160672970e-02	-1.2238783540e+00
4.6212034092e-02	-1.2245137809e+00
4.6263317898e-02	-1.2251478711e+00
4.6314538517e-02	-1.2258530178e+00
4.6248703125e-02	-1.2242847363e+00
4.6299049875e-02	-1.2249038928e+00
4.6349392989e-02	-1.2255229397e+00
4.6399711972e-02	-1.2261414067e+00
4.6449989808e-02	-1.2267590051e+00
4.6500143007e-02	-1.2273753719e+00
4.6550095584e-02	-1.2280554379e+00
4.6494971300e-02	-1.2267082234e+00
4.6544172063e-02	-1.2273115498e+00
4.6593364996e-02	-1.2279148029e+00
4.6642546214e-02	-1.2285176496e+00
4.6691698239e-02	-1.2291198114e+00
4.6740810728e-02	-1.2297211221e+00
4.6789858279e-02	-1.2303809707e+00
4.6741923475e-02	-1.2291840213e+00
4.6790182898e-02	-1.2297735026e+00
4.6838354275e-02	-1.2303629882e+00
4.6886515306e-02	-1.2309521533e+00
4.6934641774e-02	-1.2315406874e+00
4.6982739899e-02	-1.2321285373e+00
4.7030803629e-02	-1.2327677656e+00
4.6994032368e-02	-1.2317955908e+00
4.7041505559e-02	-1.2323734721e+00
4.7088998015e-02	-1.2329515000e+00
4.7136484305e-02	-1.2335292415e+00
4.7183951878e-02	-1.2341064777e+00
4.7231170290e-02	-1.2346822858e+00
4.7278350624e-02	-1.2353077472e+00
4.7243881034e-02	-1.2343908342e+00
4.7290528157e-02	-1.2349574790e+00
4.7337198403e-02	-1.2355243516e+00
4.7383852471e-02	-1.2360909494e+00
4.7430497156e-02	-1.2366571649e+00
4.7470566814e-02	-1.2371346152e+00
4.7471094352e-02	-1.2371248648e+00
4.7443695143e-02	-1.2363497425e+00
4.7461176614e-02	-1.2365224885e+00
4.7465146381e-02	-1.2365139000e+00
4.7465263799e-02	-1.2364535576e+00
4.7465832301e-02	-1.2363992161e+00
4.7461177329e-02	-1.2362748226e+00
4.7464747680e-02	-1.2362864848e+00
4.7460481474e-02	-1.2359736152e+00
4.7461067160e-02	-1.2359205181e+00
4.7461353820e-02	-1.2358634516e+00
4.7461195638e-02	-1.2358005018e+00
4.7461774798e-02	-1.2357475205e+00
4.7462011931e-02	-1.2356900456e+00
4.7462063391e-02	-1.2356529767e+00
4.7457313919e-02	-1.2353606671e+00
4.7457617572e-02	-1.2353046685e+00
4.7457790640e-02	-1.2352471066e+00
4.7458415537e-02	-1.2351957669e+00
4.7458603492e-02	-1.2351386870e+00
4.7458908118e-02	-1.2350832783e+00
4.7459058422e-02	-1.2350480662e+00
4.7454472099e-02	-1.2347618672e+00
4.7455166379e-02	-1.2347123030e+00
4.7455414071e-02	-1.2346569143e+00
4.7455100926e-02	-1.2345941816e+00
4.7455863260e-02	-1.2345459169e+00
4.7456002348e-02	-1.2344894876e+00
4.7456183317e-02	-1.2344553635e+00
4.7452085730e-02	-1.2341803448e+00
4.7449132455e-02	-1.2340834411e+00
4.7452532803e-02	-1.2340712263e+00
4.7450161913e-02	-1.2339823830e+00
4.7864752831e-02	-1.2430375005e+00
4.8276476131e-02	-1.2520123899e+00
4.8615071724e-02	-1.2593161215e+00
4.8616029930e-02	-1.2593072021e+00
4.8617560038e-02	-1.2592929038e+00
4.8620000894e-02	-1.2592699597e+00
4.8623889057e-02	-1.2592330878e+00
4.8630071485e-02	-1.2591746789e+00
4.8639874623e-02	-1.2590821254e+00
4.8655390363e-02	-1.2589320672e+00
4.8679837229e-02	-1.2587478145e+00
4.8684214118e-02	-1.2580945635e+00
4.8713361038e-02	-1.2577758519e+00
4.8742018296e-02	-1.2574620334e+00
4.8770203641e-02	-1.2571440671e+00
4.8797945192e-02	-1.2568216474e+00
4.8825261297e-02	-1.2564987698e+00
4.8852035485e-02	-1.2562397254e+00
4.8846321868e-02	-1.2555303482e+00
4.8872416020e-02	-1.2552022229e+00
4.8898190744e-02	-1.2548718339e+00
4.8923639405e-02	-1.2545457882e+00
4.8948786174e-02	-1.2542168445e+00
4.8973552378e-02	-1.2538839662e+00
4.8997825070e-02	-1.2535961920e+00
4.8998651805e-02	-1.2530443037e+00
4.9022414988e-02	-1.2527094560e+00
4.9041854267e-02	-1.2524266389e+00
4.9041683339e-02	-1.2524036143e+00
4.9041512413e-02	-1.2523802089e+00
4.9041341455e-02	-1.2523565080e+00
4.9041170464e-02	-1.2523596994e+00
4.9038693869e-02	-1.2521001513e+00
4.9038525610e-02	-1.2520762640e+00
4.9038357568e-02	-1.2520522740e+00
4.9038189516e-02	-1.2520281553e+00
4.9038021431e-02	-1.2520039105e+00
4.9037853327e-02	-1.2519795511e+00
4.9037685214e-02	-1.2519705378e+00
4.9035789893e-02	-1.2518123255e+00
4.9035623033e-02	-1.2517878528e+00
4.9035456177e-02	-1.2517633176e+00
4.9035289325e-02	-1.2517387183e+00
4.9035122481e-02	-1.2517140582e+00
4.9034955654e-02	-1.2516893420e+00
4.9034788843e-02	-1.2516795147e+00
4.9032945541e-02	-1.2515256143e+00
4.9032780054e-02	-1.2515009272e+00
4.9032614589e-02	-1.2514762160e+00
4.9032449157e-02	-1.2514514788e+00
4.9032283870e-02	-1.2514267171e+00
4.9032118619e-02	-1.2514019308e+00
4.9031953405e-02	-1.2513921953e+00
4.9030115979e-02	-1.2512361291e+00
4.9029952182e-02	-1.2512114679e+00
4.9029788427e-02	-1.2511868080e+00
4.9029624723e-02	-1.2511621460e+00
4.9029461068e-02	-1.2511374801e+00
4.9029297467e-02	-1.2511128108e+00
4.9029133918e-02	-1.2511029155e+00
4.9027276015e-02	-1.2509488166e+00
4.9027113880e-02	-1.2509243232e+00
4.9026951797e-02	-1.2508998463e+00
4.9026789772e-02	-1.2508753817e+00
4.9026627804e-02	-1.2508509267e+00
4.9026465979e-02	-1.2508264827e+00
4.9026304245e-02	-1.2508167321e+00
4.9024417683e-02	-1.2506630658e+00
4.9024257462e-02	-1.2506388338e+00
4.9024097297e-02	-1.2506146288e+00
4.9023937196e-02	-1.2505904460e+00
4.9023777156e-02	-1.2505662822e+00
4.9023617181e-02	-1.2505421367e+00
4.9023457270e-02	-1.2505328324e+00
4.9021520880e-02	-1.2503782765e+00
4.9021355263e-02	-1.2503544109e+00
4.9021189741e-02	-1.2503305837e+00
4.9021024544e-02	-1.2503068389e+00
4.9020859670e-02	-1.2502831735e+00
4.9020695024e-02	-1.2502595614e+00
4.9020530533e-02	-1.2502500774e+00
4.9018734814e-02	-1.2501038837e+00
4.9018571654e-02	-1.2500804879e+00
4.9018408570e-02	-1.2500571305e+00
4.9018245543e-02	-1.2500338016e+00
4.9018082572e-02	-1.2500104981e+00
4.9017919657e-02	-1.2499872182e+00
4.9017756795e-02	-1.2499780449e+00
4.9016028528e-02	-1.2498331694e+00
4.9015866989e-02	-1.2498101112e+00
4.9015705511e-02	-1.2497870915e+00
4.9015544095e-02	-1.2497641045e+00
4.9015382741e-02	-1.2497411472e+00
4.9015221489e-02	-1.2497182185e+00
4.9015060364e-02	-1.2497093593e+00
4.9013354429e-02	-1.2495651956e+00
4.9013194642e-02	-1.2495425038e+00
4.9013034922e-02	-1.2495198543e+00
4.9012875270e-02	-1.2494972414e+00
4.9012715685e-02	-1.2494746617e+00
4.9012556166e-02	-1.2494521133e+00
4.9012396711e-02	-1.2494434763e+00
4.9010751436e-02	-1.2493011410e+00
4.9010593348e-02	-1.2492788441e+00
4.9010435326e-02	-1.2492565911e+00
4.9010277370e-02	-1.2492343761e+00
4.9010119507e-02	-1.2492121965e+00
4.9009961785e-02	-1.2491900508e+00
4.9009804126e-02	-1.2491816782e+00
4.9008142564e-02	-1.2490409118e+00
4.9007986272e-02	-1.2490190189e+00
4.9007830078e-02	-1.2489971716e+00
4.9007673949e-02	-1.2489753632e+00
4.9007517882e-02	-1.2489535905e+00
4.9007361876e-02	-1.2489318514e+00
4.9007205931e-02	-1.2489239111e+00
4.9005567473e-02	-1.2487836022e+00
4.9005412964e-02	-1.2487621195e+00
4.9005258515e-02	-1.2487406824e+00
4.9005104210e-02	-1.2487192862e+00
4.9004949982e-02	-1.2486979264e+00
4.9004795812e-02	-1.2486766005e+00
4.9004641698e-02	-1.2486688299e+00
4.9003110078e-02	-1.2485313506e+00
4.9002957321e-02	-1.2485102887e+00
4.9002804828e-02	-1.2484893184e+00
4.9002652602e-02	-1.2484684338e+00
4.9002500611e-02	-1.2484476249e+00
4.9002348689e-02	-1.2484268539e+00
4.9002196797e-02	-1.2484196463e+00
4.9000719008e-02	-1.2482828530e+00
4.9000568436e-02	-1.2482623163e+00
4.9000417928e-02	-1.2482418268e+00
4.9000267460e-02	-1.2482213743e+00
4.9000117095e-02	-1.2482009694e+00
4.8999966703e-02	-1.2481805814e+00
4.8999816343e-02	-1.2481738523e+00
4.8998253412e-02	-1.2480363958e+00
4.8998104244e-02	-1.2480162359e+00
4.8997955111e-02	-1.2479961185e+00
4.8997806013e-02	-1.2479760373e+00
4.8997656948e-02	-1.2479559888e+00
4.8997507981e-02	-1.2479359719e+00
4.8997359076e-02	-1.2479294070e+00
4.8995867309e-02	-1.2477947662e+00
4.8995719592e-02	-1.2477749801e+00
4.8995571907e-02	-1.2477552363e+00
4.8995424255e-02	-1.2477355285e+00
4.8995276633e-02	-1.2477158534e+00
4.8995129044e-02	-1.2476962091e+00
4.8994981488e-02	-1.2476899591e+00
4.8993528084e-02	-1.2475564575e+00
4.8993381741e-02	-1.2475370514e+00
4.8993235522e-02	-1.2475176895e+00
4.8993089340e-02	-1.2474983642e+00
4.8992943189e-02	-1.2474790720e+00
4.8992797068e-02	-1.2474598105e+00
4.8992650976e-02	-1.2474539290e+00
4.8991253798e-02	-1.2473212298e+00
4.8991108915e-02	-1.2473022058e+00
4.8990964146e-02	-1.2472832252e+00
4.8990819424e-02	-1.2472642807e+00
4.8990674730e-02	-1.2472453685e+00
4.8990530131e-02	-1.2472264874e+00
4.8990385577e-02	-1.2472207931e+00
4.8988970269e-02	-1.2470900559e+00
4.8988826895e-02	-1.2470714079e+00
4.8988683545e-02	-1.2470528008e+00
4.8988540220e-02	-1.2470342287e+00
4.8988396917e-02	-1.2470156880e+00
4.8988253637e-02	-1.2469971764e+00
4.8988110376e-02	-1.2469916830e+00
4.8986755457e-02	-1.2468628871e+00
4.8986613353e-02	-1.2468446041e+00
4.8986471268e-02	-1.2468263609e+00
4.8986329203e-02	-1.2468081515e+00
4.8986187156e-02	-1.2467899724e+00
4.8986045126e-02	-1.2467718213e+00
4.8985903111e-02	-1.2467666693e+00
4.8984590529e-02	-1.2466387210e+00
4.8984450028e-02	-1.2466208777e+00
4.8984309700e-02	-1.2466031083e+00
4.8984169469e-02	-1.2465853904e+00
4.8984029261e-02	-1.2465677037e+00
4.8983889045e-02	-1.2465500399e+00
4.8983748837e-02	-1.2465454037e+00
4.8982461321e-02	-1.2464176716e+00
4.8982322166e-02	-1.2464002116e+00
4.8982183029e-02	-1.2463827915e+00
4.8982043970e-02	-1.2463654181e+00
4.8981904905e-02	-1.2463480696e+00
4.8981765831e-02	-1.2463307435e+00
4.8981626747e-02	-1.2463262300e+00
4.8980367432e-02	-1.2462010388e+00
4.8980228603e-02	-1.2461838912e+00
4.8980077829e-02	-1.2461666944e+00
4.8979927083e-02	-1.2461495261e+00
4.8979776360e-02	-1.2461323829e+00
4.8979625656e-02	-1.2461152624e+00
4.8979475070e-02	-1.2461108734e+00
4.8978115557e-02	-1.2459864195e+00
4.8977966143e-02	-1.2459694911e+00
4.8977816752e-02	-1.2459525954e+00
4.8977667388e-02	-1.2459357277e+00
4.8977518040e-02	-1.2459188838e+00
4.8977368706e-02	-1.2459020616e+00
4.8977219379e-02	-1.2458979283e+00
4.8975946638e-02	-1.2457745018e+00
4.8975798503e-02	-1.2457578726e+00
4.8975650396e-02	-1.2457412766e+00
4.8975502309e-02	-1.2457247072e+00
4.8975354299e-02	-1.2457081632e+00
4.8975206333e-02	-1.2456916411e+00
4.8975058379e-02	-1.2456878510e+00
4.8973766942e-02	-1.2455642727e+00
4.8973620199e-02	-1.2455479472e+00
4.8973473477e-02	-1.2455316534e+00
4.8973326777e-02	-1.2455153864e+00
4.8973180090e-02	-1.2454991420e+00
4.8973033409e-02	-1.2454829175e+00
4.8972886738e-02	-1.2454794413e+00
4.8971619663e-02	-1.2453563333e+00
4.8971474191e-02	-1.2453403026e+00
4.8971328736e-02	-1.2453243026e+00
4.8971183297e-02	-1.2453083283e+00
4.8971037867e-02	-1.2452923755e+00
4.8970892437e-02	-1.2452764416e+00
4.8970747013e-02	-1.2452731183e+00
4.8969485044e-02	-1.2451516282e+00
4.8969340790e-02	-1.2451358828e+00
4.8969196547e-02	-1.2451201669e+00
4.8969052316e-02	-1.2451044755e+00
4.8968908085e-02	-1.2450888041e+00
4.8968763857e-02	-1.2450731514e+00
4.8968619670e-02	-1.2450700437e+00
4.8967440761e-02	-1.2449497768e+00
4.8967297803e-02	-1.2449343124e+00
4.8967154852e-02	-1.2449188763e+00
4.8967011908e-02	-1.2449034637e+00
4.8966868959e-02	-1.2448880699e+00
4.8966726007e-02	-1.2448726937e+00
4.8966583045e-02	-1.2448698330e+00
4.8965399360e-02	-1.2447501316e+00
4.8965257615e-02	-1.2447349499e+00
4.8965116030e-02	-1.2447198248e+00
4.8964974588e-02	-1.2447047486e+00
4.8964833291e-02	-1.2446897191e+00
4.8964692127e-02	-1.2446747325e+00
4.8964551030e-02	-1.2446724938e+00
4.8963390226e-02	-1.2445514583e+00
4.8963250189e-02	-1.2445366501e+00
4.8963110207e-02	-1.2445218792e+00
4.8962970217e-02	-1.2445071291e+00
4.8962830215e-02	-1.2444923958e+00
4.8962690236e-02	-1.2444776778e+00
4.8962550276e-02	-1.2444754392e+00
4.8961395794e-02	-1.2443567888e+00
4.8961256797e-02	-1.2443422167e+00
4.8961117797e-02	-1.2443276704e+00
4.8960978768e-02	-1.2443131404e+00
4.8960839719e-02	-1.2442986255e+00
4.8960700639e-02	-1.2442841226e+00
4.8960561532e-02	-1.2442822030e+00
4.8959358083e-02	-1.2441630717e+00
4.8959219997e-02	-1.2441487223e+00
4.8959081893e-02	-1.2441343957e+00
4.8958943766e-02	-1.2441200861e+00
4.8958805664e-02	-1.2441057915e+00
4.8958667586e-02	-1.2440915088e+00
4.8958529474e-02	-1.2440897234e+00
4.8957482657e-02	-1.2439721871e+00
4.8957345578e-02	-1.2439580585e+00
4.8957208476e-02	-1.2439439515e+00
4.8957071346e-02	-1.2439298603e+00
4.8956934187e-02	-1.2439157820e+00
4.8956796990e-02	-1.2439017135e+00
4.8956659755e-02	-1.2439000755e+00
4.8955529671e-02	-1.2437829973e+00
4.8955393467e-02	-1.2437690819e+00
4.8955257240e-02	-1.2437551878e+00
4.8955120985e-02	-1.2437413092e+00
4.8954984700e-02	-1.2437274433e+00
4.8954848377e-02	-1.2437135868e+00
4.8954712015e-02	-1.2437124474e+00
4.8953650740e-02	-1.2435931833e+00
4.8953515446e-02	-1.2435794846e+00
4.8953380126e-02	-1.2435658065e+00
4.8953244775e-02	-1.2435521432e+00
4.8953109391e-02	-1.2435384918e+00
4.8952973965e-02	-1.2435248490e+00
4.8952838497e-02	-1.2435237712e+00
4.8951754927e-02	-1.2434057888e+00
4.8951620512e-02	-1.2433923011e+00
4.8951486067e-02	-1.2433788332e+00
4.8951351675e-02	-1.2433653807e+00
4.8951217253e-02	-1.2433519394e+00
4.8951082787e-02	-1.2433385059e+00
4.8950948275e-02	-1.2433375734e+00
4.8949851163e-02	-1.2432205412e+00
4.8949717787e-02	-1.2432072600e+00
4.8949584379e-02	-1.2431939974e+00
4.8949450932e-02	-1.2431807479e+00
4.8949317442e-02	-1.2431675078e+00
4.8949183908e-02	-1.2431542755e+00
4.8949050323e-02	-1.2431534405e+00
4.8948011381e-02	-1.2430378374e+00
4.8947878812e-02	-1.2430247516e+00
4.8947746206e-02	-1.2430116836e+00
4.8947613559e-02	-1.2429986275e+00
4.8947480865e-02	-1.2429855800e+00
4.8947348121e-02	-1.2429725388e+00
4.8947215327e-02	-1.2429718623e+00
4.8946195590e-02	-1.2428568746e+00
4.8946063801e-02	-1.2428439777e+00
4.8945931971e-02	-1.2428310975e+00
4.8945800096e-02	-1.2428182285e+00
4.8945668173e-02	-1.2428053675e+00
4.8945536198e-02	-1.2427925121e+00
4.8945404169e-02	-1.2427919920e+00
4.8944431097e-02	-1.2426774433e+00
4.8944300770e-02	-1.2426648637e+00
4.8944170406e-02	-1.2426523015e+00
4.8944039984e-02	-1.2426397479e+00
4.8943909505e-02	-1.2426272003e+00
4.8943778966e-02	-1.2426146569e+00
4.8943648365e-02	-1.2426141706e+00
4.8942648376e-02	-1.2425026722e+00
4.8942518703e-02	-1.2424902436e+00
4.8942389103e-02	-1.2424778490e+00
4.8942259443e-02	-1.2424654618e+00
4.8942129713e-02	-1.2424530780e+00
4.8941999909e-02	-1.2424406952e+00
4.8941870030e-02	-1.2424403089e+00
4.8940920889e-02	-1.2423299208e+00
4.8940791801e-02	-1.2423176378e+00
4.8940662657e-02	-1.2423053676e+00
4.8940533452e-02	-1.2422931044e+00
4.8940404180e-02	-1.2422808450e+00
4.8940274840e-02	-1.2422685870e+00
4.8940145427e-02	-1.2422684632e+00
4.8939206469e-02	-1.2421568622e+00
4.8939077942e-02	-1.2421447209e+00
4.8938949354e-02	-1.2421325915e+00
4.8938820701e-02	-1.2421204684e+00
4.8938691979e-02	-1.2421083480e+00
4.8938563184e-02	-1.2420962283e+00
4.8938434314e-02	-1.2420961630e+00
4.8937520793e-02	-1.2419854127e+00
4.8937392796e-02	-1.2419734067e+00
4.8937264737e-02	-1.2419614119e+00
4.8937136610e-02	-1.2419494224e+00
4.8937008410e-02	-1.2419374350e+00
4.8936880136e-02	-1.2419254475e+00
4.8936751784e-02	-1.2419252088e+00
4.8935807607e-02	-1.2418177257e+00
4.8935680183e-02	-1.2418058458e+00
4.8935552696e-02	-1.2417939764e+00
4.8935425142e-02	-1.2417821119e+00
4.8935297515e-02	-1.2417702489e+00
4.8935169812e-02	-1.2417583854e+00
4.8935042031e-02	-1.2417585482e+00
4.8934202214e-02	-1.2416490470e+00
4.8934075324e-02	-1.2416372990e+00
4.8933948368e-02	-1.2416255610e+00
4.8933821342e-02	-1.2416138273e+00
4.8933694242e-02	-1.2416020947e+00
4.8933567063e-02	-1.2415903608e+00
4.8933439804e-02	-1.2415904674e+00
4.8932512093e-02	-1.2414826976e+00
4.8932384191e-02	-1.2414710982e+00
4.8932256221e-02	-1.2414595077e+00
4.8932128179e-02	-1.2414479205e+00
4.8932000059e-02	-1.2414363333e+00
4.8931871857e-02	-1.2414247438e+00
4.8931743571e-02	-1.2414249393e+00
4.8930942204e-02	-1.2413182285e+00
4.8930814792e-02	-1.2413067461e+00
4.8930687310e-02	-1.2412952717e+00
4.8930559753e-02	-1.2412837999e+00
4.8930432115e-02	-1.2412723274e+00
4.8930304459e-02	-1.2412608531e+00
4.8930176751e-02	-1.2412612413e+00
4.8929241524e-02	-1.2411535833e+00
4.8929114666e-02	-1.2411422109e+00
4.8928987738e-02	-1.2411308462e+00
4.8928860732e-02	-1.2411194835e+00
4.8928733644e-02	-1.2411081195e+00
4.8928606471e-02	-1.2410967520e+00
4.8928479209e-02	-1.2410971132e+00
4.8927631328e-02	-1.2409912669e+00
4.8927504914e-02	-1.2409800004e+00
4.8927378426e-02	-1.2409687407e+00
4.8927251859e-02	-1.2409574823e+00
4.8927125208e-02	-1.2409462220e+00
4.8926998469e-02	-1.2409349577e+00
4.8926871639e-02	-1.2409354165e+00
4.8926073612e-02	-1.2408298608e+00
4.8925947635e-02	-1.2408186975e+00
4.8925821586e-02	-1.2408075409e+00
4.8925695456e-02	-1.2407963853e+00
4.8925569242e-02	-1.2407852274e+00
4.8925442938e-02	-1.2407740650e+00
4.8925316542e-02	-1.2407746416e+00
4.8924521612e-02	-1.2406689082e+00
4.8924396781e-02	-1.2406579761e+00
4.8924271971e-02	-1.2406470531e+00
4.8924147070e-02	-1.2406361290e+00
4.8924022076e-02	-1.2406252010e+00
4.8923896988e-02	-1.2406142674e+00
4.8923771802e-02	-1.2406149190e+00
4.8922967115e-02	-1.2405112461e+00
4.8922842637e-02	-1.2405003858e+00
4.8922718169e-02	-1.2404895470e+00
4.8922593709e-02	-1.2404787095e+00
4.8922469164e-02	-1.2404678678e+00
4.8922344518e-02	-1.2404570193e+00
4.8922219766e-02	-1.2404575246e+00
4.8921485090e-02	-1.2403563319e+00
4.8921360970e-02	-1.2403455414e+00
4.8921236760e-02	-1.2403347534e+00
4.8921112455e-02	-1.2403239629e+00
4.8920988121e-02	-1.2403131681e+00
4.8920863689e-02	-1.2403023657e+00
4.8920739152e-02	-1.2403030260e+00
4.8920016450e-02	-1.2402006514e+00
4.8919892652e-02	-1.2401899258e+00
4.8919768757e-02	-1.2401792012e+00
4.8919644775e-02	-1.2401684753e+00
4.8919520762e-02	-1.2401577446e+00
4.8919396674e-02	-1.2401470062e+00
4.8919272480e-02	-1.2401477503e+00
4.8918519419e-02	-1.2400451628e+00
4.8918395954e-02	-1.2400344984e+00
4.8918272404e-02	-1.2400238349e+00
4.8918148854e-02	-1.2400131710e+00
4.8918025204e-02	-1.2400025007e+00
4.8917901448e-02	-1.2399918217e+00
4.8917777585e-02	-1.2399927285e+00
4.8916982348e-02	-1.2398883309e+00
4.8916859224e-02	-1.2398777261e+00
4.8916735999e-02	-1.2398671216e+00
4.8916612685e-02	-1.2398565148e+00
4.8916489270e-02	-1.2398459012e+00
4.8916365750e-02	-1.2398352785e+00
4.8916242123e-02	-1.2398359963e+00
4.8915534299e-02	-1.2397355614e+00
4.8915411400e-02	-1.2397250117e+00
4.8915288409e-02	-1.2397144632e+00
4.8915165321e-02	-1.2397039106e+00
4.8915042132e-02	-1.2396933508e+00
4.8914918876e-02	-1.2396827823e+00
4.8914795567e-02	-1.2396836017e+00
4.8914081773e-02	-1.2395820989e+00
4.8913959214e-02	-1.2395716073e+00
4.8913836564e-02	-1.2395611168e+00
4.8913713815e-02	-1.2395506219e+00
4.8913590965e-02	-1.2395401194e+00
4.8913468008e-02	-1.2395296072e+00
4.8913344942e-02	-1.2395304869e+00
4.8912605113e-02	-1.2394287842e+00
4.8912482790e-02	-1.2394183459e+00
4.8912360372e-02	-1.2394079082e+00
4.8912237856e-02	-1.2393974656e+00
4.8912115236e-02	-1.2393870150e+00
4.8911992509e-02	-1.2393765544e+00
4.8911869672e-02	-1.2393775467e+00
4.8911184552e-02	-1.2392753940e+00
4.8911062469e-02	-1.2392650085e+00
4.8910940292e-02	-1.2392546232e+00
4.8910818014e-02	-1.2392442326e+00
4.8910695630e-02	-1.2392338336e+00
4.8910573148e-02	-1.2392234242e+00
4.8910450637e-02	-1.2392243130e+00
4.8909714287e-02	-1.2391233656e+00
4.8909592499e-02	-1.2391130273e+00
4.8909470615e-02	-1.2391026886e+00
4.8909348620e-02	-1.2390923425e+00
4.8909226528e-02	-1.2390819890e+00
4.8909104325e-02	-1.2390716247e+00
4.8908982011e-02	-1.2390725503e+00
4.8908281064e-02	-1.2389720470e+00
4.8908159471e-02	-1.2389617513e+00
4.8908037781e-02	-1.2389514548e+00
4.8907915988e-02	-1.2389411521e+00
4.8907794088e-02	-1.2389308401e+00
4.8907672076e-02	-1.2389205167e+00
4.8907549951e-02	-1.2389216547e+00
4.8906848491e-02	-1.2388194809e+00
4.8906727102e-02	-1.2388092270e+00
4.8906605615e-02	-1.2387989721e+00
4.8906484026e-02	-1.2387887109e+00
4.8906362331e-02	-1.2387784404e+00
4.8906240628e-02	-1.2387681602e+00
4.8906118905e-02	-1.2387693695e+00
4.8905402370e-02	-1.2386666050e+00
4.8905282122e-02	-1.2386565344e+00
4.8905161785e-02	-1.2386464645e+00
4.8905041338e-02	-1.2386363866e+00
4.8904920773e-02	-1.2386262976e+00
4.8904800089e-02	-1.2386161951e+00
4.8904679282e-02	-1.2386172530e+00
4.8903978931e-02	-1.2385179173e+00
4.8903858730e-02	-1.2385078599e+00
4.8903738499e-02	-1.2384978134e+00
4.8903618163e-02	-1.2384877599e+00
4.8903497715e-02	-1.2384776957e+00
4.8903377153e-02	-1.2384676188e+00
4.8903256473e-02	-1.2384688128e+00
4.8902590199e-02	-1.2383683821e+00
4.8902470084e-02	-1.2383583418e+00
4.8902349922e-02	-1.2383483095e+00
4.8902229666e-02	-1.2383382682e+00
4.8902109353e-02	-1.2383282151e+00
4.8901988914e-02	-1.2383181470e+00
4.8901868434e-02	-1.2383194492e+00
4.8901184632e-02	-1.2382181685e+00
4.8901064686e-02	-1.2382081449e+00
4.8900944636e-02	-1.2381981181e+00
4.8900824475e-02	-1.2381880827e+00
4.8900704197e-02	-1.2381780356e+00
4.8900583793e-02	-1.2381679731e+00
4.8900463275e-02	-1.2381690370e+00
4.8899756584e-02	-1.2380695993e+00
4.8899636697e-02	-1.2380595868e+00
4.8899516697e-02	-1.2380495692e+00
4.8899396593e-02	-1.2380395439e+00
4.8899276372e-02	-1.2380295066e+00
4.8899156032e-02	-1.2380194551e+00
4.8899035569e-02	-1.2380205539e+00
4.8898385732e-02	-1.2379211101e+00
4.8898265947e-02	-1.2379111066e+00
4.8898146084e-02	-1.2379010982e+00
4.8898026116e-02	-1.2378910817e+00
4.8897906030e-02	-1.2378810528e+00
4.8897785823e-02	-1.2378710094e+00
4.8897665493e-02	-1.2378721247e+00
4.8896976301e-02	-1.2377723797e+00
4.8896856709e-02	-1.2377623848e+00
4.8896737002e-02	-1.2377523843e+00
4.8896617190e-02	-1.2377423756e+00
4.8896497260e-02	-1.2377323543e+00
4.8896377211e-02	-1.2377223184e+00
4.8896257038e-02	-1.2377233718e+00
4.8895629127e-02	-1.2376242588e+00
4.8895509613e-02	-1.2376142751e+00
4.8895389993e-02	-1.2376042872e+00
4.8895270321e-02	-1.2375942895e+00
4.8895150578e-02	-1.2375842815e+00
4.8895030776e-02	-1.2375742599e+00
4.8894910878e-02	-1.2375753724e+00
4.8894245980e-02	-1.2374754407e+00
4.8894126744e-02	-1.2374654725e+00
4.8894007403e-02	-1.2374554999e+00
4.8893887942e-02	-1.2374455161e+00
4.8893768373e-02	-1.2374355211e+00
4.8893648684e-02	-1.2374255114e+00
4.8893528874e-02	-1.2374264861e+00
4.8892826039e-02	-1.2373280115e+00
4.8892706869e-02	-1.2373180507e+00
4.8892587592e-02	-1.2373080852e+00
4.8892468195e-02	-1.2372981082e+00
4.8892348688e-02	-1.2372881197e+00
4.8892229063e-02	-1.2372781162e+00
4.8892109316e-02	-1.2372791634e+00
4.8891462320e-02	-1.2371803156e+00
4.8891343270e-02	-1.2371703633e+00
4.8891224150e-02	-1.2371604068e+00
4.8891104909e-02	-1.2371504387e+00
4.8890985559e-02	-1.2371404589e+00
4.8890866090e-02	-1.2371304640e+00
4.8890746499e-02	-1.2371313775e+00
4.8890088650e-02	-1.2370335624e+00
4.8889969700e-02	-1.2370236163e+00
4.8889850642e-02	-1.2370136650e+00
4.8889731464e-02	-1.2370037018e+00
4.8889612176e-02	-1.2369937267e+00
4.8889492769e-02	-1.2369837363e+00
4.8889373239e-02	-1.2369848490e+00
4.8888727488e-02	-1.2368850253e+00
4.8888608614e-02	-1.2368750848e+00
4.8888489633e-02	-1.2368651390e+00
4.8888370549e-02	-1.2368551830e+00
4.8888251409e-02	-1.2368452130e+00
4.8888132155e-02	-1.2368352290e+00
4.8888012779e-02	-1.2368362603e+00
4.8887259798e-02	-1.2367365184e+00
4.8887135431e-02	-1.2367265373e+00
4.8887010952e-02	-1.2367165506e+00
4.8886886351e-02	-1.2367065531e+00
4.8886761616e-02	-1.2366965412e+00
4.8886636751e-02	-1.2366865141e+00
4.8886511747e-02	-1.2366871030e+00
4.8885823597e-02	-1.2365912813e+00
4.8885700119e-02	-1.2365814369e+00
4.8885576539e-02	-1.2365715884e+00
4.8885452834e-02	-1.2365617284e+00
4.8885329062e-02	-1.2365518540e+00
4.8885205207e-02	-1.2365419631e+00
4.8885081292e-02	-1.2365431491e+00
4.8884376656e-02	-1.2364430852e+00
4.8884253284e-02	-1.2364332210e+00
4.8884129868e-02	-1.2364233621e+00
4.8884006329e-02	-1.2364134920e+00
4.8883882656e-02	-1.2364036074e+00
4.8883758846e-02	-1.2363937062e+00
4.8883634894e-02	-1.2363950821e+00
4.8882848407e-02	-1.2362923924e+00
4.8882725000e-02	-1.2362825106e+00
4.8882601554e-02	-1.2362726350e+00
4.8882477977e-02	-1.2362627468e+00
4.8882354256e-02	-1.2362528424e+00
4.8882230386e-02	-1.2362429196e+00
4.8882106385e-02	-1.2362435889e+00
4.8881360922e-02	-1.2361475464e+00
4.8881237506e-02	-1.2361376436e+00
4.8881113970e-02	-1.2361277334e+00
4.8880990306e-02	-1.2361178107e+00
4.8880866496e-02	-1.2361078710e+00
4.8880742552e-02	-1.2360979151e+00
4.8880618463e-02	-1.2360987116e+00
4.8879953506e-02	-1.2360013520e+00
4.8879830026e-02	-1.2359914271e+00
4.8879706427e-02	-1.2359814947e+00
4.8879582690e-02	-1.2359715483e+00
4.8879458824e-02	-1.2359615876e+00
4.8879334818e-02	-1.2359516094e+00
4.8879210666e-02	-1.2359526581e+00
4.8878445636e-02	-1.2358520060e+00
4.8878322174e-02	-1.2358420597e+00
4.8878198594e-02	-1.2358321062e+00
4.8878074877e-02	-1.2358221387e+00
4.8877951032e-02	-1.2358121570e+00
4.8877827046e-02	-1.2358021579e+00
4.8877702915e-02	-1.2358029711e+00
4.8876918495e-02	-1.2357043531e+00
4.8876794946e-02	-1.2356943801e+00
4.8876671270e-02	-1.2356843980e+00
4.8876547472e-02	-1.2356744044e+00
4.8876423537e-02	-1.2356643948e+00
4.8876299460e-02	-1.2356543674e+00
4.8876175237e-02	-1.2356550719e+00
4.8875490662e-02	-1.2355572254e+00
4.8875367172e-02	-1.2355472283e+00
4.8875243697e-02	-1.2355372260e+00
4.8875120110e-02	-1.2355272113e+00
4.8874996379e-02	-1.2355171795e+00
4.8874872518e-02	-1.2355071317e+00
4.8874748514e-02	-1.2355079489e+00
4.8873994894e-02	-1.2354082132e+00
4.8873871526e-02	-1.2353981999e+00
4.8873748043e-02	-1.2353881790e+00
4.8873624432e-02	-1.2353781456e+00
4.8873500688e-02	-1.2353680966e+00
4.8873376805e-02	-1.2353580301e+00
4.8873252818e-02	-1.2353586211e+00
4.8872545202e-02	-1.2352609205e+00
4.8872421875e-02	-1.2352508893e+00
4.8872298431e-02	-1.2352408504e+00
4.8872174860e-02	-1.2352307988e+00
4.8872051157e-02	-1.2352207315e+00
4.8871927315e-02	-1.2352106467e+00
4.8871803330e-02	-1.2352112412e+00
4.8871027303e-02	-1.2351134437e+00
4.8870903932e-02	-1.2351033901e+00
4.8870780444e-02	-1.2350933286e+00
4.8870656830e-02	-1.2350832543e+00
4.8870533082e-02	-1.2350731641e+00
4.8870409250e-02	-1.2350630571e+00
4.8870285290e-02	-1.2350638087e+00
4.8869526031e-02	-1.2349643842e+00
4.8869402699e-02	-1.2349543097e+00
4.8869279252e-02	-1.2349442276e+00
4.8869155680e-02	-1.2349341326e+00
4.8869031975e-02	-1.2349240218e+00
4.8868908132e-02	-1.2349138932e+00
4.8868784148e-02	-1.2349144472e+00
4.8868063040e-02	-1.2348163991e+00
4.8867939685e-02	-1.2348063037e+00
4.8867816213e-02	-1.2347962004e+00
4.8867692652e-02	-1.2347860847e+00
4.8867568988e-02	-1.2347759536e+00
4.8867445186e-02	-1.2347658046e+00
4.8867321243e-02	-1.2347664060e+00
4.8866566554e-02	-1.2346676051e+00
4.8866443237e-02	-1.2346574883e+00
4.8866319804e-02	-1.2346473636e+00
4.8866196246e-02	-1.2346372258e+00
4.8866072627e-02	-1.2346270733e+00
4.8865948902e-02	-1.2346169035e+00
4.8865825036e-02	-1.2346176111e+00
4.8865122672e-02	-1.2345172057e+00
4.8864999572e-02	-1.2345070828e+00
4.8864876453e-02	-1.2344969659e+00
4.8864753281e-02	-1.2344868480e+00
4.8864630071e-02	-1.2344767297e+00
4.8864506796e-02	-1.2344666056e+00
4.8864383475e-02	-1.2344671221e+00
4.8863516202e-02	-1.2343689791e+00
4.8863393756e-02	-1.2343589446e+00
4.8863271225e-02	-1.2343489071e+00
4.8863148569e-02	-1.2343388563e+00
4.8863025778e-02	-1.2343287892e+00
4.8862902884e-02	-1.2343187044e+00
4.8862779873e-02	-1.2343195131e+00
4.8862119110e-02	-1.2342193858e+00
4.8861996621e-02	-1.2342093150e+00
4.8861874127e-02	-1.2341992546e+00
4.8861751593e-02	-1.2341891828e+00
4.8861628931e-02	-1.2341790947e+00
4.8861506124e-02	-1.2341689873e+00
4.8861383167e-02	-1.2341696973e+00
4.8860648372e-02	-1.2340691975e+00
4.8860525865e-02	-1.2340590907e+00
4.8860403294e-02	-1.2340489771e+00
4.8860280591e-02	-1.2340388475e+00
4.8860157758e-02	-1.2340287021e+00
4.8860034784e-02	-1.2340185378e+00
4.8859911665e-02	-1.2340190309e+00
4.8859120476e-02	-1.2339201138e+00
4.8858997896e-02	-1.2339099666e+00
4.8858875197e-02	-1.2338998104e+00
4.8858752369e-02	-1.2338896402e+00
4.8858629405e-02	-1.2338794530e+00
4.8858506331e-02	-1.2338692474e+00
4.8858383140e-02	-1.2338697238e+00
4.8857648722e-02	-1.2337707320e+00
4.8857526087e-02	-1.2337605463e+00
4.8857403334e-02	-1.2337503517e+00
4.8857280452e-02	-1.2337401430e+00
4.8857157526e-02	-1.2337299189e+00
4.8857034469e-02	-1.2337196762e+00
4.8856911269e-02	-1.2337201259e+00
4.8856206727e-02	-1.2336203725e+00
4.8856084093e-02	-1.2336101507e+00
4.8855961341e-02	-1.2335999200e+00
4.8855838462e-02	-1.2335896753e+00
4.8855715448e-02	-1.2335794136e+00
4.8855592315e-02	-1.2335691335e+00
4.8855469129e-02	-1.2335692301e+00
4.8854696934e-02	-1.2334723060e+00
4.8854574266e-02	-1.2334620422e+00
4.8854451481e-02	-1.2334517690e+00
4.8854328566e-02	-1.2334414814e+00
4.8854205517e-02	-1.2334311767e+00
4.8854082328e-02	-1.2334208529e+00
4.8853958996e-02	-1.2334209604e+00
4.8853256551e-02	-1.2333238666e+00
4.8853133768e-02	-1.2333135618e+00
4.8853010868e-02	-1.2333032480e+00
4.8852887844e-02	-1.2332929201e+00
4.8852764687e-02	-1.2332825755e+00
4.8852641395e-02	-1.2332722122e+00
4.8852517962e-02	-1.2332724749e+00
4.8851770452e-02	-1.2331730266e+00
4.8851647598e-02	-1.2331626862e+00
4.8851524630e-02	-1.2331523370e+00
4.8851401537e-02	-1.2331419740e+00
4.8851278315e-02	-1.2331315945e+00
4.8851154957e-02	-1.2331211965e+00
4.8851031461e-02	-1.2331215509e+00
4.8850276509e-02	-1.2330206685e+00
4.8850153612e-02	-1.2330102964e+00
4.8850030601e-02	-1.2329999157e+00
4.8849907468e-02	-1.2329895214e+00
4.8849784205e-02	-1.2329791108e+00
4.8849660808e-02	-1.2329686818e+00
4.8849537273e-02	-1.2329690444e+00
4.8848802632e-02	-1.2328674313e+00
4.8848679730e-02	-1.2328570308e+00
4.8848556795e-02	-1.2328466232e+00
4.8848433738e-02	-1.2328362021e+00
4.8848310552e-02	-1.2328257646e+00
4.8848187232e-02	-1.2328153089e+00
4.8848063775e-02	-1.2328156052e+00
4.8847266928e-02	-1.2327139976e+00
4.8847144063e-02	-1.2327035667e+00
4.8847021086e-02	-1.2326931275e+00
4.8846897987e-02	-1.2326826747e+00
4.8846774761e-02	-1.2326722057e+00
4.8846651400e-02	-1.2326617183e+00
4.8846527904e-02	-1.2326620219e+00
4.8845771801e-02	-1.2325600599e+00
4.8845648910e-02	-1.2325495995e+00
4.8845525908e-02	-1.2325391307e+00
4.8845402785e-02	-1.2325286486e+00
4.8845279535e-02	-1.2325181503e+00
4.8845156153e-02	-1.2325076338e+00
4.8845032635e-02	-1.2325078273e+00
4.8844261532e-02	-1.2324063841e+00
4.8844138614e-02	-1.2323958940e+00
4.8844015585e-02	-1.2323853955e+00
4.8843892436e-02	-1.2323748838e+00
4.8843769162e-02	-1.2323643561e+00
4.8843645758e-02	-1.2323538103e+00
4.8843522219e-02	-1.2323539860e+00
4.8842793044e-02	-1.2322522405e+00
4.8842670961e-02	-1.2322418649e+00
4.8842548779e-02	-1.2322314827e+00
4.8842426468e-02	-1.2322210860e+00
4.8842304023e-02	-1.2322106718e+00
4.8842181438e-02	-1.2322002380e+00
4.8842058709e-02	-1.2322007271e+00
4.8841252271e-02	-1.2320968131e+00
4.8841130050e-02	-1.2320863880e+00
4.8841007789e-02	-1.2320759665e+00
4.8840885409e-02	-1.2320655318e+00
4.8840762944e-02	-1.2320550814e+00
4.8840640400e-02	-1.2320446136e+00
4.8840517720e-02	-1.2320448202e+00
4.8839723070e-02	-1.2319430279e+00
4.8839600821e-02	-1.2319325583e+00
4.8839478533e-02	-1.2319220921e+00
4.8839356116e-02	-1.2319116111e+00
4.8839233560e-02	-1.2319011116e+00
4.8839110861e-02	-1.2318905918e+00
4.8838988014e-02	-1.2318911257e+00
4.8838211025e-02	-1.2317855335e+00
4.8838088687e-02	-1.2317750207e+00
4.8837966236e-02	-1.2317644991e+00
4.8837843663e-02	-1.2317539637e+00
4.8837720959e-02	-1.2317434113e+00
4.8837598121e-02	-1.2317328403e+00
4.8837475144e-02	-1.2317328925e+00
4.8836645362e-02	-1.2316313565e+00
4.8836521868e-02	-1.2316208227e+00
4.8836398297e-02	-1.2316102804e+00
4.8836274672e-02	-1.2315997252e+00
4.8836150914e-02	-1.2315891529e+00
4.8836027019e-02	-1.2315785618e+00
4.8835902982e-02	-1.2315788070e+00
4.8835097437e-02	-1.2314754393e+00
4.8834973934e-02	-1.2314648610e+00
4.8834850317e-02	-1.2314542736e+00
4.8834726575e-02	-1.2314436724e+00
4.8834602703e-02	-1.2314330543e+00
4.8834478693e-02	-1.2314224175e+00
4.8834354544e-02	-1.2314225960e+00
4.8833522273e-02	-1.2313190099e+00
4.8833398655e-02	-1.2313083857e+00
4.8833274924e-02	-1.2312977526e+00
4.8833151069e-02	-1.2312871057e+00
4.8833027084e-02	-1.2312764420e+00
4.8832903000e-02	-1.2312657604e+00
4.8832778836e-02	-1.2312659398e+00
4.8831961316e-02	-1.2311620057e+00
4.8831837685e-02	-1.2311513379e+00
4.8831713942e-02	-1.2311406613e+00
4.8831590076e-02	-1.2311299710e+00
4.8831466082e-02	-1.2311192642e+00
4.8831341955e-02	-1.2311085392e+00
4.8831217692e-02	-1.2311084540e+00
4.8830434768e-02	-1.2310060894e+00
4.8830311065e-02	-1.2309953834e+00
4.8830187253e-02	-1.2309846687e+00
4.8830063321e-02	-1.2309739405e+00
4.8829939261e-02	-1.2309631959e+00
4.8829815069e-02	-1.2309524330e+00
4.8829690741e-02	-1.2309525147e+00
4.8828817621e-02	-1.2308480248e+00
4.8828693854e-02	-1.2308372797e+00
4.8828569978e-02	-1.2308265262e+00
4.8828445984e-02	-1.2308157594e+00
4.8828321863e-02	-1.2308049764e+00
4.8828197611e-02	-1.2307941754e+00
4.8828073225e-02	-1.2307941053e+00
4.8827309658e-02	-1.2306905951e+00
4.8827185846e-02	-1.2306798148e+00
4.8827061927e-02	-1.2306690261e+00
4.8826937890e-02	-1.2306582243e+00
4.8826813727e-02	-1.2306474065e+00
4.8826689435e-02	-1.2306365706e+00
4.8826565010e-02	-1.2306364256e+00
4.8825711675e-02	-1.2305330703e+00
4.8825587821e-02	-1.2305222550e+00
4.8825463861e-02	-1.2305114315e+00
4.8825339784e-02	-1.2305005950e+00
4.8825215584e-02	-1.2304897426e+00
4.8825091337e-02	-1.2304788738e+00
4.8824966969e-02	-1.2304788484e+00
4.8824174730e-02	-1.2303739429e+00
4.8824050953e-02	-1.2303630972e+00
4.8823927070e-02	-1.2303522435e+00
4.8823803070e-02	-1.2303413768e+00
4.8823678948e-02	-1.2303304942e+00
4.8823554697e-02	-1.2303195938e+00
4.8823430315e-02	-1.2303192294e+00
4.8822590800e-02	-1.2302174124e+00
4.8822466972e-02	-1.2302065305e+00
4.8822343038e-02	-1.2301956403e+00
4.8822218989e-02	-1.2301847370e+00
4.8822094818e-02	-1.2301738177e+00
4.8821970519e-02	-1.2301628807e+00
4.8821846089e-02	-1.2301623077e+00
4.8821023932e-02	-1.2300624089e+00
4.8820900523e-02	-1.2300515682e+00
4.8820777098e-02	-1.2300407338e+00
4.8820653647e-02	-1.2300299012e+00
4.8820530165e-02	-1.2300190675e+00
4.8820406620e-02	-1.2300082269e+00
4.8820282963e-02	-1.2300080151e+00
4.8819593422e-02	-1.2299062430e+00
4.8819470240e-02	-1.2298954103e+00
4.8819347005e-02	-1.2298845779e+00
4.8819223656e-02	-1.2298737325e+00
4.8819100183e-02	-1.2298628711e+00
4.8818976583e-02	-1.2298519917e+00
4.8818852852e-02	-1.2298516945e+00
4.8818080598e-02	-1.2297490420e+00
4.8817957397e-02	-1.2297381608e+00
4.8817834108e-02	-1.2297272741e+00
4.8817710855e-02	-1.2297163882e+00
4.8817587489e-02	-1.2297054855e+00
4.8817463987e-02	-1.2296945633e+00
4.8817340346e-02	-1.2296940496e+00
4.8816575480e-02	-1.2295932424e+00
