Phi_global	fO2_shift_IW_derived
1.0000000000e+00	4.7913584618e+00
1.0000000000e+00	4.7913584618e+00
1.0000000000e+00	4.7913584618e+00
1.0000000000e+00	4.7913584618e+00
1.0000000000e+00	4.7854512329e+00
1.0000000000e+00	4.7854551859e+00
1.0000000000e+00	4.7857415296e+00
1.0000000000e+00	4.7885659958e+00
1.0000000000e+00	4.7930838486e+00
1.0000000000e+00	4.8003134003e+00
1.0000000000e+00	4.8118836367e+00
1.0000000000e+00	4.8304025394e+00
1.0000000000e+00	4.8597554085e+00
1.0000000000e+00	4.9063244155e+00
1.0000000000e+00	4.9887892462e+00
1.0000000000e+00	5.0451904639e+00
1.0000000000e+00	5.0786396514e+00
1.0000000000e+00	5.1177095505e+00
1.0000000000e+00	5.1687368842e+00
1.0000000000e+00	5.2409877959e+00
9.9988707973e-01	5.2752240815e+00
9.9983100878e-01	5.2751804734e+00
9.9977470880e-01	5.2751149430e+00
9.9971800888e-01	5.2750215207e+00
9.9966115177e-01	5.2749004487e+00
9.9960369398e-01	5.2747550007e+00
9.9954614387e-01	5.2745888539e+00
9.9948767792e-01	5.2744051687e+00
9.9942900641e-01	5.2742064685e+00
9.9936902098e-01	5.2739947415e+00
9.9930806600e-01	5.2737715674e+00
9.9924691701e-01	5.2735382213e+00
9.9918545464e-01	5.2732957503e+00
9.9912211224e-01	5.2730450290e+00
9.9905829672e-01	5.2727867996e+00
9.9899240995e-01	5.2725217007e+00
9.9892623096e-01	5.2722502892e+00
9.9885982169e-01	5.2719730571e+00
9.9879318096e-01	5.2716904438e+00
9.9872630761e-01	5.2714028466e+00
9.9865920040e-01	5.2711106279e+00
9.9859185805e-01	5.2708141223e+00
9.9852427946e-01	5.2705136421e+00
9.9845646336e-01	5.2702094808e+00
9.9838840856e-01	5.2699019169e+00
9.9832011373e-01	5.2695912155e+00
9.9825157766e-01	5.2692776314e+00
9.9818279911e-01	5.2689614088e+00
9.9811377681e-01	5.2686427808e+00
9.9804450946e-01	5.2683219680e+00
9.9797499578e-01	5.2679991748e+00
9.9790523448e-01	5.2676745851e+00
9.9783522426e-01	5.2673483537e+00
9.9776496337e-01	5.2670205976e+00
9.9769444940e-01	5.2666913830e+00
9.9762368075e-01	5.2663607103e+00
9.9755265585e-01	5.2660284956e+00
9.9748137406e-01	5.2656945524e+00
9.9740983410e-01	5.2653585696e+00
9.9733803485e-01	5.2650200910e+00
9.9726597490e-01	5.2646784971e+00
9.9719365274e-01	5.2643329911e+00
9.9712106698e-01	5.2639825890e+00
9.9704821612e-01	5.2636261201e+00
9.9697509849e-01	5.2632622359e+00
9.9690171309e-01	5.2628894252e+00
9.9682805710e-01	5.2625060396e+00
9.9675413031e-01	5.2621103257e+00
9.9667993024e-01	5.2617004578e+00
9.9660545547e-01	5.2612745775e+00
9.9653070476e-01	5.2608308331e+00
9.9645567536e-01	5.2603674208e+00
9.9638036703e-01	5.2598826299e+00
9.9630477656e-01	5.2593748901e+00
9.9622890370e-01	5.2588428236e+00
9.9615274549e-01	5.2582852987e+00
9.9607630134e-01	5.2577014804e+00
9.9599956821e-01	5.2570908767e+00
9.9592254564e-01	5.2564533714e+00
9.9584523092e-01	5.2557892409e+00
9.9576762218e-01	5.2550991467e+00
9.9568971753e-01	5.2543841158e+00
9.9561151469e-01	5.2536454983e+00
9.9553301120e-01	5.2528849107e+00
9.9545420852e-01	5.2521041754e+00
9.9537510558e-01	5.2513052537e+00
9.9529570087e-01	5.2504901848e+00
9.9521599262e-01	5.2496610242e+00
9.9513597931e-01	5.2488198017e+00
9.9505565930e-01	5.2479684774e+00
9.9497503082e-01	5.2471089141e+00
9.9489409226e-01	5.2462428610e+00
9.9481284183e-01	5.2453719379e+00
9.9473127791e-01	5.2444976353e+00
9.9464939869e-01	5.2436213109e+00
9.9456720243e-01	5.2427441966e+00
9.9448468736e-01	5.2418674044e+00
9.9440185168e-01	5.2409870014e+00
9.9431869363e-01	5.2401000186e+00
9.9423521134e-01	5.2392161165e+00
9.9415140298e-01	5.2383359336e+00
9.9406726659e-01	5.2374590348e+00
9.9398279901e-01	5.2365741541e+00
9.9389798439e-01	5.2355546597e+00
9.9387156232e-01	5.2331151826e+00
9.9386802894e-01	5.2283617199e+00
9.9386476881e-01	5.2268042355e+00
9.9386153203e-01	5.2257240384e+00
9.9385831341e-01	5.2250817510e+00
9.9385510744e-01	5.2247107947e+00
9.9385191094e-01	5.2244765024e+00
9.9384871790e-01	5.2243106053e+00
9.9384552714e-01	5.2241763001e+00
9.9384233837e-01	5.2240602932e+00
9.9383915754e-01	5.2239501463e+00
9.9383597971e-01	5.2238534814e+00
9.9383280628e-01	5.2237723779e+00
9.9382963986e-01	5.2237132347e+00
9.9382649345e-01	5.2236889981e+00
9.9382337141e-01	5.2237351784e+00
9.9382029310e-01	5.2239080836e+00
9.9381729993e-01	5.2243214152e+00
9.9381449053e-01	5.2252470124e+00
9.9381201125e-01	5.2271325656e+00
9.9381035387e-01	5.2302427185e+00
9.9380965903e-01	5.2353276723e+00
9.9381019201e-01	5.2436137539e+00
9.9381173335e-01	5.2571286329e+00
9.9369123755e-01	5.2752086367e+00
9.9363403748e-01	5.2751491954e+00
9.9357625876e-01	5.2750616384e+00
9.9351838027e-01	5.2749416514e+00
9.9345981781e-01	5.2747918195e+00
9.9340102845e-01	5.2746168115e+00
9.9334156053e-01	5.2744209293e+00
9.9328160098e-01	5.2742075824e+00
9.9322059414e-01	5.2739793857e+00
9.9315822584e-01	5.2737383564e+00
9.9309565797e-01	5.2734860793e+00
9.9303272776e-01	5.2732238265e+00
9.9296778673e-01	5.2729526396e+00
9.9290214603e-01	5.2726733879e+00
9.9283452151e-01	5.2723868091e+00
9.9276666209e-01	5.2720935385e+00
9.9269856657e-01	5.2717941310e+00
9.9263023374e-01	5.2714890773e+00
9.9256166237e-01	5.2711788168e+00
9.9249285130e-01	5.2708637477e+00
9.9242379926e-01	5.2705442341e+00
9.9235450501e-01	5.2702206132e+00
9.9228496731e-01	5.2698932004e+00
9.9221518489e-01	5.2695622927e+00
9.9214515651e-01	5.2692281727e+00
9.9207488087e-01	5.2688911104e+00
9.9200435669e-01	5.2685513645e+00
9.9193358275e-01	5.2682091833e+00
9.9186255758e-01	5.2678648020e+00
9.9179128000e-01	5.2675184425e+00
9.9171974865e-01	5.2671703077e+00
9.9164795995e-01	5.2668205752e+00
9.9157590847e-01	5.2664693886e+00
9.9150359194e-01	5.2661168467e+00
9.9143100963e-01	5.2657629878e+00
9.9135816364e-01	5.2654077731e+00
9.9128505326e-01	5.2650510666e+00
9.9121167618e-01	5.2646926134e+00
9.9113803305e-01	5.2643320180e+00
9.9106412026e-01	5.2639687234e+00
9.9098993891e-01	5.2636019902e+00
9.9091548399e-01	5.2632308871e+00
9.9084075753e-01	5.2628542870e+00
9.9076575520e-01	5.2624708664e+00
9.9069047660e-01	5.2620791227e+00
9.9061491997e-01	5.2616773969e+00
9.9053908194e-01	5.2612639082e+00
9.9046296356e-01	5.2608367858e+00
9.9038655926e-01	5.2603941163e+00
9.9030987040e-01	5.2599339881e+00
9.9023289323e-01	5.2594545394e+00
9.9015562643e-01	5.2589540085e+00
9.9007806838e-01	5.2584307908e+00
9.9000021658e-01	5.2578834892e+00
9.8992206935e-01	5.2573109755e+00
9.8984362561e-01	5.2567124404e+00
9.8976488076e-01	5.2560874366e+00
9.8968583493e-01	5.2554359103e+00
9.8960648482e-01	5.2547582125e+00
9.8952682725e-01	5.2540550903e+00
9.8944685896e-01	5.2533276568e+00
9.8936658333e-01	5.2525773430e+00
9.8928600275e-01	5.2518058377e+00
9.8920511563e-01	5.2510150189e+00
9.8912392055e-01	5.2502068878e+00
9.8904241582e-01	5.2493834995e+00
9.8896059990e-01	5.2485469104e+00
9.8887847127e-01	5.2476991291e+00
9.8879602821e-01	5.2468420782e+00
9.8871326908e-01	5.2459775707e+00
9.8863019217e-01	5.2451072920e+00
9.8854679580e-01	5.2442327918e+00
9.8846307822e-01	5.2433554816e+00
9.8837903759e-01	5.2424766380e+00
9.8829467227e-01	5.2415974106e+00
9.8820998046e-01	5.2407095966e+00
9.8812496025e-01	5.2398187855e+00
9.8803960982e-01	5.2389304096e+00
9.8795392733e-01	5.2380452150e+00
9.8786791092e-01	5.2371638576e+00
9.8778155866e-01	5.2362867879e+00
9.8769486833e-01	5.2354129291e+00
9.8760783413e-01	5.2345253517e+00
9.8752041343e-01	5.2334384544e+00
9.8750708589e-01	5.2303415155e+00
9.8750328962e-01	5.2266166951e+00
9.8749984542e-01	5.2251591172e+00
9.8749644403e-01	5.2241619902e+00
9.8749307515e-01	5.2235703729e+00
9.8748972637e-01	5.2232235747e+00
9.8748638992e-01	5.2229984398e+00
9.8748305983e-01	5.2228344610e+00
9.8747973415e-01	5.2226995993e+00
9.8747641254e-01	5.2225818176e+00
9.8747309874e-01	5.2224698130e+00
9.8746979126e-01	5.2223713639e+00
9.8746649317e-01	5.2222889832e+00
9.8746321035e-01	5.2222295828e+00
9.8745996176e-01	5.2222077303e+00
9.8745676569e-01	5.2222613591e+00
9.8745366495e-01	5.2224512115e+00
9.8745075103e-01	5.2229038753e+00
9.8744823148e-01	5.2239112429e+00
9.8744643950e-01	5.2259641664e+00
9.8744598553e-01	5.2293475924e+00
9.8744731634e-01	5.2348799948e+00
9.8745108360e-01	5.2439025151e+00
9.8745682357e-01	5.2586526159e+00
9.8739352857e-01	5.2751019708e+00
9.8739602259e-01	5.2751338731e+00
9.8739853667e-01	5.2751654512e+00
9.8740105701e-01	5.2751970322e+00
9.8740352956e-01	5.2752294605e+00
9.8734567171e-01	5.2751888142e+00
9.8728722921e-01	5.2751107881e+00
9.8722802888e-01	5.2749985814e+00
9.8716864862e-01	5.2748505705e+00
9.8710858759e-01	5.2746715728e+00
9.8704821773e-01	5.2744672681e+00
9.8698695104e-01	5.2742423066e+00
9.8692496975e-01	5.2740001887e+00
9.8686142059e-01	5.2737435337e+00
9.8679742763e-01	5.2734743387e+00
9.8673318114e-01	5.2731941649e+00
9.8666681737e-01	5.2729042632e+00
9.8659964135e-01	5.2726056579e+00
9.8653035498e-01	5.2722992047e+00
9.8646082785e-01	5.2719856308e+00
9.8639105873e-01	5.2716655633e+00
9.8632104645e-01	5.2713395515e+00
9.8625078978e-01	5.2710080819e+00
9.8618028749e-01	5.2706715911e+00
9.8610953832e-01	5.2703304755e+00
9.8603854102e-01	5.2699850989e+00
9.8596729441e-01	5.2696357995e+00
9.8589579714e-01	5.2692828934e+00
9.8582404793e-01	5.2689266795e+00
9.8575204542e-01	5.2685674423e+00
9.8567978838e-01	5.2682054548e+00
9.8560727545e-01	5.2678409779e+00
9.8553450526e-01	5.2674742613e+00
9.8546147660e-01	5.2671055423e+00
9.8538818595e-01	5.2667350418e+00
9.8531462260e-01	5.2663629589e+00
9.8524078277e-01	5.2659894639e+00
9.8516666635e-01	5.2656146882e+00
9.8509227844e-01	5.2652387116e+00
9.8501761990e-01	5.2648615458e+00
9.8494268717e-01	5.2644831141e+00
9.8486748240e-01	5.2641032312e+00
9.8479200181e-01	5.2637215815e+00
9.8471624625e-01	5.2633376914e+00
9.8464021117e-01	5.2629509110e+00
9.8456389905e-01	5.2625603965e+00
9.8448730223e-01	5.2621650999e+00
9.8441042516e-01	5.2617637664e+00
9.8433326131e-01	5.2613549421e+00
9.8425581106e-01	5.2609369967e+00
9.8417807273e-01	5.2605081480e+00
9.8410004096e-01	5.2600665054e+00
9.8402171925e-01	5.2596101105e+00
9.8394309781e-01	5.2591369897e+00
9.8386418241e-01	5.2586452066e+00
9.8378496379e-01	5.2581329189e+00
9.8370544661e-01	5.2575984371e+00
9.8362562093e-01	5.2570402845e+00
9.8354549099e-01	5.2564572597e+00
9.8346505179e-01	5.2558484888e+00
9.8338429858e-01	5.2552134738e+00
9.8330323048e-01	5.2545521229e+00
9.8322184325e-01	5.2538647641e+00
9.8314013283e-01	5.2531521371e+00
9.8305811173e-01	5.2524153597e+00
9.8297577925e-01	5.2516558808e+00
9.8289313395e-01	5.2508754128e+00
9.8281017437e-01	5.2500758611e+00
9.8272689908e-01	5.2492592526e+00
9.8264330654e-01	5.2484276672e+00
9.8255939515e-01	5.2475831777e+00
9.8247516348e-01	5.2467278037e+00
9.8239060979e-01	5.2458634694e+00
9.8230573249e-01	5.2449919812e+00
9.8222052986e-01	5.2441150094e+00
9.8213500022e-01	5.2432340807e+00
9.8204914172e-01	5.2423505774e+00
9.8196295276e-01	5.2414657436e+00
9.8187643141e-01	5.2405692822e+00
9.8178957581e-01	5.2396710857e+00
9.8170238412e-01	5.2387745705e+00
9.8161485450e-01	5.2378805291e+00
9.8152698507e-01	5.2369896666e+00
9.8143877393e-01	5.2361026089e+00
9.8135021913e-01	5.2352198961e+00
9.8126131876e-01	5.2343418071e+00
9.8117207000e-01	5.2334663678e+00
9.8108246225e-01	5.2325678714e+00
9.8099476827e-01	5.2313690127e+00
9.8099345775e-01	5.2273733953e+00
9.8098961739e-01	5.2249130838e+00
9.8098600656e-01	5.2235318884e+00
9.8098246315e-01	5.2225983592e+00
9.8097897665e-01	5.2220452331e+00
9.8097553847e-01	5.2217161919e+00
9.8097215622e-01	5.2214972155e+00
9.8096884980e-01	5.2213339120e+00
9.8096566309e-01	5.2211978906e+00
9.8096267740e-01	5.2210779652e+00
9.8096013335e-01	5.2209638592e+00
9.8095833829e-01	5.2208634784e+00
9.8095777009e-01	5.2207797583e+00
9.8095852331e-01	5.2207352395e+00
9.8095999717e-01	5.2207124951e+00
9.8096194040e-01	5.2207024664e+00
9.8096409449e-01	5.2206997566e+00
9.8096638901e-01	5.2207023061e+00
9.8096879000e-01	5.2207089515e+00
9.8097131481e-01	5.2207182799e+00
9.8097390865e-01	5.2207299618e+00
9.8097655262e-01	5.2207437967e+00
9.8097923975e-01	5.2207595534e+00
9.8098198089e-01	5.2207764375e+00
9.8098476941e-01	5.2207941303e+00
9.8098758404e-01	5.2208131483e+00
9.8099042263e-01	5.2208334183e+00
9.8099328345e-01	5.2208548763e+00
9.8099289355e-01	5.2209696802e+00
9.8106281326e-01	5.2210978068e+00
9.8114671271e-01	5.2212366191e+00
9.8123060009e-01	5.2213846895e+00
9.8131438965e-01	5.2215412780e+00
9.8139806055e-01	5.2217059104e+00
9.8148158110e-01	5.2218781644e+00
9.8156495158e-01	5.2220547446e+00
9.8164825520e-01	5.2222275193e+00
9.8173152965e-01	5.2223964318e+00
9.8181483722e-01	5.2225622813e+00
9.8189833016e-01	5.2227262125e+00
9.8198222184e-01	5.2228897453e+00
9.8204887940e-01	5.2230194954e+00
9.8210227258e-01	5.2231239031e+00
9.8214745312e-01	5.2232132210e+00
9.8218605698e-01	5.2232908414e+00
9.8221729813e-01	5.2233548212e+00
9.8224375126e-01	5.2234107955e+00
9.8226608118e-01	5.2234602889e+00
9.8228470621e-01	5.2235041625e+00
9.8229944300e-01	5.2235410471e+00
9.8231159575e-01	5.2235740520e+00
9.8232161665e-01	5.2236041289e+00
9.8232978109e-01	5.2236317326e+00
9.8233622976e-01	5.2236563167e+00
9.8234131303e-01	5.2236785212e+00
9.8234528792e-01	5.2236994031e+00
9.8234826452e-01	5.2237191320e+00
9.8235033661e-01	5.2237378469e+00
9.8233523156e-01	5.2238144029e+00
9.8238227772e-01	5.2238747634e+00
9.8243434673e-01	5.2239246922e+00
9.8248049733e-01	5.2239672976e+00
9.8252202817e-01	5.2240044660e+00
9.8255979889e-01	5.2240374310e+00
9.8259439920e-01	5.2240670562e+00
9.8262623841e-01	5.2240939782e+00
9.8265562166e-01	5.2241186684e+00
9.8268277345e-01	5.2241414904e+00
9.8270579183e-01	5.2241627379e+00
9.8270436731e-01	5.2241826454e+00
9.8270161367e-01	5.2242026884e+00
9.8269745052e-01	5.2242228926e+00
9.8269178412e-01	5.2242432771e+00
9.8268449804e-01	5.2242638472e+00
9.8267541411e-01	5.2242845794e+00
9.8266419155e-01	5.2243053947e+00
9.8265021415e-01	5.2243261453e+00
9.8263158575e-01	5.2243471427e+00
9.8261131963e-01	5.2243630382e+00
9.8262104060e-01	5.2243670527e+00
9.8261767417e-01	5.2243489548e+00
9.8259941814e-01	5.2242547241e+00
9.8251778499e-01	5.2237146795e+00
9.8243189534e-01	5.2232158788e+00
9.8234578518e-01	5.2228294789e+00
9.8226038618e-01	5.2225669660e+00
9.8217540569e-01	5.2224302562e+00
9.8209049034e-01	5.2224336174e+00
9.8200549761e-01	5.2226161878e+00
9.8192045168e-01	5.2230402926e+00
9.8183547979e-01	5.2237831998e+00
9.8175074685e-01	5.2249224954e+00
9.8166639480e-01	5.2265145906e+00
9.8158248301e-01	5.2285773735e+00
9.8149894508e-01	5.2311132518e+00
9.8141584501e-01	5.2340868651e+00
9.8133291198e-01	5.2374651996e+00
9.8125007134e-01	5.2414020004e+00
9.8116726085e-01	5.2461304781e+00
9.8108458374e-01	5.2520218452e+00
9.8108572630e-01	5.2595721775e+00
9.8108430481e-01	5.2629658721e+00
9.8108215130e-01	5.2649819001e+00
9.8108407802e-01	5.2661571539e+00
9.8108715588e-01	5.2661962075e+00
9.8108877696e-01	5.2663908430e+00
9.8115249788e-01	5.2665913934e+00
9.8123659100e-01	5.2667985099e+00
9.8132047543e-01	5.2670055906e+00
9.8140418147e-01	5.2672076635e+00
9.8148777206e-01	5.2674055563e+00
9.8157134842e-01	5.2676004349e+00
9.8165505119e-01	5.2677937512e+00
9.8173907230e-01	5.2679873193e+00
9.8182320919e-01	5.2681834635e+00
9.8190548468e-01	5.2683853541e+00
9.8198603847e-01	5.2685987978e+00
9.8207709680e-01	5.2688472357e+00
9.8220295005e-01	5.2690519396e+00
9.8228875230e-01	5.2691820536e+00
9.8235502812e-01	5.2692771731e+00
9.8240985178e-01	5.2693523025e+00
9.8245696381e-01	5.2694144984e+00
9.8249840734e-01	5.2694676533e+00
9.8253540425e-01	5.2695141487e+00
9.8256874936e-01	5.2695555245e+00
9.8259209658e-01	5.2695929512e+00
9.8258973530e-01	5.2696278366e+00
9.8258590563e-01	5.2696629983e+00
9.8258047188e-01	5.2696984619e+00
9.8257326934e-01	5.2697342145e+00
9.8256409533e-01	5.2697701613e+00
9.8255272413e-01	5.2698060462e+00
9.8253864523e-01	5.2698413846e+00
9.8252013098e-01	5.2698762603e+00
9.8250432135e-01	5.2699036877e+00
9.8251062277e-01	5.2698984651e+00
9.8248459834e-01	5.2697325483e+00
9.8240516691e-01	5.2692379698e+00
9.8232114833e-01	5.2688784151e+00
9.8223670197e-01	5.2686643897e+00
9.8215196599e-01	5.2686002480e+00
9.8206652542e-01	5.2687188792e+00
9.8198006968e-01	5.2690814491e+00
9.8189000210e-01	5.2697691477e+00
9.8179673322e-01	5.2708690314e+00
9.8169500438e-01	5.2724520918e+00
9.8158220172e-01	5.2745503506e+00
9.8148621541e-01	5.2751829924e+00
9.8142642132e-01	5.2750896347e+00
9.8136588517e-01	5.2749577169e+00
9.8130494280e-01	5.2747869009e+00
9.8124347834e-01	5.2745835191e+00
9.8118133370e-01	5.2743541168e+00
9.8111857954e-01	5.2741037545e+00
9.8105430047e-01	5.2738361220e+00
9.8098888586e-01	5.2735539302e+00
9.8092325732e-01	5.2732592238e+00
9.8085623272e-01	5.2729535915e+00
9.8078785940e-01	5.2726383011e+00
9.8071729902e-01	5.2723143889e+00
9.8064612374e-01	5.2719827191e+00
9.8057470098e-01	5.2716440260e+00
9.8050302936e-01	5.2712989419e+00
9.8043110779e-01	5.2709480213e+00
9.8035893494e-01	5.2705917547e+00
9.8028650956e-01	5.2702305831e+00
9.8021383032e-01	5.2698649062e+00
9.8014089602e-01	5.2694950923e+00
9.8006770530e-01	5.2691214825e+00
9.7999425685e-01	5.2687443967e+00
9.7992054942e-01	5.2683641382e+00
9.7984658160e-01	5.2679809952e+00
9.7977235199e-01	5.2675952434e+00
9.7969785929e-01	5.2672071478e+00
9.7962310213e-01	5.2668169615e+00
9.7954807005e-01	5.2664249238e+00
9.7947275094e-01	5.2660312571e+00
9.7939714165e-01	5.2656361608e+00
9.7932124984e-01	5.2652398043e+00
9.7924507783e-01	5.2648423137e+00
9.7916862685e-01	5.2644437606e+00
9.7909189809e-01	5.2640441438e+00
9.7901488482e-01	5.2636433683e+00
9.7893759268e-01	5.2632412238e+00
9.7886001311e-01	5.2628373600e+00
9.7878215227e-01	5.2624312616e+00
9.7870399976e-01	5.2620222247e+00
9.7862556170e-01	5.2616093447e+00
9.7854683062e-01	5.2611914995e+00
9.7846780703e-01	5.2607673546e+00
9.7838848948e-01	5.2603353725e+00
9.7830887172e-01	5.2598938338e+00
9.7822895833e-01	5.2594408714e+00
9.7814873704e-01	5.2589745150e+00
9.7806821628e-01	5.2584927412e+00
9.7798738271e-01	5.2579935306e+00
9.7790624409e-01	5.2574749281e+00
9.7782478773e-01	5.2569351057e+00
9.7774301826e-01	5.2563724315e+00
9.7766093123e-01	5.2557855298e+00
9.7757851901e-01	5.2551733453e+00
9.7749578112e-01	5.2545351986e+00
9.7741271163e-01	5.2538708209e+00
9.7732930883e-01	5.2531803795e+00
9.7724558917e-01	5.2524644719e+00
9.7716155157e-01	5.2517241057e+00
9.7707719461e-01	5.2509606442e+00
9.7699251702e-01	5.2501757499e+00
9.7690751742e-01	5.2493713056e+00
9.7682219438e-01	5.2485493400e+00
9.7673654650e-01	5.2477119549e+00
9.7665057227e-01	5.2468612587e+00
9.7656427010e-01	5.2459993122e+00
9.7647763842e-01	5.2451280861e+00
9.7639067557e-01	5.2442494305e+00
9.7630337989e-01	5.2433650551e+00
9.7621574952e-01	5.2424765200e+00
9.7612778291e-01	5.2415852350e+00
9.7603947813e-01	5.2406828136e+00
9.7595083328e-01	5.2397756219e+00
9.7586184650e-01	5.2388690744e+00
9.7577251595e-01	5.2379640631e+00
9.7568283973e-01	5.2370613746e+00
9.7559281593e-01	5.2361617040e+00
9.7550244261e-01	5.2352656664e+00
9.7541171779e-01	5.2343738063e+00
9.7532063956e-01	5.2334865915e+00
9.7522920579e-01	5.2326042363e+00
9.7513741345e-01	5.2317247340e+00
9.7504524923e-01	5.2308226025e+00
9.7495445195e-01	5.2296234319e+00
9.7495274473e-01	5.2256679724e+00
9.7494864589e-01	5.2232264762e+00
9.7494484729e-01	5.2219084910e+00
9.7494111985e-01	5.2210271492e+00
9.7493744249e-01	5.2205051117e+00
9.7493378926e-01	5.2201898336e+00
9.7493014180e-01	5.2199751290e+00
9.7492648901e-01	5.2198117162e+00
9.7492281665e-01	5.2196741437e+00
9.7491910319e-01	5.2195518190e+00
9.7491529827e-01	5.2194354494e+00
9.7491134032e-01	5.2193330444e+00
9.7490710840e-01	5.2192479677e+00
9.7490237364e-01	5.2191880777e+00
9.7489657813e-01	5.2191720763e+00
9.7488893978e-01	5.2192427706e+00
9.7487792061e-01	5.2194722794e+00
9.7486081217e-01	5.2200006211e+00
9.7484406966e-01	5.2206336470e+00
9.7482817685e-01	5.2213137025e+00
9.7481176653e-01	5.2220781465e+00
9.7479445802e-01	5.2229477102e+00
9.7477601070e-01	5.2239468638e+00
9.7475760101e-01	5.2250356450e+00
9.7473769038e-01	5.2263123026e+00
9.7471546572e-01	5.2278700875e+00
9.7468969461e-01	5.2298755266e+00
9.7465902747e-01	5.2325995442e+00
9.7461751258e-01	5.2369786242e+00
9.7456396969e-01	5.2440120260e+00
9.7449515208e-01	5.2553960332e+00
9.7446280398e-01	5.2639840215e+00
9.7443648192e-01	5.2721346364e+00
9.7433418434e-01	5.2751681236e+00
9.7427296827e-01	5.2750593195e+00
9.7421109966e-01	5.2749077765e+00
9.7414856997e-01	5.2747144183e+00
9.7408566956e-01	5.2744870328e+00
9.7402173271e-01	5.2742329724e+00
9.7395710069e-01	5.2739576716e+00
9.7389065595e-01	5.2736649918e+00
9.7382359022e-01	5.2733577274e+00
9.7375611490e-01	5.2730379681e+00
9.7368627841e-01	5.2727073288e+00
9.7361503928e-01	5.2723670947e+00
9.7354221174e-01	5.2720183143e+00
9.7346913101e-01	5.2716618608e+00
9.7339579583e-01	5.2712984755e+00
9.7332220500e-01	5.2709287974e+00
9.7324835730e-01	5.2705533856e+00
9.7317425141e-01	5.2701727355e+00
9.7309988603e-01	5.2697872917e+00
9.7302525983e-01	5.2693974581e+00
9.7295037155e-01	5.2690036064e+00
9.7287521984e-01	5.2686060812e+00
9.7279980341e-01	5.2682052063e+00
9.7272412076e-01	5.2678012873e+00
9.7264817061e-01	5.2673946164e+00
9.7257195159e-01	5.2669854731e+00
9.7249546172e-01	5.2665741250e+00
9.7241868071e-01	5.2661608279e+00
9.7234159586e-01	5.2657458241e+00
9.7226420747e-01	5.2653293371e+00
9.7218652914e-01	5.2649115670e+00
9.7210856469e-01	5.2644926811e+00
9.7203031162e-01	5.2640728038e+00
9.7195177075e-01	5.2636519992e+00
9.7187294274e-01	5.2632302562e+00
9.7179382178e-01	5.2628074650e+00
9.7171441202e-01	5.2623833947e+00
9.7163470644e-01	5.2619576666e+00
9.7155470740e-01	5.2615297292e+00
9.7147441140e-01	5.2610988360e+00
9.7139381479e-01	5.2606640269e+00
9.7131292036e-01	5.2602241192e+00
9.7123171691e-01	5.2597777091e+00
9.7115021368e-01	5.2593231838e+00
9.7106839395e-01	5.2588587455e+00
9.7098626933e-01	5.2583824535e+00
9.7090382375e-01	5.2578922686e+00
9.7082106683e-01	5.2573861097e+00
9.7073798173e-01	5.2568619198e+00
9.7065457558e-01	5.2563177307e+00
9.7057084253e-01	5.2557517373e+00
9.7048677264e-01	5.2551623638e+00
9.7040236579e-01	5.2545483349e+00
9.7031761428e-01	5.2539087366e+00
9.7023251647e-01	5.2532430702e+00
9.7014709479e-01	5.2525512773e+00
9.7006134798e-01	5.2518337544e+00
9.6997527511e-01	5.2510913341e+00
9.6988887481e-01	5.2503252439e+00
9.6980214612e-01	5.2495370502e+00
9.6971508767e-01	5.2487285813e+00
9.6962769819e-01	5.2479018483e+00
9.6953997633e-01	5.2470589662e+00
9.6945192061e-01	5.2462020808e+00
9.6936352956e-01	5.2453333070e+00
9.6927480165e-01	5.2444546790e+00
9.6918573524e-01	5.2435681130e+00
9.6909632845e-01	5.2426753831e+00
9.6900657990e-01	5.2417781113e+00
9.6891648773e-01	5.2408710283e+00
9.6882604995e-01	5.2399547064e+00
9.6873526470e-01	5.2390377638e+00
9.6864413016e-01	5.2381212369e+00
9.6855264441e-01	5.2372060354e+00
9.6846080555e-01	5.2362929580e+00
9.6836861159e-01	5.2353827043e+00
9.6827606067e-01	5.2344758909e+00
9.6818315074e-01	5.2335730603e+00
9.6808987980e-01	5.2326746923e+00
9.6799624581e-01	5.2317811967e+00
9.6790224662e-01	5.2308927459e+00
9.6780787888e-01	5.2300073946e+00
9.6771312683e-01	5.2291007787e+00
9.6761784908e-01	5.2279106181e+00
9.6761553174e-01	5.2240722874e+00
9.6761112022e-01	5.2215286546e+00
9.6760714214e-01	5.2202650189e+00
9.6760325223e-01	5.2194279494e+00
9.6759942539e-01	5.2189317526e+00
9.6759563223e-01	5.2186273661e+00
9.6759185668e-01	5.2184155702e+00
9.6758809530e-01	5.2182514712e+00
9.6758434546e-01	5.2181120454e+00
9.6758060682e-01	5.2179871096e+00
9.6757688068e-01	5.2178683316e+00
9.6757317903e-01	5.2177638113e+00
9.6756951638e-01	5.2176773475e+00
9.6756592080e-01	5.2176173361e+00
9.6756245850e-01	5.2176047330e+00
9.6755923560e-01	5.2176850822e+00
9.6755645132e-01	5.2179351458e+00
9.6755456209e-01	5.2185297799e+00
9.6755447530e-01	5.2198395116e+00
9.6755772471e-01	5.2225479598e+00
9.6756463937e-01	5.2269932607e+00
9.6757106085e-01	5.2322764588e+00
9.6757839859e-01	5.2381881150e+00
9.6758165254e-01	5.2383391976e+00
9.6758478243e-01	5.2383860753e+00
9.6758591747e-01	5.2386192927e+00
9.6765540249e-01	5.2388607635e+00
9.6773980157e-01	5.2391111177e+00
9.6782401186e-01	5.2393605959e+00
9.6790806827e-01	5.2396055226e+00
9.6799206318e-01	5.2398472920e+00
9.6807614166e-01	5.2400878887e+00
9.6816051228e-01	5.2403299499e+00
9.6824500835e-01	5.2405771049e+00
9.6832703590e-01	5.2408346578e+00
9.6840883416e-01	5.2411116768e+00
9.6851696103e-01	5.2414346602e+00
9.6864555448e-01	5.2417010536e+00
9.6873322928e-01	5.2418716131e+00
9.6880015429e-01	5.2419953728e+00
9.6885487622e-01	5.2420926853e+00
9.6890147019e-01	5.2421731990e+00
9.6894212288e-01	5.2422421922e+00
9.6897811825e-01	5.2423028646e+00
9.6901025657e-01	5.2423573152e+00
9.6900998540e-01	5.2424076827e+00
9.6900509772e-01	5.2424575557e+00
9.6899797925e-01	5.2425089564e+00
9.6898827059e-01	5.2425624065e+00
9.6897534990e-01	5.2426186429e+00
9.6895813470e-01	5.2426788710e+00
9.6894093147e-01	5.2427278120e+00
9.6892433034e-01	5.2427680082e+00
9.6890822034e-01	5.2428027273e+00
9.6883471616e-01	5.2429354897e+00
9.6883586232e-01	5.2430493627e+00
9.6885130836e-01	5.2431587523e+00
9.6886119879e-01	5.2432675695e+00
9.6886779149e-01	5.2433775717e+00
9.6887193668e-01	5.2434888790e+00
9.6887391954e-01	5.2436015098e+00
9.6887383780e-01	5.2437165666e+00
9.6887161684e-01	5.2438350089e+00
9.6886707970e-01	5.2439566626e+00
9.6885991137e-01	5.2440826444e+00
9.6884970206e-01	5.2442148938e+00
9.6883558283e-01	5.2443562604e+00
9.6881721181e-01	5.2445049056e+00
9.6879918331e-01	5.2446298811e+00
9.6878219732e-01	5.2447379273e+00
9.6876654002e-01	5.2448338472e+00
9.6875116852e-01	5.2449256065e+00
9.6874873892e-01	5.2450151291e+00
9.6874411035e-01	5.2451029148e+00
9.6873763398e-01	5.2451850938e+00
9.6872947020e-01	5.2452676438e+00
9.6871998849e-01	5.2453509250e+00
9.6870943620e-01	5.2454352263e+00
9.6863614838e-01	5.2458452296e+00
9.6864721174e-01	5.2461999015e+00
9.6873517734e-01	5.2464947840e+00
9.6882080695e-01	5.2467874258e+00
9.6890446800e-01	5.2470763384e+00
9.6898644539e-01	5.2473632666e+00
9.6906696330e-01	5.2476508949e+00
9.6914626713e-01	5.2479432139e+00
9.6922452537e-01	5.2482464355e+00
9.6930201803e-01	5.2485713042e+00
9.6943025226e-01	5.2489426063e+00
9.6957362136e-01	5.2493311019e+00
9.6966876877e-01	5.2495707846e+00
9.6973967297e-01	5.2497386562e+00
9.6979757491e-01	5.2498688585e+00
9.6984776234e-01	5.2499770591e+00
9.6989306469e-01	5.2500714396e+00
9.6993553657e-01	5.2501575088e+00
9.6993768079e-01	5.2502294426e+00
9.6993435214e-01	5.2503047036e+00
9.6993011658e-01	5.2503930019e+00
9.6992455252e-01	5.2505091956e+00
9.6991382106e-01	5.2507007788e+00
9.6990343211e-01	5.2508193407e+00
9.6989093204e-01	5.2509130753e+00
9.6987488570e-01	5.2509935594e+00
9.6985356673e-01	5.2510618143e+00
9.6982585021e-01	5.2511086576e+00
9.6978766418e-01	5.2510825376e+00
9.6962009220e-01	5.2506837347e+00
9.6945835264e-01	5.2505605966e+00
9.6930518016e-01	5.2507456707e+00
9.6914122517e-01	5.2513774116e+00
9.6897992719e-01	5.2525661614e+00
9.6882675284e-01	5.2543792357e+00
9.6868253795e-01	5.2568361536e+00
9.6854692689e-01	5.2598917517e+00
9.6841949205e-01	5.2634539794e+00
9.6829921288e-01	5.2674574826e+00
9.6816076308e-01	5.2717084867e+00
9.6797138436e-01	5.2751577589e+00
9.6790871074e-01	5.2750320131e+00
9.6784547389e-01	5.2748593837e+00
9.6778131850e-01	5.2746423832e+00
9.6771681629e-01	5.2743902451e+00
9.6765118224e-01	5.2741110206e+00
9.6758452149e-01	5.2738104319e+00
9.6751599879e-01	5.2734924580e+00
9.6744724936e-01	5.2731599448e+00
9.6737694939e-01	5.2728150072e+00
9.6730516004e-01	5.2724592742e+00
9.6723073222e-01	5.2720940402e+00
9.6715597549e-01	5.2717203600e+00
9.6708095856e-01	5.2713391121e+00
9.6700568025e-01	5.2709510421e+00
9.6693013923e-01	5.2705567920e+00
9.6685433429e-01	5.2701569244e+00
9.6677826408e-01	5.2697519375e+00
9.6670192727e-01	5.2693422787e+00
9.6662532247e-01	5.2689283544e+00
9.6654844843e-01	5.2685105392e+00
9.6647130375e-01	5.2680891801e+00
9.6639388702e-01	5.2676646033e+00
9.6631619693e-01	5.2672371183e+00
9.6623823193e-01	5.2668070186e+00
9.6615998843e-01	5.2663745869e+00
9.6608143785e-01	5.2659400935e+00
9.6600256542e-01	5.2655037966e+00
9.6592337884e-01	5.2650659394e+00
9.6584389408e-01	5.2646267467e+00
9.6576411390e-01	5.2641864181e+00
9.6568404114e-01	5.2637451198e+00
9.6560366717e-01	5.2633029718e+00
9.6552300074e-01	5.2628600319e+00
9.6544203260e-01	5.2624162770e+00
9.6536076836e-01	5.2619715821e+00
9.6527919877e-01	5.2615256951e+00
9.6519733156e-01	5.2610782089e+00
9.6511515248e-01	5.2606285363e+00
9.6503267390e-01	5.2601758852e+00
9.6494987712e-01	5.2597192427e+00
9.6486677517e-01	5.2592573650e+00
9.6478335262e-01	5.2587887801e+00
9.6469961721e-01	5.2583118031e+00
9.6461555551e-01	5.2578245604e+00
9.6453117476e-01	5.2573250398e+00
9.6444645847e-01	5.2568111383e+00
9.6436141460e-01	5.2562807258e+00
9.6427603310e-01	5.2557317145e+00
9.6419030581e-01	5.2551621344e+00
9.6410423110e-01	5.2545702084e+00
9.6401780125e-01	5.2539544306e+00
9.6393100911e-01	5.2533136367e+00
9.6384388520e-01	5.2526470618e+00
9.6375642888e-01	5.2519543884e+00
9.6366863906e-01	5.2512357652e+00
9.6358051473e-01	5.2504918075e+00
9.6349205484e-01	5.2497235617e+00
9.6340325832e-01	5.2489324578e+00
9.6331412405e-01	5.2481202346e+00
9.6322465074e-01	5.2472888607e+00
9.6313483729e-01	5.2464404502e+00
9.6304468211e-01	5.2455771778e+00
9.6295418400e-01	5.2447012139e+00
9.6286334130e-01	5.2438146631e+00
9.6277215235e-01	5.2429195203e+00
9.6268061568e-01	5.2420176415e+00
9.6258872958e-01	5.2411076604e+00
9.6249649202e-01	5.2401829094e+00
9.6240390120e-01	5.2392559925e+00
9.6231095535e-01	5.2383281383e+00
9.6221765250e-01	5.2374004246e+00
9.6212399074e-01	5.2364737941e+00
9.6202996812e-01	5.2355490690e+00
9.6193558265e-01	5.2346269653e+00
9.6184083236e-01	5.2337081083e+00
9.6174571520e-01	5.2327930451e+00
9.6165022914e-01	5.2318822572e+00
9.6155437209e-01	5.2309761692e+00
9.6145814191e-01	5.2300751414e+00
9.6136153645e-01	5.2291793039e+00
9.6126455202e-01	5.2282866756e+00
9.6116717027e-01	5.2273728921e+00
9.6106922489e-01	5.2261759783e+00
9.6106611759e-01	5.2223470967e+00
9.6106144480e-01	5.2198277508e+00
9.6105728896e-01	5.2186118316e+00
9.6105323112e-01	5.2178130295e+00
9.6104924091e-01	5.2173386616e+00
9.6104528218e-01	5.2170429604e+00
9.6104133396e-01	5.2168330276e+00
9.6103738891e-01	5.2166677910e+00
9.6103343504e-01	5.2165262663e+00
9.6102945381e-01	5.2163985380e+00
9.6102540546e-01	5.2162772377e+00
9.6102125034e-01	5.2161705430e+00
9.6101690021e-01	5.2160827075e+00
9.6101217646e-01	5.2160227272e+00
9.6100667942e-01	5.2160139728e+00
9.6099987049e-01	5.2161049829e+00
9.6099068939e-01	5.2163788785e+00
9.6097637172e-01	5.2170484486e+00
9.6095910675e-01	5.2180986261e+00
9.6094139232e-01	5.2193706742e+00
9.6092367096e-01	5.2208358842e+00
9.6090496302e-01	5.2225932554e+00
9.6088401361e-01	5.2248376105e+00
9.6085925800e-01	5.2279387447e+00
9.6082760098e-01	5.2328744680e+00
9.6080889223e-01	5.2408710325e+00
9.6080278666e-01	5.2537652417e+00
9.6065549326e-01	5.2751618703e+00
9.6059159009e-01	5.2750258126e+00
9.6052693277e-01	5.2748400923e+00
9.6046131612e-01	5.2746061146e+00
9.6039524084e-01	5.2743343407e+00
9.6032807270e-01	5.2740339256e+00
9.6025941964e-01	5.2737112349e+00
9.6018923696e-01	5.2733706001e+00
9.6011881912e-01	5.2730150683e+00
9.6004606852e-01	5.2726468773e+00
9.5997167169e-01	5.2722677366e+00
9.5989527551e-01	5.2718789966e+00
9.5981861358e-01	5.2714817523e+00
9.5974168468e-01	5.2710769130e+00
9.5966448757e-01	5.2706652473e+00
9.5958702096e-01	5.2702474164e+00
9.5950928356e-01	5.2698239974e+00
9.5943127398e-01	5.2693955006e+00
9.5935299092e-01	5.2689623839e+00
9.5927443301e-01	5.2685250625e+00
9.5919559886e-01	5.2680839176e+00
9.5911648713e-01	5.2676393034e+00
9.5903709620e-01	5.2671915505e+00
9.5895742479e-01	5.2667409736e+00
9.5887747049e-01	5.2662878723e+00
9.5879719793e-01	5.2658325324e+00
9.5871658490e-01	5.2653752291e+00
9.5863564083e-01	5.2649162239e+00
9.5855438822e-01	5.2644557653e+00
9.5847283045e-01	5.2639940811e+00
9.5839097126e-01	5.2635313763e+00
9.5830880428e-01	5.2630678223e+00
9.5822633354e-01	5.2626035427e+00
9.5814355686e-01	5.2621386018e+00
9.5806047109e-01	5.2616729827e+00
9.5797707731e-01	5.2612065647e+00
9.5789337139e-01	5.2607390990e+00
9.5780935225e-01	5.2602701815e+00
9.5772501902e-01	5.2597992232e+00
9.5764036516e-01	5.2593254274e+00
9.5755539444e-01	5.2588477711e+00
9.5747009591e-01	5.2583649928e+00
9.5738447433e-01	5.2578755935e+00
9.5729851895e-01	5.2573778539e+00
9.5721222978e-01	5.2568698622e+00
9.5712560506e-01	5.2563495565e+00
9.5703862830e-01	5.2558147835e+00
9.5695130407e-01	5.2552633664e+00
9.5686362279e-01	5.2546931792e+00
9.5677557471e-01	5.2541022253e+00
9.5668715102e-01	5.2534887222e+00
9.5659837758e-01	5.2528511813e+00
9.5650926434e-01	5.2521884833e+00
9.5641981033e-01	5.2514999384e+00
9.5633001422e-01	5.2507853219e+00
9.5623987534e-01	5.2500448988e+00
9.5614939265e-01	5.2492794080e+00
9.5605856519e-01	5.2484900224e+00
9.5596739203e-01	5.2476782933e+00
9.5587587210e-01	5.2468460669e+00
9.5578400419e-01	5.2459954013e+00
9.5569178718e-01	5.2451284746e+00
9.5559921960e-01	5.2442475056e+00
9.5550630010e-01	5.2433546819e+00
9.5541302691e-01	5.2424521044e+00
9.5531939891e-01	5.2415417483e+00
9.5522541395e-01	5.2406147300e+00
9.5513107037e-01	5.2396796201e+00
9.5503636628e-01	5.2387416392e+00
9.5494129976e-01	5.2378021133e+00
9.5484586909e-01	5.2368622085e+00
9.5475007224e-01	5.2359229388e+00
9.5465390725e-01	5.2349851848e+00
9.5455737212e-01	5.2340497089e+00
9.5446046483e-01	5.2331171717e+00
9.5436318331e-01	5.2321881463e+00
9.5426552549e-01	5.2312631324e+00
9.5416748926e-01	5.2303425681e+00
9.5406907250e-01	5.2294268397e+00
9.5397027297e-01	5.2285162788e+00
9.5387108853e-01	5.2276110545e+00
9.5377151572e-01	5.2267099089e+00
9.5367153953e-01	5.2257965362e+00
9.5357102549e-01	5.2246942061e+00
9.5355074675e-01	5.2216876454e+00
9.5354518653e-01	5.2181079154e+00
9.5354084805e-01	5.2169344789e+00
9.5353662121e-01	5.2161691682e+00
9.5353247172e-01	5.2157134249e+00
9.5352835993e-01	5.2154246398e+00
9.5352426704e-01	5.2152157295e+00
9.5352019166e-01	5.2150489794e+00
9.5351613020e-01	5.2149051390e+00
9.5351207942e-01	5.2147744476e+00
9.5350803666e-01	5.2146505120e+00
9.5350401718e-01	5.2145415761e+00
9.5350003274e-01	5.2144523660e+00
9.5349610486e-01	5.2143925397e+00
9.5349228538e-01	5.2143880298e+00
9.5348866927e-01	5.2144906178e+00
9.5348542545e-01	5.2147902215e+00
9.5348296046e-01	5.2155039335e+00
9.5348203079e-01	5.2170534206e+00
9.5348355469e-01	5.2197803812e+00
9.5348815648e-01	5.2242464909e+00
9.5349706573e-01	5.2315335747e+00
9.5351786068e-01	5.2434453700e+00
9.5355417800e-01	5.2629680401e+00
9.5344162812e-01	5.2751373286e+00
9.5337606983e-01	5.2749790570e+00
9.5330984119e-01	5.2747663603e+00
9.5324260034e-01	5.2745040096e+00
9.5317459865e-01	5.2742039850e+00
9.5310560434e-01	5.2738757731e+00
9.5303444825e-01	5.2735257286e+00
9.5296252270e-01	5.2731581151e+00
9.5288953931e-01	5.2727759192e+00
9.5281441269e-01	5.2723813345e+00
9.5273659346e-01	5.2719760397e+00
9.5265820868e-01	5.2715613633e+00
9.5257955102e-01	5.2711383850e+00
9.5250061915e-01	5.2707080026e+00
9.5242141190e-01	5.2702709769e+00
9.5234192790e-01	5.2698279626e+00
9.5226216577e-01	5.2693795324e+00
9.5218212424e-01	5.2689261938e+00
9.5210180186e-01	5.2684684021e+00
9.5202119728e-01	5.2680065713e+00
9.5194030905e-01	5.2675410817e+00
9.5185913581e-01	5.2670722873e+00
9.5177767604e-01	5.2666005198e+00
9.5169592584e-01	5.2661260932e+00
9.5161383977e-01	5.2656493080e+00
9.5153138889e-01	5.2651704518e+00
9.5144859848e-01	5.2646897994e+00
9.5136548794e-01	5.2642076134e+00
9.5128206166e-01	5.2637241409e+00
9.5119832404e-01	5.2632396099e+00
9.5111427619e-01	5.2627542216e+00
9.5102990743e-01	5.2622681415e+00
9.5094523255e-01	5.2617814858e+00
9.5086023022e-01	5.2612943054e+00
9.5077492073e-01	5.2608065651e+00
9.5068927980e-01	5.2603181196e+00
9.5060332876e-01	5.2598286882e+00
9.5051704020e-01	5.2593378257e+00
9.5043043797e-01	5.2588448933e+00
9.5034349193e-01	5.2583490328e+00
9.5025622498e-01	5.2578491534e+00
9.5016860998e-01	5.2573439162e+00
9.5008066102e-01	5.2568317411e+00
9.4999236363e-01	5.2729815139e+00
9.4734751216e-01	5.2733168903e+00
9.4730381797e-01	5.2728271602e+00
9.4726092586e-01	5.2721592562e+00
9.4721895487e-01	5.2713556570e+00
9.4717804473e-01	5.2704814194e+00
9.4713829410e-01	5.2695949254e+00
9.4709981062e-01	5.2687354006e+00
9.4706270999e-01	5.2679242449e+00
9.4702711489e-01	5.2671706645e+00
9.4699315449e-01	5.2664767046e+00
9.4696096697e-01	5.2658406530e+00
9.4693071232e-01	5.2652590810e+00
9.4690258211e-01	5.2647279824e+00
9.4687287330e-01	5.2642433267e+00
9.4678542147e-01	5.2637992073e+00
9.4669746774e-01	5.2633836875e+00
9.4660906543e-01	5.2629943760e+00
9.4652021753e-01	5.2626320652e+00
9.4643094030e-01	5.2622967229e+00
9.4634125076e-01	5.2619785186e+00
9.4625116308e-01	5.2616543038e+00
9.4616068765e-01	5.2612905182e+00
9.4606983216e-01	5.2608625070e+00
9.4597860209e-01	5.2603576191e+00
9.4588700134e-01	5.2597737787e+00
9.4579503247e-01	5.2591175957e+00
9.4570269687e-01	5.2583998134e+00
9.4560999239e-01	5.2576294861e+00
9.4551688598e-01	5.2567830449e+00
9.4543832812e-01	5.2554839250e+00
9.4543398906e-01	5.2508122920e+00
9.4542984185e-01	5.2494673986e+00
9.4542582175e-01	5.2484718525e+00
9.4542191020e-01	5.2478365727e+00
9.4541806975e-01	5.2474484167e+00
9.4541425764e-01	5.2471826719e+00
9.4541046375e-01	5.2469782362e+00
9.4540668921e-01	5.2468079433e+00
9.4540293201e-01	5.2466579152e+00
9.4539918763e-01	5.2465190338e+00
9.4539545797e-01	5.2463875189e+00
9.4539176726e-01	5.2462717167e+00
9.4538813829e-01	5.2461772126e+00
9.4538461349e-01	5.2461146955e+00
9.4539088630e-01	5.2461134594e+00
9.4543695057e-01	5.2462294583e+00
9.4550914218e-01	5.2464988170e+00
9.4558222654e-01	5.2468107006e+00
9.4565564680e-01	5.2471474466e+00
9.4572910076e-01	5.2475075770e+00
9.4580251084e-01	5.2478980362e+00
9.4588088521e-01	5.2483369005e+00
9.4599876151e-01	5.2488716799e+00
9.4613098289e-01	5.2494690710e+00
9.4622227708e-01	5.2498766642e+00
9.4628970443e-01	5.2501742577e+00
9.4634194654e-01	5.2504042629e+00
9.4638401029e-01	5.2505921542e+00
9.4641866208e-01	5.2507530804e+00
9.4642394134e-01	5.2509026652e+00
9.4641613836e-01	5.2510388332e+00
9.4641563956e-01	5.2511882492e+00
9.4641483992e-01	5.2513589753e+00
9.4641412065e-01	5.2515682816e+00
9.4641416875e-01	5.2518513202e+00
9.4641452101e-01	5.2520829089e+00
9.4641388908e-01	5.2522960134e+00
9.4641116796e-01	5.2525065030e+00
9.4640505889e-01	5.2527247151e+00
9.4639473168e-01	5.2529432935e+00
9.4637894762e-01	5.2531699693e+00
9.4635554809e-01	5.2534171065e+00
9.4634861636e-01	5.2537034142e+00
9.4634810416e-01	5.2540659795e+00
9.4634806385e-01	5.2544954859e+00
9.4634789547e-01	5.2548720525e+00
9.4634656739e-01	5.2552338735e+00
9.4634687887e-01	5.2556071479e+00
9.4639947209e-01	5.2559884385e+00
9.4644846855e-01	5.2563808485e+00
9.4649140135e-01	5.2568009958e+00
9.4652989105e-01	5.2572765290e+00
9.4657184713e-01	5.2578449414e+00
9.4666659865e-01	5.2584932536e+00
9.4676825185e-01	5.2592002020e+00
9.4686765413e-01	5.2599041823e+00
9.4696291748e-01	5.2605909117e+00
9.4703548882e-01	5.2611180500e+00
9.4709422706e-01	5.2615428762e+00
9.4714426281e-01	5.2618951352e+00
9.4716077953e-01	5.2622251276e+00
9.4715515042e-01	5.2625113941e+00
9.4714743315e-01	5.2628469432e+00
9.4713644226e-01	5.2632705598e+00
9.4712267042e-01	5.2637445090e+00
9.4710880509e-01	5.2641684990e+00
9.4708926904e-01	5.2646596652e+00
9.4706292092e-01	5.2651683738e+00
9.4703246757e-01	5.2656879376e+00
9.4699790942e-01	5.2662592373e+00
9.4699596307e-01	5.2669408856e+00
9.4699251153e-01	5.2678373872e+00
9.4698778031e-01	5.2687459476e+00
9.4698216597e-01	5.2695559116e+00
9.4697482968e-01	5.2703136143e+00
9.4702316688e-01	5.2710635454e+00
9.4708612002e-01	5.2717729676e+00
9.4712915003e-01	5.2723269471e+00
9.4715978182e-01	5.2727803761e+00
9.4718252682e-01	5.2731690123e+00
9.4719947256e-01	5.2735007675e+00
9.4721266572e-01	5.2737956998e+00
9.4722341070e-01	5.2740717032e+00
9.4723231185e-01	5.2743340997e+00
9.4723981606e-01	5.2745869783e+00
9.4724981091e-01	5.2757168787e+00
9.4733082991e-01	5.2768329593e+00
9.4741856300e-01	5.2779468436e+00
9.4749104048e-01	5.2789700546e+00
9.4757116053e-01	5.2800662862e+00
9.4758004317e-01	5.2808516667e+00
9.4757100407e-01	5.2816872014e+00
9.4755634170e-01	5.2828592983e+00
9.4754068056e-01	5.2839561324e+00
9.4752424350e-01	5.2849903651e+00
9.4750849416e-01	5.2859082368e+00
9.4748952599e-01	5.2867784468e+00
9.4746802522e-01	5.2876092240e+00
9.4744484372e-01	5.2884007767e+00
9.4742200949e-01	5.2891188168e+00
9.4739820264e-01	5.2897797903e+00
9.4737415216e-01	5.2904010216e+00
9.4735016598e-01	5.2909817429e+00
9.4724685379e-01	5.2928420632e+00
9.4715922216e-01	5.2945699933e+00
9.4707915561e-01	5.2952693286e+00
9.4702158518e-01	5.2950661297e+00
9.4696336561e-01	5.2948007964e+00
9.4690451533e-01	5.2944836982e+00
9.4684326976e-01	5.2941291112e+00
9.4678089160e-01	5.2937470052e+00
9.4671729831e-01	5.2933437276e+00
9.4665323342e-01	5.2929234541e+00
9.4658717917e-01	5.2924890948e+00
9.4651997124e-01	5.2920427883e+00
9.4645112616e-01	5.2915861750e+00
9.4638041153e-01	5.2911205571e+00
9.4630684618e-01	5.2906469959e+00
9.4623277294e-01	5.2901663760e+00
9.4615844374e-01	5.2896794483e+00
9.4608385743e-01	5.2891868612e+00
9.4600901271e-01	5.2886891815e+00
9.4593390832e-01	5.2881869133e+00
9.4585854305e-01	5.2876805099e+00
9.4578291566e-01	5.2871703838e+00
9.4570702469e-01	5.2866569143e+00
9.4563086884e-01	5.2861404554e+00
9.4555441628e-01	5.2856213405e+00
9.4547760352e-01	5.2850998843e+00
9.4540046374e-01	5.2845763884e+00
9.4532302510e-01	5.2840511420e+00
9.4524529167e-01	5.2835244201e+00
9.4516726321e-01	5.2829964864e+00
9.4508894702e-01	5.2824675876e+00
9.4501033587e-01	5.2819379491e+00
9.4493143019e-01	5.2814077667e+00
9.4485223452e-01	5.2808771977e+00
9.4477273526e-01	5.2803463442e+00
9.4469294703e-01	5.2798152339e+00
9.4461284862e-01	5.2792838045e+00
9.4453246082e-01	5.2787518681e+00
9.4445175424e-01	5.2782190921e+00
9.4437075108e-01	5.2776849608e+00
9.4428943113e-01	5.2771487526e+00
9.4420779780e-01	5.2766095097e+00
9.4412584985e-01	5.2760660253e+00
9.4404356936e-01	5.2755168302e+00
9.4396095522e-01	5.2749602068e+00
9.4387799942e-01	5.2743942095e+00
9.4379468852e-01	5.2738167056e+00
9.4371100038e-01	5.2732254401e+00
9.4362696827e-01	5.2726181085e+00
9.4354261816e-01	5.2719924429e+00
9.4345794802e-01	5.2713463109e+00
9.4337295616e-01	5.2706778109e+00
9.4328764080e-01	5.2699853639e+00
9.4320200106e-01	5.2692678065e+00
9.4311603586e-01	5.2685244515e+00
9.4302974434e-01	5.2677551342e+00
9.4294312609e-01	5.2669602268e+00
9.4285618035e-01	5.2661406126e+00
9.4276890665e-01	5.2652976425e+00
9.4268130424e-01	5.2644330496e+00
9.4259337251e-01	5.2635488627e+00
9.4250511021e-01	5.2626473006e+00
9.4241651703e-01	5.2617306815e+00
9.4232759131e-01	5.2607901852e+00
9.4223833183e-01	5.2598361550e+00
9.4214873731e-01	5.2588736483e+00
9.4205880627e-01	5.2579046593e+00
9.4196853734e-01	5.2569309961e+00
9.4187792905e-01	5.2559542699e+00
9.4178697969e-01	5.2549758938e+00
9.4169568758e-01	5.2539970958e+00
9.4160405096e-01	5.2530189322e+00
9.4151206805e-01	5.2520423057e+00
9.4141973703e-01	5.2510679839e+00
9.4132705593e-01	5.2500966176e+00
9.4123402303e-01	5.2491287623e+00
9.4114063632e-01	5.2481648895e+00
9.4104689383e-01	5.2472054048e+00
9.4095279359e-01	5.2462506594e+00
9.4085833352e-01	5.2453009606e+00
9.4076351168e-01	5.2443565804e+00
9.4066832606e-01	5.2434177436e+00
9.4057277431e-01	5.2424844382e+00
9.4047685199e-01	5.2415543416e+00
9.4038053157e-01	5.2406004305e+00
9.4028534404e-01	5.2393335103e+00
9.4028143837e-01	5.2353076702e+00
9.4027656175e-01	5.2331507928e+00
9.4027230866e-01	5.2320914881e+00
9.4026817998e-01	5.2314040934e+00
9.4026413528e-01	5.2309857556e+00
9.4026012668e-01	5.2307085193e+00
9.4025613124e-01	5.2304980999e+00
9.4025215004e-01	5.2303253587e+00
9.4024817454e-01	5.2301741587e+00
9.4024419063e-01	5.2300357980e+00
9.4024016962e-01	5.2299034857e+00
9.4023610639e-01	5.2297864920e+00
9.4023195858e-01	5.2296898704e+00
9.4022763269e-01	5.2296237194e+00
9.4022291698e-01	5.2296143522e+00
9.4021747998e-01	5.2297156301e+00
9.4021052897e-01	5.2300200734e+00
9.4019960175e-01	5.2307501282e+00
9.4018681271e-01	5.2317057135e+00
9.4017335710e-01	5.2326629144e+00
9.4015890566e-01	5.2335940560e+00
9.4014394459e-01	5.2344419972e+00
9.4012898667e-01	5.2352037351e+00
9.4011330290e-01	5.2359255819e+00
9.4009698400e-01	5.2366122913e+00
9.4008069811e-01	5.2372512804e+00
9.4006479552e-01	5.2378441453e+00
9.4004847263e-01	5.2384257100e+00
9.4003173400e-01	5.2390037396e+00
9.4001477492e-01	5.2395801874e+00
9.3999858558e-01	5.2401338536e+00
9.3998189388e-01	5.2407059177e+00
9.3996463524e-01	5.2413033872e+00
9.3994673602e-01	5.2419339426e+00
9.3986838323e-01	5.2446873268e+00
9.3979553507e-01	5.2487688373e+00
9.3974092147e-01	5.2547685487e+00
9.3964633682e-01	5.2644172268e+00
9.3952613905e-01	5.2802809716e+00
9.3931056938e-01	5.2952775325e+00
9.3924629280e-01	5.2950614806e+00
9.3918126980e-01	5.2947799940e+00
9.3911548905e-01	5.2944430541e+00
9.3904714710e-01	5.2940664776e+00
9.3897756118e-01	5.2936612476e+00
9.3890684066e-01	5.2932342204e+00
9.3883535345e-01	5.2927898312e+00
9.3876168457e-01	5.2923311340e+00
9.3868679415e-01	5.2918603555e+00
9.3861028833e-01	5.2913791948e+00
9.3853108264e-01	5.2908889953e+00
9.3844965733e-01	5.2903908482e+00
9.3836795042e-01	5.2898856609e+00
9.3828596063e-01	5.2893742023e+00
9.3820368669e-01	5.2888571345e+00
9.3812112710e-01	5.2883350353e+00
9.3803828058e-01	5.2878084187e+00
9.3795514579e-01	5.2872777452e+00
9.3787172112e-01	5.2867434326e+00
9.3778800524e-01	5.2862058672e+00
9.3770398273e-01	5.2856654063e+00
9.3761956690e-01	5.2851223876e+00
9.3753476328e-01	5.2845771294e+00
9.3744962492e-01	5.2840299354e+00
9.3736415696e-01	5.2834810982e+00
9.3727836429e-01	5.2829308957e+00
9.3719225250e-01	5.2823795952e+00
9.3710581223e-01	5.2818274451e+00
9.3701904715e-01	5.2812746748e+00
9.3693196177e-01	5.2807214842e+00
9.3684453862e-01	5.2801680338e+00
9.3675679895e-01	5.2796144302e+00
9.3666871241e-01	5.2790607080e+00
9.3658030437e-01	5.2785068072e+00
9.3649155063e-01	5.2779525471e+00
9.3640246102e-01	5.2773975982e+00
9.3631303140e-01	5.2768414495e+00
9.3622324395e-01	5.2762833798e+00
9.3613310719e-01	5.2757224283e+00
9.3604260897e-01	5.2751573775e+00
9.3595173644e-01	5.2745867458e+00
9.3586047703e-01	5.2740087932e+00
9.3576881838e-01	5.2734215432e+00
9.3567674917e-01	5.2728228317e+00
9.3558432639e-01	5.2722103655e+00
9.3549155520e-01	5.2715818023e+00
9.3539843262e-01	5.2709348376e+00
9.3530495622e-01	5.2702673100e+00
9.3521112383e-01	5.2695773013e+00
9.3511693396e-01	5.2688632396e+00
9.3502238550e-01	5.2681239852e+00
9.3492747723e-01	5.2673588966e+00
9.3483220833e-01	5.2665678761e+00
9.3473657804e-01	5.2657513746e+00
9.3464058562e-01	5.2649103673e+00
9.3454423071e-01	5.2640462963e+00
9.3444751229e-01	5.2631609848e+00
9.3435042961e-01	5.2622565383e+00
9.3425298191e-01	5.2613321663e+00
9.3415516768e-01	5.2603822497e+00
9.3405698571e-01	5.2594200151e+00
9.3395843474e-01	5.2584477589e+00
9.3385951330e-01	5.2574676351e+00
9.3376021976e-01	5.2564816184e+00
9.3366055257e-01	5.2554914871e+00
9.3356051002e-01	5.2544988133e+00
9.3346009039e-01	5.2535049694e+00
9.3335929169e-01	5.2525111368e+00
9.3325811181e-01	5.2515183236e+00
9.3315654909e-01	5.2505273901e+00
9.3305460133e-01	5.2495390581e+00
9.3295226642e-01	5.2485539380e+00
9.3284954227e-01	5.2475725449e+00
9.3274642670e-01	5.2465953162e+00
9.3264291755e-01	5.2456226255e+00
9.3253901261e-01	5.2446547956e+00
9.3243470964e-01	5.2436921089e+00
9.3233000639e-01	5.2427348146e+00
9.3222490057e-01	5.2417831227e+00
9.3211938970e-01	5.2408370665e+00
9.3201346952e-01	5.2398949736e+00
9.3190711693e-01	5.2389369675e+00
9.3180011969e-01	5.2377491975e+00
9.3178389235e-01	5.2343535804e+00
9.3177778112e-01	5.2313431816e+00
9.3177305206e-01	5.2303113730e+00
9.3176845937e-01	5.2296447862e+00
9.3176395825e-01	5.2292370765e+00
9.3175949602e-01	5.2289624510e+00
9.3175505105e-01	5.2287510654e+00
9.3175062743e-01	5.2285758188e+00
9.3174621984e-01	5.2284216495e+00
9.3174181863e-01	5.2282797039e+00
9.3173741081e-01	5.2281443508e+00
9.3173301479e-01	5.2280248552e+00
9.3172863001e-01	5.2279268207e+00
9.3172424739e-01	5.2278611435e+00
9.3171986013e-01	5.2278573569e+00
9.3171548432e-01	5.2279733199e+00
9.3171111633e-01	5.2283101151e+00
9.3170672063e-01	5.2291160993e+00
9.3170209939e-01	5.2309696779e+00
9.3169831762e-01	5.2338952152e+00
9.3169451780e-01	5.2377919793e+00
9.3168983839e-01	5.2432475034e+00
9.3168517915e-01	5.2512965898e+00
9.3168049326e-01	5.2644213357e+00
9.3166480931e-01	5.2859763222e+00
9.3149188363e-01	5.2952494794e+00
9.3142004782e-01	5.2950086007e+00
9.3134724910e-01	5.2946987299e+00
9.3127351363e-01	5.2943328876e+00
9.3119696004e-01	5.2939278031e+00
9.3111911389e-01	5.2934945290e+00
9.3104046020e-01	5.2930398411e+00
9.3096044080e-01	5.2925681013e+00
9.3087807154e-01	5.2920823134e+00
9.3079437670e-01	5.2915846726e+00
9.3070881023e-01	5.2910768566e+00
9.3061977078e-01	5.2905601951e+00
9.3052990730e-01	5.2900357708e+00
9.3043973227e-01	5.2895044833e+00
9.3034924431e-01	5.2889670967e+00
9.3025844195e-01	5.2884242693e+00
9.3016732374e-01	5.2878765777e+00
9.3007588809e-01	5.2873245328e+00
9.2998413342e-01	5.2867685935e+00
9.2989205813e-01	5.2862091782e+00
9.2979965435e-01	5.2856466712e+00
9.2970682081e-01	5.2850814309e+00
9.2961354233e-01	5.2845137944e+00
9.2951988835e-01	5.2839440798e+00
9.2942586823e-01	5.2833725915e+00
9.2933148762e-01	5.2827996214e+00
9.2923675275e-01	5.2822254511e+00
9.2914165682e-01	5.2816503449e+00
9.2904619763e-01	5.2810745514e+00
9.2895038895e-01	5.2804982982e+00
9.2885420020e-01	5.2799217841e+00
9.2875765949e-01	5.2793451629e+00
9.2866074490e-01	5.2787685357e+00
9.2856346241e-01	5.2781919248e+00
9.2846581119e-01	5.2776152563e+00
9.2836777300e-01	5.2770383295e+00
9.2826936187e-01	5.2764607889e+00
9.2817056354e-01	5.2758820903e+00
9.2807136189e-01	5.2753014701e+00
9.2797175811e-01	5.2747179210e+00
9.2787173836e-01	5.2741301709e+00
9.2777128278e-01	5.2735366753e+00
9.2767036816e-01	5.2729356269e+00
9.2756904617e-01	5.2723249883e+00
9.2746734501e-01	5.2717025299e+00
9.2736526141e-01	5.2710659078e+00
9.2726279217e-01	5.2704127415e+00
9.2715993411e-01	5.2697407101e+00
9.2705668465e-01	5.2690476631e+00
9.2695304162e-01	5.2683317268e+00
9.2684900307e-01	5.2675914047e+00
9.2674456794e-01	5.2668256711e+00
9.2663973488e-01	5.2660340272e+00
9.2653450302e-01	5.2652165396e+00
9.2642887169e-01	5.2643738357e+00
9.2632284005e-01	5.2635070654e+00
9.2621640681e-01	5.2626178325e+00
9.2610957229e-01	5.2617081028e+00
9.2600233441e-01	5.2607686301e+00
9.2589469240e-01	5.2598104451e+00
9.2578664477e-01	5.2588385420e+00
9.2567819032e-01	5.2578553157e+00
9.2556932769e-01	5.2568630462e+00
9.2546005499e-01	5.2558638453e+00
9.2535037061e-01	5.2548596336e+00
9.2524027269e-01	5.2538521203e+00
9.2512975941e-01	5.2528428045e+00
9.2501882860e-01	5.2518329799e+00
9.2490747802e-01	5.2508237519e+00
9.2479570572e-01	5.2498160600e+00
9.2468350936e-01	5.2488106918e+00
9.2457088662e-01	5.2478083087e+00
9.2445783519e-01	5.2468094644e+00
9.2434435269e-01	5.2458146243e+00
9.2423043663e-01	5.2448241805e+00
9.2411608475e-01	5.2438384697e+00
9.2400129449e-01	5.2428577806e+00
9.2388606338e-01	5.2418823664e+00
9.2377038888e-01	5.2409124514e+00
9.2365426835e-01	5.2399482208e+00
9.2353769918e-01	5.2389896641e+00
9.2342067622e-01	5.2380348067e+00
9.2330317043e-01	5.2370606807e+00
9.2318491556e-01	5.2358208962e+00
9.2317306394e-01	5.2321340048e+00
9.2316659167e-01	5.2295058838e+00
9.2316134599e-01	5.2284992079e+00
9.2315624786e-01	5.2278511366e+00
9.2315124806e-01	5.2274524433e+00
9.2314628857e-01	5.2271795214e+00
9.2314134887e-01	5.2269666978e+00
9.2313643519e-01	5.2267887001e+00
9.2313154372e-01	5.2266313966e+00
9.2312666562e-01	5.2264857415e+00
9.2312179627e-01	5.2263472445e+00
9.2311696701e-01	5.2262251760e+00
9.2311219839e-01	5.2261257028e+00
9.2310752390e-01	5.2260605921e+00
9.2310303442e-01	5.2260626641e+00
9.2309890191e-01	5.2261940080e+00
9.2309542712e-01	5.2265647179e+00
9.2309336572e-01	5.2274535769e+00
9.2309407761e-01	5.2293668854e+00
9.2309879580e-01	5.2325480240e+00
9.2310898005e-01	5.2377538996e+00
9.2312738457e-01	5.2462537283e+00
9.2315835377e-01	5.2602192805e+00
9.2318997128e-01	5.2831995262e+00
9.2302614429e-01	5.2952378851e+00
9.2295244808e-01	5.2949765511e+00
9.2287764132e-01	5.2946428949e+00
9.2280169092e-01	5.2942514575e+00
9.2272286287e-01	5.2938201296e+00
9.2264261492e-01	5.2933604158e+00
9.2256179567e-01	5.2928792527e+00
9.2247868977e-01	5.2923810651e+00
9.2239402105e-01	5.2918688889e+00
9.2230747651e-01	5.2913449376e+00
9.2221816575e-01	5.2908109028e+00
9.2212607604e-01	5.2902681231e+00
9.2203366716e-01	5.2897176881e+00
9.2194093772e-01	5.2891605042e+00
9.2184788626e-01	5.2885973401e+00
9.2175451127e-01	5.2880288579e+00
9.2166081117e-01	5.2874556370e+00
9.2156678442e-01	5.2868781912e+00
9.2147242933e-01	5.2862969820e+00
9.2137774411e-01	5.2857124288e+00
9.2128264570e-01	5.2851249192e+00
9.2118705155e-01	5.2845348122e+00
9.2109105082e-01	5.2839424458e+00
9.2099466934e-01	5.2833481405e+00
9.2089791359e-01	5.2827522024e+00
9.2080078973e-01	5.2821549230e+00
9.2070328927e-01	5.2815565857e+00
9.2060541455e-01	5.2809574553e+00
9.2050717784e-01	5.2803577826e+00
9.2040854800e-01	5.2797577958e+00
9.2030955208e-01	5.2791576912e+00
9.2021017381e-01	5.2785576241e+00
9.2011040826e-01	5.2779576924e+00
9.2001026746e-01	5.2773579157e+00
9.1990972077e-01	5.2767582129e+00
9.1980878325e-01	5.2761583767e+00
9.1970744630e-01	5.2755580387e+00
9.1960569572e-01	5.2749566398e+00
9.1950351541e-01	5.2743533935e+00
9.1940089080e-01	5.2737472643e+00
9.1929780809e-01	5.2731369494e+00
9.1919425385e-01	5.2725208658e+00
9.1909031170e-01	5.2718971667e+00
9.1898598301e-01	5.2712637673e+00
9.1888126325e-01	5.2706183910e+00
9.1877614925e-01	5.2699586514e+00
9.1867063737e-01	5.2692821304e+00
9.1856472469e-01	5.2685864875e+00
9.1845840837e-01	5.2678695675e+00
9.1835168591e-01	5.2671295154e+00
9.1824455574e-01	5.2663648842e+00
9.1813701652e-01	5.2655747191e+00
9.1802906711e-01	5.2647586210e+00
9.1792070708e-01	5.2639167709e+00
9.1781193487e-01	5.2630499238e+00
9.1770275002e-01	5.2621593487e+00
9.1759315232e-01	5.2612423686e+00
9.1748314030e-01	5.2602957850e+00
9.1737271288e-01	5.2593313054e+00
9.1726186937e-01	5.2583513855e+00
9.1715060840e-01	5.2573584965e+00
9.1703892860e-01	5.2563550406e+00
9.1692682851e-01	5.2553432850e+00
9.1681430645e-01	5.2543253151e+00
9.1670136062e-01	5.2533030085e+00
9.1658798898e-01	5.2522780229e+00
9.1647418966e-01	5.2512518019e+00
9.1635996067e-01	5.2502255836e+00
9.1624529970e-01	5.2492004161e+00
9.1613020448e-01	5.2481771810e+00
9.1601467268e-01	5.2471566147e+00
9.1589870194e-01	5.2461393305e+00
9.1578228984e-01	5.2451258383e+00
9.1566543392e-01	5.2441165643e+00
9.1554813168e-01	5.2431118665e+00
9.1543038060e-01	5.2421120494e+00
9.1531217802e-01	5.2411173749e+00
9.1519352157e-01	5.2401280747e+00
9.1507440854e-01	5.2391443523e+00
9.1495483626e-01	5.2381663770e+00
9.1483480187e-01	5.2371941314e+00
9.1471430010e-01	5.2362257300e+00
9.1459330073e-01	5.2352392863e+00
9.1447152642e-01	5.2339998767e+00
9.1445586445e-01	5.2304055406e+00
9.1444887091e-01	5.2276370014e+00
9.1444339266e-01	5.2266531591e+00
9.1443807238e-01	5.2260215766e+00
9.1443285647e-01	5.2256305360e+00
9.1442768072e-01	5.2253585308e+00
9.1442252592e-01	5.2251438594e+00
9.1441740003e-01	5.2249628757e+00
9.1441229946e-01	5.2248022675e+00
9.1440721285e-01	5.2246527386e+00
9.1440213885e-01	5.2245109864e+00
9.1439711424e-01	5.2243862884e+00
9.1439216566e-01	5.2242854139e+00
9.1438733717e-01	5.2242211202e+00
9.1438274995e-01	5.2242297425e+00
9.1437862581e-01	5.2243780199e+00
9.1437537888e-01	5.2247859451e+00
9.1437403859e-01	5.2257670596e+00
9.1437640948e-01	5.2278690873e+00
9.1438569806e-01	5.2313593097e+00
9.1440453933e-01	5.2370746378e+00
9.1443682553e-01	5.2464189791e+00
9.1448956483e-01	5.2618127338e+00
9.1454260457e-01	5.2872621537e+00
9.1438484743e-01	5.2952103654e+00
9.1430957303e-01	5.2949232956e+00
9.1423300550e-01	5.2945608382e+00
9.1415476761e-01	5.2941402351e+00
9.1407412312e-01	5.2936801035e+00
9.1399175680e-01	5.2931919818e+00
9.1390866448e-01	5.2926827356e+00
9.1382301689e-01	5.2921567310e+00
9.1373577934e-01	5.2916169670e+00
9.1364652643e-01	5.2910656338e+00
9.1355363390e-01	5.2905044083e+00
9.1345933659e-01	5.2899346201e+00
9.1336471229e-01	5.2893573529e+00
9.1326975942e-01	5.2887735079e+00
9.1317447659e-01	5.2881838509e+00
9.1307886220e-01	5.2875890420e+00
9.1298291470e-01	5.2869896588e+00
9.1288663243e-01	5.2863862139e+00
9.1279001355e-01	5.2857791675e+00
9.1269300750e-01	5.2851689400e+00
9.1259546890e-01	5.2845559167e+00
9.1249747736e-01	5.2839404575e+00
9.1239909089e-01	5.2833228998e+00
9.1230031686e-01	5.2827035651e+00
9.1220116200e-01	5.2820827579e+00
9.1210161520e-01	5.2814607727e+00
9.1200168398e-01	5.2808378898e+00
9.1190137864e-01	5.2802143764e+00
9.1180066910e-01	5.2795904827e+00
9.1169957889e-01	5.2789664345e+00
9.1159810075e-01	5.2783424274e+00
9.1149621412e-01	5.2777186102e+00
9.1139393937e-01	5.2770950759e+00
9.1129125784e-01	5.2764718335e+00
9.1118815749e-01	5.2758487917e+00
9.1108464153e-01	5.2752257214e+00
9.1098069425e-01	5.2746022333e+00
9.1087629932e-01	5.2739777389e+00
9.1077144049e-01	5.2733514154e+00
9.1066607238e-01	5.2727221866e+00
9.1056027205e-01	5.2720887001e+00
9.1045408302e-01	5.2714493208e+00
9.1034750134e-01	5.2708021456e+00
9.1024052243e-01	5.2701450275e+00
9.1013314265e-01	5.2694756411e+00
9.1002535788e-01	5.2687915490e+00
9.0991716432e-01	5.2680903013e+00
9.0980855917e-01	5.2673695483e+00
9.0969953945e-01	5.2666271505e+00
9.0959010264e-01	5.2658612989e+00
9.0948024713e-01	5.2650706247e+00
9.0936997192e-01	5.2642542807e+00
9.0925927576e-01	5.2634120010e+00
9.0914815746e-01	5.2625441153e+00
9.0903661700e-01	5.2616515356e+00
9.0892465324e-01	5.2607235561e+00
9.0881226537e-01	5.2597721464e+00
9.0869945267e-01	5.2588012184e+00
9.0858621408e-01	5.2578131872e+00
9.0847254896e-01	5.2568105612e+00
9.0835845594e-01	5.2557958343e+00
9.0824393365e-01	5.2547714044e+00
9.0812898055e-01	5.2537395114e+00
9.0801359496e-01	5.2527021969e+00
9.0789777488e-01	5.2516612807e+00
9.0778151850e-01	5.2506183592e+00
9.0766482389e-01	5.2495748088e+00
9.0754768873e-01	5.2485317975e+00
9.0743011074e-01	5.2474903088e+00
9.0731208760e-01	5.2464511627e+00
9.0719361689e-01	5.2454150389e+00
9.0707469617e-01	5.2443824989e+00
9.0695532294e-01	5.2433540071e+00
9.0683549466e-01	5.2423299490e+00
9.0671520875e-01	5.2413106475e+00
9.0659446260e-01	5.2402963768e+00
9.0647325347e-01	5.2392873723e+00
9.0635157891e-01	5.2382838437e+00
9.0622943611e-01	5.2372859748e+00
9.0610682234e-01	5.2362939166e+00
9.0598373457e-01	5.2353076163e+00
9.0586016687e-01	5.2343249468e+00
9.0573608355e-01	5.2333215475e+00
9.0561115563e-01	5.2320364423e+00
9.0559925960e-01	5.2282254523e+00
9.0559217020e-01	5.2257340718e+00
9.0558647187e-01	5.2247710168e+00
9.0558094156e-01	5.2241541456e+00
9.0557552143e-01	5.2237695631e+00
9.0557014099e-01	5.2234977751e+00
9.0556478320e-01	5.2232808858e+00
9.0555945784e-01	5.2230966931e+00
9.0555416203e-01	5.2229326127e+00
9.0554888233e-01	5.2227790464e+00
9.0554362363e-01	5.2226339416e+00
9.0553843045e-01	5.2225065737e+00
9.0553334108e-01	5.2224043581e+00
9.0552842287e-01	5.2223411757e+00
9.0552385246e-01	5.2223571338e+00
9.0551992870e-01	5.2225241091e+00
9.0551721681e-01	5.2229730124e+00
9.0551724066e-01	5.2240566627e+00
9.0552251873e-01	5.2263681789e+00
9.0553490693e-01	5.2302000853e+00
9.0555796974e-01	5.2364753073e+00
9.0559908925e-01	5.2467491542e+00
9.0566990835e-01	5.2636936292e+00
9.0569952176e-01	5.2918977786e+00
9.0557583303e-01	5.2951828397e+00
9.0549893722e-01	5.2948725654e+00
9.0542057146e-01	5.2944844411e+00
9.0534000332e-01	5.2940380039e+00
9.0525721936e-01	5.2935523247e+00
9.0517300257e-01	5.2930389124e+00
9.0508757903e-01	5.2925045638e+00
9.0499938707e-01	5.2919536021e+00
9.0490954982e-01	5.2913890029e+00
9.0481711097e-01	5.2908129447e+00
9.0472104597e-01	5.2902270996e+00
9.0462451872e-01	5.2896327945e+00
9.0452765636e-01	5.2890311128e+00
9.0443045755e-01	5.2884229578e+00
9.0433292060e-01	5.2878090951e+00
9.0423504405e-01	5.2871901874e+00
9.0413682623e-01	5.2865668140e+00
9.0403826530e-01	5.2859394888e+00
9.0393934034e-01	5.2853086758e+00
9.0383987103e-01	5.2846747962e+00
9.0373989092e-01	5.2840382376e+00
9.0363949114e-01	5.2833993626e+00
9.0353868980e-01	5.2827585114e+00
9.0343749436e-01	5.2821160079e+00
9.0333588795e-01	5.2814721594e+00
9.0323388961e-01	5.2808272626e+00
9.0313150449e-01	5.2801816008e+00
9.0302870082e-01	5.2795354420e+00
9.0292550373e-01	5.2788890370e+00
9.0282191042e-01	5.2782426110e+00
9.0271788873e-01	5.2775963544e+00
9.0261346502e-01	5.2769504138e+00
9.0250862939e-01	5.2763048705e+00
9.0240335273e-01	5.2756597180e+00
9.0229764053e-01	5.2750148426e+00
9.0219147864e-01	5.2743699894e+00
9.0208484722e-01	5.2737247284e+00
9.0197770498e-01	5.2730784208e+00
9.0187005343e-01	5.2724301926e+00
9.0176199092e-01	5.2717788971e+00
9.0165353385e-01	5.2711231097e+00
9.0154467741e-01	5.2704611075e+00
9.0143541815e-01	5.2697909053e+00
9.0132575107e-01	5.2691102719e+00
9.0121567240e-01	5.2684168065e+00
9.0110517784e-01	5.2677080129e+00
9.0099426359e-01	5.2669814060e+00
9.0088292631e-01	5.2662346274e+00
9.0077116340e-01	5.2654655689e+00
9.0065897200e-01	5.2646724892e+00
9.0054635157e-01	5.2638541292e+00
9.0043329936e-01	5.2630097785e+00
9.0031981568e-01	5.2621393424e+00
9.0020589937e-01	5.2612388741e+00
9.0009154942e-01	5.2603044882e+00
8.9997676531e-01	5.2676487895e+00
9.0308303669e-01	5.2349579948e+00
9.0298202737e-01	5.2342479661e+00
9.0288062867e-01	5.2334552253e+00
9.0277884178e-01	5.2326026064e+00
9.0267666694e-01	5.2317058700e+00
9.0257410433e-01	5.2307752921e+00
9.0247115376e-01	5.2298180480e+00
9.0236781457e-01	5.2288396750e+00
9.0226408613e-01	5.2278447375e+00
9.0215996744e-01	5.2268370979e+00
9.0205545720e-01	5.2258200398e+00
9.0195055420e-01	5.2247963431e+00
9.0184525656e-01	5.2237683362e+00
9.0173956280e-01	5.2227379615e+00
9.0163347095e-01	5.2217068208e+00
9.0152697906e-01	5.2206762310e+00
9.0142008511e-01	5.2196472702e+00
9.0131278700e-01	5.2186208189e+00
9.0120508255e-01	5.2175975966e+00
9.0109696954e-01	5.2165781931e+00
9.0098844562e-01	5.2155630932e+00
9.0087950868e-01	5.2145527026e+00
9.0077015628e-01	5.2135473590e+00
9.0066038594e-01	5.2125473469e+00
9.0055019540e-01	5.2115528793e+00
9.0043958148e-01	5.2105637639e+00
9.0032853586e-01	5.2095757918e+00
9.0021699178e-01	5.2085417492e+00
9.0012891773e-01	5.2069622252e+00
9.0012044832e-01	5.2019613353e+00
9.0011509941e-01	5.2008219820e+00
9.0010993551e-01	5.2000456649e+00
9.0010490917e-01	5.1995604072e+00
9.0009996649e-01	5.1992459250e+00
9.0009502551e-01	5.1990001347e+00
9.0009012254e-01	5.1987995004e+00
9.0008525159e-01	5.1986239885e+00
9.0008041314e-01	5.1984654774e+00
9.0007557589e-01	5.1983117237e+00
9.0007079271e-01	5.1981726843e+00
9.0006610139e-01	5.1980544916e+00
9.0006156071e-01	5.1979679514e+00
9.0005728963e-01	5.1979352663e+00
9.0005357046e-01	5.1980146120e+00
9.0005087851e-01	5.1983021604e+00
9.0005028089e-01	5.1990141383e+00
9.0005409076e-01	5.2006231186e+00
9.0006404749e-01	5.2033839158e+00
9.0008276208e-01	5.2079174382e+00
9.0011507091e-01	5.2153221590e+00
9.0017211840e-01	5.2274642054e+00
9.0025942388e-01	5.2475288987e+00
9.0037485010e-01	5.2602969740e+00
9.0045876799e-01	5.2615668878e+00
9.0055309267e-01	5.2631380808e+00
9.0067431436e-01	5.2656275544e+00
9.0076711312e-01	5.2681340272e+00
9.0082913871e-01	5.2701502434e+00
9.0087173225e-01	5.2722017643e+00
9.0078792016e-01	5.2726865485e+00
9.0071440358e-01	5.2723529924e+00
9.0063950172e-01	5.2719398577e+00
9.0056123847e-01	5.2714687303e+00
9.0048145371e-01	5.2709590489e+00
9.0040052100e-01	5.2704222299e+00
9.0031694149e-01	5.2698649508e+00
9.0023169047e-01	5.2692914515e+00
9.0014387314e-01	5.2687046525e+00
9.0005246335e-01	5.2681066965e+00
8.9995910706e-01	5.2674992297e+00
8.9986542767e-01	5.2668835608e+00
8.9977142372e-01	5.2662607583e+00
8.9967709374e-01	5.2656317134e+00
8.9958243625e-01	5.2649971836e+00
8.9948744968e-01	5.2643578227e+00
8.9939213232e-01	5.2637142035e+00
8.9929648244e-01	5.2630668347e+00
8.9920034769e-01	5.2624161744e+00
8.9910363727e-01	5.2617626400e+00
8.9900649627e-01	5.2611066138e+00
8.9890895546e-01	5.2604484555e+00
8.9881101697e-01	5.2597885003e+00
8.9871268381e-01	5.2591270703e+00
8.9861396625e-01	5.2584644696e+00
8.9851486871e-01	5.2578009921e+00
8.9841535650e-01	5.2571369184e+00
8.9831546183e-01	5.2564725133e+00
8.9821518024e-01	5.2558080248e+00
8.9811447465e-01	5.2551436742e+00
8.9801337242e-01	5.2544796473e+00
8.9791186314e-01	5.2538160857e+00
8.9780993126e-01	5.2531530623e+00
8.9770755828e-01	5.2524905657e+00
8.9760473291e-01	5.2518284691e+00
8.9750142678e-01	5.2511664996e+00
8.9739761788e-01	5.2505042164e+00
8.9729330930e-01	5.2498409627e+00
8.9718861716e-01	5.2491758418e+00
8.9708354637e-01	5.2485076840e+00
8.9697809305e-01	5.2478350307e+00
8.9687225305e-01	5.2471561292e+00
8.9676602272e-01	5.2464689593e+00
8.9665939761e-01	5.2457712623e+00
8.9655237354e-01	5.2450606100e+00
8.9644494669e-01	5.2443344938e+00
8.9633711309e-01	5.2435904277e+00
8.9622886976e-01	5.2428260760e+00
8.9612021430e-01	5.2420393730e+00
8.9601114435e-01	5.2412286490e+00
8.9590165810e-01	5.2403927302e+00
8.9579175514e-01	5.2395310232e+00
8.9568143390e-01	5.2386322830e+00
8.9557069346e-01	5.2377063413e+00
8.9545953332e-01	5.2367561583e+00
8.9534795296e-01	5.2357834714e+00
8.9523595180e-01	5.2347904121e+00
8.9512352921e-01	5.2337793746e+00
8.9501068434e-01	5.2327528977e+00
8.9489741618e-01	5.2317135458e+00
8.9478372320e-01	5.2306638116e+00
8.9466960467e-01	5.2296060502e+00
8.9455505851e-01	5.2285424103e+00
8.9444008336e-01	5.2274748226e+00
8.9432467716e-01	5.2264049755e+00
8.9420883791e-01	5.2253343254e+00
8.9409256333e-01	5.2242641057e+00
8.9397585152e-01	5.2231953537e+00
8.9385870002e-01	5.2221289243e+00
8.9374110648e-01	5.2210655211e+00
8.9362306845e-01	5.2200057190e+00
8.9350458347e-01	5.2189499871e+00
8.9338564899e-01	5.2178987087e+00
8.9326626246e-01	5.2168521997e+00
8.9314642116e-01	5.2158107224e+00
8.9302612271e-01	5.2147745022e+00
8.9290536432e-01	5.2137437317e+00
8.9278414332e-01	5.2127185821e+00
8.9266245700e-01	5.2116992073e+00
8.9254030260e-01	5.2106857282e+00
8.9241767700e-01	5.2096780269e+00
8.9229457350e-01	5.2086734964e+00
8.9217094740e-01	5.2076427945e+00
8.9204876101e-01	5.2062726795e+00
8.9204186849e-01	5.2021076870e+00
8.9203505698e-01	5.2001291262e+00
8.9202924809e-01	5.1992078973e+00
8.9202360838e-01	5.1986183047e+00
8.9201807895e-01	5.1982451918e+00
8.9201258290e-01	5.1979741425e+00
8.9200710986e-01	5.1977538522e+00
8.9200167404e-01	5.1975646364e+00
8.9199627444e-01	5.1973950751e+00
8.9199089368e-01	5.1972351819e+00
8.9198554856e-01	5.1970848090e+00
8.9198029799e-01	5.1969533665e+00
8.9197520155e-01	5.1968494047e+00
8.9197037000e-01	5.1967889364e+00
8.9196607696e-01	5.1968183696e+00
8.9196279187e-01	5.1970187164e+00
8.9196140014e-01	5.1975453694e+00
8.9196408615e-01	5.1988040010e+00
8.9197113147e-01	5.2009091483e+00
8.9197734197e-01	5.2030900339e+00
8.9197991665e-01	5.2058659699e+00
8.9199345525e-01	5.2090527563e+00
8.9200467798e-01	5.2123944777e+00
8.9201143592e-01	5.2169939379e+00
8.9200733645e-01	5.2229586529e+00
8.9202658404e-01	5.2297740041e+00
8.9204115754e-01	5.2408866793e+00
8.9203325959e-01	5.2590569606e+00
8.9186606957e-01	5.2727038083e+00
8.9178459290e-01	5.2723555087e+00
8.9170147127e-01	5.2719236956e+00
8.9161486622e-01	5.2714299891e+00
8.9152657413e-01	5.2708957094e+00
8.9143714043e-01	5.2703332951e+00
8.9134456346e-01	5.2697498900e+00
8.9125035040e-01	5.2691499625e+00
8.9115339244e-01	5.2685365610e+00
8.9105229778e-01	5.2679119080e+00
8.9094993849e-01	5.2672777023e+00
8.9084722404e-01	5.2666352907e+00
8.9074415273e-01	5.2659857702e+00
8.9064072279e-01	5.2653300521e+00
8.9053693271e-01	5.2646689105e+00
8.9043278063e-01	5.2640030118e+00
8.9032826468e-01	5.2633329391e+00
8.9022334283e-01	5.2626592092e+00
8.9011776874e-01	5.2619822861e+00
8.9001164211e-01	5.2613025910e+00
8.8990506659e-01	5.2606205129e+00
8.8979805034e-01	5.2599364125e+00
8.8969060282e-01	5.2592506299e+00
8.8958273161e-01	5.2585634884e+00
8.8947442114e-01	5.2578752942e+00
8.8936567406e-01	5.2571863434e+00
8.8925650410e-01	5.2564969182e+00
8.8914689344e-01	5.2558072858e+00
8.8903682962e-01	5.2551176964e+00
8.8892632680e-01	5.2544283742e+00
8.8881537306e-01	5.2537395089e+00
8.8870394974e-01	5.2530512455e+00
8.8859204307e-01	5.2523636626e+00
8.8847963068e-01	5.2516767536e+00
8.8836668818e-01	5.2509903991e+00
8.8825317655e-01	5.2503043401e+00
8.8813913605e-01	5.2496181440e+00
8.8802467981e-01	5.2489311615e+00
8.8790981110e-01	5.2482425066e+00
8.8779452647e-01	5.2475510151e+00
8.8767882134e-01	5.2468552264e+00
8.8756269201e-01	5.2461533872e+00
8.8744613337e-01	5.2454434590e+00
8.8732914137e-01	5.2447231665e+00
8.8721171124e-01	5.2439900536e+00
8.8709383850e-01	5.2432415764e+00
8.8697551902e-01	5.2424752177e+00
8.8685674966e-01	5.2416886051e+00
8.8673752663e-01	5.2408796435e+00
8.8661784901e-01	5.2400466479e+00
8.8649771433e-01	5.2391851481e+00
8.8637712004e-01	5.2382881976e+00
8.8625606601e-01	5.2373651370e+00
8.8613455077e-01	5.2364166564e+00
8.8601257383e-01	5.2354440455e+00
8.8589013459e-01	5.2344490907e+00
8.8576723264e-01	5.2334339832e+00
8.8564386723e-01	5.2324011697e+00
8.8552003717e-01	5.2313532287e+00
8.8539574129e-01	5.2302927564e+00
8.8527097823e-01	5.2292222692e+00
8.8514574638e-01	5.2281441251e+00
8.8502004406e-01	5.2270604766e+00
8.8489386928e-01	5.2259732404e+00
8.8476721976e-01	5.2248840879e+00
8.8464009331e-01	5.2237944529e+00
8.8451248802e-01	5.2227055487e+00
8.8438440089e-01	5.2216183767e+00
8.8425582978e-01	5.2205337684e+00
8.8412677183e-01	5.2194523973e+00
8.8399722435e-01	5.2183748115e+00
8.8386718456e-01	5.2173014543e+00
8.8373664968e-01	5.2162326859e+00
8.8360561685e-01	5.2151688009e+00
8.8347408319e-01	5.2141100433e+00
8.8334204557e-01	5.2130566178e+00
8.8320950133e-01	5.2120087052e+00
8.8307644732e-01	5.2109664623e+00
8.8294288075e-01	5.2099300334e+00
8.8280879857e-01	5.2088995352e+00
8.8267419730e-01	5.2078749019e+00
8.8253907072e-01	5.2068541852e+00
8.8240338188e-01	5.2058152054e+00
8.8226679444e-01	5.2045201153e+00
8.8224577944e-01	5.2008874629e+00
8.8223728545e-01	5.1981296499e+00
8.8223089619e-01	5.1972238402e+00
8.8222468539e-01	5.1966445123e+00
8.8221858990e-01	5.1962749453e+00
8.8221252536e-01	5.1960023974e+00
8.8220648453e-01	5.1957789535e+00
8.8220048142e-01	5.1955859238e+00
8.8219451326e-01	5.1954124189e+00
8.8218855363e-01	5.1952480117e+00
8.8218261828e-01	5.1950939944e+00
8.8217675665e-01	5.1949597688e+00
8.8217101011e-01	5.1948546748e+00
8.8216544145e-01	5.1947963004e+00
8.8216025794e-01	5.1948356322e+00
8.8215580826e-01	5.1950604042e+00
8.8215278100e-01	5.1956465775e+00
8.8215290097e-01	5.1970351901e+00
8.8215868278e-01	5.1997941099e+00
8.8217203998e-01	5.2043486078e+00
8.8219726254e-01	5.2118014772e+00
8.8224295153e-01	5.2240291945e+00
8.8232620792e-01	5.2442760414e+00
8.8224269498e-01	5.2727331065e+00
8.8215982798e-01	5.2723718063e+00
8.8207510182e-01	5.2719234803e+00
8.8198685275e-01	5.2714083456e+00
8.8189670442e-01	5.2708499743e+00
8.8180539162e-01	5.2702621436e+00
8.8171057851e-01	5.2696526111e+00
8.8161412590e-01	5.2690261439e+00
8.8151469819e-01	5.2683859536e+00
8.8141082371e-01	5.2677343631e+00
8.8130620035e-01	5.2670731391e+00
8.8120121390e-01	5.2664036741e+00
8.8109586256e-01	5.2657271002e+00
8.8099014438e-01	5.2650443542e+00
8.8088405783e-01	5.2643562297e+00
8.8077760108e-01	5.2636634097e+00
8.8067077211e-01	5.2629664888e+00
8.8056341162e-01	5.2622659941e+00
8.8045534513e-01	5.2615623956e+00
8.8034677088e-01	5.2608561213e+00
8.8023773701e-01	5.2601475638e+00
8.8012825579e-01	5.2594370896e+00
8.8001832013e-01	5.2587250410e+00
8.7990793425e-01	5.2580117430e+00
8.7979710953e-01	5.2572975075e+00
8.7968584623e-01	5.2565826295e+00
8.7957410607e-01	5.2558673944e+00
8.7946191840e-01	5.2551520721e+00
8.7934927519e-01	5.2544369158e+00
8.7923616233e-01	5.2537221524e+00
8.7912255312e-01	5.2530079752e+00
8.7900845162e-01	5.2522945347e+00
8.7889382506e-01	5.2515819185e+00
8.7877863667e-01	5.2508701257e+00
8.7866284510e-01	5.2501590526e+00
8.7854650913e-01	5.2494484510e+00
8.7842975301e-01	5.2487379046e+00
8.7831257896e-01	5.2480267873e+00
8.7819498311e-01	5.2473142199e+00
8.7807696234e-01	5.2465990565e+00
8.7795851219e-01	5.2458798462e+00
8.7783962773e-01	5.2451548352e+00
8.7772030507e-01	5.2444219887e+00
8.7760053897e-01	5.2436790141e+00
8.7748032462e-01	5.2429234343e+00
8.7735965716e-01	5.2421526747e+00
8.7723853242e-01	5.2413641825e+00
8.7711694660e-01	5.2405555452e+00
8.7699489787e-01	5.2397246301e+00
8.7687238216e-01	5.2388617538e+00
8.7674939745e-01	5.2379687514e+00
8.7662594228e-01	5.2370495839e+00
8.7650201561e-01	5.2361043082e+00
8.7637761646e-01	5.2351336354e+00
8.7625274473e-01	5.2341388896e+00
8.7612739917e-01	5.2331218893e+00
8.7600157983e-01	5.2320848679e+00
8.7587528601e-01	5.2310303185e+00
8.7574851655e-01	5.2299608566e+00
8.7562127033e-01	5.2288791113e+00
8.7549354576e-01	5.2277876186e+00
8.7536534177e-01	5.2266887569e+00
8.7523665634e-01	5.2255846816e+00
8.7510748751e-01	5.2244773077e+00
8.7497783313e-01	5.2233682988e+00
8.7484769092e-01	5.2222590743e+00
8.7471705846e-01	5.2211508249e+00
8.7458593320e-01	5.2200445360e+00
8.7445431252e-01	5.2189410133e+00
8.7432219369e-01	5.2178409098e+00
8.7418957378e-01	5.2167447496e+00
8.7405645026e-01	5.2156529581e+00
8.7392281992e-01	5.2145658726e+00
8.7378867986e-01	5.2134837697e+00
8.7365402752e-01	5.2124068800e+00
8.7351885960e-01	5.2113353927e+00
8.7338317307e-01	5.2102694728e+00
8.7324696487e-01	5.2092092667e+00
8.7311023190e-01	5.2081549072e+00
8.7297297103e-01	5.2071065068e+00
8.7283517889e-01	5.2060640477e+00
8.7269684993e-01	5.2050261658e+00
8.7255795528e-01	5.2039770430e+00
8.7241823278e-01	5.2027462551e+00
8.7237671199e-01	5.1997086702e+00
8.7236647583e-01	5.1960872652e+00
8.7235984045e-01	5.1951953804e+00
8.7235339299e-01	5.1946250542e+00
8.7234706647e-01	5.1942581719e+00
8.7234076861e-01	5.1939835908e+00
8.7233449774e-01	5.1937566819e+00
8.7232826997e-01	5.1935596190e+00
8.7232208432e-01	5.1933819914e+00
8.7231591180e-01	5.1932128850e+00
8.7230978334e-01	5.1930551088e+00
8.7230376285e-01	5.1929180596e+00
8.7229791828e-01	5.1928119313e+00
8.7229237280e-01	5.1927561023e+00
8.7228745759e-01	5.1928064828e+00
8.7228373784e-01	5.1930582708e+00
8.7228239711e-01	5.1937108333e+00
8.7228627642e-01	5.1952440399e+00
8.7229806270e-01	5.1980190914e+00
8.7232088182e-01	5.2025907130e+00
8.7236092878e-01	5.2100664760e+00
8.7242817123e-01	5.2223252300e+00
8.7253720633e-01	5.2426387545e+00
8.7248144679e-01	5.2727223980e+00
8.7239698014e-01	5.2723368933e+00
8.7231052733e-01	5.2718613585e+00
8.7222013019e-01	5.2713175360e+00
8.7212789488e-01	5.2707300676e+00
8.7203438258e-01	5.2701130759e+00
8.7193712608e-01	5.2694744221e+00
8.7183817959e-01	5.2688189113e+00
8.7173537083e-01	5.2681497762e+00
8.7162883137e-01	5.2674693529e+00
8.7152192222e-01	5.2667794174e+00
8.7141464206e-01	5.2660813721e+00
8.7130698866e-01	5.2653763532e+00
8.7119896022e-01	5.2646653029e+00
8.7109055497e-01	5.2639490181e+00
8.7098177098e-01	5.2632281846e+00
8.7087256775e-01	5.2625033987e+00
8.7076261216e-01	5.2617751894e+00
8.7065203970e-01	5.2610440286e+00
8.7054097958e-01	5.2603103448e+00
8.7042944065e-01	5.2595745317e+00
8.7031743471e-01	5.2588369549e+00
8.7020496915e-01	5.2580979581e+00
8.7009204879e-01	5.2573578681e+00
8.6997865622e-01	5.2566169947e+00
8.6986478748e-01	5.2558756341e+00
8.6975045472e-01	5.2551340721e+00
8.6963564830e-01	5.2543925800e+00
8.6952034752e-01	5.2536514072e+00
8.6940453792e-01	5.2529107822e+00
8.6928821476e-01	5.2521708991e+00
8.6917133511e-01	5.2514319050e+00
8.6905386859e-01	5.2506938824e+00
8.6893575095e-01	5.2499568349e+00
8.6881709223e-01	5.2492206486e+00
8.6869801080e-01	5.2484850763e+00
8.6857850529e-01	5.2477496898e+00
8.6845857262e-01	5.2470138473e+00
8.6833820897e-01	5.2462766539e+00
8.6821741064e-01	5.2455369377e+00
8.6809617328e-01	5.2447932220e+00
8.6797449270e-01	5.2440437235e+00
8.6785236314e-01	5.2432863616e+00
8.6772977977e-01	5.2425188100e+00
8.6760673752e-01	5.2417385485e+00
8.6748323133e-01	5.2409429733e+00
8.6735925700e-01	5.2401294996e+00
8.6723481143e-01	5.2392939870e+00
8.6710989005e-01	5.2384252058e+00
8.6698448997e-01	5.2375319292e+00
8.6685860949e-01	5.2366129908e+00
8.6673224747e-01	5.2356678608e+00
8.6660540235e-01	5.2346966777e+00
8.6647807399e-01	5.2337002549e+00
8.6635026158e-01	5.2326800083e+00
8.6622196461e-01	5.2316378568e+00
8.6609318228e-01	5.2305761042e+00
8.6596391441e-01	5.2294973126e+00
8.6583415960e-01	5.2284041396e+00
8.6570391722e-01	5.2272992425e+00
8.6557318545e-01	5.2261851607e+00
8.6544196294e-01	5.2250642595e+00
8.6531024809e-01	5.2239386743e+00
8.6517803867e-01	5.2228102845e+00
8.6504533247e-01	5.2216807139e+00
8.6491212714e-01	5.2205513382e+00
8.6477842018e-01	5.2194233038e+00
8.6464420897e-01	5.2182975525e+00
8.6450949060e-01	5.2171748467e+00
8.6437426265e-01	5.2160558039e+00
8.6423852205e-01	5.2149409132e+00
8.6410226587e-01	5.2138305658e+00
8.6396549112e-01	5.2127250742e+00
8.6382819477e-01	5.2116246907e+00
8.6369037376e-01	5.2105296221e+00
8.6355202498e-01	5.2094400419e+00
8.6341314531e-01	5.2083561003e+00
8.6327373159e-01	5.2072779308e+00
8.6313378062e-01	5.2062056554e+00
8.6299328917e-01	5.2051393775e+00
8.6285225378e-01	5.2040790748e+00
8.6271066873e-01	5.2030234107e+00
8.6256850433e-01	5.2019569293e+00
8.6242549093e-01	5.2007130906e+00
8.6238032946e-01	5.1976997223e+00
8.6236940494e-01	5.1939985867e+00
8.6236251941e-01	5.1931191968e+00
8.6235583094e-01	5.1925566850e+00
8.6234926875e-01	5.1921916767e+00
8.6234273192e-01	5.1919145515e+00
8.6233622513e-01	5.1916838738e+00
8.6232976589e-01	5.1914825555e+00
8.6232335435e-01	5.1913006208e+00
8.6231695631e-01	5.1911266211e+00
8.6231061650e-01	5.1909649679e+00
8.6230440803e-01	5.1908250578e+00
8.6229841667e-01	5.1907180093e+00
8.6229280554e-01	5.1906652365e+00
8.6228799318e-01	5.1907279425e+00
8.6228469619e-01	5.1910096104e+00
8.6228448029e-01	5.1917362310e+00
8.6229094114e-01	5.1934303322e+00
8.6230608177e-01	5.1962835093e+00
8.6233399786e-01	5.2009752719e+00
8.6238195176e-01	5.2086428970e+00
8.6246141477e-01	5.2212139496e+00
8.6258961800e-01	5.2420624086e+00
8.6254856517e-01	5.2727077321e+00
8.6246240316e-01	5.2722958919e+00
8.6237423087e-01	5.2717904121e+00
8.6228170052e-01	5.2712148348e+00
8.6218735682e-01	5.2705947490e+00
8.6209143117e-01	5.2699445196e+00
8.6199186371e-01	5.2692720589e+00
8.6188998918e-01	5.2685821847e+00
8.6178354110e-01	5.2678781361e+00
8.6167467742e-01	5.2671622546e+00
8.6156543297e-01	5.2664363219e+00
8.6145580620e-01	5.2657017441e+00
8.6134579476e-01	5.2649596622e+00
8.6123539683e-01	5.2642110220e+00
8.6112461053e-01	5.2634566246e+00
8.6101343375e-01	5.2626971581e+00
8.6090159520e-01	5.2619332224e+00
8.6078896506e-01	5.2611653475e+00
8.6067579848e-01	5.2603940081e+00
8.6056212898e-01	5.2596196346e+00
8.6044796762e-01	5.2588426238e+00
8.6033332265e-01	5.2580633439e+00
8.6021819816e-01	5.2572821411e+00
8.6010257289e-01	5.2564993438e+00
8.5998645197e-01	5.2557152681e+00
8.5986983976e-01	5.2549302115e+00
8.5975272516e-01	5.2541444627e+00
8.5963509275e-01	5.2533582959e+00
8.5951692032e-01	5.2525719623e+00
8.5939818146e-01	5.2517856950e+00
8.5927884641e-01	5.2509996848e+00
8.5915884535e-01	5.2502140780e+00
8.5903815212e-01	5.2494289602e+00
8.5891698639e-01	5.2486443306e+00
8.5879538729e-01	5.2478600657e+00
8.5867335301e-01	5.2470759021e+00
8.5855088065e-01	5.2462913859e+00
8.5842796651e-01	5.2455058347e+00
8.5830460669e-01	5.2447183038e+00
8.5818079717e-01	5.2439275529e+00
8.5805653288e-01	5.2431320224e+00
8.5793180907e-01	5.2423298346e+00
8.5780662046e-01	5.2415188018e+00
8.5768096047e-01	5.2406964719e+00
8.5755482581e-01	5.2398602136e+00
8.5742821060e-01	5.2390013650e+00
8.5730110940e-01	5.2381163639e+00
8.5717351813e-01	5.2372092388e+00
8.5704543341e-01	5.2362778146e+00
8.5691685257e-01	5.2353204083e+00
8.5678777334e-01	5.2343359474e+00
8.5665819491e-01	5.2333240595e+00
8.5652811605e-01	5.2322850899e+00
8.5639753616e-01	5.2312200868e+00
8.5626645452e-01	5.2301307193e+00
8.5613487127e-01	5.2290191584e+00
8.5600278564e-01	5.2278879431e+00
8.5587019671e-01	5.2267398163e+00
8.5573710412e-01	5.2255775943e+00
8.5560350624e-01	5.2244040261e+00
8.5546940214e-01	5.2232217152e+00
8.5533478969e-01	5.2220330319e+00
8.5519966725e-01	5.2208400894e+00
8.5506403290e-01	5.2196447202e+00
8.5492788409e-01	5.2184484762e+00
8.5479121812e-01	5.2172526489e+00
8.5465403276e-01	5.2160582989e+00
8.5451632502e-01	5.2148662752e+00
8.5437809204e-01	5.2136772536e+00
8.5423933086e-01	5.2124917644e+00
8.5410003845e-01	5.2113102211e+00
8.5396021170e-01	5.2101329451e+00
8.5381984749e-01	5.2089601871e+00
8.5367894246e-01	5.2077921437e+00
8.5353749370e-01	5.2066289774e+00
8.5339549777e-01	5.2054708197e+00
8.5325295145e-01	5.2043177867e+00
8.5310985139e-01	5.2031699819e+00
8.5296619425e-01	5.2020275016e+00
8.5282197663e-01	5.2008904266e+00
8.5267719490e-01	5.1997587077e+00
8.5253184288e-01	5.1986309098e+00
8.5238588793e-01	5.1974906905e+00
8.5223903381e-01	5.1961622294e+00
8.5219116829e-01	5.1930296115e+00
8.5217962373e-01	5.1893980476e+00
8.5217248123e-01	5.1885440214e+00
8.5216554181e-01	5.1879916981e+00
8.5215873394e-01	5.1876283514e+00
8.5215194819e-01	5.1873485296e+00
8.5214519625e-01	5.1871143064e+00
8.5213849614e-01	5.1869091244e+00
8.5213184850e-01	5.1867233389e+00
8.5212521217e-01	5.1865449201e+00
8.5211864539e-01	5.1863799262e+00
8.5211222683e-01	5.1862377046e+00
8.5210605477e-01	5.1861303184e+00
8.5210031937e-01	5.1860813956e+00
8.5209550591e-01	5.1861575587e+00
8.5209244380e-01	5.1864710355e+00
8.5209301873e-01	5.1872770572e+00
8.5210138890e-01	5.1891425718e+00
8.5211985473e-01	5.1922747444e+00
8.5215399127e-01	5.1974180993e+00
8.5221262833e-01	5.2058193798e+00
8.5233791360e-01	5.2127420857e+00
8.5244008902e-01	5.2150590878e+00
8.5257356936e-01	5.2187905300e+00
8.5270991886e-01	5.2235021035e+00
8.5283043304e-01	5.2284078924e+00
8.5285524836e-01	5.2320380536e+00
8.5289203166e-01	5.2379084518e+00
8.5293132033e-01	5.2452185060e+00
8.5297811685e-01	5.2571363904e+00
8.5282721470e-01	5.2726290170e+00
8.5273886782e-01	5.2721756340e+00
8.5264794152e-01	5.2716271217e+00
8.5255334226e-01	5.2710124721e+00
8.5245664499e-01	5.2703561189e+00
8.5235728551e-01	5.2696712480e+00
8.5225523949e-01	5.2689651574e+00
8.5214983524e-01	5.2682423566e+00
8.5203937400e-01	5.2675059173e+00
8.5192813406e-01	5.2667580816e+00
8.5181650474e-01	5.2660005683e+00
8.5170448422e-01	5.2652347393e+00
8.5159207007e-01	5.2644617051e+00
8.5147926039e-01	5.2636823891e+00
8.5136605297e-01	5.2628975741e+00
8.5125232123e-01	5.2621079346e+00
8.5113767645e-01	5.2613140594e+00
8.5102241079e-01	5.2605164697e+00
8.5090661535e-01	5.2597156330e+00
8.5079030803e-01	5.2589119748e+00
8.5067349855e-01	5.2581058866e+00
8.5055618820e-01	5.2572977330e+00
8.5043834926e-01	5.2564878574e+00
8.5032000690e-01	5.2556765865e+00
8.5020115322e-01	5.2548642306e+00
8.5008177572e-01	5.2540510901e+00
8.4996185747e-01	5.2591175530e+00
8.5320114948e-01	5.2441574992e+00
8.5316017037e-01	5.2435822282e+00
8.5312077884e-01	5.2429258670e+00
8.5308308431e-01	5.2422217436e+00
8.5304720479e-01	5.2415125480e+00
8.5301326257e-01	5.2408287700e+00
8.5298137308e-01	5.2401864164e+00
8.5295164703e-01	5.2395917237e+00
8.5292425120e-01	5.2390456015e+00
8.5289938585e-01	5.2385464372e+00
8.5285175187e-01	5.2380915953e+00
8.5273745151e-01	5.2376737582e+00
8.5262220707e-01	5.2372850344e+00
8.5250591775e-01	5.2369288976e+00
8.5238875623e-01	5.2366073893e+00
8.5227093801e-01	5.2362920468e+00
8.5215251994e-01	5.2359233739e+00
8.5203354006e-01	5.2354450742e+00
8.5191402524e-01	5.2348299044e+00
8.5179399416e-01	5.2340793133e+00
8.5167346041e-01	5.2332109836e+00
8.5155243327e-01	5.2322478542e+00
8.5143092044e-01	5.2312005784e+00
8.5130892569e-01	5.2300937638e+00
8.5118645225e-01	5.2289477881e+00
8.5106350205e-01	5.2277746184e+00
8.5094007585e-01	5.2265833415e+00
8.5081617352e-01	5.2253807627e+00
8.5069179411e-01	5.2241719264e+00
8.5056693656e-01	5.2229605480e+00
8.5044159895e-01	5.2217493393e+00
8.5031577915e-01	5.2205402665e+00
8.5018947466e-01	5.2193346692e+00
8.5006268115e-01	5.2181326051e+00
8.4993537668e-01	5.2169243046e+00
8.4980736264e-01	5.2155974673e+00
8.4973893025e-01	5.2130303647e+00
8.4972570842e-01	5.2083493490e+00
8.4971928396e-01	5.2075377266e+00
8.4971304774e-01	5.2070072878e+00
8.4970693207e-01	5.2066467821e+00
8.4970082887e-01	5.2063592040e+00
8.4969475439e-01	5.2061129297e+00
8.4968873082e-01	5.2058947130e+00
8.4968275830e-01	5.2056958318e+00
8.4967678970e-01	5.2055042484e+00
8.4967087900e-01	5.2053263239e+00
8.4966510132e-01	5.2051724677e+00
8.4965954080e-01	5.2050555984e+00
8.4965434195e-01	5.2050006496e+00
8.4964993426e-01	5.2050781865e+00
8.4964702370e-01	5.2054071708e+00
8.4964717439e-01	5.2062549536e+00
8.4965385424e-01	5.2082242775e+00
8.4966890665e-01	5.2115402430e+00
8.4969600449e-01	5.2170042573e+00
8.4974168714e-01	5.2259732927e+00
8.4980699455e-01	5.2406463103e+00
8.4976012758e-01	5.2650958707e+00
8.4968337373e-01	5.2649050957e+00
8.4960635290e-01	5.2644105979e+00
8.4952715422e-01	5.2638220070e+00
8.4944602640e-01	5.2631715690e+00
8.4936120888e-01	5.2624821699e+00
8.4927366955e-01	5.2617658502e+00
8.4918369139e-01	5.2610293356e+00
8.4909076761e-01	5.2602768436e+00
8.4899224569e-01	5.2595112844e+00
8.4889223755e-01	5.2587348013e+00
8.4879188165e-01	5.2579490466e+00
8.4869117628e-01	5.2571553368e+00
8.4859011915e-01	5.2563547483e+00
8.4848870851e-01	5.2555481791e+00
8.4838693850e-01	5.2547363919e+00
8.4828441683e-01	5.2539200454e+00
8.4818119439e-01	5.2530997146e+00
8.4807746187e-01	5.2522759090e+00
8.4797325038e-01	5.2514490902e+00
8.4786857321e-01	5.2506196731e+00
8.4776341174e-01	5.2497880432e+00
8.4765778490e-01	5.2489545630e+00
8.4755169028e-01	5.2481195694e+00
8.4744512191e-01	5.2472833826e+00
8.4733806855e-01	5.2464463142e+00
8.4723050931e-01	5.2456086550e+00
8.4712242277e-01	5.2447706885e+00
8.4701378079e-01	5.2439326798e+00
8.4690453417e-01	5.2430948716e+00
8.4679456618e-01	5.2422574828e+00
8.4668385659e-01	5.2414206918e+00
8.4657271502e-01	5.2405846332e+00
8.4646118405e-01	5.2397493616e+00
8.4634926149e-01	5.2389148317e+00
8.4623694525e-01	5.2380808695e+00
8.4612423266e-01	5.2372471344e+00
8.4601112084e-01	5.2364130837e+00
8.4589760588e-01	5.2355779226e+00
8.4578368361e-01	5.2347405817e+00
8.4566935005e-01	5.2338996802e+00
8.4555459874e-01	5.2330535002e+00
8.4543942666e-01	5.2322000077e+00
8.4532382680e-01	5.2313273549e+00
8.4520779389e-01	5.2304380967e+00
8.4509132231e-01	5.2295336457e+00
8.4497440666e-01	5.2286111923e+00
8.4485704305e-01	5.2276680460e+00
8.4473922800e-01	5.2267017871e+00
8.4462095818e-01	5.2257104236e+00
8.4450223143e-01	5.2246925401e+00
8.4438304633e-01	5.2236474027e+00
8.4426340177e-01	5.2225750149e+00
8.4414329795e-01	5.2214761299e+00
8.4402273454e-01	5.2203521794e+00
8.4390171152e-01	5.2192051721e+00
8.4378022911e-01	5.2180375591e+00
8.4365828715e-01	5.2168520727e+00
8.4353588532e-01	5.2156515651e+00
8.4341302292e-01	5.2144388763e+00
8.4328969953e-01	5.2132167222e+00
8.4316591379e-01	5.2119876026e+00
8.4304166429e-01	5.2107537546e+00
8.4291694937e-01	5.2095171270e+00
8.4279176708e-01	5.2082793767e+00
8.4266611537e-01	5.2070418836e+00
8.4253999193e-01	5.2058057726e+00
8.4241339430e-01	5.2045719452e+00
8.4228631997e-01	5.2033411126e+00
8.4215876625e-01	5.2021138270e+00
8.4203073042e-01	5.2008905129e+00
8.4190220966e-01	5.1996714941e+00
8.4177320111e-01	5.1984570172e+00
8.4164370187e-01	5.1972472718e+00
8.4151370879e-01	5.1960424042e+00
8.4138321930e-01	5.1948425382e+00
8.4125223004e-01	5.1936477717e+00
8.4112073828e-01	5.1924581974e+00
8.4098874077e-01	5.1912738977e+00
8.4085623398e-01	5.1900949511e+00
8.4072321453e-01	5.1889214106e+00
8.4058967813e-01	5.1877530561e+00
8.4045561553e-01	5.1865867486e+00
8.4032095719e-01	5.1853878554e+00
8.4018823074e-01	5.1837878860e+00
8.4017716294e-01	5.1793611834e+00
8.4016888335e-01	5.1775725830e+00
8.4016201651e-01	5.1767414238e+00
8.4015536537e-01	5.1762005265e+00
8.4014885313e-01	5.1758379168e+00
8.4014235550e-01	5.1755522627e+00
8.4013589371e-01	5.1753102276e+00
8.4012948818e-01	5.1750966859e+00
8.4012313921e-01	5.1749025698e+00
8.4011679146e-01	5.1747152797e+00
8.4011051587e-01	5.1745425475e+00
8.4010439282e-01	5.1743940673e+00
8.4009852140e-01	5.1742831446e+00
8.4009308064e-01	5.1742358049e+00
8.4008858179e-01	5.1743264450e+00
8.4008587402e-01	5.1746774723e+00
8.4008694217e-01	5.1755785943e+00
8.4009607844e-01	5.1776532429e+00
8.4011572320e-01	5.1811287060e+00
8.4015127400e-01	5.1868300565e+00
8.4021253625e-01	5.1961403141e+00
8.4031551677e-01	5.2114219377e+00
8.4048266025e-01	5.2368713585e+00
8.4042097840e-01	5.2650061315e+00
8.4033220926e-01	5.2645106017e+00
8.4024109645e-01	5.2639136807e+00
8.4014788852e-01	5.2632453538e+00
8.4005088996e-01	5.2625330837e+00
8.3995089869e-01	5.2617913915e+00
8.3984843940e-01	5.2610281030e+00
8.3974267139e-01	5.2602479671e+00
8.3963110827e-01	5.2594541861e+00
8.3951792498e-01	5.2586490846e+00
8.3940434589e-01	5.2578344364e+00
8.3929036910e-01	5.2570116416e+00
8.3917599192e-01	5.2561818394e+00
8.3906121212e-01	5.2553459739e+00
8.3894599655e-01	5.2545048440e+00
8.3882984956e-01	5.2536591345e+00
8.3871299319e-01	5.2528094434e+00
8.3859556990e-01	5.2519562983e+00
8.3847760742e-01	5.2511001690e+00
8.3835911329e-01	5.2502414853e+00
8.3824009233e-01	5.2493806405e+00
8.3812054523e-01	5.2485180005e+00
8.3800043565e-01	5.2476539087e+00
8.3787978469e-01	5.2467886921e+00
8.3775857630e-01	5.2459226627e+00
8.3763679019e-01	5.2450561145e+00
8.3751440280e-01	5.2441893346e+00
8.3739132971e-01	5.2433225914e+00
8.3726750611e-01	5.2424561337e+00
8.3714280766e-01	5.2415901907e+00
8.3701751991e-01	5.2407249545e+00
8.3689179056e-01	5.2398605731e+00
8.3676561807e-01	5.2389971243e+00
8.3663899992e-01	5.2381345874e+00
8.3651193309e-01	5.2372728171e+00
8.3638441456e-01	5.2364115107e+00
8.3625644204e-01	5.2355501770e+00
8.3612801028e-01	5.2346880747e+00
8.3599911556e-01	5.2338241961e+00
8.3586975163e-01	5.2329572165e+00
8.3573991525e-01	5.2320854886e+00
8.3560959935e-01	5.2311954611e+00
8.3547879827e-01	5.2302938988e+00
8.3534750573e-01	5.2293805736e+00
8.3521571553e-01	5.2284527049e+00
8.3508342245e-01	5.2275074535e+00
8.3495062146e-01	5.2265420609e+00
8.3481730853e-01	5.2255540132e+00
8.3468347974e-01	5.2245411998e+00
8.3454913235e-01	5.2235020710e+00
8.3441426441e-01	5.2224357537e+00
8.3427887465e-01	5.2213421209e+00
8.3414296213e-01	5.2202218030e+00
8.3400652654e-01	5.2190761435e+00
8.3386956810e-01	5.2179071008e+00
8.3373208631e-01	5.2167170828e+00
8.3359408056e-01	5.2155088214e+00
8.3345555094e-01	5.2142852015e+00
8.3331649638e-01	5.2130490997e+00
8.3317691552e-01	5.2118032750e+00
8.3303680725e-01	5.2105502862e+00
8.3289616986e-01	5.2092924232e+00
8.3275500139e-01	5.2080316832e+00
8.3261329940e-01	5.2067697629e+00
8.3247106207e-01	5.2055080806e+00
8.3232828630e-01	5.2042477829e+00
8.3218496927e-01	5.2029897895e+00
8.3204110804e-01	5.2017348223e+00
8.3189669954e-01	5.2004834396e+00
8.3175174062e-01	5.1992360672e+00
8.3160622804e-01	5.1979930270e+00
8.3146015820e-01	5.1967545588e+00
8.3131352838e-01	5.1955208515e+00
8.3116633490e-01	5.1942920439e+00
8.3101857432e-01	5.1930682487e+00
8.3087024309e-01	5.1918495598e+00
8.3072133708e-01	5.1906360592e+00
8.3057185276e-01	5.1894278264e+00
8.3042178605e-01	5.1882249339e+00
8.3027113302e-01	5.1870274423e+00
8.3011988912e-01	5.1858352698e+00
8.2996804637e-01	5.1846467903e+00
8.2981556594e-01	5.1834437387e+00
8.2966208502e-01	5.1820299254e+00
8.2961434512e-01	5.1786684292e+00
8.2960172659e-01	5.1752149705e+00
8.2959402370e-01	5.1743907271e+00
8.2958654776e-01	5.1738475917e+00
8.2957921576e-01	5.1734789197e+00
8.2957189392e-01	5.1731847999e+00
8.2956461356e-01	5.1729343368e+00
8.2955739543e-01	5.1727125287e+00
8.2955024173e-01	5.1725105008e+00
8.2954309125e-01	5.1723147503e+00
8.2953603782e-01	5.1721351212e+00
8.2952917442e-01	5.1719814580e+00
8.2952262715e-01	5.1718680766e+00
8.2951665916e-01	5.1718261030e+00
8.2951191532e-01	5.1719356295e+00
8.2950950996e-01	5.1723342344e+00
8.2951214879e-01	5.1733564495e+00
8.2952540135e-01	5.1756743717e+00
8.2955208990e-01	5.1795255767e+00
8.2959896164e-01	5.1858370184e+00
8.2967784743e-01	5.1961444587e+00
8.2980731610e-01	5.2130889812e+00
8.3000849989e-01	5.2413667085e+00
8.2993145386e-01	5.2649645604e+00
8.2983761658e-01	5.2644347901e+00
8.2974127681e-01	5.2638016020e+00
8.2964267146e-01	5.2630979694e+00
8.2953981584e-01	5.2623513083e+00
8.2943432571e-01	5.2615758135e+00
8.2932534365e-01	5.2607791232e+00
8.2921286395e-01	5.2599658937e+00
8.2909481807e-01	5.2591392799e+00
8.2897594600e-01	5.2583015800e+00
8.2885665717e-01	5.2574545495e+00
8.2873694977e-01	5.2565995805e+00
8.2861682059e-01	5.2557378035e+00
8.2849626706e-01	5.2548701579e+00
8.2837502637e-01	5.2539974379e+00
8.2825278261e-01	5.2531203249e+00
8.2812991538e-01	5.2522394128e+00
8.2800645355e-01	5.2513552254e+00
8.2788241976e-01	5.2504682334e+00
8.2775780840e-01	5.2495788627e+00
8.2763263070e-01	5.2486875079e+00
8.2750688138e-01	5.2477945296e+00
8.2738055397e-01	5.2469002721e+00
8.2725363250e-01	5.2460050613e+00
8.2712609383e-01	5.2451092054e+00
8.2699791199e-01	5.2442129994e+00
8.2686901639e-01	5.2433167257e+00
8.2673930560e-01	5.2424206530e+00
8.2660864430e-01	5.2415250336e+00
8.2647734002e-01	5.2406300952e+00
8.2634557309e-01	5.2397360320e+00
8.2621334179e-01	5.2388429845e+00
8.2608064395e-01	5.2379510203e+00
8.2594747691e-01	5.2370601090e+00
8.2581383744e-01	5.2361700905e+00
8.2567972300e-01	5.2352806457e+00
8.2554512945e-01	5.2343912561e+00
8.2541005146e-01	5.2335011527e+00
8.2527448560e-01	5.2326092951e+00
8.2513842623e-01	5.2317108028e+00
8.2500186707e-01	5.2307967401e+00
8.2486480292e-01	5.2298757366e+00
8.2472722665e-01	5.2289454039e+00
8.2458913274e-01	5.2280031010e+00
8.2445051468e-01	5.2270460068e+00
8.2431136662e-01	5.2260712522e+00
8.2417168329e-01	5.2250760689e+00
8.2403146012e-01	5.2240579534e+00
8.2389069337e-01	5.2230148367e+00
8.2374937982e-01	5.2219452319e+00
8.2360751816e-01	5.2208483606e+00
8.2346510612e-01	5.2197241961e+00
8.2332214410e-01	5.2185734961e+00
8.2317863076e-01	5.2173977132e+00
8.2303456652e-01	5.2161989138e+00
8.2288995080e-01	5.2149795958e+00
8.2274478284e-01	5.2137425561e+00
8.2259906285e-01	5.2124907231e+00
8.2245278926e-01	5.2112269863e+00
8.2230596115e-01	5.2099541048e+00
8.2215857701e-01	5.2086746110e+00
8.2201063524e-01	5.2073907605e+00
8.2186213343e-01	5.2061045017e+00
8.2171306914e-01	5.2048174822e+00
8.2156343949e-01	5.2035310598e+00
8.2141324163e-01	5.2022463341e+00
8.2126247293e-01	5.2009641793e+00
8.2111113041e-01	5.1996852749e+00
8.2095921024e-01	5.1984101348e+00
8.2080670950e-01	5.1971391542e+00
8.2065362452e-01	5.1958726239e+00
8.2049995179e-01	5.1946107615e+00
8.2034568774e-01	5.1933537299e+00
8.2019082853e-01	5.1921016538e+00
8.2003536985e-01	5.1908546321e+00
8.1987930768e-01	5.1896127477e+00
8.1972263781e-01	5.1883760735e+00
8.1956535637e-01	5.1871446819e+00
8.1940745840e-01	5.1859186392e+00
8.1924894019e-01	5.1846979991e+00
8.1908979863e-01	5.1834826540e+00
8.1893002587e-01	5.1822707383e+00
8.1876957490e-01	5.1810414396e+00
8.1860802074e-01	5.1795715802e+00
8.1856452220e-01	5.1759736348e+00
8.1855174489e-01	5.1727740797e+00
8.1854358543e-01	5.1719440937e+00
8.1853565969e-01	5.1714017959e+00
8.1852788384e-01	5.1710315443e+00
8.1852011256e-01	5.1707325312e+00
8.1851238865e-01	5.1704767415e+00
8.1850473277e-01	5.1702494216e+00
8.1849714862e-01	5.1700419955e+00
8.1848956632e-01	5.1698401892e+00
8.1848210380e-01	5.1696559703e+00
8.1847486411e-01	5.1694992051e+00
8.1846799653e-01	5.1693851036e+00
8.1846184015e-01	5.1693497224e+00
8.1845716120e-01	5.1694793125e+00
8.1845531943e-01	5.1699253015e+00
8.1845973881e-01	5.1710692656e+00
8.1847716093e-01	5.1736696653e+00
8.1851086108e-01	5.1779503597e+00
8.1856907431e-01	5.1849455574e+00
8.1866599058e-01	5.1963721674e+00
8.1882393084e-01	5.2151918133e+00
8.1905386125e-01	5.2466844923e+00
8.1894747756e-01	5.2649156980e+00
8.1885176712e-01	5.2643496458e+00
8.1875337197e-01	5.2636787174e+00
8.1865238562e-01	5.2629386890e+00
8.1854680768e-01	5.2621566910e+00
8.1843928356e-01	5.2613465103e+00
8.1832698763e-01	5.2605155714e+00
8.1821058331e-01	5.2596684271e+00
8.1808976176e-01	5.2588081795e+00
8.1796852285e-01	5.2579370951e+00
8.1784686581e-01	5.2570569133e+00
8.1772478808e-01	5.2561690115e+00
8.1760228640e-01	5.2552745125e+00
8.1747932907e-01	5.2543743486e+00
8.1735530252e-01	5.2534693090e+00
8.1723046730e-01	5.2525600702e+00
8.1710501241e-01	5.2516472224e+00
8.1697896191e-01	5.2507312869e+00
8.1685232348e-01	5.2498127315e+00
8.1672510262e-01	5.2488919801e+00
8.1659729632e-01	5.2479694219e+00
8.1646889466e-01	5.2470454207e+00
8.1633988213e-01	5.2461203160e+00
8.1621023241e-01	5.2451944319e+00
8.1607991774e-01	5.2442680745e+00
8.1594889081e-01	5.2433415408e+00
8.1581700193e-01	5.2424151079e+00
8.1568410415e-01	5.2414890464e+00
8.1555051512e-01	5.2405636118e+00
8.1541646479e-01	5.2396390320e+00
8.1528195197e-01	5.2387154983e+00
8.1514697448e-01	5.2377931420e+00
8.1501152992e-01	5.2368720208e+00
8.1487561536e-01	5.2359520897e+00
8.1473922814e-01	5.2350331763e+00
8.1460236469e-01	5.2341149405e+00
8.1446502002e-01	5.2331968354e+00
8.1432719109e-01	5.2322780662e+00
8.1418887261e-01	5.2313483775e+00
8.1405005859e-01	5.2304100683e+00
8.1391074321e-01	5.2294668000e+00
8.1377092124e-01	5.2285164617e+00
8.1363058545e-01	5.2275566136e+00
8.1348972960e-01	5.2265845629e+00
8.1334834791e-01	5.2255974543e+00
8.1320643463e-01	5.2245923943e+00
8.1306398403e-01	5.2235666050e+00
8.1292099119e-01	5.2225175980e+00
8.1277745318e-01	5.2214433543e+00
8.1263336687e-01	5.2203424582e+00
8.1248873036e-01	5.2192142207e+00
8.1234354197e-01	5.2180587298e+00
8.1219780212e-01	5.2168768615e+00
8.1205151009e-01	5.2156701893e+00
8.1190466579e-01	5.2144408800e+00
8.1175726915e-01	5.2131915199e+00
8.1160931998e-01	5.2119249723e+00
8.1146081781e-01	5.2106441952e+00
8.1131176188e-01	5.2093520962e+00
8.1116215074e-01	5.2080514190e+00
8.1101198363e-01	5.2067446745e+00
8.1086125841e-01	5.2054340730e+00
8.1070997299e-01	5.2041215171e+00
8.1055812501e-01	5.2028086022e+00
8.1040571137e-01	5.2014966312e+00
8.1025272978e-01	5.2001866563e+00
8.1009917739e-01	5.1988795022e+00
8.0994505116e-01	5.1975758037e+00
8.0979034753e-01	5.1962760391e+00
8.0963506327e-01	5.1949805674e+00
8.0947919491e-01	5.1936896527e+00
8.0932273840e-01	5.1924034895e+00
8.0916568952e-01	5.1911222214e+00
8.0900804452e-01	5.1898459575e+00
8.0884979932e-01	5.1885747842e+00
8.0869094958e-01	5.1873087743e+00
8.0853149044e-01	5.1860479924e+00
8.0837141980e-01	5.1847925048e+00
8.0821073400e-01	5.1835423701e+00
8.0804942960e-01	5.1822976396e+00
8.0788750149e-01	5.1810581711e+00
8.0772494159e-01	5.1798217877e+00
8.0756169618e-01	5.1785643495e+00
8.0739726760e-01	5.1770275237e+00
8.0736157861e-01	5.1755787383e+00
8.0735267809e-01	5.1746441413e+00
8.0734369749e-01	5.1734562358e+00
8.0733476266e-01	5.1721312627e+00
8.0732593677e-01	5.1708595141e+00
8.0731731234e-01	5.1698416948e+00
8.0730897710e-01	5.1691574822e+00
8.0730084433e-01	5.1687055289e+00
8.0729280655e-01	5.1683727400e+00
8.0728475808e-01	5.1680884275e+00
8.0727678582e-01	5.1678411421e+00
8.0726888785e-01	5.1676176193e+00
8.0726103710e-01	5.1674076874e+00
8.0725322666e-01	5.1672064724e+00
8.0724560802e-01	5.1670290438e+00
8.0723830669e-01	5.1668870193e+00
8.0723154958e-01	5.1668023996e+00
8.0722595862e-01	5.1668406897e+00
8.0722265000e-01	5.1671196830e+00
8.0722401290e-01	5.1678874913e+00
8.0723608622e-01	5.1697536693e+00
8.0726150950e-01	5.1729113318e+00
8.0730668543e-01	5.1780523777e+00
8.0738278696e-01	5.1864112973e+00
8.0753825452e-01	5.1948171001e+00
8.0774066756e-01	5.2036346780e+00
8.0797574097e-01	5.2180571557e+00
8.0813504128e-01	5.2349281832e+00
8.0820383838e-01	5.2629007495e+00
8.0807975323e-01	5.2648057824e+00
8.0798191225e-01	5.2641903927e+00
8.0788118370e-01	5.2634722145e+00
8.0777693906e-01	5.2626899653e+00
8.0766863217e-01	5.2618686266e+00
8.0755776145e-01	5.2610206816e+00
8.0744262717e-01	5.2601529590e+00
8.0732115406e-01	5.2592697253e+00
8.0719787348e-01	5.2583739288e+00
8.0707416688e-01	5.2574677446e+00
8.0695003323e-01	5.2565528506e+00
8.0682546919e-01	5.2556305831e+00
8.0670047142e-01	5.2547020351e+00
8.0657467116e-01	5.2537681151e+00
8.0644776893e-01	5.2528295946e+00
8.0632017701e-01	5.2518871357e+00
8.0619195360e-01	5.2509413169e+00
8.0606311781e-01	5.2499926500e+00
8.0593367448e-01	5.2490415958e+00
8.0580362202e-01	5.2480885715e+00
8.0567294699e-01	5.2471339612e+00
8.0554163449e-01	5.2461781239e+00
8.0540965452e-01	5.2452213959e+00
8.0527697775e-01	5.2442640964e+00
8.0514356370e-01	5.2433065317e+00
8.0500923269e-01	5.2423489903e+00
8.0487381874e-01	5.2413917536e+00
8.0473768506e-01	5.2404350915e+00
8.0460108273e-01	5.2394792605e+00
8.0446400977e-01	5.2385244777e+00
8.0432646472e-01	5.2375709241e+00
8.0418844579e-01	5.2366187197e+00
8.0404994959e-01	5.2356678981e+00
8.0391097348e-01	5.2347183943e+00
8.0377151397e-01	5.2337700019e+00
8.0363156637e-01	5.2328223388e+00
8.0349112882e-01	5.2318738481e+00
8.0335019401e-01	5.2309105599e+00
8.0320875777e-01	5.2299453864e+00
8.0306681369e-01	5.2289768184e+00
8.0292435710e-01	5.2280030118e+00
8.0278138111e-01	5.2270217613e+00
8.0263787881e-01	5.2260305508e+00
8.0249384398e-01	5.2250266211e+00
8.0234927019e-01	5.2240070665e+00
8.0220415182e-01	5.2229689776e+00
8.0205848306e-01	5.2219095958e+00
8.0191225892e-01	5.2208264936e+00
8.0176547659e-01	5.2197177573e+00
8.0161813297e-01	5.2185821150e+00
8.0147022627e-01	5.2174190523e+00
8.0132175504e-01	5.2162288497e+00
8.0117271955e-01	5.2150125745e+00
8.0102311927e-01	5.2137719798e+00
8.0087295383e-01	5.2125093779e+00
8.0072222361e-01	5.2112274749e+00
8.0057092825e-01	5.2099292050e+00
8.0041906769e-01	5.2086175585e+00
8.0026664075e-01	5.2072954351e+00
8.0011364625e-01	5.2059655453e+00
7.9996008265e-01	5.2088701950e+00
8.0280520431e-01	5.1981589899e+00
8.0261843387e-01	5.1953856120e+00
8.0241390038e-01	5.1929118721e+00
8.0218521969e-01	5.1906403239e+00
8.0193056620e-01	5.1884317127e+00
8.0170771632e-01	5.1866398563e+00
8.0150539653e-01	5.1850756296e+00
8.0131745062e-01	5.1836560769e+00
8.0114010759e-01	5.1823373179e+00
8.0097087165e-01	5.1810931132e+00
8.0080799470e-01	5.1799063797e+00
8.0065020320e-01	5.1787653023e+00
8.0049653968e-01	5.1776613372e+00
8.0034626250e-01	5.1765880852e+00
8.0019878629e-01	5.1755406321e+00
8.0005363918e-01	5.1745151150e+00
7.9991043556e-01	5.1735084416e+00
7.9976885469e-01	5.1725180878e+00
7.9962862897e-01	5.1715419555e+00
7.9948952971e-01	5.1705654276e+00
7.9935136125e-01	5.1695991201e+00
7.9921395570e-01	5.1686423986e+00
7.9907716692e-01	5.1676938948e+00
7.9894086603e-01	5.1667522432e+00
7.9880493938e-01	5.1658160227e+00
7.9866928587e-01	5.1648836944e+00
7.9853381512e-01	5.1639535461e+00
7.9839844595e-01	5.1630236438e+00
7.9826310530e-01	5.1620917990e+00
7.9812772696e-01	5.1611555549e+00
7.9799225276e-01	5.1602122066e+00
7.9785662890e-01	5.1592588274e+00
7.9772080894e-01	5.1582923690e+00
7.9758475145e-01	5.1573097572e+00
7.9744842031e-01	5.1563080399e+00
7.9731178514e-01	5.1552845506e+00
7.9717481871e-01	5.1542370542e+00
7.9703749932e-01	5.1531639164e+00
7.9689980837e-01	5.1520642029e+00
7.9676173070e-01	5.1509377500e+00
7.9662325258e-01	5.1497851549e+00
7.9648436319e-01	5.1486077371e+00
7.9634505278e-01	5.1474074143e+00
7.9620531289e-01	5.1461865623e+00
7.9606513508e-01	5.1449478408e+00
7.9592451130e-01	5.1436940344e+00
7.9578343469e-01	5.1424279213e+00
7.9564189728e-01	5.1411521351e+00
7.9549989208e-01	5.1398690997e+00
7.9535741170e-01	5.1385809644e+00
7.9521444911e-01	5.1372895903e+00
7.9507099756e-01	5.1359965460e+00
7.9492704963e-01	5.1347031162e+00
7.9478259842e-01	5.1334103386e+00
7.9463763693e-01	5.1321190331e+00
7.9449215741e-01	5.1308298362e+00
7.9434615297e-01	5.1295432342e+00
7.9419961677e-01	5.1282595950e+00
7.9405254209e-01	5.1269791951e+00
7.9390492230e-01	5.1257022429e+00
7.9375675218e-01	5.1244288985e+00
7.9360802704e-01	5.1231592887e+00
7.9345874238e-01	5.1218935188e+00
7.9330889429e-01	5.1206316814e+00
7.9315848015e-01	5.1193738650e+00
7.9300749683e-01	5.1181201511e+00
7.9285594155e-01	5.1168706189e+00
7.9270380929e-01	5.1156252617e+00
7.9255109402e-01	5.1143813883e+00
7.9239776591e-01	5.1131124262e+00
7.9224357761e-01	5.1117200006e+00
7.9215570412e-01	5.1096554095e+00
7.9214689191e-01	5.1087060129e+00
7.9213797059e-01	5.1075033053e+00
7.9212906532e-01	5.1061547007e+00
7.9212023755e-01	5.1048459271e+00
7.9211156766e-01	5.1037789174e+00
7.9210315708e-01	5.1030508388e+00
7.9209486923e-01	5.1025669472e+00
7.9208647631e-01	5.1022116652e+00
7.9207760530e-01	5.1019079688e+00
7.9206794062e-01	5.1016388436e+00
7.9205656751e-01	5.1013831467e+00
7.9204099755e-01	5.1011132549e+00
7.9201240871e-01	5.1007708113e+00
7.9191721205e-01	5.1000725355e+00
7.9177347141e-01	5.0992513446e+00
7.9163077526e-01	5.0986360575e+00
7.9149213483e-01	5.0983658622e+00
7.9135718333e-01	5.0984044380e+00
7.9122465339e-01	5.0987870773e+00
7.9121444925e-01	5.0991230155e+00
7.9121059359e-01	5.0993466765e+00
7.9120711753e-01	5.0996130003e+00
7.9120407854e-01	5.0999278218e+00
7.9120165078e-01	5.1003121874e+00
7.9119999917e-01	5.1007838658e+00
7.9119914544e-01	5.1013414791e+00
7.9119922624e-01	5.1019996623e+00
7.9120055450e-01	5.1027936182e+00
7.9120373127e-01	5.1037905641e+00
7.9120885834e-01	5.1049881021e+00
7.9121630712e-01	5.1064322575e+00
7.9122708269e-01	5.1082334629e+00
7.9124272373e-01	5.1105575893e+00
7.9126383119e-01	5.1134645777e+00
7.9129214364e-01	5.1171028103e+00
7.9133289767e-01	5.1220398888e+00
7.9139049603e-01	5.1287444103e+00
7.9147143155e-01	5.1378881406e+00
7.9159150970e-01	5.1511218496e+00
7.9178224722e-01	5.1717588967e+00
7.9207295322e-01	5.2030681844e+00
7.9243831373e-01	5.2497699006e+00
7.9229965579e-01	5.2618306313e+00
7.9220105324e-01	5.2611620768e+00
7.9209923630e-01	5.2603838873e+00
7.9199332852e-01	5.2595375991e+00
7.9188309125e-01	5.2586507021e+00
7.9176944470e-01	5.2577366263e+00
7.9165108305e-01	5.2568025690e+00
7.9152626470e-01	5.2558529745e+00
7.9140059887e-01	5.2548908935e+00
7.9127449897e-01	5.2539185681e+00
7.9114796394e-01	5.2529377229e+00
7.9102098964e-01	5.2519497284e+00
7.9089340941e-01	5.2509557001e+00
7.9076443629e-01	5.2499565644e+00
7.9063467903e-01	5.2489531039e+00
7.9050421196e-01	5.2479459894e+00
7.9037308846e-01	5.2469358072e+00
7.9024131542e-01	5.2459230735e+00
7.9010888569e-01	5.2449082491e+00
7.8997578683e-01	5.2438917541e+00
7.8984199989e-01	5.2428739736e+00
7.8970749220e-01	5.2418552656e+00
7.8957222838e-01	5.2408359634e+00
7.8943605080e-01	5.2398163817e+00
7.8929878147e-01	5.2387968248e+00
7.8916038554e-01	5.2377775913e+00
7.8902147155e-01	5.2367589699e+00
7.8888208285e-01	5.2357412379e+00
7.8874221784e-01	5.2347246429e+00
7.8860187452e-01	5.2337094008e+00
7.8846105106e-01	5.2326956877e+00
7.8831974420e-01	5.2316836158e+00
7.8817795117e-01	5.2306732253e+00
7.8803566810e-01	5.2296644440e+00
7.8789289233e-01	5.2286506064e+00
7.8774961870e-01	5.2276275826e+00
7.8760584274e-01	5.2266050039e+00
7.8746155991e-01	5.2255820012e+00
7.8731676452e-01	5.2245573957e+00
7.8717145236e-01	5.2235296854e+00
7.8702561626e-01	5.2224969919e+00
7.8687925012e-01	5.2214570913e+00
7.8673234810e-01	5.2204074423e+00
7.8658490271e-01	5.2193452350e+00
7.8643690728e-01	5.2182675134e+00
7.8628835551e-01	5.2171713122e+00
7.8613924131e-01	5.2160538251e+00
7.8598956030e-01	5.2149125902e+00
7.8583930904e-01	5.2137456684e+00
7.8568848422e-01	5.2125517868e+00
7.8553708389e-01	5.2113304552e+00
7.8538510690e-01	5.2100820052e+00
7.8523255268e-01	5.2088075649e+00
7.8507942106e-01	5.2075089703e+00
7.8492571202e-01	5.2061886230e+00
7.8477142555e-01	5.2048493036e+00
7.8461656092e-01	5.2034940079e+00
7.8446111870e-01	5.2021257878e+00
7.8430509754e-01	5.2007475723e+00
7.8414849624e-01	5.1993620853e+00
7.8399131322e-01	5.1979717691e+00
7.8383354651e-01	5.1965787442e+00
7.8367519384e-01	5.1951848016e+00
7.8351625232e-01	5.1937914126e+00
7.8335671917e-01	5.1923997616e+00
7.8319659097e-01	5.1910107826e+00
7.8303586304e-01	5.1896251803e+00
7.8287453188e-01	5.1882434924e+00
7.8271259293e-01	5.1868661076e+00
7.8255004149e-01	5.1854933068e+00
7.8238687519e-01	5.1841252887e+00
7.8222309089e-01	5.1827621928e+00
7.8205868459e-01	5.1814041177e+00
7.8189365191e-01	5.1800511358e+00
7.8172798944e-01	5.1787033038e+00
7.8156169483e-01	5.1773606693e+00
7.8139476582e-01	5.1760232812e+00
7.8122720051e-01	5.1746911894e+00
7.8105899591e-01	5.1733644424e+00
7.8089014817e-01	5.1720430727e+00
7.8072065236e-01	5.1707161598e+00
7.8055049514e-01	5.1693838891e+00
7.8037960747e-01	5.1680241926e+00
7.8020737191e-01	5.1663173598e+00
7.8017954207e-01	5.1648710413e+00
7.8016984879e-01	5.1638551638e+00
7.8016008394e-01	5.1626010383e+00
7.8015039489e-01	5.1612509398e+00
7.8014082352e-01	5.1599917371e+00
7.8013149084e-01	5.1590170455e+00
7.8012246467e-01	5.1583645399e+00
7.8011364732e-01	5.1579218529e+00
7.8010489956e-01	5.1575791504e+00
7.8009615220e-01	5.1572812136e+00
7.8008749441e-01	5.1570180094e+00
7.8007892792e-01	5.1567781869e+00
7.8007039190e-01	5.1565489362e+00
7.8006194901e-01	5.1563332036e+00
7.8005376778e-01	5.1561455078e+00
7.8004602906e-01	5.1560014957e+00
7.8003907888e-01	5.1559320346e+00
7.8003385785e-01	5.1560268310e+00
7.8003200850e-01	5.1564414592e+00
7.8003749694e-01	5.1575518963e+00
7.8005882911e-01	5.1601693564e+00
7.8009965276e-01	5.1645496391e+00
7.8016988000e-01	5.1717210963e+00
7.8028639503e-01	5.1832557013e+00
7.8047607974e-01	5.2021728979e+00
7.8077683494e-01	5.2337809082e+00
7.8075822626e-01	5.2619053698e+00
7.8065545099e-01	5.2612221174e+00
7.8054929348e-01	5.2604226511e+00
7.8043900109e-01	5.2595481963e+00
7.8032400970e-01	5.2586299393e+00
7.8020539170e-01	5.2576830140e+00
7.8008173001e-01	5.2567153156e+00
7.7995151473e-01	5.2557316153e+00
7.7982056729e-01	5.2547351469e+00
7.7968916650e-01	5.2537282662e+00
7.7955731132e-01	5.2527127735e+00
7.7942499738e-01	5.2516900944e+00
7.7929183825e-01	5.2506613845e+00
7.7915727521e-01	5.2496275964e+00
7.7902188975e-01	5.2485895364e+00
7.7888579278e-01	5.2475478940e+00
7.7874899536e-01	5.2465032664e+00
7.7861150042e-01	5.2454561787e+00
7.7847329989e-01	5.2444071013e+00
7.7833438324e-01	5.2433564603e+00
7.7819472339e-01	5.2423046391e+00
7.7805424948e-01	5.2412520009e+00
7.7791290228e-01	5.2401988830e+00
7.7777046976e-01	5.2391455985e+00
7.7762671027e-01	5.2380924601e+00
7.7748220740e-01	5.2370397689e+00
7.7733720977e-01	5.2359878178e+00
7.7719171692e-01	5.2349368839e+00
7.7704572717e-01	5.2338872176e+00
7.7689923768e-01	5.2328390307e+00
7.7675224678e-01	5.2317925077e+00
7.7660475115e-01	5.2307477697e+00
7.7645674649e-01	5.2297048586e+00
7.7630823069e-01	5.2286573703e+00
7.7615919765e-01	5.2276005883e+00
7.7600964432e-01	5.2265450625e+00
7.7585956524e-01	5.2254902064e+00
7.7570895695e-01	5.2244351903e+00
7.7555781384e-01	5.2233788719e+00
7.7540613067e-01	5.2223197774e+00
7.7525390083e-01	5.2212560656e+00
7.7510111719e-01	5.2201855351e+00
7.7494777314e-01	5.2191056558e+00
7.7479386170e-01	5.2180136260e+00
7.7463937592e-01	5.2169064729e+00
7.7448430950e-01	5.2157811981e+00
7.7432865594e-01	5.2146349391e+00
7.7417241001e-01	5.2134651570e+00
7.7401556748e-01	5.2122698234e+00
7.7385812514e-01	5.2110475786e+00
7.7370008076e-01	5.2097978447e+00
7.7354143298e-01	5.2085208773e+00
7.7338218108e-01	5.2072177459e+00
7.7322232480e-01	5.2058902484e+00
7.7306186405e-01	5.2045407708e+00
7.7290079877e-01	5.2031721015e+00
7.7273912874e-01	5.2017872597e+00
7.7257685272e-01	5.2003893147e+00
7.7241397134e-01	5.1989812514e+00
7.7225048223e-01	5.1975658246e+00
7.7208638448e-01	5.1961455189e+00
7.7192167567e-01	5.1947224850e+00
7.7175635341e-01	5.1932985401e+00
7.7159041419e-01	5.1918751776e+00
7.7142385326e-01	5.1904535889e+00
7.7125666791e-01	5.1890347192e+00
7.7108885295e-01	5.1876192749e+00
7.7092040436e-01	5.1862077936e+00
7.7075131951e-01	5.1848006600e+00
7.7058159511e-01	5.1833981493e+00
7.7041122715e-01	5.1820004546e+00
7.7024021109e-01	5.1806077083e+00
7.7006854344e-01	5.1792200019e+00
7.6989622204e-01	5.1778374016e+00
7.6972324422e-01	5.1764599579e+00
7.6954960779e-01	5.1750877147e+00
7.6937530950e-01	5.1737207142e+00
7.6920034637e-01	5.1723589988e+00
7.6902471365e-01	5.1709957959e+00
7.6884840391e-01	5.1696256746e+00
7.6867141210e-01	5.1682608925e+00
7.6849372957e-01	5.1668995690e+00
7.6831530547e-01	5.1655208529e+00
7.6813567797e-01	5.1639011671e+00
7.6807754512e-01	5.1620926880e+00
7.6806733100e-01	5.1610591927e+00
7.6805704439e-01	5.1597872300e+00
7.6804684127e-01	5.1584246693e+00
7.6803676350e-01	5.1571612003e+00
7.6802693518e-01	5.1561873042e+00
7.6801742642e-01	5.1555348290e+00
7.6800813453e-01	5.1550888066e+00
7.6799890859e-01	5.1547395405e+00
7.6798968678e-01	5.1544346124e+00
7.6798056137e-01	5.1541643002e+00
7.6797153547e-01	5.1539175559e+00
7.6796253674e-01	5.1536806536e+00
7.6795365459e-01	5.1534588665e+00
7.6794506817e-01	5.1532667622e+00
7.6793698543e-01	5.1531214228e+00
7.6792982116e-01	5.1530577300e+00
7.6792466900e-01	5.1531743378e+00
7.6792344987e-01	5.1536427776e+00
7.6793099398e-01	5.1548948541e+00
7.6795710335e-01	5.1578117009e+00
7.6800588033e-01	5.1626781228e+00
7.6808969160e-01	5.1706395898e+00
7.6829418792e-01	5.1834501102e+00
7.6859505571e-01	5.2044761047e+00
7.6898397174e-01	5.2397070132e+00
7.6893695325e-01	5.2618416788e+00
7.6883228447e-01	5.2611160678e+00
7.6872404452e-01	5.2602734429e+00
7.6861095072e-01	5.2593578860e+00
7.6849347488e-01	5.2583998373e+00
7.6837150153e-01	5.2574138627e+00
7.6824369813e-01	5.2564076007e+00
7.6811077671e-01	5.2553857080e+00
7.6797739364e-01	5.2543513603e+00
7.6784354857e-01	5.2533068798e+00
7.6770923998e-01	5.2522540458e+00
7.6757445298e-01	5.2511942703e+00
7.6743823869e-01	5.2501286982e+00
7.6730087639e-01	5.2490582746e+00
7.6716274555e-01	5.2479837988e+00
7.6702384097e-01	5.2469059550e+00
7.6688421186e-01	5.2458253344e+00
7.6674384796e-01	5.2447424565e+00
7.6660273451e-01	5.2436577915e+00
7.6646084754e-01	5.2425717575e+00
7.6631815003e-01	5.2414847392e+00
7.6617452874e-01	5.2403970907e+00
7.6602983231e-01	5.2393091455e+00
7.6588372551e-01	5.2382212256e+00
7.6573666502e-01	5.2371336444e+00
7.6558910220e-01	5.2360467076e+00
7.6544103592e-01	5.2349606996e+00
7.6529246513e-01	5.2338758923e+00
7.6514338837e-01	5.2327925319e+00
7.6499380313e-01	5.2317108309e+00
7.6484370513e-01	5.2306309538e+00
7.6469309101e-01	5.2295530131e+00
7.6454195855e-01	5.2284676069e+00
7.6439030215e-01	5.2273757535e+00
7.6423811855e-01	5.2262856401e+00
7.6408540295e-01	5.2251968738e+00
7.6393215177e-01	5.2241088565e+00
7.6377835931e-01	5.2230207127e+00
7.6362402063e-01	5.2219312684e+00
7.6346912985e-01	5.2208390043e+00
7.6331368041e-01	5.2197420334e+00
7.6315766615e-01	5.2186381121e+00
7.6300107927e-01	5.2175246533e+00
7.6284391194e-01	5.2163988042e+00
7.6268615790e-01	5.2152575608e+00
7.6252780931e-01	5.2140978911e+00
7.6236886014e-01	5.2129169334e+00
7.6220930617e-01	5.2117121770e+00
7.6204914173e-01	5.2104816291e+00
7.6188836422e-01	5.2092240054e+00
7.6172697182e-01	5.2079388233e+00
7.6156496270e-01	5.2066264402e+00
7.6140233619e-01	5.2052880356e+00
7.6123909206e-01	5.2039255130e+00
7.6107523026e-01	5.2025413500e+00
7.6091075034e-01	5.2011384036e+00
7.6074565247e-01	5.1997197445e+00
7.6057993663e-01	5.1982884773e+00
7.6041360106e-01	5.1968475689e+00
7.6024664524e-01	5.1953997745e+00
7.6007906706e-01	5.1939475378e+00
7.5991086349e-01	5.1924929723e+00
7.5974203056e-01	5.1910378492e+00
7.5957256492e-01	5.1895836136e+00
7.5940246233e-01	5.1881314150e+00
7.5923171864e-01	5.1866821444e+00
7.5906033194e-01	5.1852364756e+00
7.5888829880e-01	5.1837949056e+00
7.5871561511e-01	5.1823577914e+00
7.5854227604e-01	5.1809253808e+00
7.5836827938e-01	5.1794978504e+00
7.5819362236e-01	5.1780753136e+00
7.5801830217e-01	5.1766578472e+00
7.5784231710e-01	5.1752455110e+00
7.5766566355e-01	5.1738383463e+00
7.5748833841e-01	5.1724363888e+00
7.5731033692e-01	5.1710333837e+00
7.5713165107e-01	5.1696222768e+00
7.5695227691e-01	5.1682165964e+00
7.5677220964e-01	5.1668163701e+00
7.5659144419e-01	5.1654214398e+00
7.5640997131e-01	5.1640295739e+00
7.5622773011e-01	5.1626161029e+00
7.5604417244e-01	5.1609171431e+00
7.5599570993e-01	5.1591841463e+00
7.5598511669e-01	5.1581204075e+00
7.5597445650e-01	5.1568215278e+00
7.5596389607e-01	5.1554474757e+00
7.5595346394e-01	5.1541873890e+00
7.5594330397e-01	5.1532297158e+00
7.5593347196e-01	5.1525883838e+00
7.5592386031e-01	5.1521448123e+00
7.5591429837e-01	5.1517906324e+00
7.5590475219e-01	5.1514802299e+00
7.5589531017e-01	5.1512036793e+00
7.5588597833e-01	5.1509506192e+00
7.5587666545e-01	5.1507058609e+00
7.5586751264e-01	5.1504789794e+00
7.5585871112e-01	5.1502841598e+00
7.5585050767e-01	5.1501398151e+00
7.5584347000e-01	5.1500899842e+00
7.5583891448e-01	5.1502437242e+00
7.5583923675e-01	5.1507972371e+00
7.5585076599e-01	5.1522702885e+00
7.5588078446e-01	5.1552254693e+00
7.5593477315e-01	5.1601327051e+00
7.5602557796e-01	5.1681507538e+00
7.5616765146e-01	5.1810754371e+00
7.5639629119e-01	5.2022049787e+00
7.5674837375e-01	5.2375885156e+00
7.5670351035e-01	5.2618320061e+00
7.5659717105e-01	5.2610749411e+00
7.5648698012e-01	5.2601978655e+00
7.5637159262e-01	5.2592463011e+00
7.5625192392e-01	5.2582516975e+00
7.5612705295e-01	5.2572289679e+00
7.5599549465e-01	5.2561858825e+00
7.5586016294e-01	5.2551271670e+00
7.5572436070e-01	5.2540560386e+00
7.5558808782e-01	5.2529748500e+00
7.5545134256e-01	5.2518854028e+00
7.5531393416e-01	5.2507891222e+00
7.5517478982e-01	5.2496871640e+00
7.5503469064e-01	5.2485804839e+00
7.5489377863e-01	5.2474698859e+00
7.5475209668e-01	5.2463560569e+00
7.5460964690e-01	5.2452395921e+00
7.5446641808e-01	5.2441210160e+00
7.5432239802e-01	5.2430007946e+00
7.5417749583e-01	5.2418793477e+00
7.5403170100e-01	5.2407570600e+00
7.5388483412e-01	5.2396342881e+00
7.5373657984e-01	5.2385113629e+00
7.5358698113e-01	5.2373886128e+00
7.5343685436e-01	5.2362663552e+00
7.5328621735e-01	5.2351448975e+00
7.5313506845e-01	5.2340245211e+00
7.5298340620e-01	5.2329054941e+00
7.5283122848e-01	5.2317880551e+00
7.5267853185e-01	5.2306724159e+00
7.5252531186e-01	5.2295587379e+00
7.5237156612e-01	5.2284371986e+00
7.5221728966e-01	5.2273093261e+00
7.5206247857e-01	5.2261835360e+00
7.5190712923e-01	5.2250596196e+00
7.5175123827e-01	5.2239371950e+00
7.5159480005e-01	5.2228156504e+00
7.5143781000e-01	5.2216941183e+00
7.5128026265e-01	5.2205714206e+00
7.5112215187e-01	5.2194460329e+00
7.5096347119e-01	5.2183160629e+00
7.5080421395e-01	5.2171792534e+00
7.5064437173e-01	5.2160329968e+00
7.5048393797e-01	5.2148744273e+00
7.5032290465e-01	5.2137005033e+00
7.5016126465e-01	5.2125081638e+00
7.4999901153e-01	5.2112945103e+00
7.4983613970e-01	5.2166085110e+00
7.5024061206e-01	5.2122891517e+00
7.5021431261e-01	5.2111162403e+00
7.5017765399e-01	5.2098735358e+00
7.5003505375e-01	5.2086851717e+00
7.4988991831e-01	5.2076054504e+00
7.4974339613e-01	5.2066593232e+00
7.4959584995e-01	5.2058350494e+00
7.4944744940e-01	5.2050507035e+00
7.4929829345e-01	5.2042145910e+00
7.4914844322e-01	5.2032737053e+00
7.4899793806e-01	5.2022153002e+00
7.4884680359e-01	5.2010502812e+00
7.4869505862e-01	5.1997984913e+00
7.4854271485e-01	5.1984804643e+00
7.4838978051e-01	5.1971140425e+00
7.4823626077e-01	5.1957135114e+00
7.4808215668e-01	5.1942898132e+00
7.4792746759e-01	5.1928511096e+00
7.4777219168e-01	5.1914033792e+00
7.4761632853e-01	5.1899509540e+00
7.4745987763e-01	5.1884969293e+00
7.4730283690e-01	5.1870435036e+00
7.4714520290e-01	5.1855922260e+00
7.4698697210e-01	5.1841441811e+00
7.4682814379e-01	5.1827001267e+00
7.4666871640e-01	5.1812605921e+00
7.4650868913e-01	5.1798259507e+00
7.4634805937e-01	5.1783964684e+00
7.4618682501e-01	5.1769723319e+00
7.4602498051e-01	5.1755426406e+00
7.4586251579e-01	5.1741083832e+00
7.4569940089e-01	5.1726676064e+00
7.4553536729e-01	5.1711002205e+00
7.4543444929e-01	5.1686869024e+00
7.4542445327e-01	5.1676126752e+00
7.4541439704e-01	5.1663013485e+00
7.4540444618e-01	5.1649126186e+00
7.4539463044e-01	5.1636409498e+00
7.4538506586e-01	5.1626675986e+00
7.4537582957e-01	5.1620129028e+00
7.4536681510e-01	5.1615574394e+00
7.4535785244e-01	5.1611927626e+00
7.4534889237e-01	5.1608712738e+00
7.4534003989e-01	5.1605843256e+00
7.4533130066e-01	5.1603213979e+00
7.4532257530e-01	5.1600671635e+00
7.4531400104e-01	5.1598306669e+00
7.4530577698e-01	5.1596268875e+00
7.4529814469e-01	5.1594746452e+00
7.4529164827e-01	5.1594184578e+00
7.4528761239e-01	5.1595705067e+00
7.4528842518e-01	5.1601324189e+00
7.4530041415e-01	5.1616393081e+00
7.4533036473e-01	5.1646177418e+00
7.4538407099e-01	5.1695655770e+00
7.4547460626e-01	5.1776395398e+00
7.4562331198e-01	5.1906574677e+00
7.4586444955e-01	5.2120522148e+00
7.4625742258e-01	5.2478674256e+00
7.4618867305e-01	5.2664675568e+00
7.4609204099e-01	5.2656675746e+00
7.4599117380e-01	5.2647474073e+00
7.4588555946e-01	5.2637548574e+00
7.4577514881e-01	5.2627205446e+00
7.4565955210e-01	5.2616588333e+00
7.4553627535e-01	5.2605772546e+00
7.4540996054e-01	5.2594804251e+00
7.4528321159e-01	5.2583715069e+00
7.4515602839e-01	5.2572528192e+00
7.4502840792e-01	5.2561261432e+00
7.4489977800e-01	5.2549928883e+00
7.4476967083e-01	5.2538542006e+00
7.4463872800e-01	5.2527110256e+00
7.4450697410e-01	5.2515641596e+00
7.4437444921e-01	5.2504142827e+00
7.4424115625e-01	5.2492619848e+00
7.4410708162e-01	5.2481077839e+00
7.4397218804e-01	5.2469521403e+00
7.4383638764e-01	5.2457954699e+00
7.4369956647e-01	5.2446381556e+00
7.4356140982e-01	5.2434805408e+00
7.4342172639e-01	5.2423229713e+00
7.4328146196e-01	5.2411657740e+00
7.4314072845e-01	5.2400092650e+00
7.4299952600e-01	5.2388537484e+00
7.4285785246e-01	5.2376994978e+00
7.4271570654e-01	5.2365467685e+00
7.4257308439e-01	5.2353957961e+00
7.4242998287e-01	5.2342467857e+00
7.4228639876e-01	5.2330877711e+00
7.4214232791e-01	5.2319235745e+00
7.4199776645e-01	5.2307616697e+00
7.4185271144e-01	5.2296019747e+00
7.4170715970e-01	5.2284442671e+00
7.4156110690e-01	5.2272881369e+00
7.4141454830e-01	5.2261329533e+00
7.4126747995e-01	5.2249778239e+00
7.4111989542e-01	5.2238215281e+00
7.4097179018e-01	5.2226625143e+00
7.4082315669e-01	5.2214988378e+00
7.4067398900e-01	5.2203282011e+00
7.4052427893e-01	5.2191479513e+00
7.4037401960e-01	5.2179551784e+00
7.4022320378e-01	5.2167468119e+00
7.4007182512e-01	5.2155197753e+00
7.3991987648e-01	5.2142711611e+00
7.3976735311e-01	5.2129984391e+00
7.3961425131e-01	5.2116996438e+00
7.3946056755e-01	5.2103735253e+00
7.3930629936e-01	5.2090196655e+00
7.3915144661e-01	5.2076385302e+00
7.3899600843e-01	5.2062314063e+00
7.3883998443e-01	5.2048003092e+00
7.3868337532e-01	5.2033478310e+00
7.3852618177e-01	5.2018769335e+00
7.3836840296e-01	5.2003907506e+00
7.3821003902e-01	5.1988924397e+00
7.3805108650e-01	5.1973849958e+00
7.3789154307e-01	5.1958711688e+00
7.3773140605e-01	5.1943533886e+00
7.3757067348e-01	5.1928337361e+00
7.3740934436e-01	5.1913139399e+00
7.3724741630e-01	5.1897953968e+00
7.3708488518e-01	5.1882792001e+00
7.3692174805e-01	5.1867661983e+00
7.3675800303e-01	5.1852570170e+00
7.3659364822e-01	5.1837521109e+00
7.3642868167e-01	5.1822517989e+00
7.3626310191e-01	5.1807563016e+00
7.3609690532e-01	5.1792657590e+00
7.3593009059e-01	5.1777802699e+00
7.3576265183e-01	5.1762995089e+00
7.3559458310e-01	5.1748033974e+00
7.3542587852e-01	5.1733125621e+00
7.3525653380e-01	5.1718270294e+00
7.3508654533e-01	5.1703468343e+00
7.3491590880e-01	5.1688720105e+00
7.3474462005e-01	5.1674025977e+00
7.3457267490e-01	5.1659386230e+00
7.3440006860e-01	5.1644799000e+00
7.3422679082e-01	5.1630238811e+00
7.3405277225e-01	5.1615425442e+00
7.3387738877e-01	5.1597367369e+00
7.3383616009e-01	5.1579925938e+00
7.3382549558e-01	5.1568746670e+00
7.3381478226e-01	5.1555276639e+00
7.3380419839e-01	5.1541302251e+00
7.3379374036e-01	5.1528698854e+00
7.3378357722e-01	5.1519289302e+00
7.3377374701e-01	5.1512963648e+00
7.3376413912e-01	5.1508495161e+00
7.3375454931e-01	5.1504822128e+00
7.3374499259e-01	5.1501584770e+00
7.3373555250e-01	5.1498679703e+00
7.3372623906e-01	5.1496011901e+00
7.3371692123e-01	5.1493404415e+00
7.3370782905e-01	5.1491021826e+00
7.3369916678e-01	5.1489002844e+00
7.3369123512e-01	5.1487559904e+00
7.3368482101e-01	5.1487286855e+00
7.3368157829e-01	5.1489469074e+00
7.3368468975e-01	5.1496567004e+00
7.3370283452e-01	5.1515307863e+00
7.3373925118e-01	5.1547446339e+00
7.3380267605e-01	5.1600485824e+00
7.3390817964e-01	5.1686925406e+00
7.3407971426e-01	5.1826546091e+00
7.3435475587e-01	5.2053380081e+00
7.3477619545e-01	5.2434073531e+00
7.3473518998e-01	5.2664733220e+00
7.3462424710e-01	5.2656411851e+00
7.3450878188e-01	5.2646850558e+00
7.3438810547e-01	5.2636541146e+00
7.3426255339e-01	5.2625804939e+00
7.3413117494e-01	5.2614791202e+00
7.3399170806e-01	5.2603577405e+00
7.3384997999e-01	5.2592210759e+00
7.3370776067e-01	5.2580723502e+00
7.3356504988e-01	5.2569139234e+00
7.3342184215e-01	5.2557476048e+00
7.3327708092e-01	5.2545748243e+00
7.3313100332e-01	5.2533967412e+00
7.3298397127e-01	5.2522143095e+00
7.3283608744e-01	5.2510283339e+00
7.3268734903e-01	5.2498394991e+00
7.3253774880e-01	5.2486483998e+00
7.3238722418e-01	5.2474555512e+00
7.3223572634e-01	5.2462614183e+00
7.3208318365e-01	5.2450664139e+00
7.3192931570e-01	5.2438709202e+00
7.3177369612e-01	5.2426752883e+00
7.3161707549e-01	5.2414798663e+00
7.3145992429e-01	5.2402849873e+00
7.3130224151e-01	5.2390909586e+00
7.3114402691e-01	5.2378980784e+00
7.3098527875e-01	5.2367066225e+00
7.3082599268e-01	5.2355168385e+00
7.3066616452e-01	5.2343289578e+00
7.3050579191e-01	5.2331318008e+00
7.3034486919e-01	5.2319280950e+00
7.3018339268e-01	5.2307268012e+00
7.3002135946e-01	5.2295279451e+00
7.2985876551e-01	5.2283314390e+00
7.2969560667e-01	5.2271370558e+00
7.2953187872e-01	5.2259443900e+00
7.2936757703e-01	5.2247528153e+00
7.2920269674e-01	5.2235614356e+00
7.2903723098e-01	5.2223690301e+00
7.2887117401e-01	5.2211740375e+00
7.2870451942e-01	5.2199745199e+00
7.2853725867e-01	5.2187681538e+00
7.2836938517e-01	5.2175522859e+00
7.2820089039e-01	5.2163239768e+00
7.2803176594e-01	5.2150801242e+00
7.2786200495e-01	5.2138176214e+00
7.2769160123e-01	5.2125335390e+00
7.2752054838e-01	5.2112253079e+00
7.2734884166e-01	5.2098909325e+00
7.2717647748e-01	5.2085291498e+00
7.2700345336e-01	5.2071395403e+00
7.2682976723e-01	5.2057225637e+00
7.2665541936e-01	5.2042795384e+00
7.2648040888e-01	5.2028125074e+00
7.2630473567e-01	5.2013240918e+00
7.2612839910e-01	5.1998172810e+00
7.2595139778e-01	5.1982952603e+00
7.2577372762e-01	5.1967611955e+00
7.2559538787e-01	5.1952181214e+00
7.2541637615e-01	5.1936687960e+00
7.2523669190e-01	5.1921156559e+00
7.2505633301e-01	5.1905607819e+00
7.2487529610e-01	5.1890058967e+00
7.2469357755e-01	5.1874523873e+00
7.2451117538e-01	5.1859013398e+00
7.2432808729e-01	5.1843535779e+00
7.2414431175e-01	5.1828097206e+00
7.2395984654e-01	5.1812702048e+00
7.2377468868e-01	5.1797353371e+00
7.2358883522e-01	5.1782053241e+00
7.2340228072e-01	5.1766802995e+00
7.2321501979e-01	5.1751438314e+00
7.2302704468e-01	5.1736075744e+00
7.2283835090e-01	5.1720765718e+00
7.2264893346e-01	5.1705508463e+00
7.2245878847e-01	5.1690304290e+00
7.2226791091e-01	5.1675153450e+00
7.2207629583e-01	5.1660056260e+00
7.2188393904e-01	5.1645013149e+00
7.2169083549e-01	5.1630024367e+00
7.2149697987e-01	5.1615088233e+00
7.2130236164e-01	5.1600181375e+00
7.2110691493e-01	5.1585046254e+00
7.2091004720e-01	5.1566930049e+00
7.2085525841e-01	5.1548036409e+00
7.2084349993e-01	5.1536580722e+00
7.2083169783e-01	5.1522861606e+00
7.2082004057e-01	5.1508759159e+00
7.2080851304e-01	5.1496145162e+00
7.2079729983e-01	5.1486803899e+00
7.2078642904e-01	5.1480506158e+00
7.2077578613e-01	5.1476006789e+00
7.2076514578e-01	5.1472254197e+00
7.2075455277e-01	5.1468939060e+00
7.2074408452e-01	5.1465954008e+00
7.2073375326e-01	5.1463208412e+00
7.2072340481e-01	5.1460510253e+00
7.2071332595e-01	5.1458067029e+00
7.2070372687e-01	5.1456016971e+00
7.2069494641e-01	5.1454595890e+00
7.2068791997e-01	5.1454502542e+00
7.2068452715e-01	5.1457165405e+00
7.2068862823e-01	5.1465506400e+00
7.2071025024e-01	5.1487138477e+00
7.2075310579e-01	5.1523987627e+00
7.2082748226e-01	5.1584629939e+00
7.2095120707e-01	5.1683338197e+00
7.2115243140e-01	5.1842675229e+00
7.2147570426e-01	5.2102321020e+00
7.2193084043e-01	5.2540082674e+00
7.2180413809e-01	5.2663595865e+00
7.2168982235e-01	5.2654734560e+00
7.2157111251e-01	5.2644654308e+00
7.2144626429e-01	5.2633868421e+00
7.2131681895e-01	5.2622677742e+00
7.2118044881e-01	5.2611221072e+00
7.2103617263e-01	5.2599571614e+00
7.2089105726e-01	5.2587774673e+00
7.2074543864e-01	5.2575861463e+00
7.2059931675e-01	5.2563855017e+00
7.2045241782e-01	5.2551773018e+00
7.2030357607e-01	5.2539629494e+00
7.2015365551e-01	5.2527435821e+00
7.2000280806e-01	5.2515201416e+00
7.1985101431e-01	5.2502934150e+00
7.1969831243e-01	5.2490640765e+00
7.1954468521e-01	5.2478327107e+00
7.1939007886e-01	5.2465998287e+00
7.1923432900e-01	5.2453658834e+00
7.1907730613e-01	5.2441312835e+00
7.1891847437e-01	5.2428964044e+00
7.1875824078e-01	5.2416616038e+00
7.1859746487e-01	5.2404272369e+00
7.1843614663e-01	5.2391936275e+00
7.1827428500e-01	5.2379610766e+00
7.1811187910e-01	5.2367298766e+00
7.1794892400e-01	5.2355002828e+00
7.1778541607e-01	5.2342725483e+00
7.1762135214e-01	5.2330338711e+00
7.1745672648e-01	5.2317896162e+00
7.1729153587e-01	5.2305478345e+00
7.1712577661e-01	5.2293086128e+00
7.1695944516e-01	5.2280719576e+00
7.1679253787e-01	5.2268377654e+00
7.1662505085e-01	5.2256057877e+00
7.1645697841e-01	5.2243755793e+00
7.1628831626e-01	5.2231464810e+00
7.1611905840e-01	5.2219175455e+00
7.1594920018e-01	5.2206875182e+00
7.1577873346e-01	5.2194547642e+00
7.1560765126e-01	5.2182172800e+00
7.1543594713e-01	5.2169726935e+00
7.1526361211e-01	5.2157182743e+00
7.1509063802e-01	5.2144510320e+00
7.1491701677e-01	5.2131678286e+00
7.1474274013e-01	5.2118655298e+00
7.1456780237e-01	5.2105412208e+00
7.1439219638e-01	5.2091923684e+00
7.1421591854e-01	5.2078170597e+00
7.1403896466e-01	5.2064141305e+00
7.1386133226e-01	5.2049832869e+00
7.1368301916e-01	5.2035251244e+00
7.1350402595e-01	5.2020411009e+00
7.1332435164e-01	5.2005333826e+00
7.1314399442e-01	5.1990046937e+00
7.1296295050e-01	5.1974580957e+00
7.1278121971e-01	5.1958968210e+00
7.1259880056e-01	5.1943240559e+00
7.1241569287e-01	5.1927428065e+00
7.1223189627e-01	5.1911558142e+00
7.1204740758e-01	5.1895654660e+00
7.1186222374e-01	5.1879737891e+00
7.1167634352e-01	5.1863824490e+00
7.1148976476e-01	5.1847927704e+00
7.1130248676e-01	5.1832057973e+00
7.1111450731e-01	5.1816223032e+00
7.1092582378e-01	5.1800428585e+00
7.1073643263e-01	5.1784678665e+00
7.1054632938e-01	5.1768976092e+00
7.1035550855e-01	5.1753181835e+00
7.1016396218e-01	5.1737357960e+00
7.0997168527e-01	5.1721586031e+00
7.0977867282e-01	5.1705866450e+00
7.0958492075e-01	5.1690199551e+00
7.0939042397e-01	5.1674585527e+00
7.0919517770e-01	5.1659024604e+00
7.0899917710e-01	5.1643517047e+00
7.0880241732e-01	5.1628063185e+00
7.0860489321e-01	5.1612663380e+00
7.0840660031e-01	5.1597317879e+00
7.0820753269e-01	5.1582024272e+00
7.0800767768e-01	5.1566751574e+00
7.0780694855e-01	5.1551160125e+00
7.0760457929e-01	5.1531637791e+00
7.0756945615e-01	5.1514701192e+00
7.0755722209e-01	5.1502878584e+00
7.0754495561e-01	5.1488860369e+00
7.0753285669e-01	5.1474658704e+00
7.0752088509e-01	5.1462102226e+00
7.0750925645e-01	5.1452927607e+00
7.0749797596e-01	5.1446717149e+00
7.0748692622e-01	5.1442213930e+00
7.0747585200e-01	5.1438386151e+00
7.0746484832e-01	5.1434999937e+00
7.0745397901e-01	5.1431938484e+00
7.0744325518e-01	5.1429113678e+00
7.0743250779e-01	5.1426326400e+00
7.0742209168e-01	5.1423831291e+00
7.0741223097e-01	5.1421768549e+00
7.0740333105e-01	5.1420409280e+00
7.0739655239e-01	5.1420592035e+00
7.0739412421e-01	5.1423939864e+00
7.0740098516e-01	5.1434037576e+00
7.0742919166e-01	5.1459677291e+00
7.0748290737e-01	5.1503027931e+00
7.0757479816e-01	5.1574148164e+00
7.0772661131e-01	5.1689771111e+00
7.0797226595e-01	5.1876233764e+00
7.0836592532e-01	5.2181903945e+00
7.0865643391e-01	5.2666417833e+00
7.0854353631e-01	5.2657662413e+00
7.0842508020e-01	5.2647556474e+00
7.0830085226e-01	5.2636555710e+00
7.0817104210e-01	5.2625062925e+00
7.0803481948e-01	5.2613263815e+00
7.0788978721e-01	5.2601249939e+00
7.0774297380e-01	5.2589074928e+00
7.0759565080e-01	5.2576774535e+00
7.0744781846e-01	5.2564374552e+00
7.0729926235e-01	5.2551894527e+00
7.0714860880e-01	5.2539349799e+00
7.0699678907e-01	5.2526752658e+00
7.0684398548e-01	5.2514113245e+00
7.0669019120e-01	5.2501439980e+00
7.0653544311e-01	5.2488739991e+00
7.0637972093e-01	5.2476019437e+00
7.0622289954e-01	5.2463283651e+00
7.0606491781e-01	5.2450537362e+00
7.0590541369e-01	5.2437784780e+00
7.0574389043e-01	5.2425029762e+00
7.0558126703e-01	5.2412276051e+00
7.0541809548e-01	5.2399527225e+00
7.0525437633e-01	5.2386786592e+00
7.0509010815e-01	5.2374057176e+00
7.0492528872e-01	5.2361341798e+00
7.0475991230e-01	5.2348643137e+00
7.0459397799e-01	5.2335927297e+00
7.0442747866e-01	5.2323053368e+00
7.0426041101e-01	5.2310203501e+00
7.0409277036e-01	5.2297379219e+00
7.0392455489e-01	5.2284581733e+00
7.0375575956e-01	5.2271811280e+00
7.0358638141e-01	5.2259067271e+00
7.0341641528e-01	5.2246347646e+00
7.0324585764e-01	5.2233648787e+00
7.0307470252e-01	5.2220964771e+00
7.0290294504e-01	5.2208287211e+00
7.0273057918e-01	5.2195604565e+00
7.0255759899e-01	5.2182901850e+00
7.0238399591e-01	5.2170160150e+00
7.0220976364e-01	5.2157356923e+00
7.0203489363e-01	5.2144465826e+00
7.0185937669e-01	5.2131457494e+00
7.0168320563e-01	5.2118300715e+00
7.0150637180e-01	5.2104963612e+00
7.0132886713e-01	5.2091415635e+00
7.0115068635e-01	5.2077629730e+00
7.0097182345e-01	5.2063584113e+00
7.0079227426e-01	5.2049264259e+00
7.0061203582e-01	5.2034664133e+00
7.0043110550e-01	5.2019786709e+00
7.0024948376e-01	5.2004643968e+00
7.0006716685e-01	5.1989255542e+00
6.9988415081e-01	5.1973647288e+00
6.9970043603e-01	5.2013319465e+00
7.0083926755e-01	5.1818278638e+00
7.0055031337e-01	5.1781658908e+00
7.0029098141e-01	5.1754842916e+00
7.0005187064e-01	5.1732756143e+00
6.9982749861e-01	5.1713230721e+00
6.9961432575e-01	5.1695286923e+00
6.9940991324e-01	5.1678376488e+00
6.9921249633e-01	5.1662068440e+00
6.9902075757e-01	5.1646381440e+00
6.9883368581e-01	5.1631192147e+00
6.9865048426e-01	5.1616412473e+00
6.9847051342e-01	5.1601976627e+00
6.9829325127e-01	5.1587833598e+00
6.9811826552e-01	5.1573942518e+00
6.9794519400e-01	5.1560269626e+00
6.9777372861e-01	5.1546786000e+00
6.9760360513e-01	5.1533465979e+00
6.9743459611e-01	5.1520285954e+00
6.9726650172e-01	5.1507223030e+00
6.9709914645e-01	5.1494254194e+00
6.9693237430e-01	5.1481355419e+00
6.9676604684e-01	5.1468500992e+00
6.9660004112e-01	5.1455663081e+00
6.9643424504e-01	5.1442811190e+00
6.9626855824e-01	5.1429912448e+00
6.9610289169e-01	5.1416932038e+00
6.9593716697e-01	5.1403834139e+00
6.9577131211e-01	5.1390582929e+00
6.9560526713e-01	5.1377144738e+00
6.9543897909e-01	5.1363489616e+00
6.9527240213e-01	5.1349593286e+00
6.9510549797e-01	5.1335438920e+00
6.9493823133e-01	5.1321018252e+00
6.9477057180e-01	5.1306332214e+00
6.9460249623e-01	5.1291390614e+00
6.9443398533e-01	5.1276210995e+00
6.9426502382e-01	5.1260817213e+00
6.9409559812e-01	5.1245237418e+00
6.9392569555e-01	5.1229501981e+00
6.9375530715e-01	5.1213641761e+00
6.9358442210e-01	5.1197686254e+00
6.9341303044e-01	5.1181662599e+00
6.9324112311e-01	5.1165594928e+00
6.9306868898e-01	5.1149503749e+00
6.9289571614e-01	5.1133406039e+00
6.9272219327e-01	5.1117315507e+00
6.9254810926e-01	5.1101052366e+00
6.9237344845e-01	5.1084776017e+00
6.9219819962e-01	5.1068532194e+00
6.9202235287e-01	5.1052325250e+00
6.9184589762e-01	5.1036158114e+00
6.9166882356e-01	5.1020032720e+00
6.9149112178e-01	5.1003950397e+00
6.9131278241e-01	5.0987911886e+00
6.9113379723e-01	5.0971917758e+00
6.9095415717e-01	5.0955968321e+00
6.9077385402e-01	5.0940063872e+00
6.9059287765e-01	5.0924204521e+00
6.9041121847e-01	5.0908390456e+00
6.9022886686e-01	5.0892621916e+00
6.9004581465e-01	5.0876899270e+00
6.8986205221e-01	5.0861222117e+00
6.8967756930e-01	5.0845582454e+00
6.8949233321e-01	5.0829888361e+00
6.8930608784e-01	5.0813145911e+00
6.8916929357e-01	5.0785344657e+00
6.8915709926e-01	5.0773621161e+00
6.8914476760e-01	5.0759457328e+00
6.8913245732e-01	5.0744728265e+00
6.8912005686e-01	5.0731471162e+00
6.8910751140e-01	5.0721438451e+00
6.8909451829e-01	5.0714524302e+00
6.8908013973e-01	5.0709384092e+00
6.8906186180e-01	5.0704747455e+00
6.8903341930e-01	5.0699801723e+00
6.8896342098e-01	5.0692066080e+00
6.8878762716e-01	5.0677622177e+00
6.8861401425e-01	5.0664096158e+00
6.8843982222e-01	5.0650673318e+00
6.8826475848e-01	5.0637304809e+00
6.8808819398e-01	5.0623914113e+00
6.8790968659e-01	5.0610598410e+00
6.8773177486e-01	5.0598435380e+00
6.8755809619e-01	5.0588526151e+00
6.8738708232e-01	5.0580406192e+00
6.8731958333e-01	5.0575857229e+00
6.8731115793e-01	5.0574772493e+00
6.8730303123e-01	5.0573926763e+00
6.8729526465e-01	5.0573360956e+00
6.8728788832e-01	5.0573119997e+00
6.8728107951e-01	5.0573314805e+00
6.8727500035e-01	5.0574042366e+00
6.8726981285e-01	5.0575408385e+00
6.8726585291e-01	5.0577680447e+00
6.8726349325e-01	5.0581098282e+00
6.8726312858e-01	5.0585916250e+00
6.8726534019e-01	5.0592530951e+00
6.8727196846e-01	5.0602266308e+00
6.8728394256e-01	5.0615676803e+00
6.8730348450e-01	5.0634187620e+00
6.8733541785e-01	5.0661226014e+00
6.8738673818e-01	5.0701567757e+00
6.8746665529e-01	5.0761502343e+00
6.8759674478e-01	5.0855965469e+00
6.8781225297e-01	5.1009549147e+00
6.8816229348e-01	5.1256135428e+00
6.8872211226e-01	5.1653870203e+00
6.8960143271e-01	5.2311792160e+00
6.8961311023e-01	5.2578324810e+00
6.8950351917e-01	5.2568433860e+00
6.8938618518e-01	5.2557200432e+00
6.8926391217e-01	5.2545184364e+00
6.8913457496e-01	5.2532735346e+00
6.8899783050e-01	5.2520009881e+00
6.8885271404e-01	5.2507087916e+00
6.8870709385e-01	5.2494018002e+00
6.8856097170e-01	5.2480833294e+00
6.8841427750e-01	5.2467558036e+00
6.8826526181e-01	5.2454210762e+00
6.8811484419e-01	5.2440806040e+00
6.8796335870e-01	5.2427355679e+00
6.8781080254e-01	5.2413869286e+00
6.8765722874e-01	5.2400354977e+00
6.8750253664e-01	5.2386819557e+00
6.8734665162e-01	5.2373268895e+00
6.8718937675e-01	5.2359708116e+00
6.8703016694e-01	5.2346141697e+00
6.8686875901e-01	5.2332573876e+00
6.8670670947e-01	5.2319008629e+00
6.8654412253e-01	5.2305449610e+00
6.8638099832e-01	5.2291900109e+00
6.8621733614e-01	5.2278363186e+00
6.8605313074e-01	5.2264841692e+00
6.8588837934e-01	5.2251291594e+00
6.8572307577e-01	5.2237573101e+00
6.8555721505e-01	5.2223878060e+00
6.8539079471e-01	5.2210208653e+00
6.8522381094e-01	5.2196566653e+00
6.8505625981e-01	5.2182953412e+00
6.8488813860e-01	5.2169369807e+00
6.8471944256e-01	5.2155815766e+00
6.8455016864e-01	5.2142290296e+00
6.8438031204e-01	5.2128790870e+00
6.8420986806e-01	5.2115313179e+00
6.8403883106e-01	5.2101850606e+00
6.8386719570e-01	5.2088393865e+00
6.8369495603e-01	5.2074930425e+00
6.8352210531e-01	5.2061444123e+00
6.8334863593e-01	5.2047914905e+00
6.8317454051e-01	5.2034318910e+00
6.8299981001e-01	5.2020628571e+00
6.8282443514e-01	5.2006813464e+00
6.8264840796e-01	5.1992841596e+00
6.8247172091e-01	5.1978680867e+00
6.8229436587e-01	5.1964300984e+00
6.8211633637e-01	5.1949675681e+00
6.8193762716e-01	5.1934784771e+00
6.8175823320e-01	5.1919615824e+00
6.8157814839e-01	5.1904165504e+00
6.8139736777e-01	5.1888439616e+00
6.8121589189e-01	5.1872452817e+00
6.8103372107e-01	5.1856227257e+00
6.8085085656e-01	5.1839790994e+00
6.8066729837e-01	5.1823175640e+00
6.8048304640e-01	5.1806414165e+00
6.8029810247e-01	5.1789539298e+00
6.8011246721e-01	5.1772581806e+00
6.7992614126e-01	5.1755569476e+00
6.7973912417e-01	5.1738526420e+00
6.7955141601e-01	5.1721473146e+00
6.7936301432e-01	5.1704426127e+00
6.7917391546e-01	5.1687398584e+00
6.7898411581e-01	5.1670236490e+00
6.7879360571e-01	5.1653026496e+00
6.7860238050e-01	5.1635859699e+00
6.7841043665e-01	5.1618739950e+00
6.7821776882e-01	5.1601669689e+00
6.7802437316e-01	5.1584650574e+00
6.7783024453e-01	5.1567683514e+00
6.7763537766e-01	5.1550768998e+00
6.7743976885e-01	5.1533907410e+00
6.7724341267e-01	5.1517098864e+00
6.7704630422e-01	5.1500343494e+00
6.7684843857e-01	5.1483641458e+00
6.7664981076e-01	5.1466992974e+00
6.7645041583e-01	5.1450398345e+00
6.7625024875e-01	5.1433857936e+00
6.7604930415e-01	5.1417371990e+00
6.7584757667e-01	5.1400938847e+00
6.7564505543e-01	5.1384535130e+00
6.7544167073e-01	5.1367902944e+00
6.7523679550e-01	5.1348287515e+00
6.7517025906e-01	5.1326478284e+00
6.7515715897e-01	5.1313870231e+00
6.7514404494e-01	5.1299202043e+00
6.7513114521e-01	5.1284710470e+00
6.7511837278e-01	5.1272153276e+00
6.7510599131e-01	5.1263092880e+00
6.7509398225e-01	5.1256850147e+00
6.7508222149e-01	5.1252170931e+00
6.7507038098e-01	5.1248059274e+00
6.7505865834e-01	5.1244404115e+00
6.7504709846e-01	5.1241075215e+00
6.7503566687e-01	5.1237953166e+00
6.7502428163e-01	5.1234920749e+00
6.7501333981e-01	5.1232233295e+00
6.7500316079e-01	5.1230081827e+00
6.7499435206e-01	5.1228843122e+00
6.7498867526e-01	5.1229696319e+00
6.7498938551e-01	5.1234810470e+00
6.7500468633e-01	5.1249648358e+00
6.7504547099e-01	5.1281067960e+00
6.7511851695e-01	5.1333544157e+00
6.7524102458e-01	5.1419272961e+00
6.7544132463e-01	5.1558331298e+00
6.7576339757e-01	5.1782730723e+00
6.7627718356e-01	5.2150390470e+00
6.7651737788e-01	5.2579681260e+00
6.7640198629e-01	5.2569599368e+00
6.7627756912e-01	5.2558094554e+00
6.7614822085e-01	5.2545708368e+00
6.7601125085e-01	5.2532846464e+00
6.7586667991e-01	5.2519689157e+00
6.7571331368e-01	5.2506325428e+00
6.7555941259e-01	5.2492807952e+00
6.7540497865e-01	5.2479172130e+00
6.7524981157e-01	5.2465443607e+00
6.7509207204e-01	5.2451641839e+00
6.7493297251e-01	5.2437782080e+00
6.7477265658e-01	5.2423876571e+00
6.7461125384e-01	5.2409935323e+00
6.7444868676e-01	5.2395966608e+00
6.7428488923e-01	5.2381977460e+00
6.7411975330e-01	5.2367973891e+00
6.7395297033e-01	5.2353961037e+00
6.7378367216e-01	5.2339943517e+00
6.7361278754e-01	5.2325925702e+00
6.7344133082e-01	5.2311911641e+00
6.7326930442e-01	5.2297904960e+00
6.7309670840e-01	5.2283908973e+00
6.7292353887e-01	5.2269926612e+00
6.7274979087e-01	5.2255960734e+00
6.7257545973e-01	5.2241804243e+00
6.7240053900e-01	5.2227635679e+00
6.7222502564e-01	5.2213491588e+00
6.7204891587e-01	5.2199374047e+00
6.7187220592e-01	5.2185284857e+00
6.7169489233e-01	5.2171225449e+00
6.7151697152e-01	5.2157196704e+00
6.7133843901e-01	5.2143198684e+00
6.7115928964e-01	5.2129230388e+00
6.7097952006e-01	5.2115289626e+00
6.7079912503e-01	5.2101372339e+00
6.7061809980e-01	5.2087472321e+00
6.7043643731e-01	5.2073580581e+00
6.7025413235e-01	5.2059685133e+00
6.7007117663e-01	5.2045770208e+00
6.6988756370e-01	5.2031816357e+00
6.6970328464e-01	5.2017800055e+00
6.6951833070e-01	5.2003694108e+00
6.6933269217e-01	5.1989468253e+00
6.6914636069e-01	5.1975090368e+00
6.6895932755e-01	5.1960527901e+00
6.6877158478e-01	5.1945749864e+00
6.6858312530e-01	5.1930728972e+00
6.6839394207e-01	5.1915443764e+00
6.6820402426e-01	5.1899880428e+00
6.6801336807e-01	5.1884034156e+00
6.6782197317e-01	5.1867909458e+00
6.6762984037e-01	5.1851520061e+00
6.6743696807e-01	5.1834887372e+00
6.6724335555e-01	5.1818038992e+00
6.6704900552e-01	5.1801006511e+00
6.6685391940e-01	5.1783823169e+00
6.6665809847e-01	5.1766522161e+00
6.6646154418e-01	5.1749134904e+00
6.6626425657e-01	5.1731689832e+00
6.6606623444e-01	5.1714211784e+00
6.6586747615e-01	5.1696721704e+00
6.6566797909e-01	5.1679202479e+00
6.6546773435e-01	5.1661479635e+00
6.6526673614e-01	5.1643786506e+00
6.6506498019e-01	5.1626130919e+00
6.6486246151e-01	5.1608518465e+00
6.6465917587e-01	5.1590953081e+00
6.6445511843e-01	5.1573437349e+00
6.6425028463e-01	5.1555972930e+00
6.6404466901e-01	5.1538560748e+00
6.6383826646e-01	5.1521201330e+00
6.6363107106e-01	5.1503894887e+00
6.6342307906e-01	5.1486641688e+00
6.6321428449e-01	5.1469441784e+00
6.6300468207e-01	5.1452295315e+00
6.6279426648e-01	5.1435202482e+00
6.6258303239e-01	5.1418163572e+00
6.6237097439e-01	5.1401178945e+00
6.6215808675e-01	5.1384248899e+00
6.6194436393e-01	5.1367372487e+00
6.6172979658e-01	5.1350534026e+00
6.6151433449e-01	5.1333558476e+00
6.6129752759e-01	5.1314566300e+00
6.6118957138e-01	5.1288348272e+00
6.6117568677e-01	5.1275470205e+00
6.6116179328e-01	5.1260542479e+00
6.6114812987e-01	5.1245874251e+00
6.6113459755e-01	5.1233230954e+00
6.6112147031e-01	5.1224123979e+00
6.6110872673e-01	5.1217811939e+00
6.6109624001e-01	5.1213035504e+00
6.6108365417e-01	5.1208800355e+00
6.6107120510e-01	5.1205031043e+00
6.6105893093e-01	5.1201591388e+00
6.6104677765e-01	5.1198348546e+00
6.6103470443e-01	5.1195216952e+00
6.6102312481e-01	5.1192453317e+00
6.6101240270e-01	5.1190271031e+00
6.6100325059e-01	5.1189099325e+00
6.6099771235e-01	5.1190268265e+00
6.6099955363e-01	5.1196208678e+00
6.6101871254e-01	5.1213335888e+00
6.6106199962e-01	5.1245298076e+00
6.6113853329e-01	5.1298450845e+00
6.6126652151e-01	5.1385181790e+00
6.6147555520e-01	5.1525747957e+00
6.6181156495e-01	5.1752787942e+00
6.6234678871e-01	5.2123056312e+00
6.6264016647e-01	5.2579742916e+00
6.6252237054e-01	5.2569252183e+00
6.6239526061e-01	5.2557303476e+00
6.6226269434e-01	5.2544448137e+00
6.6212251955e-01	5.2531108124e+00
6.6197301134e-01	5.2517469509e+00
6.6181631548e-01	5.2503623347e+00
6.6165907313e-01	5.2489623333e+00
6.6150128647e-01	5.2475505457e+00
6.6134226423e-01	5.2461295743e+00
6.6118067660e-01	5.2447013936e+00
6.6101771220e-01	5.2432675423e+00
6.6085357087e-01	5.2418292563e+00
6.6068815728e-01	5.2403875422e+00
6.6052153715e-01	5.2389432352e+00
6.6035354387e-01	5.2374970378e+00
6.6018399211e-01	5.2360495478e+00
6.6001229065e-01	5.2346012831e+00
6.5983790451e-01	5.2331527157e+00
6.5966276099e-01	5.2317042906e+00
6.5948703519e-01	5.2302564061e+00
6.5931072785e-01	5.2288094150e+00
6.5913383764e-01	5.2273636380e+00
6.5895635803e-01	5.2259193692e+00
6.5877828601e-01	5.2244607352e+00
6.5859961276e-01	5.2229951134e+00
6.5842033554e-01	5.2215318336e+00
6.5824044980e-01	5.2200711138e+00
6.5805995227e-01	5.2186131626e+00
6.5787883911e-01	5.2171581549e+00
6.5769710662e-01	5.2157062279e+00
6.5751475043e-01	5.2142574605e+00
6.5733176633e-01	5.2128118583e+00
6.5714815051e-01	5.2113693300e+00
6.5696389760e-01	5.2099296397e+00
6.5677900369e-01	5.2084923907e+00
6.5659346240e-01	5.2070569499e+00
6.5640726709e-01	5.2056224225e+00
6.5622041176e-01	5.2041876034e+00
6.5603288982e-01	5.2027509275e+00
6.5584469274e-01	5.2013104301e+00
6.5565581130e-01	5.1998637490e+00
6.5546623789e-01	5.1984081618e+00
6.5527596253e-01	5.1969406226e+00
6.5508497593e-01	5.1954578887e+00
6.5489326838e-01	5.1939566691e+00
6.5470083229e-01	5.1924338359e+00
6.5450765700e-01	5.1908866329e+00
6.5431372997e-01	5.1893128781e+00
6.5411904810e-01	5.1877111634e+00
6.5392361057e-01	5.1860810024e+00
6.5372741394e-01	5.1844228396e+00
6.5353045785e-01	5.1827380607e+00
6.5333274254e-01	5.1810288266e+00
6.5313427026e-01	5.1792979309e+00
6.5293504430e-01	5.1775485808e+00
6.5273506569e-01	5.1757841314e+00
6.5253433644e-01	5.1740079307e+00
6.5233285562e-01	5.1722231494e+00
6.5213062462e-01	5.1704326509e+00
6.5192763869e-01	5.1686389318e+00
6.5172389514e-01	5.1668248161e+00
6.5151938509e-01	5.1650042408e+00
6.5131410473e-01	5.1631856643e+00
6.5110804994e-01	5.1613701338e+00
6.5090121625e-01	5.1595584249e+00
6.5069359900e-01	5.1577510920e+00
6.5048519284e-01	5.1559485123e+00
6.5027599321e-01	5.1541509406e+00
6.5006599544e-01	5.1523585365e+00
6.4985519384e-01	5.1505713863e+00
6.4964358309e-01	5.1531042566e+00
6.5197034536e-01	5.1433068204e+00
6.5174262672e-01	5.1411167839e+00
6.5152553075e-01	5.1391263262e+00
6.5131670091e-01	5.1372725876e+00
6.5111444977e-01	5.1355108886e+00
6.5091751720e-01	5.1338149250e+00
6.5072493457e-01	5.1321686702e+00
6.5053593885e-01	5.1305616974e+00
6.5034991811e-01	5.1289867912e+00
6.5016637334e-01	5.1274386899e+00
6.4998489191e-01	5.1259133906e+00
6.4980511678e-01	5.1244077395e+00
6.4962675043e-01	5.1229191730e+00
6.4944954853e-01	5.1214455410e+00
6.4927330026e-01	5.1199849821e+00
6.4909782355e-01	5.1185358014e+00
6.4892296072e-01	5.1170964176e+00
6.4874857068e-01	5.1156652424e+00
6.4857452753e-01	5.1142406288e+00
6.4840071877e-01	5.1128207882e+00
6.4822704149e-01	5.1114037367e+00
6.4805340255e-01	5.1099872397e+00
6.4787971973e-01	5.1085598865e+00
6.4770591405e-01	5.1071163199e+00
6.4753191796e-01	5.1056646930e+00
6.4735766993e-01	5.1042016009e+00
6.4718311652e-01	5.1027235427e+00
6.4700820960e-01	5.1012270544e+00
6.4683290628e-01	5.0997089025e+00
6.4665717010e-01	5.0981663077e+00
6.4648096997e-01	5.0965971432e+00
6.4630427916e-01	5.0950000970e+00
6.4612707720e-01	5.0933748027e+00
6.4594934482e-01	5.0917218258e+00
6.4577106769e-01	5.0900426456e+00
6.4559223370e-01	5.0883395012e+00
6.4541283123e-01	5.0866151917e+00
6.4523284968e-01	5.0848728642e+00
6.4505228140e-01	5.0831158248e+00
6.4487111686e-01	5.0813472985e+00
6.4468934743e-01	5.0795703143e+00
6.4450696454e-01	5.0777875907e+00
6.4432395962e-01	5.0760014808e+00
6.4414032406e-01	5.0742139514e+00
6.4395604859e-01	5.0724265892e+00
6.4377112557e-01	5.0706406556e+00
6.4358554219e-01	5.0688571033e+00
6.4339928049e-01	5.0670766433e+00
6.4321233288e-01	5.0652997779e+00
6.4302469469e-01	5.0635268592e+00
6.4283636145e-01	5.0617581239e+00
6.4264733136e-01	5.0599937264e+00
6.4245760258e-01	5.0582337656e+00
6.4226717170e-01	5.0564783059e+00
6.4207603416e-01	5.0547273920e+00
6.4188418148e-01	5.0529785038e+00
6.4169160286e-01	5.0512081630e+00
6.4149828983e-01	5.0494425863e+00
6.4130423622e-01	5.0476818171e+00
6.4110943624e-01	5.0459259061e+00
6.4091388519e-01	5.0441748847e+00
6.4071757617e-01	5.0424283709e+00
6.4052048936e-01	5.0406815563e+00
6.4032248510e-01	5.0388820451e+00
6.4012743104e-01	5.0364796448e+00
6.4011003507e-01	5.0349006918e+00
6.4009626901e-01	5.0335245298e+00
6.4008250262e-01	5.0319533317e+00
6.4006896663e-01	5.0304432630e+00
6.4005541633e-01	5.0291584156e+00
6.4004215517e-01	5.0282486080e+00
6.4002893828e-01	5.0276070229e+00
6.4001528856e-01	5.0271033835e+00
6.3999990893e-01	5.0266364404e+00
6.3998146171e-01	5.0261939667e+00
6.3995564054e-01	5.0257272313e+00
6.3990659224e-01	5.0251022934e+00
6.3976796791e-01	5.0238611437e+00
6.3957505128e-01	5.0224140862e+00
6.3938669627e-01	5.0211799861e+00
6.3922894672e-01	5.0200811588e+00
6.3921802615e-01	5.0198508787e+00
6.3920735591e-01	5.0196377159e+00
6.3919698726e-01	5.0194450125e+00
6.3918695041e-01	5.0192765514e+00
6.3917713262e-01	5.0191283929e+00
6.3916786821e-01	5.0190187216e+00
6.3915931084e-01	5.0189566409e+00
6.3915163273e-01	5.0189526289e+00
6.3914510589e-01	5.0190281510e+00
6.3914019719e-01	5.0192079769e+00
6.3913740170e-01	5.0195227068e+00
6.3913769734e-01	5.0200357603e+00
6.3914263901e-01	5.0208438155e+00
6.3915387712e-01	5.0220446183e+00
6.3917467512e-01	5.0238320888e+00
6.3921300087e-01	5.0267058567e+00
6.3927708881e-01	5.0311707804e+00
6.3938402563e-01	5.0382853138e+00
6.3956714655e-01	5.0501102015e+00
6.3987016751e-01	5.0692123927e+00
6.4035855573e-01	5.0999689614e+00
6.4113134438e-01	5.1489814627e+00
6.4221688455e-01	5.2207627796e+00
6.4235200809e-01	5.2553046854e+00
6.4223570872e-01	5.2541438473e+00
6.4210938193e-01	5.2528351580e+00
6.4197635654e-01	5.2514413779e+00
6.4183487594e-01	5.2500021303e+00
6.4168186179e-01	5.2485345473e+00
6.4152488946e-01	5.2470471782e+00
6.4136737522e-01	5.2455451649e+00
6.4120924578e-01	5.2440319984e+00
6.4104821728e-01	5.2425102170e+00
6.4088545862e-01	5.2409817532e+00
6.4072129719e-01	5.2394481141e+00
6.4055578320e-01	5.2379105084e+00
6.4038888051e-01	5.2363699197e+00
6.4022045494e-01	5.2348271599e+00
6.4005025562e-01	5.2332829108e+00
6.3987737336e-01	5.2317377461e+00
6.3970182626e-01	5.2301922024e+00
6.3952567669e-01	5.2286467636e+00
6.3934895015e-01	5.2271018561e+00
6.3917164621e-01	5.2255578469e+00
6.3899376362e-01	5.2240150646e+00
6.3881529513e-01	5.2224657523e+00
6.3863623220e-01	5.2209003039e+00
6.3845657020e-01	5.2193369667e+00
6.3827630599e-01	5.2177759879e+00
6.3809543526e-01	5.2162175888e+00
6.3791395535e-01	5.2146619881e+00
6.3773186162e-01	5.2131093659e+00
6.3754914946e-01	5.2115598739e+00
6.3736581572e-01	5.2100136361e+00
6.3718185579e-01	5.2084707092e+00
6.3699726585e-01	5.2069310796e+00
6.3681204166e-01	5.2053946272e+00
6.3662617679e-01	5.2038610762e+00
6.3643966758e-01	5.2023299974e+00
6.3625250833e-01	5.2008007207e+00
6.3606469129e-01	5.1992722925e+00
6.3587621117e-01	5.1977434561e+00
6.3568706009e-01	5.1962125700e+00
6.3549723079e-01	5.1946776068e+00
6.3530671315e-01	5.1931361182e+00
6.3511549942e-01	5.1915853019e+00
6.3492357949e-01	5.1900220357e+00
6.3473094029e-01	5.1884430135e+00
6.3453756400e-01	5.1868449005e+00
6.3434344585e-01	5.1852245574e+00
6.3414858039e-01	5.1835792533e+00
6.3395296085e-01	5.1819068711e+00
6.3375658247e-01	5.1802061090e+00
6.3355944694e-01	5.1784766229e+00
6.3336155309e-01	5.1767190272e+00
6.3316290217e-01	5.1749348689e+00
6.3296349676e-01	5.1731264806e+00
6.3276333948e-01	5.1712968054e+00
6.3256243042e-01	5.1694491566e+00
6.3236076921e-01	5.1675869691e+00
6.3215835872e-01	5.1657120264e+00
6.3195519097e-01	5.1638019197e+00
6.3175126022e-01	5.1618866225e+00
6.3154656523e-01	5.1599686341e+00
6.3134110179e-01	5.1580500164e+00
6.3113486758e-01	5.1561324520e+00
6.3092785811e-01	5.1542172401e+00
6.3072006856e-01	5.1523053617e+00
6.3051149542e-01	5.1503975463e+00
6.3030213338e-01	5.1484942957e+00
6.3009197743e-01	5.1465959515e+00
6.2988102196e-01	5.1447027282e+00
6.2966926267e-01	5.1428147659e+00
6.2945669378e-01	5.1409321335e+00
6.2924330944e-01	5.1390548633e+00
6.2902910508e-01	5.1371829792e+00
6.2881407475e-01	5.1353164855e+00
6.2859821296e-01	5.1334553904e+00
6.2838151413e-01	5.1315997073e+00
6.2816397257e-01	5.1297494568e+00
6.2794558281e-01	5.1279046712e+00
6.2772633908e-01	5.1260653883e+00
6.2750623572e-01	5.1242316401e+00
6.2728526641e-01	5.1224032816e+00
6.2706341973e-01	5.1205781968e+00
6.2684061781e-01	5.1187329765e+00
6.2661626982e-01	5.1166173510e+00
6.2652322855e-01	5.1139734991e+00
6.2650816412e-01	5.1125760787e+00
6.2649314170e-01	5.1109999091e+00
6.2647842483e-01	5.1095044212e+00
6.2646381013e-01	5.1082321089e+00
6.2644965413e-01	5.1073257813e+00
6.2643588275e-01	5.1066798606e+00
6.2642234844e-01	5.1061696913e+00
6.2640866465e-01	5.1057049946e+00
6.2639518393e-01	5.1052891795e+00
6.2638191631e-01	5.1049070954e+00
6.2636871578e-01	5.1045397164e+00
6.2635575515e-01	5.1041935290e+00
6.2634348175e-01	5.1038941340e+00
6.2633240114e-01	5.1036699706e+00
6.2632381946e-01	5.1035989147e+00
6.2632078292e-01	5.1038687702e+00
6.2632954386e-01	5.1048626994e+00
6.2636698214e-01	5.1076180106e+00
6.2643767151e-01	5.1122897902e+00
6.2655786230e-01	5.1199383495e+00
6.2675544679e-01	5.1323548405e+00
6.2707409010e-01	5.1524288954e+00
6.2758172623e-01	5.1847554623e+00
6.2832900249e-01	5.2382352847e+00
6.2824356637e-01	5.2550652775e+00
6.2811790536e-01	5.2538238727e+00
6.2798284632e-01	5.2524414693e+00
6.2783983693e-01	5.2509832567e+00
6.2768819458e-01	5.2494837387e+00
6.2752461176e-01	5.2479578773e+00
6.2735963651e-01	5.2464134160e+00
6.2719409044e-01	5.2448551391e+00
6.2702709184e-01	5.2432863539e+00
6.2685727358e-01	5.2417094840e+00
6.2668588870e-01	5.2401263784e+00
6.2651296177e-01	5.2385384854e+00
6.2633860917e-01	5.2369469697e+00
6.2616265782e-01	5.2353527815e+00
6.2598491123e-01	5.2337567024e+00
6.2580465725e-01	5.2321593870e+00
6.2562102758e-01	5.2305614144e+00
6.2543641689e-01	5.2289633182e+00
6.2525119648e-01	5.2273655663e+00
6.2506536767e-01	5.2257685558e+00
6.2487892866e-01	5.2241726371e+00
6.2469187273e-01	5.2225718360e+00
6.2450419016e-01	5.2209521174e+00
6.2431587597e-01	5.2193344084e+00
6.2412692593e-01	5.2177189541e+00
6.2393733665e-01	5.2161059917e+00
6.2374710433e-01	5.2144957386e+00
6.2355622386e-01	5.2128883844e+00
6.2336469143e-01	5.2112841065e+00
6.2317250372e-01	5.2096830570e+00
6.2297965509e-01	5.2080853258e+00
6.2278614145e-01	5.2064909578e+00
6.2259195843e-01	5.2048999145e+00
6.2239710161e-01	5.2033120482e+00
6.2220156432e-01	5.2017270495e+00
6.2200534216e-01	5.2001444422e+00
6.2180842849e-01	5.1985634994e+00
6.2161081656e-01	5.1969832162e+00
6.2141250058e-01	5.1954022625e+00
6.2121347163e-01	5.1938189111e+00
6.2101372041e-01	5.1922310341e+00
6.2081323931e-01	5.1906361200e+00
6.2061201777e-01	5.1890312658e+00
6.2041003697e-01	5.1874132873e+00
6.2020728464e-01	5.1857788273e+00
6.2000375427e-01	5.1841245545e+00
6.1979943843e-01	5.1824473620e+00
6.1959432815e-01	5.1807445783e+00
6.1938842208e-01	5.1790142245e+00
6.1918171755e-01	5.1772551699e+00
6.1897421428e-01	5.1754672551e+00
6.1876591308e-01	5.1736512948e+00
6.1855681490e-01	5.1718090277e+00
6.1834691903e-01	5.1699429596e+00
6.1813622800e-01	5.1680561554e+00
6.1792474032e-01	5.1661520081e+00
6.1771245442e-01	5.1642097495e+00
6.1749936268e-01	5.1622517756e+00
6.1728546277e-01	5.1602863816e+00
6.1707075309e-01	5.1583163990e+00
6.1685523142e-01	5.1563442518e+00
6.1663889371e-01	5.1543719307e+00
6.1642173606e-01	5.1524010318e+00
6.1620375414e-01	5.1504327888e+00
6.1598494327e-01	5.1484681248e+00
6.1576529848e-01	5.1465077067e+00
6.1554481355e-01	5.1445519887e+00
6.1532348512e-01	5.1426012966e+00
6.1510130665e-01	5.1406558147e+00
6.1487827250e-01	5.1387156565e+00
6.1465437695e-01	5.1367808826e+00
6.1442961421e-01	5.1348515219e+00
6.1420397844e-01	5.1329275865e+00
6.1397746376e-01	5.1310090834e+00
6.1375006380e-01	5.1290960175e+00
6.1352177303e-01	5.1271884075e+00
6.1329258587e-01	5.1252862807e+00
6.1306249548e-01	5.1233896639e+00
6.1283149592e-01	5.1214986010e+00
6.1259956648e-01	5.1196131148e+00
6.1236669540e-01	5.1177329474e+00
6.1213287161e-01	5.1158547025e+00
6.1189800625e-01	5.1139412281e+00
6.1166123392e-01	5.1115992047e+00
6.1160619279e-01	5.1093560318e+00
6.1159033348e-01	5.1078905693e+00
6.1157454232e-01	5.1062584143e+00
6.1155908434e-01	5.1047372364e+00
6.1154369363e-01	5.1034701316e+00
6.1152880125e-01	5.1025774315e+00
6.1151429404e-01	5.1019326819e+00
6.1149998282e-01	5.1014118399e+00
6.1148555179e-01	5.1009365263e+00
6.1147133652e-01	5.1005089048e+00
6.1145735231e-01	5.1001149823e+00
6.1144340153e-01	5.0997327397e+00
6.1142979048e-01	5.0993774769e+00
6.1141697317e-01	5.0990742892e+00
6.1140554037e-01	5.0988557878e+00
6.1139717730e-01	5.0988216829e+00
6.1139549516e-01	5.0991895668e+00
6.1140860011e-01	5.1004458023e+00
6.1145643306e-01	5.1037886436e+00
6.1154422528e-01	5.1094497483e+00
6.1169180429e-01	5.1186001771e+00
6.1193302966e-01	5.1334245409e+00
6.1232025521e-01	5.1573803583e+00
6.1293495840e-01	5.1959601348e+00
6.1349401747e-01	5.2555714677e+00
6.1337233779e-01	5.2543511133e+00
6.1323862236e-01	5.2529705373e+00
6.1309798375e-01	5.2514851440e+00
6.1294747062e-01	5.2499459082e+00
6.1278451110e-01	5.2483747513e+00
6.1261759638e-01	5.2467819671e+00
6.1245010237e-01	5.2451734693e+00
6.1228174144e-01	5.2435531713e+00
6.1211049469e-01	5.2419238683e+00
6.1193743782e-01	5.2402876610e+00
6.1176278276e-01	5.2386461749e+00
6.1158661268e-01	5.2370006972e+00
6.1140869754e-01	5.2353522675e+00
6.1122889343e-01	5.2337017406e+00
6.1104635042e-01	5.2320498134e+00
6.1086021120e-01	5.2303971110e+00
6.1067313122e-01	5.2287441950e+00
6.1048543460e-01	5.2270915573e+00
6.1029712252e-01	5.2254396104e+00
6.1010819253e-01	5.2237887128e+00
6.0991863785e-01	5.2221254887e+00
6.0972844687e-01	5.2204498045e+00
6.0953761606e-01	5.2187761027e+00
6.0934614093e-01	5.2171046268e+00
6.0915401689e-01	5.2154356035e+00
6.0896124076e-01	5.2137692566e+00
6.0876780733e-01	5.2121057763e+00
6.0857371339e-01	5.2104453503e+00
6.0837895406e-01	5.2087881266e+00
6.0818352437e-01	5.2071342165e+00
6.0798742010e-01	5.2054836880e+00
6.0779063680e-01	5.2038365379e+00
6.0759316936e-01	5.2021926629e+00
6.0739501335e-01	5.2005518391e+00
6.0719616181e-01	5.1989136568e+00
6.0699660943e-01	5.1972775095e+00
6.0679634917e-01	5.1956425218e+00
6.0659537580e-01	5.1940075219e+00
6.0639367953e-01	5.1923709466e+00
6.0619125353e-01	5.1907308660e+00
6.0598808712e-01	5.1890849134e+00
6.0578416342e-01	5.1874303489e+00
6.0557946838e-01	5.1857640886e+00
6.0537399515e-01	5.1840828219e+00
6.0516773256e-01	5.1823831429e+00
6.0496067295e-01	5.1806617851e+00
6.0475281253e-01	5.1789158325e+00
6.0454414646e-01	5.1771429444e+00
6.0433467266e-01	5.1753415767e+00
6.0412439036e-01	5.1735111065e+00
6.0391329893e-01	5.1716519188e+00
6.0370139618e-01	5.1697653716e+00
6.0348868170e-01	5.1678536676e+00
6.0327515892e-01	5.1659196998e+00
6.0306082183e-01	5.1639384393e+00
6.0284566494e-01	5.1619399657e+00
6.0262968661e-01	5.1599293720e+00
6.0241288593e-01	5.1579100093e+00
6.0219526181e-01	5.1558849046e+00
6.0197681068e-01	5.1538566722e+00
6.0175752936e-01	5.1518275065e+00
6.0153741337e-01	5.1497991773e+00
6.0131645909e-01	5.1477730800e+00
6.0109466183e-01	5.1457502666e+00
6.0087201721e-01	5.1437315126e+00
6.0064851878e-01	5.1417173496e+00
6.0042416165e-01	5.1397081493e+00
6.0019894073e-01	5.1377041513e+00
5.9997284971e-01	5.1357054921e+00
5.9974588211e-01	5.1337122443e+00
5.9951803324e-01	5.1376034549e+00
5.9975048571e-01	5.1318524979e+00
5.9967752578e-01	5.1297315895e+00
5.9961376771e-01	5.1281942837e+00
5.9955969074e-01	5.1270999478e+00
5.9951397365e-01	5.1263018677e+00
5.9946816833e-01	5.1257104842e+00
5.9929870054e-01	5.1252713195e+00
5.9910214207e-01	5.1249431216e+00
5.9889983882e-01	5.1246920788e+00
5.9869417998e-01	5.1245054812e+00
5.9849547845e-01	5.1235324154e+00
5.9847737982e-01	5.1224068936e+00
5.9846251595e-01	5.1211813251e+00
5.9844769795e-01	5.1197094459e+00
5.9843317936e-01	5.1182845630e+00
5.9841864836e-01	5.1170701648e+00
5.9840460686e-01	5.1162028822e+00
5.9839093274e-01	5.1155638850e+00
5.9837741413e-01	5.1150369698e+00
5.9836378718e-01	5.1145540828e+00
5.9835038421e-01	5.1141172400e+00
5.9833722591e-01	5.1137136423e+00
5.9832406952e-01	5.1133193182e+00
5.9831132704e-01	5.1129559304e+00
5.9829946109e-01	5.1126484302e+00
5.9828913690e-01	5.1124317889e+00
5.9828233956e-01	5.1124234561e+00
5.9828315689e-01	5.1128641198e+00
5.9830124005e-01	5.1143188413e+00
5.9835208028e-01	5.1176681727e+00
5.9844273768e-01	5.1233146550e+00
5.9859411395e-01	5.1325612006e+00
5.9884076372e-01	5.1475511249e+00
5.9923619228e-01	5.1717670794e+00
5.9986393733e-01	5.2108605518e+00
6.0023835675e-01	5.2585678821e+00
6.0012634655e-01	5.2572746643e+00
6.0000231433e-01	5.2558194941e+00
5.9987007573e-01	5.2542678060e+00
5.9972809571e-01	5.2526662999e+00
5.9957309305e-01	5.2510346866e+00
5.9941576334e-01	5.2493824626e+00
5.9925789882e-01	5.2477152178e+00
5.9909861611e-01	5.2460366991e+00
5.9893683282e-01	5.2443496068e+00
5.9877330040e-01	5.2426559760e+00
5.9860816564e-01	5.2409573830e+00
5.9844135748e-01	5.2392550758e+00
5.9827263717e-01	5.2375500638e+00
5.9810149230e-01	5.2358431698e+00
5.9792645775e-01	5.2341350858e+00
5.9774953566e-01	5.2324264410e+00
5.9757204072e-01	5.2307177853e+00
5.9739397772e-01	5.2290095788e+00
5.9721534633e-01	5.2273022171e+00
5.9703613938e-01	5.2255867750e+00
5.9685634589e-01	5.2238539243e+00
5.9667595986e-01	5.2221228879e+00
5.9649497763e-01	5.2203939222e+00
5.9631339621e-01	5.2186672717e+00
5.9613121053e-01	5.2169431457e+00
5.9594841758e-01	5.2152217581e+00
5.9576501234e-01	5.2135032879e+00
5.9558099112e-01	5.2117879069e+00
5.9539634979e-01	5.2100757563e+00
5.9521108490e-01	5.2083669470e+00
5.9502519136e-01	5.2066615232e+00
5.9483866403e-01	5.2049594574e+00
5.9465149938e-01	5.2032606392e+00
5.9446369180e-01	5.2015648087e+00
5.9427523527e-01	5.1998715329e+00
5.9408612466e-01	5.1981801702e+00
5.9389635356e-01	5.1964898073e+00
5.9370591614e-01	5.1947992175e+00
5.9351480334e-01	5.1931067850e+00
5.9332300754e-01	5.1914105203e+00
5.9313050717e-01	5.1897079933e+00
5.9293729530e-01	5.1879964108e+00
5.9274336244e-01	5.1862726284e+00
5.9254869896e-01	5.1845332912e+00
5.9235329926e-01	5.1827749836e+00
5.9215715935e-01	5.1809944604e+00
5.9196027285e-01	5.1791888374e+00
5.9176263928e-01	5.1773558713e+00
5.9156425430e-01	5.1754941075e+00
5.9136511678e-01	5.1736030901e+00
5.9116522379e-01	5.1716833368e+00
5.9096457347e-01	5.1697363697e+00
5.9076316533e-01	5.1677437216e+00
5.9056099243e-01	5.1657187588e+00
5.9035805524e-01	5.1636750541e+00
5.9015435187e-01	5.1616161975e+00
5.8994988216e-01	5.1595457534e+00
5.8974464408e-01	5.1574670479e+00
5.8953863760e-01	5.1553830844e+00
5.8933185761e-01	5.1532964114e+00
5.8912430340e-01	5.1512091918e+00
5.8891596927e-01	5.1491231240e+00
5.8870685286e-01	5.1470395605e+00
5.8849694887e-01	5.1449594961e+00
5.8828625254e-01	5.1428836589e+00
5.8807475888e-01	5.1408125570e+00
5.8786246175e-01	5.1387465204e+00
5.8764935771e-01	5.1366857820e+00
5.8743544044e-01	5.1346304604e+00
5.8722070439e-01	5.1325806232e+00
5.8700514395e-01	5.1305363033e+00
5.8678875350e-01	5.1284975143e+00
5.8657152609e-01	5.1264642626e+00
5.8635343820e-01	5.1244365488e+00
5.8613448395e-01	5.1224144005e+00
5.8591466256e-01	5.1203978330e+00
5.8569397864e-01	5.1183868787e+00
5.8547243630e-01	5.1163815758e+00
5.8525003881e-01	5.1143819694e+00
5.8502677514e-01	5.1123862342e+00
5.8480262863e-01	5.1103680223e+00
5.8457754353e-01	5.1083355828e+00
5.8435106177e-01	5.1060926472e+00
5.8422289961e-01	5.1028056239e+00
5.8420680539e-01	5.1012732182e+00
5.8419081477e-01	5.0995841278e+00
5.8417518810e-01	5.0980266003e+00
5.8415959470e-01	5.0967386734e+00
5.8414449684e-01	5.0958270883e+00
5.8412978480e-01	5.0951572665e+00
5.8411524239e-01	5.0946052033e+00
5.8410058100e-01	5.0940987977e+00
5.8408615836e-01	5.0936407734e+00
5.8407199725e-01	5.0932177357e+00
5.8405783546e-01	5.0928041367e+00
5.8404413139e-01	5.0924240644e+00
5.8403138312e-01	5.0921038192e+00
5.8402032364e-01	5.0918828054e+00
5.8401318006e-01	5.0918894474e+00
5.8401450064e-01	5.0923880040e+00
5.8403542611e-01	5.0940245647e+00
5.8408900923e-01	5.0975042665e+00
5.8418399923e-01	5.1033491807e+00
5.8434242950e-01	5.1129017110e+00
5.8460018470e-01	5.1281538701e+00
5.8501301549e-01	5.1527515159e+00
5.8566700880e-01	5.1922942629e+00
5.8642022245e-01	5.2578458853e+00
5.8589892907e-01	5.2815546124e+00
5.8580118991e-01	5.2800110998e+00
5.8570214323e-01	5.2783232280e+00
5.8559801915e-01	5.2765682461e+00
5.8549216629e-01	5.2747779261e+00
5.8538586907e-01	5.2729654378e+00
5.8527593769e-01	5.2711376455e+00
5.8516346155e-01	5.2692988992e+00
5.8505060721e-01	5.2674522464e+00
5.8492808469e-01	5.2655999591e+00
5.8479513658e-01	5.2637437829e+00
5.8465223128e-01	5.2618851053e+00
5.8450151398e-01	5.2600250405e+00
5.8434091281e-01	5.2581644983e+00
5.8416714014e-01	5.2563042361e+00
5.8399014907e-01	5.2544448922e+00
5.8381256880e-01	5.2525870036e+00
5.8363354114e-01	5.2507310328e+00
5.8345220366e-01	5.2488773897e+00
5.8326900690e-01	5.2470264330e+00
5.8308409785e-01	5.2451784779e+00
5.8289741567e-01	5.2433338188e+00
5.8270867386e-01	5.2414927108e+00
5.8251743207e-01	5.2396553961e+00
5.8232248117e-01	5.2378220820e+00
5.8212492090e-01	5.2359930077e+00
5.8192669088e-01	5.2341683982e+00
5.8172779633e-01	5.2323484712e+00
5.8152823627e-01	5.2305333839e+00
5.8132800905e-01	5.2287232639e+00
5.8112710742e-01	5.2269181766e+00
5.8092552640e-01	5.2251009659e+00
5.8072325222e-01	5.2232761732e+00
5.8052028088e-01	5.2214561755e+00
5.8031660524e-01	5.2196405501e+00
5.8011222060e-01	5.2178286845e+00
5.7990711961e-01	5.2160196832e+00
5.7970129504e-01	5.2142123398e+00
5.7949473821e-01	5.2124050719e+00
5.7928744140e-01	5.2105959065e+00
5.7907939538e-01	5.2087824396e+00
5.7887059117e-01	5.2069618652e+00
5.7866101810e-01	5.2051310064e+00
5.7845066481e-01	5.2032864281e+00
5.7823952207e-01	5.2014246169e+00
5.7802758119e-01	5.1995421623e+00
5.7781483171e-01	5.1976359733e+00
5.7760126705e-01	5.1957035632e+00
5.7738688112e-01	5.1937432381e+00
5.7717166471e-01	5.1917542729e+00
5.7695560639e-01	5.1897369618e+00
5.7673870578e-01	5.1876926203e+00
5.7652096036e-01	5.1856234493e+00
5.7630237283e-01	5.1835323745e+00
5.7608294518e-01	5.1814227534e+00
5.7586268143e-01	5.1792981859e+00
5.7564158499e-01	5.1771622251e+00
5.7541965833e-01	5.1750182442e+00
5.7519689902e-01	5.1728692700e+00
5.7497330580e-01	5.1707179507e+00
5.7474887737e-01	5.1685582406e+00
5.7452359897e-01	5.1663746521e+00
5.7429746463e-01	5.1641941118e+00
5.7407046910e-01	5.1620176540e+00
5.7384260758e-01	5.1598460310e+00
5.7361387487e-01	5.1576797612e+00
5.7338426456e-01	5.1555191746e+00
5.7315377072e-01	5.1533644751e+00
5.7292238731e-01	5.1512157733e+00
5.7269010819e-01	5.1490731179e+00
5.7245692715e-01	5.1469365193e+00
5.7222283791e-01	5.1448059680e+00
5.7198783415e-01	5.1426814475e+00
5.7175190953e-01	5.1405629424e+00
5.7151505757e-01	5.1384504439e+00
5.7127727195e-01	5.1363439542e+00
5.7103854611e-01	5.1342434858e+00
5.7079887355e-01	5.1321490626e+00
5.7055824768e-01	5.1300607153e+00
5.7031666178e-01	5.1279784408e+00
5.7007410788e-01	5.1259017751e+00
5.6983056515e-01	5.1238252159e+00
5.6958586243e-01	5.1216890092e+00
5.6934184260e-01	5.1188736830e+00
5.6931935659e-01	5.1169433883e+00
5.6930212092e-01	5.1153550882e+00
5.6928504478e-01	5.1136506767e+00
5.6926836038e-01	5.1121139482e+00
5.6925172250e-01	5.1108582116e+00
5.6923560549e-01	5.1099709932e+00
5.6921986321e-01	5.1093038923e+00
5.6920420581e-01	5.1087363870e+00
5.6918849965e-01	5.1082153373e+00
5.6917304682e-01	5.1077405696e+00
5.6915788015e-01	5.1073005907e+00
5.6914265474e-01	5.1068651614e+00
5.6912806818e-01	5.1064735714e+00
5.6911462627e-01	5.1061520132e+00
5.6910326873e-01	5.1059511921e+00
5.6909690861e-01	5.1060395937e+00
5.6910122801e-01	5.1067453317e+00
5.6913160250e-01	5.1089561502e+00
5.6919297117e-01	5.1128562547e+00
5.6929937916e-01	5.1192606965e+00
5.6947579918e-01	5.1297053010e+00
5.6976215400e-01	5.1466035849e+00
5.7022008059e-01	5.1738434415e+00
5.7094493290e-01	5.2178575424e+00
5.7072519831e-01	5.2901412072e+00
5.6926943561e-01	5.3513084004e+00
5.6787668439e-01	5.4022927194e+00
5.6667161066e-01	5.4597469793e+00
5.5273369440e-01	5.4482938906e+00
5.2138719735e-01	5.4398443951e+00
5.2132373567e-01	5.4371000692e+00
5.2126271986e-01	5.4341256760e+00
5.2120184098e-01	5.4312286681e+00
5.2114068789e-01	5.4283822773e+00
5.2107911875e-01	5.4255647412e+00
5.2101707711e-01	5.4227658398e+00
5.2095452490e-01	5.4199811530e+00
5.2089146027e-01	5.4172085093e+00
5.2082425597e-01	5.4144473848e+00
5.2074874926e-01	5.4116979329e+00
5.2067273759e-01	5.4089604019e+00
5.2059626098e-01	5.4062349472e+00
5.2051931996e-01	5.4035214766e+00
5.2044190900e-01	5.4007924897e+00
5.2036401272e-01	5.3980660806e+00
5.2028561461e-01	5.3953515852e+00
5.2020669832e-01	5.3926482829e+00
5.2012201308e-01	5.3899550474e+00
5.2003442566e-01	5.3872705491e+00
5.1994629157e-01	5.3845930083e+00
5.1985756685e-01	5.3819201330e+00
5.1976821598e-01	5.3792490172e+00
5.1967819540e-01	5.3765763350e+00
5.1958745500e-01	5.3738985250e+00
5.1949258903e-01	5.3712118575e+00
5.1939294582e-01	5.3685125042e+00
5.1929246869e-01	5.3657969021e+00
5.1919112702e-01	5.3630621906e+00
5.1908779393e-01	5.3603064705e+00
5.1898177795e-01	5.3575289393e+00
5.1887489130e-01	5.3547299592e+00
5.1876098848e-01	5.3519111079e+00
5.1864557719e-01	5.3490750743e+00
5.1852940643e-01	5.3462252672e+00
5.1841252136e-01	5.3433406806e+00
5.1829493934e-01	5.3404296000e+00
5.1817668729e-01	5.3375169586e+00
5.1805234682e-01	5.3346065961e+00
5.1792634937e-01	5.3317019566e+00
5.1779977362e-01	5.3288059820e+00
5.1767262803e-01	5.3259210861e+00
5.1754492359e-01	5.3230491170e+00
5.1741529788e-01	5.3201914911e+00
5.1728016770e-01	5.3173492460e+00
5.1714449190e-01	5.3145230443e+00
5.1700826523e-01	5.3117132953e+00
5.1687147713e-01	5.3089202246e+00
5.1673340450e-01	5.3061438694e+00
5.1658944769e-01	5.3033841771e+00
5.1644491572e-01	5.3006410653e+00
5.1629699879e-01	5.2979143773e+00
5.1614696735e-01	5.2952040599e+00
5.1599267338e-01	5.2925100375e+00
5.1583565068e-01	5.2898322253e+00
5.1567805009e-01	5.2871658354e+00
5.1551985542e-01	5.2844785773e+00
5.1535659964e-01	5.2818074635e+00
5.1519158800e-01	5.2791523619e+00
5.1502595267e-01	5.2765131603e+00
5.1485610106e-01	5.2738897345e+00
5.1468181325e-01	5.2712819800e+00
5.1450024495e-01	5.2686897529e+00
5.1430912648e-01	5.2661126290e+00
5.1411168969e-01	5.2635471435e+00
5.1390379682e-01	5.2609573301e+00
5.1368368649e-01	5.2579684276e+00
5.1359820079e-01	5.2545695377e+00
5.1358265302e-01	5.2528422727e+00
5.1356742642e-01	5.2510926957e+00
5.1355295885e-01	5.2495873791e+00
5.1353901287e-01	5.2483720322e+00
5.1352581265e-01	5.2474670887e+00
5.1351307265e-01	5.2467367446e+00
5.1350049077e-01	5.2460828717e+00
5.1348795531e-01	5.2454662661e+00
5.1347563125e-01	5.2448943880e+00
5.1346351276e-01	5.2443573439e+00
5.1345137614e-01	5.2438221015e+00
5.1343968394e-01	5.2433393142e+00
5.1342868302e-01	5.2429408625e+00
5.1341907653e-01	5.2426888696e+00
5.1341296557e-01	5.2427985051e+00
5.1341450424e-01	5.2437772718e+00
5.1343556770e-01	5.2469948453e+00
5.1345931859e-01	5.2526085284e+00
5.1338442440e-01	5.2620505277e+00
5.1312844245e-01	5.2778203446e+00
5.1259644573e-01	5.3039510557e+00
5.1154326426e-01	5.3478978558e+00
5.0950281927e-01	5.4207298594e+00
5.0771817221e-01	5.4802894923e+00
5.0625821632e-01	5.5280922319e+00
5.0510774805e-01	5.5660215626e+00
5.0416894669e-01	5.5961799770e+00
5.0264025799e-01	5.6444990298e+00
5.0020628970e-01	5.7202851883e+00
4.9829689021e-01	5.7791658665e+00
4.9682707525e-01	5.8251309889e+00
4.9560151964e-01	5.8608831699e+00
4.9465388805e-01	5.8891758991e+00
4.9317597556e-01	5.9334487071e+00
4.9083242875e-01	6.0044187830e+00
4.8893758377e-01	6.0581665254e+00
4.9889731958e-01	6.0258883374e+00
4.9887718057e-01	6.0231042171e+00
4.9891580301e-01	6.0208729299e+00
4.9894353674e-01	6.0191760010e+00
4.9897098912e-01	6.0176420585e+00
4.9899831672e-01	6.0162778119e+00
4.9902743420e-01	6.0149737589e+00
4.9905600152e-01	6.0137769382e+00
4.9908395302e-01	6.0126555932e+00
4.9911227567e-01	6.0115581916e+00
4.9914125370e-01	6.0104646836e+00
4.9916936333e-01	6.0094135619e+00
4.9919647144e-01	6.0084029491e+00
4.9922452954e-01	6.0073716505e+00
4.9925032080e-01	6.0064136649e+00
4.9927227289e-01	6.0055740160e+00
4.9928815085e-01	6.0049182800e+00
4.9928785058e-01	6.0047441243e+00
4.9925288310e-01	6.0056002688e+00
4.9914644729e-01	6.0086148435e+00
4.9895497661e-01	6.0142986772e+00
4.9863563761e-01	6.0241858162e+00
4.9811919611e-01	6.0411219505e+00
4.9729888362e-01	6.0730008293e+00
4.9600027476e-01	6.1102454976e+00
4.9392628779e-01	6.1245022568e+00
4.9129342315e-01	6.1531955730e+00
4.8754659738e-01	6.1789027621e+00
4.8270867316e-01	6.1998161228e+00
4.7766551385e-01	6.2187125419e+00
4.7271245697e-01	6.2371238744e+00
4.6785870937e-01	6.2634729119e+00
4.5141315409e-01	6.2620617473e+00
4.5140894322e-01	6.2623658401e+00
4.5141337570e-01	6.2617093645e+00
4.5141728221e-01	6.2610136618e+00
4.5141361797e-01	6.2603172716e+00
4.5140736254e-01	6.2596216618e+00
4.5140017261e-01	6.2589268919e+00
4.5139204237e-01	6.2582329690e+00
4.5138296599e-01	6.2575399008e+00
4.5137293759e-01	6.2568476948e+00
4.5136195115e-01	6.2561563539e+00
4.5134928202e-01	6.2554658900e+00
4.5133539433e-01	6.2547763072e+00
4.5132053135e-01	6.2540876193e+00
4.5130468685e-01	6.2533998339e+00
4.5128785463e-01	6.2527129618e+00
4.5127002839e-01	6.2520270146e+00
4.5125120175e-01	6.2513420024e+00
4.5123136833e-01	6.2506579384e+00
4.5121052179e-01	6.2499748388e+00
4.5118865555e-01	6.2492927141e+00
4.5116576304e-01	6.2486115773e+00
4.5114183766e-01	6.2479314415e+00
4.5111687271e-01	6.2472523197e+00
4.5109086146e-01	6.2465742246e+00
4.5106379710e-01	6.2458971687e+00
4.5103567278e-01	6.2452211640e+00
4.5100648156e-01	6.2445462218e+00
4.5097621647e-01	6.2438723526e+00
4.5094487043e-01	6.2431995661e+00
4.5091243633e-01	6.2425278703e+00
4.5087890699e-01	6.2418572695e+00
4.5084427531e-01	6.2411877394e+00
4.5080853582e-01	6.2405189732e+00
4.5077170071e-01	6.2398478626e+00
4.5073389535e-01	6.2391522417e+00
4.5078437150e-01	6.2386592439e+00
4.5081913340e-01	6.2384861545e+00
4.5085314792e-01	6.2383200245e+00
4.5088657985e-01	6.2381592405e+00
4.5092181912e-01	6.2379934346e+00
4.5095600562e-01	6.2378323522e+00
4.5098915034e-01	6.2376753769e+00
4.5102272739e-01	6.2375171571e+00
4.5105688201e-01	6.2373569614e+00
4.5108997358e-01	6.2372010829e+00
4.5112205013e-01	6.2370492829e+00
4.5115490276e-01	6.2368945867e+00
4.5118495622e-01	6.2367509348e+00
4.5121020196e-01	6.2366262188e+00
4.5122759637e-01	6.2365325242e+00
4.5122376223e-01	6.2365223662e+00
4.5117437398e-01	6.2366914657e+00
4.5106880406e-01	6.2370882922e+00
4.5088111683e-01	6.2378107717e+00
4.5056310156e-01	6.2390383069e+00
4.5004091317e-01	6.2410658808e+00
4.4919484946e-01	6.2443690456e+00
4.4783386657e-01	6.2497089061e+00
4.4565357107e-01	6.2582928436e+00
4.4203868390e-01	6.2720089558e+00
4.3731439897e-01	6.2898599741e+00
4.3267801681e-01	6.3074457291e+00
4.2813057500e-01	6.3247555210e+00
4.2367425595e-01	6.3417766531e+00
4.1929780763e-01	6.3624933803e+00
4.2863593942e-01	6.3210147553e+00
4.2866348348e-01	6.3209211793e+00
4.2868908605e-01	6.3202221304e+00
4.2871381813e-01	6.3194723709e+00
4.2873776712e-01	6.3187187657e+00
4.2876093497e-01	6.3179651730e+00
4.2878331654e-01	6.3172120205e+00
4.2880490666e-01	6.3164594353e+00
4.2882570024e-01	6.3157074975e+00
4.2884569197e-01	6.3149562725e+00
4.2886487687e-01	6.3142057970e+00
4.2888324991e-01	6.3134560967e+00
4.2890080613e-01	6.3127071848e+00
4.2891754913e-01	6.3119590780e+00
4.2893346978e-01	6.3112117777e+00
4.2894855830e-01	6.3104652864e+00
4.2896280955e-01	6.3097196050e+00
4.2897621835e-01	6.3089747340e+00
4.2898877949e-01	6.3082306734e+00
4.2900048768e-01	6.3074874240e+00
4.2901133760e-01	6.3067449865e+00
4.2902132389e-01	6.3060033624e+00
4.2903044115e-01	6.3052625515e+00
4.2903868388e-01	6.3045225581e+00
4.2904604655e-01	6.3037833877e+00
4.2905252360e-01	6.3030450408e+00
4.2905810943e-01	6.3023075190e+00
4.2906279834e-01	6.3015708294e+00
4.2906658462e-01	6.3008349736e+00
4.2906946252e-01	6.3000999551e+00
4.2907142619e-01	6.2993657773e+00
4.2907246978e-01	6.2986324434e+00
4.2907258736e-01	6.2978999565e+00
4.2907177294e-01	6.2971683195e+00
4.2907002050e-01	6.2964375335e+00
4.2906732397e-01	6.2957076036e+00
4.2906367720e-01	6.2949785292e+00
4.2905907402e-01	6.2942503146e+00
4.2905352308e-01	6.2935229586e+00
4.2904702037e-01	6.2927964630e+00
4.2903954232e-01	6.2920708293e+00
4.2903108253e-01	6.2913460596e+00
4.2902163453e-01	6.2906221523e+00
4.2901119178e-01	6.2898991070e+00
4.2899974773e-01	6.2891769206e+00
4.2898729588e-01	6.2884555651e+00
4.2897383121e-01	6.2877347567e+00
4.2895936443e-01	6.2870116862e+00
4.2894400462e-01	6.2862669797e+00
4.2900249043e-01	6.2857459064e+00
4.2903866006e-01	6.2855618085e+00
4.2907407880e-01	6.2853842201e+00
4.2910889923e-01	6.2852117047e+00
4.2914556004e-01	6.2850332406e+00
4.2918134426e-01	6.2848595561e+00
4.2921625460e-01	6.2846901332e+00
4.2925157285e-01	6.2845193899e+00
4.2928748864e-01	6.2843464028e+00
4.2932228818e-01	6.2841781648e+00
4.2935595188e-01	6.2840147154e+00
4.2939029177e-01	6.2838485809e+00
4.2942146782e-01	6.2836956361e+00
4.2944709707e-01	6.2835657977e+00
4.2946310626e-01	6.2834761317e+00
4.2945409630e-01	6.2834906736e+00
4.2939124444e-01	6.2837294708e+00
4.2926269532e-01	6.2842479349e+00
4.2903734826e-01	6.2851716787e+00
4.2866106123e-01	6.2867257005e+00
4.2804584124e-01	6.2892771149e+00
4.2705118178e-01	6.2934144761e+00
4.2545453280e-01	6.3000724409e+00
4.2290597380e-01	6.3107262710e+00
4.1886321848e-01	6.3276822707e+00
4.1478591291e-01	6.3448483141e+00
4.1077857262e-01	6.3617805604e+00
4.0684583533e-01	6.3784547598e+00
4.0298632993e-01	6.4044676434e+00
3.8355328473e-01	6.4307742098e+00
3.8355999564e-01	6.4300444855e+00
3.8356629785e-01	6.4292573825e+00
3.8357162287e-01	6.4284710295e+00
3.8357596332e-01	6.4276855436e+00
3.8357931289e-01	6.4269009288e+00
3.8358166519e-01	6.4261171908e+00
3.8358301383e-01	6.4253343295e+00
3.8358335234e-01	6.4245523476e+00
3.8358267419e-01	6.4237712466e+00
3.8358097281e-01	6.4229910282e+00
3.8357824157e-01	6.4222116936e+00
3.8357447379e-01	6.4214332437e+00
3.8356966273e-01	6.4206556792e+00
3.8356380158e-01	6.4198789992e+00
3.8355688349e-01	6.4191032049e+00
3.8354890156e-01	6.4183282969e+00
3.8353984882e-01	6.4175542737e+00
3.8352971823e-01	6.4167811343e+00
3.8351850269e-01	6.4160088768e+00
3.8350619507e-01	6.4152375012e+00
3.8349278815e-01	6.4144670031e+00
3.8347827491e-01	6.4136973670e+00
3.8346265050e-01	6.4129284376e+00
3.8344593324e-01	6.4121586940e+00
3.8342831536e-01	6.4113764481e+00
3.8348801613e-01	6.4106882266e+00
3.8352829184e-01	6.4104921750e+00
3.8356771096e-01	6.4103021486e+00
3.8360649165e-01	6.4101166634e+00
3.8364721097e-01	6.4099245260e+00
3.8368694742e-01	6.4097372570e+00
3.8372570442e-01	6.4095544648e+00
3.8376505985e-01	6.4093695142e+00
3.8380483923e-01	6.4091830142e+00
3.8384331502e-01	6.4090019356e+00
3.8388068571e-01	6.4088254477e+00
3.8391811375e-01	6.4086488400e+00
3.8395131460e-01	6.4084895921e+00
3.8397692037e-01	6.4083615306e+00
3.8398762547e-01	6.4082947460e+00
3.8396125008e-01	6.4083801754e+00
3.8388657669e-01	6.4086686146e+00
3.8374518999e-01	6.4092341485e+00
3.8350096647e-01	6.4102231216e+00
3.8309466429e-01	6.4118786181e+00
3.8243111369e-01	6.4145921587e+00
3.8135895818e-01	6.4189881156e+00
3.7963892610e-01	6.4260559292e+00
3.7689729803e-01	6.4373472275e+00
3.7318477207e-01	6.4526790086e+00
3.6953400342e-01	6.4677993856e+00
3.6594661184e-01	6.4826984856e+00
3.6242114625e-01	6.4973803476e+00
3.5895752506e-01	6.5130104964e+00
3.6045271186e-01	6.4322396560e+00
3.6049175498e-01	6.4316153542e+00
3.6053238059e-01	6.4307600286e+00
3.6057238278e-01	6.4298880155e+00
3.6061159410e-01	6.4290151684e+00
3.6064999593e-01	6.4281427270e+00
3.6068758079e-01	6.4272708852e+00
3.6072434136e-01	6.4263997636e+00
3.6076027205e-01	6.4255294207e+00
3.6079536668e-01	6.4246599150e+00
3.6082961988e-01	6.4237912741e+00
3.6086302640e-01	6.4229235143e+00
3.6089558079e-01	6.4220566517e+00
3.6092727763e-01	6.4211906965e+00
3.6095811185e-01	6.4203256473e+00
3.6098807820e-01	6.4194615051e+00
3.6101717139e-01	6.4185982695e+00
3.6104538610e-01	6.4177359403e+00
3.6107271706e-01	6.4168745139e+00
3.6109915878e-01	6.4160139925e+00
3.6112470568e-01	6.4151543797e+00
3.6114935217e-01	6.4142956784e+00
3.6117309284e-01	6.4134378846e+00
3.6119592186e-01	6.4125810061e+00
3.6121783361e-01	6.4117250430e+00
3.6123882237e-01	6.4108699956e+00
3.6125888230e-01	6.4100158683e+00
3.6127800739e-01	6.4091626694e+00
3.6129619182e-01	6.4083103982e+00
3.6131342961e-01	6.4074590583e+00
3.6132971474e-01	6.4066086527e+00
3.6134504115e-01	6.4057591821e+00
3.6135940265e-01	6.4049106532e+00
3.6137279311e-01	6.4040630664e+00
3.6138520629e-01	6.4032164240e+00
3.6139663591e-01	6.4023707276e+00
3.6140707565e-01	6.4015259787e+00
3.6141651913e-01	6.4006821786e+00
3.6142495992e-01	6.3998393265e+00
3.6143239151e-01	6.3989974260e+00
3.6143880739e-01	6.3981564756e+00
3.6144420095e-01	6.3973164751e+00
3.6144856556e-01	6.3964774230e+00
3.6145189450e-01	6.3956393207e+00
3.6145418101e-01	6.3948021660e+00
3.6145541828e-01	6.3939659574e+00
3.6145559942e-01	6.3931306923e+00
3.6145471751e-01	6.3922963706e+00
3.6145276554e-01	6.3914629892e+00
3.6144973645e-01	6.3906305457e+00
3.6144562313e-01	6.3897990362e+00
3.6144041860e-01	6.3889684459e+00
3.6143411767e-01	6.3881386499e+00
3.6142673425e-01	6.3873084260e+00
3.6141843148e-01	6.3864681252e+00
3.6148382115e-01	6.3856745446e+00
3.6152593400e-01	6.3854626904e+00
3.6156716065e-01	6.3852569561e+00
3.6160777617e-01	6.3850556150e+00
3.6165033009e-01	6.3848471018e+00
3.6169186161e-01	6.3846437629e+00
3.6173237012e-01	6.3844452572e+00
3.6177360272e-01	6.3842439026e+00
3.6181509499e-01	6.3840416006e+00
3.6185516440e-01	6.3838455119e+00
3.6189413078e-01	6.3836542493e+00
3.6193256844e-01	6.3834653786e+00
3.6196585367e-01	6.3832987873e+00
3.6198971560e-01	6.3831729491e+00
3.6199346961e-01	6.3831341325e+00
3.6194897946e-01	6.3833038684e+00
3.6184381108e-01	6.3837407914e+00
3.6165273705e-01	6.3845523437e+00
3.6132844483e-01	6.3859411952e+00
3.6079386248e-01	6.3882408560e+00
3.5992560996e-01	6.3919864888e+00
3.5852821151e-01	6.3980287745e+00
3.5629428101e-01	6.4077098459e+00
3.5274652079e-01	6.4231271971e+00
3.4912995745e-01	6.4388938580e+00
3.4557357358e-01	6.4544483604e+00
3.4208281377e-01	6.4697671430e+00
3.3865488974e-01	6.4883830240e+00
3.3263802497e-01	6.4890586781e+00
3.3266499677e-01	6.4882608447e+00
3.3269212333e-01	6.4873408172e+00
3.3271836244e-01	6.4864202125e+00
3.3274369494e-01	6.4855006110e+00
3.3276811496e-01	6.4845820340e+00
3.3279161696e-01	6.4836644762e+00
3.3281419510e-01	6.4827479424e+00
3.3283584353e-01	6.4818324362e+00
3.3285655649e-01	6.4809179546e+00
3.3287632791e-01	6.4800045068e+00
3.3289515191e-01	6.4790920906e+00
3.3291302247e-01	6.4781807082e+00
3.3292993356e-01	6.4772703590e+00
3.3294587896e-01	6.4763610495e+00
3.3296085258e-01	6.4754527765e+00
3.3297484817e-01	6.4745455428e+00
3.3298785942e-01	6.4736393508e+00
3.3299987999e-01	6.4727342022e+00
3.3301090353e-01	6.4718300952e+00
3.3302092360e-01	6.4709270296e+00
3.3302993373e-01	6.4700250051e+00
3.3303792736e-01	6.4691240208e+00
3.3304489789e-01	6.4682240756e+00
3.3305083869e-01	6.4673251680e+00
3.3305574304e-01	6.4664272962e+00
3.3305960417e-01	6.4655304582e+00
3.3306241525e-01	6.4646346515e+00
3.3306416942e-01	6.4637398734e+00
3.3306485972e-01	6.4628461209e+00
3.3306447915e-01	6.4619533907e+00
3.3306302063e-01	6.4610616795e+00
3.3306047705e-01	6.4601709836e+00
3.3305684119e-01	6.4592812981e+00
3.3305210580e-01	6.4583926206e+00
3.3304626356e-01	6.4575049454e+00
3.3303930712e-01	6.4566182646e+00
3.3303122956e-01	6.4557325342e+00
3.3302202905e-01	6.4548473491e+00
3.3301175267e-01	6.4539589954e+00
3.3300605064e-01	6.4530517299e+00
3.3307617501e-01	6.4526948652e+00
3.3311929423e-01	6.4524682847e+00
3.3316150262e-01	6.4522479091e+00
3.3320351452e-01	6.4520299583e+00
3.3324704940e-01	6.4518061000e+00
3.3328953437e-01	6.4515876754e+00
3.3333096188e-01	6.4513744270e+00
3.3337364018e-01	6.4511557255e+00
3.3341596360e-01	6.4509387822e+00
3.3345672264e-01	6.4507290426e+00
3.3349673909e-01	6.4505227776e+00
3.3353496060e-01	6.4503248038e+00
3.3356668253e-01	6.4501565521e+00
3.3358624756e-01	6.4500439305e+00
3.3357722067e-01	6.4500621108e+00
3.3352393911e-01	6.4502869535e+00
3.3341317371e-01	6.4507772220e+00
3.3321621569e-01	6.4516640375e+00
3.3288392062e-01	6.4531708321e+00
3.3233722873e-01	6.4556598198e+00
3.3145007371e-01	6.4597099226e+00
3.3002324791e-01	6.4662392741e+00
3.2774431065e-01	6.4766952020e+00
3.2447917859e-01	6.4917261195e+00
3.2126865669e-01	6.5065650415e+00
3.1811410525e-01	6.5212083266e+00
3.1501456991e-01	6.5356642638e+00
3.1197025763e-01	6.5526258573e+00
3.1120863665e-01	6.5373298499e+00
3.1124552621e-01	6.5364337822e+00
3.1128238589e-01	6.5354434622e+00
3.1131837604e-01	6.5344531079e+00
3.1135348047e-01	6.5334639596e+00
3.1138769326e-01	6.5324760387e+00
3.1142100901e-01	6.5314893417e+00
3.1145342229e-01	6.5305038628e+00
3.1148492717e-01	6.5295196114e+00
3.1151551790e-01	6.5285365894e+00
3.1154518892e-01	6.5275547911e+00
3.1157393424e-01	6.5265742235e+00
3.1160174807e-01	6.5255948844e+00
3.1162862451e-01	6.5246167741e+00
3.1165455759e-01	6.5236398932e+00
3.1167954130e-01	6.5226642414e+00
3.1170356958e-01	6.5216898184e+00
3.1172663632e-01	6.5207166240e+00
3.1174873534e-01	6.5197446568e+00
3.1176986046e-01	6.5187739155e+00
3.1179000539e-01	6.5178043982e+00
3.1180916383e-01	6.5168361027e+00
3.1182732943e-01	6.5158690265e+00
3.1184449574e-01	6.5149031666e+00
3.1186065632e-01	6.5139385197e+00
3.1187580464e-01	6.5129750815e+00
3.1188993410e-01	6.5120128489e+00
3.1190303808e-01	6.5110518171e+00
3.1191510990e-01	6.5100919792e+00
3.1192614278e-01	6.5091333343e+00
3.1193612991e-01	6.5081758752e+00
3.1194506443e-01	6.5072195963e+00
3.1195293940e-01	6.5062644916e+00
3.1195974784e-01	6.5053105553e+00
3.1196548267e-01	6.5043577811e+00
3.1197013678e-01	6.5034061625e+00
3.1197370298e-01	6.5024556930e+00
3.1197617400e-01	6.5015063657e+00
3.1197754254e-01	6.5005581717e+00
3.1197780146e-01	6.4996110866e+00
3.1197694584e-01	6.4986649210e+00
3.1197499400e-01	6.4977179013e+00
3.1197210636e-01	6.4967588274e+00
3.1204683123e-01	6.4960940541e+00
3.1209178837e-01	6.4958507511e+00
3.1213580733e-01	6.4956137979e+00
3.1217955907e-01	6.4953795296e+00
3.1222493000e-01	6.4951385110e+00
3.1226920995e-01	6.4949032889e+00
3.1231238767e-01	6.4946736484e+00
3.1235686150e-01	6.4944380787e+00
3.1240089815e-01	6.4942047302e+00
3.1244324728e-01	6.4939794934e+00
3.1248476951e-01	6.4937582919e+00
3.1252393458e-01	6.4935484326e+00
3.1255554838e-01	6.4933746505e+00
3.1257262971e-01	6.4932703382e+00
3.1255485104e-01	6.4933326040e+00
3.1248891735e-01	6.4936298763e+00
3.1235839087e-01	6.4942380137e+00
3.1212974747e-01	6.4953172191e+00
3.1174663903e-01	6.4971359160e+00
3.1111873767e-01	6.5001273545e+00
3.1010242206e-01	6.5049828852e+00
3.0847132903e-01	6.5127986958e+00
3.0587220187e-01	6.5253021221e+00
3.0287211798e-01	6.5398077873e+00
2.9991910188e-01	6.5541670125e+00
2.9701764975e-01	6.5683581140e+00
2.9416702136e-01	6.5857344714e+00
2.9283861606e-01	6.5809902450e+00
2.9287836883e-01	6.5801159155e+00
2.9291889772e-01	6.5790525374e+00
2.9295859167e-01	6.5779860557e+00
2.9299740724e-01	6.5769208389e+00
2.9303533881e-01	6.5758569609e+00
2.9307238040e-01	6.5747944380e+00
2.9310852652e-01	6.5737332710e+00
2.9314377179e-01	6.5726734562e+00
2.9317811059e-01	6.5716149952e+00
2.9321153738e-01	6.5705578862e+00
2.9324404616e-01	6.5695021401e+00
2.9327563128e-01	6.5684477556e+00
2.9330628702e-01	6.5673947316e+00
2.9333600727e-01	6.5663430786e+00
2.9336478629e-01	6.5652927922e+00
2.9339261790e-01	6.5642438817e+00
2.9341949615e-01	6.5631963465e+00
2.9344541495e-01	6.5621501883e+00
2.9347036814e-01	6.5611054090e+00
2.9349434961e-01	6.5600620069e+00
2.9351735306e-01	6.5590199846e+00
2.9353937209e-01	6.5579793474e+00
2.9356040044e-01	6.5569400912e+00
2.9358043171e-01	6.5559022153e+00
2.9359945946e-01	6.5548657188e+00
2.9361747718e-01	6.5538305999e+00
2.9363447831e-01	6.5527968565e+00
2.9365045624e-01	6.5517644860e+00
2.9366540432e-01	6.5507334851e+00
2.9367931581e-01	6.5497038505e+00
2.9369218394e-01	6.5486755782e+00
2.9370400186e-01	6.5476486637e+00
2.9371476269e-01	6.5466231022e+00
2.9372445946e-01	6.5455988885e+00
2.9373308516e-01	6.5445760170e+00
2.9374063272e-01	6.5435544807e+00
2.9374709497e-01	6.5425342746e+00
2.9375246471e-01	6.5415153931e+00
2.9375673467e-01	6.5404978285e+00
2.9375989750e-01	6.5394815737e+00
2.9376194579e-01	6.5384666214e+00
2.9376287206e-01	6.5374529641e+00
2.9376266876e-01	6.5364405938e+00
2.9376132829e-01	6.5354295008e+00
2.9375884324e-01	6.5344196555e+00
2.9375520887e-01	6.5334108269e+00
2.9375044739e-01	6.5324008856e+00
2.9374472304e-01	6.5313780000e+00
2.9382181130e-01	6.5307755812e+00
2.9386796908e-01	6.5305144002e+00
2.9391315754e-01	6.5302598811e+00
2.9395825579e-01	6.5300071593e+00
2.9400479932e-01	6.5297481171e+00
2.9405021596e-01	6.5294952852e+00
2.9409449027e-01	6.5292484896e+00
2.9414036964e-01	6.5289938956e+00
2.9418543768e-01	6.5287434968e+00
2.9422868677e-01	6.5285022879e+00
2.9427126944e-01	6.5282645363e+00
2.9431051692e-01	6.5280436144e+00
2.9434091885e-01	6.5278671380e+00
2.9435373953e-01	6.5277790576e+00
2.9432371134e-01	6.5279064327e+00
2.9423748734e-01	6.5283213519e+00
2.9407421217e-01	6.5291261644e+00
2.9379292702e-01	6.5305264234e+00
2.9332568285e-01	6.5328637527e+00
2.9256378417e-01	6.5366881097e+00
2.9133499312e-01	6.5428757697e+00
2.8936910907e-01	6.5528142996e+00
2.8656399423e-01	6.5670705613e+00
2.8380378027e-01	6.5811827601e+00
2.8109027391e-01	6.5951360928e+00
2.7842314892e-01	6.6089250044e+00
2.7580247092e-01	6.6255881061e+00
2.6437259650e-01	6.6262749719e+00
2.6439103749e-01	6.6251749048e+00
2.6440859260e-01	6.6240488915e+00
2.6442513835e-01	6.6229243699e+00
2.6444066807e-01	6.6218014336e+00
2.6445517520e-01	6.6206800982e+00
2.6446865329e-01	6.6195603666e+00
2.6448109578e-01	6.6184422425e+00
2.6449249597e-01	6.6173257402e+00
2.6450284721e-01	6.6162108614e+00
2.6451214276e-01	6.6150976124e+00
2.6452037581e-01	6.6139859979e+00
2.6452753952e-01	6.6128760196e+00
2.6453362693e-01	6.6117676877e+00
2.6453863109e-01	6.6106610004e+00
2.6454254492e-01	6.6095559655e+00
2.6454536135e-01	6.6084525831e+00
2.6454707319e-01	6.6073508553e+00
2.6454767323e-01	6.6062507835e+00
2.6454715417e-01	6.6051523688e+00
2.6454550864e-01	6.6040556116e+00
2.6454272922e-01	6.6029605120e+00
2.6453880842e-01	6.6018670695e+00
2.6453373867e-01	6.6007752830e+00
2.6452751234e-01	6.5996851505e+00
2.6452012174e-01	6.5985966723e+00
2.6451155908e-01	6.5975098458e+00
2.6450181653e-01	6.5964246682e+00
2.6449088617e-01	6.5953411367e+00
2.6447875999e-01	6.5942592483e+00
2.6446542993e-01	6.5931789995e+00
2.6445088784e-01	6.5921003868e+00
2.6443512548e-01	6.5910234055e+00
2.6441813457e-01	6.5899480529e+00
2.6439990670e-01	6.5888743231e+00
2.6438043345e-01	6.5878022028e+00
2.6435970676e-01	6.5867315994e+00
2.6433772363e-01	6.5856616382e+00
2.6431452480e-01	6.5845856036e+00
2.6437517365e-01	6.5835639414e+00
2.6442055438e-01	6.5832825788e+00
2.6446497761e-01	6.5830082597e+00
2.6450932485e-01	6.5827356934e+00
2.6455519153e-01	6.5824556965e+00
2.6460012548e-01	6.5821813753e+00
2.6464410355e-01	6.5819126107e+00
2.6469000208e-01	6.5816335533e+00
2.6473484338e-01	6.5813604344e+00
2.6477779293e-01	6.5810977927e+00
2.6482020577e-01	6.5808382507e+00
2.6485819513e-01	6.5806031462e+00
2.6488578227e-01	6.5804253590e+00
2.6489163486e-01	6.5803674174e+00
2.6486161928e-01	6.5805129522e+00
2.6478734692e-01	6.5809048642e+00
2.6464778892e-01	6.5816580622e+00
2.6440679283e-01	6.5829725740e+00
2.6400520216e-01	6.5851745074e+00
2.6334881321e-01	6.5887867951e+00
2.6228844325e-01	6.5946419298e+00
2.6059008985e-01	6.6040564226e+00
2.5817348517e-01	6.6175171830e+00
2.5579079545e-01	6.6308542024e+00
2.5344687594e-01	6.6440306234e+00
2.5114146055e-01	6.6570393431e+00
2.4887504072e-01	6.6698701569e+00
2.4664614347e-01	6.6825252052e+00
2.4445474527e-01	6.6949996591e+00
2.4229959420e-01	6.7072966202e+00
2.4018051727e-01	6.7194138825e+00
2.3809609216e-01	6.7313570898e+00
2.3604603498e-01	6.7431259027e+00
2.3402889171e-01	6.7563216491e+00
2.3969965553e-01	6.7318632771e+00
2.3974538284e-01	6.7306366458e+00
2.3979021920e-01	6.7294048112e+00
2.3983410836e-01	6.7281744577e+00
2.3987704397e-01	6.7269456078e+00
2.3991902045e-01	6.7257182549e+00
2.3996003150e-01	6.7244924105e+00
2.4000007125e-01	6.7232680722e+00
2.4003913353e-01	6.7220452435e+00
2.4007721203e-01	6.7208239314e+00
2.4011430064e-01	6.7196041348e+00
2.4015039306e-01	6.7183858551e+00
2.4018548298e-01	6.7171690935e+00
2.4021956414e-01	6.7159538460e+00
2.4025262985e-01	6.7147401219e+00
2.4028467374e-01	6.7135279164e+00
2.4031568928e-01	6.7123172288e+00
2.4034566994e-01	6.7111080553e+00
2.4037460891e-01	6.7099004003e+00
2.4040249954e-01	6.7086942591e+00
2.4042933507e-01	6.7074896297e+00
2.4045510867e-01	6.7062865093e+00
2.4047981342e-01	6.7050848960e+00
2.4050344237e-01	6.7038847864e+00
2.4052598850e-01	6.7026861775e+00
2.4054744471e-01	6.7014890658e+00
2.4056780387e-01	6.7002934479e+00
2.4058705874e-01	6.6990993194e+00
2.4060520202e-01	6.6979066774e+00
2.4062222636e-01	6.6967155175e+00
2.4063812435e-01	6.6955258338e+00
2.4065288844e-01	6.6943376248e+00
2.4066651107e-01	6.6931508861e+00
2.4067898458e-01	6.6919656128e+00
2.4069030123e-01	6.6907818003e+00
2.4070045324e-01	6.6895994438e+00
2.4070943276e-01	6.6884185311e+00
2.4071723253e-01	6.6872389815e+00
2.4072385236e-01	6.6860600368e+00
2.4072934717e-01	6.6848762497e+00
2.4081107406e-01	6.6838427448e+00
2.4086029403e-01	6.6835334609e+00
2.4090849382e-01	6.6832312605e+00
2.4095667487e-01	6.6829300999e+00
2.4100622873e-01	6.6826217284e+00
2.4105456928e-01	6.6823206852e+00
2.4110166065e-01	6.6820270056e+00
2.4115063726e-01	6.6817227211e+00
2.4119820762e-01	6.6814265808e+00
2.4124344846e-01	6.6811438467e+00
2.4128746797e-01	6.6808682438e+00
2.4132507119e-01	6.6806295322e+00
2.4134811481e-01	6.6804744379e+00
2.4133906693e-01	6.6805039001e+00
2.4128348149e-01	6.6808060779e+00
2.4116734957e-01	6.6814581917e+00
2.4095992424e-01	6.6826360998e+00
2.4060961303e-01	6.6846369456e+00
2.4003295821e-01	6.6879404319e+00
2.3909773088e-01	6.6933097988e+00
2.3759617339e-01	6.7019481031e+00
2.3546525523e-01	6.7142340767e+00
2.3336408076e-01	6.7263754705e+00
2.3129462109e-01	6.7383573045e+00
2.2925783187e-01	6.7501721336e+00
2.2725315493e-01	6.7665662898e+00
2.1964305210e-01	6.7737564227e+00
2.1966356873e-01	6.7724580564e+00
2.1968300368e-01	6.7711612445e+00
2.1970134973e-01	6.7698660186e+00
2.1971859984e-01	6.7685723742e+00
2.1973474681e-01	6.7672803113e+00
2.1974978343e-01	6.7659898276e+00
2.1976370240e-01	6.7647009218e+00
2.1977649643e-01	6.7634135853e+00
2.1978815803e-01	6.7621278211e+00
2.1979867975e-01	6.7608436221e+00
2.1980805405e-01	6.7595609838e+00
2.1981627327e-01	6.7582799026e+00
2.1982332974e-01	6.7570003732e+00
2.1982921566e-01	6.7557223920e+00
2.1983392320e-01	6.7544459536e+00
2.1983744442e-01	6.7531710531e+00
2.1983977132e-01	6.7518976853e+00
2.1984089582e-01	6.7506258453e+00
2.1984080976e-01	6.7493555278e+00
2.1983950488e-01	6.7480867277e+00
2.1983697285e-01	6.7468194395e+00
2.1983320525e-01	6.7455536577e+00
2.1982819359e-01	6.7442893774e+00
2.1982192931e-01	6.7430265849e+00
2.1981440417e-01	6.7417651963e+00
2.1980561462e-01	6.7405044373e+00
2.1979559466e-01	6.7392390198e+00
2.1987162598e-01	6.7382093285e+00
2.1992122080e-01	6.7378749204e+00
2.1996977823e-01	6.7375480435e+00
2.2001851341e-01	6.7372209330e+00
2.2006839817e-01	6.7368873482e+00
2.2011704426e-01	6.7365617262e+00
2.2016443959e-01	6.7362439897e+00
2.2021397607e-01	6.7359132763e+00
2.2026166345e-01	6.7355940213e+00
2.2030680031e-01	6.7352905293e+00
2.2035062584e-01	6.7349952788e+00
2.2038625354e-01	6.7347506466e+00
2.2040429991e-01	6.7346145237e+00
2.2039238994e-01	6.7346689622e+00
2.2034413720e-01	6.7349503754e+00
2.2024419108e-01	6.7355521983e+00
2.2006476693e-01	6.7366455004e+00
2.1976038850e-01	6.7385119560e+00
2.1925783575e-01	6.7416038312e+00
2.1844117529e-01	6.7466394629e+00
2.1712899928e-01	6.7547462403e+00
2.1526860147e-01	6.7662630500e+00
2.1343190526e-01	6.7776556954e+00
2.1162158346e-01	6.7889049788e+00
2.0983802537e-01	6.8000067389e+00
2.0808171965e-01	6.8119982088e+00
2.1017737238e-01	6.7938352325e+00
2.1022045561e-01	6.7924388998e+00
2.1026256057e-01	6.7910424020e+00
2.1030367016e-01	6.7896475450e+00
2.1034377792e-01	6.7882543384e+00
2.1038287751e-01	6.7868627849e+00
2.1042096250e-01	6.7854728876e+00
2.1045802637e-01	6.7840846513e+00
2.1049406254e-01	6.7826980799e+00
2.1052906456e-01	6.7813131706e+00
2.1056302579e-01	6.7799299237e+00
2.1059593953e-01	6.7785483411e+00
2.1062779903e-01	6.7771684219e+00
2.1065859750e-01	6.7757901655e+00
2.1068832813e-01	6.7744135682e+00
2.1071698386e-01	6.7730386341e+00
2.1074455779e-01	6.7716653586e+00
2.1077104285e-01	6.7702937394e+00
2.1079643193e-01	6.7689237739e+00
2.1082071786e-01	6.7675554591e+00
2.1084389340e-01	6.7661887918e+00
2.1086595123e-01	6.7648237677e+00
2.1088688397e-01	6.7634603840e+00
2.1090668418e-01	6.7620986360e+00
2.1092534434e-01	6.7607385193e+00
2.1094285686e-01	6.7593800293e+00
2.1095921409e-01	6.7580231599e+00
2.1097440827e-01	6.7566679086e+00
2.1098843160e-01	6.7553142692e+00
2.1100127619e-01	6.7539622362e+00
2.1101293407e-01	6.7526118044e+00
2.1102339720e-01	6.7512629684e+00
2.1103265745e-01	6.7499157228e+00
2.1104070661e-01	6.7485700617e+00
2.1104753637e-01	6.7472259803e+00
2.1105313837e-01	6.7458834727e+00
2.1105750412e-01	6.7445425331e+00
2.1106062510e-01	6.7432031514e+00
2.1106249297e-01	6.7418652729e+00
2.1106310276e-01	6.7405284088e+00
2.1106248002e-01	6.7391887532e+00
2.1114327004e-01	6.7378531723e+00
2.1119500072e-01	6.7374954397e+00
2.1124565108e-01	6.7371456950e+00
2.1129648449e-01	6.7367956348e+00
2.1134848869e-01	6.7364387290e+00
2.1139919868e-01	6.7360903784e+00
2.1144871669e-01	6.7357497882e+00
2.1150029745e-01	6.7353963008e+00
2.1154990978e-01	6.7350553989e+00
2.1159676532e-01	6.7347320819e+00
2.1164213709e-01	6.7344183768e+00
2.1167806279e-01	6.7341648675e+00
2.1169398264e-01	6.7340388270e+00
2.1167806922e-01	6.7341223035e+00
2.1162451582e-01	6.7344477520e+00
2.1151626486e-01	6.7351228787e+00
2.1132340815e-01	6.7363379515e+00
2.1099729793e-01	6.7384040393e+00
2.1045982674e-01	6.7418193351e+00
2.0958744862e-01	6.7473743301e+00
2.0818659928e-01	6.7563113623e+00
2.0636699926e-01	6.7679425638e+00
2.0457148034e-01	6.7794417113e+00
2.0280258413e-01	6.7907903794e+00
2.0106038838e-01	6.8019863610e+00
1.9934541494e-01	6.8153104009e+00
1.9600037351e-01	6.8178825329e+00
1.9603915284e-01	6.8163960802e+00
1.9607693513e-01	6.8149077207e+00
1.9611369688e-01	6.8134210900e+00
1.9614943124e-01	6.8119362054e+00
1.9618413176e-01	6.8104530649e+00
1.9621779180e-01	6.8089716715e+00
1.9625040477e-01	6.8074920218e+00
1.9628196371e-01	6.8060141257e+00
1.9631246186e-01	6.8045379826e+00
1.9634189220e-01	6.8030635992e+00
1.9637024789e-01	6.8015909712e+00
1.9639752191e-01	6.8001200986e+00
1.9642370725e-01	6.7986509775e+00
1.9644879664e-01	6.7971836144e+00
1.9647278294e-01	6.7957180044e+00
1.9649565888e-01	6.7942541455e+00
1.9651741712e-01	6.7927920358e+00
1.9653805026e-01	6.7913316727e+00
1.9655755084e-01	6.7898730507e+00
1.9657591127e-01	6.7884161715e+00
1.9659312396e-01	6.7869610290e+00
1.9660918122e-01	6.7855076191e+00
1.9662407529e-01	6.7840559379e+00
1.9663779834e-01	6.7826059807e+00
1.9665034246e-01	6.7811577411e+00
1.9666169965e-01	6.7797112175e+00
1.9667186186e-01	6.7782664017e+00
1.9668082092e-01	6.7768232912e+00
1.9668856861e-01	6.7753818792e+00
1.9669509663e-01	6.7739421600e+00
1.9670039658e-01	6.7725041270e+00
1.9670445998e-01	6.7710677764e+00
1.9670727827e-01	6.7696331016e+00
1.9670884278e-01	6.7682000966e+00
1.9670914479e-01	6.7667687558e+00
1.9670817543e-01	6.7653390733e+00
1.9670592580e-01	6.7639110430e+00
1.9670238687e-01	6.7624846554e+00
1.9669754969e-01	6.7610598651e+00
1.9669140721e-01	6.7596362710e+00
1.9668397192e-01	6.7582106144e+00
1.9674550512e-01	6.7567779179e+00
1.9679828458e-01	6.7563884206e+00
1.9684999335e-01	6.7560074082e+00
1.9690104064e-01	6.7556318452e+00
1.9695411346e-01	6.7552432317e+00
1.9700586332e-01	6.7548639927e+00
1.9705625080e-01	6.7544942159e+00
1.9710843798e-01	6.7541124507e+00
1.9715918169e-01	6.7537405857e+00
1.9720728626e-01	6.7533867079e+00
1.9725388692e-01	6.7530432220e+00
1.9729210676e-01	6.7527568151e+00
1.9731154335e-01	6.7525982568e+00
1.9730041894e-01	6.7526550581e+00
1.9725426429e-01	6.7529526486e+00
1.9715773995e-01	6.7535943462e+00
1.9698359953e-01	6.7547652681e+00
1.9668738746e-01	6.7567689851e+00
1.9619766398e-01	6.7600923856e+00
1.9540111347e-01	6.7655096798e+00
1.9412014834e-01	6.7742379787e+00
1.9245113752e-01	6.7856319857e+00
1.9080381165e-01	6.7968984728e+00
1.8917994807e-01	6.8080233763e+00
1.8758071557e-01	6.8189969326e+00
1.8600551331e-01	6.8306416907e+00
1.8606647355e-01	6.8192448443e+00
1.8611015484e-01	6.8176612846e+00
1.8615281623e-01	6.8160788755e+00
1.8619444745e-01	6.8144983224e+00
1.8623504202e-01	6.8129196205e+00
1.8627459335e-01	6.8113427674e+00
1.8631309448e-01	6.8097677718e+00
1.8635053859e-01	6.8081946336e+00
1.8638691864e-01	6.8066233592e+00
1.8642222789e-01	6.8050539396e+00
1.8645645912e-01	6.8034863831e+00
1.8648960541e-01	6.8019206802e+00
1.8652165940e-01	6.8003568394e+00
1.8655261410e-01	6.7987948479e+00
1.8658246201e-01	6.7972347133e+00
1.8661119578e-01	6.7956764332e+00
1.8663880809e-01	6.7941199988e+00
1.8666529142e-01	6.7925654071e+00
1.8669063807e-01	6.7910126625e+00
1.8671484049e-01	6.7894617555e+00
1.8673789095e-01	6.7879126821e+00
1.8675978168e-01	6.7863654377e+00
1.8678050478e-01	6.7848200174e+00
1.8680005233e-01	6.7832764165e+00
1.8681841629e-01	6.7817346294e+00
1.8683558859e-01	6.7801946487e+00
1.8685156098e-01	6.7786564730e+00
1.8686632523e-01	6.7771200944e+00
1.8687987298e-01	6.7755855063e+00
1.8689219580e-01	6.7740527037e+00
1.8690328516e-01	6.7725216798e+00
1.8691313244e-01	6.7709924300e+00
1.8692172894e-01	6.7694649474e+00
1.8692906587e-01	6.7679392258e+00
1.8693513433e-01	6.7664152591e+00
1.8693992534e-01	6.7648930410e+00
1.8694342984e-01	6.7633725621e+00
1.8694563878e-01	6.7618537814e+00
1.8694654480e-01	6.7603363427e+00
1.8694615810e-01	6.7588172761e+00
1.8700390334e-01	6.7572906083e+00
1.8705873532e-01	6.7568687048e+00
1.8711248360e-01	6.7564557812e+00
1.8716502428e-01	6.7560524882e+00
1.8722016682e-01	6.7556314680e+00
1.8727393577e-01	6.7552206607e+00
1.8732629634e-01	6.7548201113e+00
1.8738015993e-01	6.7544090917e+00
1.8743292780e-01	6.7540059838e+00
1.8748304238e-01	6.7536218269e+00
1.8753157246e-01	6.7532491251e+00
1.8757195990e-01	6.7529345449e+00
1.8759346712e-01	6.7527546206e+00
1.8758377494e-01	6.7528047419e+00
1.8753900215e-01	6.7531075102e+00
1.8744405666e-01	6.7537694031e+00
1.8727192018e-01	6.7549827761e+00
1.8697842870e-01	6.7570635808e+00
1.8649266167e-01	6.7605183729e+00
1.8570256268e-01	6.7661494052e+00
1.8443222140e-01	6.7752200537e+00
1.8282343962e-01	6.7867287480e+00
1.8123595790e-01	6.7981052754e+00
1.7967139157e-01	6.8093363628e+00
1.7813041447e-01	6.8204153708e+00
1.7661345521e-01	6.8327534485e+00
1.7449400184e-01	6.8301909247e+00
1.7453150695e-01	6.8285062621e+00
1.7456795552e-01	6.8268231968e+00
1.7460333928e-01	6.8251419897e+00
1.7463765138e-01	6.8234626323e+00
1.7467088454e-01	6.8217851322e+00
1.7470303166e-01	6.8201094857e+00
1.7473408547e-01	6.8184356921e+00
1.7476403865e-01	6.8167637503e+00
1.7479288383e-01	6.8150936578e+00
1.7482061352e-01	6.8134254139e+00
1.7484722019e-01	6.8117590152e+00
1.7487269626e-01	6.8100944585e+00
1.7489703404e-01	6.8084317404e+00
1.7492022583e-01	6.8067708541e+00
1.7494226371e-01	6.8051118012e+00
1.7496313982e-01	6.8034545740e+00
1.7498284620e-01	6.8017991674e+00
1.7500137479e-01	6.8001455764e+00
1.7501871744e-01	6.7984937944e+00
1.7503486594e-01	6.7968438171e+00
1.7504981199e-01	6.7951956376e+00
1.7506354721e-01	6.7935492497e+00
1.7507606312e-01	6.7919046470e+00
1.7508735117e-01	6.7902618227e+00
1.7509740271e-01	6.7886207701e+00
1.7510620901e-01	6.7869814824e+00
1.7511376125e-01	6.7853439525e+00
1.7512005050e-01	6.7837081736e+00
1.7512506775e-01	6.7820741379e+00
1.7512880390e-01	6.7804418397e+00
1.7513124973e-01	6.7788112712e+00
1.7513239593e-01	6.7771824255e+00
1.7513223311e-01	6.7755552942e+00
1.7513075180e-01	6.7739298568e+00
1.7512794297e-01	6.7723059725e+00
1.7512380375e-01	6.7706823588e+00
1.7511836718e-01	6.7690522529e+00
1.7520674864e-01	6.7681271050e+00
1.7526229270e-01	6.7676739494e+00
1.7531662805e-01	6.7672311733e+00
1.7537200426e-01	6.7667814516e+00
1.7542761855e-01	6.7663305399e+00
1.7548179984e-01	6.7658907910e+00
1.7553612650e-01	6.7654501689e+00
1.7559094571e-01	6.7650060049e+00
1.7564337338e-01	6.7645800175e+00
1.7569383738e-01	6.7641690330e+00
1.7573912692e-01	6.7637974140e+00
1.7576931358e-01	6.7635403484e+00
1.7577075687e-01	6.7635074943e+00
1.7573990856e-01	6.7637235084e+00
1.7566540100e-01	6.7642723095e+00
1.7552489904e-01	6.7653227240e+00
1.7528121159e-01	6.7671573030e+00
1.7487457580e-01	6.7702303825e+00
1.7420973605e-01	6.7752663683e+00
1.7313652228e-01	6.7834111050e+00
1.7162941594e-01	6.7948700464e+00
1.7014103634e-01	6.8062067555e+00
1.6867355679e-01	6.8174025288e+00
1.6722836994e-01	6.8284451693e+00
1.6580531797e-01	6.8404463967e+00
1.6449677390e-01	6.8330624748e+00
1.6453337373e-01	6.8312558745e+00
1.6456893637e-01	6.8294510315e+00
1.6460345425e-01	6.8276481634e+00
1.6463692100e-01	6.8258472588e+00
1.6466932968e-01	6.8240483310e+00
1.6470067368e-01	6.8222513743e+00
1.6473094616e-01	6.8204563884e+00
1.6476014027e-01	6.8186633727e+00
1.6478824906e-01	6.8168723262e+00
1.6481526564e-01	6.8150832402e+00
1.6484118273e-01	6.8132961262e+00
1.6486599333e-01	6.8115109749e+00
1.6488969024e-01	6.8097277830e+00
1.6491226619e-01	6.8079465471e+00
1.6493371386e-01	6.8061672631e+00
1.6495402587e-01	6.8043899267e+00
1.6497319478e-01	6.8026145288e+00
1.6499121297e-01	6.8008410727e+00
1.6500807287e-01	6.7990695496e+00
1.6502376682e-01	6.7972999533e+00
1.6503828705e-01	6.7955322778e+00
1.6505162574e-01	6.7937665168e+00
1.6506377497e-01	6.7920026643e+00
1.6507472677e-01	6.7902407133e+00
1.6508447307e-01	6.7884806574e+00
1.6509300573e-01	6.7867224894e+00
1.6510031653e-01	6.7849662025e+00
1.6510639715e-01	6.7832117881e+00
1.6511123921e-01	6.7814592417e+00
1.6511483422e-01	6.7797085549e+00
1.6511717363e-01	6.7779597193e+00
1.6511824877e-01	6.7762127299e+00
1.6511805090e-01	6.7744675783e+00
1.6511657120e-01	6.7727242570e+00
1.6511380072e-01	6.7709827551e+00
1.6510973059e-01	6.7692430247e+00
1.6510435334e-01	6.7675046491e+00
1.6509767644e-01	6.7657642321e+00
1.6516699196e-01	6.7640174145e+00
1.6522445438e-01	6.7635204493e+00
1.6528069870e-01	6.7630346561e+00
1.6533713124e-01	6.7625484689e+00
1.6539469054e-01	6.7620540511e+00
1.6545076705e-01	6.7615719537e+00
1.6550530360e-01	6.7610840592e+00
1.6555781424e-01	6.7605595926e+00
1.6560747883e-01	6.7600580927e+00
1.6565655670e-01	6.7595895129e+00
1.6570023211e-01	6.7591867008e+00
1.6572572532e-01	6.7589305701e+00
1.6572147088e-01	6.7589412918e+00
1.6568418544e-01	6.7592237677e+00
1.6560031992e-01	6.7598835564e+00
1.6544530773e-01	6.7611184059e+00
1.6517872149e-01	6.7632553558e+00
1.6473558014e-01	6.7668195549e+00
1.6401298812e-01	6.7726440599e+00
1.6285029081e-01	6.7820337920e+00
1.6141831917e-01	6.7936192940e+00
1.6000474629e-01	6.8050754208e+00
1.5861225190e-01	6.8163786244e+00
1.5724091796e-01	6.8275266815e+00
1.5589141373e-01	6.8394390470e+00
1.5492283643e-01	6.8166914900e+00
1.5495934544e-01	6.8147811890e+00
1.5499479559e-01	6.8128727791e+00
1.5502917958e-01	6.8109664377e+00
1.5506249060e-01	6.8090621661e+00
1.5509472176e-01	6.8071599660e+00
1.5512586625e-01	6.8052598292e+00
1.5515591678e-01	6.8033617734e+00
1.5518486651e-01	6.8014657838e+00
1.5521270812e-01	6.7995718710e+00
1.5523943451e-01	6.7976800278e+00
1.5526503846e-01	6.7957902474e+00
1.5528951258e-01	6.7939025311e+00
1.5531284944e-01	6.7920168792e+00
1.5533504151e-01	6.7901332909e+00
1.5535608132e-01	6.7882517580e+00
1.5537596127e-01	6.7863722724e+00
1.5539467361e-01	6.7844948374e+00
1.5541221060e-01	6.7826194442e+00
1.5542856440e-01	6.7807460875e+00
1.5544372710e-01	6.7788747617e+00
1.5545769069e-01	6.7770054608e+00
1.5547044713e-01	6.7751381764e+00
1.5548198824e-01	6.7732729044e+00
1.5549230577e-01	6.7714096407e+00
1.5550139142e-01	6.7695483759e+00
1.5550923680e-01	6.7676891032e+00
1.5551583341e-01	6.7658318154e+00
1.5552117268e-01	6.7639765054e+00
1.5552524596e-01	6.7621231657e+00
1.5552804450e-01	6.7602717883e+00
1.5552955946e-01	6.7584223673e+00
1.5552978190e-01	6.7565748932e+00
1.5552870280e-01	6.7547293611e+00
1.5552631303e-01	6.7528857624e+00
1.5552260339e-01	6.7510440880e+00
1.5551756456e-01	6.7492043243e+00
1.5551118740e-01	6.7473663775e+00
1.5550346564e-01	6.7455293953e+00
1.5549441611e-01	6.7436876504e+00
1.5558054685e-01	6.7422832241e+00
1.5563915442e-01	6.7417525465e+00
1.5569645835e-01	6.7412342908e+00
1.5575515010e-01	6.7407055067e+00
1.5581369101e-01	6.7401787283e+00
1.5587068983e-01	6.7396653146e+00
1.5592856747e-01	6.7391448416e+00
1.5598606271e-01	6.7386278304e+00
1.5604086108e-01	6.7381336793e+00
1.5609416040e-01	6.7376524964e+00
1.5613937147e-01	6.7372398631e+00
1.5616480684e-01	6.7369946076e+00
1.5615626204e-01	6.7370461414e+00
1.5611138582e-01	6.7374079826e+00
1.5601520974e-01	6.7382054772e+00
1.5584040656e-01	6.7396695034e+00
1.5554067164e-01	6.7421802270e+00
1.5504557236e-01	6.7463466193e+00
1.5424191231e-01	6.7531321157e+00
1.5295297403e-01	6.7640436510e+00
1.5157033409e-01	6.7757740213e+00
1.5020715391e-01	6.7873603798e+00
1.4886581089e-01	6.7987839133e+00
1.4754540872e-01	6.8108296813e+00
1.4830465374e-01	6.7787594846e+00
1.4834703614e-01	6.7767572407e+00
1.4838835081e-01	6.7747569682e+00
1.4842859047e-01	6.7727588378e+00
1.4846774806e-01	6.7707628580e+00
1.4850581639e-01	6.7687690422e+00
1.4854278874e-01	6.7667773743e+00
1.4857865777e-01	6.7647878684e+00
1.4861341640e-01	6.7628005186e+00
1.4864705742e-01	6.7608153237e+00
1.4867957353e-01	6.7588322820e+00
1.4871095734e-01	6.7568513932e+00
1.4874120150e-01	6.7548726494e+00
1.4877029833e-01	6.7528960584e+00
1.4879824041e-01	6.7509216065e+00
1.4882501992e-01	6.7489493010e+00
1.4885062921e-01	6.7469791329e+00
1.4887506048e-01	6.7450110976e+00
1.4889830588e-01	6.7430451868e+00
1.4892035738e-01	6.7410814020e+00
1.4894120698e-01	6.7391197357e+00
1.4896084655e-01	6.7371601815e+00
1.4897926790e-01	6.7352027333e+00
1.4899646277e-01	6.7332473840e+00
1.4901242277e-01	6.7312941290e+00
1.4902713947e-01	6.7293429602e+00
1.4904060432e-01	6.7273938717e+00
1.4905280872e-01	6.7254468560e+00
1.4906374396e-01	6.7235019022e+00
1.4907340121e-01	6.7215590107e+00
1.4908177160e-01	6.7196181704e+00
1.4908884614e-01	6.7176793740e+00
1.4909461576e-01	6.7157426141e+00
1.4909907127e-01	6.7138078834e+00
1.4910220341e-01	6.7118751745e+00
1.4910400279e-01	6.7099444796e+00
1.4910445997e-01	6.7080157863e+00
1.4910356556e-01	6.7060890313e+00
1.4910131226e-01	6.7041636419e+00
1.4909771238e-01	6.7022350993e+00
1.4918458053e-01	6.7003858437e+00
1.4924540051e-01	6.6998207701e+00
1.4930485836e-01	6.6992691093e+00
1.4936579469e-01	6.6987059147e+00
1.4942647109e-01	6.6981457706e+00
1.4948554043e-01	6.6975999595e+00
1.4954576150e-01	6.6970445494e+00
1.4960529349e-01	6.6964953504e+00
1.4966201639e-01	6.6959706413e+00
1.4971749206e-01	6.6954571223e+00
1.4976386212e-01	6.6950229271e+00
1.4978888928e-01	6.6947745772e+00
1.4977685740e-01	6.6948582350e+00
1.4972532297e-01	6.6952887233e+00
1.4961786712e-01	6.6962075670e+00
1.4942463348e-01	6.6978745367e+00
1.4909670233e-01	6.7007165662e+00
1.4855574377e-01	6.7054163810e+00
1.4767851007e-01	6.7130519506e+00
1.4627403077e-01	6.7252988276e+00
1.4487918762e-01	6.7374826015e+00
1.4350586000e-01	6.7494969230e+00
1.4215442287e-01	6.7613367445e+00
1.4082589787e-01	6.7743803606e+00
1.3756619649e-01	6.7774667093e+00
1.3759623236e-01	6.7752999262e+00
1.3762514539e-01	6.7731352732e+00
1.3765292802e-01	6.7709728192e+00
1.3767957279e-01	6.7688125643e+00
1.3770507231e-01	6.7666544936e+00
1.3772941864e-01	6.7644986356e+00
1.3775260425e-01	6.7623449740e+00
1.3777462138e-01	6.7601935072e+00
1.3779546230e-01	6.7580442222e+00
1.3781511888e-01	6.7558971369e+00
1.3783358325e-01	6.7537522374e+00
1.3785084731e-01	6.7516095199e+00
1.3786690293e-01	6.7494689799e+00
1.3788174187e-01	6.7473306120e+00
1.3789535582e-01	6.7451944123e+00
1.3790773638e-01	6.7430603736e+00
1.3791887505e-01	6.7409284918e+00
1.3792876328e-01	6.7387987597e+00
1.3793739242e-01	6.7366711705e+00
1.3794475370e-01	6.7345457175e+00
1.3795083831e-01	6.7324223936e+00
1.3795563732e-01	6.7303011912e+00
1.3795914170e-01	6.7281821028e+00
1.3796134236e-01	6.7260651208e+00
1.3796223007e-01	6.7239502347e+00
1.3796179554e-01	6.7218374412e+00
1.3796002937e-01	6.7197267299e+00
1.3795692205e-01	6.7176180925e+00
1.3795246397e-01	6.7155115210e+00
1.3794664545e-01	6.7134070070e+00
1.3793945665e-01	6.7113045423e+00
1.3793088767e-01	6.7092041187e+00
1.3792092848e-01	6.7071057274e+00
1.3790956895e-01	6.7050093531e+00
1.3789679906e-01	6.7029149106e+00
1.3788261093e-01	6.7008216150e+00
1.3786701472e-01	6.6987236670e+00
1.3794951698e-01	6.6969507861e+00
1.3801104113e-01	6.6963239424e+00
1.3807115829e-01	6.6957122738e+00
1.3813308081e-01	6.6950849213e+00
1.3819433837e-01	6.6944647474e+00
1.3825394668e-01	6.6938606761e+00
1.3831528442e-01	6.6932406400e+00
1.3837522808e-01	6.6926340769e+00
1.3843239604e-01	6.6920540601e+00
1.3848829614e-01	6.6914865715e+00
1.3853324194e-01	6.6910236245e+00
1.3855347636e-01	6.6907987522e+00
1.3853654918e-01	6.6909376128e+00
1.3847827843e-01	6.6914741217e+00
1.3836070029e-01	6.6925783104e+00
1.3815187112e-01	6.6945554442e+00
1.3779971043e-01	6.6979030578e+00
1.3722100757e-01	6.7034171534e+00
1.3628457050e-01	6.7123565420e+00
1.3498230898e-01	6.7248101032e+00
1.3369755890e-01	6.7371163522e+00
1.3243252108e-01	6.7492519630e+00
1.3118865473e-01	6.7612009125e+00
1.2996551371e-01	6.7733618713e+00
1.3387630482e-01	6.7041984191e+00
1.3392870985e-01	6.7019827588e+00
1.3398003749e-01	6.6997690880e+00
1.3403028004e-01	6.6975576038e+00
1.3407943069e-01	6.6953482978e+00
1.3412748183e-01	6.6931411937e+00
1.3417442652e-01	6.6909362822e+00
1.3422025750e-01	6.6887335646e+00
1.3426496744e-01	6.6865330414e+00
1.3430854895e-01	6.6843347134e+00
1.3435099455e-01	6.6821385800e+00
1.3439229671e-01	6.6799446408e+00
1.3443244780e-01	6.6777528944e+00
1.3447144028e-01	6.6755633313e+00
1.3450926610e-01	6.6733759652e+00
1.3454591756e-01	6.6711907857e+00
1.3458138673e-01	6.6690077896e+00
1.3461566578e-01	6.6668269635e+00
1.3464874631e-01	6.6646483234e+00
1.3468062032e-01	6.6624718549e+00
1.3471127957e-01	6.6602975535e+00
1.3474071583e-01	6.6581254074e+00
1.3476892051e-01	6.6559554244e+00
1.3479588524e-01	6.6537875883e+00
1.3482160134e-01	6.6516219017e+00
1.3484606019e-01	6.6494583542e+00
1.3486925302e-01	6.6472969393e+00
1.3489117099e-01	6.6451376505e+00
1.3491180515e-01	6.6429804812e+00
1.3493114645e-01	6.6408254239e+00
1.3494918574e-01	6.6386724733e+00
1.3496591380e-01	6.6365216216e+00
1.3498132131e-01	6.6343728580e+00
1.3499539877e-01	6.6322261837e+00
1.3500813669e-01	6.6300815877e+00
1.3501952540e-01	6.6279390633e+00
1.3502955517e-01	6.6257986036e+00
1.3503821612e-01	6.6236602019e+00
1.3504549833e-01	6.6215238457e+00
1.3505139203e-01	6.6193894624e+00
1.3505589062e-01	6.6172563643e+00
1.3505901426e-01	6.6151190609e+00
1.3515262892e-01	6.6131303561e+00
1.3521807055e-01	6.6124827608e+00
1.3528200701e-01	6.6118511454e+00
1.3534793820e-01	6.6112026364e+00
1.3541302029e-01	6.6105629304e+00
1.3547634792e-01	6.6099399574e+00
1.3554176454e-01	6.6092981101e+00
1.3560540139e-01	6.6086729754e+00
1.3566651772e-01	6.6080714050e+00
1.3572574385e-01	6.6074878115e+00
1.3577309114e-01	6.6070148031e+00
1.3579336881e-01	6.6067960624e+00
1.3577267276e-01	6.6069673404e+00
1.3570652044e-01	6.6075647907e+00
1.3557506073e-01	6.6087718648e+00
1.3534305230e-01	6.6109174025e+00
1.3495281707e-01	6.6145382961e+00
1.3431278518e-01	6.6204894839e+00
1.3327962035e-01	6.6301125392e+00
1.3184950787e-01	6.6434547216e+00
1.3044053418e-01	6.6566200527e+00
1.2905626973e-01	6.6695724483e+00
1.2769671058e-01	6.6823099533e+00
1.2636265255e-01	6.6968842788e+00
1.2332356646e-01	6.7474544522e+00
1.2336104757e-01	6.7449028895e+00
1.2339737462e-01	6.7423537810e+00
1.2343253994e-01	6.7398071363e+00
1.2346653580e-01	6.7372629531e+00
1.2349935440e-01	6.7347212283e+00
1.2353098789e-01	6.7321819584e+00
1.2356142830e-01	6.7296451394e+00
1.2359066760e-01	6.7271107666e+00
1.2361869769e-01	6.7245788351e+00
1.2364551036e-01	6.7220493394e+00
1.2367109735e-01	6.7195222736e+00
1.2369545034e-01	6.7169976252e+00
1.2371856083e-01	6.7144753940e+00
1.2374042024e-01	6.7119555783e+00
1.2376102005e-01	6.7094381591e+00
1.2378035145e-01	6.7069231405e+00
1.2379840576e-01	6.7044105010e+00
1.2381517395e-01	6.7019002480e+00
1.2383064710e-01	6.6993923653e+00
1.2384481614e-01	6.6968868447e+00
1.2385767189e-01	6.6943836775e+00
1.2386920508e-01	6.6918828518e+00
1.2387940631e-01	6.6893843655e+00
1.2388826613e-01	6.6868882067e+00
1.2389577494e-01	6.6843943669e+00
1.2390192308e-01	6.6819028376e+00
1.2390670075e-01	6.6794136082e+00
1.2391009805e-01	6.6769266751e+00
1.2391210498e-01	6.6744420279e+00
1.2391271142e-01	6.6719596579e+00
1.2391190721e-01	6.6694795428e+00
1.2390968268e-01	6.6670015212e+00
1.2390603414e-01	6.6645240340e+00
1.2390099336e-01	6.6620374565e+00
1.2399547623e-01	6.6605088366e+00
1.2406248084e-01	6.6597418980e+00
1.2412790789e-01	6.6589942784e+00
1.2419582919e-01	6.6582217746e+00
1.2426231856e-01	6.6574656771e+00
1.2432724063e-01	6.6567269497e+00
1.2439451932e-01	6.6559635181e+00
1.2445936836e-01	6.6552263881e+00
1.2452251772e-01	6.6545078200e+00
1.2458221940e-01	6.6538267681e+00
1.2462851792e-01	6.6532902395e+00
1.2464454547e-01	6.6530889774e+00
1.2462805600e-01	6.6532442676e+00
1.2457218579e-01	6.6538266769e+00
1.2445872149e-01	6.6550315667e+00
1.2425625913e-01	6.6571986646e+00
1.2391356200e-01	6.6608802163e+00
1.2334925239e-01	6.6669564941e+00
1.2243621793e-01	6.6768059502e+00
1.2117406137e-01	6.6904456603e+00
1.1993012011e-01	6.7039107835e+00
1.1870768564e-01	6.7171625782e+00
1.1750689350e-01	6.7301974081e+00
1.1632874158e-01	6.7439707465e+00
1.1705361062e-01	6.6870521728e+00
1.1709960766e-01	6.6844176229e+00
1.1714436548e-01	6.6817865743e+00
1.1718787616e-01	6.6791591035e+00
1.1723013130e-01	6.6765352421e+00
1.1727112332e-01	6.6739149674e+00
1.1731084371e-01	6.6712983082e+00
1.1734928466e-01	6.6686852434e+00
1.1738643772e-01	6.6660757878e+00
1.1742229441e-01	6.6634699539e+00
1.1745684670e-01	6.6608677132e+00
1.1749008576e-01	6.6582690912e+00
1.1752200296e-01	6.6556740914e+00
1.1755258959e-01	6.6530827172e+00
1.1758183708e-01	6.6504949523e+00
1.1760973636e-01	6.6479108129e+00
1.1763627858e-01	6.6453302910e+00
1.1766145468e-01	6.6427533864e+00
1.1768525557e-01	6.6401800923e+00
1.1770767189e-01	6.6376104209e+00
1.1772869436e-01	6.6350443655e+00
1.1774831354e-01	6.6324819252e+00
1.1776651989e-01	6.6299230992e+00
1.1778330381e-01	6.6273678800e+00
1.1779865547e-01	6.6248162811e+00
1.1781256506e-01	6.6222682949e+00
1.1782502264e-01	6.6197239212e+00
1.1783601813e-01	6.6171831601e+00
1.1784554136e-01	6.6146460116e+00
1.1785358205e-01	6.6121124768e+00
1.1786012980e-01	6.6095825559e+00
1.1786517409e-01	6.6070562491e+00
1.1786870428e-01	6.6045335636e+00
1.1787070962e-01	6.6020144963e+00
1.1787117925e-01	6.5994990560e+00
1.1787010217e-01	6.5969872432e+00
1.1786746728e-01	6.5944790477e+00
1.1786326379e-01	6.5919743187e+00
1.1785748602e-01	6.5894714662e+00
1.1785016814e-01	6.5869600715e+00
1.1794299745e-01	6.5854352282e+00
1.1801158599e-01	6.5846363189e+00
1.1807937146e-01	6.5838489282e+00
1.1815048987e-01	6.5830272817e+00
1.1821988978e-01	6.5822256019e+00
1.1828819453e-01	6.5814365471e+00
1.1835838373e-01	6.5806275059e+00
1.1842603003e-01	6.5798465021e+00
1.1849257068e-01	6.5790779744e+00
1.1855455219e-01	6.5783597790e+00
1.1860203169e-01	6.5778008237e+00
1.1861633788e-01	6.5776164792e+00
1.1859740272e-01	6.5778022326e+00
1.1853745901e-01	6.5784405514e+00
1.1841721782e-01	6.5797425642e+00
1.1820357240e-01	6.5820724863e+00
1.1784275276e-01	6.5860206548e+00
1.1724995469e-01	6.5925215947e+00
1.1629205495e-01	6.6030457516e+00
1.1497278580e-01	6.6175655552e+00
1.1367517941e-01	6.6318701522e+00
1.1240140386e-01	6.6459311671e+00
1.1115276316e-01	6.6597320287e+00
1.0992976815e-01	6.6745639171e+00
1.0874207745e-01	6.6735986412e+00
1.0878222698e-01	6.6707104127e+00
1.0882100923e-01	6.6678270236e+00
1.0885841533e-01	6.6649485540e+00
1.0889443681e-01	6.6620749902e+00
1.0892906450e-01	6.6592063673e+00
1.0896228967e-01	6.6563426767e+00
1.0899410294e-01	6.6534839577e+00
1.0902449563e-01	6.6506301811e+00
1.0905345829e-01	6.6477813780e+00
1.0908098184e-01	6.6449375324e+00
1.0910705680e-01	6.6420986619e+00
1.0913167367e-01	6.6392647729e+00
1.0915482286e-01	6.6364358716e+00
1.0917649463e-01	6.6336119736e+00
1.0919667932e-01	6.6307930669e+00
1.0921536691e-01	6.6279791756e+00
1.0923254746e-01	6.6251702973e+00
1.0924821093e-01	6.6223664263e+00
1.0926234696e-01	6.6195675950e+00
1.0927494531e-01	6.6167737923e+00
1.0928599547e-01	6.6139850394e+00
1.0929548693e-01	6.6112013381e+00
1.0930340900e-01	6.6084226977e+00
1.0930975088e-01	6.6056491280e+00
1.0931450166e-01	6.6028806396e+00
1.0931765030e-01	6.6001172443e+00
1.0931918562e-01	6.5973589533e+00
1.0931909635e-01	6.5946057780e+00
1.0931737105e-01	6.5918577338e+00
1.0931399818e-01	6.5891148452e+00
1.0930896605e-01	6.5863771225e+00
1.0930226285e-01	6.5836445844e+00
1.0929387662e-01	6.5809172503e+00
1.0928379526e-01	6.5781951396e+00
1.0927200655e-01	6.5754782559e+00
1.0925849845e-01	6.5727664134e+00
1.0924326432e-01	6.5700574483e+00
1.0922634373e-01	6.5673379746e+00
1.0931811887e-01	6.5660064982e+00
1.0938783673e-01	6.5651108809e+00
1.0945780797e-01	6.5642156796e+00
1.0953131405e-01	6.5632806687e+00
1.0960298067e-01	6.5623693427e+00
1.0967422976e-01	6.5614639318e+00
1.0974667002e-01	6.5605448644e+00
1.0981650888e-01	6.5596574567e+00
1.0988618237e-01	6.5587725858e+00
1.0995020536e-01	6.5579563278e+00
1.0999983416e-01	6.5573144730e+00
1.1001341616e-01	6.5571221792e+00
1.0999597336e-01	6.5573101160e+00
1.0993935201e-01	6.5579744566e+00
1.0982487239e-01	6.5593413772e+00
1.0962053954e-01	6.5617979126e+00
1.0927469349e-01	6.5659703486e+00
1.0870564466e-01	6.5728521544e+00
1.0778627872e-01	6.5839936084e+00
1.0652385470e-01	6.5993234162e+00
1.0528330582e-01	6.6144142238e+00
1.0406668667e-01	6.6292353716e+00
1.0287574500e-01	6.6437623534e+00
1.0171037784e-01	6.6590609354e+00
1.0097869626e-01	6.6325900097e+00
1.0102379908e-01	6.6294192569e+00
1.0106755899e-01	6.6262532494e+00
1.0110996684e-01	6.6230923947e+00
1.0115101392e-01	6.6199367252e+00
1.0119069154e-01	6.6167862717e+00
1.0122899142e-01	6.6136410221e+00
1.0126590494e-01	6.6105009875e+00
1.0130142337e-01	6.6073661799e+00
1.0133553789e-01	6.6042366124e+00
1.0136823974e-01	6.6011122810e+00
1.0139951956e-01	6.5979932360e+00
1.0142936840e-01	6.5948794752e+00
1.0145777706e-01	6.5917710156e+00
1.0148473623e-01	6.5886678751e+00
1.0151023647e-01	6.5855700724e+00
1.0153426828e-01	6.5824776281e+00
1.0155682203e-01	6.5793905637e+00
1.0157788806e-01	6.5763088899e+00
1.0159745637e-01	6.5732326561e+00
1.0161551709e-01	6.5701618761e+00
1.0163206022e-01	6.5670965677e+00
1.0164707546e-01	6.5640367821e+00
1.0166055259e-01	6.5609825405e+00
1.0167248118e-01	6.5579338774e+00
1.0168285072e-01	6.5548908289e+00
1.0169165058e-01	6.5518534257e+00
1.0169886994e-01	6.5488217243e+00
1.0170449792e-01	6.5457957616e+00
1.0170852351e-01	6.5427755826e+00
1.0171093556e-01	6.5397612355e+00
1.0171172278e-01	6.5367527704e+00
1.0171087376e-01	6.5337502417e+00
1.0170837695e-01	6.5307536987e+00
1.0170422068e-01	6.5277632093e+00
1.0169839313e-01	6.5247788276e+00
1.0169088233e-01	6.5218006142e+00
1.0168167620e-01	6.5188286324e+00
1.0167076250e-01	6.5158629455e+00
1.0165812884e-01	6.5129036157e+00
1.0164376273e-01	6.5099506951e+00
1.0162765181e-01	6.5070040773e+00
1.0160978805e-01	6.5040619755e+00
1.0159020515e-01	6.5011107050e+00
1.0167790038e-01	6.4994128769e+00
1.0174986605e-01	6.4984128257e+00
1.0182238959e-01	6.4974102662e+00
1.0189806061e-01	6.4963706206e+00
1.0197180268e-01	6.4953583195e+00
1.0204572925e-01	6.4943449711e+00
1.0212016102e-01	6.4933259941e+00
1.0219196411e-01	6.4923417270e+00
1.0226465244e-01	6.4913467485e+00
1.0233088604e-01	6.4904363779e+00
1.0238371168e-01	6.4897017014e+00
1.0239832920e-01	6.4894804800e+00
1.0238096135e-01	6.4896827477e+00
1.0232400583e-01	6.4904052608e+00
1.0220886828e-01	6.4918911794e+00
1.0200344253e-01	6.4945596035e+00
1.0165601263e-01	6.4990900858e+00
1.0108476604e-01	6.5065620078e+00
1.0016271935e-01	6.5186597927e+00
9.8901572153e-02	6.5352603112e+00
9.7664742295e-02	6.5515846393e+00
9.6454928208e-02	6.5675845785e+00
9.5272997049e-02	6.5832402810e+00
9.4118504477e-02	6.5992908333e+00
9.4073815915e-02	6.5741245943e+00
9.4120710967e-02	6.5706237041e+00
9.4166211568e-02	6.5671282992e+00
9.4210308801e-02	6.5636386255e+00
9.4252994150e-02	6.5601546833e+00
9.4294258312e-02	6.5566765309e+00
9.4334092472e-02	6.5532041821e+00
9.4372486729e-02	6.5497377412e+00
9.4409432354e-02	6.5462772046e+00
9.4444919940e-02	6.5428226213e+00
9.4478940003e-02	6.5393740421e+00
9.4511482932e-02	6.5359315228e+00
9.4542539001e-02	6.5324951240e+00
9.4572098572e-02	6.5290648866e+00
9.4600151263e-02	6.5256409290e+00
9.4626687335e-02	6.5222232843e+00
9.4651696434e-02	6.5188120494e+00
9.4675168135e-02	6.5154073225e+00
9.4697092096e-02	6.5120091768e+00
9.4717457829e-02	6.5086176890e+00
9.4736254530e-02	6.5052329692e+00
9.4753471304e-02	6.5018551289e+00
9.4769097270e-02	6.4984842555e+00
9.4783121338e-02	6.4951204522e+00
9.4795532289e-02	6.4917638231e+00
9.4806318775e-02	6.4884144730e+00
9.4815469319e-02	6.4850725052e+00
9.4822972311e-02	6.4817380234e+00
9.4828816015e-02	6.4784111268e+00
9.4832988566e-02	6.4750919114e+00
9.4835477968e-02	6.4717804683e+00
9.4836272099e-02	6.4684768825e+00
9.4835358708e-02	6.4651812317e+00
9.4832725408e-02	6.4618935787e+00
9.4828359702e-02	6.4586139967e+00
9.4822248941e-02	6.4553425235e+00
9.4814380384e-02	6.4520792095e+00
9.4804741130e-02	6.4488240756e+00
9.4793318161e-02	6.4455771369e+00
9.4780098341e-02	6.4423383865e+00
9.4765068589e-02	6.4391077097e+00
9.4748218332e-02	6.4358838938e+00
9.4729566056e-02	6.4326559486e+00
9.4811583785e-02	6.4302562595e+00
9.4887069948e-02	6.4291267799e+00
9.4963392069e-02	6.4279919305e+00
9.5042552649e-02	6.4268229109e+00
9.5119655321e-02	6.4256860158e+00
9.5197538589e-02	6.4245401364e+00
9.5275239885e-02	6.4233979872e+00
9.5350872924e-02	6.4222855043e+00
9.5427306137e-02	6.4211628184e+00
9.5497144225e-02	6.4201331001e+00
9.5555012202e-02	6.4192723514e+00
9.5572376178e-02	6.4189947512e+00
9.5555081979e-02	6.4192111332e+00
9.5496761519e-02	6.4200086524e+00
9.5378576767e-02	6.4216496705e+00
9.5167881061e-02	6.4245939004e+00
9.4811886997e-02	6.4295882944e+00
9.4227156287e-02	6.4378206531e+00
9.3284168556e-02	6.4511536851e+00
9.2000566362e-02	6.4693961399e+00
9.0745455339e-02	6.4873232035e+00
8.9521106513e-02	6.5048792054e+00
8.8327499920e-02	6.5220442037e+00
8.7164100035e-02	6.5397703052e+00
8.1817205465e-02	6.5297989358e+00
8.1853697841e-02	6.5257910888e+00
8.1888786545e-02	6.5217901221e+00
8.1922461448e-02	6.5177965387e+00
8.1954713898e-02	6.5138104119e+00
8.1985534795e-02	6.5098318614e+00
8.2014914867e-02	6.5058610222e+00
8.2042844727e-02	6.5018980378e+00
8.2069314857e-02	6.4979430608e+00
8.2094315808e-02	6.4939962203e+00
8.2117837448e-02	6.4900577407e+00
8.2139870245e-02	6.4861277337e+00
8.2160404033e-02	6.4822063984e+00
8.2179428587e-02	6.4782939309e+00
8.2196933938e-02	6.4743904477e+00
8.2212909539e-02	6.4704961601e+00
8.2227345072e-02	6.4666111979e+00
8.2240230003e-02	6.4627357042e+00
8.2251553698e-02	6.4588698088e+00
8.2261305429e-02	6.4550136252e+00
8.2269474413e-02	6.4511672279e+00
8.2276049680e-02	6.4473307151e+00
8.2281020234e-02	6.4435041372e+00
8.2284374981e-02	6.4396875399e+00
8.2286102774e-02	6.4358809106e+00
8.2286192354e-02	6.4320842109e+00
8.2284632371e-02	6.4282974339e+00
8.2281411383e-02	6.4245204816e+00
8.2276517883e-02	6.4207532916e+00
8.2269940214e-02	6.4169957280e+00
8.2261666663e-02	6.4132476760e+00
8.2251685398e-02	6.4095089915e+00
8.2239984510e-02	6.4057795277e+00
8.2226551903e-02	6.4020591039e+00
8.2211375391e-02	6.3983475448e+00
8.2194442648e-02	6.3946446670e+00
8.2175741142e-02	6.3909502717e+00
8.2155258398e-02	6.3872641984e+00
8.2132981591e-02	6.3835862485e+00
8.2108897752e-02	6.3799162313e+00
8.2082993868e-02	6.3762539619e+00
8.2055257110e-02	6.3725990958e+00
8.2025678906e-02	6.3689493818e+00
8.1994293680e-02	6.3652864571e+00
8.2072225862e-02	6.3634939494e+00
8.2146809717e-02	6.3621685055e+00
8.2222717953e-02	6.3608289899e+00
8.2300588134e-02	6.3594647818e+00
8.2376375417e-02	6.3581398820e+00
8.2453790733e-02	6.3567904970e+00
8.2530002256e-02	6.3554623222e+00
8.2605553625e-02	6.3541458643e+00
8.2680713703e-02	6.3528366417e+00
8.2750754369e-02	6.3516131508e+00
8.2810575592e-02	6.3505611192e+00
8.2831269142e-02	6.3501773497e+00
8.2818385243e-02	6.3503647603e+00
8.2767665441e-02	6.3511886513e+00
8.2662601702e-02	6.3529224670e+00
8.2473988477e-02	6.3560541320e+00
8.2154388469e-02	6.3613780467e+00
8.1629136449e-02	6.3701496993e+00
8.0781815787e-02	6.3843339668e+00
7.9632555177e-02	6.4036396441e+00
7.8510834006e-02	6.4225704533e+00
7.7418472317e-02	6.4411028693e+00
7.6354954189e-02	6.4592419932e+00
7.5319374275e-02	6.4769890482e+00
7.4310589147e-02	6.4943439630e+00
7.3327805290e-02	6.5113009907e+00
7.2370176724e-02	6.5278590075e+00
7.1436753832e-02	6.5440232619e+00
7.0526139293e-02	6.5598106803e+00
6.9638028990e-02	6.5752220226e+00
6.8771465560e-02	6.5911849293e+00
6.5975575213e-02	6.5189759072e+00
6.6008623635e-02	6.5145346105e+00
6.6040185694e-02	6.5101000041e+00
6.6070251231e-02	6.5056722065e+00
6.6098811001e-02	6.5012511772e+00
6.6125854707e-02	6.4968370223e+00
6.6151372765e-02	6.4924297237e+00
6.6175354842e-02	6.4880293715e+00
6.6197790519e-02	6.4836360651e+00
6.6218669561e-02	6.4792498544e+00
6.6237981522e-02	6.4748708066e+00
6.6255715546e-02	6.4704990605e+00
6.6271860672e-02	6.4661347676e+00
6.6286405986e-02	6.4617780424e+00
6.6299340363e-02	6.4574290192e+00
6.6310652362e-02	6.4530878988e+00
6.6320330418e-02	6.4487548952e+00
6.6328362907e-02	6.4444301934e+00
6.6334737973e-02	6.4401140160e+00
6.6339443595e-02	6.4358065980e+00
6.6342467584e-02	6.4315081841e+00
6.6343797595e-02	6.4272189900e+00
6.6343421098e-02	6.4229393391e+00
6.6341325450e-02	6.4186694456e+00
6.6337497843e-02	6.4144095512e+00
6.6331925328e-02	6.4101598832e+00
6.6324594823e-02	6.4059206487e+00
6.6315493118e-02	6.4016920289e+00
6.6304606849e-02	6.3974741612e+00
6.6291922600e-02	6.3932671721e+00
6.6277426854e-02	6.3890711455e+00
6.6261105929e-02	6.3848861020e+00
6.6242946009e-02	6.3807120165e+00
6.6222933313e-02	6.3765488510e+00
6.6201053772e-02	6.3723964845e+00
6.6177293381e-02	6.3682547917e+00
6.6151637893e-02	6.3641235856e+00
6.6124072884e-02	6.3600026395e+00
6.6094584079e-02	6.3558917123e+00
6.6063157358e-02	6.3517902107e+00
6.6029785849e-02	6.3476942011e+00
6.6057076904e-02	6.3435783454e+00
6.6271323612e-02	6.3394715994e+00
6.6351339015e-02	6.3379139224e+00
6.6430950827e-02	6.3363682281e+00
6.6511313266e-02	6.3348109075e+00
6.6589434619e-02	6.3332963779e+00
6.6669318849e-02	6.3317501237e+00
6.6744801235e-02	6.3302864359e+00
6.6815619560e-02	6.3289109150e+00
6.6859537389e-02	6.3280426270e+00
6.6860188668e-02	6.3280013055e+00
6.6825094728e-02	6.3286342414e+00
6.6742639643e-02	6.3301553719e+00
6.6589109571e-02	6.3330079147e+00
6.6324738726e-02	6.3379379533e+00
6.5886601025e-02	6.3461309243e+00
6.5176620732e-02	6.3594456604e+00
6.4215875019e-02	6.3775378270e+00
6.3276788308e-02	6.3953102810e+00
6.2361092932e-02	6.4127216653e+00
6.1469213859e-02	6.4297463426e+00
6.0600570043e-02	6.4465015463e+00
5.5770002100e-02	6.4401895605e+00
5.5790174939e-02	6.4347898335e+00
5.5808882686e-02	6.4294020136e+00
5.5826115258e-02	6.4240269789e+00
5.5841863627e-02	6.4186650758e+00
5.5856117722e-02	6.4133169395e+00
5.5868868228e-02	6.4079828717e+00
5.5880105056e-02	6.4026633959e+00
5.5889818611e-02	6.3973587196e+00
5.5897998835e-02	6.3920691581e+00
5.5904635690e-02	6.3867949305e+00
5.5909719250e-02	6.3815360412e+00
5.5913239492e-02	6.3762923605e+00
5.5915186178e-02	6.3710639235e+00
5.5915549214e-02	6.3658504008e+00
5.5914318351e-02	6.3606514177e+00
5.5911483278e-02	6.3554666242e+00
5.5907033660e-02	6.3502956121e+00
5.5900958991e-02	6.3451378386e+00
5.5893248598e-02	6.3399927468e+00
5.5883891875e-02	6.3348598999e+00
5.5872877884e-02	6.3297387436e+00
5.5860195483e-02	6.3246287485e+00
5.5845833653e-02	6.3195295309e+00
5.5829780917e-02	6.3144406277e+00
5.5812025570e-02	6.3093616206e+00
5.5792556090e-02	6.3042922372e+00
5.5771360260e-02	6.2992321116e+00
5.5748426044e-02	6.2941810188e+00
5.5723741239e-02	6.2891387684e+00
5.5697293154e-02	6.2841051442e+00
5.5669068762e-02	6.2790799458e+00
5.5639055474e-02	6.2740631148e+00
5.5607240038e-02	6.2690545305e+00
5.5573609275e-02	6.2640541370e+00
5.5538149480e-02	6.2590618448e+00
5.5500846641e-02	6.2540775702e+00
5.5461687342e-02	6.2491013459e+00
5.5420657181e-02	6.2441331085e+00
5.5377741823e-02	6.2391728385e+00
5.5332926722e-02	6.2342205205e+00
5.5286196858e-02	6.2292761157e+00
5.5237537810e-02	6.2243396730e+00
5.5186934156e-02	6.2194111583e+00
5.5134370356e-02	6.2144905507e+00
5.5079831179e-02	6.2095778639e+00
5.5023300855e-02	6.2046728934e+00
5.4964765792e-02	6.1997732860e+00
5.4904234131e-02	6.1948551622e+00
5.5081068586e-02	6.1898902119e+00
5.5156644738e-02	6.1879093115e+00
5.5230181172e-02	6.1859920932e+00
5.5305906255e-02	6.1840268028e+00
5.5379252327e-02	6.1821232714e+00
5.5453883280e-02	6.1801890921e+00
5.5526443164e-02	6.1783071530e+00
5.5597988438e-02	6.1764514051e+00
5.5661075542e-02	6.1748078718e+00
5.5693338622e-02	6.1739514398e+00
5.5691421909e-02	6.1739676846e+00
5.5658590435e-02	6.1747640892e+00
5.5583917480e-02	6.1766121288e+00
5.5446062334e-02	6.1800472336e+00
5.5209660150e-02	6.1859541872e+00
5.4818764860e-02	6.1957361419e+00
5.4188214639e-02	6.2115292802e+00
5.3464326537e-02	6.2296681022e+00
5.2736572496e-02	6.2479075771e+00
5.2004871140e-02	6.2662480045e+00
5.1269138573e-02	6.2846917393e+00
5.0529248644e-02	6.3033998678e+00
5.0023841434e-02	6.2977156388e+00
5.0040995511e-02	6.2910065469e+00
5.0056659518e-02	6.2843085202e+00
5.0070825908e-02	6.2776209929e+00
5.0083486157e-02	6.2709437766e+00
5.0094631850e-02	6.2642766626e+00
5.0104254339e-02	6.2576195768e+00
5.0112344825e-02	6.2509725221e+00
5.0118894493e-02	6.2443354596e+00
5.0123894232e-02	6.2377084919e+00
5.0127334773e-02	6.2310917696e+00
5.0129206695e-02	6.2244854811e+00
5.0129500429e-02	6.2178898362e+00
5.0128206267e-02	6.2113050573e+00
5.0125314289e-02	6.2047312283e+00
5.0120814644e-02	6.1981688397e+00
5.0114697077e-02	6.1916178463e+00
5.0106951421e-02	6.1850785317e+00
5.0097567321e-02	6.1785510498e+00
5.0086534277e-02	6.1720355239e+00
5.0073841759e-02	6.1655320922e+00
5.0059479144e-02	6.1590408826e+00
5.0043435169e-02	6.1525617875e+00
5.0025698900e-02	6.1460949046e+00
5.0006259664e-02	6.1396404231e+00
4.9985105534e-02	6.1331981387e+00
4.9962225332e-02	6.1267681388e+00
4.9937607811e-02	6.1203504975e+00
4.9911240852e-02	6.1139451239e+00
4.9883100967e-02	6.1075528091e+00
4.9853011749e-02	6.1011798144e+00
4.9820942439e-02	6.0948254768e+00
4.9786892642e-02	6.0884897726e+00
4.9750891593e-02	6.0821723396e+00
4.9712945103e-02	6.0758750633e+00
4.9673043311e-02	6.0696033161e+00
4.9631171639e-02	6.0633658053e+00
4.9587316085e-02	6.0571669409e+00
4.9541470060e-02	6.0509829246e+00
4.9493585606e-02	6.0447634499e+00
4.9443593857e-02	6.0384708679e+00
4.9391488153e-02	6.0320463397e+00
4.9337317901e-02	6.0253077674e+00
4.9281233513e-02	6.0177988284e+00
4.9223481145e-02	6.0087046800e+00
4.9164087179e-02	5.9976984281e+00
4.9102315287e-02	5.9868419923e+00
4.9037709668e-02	5.9777948988e+00
4.8958372928e-02	5.9698013723e+00
4.8798863637e-02	5.9619455604e+00
4.8636150314e-02	5.9541463521e+00
4.8460149357e-02	5.9472530730e+00
4.8286448921e-02	5.9429471374e+00
4.8113191197e-02	5.9206193154e+00
4.7938501646e-02	5.8887838633e+00
4.7811667254e-02	5.8559604223e+00
4.7818830171e-02	5.8333065179e+00
4.7823289218e-02	5.8203453532e+00
4.7822213848e-02	5.8081228501e+00
4.7817576075e-02	5.7966392382e+00
4.7813326704e-02	5.7854747201e+00
4.7809278203e-02	5.7746387034e+00
4.7805328239e-02	5.7640079910e+00
4.7801481666e-02	5.7539129240e+00
4.7797924792e-02	5.7451678682e+00
4.7795871476e-02	5.7422663332e+00
4.7795118581e-02	5.7446661085e+00
4.7795372467e-02	5.7524201289e+00
4.7796839474e-02	5.7674653101e+00
4.7799914489e-02	5.7936960297e+00
4.7782436949e-02	5.8373225380e+00
4.7627252338e-02	5.9171851681e+00
4.7469912278e-02	5.9462249181e+00
4.7352404993e-02	5.9567172263e+00
4.7246217846e-02	5.9661378915e+00
4.6951884238e-02	5.9819341717e+00
4.6599487232e-02	6.0033747940e+00
4.6164460954e-02	6.0425412629e+00
4.5654719344e-02	6.0874951098e+00
4.5142147604e-02	6.1304984103e+00
4.4626737219e-02	6.1716811116e+00
4.4234891797e-02	6.2111644973e+00
4.3936093981e-02	6.2491556541e+00
4.3707515596e-02	6.2858421737e+00
4.3532348769e-02	6.3213402315e+00
4.3397881208e-02	6.3565497141e+00
4.2738166897e-02	6.3895331302e+00
4.2747672586e-02	6.4216054760e+00
4.2755434955e-02	6.4529158716e+00
4.2761446934e-02	6.4834757177e+00
4.2765701931e-02	6.5133432128e+00
4.2768192775e-02	6.5425423490e+00
4.2768912467e-02	6.5710828138e+00
4.2767853712e-02	6.5990109731e+00
4.2765009119e-02	6.6263514490e+00
4.2760371093e-02	6.6531273238e+00
4.2753931871e-02	6.6793568129e+00
4.2745683573e-02	6.7050449017e+00
4.2735618180e-02	6.7302278595e+00
4.2723727653e-02	6.7549254485e+00
4.2652216265e-02	6.7791554763e+00
4.2527606402e-02	6.8029028864e+00
4.2371127039e-02	6.8261581992e+00
4.2184511939e-02	6.8489233634e+00
4.1928950167e-02	6.8711984152e+00
4.1634579149e-02	6.8929674253e+00
4.1337284053e-02	6.9142298378e+00
4.1039384943e-02	6.9350024131e+00
4.0740741120e-02	6.9553178245e+00
4.0441358840e-02	6.9751757692e+00
4.0141108419e-02	6.9945922639e+00
3.9839914171e-02	7.0135808204e+00
3.9537905241e-02	7.0321543475e+00
3.9234976920e-02	7.0503387580e+00
3.8931123959e-02	7.0681366542e+00
3.8626355635e-02	7.0855570942e+00
3.8320669292e-02	7.1026111338e+00
3.8014040881e-02	7.1193228539e+00
3.7706494117e-02	7.1356886760e+00
3.7397955785e-02	7.1517195104e+00
3.7088429896e-02	7.1674355070e+00
3.6777973738e-02	7.1828343987e+00
3.6466466008e-02	7.1979220585e+00
3.6153984511e-02	7.2127208423e+00
3.5840483178e-02	7.2272266116e+00
3.5525897872e-02	7.2414574538e+00
3.5210331084e-02	7.2554090178e+00
3.4893634932e-02	7.2690880130e+00
3.4575882467e-02	7.2825139106e+00
3.4257082007e-02	7.2956806324e+00
3.3937086540e-02	7.3086081025e+00
3.3616035578e-02	7.3212902670e+00
3.3293777321e-02	7.3337439446e+00
3.2970370895e-02	7.3459613456e+00
3.2645843635e-02	7.3579606398e+00
3.2320015868e-02	7.3697350661e+00
3.1993042010e-02	7.3813002963e+00
3.1664762091e-02	7.3926489426e+00
3.1335269716e-02	7.4037968290e+00
3.1004530269e-02	7.4147477001e+00
3.0672413599e-02	7.4254952807e+00
3.0339041339e-02	7.4360538039e+00
3.0004221591e-02	7.4464167945e+00
2.9668153380e-02	7.4565975807e+00
2.9330655501e-02	7.4665972985e+00
2.8991704742e-02	7.4764148799e+00
2.8651358696e-02	7.4860601742e+00
2.8539423748e-02	7.4955394130e+00
2.8506870303e-02	7.5049246784e+00
2.8473977451e-02	7.5142358976e+00
2.8441778886e-02	7.5234661537e+00
2.8409338420e-02	7.5326255005e+00
2.8377638210e-02	7.5417140293e+00
2.8345678304e-02	7.5507250299e+00
2.8314565854e-02	7.5596683765e+00
2.8292072926e-02	7.5685406846e+00
2.8277071675e-02	7.5773460691e+00
2.8265015259e-02	7.5860915226e+00
2.8254742407e-02	7.5947691296e+00
2.8245893259e-02	7.6033892454e+00
2.8238560883e-02	7.6119535905e+00
2.8233202675e-02	7.6204547033e+00
2.8230705899e-02	7.6289018412e+00
2.8232491220e-02	7.6372977355e+00
2.8240071894e-02	7.6456395349e+00
2.8255873450e-02	7.6539283728e+00
2.8284471044e-02	7.6621728221e+00
2.8318768053e-02	7.6703755003e+00
2.8354100753e-02	7.6785305941e+00
2.8390071863e-02	7.6866468943e+00
2.8426621498e-02	7.6947248424e+00
2.8463407280e-02	7.7027567722e+00
2.8500380451e-02	7.7107511806e+00
2.8537579329e-02	7.7187090876e+00
2.8574904703e-02	7.7266224709e+00
2.8612274435e-02	7.7344997116e+00
2.8649678725e-02	7.7423415813e+00
2.8687230469e-02	7.7501432111e+00
2.8724742497e-02	7.7579070962e+00
2.8762218274e-02	7.7656364987e+00
2.8799764737e-02	7.7733318288e+00
2.8837269633e-02	7.7809858164e+00
2.8874705761e-02	7.7886062588e+00
2.8912108122e-02	7.7961938285e+00
2.8949541868e-02	7.8037405533e+00
2.8986890024e-02	7.8112553232e+00
2.9024145873e-02	7.8187380894e+00
2.9061442012e-02	7.8261894252e+00
2.9098651632e-02	7.8336032115e+00
2.9135761160e-02	7.8409865960e+00
2.9172805056e-02	7.8483400526e+00
2.9209862252e-02	7.8556599269e+00
2.9246788492e-02	7.8629467095e+00
2.9283604554e-02	7.8702042092e+00
2.9320433165e-02	7.8774327869e+00
2.9357171467e-02	7.8846256438e+00
2.9393796661e-02	7.8917904202e+00
2.9430314367e-02	7.8989270999e+00
2.9466886027e-02	7.9060356438e+00
2.9503292967e-02	7.9131093933e+00
2.9539582025e-02	7.9201559902e+00
2.9575823598e-02	7.9271756385e+00
2.9612048460e-02	7.9341679934e+00
2.9648106259e-02	7.9411266186e+00
2.9684043632e-02	7.9480590260e+00
2.9719976472e-02	7.9549654919e+00
2.9755831878e-02	7.9618455729e+00
2.9791519006e-02	7.9686928902e+00
2.9827084715e-02	7.9755149071e+00
2.9862698949e-02	7.9823119198e+00
2.9898193695e-02	7.9890834475e+00
2.9933520399e-02	7.9958232407e+00
2.9968751798e-02	8.0025386156e+00
3.0004000075e-02	8.0092299155e+00
3.0039121874e-02	8.0158966198e+00
3.0074075215e-02	8.0225323517e+00
3.0108950620e-02	8.0291444920e+00
3.0143803247e-02	8.0357333595e+00
3.0178530748e-02	8.0422985285e+00
3.0213090407e-02	8.0488335031e+00
3.0247595404e-02	8.0553455983e+00
3.0282081144e-02	8.0618351050e+00
3.0316444062e-02	8.0683018955e+00
3.0350639531e-02	8.0747391809e+00
3.0384773873e-02	8.0811541224e+00
3.0418869758e-02	8.0875471299e+00
3.0452845919e-02	8.0939184254e+00
3.0486652464e-02	8.1002604321e+00
3.0520389036e-02	8.1065808961e+00
3.0554083330e-02	8.1128800475e+00
3.0587659888e-02	8.1191582794e+00
3.0621115930e-02	8.1254151093e+00
3.0654453480e-02	8.1316443021e+00
3.0687770211e-02	8.1378517408e+00
3.0720973121e-02	8.1440392381e+00
3.0754061031e-02	8.1502066850e+00
3.0787008229e-02	8.1563475964e+00
3.0819939065e-02	8.1624683364e+00
3.0852756169e-02	8.1685691056e+00
3.0885461576e-02	8.1746505599e+00
3.0918052336e-02	8.1807122277e+00
3.0950586782e-02	8.1867477544e+00
3.0983015199e-02	8.1927636065e+00
3.1015331363e-02	8.1987604437e+00
3.1047538455e-02	8.2047387822e+00
3.1079673221e-02	8.2106919280e+00
3.1111747451e-02	8.2166267499e+00
3.1143710193e-02	8.2226896672e+00
3.1196472094e-02	8.2288152265e+00
3.1229754953e-02	8.2347000054e+00
3.1262086407e-02	8.2405606839e+00
3.1293956456e-02	8.2464033873e+00
3.1325713548e-02	8.2522280109e+00
3.1357363309e-02	8.2580355186e+00
3.1388903628e-02	8.2643108391e+00
3.1632080870e-02	8.2699356429e+00
3.1670986025e-02	8.2757181869e+00
3.1709906192e-02	8.2814843660e+00
3.1748832274e-02	8.2872351532e+00
3.1787784444e-02	8.2929700627e+00
3.1826680488e-02	8.2986831549e+00
3.1695962981e-02	8.3053206794e+00
3.1695962981e-02	8.3106331583e+00
3.1695962981e-02	8.3162542726e+00
3.1695962981e-02	8.3218538159e+00
3.1695962981e-02	8.3274259479e+00
3.1695962981e-02	8.3329767508e+00
3.1695962981e-02	8.3385061747e+00
3.1695962981e-02	8.3440148216e+00
3.1695962981e-02	8.3495029965e+00
3.1695962981e-02	8.3549647023e+00
3.1695962981e-02	8.3604060010e+00
3.1695962981e-02	8.3658267830e+00
3.1695962981e-02	8.3712274194e+00
3.1695962981e-02	8.3766083674e+00
3.1695962981e-02	8.3819639220e+00
3.1695962981e-02	8.3872998359e+00
3.1695962981e-02	8.3926161734e+00
3.1695962981e-02	8.3979130033e+00
3.1695962981e-02	8.4031907641e+00
3.1695962981e-02	8.4084447433e+00
3.1695962981e-02	8.4136793068e+00
3.1695962981e-02	8.4188950488e+00
3.1695962981e-02	8.4240920181e+00
3.1695962981e-02	8.4292704957e+00
3.1695962981e-02	8.4344307215e+00
3.1695962981e-02	8.4395673702e+00
3.1695962981e-02	8.4446860317e+00
3.1695962981e-02	8.4497866559e+00
3.1695962981e-02	8.4548693584e+00
3.1695962981e-02	8.4599344814e+00
3.1695962981e-02	8.4649800261e+00
3.1695962981e-02	8.4700050228e+00
3.1695962981e-02	8.4750127977e+00
3.1695962981e-02	8.4800032844e+00
3.1695962981e-02	8.4849767078e+00
3.1695962981e-02	8.4899332940e+00
3.1695962981e-02	8.4948674360e+00
3.1695962981e-02	8.4997855654e+00
3.1695962981e-02	8.5046873126e+00
3.1695962981e-02	8.5095725825e+00
3.1695962981e-02	8.5144415932e+00
3.1695962981e-02	8.5192945344e+00
3.1695962981e-02	8.5241258460e+00
3.1695962981e-02	8.5289416617e+00
1.8554158423e-02	8.5329295344e+00
1.8268272056e-02	8.5359355330e+00
1.7981045336e-02	8.5389012005e+00
1.7692441920e-02	8.5418268143e+00
1.7402414677e-02	8.5447126273e+00
1.7110863539e-02	8.5475589312e+00
1.6817749206e-02	8.5503653489e+00
1.6523041532e-02	8.5531301626e+00
1.6226704598e-02	8.5558564437e+00
1.5928642947e-02	8.5585443155e+00
1.5628764415e-02	8.5611939713e+00
1.5327017043e-02	8.5638056372e+00
1.5023400912e-02	8.5663795255e+00
1.4717847187e-02	8.5689158369e+00
1.4410225238e-02	8.5714147708e+00
1.4410225238e-02	8.5739110106e+00
1.4410225238e-02	8.5764028388e+00
1.4410225238e-02	8.5788903643e+00
1.4410225238e-02	8.5813704877e+00
1.2837528511e-02	8.5836651437e+00
1.2515425664e-02	8.5859404561e+00
1.2190685524e-02	8.5881799378e+00
1.1863168595e-02	8.5903838164e+00
1.1532246438e-02	8.5925518571e+00
1.1197942767e-02	8.5946842955e+00
1.1114073626e-02	8.5968151552e+00
1.1084274937e-02	8.5989422358e+00
1.1053999950e-02	8.6010633096e+00
1.1023658882e-02	8.6031784013e+00
1.0992847301e-02	8.6052874824e+00
1.0962384450e-02	8.6073906658e+00
1.0930403085e-02	8.6094849524e+00
1.0899171811e-02	8.6115736699e+00
1.0887640299e-02	8.6136592536e+00
1.0887347520e-02	8.6157423709e+00
1.0887109708e-02	8.6178224692e+00
1.0886905005e-02	8.6198994919e+00
1.0886712885e-02	8.6219735596e+00
1.0886529470e-02	8.6240445917e+00
1.0886353581e-02	8.6261125805e+00
1.0886194164e-02	8.6281775015e+00
1.0886051475e-02	8.6302393915e+00
1.0885923858e-02	8.6322982347e+00
1.0885802285e-02	8.6343540412e+00
1.0885677618e-02	8.6364067945e+00
1.0885582264e-02	8.6384537286e+00
1.0885502459e-02	8.6404980965e+00
1.0885432628e-02	8.6425396257e+00
1.0885369871e-02	8.6445782900e+00
1.0885312458e-02	8.6466141402e+00
1.0885259256e-02	8.6486471285e+00
1.0885209515e-02	8.6506772074e+00
1.0885162844e-02	8.6527043813e+00
1.0885118577e-02	8.6547286435e+00
1.0885076371e-02	8.6567499840e+00
1.0885035954e-02	8.6587683848e+00
1.0884997105e-02	8.6607839061e+00
1.0884959656e-02	8.6627965225e+00
1.0884923447e-02	8.6648062393e+00
1.0884888344e-02	8.6668116933e+00
1.0884854240e-02	8.6688131860e+00
1.0884821040e-02	8.6708119755e+00
1.0884788662e-02	8.6728080616e+00
1.0884757036e-02	8.6748014379e+00
1.0884726098e-02	8.6767921006e+00
1.0884695793e-02	8.6787800178e+00
1.0884666072e-02	8.6807651194e+00
1.0884636890e-02	8.6827474733e+00
1.0884608209e-02	8.6847270441e+00
1.0884579992e-02	8.6867036052e+00
1.0884552208e-02	8.6886773638e+00
1.0884524828e-02	8.6906485900e+00
1.0884497824e-02	8.6926169941e+00
1.0884471172e-02	8.6945826734e+00
1.0884444851e-02	8.6965435036e+00
1.0884418840e-02	8.6985012174e+00
1.0884393121e-02	8.7004563493e+00
1.0884367676e-02	8.7024089021e+00
1.0884342488e-02	8.7043588725e+00
1.0884317544e-02	8.7063063094e+00
1.0884292829e-02	8.7082511507e+00
1.0884268330e-02	8.7101933672e+00
1.0884244036e-02	8.7121329627e+00
1.0884219935e-02	8.7140699331e+00
1.0884196016e-02	8.7160043190e+00
1.0884172271e-02	8.7179360497e+00
1.0884148689e-02	8.7198647186e+00
1.0884125262e-02	8.7217911918e+00
1.0884101983e-02	8.7237150456e+00
1.0884078843e-02	8.7256352636e+00
1.0884055889e-02	8.7275491931e+00
1.0884033076e-02	8.7294630068e+00
1.0884010379e-02	8.7313743882e+00
1.0883987794e-02	8.7332833345e+00
1.0883965314e-02	8.7351898184e+00
1.0883942949e-02	8.7370938319e+00
1.0883920690e-02	8.7389939956e+00
1.0883898525e-02	8.7408931540e+00
1.0883876449e-02	8.7427896221e+00
1.0883854455e-02	8.7446835736e+00
1.0883832539e-02	8.7465750043e+00
1.0883810697e-02	8.7484640299e+00
1.0883788926e-02	8.7503504190e+00
1.0883767221e-02	8.7522342952e+00
1.0883745579e-02	8.7541156634e+00
1.0883723996e-02	8.7559919701e+00
1.0883702470e-02	8.7578659708e+00
1.0883680997e-02	8.7597376192e+00
1.0883659574e-02	8.7616069235e+00
1.0883638200e-02	8.7634738791e+00
1.0883616874e-02	8.7653391711e+00
1.0883595592e-02	8.7672013740e+00
1.0883574350e-02	8.7690611656e+00
1.0883553144e-02	8.7709185295e+00
1.0884858347e-02	8.7727736456e+00
1.0886251496e-02	8.7746264612e+00
1.0887635097e-02	8.7764769619e+00
1.0889009059e-02	8.7783251527e+00
1.0890373334e-02	8.7801710332e+00
1.0891727606e-02	8.7820145827e+00
1.0893072073e-02	8.7838558182e+00
1.0894394555e-02	8.7856922564e+00
1.0895707692e-02	8.7875265118e+00
1.0897011259e-02	8.7893585794e+00
1.0898304530e-02	8.7911883992e+00
1.0899588989e-02	8.7930161448e+00
1.0900863760e-02	8.7948417196e+00
1.0902127644e-02	8.7966650528e+00
1.0903400329e-02	8.7984861647e+00
1.0904645272e-02	8.8003051587e+00
1.0905878848e-02	8.8021218543e+00
1.0907103316e-02	8.8039363951e+00
1.0908317540e-02	8.8057487093e+00
1.0909520053e-02	8.8075587338e+00
1.0910713666e-02	8.8093666021e+00
1.0911897605e-02	8.8111722435e+00
1.0913070161e-02	8.8129756445e+00
1.0914229875e-02	8.8147758279e+00
1.0915108204e-02	8.8165738915e+00
1.0916238875e-02	8.8183683331e+00
1.0917362397e-02	8.8201606528e+00
1.0918472924e-02	8.8219509040e+00
1.0919573682e-02	8.8237390793e+00
1.0920663289e-02	8.8255250828e+00
1.0922036910e-02	8.8273100332e+00
1.0925480214e-02	8.8290468611e+00
1.0926536132e-02	8.8308268858e+00
1.0927580143e-02	8.8326046868e+00
1.0928614097e-02	8.8343803473e+00
1.0930136366e-02	8.8361520813e+00
1.0931150207e-02	8.8379235823e+00
1.0932153852e-02	8.8396929462e+00
1.0933147286e-02	8.8414601661e+00
1.0934130284e-02	8.8432252396e+00
1.0935097935e-02	8.8449867354e+00
1.0936049059e-02	8.8467451600e+00
1.0936990848e-02	8.8485016248e+00
1.0937928623e-02	8.8502559790e+00
1.0939094490e-02	8.8520107613e+00
1.0940004559e-02	8.8537610623e+00
1.0940904601e-02	8.8555093653e+00
1.0941742969e-02	8.8572576070e+00
1.0942624362e-02	8.8590019532e+00
1.0943494758e-02	8.8607441524e+00
1.0944371163e-02	8.8624840535e+00
1.0945468479e-02	8.8642228920e+00
1.0946308373e-02	8.8659590034e+00
1.0947137468e-02	8.8676929496e+00
1.0947956733e-02	8.8694249242e+00
1.0948765736e-02	8.8711548351e+00
1.0949614650e-02	8.8728833584e+00
1.0950409970e-02	8.8746083574e+00
1.0951918148e-02	8.8762633959e+00
1.0952678910e-02	8.8779827063e+00
1.0953424980e-02	8.8797001150e+00
1.0954166766e-02	8.8814156040e+00
1.0954893867e-02	8.8831291713e+00
1.0955705090e-02	8.8848403995e+00
1.0956258702e-02	8.8865533888e+00
1.0956080259e-02	8.8882357925e+00
1.0956769014e-02	8.8899414953e+00
1.0957619635e-02	8.8916444323e+00
1.0958288334e-02	8.8933462616e+00
1.0958947029e-02	8.8950461057e+00
1.0959595662e-02	8.8967439562e+00
1.0960234315e-02	8.8984398155e+00
1.0960862963e-02	8.9001336871e+00
1.0961475397e-02	8.9018255375e+00
1.0962084084e-02	8.9035154382e+00
1.0962675894e-02	8.9052018776e+00
1.0963024551e-02	8.9068816299e+00
1.0963593874e-02	8.9085634447e+00
1.0964153372e-02	8.9102433667e+00
1.0964703949e-02	8.9119214017e+00
1.0965448378e-02	8.9135967191e+00
1.0965979352e-02	8.9152709983e+00
1.0966531451e-02	8.9169431932e+00
1.0967165035e-02	8.9186157296e+00
1.0967641263e-02	8.9202843450e+00
1.0968488868e-02	8.9219497033e+00
1.0968948324e-02	8.9236145150e+00
1.0969406292e-02	8.9252772193e+00
1.0969846730e-02	8.9269382896e+00
1.0970235497e-02	8.9285975382e+00
1.0970659465e-02	8.9302547704e+00
1.0971074082e-02	8.9319100856e+00
1.0971479453e-02	8.9335634937e+00
1.0971731724e-02	8.9352148488e+00
1.0972108628e-02	8.9368619015e+00
1.0972477532e-02	8.9385073373e+00
1.0972837643e-02	8.9401509267e+00
1.0973189064e-02	8.9417926839e+00
1.0973531419e-02	8.9434325473e+00
1.0973864025e-02	8.9450705914e+00
1.0974189163e-02	8.9467067972e+00
1.0974507036e-02	8.9483413063e+00
1.0974850227e-02	8.9499736680e+00
1.0975192482e-02	8.9516044138e+00
1.0975483839e-02	8.9532334835e+00
1.0975766936e-02	8.9548607193e+00
1.0976041144e-02	8.9564861181e+00
1.0974801435e-02	8.9581116645e+00
1.0975059614e-02	8.9597332132e+00
1.0975309656e-02	8.9613529943e+00
1.0975550710e-02	8.9629709367e+00
1.0975783145e-02	8.9645870385e+00
1.0976051985e-02	8.9661988884e+00
1.0975873187e-02	8.9678116489e+00
1.0976071142e-02	8.9694201211e+00
1.0976321636e-02	8.9710265967e+00
1.0976502802e-02	8.9726315374e+00
1.0976675710e-02	8.9742347160e+00
1.0976553923e-02	8.9758371880e+00
1.0976711022e-02	8.9774368570e+00
1.0976859956e-02	8.9790347836e+00
1.0977000857e-02	8.9806309883e+00
1.0977133686e-02	8.9822254579e+00
1.0977258397e-02	8.9838181695e+00
1.0977360069e-02	8.9854091315e+00
1.0977468430e-02	8.9869983167e+00
1.0977568769e-02	8.9885857375e+00
1.0977660606e-02	8.9901714057e+00
1.0977734823e-02	8.9917553324e+00
1.0977861075e-02	8.9933372656e+00
1.0977928996e-02	8.9949176310e+00
1.0977980633e-02	8.9964943380e+00
1.0978022575e-02	8.9980689836e+00
1.0978056782e-02	8.9996418968e+00
1.0977459402e-02	9.0012055478e+00
1.0977476788e-02	9.0027750895e+00
1.0977487745e-02	9.0043430362e+00
1.0977492800e-02	9.0059092086e+00
1.0977490207e-02	9.0074736952e+00
1.0977479967e-02	9.0090365031e+00
1.0977462200e-02	9.0105976398e+00
1.0978152685e-02	9.0121560262e+00
1.0978261196e-02	9.0137134357e+00
1.0978219322e-02	9.0152695201e+00
1.0978170301e-02	9.0168239919e+00
1.0978113584e-02	9.0183767668e+00
1.0978049646e-02	9.0199278447e+00
1.0977977250e-02	9.0214772560e+00
1.0977898407e-02	9.0230249469e+00
1.0977812114e-02	9.0245709463e+00
1.0977717769e-02	9.0261151115e+00
1.0977606474e-02	9.0276553720e+00
1.0977547589e-02	9.0291939791e+00
1.0977541398e-02	9.0307305554e+00
1.0977403823e-02	9.0322661534e+00
1.0977264921e-02	9.0338001578e+00
1.0977119004e-02	9.0353325439e+00
1.0976966758e-02	9.0368632903e+00
1.0976806603e-02	9.0383924140e+00
1.0976639503e-02	9.0399199064e+00
1.0976465446e-02	9.0414457833e+00
1.0976284494e-02	9.0429700578e+00
1.0976096598e-02	9.0444927220e+00
1.0975901733e-02	9.0460137788e+00
1.0975699897e-02	9.0475331920e+00
1.0975491075e-02	9.0490509786e+00
1.0975274811e-02	9.0505671332e+00
1.0975198939e-02	9.0520811517e+00
1.0974969053e-02	9.0535940637e+00
1.0974790123e-02	9.0551051215e+00
1.0974562439e-02	9.0566147762e+00
1.0974301702e-02	9.0581204516e+00
1.0974131678e-02	9.0596243937e+00
1.0973766196e-02	9.0611273028e+00
1.0973677069e-02	9.0626278469e+00
1.0973390917e-02	9.0641275547e+00
1.0973098417e-02	9.0656257031e+00
1.0972799527e-02	9.0671223028e+00
1.0972494153e-02	9.0686173405e+00
1.0972182258e-02	9.0701108057e+00
1.0971863859e-02	9.0716026993e+00
1.0971539033e-02	9.0730930384e+00
1.0971207818e-02	9.0745818286e+00
1.0970870180e-02	9.0760690597e+00
1.0970526130e-02	9.0775547298e+00
1.0970199070e-02	9.0790387731e+00
1.0970054833e-02	9.0805203661e+00
1.0969472775e-02	9.0819943050e+00
1.0970372368e-02	9.0834763499e+00
1.0969993916e-02	9.0849542971e+00
1.0969609536e-02	9.0864306843e+00
1.0969215335e-02	9.0879046651e+00
1.0968808982e-02	9.0893756772e+00
1.0968373335e-02	9.0908454218e+00
1.0967955801e-02	9.0923135808e+00
1.0967567688e-02	9.0937801276e+00
1.0967138100e-02	9.0952452470e+00
1.0966754679e-02	9.0967087446e+00
1.0966265991e-02	9.0981710988e+00
1.0965818892e-02	9.0996318125e+00
1.0965365951e-02	9.1010910319e+00
1.0964907069e-02	9.1025487427e+00
1.0964442252e-02	9.1040049460e+00
1.0963971543e-02	9.1054596506e+00
1.0963494909e-02	9.1069128464e+00
1.0963000046e-02	9.1083645470e+00
1.0962697704e-02	9.1098140006e+00
1.0962180480e-02	9.1112626768e+00
1.0961657234e-02	9.1127098845e+00
1.0961127950e-02	9.1141555895e+00
1.0960633819e-02	9.1155996476e+00
1.0960092293e-02	9.1170423546e+00
1.0959591089e-02	9.1184829245e+00
1.0959039280e-02	9.1199203475e+00
1.0958470694e-02	9.1213565542e+00
1.0957896486e-02	9.1227913327e+00
1.0957316469e-02	9.1242246833e+00
1.0956730890e-02	9.1256566046e+00
1.0956139601e-02	9.1270870915e+00
1.0955542637e-02	9.1285161465e+00
1.0954940028e-02	9.1299437727e+00
1.0954331761e-02	9.1313699664e+00
1.0953717845e-02	9.1327947300e+00
1.0953414287e-02	9.1342183072e+00
1.0952788515e-02	9.1356402024e+00
1.0952157131e-02	9.1370606466e+00
1.0951520044e-02	9.1384796263e+00
1.0950877326e-02	9.1398971542e+00
1.0950229028e-02	9.1413132428e+00
1.0949575163e-02	9.1427278941e+00
1.0948915746e-02	9.1441411055e+00
1.0948250738e-02	9.1455528785e+00
1.0947627956e-02	9.1469630231e+00
1.0946951668e-02	9.1483719199e+00
1.0946264919e-02	9.1497792759e+00
1.0945568482e-02	9.1511831823e+00
1.0944867315e-02	9.1525858236e+00
1.0944139874e-02	9.1539867068e+00
1.0943428956e-02	9.1553866158e+00
1.0942712171e-02	9.1567851535e+00
1.0941990398e-02	9.1581823218e+00
1.0943377223e-02	9.1595395732e+00
1.0942685387e-02	9.1609339657e+00
1.0941945063e-02	9.1623271852e+00
1.0941199923e-02	9.1637190331e+00
1.0940449908e-02	9.1651095101e+00
1.0939694949e-02	9.1664986154e+00
1.0938935518e-02	9.1678863328e+00
1.0938170527e-02	9.1692726508e+00
1.0937400352e-02	9.1706575473e+00
1.0936625101e-02	9.1720410427e+00
1.0935844828e-02	9.1734231527e+00
1.0935059564e-02	9.1748038808e+00
1.0934269286e-02	9.1761832285e+00
1.0933474011e-02	9.1775611956e+00
1.0932673737e-02	9.1789377840e+00
1.0931868455e-02	9.1803129775e+00
1.0931048745e-02	9.1816846254e+00
1.0930225312e-02	9.1830551722e+00
1.0929525561e-02	9.1844243947e+00
1.0928658685e-02	9.1857934289e+00
1.0927821082e-02	9.1871600165e+00
1.0926978857e-02	9.1885252938e+00
1.0926132051e-02	9.1898892612e+00
1.0925280638e-02	9.1912519191e+00
1.0924425081e-02	9.1926132655e+00
1.0923564423e-02	9.1939732675e+00
1.0922642722e-02	9.1953286276e+00
1.0921901138e-02	9.1966855891e+00
1.0921026687e-02	9.1980416806e+00
1.0920147667e-02	9.1993964552e+00
1.0919264021e-02	9.2007498933e+00
1.0918375633e-02	9.2021019698e+00
1.0917482503e-02	9.2034526844e+00
1.0916584700e-02	9.2048020514e+00
1.0915682318e-02	9.2061500901e+00
1.0914775396e-02	9.2074968007e+00
1.0913863935e-02	9.2088421908e+00
1.0912947964e-02	9.2101862595e+00
1.0912026983e-02	9.2115289057e+00
1.0911019859e-02	9.2128677807e+00
1.0910093695e-02	9.2142059691e+00
1.0909160147e-02	9.2155425778e+00
1.0908805656e-02	9.2168798616e+00
1.0907892836e-02	9.2182141761e+00
1.0907057535e-02	9.2195472368e+00
1.0906096981e-02	9.2208783283e+00
1.0905273764e-02	9.2222085391e+00
1.0904324248e-02	9.2235378906e+00
1.0903089200e-02	9.2248620867e+00
1.0902113467e-02	9.2261890127e+00
1.0900688624e-02	9.2275106511e+00
1.0899710567e-02	9.2288350337e+00
1.0898723057e-02	9.2301581586e+00
1.0897737147e-02	9.2314797648e+00
1.0896740933e-02	9.2328000151e+00
1.0895740775e-02	9.2341193061e+00
1.0894736310e-02	9.2354372951e+00
1.0893727561e-02	9.2367539819e+00
1.0892679511e-02	9.2380691535e+00
1.0891694105e-02	9.2393831832e+00
1.0890672941e-02	9.2406960468e+00
1.0889726956e-02	9.2420073923e+00
1.0888107273e-02	9.2433133019e+00
1.0887065031e-02	9.2446202064e+00
1.0886193740e-02	9.2459255316e+00
1.0885145089e-02	9.2472302426e+00
1.0884092372e-02	9.2485337467e+00
1.0883035897e-02	9.2498360476e+00
1.0881975665e-02	9.2511371456e+00
1.0880911690e-02	9.2524370402e+00
1.0879843989e-02	9.2537357314e+00
1.0878772563e-02	9.2550332196e+00
1.0877698294e-02	9.2563295056e+00
1.0876619482e-02	9.2576245892e+00
1.0876571541e-02	9.2589186085e+00
1.0876548562e-02	9.2602114892e+00
1.0876525588e-02	9.2615032241e+00
1.0876502614e-02	9.2627938123e+00
1.0876479640e-02	9.2640832517e+00
1.0876456666e-02	9.2653715210e+00
1.0876433693e-02	9.2666586082e+00
1.0876410721e-02	9.2679445102e+00
1.0876387748e-02	9.2692289127e+00
1.0876364774e-02	9.2705124546e+00
1.0876341802e-02	9.2717948310e+00
1.0876318830e-02	9.2730760525e+00
1.0876295860e-02	9.2743557353e+00
1.0876272891e-02	9.2756326396e+00
1.0876249923e-02	9.2769086245e+00
1.0876226957e-02	9.2781834842e+00
1.0876203991e-02	9.2794572396e+00
1.0876181025e-02	9.2807317768e+00
1.0876158057e-02	9.2820033455e+00
1.0876135092e-02	9.2832738215e+00
1.0876112129e-02	9.2845432063e+00
1.0876089168e-02	9.2858115008e+00
1.0876066209e-02	9.2870787483e+00
1.0876043252e-02	9.2883448620e+00
1.0876020296e-02	9.2896098864e+00
1.0875997343e-02	9.2908738217e+00
1.0875974391e-02	9.2921366692e+00
1.0875951441e-02	9.2933983906e+00
1.0875928492e-02	9.2946590605e+00
1.0875910144e-02	9.2959195015e+00
1.0875887227e-02	9.2971781143e+00
1.0875864329e-02	9.2984353875e+00
1.0875841428e-02	9.2996913749e+00
1.0875818528e-02	9.3009464975e+00
1.0875795629e-02	9.3022004634e+00
1.0875772733e-02	9.3034533115e+00
1.0875749838e-02	9.3047050452e+00
1.0875726945e-02	9.3059550736e+00
1.0875704054e-02	9.3072025770e+00
1.0875681167e-02	9.3084493075e+00
1.0875658283e-02	9.3096948682e+00
1.0875635394e-02	9.3093476590e+00
1.0875612505e-02	9.3105923358e+00
1.0875589620e-02	9.3118357813e+00
1.0875566737e-02	9.3130784935e+00
1.0875543845e-02	9.3143209697e+00
1.0875520948e-02	9.3155616016e+00
1.0875498057e-02	9.3168011967e+00
1.0875475171e-02	9.3180397562e+00
1.0875452289e-02	9.3192772216e+00
1.0875429414e-02	9.3205139680e+00
1.0875406545e-02	9.3217494104e+00
1.0875383678e-02	9.3229836036e+00
1.0875360813e-02	9.3242169738e+00
1.0875337952e-02	9.3254493079e+00
1.0875315094e-02	9.3266805350e+00
1.0875292240e-02	9.3279107956e+00
1.0875269390e-02	9.3291399965e+00
1.0875246548e-02	9.3303667838e+00
1.0875223716e-02	9.3315937235e+00
1.0875200890e-02	9.3328197352e+00
1.0875178069e-02	9.3340446496e+00
1.0875155253e-02	9.3352685107e+00
1.0875132442e-02	9.3364913091e+00
1.0875109636e-02	9.3377122090e+00
1.0875086833e-02	9.3389306855e+00
1.0875064035e-02	9.3401484808e+00
1.0875041267e-02	9.3413652992e+00
1.0875018494e-02	9.3425800859e+00
1.0874995721e-02	9.3437948952e+00
1.0874972955e-02	9.3450087265e+00
1.0874950195e-02	9.3462215135e+00
1.0874927440e-02	9.3474333541e+00
1.0874904691e-02	9.3486442023e+00
1.0874881947e-02	9.3498532122e+00
1.0874859208e-02	9.3510620794e+00
1.0874836475e-02	9.3522699565e+00
1.0874813746e-02	9.3534768432e+00
1.0874791023e-02	9.3546827403e+00
1.0874768305e-02	9.3558876487e+00
1.0874745592e-02	9.3570914972e+00
1.0874722883e-02	9.3582944392e+00
1.0874700180e-02	9.3594963819e+00
1.0874677482e-02	9.3606973248e+00
1.0874654791e-02	9.3618972593e+00
1.0874632129e-02	9.3630962762e+00
1.0874609473e-02	9.3642934824e+00
1.0874586822e-02	9.3654903459e+00
1.0874564176e-02	9.3666862062e+00
1.0874541535e-02	9.3678810109e+00
1.0874518901e-02	9.3690745432e+00
1.0874496286e-02	9.3702654074e+00
