Phi_global	fO2_shift_IW_derived
1.0000000000e+00	3.0048163264e+00
1.0000000000e+00	3.0048163264e+00
1.0000000000e+00	3.0048163264e+00
1.0000000000e+00	3.0048163264e+00
1.0000000000e+00	2.9926428728e+00
1.0000000000e+00	2.9931960969e+00
1.0000000000e+00	2.9937494561e+00
1.0000000000e+00	2.9992415484e+00
1.0000000000e+00	3.0080469905e+00
1.0000000000e+00	3.0222102231e+00
1.0000000000e+00	3.0450643543e+00
1.0000000000e+00	3.0819078398e+00
1.0000000000e+00	3.1417468139e+00
1.0000000000e+00	3.2396365232e+00
1.0000000000e+00	3.2980409784e+00
1.0000000000e+00	3.3582992717e+00
1.0000000000e+00	3.3826411477e+00
1.0000000000e+00	3.4062894809e+00
1.0000000000e+00	3.4233028706e+00
1.0000000000e+00	3.4490701908e+00
1.0000000000e+00	3.4913319677e+00
1.0000000000e+00	3.5693316381e+00
9.9981975070e-01	3.6413182484e+00
9.9975466121e-01	3.6424847164e+00
9.9969732561e-01	3.6424414435e+00
9.9964289554e-01	3.6421840541e+00
9.9958587385e-01	3.6420651907e+00
9.9952838345e-01	3.6419167681e+00
9.9947084289e-01	3.6417417759e+00
9.9941263384e-01	3.6415432901e+00
9.9935405778e-01	3.6413242063e+00
9.9929533330e-01	3.6410870468e+00
9.9923589621e-01	3.6408339330e+00
9.9917496439e-01	3.6405666268e+00
9.9911372016e-01	3.6402865758e+00
9.9905204233e-01	3.6399950057e+00
9.9898949494e-01	3.6396929600e+00
9.9892673472e-01	3.6393813253e+00
9.9886375777e-01	3.6390608782e+00
9.9879998493e-01	3.6387323074e+00
9.9873454454e-01	3.6383962294e+00
9.9866887232e-01	3.6380531766e+00
9.9860296585e-01	3.6377036464e+00
9.9853594260e-01	3.6373481045e+00
9.9846762794e-01	3.6369869762e+00
9.9839845827e-01	3.6366206544e+00
9.9832745889e-01	3.6362495229e+00
9.9825620965e-01	3.6358739234e+00
9.9818470921e-01	3.6354941961e+00
9.9811295625e-01	3.6351106671e+00
9.9804094951e-01	3.6347236481e+00
9.9796868762e-01	3.6343334340e+00
9.9789616919e-01	3.6339402998e+00
9.9782339297e-01	3.6335444959e+00
9.9775035746e-01	3.6331462370e+00
9.9767706109e-01	3.6327456939e+00
9.9760350143e-01	3.6323429758e+00
9.9752967690e-01	3.6319381136e+00
9.9745558627e-01	3.6315310380e+00
9.9738122858e-01	3.6311215545e+00
9.9730660247e-01	3.6307093197e+00
9.9723170652e-01	3.6302938122e+00
9.9715653937e-01	3.6298743110e+00
9.9708109951e-01	3.6294498763e+00
9.9700538530e-01	3.6290193344e+00
9.9692939547e-01	3.6285812770e+00
9.9685312788e-01	3.6281340699e+00
9.9677658165e-01	3.6276758656e+00
9.9669975474e-01	3.6272046368e+00
9.9662264542e-01	3.6267182077e+00
9.9654525269e-01	3.6262142968e+00
9.9646757367e-01	3.6256905599e+00
9.9638960765e-01	3.6251446359e+00
9.9631135274e-01	3.6245741965e+00
9.9623280666e-01	3.6239769944e+00
9.9615396881e-01	3.6233509220e+00
9.9607483573e-01	3.6226940730e+00
9.9599540739e-01	3.6220048092e+00
9.9591568066e-01	3.6212818323e+00
9.9583565507e-01	3.6205242428e+00
9.9575532723e-01	3.6197315996e+00
9.9567469658e-01	3.6189039522e+00
9.9559376067e-01	3.6180418514e+00
9.9551251709e-01	3.6171463399e+00
9.9543096320e-01	3.6162189059e+00
9.9534909662e-01	3.6152614284e+00
9.9526691344e-01	3.6142760986e+00
9.9518441600e-01	3.6132653506e+00
9.9510160445e-01	3.6122317642e+00
9.9501847712e-01	3.6111779935e+00
9.9493503225e-01	3.6101066972e+00
9.9485126821e-01	3.6090204826e+00
9.9476718324e-01	3.6079218573e+00
9.9468277559e-01	3.6068131984e+00
9.9459804349e-01	3.6056967306e+00
9.9451298517e-01	3.6045745137e+00
9.9442759881e-01	3.6034484383e+00
9.9434188258e-01	3.6023202292e+00
9.9425583460e-01	3.6011914491e+00
9.9416945302e-01	3.6000635037e+00
9.9408273595e-01	3.5989376700e+00
9.9399568153e-01	3.5978015924e+00
9.9390828786e-01	3.5966697092e+00
9.9382055293e-01	3.5955419908e+00
9.9373247384e-01	3.5944082333e+00
9.9364403827e-01	3.5931505510e+00
9.9360446367e-01	3.5905466794e+00
9.9360072357e-01	3.5835912508e+00
9.9359733735e-01	3.5815048374e+00
9.9359397507e-01	3.5800354832e+00
9.9359063160e-01	3.5791510763e+00
9.9358730134e-01	3.5786388214e+00
9.9358398111e-01	3.5783192921e+00
9.9358066459e-01	3.5780982839e+00
9.9357735047e-01	3.5779222628e+00
9.9357403832e-01	3.5777714401e+00
9.9357073411e-01	3.5776284936e+00
9.9356743278e-01	3.5775019550e+00
9.9356413543e-01	3.5773932379e+00
9.9356084427e-01	3.5773084056e+00
9.9355757124e-01	3.5772588119e+00
9.9355431954e-01	3.5772821672e+00
9.9355110553e-01	3.5774361890e+00
9.9354796411e-01	3.5778350686e+00
9.9354498138e-01	3.5787567683e+00
9.9354228078e-01	3.5806566334e+00
9.9354035570e-01	3.5838080077e+00
9.9353930044e-01	3.5889708348e+00
9.9353937082e-01	3.5974201329e+00
9.9354049783e-01	3.6111858228e+00
9.9349833052e-01	3.6341436945e+00
9.9333198209e-01	3.6425289375e+00
9.9327360642e-01	3.6424736917e+00
9.9321544904e-01	3.6423864320e+00
9.9315741834e-01	3.6422611157e+00
9.9309872642e-01	3.6420992975e+00
9.9303989868e-01	3.6419056495e+00
9.9298054411e-01	3.6416849995e+00
9.9292061354e-01	3.6414414077e+00
9.9286052584e-01	3.6411781026e+00
9.9279970080e-01	3.6408976459e+00
9.9273723488e-01	3.6406020882e+00
9.9267447450e-01	3.6402930732e+00
9.9261108310e-01	3.6399719719e+00
9.9254694681e-01	3.6396399328e+00
9.9248258877e-01	3.6392979278e+00
9.9241799088e-01	3.6389468008e+00
9.9235169642e-01	3.6385873043e+00
9.9228451290e-01	3.6382200837e+00
9.9221708943e-01	3.6378457183e+00
9.9214890347e-01	3.6374647432e+00
9.9207933968e-01	3.6370776499e+00
9.9200884167e-01	3.6366848826e+00
9.9193625865e-01	3.6362868717e+00
9.9186323332e-01	3.6358839957e+00
9.9178995088e-01	3.6354766275e+00
9.9171641007e-01	3.6350651249e+00
9.9164260944e-01	3.6346498294e+00
9.9156854769e-01	3.6342310687e+00
9.9149422346e-01	3.6338091541e+00
9.9141963545e-01	3.6333843781e+00
9.9134478217e-01	3.6329570075e+00
9.9126965962e-01	3.6325272776e+00
9.9119426348e-01	3.6320953798e+00
9.9111859192e-01	3.6316614474e+00
9.9104264538e-01	3.6312255357e+00
9.9096642384e-01	3.6307876029e+00
9.9088992696e-01	3.6303474833e+00
9.9081315190e-01	3.6299048618e+00
9.9073609914e-01	3.6294592417e+00
9.9065876484e-01	3.6290099237e+00
9.9058115020e-01	3.6285559804e+00
9.9050325084e-01	3.6280962408e+00
9.9042506708e-01	3.6276292838e+00
9.9034659683e-01	3.6271534466e+00
9.9026783682e-01	3.6266668363e+00
9.9018878781e-01	3.6261673642e+00
9.9010944515e-01	3.6256527805e+00
9.9002980883e-01	3.6251207210e+00
9.8994987725e-01	3.6245687584e+00
9.8986964583e-01	3.6239944547e+00
9.8978911622e-01	3.6233954198e+00
9.8970828280e-01	3.6227693740e+00
9.8962714689e-01	3.6221142099e+00
9.8954570400e-01	3.6214280645e+00
9.8946395442e-01	3.6207093905e+00
9.8938189325e-01	3.6199570255e+00
9.8929952126e-01	3.6191702553e+00
9.8921683489e-01	3.6183488571e+00
9.8913383063e-01	3.6174931238e+00
9.8905050575e-01	3.6166038602e+00
9.8896685582e-01	3.6156823572e+00
9.8888287551e-01	3.6147303349e+00
9.8879857057e-01	3.6137498716e+00
9.8871394552e-01	3.6127433214e+00
9.8862899874e-01	3.6117132254e+00
9.8854372861e-01	3.6106622279e+00
9.8845813347e-01	3.6095929992e+00
9.8837221166e-01	3.6085081709e+00
9.8828596151e-01	3.6074102843e+00
9.8819938127e-01	3.6063017510e+00
9.8811246923e-01	3.6051848276e+00
9.8802522359e-01	3.6040616000e+00
9.8793764252e-01	3.6029339780e+00
9.8784972405e-01	3.6018036955e+00
9.8776146635e-01	3.6006723146e+00
9.8767286752e-01	3.5995412393e+00
9.8758392569e-01	3.5984046750e+00
9.8749463894e-01	3.5972642762e+00
9.8740500539e-01	3.5961276415e+00
9.8731502308e-01	3.5949956635e+00
9.8722469001e-01	3.5938689125e+00
9.8713400373e-01	3.5927454233e+00
9.8704295710e-01	3.5915967503e+00
9.8695149442e-01	3.5901133015e+00
9.8694751602e-01	3.5853831593e+00
9.8694369279e-01	3.5814587708e+00
9.8694010587e-01	3.5795063325e+00
9.8693656281e-01	3.5781517397e+00
9.8693305337e-01	3.5773392224e+00
9.8692956499e-01	3.5768623209e+00
9.8692608967e-01	3.5765568927e+00
9.8692262114e-01	3.5763392095e+00
9.8691915721e-01	3.5761626992e+00
9.8691569732e-01	3.5760097229e+00
9.8691224510e-01	3.5758640839e+00
9.8690879874e-01	3.5757349768e+00
9.8690536086e-01	3.5756241546e+00
9.8690193634e-01	3.5755383145e+00
9.8689854224e-01	3.5754900938e+00
9.8689519365e-01	3.5755202404e+00
9.8689192730e-01	3.5756908614e+00
9.8688882065e-01	3.5761293795e+00
9.8688605323e-01	3.5771346114e+00
9.8688390881e-01	3.5792063472e+00
9.8688298964e-01	3.5826388327e+00
9.8688365789e-01	3.5882617065e+00
9.8688653336e-01	3.5974710678e+00
9.8689160072e-01	3.6125011821e+00
9.8681607372e-01	3.6376571631e+00
9.8675222053e-01	3.6423772696e+00
9.8675481608e-01	3.6424139075e+00
9.8675741828e-01	3.6424505780e+00
9.8676004069e-01	3.6424865817e+00
9.8676265017e-01	3.6425235672e+00
9.8676524679e-01	3.6425615457e+00
9.8676787853e-01	3.6425980668e+00
9.8670935842e-01	3.6425801453e+00
9.8664999718e-01	3.6425071145e+00
9.8659058589e-01	3.6423951814e+00
9.8653114907e-01	3.6422399654e+00
9.8647108612e-01	3.6420453828e+00
9.8641093756e-01	3.6418176120e+00
9.8634975204e-01	3.6415622490e+00
9.8628840245e-01	3.6412837099e+00
9.8622659932e-01	3.6409854063e+00
9.8616313891e-01	3.6406699943e+00
9.8609899135e-01	3.6403395532e+00
9.8603435620e-01	3.6399957645e+00
9.8596877074e-01	3.6396400166e+00
9.8590295678e-01	3.6392734607e+00
9.8583689025e-01	3.6388970821e+00
9.8576899956e-01	3.6385117460e+00
9.8570023059e-01	3.6381181869e+00
9.8563121484e-01	3.6377170570e+00
9.8556120587e-01	3.6373089539e+00
9.8548966732e-01	3.6368944177e+00
9.8541693063e-01	3.6364739356e+00
9.8534232382e-01	3.6360479682e+00
9.8526745483e-01	3.6356169242e+00
9.8519232236e-01	3.6351812041e+00
9.8511692496e-01	3.6347411878e+00
9.8504126134e-01	3.6342972389e+00
9.8496533009e-01	3.6338497051e+00
9.8488912984e-01	3.6333989188e+00
9.8481265919e-01	3.6329451951e+00
9.8473591463e-01	3.6324888285e+00
9.8465888627e-01	3.6320300865e+00
9.8458157175e-01	3.6315691992e+00
9.8450397288e-01	3.6311063492e+00
9.8442609151e-01	3.6306416535e+00
9.8434792821e-01	3.6301751443e+00
9.8426947936e-01	3.6297067445e+00
9.8419074674e-01	3.6292362429e+00
9.8411172571e-01	3.6287632611e+00
9.8403241868e-01	3.6282872277e+00
9.8395281874e-01	3.6278073490e+00
9.8387292970e-01	3.6273225888e+00
9.8379274582e-01	3.6268316506e+00
9.8371226656e-01	3.6263329772e+00
9.8363149206e-01	3.6258247603e+00
9.8355041479e-01	3.6253049601e+00
9.8346903884e-01	3.6247713428e+00
9.8338735815e-01	3.6242215249e+00
9.8330537150e-01	3.6236530252e+00
9.8322307850e-01	3.6230633269e+00
9.8314047248e-01	3.6224499398e+00
9.8305755701e-01	3.6218104679e+00
9.8297432333e-01	3.6211426849e+00
9.8289077514e-01	3.6204446025e+00
9.8280690587e-01	3.6197145541e+00
9.8272271432e-01	3.6189512623e+00
9.8263819822e-01	3.6181539117e+00
9.8255335269e-01	3.6173221881e+00
9.8246817334e-01	3.6164563146e+00
9.8238265244e-01	3.6155570454e+00
9.8229678729e-01	3.6146256418e+00
9.8221059399e-01	3.6136638150e+00
9.8212407372e-01	3.6126736510e+00
9.8203722499e-01	3.6116575228e+00
9.8195004631e-01	3.6106179989e+00
9.8186253610e-01	3.6095577523e+00
9.8177469279e-01	3.6084794810e+00
9.8168651474e-01	3.6073858384e+00
9.8159800025e-01	3.6062793794e+00
9.8150914769e-01	3.6051625205e+00
9.8141995528e-01	3.6040375125e+00
9.8133042110e-01	3.6029064258e+00
9.8124054317e-01	3.6017711445e+00
9.8115031969e-01	3.6006333652e+00
9.8105974873e-01	3.5994946138e+00
9.8096882841e-01	3.5983477387e+00
9.8087755685e-01	3.5971972774e+00
9.8078593209e-01	3.5960495480e+00
9.8069395216e-01	3.5949055219e+00
9.8060161515e-01	3.5937660631e+00
9.8050891901e-01	3.5926319172e+00
9.8041586166e-01	3.5915034861e+00
9.8032244024e-01	3.5903782700e+00
9.8022864384e-01	3.5892232311e+00
9.8013684524e-01	3.5876815717e+00
9.8013547463e-01	3.5825208989e+00
9.8013146996e-01	3.5792816653e+00
9.8012770393e-01	3.5774325074e+00
9.8012400663e-01	3.5761663667e+00
9.8012036757e-01	3.5754088214e+00
9.8011677773e-01	3.5749581973e+00
9.8011324414e-01	3.5746625377e+00
9.8010978637e-01	3.5744463976e+00
9.8010644751e-01	3.5742685730e+00
9.8010330712e-01	3.5741127918e+00
9.8010057001e-01	3.5739643089e+00
9.8009848996e-01	3.5738324315e+00
9.8009754063e-01	3.5737193880e+00
9.8009817429e-01	3.5736523906e+00
9.8009967299e-01	3.5736163251e+00
9.8010159611e-01	3.5735964341e+00
9.8010375906e-01	3.5735869980e+00
9.8010613559e-01	3.5735849467e+00
9.8010864395e-01	3.5735879464e+00
9.8011123819e-01	3.5735949465e+00
9.8011390248e-01	3.5736052970e+00
9.8011663983e-01	3.5736181755e+00
9.8011944965e-01	3.5736327232e+00
9.8012229721e-01	3.5736492759e+00
9.8012517844e-01	3.5736676658e+00
9.8012809012e-01	3.5736877547e+00
9.8012795547e-01	3.5738020813e+00
9.8019814356e-01	3.5739350868e+00
9.8028560439e-01	3.5740823767e+00
9.8037308638e-01	3.5742416316e+00
9.8046048780e-01	3.5744115503e+00
9.8054778477e-01	3.5745913517e+00
9.8063493852e-01	3.5747803645e+00
9.8072194643e-01	3.5749753762e+00
9.8080887148e-01	3.5751668454e+00
9.8089581171e-01	3.5753543731e+00
9.8098280916e-01	3.5755388513e+00
9.8107003837e-01	3.5757216367e+00
9.8115623503e-01	3.5759014389e+00
9.8122164997e-01	3.5760380493e+00
9.8127452662e-01	3.5761492589e+00
9.8131944613e-01	3.5762449607e+00
9.8135800146e-01	3.5763286268e+00
9.8138932388e-01	3.5763978529e+00
9.8141611634e-01	3.5764590339e+00
9.8143889971e-01	3.5765134850e+00
9.8145802501e-01	3.5765620129e+00
9.8147320535e-01	3.5766028701e+00
9.8148578734e-01	3.5766396139e+00
9.8149617776e-01	3.5766731492e+00
9.8150464516e-01	3.5767039543e+00
9.8151132279e-01	3.5767313540e+00
9.8151658176e-01	3.5767561511e+00
9.8152067985e-01	3.5767794721e+00
9.8152373108e-01	3.5768015045e+00
9.8152583316e-01	3.5768224031e+00
9.8150967736e-01	3.5769081614e+00
9.8155879303e-01	3.5769750261e+00
9.8161284420e-01	3.5770301256e+00
9.8166070852e-01	3.5770770806e+00
9.8170375181e-01	3.5771180020e+00
9.8174287644e-01	3.5771542667e+00
9.8177869979e-01	3.5771868373e+00
9.8181164851e-01	3.5772164229e+00
9.8184203987e-01	3.5772435472e+00
9.8187010620e-01	3.5772686141e+00
9.8188974491e-01	3.5772920597e+00
9.8188810198e-01	3.5773144042e+00
9.8188504789e-01	3.5773369147e+00
9.8188048965e-01	3.5773596138e+00
9.8187431824e-01	3.5773825113e+00
9.8186639764e-01	3.5774055914e+00
9.8185651941e-01	3.5774287888e+00
9.8184428191e-01	3.5774519453e+00
9.8182891851e-01	3.5774748344e+00
9.8180720222e-01	3.5774982410e+00
9.8180158814e-01	3.5775101465e+00
9.8180573982e-01	3.5775034501e+00
9.8179746366e-01	3.5774542470e+00
9.8171442577e-01	3.5767968224e+00
9.8162488348e-01	3.5761284910e+00
9.8153472555e-01	3.5755892478e+00
9.8144535069e-01	3.5751895291e+00
9.8135637830e-01	3.5749286421e+00
9.8126744433e-01	3.5748213370e+00
9.8117840182e-01	3.5749106349e+00
9.8108927610e-01	3.5752651663e+00
9.8100019583e-01	3.5759694043e+00
9.8091132597e-01	3.5771065869e+00
9.8082280556e-01	3.5787342427e+00
9.8073468503e-01	3.5808665095e+00
9.8064688920e-01	3.5835053398e+00
9.8055949563e-01	3.5865978152e+00
9.8047218922e-01	3.5901274477e+00
9.8038490459e-01	3.5942765735e+00
9.8029791519e-01	3.5993648991e+00
9.8021557008e-01	3.6056670878e+00
9.8022001710e-01	3.6137876604e+00
9.8021808871e-01	3.6165434219e+00
9.8021575763e-01	3.6186650733e+00
9.8021768212e-01	3.6198752486e+00
9.8022087164e-01	3.6199183446e+00
9.8022249094e-01	3.6201336410e+00
9.8028920902e-01	3.6203549141e+00
9.8037694078e-01	3.6205833376e+00
9.8046446184e-01	3.6208117604e+00
9.8055180626e-01	3.6210347563e+00
9.8063904463e-01	3.6212532890e+00
9.8072629103e-01	3.6214687323e+00
9.8081370535e-01	3.6216828183e+00
9.8090150858e-01	3.6218977485e+00
9.8099000910e-01	3.6221164103e+00
9.8107606102e-01	3.6223429205e+00
9.8116094522e-01	3.6225853021e+00
9.8128123054e-01	3.6228827156e+00
9.8139929385e-01	3.6230806039e+00
9.8148313072e-01	3.6232117477e+00
9.8154922514e-01	3.6233096464e+00
9.8160442679e-01	3.6233878726e+00
9.8165212983e-01	3.6234531135e+00
9.8169423002e-01	3.6235091684e+00
9.8173188713e-01	3.6235583860e+00
9.8176585948e-01	3.6236023118e+00
9.8177675390e-01	3.6236430948e+00
9.8177396765e-01	3.6236820323e+00
9.8176957510e-01	3.6237212781e+00
9.8176341067e-01	3.6237608194e+00
9.8175527161e-01	3.6238005608e+00
9.8174489990e-01	3.6238402405e+00
9.8173201457e-01	3.6238792897e+00
9.8171562418e-01	3.6239169162e+00
9.8169066506e-01	3.6239536289e+00
9.8169756089e-01	3.6239567147e+00
9.8168621081e-01	3.6238595760e+00
9.8160065263e-01	3.6232184361e+00
9.8151129321e-01	3.6227087034e+00
9.8142200565e-01	3.6223628305e+00
9.8133301106e-01	3.6221815083e+00
9.8124398031e-01	3.6221985745e+00
9.8115482826e-01	3.6224798984e+00
9.8106561969e-01	3.6231136103e+00
9.8097648674e-01	3.6241938797e+00
9.8088756361e-01	3.6257960979e+00
9.8079728754e-01	3.6279516977e+00
9.8069553371e-01	3.6306585414e+00
9.8058150495e-01	3.6339028126e+00
9.8045300084e-01	3.6376076314e+00
9.8030383931e-01	3.6419014116e+00
9.8021528239e-01	3.6426363921e+00
9.8015471041e-01	3.6425458721e+00
9.8009409331e-01	3.6424103401e+00
9.8003317951e-01	3.6422268441e+00
9.7997178459e-01	3.6420013508e+00
9.7990993765e-01	3.6417413562e+00
9.7984732135e-01	3.6414531275e+00
9.7978453114e-01	3.6411414195e+00
9.7972053739e-01	3.6408098226e+00
9.7965501137e-01	3.6404610776e+00
9.7958926618e-01	3.6400973148e+00
9.7952232614e-01	3.6397202618e+00
9.7945507060e-01	3.6393313172e+00
9.7938757646e-01	3.6389316548e+00
9.7931855173e-01	3.6385222856e+00
9.7924821751e-01	3.6381040677e+00
9.7917763024e-01	3.6376777427e+00
9.7910605221e-01	3.6372439839e+00
9.7903282455e-01	3.6368033948e+00
9.7895818261e-01	3.6363565142e+00
9.7888176776e-01	3.6359038427e+00
9.7880508443e-01	3.6354458240e+00
9.7872813138e-01	3.6349828893e+00
9.7865090720e-01	3.6345154442e+00
9.7857341050e-01	3.6340438750e+00
9.7849563987e-01	3.6335685504e+00
9.7841759390e-01	3.6330898235e+00
9.7833927115e-01	3.6326080315e+00
9.7826066086e-01	3.6321234937e+00
9.7818175285e-01	3.6316365073e+00
9.7810254757e-01	3.6311473407e+00
9.7802305095e-01	3.6306562223e+00
9.7794326438e-01	3.6301633292e+00
9.7786318550e-01	3.6296687686e+00
9.7778281751e-01	3.6291725573e+00
9.7770215246e-01	3.6286745945e+00
9.7762119673e-01	3.6281746361e+00
9.7753994080e-01	3.6276722608e+00
9.7745839006e-01	3.6271668410e+00
9.7737653784e-01	3.6266575132e+00
9.7729438406e-01	3.6261431601e+00
9.7721192903e-01	3.6256223887e+00
9.7712916401e-01	3.6250935378e+00
9.7704609498e-01	3.6245546846e+00
9.7696271305e-01	3.6240036719e+00
9.7687901911e-01	3.6234381464e+00
9.7679501102e-01	3.6228556160e+00
9.7671068271e-01	3.6222535051e+00
9.7662603668e-01	3.6216292249e+00
9.7654106445e-01	3.6209802494e+00
9.7645576807e-01	3.6203041873e+00
9.7637014285e-01	3.6195988696e+00
9.7628418350e-01	3.6188624260e+00
9.7619788904e-01	3.6180933690e+00
9.7611125347e-01	3.6172906654e+00
9.7602427040e-01	3.6164537960e+00
9.7593692934e-01	3.6155827882e+00
9.7584923113e-01	3.6146782289e+00
9.7576120004e-01	3.6137412394e+00
9.7567283502e-01	3.6127734293e+00
9.7558413471e-01	3.6117768202e+00
9.7549509768e-01	3.6107537546e+00
9.7540572247e-01	3.6097067993e+00
9.7531600754e-01	3.6086386493e+00
9.7522595158e-01	3.6075520453e+00
9.7513555286e-01	3.6064496883e+00
9.7504480977e-01	3.6053341856e+00
9.7495372056e-01	3.6042080039e+00
9.7486228334e-01	3.6030734400e+00
9.7477049608e-01	3.6019326001e+00
9.7467835699e-01	3.6007873921e+00
9.7458586415e-01	3.5996395346e+00
9.7449301567e-01	3.5984828948e+00
9.7439980963e-01	3.5973203226e+00
9.7430624412e-01	3.5961592406e+00
9.7421231715e-01	3.5950007288e+00
9.7411802671e-01	3.5938457408e+00
9.7402337078e-01	3.5926951207e+00
9.7392834731e-01	3.5915496148e+00
9.7383295427e-01	3.5904098648e+00
9.7373718947e-01	3.5892761804e+00
9.7364104971e-01	3.5881460055e+00
9.7354452120e-01	3.5869865298e+00
9.7344949336e-01	3.5854441209e+00
9.7344768212e-01	3.5803296355e+00
9.7344339977e-01	3.5771226592e+00
9.7343943244e-01	3.5753596211e+00
9.7343553946e-01	3.5741665188e+00
9.7343170000e-01	3.5734539065e+00
9.7342788830e-01	3.5730240181e+00
9.7342408695e-01	3.5727355202e+00
9.7342028694e-01	3.5725199279e+00
9.7341647770e-01	3.5723404060e+00
9.7341264490e-01	3.5721816806e+00
9.7340875547e-01	3.5720304484e+00
9.7340477190e-01	3.5718961820e+00
9.7340061833e-01	3.5717817519e+00
9.7339615273e-01	3.5716948945e+00
9.7339102477e-01	3.5716536859e+00
9.7338475080e-01	3.5717047898e+00
9.7337646811e-01	3.5719229449e+00
9.7336414971e-01	3.5724784779e+00
9.7334606211e-01	3.5736006484e+00
9.7332750721e-01	3.5749978722e+00
9.7330784123e-01	3.5767137314e+00
9.7328759165e-01	3.5787573737e+00
9.7326416234e-01	3.5814847471e+00
9.7323445027e-01	3.5856128946e+00
9.7323759894e-01	3.5922850918e+00
9.7325034297e-01	3.6030886219e+00
9.7325122932e-01	3.6081870639e+00
9.7325131991e-01	3.6129985488e+00
9.7325452511e-01	3.6140926892e+00
9.7325773552e-01	3.6141464327e+00
9.7325853647e-01	3.6144144551e+00
9.7333132134e-01	3.6146913268e+00
9.7341916213e-01	3.6149783474e+00
9.7350681362e-01	3.6152644426e+00
9.7359432274e-01	3.6155454779e+00
9.7368179102e-01	3.6158231287e+00
9.7376937936e-01	3.6160998227e+00
9.7385731969e-01	3.6163788241e+00
9.7394530933e-01	3.6166647211e+00
9.7403071489e-01	3.6169644354e+00
9.7411586996e-01	3.6172903610e+00
9.7424532668e-01	3.6176873769e+00
9.7436846707e-01	3.6179692224e+00
9.7445471316e-01	3.6181549731e+00
9.7452153067e-01	3.6182919619e+00
9.7457661391e-01	3.6184006808e+00
9.7462374005e-01	3.6184911596e+00
9.7466497872e-01	3.6185689988e+00
9.7470158838e-01	3.6186376498e+00
9.7472730531e-01	3.6186996406e+00
9.7472397131e-01	3.6187571888e+00
9.7471857303e-01	3.6188161837e+00
9.7471082477e-01	3.6188771131e+00
9.7470034335e-01	3.6189406281e+00
9.7468650058e-01	3.6190076567e+00
9.7466801626e-01	3.6190797913e+00
9.7464892387e-01	3.6191409444e+00
9.7463209171e-01	3.6191882545e+00
9.7461595655e-01	3.6192296613e+00
9.7460026637e-01	3.6192676116e+00
9.7458553299e-01	3.6193034808e+00
9.7453562500e-01	3.6194608076e+00
9.7453007294e-01	3.6196073461e+00
9.7454213044e-01	3.6197516883e+00
9.7454999357e-01	3.6198972604e+00
9.7455491148e-01	3.6200445995e+00
9.7455747240e-01	3.6201932328e+00
9.7455797041e-01	3.6203445308e+00
9.7455639730e-01	3.6204996428e+00
9.7455266413e-01	3.6206589783e+00
9.7454662491e-01	3.6208213111e+00
9.7453791242e-01	3.6209871438e+00
9.7452592178e-01	3.6211566238e+00
9.7450972404e-01	3.6213286347e+00
9.7448752276e-01	3.6215004412e+00
9.7445071221e-01	3.6216783789e+00
9.7435482097e-01	3.6218924337e+00
9.7435223920e-01	3.6219605963e+00
9.7441467150e-01	3.6220511034e+00
9.7447820975e-01	3.6221605111e+00
9.7454306553e-01	3.6222856781e+00
9.7460906392e-01	3.6224253939e+00
9.7467604736e-01	3.6225796583e+00
9.7474397362e-01	3.6227499786e+00
9.7481313372e-01	3.6229401012e+00
9.7488485285e-01	3.6231577350e+00
9.7497305363e-01	3.6234198549e+00
9.7514164793e-01	3.6237957218e+00
9.7534080767e-01	3.6242179642e+00
9.7542305705e-01	3.6243804902e+00
9.7547162158e-01	3.6244646122e+00
9.7550614250e-01	3.6244902202e+00
9.7561147584e-01	3.6235146903e+00
9.7560401056e-01	3.6206797232e+00
9.7544849384e-01	3.6171590708e+00
9.7527683267e-01	3.6154531512e+00
9.7510351806e-01	3.6153169783e+00
9.7493064685e-01	3.6168735446e+00
9.7476536851e-01	3.6202666777e+00
9.7460912578e-01	3.6254548539e+00
9.7443726745e-01	3.6321612684e+00
9.7421795967e-01	3.6399078907e+00
9.7407047564e-01	3.6426883012e+00
9.7400865962e-01	3.6425792666e+00
9.7394679143e-01	3.6424193673e+00
9.7388437332e-01	3.6422071954e+00
9.7382160646e-01	3.6419507226e+00
9.7375803691e-01	3.6416586518e+00
9.7369395917e-01	3.6413378346e+00
9.7362945561e-01	3.6409933129e+00
9.7356305348e-01	3.6406288230e+00
9.7349590921e-01	3.6402471666e+00
9.7342800077e-01	3.6398505318e+00
9.7335928930e-01	3.6394406653e+00
9.7329033328e-01	3.6390189886e+00
9.7322047233e-01	3.6385866974e+00
9.7314856050e-01	3.6381448122e+00
9.7307638926e-01	3.6376941844e+00
9.7300337268e-01	3.6372355802e+00
9.7292860527e-01	3.6367696809e+00
9.7285235016e-01	3.6362970869e+00
9.7277411771e-01	3.6358183497e+00
9.7269561060e-01	3.6353339547e+00
9.7261682738e-01	3.6348443664e+00
9.7253776664e-01	3.6343500202e+00
9.7245842697e-01	3.6338513271e+00
9.7237880694e-01	3.6333486781e+00
9.7229890513e-01	3.6328424470e+00
9.7221871889e-01	3.6323329914e+00
9.7213822978e-01	3.6318206526e+00
9.7205742850e-01	3.6313057538e+00
9.7197632111e-01	3.6307885943e+00
9.7189491415e-01	3.6302694428e+00
9.7181320965e-01	3.6297485274e+00
9.7173120578e-01	3.6292260208e+00
9.7164890080e-01	3.6287020220e+00
9.7156629597e-01	3.6281765338e+00
9.7148338686e-01	3.6276494356e+00
9.7140017428e-01	3.6271204550e+00
9.7131665621e-01	3.6265891328e+00
9.7123282781e-01	3.6260547939e+00
9.7114869455e-01	3.6255165147e+00
9.7106424258e-01	3.6249731055e+00
9.7097948143e-01	3.6244230897e+00
9.7089440114e-01	3.6238647110e+00
9.7080900195e-01	3.6232959446e+00
9.7072328266e-01	3.6227145271e+00
9.7063723513e-01	3.6221180002e+00
9.7055086368e-01	3.6215037750e+00
9.7046415748e-01	3.6208691930e+00
9.7037711925e-01	3.6202116079e+00
9.7028974375e-01	3.6195284663e+00
9.7020202346e-01	3.6188173941e+00
9.7011395784e-01	3.6180762882e+00
9.7002553978e-01	3.6173034033e+00
9.6993675954e-01	3.6164974297e+00
9.6984760595e-01	3.6156575709e+00
9.6975808353e-01	3.6147835870e+00
9.6966822087e-01	3.6138758179e+00
9.6957801679e-01	3.6129351720e+00
9.6948747000e-01	3.6119630874e+00
9.6939657946e-01	3.6109614633e+00
9.6930534382e-01	3.6099325694e+00
9.6921376177e-01	3.6088789440e+00
9.6912183175e-01	3.6078032921e+00
9.6902955248e-01	3.6067083933e+00
9.6893692236e-01	3.6055970101e+00
9.6884393972e-01	3.6044718233e+00
9.6875060268e-01	3.6033353777e+00
9.6865690919e-01	3.6021900449e+00
9.6856285751e-01	3.6010379985e+00
9.6846844571e-01	3.5998812093e+00
9.6837367191e-01	3.5987158327e+00
9.6827853421e-01	3.5975406746e+00
9.6818303068e-01	3.5963655293e+00
9.6808715930e-01	3.5951916373e+00
9.6799091810e-01	3.5940200887e+00
9.6789430502e-01	3.5928518394e+00
9.6779731800e-01	3.5916877296e+00
9.6769995495e-01	3.5905284996e+00
9.6760221377e-01	3.5893748029e+00
9.6750409225e-01	3.5882271964e+00
9.6740558827e-01	3.5870859253e+00
9.6730669831e-01	3.5859484532e+00
9.6720740629e-01	3.5847828515e+00
9.6710818919e-01	3.5832453248e+00
9.6710599123e-01	3.5782312132e+00
9.6710142644e-01	3.5749602850e+00
9.6709727753e-01	3.5732717092e+00
9.6709321517e-01	3.5721408515e+00
9.6708921468e-01	3.5714653601e+00
9.6708524640e-01	3.5710519167e+00
9.6708129261e-01	3.5707684150e+00
9.6707734735e-01	3.5705523645e+00
9.6707340343e-01	3.5703705461e+00
9.6706945236e-01	3.5702083732e+00
9.6706547596e-01	3.5700538849e+00
9.6706146047e-01	3.5699166124e+00
9.6705737084e-01	3.5697999196e+00
9.6705313812e-01	3.5697119962e+00
9.6704859706e-01	3.5696735431e+00
9.6704350843e-01	3.5697340626e+00
9.6703734637e-01	3.5699760438e+00
9.6703007301e-01	3.5704815590e+00
9.6702368672e-01	3.5710662315e+00
9.6701809306e-01	3.5716637175e+00
9.6701238928e-01	3.5723056356e+00
9.6700645676e-01	3.5729897182e+00
9.6700025226e-01	3.5737126970e+00
9.6699436276e-01	3.5744263793e+00
9.6698809051e-01	3.5751794969e+00
9.6698139360e-01	3.5759745198e+00
9.6697423087e-01	3.5768149579e+00
9.6696718415e-01	3.5776563902e+00
9.6695982938e-01	3.5785333284e+00
9.6695195183e-01	3.5794661450e+00
9.6694351001e-01	3.5804634983e+00
9.6691300204e-01	3.5833833409e+00
9.6686643750e-01	3.5880333533e+00
9.6685607365e-01	3.5954428759e+00
9.6681871780e-01	3.6073155701e+00
9.6672561622e-01	3.6269724016e+00
9.6647348752e-01	3.6427542029e+00
9.6641037548e-01	3.6426296936e+00
9.6634718703e-01	3.6424492871e+00
9.6628329507e-01	3.6422119809e+00
9.6621911938e-01	3.6419274807e+00
9.6615388083e-01	3.6416057738e+00
9.6608831343e-01	3.6412544203e+00
9.6602196468e-01	3.6408788467e+00
9.6595344986e-01	3.6404829987e+00
9.6588466737e-01	3.6400697956e+00
9.6581459313e-01	3.6396415149e+00
9.6574417455e-01	3.6391999478e+00
9.6567340161e-01	3.6387465600e+00
9.6560042202e-01	3.6382825885e+00
9.6552666997e-01	3.6378090500e+00
9.6545242722e-01	3.6373268294e+00
9.6537635936e-01	3.6368367145e+00
9.6529889880e-01	3.6363393853e+00
9.6521889478e-01	3.6358354670e+00
9.6513857260e-01	3.6353254934e+00
9.6505796818e-01	3.6348099735e+00
9.6497708008e-01	3.6342893795e+00
9.6489590696e-01	3.6337641540e+00
9.6481444720e-01	3.6332347130e+00
9.6473269942e-01	3.6327014540e+00
9.6465065978e-01	3.6321647563e+00
9.6456830240e-01	3.6316249830e+00
9.6448561708e-01	3.6310824812e+00
9.6440261556e-01	3.6305375775e+00
9.6431930430e-01	3.6299905749e+00
9.6423568615e-01	3.6294417473e+00
9.6415176396e-01	3.6288913239e+00
9.6406752688e-01	3.6283394796e+00
9.6398298644e-01	3.6277863128e+00
9.6389812881e-01	3.6272318239e+00
9.6381296552e-01	3.6266758845e+00
9.6372748028e-01	3.6261182102e+00
9.6364168438e-01	3.6255583239e+00
9.6355556711e-01	3.6249955248e+00
9.6346913070e-01	3.6244288568e+00
9.6338237333e-01	3.6238570857e+00
9.6329528607e-01	3.6232786799e+00
9.6320787702e-01	3.6226918209e+00
9.6312012855e-01	3.6220944078e+00
9.6303205369e-01	3.6214840960e+00
9.6294363237e-01	3.6208583454e+00
9.6285487488e-01	3.6202144828e+00
9.6276576873e-01	3.6195497807e+00
9.6267631070e-01	3.6188615372e+00
9.6258649710e-01	3.6181471703e+00
9.6249631887e-01	3.6174043126e+00
9.6240576681e-01	3.6166309072e+00
9.6231482327e-01	3.6158253002e+00
9.6222349122e-01	3.6149863267e+00
9.6213181045e-01	3.6141133760e+00
9.6203978047e-01	3.6132064264e+00
9.6194740026e-01	3.6122660611e+00
9.6185466859e-01	3.6112934346e+00
9.6176158477e-01	3.6102902293e+00
9.6166814740e-01	3.6092585554e+00
9.6157435537e-01	3.6082008659e+00
9.6148020737e-01	3.6071198393e+00
9.6138570201e-01	3.6060182759e+00
9.6129083798e-01	3.6048990052e+00
9.6119561345e-01	3.6037647973e+00
9.6110002619e-01	3.6026183027e+00
9.6100407456e-01	3.6014620057e+00
9.6090775693e-01	3.6002981925e+00
9.6081107126e-01	3.5991273312e+00
9.6071401573e-01	3.5979403656e+00
9.6061658840e-01	3.5967514794e+00
9.6051878729e-01	3.5955621508e+00
9.6042061039e-01	3.5943736751e+00
9.6032205565e-01	3.5931871833e+00
9.6022312101e-01	3.5920036614e+00
9.6012380436e-01	3.5908239695e+00
9.6002410358e-01	3.5896488597e+00
9.5992401653e-01	3.5884789924e+00
9.5982354103e-01	3.5873149494e+00
9.5972267490e-01	3.5861572292e+00
9.5962141580e-01	3.5850060723e+00
9.5951976023e-01	3.5838594811e+00
9.5941769234e-01	3.5826918119e+00
9.5931507012e-01	3.5812258707e+00
9.5930352739e-01	3.5768434398e+00
9.5929837607e-01	3.5727943619e+00
9.5929403270e-01	3.5711715635e+00
9.5928979008e-01	3.5700947151e+00
9.5928561884e-01	3.5694508796e+00
9.5928148414e-01	3.5690507276e+00
9.5927736752e-01	3.5687706752e+00
9.5927326591e-01	3.5685534949e+00
9.5926917465e-01	3.5683690211e+00
9.5926508955e-01	3.5682031329e+00
9.5926100373e-01	3.5680451975e+00
9.5925692404e-01	3.5679047807e+00
9.5925284941e-01	3.5677857441e+00
9.5924877608e-01	3.5676967634e+00
9.5924469658e-01	3.5676612992e+00
9.5924061091e-01	3.5677318834e+00
9.5923649997e-01	3.5679959984e+00
9.5923229326e-01	3.5686572251e+00
9.5922766546e-01	3.5702063958e+00
9.5922341898e-01	3.5725915340e+00
9.5921917313e-01	3.5756321227e+00
9.5921428015e-01	3.5795926369e+00
9.5920866079e-01	3.5847174511e+00
9.5920142091e-01	3.5920583118e+00
9.5917296796e-01	3.6039540860e+00
9.5911708388e-01	3.6234222599e+00
9.5885686481e-01	3.6428177926e+00
9.5879243166e-01	3.6426738456e+00
9.5872790437e-01	3.6424683768e+00
9.5866244988e-01	3.6422019468e+00
9.5859671768e-01	3.6418862786e+00
9.5852981840e-01	3.6415324881e+00
9.5846271798e-01	3.6411486490e+00
9.5839389459e-01	3.6407404332e+00
9.5832367581e-01	3.6403118828e+00
9.5825277837e-01	3.6398659905e+00
9.5818086867e-01	3.6394050641e+00
9.5810869899e-01	3.6389309208e+00
9.5803515705e-01	3.6384450545e+00
9.5795979528e-01	3.6379487013e+00
9.5788415933e-01	3.6374428872e+00
9.5780697939e-01	3.6369285208e+00
9.5772806952e-01	3.6364063854e+00
9.5764655804e-01	3.6358771811e+00
9.5756439147e-01	3.6353415066e+00
9.5748193642e-01	3.6347999199e+00
9.5739919135e-01	3.6342529343e+00
9.5731615485e-01	3.6337010269e+00
9.5723282553e-01	3.6331446444e+00
9.5714920182e-01	3.6325842076e+00
9.5706527860e-01	3.6320201170e+00
9.5698102121e-01	3.6314527567e+00
9.5689641972e-01	3.6308824934e+00
9.5681148908e-01	3.6303096760e+00
9.5672624217e-01	3.6297346355e+00
9.5664067613e-01	3.6291576776e+00
9.5655479693e-01	3.6285790765e+00
9.5646859829e-01	3.6279990611e+00
9.5638208215e-01	3.6274178037e+00
9.5629524608e-01	3.6268353977e+00
9.5620808955e-01	3.6262518313e+00
9.5612060740e-01	3.6256669628e+00
9.5603280513e-01	3.6250804867e+00
9.5594466934e-01	3.6244918978e+00
9.5585621349e-01	3.6239004570e+00
9.5576741451e-01	3.6233051610e+00
9.5567829019e-01	3.6227047145e+00
9.5558882036e-01	3.6220975208e+00
9.5549901669e-01	3.6214816816e+00
9.5540886097e-01	3.6208550108e+00
9.5531836378e-01	3.6202150733e+00
9.5522750454e-01	3.6195592409e+00
9.5513628896e-01	3.6188847618e+00
9.5504470824e-01	3.6181888403e+00
9.5495275130e-01	3.6174687311e+00
9.5486040774e-01	3.6167218394e+00
9.5476765743e-01	3.6159458289e+00
9.5467449913e-01	3.6151387180e+00
9.5458097982e-01	3.6142989797e+00
9.5448710310e-01	3.6134256239e+00
9.5439286797e-01	3.6125182536e+00
9.5429827349e-01	3.6115770945e+00
9.5420331863e-01	3.6106029895e+00
9.5410800276e-01	3.6095973570e+00
9.5401232480e-01	3.6085621155e+00
9.5391628346e-01	3.6074995872e+00
9.5381987794e-01	3.6064123963e+00
9.5372310675e-01	3.6053033421e+00
9.5362596852e-01	3.6041752993e+00
9.5352846110e-01	3.6030311230e+00
9.5343058286e-01	3.6018735701e+00
9.5333233213e-01	3.6007052364e+00
9.5323370701e-01	3.5995285396e+00
9.5313470579e-01	3.5983336843e+00
9.5303532657e-01	3.5971323076e+00
9.5293556740e-01	3.5959284693e+00
9.5283542628e-01	3.5947237282e+00
9.5273490117e-01	3.5935194449e+00
9.5263399001e-01	3.5923168017e+00
9.5253269067e-01	3.5911168232e+00
9.5243100103e-01	3.5899203966e+00
9.5232891893e-01	3.5887282918e+00
9.5222644216e-01	3.5875411791e+00
9.5212356846e-01	3.5863596451e+00
9.5202029565e-01	3.5851842070e+00
9.5191662153e-01	3.5840153072e+00
9.5181254362e-01	3.5828531467e+00
9.5170805822e-01	3.5816958134e+00
9.5160314787e-01	3.5805190292e+00
9.5149765509e-01	3.5790603821e+00
9.5148262225e-01	3.5748229696e+00
9.5147704101e-01	3.5706145796e+00
9.5147250081e-01	3.5690504739e+00
9.5146807342e-01	3.5680209553e+00
9.5146372473e-01	3.5674041947e+00
9.5145941441e-01	3.5688922605e+00
9.5592128141e-01	3.5643064604e+00
9.5584315994e-01	3.5643052901e+00
9.5576469271e-01	3.5643040926e+00
9.5568586859e-01	3.5643028649e+00
9.5560668670e-01	3.5643016069e+00
9.5552714948e-01	3.5643003239e+00
9.5544725934e-01	3.5642990353e+00
9.5536701922e-01	3.5642978829e+00
9.5528643201e-01	3.5642978979e+00
9.5520550104e-01	3.5643038381e+00
9.5512422986e-01	3.5643265048e+00
9.5504262195e-01	3.5643729193e+00
9.5496068020e-01	3.5644301133e+00
9.5487840695e-01	3.5644647456e+00
9.5479580397e-01	3.5644374150e+00
9.5471287262e-01	3.5643162327e+00
9.5462961379e-01	3.5640824037e+00
9.5454602804e-01	3.5637295068e+00
9.5446211551e-01	3.5632602196e+00
9.5437787609e-01	3.5626828733e+00
9.5429330944e-01	3.5620087360e+00
9.5420841500e-01	3.5612501484e+00
9.5412319214e-01	3.5604193595e+00
9.5403764002e-01	3.5595278643e+00
9.5395175771e-01	3.5585860760e+00
9.5386554416e-01	3.5576032067e+00
9.5377899818e-01	3.5565872718e+00
9.5369211853e-01	3.5555451624e+00
9.5360490391e-01	3.5544827530e+00
9.5351735284e-01	3.5534050146e+00
9.5342946383e-01	3.5523161361e+00
9.5334123531e-01	3.5512196328e+00
9.5325266557e-01	3.5501184428e+00
9.5316375299e-01	3.5490149894e+00
9.5307449545e-01	3.5479109394e+00
9.5298488853e-01	3.5468038894e+00
9.5289490127e-01	3.5456508873e+00
9.5281740045e-01	3.5439816082e+00
9.5281375042e-01	3.5381083978e+00
9.5280970982e-01	3.5362115233e+00
9.5280578685e-01	3.5347270379e+00
9.5280197267e-01	3.5337536638e+00
9.5279823411e-01	3.5331690495e+00
9.5279453052e-01	3.5327960880e+00
9.5279084562e-01	3.5325296433e+00
9.5278717779e-01	3.5323186929e+00
9.5278352259e-01	3.5321375101e+00
9.5277987396e-01	3.5319725122e+00
9.5277622601e-01	3.5318160319e+00
9.5277259087e-01	3.5316769095e+00
9.5276897175e-01	3.5315595437e+00
9.5276537128e-01	3.5314729278e+00
9.5276179575e-01	3.5314433703e+00
9.5275826322e-01	3.5315260603e+00
9.5275479049e-01	3.5318201923e+00
9.5275140698e-01	3.5325909853e+00
9.5274817455e-01	3.5345285509e+00
9.5274612764e-01	3.5377720597e+00
9.5275654822e-01	3.5430859917e+00
9.5277901363e-01	3.5517545111e+00
9.5279856716e-01	3.5659568950e+00
9.5282720650e-01	3.5895525327e+00
9.5284109600e-01	3.6294956570e+00
9.5266432850e-01	3.6401842600e+00
9.5261016499e-01	3.6399907943e+00
9.5255557983e-01	3.6397237928e+00
9.5250017955e-01	3.6393899646e+00
9.5244390938e-01	3.6390051425e+00
9.5238699790e-01	3.6385819741e+00
9.5232833118e-01	3.6381290224e+00
9.5226805618e-01	3.6376520627e+00
9.5220723091e-01	3.6371551498e+00
9.5214520896e-01	3.6366412848e+00
9.5208295774e-01	3.6361127522e+00
9.5201811774e-01	3.6355713930e+00
9.5195243755e-01	3.6350186671e+00
9.5188623572e-01	3.6344557989e+00
9.5181729278e-01	3.6338838502e+00
9.5174635484e-01	3.6333037092e+00
9.5167378639e-01	3.6327161542e+00
9.5160096473e-01	3.6321218634e+00
9.5152788865e-01	3.6315214576e+00
9.5145455686e-01	3.6309154998e+00
9.5138096824e-01	3.6303045083e+00
9.5130712143e-01	3.6296889629e+00
9.5123301160e-01	3.6290693139e+00
9.5115859300e-01	3.6284459877e+00
9.5108384898e-01	3.6278193903e+00
9.5100880786e-01	3.6271899077e+00
9.5093348325e-01	3.6265579117e+00
9.5085787582e-01	3.6259237549e+00
9.5078198264e-01	3.6252877699e+00
9.5070581357e-01	3.6246502619e+00
9.5062935227e-01	3.6240115026e+00
9.5055261463e-01	3.6233717149e+00
9.5047558356e-01	3.6227310564e+00
9.5039827388e-01	3.6220895988e+00
9.5032066570e-01	3.6214472976e+00
9.5024277721e-01	3.6208039652e+00
9.5016458412e-01	3.6201592352e+00
9.5008610746e-01	3.6195125232e+00
9.5000732140e-01	3.6188629874e+00
9.4992824370e-01	3.6182095035e+00
9.4984885396e-01	3.6175506313e+00
9.4976915744e-01	3.6168846122e+00
9.4968914939e-01	3.6162093622e+00
9.4960881741e-01	3.6155225116e+00
9.4952815480e-01	3.6148214337e+00
9.4944714544e-01	3.6141033218e+00
9.4936577864e-01	3.6133652711e+00
9.4928402907e-01	3.6126043758e+00
9.4920195035e-01	3.6118178507e+00
9.4911955799e-01	3.6110031347e+00
9.4903685065e-01	3.6101580178e+00
9.4895382724e-01	3.6092807487e+00
9.4887048690e-01	3.6083701315e+00
9.4878682887e-01	3.6074255950e+00
9.4870285286e-01	3.6064472352e+00
9.4861855827e-01	3.6054358074e+00
9.4853394438e-01	3.6043926938e+00
9.4844901089e-01	3.6033198233e+00
9.4836375681e-01	3.6022195680e+00
9.4827818087e-01	3.6010946234e+00
9.4819228162e-01	3.5999478819e+00
9.4810605849e-01	3.5987823196e+00
9.4801950999e-01	3.5976008823e+00
9.4793263481e-01	3.5964023893e+00
9.4784543152e-01	3.5951830354e+00
9.4775789884e-01	3.5939557084e+00
9.4767003512e-01	3.5927226592e+00
9.4758183872e-01	3.5914858927e+00
9.4749330795e-01	3.5902471712e+00
9.4740444112e-01	3.5890080289e+00
9.4731523644e-01	3.5877697889e+00
9.4722569210e-01	3.5865335865e+00
9.4713580626e-01	3.5853003927e+00
9.4704557704e-01	3.5840710373e+00
9.4695500255e-01	3.5828462305e+00
9.4686408087e-01	3.5816265830e+00
9.4677281004e-01	3.5804126239e+00
9.4668118812e-01	3.5792048152e+00
9.4658921310e-01	3.5780035633e+00
9.4649688292e-01	3.5768092089e+00
9.4640419549e-01	3.5756218305e+00
9.4631114677e-01	3.5744390047e+00
9.4621771407e-01	3.5732316836e+00
9.4612368891e-01	3.5716876538e+00
9.4611545940e-01	3.5669712311e+00
9.4611046266e-01	3.5634440079e+00
9.4610632624e-01	3.5619869127e+00
9.4610230300e-01	3.5610347071e+00
9.4609835745e-01	3.5604575458e+00
9.4609444769e-01	3.5600817139e+00
9.4609055547e-01	3.5598040180e+00
9.4608668307e-01	3.5595801242e+00
9.4608282684e-01	3.5593859943e+00
9.4607898186e-01	3.5592086315e+00
9.4607514302e-01	3.5590391621e+00
9.4607133153e-01	3.5588877477e+00
9.4606756053e-01	3.5587590652e+00
9.4606385290e-01	3.5586625313e+00
9.4606026622e-01	3.5586255454e+00
9.4605691250e-01	3.5587057964e+00
9.4605398630e-01	3.5590010413e+00
9.4605195821e-01	3.5597470250e+00
9.4605172219e-01	3.5613986421e+00
9.4605421728e-01	3.5642023363e+00
9.4606046150e-01	3.5688164003e+00
9.4607239337e-01	3.5763599978e+00
9.4609292663e-01	3.5887254050e+00
9.4612304801e-01	3.6090731740e+00
9.4595640381e-01	3.6402606904e+00
9.4589316433e-01	3.6400536028e+00
9.4582939816e-01	3.6397687970e+00
9.4576471388e-01	3.6394117433e+00
9.4569903576e-01	3.6390001689e+00
9.4563270780e-01	3.6385482595e+00
9.4556413766e-01	3.6380654301e+00
9.4549425227e-01	3.6375578973e+00
9.4542347992e-01	3.6370299750e+00
9.4535172246e-01	3.6364848118e+00
9.4527938313e-01	3.6359247993e+00
9.4520402273e-01	3.6353518492e+00
9.4512838567e-01	3.6347674616e+00
9.4505112210e-01	3.6341729171e+00
9.4497180946e-01	3.6335692884e+00
9.4488926289e-01	3.6329575063e+00
9.4480637536e-01	3.6323383428e+00
9.4472319791e-01	3.6317125049e+00
9.4463972903e-01	3.6310806253e+00
9.4455596738e-01	3.6304432785e+00
9.4447191149e-01	3.6298009908e+00
9.4438755991e-01	3.6291542502e+00
9.4430287157e-01	3.6285035138e+00
9.4421780441e-01	3.6278492149e+00
9.4413238660e-01	3.6271917628e+00
9.4404664269e-01	3.6265315481e+00
9.4396057262e-01	3.6258689495e+00
9.4387417804e-01	3.6252043226e+00
9.4378746716e-01	3.6245380058e+00
9.4370042202e-01	3.6238703110e+00
9.4361306004e-01	3.6232015146e+00
9.4352536474e-01	3.6225318471e+00
9.4343734758e-01	3.6218614724e+00
9.4334899379e-01	3.6211904693e+00
9.4326031393e-01	3.6205188034e+00
9.4317129288e-01	3.6198462941e+00
9.4308193964e-01	3.6191725824e+00
9.4299224304e-01	3.6184970930e+00
9.4290220247e-01	3.6178189873e+00
9.4281181853e-01	3.6171371371e+00
9.4272107088e-01	3.6164500977e+00
9.4262996738e-01	3.6157560916e+00
9.4253849514e-01	3.6150530129e+00
9.4244664049e-01	3.6143384497e+00
9.4235438571e-01	3.6136097315e+00
9.4226170444e-01	3.6128639977e+00
9.4216861356e-01	3.6120982888e+00
9.4207516811e-01	3.6113096448e+00
9.4198136613e-01	3.6104952354e+00
9.4188720549e-01	3.6096524733e+00
9.4179268431e-01	3.6087791410e+00
9.4169780191e-01	3.6078735166e+00
9.4160255703e-01	3.6069344544e+00
9.4150694896e-01	3.6059614674e+00
9.4141097678e-01	3.6049547576e+00
9.4131464013e-01	3.6039152047e+00
9.4121793803e-01	3.6028443243e+00
9.4112086964e-01	3.6017441763e+00
9.4102343337e-01	3.6006172533e+00
9.4092562825e-01	3.5994663511e+00
9.4082745315e-01	3.5982944368e+00
9.4072890643e-01	3.5971045437e+00
9.4062998717e-01	3.5958886322e+00
9.4053069369e-01	3.5946569139e+00
9.4043102435e-01	3.5934156005e+00
9.4033097741e-01	3.5921671470e+00
9.4023055088e-01	3.5909137539e+00
9.4012974302e-01	3.5896573693e+00
9.4002855211e-01	3.5883996940e+00
9.3992697594e-01	3.5871421912e+00
9.3982501245e-01	3.5858861168e+00
9.3972265955e-01	3.5846325398e+00
9.3961991492e-01	3.5833823660e+00
9.3951677676e-01	3.5821363708e+00
9.3941324260e-01	3.5808952066e+00
9.3930931031e-01	3.5796594357e+00
9.3920497773e-01	3.5784295433e+00
9.3910024242e-01	3.5772059495e+00
9.3899510216e-01	3.5759890265e+00
9.3888955471e-01	3.5747790924e+00
9.3878359752e-01	3.5735762719e+00
9.3867722670e-01	3.5723789378e+00
9.3857042383e-01	3.5711668500e+00
9.3846302167e-01	3.5697210757e+00
9.3843751171e-01	3.5659083344e+00
9.3843108243e-01	3.5611797656e+00
9.3842634397e-01	3.5597657714e+00
9.3842172805e-01	3.5588468002e+00
9.3841719553e-01	3.5582879162e+00
9.3841269995e-01	3.5579178955e+00
9.3840822349e-01	3.5576401911e+00
9.3840376968e-01	3.5574137214e+00
9.3839933528e-01	3.5572162320e+00
9.3839491460e-01	3.5570347097e+00
9.3839050556e-01	3.5568618953e+00
9.3838613457e-01	3.5567080862e+00
9.3838182255e-01	3.5565789201e+00
9.3837760704e-01	3.5564852890e+00
9.3837358091e-01	3.5564598303e+00
9.3836991356e-01	3.5565669445e+00
9.3836690955e-01	3.5569184765e+00
9.3836533482e-01	3.5577935532e+00
9.3836657558e-01	3.5597087232e+00
9.3837184632e-01	3.5629164792e+00
9.3838294316e-01	3.5681893855e+00
9.3840315493e-01	3.5768206235e+00
9.3843721687e-01	3.5910080234e+00
9.3848576401e-01	3.6144356787e+00
9.3831740754e-01	3.6403141318e+00
9.3824932680e-01	3.6400784340e+00
9.3818050598e-01	3.6397596566e+00
9.3811086880e-01	3.6393665564e+00
9.3803987435e-01	3.6389187252e+00
9.3796847523e-01	3.6384308334e+00
9.3789376814e-01	3.6379123717e+00
9.3781864331e-01	3.6373695093e+00
9.3774204854e-01	3.6368065397e+00
9.3766495520e-01	3.6362265743e+00
9.3758575279e-01	3.6356320064e+00
9.3750490194e-01	3.6350247055e+00
9.3742351029e-01	3.6344061808e+00
9.3733909886e-01	3.6337777174e+00
9.3725222797e-01	3.6331403746e+00
9.3716383794e-01	3.6324950598e+00
9.3707513862e-01	3.6318425596e+00
9.3698612852e-01	3.6311835803e+00
9.3689680604e-01	3.6305187540e+00
9.3680716973e-01	3.6298486553e+00
9.3671721795e-01	3.6291738105e+00
9.3662691447e-01	3.6284947095e+00
9.3653619489e-01	3.6278118106e+00
9.3644509020e-01	3.6271255458e+00
9.3635363213e-01	3.6264363275e+00
9.3626182326e-01	3.6257445468e+00
9.3616966484e-01	3.6250505841e+00
9.3607716581e-01	3.6243547958e+00
9.3598431134e-01	3.6236575216e+00
9.3589111191e-01	3.6229590706e+00
9.3579756080e-01	3.6222597191e+00
9.3570365637e-01	3.6215596901e+00
9.3560939967e-01	3.6208591420e+00
9.3551478225e-01	3.6201581424e+00
9.3541981117e-01	3.6194566415e+00
9.3532446987e-01	3.6187544348e+00
9.3522877470e-01	3.6180511341e+00
9.3513269375e-01	3.6173461219e+00
9.3503624494e-01	3.6166385143e+00
9.3493941651e-01	3.6159271225e+00
9.3484219558e-01	3.6152104346e+00
9.3474456673e-01	3.6144865927e+00
9.3464651550e-01	3.6137534058e+00
9.3454801658e-01	3.6130083716e+00
9.3444905796e-01	3.6122487363e+00
9.3434971462e-01	3.6114715628e+00
9.3424999381e-01	3.6106738285e+00
9.3414989276e-01	3.6098525405e+00
9.3404940903e-01	3.6090048623e+00
9.3394854058e-01	3.6081282443e+00
9.3384728575e-01	3.6072205538e+00
9.3374564330e-01	3.6062801905e+00
9.3364361230e-01	3.6053061873e+00
9.3354119205e-01	3.6042982690e+00
9.3343838155e-01	3.6032568718e+00
9.3333518029e-01	3.6021831136e+00
9.3323158654e-01	3.6010787470e+00
9.3312759926e-01	3.5999460395e+00
9.3302321787e-01	3.5987876556e+00
9.3291844097e-01	3.5976065242e+00
9.3281326737e-01	3.5963998456e+00
9.3270769572e-01	3.5951677294e+00
9.3260172438e-01	3.5939218260e+00
9.3249535196e-01	3.5926649848e+00
9.3238857641e-01	3.5913998264e+00
9.3228139611e-01	3.5901287242e+00
9.3217380897e-01	3.5888537813e+00
9.3206581292e-01	3.5875768389e+00
9.3195740586e-01	3.5862994881e+00
9.3184858561e-01	3.5850230903e+00
9.3173934995e-01	3.5837488015e+00
9.3162969659e-01	3.5824775983e+00
9.3151962313e-01	3.5812103026e+00
9.3140912743e-01	3.5799476113e+00
9.3129820702e-01	3.5786901112e+00
9.3118685950e-01	3.5774383036e+00
9.3107508233e-01	3.5761926194e+00
9.3096287326e-01	3.5749534374e+00
9.3085022971e-01	3.5737210884e+00
9.3073714917e-01	3.5724958536e+00
9.3062362893e-01	3.5712778088e+00
9.3050966451e-01	3.5700650770e+00
9.3039523345e-01	3.5688349884e+00
9.3028013048e-01	3.5673430188e+00
9.3025716801e-01	3.5632556705e+00
9.3025037415e-01	3.5588875762e+00
9.3024525000e-01	3.5575130997e+00
9.3024025790e-01	3.5566238835e+00
9.3023535482e-01	3.5560799348e+00
9.3023048911e-01	3.5557140385e+00
9.3022564369e-01	3.5554353693e+00
9.3022082354e-01	3.5552057061e+00
9.3021602556e-01	3.5550043212e+00
9.3021124213e-01	3.5548180386e+00
9.3020647342e-01	3.5546410963e+00
9.3020175043e-01	3.5544837621e+00
9.3019709899e-01	3.5543523191e+00
9.3019256552e-01	3.5542585240e+00
9.3018826665e-01	3.5542388973e+00
9.3018441204e-01	3.5543625073e+00
9.3018138214e-01	3.5547513316e+00
9.3018016437e-01	3.5557195756e+00
9.3018247626e-01	3.5578266227e+00
9.3018974482e-01	3.5613483228e+00
9.3020423034e-01	3.5671339760e+00
9.3023083421e-01	3.5766126979e+00
9.3027766598e-01	3.5922266667e+00
9.3034266917e-01	3.6180898316e+00
9.3017601856e-01	3.6403719587e+00
9.3010657765e-01	3.6401077143e+00
9.3003620621e-01	3.6397549545e+00
9.2996502907e-01	3.6393259035e+00
9.2989235131e-01	3.6388418704e+00
9.2981867760e-01	3.6383179843e+00
9.2974215864e-01	3.6377637958e+00
9.2966507636e-01	3.6371854671e+00
9.2958653069e-01	3.6365872684e+00
9.2950761956e-01	3.6359722927e+00
9.2942525905e-01	3.6353429373e+00
9.2934253193e-01	3.6347010379e+00
9.2925776430e-01	3.6340481260e+00
9.2917052660e-01	3.6333854643e+00
9.2908032643e-01	3.6327141204e+00
9.2898981069e-01	3.6320349827e+00
9.2889897792e-01	3.6313488495e+00
9.2880782664e-01	3.6306564272e+00
9.2871635528e-01	3.6299583488e+00
9.2862456228e-01	3.6292551891e+00
9.2853242334e-01	3.6285474749e+00
9.2843984608e-01	3.6278356982e+00
9.2834685681e-01	3.6271203166e+00
9.2825349650e-01	3.6264017627e+00
9.2815977238e-01	3.6256804502e+00
9.2806568888e-01	3.6249567747e+00
9.2797125409e-01	3.6242311138e+00
9.2787645444e-01	3.6235038287e+00
9.2778129702e-01	3.6227752554e+00
9.2768578200e-01	3.6220457046e+00
9.2758989724e-01	3.6213154503e+00
9.2749365805e-01	3.6205847127e+00
9.2739703759e-01	3.6198536430e+00
9.2730006219e-01	3.6191222983e+00
9.2720269761e-01	3.6183906132e+00
9.2710496475e-01	3.6176583651e+00
9.2700685050e-01	3.6169251371e+00
9.2690833852e-01	3.6161902768e+00
9.2680943370e-01	3.6154528546e+00
9.2671012051e-01	3.6147116305e+00
9.2661038270e-01	3.6139650279e+00
9.2651018402e-01	3.6132111149e+00
9.2640949982e-01	3.6124476265e+00
9.2630839457e-01	3.6116719783e+00
9.2620690865e-01	3.6108813394e+00
9.2610503838e-01	3.6100727014e+00
9.2600278025e-01	3.6092429867e+00
9.2590013161e-01	3.6083891738e+00
9.2579709024e-01	3.6075084282e+00
9.2569365391e-01	3.6065982379e+00
9.2558982113e-01	3.6056565527e+00
9.2548559052e-01	3.6046819010e+00
9.2538096108e-01	3.6036734789e+00
9.2527593221e-01	3.6026312125e+00
9.2517050252e-01	3.6015557563e+00
9.2506467068e-01	3.6004484456e+00
9.2495843656e-01	3.5993112453e+00
9.2485179906e-01	3.5981466029e+00
9.2474475715e-01	3.5969571523e+00
9.2463730990e-01	3.5957316998e+00
9.2452945605e-01	3.5944875870e+00
9.2442119416e-01	3.5932279455e+00
9.2431252275e-01	3.5919557788e+00
9.2420344007e-01	3.5906738892e+00
9.2409394415e-01	3.5893848319e+00
9.2398403310e-01	3.5880908939e+00
9.2387370526e-01	3.5867940908e+00
9.2376295826e-01	3.5854961627e+00
9.2365178992e-01	3.5841986022e+00
9.2354019797e-01	3.5829026756e+00
9.2342817998e-01	3.5816094472e+00
9.2331573391e-01	3.5803198145e+00
9.2320285721e-01	3.5790345235e+00
9.2308954746e-01	3.5777542015e+00
9.2297580222e-01	3.5764793770e+00
9.2286161889e-01	3.5752104981e+00
9.2274699519e-01	3.5739479538e+00
9.2263192837e-01	3.5726920794e+00
9.2251641607e-01	3.5714431751e+00
9.2240045559e-01	3.5702014905e+00
9.2228404405e-01	3.5689670591e+00
9.2216717670e-01	3.5677378098e+00
9.2204982716e-01	3.5664891699e+00
9.2193175402e-01	3.5649566087e+00
9.2191095287e-01	3.5606636620e+00
9.2190393552e-01	3.5565586057e+00
9.2189860119e-01	3.5552197877e+00
9.2189340790e-01	3.5543570163e+00
9.2188830895e-01	3.5538261930e+00
9.2188324716e-01	3.5534632003e+00
9.2187820691e-01	3.5531829133e+00
9.2187319483e-01	3.5529496952e+00
9.2186820815e-01	3.5527441573e+00
9.2186323708e-01	3.5525528678e+00
9.2185828563e-01	3.5523716223e+00
9.2185339042e-01	3.5522106335e+00
9.2184858452e-01	3.5520768565e+00
9.2184392822e-01	3.5519830012e+00
9.2183957294e-01	3.5519696853e+00
9.2183578674e-01	3.5521110154e+00
9.2183306180e-01	3.5525399150e+00
9.2183271654e-01	3.5536096001e+00
9.2183695190e-01	3.5559252475e+00
9.2184745088e-01	3.5597882163e+00
9.2186724347e-01	3.5661316360e+00
9.2190149845e-01	3.5765119429e+00
9.2195790471e-01	3.5935773858e+00
9.2203330874e-01	3.6219338883e+00
9.2186008067e-01	3.6404325798e+00
9.2178912720e-01	3.6401432938e+00
9.2171706047e-01	3.6397605533e+00
9.2164403772e-01	3.6392999457e+00
9.2156970506e-01	3.6387840934e+00
9.2149347438e-01	3.6382284507e+00
9.2141515489e-01	3.6376425989e+00
9.2133576573e-01	3.6370327106e+00
9.2125534708e-01	3.6364030406e+00
9.2117325654e-01	3.6357566979e+00
9.2108883083e-01	3.6350960556e+00
9.2100384058e-01	3.6344229658e+00
9.2091558895e-01	3.6337389743e+00
9.2082440410e-01	3.6330453394e+00
9.2073194897e-01	3.6323431120e+00
9.2063917005e-01	3.6316332016e+00
9.2054606602e-01	3.6309164113e+00
9.2045263514e-01	3.6301934503e+00
9.2035887590e-01	3.6294649568e+00
9.2026477762e-01	3.6287315092e+00
9.2017023205e-01	3.6279936411e+00
9.2007523193e-01	3.6272518455e+00
9.1997984385e-01	3.6265065845e+00
9.1988407721e-01	3.6257582953e+00
9.1978794012e-01	3.6250073968e+00
9.1969143993e-01	3.6242542877e+00
9.1959456228e-01	3.6234993499e+00
9.1949731528e-01	3.6227429465e+00
9.1939970264e-01	3.6219854177e+00
9.1930170412e-01	3.6212270755e+00
9.1920334575e-01	3.6204681876e+00
9.1910458771e-01	3.6197089702e+00
9.1900546225e-01	3.6189495671e+00
9.1890594571e-01	3.6181900162e+00
9.1880603618e-01	3.6174302311e+00
9.1870573683e-01	3.6166699534e+00
9.1860503282e-01	3.6159087267e+00
9.1850390857e-01	3.6151458392e+00
9.1840235260e-01	3.6143802963e+00
9.1830033922e-01	3.6136107735e+00
9.1819783417e-01	3.6128355978e+00
9.1809483481e-01	3.6120527389e+00
9.1799144643e-01	3.6112598210e+00
9.1788767036e-01	3.6104541539e+00
9.1778350280e-01	3.6096328021e+00
9.1767893979e-01	3.6087926693e+00
9.1757397855e-01	3.6079306216e+00
9.1746861589e-01	3.6070436028e+00
9.1736284944e-01	3.6061287886e+00
9.1725667688e-01	3.6051837270e+00
9.1715009689e-01	3.6042064813e+00
9.1704310832e-01	3.6031957426e+00
9.1693571002e-01	3.6021509109e+00
9.1682790036e-01	3.6010721427e+00
9.1671967843e-01	3.5999603342e+00
9.1661104420e-01	3.5988170749e+00
9.1650199684e-01	3.5976445603e+00
9.1639253536e-01	3.5964380517e+00
9.1628265926e-01	3.5952005445e+00
9.1617236727e-01	3.5939423173e+00
9.1606165810e-01	3.5926665984e+00
9.1595053032e-01	3.5913765379e+00
9.1583898237e-01	3.5900751209e+00
9.1572701246e-01	3.5887651024e+00
9.1561461873e-01	3.5874489707e+00
9.1550179917e-01	3.5861289303e+00
9.1538855169e-01	3.5848069024e+00
9.1527487410e-01	3.5834845384e+00
9.1516076399e-01	3.5821632394e+00
9.1504621907e-01	3.5808441866e+00
9.1493123734e-01	3.5795283718e+00
9.1481581611e-01	3.5782166148e+00
9.1469995292e-01	3.5769096002e+00
9.1458364527e-01	3.5756078999e+00
9.1446689061e-01	3.5743119947e+00
9.1434968639e-01	3.5730222930e+00
9.1423203001e-01	3.5717391465e+00
9.1411391887e-01	3.5704628633e+00
9.1399535033e-01	3.5691937164e+00
9.1387632168e-01	3.5679319339e+00
9.1375683001e-01	3.5666775135e+00
9.1363686999e-01	3.5654281659e+00
9.1351641081e-01	3.5641571306e+00
9.1339517035e-01	3.5625768233e+00
9.1337674366e-01	3.5580565600e+00
9.1336952126e-01	3.5542089352e+00
9.1336396429e-01	3.5528948958e+00
9.1335855781e-01	3.5520506376e+00
9.1335325132e-01	3.5515283427e+00
9.1334798127e-01	3.5511658747e+00
9.1334273402e-01	3.5508828030e+00
9.1333751768e-01	3.5506453760e+00
9.1333232962e-01	3.5504352173e+00
9.1332715673e-01	3.5502384722e+00
9.1332200690e-01	3.5500524908e+00
9.1331692109e-01	3.5498873399e+00
9.1331193736e-01	3.5497505460e+00
9.1330712454e-01	3.5496555810e+00
9.1330266014e-01	3.5496468596e+00
9.1329885541e-01	3.5498030126e+00
9.1329629319e-01	3.5502688298e+00
9.1329653602e-01	3.5514304754e+00
9.1330215993e-01	3.5539398276e+00
9.1331505337e-01	3.5581202495e+00
9.1333884789e-01	3.5649831028e+00
9.1337969809e-01	3.5762412476e+00
9.1344753035e-01	3.5948657610e+00
9.1353446516e-01	3.6259209580e+00
9.1335407753e-01	3.6404896494e+00
9.1328159154e-01	3.6401690228e+00
9.1320780585e-01	3.6397500985e+00
9.1313291287e-01	3.6392520289e+00
9.1305690792e-01	3.6386987934e+00
9.1297807905e-01	3.6381061135e+00
9.1289794009e-01	3.6374835461e+00
9.1281621429e-01	3.6368372363e+00
9.1273390323e-01	3.6361713964e+00
9.1264852025e-01	3.6354891328e+00
9.1256207032e-01	3.6347927783e+00
9.1247361443e-01	3.6340842037e+00
9.1238221244e-01	3.6333649318e+00
9.1228780792e-01	3.6326362205e+00
9.1219307304e-01	3.6318991097e+00
9.1209800607e-01	3.6311545149e+00
9.1200260565e-01	3.6304032388e+00
9.1190687013e-01	3.6296459913e+00
9.1181079787e-01	3.6288834093e+00
9.1171429117e-01	3.6281160725e+00
9.1161728114e-01	3.6273445142e+00
9.1151985619e-01	3.6265692269e+00
9.1142203854e-01	3.6257906735e+00
9.1132383707e-01	3.6250092923e+00
9.1122526016e-01	3.6242255033e+00
9.1112629036e-01	3.6234397060e+00
9.1102694116e-01	3.6226522825e+00
9.1092721598e-01	3.6218635971e+00
9.1082708960e-01	3.6210739903e+00
9.1072659140e-01	3.6202837710e+00
9.1062568640e-01	3.6194932087e+00
9.1052439423e-01	3.6187025100e+00
9.1042270935e-01	3.6179118127e+00
9.1032060508e-01	3.6171211456e+00
9.1021809639e-01	3.6163304045e+00
9.1011516822e-01	3.6155393141e+00
9.1001180284e-01	3.6147473850e+00
9.0990798039e-01	3.6139538707e+00
9.0980366168e-01	3.6131577291e+00
9.0969880500e-01	3.6123575874e+00
9.0959350231e-01	3.6115517078e+00
9.0948780975e-01	3.6107379910e+00
9.0938172337e-01	3.6099139868e+00
9.0927523932e-01	3.6090769329e+00
9.0916835335e-01	3.6082238191e+00
9.0906106129e-01	3.6073514868e+00
9.0895336054e-01	3.6064567573e+00
9.0884524738e-01	3.6055365544e+00
9.0873671938e-01	3.6045880718e+00
9.0862777464e-01	3.6036089170e+00
9.0851841164e-01	3.6025972473e+00
9.0840862798e-01	3.6015518912e+00
9.0829842240e-01	3.6004724200e+00
9.0818779489e-01	3.5993591874e+00
9.0807674454e-01	3.5982133000e+00
9.0796527057e-01	3.5970352624e+00
9.0785337295e-01	3.5958154829e+00
9.0774105072e-01	3.5945697251e+00
9.0762830299e-01	3.5933011177e+00
9.0751512867e-01	3.5920129219e+00
9.0740152648e-01	3.5907084006e+00
9.0728749491e-01	3.5893907020e+00
9.0717303239e-01	3.5880627782e+00
9.0705813691e-01	3.5867273250e+00
9.0694280689e-01	3.5853867599e+00
9.0682703991e-01	3.5840431981e+00
9.0671083413e-01	3.5826984737e+00
9.0659418712e-01	3.5813541441e+00
9.0647709641e-01	3.5800115213e+00
9.0635955987e-01	3.5786717048e+00
9.0624157490e-01	3.5773356025e+00
9.0612313899e-01	3.5760039662e+00
9.0600424934e-01	3.5746774149e+00
9.0588490385e-01	3.5733564703e+00
9.0576509967e-01	3.5720415619e+00
9.0564483413e-01	3.5707330561e+00
9.0552410457e-01	3.5694312687e+00
9.0540290827e-01	3.5681364768e+00
9.0528124251e-01	3.5668489269e+00
9.0515910451e-01	3.5655688227e+00
9.0503649121e-01	3.5642961220e+00
9.0491339673e-01	3.5630282990e+00
9.0478978534e-01	3.5617362074e+00
9.0466533046e-01	3.5601071414e+00
9.0464949799e-01	3.5553610583e+00
9.0464210615e-01	3.5517973896e+00
9.0463632312e-01	3.5505134985e+00
9.0463069886e-01	3.5496906460e+00
9.0462517938e-01	3.5491780410e+00
9.0461969473e-01	3.5488164395e+00
9.0461423420e-01	3.5485306601e+00
9.0460880746e-01	3.5482890309e+00
9.0460341215e-01	3.5480742305e+00
9.0459803134e-01	3.5478719836e+00
9.0459267835e-01	3.5476813323e+00
9.0458739885e-01	3.5475122443e+00
9.0458223726e-01	3.5473729723e+00
9.0457727384e-01	3.5472781212e+00
9.0457271947e-01	3.5472766348e+00
9.0456893985e-01	3.5474529333e+00
9.0456664918e-01	3.5479697369e+00
9.0456768234e-01	3.5492450027e+00
9.0457513907e-01	3.5519987233e+00
9.0459113482e-01	3.5565789141e+00
9.0462005461e-01	3.5640961433e+00
9.0466917787e-01	3.5764379371e+00
9.0475044262e-01	3.5969055615e+00
9.0482037176e-01	3.6311729133e+00
9.0465664326e-01	3.6405437158e+00
9.0458258247e-01	3.6401894685e+00
9.0450703537e-01	3.6397325108e+00
9.0443023063e-01	3.6391957073e+00
9.0435252917e-01	3.6386041289e+00
9.0427103705e-01	3.6379736057e+00
9.0418885422e-01	3.6373136023e+00
9.0410494974e-01	3.6366301982e+00
9.0402014839e-01	3.6359275603e+00
9.0393197920e-01	3.6352087652e+00
9.0384337739e-01	3.6344761165e+00
9.0375128066e-01	3.6337314946e+00
9.0365591539e-01	3.6329764025e+00
9.0355921303e-01	3.6322120727e+00
9.0346217183e-01	3.6314395566e+00
9.0336479037e-01	3.6306597687e+00
9.0326706706e-01	3.6298735087e+00
9.0316900015e-01	3.6290814847e+00
9.0307053362e-01	3.6282843339e+00
9.0297152501e-01	3.6274826365e+00
9.0287205266e-01	3.6266769239e+00
9.0277217252e-01	3.6258676867e+00
9.0267189482e-01	3.6250553891e+00
9.0257122867e-01	3.6242404727e+00
9.0247015052e-01	3.6234233539e+00
9.0236868539e-01	3.6226044345e+00
9.0226683122e-01	3.6217840990e+00
9.0216456196e-01	3.6209627082e+00
9.0206190817e-01	3.6201406047e+00
9.0195883787e-01	3.6193180936e+00
9.0185536231e-01	3.6184954421e+00
9.0175148482e-01	3.6176728529e+00
9.0164717281e-01	3.6168504529e+00
9.0154243487e-01	3.6160282617e+00
9.0143725997e-01	3.6242231479e+00
9.0125665611e-01	3.6253019578e+00
9.0114332804e-01	3.6237619970e+00
9.0102427306e-01	3.6218745201e+00
9.0089836800e-01	3.6199002164e+00
9.0076406792e-01	3.6179579389e+00
9.0061933751e-01	3.6160574727e+00
9.0046136400e-01	3.6141610226e+00
9.0028607248e-01	3.6122099270e+00
9.0009003929e-01	3.6101498427e+00
8.9991698148e-01	3.6083941407e+00
8.9975925500e-01	3.6068407069e+00
8.9961250631e-01	3.6054268093e+00
8.9947399019e-01	3.6041152901e+00
8.9934185119e-01	3.6028822091e+00
8.9921477051e-01	3.6017111849e+00
8.9909177369e-01	3.6005904889e+00
8.9897211845e-01	3.5995114247e+00
8.9885522560e-01	3.5984673626e+00
8.9874063307e-01	3.5974531200e+00
8.9862796652e-01	3.5964645633e+00
8.9851691726e-01	3.5954983165e+00
8.9840722803e-01	3.5945515629e+00
8.9829868091e-01	3.5936218779e+00
8.9819109036e-01	3.5927071131e+00
8.9808429618e-01	3.5918052822e+00
8.9797815894e-01	3.5909144691e+00
8.9787255673e-01	3.5900327464e+00
8.9776738121e-01	3.5891580931e+00
8.9766253691e-01	3.5882883376e+00
8.9755793892e-01	3.5874211025e+00
8.9745351058e-01	3.5865537562e+00
8.9734918450e-01	3.5856834174e+00
8.9724490004e-01	3.5848069461e+00
8.9714060349e-01	3.5839209917e+00
8.9703624847e-01	3.5830220680e+00
8.9693179378e-01	3.5821066327e+00
8.9682720384e-01	3.5811712187e+00
8.9672244900e-01	3.5802125761e+00
8.9661750335e-01	3.5792278049e+00
8.9651234520e-01	3.5782145051e+00
8.9640695640e-01	3.5771708997e+00
8.9630132107e-01	3.5760959261e+00
8.9619542668e-01	3.5749893076e+00
8.9608926137e-01	3.5738515335e+00
8.9598281480e-01	3.5726838301e+00
8.9587607750e-01	3.5714880656e+00
8.9576904055e-01	3.5702666207e+00
8.9566169575e-01	3.5690222490e+00
8.9555403495e-01	3.5677579195e+00
8.9544605072e-01	3.5664766839e+00
8.9533773506e-01	3.5651815384e+00
8.9522908044e-01	3.5638753385e+00
8.9512007942e-01	3.5625607286e+00
8.9501072473e-01	3.5612400960e+00
8.9490100923e-01	3.5599155520e+00
8.9479092599e-01	3.5585889296e+00
8.9468046800e-01	3.5572617938e+00
8.9456962914e-01	3.5559354696e+00
8.9445840314e-01	3.5546110577e+00
8.9434678387e-01	3.5532894673e+00
8.9423476590e-01	3.5519714531e+00
8.9412234352e-01	3.5506576314e+00
8.9400951122e-01	3.5493485105e+00
8.9389626411e-01	3.5480445141e+00
8.9378259706e-01	3.5467460444e+00
8.9366850601e-01	3.5454533321e+00
8.9355398728e-01	3.5441666552e+00
8.9343903752e-01	3.5428862529e+00
8.9332365354e-01	3.5416123393e+00
8.9320783169e-01	3.5403450442e+00
8.9309156509e-01	3.5390837837e+00
8.9297483908e-01	3.5378203876e+00
8.9285754135e-01	3.5364586931e+00
8.9278321057e-01	3.5340473396e+00
8.9277168782e-01	3.5271964238e+00
8.9276599885e-01	3.5259236213e+00
8.9276046369e-01	3.5251045022e+00
8.9275500676e-01	3.5245906629e+00
8.9274950926e-01	3.5242245712e+00
8.9274389908e-01	3.5239324016e+00
8.9273808669e-01	3.5236820968e+00
8.9273187668e-01	3.5234550399e+00
8.9272478666e-01	3.5232330420e+00
8.9271582560e-01	3.5230087578e+00
8.9270272181e-01	3.5227782399e+00
8.9267700635e-01	3.5225105180e+00
8.9256746089e-01	3.5220251344e+00
8.9246122070e-01	3.5218012265e+00
8.9235546546e-01	3.5217766116e+00
8.9225036909e-01	3.5220612057e+00
8.9214714549e-01	3.5229788669e+00
8.9205016719e-01	3.5250812648e+00
8.9195957942e-01	3.5285345606e+00
8.9187435672e-01	3.5330334158e+00
8.9179584201e-01	3.5390643737e+00
8.9178937906e-01	3.5479748041e+00
8.9183328413e-01	3.5581436458e+00
8.9184415635e-01	3.5613031192e+00
8.9185576231e-01	3.5646295984e+00
8.9186816654e-01	3.5681403821e+00
8.9188222344e-01	3.5720212194e+00
8.9189797610e-01	3.5762882297e+00
8.9191502770e-01	3.5808632534e+00
8.9193354798e-01	3.5857901526e+00
8.9195462662e-01	3.5913160372e+00
8.9197897082e-01	3.5976133693e+00
8.9200604593e-01	3.6045882073e+00
8.9203603887e-01	3.6123711320e+00
8.9206607400e-01	3.6215352954e+00
8.9209757711e-01	3.6324426711e+00
8.9208568781e-01	3.6446888384e+00
8.9191233554e-01	3.6541481261e+00
8.9184035799e-01	3.6537308454e+00
8.9176680130e-01	3.6532022480e+00
8.9168934075e-01	3.6525908287e+00
8.9161079038e-01	3.6519241130e+00
8.9153084258e-01	3.6512185643e+00
8.9144952735e-01	3.6504838240e+00
8.9136610246e-01	3.6497260010e+00
8.9127998732e-01	3.6489492866e+00
8.9119306982e-01	3.6481567202e+00
8.9110376280e-01	3.6473506597e+00
8.9101222790e-01	3.6465329596e+00
8.9091742442e-01	3.6457051422e+00
8.9081931949e-01	3.6448684659e+00
8.9072087274e-01	3.6440239661e+00
8.9062208265e-01	3.6431725616e+00
8.9052294764e-01	3.6423150563e+00
8.9042343681e-01	3.6414521632e+00
8.9032337497e-01	3.6405845204e+00
8.9022286458e-01	3.6397127082e+00
8.9012193241e-01	3.6388372591e+00
8.9002058986e-01	3.6379586706e+00
8.8991884494e-01	3.6370774062e+00
8.8981670440e-01	3.6361939074e+00
8.8971414717e-01	3.6353085979e+00
8.8961118204e-01	3.6344218793e+00
8.8950782153e-01	3.6335341365e+00
8.8940402801e-01	3.6326457334e+00
8.8929982042e-01	3.6317570113e+00
8.8919519670e-01	3.6308682762e+00
8.8909013754e-01	3.6299797913e+00
8.8898462388e-01	3.6290917533e+00
8.8887865447e-01	3.6282042810e+00
8.8877218329e-01	3.6273173747e+00
8.8866517245e-01	3.6264308942e+00
8.8855753790e-01	3.6255445069e+00
8.8844942668e-01	3.6246576581e+00
8.8834092815e-01	3.6237695179e+00
8.8823203881e-01	3.6228789337e+00
8.8812275473e-01	3.6219843939e+00
8.8801307246e-01	3.6210840113e+00
8.8790298813e-01	3.6201755086e+00
8.8779249695e-01	3.6192562324e+00
8.8768159552e-01	3.6183232232e+00
8.8757027872e-01	3.6173732745e+00
8.8745854196e-01	3.6164030712e+00
8.8734638050e-01	3.6154093208e+00
8.8723379009e-01	3.6143889099e+00
8.8712076822e-01	3.6133390834e+00
8.8700731245e-01	3.6122576022e+00
8.8689342156e-01	3.6111429152e+00
8.8677909453e-01	3.6099835793e+00
8.8666433020e-01	3.6087866639e+00
8.8654912886e-01	3.6075562832e+00
8.8643349018e-01	3.6062941053e+00
8.8631741356e-01	3.6050024523e+00
8.8620089856e-01	3.6036841835e+00
8.8608394457e-01	3.6023425025e+00
8.8596655074e-01	3.6009807950e+00
8.8584871583e-01	3.5996024697e+00
8.8573043878e-01	3.5982108391e+00
8.8561171831e-01	3.5968090104e+00
8.8549255231e-01	3.5953998127e+00
8.8537293931e-01	3.5939857759e+00
8.8525287709e-01	3.5925691009e+00
8.8513236329e-01	3.5911516728e+00
8.8501139600e-01	3.5897350864e+00
8.8488997229e-01	3.5883206577e+00
8.8476809023e-01	3.5869094791e+00
8.8464574727e-01	3.5855024354e+00
8.8452294065e-01	3.5841002409e+00
8.8439966745e-01	3.5827034715e+00
8.8427592551e-01	3.5813126022e+00
8.8415171186e-01	3.5799280127e+00
8.8402702372e-01	3.5785500200e+00
8.8390185819e-01	3.5771788901e+00
8.8377621272e-01	3.5758148574e+00
8.8365008421e-01	3.5744581246e+00
8.8352347004e-01	3.5731088796e+00
8.8339636718e-01	3.5717672693e+00
8.8326877234e-01	3.5704331704e+00
8.8314067862e-01	3.5691036226e+00
8.8301204048e-01	3.5677451704e+00
8.8288244304e-01	3.5659997511e+00
8.8286935218e-01	3.5608808317e+00
8.8286153277e-01	3.5577460594e+00
8.8285533569e-01	3.5565411168e+00
8.8284931277e-01	3.5557684035e+00
8.8284340356e-01	3.5552742665e+00
8.8283752286e-01	3.5549101647e+00
8.8283166852e-01	3.5546135263e+00
8.8282585542e-01	3.5543580935e+00
8.8282008229e-01	3.5541287837e+00
8.8281432209e-01	3.5539106089e+00
8.8280860253e-01	3.5537057619e+00
8.8280298341e-01	3.5535247412e+00
8.8279752743e-01	3.5533777970e+00
8.8279234777e-01	3.5532830817e+00
8.8278774983e-01	3.5533006491e+00
8.8278425476e-01	3.5535311563e+00
8.8278294550e-01	3.5541823674e+00
8.8278646182e-01	3.5557579677e+00
8.8279754165e-01	3.5586975205e+00
8.8281899189e-01	3.5635662259e+00
8.8285638791e-01	3.5715444516e+00
8.8291875135e-01	3.5846229624e+00
8.8302085093e-01	3.6062931066e+00
8.8312671424e-01	3.6426828161e+00
8.8294126057e-01	3.6542216972e+00
8.8286178197e-01	3.6537724568e+00
8.8278046083e-01	3.6532068600e+00
8.8269514823e-01	3.6525558092e+00
8.8260858910e-01	3.6518481464e+00
8.8252082785e-01	3.6511007451e+00
8.8243124740e-01	3.6503233753e+00
8.8233922931e-01	3.6495221880e+00
8.8224455095e-01	3.6487013911e+00
8.8214922672e-01	3.6478640363e+00
8.8205044737e-01	3.6470125052e+00
8.8194985517e-01	3.6461486454e+00
8.8184453447e-01	3.6452740058e+00
8.8173781112e-01	3.6443898156e+00
8.8163071207e-01	3.6434971358e+00
8.8152323558e-01	3.6425968897e+00
8.8141537875e-01	3.6416898848e+00
8.8130695289e-01	3.6407768391e+00
8.8119797774e-01	3.6398583951e+00
8.8108853624e-01	3.6389351330e+00
8.8097863984e-01	3.6380075906e+00
8.8086829760e-01	3.6370762691e+00
8.8075751560e-01	3.6361416349e+00
8.8064627041e-01	3.6352041368e+00
8.8053457493e-01	3.6342642009e+00
8.8042243773e-01	3.6333222314e+00
8.8030983207e-01	3.6323786208e+00
8.8019675417e-01	3.6314337351e+00
8.8008321088e-01	3.6304879212e+00
8.7996918403e-01	3.6295414853e+00
8.7985465127e-01	3.6285946944e+00
8.7973958948e-01	3.6276477454e+00
8.7962395170e-01	3.6267007477e+00
8.7950764557e-01	3.6257536994e+00
8.7939068556e-01	3.6248064410e+00
8.7927330212e-01	3.6238586182e+00
8.7915549493e-01	3.6229096479e+00
8.7903726041e-01	3.6219586462e+00
8.7891859540e-01	3.6210043981e+00
8.7879949589e-01	3.6200453073e+00
8.7867995813e-01	3.6190793739e+00
8.7855997786e-01	3.6181041897e+00
8.7843954957e-01	3.6171169578e+00
8.7831866812e-01	3.6161145532e+00
8.7819732691e-01	3.6150936157e+00
8.7807552072e-01	3.6140506677e+00
8.7795324544e-01	3.6129822775e+00
8.7783049719e-01	3.6118852469e+00
8.7770727304e-01	3.6107542016e+00
8.7758357085e-01	3.6095781320e+00
8.7745938893e-01	3.6083666161e+00
8.7733472616e-01	3.6071190638e+00
8.7720958179e-01	3.6058357957e+00
8.7708395531e-01	3.6045180241e+00
8.7695784604e-01	3.6031677597e+00
8.7683125380e-01	3.6017876877e+00
8.7670417828e-01	3.6003809902e+00
8.7657661821e-01	3.5989511393e+00
8.7644857311e-01	3.5975017451e+00
8.7632004125e-01	3.5960363655e+00
8.7619102136e-01	3.5945584003e+00
8.7606151195e-01	3.5930709847e+00
8.7593151060e-01	3.5915769252e+00
8.7580101538e-01	3.5900786867e+00
8.7567002400e-01	3.5885783810e+00
8.7553853396e-01	3.5870777834e+00
8.7540654287e-01	3.5855783642e+00
8.7527404763e-01	3.5840813148e+00
8.7514104583e-01	3.5825876015e+00
8.7500753442e-01	3.5810979883e+00
8.7487351046e-01	3.5796130815e+00
8.7473897082e-01	3.5781333580e+00
8.7460391281e-01	3.5766592009e+00
8.7446833305e-01	3.5751909107e+00
8.7433222876e-01	3.5737287390e+00
8.7419559652e-01	3.5722728909e+00
8.7405843346e-01	3.5708235501e+00
8.7392073613e-01	3.5693808752e+00
8.7378250148e-01	3.5679450153e+00
8.7364372623e-01	3.5665160853e+00
8.7350440672e-01	3.5650939245e+00
8.7336453542e-01	3.5636754502e+00
8.7322406231e-01	3.5622261363e+00
8.7308253760e-01	3.5603767798e+00
8.7306593850e-01	3.5552217746e+00
8.7305730135e-01	3.5520843417e+00
8.7305053743e-01	3.5509211725e+00
8.7304395329e-01	3.5501674793e+00
8.7303748771e-01	3.5496788705e+00
8.7303104814e-01	3.5493129061e+00
8.7302463806e-01	3.5490123634e+00
8.7301827286e-01	3.5487521695e+00
8.7301195147e-01	3.5485178489e+00
8.7300564058e-01	3.5482936360e+00
8.7299937794e-01	3.5480836332e+00
8.7299322679e-01	3.5478979089e+00
8.7298725737e-01	3.5477471900e+00
8.7298159683e-01	3.5476502392e+00
8.7297659404e-01	3.5476710183e+00
8.7297283821e-01	3.5479146167e+00
8.7297160651e-01	3.5486076070e+00
8.7297585212e-01	3.5502777015e+00
8.7298746081e-01	3.5531271850e+00
8.7300973903e-01	3.5578384541e+00
8.7304878260e-01	3.5655551618e+00
8.7311431020e-01	3.5782024738e+00
8.7322210798e-01	3.5991258496e+00
8.7337421309e-01	3.6342400099e+00
8.7319823420e-01	3.6543238600e+00
8.7311707032e-01	3.6538484747e+00
8.7303387267e-01	3.6532517718e+00
8.7294656834e-01	3.6525660318e+00
8.7285788455e-01	3.6518220605e+00
8.7276811549e-01	3.6510376265e+00
8.7267620340e-01	3.6502228765e+00
8.7258124390e-01	3.6493841385e+00
8.7248434810e-01	3.6485257044e+00
8.7238627093e-01	3.6476506979e+00
8.7228452321e-01	3.6467615403e+00
8.7218026655e-01	3.6458601131e+00
8.7207159045e-01	3.6449479786e+00
8.7196230056e-01	3.6440263774e+00
8.7185262547e-01	3.6430963920e+00
8.7174256335e-01	3.6421589563e+00
8.7163204912e-01	3.6412148873e+00
8.7152087893e-01	3.6402649100e+00
8.7140919214e-01	3.6393096686e+00
8.7129703286e-01	3.6383497493e+00
8.7118441207e-01	3.6373856938e+00
8.7107131858e-01	3.6364180045e+00
8.7095775270e-01	3.6354471546e+00
8.7084372973e-01	3.6344735914e+00
8.7072924659e-01	3.6334977414e+00
8.7061426167e-01	3.6325200174e+00
8.7049880463e-01	3.6315408049e+00
8.7038286296e-01	3.6305604783e+00
8.7026641742e-01	3.6295793797e+00
8.7014944302e-01	3.6285978245e+00
8.7003191466e-01	3.6276160739e+00
8.6991378097e-01	3.6266343297e+00
8.6979492882e-01	3.6256527094e+00
8.6967539643e-01	3.6246712037e+00
8.6955543541e-01	3.6236896608e+00
8.6943504293e-01	3.6227077317e+00
8.6931421666e-01	3.6217248327e+00
8.6919295353e-01	3.6207400811e+00
8.6907124956e-01	3.6197522473e+00
8.6894910127e-01	3.6187597237e+00
8.6882650492e-01	3.6177604985e+00
8.6870345403e-01	3.6167521298e+00
8.6857994280e-01	3.6157317941e+00
8.6845596465e-01	3.6146963301e+00
8.6833151390e-01	3.6136423252e+00
8.6820658627e-01	3.6125662632e+00
8.6808117632e-01	3.6114646854e+00
8.6795528122e-01	3.6103254380e+00
8.6782889754e-01	3.6091495874e+00
8.6770202291e-01	3.6079396511e+00
8.6757465561e-01	3.6066942136e+00
8.6744679450e-01	3.6054127451e+00
8.6731843886e-01	3.6040956461e+00
8.6718958820e-01	3.6027442218e+00
8.6706024217e-01	3.6013605877e+00
8.6693040038e-01	3.5999475119e+00
8.6680006228e-01	3.5985082610e+00
8.6666922674e-01	3.5970463734e+00
8.6653789336e-01	3.5955655060e+00
8.6640606098e-01	3.5940692483e+00
8.6627372784e-01	3.5925609988e+00
8.6614089216e-01	3.5910438772e+00
8.6600755191e-01	3.5895206672e+00
8.6587370494e-01	3.5879937944e+00
8.6573934881e-01	3.5864653244e+00
8.6560448098e-01	3.5849369837e+00
8.6546909876e-01	3.5834101903e+00
8.6533319935e-01	3.5818860908e+00
8.6519677967e-01	3.5803655981e+00
8.6505983713e-01	3.5788494390e+00
8.6492236853e-01	3.5773381783e+00
8.6478437076e-01	3.5758322593e+00
8.6464584072e-01	3.5743320306e+00
8.6450677523e-01	3.5728377692e+00
8.6436717110e-01	3.5713497001e+00
8.6422702510e-01	3.5698680119e+00
8.6408633397e-01	3.5683928680e+00
8.6394509441e-01	3.5669244157e+00
8.6380330314e-01	3.5654627906e+00
8.6366095676e-01	3.5640081009e+00
8.6351805155e-01	3.5625602144e+00
8.6337457992e-01	3.5611164413e+00
8.6323049581e-01	3.5596465942e+00
8.6308537850e-01	3.5578271882e+00
8.6305915762e-01	3.5529743388e+00
8.6304947582e-01	3.5493435764e+00
8.6304243724e-01	3.5481975949e+00
8.6303558697e-01	3.5474549847e+00
8.6302886035e-01	3.5469694406e+00
8.6302215589e-01	3.5466003797e+00
8.6301548402e-01	3.5462949158e+00
8.6300886089e-01	3.5460290181e+00
8.6300228594e-01	3.5457888362e+00
8.6299571874e-01	3.5455578192e+00
8.6298920989e-01	3.5453422498e+00
8.6298282736e-01	3.5451520117e+00
8.6297665212e-01	3.5449988122e+00
8.6297083274e-01	3.5449033006e+00
8.6296577744e-01	3.5449356325e+00
8.6296217138e-01	3.5452096367e+00
8.6296156354e-01	3.5459817448e+00
8.6296738861e-01	3.5478258340e+00
8.6298173910e-01	3.5509609716e+00
8.6300854555e-01	3.5561373369e+00
8.6305500101e-01	3.5646136043e+00
8.6313247595e-01	3.5785169045e+00
8.6325976583e-01	3.6015829399e+00
8.6342212541e-01	3.6404637297e+00
8.6323427944e-01	3.6543824686e+00
8.6315136876e-01	3.6538665671e+00
8.6306586484e-01	3.6532261559e+00
8.6297671241e-01	3.6524972756e+00
8.6288579998e-01	3.6517111223e+00
8.6279370485e-01	3.6508852091e+00
8.6269920762e-01	3.6500294808e+00
8.6260146850e-01	3.6491501480e+00
8.6250244117e-01	3.6482514278e+00
8.6240071973e-01	3.6473364308e+00
8.6229637852e-01	3.6464075268e+00
8.6218747888e-01	3.6454666161e+00
8.6207609860e-01	3.6445152077e+00
8.6196432565e-01	3.6435545534e+00
8.6185215828e-01	3.6425857332e+00
8.6173959066e-01	3.6416096760e+00
8.6162637096e-01	3.6406271988e+00
8.6151255772e-01	3.6396390193e+00
8.6139823709e-01	3.6386457826e+00
8.6128342208e-01	3.6376480723e+00
8.6116812164e-01	3.6366464291e+00
8.6105234195e-01	3.6356413543e+00
8.6093608755e-01	3.6346333201e+00
8.6081933867e-01	3.6336227747e+00
8.6070208689e-01	3.6326101429e+00
8.6058434465e-01	3.6315958364e+00
8.6046609765e-01	3.6305802457e+00
8.6034732517e-01	3.6295637367e+00
8.6022799969e-01	3.6285466566e+00
8.6010809426e-01	3.6275293118e+00
8.5998754277e-01	3.6265119626e+00
8.5986620519e-01	3.6254948036e+00
8.5974419429e-01	3.6244779359e+00
8.5962174757e-01	3.6234613525e+00
8.5949886239e-01	3.6224448836e+00
8.5937553648e-01	3.6214281611e+00
8.5925176715e-01	3.6204105692e+00
8.5912755072e-01	3.6193911812e+00
8.5900288397e-01	3.6183687260e+00
8.5887776314e-01	3.6173415427e+00
8.5875218219e-01	3.6163075528e+00
8.5862613358e-01	3.6152642513e+00
8.5849961174e-01	3.6142087435e+00
8.5837261046e-01	3.6131377852e+00
8.5824512470e-01	3.6120479188e+00
8.5811714961e-01	3.6109326506e+00
8.5798868008e-01	3.6097806437e+00
8.5785971288e-01	3.6085991551e+00
8.5773024420e-01	3.6073854111e+00
8.5760027197e-01	3.6061373095e+00
8.5746979482e-01	3.6048535655e+00
8.5733881134e-01	3.6035338034e+00
8.5720732085e-01	3.6021785994e+00
8.5707532264e-01	3.6007894361e+00
8.5694281701e-01	3.5993686056e+00
8.5680980328e-01	3.5979190210e+00
8.5667628096e-01	3.5964440648e+00
8.5654224904e-01	3.5949473563e+00
8.5640770668e-01	3.5934325883e+00
8.5627265312e-01	3.5919033606e+00
8.5613708640e-01	3.5903630453e+00
8.5600100468e-01	3.5888147134e+00
8.5586440588e-01	3.5872610832e+00
8.5572728747e-01	3.5857045006e+00
8.5558964744e-01	3.5841469560e+00
8.5545148288e-01	3.5825900921e+00
8.5531279103e-01	3.5810352483e+00
8.5517356893e-01	3.5794834979e+00
8.5503381367e-01	3.5779356906e+00
8.5489352214e-01	3.5763924901e+00
8.5475269120e-01	3.5748544120e+00
8.5461131748e-01	3.5733218540e+00
8.5446939809e-01	3.5717951315e+00
8.5432692961e-01	3.5702744887e+00
8.5418390869e-01	3.5687601251e+00
8.5404033203e-01	3.5672522079e+00
8.5389619609e-01	3.5657508820e+00
8.5375149779e-01	3.5642562835e+00
8.5360623354e-01	3.5627685343e+00
8.5346039986e-01	3.5612877296e+00
8.5331399270e-01	3.5598136920e+00
8.5316700402e-01	3.5583433465e+00
8.5301937871e-01	3.5568423719e+00
8.5287062569e-01	3.5549437196e+00
8.5284969246e-01	3.5497770261e+00
8.5284003139e-01	3.5465402496e+00
8.5283271906e-01	3.5454096894e+00
8.5282560360e-01	3.5446767281e+00
8.5281861697e-01	3.5441933273e+00
8.5281164777e-01	3.5438206709e+00
8.5280471492e-01	3.5435101040e+00
8.5279783531e-01	3.5432384902e+00
8.5279100933e-01	3.5429925894e+00
8.5278418891e-01	3.5427551204e+00
8.5277744129e-01	3.5425348875e+00
8.5277084163e-01	3.5423419746e+00
8.5276448712e-01	3.5421898295e+00
8.5275856404e-01	3.5421034798e+00
8.5275356568e-01	3.5421625891e+00
8.5275032492e-01	3.5424970033e+00
8.5275080487e-01	3.5434122604e+00
8.5275917855e-01	3.5455646338e+00
8.5277782674e-01	3.5492021716e+00
8.5281166720e-01	3.5551952135e+00
8.5286957739e-01	3.5650073416e+00
8.5296551918e-01	3.5811311310e+00
8.5312282810e-01	3.6080161375e+00
8.5316394755e-01	3.6537001957e+00
8.5306626582e-01	3.6544153958e+00
8.5298148200e-01	3.6538504581e+00
8.5289339233e-01	3.6531599760e+00
8.5280234688e-01	3.6523837973e+00
8.5270909381e-01	3.6515524753e+00
8.5261447928e-01	3.6506827088e+00
8.5251715526e-01	3.6497839902e+00
8.5241662594e-01	3.6488622876e+00
8.5231509288e-01	3.6479216834e+00
8.5220968104e-01	3.6469652252e+00
8.5210167801e-01	3.6459952188e+00
8.5198863139e-01	3.6450135365e+00
8.5187473758e-01	3.6440216404e+00
8.5176044169e-01	3.6430207814e+00
8.5164574197e-01	3.6420120269e+00
8.5153050543e-01	3.6409962973e+00
8.5141454145e-01	3.6475911692e+00
8.5429903048e-01	3.6466768916e+00
8.5419405538e-01	3.6457185459e+00
8.5408864545e-01	3.6447078757e+00
8.5398279418e-01	3.6436752104e+00
8.5387650037e-01	3.6426335511e+00
8.5376973370e-01	3.6415878500e+00
8.5366250438e-01	3.6405399769e+00
8.5355481195e-01	3.6394906952e+00
8.5344664074e-01	3.6384403906e+00
8.5333796848e-01	3.6373893286e+00
8.5322876582e-01	3.6363377553e+00
8.5311900400e-01	3.6352859139e+00
8.5300858391e-01	3.6342340431e+00
8.5289733551e-01	3.6331823709e+00
8.5278553603e-01	3.6321310793e+00
8.5267334316e-01	3.6310803072e+00
8.5256075513e-01	3.6300301023e+00
8.5244777005e-01	3.6289803861e+00
8.5233438646e-01	3.6279309149e+00
8.5222060237e-01	3.6268812287e+00
8.5210641421e-01	3.6258306021e+00
8.5199181785e-01	3.6247779834e+00
8.5187680759e-01	3.6237219639e+00
8.5176137772e-01	3.6226607283e+00
8.5164552386e-01	3.6215920334e+00
8.5152924007e-01	3.6205132075e+00
8.5141252165e-01	3.6194198699e+00
8.5129536260e-01	3.6182979637e+00
8.5117775898e-01	3.6171557631e+00
8.5105970515e-01	3.6159896347e+00
8.5094119753e-01	3.6147961052e+00
8.5082223258e-01	3.6135720481e+00
8.5070280748e-01	3.6123148924e+00
8.5058292121e-01	3.6110228163e+00
8.5046257160e-01	3.6096948548e+00
8.5034175883e-01	3.6083310156e+00
8.5022048215e-01	3.6069322497e+00
8.5009874145e-01	3.6055004013e+00
8.4997653660e-01	3.6040380607e+00
8.4985386686e-01	3.6025483880e+00
8.4973073291e-01	3.6010349393e+00
8.4960713356e-01	3.5995014146e+00
8.4948306754e-01	3.5979515104e+00
8.4935853429e-01	3.5963887749e+00
8.4923353197e-01	3.5948164790e+00
8.4910805884e-01	3.5932375589e+00
8.4898211289e-01	3.5916545792e+00
8.4885569195e-01	3.5900697276e+00
8.4872879367e-01	3.5884848304e+00
8.4860141553e-01	3.5869013831e+00
8.4847355465e-01	3.5853205853e+00
8.4834520886e-01	3.5837433964e+00
8.4821637508e-01	3.5821705573e+00
8.4808705047e-01	3.5806026436e+00
8.4795723210e-01	3.5790400974e+00
8.4782691702e-01	3.5774832585e+00
8.4769610224e-01	3.5759323905e+00
8.4756478472e-01	3.5743877015e+00
8.4743296118e-01	3.5728493586e+00
8.4730062899e-01	3.5713175117e+00
8.4716778483e-01	3.5697922868e+00
8.4703442554e-01	3.5682738033e+00
8.4690054744e-01	3.5667621704e+00
8.4676614723e-01	3.5652574500e+00
8.4663122049e-01	3.5637591557e+00
8.4649575414e-01	3.5622609511e+00
8.4635964374e-01	3.5606935367e+00
8.4624924195e-01	3.5583262912e+00
8.4623679795e-01	3.5517461089e+00
8.4622974345e-01	3.5503397885e+00
8.4622290866e-01	3.5493798742e+00
8.4621623438e-01	3.5487593856e+00
8.4620965363e-01	3.5483292712e+00
8.4620305351e-01	3.5479746520e+00
8.4619651159e-01	3.5476746345e+00
8.4619002336e-01	3.5474071757e+00
8.4618358233e-01	3.5471607432e+00
8.4617713502e-01	3.5469194007e+00
8.4617079818e-01	3.5467011529e+00
8.4616465171e-01	3.5465179626e+00
8.4615879347e-01	3.5463808886e+00
8.4615352080e-01	3.5463404212e+00
8.4614943325e-01	3.5465040190e+00
8.4614786584e-01	3.5471157829e+00
8.4615456266e-01	3.5492277739e+00
8.4617193673e-01	3.5528656675e+00
8.4619906897e-01	3.5579540152e+00
8.4623298127e-01	3.5640501669e+00
8.4627550407e-01	3.5715135682e+00
8.4633235414e-01	3.5813047609e+00
8.4640247408e-01	3.5933025670e+00
8.4648474409e-01	3.6074601609e+00
8.4658160864e-01	3.6248879450e+00
8.4667321614e-01	3.6472567914e+00
8.4649102015e-01	3.6627943069e+00
8.4640800854e-01	3.6622071888e+00
8.4632012456e-01	3.6614878975e+00
8.4623049892e-01	3.6606775862e+00
8.4613862897e-01	3.6598095722e+00
8.4604448008e-01	3.6589018877e+00
8.4594720623e-01	3.6579645926e+00
8.4584755487e-01	3.6570039209e+00
8.4574573539e-01	3.6560241324e+00
8.4564062881e-01	3.6550283559e+00
8.4553148076e-01	3.6540189871e+00
8.4541861439e-01	3.6529979153e+00
8.4530535076e-01	3.6519666475e+00
8.4519168805e-01	3.6509264679e+00
8.4507762386e-01	3.6498784616e+00
8.4496284661e-01	3.6488235672e+00
8.4484741909e-01	3.6477626020e+00
8.4473144512e-01	3.6466962854e+00
8.4461496465e-01	3.6456252649e+00
8.4449796730e-01	3.6445501291e+00
8.4438045445e-01	3.6434714224e+00
8.4426243831e-01	3.6423896423e+00
8.4414391650e-01	3.6413052645e+00
8.4402487775e-01	3.6402187372e+00
8.4390528563e-01	3.6391304907e+00
8.4378514782e-01	3.6380409292e+00
8.4366444187e-01	3.6369504431e+00
8.4354310687e-01	3.6358594043e+00
8.4342108383e-01	3.6347681544e+00
8.4329818526e-01	3.6336769998e+00
8.4317454013e-01	3.6325861997e+00
8.4305045682e-01	3.6314959456e+00
8.4292593415e-01	3.6304063513e+00
8.4280096926e-01	3.6293173888e+00
8.4267556091e-01	3.6282288815e+00
8.4254970709e-01	3.6271404342e+00
8.4242340448e-01	3.6260513965e+00
8.4229664900e-01	3.6249608081e+00
8.4216943417e-01	3.6238673415e+00
8.4204175359e-01	3.6227692673e+00
8.4191360245e-01	3.6216644233e+00
8.4178497476e-01	3.6205502121e+00
8.4165586558e-01	3.6194210674e+00
8.4152626901e-01	3.6182650357e+00
8.4139617906e-01	3.6170895447e+00
8.4126559104e-01	3.6158909251e+00
8.4113450060e-01	3.6146656151e+00
8.4100290348e-01	3.6134103614e+00
8.4087079617e-01	3.6121224381e+00
8.4073817707e-01	3.6107998502e+00
8.4060504384e-01	3.6094414605e+00
8.4047139616e-01	3.6080471097e+00
8.4033723306e-01	3.6066176081e+00
8.4020255416e-01	3.6051546916e+00
8.4006735884e-01	3.6036608843e+00
8.3993164701e-01	3.6021393186e+00
8.3979541842e-01	3.6005935509e+00
8.3965867140e-01	3.5990273161e+00
8.3952140556e-01	3.5974443781e+00
8.3938361956e-01	3.5958483461e+00
8.3924531084e-01	3.5942425568e+00
8.3910647847e-01	3.5926300276e+00
8.3896711964e-01	3.5910133779e+00
8.3882723194e-01	3.5893948479e+00
8.3868681244e-01	3.5877763016e+00
8.3854585883e-01	3.5861592703e+00
8.3840436793e-01	3.5845449744e+00
8.3826233643e-01	3.5829343755e+00
8.3811976146e-01	3.5813282255e+00
8.3797664001e-01	3.5797271013e+00
8.3783296859e-01	3.5781314375e+00
8.3768874386e-01	3.5765415661e+00
8.3754396251e-01	3.5749577413e+00
8.3739862093e-01	3.5733801584e+00
8.3725271606e-01	3.5718089803e+00
8.3710624427e-01	3.5702443386e+00
8.3695920207e-01	3.5686863517e+00
8.3681158546e-01	3.5671351295e+00
8.3666339054e-01	3.5655907762e+00
8.3651461331e-01	3.5640533691e+00
8.3636524969e-01	3.5625227189e+00
8.3621529042e-01	3.5609957729e+00
8.3606467838e-01	3.5594378040e+00
8.3591291168e-01	3.5574785451e+00
8.3588893058e-01	3.5522583863e+00
8.3587861693e-01	3.5489621420e+00
8.3587098579e-01	3.5478585610e+00
8.3586354557e-01	3.5471402235e+00
8.3585623066e-01	3.5466574531e+00
8.3584891727e-01	3.5462754522e+00
8.3584164391e-01	3.5459530421e+00
8.3583443098e-01	3.5456657268e+00
8.3582727958e-01	3.5454039912e+00
8.3582012569e-01	3.5451491992e+00
8.3581306744e-01	3.5449143267e+00
8.3580618932e-01	3.5447094704e+00
8.3579960758e-01	3.5445492420e+00
8.3579357696e-01	3.5444670378e+00
8.3578870995e-01	3.5445529031e+00
8.3578607080e-01	3.5449594676e+00
8.3578830965e-01	3.5460643942e+00
8.3580072351e-01	3.5486083869e+00
8.3582608269e-01	3.5528884150e+00
8.3587088519e-01	3.5599285325e+00
8.3594644624e-01	3.5714539361e+00
8.3607053865e-01	3.5904165009e+00
8.3627160642e-01	3.6221566346e+00
8.3622287754e-01	3.6629837098e+00
8.3613413367e-01	3.6623859806e+00
8.3604053124e-01	3.6616489196e+00
8.3594463819e-01	3.6608110403e+00
8.3584641564e-01	3.6599102406e+00
8.3574585830e-01	3.6589671609e+00
8.3564197219e-01	3.6579930277e+00
8.3553561365e-01	3.6569946340e+00
8.3542669797e-01	3.6559765515e+00
8.3531475084e-01	3.6549420904e+00
8.3519770346e-01	3.6538937872e+00
8.3507776591e-01	3.6528336006e+00
8.3495741273e-01	3.6517631114e+00
8.3483664166e-01	3.6506836503e+00
8.3471541366e-01	3.6495963432e+00
8.3459335093e-01	3.6485021582e+00
8.3447063936e-01	3.6474019314e+00
8.3434737400e-01	3.6462964034e+00
8.3422356693e-01	3.6451862331e+00
8.3409922437e-01	3.6440720209e+00
8.3397434872e-01	3.6429543178e+00
8.3384891193e-01	3.6418336355e+00
8.3372292519e-01	3.6407104488e+00
8.3359638363e-01	3.6395852142e+00
8.3346926852e-01	3.6384583590e+00
8.3334155310e-01	3.6373302976e+00
8.3321320421e-01	3.6362014234e+00
8.3308413338e-01	3.6350721076e+00
8.3295418633e-01	3.6339427011e+00
8.3282330834e-01	3.6328135201e+00
8.3269194711e-01	3.6316848294e+00
8.3256012914e-01	3.6305568464e+00
8.3242785230e-01	3.6294296893e+00
8.3229511528e-01	3.6283033638e+00
8.3216191689e-01	3.6271777128e+00
8.3202825434e-01	3.6260523785e+00
8.3189412280e-01	3.6249267423e+00
8.3175951668e-01	3.6237998928e+00
8.3162442927e-01	3.6226705463e+00
8.3148885641e-01	3.6215370216e+00
8.3135279256e-01	3.6203972093e+00
8.3121623271e-01	3.6192425022e+00
8.3107917031e-01	3.6180680470e+00
8.3094160023e-01	3.6168783094e+00
8.3080351588e-01	3.6156696728e+00
8.3066491217e-01	3.6144384298e+00
8.3052578420e-01	3.6131809566e+00
8.3038612816e-01	3.6118939220e+00
8.3024594026e-01	3.6105745001e+00
8.3010521758e-01	3.6092205777e+00
8.2996395861e-01	3.6078309216e+00
8.2982216283e-01	3.6064052760e+00
8.2967982872e-01	3.6049443695e+00
8.2953695662e-01	3.6034498925e+00
8.2939354588e-01	3.6019243439e+00
8.2924959616e-01	3.6003708530e+00
8.2910510626e-01	3.5987929749e+00
8.2896007674e-01	3.5971945100e+00
8.2881450542e-01	3.5955792425e+00
8.2866839145e-01	3.5939508324e+00
8.2852173302e-01	3.5923126691e+00
8.2837452841e-01	3.5906677993e+00
8.2822677477e-01	3.5890188736e+00
8.2807846963e-01	3.5873681545e+00
8.2792961052e-01	3.5857175262e+00
8.2778019469e-01	3.5840685222e+00
8.2763021907e-01	3.5824223657e+00
8.2747968065e-01	3.5807800177e+00
8.2732857606e-01	3.5791422171e+00
8.2717690225e-01	3.5775095302e+00
8.2702465538e-01	3.5758823768e+00
8.2687183250e-01	3.5742610806e+00
8.2671842974e-01	3.5726458777e+00
8.2656444402e-01	3.5710369573e+00
8.2640987151e-01	3.5694344641e+00
8.2625470803e-01	3.5678385206e+00
8.2609894971e-01	3.5662492350e+00
8.2594259268e-01	3.5646667083e+00
8.2578563289e-01	3.5630910375e+00
8.2562806593e-01	3.5615223044e+00
8.2546988753e-01	3.5599604818e+00
8.2531109160e-01	3.5584035176e+00
8.2515163936e-01	3.5568293588e+00
8.2499117859e-01	3.5550005999e+00
8.2493386563e-01	3.5528017389e+00
8.2492402239e-01	3.5514935228e+00
8.2491414010e-01	3.5498153254e+00
8.2490435978e-01	3.5479686871e+00
8.2489557934e-01	3.5463204497e+00
8.2488734376e-01	3.5450936271e+00
8.2487932490e-01	3.5442827999e+00
8.2487145291e-01	3.5437446369e+00
8.2486361590e-01	3.5433346305e+00
8.2485579564e-01	3.5429876834e+00
8.2484804025e-01	3.5426841411e+00
8.2484035046e-01	3.5424089914e+00
8.2483267518e-01	3.5421451510e+00
8.2482507024e-01	3.5418969582e+00
8.2481764371e-01	3.5416776678e+00
8.2481051363e-01	3.5415013555e+00
8.2480389621e-01	3.5413934233e+00
8.2479840251e-01	3.5414388152e+00
8.2479507253e-01	3.5417785207e+00
8.2479634775e-01	3.5427427737e+00
8.2480753450e-01	3.5450560180e+00
8.2483140689e-01	3.5489395623e+00
8.2487402425e-01	3.5553213202e+00
8.2494638377e-01	3.5657670100e+00
8.2506577873e-01	3.5829217445e+00
8.2526096475e-01	3.6115089742e+00
8.2539264746e-01	3.6602079688e+00
8.2526683952e-01	3.6629079466e+00
8.2517462699e-01	3.6622301493e+00
8.2507767319e-01	3.6614163747e+00
8.2497866268e-01	3.6605139892e+00
8.2487794521e-01	3.6595560962e+00
8.2477265720e-01	3.6585600006e+00
8.2466512075e-01	3.6575352804e+00
8.2455603481e-01	3.6564879375e+00
8.2444178576e-01	3.6554221515e+00
8.2432485139e-01	3.6543409408e+00
8.2420259738e-01	3.6532466792e+00
8.2407964047e-01	3.6521411838e+00
8.2395625580e-01	3.6510259736e+00
8.2383244108e-01	3.6499023169e+00
8.2370781516e-01	3.6487712956e+00
8.2358244303e-01	3.6476338340e+00
8.2345646853e-01	3.6464907392e+00
8.2332992843e-01	3.6453427266e+00
8.2320282913e-01	3.6441904423e+00
8.2307516662e-01	3.6430344667e+00
8.2294691805e-01	3.6418753384e+00
8.2281809975e-01	3.6407135589e+00
8.2268869880e-01	3.6395495981e+00
8.2255869527e-01	3.6383839019e+00
8.2242805961e-01	3.6372168954e+00
8.2229675661e-01	3.6360489874e+00
8.2216466169e-01	3.6348805585e+00
8.2203156986e-01	3.6337119810e+00
8.2189757742e-01	3.6325435927e+00
8.2176311923e-01	3.6313756977e+00
8.2162819382e-01	3.6302085575e+00
8.2149279952e-01	3.6290423567e+00
8.2135693588e-01	3.6278771848e+00
8.2122060107e-01	3.6267129974e+00
8.2108379208e-01	3.6255495660e+00
8.2094650382e-01	3.6243864512e+00
8.2080872852e-01	3.6232229385e+00
8.2067046313e-01	3.6220579935e+00
8.2053170219e-01	3.6208901881e+00
8.2039243997e-01	3.6197158651e+00
8.2025267213e-01	3.6185221675e+00
8.2011239228e-01	3.6173186864e+00
8.1997159429e-01	3.6161022654e+00
8.1983027202e-01	3.6148694139e+00
8.1968841908e-01	3.6136164297e+00
8.1954603079e-01	3.6123395798e+00
8.1940310140e-01	3.6110352744e+00
8.1925962764e-01	3.6097003159e+00
8.1911560583e-01	3.6083320931e+00
8.1897103359e-01	3.6069287893e+00
8.1882590932e-01	3.6054895234e+00
8.1868023200e-01	3.6040144236e+00
8.1853400039e-01	3.6025046144e+00
8.1838721553e-01	3.6009621606e+00
8.1823987607e-01	3.5993898636e+00
8.1809198237e-01	3.5977910967e+00
8.1794353343e-01	3.5961695806e+00
8.1779452802e-01	3.5945291598e+00
8.1764496527e-01	3.5928736301e+00
8.1749484397e-01	3.5912065806e+00
8.1734416188e-01	3.5895312826e+00
8.1719291683e-01	3.5878506341e+00
8.1704110607e-01	3.5861671275e+00
8.1688872754e-01	3.5844828666e+00
8.1673577776e-01	3.5827995666e+00
8.1658225427e-01	3.5811186179e+00
8.1642815335e-01	3.5794411504e+00
8.1627347224e-01	3.5777679478e+00
8.1611820728e-01	3.5760996614e+00
8.1596235504e-01	3.5744367772e+00
8.1580591199e-01	3.5727796553e+00
8.1564887435e-01	3.5711285603e+00
8.1549123858e-01	3.5694836966e+00
8.1533300011e-01	3.5678452150e+00
8.1517415505e-01	3.5662132389e+00
8.1501469927e-01	3.5645878728e+00
8.1485462834e-01	3.5629692118e+00
8.1469393799e-01	3.5613573469e+00
8.1453262528e-01	3.5597523664e+00
8.1437068663e-01	3.5581543284e+00
8.1420811712e-01	3.5565629409e+00
8.1404490495e-01	3.5549741182e+00
8.1388097281e-01	3.5533428874e+00
8.1371622291e-01	3.5511903748e+00
8.1370545101e-01	3.5497249956e+00
8.1369650178e-01	3.5484944432e+00
8.1368751444e-01	3.5469389653e+00
8.1367860342e-01	3.5452002150e+00
8.1366979535e-01	3.5435235501e+00
8.1366116774e-01	3.5421971796e+00
8.1365278111e-01	3.5413100844e+00
8.1364456294e-01	3.5407248274e+00
8.1363641314e-01	3.5402917706e+00
8.1362825798e-01	3.5399245598e+00
8.1362017382e-01	3.5396055043e+00
8.1361215970e-01	3.5393171448e+00
8.1360417646e-01	3.5390439570e+00
8.1359623961e-01	3.5387828686e+00
8.1358848116e-01	3.5385499448e+00
8.1358101654e-01	3.5383578883e+00
8.1357404734e-01	3.5382290738e+00
8.1356816869e-01	3.5382411597e+00
8.1356441676e-01	3.5385277532e+00
8.1356510361e-01	3.5393856025e+00
8.1357557030e-01	3.5415050231e+00
8.1359855664e-01	3.5451178921e+00
8.1363999249e-01	3.5510280274e+00
8.1371048158e-01	3.5606825694e+00
8.1382703713e-01	3.5765096534e+00
8.1401769674e-01	3.6027718331e+00
8.1428350231e-01	3.6472834735e+00
8.1410847623e-01	3.6630552127e+00
8.1401483202e-01	3.6623516079e+00
8.1391610581e-01	3.6615054007e+00
8.1381517498e-01	3.6605655280e+00
8.1371238959e-01	3.6595678292e+00
8.1360484226e-01	3.6585308381e+00
8.1349495193e-01	3.6574646475e+00
8.1338301193e-01	3.6563755149e+00
8.1326638724e-01	3.6552677500e+00
8.1314581051e-01	3.6541444826e+00
8.1302076344e-01	3.6530081239e+00
8.1289528277e-01	3.6518605408e+00
8.1276936497e-01	3.6507032886e+00
8.1264294696e-01	3.6495376618e+00
8.1251555885e-01	3.6483647601e+00
8.1238748296e-01	3.6471855195e+00
8.1225880031e-01	3.6460007609e+00
8.1212952246e-01	3.6448112092e+00
8.1199965418e-01	3.6436175154e+00
8.1186920002e-01	3.6424202640e+00
8.1173815692e-01	3.6412200036e+00
8.1160650844e-01	3.6400172341e+00
8.1147423093e-01	3.6388124261e+00
8.1134129543e-01	3.6376060293e+00
8.1120766140e-01	3.6363984724e+00
8.1107325501e-01	3.6351901581e+00
8.1093786016e-01	3.6339814799e+00
8.1080136949e-01	3.6327728016e+00
8.1066436281e-01	3.6315644705e+00
8.1052688102e-01	3.6303567994e+00
8.1038892350e-01	3.6291500560e+00
8.1025048921e-01	3.6279444270e+00
8.1011157709e-01	3.6267400089e+00
8.0997218468e-01	3.6255367566e+00
8.0983230625e-01	3.6243344585e+00
8.0969193472e-01	3.6231326841e+00
8.0955106607e-01	3.6219307245e+00
8.0940969652e-01	3.6207275572e+00
8.0926782072e-01	3.6195161207e+00
8.0912543304e-01	3.6182912951e+00
8.0898252882e-01	3.6170597058e+00
8.0883910099e-01	3.6158185958e+00
8.0869514411e-01	3.6145648074e+00
8.0855065139e-01	3.6132948279e+00
8.0840561663e-01	3.6120049300e+00
8.0826003405e-01	3.6106913344e+00
8.0811389765e-01	3.6093504070e+00
8.0796720439e-01	3.6079789082e+00
8.0781995085e-01	3.6065741883e+00
8.0767213363e-01	3.6051343890e+00
8.0752375132e-01	3.6036586116e+00
8.0737480358e-01	3.6021469874e+00
8.0722528872e-01	3.6006006492e+00
8.0707520747e-01	3.5990216848e+00
8.0692455903e-01	3.5974129416e+00
8.0677334304e-01	3.5957778240e+00
8.0662155862e-01	3.5941200962e+00
8.0646920539e-01	3.5924436557e+00
8.0631628163e-01	3.5907523201e+00
8.0616278643e-01	3.5890497048e+00
8.0600871750e-01	3.5873390941e+00
8.0585407222e-01	3.5856233848e+00
8.0569884886e-01	3.5839050756e+00
8.0554304432e-01	3.5821862472e+00
8.0538665563e-01	3.5804686031e+00
8.0522967926e-01	3.5787535020e+00
8.0507211269e-01	3.5770420196e+00
8.0491395215e-01	3.5753349718e+00
8.0475519413e-01	3.5736329772e+00
8.0459583513e-01	3.5719364964e+00
8.0443587082e-01	3.5702459153e+00
8.0427529666e-01	3.5685614072e+00
8.0411410915e-01	3.5668831742e+00
8.0395230338e-01	3.5652113526e+00
8.0378987548e-01	3.5635460629e+00
8.0362682129e-01	3.5618873961e+00
8.0346313775e-01	3.5602354384e+00
8.0329882100e-01	3.5585902739e+00
8.0313386644e-01	3.5569519852e+00
8.0296826915e-01	3.5553206313e+00
8.0280202589e-01	3.5536959882e+00
8.0263513092e-01	3.5520747463e+00
8.0246752336e-01	3.5504203219e+00
8.0229862445e-01	3.5483418297e+00
8.0227186917e-01	3.5465766353e+00
8.0226257086e-01	3.5453100007e+00
8.0225323712e-01	3.5437121276e+00
8.0224399044e-01	3.5419515244e+00
8.0223485136e-01	3.5402771385e+00
8.0222590253e-01	3.5389643243e+00
8.0221720409e-01	3.5380879133e+00
8.0220867956e-01	3.5375053755e+00
8.0220021768e-01	3.5370676619e+00
8.0219175217e-01	3.5366940586e+00
8.0218336293e-01	3.5363676781e+00
8.0217505000e-01	3.5360718437e+00
8.0216676290e-01	3.5357898745e+00
8.0215853872e-01	3.5355218979e+00
8.0215051628e-01	3.5352836936e+00
8.0214282909e-01	3.5350895041e+00
8.0213571572e-01	3.5349647549e+00
8.0212987831e-01	3.5349970400e+00
8.0212652620e-01	3.5353344572e+00
8.0212849672e-01	3.5363234813e+00
8.0214204674e-01	3.5387346786e+00
8.0217022918e-01	3.5428244154e+00
8.0222017162e-01	3.5495285827e+00
8.0230445863e-01	3.5604339654e+00
8.0244321172e-01	3.5792936813e+00
8.0893364164e-01	3.5756358716e+00
8.0882176044e-01	3.5756378614e+00
8.0870894490e-01	3.5756717908e+00
8.0859546438e-01	3.5757751197e+00
8.0848144162e-01	3.5757319673e+00
8.0836693604e-01	3.5754249136e+00
8.0825198011e-01	3.5748824894e+00
8.0813659200e-01	3.5741657692e+00
8.0802078261e-01	3.5733270148e+00
8.0790455886e-01	3.5724039234e+00
8.0778792497e-01	3.5714223755e+00
8.0767088271e-01	3.5703999435e+00
8.0755343324e-01	3.5693486179e+00
8.0743557603e-01	3.5682766631e+00
8.0731730938e-01	3.5671898542e+00
8.0719863128e-01	3.5660922732e+00
8.0707953994e-01	3.5649868482e+00
8.0696003323e-01	3.5638756931e+00
8.0684010952e-01	3.5627603198e+00
8.0671976770e-01	3.5616417897e+00
8.0659900455e-01	3.5605207761e+00
8.0647781708e-01	3.5593976223e+00
8.0635620297e-01	3.5582723471e+00
8.0623415937e-01	3.5571446269e+00
8.0611168327e-01	3.5560137695e+00
8.0598877151e-01	3.5548786866e+00
8.0586542016e-01	3.5537378556e+00
8.0574162612e-01	3.5525893087e+00
8.0561738362e-01	3.5514306131e+00
8.0549268671e-01	3.5502589031e+00
8.0536752833e-01	3.5490709519e+00
8.0524190062e-01	3.5478632658e+00
8.0511579743e-01	3.5466322363e+00
8.0498921442e-01	3.5453743096e+00
8.0486214532e-01	3.5440862267e+00
8.0473458913e-01	3.5427549877e+00
8.0460654291e-01	3.5413832203e+00
8.0447800594e-01	3.5399749172e+00
8.0434897708e-01	3.5385298594e+00
8.0421945616e-01	3.5370488342e+00
8.0408944332e-01	3.5355335741e+00
8.0395893881e-01	3.5339866250e+00
8.0382794265e-01	3.5324111470e+00
8.0369645557e-01	3.5308107275e+00
8.0356447676e-01	3.5291891420e+00
8.0343200637e-01	3.5275501738e+00
8.0329904324e-01	3.5258974362e+00
8.0316558619e-01	3.5242342653e+00
8.0303163372e-01	3.5225636434e+00
8.0289718400e-01	3.5208881592e+00
8.0276223495e-01	3.5192100040e+00
8.0262678430e-01	3.5175309911e+00
8.0249082952e-01	3.5158525882e+00
8.0235436794e-01	3.5141759610e+00
8.0221739681e-01	3.5125020198e+00
8.0207991322e-01	3.5108314637e+00
8.0194191419e-01	3.5091648240e+00
8.0180339668e-01	3.5075025015e+00
8.0166435759e-01	3.5058447991e+00
8.0152479378e-01	3.5041919486e+00
8.0138470207e-01	3.5025441322e+00
8.0124407897e-01	3.5009014964e+00
8.0110292183e-01	3.4992641778e+00
8.0096122709e-01	3.4976322924e+00
8.0081899147e-01	3.4960059548e+00
8.0067621166e-01	3.4943852735e+00
8.0053288419e-01	3.4927702940e+00
8.0038900433e-01	3.4911603598e+00
8.0024455378e-01	3.4895472242e+00
8.0009937367e-01	3.4878409073e+00
7.9998809439e-01	3.4851028857e+00
7.9997959830e-01	3.4839784797e+00
7.9997100340e-01	3.4825150122e+00
7.9996242331e-01	3.4807926351e+00
7.9995397037e-01	3.4790607566e+00
7.9994561838e-01	3.4775487112e+00
7.9993757237e-01	3.4764951255e+00
7.9992976228e-01	3.4758043206e+00
7.9992210624e-01	3.4753236648e+00
7.9991440807e-01	3.4749228601e+00
7.9990679508e-01	3.4745824166e+00
7.9989926313e-01	3.4742784503e+00
7.9989180200e-01	3.4739979713e+00
7.9988433681e-01	3.4737238479e+00
7.9987705260e-01	3.4734771514e+00
7.9987006156e-01	3.4732683555e+00
7.9986355359e-01	3.4731168149e+00
7.9985808151e-01	3.4730864370e+00
7.9985469411e-01	3.4733003485e+00
7.9985550125e-01	3.4740044919e+00
7.9986591208e-01	3.4758306671e+00
7.9988845931e-01	3.4789744440e+00
7.9992888464e-01	3.4841756959e+00
7.9999737708e-01	3.4926657020e+00
8.0011037192e-01	3.5069036682e+00
7.9987670959e-01	3.5072046170e+00
7.9986983303e-01	3.5070151884e+00
7.9986360786e-01	3.5069026341e+00
7.9985883417e-01	3.5069639454e+00
7.9985688555e-01	3.5073625469e+00
7.9986109324e-01	3.5084943791e+00
7.9987856237e-01	3.5112106403e+00
7.9991245871e-01	3.5157900536e+00
7.9997112441e-01	3.5233145518e+00
8.0006900360e-01	3.5355944277e+00
8.0022900707e-01	3.5555607033e+00
8.0048890696e-01	3.5885316096e+00
8.0084965215e-01	3.6469909260e+00
7.9334747165e-01	3.6521864454e+00
7.9311957801e-01	3.6512841466e+00
7.9311102283e-01	3.6512849433e+00
7.9302691115e-01	3.6512954598e+00
7.9290329849e-01	3.6513271068e+00
7.9277809938e-01	3.6513644190e+00
7.9265151475e-01	3.6514066061e+00
7.9252384999e-01	3.6514609542e+00
7.9239526481e-01	3.6514749840e+00
7.9226584271e-01	3.6513604071e+00
7.9213562655e-01	3.6510586686e+00
7.9200463467e-01	3.6505550038e+00
7.9187286255e-01	3.6498615112e+00
7.9174025985e-01	3.6490003609e+00
7.9160679871e-01	3.6479945796e+00
7.9147225375e-01	3.6468644027e+00
7.9133644306e-01	3.6456264287e+00
7.9119990167e-01	3.6442940245e+00
7.9106283281e-01	3.6428781291e+00
7.9092523721e-01	3.6413880088e+00
7.9078711796e-01	3.6398319247e+00
7.9064847997e-01	3.6382175571e+00
7.9050932573e-01	3.6365522439e+00
7.9036965847e-01	3.6348431225e+00
7.9022947402e-01	3.6330970671e+00
7.9008876899e-01	3.6313206319e+00
7.8994754411e-01	3.6295199369e+00
7.8980579871e-01	3.6276960322e+00
7.8966353233e-01	3.6258409151e+00
7.8952074374e-01	3.6239764235e+00
7.8937743126e-01	3.6221063157e+00
7.8923359289e-01	3.6202337186e+00
7.8908922633e-01	3.6183611783e+00
7.8894432902e-01	3.6164907247e+00
7.8879889818e-01	3.6146239418e+00
7.8865293089e-01	3.6127620404e+00
7.8850642408e-01	3.6109059264e+00
7.8835937455e-01	3.6090562634e+00
7.8821177905e-01	3.6072135277e+00
7.8806363423e-01	3.6053780548e+00
7.8791493640e-01	3.6035500732e+00
7.8776568275e-01	3.6017297509e+00
7.8761586948e-01	3.5999171961e+00
7.8746549312e-01	3.5981124907e+00
7.8731455014e-01	3.5963156995e+00
7.8716303677e-01	3.5945268770e+00
7.8701094964e-01	3.5927460807e+00
7.8685828535e-01	3.5909733697e+00
7.8670504005e-01	3.5892087957e+00
7.8655120996e-01	3.5874523464e+00
7.8639678974e-01	3.5857032416e+00
7.8624176020e-01	3.5839524269e+00
7.8608595358e-01	3.5821018067e+00
7.8596693013e-01	3.5791370183e+00
7.8595789264e-01	3.5779311238e+00
7.8594879832e-01	3.5763956222e+00
7.8593976520e-01	3.5746497099e+00
7.8593088293e-01	3.5729587829e+00
7.8592209973e-01	3.5715338668e+00
7.8591359018e-01	3.5705535074e+00
7.8590528065e-01	3.5698967549e+00
7.8589709919e-01	3.5694175377e+00
7.8588885351e-01	3.5690014300e+00
7.8588069340e-01	3.5686397482e+00
7.8587261597e-01	3.5683123562e+00
7.8586460864e-01	3.5680084117e+00
7.8585660406e-01	3.5677100223e+00
7.8584880021e-01	3.5674410438e+00
7.8584132411e-01	3.5672138370e+00
7.8583438931e-01	3.5670503713e+00
7.8582863408e-01	3.5670249027e+00
7.8582524313e-01	3.5672764143e+00
7.8582668255e-01	3.5680926917e+00
7.8583909712e-01	3.5701943386e+00
7.8586530619e-01	3.5738095410e+00
7.8591194788e-01	3.5798060889e+00
7.8599082736e-01	3.5896546359e+00
7.8612105381e-01	3.6058592266e+00
7.8632982292e-01	3.6328093443e+00
7.8629563443e-01	3.6712683967e+00
7.8620274173e-01	3.6704693443e+00
7.8610609209e-01	3.6695117161e+00
7.8600403671e-01	3.6684486464e+00
7.8589970093e-01	3.6673226838e+00
7.8579280791e-01	3.6661551678e+00
7.8568035136e-01	3.6649573809e+00
7.8556574163e-01	3.6637360842e+00
7.8544613083e-01	3.6624958974e+00
7.8532057490e-01	3.6612401660e+00
7.8519256789e-01	3.6599713962e+00
7.8506411819e-01	3.6586915755e+00
7.8493516449e-01	3.6574023330e+00
7.8480512582e-01	3.6561050264e+00
7.8467433719e-01	3.6548007844e+00
7.8454286665e-01	3.6534905800e+00
7.8441075003e-01	3.6521752589e+00
7.8427799450e-01	3.6508555643e+00
7.8414457398e-01	3.6495321603e+00
7.8401049315e-01	3.6482056500e+00
7.8387573484e-01	3.6468765804e+00
7.8374024450e-01	3.6455454580e+00
7.8360395805e-01	3.6442127637e+00
7.8346676621e-01	3.6428789421e+00
7.8332831249e-01	3.6415444232e+00
7.8318869666e-01	3.6402096230e+00
7.8304860043e-01	3.6388749354e+00
7.8290802690e-01	3.6375407537e+00
7.8276697583e-01	3.6362074300e+00
7.8262544760e-01	3.6348752755e+00
7.8248344175e-01	3.6335445626e+00
7.8234094970e-01	3.6322154794e+00
7.8219796497e-01	3.6308881232e+00
7.8205448483e-01	3.6295624483e+00
7.8191050520e-01	3.6282382579e+00
7.8176602340e-01	3.6269000152e+00
7.8162103421e-01	3.6255613101e+00
7.8147553367e-01	3.6242219883e+00
7.8132951771e-01	3.6228806543e+00
7.8118297940e-01	3.6215354582e+00
7.8103591397e-01	3.6201841089e+00
7.8088831442e-01	3.6188238301e+00
7.8074017345e-01	3.6174514035e+00
7.8059148498e-01	3.6160632572e+00
7.8044224270e-01	3.6146555737e+00
7.8029243986e-01	3.6132244535e+00
7.8014207032e-01	3.6117661455e+00
7.7999112979e-01	3.6102772798e+00
7.7983961491e-01	3.6087551069e+00
7.7968752236e-01	3.6071976996e+00
7.7953485024e-01	3.6056041259e+00
7.7938159741e-01	3.6039745275e+00
7.7922776328e-01	3.6023101115e+00
7.7907334760e-01	3.6006130568e+00
7.7891835015e-01	3.5988863424e+00
7.7876277091e-01	3.5971335225e+00
7.7860660936e-01	3.5953584930e+00
7.7844986480e-01	3.5935652681e+00
7.7829253610e-01	3.5917577644e+00
7.7813462142e-01	3.5899396521e+00
7.7797611966e-01	3.5881142600e+00
7.7781702822e-01	3.5862844903e+00
7.7765734457e-01	3.5844528131e+00
7.7749706528e-01	3.5826212649e+00
7.7733618740e-01	3.5807915048e+00
7.7717470685e-01	3.5789648356e+00
7.7701261930e-01	3.5771422521e+00
7.7684992034e-01	3.5753245069e+00
7.7668660596e-01	3.5735121537e+00
7.7652267300e-01	3.5717055884e+00
7.7635811826e-01	3.5699051003e+00
7.7619293712e-01	3.5681108844e+00
7.7602712465e-01	3.5663230806e+00
7.7586067752e-01	3.5645417914e+00
7.7569359515e-01	3.5627670956e+00
7.7552587762e-01	3.5609990607e+00
7.7535752502e-01	3.5592378059e+00
7.7518853179e-01	3.5574833127e+00
7.7501888613e-01	3.5557356607e+00
7.7484858335e-01	3.5539894080e+00
7.7467762058e-01	3.5522351479e+00
7.7450598972e-01	3.5504854252e+00
7.7433364024e-01	3.5487143006e+00
7.7416011677e-01	3.5466432882e+00
7.7410127497e-01	3.5442735087e+00
7.7409129257e-01	3.5429282709e+00
7.7408128133e-01	3.5412614939e+00
7.7407137924e-01	3.5394654924e+00
7.7406159382e-01	3.5377940057e+00
7.7405202191e-01	3.5365064813e+00
7.7404272564e-01	3.5356451753e+00
7.7403361913e-01	3.5350585749e+00
7.7402456192e-01	3.5346011097e+00
7.7401550637e-01	3.5342042839e+00
7.7400654189e-01	3.5338533956e+00
7.7399767087e-01	3.5335332248e+00
7.7398881159e-01	3.5332243221e+00
7.7398005656e-01	3.5329335641e+00
7.7397156468e-01	3.5326766154e+00
7.7396351175e-01	3.5324706064e+00
7.7395624811e-01	3.5323504964e+00
7.7395074252e-01	3.5324247603e+00
7.7394867274e-01	3.5328775981e+00
7.7395432092e-01	3.5341788143e+00
7.7397500748e-01	3.5371130786e+00
7.7401469320e-01	3.5420515037e+00
7.7408327391e-01	3.5501713948e+00
7.7419754156e-01	3.5633471317e+00
7.7438445681e-01	3.5849178545e+00
7.7468911331e-01	3.6210335386e+00
7.7476230673e-01	3.6714447545e+00
7.7466143355e-01	3.6706176290e+00
7.7455664792e-01	3.6696265078e+00
7.7444612897e-01	3.6685232658e+00
7.7433315147e-01	3.6673540294e+00
7.7421718783e-01	3.6661418375e+00
7.7409591354e-01	3.6648986468e+00
7.7397169650e-01	3.6636315442e+00
7.7384261550e-01	3.6623453143e+00
7.7370681487e-01	3.6610434208e+00
7.7356949272e-01	3.6597284230e+00
7.7343169308e-01	3.6584023705e+00
7.7329320135e-01	3.6570669346e+00
7.7315356307e-01	3.6557234940e+00
7.7301312612e-01	3.6543732038e+00
7.7287198173e-01	3.6530170516e+00
7.7273013775e-01	3.6516558936e+00
7.7258758992e-01	3.6502904855e+00
7.7244432852e-01	3.6489214980e+00
7.7230033667e-01	3.6475495362e+00
7.7215557887e-01	3.6461751537e+00
7.7201001172e-01	3.6447988608e+00
7.7186349032e-01	3.6434211399e+00
7.7171577829e-01	3.6420424337e+00
7.7156654894e-01	3.6406631820e+00
7.7141667688e-01	3.6392837972e+00
7.7126629117e-01	3.6379046860e+00
7.7111539215e-01	3.6365262371e+00
7.7096398185e-01	3.6351488077e+00
7.7081205840e-01	3.6337727106e+00
7.7065961505e-01	3.6323982146e+00
7.7050664363e-01	3.6310255179e+00
7.7035314094e-01	3.6296547040e+00
7.7019910249e-01	3.6282855945e+00
7.7004452613e-01	3.6269017958e+00
7.6988940745e-01	3.6255192963e+00
7.6973374208e-01	3.6241374214e+00
7.6957752474e-01	3.6227551658e+00
7.6942075111e-01	3.6213711527e+00
7.6926341407e-01	3.6199835527e+00
7.6910550850e-01	3.6185900906e+00
7.6894702784e-01	3.6171880082e+00
7.6878796400e-01	3.6157740853e+00
7.6862831000e-01	3.6143447347e+00
7.6846805990e-01	3.6128961224e+00
7.6830720615e-01	3.6114243120e+00
7.6814574266e-01	3.6099255032e+00
7.6798366420e-01	3.6083962655e+00
7.6782096599e-01	3.6068337774e+00
7.6765764537e-01	3.6052360623e+00
7.6749370061e-01	3.6036021436e+00
7.6732912924e-01	3.6019321169e+00
7.6716393147e-01	3.6002271811e+00
7.6699810632e-01	3.5984895093e+00
7.6683165347e-01	3.5967220972e+00
7.6666457255e-01	3.5949285257e+00
7.6649686297e-01	3.5931127294e+00
7.6632852314e-01	3.5912787515e+00
7.6615955266e-01	3.5894305555e+00
7.6598995009e-01	3.5875718510e+00
7.6581971212e-01	3.5857059689e+00
7.6564883780e-01	3.5838358487e+00
7.6547732327e-01	3.5819639600e+00
7.6530516386e-01	3.5800923479e+00
7.6513235556e-01	3.5782226567e+00
7.6495889392e-01	3.5763562181e+00
7.6478477502e-01	3.5744939586e+00
7.6460999576e-01	3.5726366280e+00
7.6443455182e-01	3.5707847653e+00
7.6425843882e-01	3.5689387602e+00
7.6408165207e-01	3.5670988859e+00
7.6390418784e-01	3.5652653251e+00
7.6372604546e-01	3.5634382064e+00
7.6354722479e-01	3.5616176220e+00
7.6336772550e-01	3.5598036397e+00
7.6318754280e-01	3.5579963258e+00
7.6300666366e-01	3.5561957302e+00
7.6282508301e-01	3.5543995643e+00
7.6264279764e-01	3.5525916842e+00
7.6245980386e-01	3.5507908026e+00
7.6227609686e-01	3.5489968195e+00
7.6209166852e-01	3.5472078632e+00
7.6190647559e-01	3.5454029326e+00
7.6172012991e-01	3.5433560556e+00
7.6163873892e-01	3.5406985739e+00
7.6162801316e-01	3.5393245615e+00
7.6161726238e-01	3.5376302282e+00
7.6160663194e-01	3.5358185510e+00
7.6159612286e-01	3.5341458081e+00
7.6158583934e-01	3.5328671869e+00
7.6157584146e-01	3.5320115509e+00
7.6156603940e-01	3.5314234480e+00
7.6155627771e-01	3.5309581098e+00
7.6154652417e-01	3.5305526272e+00
7.6153686819e-01	3.5301925198e+00
7.6152731335e-01	3.5298631366e+00
7.6151776044e-01	3.5295434288e+00
7.6150833703e-01	3.5292441611e+00
7.6149920640e-01	3.5289804955e+00
7.6149055919e-01	3.5287700659e+00
7.6148282846e-01	3.5286554253e+00
7.6147710241e-01	3.5287529317e+00
7.6147531617e-01	3.5292661492e+00
7.6148261553e-01	3.5307357978e+00
7.6150438686e-01	3.5336544929e+00
7.6154548236e-01	3.5385471586e+00
7.6161634043e-01	3.5465844394e+00
7.6173441620e-01	3.5596612353e+00
7.6192748233e-01	3.5809731733e+00
7.6224206019e-01	3.6165709841e+00
7.6237205826e-01	3.6715893787e+00
7.6233924922e-01	4.2167864126e+00
7.6196484514e-01	4.6744587562e+00
7.6161087770e-01	5.0500622798e+00
7.6141674812e-01	5.3684040809e+00
7.6122084618e-01	5.6451311999e+00
7.6103201918e-01	5.8898537483e+00
7.6085107567e-01	6.1093322393e+00
7.6067638341e-01	6.3082608511e+00
7.6050559389e-01	6.4900989376e+00
7.6033801370e-01	6.6576546462e+00
7.6017346584e-01	6.8130635268e+00
7.6001140187e-01	6.9579530608e+00
7.5985140718e-01	7.0936857145e+00
7.5969309562e-01	7.2215938867e+00
7.5953610582e-01	7.3424829478e+00
7.5938006918e-01	7.4570795829e+00
7.5922454922e-01	7.5660361635e+00
7.5906897353e-01	7.6701367727e+00
7.5891384350e-01	7.7698129068e+00
7.5875936639e-01	7.8653789988e+00
7.5860540731e-01	7.9571326563e+00
7.5845184721e-01	8.0455114013e+00
7.5829857939e-01	8.1308901868e+00
7.5814550526e-01	8.2134944606e+00
7.5799253022e-01	8.2935202957e+00
7.5783957160e-01	8.3711016815e+00
7.5768655728e-01	8.4463311346e+00
7.5753342172e-01	8.5196247740e+00
7.5738010928e-01	8.5910941889e+00
7.5722656731e-01	8.6608295826e+00
7.5707275149e-01	8.7289173656e+00
7.5691862310e-01	8.7954405057e+00
7.5676414915e-01	8.8604869269e+00
7.5660930244e-01	8.9241353877e+00
7.5645405884e-01	8.9865835281e+00
7.5629840031e-01	9.0479733207e+00
7.5614231043e-01	9.1083396514e+00
7.5598577578e-01	9.1677111994e+00
7.5582878480e-01	9.2261243897e+00
7.5567132717e-01	9.2835692107e+00
7.5551339338e-01	9.3400827842e+00
7.5535497438e-01	9.3957069654e+00
7.5519606096e-01	9.4504670864e+00
7.5503664533e-01	9.5044076260e+00
7.5487671843e-01	9.5575515199e+00
7.5471627164e-01	9.6101210931e+00
7.5455529600e-01	9.6621272368e+00
7.5439378379e-01	9.7136930482e+00
7.5423172591e-01	9.7647894810e+00
7.5406911485e-01	9.8154359302e+00
7.5390594218e-01	9.8655737105e+00
7.5374219830e-01	9.9152348275e+00
7.5357787480e-01	9.9644013269e+00
7.5341296268e-01	1.0013092312e+01
7.5324745324e-01	1.0061325243e+01
7.5308134120e-01	1.0109090108e+01
7.5291462077e-01	1.0156366854e+01
7.5274728427e-01	1.0203170052e+01
7.5257932508e-01	1.0249510031e+01
7.5241074248e-01	1.0295401063e+01
7.5224153673e-01	1.0340855345e+01
7.5207170756e-01	1.0385905722e+01
7.5190124602e-01	1.0430650611e+01
7.5173013866e-01	1.0475094971e+01
7.5155837978e-01	1.0519245691e+01
7.5138596697e-01	1.0563110947e+01
7.5121288847e-01	1.0606699064e+01
7.5103906482e-01	1.0649952135e+01
7.5086379788e-01	1.0692998915e+01
7.5081788046e-01	1.0735871632e+01
7.5080704671e-01	1.0778557216e+01
7.5079620769e-01	1.0821029619e+01
7.5078552671e-01	1.0863274918e+01
7.5077496650e-01	1.0905257738e+01
7.5076464448e-01	1.0946983009e+01
7.5075457906e-01	1.0988465613e+01
7.5074462220e-01	1.1029708672e+01
7.5073447090e-01	1.1070702883e+01
7.5072390710e-01	1.1111451849e+01
7.5071262842e-01	1.1151958480e+01
7.5069981212e-01	1.1192225963e+01
7.5068292160e-01	1.1232258799e+01
7.5065596361e-01	1.1272035123e+01
7.5059474750e-01	1.1311537917e+01
7.5042504772e-01	1.1350772899e+01
7.5025676273e-01	1.1389740670e+01
7.5009000022e-01	1.1428446641e+01
7.4992208617e-01	1.1466896136e+01
7.4989592270e-01	1.1505093612e+01
7.4988562523e-01	1.1543048095e+01
7.4987532497e-01	1.1580765249e+01
7.4986502934e-01	1.1618250308e+01
7.4985455420e-01	1.1655507456e+01
7.4984396316e-01	1.1692542592e+01
7.4983339149e-01	1.1729380266e+01
7.4982283500e-01	1.1766030816e+01
7.4981211975e-01	1.1802498681e+01
7.4980128246e-01	1.1838685587e+01
7.4979052716e-01	1.1874743028e+01
7.4977979428e-01	1.1910706748e+01
7.4976885037e-01	1.1946546574e+01
7.4975784476e-01	1.1982208919e+01
7.4974689973e-01	1.2017669640e+01
7.4973599003e-01	1.2052936474e+01
7.4972493480e-01	1.2088043455e+01
7.4971416717e-01	1.2123013281e+01
7.4970387263e-01	1.2157839870e+01
7.4969428467e-01	1.2192498678e+01
7.4968641493e-01	1.2226978041e+01
7.4968152151e-01	1.2261279956e+01
7.4968143523e-01	1.2295413406e+01
7.4968881981e-01	1.2329384896e+01
7.4970225957e-01	1.2363187296e+01
7.4971750517e-01	1.2396819741e+01
7.4973334665e-01	1.2430281123e+01
7.4974938481e-01	1.2463572372e+01
7.4976544157e-01	1.2496695096e+01
7.4978140063e-01	1.2529653416e+01
7.4979719215e-01	1.2562451454e+01
7.4981278412e-01	1.2595068496e+01
7.4982815506e-01	1.2627490624e+01
7.4984325370e-01	1.2659720992e+01
7.4985806791e-01	1.2691760925e+01
7.4987261504e-01	1.2723612626e+01
7.4988687235e-01	1.2755279466e+01
7.4990082964e-01	1.2786763582e+01
7.4991450280e-01	1.2818068199e+01
7.4992788122e-01	1.2849195353e+01
7.4994096484e-01	1.2880160211e+01
7.4995376703e-01	1.2910975300e+01
7.4996628932e-01	1.2941641381e+01
7.4997853157e-01	1.2972161072e+01
7.4999050679e-01	1.3002536604e+01
7.5000220767e-01	1.3032756817e+01
7.5001364746e-01	1.3062846682e+01
7.5002483582e-01	1.3092783784e+01
7.5003577638e-01	1.3122522802e+01
7.5004647226e-01	1.3152211364e+01
7.5005692222e-01	1.3181790454e+01
7.5006712930e-01	1.3211228257e+01
7.5007709796e-01	1.3240512314e+01
7.5008683678e-01	1.3269676068e+01
7.5009652294e-01	1.3298728453e+01
7.5010588993e-01	1.3327700061e+01
7.5011498088e-01	1.3356542407e+01
7.5012381505e-01	1.3385263619e+01
7.5013240577e-01	1.3413869480e+01
7.5014076432e-01	1.3442359099e+01
7.5014889946e-01	1.3470727553e+01
7.5015681984e-01	1.3498972047e+01
7.5016453487e-01	1.3527095932e+01
7.5017206036e-01	1.3555101537e+01
7.5017940415e-01	1.3582989029e+01
7.5018656543e-01	1.3610758104e+01
7.5019354961e-01	1.3638409614e+01
7.5020036425e-01	1.3665944842e+01
7.5020701181e-01	1.3693365808e+01
7.5021349776e-01	1.3720673090e+01
7.5021982742e-01	1.3747868249e+01
7.5022600208e-01	1.3774946769e+01
7.5023202261e-01	1.3801903803e+01
7.5023789848e-01	1.3828740075e+01
7.5024363219e-01	1.3855457117e+01
7.5024922784e-01	1.3882056462e+01
7.5025468923e-01	1.3908539209e+01
7.5026002018e-01	1.3934906899e+01
7.5026522418e-01	1.3961160415e+01
7.5027030491e-01	1.3987301351e+01
7.5027527156e-01	1.4013330745e+01
7.5028012127e-01	1.4039249750e+01
7.5028484864e-01	1.4065034656e+01
7.5028945607e-01	1.4090684808e+01
7.5029394669e-01	1.4116201661e+01
7.5029832708e-01	1.4141597330e+01
7.5030260212e-01	1.4166879040e+01
7.5030677427e-01	1.4192047467e+01
7.5031084626e-01	1.4217104006e+01
7.5031482051e-01	1.4242049543e+01
7.5031869948e-01	1.4266885214e+01
7.5032248558e-01	1.4291612247e+01
7.5032618146e-01	1.4316232786e+01
7.5032979563e-01	1.4340747949e+01
7.5033332407e-01	1.4365158690e+01
7.5033676862e-01	1.4389465670e+01
7.5034013137e-01	1.4413670171e+01
7.5034341412e-01	1.4437772599e+01
7.5034661889e-01	1.4461774317e+01
7.5034974737e-01	1.4485675838e+01
7.5035280146e-01	1.4509478283e+01
7.5035578272e-01	1.4533182040e+01
7.5035869294e-01	1.4556788347e+01
7.5036153370e-01	1.4580297914e+01
7.5036431115e-01	1.4603711750e+01
7.5036702938e-01	1.4627030648e+01
7.5036970186e-01	1.4650380146e+01
7.5037229870e-01	1.4673503198e+01
7.5037483529e-01	1.4696543024e+01
7.5037731306e-01	1.4719506476e+01
7.5037973361e-01	1.4742396612e+01
7.5038209649e-01	1.4765196469e+01
7.5038440287e-01	1.4787903147e+01
7.5038665412e-01	1.4810520680e+01
7.5038885545e-01	1.4833053279e+01
7.5039100686e-01	1.4855501062e+01
7.5039310679e-01	1.4877863791e+01
7.5039515625e-01	1.4900141624e+01
7.5039715635e-01	1.4922335703e+01
7.5039910802e-01	1.4944446344e+01
7.5040101234e-01	1.4966474598e+01
7.5040287033e-01	1.4988420992e+01
7.5040468287e-01	1.5010286054e+01
7.5040645172e-01	1.5032068170e+01
7.5040818015e-01	1.5053765641e+01
7.5040986486e-01	1.5075380095e+01
7.5041150664e-01	1.5096912161e+01
7.5041311163e-01	1.5118363080e+01
7.5041467546e-01	1.5139733338e+01
7.5041619873e-01	1.5161022844e+01
7.5041768241e-01	1.5182232707e+01
7.5041912709e-01	1.5203363105e+01
7.5042053735e-01	1.5224414970e+01
7.5042191224e-01	1.5245388447e+01
7.5042325046e-01	1.5266284785e+01
7.5042455265e-01	1.5287104379e+01
7.5042581950e-01	1.5307847815e+01
7.5042705176e-01	1.5328515916e+01
7.5042824988e-01	1.5349108601e+01
7.5042941288e-01	1.5369621018e+01
7.5043054079e-01	1.5390051763e+01
7.5043163421e-01	1.5410401265e+01
7.5043269390e-01	1.5430670658e+01
7.5043372031e-01	1.5450860032e+01
7.5043471518e-01	1.5470970539e+01
7.5043568298e-01	1.5491004155e+01
7.5043662259e-01	1.5510970825e+01
7.5043753772e-01	1.5530871715e+01
7.5043842711e-01	1.5550707167e+01
7.5043928995e-01	1.5570477696e+01
7.5044012701e-01	1.5590184728e+01
7.5044093921e-01	1.5609830325e+01
7.5044172924e-01	1.5629415192e+01
7.5044249597e-01	1.5648939744e+01
7.5044323698e-01	1.5668396774e+01
7.5044395078e-01	1.5687780086e+01
7.5044463780e-01	1.5707090004e+01
7.5044529845e-01	1.5726327076e+01
7.5044593320e-01	1.5745491886e+01
7.5044654236e-01	1.5764584506e+01
7.5044712858e-01	1.5783605828e+01
7.5044769346e-01	1.5802556377e+01
7.5044823389e-01	1.5821435946e+01
7.5044875044e-01	1.5840245649e+01
7.5044924342e-01	1.5858985787e+01
7.5044971311e-01	1.5877656435e+01
7.5045016000e-01	1.5896258489e+01
7.5045058435e-01	1.5914792123e+01
7.5045098646e-01	1.5933257567e+01
7.5045136678e-01	1.5951655625e+01
7.5045172556e-01	1.5969986510e+01
7.5045206317e-01	1.5988250710e+01
7.5045237993e-01	1.6006448670e+01
7.5045267609e-01	1.6024580633e+01
7.5045295244e-01	1.6042648699e+01
7.5045321499e-01	1.6060651519e+01
7.5045346034e-01	1.6078589430e+01
7.5045368858e-01	1.6096462999e+01
7.5045389767e-01	1.6114272460e+01
7.5045408786e-01	1.6132018088e+01
7.5045425949e-01	1.6149700510e+01
7.5045441283e-01	1.6167320084e+01
7.5045454802e-01	1.6184876791e+01
7.5045466538e-01	1.6202371232e+01
7.5045476519e-01	1.6219803886e+01
7.5045484758e-01	1.6237174650e+01
7.5045491288e-01	1.6254484160e+01
7.5045496138e-01	1.6271733062e+01
7.5045499637e-01	1.6288921325e+01
7.5045501664e-01	1.6306047848e+01
7.5045502068e-01	1.6323114358e+01
7.5045500875e-01	1.6340121341e+01
7.5045498098e-01	1.6357068779e+01
7.5045493772e-01	1.6373957458e+01
7.5045487914e-01	1.6390787614e+01
7.5045480541e-01	1.6407559455e+01
7.5045471681e-01	1.6424273577e+01
7.5045461347e-01	1.6440930034e+01
7.5045449553e-01	1.6457528908e+01
7.5045436331e-01	1.6474070980e+01
7.5045421751e-01	1.6490556197e+01
7.5045406294e-01	1.6506984654e+01
7.5045389842e-01	1.6523357216e+01
7.5045372029e-01	1.6539674016e+01
7.5045352866e-01	1.6555935302e+01
7.5045333667e-01	1.6572227554e+01
7.5045312705e-01	1.6588418868e+01
7.5045290346e-01	1.6604541010e+01
7.5045266712e-01	1.6620605406e+01
7.5045241883e-01	1.6636620699e+01
7.5045215854e-01	1.6652585592e+01
7.5045188925e-01	1.6668497670e+01
7.5045161024e-01	1.6684357206e+01
7.5045132236e-01	1.6700164739e+01
7.5045102284e-01	1.6715920426e+01
7.5045071182e-01	1.6731624556e+01
7.5045038926e-01	1.6747276855e+01
7.5045005507e-01	1.6762876211e+01
7.5044970939e-01	1.6778422875e+01
7.5044935244e-01	1.6793917625e+01
7.5044898441e-01	1.6809360908e+01
7.5044860534e-01	1.6824752646e+01
7.5044821542e-01	1.6840093266e+01
7.5044781693e-01	1.6855383341e+01
7.5044741179e-01	1.6870622608e+01
7.5044699939e-01	1.6885811223e+01
7.5044657674e-01	1.6900950112e+01
7.5044614395e-01	1.6916039476e+01
7.5044570100e-01	1.6931078994e+01
7.5044524811e-01	1.6946069199e+01
7.5044478544e-01	1.6961010594e+01
7.5044431435e-01	1.6975908271e+01
7.5044383574e-01	1.6990765463e+01
7.5044335045e-01	1.7005583777e+01
7.5044286247e-01	1.7020363445e+01
7.5044236754e-01	1.7035104369e+01
7.5044186572e-01	1.7049806662e+01
7.5044135717e-01	1.7064470726e+01
7.5044084199e-01	1.7079096855e+01
7.5044032021e-01	1.7093684925e+01
7.5043979194e-01	1.7108235208e+01
7.5043925626e-01	1.7122743859e+01
7.5043871302e-01	1.7137210219e+01
7.5043816376e-01	1.7151634353e+01
7.5043761016e-01	1.7166016531e+01
7.5043705030e-01	1.7180356964e+01
7.5043648665e-01	1.7194655955e+01
7.5043591585e-01	1.7208913527e+01
7.5043533808e-01	1.7223130166e+01
7.5043475343e-01	1.7237306131e+01
7.5043416200e-01	1.7251441566e+01
7.5043356384e-01	1.7265536595e+01
7.5043295964e-01	1.7279591589e+01
7.5043235276e-01	1.7293606870e+01
7.5043173943e-01	1.7307582511e+01
7.5043111971e-01	1.7321518596e+01
7.5043049372e-01	1.7335415467e+01
7.5042986158e-01	1.7349273449e+01
7.5042922336e-01	1.7363092697e+01
7.5042857911e-01	1.7376873249e+01
7.5042792893e-01	1.7390615406e+01
7.5042727484e-01	1.7404319465e+01
7.5042661839e-01	1.7417985687e+01
7.5042595837e-01	1.7431614061e+01
7.5042529259e-01	1.7445204299e+01
7.5042462320e-01	1.7458751844e+01
7.5042394813e-01	1.7472256938e+01
7.5042326636e-01	1.7485719674e+01
7.5042257796e-01	1.7499140263e+01
7.5042188304e-01	1.7512518896e+01
7.5042118168e-01	1.7525855882e+01
7.5042047394e-01	1.7539151363e+01
7.5041975989e-01	1.7552405470e+01
7.5041903958e-01	1.7565618329e+01
7.5041831312e-01	1.7578790207e+01
7.5041758058e-01	1.7591921325e+01
7.5041684203e-01	1.7605011874e+01
7.5041609753e-01	1.7618061954e+01
7.5041534714e-01	1.7631071706e+01
7.5041459097e-01	1.7644041457e+01
7.5041382908e-01	1.7656971333e+01
7.5041306152e-01	1.7669861507e+01
7.5041228835e-01	1.7682712056e+01
7.5041151232e-01	1.7695523322e+01
7.5041073236e-01	1.7708295355e+01
7.5040994700e-01	1.7721028374e+01
7.5040915627e-01	1.7733722436e+01
7.5040836026e-01	1.7746377747e+01
7.5040755905e-01	1.7758994615e+01
7.5040675313e-01	1.7771576968e+01
7.5040594170e-01	1.7784117720e+01
7.5040512565e-01	1.7796623795e+01
7.5040430424e-01	1.7809088867e+01
7.5040347835e-01	1.7821519482e+01
7.5040264717e-01	1.7833909257e+01
7.5040181159e-01	1.7846264714e+01
7.5040097086e-01	1.7858579829e+01
7.5040012587e-01	1.7870860878e+01
7.5039927621e-01	1.7883104560e+01
7.5039842200e-01	1.7895311608e+01
7.5039756623e-01	1.7907482088e+01
7.5039670715e-01	1.7919616182e+01
7.5039584367e-01	1.7931714030e+01
7.5039497586e-01	1.7943775797e+01
7.5039410376e-01	1.7955801656e+01
7.5039323004e-01	1.7967791656e+01
7.5039235267e-01	1.7979746035e+01
7.5039147117e-01	1.7991664966e+01
7.5039058560e-01	1.8003548604e+01
7.5038969599e-01	1.8015397057e+01
7.5038880236e-01	1.8027210351e+01
7.5038790477e-01	1.8038988625e+01
7.5038700328e-01	1.8050732133e+01
7.5038609795e-01	1.8062441006e+01
7.5038518882e-01	1.8074115359e+01
7.5038427589e-01	1.8085755185e+01
7.5038336279e-01	1.8097360615e+01
7.5038244642e-01	1.8108932010e+01
7.5038152645e-01	1.8120469485e+01
7.5038060290e-01	1.8131973124e+01
7.5037967578e-01	1.8143442962e+01
7.5037874516e-01	1.8154879184e+01
7.5037781109e-01	1.8166281961e+01
7.5037687362e-01	1.8177651458e+01
7.5037593276e-01	1.8188987701e+01
7.5037498853e-01	1.8200290682e+01
7.5037404097e-01	1.8211560544e+01
7.5037309019e-01	1.8222797674e+01
7.5037213620e-01	1.8234002102e+01
7.5037117904e-01	1.8245173975e+01
7.5037021900e-01	1.8256313347e+01
7.5036925943e-01	1.8267420243e+01
7.5036829684e-01	1.8278495061e+01
7.5036733123e-01	1.8289537853e+01
7.5036636263e-01	1.8300548607e+01
7.5036539107e-01	1.8311527467e+01
7.5036441654e-01	1.8322474308e+01
7.5036343911e-01	1.8333389472e+01
7.5036245884e-01	1.8344273042e+01
7.5036147639e-01	1.8355125610e+01
7.5036049215e-01	1.8365947400e+01
7.5035950809e-01	1.8376738364e+01
7.5035852171e-01	1.8387498706e+01
7.5035753282e-01	1.8398228785e+01
7.5035654200e-01	1.8408928868e+01
7.5035555196e-01	1.8419599014e+01
7.5035455949e-01	1.8430239180e+01
7.5035356464e-01	1.8440849560e+01
7.5035256753e-01	1.8451430723e+01
7.5035156821e-01	1.8461982827e+01
7.5035056669e-01	1.8472505854e+01
7.5034956297e-01	1.8482999837e+01
7.5034855708e-01	1.8493464786e+01
7.5034754900e-01	1.8503900697e+01
7.5034653885e-01	1.8514307962e+01
7.5034552661e-01	1.8524686564e+01
7.5034451231e-01	1.8535036529e+01
7.5034349613e-01	1.8545357899e+01
7.5034248136e-01	1.8555650656e+01
7.5034146557e-01	1.8565919556e+01
7.5034044896e-01	1.8576165319e+01
7.5033943152e-01	1.8586387969e+01
7.5033841326e-01	1.8596587513e+01
7.5033739415e-01	1.8606763836e+01
7.5033637418e-01	1.8616916831e+01
7.5033535338e-01	1.8627046689e+01
7.5033433188e-01	1.8637153910e+01
7.5033330955e-01	1.8647237950e+01
7.5033228636e-01	1.8657298635e+01
7.5033126230e-01	1.8667335910e+01
7.5033023989e-01	1.8677349699e+01
7.5032921880e-01	1.8687340306e+01
7.5032819881e-01	1.8697307810e+01
7.5032717802e-01	1.8707252291e+01
7.5032615645e-01	1.8717173715e+01
7.5032513408e-01	1.8727072087e+01
7.5032411091e-01	1.8736947326e+01
7.5032321830e-01	1.8747402765e+01
7.5032232355e-01	1.8757829553e+01
7.5032142674e-01	1.8768228294e+01
7.5032052785e-01	1.8778598995e+01
7.5031962735e-01	1.8788942029e+01
7.5031872800e-01	1.8799257804e+01
7.5031782686e-01	1.8809546820e+01
7.5031692396e-01	1.8819809135e+01
7.5031601930e-01	1.8830044821e+01
7.5031511290e-01	1.8840253858e+01
7.5031420474e-01	1.8850436262e+01
7.5031329489e-01	1.8860592229e+01
7.5031238344e-01	1.8870722139e+01
7.5031147039e-01	1.8880826040e+01
7.5031055575e-01	1.8890903967e+01
7.5030964011e-01	1.8900956126e+01
7.5030872570e-01	1.8910982461e+01
7.5030780977e-01	1.8920983074e+01
7.5030689240e-01	1.8930958376e+01
7.5030597360e-01	1.8940908444e+01
7.5030505341e-01	1.8950833333e+01
7.5030413181e-01	1.8960733033e+01
7.5030321039e-01	1.8970607517e+01
7.5030228898e-01	1.8980456854e+01
7.5030136623e-01	1.8990281244e+01
7.5030044218e-01	1.9000080860e+01
7.5029951951e-01	1.9009855769e+01
7.5029859609e-01	1.9019605963e+01
7.5029767137e-01	1.9029331423e+01
7.5029674545e-01	1.9039032544e+01
7.5029581894e-01	1.9048712177e+01
7.5029489183e-01	1.9058370365e+01
7.5029396417e-01	1.9068007225e+01
7.5029303594e-01	1.9077622736e+01
7.5029210714e-01	1.9087216836e+01
7.5029117799e-01	1.9096789451e+01
7.5029025116e-01	1.9106340810e+01
7.5028932379e-01	1.9115870981e+01
7.5028839595e-01	1.9125380293e+01
7.5028746756e-01	1.9134868338e+01
7.5028653860e-01	1.9144335001e+01
7.5028560906e-01	1.9153780252e+01
7.5028467897e-01	1.9163204225e+01
7.5028374837e-01	1.9172607081e+01
7.5028281726e-01	1.9181988887e+01
7.5028188833e-01	1.9191349785e+01
7.5028095929e-01	1.9200689767e+01
7.5028002977e-01	1.9210008835e+01
7.5027910262e-01	1.9219306992e+01
7.5027817510e-01	1.9228584524e+01
7.5027724719e-01	1.9237841576e+01
7.5027632002e-01	1.9247085355e+01
7.5027539313e-01	1.9256309824e+01
7.5027446640e-01	1.9265514026e+01
7.5027354174e-01	1.9274698281e+01
7.5027261673e-01	1.9283862163e+01
7.5027169145e-01	1.9293006339e+01
7.5027086801e-01	1.9302622995e+01
7.5027004564e-01	1.9312219540e+01
7.5026922342e-01	1.9321798884e+01
7.5026840133e-01	1.9331361085e+01
7.5026757931e-01	1.9340905775e+01
7.5026675738e-01	1.9350433108e+01
7.5026593554e-01	1.9359943091e+01
7.5026511379e-01	1.9369435709e+01
7.5026429219e-01	1.9378911298e+01
7.5026347074e-01	1.9388369837e+01
7.5026264943e-01	1.9397811314e+01
7.5026182827e-01	1.9407235702e+01
7.5026100719e-01	1.9416642820e+01
7.5026018561e-01	1.9426029657e+01
7.5025936470e-01	1.9435396337e+01
7.5025854598e-01	1.9444749303e+01
7.5025772687e-01	1.9454081094e+01
7.5025690730e-01	1.9463393042e+01
7.5025608727e-01	1.9472685053e+01
7.5025526679e-01	1.9481957183e+01
7.5025444588e-01	1.9491209462e+01
7.5025362456e-01	1.9500442100e+01
7.5025280287e-01	1.9509655225e+01
7.5025198080e-01	1.9518848796e+01
7.5025115834e-01	1.9528022797e+01
7.5025033550e-01	1.9537177220e+01
7.5024951228e-01	1.9546312118e+01
7.5024868869e-01	1.9555427547e+01
7.5024786479e-01	1.9564523776e+01
7.5024704060e-01	1.9573600883e+01
7.5024621609e-01	1.9582658836e+01
7.5024539128e-01	1.9591697598e+01
7.5024456615e-01	1.9600717140e+01
7.5024374070e-01	1.9609717466e+01
7.5024291496e-01	1.9618698726e+01
7.5024208897e-01	1.9627661142e+01
7.5024126442e-01	1.9636604828e+01
7.5024044075e-01	1.9645529756e+01
7.5023961683e-01	1.9654435907e+01
7.5023879267e-01	1.9663323244e+01
7.5023796827e-01	1.9672191790e+01
7.5023714363e-01	1.9681041610e+01
7.5023631881e-01	1.9689872945e+01
7.5023549381e-01	1.9698685865e+01
7.5023466864e-01	1.9707480360e+01
7.5023384329e-01	1.9716256406e+01
7.5023301774e-01	1.9725013971e+01
7.5023219200e-01	1.9733753037e+01
7.5023136606e-01	1.9742473611e+01
7.5023053998e-01	1.9751175961e+01
7.5022971379e-01	1.9759860281e+01
7.5022888749e-01	1.9768526543e+01
7.5022806107e-01	1.9777174714e+01
7.5022723454e-01	1.9785804801e+01
7.5022640787e-01	1.9794416776e+01
7.5022558107e-01	1.9803010630e+01
7.5022475502e-01	1.9811586405e+01
7.5022393076e-01	1.9820144581e+01
7.5022310647e-01	1.9828685122e+01
7.5022228200e-01	1.9837207424e+01
7.5022145729e-01	1.9845711049e+01
7.5022063232e-01	1.9854196035e+01
7.5021980711e-01	1.9862662368e+01
7.5021898165e-01	1.9871110043e+01
7.5021815597e-01	1.9879539256e+01
7.5021733012e-01	1.9887950233e+01
7.5021650410e-01	1.9896342971e+01
7.5021567790e-01	1.9904717451e+01
7.5021485151e-01	1.9913073652e+01
7.5021402493e-01	1.9921411531e+01
7.5021319817e-01	1.9929731125e+01
7.5021237121e-01	1.9938032430e+01
7.5021154413e-01	1.9946315782e+01
7.5021071694e-01	1.9954581316e+01
7.5020988966e-01	1.9962829049e+01
7.5020906337e-01	1.9971058957e+01
7.5020823980e-01	1.9979271024e+01
7.5020741633e-01	1.9987465237e+01
7.5020659275e-01	1.9995641564e+01
7.5020576905e-01	2.0003800096e+01
7.5020494528e-01	2.0011941105e+01
7.5020412147e-01	2.0020064644e+01
7.5020329762e-01	2.0028170789e+01
7.5020247373e-01	2.0036259559e+01
7.5020164980e-01	2.0044330955e+01
7.5020082583e-01	2.0052384970e+01
7.5020000181e-01	2.0060421593e+01
7.5019917775e-01	2.0068440853e+01
7.5019835370e-01	2.0076443043e+01
7.5019752967e-01	2.0084428181e+01
7.5019670566e-01	2.0092396354e+01
7.5019588168e-01	2.0100347583e+01
7.5019505774e-01	2.0108281863e+01
7.5019423574e-01	2.0116199192e+01
7.5019341440e-01	2.0124099711e+01
7.5019259306e-01	2.0131983125e+01
7.5019177180e-01	2.0139849969e+01
7.5019095058e-01	2.0147699949e+01
7.5019012943e-01	2.0155533371e+01
7.5018930835e-01	2.0163350085e+01
7.5018848737e-01	2.0171150381e+01
7.5018766646e-01	2.0178934111e+01
7.5018684562e-01	2.0186701266e+01
7.5018602486e-01	2.0194451846e+01
7.5018520421e-01	2.0202186129e+01
7.5018438369e-01	2.0209904131e+01
7.5018356329e-01	2.0217605839e+01
7.5018274301e-01	2.0225291250e+01
7.5018192285e-01	2.0232960470e+01
7.5018110336e-01	2.0240613515e+01
7.5018028595e-01	2.0248250379e+01
7.5017946866e-01	2.0255871062e+01
7.5017865152e-01	2.0263475699e+01
7.5017783455e-01	2.0271064472e+01
7.5017701776e-01	2.0278637372e+01
7.5017620114e-01	2.0286194350e+01
7.5017538467e-01	2.0293735449e+01
7.5017456839e-01	2.0301260748e+01
7.5017375229e-01	2.0308770265e+01
7.5017293637e-01	2.0316264004e+01
7.5017212062e-01	2.0323741982e+01
7.5017130510e-01	2.0331204465e+01
7.5017048982e-01	2.0338651501e+01
7.5016967477e-01	2.0346083093e+01
7.5016885994e-01	2.0353499241e+01
7.5016804699e-01	2.0360899910e+01
7.5016723503e-01	2.0368285165e+01
7.5016642329e-01	2.0375655061e+01
7.5016561179e-01	2.0383009594e+01
7.5016480051e-01	2.0390348771e+01
7.5016398950e-01	2.0397672821e+01
7.5016317877e-01	2.0404981766e+01
7.5016236830e-01	2.0412275608e+01
7.5016155809e-01	2.0419554348e+01
7.5016074884e-01	2.0426817989e+01
7.5015994070e-01	2.0434066500e+01
7.5015913282e-01	2.0441299983e+01
7.5015832522e-01	2.0448518470e+01
7.5015751790e-01	2.0455721990e+01
7.5015671112e-01	2.0462910775e+01
7.5015590676e-01	2.0470084839e+01
7.5015510272e-01	2.0477244176e+01
7.5015429898e-01	2.0484388799e+01
7.5015349554e-01	2.0491518707e+01
7.5015269241e-01	2.0498633902e+01
7.5015188957e-01	2.0505734375e+01
7.5015108704e-01	2.0512820213e+01
7.5015028482e-01	2.0519891458e+01
7.5014948296e-01	2.0526948391e+01
7.5014868147e-01	2.0533991016e+01
7.5014788034e-01	2.0541019335e+01
7.5014707956e-01	2.0548033349e+01
7.5014627913e-01	2.0555033057e+01
7.5014547988e-01	2.0562018438e+01
7.5014468242e-01	2.0568989505e+01
7.5014388530e-01	2.0575946258e+01
7.5014308852e-01	2.0582888748e+01
7.5014229213e-01	2.0589817185e+01
7.5014149612e-01	2.0596731651e+01
7.5014070051e-01	2.0603632162e+01
7.5013990528e-01	2.0610518716e+01
7.5013911044e-01	2.0617391304e+01
7.5013831598e-01	2.0624249926e+01
7.5013752190e-01	2.0631094579e+01
7.5013672819e-01	2.0637925260e+01
7.5013593485e-01	2.0644741967e+01
7.5013514283e-01	2.0651544772e+01
7.5013435251e-01	2.0658333960e+01
7.5013356261e-01	2.0665109565e+01
7.5013277315e-01	2.0671871600e+01
7.5013198410e-01	2.0678620065e+01
7.5013119548e-01	2.0685354964e+01
7.5013040727e-01	2.0692076289e+01
7.5012961947e-01	2.0698784036e+01
7.5012883209e-01	2.0705478209e+01
7.5012804511e-01	2.0712158802e+01
7.5012725855e-01	2.0718825907e+01
7.5012647244e-01	2.0725479747e+01
7.5012568728e-01	2.0732120370e+01
7.5012490425e-01	2.0738747796e+01
7.5012412167e-01	2.0745362033e+01
7.5012333955e-01	2.0751963084e+01
7.5012255788e-01	2.0758550948e+01
7.5012177666e-01	2.0765125626e+01
7.5012099588e-01	2.0771687119e+01
7.5012021554e-01	2.0778235422e+01
7.5011943566e-01	2.0784770613e+01
7.5011865625e-01	2.0791292828e+01
7.5011787788e-01	2.0797802121e+01
7.5011710100e-01	2.0804298551e+01
7.5011632605e-01	2.0810782079e+01
7.5011555220e-01	2.0817252751e+01
7.5011477882e-01	2.0823710578e+01
7.5011400591e-01	2.0830155564e+01
7.5011323348e-01	2.0836587707e+01
7.5011246150e-01	2.0843007006e+01
7.5011169001e-01	2.0849413533e+01
7.5011091901e-01	2.0855807415e+01
7.5011014851e-01	2.0862188721e+01
7.5010937852e-01	2.0868557465e+01
7.5010860904e-01	2.0874913725e+01
7.5010784174e-01	2.0881257499e+01
7.5010707529e-01	2.0887588755e+01
7.5010630933e-01	2.0893907513e+01
7.5010554387e-01	2.0900213772e+01
7.5010477891e-01	2.0906507542e+01
7.5010401443e-01	2.0912788848e+01
7.5010325048e-01	2.0919057864e+01
7.5010255856e-01	2.0925709586e+01
7.5010186746e-01	2.0932350827e+01
7.5010117723e-01	2.0938982141e+01
7.5010048893e-01	2.0945603528e+01
7.5009980239e-01	2.0952214978e+01
7.5009911670e-01	2.0958816470e+01
7.5009843185e-01	2.0965407962e+01
7.5009774783e-01	2.0971989466e+01
7.5009706466e-01	2.0978561011e+01
7.5009638231e-01	2.0985122567e+01
7.5009570079e-01	2.0991674129e+01
7.5009502009e-01	2.0998215692e+01
7.5009434024e-01	2.1004747407e+01
7.5009366279e-01	2.1011269385e+01
7.5009298655e-01	2.1017781670e+01
7.5009231116e-01	2.1024284255e+01
7.5009163662e-01	2.1030777134e+01
7.5009096292e-01	2.1037260284e+01
7.5009029006e-01	2.1043733704e+01
7.5008961803e-01	2.1050197342e+01
7.5008894681e-01	2.1056651171e+01
7.5008827641e-01	2.1063095190e+01
7.5008760797e-01	2.1069529493e+01
7.5008694107e-01	2.1075954265e+01
7.5008627571e-01	2.1082369502e+01
7.5008561206e-01	2.1088775294e+01
7.5008494927e-01	2.1095171637e+01
7.5008428733e-01	2.1101558526e+01
7.5008362623e-01	2.1107935958e+01
7.5008296597e-01	2.1114303914e+01
7.5008230654e-01	2.1120662386e+01
7.5008164958e-01	2.1127011368e+01
7.5008099356e-01	2.1133350811e+01
7.5008033837e-01	2.1139680825e+01
7.5007968401e-01	2.1146001475e+01
7.5007903047e-01	2.1152312754e+01
7.5007837777e-01	2.1158614670e+01
7.5007772592e-01	2.1164907345e+01
7.5007707490e-01	2.1171190790e+01
7.5007642473e-01	2.1177465003e+01
7.5007577539e-01	2.1183729978e+01
7.5007512687e-01	2.1189985669e+01
7.5007447917e-01	2.1196232072e+01
7.5007383229e-01	2.1202469186e+01
7.5007318624e-01	2.1208697188e+01
7.5007254104e-01	2.1214916115e+01
7.5007189668e-01	2.1221125940e+01
7.5007125315e-01	2.1227326659e+01
7.5007061044e-01	2.1233518284e+01
7.5006996858e-01	2.1239700906e+01
7.5006932756e-01	2.1245874526e+01
7.5006868737e-01	2.1252039141e+01
7.5006804801e-01	2.1258194730e+01
7.5006740948e-01	2.1264341309e+01
7.5006677176e-01	2.1270478854e+01
7.5006613488e-01	2.1276607514e+01
7.5006549885e-01	2.1282727338e+01
7.5006486366e-01	2.1288838322e+01
7.5006422930e-01	2.1294940463e+01
7.5006359577e-01	2.1301033748e+01
7.5006296307e-01	2.1307118139e+01
7.5006233119e-01	2.1313193683e+01
7.5006170013e-01	2.1319260425e+01
7.5006106990e-01	2.1325318349e+01
7.5006044048e-01	2.1331367429e+01
7.5005981187e-01	2.1337407661e+01
7.5005918409e-01	2.1343439127e+01
7.5005855861e-01	2.1349461972e+01
7.5005793403e-01	2.1355476222e+01
7.5005731030e-01	2.1361481896e+01
7.5005668740e-01	2.1367478989e+01
7.5005606533e-01	2.1373467495e+01
7.5005544409e-01	2.1379447410e+01
7.5005482367e-01	2.1385418724e+01
7.5005420408e-01	2.1391381484e+01
7.5005358531e-01	2.1397335672e+01
7.5005296735e-01	2.1403281275e+01
7.5005235020e-01	2.1409218290e+01
7.5005173388e-01	2.1415146875e+01
7.5005111839e-01	2.1421067032e+01
7.5005050373e-01	2.1426978760e+01
7.5004988989e-01	2.1432882065e+01
7.5004927687e-01	2.1438776941e+01
7.5004866466e-01	2.1444663385e+01
7.5004805327e-01	2.1450541398e+01
7.5004744269e-01	2.1456411018e+01
7.5004683292e-01	2.1462272248e+01
7.5004622396e-01	2.1468125127e+01
7.5004561582e-01	2.1473969690e+01
7.5004500850e-01	2.1479805953e+01
7.5004440202e-01	2.1485634065e+01
7.5004379637e-01	2.1491454026e+01
7.5004319155e-01	2.1497265835e+01
7.5004258756e-01	2.1503069480e+01
7.5004198439e-01	2.1508864973e+01
7.5004138204e-01	2.1514652311e+01
7.5004078050e-01	2.1520431491e+01
7.5004017978e-01	2.1526202511e+01
7.5003957986e-01	2.1531965368e+01
7.5003898074e-01	2.1537720064e+01
7.5003838243e-01	2.1543466574e+01
7.5003778493e-01	2.1549205049e+01
7.5003718826e-01	2.1554935609e+01
7.5003659352e-01	2.1560658306e+01
7.5003600003e-01	2.1566373076e+01
7.5003540736e-01	2.1572079947e+01
7.5003481551e-01	2.1577778878e+01
7.5003422448e-01	2.1583469893e+01
7.5003363426e-01	2.1589152992e+01
7.5003304485e-01	2.1594828171e+01
7.5003245617e-01	2.1600495068e+01
7.5003186810e-01	2.1606152877e+01
7.5003128063e-01	2.1611801587e+01
7.5003069375e-01	2.1617441207e+01
7.5003010750e-01	2.1623071969e+01
7.5002952188e-01	2.1628693884e+01
7.5002893688e-01	2.1634306948e+01
7.5002835250e-01	2.1639911155e+01
7.5002776875e-01	2.1645506513e+01
7.5002718561e-01	2.1651093044e+01
7.5002660308e-01	2.1656670701e+01
7.5002602116e-01	2.1662239503e+01
7.5002543985e-01	2.1667799448e+01
7.5002485913e-01	2.1673350530e+01
7.5002427901e-01	2.1678892722e+01
7.5002369947e-01	2.1684426024e+01
7.5002312054e-01	2.1689950545e+01
7.5002254224e-01	2.1695466397e+01
7.5002196455e-01	2.1700973621e+01
7.5002138749e-01	2.1706472217e+01
7.5002081104e-01	2.1711962183e+01
7.5002023521e-01	2.1717443522e+01
7.5001965999e-01	2.1722916233e+01
7.5001908538e-01	2.1728382971e+01
7.5077882220e-01	2.1732363410e+01
7.5064267987e-01	2.1737821673e+01
7.5050512248e-01	2.1743269366e+01
7.5036656860e-01	2.1748706806e+01
7.5022721059e-01	2.1754134069e+01
7.5008715062e-01	2.1759551212e+01
7.4994647302e-01	2.1764958453e+01
7.4980520650e-01	2.1770355838e+01
7.4966339364e-01	2.1775743436e+01
7.4952102185e-01	2.1781121301e+01
7.4937810316e-01	2.1786489589e+01
7.4923464734e-01	2.1791848328e+01
7.4909064880e-01	2.1797197520e+01
7.4894610831e-01	2.1802537163e+01
7.4880103909e-01	2.1807867256e+01
7.4865540262e-01	2.1813187777e+01
7.4850922351e-01	2.1818498745e+01
7.4836250019e-01	2.1823800123e+01
7.4821519740e-01	2.1829091896e+01
7.4806736020e-01	2.1834374188e+01
7.4791896515e-01	2.1839647080e+01
7.4776999743e-01	2.1844910572e+01
7.4762048858e-01	2.1850164671e+01
7.4747040990e-01	2.1855409455e+01
7.4731979129e-01	2.1860644923e+01
7.4716861386e-01	2.1865871080e+01
7.4701688833e-01	2.1871087925e+01
7.4686459099e-01	2.1876295462e+01
7.4671175326e-01	2.1881493688e+01
7.4655835665e-01	2.1886682607e+01
7.4640439895e-01	2.1891862183e+01
7.4624986722e-01	2.1897032430e+01
7.4609478388e-01	2.1902193357e+01
7.4593913321e-01	2.1907345092e+01
7.4578291128e-01	2.1912487609e+01
7.4562610742e-01	2.1917620905e+01
7.4546874433e-01	2.1922744977e+01
7.4531081173e-01	2.1927859831e+01
7.4515230138e-01	2.1932965539e+01
7.4499322242e-01	2.1938062125e+01
7.4483354489e-01	2.1943149592e+01
7.4467327521e-01	2.1948227947e+01
7.4451241480e-01	2.1953297190e+01
7.4435095197e-01	2.1958357319e+01
7.4418889576e-01	2.1963408328e+01
7.4402622579e-01	2.1968450199e+01
7.4386294633e-01	2.1973482944e+01
7.4369906091e-01	2.1978506713e+01
7.4353455789e-01	2.1983521507e+01
7.4336943319e-01	2.1988527325e+01
7.4320368227e-01	2.1993524168e+01
7.4303728832e-01	2.1998512013e+01
7.4287019190e-01	2.2003490888e+01
7.4270172920e-01	2.2008460782e+01
7.4265074825e-01	2.2013420439e+01
7.4263995047e-01	2.2018371690e+01
7.4262914433e-01	2.2023315802e+01
7.4261850664e-01	2.2028252798e+01
7.4260800177e-01	2.2033182714e+01
7.4259778576e-01	2.2038105525e+01
7.4258789810e-01	2.2043021231e+01
7.4257823089e-01	2.2047929930e+01
7.4256856532e-01	2.2052831659e+01
7.4255892070e-01	2.2057726428e+01
7.4254937452e-01	2.2062614233e+01
7.4253991553e-01	2.2067495070e+01
7.4253033715e-01	2.2072368938e+01
7.4252080543e-01	2.2077235832e+01
7.4251135438e-01	2.2082095732e+01
7.4250189896e-01	2.2086948704e+01
7.4249237352e-01	2.2091794745e+01
7.4248293453e-01	2.2096633853e+01
7.4247356098e-01	2.2101466026e+01
7.4246407544e-01	2.2106291259e+01
7.4245517090e-01	2.2111109523e+01
7.4244783441e-01	2.2115920836e+01
7.4244151692e-01	2.2120725341e+01
7.4243575271e-01	2.2125523049e+01
7.4243036424e-01	2.2130313938e+01
7.4242535521e-01	2.2135098017e+01
7.4242087179e-01	2.2139875262e+01
7.4241724815e-01	2.2144645644e+01
7.4241511373e-01	2.2149409204e+01
7.4241363661e-01	2.2154165997e+01
7.4241236494e-01	2.2158916052e+01
7.4241120975e-01	2.2163659391e+01
7.4241013225e-01	2.2168396008e+01
7.4240911076e-01	2.2173125900e+01
7.4240813171e-01	2.2177849096e+01
7.4240718601e-01	2.2182565548e+01
7.4240626725e-01	2.2187275480e+01
7.4240537072e-01	2.2191978911e+01
7.4240449282e-01	2.2196675920e+01
7.4240363076e-01	2.2201366424e+01
7.4240278231e-01	2.2206050510e+01
7.4240194569e-01	2.2210728152e+01
7.4240111943e-01	2.2215399363e+01
7.4240030233e-01	2.2220064132e+01
7.4239949338e-01	2.2224722454e+01
7.4239869174e-01	2.2229374323e+01
7.4239789673e-01	2.2234019747e+01
7.4239710794e-01	2.2238658778e+01
7.4239632607e-01	2.2243291407e+01
7.4239554931e-01	2.2247917623e+01
7.4239477729e-01	2.2252537399e+01
7.4239400970e-01	2.2257150746e+01
7.4239324628e-01	2.2261757770e+01
7.4239248680e-01	2.2266358464e+01
7.4239173105e-01	2.2270952826e+01
7.4239097884e-01	2.2275540850e+01
7.4239023002e-01	2.2280122536e+01
7.4238948445e-01	2.2284697879e+01
7.4238874199e-01	2.2289266868e+01
7.4238800253e-01	2.2293829522e+01
7.4238726598e-01	2.2298385863e+01
7.4238653224e-01	2.2302935884e+01
7.4238580123e-01	2.2307479584e+01
7.4238507287e-01	2.2312016997e+01
7.4238434710e-01	2.2316548149e+01
7.4238362384e-01	2.2321073033e+01
7.4238290303e-01	2.2325591632e+01
7.4238218462e-01	2.2330103992e+01
7.4238146857e-01	2.2334610174e+01
7.4238075482e-01	2.2339110181e+01
7.4238004351e-01	2.2343604019e+01
7.4237933574e-01	2.2348091686e+01
7.4237863014e-01	2.2352573177e+01
7.4237792665e-01	2.2357048490e+01
7.4237722524e-01	2.2361517624e+01
7.4237652586e-01	2.2365980577e+01
7.4237582848e-01	2.2370437331e+01
7.4237513306e-01	2.2374887908e+01
7.4237443957e-01	2.2379332311e+01
7.4237374798e-01	2.2383770546e+01
7.4237305827e-01	2.2388202654e+01
7.4237237039e-01	2.2392628656e+01
7.4237168433e-01	2.2397048530e+01
7.4237100007e-01	2.2401462337e+01
7.4237031757e-01	2.2405870122e+01
7.4236963682e-01	2.2410271873e+01
7.4236895778e-01	2.2414667574e+01
7.4236828043e-01	2.2419057225e+01
7.4236760475e-01	2.2423440841e+01
7.4236693070e-01	2.2427818403e+01
7.4236625827e-01	2.2432189912e+01
7.4236558743e-01	2.2436555369e+01
7.4236491816e-01	2.2440914771e+01
7.4236425134e-01	2.2445268117e+01
7.4236363243e-01	2.2449898886e+01
7.4236301541e-01	2.2454524178e+01
7.4236240002e-01	2.2459144476e+01
7.4236178625e-01	2.2463759791e+01
7.4236117407e-01	2.2468370158e+01
7.4236056349e-01	2.2472975704e+01
7.4235995450e-01	2.2477576487e+01
7.4235934708e-01	2.2482172505e+01
7.4235874121e-01	2.2486763757e+01
7.4235813687e-01	2.2491350211e+01
7.4235753404e-01	2.2495931856e+01
7.4235693271e-01	2.2500508690e+01
7.4235633285e-01	2.2505080704e+01
7.4235573446e-01	2.2509647878e+01
7.4235513750e-01	2.2514210193e+01
7.4235454196e-01	2.2518767648e+01
7.4235394784e-01	2.2523320244e+01
7.4235335511e-01	2.2527867979e+01
7.4235276376e-01	2.2532410839e+01
7.4235217377e-01	2.2536948836e+01
7.4235158514e-01	2.2541481965e+01
7.4235099912e-01	2.2546010321e+01
7.4235041456e-01	2.2550533970e+01
7.4234983133e-01	2.2555052912e+01
7.4234924942e-01	2.2559567143e+01
7.4234866883e-01	2.2564076662e+01
7.4234808953e-01	2.2568581472e+01
7.4234751153e-01	2.2573081610e+01
7.4234693480e-01	2.2577577064e+01
7.4234635934e-01	2.2582067822e+01
7.4234578513e-01	2.2586553852e+01
7.4234521216e-01	2.2591035148e+01
7.4234464042e-01	2.2595511705e+01
7.4234406988e-01	2.2599983523e+01
7.4234350056e-01	2.2604450598e+01
7.4234293242e-01	2.2608912923e+01
7.4234236547e-01	2.2613370471e+01
7.4234179969e-01	2.2617823307e+01
7.4234123510e-01	2.2622271478e+01
7.4234067167e-01	2.2626714992e+01
7.4234010940e-01	2.2631153900e+01
7.4233954857e-01	2.2635588198e+01
7.4233898993e-01	2.2640017886e+01
7.4233843243e-01	2.2644442963e+01
7.4233787605e-01	2.2648863426e+01
7.4233732080e-01	2.2653279273e+01
7.4233676665e-01	2.2657690497e+01
7.4233621361e-01	2.2662097078e+01
7.4233566165e-01	2.2666499017e+01
7.4233511078e-01	2.2670896320e+01
7.4233456098e-01	2.2675288985e+01
7.4233401226e-01	2.2679677010e+01
7.4233346459e-01	2.2684060395e+01
7.4233291797e-01	2.2688439139e+01
7.4233237241e-01	2.2692813328e+01
7.4233182791e-01	2.2697182985e+01
7.4233128445e-01	2.2701548133e+01
7.4233074203e-01	2.2705908729e+01
7.4233020065e-01	2.2710264856e+01
7.4232966031e-01	2.2714616474e+01
7.4232912100e-01	2.2718963607e+01
7.4232858340e-01	2.2723306214e+01
7.4232804738e-01	2.2727644332e+01
7.4232751236e-01	2.2731977914e+01
7.4232697833e-01	2.2736306977e+01
7.4232644529e-01	2.2740631478e+01
7.4232591322e-01	2.2744951459e+01
7.4232538213e-01	2.2749266899e+01
7.4232485200e-01	2.2753577795e+01
7.4232432283e-01	2.2757884112e+01
7.4232379461e-01	2.2762185853e+01
7.4232326734e-01	2.2766483129e+01
7.4232274104e-01	2.2770775954e+01
7.4232221568e-01	2.2775064316e+01
7.4232169127e-01	2.2779348221e+01
7.4232116780e-01	2.2783627671e+01
7.4232064527e-01	2.2787902680e+01
7.4232012367e-01	2.2792173288e+01
7.4231960301e-01	2.2796439493e+01
7.4231908328e-01	2.2800701296e+01
7.4231856564e-01	2.2804958696e+01
7.4231804897e-01	2.2809211677e+01
7.4231753321e-01	2.2813460237e+01
7.4231701835e-01	2.2817704374e+01
7.4231650439e-01	2.2821944087e+01
7.4231599132e-01	2.2826179362e+01
7.4231547914e-01	2.2830410196e+01
7.4231496784e-01	2.2834636589e+01
7.4231445742e-01	2.2838858592e+01
7.4231394788e-01	2.2843076255e+01
7.4231343923e-01	2.2847289544e+01
7.4231293144e-01	2.2851498457e+01
7.4231242452e-01	2.2855702987e+01
7.4231191847e-01	2.2859903134e+01
7.4231141328e-01	2.2864098942e+01
7.4231090895e-01	2.2868290417e+01
7.4231040549e-01	2.2872477599e+01
7.4230990334e-01	2.2876660485e+01
7.4230940278e-01	2.2880839074e+01
7.4230890307e-01	2.2885013342e+01
7.4230840420e-01	2.2889183289e+01
7.4230790616e-01	2.2893348915e+01
7.4230740896e-01	2.2897510219e+01
7.4230691259e-01	2.2901667199e+01
7.4230641704e-01	2.2905819854e+01
7.4230592232e-01	2.2909968184e+01
7.4230542842e-01	2.2914112255e+01
7.4230493534e-01	2.2918252084e+01
7.4230444309e-01	2.2922387668e+01
7.4230395166e-01	2.2926519009e+01
7.4230346104e-01	2.2930646114e+01
7.4230297124e-01	2.2934768970e+01
7.4230248223e-01	2.2938887541e+01
7.4230199402e-01	2.2943001831e+01
7.4230150749e-01	2.2947111843e+01
7.4230102203e-01	2.2951217601e+01
7.4230053737e-01	2.2955319122e+01
7.4230005348e-01	2.2959416381e+01
7.4229957039e-01	2.2963509407e+01
7.4229908807e-01	2.2967598200e+01
7.4229860654e-01	2.2971682757e+01
7.4229812578e-01	2.2975763080e+01
7.4229764580e-01	2.2979839167e+01
7.4229716658e-01	2.2983911017e+01
7.4229668814e-01	2.2987978706e+01
7.4229621048e-01	2.2992042261e+01
7.4229573359e-01	2.2996101680e+01
7.4229525748e-01	2.3000156961e+01
7.4229478213e-01	2.3004208103e+01
7.4229430761e-01	2.3008255104e+01
7.4229383492e-01	2.3012297964e+01
7.4229336298e-01	2.3016336682e+01
7.4229289179e-01	2.3020371249e+01
7.4229242135e-01	2.3024401663e+01
7.4229195166e-01	2.3028427912e+01
7.4229148271e-01	2.3032450006e+01
7.4229101450e-01	2.3036467956e+01
7.4229054702e-01	2.3040481760e+01
7.4229008028e-01	2.3044491417e+01
7.4228961428e-01	2.3048496915e+01
7.4228914900e-01	2.3052498266e+01
7.4228868444e-01	2.3056495468e+01
7.4228822062e-01	2.3060488553e+01
7.4228775753e-01	2.3064477613e+01
7.4228729539e-01	2.3068462649e+01
7.4228683486e-01	2.3072443660e+01
7.4228637506e-01	2.3076420643e+01
7.4228591599e-01	2.3080393600e+01
7.4228545764e-01	2.3084362527e+01
7.4228500001e-01	2.3088327424e+01
7.4228454310e-01	2.3092288290e+01
7.4228408690e-01	2.3096245124e+01
7.4228363141e-01	2.3100197924e+01
7.4228317663e-01	2.3104146683e+01
7.4228272255e-01	2.3108091396e+01
7.4228226917e-01	2.3112032052e+01
7.4228181650e-01	2.3115968693e+01
7.4228136452e-01	2.3119901303e+01
7.4228091337e-01	2.3123829872e+01
7.4228046384e-01	2.3127754398e+01
7.4228001499e-01	2.3131674880e+01
7.4227956683e-01	2.3135591344e+01
7.4227911937e-01	2.3139503840e+01
7.4227867260e-01	2.3143412365e+01
7.4227822651e-01	2.3147316929e+01
7.4227778112e-01	2.3151217535e+01
7.4227733641e-01	2.3155114180e+01
7.4227689238e-01	2.3159006861e+01
7.4227644903e-01	2.3162895594e+01
7.4227600636e-01	2.3166780400e+01
7.4227556437e-01	2.3170661280e+01
7.4227512307e-01	2.3174538238e+01
7.4227468324e-01	2.3178411242e+01
7.4227424429e-01	2.3182280282e+01
7.4227380600e-01	2.3186145329e+01
7.4227336837e-01	2.3190006385e+01
7.4227293139e-01	2.3193863455e+01
7.4227249507e-01	2.3197716572e+01
7.4227205941e-01	2.3201565749e+01
7.4227162440e-01	2.3205410983e+01
7.4227119004e-01	2.3209252283e+01
7.4227075635e-01	2.3213089719e+01
7.4227032331e-01	2.3216923286e+01
7.4226989093e-01	2.3220752982e+01
7.4226945935e-01	2.3224578807e+01
7.4226902927e-01	2.3228400758e+01
7.4226859983e-01	2.3232218836e+01
7.4226817104e-01	2.3236033040e+01
7.4226774289e-01	2.3239843371e+01
7.4226731538e-01	2.3243649830e+01
7.4226688851e-01	2.3247452415e+01
7.4226646227e-01	2.3251251126e+01
7.4226603667e-01	2.3255045963e+01
7.4226561170e-01	2.3258836919e+01
7.4226518735e-01	2.3262623976e+01
7.4226476362e-01	2.3266407151e+01
7.4226434068e-01	2.3270186446e+01
7.4226391917e-01	2.3273961867e+01
7.4226349828e-01	2.3277733409e+01
7.4226307800e-01	2.3281501109e+01
7.4226265835e-01	2.3285264992e+01
7.4226223933e-01	2.3289025123e+01
7.4226182094e-01	2.3292781502e+01
7.4226140317e-01	2.3296534128e+01
7.4226098602e-01	2.3300283001e+01
7.4226056950e-01	2.3304028126e+01
7.4226015360e-01	2.3307769485e+01
7.4225973831e-01	2.3311507074e+01
7.4225932438e-01	2.3315240891e+01
7.4225891125e-01	2.3318970938e+01
7.4225849872e-01	2.3322697216e+01
7.4225808681e-01	2.3326419724e+01
7.4225767549e-01	2.3330138464e+01
7.4225726478e-01	2.3333853435e+01
7.4225685466e-01	2.3337564617e+01
7.4225644513e-01	2.3341272011e+01
7.4225603620e-01	2.3344975615e+01
7.4225562785e-01	2.3348675429e+01
7.4225522010e-01	2.3352371450e+01
7.4225481383e-01	2.3356063675e+01
7.4225440815e-01	2.3359752123e+01
7.4225400306e-01	2.3363436892e+01
7.4225359857e-01	2.3367117976e+01
7.4225319468e-01	2.3370795411e+01
7.4225279138e-01	2.3374469191e+01
7.4225238867e-01	2.3378139335e+01
7.4225198656e-01	2.3381805822e+01
7.4225158503e-01	2.3385468674e+01
7.4225118410e-01	2.3389127870e+01
7.4225078441e-01	2.3392783431e+01
7.4225038552e-01	2.3396435337e+01
7.4224998721e-01	2.3400083581e+01
7.4224958947e-01	2.3403728142e+01
7.4224919230e-01	2.3407369022e+01
7.4224879570e-01	2.3411006212e+01
7.4224839966e-01	2.3414639700e+01
7.4224800419e-01	2.3418269483e+01
7.4224760927e-01	2.3421895564e+01
7.4224721494e-01	2.3425517941e+01
7.4224682199e-01	2.3429136615e+01
7.4224642959e-01	2.3432751585e+01
7.4224603776e-01	2.3436362895e+01
7.4224564648e-01	2.3439970593e+01
7.4224525577e-01	2.3443574687e+01
7.4224486562e-01	2.3447175199e+01
7.4224447604e-01	2.3450772144e+01
7.4224408701e-01	2.3454365524e+01
7.4224369855e-01	2.3457955336e+01
7.4224331130e-01	2.3461541582e+01
7.4224292477e-01	2.3465124262e+01
7.4224253880e-01	2.3468703374e+01
7.4224215338e-01	2.3472278920e+01
7.4224176852e-01	2.3475850909e+01
7.4224138420e-01	2.3479419361e+01
7.4224100044e-01	2.3482984276e+01
7.4224061722e-01	2.3486545655e+01
7.4224023456e-01	2.3490103476e+01
7.4223985323e-01	2.3493657741e+01
7.4223947244e-01	2.3497208435e+01
7.4223909218e-01	2.3500755552e+01
7.4223871245e-01	2.3504299092e+01
7.4223833325e-01	2.3507839057e+01
7.4223795459e-01	2.3511375467e+01
7.4223757646e-01	2.3514908372e+01
7.4223719886e-01	2.3518437764e+01
7.4223682180e-01	2.3521963638e+01
7.4223644528e-01	2.3525486001e+01
7.4223606928e-01	2.3529004857e+01
7.4223569381e-01	2.3532520237e+01
7.4223531888e-01	2.3536032145e+01
7.4223494447e-01	2.3539540579e+01
7.4223457060e-01	2.3543045540e+01
7.4223419725e-01	2.3546547029e+01
7.4223382442e-01	2.3550045045e+01
7.4223345212e-01	2.3553539589e+01
7.4223308034e-01	2.3557030659e+01
7.4223270908e-01	2.3560518258e+01
7.4223233834e-01	2.3564002378e+01
7.4223196810e-01	2.3567483007e+01
7.4223159839e-01	2.3570960149e+01
7.4223122918e-01	2.3574433808e+01
7.4223086048e-01	2.3577903984e+01
7.4223049229e-01	2.3581370676e+01
7.4223012460e-01	2.3584833913e+01
7.4222975744e-01	2.3588293749e+01
7.4222939079e-01	2.3591750213e+01
7.4222902466e-01	2.3595203289e+01
7.4222865903e-01	2.3598652976e+01
7.4222829393e-01	2.3602099273e+01
7.4222792932e-01	2.3605542174e+01
7.4222756523e-01	2.3608981684e+01
7.4222720164e-01	2.3612417809e+01
7.4222683856e-01	2.3615850570e+01
7.4222647599e-01	2.3619279981e+01
7.4222611393e-01	2.3622706045e+01
7.4222575237e-01	2.3626128759e+01
7.4222539131e-01	2.3629548125e+01
7.4222503076e-01	2.3632964142e+01
7.4222467070e-01	2.3636376810e+01
7.4222431115e-01	2.3639786122e+01
7.4222395208e-01	2.3643192059e+01
7.4222359351e-01	2.3646594621e+01
7.4222323542e-01	2.3649993809e+01
7.4222287783e-01	2.3653389623e+01
7.4222252072e-01	2.3656782062e+01
7.4222216409e-01	2.3660171137e+01
7.4222180796e-01	2.3663556860e+01
7.4222145231e-01	2.3666939287e+01
7.4222109716e-01	2.3670318403e+01
7.4222074249e-01	2.3673694223e+01
7.4222038831e-01	2.3677066740e+01
7.4222003462e-01	2.3680435954e+01
7.4221968141e-01	2.3683801865e+01
7.4221932868e-01	2.3687164472e+01
7.4221897643e-01	2.3690523762e+01
7.4221862466e-01	2.3693879753e+01
7.4221827337e-01	2.3697232451e+01
7.4221792256e-01	2.3700581869e+01
7.4221757222e-01	2.3703928026e+01
7.4221722237e-01	2.3707270924e+01
7.4221687299e-01	2.3710610570e+01
7.4221652410e-01	2.3713946963e+01
7.4221617567e-01	2.3717280101e+01
7.4221582772e-01	2.3720609969e+01
7.4221548023e-01	2.3723936567e+01
7.4221513322e-01	2.3727259895e+01
7.4221478667e-01	2.3730579954e+01
7.4221444058e-01	2.3733896744e+01
7.4221409496e-01	2.3737210264e+01
7.4221374981e-01	2.3740520569e+01
7.4221340513e-01	2.3743827686e+01
7.4221306092e-01	2.3747131617e+01
7.4221271718e-01	2.3750432361e+01
7.4221237391e-01	2.3753729918e+01
7.4221203110e-01	2.3757024289e+01
7.4221168876e-01	2.3760315474e+01
7.4221134687e-01	2.3763603466e+01
7.4221100545e-01	2.3766888265e+01
7.4221066449e-01	2.3770169872e+01
7.4221032399e-01	2.3773448279e+01
7.4220998394e-01	2.3776723491e+01
7.4220964434e-01	2.3779995513e+01
7.4220930520e-01	2.3783264345e+01
7.4220896651e-01	2.3786530009e+01
7.4220865825e-01	2.3789995835e+01
7.4220835056e-01	2.3793459363e+01
7.4220804343e-01	2.3796920611e+01
7.4220773688e-01	2.3800379580e+01
7.4220743088e-01	2.3803836280e+01
7.4220712546e-01	2.3807290711e+01
7.4220682059e-01	2.3810742877e+01
7.4220651629e-01	2.3814192772e+01
7.4220621255e-01	2.3817640379e+01
7.4220590937e-01	2.3821085708e+01
7.4220560675e-01	2.3824528811e+01
