R_int	Phi_global	P_surf
1.2690008159e+07	1.0000000000e+00	3.5351704128e+04
1.2690008159e+07	1.0000000000e+00	3.5333939043e+04
1.2690008159e+07	1.0000000000e+00	3.5333913160e+04
1.2690008159e+07	1.0000000000e+00	3.5333913123e+04
1.2690008159e+07	1.0000000000e+00	3.5748660425e+04
1.2690008159e+07	1.0000000000e+00	3.5745816542e+04
1.2690008159e+07	1.0000000000e+00	3.5745775648e+04
1.2690008159e+07	1.0000000000e+00	3.5745407218e+04
1.2690008159e+07	1.0000000000e+00	3.5744819875e+04
1.2690008159e+07	1.0000000000e+00	3.5743880166e+04
1.2690008159e+07	1.0000000000e+00	3.5742376736e+04
1.2690008159e+07	1.0000000000e+00	3.5739971512e+04
1.2690008159e+07	1.0000000000e+00	3.5736123833e+04
1.2690008159e+07	1.0000000000e+00	3.5729969281e+04
1.2690008159e+07	1.0000000000e+00	3.5720126439e+04
1.2690008159e+07	1.0000000000e+00	3.5704389180e+04
1.2690008159e+07	1.0000000000e+00	3.5679238755e+04
1.2690008159e+07	1.0000000000e+00	3.5639072516e+04
1.2690008159e+07	1.0000000000e+00	3.5574996862e+04
1.2690008159e+07	1.0000000000e+00	3.5472962464e+04
1.2690008159e+07	1.0000000000e+00	3.5310946481e+04
1.2690008159e+07	1.0000000000e+00	3.5054886022e+04
1.2690008159e+07	1.0000000000e+00	3.4653287427e+04
1.2690008159e+07	1.0000000000e+00	3.4038727230e+04
1.2690008159e+07	1.0000000000e+00	3.3122998499e+04
1.2690008159e+07	1.0000000000e+00	3.1827040833e+04
1.2690008159e+07	1.0000000000e+00	3.0102068412e+04
1.2465262803e+07	1.0000000000e+00	2.8135452966e+04
1.2420807817e+07	1.0000000000e+00	2.6829191128e+04
1.2420807817e+07	1.0000000000e+00	2.5475984697e+04
1.2420807817e+07	9.9984455524e-01	2.5165483586e+04
1.2420807817e+07	9.9978112831e-01	2.5170209053e+04
1.2420807817e+07	9.9971822774e-01	2.5172928142e+04
1.2420807817e+07	9.9965525797e-01	2.5175802014e+04
1.2420807817e+07	9.9959223197e-01	2.5178864301e+04
1.2420807817e+07	9.9952924311e-01	2.5182117748e+04
1.2420807817e+07	9.9946623165e-01	2.5185554959e+04
1.2420807817e+07	9.9940316961e-01	2.5189160700e+04
1.2420807817e+07	9.9934002871e-01	2.5192919094e+04
1.2420807817e+07	9.9927678074e-01	2.5196815809e+04
1.2420807817e+07	9.9921343162e-01	2.5200836496e+04
1.2420807817e+07	9.9914996012e-01	2.5204970496e+04
1.2420807817e+07	9.9908620269e-01	2.5209214570e+04
1.2420807817e+07	9.9902152361e-01	2.5213585959e+04
1.2420807817e+07	9.9895667514e-01	2.5218046706e+04
1.2420807817e+07	9.9889167258e-01	2.5222589100e+04
1.2420807817e+07	9.9882650101e-01	2.5227208297e+04
1.2420807817e+07	9.9876114803e-01	2.5231899965e+04
1.2420807817e+07	9.9869563596e-01	2.5236657795e+04
1.2420807817e+07	9.9862995037e-01	2.5241478568e+04
1.2420807817e+07	9.9856408460e-01	2.5246358879e+04
1.2420807817e+07	9.9849803561e-01	2.5251295363e+04
1.2420807817e+07	9.9843180087e-01	2.5256284876e+04
1.2420807817e+07	9.9836537344e-01	2.5261324778e+04
1.2420807817e+07	9.9829873568e-01	2.5266413463e+04
1.2420807817e+07	9.9823097594e-01	2.5271584835e+04
1.2420807817e+07	9.9816286021e-01	2.5276805012e+04
1.2420807817e+07	9.9809454744e-01	2.5282064836e+04
1.2420807817e+07	9.9802603923e-01	2.5287361750e+04
1.2420807817e+07	9.9795729698e-01	2.5292696462e+04
1.2420807817e+07	9.9788836324e-01	2.5298063534e+04
1.2420807817e+07	9.9781921757e-01	2.5303462678e+04
1.2420807817e+07	9.9774984587e-01	2.5308893422e+04
1.2420807817e+07	9.9768029177e-01	2.5314351162e+04
1.2420807817e+07	9.9760989203e-01	2.5319864288e+04
1.2420807817e+07	9.9753854701e-01	2.5325435874e+04
1.2420807817e+07	9.9746648064e-01	2.5331058860e+04
1.2420807817e+07	9.9739346978e-01	2.5336742919e+04
1.2420807817e+07	9.9732021781e-01	2.5342463755e+04
1.2420807817e+07	9.9724674504e-01	2.5348224216e+04
1.2420807817e+07	9.9717305073e-01	2.5354030328e+04
1.2420807817e+07	9.9709913550e-01	2.5359889681e+04
1.2420807817e+07	9.9702497915e-01	2.5365813164e+04
1.2420807817e+07	9.9695064629e-01	2.5371806447e+04
1.2420807817e+07	9.9687608975e-01	2.5377885722e+04
1.2420807817e+07	9.9680129900e-01	2.5384065612e+04
1.2420807817e+07	9.9672624161e-01	2.5390363803e+04
1.2420807817e+07	9.9665098022e-01	2.5396790874e+04
1.2420807817e+07	9.9657549652e-01	2.5403364830e+04
1.2420807817e+07	9.9649979597e-01	2.5410102046e+04
1.2420807817e+07	9.9642384091e-01	2.5417023041e+04
1.2420807817e+07	9.9634766191e-01	2.5424142147e+04
1.2420807817e+07	9.9627126095e-01	2.5431475946e+04
1.2420807817e+07	9.9619462359e-01	2.5439042052e+04
1.2420807817e+07	9.9611774536e-01	2.5446856286e+04
1.2420807817e+07	9.9604065520e-01	2.5454929608e+04
1.2420807817e+07	9.9596332828e-01	2.5463276728e+04
1.2420807817e+07	9.9588572672e-01	2.5471911784e+04
1.2420807817e+07	9.9580792297e-01	2.5480833721e+04
1.2420807817e+07	9.9572987925e-01	2.5490098059e+04
1.2420807817e+07	9.9565159464e-01	2.5499699042e+04
1.2420807817e+07	9.9557304577e-01	2.5509599284e+04
1.2420807817e+07	9.9549427611e-01	2.5519786845e+04
1.2420807817e+07	9.9541526243e-01	2.5530254700e+04
1.2420807817e+07	9.9533599422e-01	2.5540991392e+04
1.2420807817e+07	9.9525645548e-01	2.5551983897e+04
1.2420807817e+07	9.9517668500e-01	2.5563209581e+04
1.2420807817e+07	9.9509666331e-01	2.5574652512e+04
1.2420807817e+07	9.9501641291e-01	2.5586289850e+04
1.2420807817e+07	9.9493588721e-01	2.5598108466e+04
1.2420807817e+07	9.9485511917e-01	2.5610083554e+04
1.2420807817e+07	9.9477409884e-01	2.5622196973e+04
1.2420807817e+07	9.9469283950e-01	2.5634427657e+04
1.2420807817e+07	9.9461131050e-01	2.5646761994e+04
1.2420807817e+07	9.9452952643e-01	2.5659180402e+04
1.2420807817e+07	9.9444748660e-01	2.5671666626e+04
1.2420807817e+07	9.9436520048e-01	2.5684203866e+04
1.2420807817e+07	9.9428264716e-01	2.5696781008e+04
1.2420807817e+07	9.9419982755e-01	2.5709384600e+04
1.2420807817e+07	9.9411674265e-01	2.5722002324e+04
1.2420807817e+07	9.9403340064e-01	2.5734623619e+04
1.2420807817e+07	9.9394980487e-01	2.5747260548e+04
1.2420807817e+07	9.9386594169e-01	2.5760157501e+04
1.2420807817e+07	9.9378178957e-01	2.5776027828e+04
1.2420807817e+07	9.9378074233e-01	2.5817349714e+04
1.2420807817e+07	9.9377852521e-01	2.5860236460e+04
1.2420807817e+07	9.9377645939e-01	2.5875053564e+04
1.2420807817e+07	9.9377440802e-01	2.5886253389e+04
1.2420807817e+07	9.9377236911e-01	2.5893763966e+04
1.2420807817e+07	9.9377033905e-01	2.5898519238e+04
1.2420807817e+07	9.9376831472e-01	2.5901571577e+04
1.2420807817e+07	9.9376629469e-01	2.5903738147e+04
1.2420807817e+07	9.9376427670e-01	2.5905343565e+04
1.2420807817e+07	9.9376225994e-01	2.5906664580e+04
1.2420807817e+07	9.9376024404e-01	2.5907823514e+04
1.2420807817e+07	9.9375822881e-01	2.5908878255e+04
1.2420807817e+07	9.9375621545e-01	2.5909912277e+04
1.2420807817e+07	9.9375420302e-01	2.5910903408e+04
1.2420807817e+07	9.9375219105e-01	2.5911849877e+04
1.2420807817e+07	9.9375017951e-01	2.5912761571e+04
1.2420807817e+07	9.9374816836e-01	2.5913644930e+04
1.2420807817e+07	9.9374615916e-01	2.5914548355e+04
1.2420807817e+07	9.9374415092e-01	2.5915443536e+04
1.2420807817e+07	9.9374214313e-01	2.5916316360e+04
1.2420807817e+07	9.9374013584e-01	2.5917166931e+04
1.2420807817e+07	9.9373812931e-01	2.5917997835e+04
1.2420807817e+07	9.9373612587e-01	2.5918850698e+04
1.2420807817e+07	9.9373412351e-01	2.5919661306e+04
1.2420807817e+07	9.9373212274e-01	2.5920412104e+04
1.2420807817e+07	9.9373012441e-01	2.5921072090e+04
1.2420807817e+07	9.9372832546e-01	2.5921564300e+04
1.2420807817e+07	9.9372661894e-01	2.5921843358e+04
1.2420807817e+07	9.9372495033e-01	2.5921814000e+04
1.2420807817e+07	9.9372331234e-01	2.5921311172e+04
1.2420807817e+07	9.9372170646e-01	2.5920064957e+04
1.2420807817e+07	9.9372026068e-01	2.5917635119e+04
1.2420807817e+07	9.9371887106e-01	2.5913328139e+04
1.2420807817e+07	9.9371756656e-01	2.5906023976e+04
1.2420807817e+07	9.9371639553e-01	2.5893926928e+04
1.2420807817e+07	9.9371545044e-01	2.5874155008e+04
1.2420807817e+07	9.9371494322e-01	2.5842071307e+04
1.2420807817e+07	9.9371498146e-01	2.5790197378e+04
1.2418594869e+07	9.9371589783e-01	2.5707753705e+04
1.2418594869e+07	9.9164324115e-01	2.5816318503e+04
1.2418594869e+07	9.9157543620e-01	2.5819715055e+04
1.2418594869e+07	9.9150744281e-01	2.5822576042e+04
1.2418594869e+07	9.9143926008e-01	2.5825444613e+04
1.2418594869e+07	9.9137084744e-01	2.5828323350e+04
1.2418594869e+07	9.9130223088e-01	2.5831211028e+04
1.2418594869e+07	9.9123340584e-01	2.5834107543e+04
1.2418594869e+07	9.9116437978e-01	2.5837012180e+04
1.2418594869e+07	9.9109513413e-01	2.5839925364e+04
1.2418594869e+07	9.9102566210e-01	2.5842847196e+04
1.2418594869e+07	9.9095596709e-01	2.5845777570e+04
1.2418594869e+07	9.9088608778e-01	2.5848715075e+04
1.2418594869e+07	9.9081597287e-01	2.5851661958e+04
1.2418594869e+07	9.9074565949e-01	2.5854614949e+04
1.2418594869e+07	9.9067510830e-01	2.5857565091e+04
1.2418594869e+07	9.9060435459e-01	2.5860474468e+04
1.2418594869e+07	9.9053337301e-01	2.5863281025e+04
1.2418594869e+07	9.9046215725e-01	2.5865955531e+04
1.2418594869e+07	9.9039071793e-01	2.5868574874e+04
1.2418594869e+07	9.9031903809e-01	2.5871324616e+04
1.2418594869e+07	9.9024715482e-01	2.5874432730e+04
1.2418594869e+07	9.9017504020e-01	2.5878106819e+04
1.2418594869e+07	9.9010271376e-01	2.5882492261e+04
1.2418594869e+07	9.9003014089e-01	2.5887670839e+04
1.2418594869e+07	9.8995735510e-01	2.5893662630e+04
1.2418594869e+07	9.8988433019e-01	2.5900449930e+04
1.2418594869e+07	9.8981108868e-01	2.5907982936e+04
1.2418594869e+07	9.8973760686e-01	2.5916200036e+04
1.2418594869e+07	9.8966390313e-01	2.5925027250e+04
1.2418594869e+07	9.8958996713e-01	2.5934391715e+04
1.2418594869e+07	9.8951579806e-01	2.5944221258e+04
1.2418594869e+07	9.8944139491e-01	2.5954447708e+04
1.2418594869e+07	9.8936674680e-01	2.5965009602e+04
1.2418594869e+07	9.8929187338e-01	2.5975847112e+04
1.2418594869e+07	9.8921676337e-01	2.5986912779e+04
1.2418594869e+07	9.8914141540e-01	2.5998186059e+04
1.2418594869e+07	9.8906581963e-01	2.6009902738e+04
1.2418594869e+07	9.8899496761e-01	2.6024822211e+04
1.2418594869e+07	9.8899432586e-01	2.6068614856e+04
1.2418594869e+07	9.8899223340e-01	2.6102259646e+04
1.2418594869e+07	9.8899033524e-01	2.6115736130e+04
1.2418594869e+07	9.8898846145e-01	2.6125820028e+04
1.2418594869e+07	9.8898660838e-01	2.6132578945e+04
1.2418594869e+07	9.8898476993e-01	2.6136890926e+04
1.2418594869e+07	9.8898294044e-01	2.6139702279e+04
1.2418594869e+07	9.8898111588e-01	2.6141747924e+04
1.2418594869e+07	9.8897929473e-01	2.6143298291e+04
1.2418594869e+07	9.8897747569e-01	2.6144592620e+04
1.2418594869e+07	9.8897565816e-01	2.6145737350e+04
1.2418594869e+07	9.8897384179e-01	2.6146784236e+04
1.2418594869e+07	9.8897202645e-01	2.6147812526e+04
1.2418594869e+07	9.8897021205e-01	2.6148802378e+04
1.2418594869e+07	9.8896839848e-01	2.6149749073e+04
1.2418594869e+07	9.8896658567e-01	2.6150661940e+04
1.2418594869e+07	9.8896477359e-01	2.6151547069e+04
1.2418594869e+07	9.8896296251e-01	2.6152450909e+04
1.2418594869e+07	9.8896115232e-01	2.6153349350e+04
1.2418594869e+07	9.8895934295e-01	2.6154225571e+04
1.2418594869e+07	9.8895753446e-01	2.6155079649e+04
1.2418594869e+07	9.8895572704e-01	2.6155911395e+04
1.2418594869e+07	9.8895392179e-01	2.6156769098e+04
1.2418594869e+07	9.8895211848e-01	2.6157584983e+04
1.2418594869e+07	9.8895031799e-01	2.6158341956e+04
1.2418594869e+07	9.8894852180e-01	2.6159009803e+04
1.2418594869e+07	9.8894689764e-01	2.6159513517e+04
1.2418594869e+07	9.8894536774e-01	2.6159807962e+04
1.2418594869e+07	9.8894387839e-01	2.6159800300e+04
1.2418594869e+07	9.8894242712e-01	2.6159329204e+04
1.2418594869e+07	9.8894102064e-01	2.6158130854e+04
1.2418594869e+07	9.8893977888e-01	2.6155775397e+04
1.2418594869e+07	9.8893863731e-01	2.6151584001e+04
1.2418594869e+07	9.8893788814e-01	2.6146736961e+04
1.2418594869e+07	9.8893740032e-01	2.6141763672e+04
1.2418594869e+07	9.8893706612e-01	2.6136714589e+04
1.2402158719e+07	9.8893683318e-01	2.6142241627e+04
1.2402158719e+07	9.8841358659e-01	2.6215783617e+04
1.2402158719e+07	9.8834775108e-01	2.6218573583e+04
1.2402158719e+07	9.8828171281e-01	2.6221380425e+04
1.2402158719e+07	9.8821547760e-01	2.6224192706e+04
1.2402158719e+07	9.8814904107e-01	2.6227012558e+04
1.2402158719e+07	9.8808240573e-01	2.6229841226e+04
1.2402158719e+07	9.8801557725e-01	2.6232672447e+04
1.2402158719e+07	9.8794855130e-01	2.6235474567e+04
1.2402158719e+07	9.8788132749e-01	2.6238199147e+04
1.2402158719e+07	9.8781391639e-01	2.6240853706e+04
1.2402158719e+07	9.8774630755e-01	2.6243522059e+04
1.2402158719e+07	9.8767848922e-01	2.6246309299e+04
1.2402158719e+07	9.8761046804e-01	2.6249296018e+04
1.2402158719e+07	9.8754225374e-01	2.6252526892e+04
1.2402158719e+07	9.8747384585e-01	2.6256017466e+04
1.2402158719e+07	9.8740522745e-01	2.6259764906e+04
1.2402158719e+07	9.8733639863e-01	2.6263754768e+04
1.2402158719e+07	9.8726739251e-01	2.6267965429e+04
1.2402158719e+07	9.8719815837e-01	2.6272378751e+04
1.2402158719e+07	9.8712874697e-01	2.6276970559e+04
1.2402158719e+07	9.8705911403e-01	2.6281724155e+04
1.2402158719e+07	9.8698928172e-01	2.6286620203e+04
1.2402158719e+07	9.8691923751e-01	2.6291643655e+04
1.2402158719e+07	9.8684898149e-01	2.6296780515e+04
1.2402158719e+07	9.8677852099e-01	2.6302018104e+04
1.2402158719e+07	9.8670787472e-01	2.6307344653e+04
1.2402158719e+07	9.8663698847e-01	2.6312755723e+04
1.2402158719e+07	9.8656592366e-01	2.6318239813e+04
1.2402158719e+07	9.8649463617e-01	2.6323795357e+04
1.2402158719e+07	9.8642313325e-01	2.6329418696e+04
1.2402158719e+07	9.8635140424e-01	2.6335109568e+04
1.2402158719e+07	9.8627947470e-01	2.6340866883e+04
1.2402158719e+07	9.8620732060e-01	2.6346695672e+04
1.2402158719e+07	9.8613497589e-01	2.6352598454e+04
1.2402158719e+07	9.8606238789e-01	2.6358587033e+04
1.2402158719e+07	9.8598959827e-01	2.6364667532e+04
1.2402158719e+07	9.8591656625e-01	2.6370854688e+04
1.2402158719e+07	9.8584331240e-01	2.6377159735e+04
1.2402158719e+07	9.8576982057e-01	2.6383598718e+04
1.2402158719e+07	9.8569610812e-01	2.6390186088e+04
1.2402158719e+07	9.8562217332e-01	2.6396938866e+04
1.2402158719e+07	9.8554798232e-01	2.6403877406e+04
1.2402158719e+07	9.8547356937e-01	2.6411015876e+04
1.2402158719e+07	9.8539894018e-01	2.6418371224e+04
1.2402158719e+07	9.8532406697e-01	2.6425962608e+04
1.2402158719e+07	9.8524896523e-01	2.6433804706e+04
1.2402158719e+07	9.8517358630e-01	2.6441917082e+04
1.2402158719e+07	9.8509800115e-01	2.6450305021e+04
1.2402158719e+07	9.8502215614e-01	2.6458985111e+04
1.2402158719e+07	9.8494608750e-01	2.6467960675e+04
1.2402158719e+07	9.8486978603e-01	2.6477236865e+04
1.2402158719e+07	9.8479324560e-01	2.6486814958e+04
1.2402158719e+07	9.8471644991e-01	2.6496693937e+04
1.2402158719e+07	9.8463944835e-01	2.6506860562e+04
1.2402158719e+07	9.8456218792e-01	2.6517311712e+04
1.2402158719e+07	9.8448470665e-01	2.6528029135e+04
1.2402158719e+07	9.8440696653e-01	2.6539002645e+04
1.2402158719e+07	9.8432899571e-01	2.6550210893e+04
1.2402158719e+07	9.8425078906e-01	2.6561635901e+04
1.2402158719e+07	9.8417233877e-01	2.6573259357e+04
1.2402158719e+07	9.8409364407e-01	2.6585061668e+04
1.2402158719e+07	9.8401468577e-01	2.6597026142e+04
1.2402158719e+07	9.8393549912e-01	2.6609197715e+04
1.2402158719e+07	9.8385606149e-01	2.6621545104e+04
1.2402158719e+07	9.8377635441e-01	2.6634001670e+04
1.2402158719e+07	9.8369642254e-01	2.6646543927e+04
1.2402158719e+07	9.8361622724e-01	2.6659162258e+04
1.2402158719e+07	9.8353579357e-01	2.6671838022e+04
1.2402158719e+07	9.8345510747e-01	2.6684559883e+04
1.2402158719e+07	9.8337415611e-01	2.6697317315e+04
1.2402158719e+07	9.8329296184e-01	2.6710095214e+04
1.2402158719e+07	9.8321151194e-01	2.6722885223e+04
1.2402158719e+07	9.8312979597e-01	2.6735682165e+04
1.2402158719e+07	9.8304781649e-01	2.6748509511e+04
1.2402158719e+07	9.8296557136e-01	2.6761718490e+04
1.2402158719e+07	9.8289409582e-01	2.6778695755e+04
1.2402158719e+07	9.8289270864e-01	2.6831080054e+04
1.2402158719e+07	9.8289028188e-01	2.6860271156e+04
1.2402158719e+07	9.8288811543e-01	2.6874814687e+04
1.2402158719e+07	9.8288599703e-01	2.6885711349e+04
1.2402158719e+07	9.8288391931e-01	2.6893032892e+04
1.2402158719e+07	9.8288187041e-01	2.6897698337e+04
1.2402158719e+07	9.8287983882e-01	2.6900730026e+04
1.2402158719e+07	9.8287781531e-01	2.6902917029e+04
1.2402158719e+07	9.8287579861e-01	2.6904566723e+04
1.2402158719e+07	9.8287378618e-01	2.6905941256e+04
1.2402158719e+07	9.8287177678e-01	2.6907156402e+04
1.2402158719e+07	9.8286976973e-01	2.6908267825e+04
1.2402158719e+07	9.8286776286e-01	2.6909363061e+04
1.2402158719e+07	9.8286575733e-01	2.6910414221e+04
1.2402158719e+07	9.8286375343e-01	2.6911419961e+04
1.2402158719e+07	9.8286175103e-01	2.6912390090e+04
1.2402158719e+07	9.8285975002e-01	2.6913331011e+04
1.2402158719e+07	9.8285774905e-01	2.6914296252e+04
1.2402158719e+07	9.8285574917e-01	2.6915251384e+04
1.2402158719e+07	9.8285375084e-01	2.6916183063e+04
1.2402158719e+07	9.8285175421e-01	2.6917091242e+04
1.2402158719e+07	9.8284975945e-01	2.6917980941e+04
1.2402158719e+07	9.8284776647e-01	2.6918892053e+04
1.2402158719e+07	9.8284577722e-01	2.6919757869e+04
1.2402158719e+07	9.8284379343e-01	2.6920559341e+04
1.2402158719e+07	9.8284181800e-01	2.6921262885e+04
1.2402158719e+07	9.8284005399e-01	2.6921785422e+04
1.2402158719e+07	9.8283838739e-01	2.6922078393e+04
1.2402158719e+07	9.8283677820e-01	2.6922038588e+04
1.2402158719e+07	9.8283523020e-01	2.6921487930e+04
1.2402158719e+07	9.8283376922e-01	2.6920135097e+04
1.2402158719e+07	9.8283253484e-01	2.6917506829e+04
1.2402158719e+07	9.8283147921e-01	2.6912856689e+04
1.2402158719e+07	9.8283090028e-01	2.6907806410e+04
1.2402158719e+07	9.8283058494e-01	2.6902635872e+04
1.2402158719e+07	9.8283042771e-01	2.6897394227e+04
1.2402158719e+07	9.8283037599e-01	2.6892106433e+04
1.2402158719e+07	9.8283039971e-01	2.6886786685e+04
1.2402158719e+07	9.8283048247e-01	2.6881447200e+04
1.2402158719e+07	9.8283059218e-01	2.6876099120e+04
1.2402158719e+07	9.8283072273e-01	2.6870744166e+04
1.2402158719e+07	9.8283087237e-01	2.6865383349e+04
1.2402158719e+07	9.8283105723e-01	2.6860016757e+04
1.2402158719e+07	9.8283125968e-01	2.6854645819e+04
1.2402158719e+07	9.8283147491e-01	2.6849271316e+04
1.2402158719e+07	9.8283170179e-01	2.6843893791e+04
1.2402158719e+07	9.8283193935e-01	2.6838513688e+04
1.2402158719e+07	9.8283218673e-01	2.6833131400e+04
1.2402158719e+07	9.8283244316e-01	2.6827747275e+04
1.2402158719e+07	9.8283270796e-01	2.6822361613e+04
1.2402158719e+07	9.8283298054e-01	2.6816974677e+04
1.2402158719e+07	9.8283326035e-01	2.6811586696e+04
1.2402158719e+07	9.8283354691e-01	2.6806197868e+04
1.2402158719e+07	9.8283383978e-01	2.6800808370e+04
1.2402158719e+07	9.8283413855e-01	2.6795418351e+04
1.2402158719e+07	9.8283444288e-01	2.6790027948e+04
1.2402158719e+07	9.8283475243e-01	2.6784637277e+04
1.2402158719e+07	9.8283506690e-01	2.6779246440e+04
1.2402158719e+07	9.8283538601e-01	2.6773855528e+04
1.2402158719e+07	9.8283570952e-01	2.6768464616e+04
1.2402158719e+07	9.8283603720e-01	2.6763073773e+04
1.2402158719e+07	9.8283636882e-01	2.6757683054e+04
1.2402158719e+07	9.8283670419e-01	2.6752292508e+04
1.2402158719e+07	9.8283704312e-01	2.6746902176e+04
1.2402158719e+07	9.8283738546e-01	2.6741512091e+04
1.2402158719e+07	9.8283773103e-01	2.6736122281e+04
1.2402158719e+07	9.8283807970e-01	2.6730732767e+04
1.2402158719e+07	9.8283843131e-01	2.6725343564e+04
1.2402158719e+07	9.8283878576e-01	2.6719954686e+04
1.2402158719e+07	9.8283914291e-01	2.6714566138e+04
1.2402158719e+07	9.8283950265e-01	2.6709177923e+04
1.2402158719e+07	9.8283986489e-01	2.6703790042e+04
1.2402158719e+07	9.8284022951e-01	2.6698402488e+04
1.2402158719e+07	9.8284059643e-01	2.6693015254e+04
1.2402158719e+07	9.8284096556e-01	2.6687628339e+04
1.2402158719e+07	9.8284133682e-01	2.6682241733e+04
1.2402158719e+07	9.8284171012e-01	2.6676855401e+04
1.2402158719e+07	9.8284208541e-01	2.6671469329e+04
1.2402158719e+07	9.8284246259e-01	2.6666083500e+04
1.2402158719e+07	9.8284284162e-01	2.6660697891e+04
1.2402158719e+07	9.8284322243e-01	2.6655312478e+04
1.2402158719e+07	9.8284360502e-01	2.6649944041e+04
1.2402158719e+07	9.8284398948e-01	2.6644632653e+04
1.2402158719e+07	9.8284437038e-01	2.6639321110e+04
1.2402158719e+07	9.8284474743e-01	2.6634009776e+04
1.2402158719e+07	9.8284512182e-01	2.6628698566e+04
1.2402158719e+07	9.8284549209e-01	2.6623387508e+04
1.2402158719e+07	9.8284586377e-01	2.6618076332e+04
1.2402158719e+07	9.8284622843e-01	2.6612765364e+04
1.2402158719e+07	9.8284659345e-01	2.6607454254e+04
1.2402158719e+07	9.8284692310e-01	2.6602144584e+04
1.2402158719e+07	9.8284724030e-01	2.6596835286e+04
1.2402158719e+07	9.8284755875e-01	2.6591525717e+04
1.2402158719e+07	9.8284787842e-01	2.6586215841e+04
1.2402158719e+07	9.8284819927e-01	2.6580905617e+04
1.2402158719e+07	9.8284852128e-01	2.6575595009e+04
1.2402158719e+07	9.8284884441e-01	2.6570283975e+04
1.2402158719e+07	9.8284916865e-01	2.6564972477e+04
1.2402158719e+07	9.8284949396e-01	2.6559660474e+04
1.2402158719e+07	9.8284982032e-01	2.6554347926e+04
1.2402158719e+07	9.8285149808e-01	2.6553785416e+04
1.2402158719e+07	9.8285314518e-01	2.6553716551e+04
1.2402158719e+07	9.8285479775e-01	2.6553643901e+04
1.2402158719e+07	9.8285645201e-01	2.6553571148e+04
1.2402158719e+07	9.8285810763e-01	2.6553498303e+04
1.2402158719e+07	9.8285976527e-01	2.6553425352e+04
1.2402158719e+07	9.8286142743e-01	2.6553352259e+04
1.2402158719e+07	9.8286309101e-01	2.6553279072e+04
1.2402158719e+07	9.8286475609e-01	2.6553205788e+04
1.2402158719e+07	9.8286642307e-01	2.6553132402e+04
1.2402158719e+07	9.8286809410e-01	2.6553058901e+04
1.2402158719e+07	9.8286976668e-01	2.6552985303e+04
1.2402158719e+07	9.8287144086e-01	2.6552911606e+04
1.2402158719e+07	9.8287311675e-01	2.6552837804e+04
1.2402158719e+07	9.8287479583e-01	2.6552763913e+04
1.2402158719e+07	9.8287647705e-01	2.6552689926e+04
1.2402158719e+07	9.8287815998e-01	2.6552615837e+04
1.2402158719e+07	9.8287984469e-01	2.6552541643e+04
1.2402158719e+07	9.8288153129e-01	2.6552467341e+04
1.2402158719e+07	9.8288322082e-01	2.6552392988e+04
1.2402158719e+07	9.8288491210e-01	2.6552318531e+04
1.2402158719e+07	9.8288660521e-01	2.6552243968e+04
1.2402158719e+07	9.8288830022e-01	2.6552169295e+04
1.2402158719e+07	9.8288999722e-01	2.6552094508e+04
1.2402158719e+07	9.8289169651e-01	2.6552019702e+04
1.2402158719e+07	9.8289339768e-01	2.6551944790e+04
1.2402158719e+07	9.8289510078e-01	2.6551869768e+04
1.2402158719e+07	9.8289680588e-01	2.6551794634e+04
1.2402158719e+07	9.8289851304e-01	2.6551719383e+04
1.2402158719e+07	9.8290022209e-01	2.6551644083e+04
1.2402158719e+07	9.8290193290e-01	2.6551568735e+04
1.2402158719e+07	9.8290364570e-01	2.6551493275e+04
1.2402158719e+07	9.8290536057e-01	2.6551417700e+04
1.2402158719e+07	9.8290707757e-01	2.6551342008e+04
1.2402158719e+07	9.8290879676e-01	2.6551266195e+04
1.2402158719e+07	9.8290972602e-01	2.6551216265e+04
1.2402158719e+07	9.8295956974e-01	2.6549052887e+04
1.2402158719e+07	9.8303198992e-01	2.6545915438e+04
1.2402158719e+07	9.8310427065e-01	2.6542784774e+04
1.2402158719e+07	9.8317642253e-01	2.6539659905e+04
1.2402158719e+07	9.8324848612e-01	2.6536539044e+04
1.2402158719e+07	9.8332048110e-01	2.6533421308e+04
1.2402158719e+07	9.8339235453e-01	2.6530308977e+04
1.2402158719e+07	9.8346410058e-01	2.6527202286e+04
1.2402158719e+07	9.8353572766e-01	2.6524101391e+04
1.2402158719e+07	9.8360728190e-01	2.6521004584e+04
1.2402158719e+07	9.8367896575e-01	2.6517903008e+04
1.2402158719e+07	9.8373754257e-01	2.6515369368e+04
1.2402158719e+07	9.8378441298e-01	2.6513342349e+04
1.2402158719e+07	9.8382263817e-01	2.6511689296e+04
1.2402158719e+07	9.8385332592e-01	2.6510362253e+04
1.2402158719e+07	9.8387884415e-01	2.6509258728e+04
1.2402158719e+07	9.8390105935e-01	2.6508297978e+04
1.2402158719e+07	9.8392059328e-01	2.6507453130e+04
1.2402158719e+07	9.8393763961e-01	2.6506715820e+04
1.2402158719e+07	9.8395213022e-01	2.6506089017e+04
1.2402158719e+07	9.8396514435e-01	2.6505525991e+04
1.2402158719e+07	9.8397680133e-01	2.6505021597e+04
1.2402158719e+07	9.8398718464e-01	2.6504572222e+04
1.2402158719e+07	9.8399608231e-01	2.6504187065e+04
1.2402158719e+07	9.8400373137e-01	2.6503855863e+04
1.2402158719e+07	9.8401041919e-01	2.6503566159e+04
1.2402158719e+07	9.8401618307e-01	2.6503316344e+04
1.2402158719e+07	9.8402106354e-01	2.6503104663e+04
1.2402158719e+07	9.8402503508e-01	2.6502932264e+04
1.2402158719e+07	9.8402823117e-01	2.6502793372e+04
1.2402158719e+07	9.8403077934e-01	2.6502682437e+04
1.2402158719e+07	9.8403271580e-01	2.6502597899e+04
1.2402158719e+07	9.8403407596e-01	2.6502538226e+04
1.2402158719e+07	9.8403490188e-01	2.6502501611e+04
1.2402158719e+07	9.8403533383e-01	2.6502482064e+04
1.2402158719e+07	9.8403534823e-01	2.6502480529e+04
1.2402158719e+07	9.8403496712e-01	2.6502496054e+04
1.2402158719e+07	9.8403421110e-01	2.6502527750e+04
1.2402158719e+07	9.8403309951e-01	2.6502574780e+04
1.2402158719e+07	9.8401123233e-01	2.6503512238e+04
1.2402158719e+07	9.8402699554e-01	2.6502829213e+04
1.2402158719e+07	9.8406588282e-01	2.6501151655e+04
1.2402158719e+07	9.8410060282e-01	2.6499654662e+04
1.2402158719e+07	9.8413200049e-01	2.6498301091e+04
1.2402158719e+07	9.8416064438e-01	2.6497066376e+04
1.2402158719e+07	9.8418693420e-01	2.6495933242e+04
1.2402158719e+07	9.8421116913e-01	2.6494888762e+04
1.2402158719e+07	9.8423357905e-01	2.6493923002e+04
1.2402158719e+07	9.8425433035e-01	2.6493028770e+04
1.2402158719e+07	9.8425893647e-01	2.6492829592e+04
1.2402158719e+07	9.8425766952e-01	2.6492882918e+04
1.2402158719e+07	9.8425535505e-01	2.6492981192e+04
1.2402158719e+07	9.8425192521e-01	2.6493127437e+04
1.2402158719e+07	9.8424729380e-01	2.6493325361e+04
1.2402158719e+07	9.8424136455e-01	2.6493579101e+04
1.2402158719e+07	9.8423396274e-01	2.6493896172e+04
1.2402158719e+07	9.8422480704e-01	2.6494288642e+04
1.2402158719e+07	9.8421232386e-01	2.6494823849e+04
1.2402158719e+07	9.8423401888e-01	2.6493887176e+04
1.2402158719e+07	9.8424106513e-01	2.6493582261e+04
1.2402158719e+07	9.8424166502e-01	2.6493555022e+04
1.2402158719e+07	9.8423936789e-01	2.6493652871e+04
1.2402158719e+07	9.8423527414e-01	2.6493828878e+04
1.2402158719e+07	9.8422991598e-01	2.6494060847e+04
1.2402158719e+07	9.8422416355e-01	2.6494312202e+04
1.2402158719e+07	9.8421772020e-01	2.6494597614e+04
1.2402158719e+07	9.8421060682e-01	2.6494919566e+04
1.2402158719e+07	9.8420263088e-01	2.6495292546e+04
1.2402158719e+07	9.8419426346e-01	2.6495704786e+04
1.2402158719e+07	9.8418529734e-01	2.6496182925e+04
1.2402158719e+07	9.8417494390e-01	2.6496801772e+04
1.2402158719e+07	9.8416190182e-01	2.6497718548e+04
1.2402158719e+07	9.8414082824e-01	2.6499577811e+04
1.2402158719e+07	9.8406894841e-01	2.6507982678e+04
1.2402158719e+07	9.8399519328e-01	2.6517108925e+04
1.2402158719e+07	9.8392135611e-01	2.6526160980e+04
1.2402158719e+07	9.8384730979e-01	2.6535182245e+04
1.2402158719e+07	9.8377299518e-01	2.6544197105e+04
1.2402158719e+07	9.8369843539e-01	2.6553188897e+04
1.2402158719e+07	9.8362371245e-01	2.6562113397e+04
1.2402158719e+07	9.8354894309e-01	2.6570912818e+04
1.2402158719e+07	9.8347422559e-01	2.6579540368e+04
1.2402158719e+07	9.8339952503e-01	2.6588002775e+04
1.2402158719e+07	9.8332484791e-01	2.6596331792e+04
1.2402158719e+07	9.8325008309e-01	2.6604563910e+04
1.2402158719e+07	9.8317506105e-01	2.6612776964e+04
1.2402158719e+07	9.8309964993e-01	2.6621018859e+04
1.2402158719e+07	9.8302391728e-01	2.6629239145e+04
1.2402158719e+07	9.8298168462e-01	2.6635959325e+04
1.2402158719e+07	9.8297873532e-01	2.6640781924e+04
1.2402158719e+07	9.8297677243e-01	2.6641622663e+04
1.2402158719e+07	9.8297480706e-01	2.6642478437e+04
1.2402158719e+07	9.8297632603e-01	2.6642467289e+04
1.2402158719e+07	9.8297796137e-01	2.6642411156e+04
1.2402158719e+07	9.8297959795e-01	2.6642355528e+04
1.2402158719e+07	9.8297955014e-01	2.6642451176e+04
1.2402158719e+07	9.8303224898e-01	2.6640270152e+04
1.2402158719e+07	9.8310418257e-01	2.6637262847e+04
1.2402158719e+07	9.8317597578e-01	2.6634263202e+04
1.2402158719e+07	9.8324765929e-01	2.6631266448e+04
1.2402158719e+07	9.8331929921e-01	2.6628270429e+04
1.2402158719e+07	9.8339101287e-01	2.6625271125e+04
1.2402158719e+07	9.8346297889e-01	2.6622262281e+04
1.2402158719e+07	9.8353224200e-01	2.6619369063e+04
1.2402158719e+07	9.8360423569e-01	2.6616369130e+04
1.2402158719e+07	9.8367450204e-01	2.6613457519e+04
1.2402158719e+07	9.8377034543e-01	2.6609477682e+04
1.2402158719e+07	9.8386490182e-01	2.6605500521e+04
1.2402158719e+07	9.8393328381e-01	2.6602624591e+04
1.2402158719e+07	9.8398665757e-01	2.6600379934e+04
1.2402158719e+07	9.8403068742e-01	2.6598528613e+04
1.2402158719e+07	9.8406835402e-01	2.6596945396e+04
1.2402158719e+07	9.8410134066e-01	2.6595559617e+04
1.2402158719e+07	9.8413065923e-01	2.6594328941e+04
1.2402158719e+07	9.8414685997e-01	2.6593661524e+04
1.2402158719e+07	9.8414517901e-01	2.6593764029e+04
1.2402158719e+07	9.8414212528e-01	2.6593928328e+04
1.2402158719e+07	9.8413750551e-01	2.6594164760e+04
1.2402158719e+07	9.8413106759e-01	2.6594487056e+04
1.2402158719e+07	9.8412247992e-01	2.6594914760e+04
1.2402158719e+07	9.8411130122e-01	2.6595477808e+04
1.2402158719e+07	9.8409605805e-01	2.6596275521e+04
1.2402158719e+07	9.8408415469e-01	2.6597025857e+04
1.2402158719e+07	9.8409214152e-01	2.6597121267e+04
1.2402158719e+07	9.8408478618e-01	2.6598582374e+04
1.2402158719e+07	9.8401309854e-01	2.6608609463e+04
1.2402158719e+07	9.8393967390e-01	2.6618197804e+04
1.2402158719e+07	9.8386540337e-01	2.6627573131e+04
1.2402158719e+07	9.8379066112e-01	2.6636868228e+04
1.2402158719e+07	9.8371575001e-01	2.6646102458e+04
1.2402158719e+07	9.8364071150e-01	2.6655251363e+04
1.2402158719e+07	9.8356564867e-01	2.6664262631e+04
1.2402158719e+07	9.8349067395e-01	2.6673084055e+04
1.2402158719e+07	9.8341582338e-01	2.6681703879e+04
1.2402158719e+07	9.8334102375e-01	2.6690171575e+04
1.2402158719e+07	9.8326624391e-01	2.6698497931e+04
1.2402158719e+07	9.8319125078e-01	2.6706787024e+04
1.2402158719e+07	9.8311590642e-01	2.6715094019e+04
1.2402158719e+07	9.8304022049e-01	2.6723397051e+04
1.2402158719e+07	9.8297525975e-01	2.6731185372e+04
1.2402158719e+07	9.8297405530e-01	2.6736165978e+04
1.2402158719e+07	9.8297195625e-01	2.6737571291e+04
1.2402158719e+07	9.8296999285e-01	2.6738446314e+04
1.2402158719e+07	9.8297147643e-01	2.6738453068e+04
1.2402158719e+07	9.8297310423e-01	2.6738401186e+04
1.2402158719e+07	9.8297301859e-01	2.6738522251e+04
1.2402158719e+07	9.8302558955e-01	2.6736371208e+04
1.2402158719e+07	9.8309752696e-01	2.6733389387e+04
1.2402158719e+07	9.8316934239e-01	2.6730414152e+04
1.2402158719e+07	9.8324107679e-01	2.6727440753e+04
1.2402158719e+07	9.8331282062e-01	2.6724466464e+04
1.2402158719e+07	9.8338473255e-01	2.6721486240e+04
1.2402158719e+07	9.8345706761e-01	2.6718491813e+04
1.2402158719e+07	9.8352884097e-01	2.6715530304e+04
1.2402158719e+07	9.8359934209e-01	2.6712641790e+04
1.2402158719e+07	9.8368655971e-01	2.6709081063e+04
1.2402158719e+07	9.8378891132e-01	2.6704814387e+04
1.2402158719e+07	9.8386328983e-01	2.6701715763e+04
1.2402158719e+07	9.8392050466e-01	2.6699333402e+04
1.2402158719e+07	9.8396684726e-01	2.6697405024e+04
1.2402158719e+07	9.8400588807e-01	2.6695781773e+04
1.2402158719e+07	9.8403967796e-01	2.6694378278e+04
1.2402158719e+07	9.8406943546e-01	2.6693144106e+04
1.2402158719e+07	9.8407776412e-01	2.6692831650e+04
1.2402158719e+07	9.8407527234e-01	2.6692986290e+04
1.2402158719e+07	9.8407123897e-01	2.6693213336e+04
1.2402158719e+07	9.8406538468e-01	2.6693528751e+04
1.2402158719e+07	9.8405732956e-01	2.6693955798e+04
1.2402158719e+07	9.8404657352e-01	2.6694530067e+04
1.2402158719e+07	9.8403194145e-01	2.6695340771e+04
1.2402158719e+07	9.8401407772e-01	2.6696432348e+04
1.2402158719e+07	9.8401848595e-01	2.6696862870e+04
1.2402158719e+07	9.8400293056e-01	2.6699817300e+04
1.2402158719e+07	9.8393010073e-01	2.6709965351e+04
1.2402158719e+07	9.8385635681e-01	2.6719553189e+04
1.2402158719e+07	9.8378199563e-01	2.6728966698e+04
1.2402158719e+07	9.8370687205e-01	2.6738302779e+04
1.2402158719e+07	9.8363167537e-01	2.6747526088e+04
1.2402158719e+07	9.8355649514e-01	2.6756591436e+04
1.2402158719e+07	9.8348143487e-01	2.6765451321e+04
1.2402158719e+07	9.8340651969e-01	2.6774099469e+04
1.2402158719e+07	9.8333167287e-01	2.6782588436e+04
1.2402158719e+07	9.8325684784e-01	2.6790934142e+04
1.2402158719e+07	9.8318181212e-01	2.6799241685e+04
1.2402158719e+07	9.8310642249e-01	2.6807568568e+04
1.2402158719e+07	9.8303069473e-01	2.6815889953e+04
1.2402158719e+07	9.8296775671e-01	2.6823607470e+04
1.2402158719e+07	9.8296655094e-01	2.6828604451e+04
1.2402158719e+07	9.8296448593e-01	2.6829877423e+04
1.2402158719e+07	9.8296459436e-01	2.6830504901e+04
1.2402158719e+07	9.8296560539e-01	2.6830600477e+04
1.2402158719e+07	9.8300987548e-01	2.6828835452e+04
1.2402158719e+07	9.8308183764e-01	2.6825881451e+04
1.2402158719e+07	9.8315369746e-01	2.6822935185e+04
1.2402158719e+07	9.8322550542e-01	2.6819990199e+04
1.2402158719e+07	9.8329737381e-01	2.6817043521e+04
1.2402158719e+07	9.8336951277e-01	2.6814089225e+04
1.2402158719e+07	9.8343999109e-01	2.6811210481e+04
1.2402158719e+07	9.8351085445e-01	2.6808339739e+04
1.2402158719e+07	9.8358147431e-01	2.6805528333e+04
1.2402158719e+07	9.8367791152e-01	2.6801598153e+04
1.2402158719e+07	9.8376282998e-01	2.6798106501e+04
1.2402158719e+07	9.8382828616e-01	2.6795420282e+04
1.2402158719e+07	9.8388052995e-01	2.6793280550e+04
1.2402158719e+07	9.8392365382e-01	2.6791517888e+04
1.2402158719e+07	9.8396029427e-01	2.6790023419e+04
1.2402158719e+07	9.8399208327e-01	2.6788730295e+04
1.2402158719e+07	9.8400140646e-01	2.6788402788e+04
1.2402158719e+07	9.8399827368e-01	2.6788614342e+04
1.2402158719e+07	9.8399342922e-01	2.6788911369e+04
1.2402158719e+07	9.8398648215e-01	2.6789318637e+04
1.2402158719e+07	9.8397688368e-01	2.6789874924e+04
1.2402158719e+07	9.8396378041e-01	2.6790651417e+04
1.2402158719e+07	9.8394418894e-01	2.6791906976e+04
1.2402158719e+07	9.8393435859e-01	2.6793101595e+04
1.2402158719e+07	9.8386290697e-01	2.6804621208e+04
1.2402158719e+07	9.8378888492e-01	2.6814397522e+04
1.2402158719e+07	9.8371455060e-01	2.6823917268e+04
1.2402158719e+07	9.8363931691e-01	2.6833299395e+04
1.2402158719e+07	9.8356395049e-01	2.6842501562e+04
1.2402158719e+07	9.8348873986e-01	2.6851478191e+04
1.2402158719e+07	9.8341371771e-01	2.6860219781e+04
1.2402158719e+07	9.8333879418e-01	2.6868784127e+04
1.2402158719e+07	9.8326394405e-01	2.6877181992e+04
1.2402158719e+07	9.8318891699e-01	2.6885526601e+04
1.2402158719e+07	9.8311357012e-01	2.6893877709e+04
1.2402158719e+07	9.8303786725e-01	2.6902235285e+04
1.2402158719e+07	9.8296186249e-01	2.6910557449e+04
1.2402158719e+07	9.8295984123e-01	2.6915629922e+04
1.2402158719e+07	9.8295754453e-01	2.6917845128e+04
1.2402158719e+07	9.8295834390e-01	2.6918157270e+04
1.2402158719e+07	9.8295867676e-01	2.6918323357e+04
1.2402158719e+07	9.8300721182e-01	2.6916415817e+04
1.2402158719e+07	9.8307916235e-01	2.6913507714e+04
1.2402158719e+07	9.8315104865e-01	2.6910607321e+04
1.2402158719e+07	9.8322294476e-01	2.6907708057e+04
1.2402158719e+07	9.8329502259e-01	2.6904806388e+04
1.2402158719e+07	9.8336762333e-01	2.6901894787e+04
1.2402158719e+07	9.8343924671e-01	2.6899052958e+04
1.2402158719e+07	9.8351009529e-01	2.6896317375e+04
1.2402158719e+07	9.8359398256e-01	2.6893026585e+04
1.2402158719e+07	9.8367706587e-01	2.6889690473e+04
1.2402158719e+07	9.8374289487e-01	2.6887061401e+04
1.2402158719e+07	9.8379687342e-01	2.6884918169e+04
1.2402158719e+07	9.8384198293e-01	2.6883137491e+04
1.2402158719e+07	9.8388034225e-01	2.6881631950e+04
1.2402158719e+07	9.8391102691e-01	2.6880445621e+04
1.2402158719e+07	9.8390762155e-01	2.6880724064e+04
1.2402158719e+07	9.8390245783e-01	2.6881098311e+04
1.2402158719e+07	9.8389506860e-01	2.6881601622e+04
1.2402158719e+07	9.8388477096e-01	2.6882288229e+04
1.2402158719e+07	9.8387043653e-01	2.6883262748e+04
1.2402158719e+07	9.8384825746e-01	2.6884899118e+04
1.2402158719e+07	9.8383347415e-01	2.6887280869e+04
1.2402158719e+07	9.8376029038e-01	2.6898760085e+04
1.2402158719e+07	9.8368585604e-01	2.6908653267e+04
1.2402158719e+07	9.8361120350e-01	2.6918188614e+04
1.2402158719e+07	9.8353597289e-01	2.6927469934e+04
1.2402158719e+07	9.8346065937e-01	2.6936482616e+04
1.2402158719e+07	9.8338557403e-01	2.6945240038e+04
1.2402158719e+07	9.8331061865e-01	2.6953809848e+04
1.2402158719e+07	9.8323568850e-01	2.6962230280e+04
1.2402158719e+07	9.8316055557e-01	2.6970608275e+04
1.2402158719e+07	9.8308505806e-01	2.6979009661e+04
1.2402158719e+07	9.8300923550e-01	2.6987398125e+04
1.2402158719e+07	9.8295440647e-01	2.6994827307e+04
1.2402158719e+07	9.8295290085e-01	2.6999897467e+04
1.2402158719e+07	9.8295254888e-01	2.7000725024e+04
1.2402158719e+07	9.8297934619e-01	2.6999813854e+04
1.2402158719e+07	9.8305128235e-01	2.6996973065e+04
1.2402158719e+07	9.8312318823e-01	2.6994148413e+04
1.2402158719e+07	9.8319515872e-01	2.6991328317e+04
1.2402158719e+07	9.8326741344e-01	2.6988511065e+04
1.2402158719e+07	9.8334014344e-01	2.6985705677e+04
1.2402158719e+07	9.8341125505e-01	2.6983049629e+04
1.2402158719e+07	9.8348122695e-01	2.6980607134e+04
1.2402158719e+07	9.8356522296e-01	2.6977384411e+04
1.2402158719e+07	9.8363040151e-01	2.6974919572e+04
1.2402158719e+07	9.8368474932e-01	2.6972898226e+04
1.2402158719e+07	9.8373150403e-01	2.6971190407e+04
1.2402158719e+07	9.8377229175e-01	2.6969727145e+04
1.2402158719e+07	9.8378998248e-01	2.6969254219e+04
1.2402158719e+07	9.8378331275e-01	2.6969836616e+04
1.2402158719e+07	9.8377426853e-01	2.6970582262e+04
1.2402158719e+07	9.8376204539e-01	2.6971564581e+04
1.2402158719e+07	9.8374518785e-01	2.6972933217e+04
1.2402158719e+07	9.8371764900e-01	2.6975335568e+04
1.2402158719e+07	9.8366551119e-01	2.6984836698e+04
1.2402158719e+07	9.8359084218e-01	2.6995008442e+04
1.2402158719e+07	9.8351604698e-01	2.7004514315e+04
1.2402158719e+07	9.8344125696e-01	2.7013619904e+04
1.2402158719e+07	9.8336625579e-01	2.7022440437e+04
1.2402158719e+07	9.8329123121e-01	2.7031050080e+04
1.2402158719e+07	9.8321621668e-01	2.7039515175e+04
1.2402158719e+07	9.8314099274e-01	2.7047939273e+04
1.2402158719e+07	9.8306539714e-01	2.7056386961e+04
1.2402158719e+07	9.8298949021e-01	2.7064812057e+04
1.2402158719e+07	9.8294887721e-01	2.7071658774e+04
1.2402158719e+07	9.8294713041e-01	2.7076281119e+04
1.2402158719e+07	9.8299658682e-01	2.7074484322e+04
1.2402158719e+07	9.8306841819e-01	2.7071784921e+04
1.2402158719e+07	9.8314034906e-01	2.7069109224e+04
1.2402158719e+07	9.8321260091e-01	2.7066455983e+04
1.2402158719e+07	9.8328512069e-01	2.7063867954e+04
1.2402158719e+07	9.8335644574e-01	2.7061562515e+04
1.2402158719e+07	9.8341231927e-01	2.7060028612e+04
1.2402158719e+07	9.8348191147e-01	2.7057701297e+04
1.2402158719e+07	9.8353643319e-01	2.7055975378e+04
1.2402158719e+07	9.8358255122e-01	2.7054608913e+04
1.2402158719e+07	9.8362323557e-01	2.7053487041e+04
1.2402158719e+07	9.8363004233e-01	2.7053864915e+04
1.2402158719e+07	9.8361783567e-01	2.7055053874e+04
1.2402158719e+07	9.8360226871e-01	2.7056539032e+04
1.2402158719e+07	9.8358158709e-01	2.7058513218e+04
1.2402158719e+07	9.8354832964e-01	2.7062099008e+04
1.2402158719e+07	9.8347859003e-01	2.7073999325e+04
1.2402158719e+07	9.8340378602e-01	2.7083435841e+04
1.2402158719e+07	9.8332894925e-01	2.7092377061e+04
1.2402158719e+07	9.8325409934e-01	2.7101011612e+04
1.2402158719e+07	9.8317903494e-01	2.7109520421e+04
1.2402158719e+07	9.8310364412e-01	2.7118001783e+04
1.2402158719e+07	9.8302788685e-01	2.7126487185e+04
1.2402158719e+07	9.8295182696e-01	2.7134938048e+04
1.2402158719e+07	9.8294334865e-01	2.7140414418e+04
1.2402158719e+07	9.8294297299e-01	2.7141948356e+04
1.2402158719e+07	9.8300793213e-01	2.7139745902e+04
1.2402158719e+07	9.8307953833e-01	2.7137355734e+04
1.2402158719e+07	9.8315153974e-01	2.7135057602e+04
1.2402158719e+07	9.8322326666e-01	2.7133009512e+04
1.2402158719e+07	9.8328613359e-01	2.7132195841e+04
1.2402158719e+07	9.8333125509e-01	2.7132003962e+04
1.2402158719e+07	9.8338217451e-01	2.7131447922e+04
1.2402158719e+07	9.8342267420e-01	2.7131431083e+04
1.2402158719e+07	9.8344877942e-01	2.7132194968e+04
1.2402158719e+07	9.8342408468e-01	2.7134831965e+04
1.2402158719e+07	9.8339112885e-01	2.7138372073e+04
1.2402158719e+07	9.8333583250e-01	2.7144418783e+04
1.2402158719e+07	9.8326891110e-01	2.7153238260e+04
1.2402158719e+07	9.8319386093e-01	2.7162482080e+04
1.2402158719e+07	9.8311854233e-01	2.7171172864e+04
1.2402158719e+07	9.8304284684e-01	2.7179733881e+04
1.2402158719e+07	9.8296684537e-01	2.7188234541e+04
1.2402158719e+07	9.8297179970e-01	2.7193323063e+04
1.2402158719e+07	9.8304372867e-01	2.7191635584e+04
1.2402158719e+07	9.8311540940e-01	2.7190588956e+04
1.2402158719e+07	9.8316686117e-01	2.7191560379e+04
1.2402158719e+07	9.8317023376e-01	2.7196840230e+04
1.2402158719e+07	9.8314552466e-01	2.7207814066e+04
1.2402158719e+07	9.8309117333e-01	2.7226214393e+04
1.2402158719e+07	9.8302628676e-01	2.7247546402e+04
1.2402158719e+07	9.8300955870e-01	2.7251844852e+04
1.2402158719e+07	9.8299118976e-01	2.7256633662e+04
1.2402158719e+07	9.8297151031e-01	2.7261748606e+04
1.2402158719e+07	9.8295088559e-01	2.7267112406e+04
1.2402158719e+07	9.8292964312e-01	2.7272723763e+04
1.2402158719e+07	9.8291840685e-01	2.7278394208e+04
1.2402158719e+07	9.8291604475e-01	2.7283639600e+04
1.2402158719e+07	9.8291366787e-01	2.7288970432e+04
1.2402158719e+07	9.8291125041e-01	2.7294679728e+04
1.2402158719e+07	9.8290875817e-01	2.7301181845e+04
1.2402158719e+07	9.8290506136e-01	2.7309682986e+04
1.2402158719e+07	9.8290143593e-01	2.7317318376e+04
1.2402158719e+07	9.8289770388e-01	2.7326919134e+04
1.2402158719e+07	9.8289382951e-01	2.7339050793e+04
1.2402158719e+07	9.8288977343e-01	2.7354111524e+04
1.2402158719e+07	9.8288559059e-01	2.7371339810e+04
1.2402158719e+07	9.8288168326e-01	2.7389067032e+04
1.2402158719e+07	9.8287819580e-01	2.7405845017e+04
1.2402158719e+07	9.8287497842e-01	2.7421810021e+04
1.2402158719e+07	9.8287200815e-01	2.7437040498e+04
1.2402158719e+07	9.8286919622e-01	2.7451596449e+04
1.2402158719e+07	9.8286651621e-01	2.7465521659e+04
1.2402158719e+07	9.8286395360e-01	2.7478850687e+04
1.2402158719e+07	9.8286149218e-01	2.7491612624e+04
1.2402158719e+07	9.8285912209e-01	2.7503831454e+04
1.2402158719e+07	9.8285689274e-01	2.7515525647e+04
1.2402158719e+07	9.8285475076e-01	2.7526715997e+04
1.2402158719e+07	9.8285268057e-01	2.7537420024e+04
1.2402158719e+07	9.8285067837e-01	2.7547653476e+04
1.2402158719e+07	9.8284874131e-01	2.7557431142e+04
1.2402158719e+07	9.8284686725e-01	2.7566768132e+04
1.2402158719e+07	9.8284505332e-01	2.7575678201e+04
1.2402158719e+07	9.8284329859e-01	2.7584174351e+04
1.2402158719e+07	9.8284159925e-01	2.7592269162e+04
1.2402158719e+07	9.8283995335e-01	2.7599974275e+04
1.2402158719e+07	9.8283835916e-01	2.7607300900e+04
1.2402158719e+07	9.8283681506e-01	2.7614259886e+04
1.2402158719e+07	9.8283532662e-01	2.7620861439e+04
1.2402158719e+07	9.8283393709e-01	2.7627113837e+04
1.2402158719e+07	9.8283259813e-01	2.7633029039e+04
1.2402158719e+07	9.8283130221e-01	2.7638616944e+04
1.2402158719e+07	9.8283004811e-01	2.7643886910e+04
1.2402158719e+07	9.8282883464e-01	2.7648848035e+04
1.2402158719e+07	9.8282766066e-01	2.7653509173e+04
1.2402158719e+07	9.8282652527e-01	2.7657878928e+04
1.2402158719e+07	9.8282542848e-01	2.7661965843e+04
1.2402158719e+07	9.8282436822e-01	2.7665778456e+04
1.2402158719e+07	9.8282334335e-01	2.7669324785e+04
1.2402158719e+07	9.8282235304e-01	2.7672612604e+04
1.2402158719e+07	9.8282139663e-01	2.7675649873e+04
1.2402158719e+07	9.8282047265e-01	2.7678444139e+04
1.2402158719e+07	9.8281958017e-01	2.7681002472e+04
1.2402158719e+07	9.8281871832e-01	2.7683331737e+04
1.2402158719e+07	9.8281788626e-01	2.7685438585e+04
1.2402158719e+07	9.8281708319e-01	2.7687329515e+04
1.2402158719e+07	9.8281630832e-01	2.7689010828e+04
1.2402158719e+07	9.8281556336e-01	2.7690488614e+04
1.2402158719e+07	9.8281486699e-01	2.7691768207e+04
1.2402158719e+07	9.8281419603e-01	2.7692856341e+04
1.2402158719e+07	9.8281354982e-01	2.7693758613e+04
1.2402158719e+07	9.8281292769e-01	2.7694480475e+04
1.2402158719e+07	9.8281232899e-01	2.7695027154e+04
1.2402158719e+07	9.8281175309e-01	2.7695403834e+04
1.2402158719e+07	9.8281119961e-01	2.7695615497e+04
1.2402158719e+07	9.8281066821e-01	2.7695667081e+04
1.2402158719e+07	9.8281015795e-01	2.7695563424e+04
1.2402158719e+07	9.8280966821e-01	2.7695309152e+04
1.2402158719e+07	9.8280919844e-01	2.7694908735e+04
1.2402158719e+07	9.8280874811e-01	2.7694366435e+04
1.2402158719e+07	9.8280831670e-01	2.7693686464e+04
1.2402158719e+07	9.8280790483e-01	2.7692872847e+04
1.2402158719e+07	9.8280752175e-01	2.7691929125e+04
1.2402158719e+07	9.8280715592e-01	2.7690859608e+04
1.2402158719e+07	9.8280680689e-01	2.7689668024e+04
1.2402158719e+07	9.8280647422e-01	2.7688357985e+04
1.2402158719e+07	9.8280615748e-01	2.7686932995e+04
1.2402158719e+07	9.8280585626e-01	2.7685396448e+04
1.2402158719e+07	9.8280557015e-01	2.7683751647e+04
1.2402158719e+07	9.8280529876e-01	2.7682001793e+04
1.2402158719e+07	9.8280504172e-01	2.7680149991e+04
1.2402158719e+07	9.8280479866e-01	2.7678199252e+04
1.2402158719e+07	9.8280456939e-01	2.7676152544e+04
1.2402158719e+07	9.8280435342e-01	2.7674012780e+04
1.2402158719e+07	9.8280415036e-01	2.7671782705e+04
1.2402158719e+07	9.8280395988e-01	2.7669464981e+04
1.2402158719e+07	9.8280378165e-01	2.7667062184e+04
1.2402158719e+07	9.8280361538e-01	2.7664576811e+04
1.2402158719e+07	9.8280346076e-01	2.7662011287e+04
1.2402158719e+07	9.8280332084e-01	2.7659367819e+04
1.2402158719e+07	9.8280320061e-01	2.7656648458e+04
1.2402158719e+07	9.8280309097e-01	2.7653855802e+04
1.2402158719e+07	9.8280299166e-01	2.7650991997e+04
1.2402158719e+07	9.8280290243e-01	2.7648059126e+04
1.2402158719e+07	9.8280282303e-01	2.7645059208e+04
1.2402158719e+07	9.8280275321e-01	2.7641994204e+04
1.2402158719e+07	9.8280269285e-01	2.7638866013e+04
1.2402158719e+07	9.8280264175e-01	2.7635676502e+04
1.2402158719e+07	9.8280259959e-01	2.7632427483e+04
1.2402158719e+07	9.8280256615e-01	2.7629120699e+04
1.2402158719e+07	9.8280254123e-01	2.7625757837e+04
1.2402158719e+07	9.8280252461e-01	2.7622340534e+04
1.2402158719e+07	9.8280251611e-01	2.7618870373e+04
1.2402158719e+07	9.8280251553e-01	2.7615348898e+04
1.2402158719e+07	9.8280252269e-01	2.7611777605e+04
1.2402158719e+07	9.8280253740e-01	2.7608157943e+04
1.2402158719e+07	9.8280255948e-01	2.7604491318e+04
1.2402158719e+07	9.8280258878e-01	2.7600779095e+04
1.2402158719e+07	9.8280262512e-01	2.7597022596e+04
1.2402158719e+07	9.8280266833e-01	2.7593223108e+04
1.2402158719e+07	9.8280271828e-01	2.7589381876e+04
1.2402158719e+07	9.8280277479e-01	2.7585500109e+04
1.2402158719e+07	9.8280283772e-01	2.7581578982e+04
1.2402158719e+07	9.8280290693e-01	2.7577619633e+04
1.2402158719e+07	9.8280298228e-01	2.7573623169e+04
1.2402158719e+07	9.8280306363e-01	2.7569590660e+04
1.2402158719e+07	9.8280315085e-01	2.7565523151e+04
1.2402158719e+07	9.8280324380e-01	2.7561421650e+04
1.2402158719e+07	9.8280334237e-01	2.7557287140e+04
1.2402158719e+07	9.8280344642e-01	2.7553120573e+04
1.2402158719e+07	9.8280355585e-01	2.7548922874e+04
1.2402158719e+07	9.8280367053e-01	2.7544694941e+04
1.2402158719e+07	9.8280379035e-01	2.7540437646e+04
1.2402158719e+07	9.8280391520e-01	2.7536151836e+04
1.2402158719e+07	9.8280404498e-01	2.7531838332e+04
1.2402158719e+07	9.8280417957e-01	2.7527497933e+04
1.2402158719e+07	9.8280431889e-01	2.7523131414e+04
1.2402158719e+07	9.8280446282e-01	2.7518739529e+04
1.2402158719e+07	9.8280461128e-01	2.7514323009e+04
1.2402158719e+07	9.8280476416e-01	2.7509882564e+04
1.2402158719e+07	9.8280492138e-01	2.7505418886e+04
1.2402158719e+07	9.8280508303e-01	2.7500932635e+04
1.2402158719e+07	9.8280525232e-01	2.7496424323e+04
1.2402158719e+07	9.8280542565e-01	2.7491894734e+04
1.2402158719e+07	9.8280560295e-01	2.7487344480e+04
1.2402158719e+07	9.8280578413e-01	2.7482774161e+04
1.2402158719e+07	9.8280596912e-01	2.7478184357e+04
1.2402158719e+07	9.8280615785e-01	2.7473575632e+04
1.2402158719e+07	9.8280635023e-01	2.7468948536e+04
1.2402158719e+07	9.8280654619e-01	2.7464303601e+04
1.2402158719e+07	9.8280674567e-01	2.7459641347e+04
1.2402158719e+07	9.8280694859e-01	2.7454962276e+04
1.2402158719e+07	9.8280715489e-01	2.7450266881e+04
1.2402158719e+07	9.8280736450e-01	2.7445555636e+04
1.2402158719e+07	9.8280757736e-01	2.7440829013e+04
1.2402158719e+07	9.8280779341e-01	2.7436087463e+04
1.2402158719e+07	9.8280801258e-01	2.7431331424e+04
1.2402158719e+07	9.8280823482e-01	2.7426561322e+04
1.2402158719e+07	9.8280846006e-01	2.7421777571e+04
1.2402158719e+07	9.8280868825e-01	2.7416980572e+04
1.2402158719e+07	9.8280891933e-01	2.7412170718e+04
1.2402158719e+07	9.8280915326e-01	2.7407348390e+04
1.2402158719e+07	9.8280938997e-01	2.7402513956e+04
1.2402158719e+07	9.8280963304e-01	2.7397667623e+04
1.2402158719e+07	9.8280987878e-01	2.7392809896e+04
1.2402158719e+07	9.8281012713e-01	2.7387941119e+04
1.2402158719e+07	9.8281037803e-01	2.7383061623e+04
1.2402158719e+07	9.8281063143e-01	2.7378171732e+04
1.2402158719e+07	9.8281088729e-01	2.7373271759e+04
1.2402158719e+07	9.8281114561e-01	2.7368361595e+04
1.2402158719e+07	9.8281140636e-01	2.7363441137e+04
1.2402158719e+07	9.8281166948e-01	2.7358511361e+04
1.2402158719e+07	9.8281193486e-01	2.7353573129e+04
1.2402158719e+07	9.8281220249e-01	2.7348626382e+04
1.2402158719e+07	9.8281247232e-01	2.7343671287e+04
1.2402158719e+07	9.8281274433e-01	2.7338708105e+04
1.2402158719e+07	9.8281301847e-01	2.7333737087e+04
1.2402158719e+07	9.8281329471e-01	2.7328758480e+04
1.2402158719e+07	9.8281357591e-01	2.7323772400e+04
1.2402158719e+07	9.8281385977e-01	2.7318779178e+04
1.2402158719e+07	9.8281414559e-01	2.7313779071e+04
1.2402158719e+07	9.8281443332e-01	2.7308772298e+04
1.2402158719e+07	9.8281472294e-01	2.7303759074e+04
1.2402158719e+07	9.8281501442e-01	2.7298739610e+04
1.2402158719e+07	9.8281530773e-01	2.7293714107e+04
1.2402158719e+07	9.8281560285e-01	2.7288682765e+04
1.2402158719e+07	9.8281589975e-01	2.7283645776e+04
1.2402158719e+07	9.8281619838e-01	2.7278603331e+04
1.2402158719e+07	9.8281649873e-01	2.7273555611e+04
1.2402158719e+07	9.8281680100e-01	2.7268569492e+04
1.2402158719e+07	9.8281710440e-01	2.7263579800e+04
1.2402158719e+07	9.8281740848e-01	2.7258585370e+04
1.2402158719e+07	9.8281771416e-01	2.7253586334e+04
1.2402158719e+07	9.8281802141e-01	2.7248582849e+04
1.2402158719e+07	9.8281833022e-01	2.7243575066e+04
1.2402158719e+07	9.8281864056e-01	2.7238563136e+04
1.2402158719e+07	9.8281895240e-01	2.7233547202e+04
1.2402158719e+07	9.8281926573e-01	2.7228527406e+04
1.2402158719e+07	9.8281958051e-01	2.7223503884e+04
1.2402158719e+07	9.8281989673e-01	2.7218476770e+04
1.2402158719e+07	9.8282021437e-01	2.7213446194e+04
1.2402158719e+07	9.8282053339e-01	2.7208412281e+04
1.2402158719e+07	9.8282085379e-01	2.7203375154e+04
1.2402158719e+07	9.8282117554e-01	2.7198334934e+04
1.2402158719e+07	9.8282149862e-01	2.7193291734e+04
1.2402158719e+07	9.8282182301e-01	2.7188245679e+04
1.2402158719e+07	9.8282214869e-01	2.7183196883e+04
1.2402158719e+07	9.8282247564e-01	2.7178145438e+04
1.2402158719e+07	9.8282280384e-01	2.7173091441e+04
1.2402158719e+07	9.8282313328e-01	2.7168034997e+04
1.2402158719e+07	9.8282346394e-01	2.7162976205e+04
1.2402158719e+07	9.8282379580e-01	2.7157915159e+04
1.2402158719e+07	9.8282412884e-01	2.7152851952e+04
1.2402158719e+07	9.8282446305e-01	2.7147786673e+04
1.2402158719e+07	9.8282479840e-01	2.7142719409e+04
1.2402158719e+07	9.8282513489e-01	2.7137650242e+04
1.2402158719e+07	9.8282547249e-01	2.7132579256e+04
1.2402158719e+07	9.8282581120e-01	2.7127506529e+04
1.2402158719e+07	9.8282615099e-01	2.7122432138e+04
1.2402158719e+07	9.8282649185e-01	2.7117356158e+04
1.2402158719e+07	9.8282683377e-01	2.7112278659e+04
1.2402158719e+07	9.8282717673e-01	2.7107199713e+04
1.2402158719e+07	9.8282752071e-01	2.7102119386e+04
1.2402158719e+07	9.8282786571e-01	2.7097037745e+04
1.2402158719e+07	9.8282821171e-01	2.7091954851e+04
1.2402158719e+07	9.8282855870e-01	2.7086870767e+04
1.2402158719e+07	9.8282890666e-01	2.7081785550e+04
1.2402158719e+07	9.8282925558e-01	2.7076699257e+04
1.2402158719e+07	9.8282960544e-01	2.7071611943e+04
1.2402158719e+07	9.8282995625e-01	2.7066523661e+04
1.2402158719e+07	9.8283030797e-01	2.7061434462e+04
1.2402158719e+07	9.8283066061e-01	2.7056344397e+04
1.2402158719e+07	9.8283101414e-01	2.7051253512e+04
1.2402158719e+07	9.8283136857e-01	2.7046161853e+04
1.2402158719e+07	9.8283172387e-01	2.7041069465e+04
1.2402158719e+07	9.8283208003e-01	2.7035976388e+04
1.2402158719e+07	9.8283243705e-01	2.7030882665e+04
1.2402158719e+07	9.8283279492e-01	2.7025788334e+04
1.2402158719e+07	9.8283315362e-01	2.7020693433e+04
1.2402158719e+07	9.8283351314e-01	2.7015598002e+04
1.2402158719e+07	9.8283387347e-01	2.7010502086e+04
1.2402158719e+07	9.8283423460e-01	2.7005405705e+04
1.2402158719e+07	9.8283459653e-01	2.7000308883e+04
1.2402158719e+07	9.8283495924e-01	2.6995211654e+04
1.2402158719e+07	9.8283532273e-01	2.6990114046e+04
1.2402158719e+07	9.8283568698e-01	2.6985016086e+04
1.2402158719e+07	9.8283605198e-01	2.6979917797e+04
1.2402158719e+07	9.8283641773e-01	2.6974819204e+04
1.2402158719e+07	9.8283678423e-01	2.6969720328e+04
1.2402158719e+07	9.8283715145e-01	2.6964621192e+04
1.2402158719e+07	9.8283751939e-01	2.6959521814e+04
1.2402158719e+07	9.8283788804e-01	2.6954422215e+04
1.2402158719e+07	9.8283825740e-01	2.6949322411e+04
1.2402158719e+07	9.8283862746e-01	2.6944222419e+04
1.2402158719e+07	9.8283899821e-01	2.6939122253e+04
1.2402158719e+07	9.8283936963e-01	2.6934021927e+04
1.2402158719e+07	9.8283974173e-01	2.6928921454e+04
1.2402158719e+07	9.8284011450e-01	2.6923820845e+04
1.2402158719e+07	9.8284048793e-01	2.6918720108e+04
1.2402158719e+07	9.8284086200e-01	2.6913619253e+04
1.2402158719e+07	9.8284123673e-01	2.6908518288e+04
1.2402158719e+07	9.8284161209e-01	2.6903417219e+04
1.2402158719e+07	9.8284198808e-01	2.6898316053e+04
1.2402158719e+07	9.8284236469e-01	2.6893214794e+04
1.2402158719e+07	9.8284274192e-01	2.6888113446e+04
1.2402158719e+07	9.8284311977e-01	2.6883012011e+04
1.2402158719e+07	9.8284349822e-01	2.6877910491e+04
1.2402158719e+07	9.8284387726e-01	2.6872808887e+04
1.2402158719e+07	9.8284425690e-01	2.6867707197e+04
1.2402158719e+07	9.8284463713e-01	2.6862605422e+04
1.2402158719e+07	9.8284501794e-01	2.6857503558e+04
1.2402158719e+07	9.8284539932e-01	2.6852401603e+04
1.2402158719e+07	9.8284578127e-01	2.6847299562e+04
1.2402158719e+07	9.8284616378e-01	2.6842197437e+04
1.2402158719e+07	9.8284654685e-01	2.6837095200e+04
1.2402158719e+07	9.8284693047e-01	2.6831992846e+04
1.2402158719e+07	9.8284731464e-01	2.6826890370e+04
1.2402158719e+07	9.8284769936e-01	2.6821787763e+04
1.2402158719e+07	9.8284808461e-01	2.6816685017e+04
1.2402158719e+07	9.8284847039e-01	2.6811582121e+04
1.2402158719e+07	9.8284885669e-01	2.6806479065e+04
1.2402158719e+07	9.8284924352e-01	2.6801375836e+04
1.2402158719e+07	9.8284963087e-01	2.6796272419e+04
1.2402158719e+07	9.8285001873e-01	2.6791168800e+04
1.2402158719e+07	9.8285040710e-01	2.6786064967e+04
1.2402158719e+07	9.8285079597e-01	2.6780960904e+04
1.2402158719e+07	9.8285118534e-01	2.6775856596e+04
1.2402158719e+07	9.8285157521e-01	2.6770752025e+04
1.2402158719e+07	9.8285196556e-01	2.6765647176e+04
1.2402158719e+07	9.8285235640e-01	2.6760542031e+04
1.2402158719e+07	9.8285274773e-01	2.6755436571e+04
1.2402158719e+07	9.8285313953e-01	2.6750330777e+04
1.2402158719e+07	9.8285353181e-01	2.6745224629e+04
1.2402158719e+07	9.8285392455e-01	2.6740118107e+04
1.2402158719e+07	9.8285431776e-01	2.6735011190e+04
1.2402158719e+07	9.8285471144e-01	2.6729903856e+04
1.2402158719e+07	9.8285510557e-01	2.6724796084e+04
1.2402158719e+07	9.8285550016e-01	2.6719687851e+04
1.2402158719e+07	9.8285589520e-01	2.6714579134e+04
1.2402158719e+07	9.8285629069e-01	2.6709469909e+04
1.2402158719e+07	9.8285668662e-01	2.6704360151e+04
1.2402158719e+07	9.8285708299e-01	2.6699249837e+04
1.2402158719e+07	9.8285747980e-01	2.6694138939e+04
1.2402158719e+07	9.8285787705e-01	2.6689027436e+04
1.2402158719e+07	9.8285827472e-01	2.6683915312e+04
1.2402158719e+07	9.8285867282e-01	2.6678802527e+04
1.2402158719e+07	9.8285907135e-01	2.6673689046e+04
1.2402158719e+07	9.8285947030e-01	2.6668574848e+04
1.2402158719e+07	9.8285986967e-01	2.6663459904e+04
1.2402158719e+07	9.8286026945e-01	2.6658344187e+04
1.2402158719e+07	9.8286066965e-01	2.6653227667e+04
1.2402158719e+07	9.8286107038e-01	2.6648141557e+04
1.2402158719e+07	9.8286147165e-01	2.6643093258e+04
1.2402158719e+07	9.8286186715e-01	2.6638043986e+04
1.2402158719e+07	9.8286225918e-01	2.6632993874e+04
1.2402158719e+07	9.8286264747e-01	2.6627942903e+04
1.2402158719e+07	9.8286303102e-01	2.6622891081e+04
1.2402158719e+07	9.8286341496e-01	2.6617838164e+04
1.2402158719e+07	9.8286379226e-01	2.6612784418e+04
1.2402158719e+07	9.8286416819e-01	2.6607729591e+04
1.2402158719e+07	9.8286452000e-01	2.6602674685e+04
1.2402158719e+07	9.8286484863e-01	2.6597619625e+04
1.2402158719e+07	9.8286517765e-01	2.6592563333e+04
1.2402158719e+07	9.8286550704e-01	2.6587505779e+04
1.2402158719e+07	9.8286583681e-01	2.6582446929e+04
1.2402158719e+07	9.8286616695e-01	2.6577386752e+04
1.2402158719e+07	9.8286649748e-01	2.6572325214e+04
1.2402158719e+07	9.8286682837e-01	2.6567262284e+04
1.2402158719e+07	9.8286715964e-01	2.6562197928e+04
1.2402158719e+07	9.8286749128e-01	2.6557132114e+04
1.2402158719e+07	9.8286782328e-01	2.6552064808e+04
1.2402158719e+07	9.8286815566e-01	2.6546995977e+04
1.2402158719e+07	9.8286848839e-01	2.6541925587e+04
1.2402158719e+07	9.8286882150e-01	2.6536853605e+04
1.2402158719e+07	9.8286915496e-01	2.6531780013e+04
1.2402158719e+07	9.8286948878e-01	2.6526704771e+04
1.2402158719e+07	9.8286982297e-01	2.6521627832e+04
1.2402158719e+07	9.8287015751e-01	2.6516549167e+04
1.2402158719e+07	9.8287049241e-01	2.6511468742e+04
1.2402158719e+07	9.8287082767e-01	2.6506386527e+04
1.2402158719e+07	9.8287116328e-01	2.6501302487e+04
1.2402158719e+07	9.8287149924e-01	2.6496216590e+04
1.2402158719e+07	9.8287183556e-01	2.6491128806e+04
1.2402158719e+07	9.8287217222e-01	2.6486039101e+04
1.2402158719e+07	9.8287250924e-01	2.6480947445e+04
1.2402158719e+07	9.8287284660e-01	2.6475853804e+04
1.2402158719e+07	9.8287318431e-01	2.6470758148e+04
1.2402158719e+07	9.8287352237e-01	2.6465660444e+04
1.2402158719e+07	9.8287386078e-01	2.6460560660e+04
1.2402158719e+07	9.8287419952e-01	2.6455458766e+04
1.2402158719e+07	9.8287453861e-01	2.6450354733e+04
1.2401623772e+07	9.8287487805e-01	2.6445602221e+04
1.2401623772e+07	9.8326510716e-01	2.6436033223e+04
1.2401623772e+07	9.8326545048e-01	2.6430566680e+04
1.2401623772e+07	9.8326579258e-01	2.6425146806e+04
1.2401623772e+07	9.8326613435e-01	2.6419725733e+04
1.2401623772e+07	9.8326647614e-01	2.6414303326e+04
1.2401623772e+07	9.8326681366e-01	2.6409021370e+04
1.2400173530e+07	9.8326714745e-01	2.6404842904e+04
1.2400173530e+07	9.8322971501e-01	2.6389730099e+04
1.2400173530e+07	9.8323238083e-01	2.6384192690e+04
1.2400173530e+07	9.8323503862e-01	2.6378664229e+04
1.2400173530e+07	9.8323768968e-01	2.6373134491e+04
1.2400173530e+07	9.8324033451e-01	2.6367603398e+04
1.2400173530e+07	9.8324297335e-01	2.6362070917e+04
1.2398531368e+07	9.8324560630e-01	2.6357621459e+04
1.2398531368e+07	9.8307388823e-01	2.6259119675e+04
1.2398531368e+07	9.8300681659e-01	2.6261771482e+04
1.2398531368e+07	9.8293954071e-01	2.6264548608e+04
1.2398531368e+07	9.8287206892e-01	2.6267673446e+04
1.2398531368e+07	9.8280439193e-01	2.6271205588e+04
1.2398531368e+07	9.8273652164e-01	2.6275077124e+04
1.2398531368e+07	9.8266845429e-01	2.6279221442e+04
1.2398531368e+07	9.8260018628e-01	2.6283588505e+04
1.2398531368e+07	9.8253172383e-01	2.6288141350e+04
1.2398531368e+07	9.8246306841e-01	2.6292852901e+04
1.2398531368e+07	9.8239420412e-01	2.6297703885e+04
1.2398531368e+07	9.8232515552e-01	2.6302676726e+04
1.2398531368e+07	9.8225589694e-01	2.6307760663e+04
1.2398531368e+07	9.8218644894e-01	2.6312943901e+04
1.2398531368e+07	9.8211678698e-01	2.6318219737e+04
1.2398531368e+07	9.8204693662e-01	2.6323578979e+04
1.2398531368e+07	9.8197688397e-01	2.6329016442e+04
1.2398531368e+07	9.8190661304e-01	2.6334527927e+04
1.2398531368e+07	9.8183612970e-01	2.6340108149e+04
1.2398531368e+07	9.8176544271e-01	2.6345752062e+04
1.2398531368e+07	9.8169457262e-01	2.6351454030e+04
1.2398531368e+07	9.8162349617e-01	2.6357212262e+04
1.2398531368e+07	9.8155219238e-01	2.6363025070e+04
1.2398531368e+07	9.8148067491e-01	2.6368888153e+04
1.2398531368e+07	9.8140897419e-01	2.6374795970e+04
1.2398531368e+07	9.8133706371e-01	2.6380747833e+04
1.2398531368e+07	9.8126491949e-01	2.6386743002e+04
1.2398531368e+07	9.8119256555e-01	2.6392776890e+04
1.2398531368e+07	9.8112000409e-01	2.6398846895e+04
1.2398531368e+07	9.8104724579e-01	2.6404949900e+04
1.2398531368e+07	9.8097425624e-01	2.6411086867e+04
1.2398531368e+07	9.8090106881e-01	2.6417253390e+04
1.2398531368e+07	9.8082763204e-01	2.6423452736e+04
1.2398531368e+07	9.8075398524e-01	2.6429681090e+04
1.2398531368e+07	9.8068011934e-01	2.6435939563e+04
1.2398531368e+07	9.8060606161e-01	2.6442227150e+04
1.2398531368e+07	9.8053178366e-01	2.6448548810e+04
1.2398531368e+07	9.8045726443e-01	2.6454910311e+04
1.2398531368e+07	9.8038251020e-01	2.6461316720e+04
1.2398531368e+07	9.8030752959e-01	2.6467774682e+04
1.2398531368e+07	9.8023232959e-01	2.6474292869e+04
1.2398531368e+07	9.8015690115e-01	2.6480883231e+04
1.2398531368e+07	9.8008124072e-01	2.6487559085e+04
1.2398531368e+07	9.8000535002e-01	2.6494334975e+04
1.2398531368e+07	9.7992924103e-01	2.6501225940e+04
1.2398531368e+07	9.7985291506e-01	2.6508249103e+04
1.2398531368e+07	9.7977633344e-01	2.6515426199e+04
1.2398531368e+07	9.7969950084e-01	2.6522775361e+04
1.2398531368e+07	9.7962243162e-01	2.6530313169e+04
1.2398531368e+07	9.7954509591e-01	2.6538060998e+04
1.2398531368e+07	9.7946750651e-01	2.6546035792e+04
1.2398531368e+07	9.7938969866e-01	2.6554251408e+04
1.2398531368e+07	9.7931163681e-01	2.6562727002e+04
1.2398531368e+07	9.7923329184e-01	2.6571479504e+04
1.2398531368e+07	9.7915471794e-01	2.6580514081e+04
1.2398531368e+07	9.7907588721e-01	2.6589841217e+04
1.2398531368e+07	9.7899679851e-01	2.6599466044e+04
1.2398531368e+07	9.7891747826e-01	2.6609385400e+04
1.2398531368e+07	9.7883787275e-01	2.6619603960e+04
1.2398531368e+07	9.7875802233e-01	2.6630109805e+04
1.2398531368e+07	9.7867795784e-01	2.6640888407e+04
1.2398531368e+07	9.7859764409e-01	2.6651931099e+04
1.2398531368e+07	9.7851706209e-01	2.6663224803e+04
1.2398531368e+07	9.7843622302e-01	2.6674750395e+04
1.2398531368e+07	9.7835515553e-01	2.6686484821e+04
1.2398531368e+07	9.7827381892e-01	2.6698414395e+04
1.2398531368e+07	9.7819223148e-01	2.6710516627e+04
1.2398531368e+07	9.7811038388e-01	2.6722773328e+04
1.2398531368e+07	9.7802830306e-01	2.6735161390e+04
1.2398531368e+07	9.7794596603e-01	2.6747666064e+04
1.2398531368e+07	9.7786335203e-01	2.6760273285e+04
1.2398531368e+07	9.7778049966e-01	2.6773025709e+04
1.2398531368e+07	9.7769736293e-01	2.6785913489e+04
1.2398531368e+07	9.7761399105e-01	2.6798852660e+04
1.2398531368e+07	9.7753032743e-01	2.6811839521e+04
1.2398531368e+07	9.7744640240e-01	2.6824857371e+04
1.2398531368e+07	9.7736223286e-01	2.6837892674e+04
1.2398531368e+07	9.7727780909e-01	2.6850936976e+04
1.2398531368e+07	9.7719309560e-01	2.6863986911e+04
1.2398531368e+07	9.7710812993e-01	2.6877031682e+04
1.2398531368e+07	9.7702289056e-01	2.6890104834e+04
1.2398531368e+07	9.7693736972e-01	2.6903613653e+04
1.2398531368e+07	9.7686784497e-01	2.6921283491e+04
1.2398531368e+07	9.7686595628e-01	2.6977888171e+04
1.2398531368e+07	9.7686345174e-01	2.7000377340e+04
1.2398531368e+07	9.7686114632e-01	2.7014152148e+04
1.2398531368e+07	9.7685890031e-01	2.7024314687e+04
1.2398531368e+07	9.7685670331e-01	2.7031102191e+04
1.2398531368e+07	9.7685454041e-01	2.7035442706e+04
1.2398531368e+07	9.7685239735e-01	2.7038310954e+04
1.2398531368e+07	9.7685026270e-01	2.7040427822e+04
1.2398531368e+07	9.7684813623e-01	2.7042065065e+04
1.2398531368e+07	9.7684601506e-01	2.7043451487e+04
1.2398531368e+07	9.7684389777e-01	2.7044688640e+04
1.2398531368e+07	9.7684178357e-01	2.7045826892e+04
1.2398531368e+07	9.7683966845e-01	2.7046956629e+04
1.2398531368e+07	9.7683755510e-01	2.7048040572e+04
1.2398531368e+07	9.7683544398e-01	2.7049079985e+04
1.2398531368e+07	9.7683333493e-01	2.7050084162e+04
1.2398531368e+07	9.7683122788e-01	2.7051059189e+04
1.2398531368e+07	9.7682911973e-01	2.7052064740e+04
1.2398531368e+07	9.7682701324e-01	2.7053055607e+04
1.2398531368e+07	9.7682490923e-01	2.7054022442e+04
1.2398531368e+07	9.7682280811e-01	2.7054964892e+04
1.2398531368e+07	9.7682071002e-01	2.7055893466e+04
1.2398531368e+07	9.7681861490e-01	2.7056837470e+04
1.2398531368e+07	9.7681652783e-01	2.7057732708e+04
1.2398531368e+07	9.7681445317e-01	2.7058557906e+04
1.2398531368e+07	9.7681239833e-01	2.7059275673e+04
1.2398531368e+07	9.7681059943e-01	2.7059795294e+04
1.2398531368e+07	9.7680891200e-01	2.7060063867e+04
1.2398531368e+07	9.7680731977e-01	2.7059966468e+04
1.2398531368e+07	9.7680583678e-01	2.7059306775e+04
1.2398531368e+07	9.7680451153e-01	2.7057763630e+04
1.2398531368e+07	9.7680345799e-01	2.7054818562e+04
1.2398531368e+07	9.7680267065e-01	2.7049934486e+04
1.2398531368e+07	9.7680231010e-01	2.7044840388e+04
1.2398531368e+07	9.7680217573e-01	2.7039634210e+04
1.2398531368e+07	9.7680221991e-01	2.7034367782e+04
1.2398531368e+07	9.7680246509e-01	2.7029077230e+04
1.2398531368e+07	9.7680284791e-01	2.7023774216e+04
1.2398531368e+07	9.7680331047e-01	2.7018464982e+04
1.2398531368e+07	9.7680381895e-01	2.7013153008e+04
1.2398531368e+07	9.7680435396e-01	2.7007840244e+04
1.2398531368e+07	9.7680490437e-01	2.7002527786e+04
1.2398531368e+07	9.7680546378e-01	2.6997216260e+04
1.2398531368e+07	9.7680602848e-01	2.6991905988e+04
1.2398531368e+07	9.7680659635e-01	2.6986597135e+04
1.2398531368e+07	9.7680716616e-01	2.6981289791e+04
1.2398531368e+07	9.7680773720e-01	2.6975983987e+04
1.2398531368e+07	9.7680830906e-01	2.6970679724e+04
1.2398531368e+07	9.7680888150e-01	2.6965376987e+04
1.2398531368e+07	9.7680945438e-01	2.6960075748e+04
1.2398531368e+07	9.7681002763e-01	2.6954775977e+04
1.2398531368e+07	9.7681060119e-01	2.6949477638e+04
1.2398531368e+07	9.7681117505e-01	2.6944180692e+04
1.2398531368e+07	9.7681174918e-01	2.6938885099e+04
1.2398531368e+07	9.7681232357e-01	2.6933590820e+04
1.2398531368e+07	9.7681289823e-01	2.6928297814e+04
1.2398531368e+07	9.7681347314e-01	2.6923006039e+04
1.2398531368e+07	9.7681404830e-01	2.6917715453e+04
1.2398531368e+07	9.7681462371e-01	2.6912426014e+04
1.2398531368e+07	9.7681519937e-01	2.6907137678e+04
1.2398531368e+07	9.7681577528e-01	2.6901850404e+04
1.2398531368e+07	9.7681635144e-01	2.6896564147e+04
1.2398531368e+07	9.7681692785e-01	2.6891278865e+04
1.2398531368e+07	9.7681750451e-01	2.6885994514e+04
1.2398531368e+07	9.7681808141e-01	2.6880711050e+04
1.2398531368e+07	9.7681865856e-01	2.6875428429e+04
1.2398531368e+07	9.7681923596e-01	2.6870146607e+04
1.2398531368e+07	9.7681981360e-01	2.6864865536e+04
1.2398531368e+07	9.7682039148e-01	2.6859585173e+04
1.2398531368e+07	9.7682096962e-01	2.6854305472e+04
1.2398531368e+07	9.7682154799e-01	2.6849026387e+04
1.2398531368e+07	9.7682212661e-01	2.6843747875e+04
1.2398531368e+07	9.7682270547e-01	2.6838469901e+04
1.2398531368e+07	9.7682328458e-01	2.6833192418e+04
1.2398531368e+07	9.7682386393e-01	2.6827915363e+04
1.2398531368e+07	9.7682444352e-01	2.6822638694e+04
1.2398531368e+07	9.7682502336e-01	2.6817362364e+04
1.2398531368e+07	9.7682560344e-01	2.6812086329e+04
1.2398531368e+07	9.7682618400e-01	2.6806853361e+04
1.2398531368e+07	9.7682676491e-01	2.6801649828e+04
1.2398531368e+07	9.7682733468e-01	2.6796446641e+04
1.2398531368e+07	9.7682790200e-01	2.6791243573e+04
1.2398531368e+07	9.7682846051e-01	2.6786040855e+04
1.2398531368e+07	9.7682901536e-01	2.6780838219e+04
1.2398531368e+07	9.7682956896e-01	2.6775635515e+04
1.2398531368e+07	9.7683011199e-01	2.6770433103e+04
1.2398531368e+07	9.7683065317e-01	2.6765230561e+04
1.2398531368e+07	9.7683113932e-01	2.6760030258e+04
1.2398531368e+07	9.7683161618e-01	2.6754830079e+04
1.2398531368e+07	9.7683209329e-01	2.6749629561e+04
1.2398531368e+07	9.7683257067e-01	2.6744428657e+04
1.2398531368e+07	9.7683304831e-01	2.6739227323e+04
1.2398531368e+07	9.7683352621e-01	2.6734025511e+04
1.2398531368e+07	9.7683400438e-01	2.6728823176e+04
1.2398531368e+07	9.7683448281e-01	2.6723620269e+04
1.2398531368e+07	9.7683496150e-01	2.6718416744e+04
1.2398531368e+07	9.7683544046e-01	2.6713212557e+04
1.2398531368e+07	9.7683591968e-01	2.6708007662e+04
1.2398531368e+07	9.7683639917e-01	2.6702802012e+04
1.2398531368e+07	9.7683687892e-01	2.6697595563e+04
1.2398531368e+07	9.7683735894e-01	2.6692388267e+04
1.2398531368e+07	9.7683783922e-01	2.6687180087e+04
1.2398531368e+07	9.7683831977e-01	2.6681970988e+04
1.2398531368e+07	9.7683880059e-01	2.6676760909e+04
1.2398531368e+07	9.7683928168e-01	2.6671549803e+04
1.2398531368e+07	9.7683976304e-01	2.6666337630e+04
1.2398531368e+07	9.7684024466e-01	2.6661124346e+04
1.2398531368e+07	9.7684072656e-01	2.6655909909e+04
1.2398531368e+07	9.7684120872e-01	2.6650694277e+04
1.2398531368e+07	9.7684169116e-01	2.6645477405e+04
1.2398531368e+07	9.7684217387e-01	2.6640259251e+04
1.2398531368e+07	9.7684265685e-01	2.6635039773e+04
1.2398531368e+07	9.7684314010e-01	2.6629818928e+04
1.2398531368e+07	9.7684362362e-01	2.6624596678e+04
1.2398531368e+07	9.7684410742e-01	2.6619372982e+04
1.2398531368e+07	9.7684459149e-01	2.6614147799e+04
1.2398531368e+07	9.7684507584e-01	2.6608921091e+04
1.2398531368e+07	9.7684556046e-01	2.6603692819e+04
1.2398531368e+07	9.7684604536e-01	2.6598462945e+04
1.2398531368e+07	9.7684653054e-01	2.6593231430e+04
1.2398531368e+07	9.7684701599e-01	2.6587998239e+04
1.2398531368e+07	9.7684750172e-01	2.6582763333e+04
1.2398531368e+07	9.7684798773e-01	2.6577526678e+04
1.2398531368e+07	9.7684847401e-01	2.6572288237e+04
1.2398531368e+07	9.7684896058e-01	2.6567047976e+04
1.2398531368e+07	9.7684944742e-01	2.6561805858e+04
1.2398531368e+07	9.7684993455e-01	2.6556561847e+04
1.2398531368e+07	9.7685042195e-01	2.6551315911e+04
1.2398531368e+07	9.7685090964e-01	2.6546068019e+04
1.2398531368e+07	9.7685139761e-01	2.6540818140e+04
1.2398531368e+07	9.7685188586e-01	2.6535566257e+04
1.2398531368e+07	9.7685237439e-01	2.6530312329e+04
1.2398531368e+07	9.7685286321e-01	2.6525056319e+04
1.2398531368e+07	9.7685335231e-01	2.6519798200e+04
1.2398060722e+07	9.7685384169e-01	2.6514852268e+04
1.2398060722e+07	9.7729206261e-01	2.6462467525e+04
1.2398060722e+07	9.7729255739e-01	2.6456907424e+04
1.2398060722e+07	9.7729305048e-01	2.6451420605e+04
1.2398060722e+07	9.7729354264e-01	2.6445932056e+04
1.2398060722e+07	9.7729403434e-01	2.6440441603e+04
1.2398060722e+07	9.7729452586e-01	2.6434949206e+04
1.2394417433e+07	9.7729501737e-01	2.6431878210e+04
1.2394417433e+07	9.7709513436e-01	2.6444936335e+04
1.2394417433e+07	9.7702571125e-01	2.6447985277e+04
1.2394417433e+07	9.7695606713e-01	2.6450931094e+04
1.2394417433e+07	9.7688619945e-01	2.6453783410e+04
1.2394417433e+07	9.7681612492e-01	2.6456972844e+04
1.2394417433e+07	9.7674584969e-01	2.6460663585e+04
1.2394417433e+07	9.7667536427e-01	2.6464805579e+04
1.2394417433e+07	9.7660467859e-01	2.6469310165e+04
1.2394417433e+07	9.7653378779e-01	2.6474102204e+04
1.2394417433e+07	9.7646268109e-01	2.6479125651e+04
1.2394417433e+07	9.7639137421e-01	2.6484337715e+04
1.2394417433e+07	9.7631985321e-01	2.6489708677e+04
1.2394417433e+07	9.7624812334e-01	2.6495215122e+04
1.2394417433e+07	9.7617618572e-01	2.6500839340e+04
1.2394417433e+07	9.7610403087e-01	2.6506568304e+04
1.2394417433e+07	9.7603168569e-01	2.6512388836e+04
1.2394417433e+07	9.7595912321e-01	2.6518294109e+04
1.2394417433e+07	9.7588633953e-01	2.6524276962e+04
1.2394417433e+07	9.7581335173e-01	2.6530329616e+04
1.2394417433e+07	9.7574014386e-01	2.6536447885e+04
1.2394417433e+07	9.7566672287e-01	2.6542626326e+04
1.2394417433e+07	9.7559309748e-01	2.6548859840e+04
1.2394417433e+07	9.7551926802e-01	2.6555144429e+04
1.2394417433e+07	9.7544520646e-01	2.6561478853e+04
1.2394417433e+07	9.7537094438e-01	2.6567857015e+04
1.2394417433e+07	9.7529643910e-01	2.6574279461e+04
1.2394417433e+07	9.7522171830e-01	2.6580740861e+04
1.2394417433e+07	9.7514678059e-01	2.6587238635e+04
1.2394417433e+07	9.7507161373e-01	2.6593771405e+04
1.2394417433e+07	9.7499624323e-01	2.6600334813e+04
1.2394417433e+07	9.7492063218e-01	2.6606930376e+04
1.2394417433e+07	9.7484482727e-01	2.6613552801e+04
1.2394417433e+07	9.7476876663e-01	2.6620207024e+04
1.2394417433e+07	9.7469251024e-01	2.6626888118e+04
1.2394417433e+07	9.7461600750e-01	2.6633601980e+04
1.2394417433e+07	9.7453927295e-01	2.6640350053e+04
1.2394417433e+07	9.7446233570e-01	2.6647134029e+04
1.2394417433e+07	9.7438516831e-01	2.6653962340e+04
1.2394417433e+07	9.7430773455e-01	2.6660846115e+04
1.2394417433e+07	9.7423010113e-01	2.6667789306e+04
1.2394417433e+07	9.7415220212e-01	2.6674809792e+04
1.2394417433e+07	9.7407406076e-01	2.6681919373e+04
1.2394417433e+07	9.7399568511e-01	2.6689132988e+04
1.2394417433e+07	9.7391708253e-01	2.6696467101e+04
1.2394417433e+07	9.7383823536e-01	2.6703941692e+04
1.2394417433e+07	9.7375914923e-01	2.6711575368e+04
1.2394417433e+07	9.7367981121e-01	2.6719388953e+04
1.2394417433e+07	9.7360026058e-01	2.6727398020e+04
1.2394417433e+07	9.7352043448e-01	2.6735628016e+04
1.2394417433e+07	9.7344035963e-01	2.6744094429e+04
1.2394417433e+07	9.7336006618e-01	2.6752810690e+04
1.2394417433e+07	9.7327952382e-01	2.6761794749e+04
1.2394417433e+07	9.7319873002e-01	2.6771059103e+04
1.2394417433e+07	9.7311767579e-01	2.6780613289e+04
1.2394417433e+07	9.7303629053e-01	2.6790469603e+04
1.2394417433e+07	9.7295466413e-01	2.6800619066e+04
1.2394417433e+07	9.7287272905e-01	2.6811068545e+04
1.2394417433e+07	9.7279054016e-01	2.6821806498e+04
1.2394417433e+07	9.7270810404e-01	2.6832821470e+04
1.2394417433e+07	9.7262540730e-01	2.6844103080e+04
1.2394417433e+07	9.7254241678e-01	2.6855638996e+04
1.2394417433e+07	9.7245915503e-01	2.6867409167e+04
1.2394417433e+07	9.7237561616e-01	2.6879394827e+04
1.2394417433e+07	9.7229182236e-01	2.6891574212e+04
1.2394417433e+07	9.7220778868e-01	2.6903924877e+04
1.2394417433e+07	9.7212347287e-01	2.6916433102e+04
1.2394417433e+07	9.7203891474e-01	2.6929073569e+04
1.2394417433e+07	9.7195409309e-01	2.6941830966e+04
1.2394417433e+07	9.7186898319e-01	2.6954691616e+04
1.2394417433e+07	9.7178362670e-01	2.6967632908e+04
1.2394417433e+07	9.7169799079e-01	2.6980644820e+04
1.2394417433e+07	9.7161210550e-01	2.6993708886e+04
1.2394417433e+07	9.7152591490e-01	2.7006821012e+04
1.2394417433e+07	9.7143947235e-01	2.7019961446e+04
1.2394417433e+07	9.7135275942e-01	2.7033162473e+04
1.2394417433e+07	9.7126579253e-01	2.7046462380e+04
1.2394417433e+07	9.7117852409e-01	2.7059768903e+04
1.2394417433e+07	9.7109100957e-01	2.7073066255e+04
1.2394417433e+07	9.7100321939e-01	2.7086353929e+04
1.2394417433e+07	9.7091515111e-01	2.7099650563e+04
1.2394417433e+07	9.7082678991e-01	2.7113225168e+04
1.2394417433e+07	9.7073957929e-01	2.7129964078e+04
1.2394417433e+07	9.7073748008e-01	2.7173671063e+04
1.2394417433e+07	9.7073431238e-01	2.7211572668e+04
1.2394417433e+07	9.7073187787e-01	2.7224446161e+04
1.2394417433e+07	9.7072951336e-01	2.7233908690e+04
1.2394417433e+07	9.7072720522e-01	2.7240198055e+04
1.2394417433e+07	9.7072493564e-01	2.7244241907e+04
1.2394417433e+07	9.7072268772e-01	2.7246965083e+04
1.2394417433e+07	9.7072044820e-01	2.7249022573e+04
1.2394417433e+07	9.7071821810e-01	2.7250651476e+04
1.2394417433e+07	9.7071599431e-01	2.7252050780e+04
1.2394417433e+07	9.7071377523e-01	2.7253309873e+04
1.2394417433e+07	9.7071155997e-01	2.7254474538e+04
1.2394417433e+07	9.7070934232e-01	2.7255638406e+04
1.2394417433e+07	9.7070712700e-01	2.7256754505e+04
1.2394417433e+07	9.7070491452e-01	2.7257826934e+04
1.2394417433e+07	9.7070270468e-01	2.7258864491e+04
1.2394417433e+07	9.7070049739e-01	2.7259872953e+04
1.2394417433e+07	9.7069828733e-01	2.7260918431e+04
1.2394417433e+07	9.7069607957e-01	2.7261944315e+04
1.2394417433e+07	9.7069387490e-01	2.7262945596e+04
1.2394417433e+07	9.7069167377e-01	2.7263921613e+04
1.2394417433e+07	9.7068947550e-01	2.7264888749e+04
1.2394417433e+07	9.7068727991e-01	2.7265864832e+04
1.2394417433e+07	9.7068509358e-01	2.7266788673e+04
1.2394417433e+07	9.7068292136e-01	2.7267636730e+04
1.2394417433e+07	9.7068083381e-01	2.7268348496e+04
1.2394417433e+07	9.7067899911e-01	2.7268863472e+04
1.2394417433e+07	9.7067725921e-01	2.7269120909e+04
1.2394417433e+07	9.7067561840e-01	2.7268996164e+04
1.2394417433e+07	9.7067410448e-01	2.7268280324e+04
1.2394417433e+07	9.7067279616e-01	2.7266632800e+04
1.2394417433e+07	9.7067183082e-01	2.7263505757e+04
1.2394417433e+07	9.7067125276e-01	2.7258607735e+04
1.2394417433e+07	9.7067108976e-01	2.7253507513e+04
1.2394417433e+07	9.7067114241e-01	2.7248297518e+04
1.2394417433e+07	9.7067132891e-01	2.7243020716e+04
1.2394417433e+07	9.7067160781e-01	2.7237699354e+04
1.2394417433e+07	9.7067195943e-01	2.7232346931e+04
1.2394417433e+07	9.7067238876e-01	2.7226979512e+04
1.2394417433e+07	9.7067290270e-01	2.7221604678e+04
1.2394417433e+07	9.7067348479e-01	2.7216225163e+04
1.2394417433e+07	9.7067411589e-01	2.7210842944e+04
1.2394417433e+07	9.7067478175e-01	2.7205459390e+04
1.2394417433e+07	9.7067547226e-01	2.7200075443e+04
1.2394417433e+07	9.7067618026e-01	2.7194691746e+04
1.2394417433e+07	9.7067690070e-01	2.7189308739e+04
1.2394417433e+07	9.7067763001e-01	2.7183926716e+04
1.2394417433e+07	9.7067836564e-01	2.7178545870e+04
1.2394417433e+07	9.7067910582e-01	2.7173166325e+04
1.2394417433e+07	9.7067984925e-01	2.7167788152e+04
1.2394417433e+07	9.7068059506e-01	2.7162411388e+04
1.2394417433e+07	9.7068134259e-01	2.7157036046e+04
1.2394417433e+07	9.7068209140e-01	2.7151662119e+04
1.2394417433e+07	9.7068284116e-01	2.7146289586e+04
1.2394417433e+07	9.7068359165e-01	2.7140918420e+04
1.2394417433e+07	9.7068434270e-01	2.7135548586e+04
1.2394417433e+07	9.7068509421e-01	2.7130180047e+04
1.2394417433e+07	9.7068584608e-01	2.7124812758e+04
1.2394417433e+07	9.7068659827e-01	2.7119446675e+04
1.2394417433e+07	9.7068735074e-01	2.7114081753e+04
1.2394417433e+07	9.7068810344e-01	2.7108717942e+04
1.2394417433e+07	9.7068885637e-01	2.7103355195e+04
1.2394417433e+07	9.7068960952e-01	2.7097993462e+04
1.2394417433e+07	9.7069036286e-01	2.7092632695e+04
1.2394417433e+07	9.7069111639e-01	2.7087272850e+04
1.2394417433e+07	9.7069187011e-01	2.7081913887e+04
1.2394417433e+07	9.7069262402e-01	2.7076555731e+04
1.2394417433e+07	9.7069337812e-01	2.7071198333e+04
1.2394417433e+07	9.7069413240e-01	2.7065841644e+04
1.2394417433e+07	9.7069488686e-01	2.7060485614e+04
1.2394417433e+07	9.7069564190e-01	2.7055188329e+04
1.2394417433e+07	9.7069639661e-01	2.7049906451e+04
1.2394417433e+07	9.7069713403e-01	2.7044625636e+04
1.2394417433e+07	9.7069787163e-01	2.7039345167e+04
1.2394417433e+07	9.7069859370e-01	2.7034065685e+04
1.2394417433e+07	9.7069931507e-01	2.7028786488e+04
1.2394417433e+07	9.7070003032e-01	2.7023507764e+04
1.2394417433e+07	9.7070073632e-01	2.7018229603e+04
1.2394417433e+07	9.7070142571e-01	2.7012952310e+04
1.2394417433e+07	9.7070204643e-01	2.7007678196e+04
1.2394417433e+07	9.7070266738e-01	2.7002404096e+04
1.2394417433e+07	9.7070328856e-01	2.6997129962e+04
1.2394417433e+07	9.7070390996e-01	2.6991855743e+04
1.2394417433e+07	9.7070453159e-01	2.6986581388e+04
1.2394417433e+07	9.7070515344e-01	2.6981306847e+04
1.2394417433e+07	9.7070577553e-01	2.6976032069e+04
1.2394417433e+07	9.7070639785e-01	2.6970757005e+04
1.2394417433e+07	9.7070702040e-01	2.6965481605e+04
1.2394417433e+07	9.7070764318e-01	2.6960205820e+04
1.2394417433e+07	9.7070826620e-01	2.6954929601e+04
1.2394417433e+07	9.7070888945e-01	2.6949652898e+04
1.2394417433e+07	9.7070951294e-01	2.6944375664e+04
1.2394417433e+07	9.7071013667e-01	2.6939097849e+04
1.2394417433e+07	9.7071076064e-01	2.6933819412e+04
1.2394417433e+07	9.7071138485e-01	2.6928540313e+04
1.2394417433e+07	9.7071200931e-01	2.6923260487e+04
1.2394417433e+07	9.7071263401e-01	2.6917979882e+04
1.2394417433e+07	9.7071325895e-01	2.6912698457e+04
1.2394417433e+07	9.7071388414e-01	2.6907416164e+04
1.2394417433e+07	9.7071450959e-01	2.6902132957e+04
1.2394417433e+07	9.7071513528e-01	2.6896848791e+04
1.2394417433e+07	9.7071576122e-01	2.6891563621e+04
1.2394417433e+07	9.7071638742e-01	2.6886277401e+04
1.2394417433e+07	9.7071701387e-01	2.6880990087e+04
1.2394417433e+07	9.7071764058e-01	2.6875701635e+04
1.2394417433e+07	9.7071826754e-01	2.6870412002e+04
1.2394417433e+07	9.7071889480e-01	2.6865121144e+04
1.2394417433e+07	9.7071952280e-01	2.6859828996e+04
1.2394417433e+07	9.7072015107e-01	2.6854535539e+04
1.2394417433e+07	9.7072077960e-01	2.6849240732e+04
1.2394417433e+07	9.7072140839e-01	2.6843944531e+04
1.2394417433e+07	9.7072203744e-01	2.6838646894e+04
1.2394417433e+07	9.7072266676e-01	2.6833347783e+04
1.2393875563e+07	9.7072329635e-01	2.6828415053e+04
1.2393875563e+07	9.7117975407e-01	2.6835982188e+04
1.2393875563e+07	9.7118038589e-01	2.6830452458e+04
1.2393875563e+07	9.7118101720e-01	2.6824954074e+04
1.2393875563e+07	9.7118164819e-01	2.6819454309e+04
1.2393875563e+07	9.7118227900e-01	2.6813953061e+04
1.2393875563e+07	9.7118290975e-01	2.6808450285e+04
1.2392123099e+07	9.7118354053e-01	2.6804136513e+04
1.2392123099e+07	9.7113045714e-01	2.6794223485e+04
1.2392123099e+07	9.7113231165e-01	2.6788654732e+04
1.2392123099e+07	9.7113416344e-01	2.6783092012e+04
1.2392123099e+07	9.7113601275e-01	2.6777527704e+04
1.2392123099e+07	9.7113786002e-01	2.6771961725e+04
1.2392123099e+07	9.7113970561e-01	2.6766394032e+04
1.2390421843e+07	9.7114154941e-01	2.6761980291e+04
1.2390421843e+07	9.7102464666e-01	2.6797700400e+04
1.2390421843e+07	9.7095206700e-01	2.6800952698e+04
1.2390421843e+07	9.7087924713e-01	2.6803988718e+04
1.2390421843e+07	9.7080619596e-01	2.6807412433e+04
1.2390421843e+07	9.7073293591e-01	2.6811434668e+04
1.2390421843e+07	9.7065946025e-01	2.6815949247e+04
1.2390421843e+07	9.7058576478e-01	2.6820836155e+04
1.2390421843e+07	9.7051185372e-01	2.6826008064e+04
1.2390421843e+07	9.7043772223e-01	2.6831405862e+04
1.2390421843e+07	9.7036337398e-01	2.6836988203e+04
1.2390421843e+07	9.7028882397e-01	2.6842724678e+04
1.2390421843e+07	9.7021404010e-01	2.6848596268e+04
1.2390421843e+07	9.7013905716e-01	2.6854583901e+04
1.2390421843e+07	9.7006385175e-01	2.6860676668e+04
1.2390421843e+07	9.6998841747e-01	2.6866864850e+04
1.2390421843e+07	9.6991277975e-01	2.6873137907e+04
1.2390421843e+07	9.6983692221e-01	2.6879490091e+04
1.2390421843e+07	9.6976084407e-01	2.6885915373e+04
1.2390421843e+07	9.6968453918e-01	2.6892408958e+04
1.2390421843e+07	9.6960801743e-01	2.6898965269e+04
1.2390421843e+07	9.6953127248e-01	2.6905580586e+04
1.2390421843e+07	9.6945428550e-01	2.6912252639e+04
1.2390421843e+07	9.6937709142e-01	2.6918974769e+04
1.2390421843e+07	9.6929964442e-01	2.6925747610e+04
1.2390421843e+07	9.6922198266e-01	2.6932564613e+04
1.2390421843e+07	9.6914407728e-01	2.6939425315e+04
1.2390421843e+07	9.6906594510e-01	2.6946325375e+04
1.2390421843e+07	9.6898758030e-01	2.6953262640e+04
1.2390421843e+07	9.6890899146e-01	2.6960233894e+04
1.2390421843e+07	9.6883016407e-01	2.6967238251e+04
1.2390421843e+07	9.6875113278e-01	2.6974270795e+04
1.2390421843e+07	9.6867183403e-01	2.6981335880e+04
1.2390421843e+07	9.6859231152e-01	2.6988428874e+04
1.2390421843e+07	9.6851258076e-01	2.6995548507e+04
1.2390421843e+07	9.6843260362e-01	2.7002699336e+04
1.2390421843e+07	9.6835239818e-01	2.7009882122e+04
1.2390421843e+07	9.6827194561e-01	2.7017102468e+04
1.2390421843e+07	9.6819125298e-01	2.7024365377e+04
1.2390421843e+07	9.6811028542e-01	2.7031681603e+04
1.2390421843e+07	9.6802910785e-01	2.7039054905e+04
1.2390421843e+07	9.6794766384e-01	2.7046502237e+04
1.2390421843e+07	9.6786595849e-01	2.7054037033e+04
1.2390421843e+07	9.6778402397e-01	2.7061672142e+04
1.2390421843e+07	9.6770184759e-01	2.7069426221e+04
1.2390421843e+07	9.6761942519e-01	2.7077318483e+04
1.2390421843e+07	9.6753675538e-01	2.7085368836e+04
1.2390421843e+07	9.6745380031e-01	2.7093601362e+04
1.2390421843e+07	9.6737057786e-01	2.7102034175e+04
1.2390421843e+07	9.6728705892e-01	2.7110688529e+04
1.2390421843e+07	9.6720323209e-01	2.7119584549e+04
1.2390421843e+07	9.6711915476e-01	2.7128734017e+04
1.2390421843e+07	9.6703476532e-01	2.7138160367e+04
1.2390421843e+07	9.6695012888e-01	2.7147867616e+04
1.2390421843e+07	9.6686522140e-01	2.7157869220e+04
1.2390421843e+07	9.6678003203e-01	2.7168170388e+04
1.2390421843e+07	9.6669453892e-01	2.7178776643e+04
1.2390421843e+07	9.6660876082e-01	2.7189681160e+04
1.2390421843e+07	9.6652271068e-01	2.7200877686e+04
1.2390421843e+07	9.6643636457e-01	2.7212358875e+04
1.2390421843e+07	9.6634977368e-01	2.7224103974e+04
1.2390421843e+07	9.6626294244e-01	2.7236095630e+04
1.2390421843e+07	9.6617580767e-01	2.7248324072e+04
1.2390421843e+07	9.6608838074e-01	2.7260767950e+04
1.2390421843e+07	9.6600073559e-01	2.7273396067e+04
1.2390421843e+07	9.6591277779e-01	2.7286201469e+04
1.2390421843e+07	9.6582458632e-01	2.7299152284e+04
1.2390421843e+07	9.6573609426e-01	2.7312238877e+04
1.2390421843e+07	9.6564735299e-01	2.7325435066e+04
1.2390421843e+07	9.6555833499e-01	2.7338727645e+04
1.2390421843e+07	9.6546903941e-01	2.7352100637e+04
1.2390421843e+07	9.6537944242e-01	2.7365645740e+04
1.2390421843e+07	9.6528956617e-01	2.7379272657e+04
1.2390421843e+07	9.6519943094e-01	2.7392937114e+04
1.2390421843e+07	9.6510898984e-01	2.7406635197e+04
1.2390421843e+07	9.6501828915e-01	2.7420349622e+04
1.2390421843e+07	9.6492728769e-01	2.7434077435e+04
1.2390421843e+07	9.6483600972e-01	2.7447806541e+04
1.2390421843e+07	9.6474445187e-01	2.7461529922e+04
1.2390421843e+07	9.6465260601e-01	2.7475242678e+04
1.2390421843e+07	9.6456047017e-01	2.7488947758e+04
1.2390421843e+07	9.6446803733e-01	2.7502738684e+04
1.2390421843e+07	9.6437522535e-01	2.7517690443e+04
1.2390421843e+07	9.6433524038e-01	2.7542546677e+04
1.2390421843e+07	9.6433044957e-01	2.7608086395e+04
1.2390421843e+07	9.6432785406e-01	2.7620391133e+04
1.2390421843e+07	9.6432533854e-01	2.7629506862e+04
1.2390421843e+07	9.6432288642e-01	2.7635552436e+04
1.2390421843e+07	9.6432047718e-01	2.7639461235e+04
1.2390421843e+07	9.6431809125e-01	2.7642135022e+04
1.2390421843e+07	9.6431571374e-01	2.7644189959e+04
1.2390421843e+07	9.6431334693e-01	2.7645843832e+04
1.2390421843e+07	9.6431098745e-01	2.7647278839e+04
1.2390421843e+07	9.6430863356e-01	2.7648577797e+04
1.2390421843e+07	9.6430628424e-01	2.7649784103e+04
1.2390421843e+07	9.6430393073e-01	2.7650996574e+04
1.2390421843e+07	9.6430158039e-01	2.7652157977e+04
1.2390421843e+07	9.6429923352e-01	2.7653275703e+04
1.2390421843e+07	9.6429688991e-01	2.7654358298e+04
1.2390421843e+07	9.6429454944e-01	2.7655411379e+04
1.2390421843e+07	9.6429220417e-01	2.7656508491e+04
1.2390421843e+07	9.6428986222e-01	2.7657580518e+04
1.2390421843e+07	9.6428752407e-01	2.7658627068e+04
1.2390421843e+07	9.6428519022e-01	2.7659647188e+04
1.2390421843e+07	9.6428285885e-01	2.7660663658e+04
1.2390421843e+07	9.6428053048e-01	2.7661682297e+04
1.2390421843e+07	9.6427821311e-01	2.7662644616e+04
1.2390421843e+07	9.6427591241e-01	2.7663524501e+04
1.2390421843e+07	9.6427376486e-01	2.7664240957e+04
1.2390421843e+07	9.6427185821e-01	2.7664757596e+04
1.2390421843e+07	9.6427004328e-01	2.7665004928e+04
1.2390421843e+07	9.6426833546e-01	2.7664847577e+04
1.2390421843e+07	9.6426677269e-01	2.7664061294e+04
1.2390421843e+07	9.6426546540e-01	2.7662281062e+04
1.2390421843e+07	9.6426456616e-01	2.7658922144e+04
1.2390421843e+07	9.6426415795e-01	2.7653961087e+04
1.2390421843e+07	9.6426416715e-01	2.7648804263e+04
1.2390421843e+07	9.6426439528e-01	2.7643539444e+04
1.2390421843e+07	9.6426475799e-01	2.7638208378e+04
1.2390421843e+07	9.6426521212e-01	2.7632833020e+04
1.2390421843e+07	9.6426573281e-01	2.7627426316e+04
1.2390421843e+07	9.6426630446e-01	2.7621996527e+04
1.2390421843e+07	9.6426691893e-01	2.7616549271e+04
1.2390421843e+07	9.6426757878e-01	2.7611092784e+04
1.2390421843e+07	9.6426828128e-01	2.7605633016e+04
1.2390421843e+07	9.6426903250e-01	2.7600170999e+04
1.2390421843e+07	9.6426982080e-01	2.7594707898e+04
1.2390421843e+07	9.6427064074e-01	2.7589244373e+04
1.2390421843e+07	9.6427148356e-01	2.7583781129e+04
1.2390421843e+07	9.6427234451e-01	2.7578318602e+04
1.2390421843e+07	9.6427322097e-01	2.7572857045e+04
1.2390421843e+07	9.6427410854e-01	2.7567396772e+04
1.2390421843e+07	9.6427500487e-01	2.7561937966e+04
1.2390421843e+07	9.6427590816e-01	2.7556480758e+04
1.2390421843e+07	9.6427681695e-01	2.7551025239e+04
1.2390421843e+07	9.6427773011e-01	2.7545571470e+04
1.2390421843e+07	9.6427864674e-01	2.7540119490e+04
1.2390421843e+07	9.6427956642e-01	2.7534669302e+04
1.2390421843e+07	9.6428048856e-01	2.7529220912e+04
1.2390421843e+07	9.6428141245e-01	2.7523774325e+04
1.2390421843e+07	9.6428233775e-01	2.7518329524e+04
1.2390421843e+07	9.6428326419e-01	2.7512886483e+04
1.2390421843e+07	9.6428419155e-01	2.7507445173e+04
1.2390421843e+07	9.6428511967e-01	2.7502005558e+04
1.2390421843e+07	9.6428604842e-01	2.7496567601e+04
1.2390421843e+07	9.6428697769e-01	2.7491131259e+04
1.2390421843e+07	9.6428790740e-01	2.7485696490e+04
1.2390421843e+07	9.6428883748e-01	2.7480263248e+04
1.2390421843e+07	9.6428976788e-01	2.7474831485e+04
1.2390421843e+07	9.6429069857e-01	2.7469401154e+04
1.2390421843e+07	9.6429162966e-01	2.7463972198e+04
1.2390421843e+07	9.6429256126e-01	2.7458544558e+04
1.2390421843e+07	9.6429349307e-01	2.7453118196e+04
1.2390421843e+07	9.6429442508e-01	2.7447693062e+04
1.2390421843e+07	9.6429535727e-01	2.7442269103e+04
1.2390421843e+07	9.6429628963e-01	2.7436846268e+04
1.2390421843e+07	9.6429722216e-01	2.7431424505e+04
1.2390421843e+07	9.6429815485e-01	2.7426003762e+04
1.2390421843e+07	9.6429908770e-01	2.7420584002e+04
1.2390421843e+07	9.6430002071e-01	2.7415165156e+04
1.2390421843e+07	9.6430095387e-01	2.7409747165e+04
1.2390421843e+07	9.6430188751e-01	2.7404365504e+04
1.2390421843e+07	9.6430282156e-01	2.7399023219e+04
1.2390421843e+07	9.6430373974e-01	2.7393681973e+04
1.2390421843e+07	9.6430465247e-01	2.7388341510e+04
1.2390421843e+07	9.6430555193e-01	2.7383002131e+04
1.2390421843e+07	9.6430644459e-01	2.7377663492e+04
1.2390421843e+07	9.6430733488e-01	2.7372325343e+04
1.2390421843e+07	9.6430820853e-01	2.7366988278e+04
1.2390421843e+07	9.6430907819e-01	2.7361651678e+04
1.2390421843e+07	9.6430985768e-01	2.7356319484e+04
1.2390421843e+07	9.6431062698e-01	2.7350987951e+04
1.2390421843e+07	9.6431139649e-01	2.7345656557e+04
1.2390421843e+07	9.6431216622e-01	2.7340325250e+04
1.2390421843e+07	9.6431293615e-01	2.7334993978e+04
1.2390421843e+07	9.6431370630e-01	2.7329662689e+04
1.2390421843e+07	9.6431447666e-01	2.7324331332e+04
1.2390421843e+07	9.6431524725e-01	2.7318999857e+04
1.2390421843e+07	9.6431601805e-01	2.7313668209e+04
1.2390421843e+07	9.6431678907e-01	2.7308336337e+04
1.2390421843e+07	9.6431756032e-01	2.7303004190e+04
1.2390421843e+07	9.6431833179e-01	2.7297671718e+04
1.2390421843e+07	9.6431910350e-01	2.7292338870e+04
1.2390421843e+07	9.6431987543e-01	2.7287005596e+04
1.2390421843e+07	9.6432064759e-01	2.7281671846e+04
1.2390421843e+07	9.6432141999e-01	2.7276337570e+04
1.2390421843e+07	9.6432219262e-01	2.7271002720e+04
1.2390421843e+07	9.6432296549e-01	2.7265667263e+04
1.2390421843e+07	9.6432373860e-01	2.7260331131e+04
1.2390421843e+07	9.6432451195e-01	2.7254994272e+04
1.2390421843e+07	9.6432528555e-01	2.7249656642e+04
1.2390421843e+07	9.6432605939e-01	2.7244318194e+04
1.2390421843e+07	9.6432683348e-01	2.7238978881e+04
1.2390421843e+07	9.6432760782e-01	2.7233638657e+04
1.2390421843e+07	9.6432838241e-01	2.7228297473e+04
1.2390421843e+07	9.6432915726e-01	2.7222955283e+04
1.2389984841e+07	9.6432993237e-01	2.7217915955e+04
1.2389984841e+07	9.6492525314e-01	2.7201062148e+04
1.2389984841e+07	9.6492603090e-01	2.7195458901e+04
1.2389984841e+07	9.6492680814e-01	2.7189933159e+04
1.2389984841e+07	9.6492758495e-01	2.7184406487e+04
1.2389984841e+07	9.6492836145e-01	2.7178878702e+04
1.2389984841e+07	9.6492913775e-01	2.7173349754e+04
1.2387306741e+07	9.6492991395e-01	2.7169679045e+04
1.2387306741e+07	9.6479103722e-01	2.7262495167e+04
1.2387306741e+07	9.6471569527e-01	2.7265982156e+04
1.2387306741e+07	9.6464010268e-01	2.7269327262e+04
1.2387306741e+07	9.6456427195e-01	2.7273297112e+04
1.2387306741e+07	9.6448821363e-01	2.7277875790e+04
1.2387306741e+07	9.6441194010e-01	2.7282905551e+04
1.2387306741e+07	9.6433543211e-01	2.7288270505e+04
1.2387306741e+07	9.6425871160e-01	2.7293892353e+04
1.2387306741e+07	9.6418174927e-01	2.7299722473e+04
1.2387306741e+07	9.6410457674e-01	2.7305723558e+04
1.2387306741e+07	9.6402718450e-01	2.7311871291e+04
1.2387306741e+07	9.6394956738e-01	2.7318147441e+04
1.2387306741e+07	9.6387171044e-01	2.7324538884e+04
1.2387306741e+07	9.6379364154e-01	2.7331031897e+04
1.2387306741e+07	9.6371534564e-01	2.7337618405e+04
1.2387306741e+07	9.6363680423e-01	2.7344292204e+04
1.2387306741e+07	9.6355805187e-01	2.7351043707e+04
1.2387306741e+07	9.6347906374e-01	2.7357869282e+04
1.2387306741e+07	9.6339983798e-01	2.7364764006e+04
1.2387306741e+07	9.6332037273e-01	2.7371723487e+04
1.2387306741e+07	9.6324068888e-01	2.7378741726e+04
1.2387306741e+07	9.6316075435e-01	2.7385817737e+04
1.2387306741e+07	9.6308057552e-01	2.7392947387e+04
1.2387306741e+07	9.6300016805e-01	2.7400125921e+04
1.2387306741e+07	9.6291954501e-01	2.7407348975e+04
1.2387306741e+07	9.6283866624e-01	2.7414617138e+04
1.2387306741e+07	9.6275757825e-01	2.7421923330e+04
1.2387306741e+07	9.6267625160e-01	2.7429267524e+04
1.2387306741e+07	9.6259467617e-01	2.7436648142e+04
1.2387306741e+07	9.6251283879e-01	2.7444064165e+04
1.2387306741e+07	9.6243073510e-01	2.7451514138e+04
1.2387306741e+07	9.6234843505e-01	2.7458990303e+04
1.2387306741e+07	9.6226584996e-01	2.7466499116e+04
1.2387306741e+07	9.6218296832e-01	2.7474040639e+04
1.2387306741e+07	9.6209981132e-01	2.7481614363e+04
1.2387306741e+07	9.6201637539e-01	2.7489223978e+04
1.2387306741e+07	9.6193269432e-01	2.7496870868e+04
1.2387306741e+07	9.6184873955e-01	2.7504562785e+04
1.2387306741e+07	9.6176457336e-01	2.7512302575e+04
1.2387306741e+07	9.6168011950e-01	2.7520106633e+04
1.2387306741e+07	9.6159541181e-01	2.7527984016e+04
1.2387306741e+07	9.6151043652e-01	2.7535950537e+04
1.2387306741e+07	9.6142515680e-01	2.7544025550e+04
1.2387306741e+07	9.6133960833e-01	2.7552224776e+04
1.2387306741e+07	9.6125378110e-01	2.7560568864e+04
1.2387306741e+07	9.6116769051e-01	2.7569076974e+04
1.2387306741e+07	9.6108133121e-01	2.7577770807e+04
1.2387306741e+07	9.6099466749e-01	2.7586675249e+04
1.2387306741e+07	9.6090779497e-01	2.7595800942e+04
1.2387306741e+07	9.6082060890e-01	2.7605178366e+04
1.2387306741e+07	9.6073316852e-01	2.7614818856e+04
1.2387306741e+07	9.6064544141e-01	2.7624741286e+04
1.2387306741e+07	9.6055741815e-01	2.7634959105e+04
1.2387306741e+07	9.6046913212e-01	2.7645477102e+04
1.2387306741e+07	9.6038057476e-01	2.7656300808e+04
1.2387306741e+07	9.6029174950e-01	2.7667430007e+04
1.2387306741e+07	9.6020265256e-01	2.7678860967e+04
1.2387306741e+07	9.6011324418e-01	2.7690590636e+04
1.2387306741e+07	9.6002359116e-01	2.7702598052e+04
1.2387306741e+07	9.5993362295e-01	2.7714920222e+04
1.2387306741e+07	9.5984337827e-01	2.7727566514e+04
1.2387306741e+07	9.5975288230e-01	2.7740441049e+04
1.2387306741e+07	9.5966207426e-01	2.7753531983e+04
1.2387306741e+07	9.5957098309e-01	2.7766813672e+04
1.2387306741e+07	9.5947961681e-01	2.7780263575e+04
1.2387306741e+07	9.5938798723e-01	2.7793859133e+04
1.2387306741e+07	9.5929603837e-01	2.7807588904e+04
1.2387306741e+07	9.5920381261e-01	2.7821427881e+04
1.2387306741e+07	9.5911129833e-01	2.7835360529e+04
1.2387306741e+07	9.5901852014e-01	2.7849367184e+04
1.2387306741e+07	9.5892542459e-01	2.7863441450e+04
1.2387306741e+07	9.5883206531e-01	2.7877561964e+04
1.2387306741e+07	9.5873841416e-01	2.7891721137e+04
1.2387306741e+07	9.5864444777e-01	2.7905911747e+04
1.2387306741e+07	9.5855018767e-01	2.7920120811e+04
1.2387306741e+07	9.5845565119e-01	2.7934336984e+04
1.2387306741e+07	9.5836081971e-01	2.7948555195e+04
1.2387306741e+07	9.5826568215e-01	2.7962769981e+04
1.2387306741e+07	9.5817021642e-01	2.7976978819e+04
1.2387306741e+07	9.5807447440e-01	2.7991176107e+04
1.2387306741e+07	9.5797843455e-01	2.8005448658e+04
1.2387306741e+07	9.5788201898e-01	2.8020770334e+04
1.2387306741e+07	9.5783544593e-01	2.8044992241e+04
1.2387306741e+07	9.5782999877e-01	2.8113516852e+04
1.2387306741e+07	9.5782725098e-01	2.8125674278e+04
1.2387306741e+07	9.5782459335e-01	2.8134651216e+04
1.2387306741e+07	9.5782200642e-01	2.8140598648e+04
1.2387306741e+07	9.5781946694e-01	2.8144463832e+04
1.2387306741e+07	9.5781695242e-01	2.8147143408e+04
1.2387306741e+07	9.5781444659e-01	2.8149229189e+04
1.2387306741e+07	9.5781195281e-01	2.8150928913e+04
1.2387306741e+07	9.5780946743e-01	2.8152414858e+04
1.2387306741e+07	9.5780698855e-01	2.8153766153e+04
1.2387306741e+07	9.5780451502e-01	2.8155024980e+04
1.2387306741e+07	9.5780203519e-01	2.8156297347e+04
1.2387306741e+07	9.5779955967e-01	2.8157513846e+04
1.2387306741e+07	9.5779708830e-01	2.8158686102e+04
1.2387306741e+07	9.5779462084e-01	2.8159822543e+04
1.2387306741e+07	9.5779215662e-01	2.8160932733e+04
1.2387306741e+07	9.5778968625e-01	2.8162087263e+04
1.2387306741e+07	9.5778722014e-01	2.8163213973e+04
1.2387306741e+07	9.5778475863e-01	2.8164314026e+04
1.2387306741e+07	9.5778230235e-01	2.8165386166e+04
1.2387306741e+07	9.5777984788e-01	2.8166460947e+04
1.2387306741e+07	9.5777739761e-01	2.8167529558e+04
1.2387306741e+07	9.5777496076e-01	2.8168536815e+04
1.2387306741e+07	9.5777254429e-01	2.8169453418e+04
1.2387306741e+07	9.5777031635e-01	2.8170189965e+04
1.2387306741e+07	9.5776832862e-01	2.8170707738e+04
1.2387306741e+07	9.5776644711e-01	2.8170928145e+04
1.2387306741e+07	9.5776469155e-01	2.8170700861e+04
1.2387306741e+07	9.5776311036e-01	2.8169777027e+04
1.2387306741e+07	9.5776184981e-01	2.8167751089e+04
1.2387306741e+07	9.5776106191e-01	2.8163976282e+04
1.2387306741e+07	9.5776085463e-01	2.8158896079e+04
1.2387306741e+07	9.5776104486e-01	2.8153633536e+04
1.2387306741e+07	9.5776145101e-01	2.8148268020e+04
1.2387306741e+07	9.5776199183e-01	2.8142838508e+04
1.2387306741e+07	9.5776262435e-01	2.8137366004e+04
1.2387306741e+07	9.5776332332e-01	2.8131863078e+04
1.2387306741e+07	9.5776407275e-01	2.8126337844e+04
1.2387306741e+07	9.5776486190e-01	2.8120795844e+04
1.2387306741e+07	9.5776569327e-01	2.8115240549e+04
1.2387306741e+07	9.5776656706e-01	2.8109674763e+04
1.2387306741e+07	9.5776747016e-01	2.8104104749e+04
1.2387306741e+07	9.5776839421e-01	2.8098534539e+04
1.2387306741e+07	9.5776934277e-01	2.8092964804e+04
1.2387306741e+07	9.5777031497e-01	2.8087395974e+04
1.2387306741e+07	9.5777130800e-01	2.8081828421e+04
1.2387306741e+07	9.5777231881e-01	2.8076262455e+04
1.2387306741e+07	9.5777334465e-01	2.8070698329e+04
1.2387306741e+07	9.5777438315e-01	2.8065136248e+04
1.2387306741e+07	9.5777543230e-01	2.8059576374e+04
1.2387306741e+07	9.5777649040e-01	2.8054018835e+04
1.2387306741e+07	9.5777755604e-01	2.8048463730e+04
1.2387306741e+07	9.5777862803e-01	2.8042911133e+04
1.2387306741e+07	9.5777970536e-01	2.8037361100e+04
1.2387306741e+07	9.5778078719e-01	2.8031813668e+04
1.2387306741e+07	9.5778187283e-01	2.8026268862e+04
1.2387306741e+07	9.5778296167e-01	2.8020726695e+04
1.2387306741e+07	9.5778405322e-01	2.8015187169e+04
1.2387306741e+07	9.5778514705e-01	2.8009650279e+04
1.2387306741e+07	9.5778624282e-01	2.8004116011e+04
1.2387306741e+07	9.5778734024e-01	2.7998584347e+04
1.2387306741e+07	9.5778843904e-01	2.7993055264e+04
1.2387306741e+07	9.5778953903e-01	2.7987528732e+04
1.2387306741e+07	9.5779064003e-01	2.7982004719e+04
1.2387306741e+07	9.5779174189e-01	2.7976483191e+04
1.2387306741e+07	9.5779284449e-01	2.7970964125e+04
1.2387306741e+07	9.5779394773e-01	2.7965447470e+04
1.2387306741e+07	9.5779505151e-01	2.7959933174e+04
1.2387306741e+07	9.5779615577e-01	2.7954421200e+04
1.2387306741e+07	9.5779726044e-01	2.7948911503e+04
1.2387306741e+07	9.5779836548e-01	2.7943404037e+04
1.2387306741e+07	9.5779947084e-01	2.7937898757e+04
1.2387306741e+07	9.5780057649e-01	2.7932395614e+04
1.2387306741e+07	9.5780168239e-01	2.7926894560e+04
1.2387306741e+07	9.5780278852e-01	2.7921395546e+04
1.2387306741e+07	9.5780389487e-01	2.7915898522e+04
1.2387306741e+07	9.5780500140e-01	2.7910403437e+04
1.2387306741e+07	9.5780610812e-01	2.7904910239e+04
1.2387306741e+07	9.5780721501e-01	2.7899418875e+04
1.2387306741e+07	9.5780832205e-01	2.7893929293e+04
1.2387306741e+07	9.5780942925e-01	2.7888441442e+04
1.2387306741e+07	9.5781053659e-01	2.7882955268e+04
1.2387306741e+07	9.5781164407e-01	2.7877470718e+04
1.2387306741e+07	9.5781275168e-01	2.7871987739e+04
1.2387306741e+07	9.5781385944e-01	2.7866506276e+04
1.2387306741e+07	9.5781496732e-01	2.7861026276e+04
1.2387306741e+07	9.5781607533e-01	2.7855547687e+04
1.2387306741e+07	9.5781718347e-01	2.7850070455e+04
1.2387306741e+07	9.5781829174e-01	2.7844594524e+04
1.2387306741e+07	9.5781940014e-01	2.7839119843e+04
1.2387306741e+07	9.5782050867e-01	2.7833646356e+04
1.2387306741e+07	9.5782161732e-01	2.7828174009e+04
1.2387306741e+07	9.5782272610e-01	2.7822702748e+04
1.2387306741e+07	9.5782383502e-01	2.7817232519e+04
1.2387306741e+07	9.5782494406e-01	2.7811763279e+04
1.2387306741e+07	9.5782605366e-01	2.7806333448e+04
1.2387306741e+07	9.5782716372e-01	2.7800941049e+04
1.2387306741e+07	9.5782825398e-01	2.7795550005e+04
1.2386533713e+07	9.5782933841e-01	2.7790712064e+04
1.2386533713e+07	9.5855714598e-01	2.7719334955e+04
1.2386533713e+07	9.5855820990e-01	2.7713555917e+04
1.2386533713e+07	9.5855926724e-01	2.7707984907e+04
1.2386533713e+07	9.5856030728e-01	2.7702415670e+04
1.2386533713e+07	9.5856132796e-01	2.7696847911e+04
1.2386533713e+07	9.5856224188e-01	2.7691285661e+04
1.2386533713e+07	9.5856315568e-01	2.7685723885e+04
1.2386533713e+07	9.5856406940e-01	2.7680162524e+04
1.2386533713e+07	9.5856498310e-01	2.7674601518e+04
1.2386533713e+07	9.5856589679e-01	2.7669040802e+04
1.2386533713e+07	9.5856681052e-01	2.7663480316e+04
1.2386533713e+07	9.5856772431e-01	2.7657920001e+04
1.2386533713e+07	9.5856863819e-01	2.7652359795e+04
1.2386533713e+07	9.5856955216e-01	2.7646799642e+04
1.2386533713e+07	9.5857046626e-01	2.7641239483e+04
1.2386533713e+07	9.5857138049e-01	2.7635679259e+04
1.2386533713e+07	9.5857228589e-01	2.7630242155e+04
1.2386533713e+07	9.5857319007e-01	2.7624825150e+04
1.2386533713e+07	9.5857409461e-01	2.7619407593e+04
1.2386533713e+07	9.5857499949e-01	2.7613989582e+04
1.2385487316e+07	9.5857590469e-01	2.7609314156e+04
1.2385487316e+07	9.5853271618e-01	2.7618572276e+04
1.2385487316e+07	9.5853402609e-01	2.7613072431e+04
1.2385487316e+07	9.5853494784e-01	2.7607520690e+04
1.2385487316e+07	9.5853586909e-01	2.7601968301e+04
1.2385487316e+07	9.5853678990e-01	2.7596415339e+04
1.2385487316e+07	9.5853771037e-01	2.7590861762e+04
1.2381025803e+07	9.5853863057e-01	2.7588482113e+04
1.2381025803e+07	9.5823211226e-01	2.7551539025e+04
1.2381025803e+07	9.5815642357e-01	2.7554936046e+04
1.2381025803e+07	9.5808046365e-01	2.7558289214e+04
1.2381025803e+07	9.5800425383e-01	2.7561594094e+04
1.2381025803e+07	9.5792780993e-01	2.7565472044e+04
1.2381025803e+07	9.5785114023e-01	2.7570044894e+04
1.2381025803e+07	9.5777423257e-01	2.7575188112e+04
1.2381025803e+07	9.5769709764e-01	2.7580763653e+04
1.2381025803e+07	9.5761973533e-01	2.7586667509e+04
1.2381025803e+07	9.5754215847e-01	2.7592825497e+04
1.2381025803e+07	9.5746435522e-01	2.7599187392e+04
1.2381025803e+07	9.5738632515e-01	2.7605716934e+04
1.2381025803e+07	9.5730805158e-01	2.7612389189e+04
1.2381025803e+07	9.5722955178e-01	2.7619183030e+04
1.2381025803e+07	9.5715081868e-01	2.7626084016e+04
1.2381025803e+07	9.5707185870e-01	2.7633079748e+04
1.2381025803e+07	9.5699267877e-01	2.7640160067e+04
1.2381025803e+07	9.5691324686e-01	2.7647320006e+04
1.2381025803e+07	9.5683358886e-01	2.7654550594e+04
1.2381025803e+07	9.5675367708e-01	2.7661848661e+04
1.2381025803e+07	9.5667354885e-01	2.7669205753e+04
1.2381025803e+07	9.5659319553e-01	2.7676618177e+04
1.2381025803e+07	9.5651255138e-01	2.7684086058e+04
1.2381025803e+07	9.5643163552e-01	2.7691602835e+04
1.2381025803e+07	9.5635041502e-01	2.7699169330e+04
1.2381025803e+07	9.5626898130e-01	2.7706775338e+04
1.2381025803e+07	9.5618728460e-01	2.7714421465e+04
1.2381025803e+07	9.5610531346e-01	2.7722107268e+04
1.2381025803e+07	9.5602308847e-01	2.7729827830e+04
1.2381025803e+07	9.5594063823e-01	2.7737578408e+04
1.2381025803e+07	9.5585793448e-01	2.7745360478e+04
1.2381025803e+07	9.5577491834e-01	2.7753178348e+04
1.2381025803e+07	9.5569169614e-01	2.7761023049e+04
1.2381025803e+07	9.5560820093e-01	2.7768902227e+04
1.2381025803e+07	9.5552446012e-01	2.7776815922e+04
1.2381025803e+07	9.5544047209e-01	2.7784768616e+04
1.2381025803e+07	9.5535623442e-01	2.7792766769e+04
1.2381025803e+07	9.5527176299e-01	2.7800817223e+04
1.2381025803e+07	9.5518702281e-01	2.7808933971e+04
1.2381025803e+07	9.5510203496e-01	2.7817127977e+04
1.2381025803e+07	9.5501678440e-01	2.7825415992e+04
1.2381025803e+07	9.5493124161e-01	2.7833818359e+04
1.2381025803e+07	9.5484544681e-01	2.7842350392e+04
1.2381025803e+07	9.5475934817e-01	2.7851038030e+04
1.2381025803e+07	9.5467298112e-01	2.7859899424e+04
1.2381025803e+07	9.5458635185e-01	2.7868956017e+04
1.2381025803e+07	9.5449946924e-01	2.7878228679e+04
1.2381025803e+07	9.5441228880e-01	2.7887743299e+04
1.2381025803e+07	9.5432482682e-01	2.7897517779e+04
1.2381025803e+07	9.5423707871e-01	2.7907570140e+04
1.2381025803e+07	9.5414905200e-01	2.7917979628e+04
1.2381025803e+07	9.5406078764e-01	2.7928713607e+04
1.2381025803e+07	9.5397217048e-01	2.7939770679e+04
1.2381025803e+07	9.5388330381e-01	2.7951140863e+04
1.2381025803e+07	9.5379416876e-01	2.7962824400e+04
1.2381025803e+07	9.5370474852e-01	2.7974816835e+04
1.2381025803e+07	9.5361507245e-01	2.7987103226e+04
1.2381025803e+07	9.5352509301e-01	2.7999675525e+04
1.2381025803e+07	9.5343483197e-01	2.8012513088e+04
1.2381025803e+07	9.5334429713e-01	2.8025594909e+04
1.2381025803e+07	9.5325349470e-01	2.8038898685e+04
1.2381025803e+07	9.5316241948e-01	2.8052403088e+04
1.2381025803e+07	9.5307102968e-01	2.8066092303e+04
1.2381025803e+07	9.5297938624e-01	2.8079935533e+04
1.2381025803e+07	9.5288742820e-01	2.8093921366e+04
1.2381025803e+07	9.5279521313e-01	2.8108021456e+04
1.2381025803e+07	9.5270268320e-01	2.8122226605e+04
1.2381025803e+07	9.5260987508e-01	2.8136514468e+04
1.2381025803e+07	9.5251676911e-01	2.8150872942e+04
1.2381025803e+07	9.5242337340e-01	2.8165287033e+04
1.2381025803e+07	9.5232968511e-01	2.8179744827e+04
1.2381025803e+07	9.5223572997e-01	2.8194231239e+04
1.2381025803e+07	9.5214146562e-01	2.8208742907e+04
1.2381025803e+07	9.5204692113e-01	2.8223266368e+04
1.2381025803e+07	9.5195207989e-01	2.8237796177e+04
1.2381025803e+07	9.5185691837e-01	2.8252328681e+04
1.2381025803e+07	9.5176146404e-01	2.8266853134e+04
1.2381025803e+07	9.5166569441e-01	2.8281367978e+04
1.2381025803e+07	9.5156963561e-01	2.8295874568e+04
1.2381025803e+07	9.5147326505e-01	2.8310489707e+04
1.2381025803e+07	9.5137649973e-01	2.8326506215e+04
1.2381025803e+07	9.5133987425e-01	2.8354432889e+04
1.2381025803e+07	9.5133442835e-01	2.8418279326e+04
1.2381025803e+07	9.5133161837e-01	2.8430247869e+04
1.2381025803e+07	9.5132890554e-01	2.8439014575e+04
1.2381025803e+07	9.5132626789e-01	2.8444818844e+04
1.2381025803e+07	9.5132368027e-01	2.8448614852e+04
1.2381025803e+07	9.5132111791e-01	2.8451285537e+04
1.2381025803e+07	9.5131856374e-01	2.8453393181e+04
1.2381025803e+07	9.5131602266e-01	2.8455131798e+04
1.2381025803e+07	9.5131349092e-01	2.8456662586e+04
1.2381025803e+07	9.5131096651e-01	2.8458060677e+04
1.2381025803e+07	9.5130844781e-01	2.8459369361e+04
1.2381025803e+07	9.5130592087e-01	2.8460694120e+04
1.2381025803e+07	9.5130339919e-01	2.8461960923e+04
1.2381025803e+07	9.5130088236e-01	2.8463183013e+04
1.2381025803e+07	9.5129837012e-01	2.8464368676e+04
1.2381025803e+07	9.5129586071e-01	2.8465533197e+04
1.2381025803e+07	9.5129334417e-01	2.8466738865e+04
1.2381025803e+07	9.5129083269e-01	2.8467915728e+04
1.2381025803e+07	9.5128832667e-01	2.8469064724e+04
1.2381025803e+07	9.5128582689e-01	2.8470184276e+04
1.2381025803e+07	9.5128332778e-01	2.8471312758e+04
1.2381025803e+07	9.5128083445e-01	2.8472426414e+04
1.2381025803e+07	9.5127835726e-01	2.8473473322e+04
1.2381025803e+07	9.5127590467e-01	2.8474420708e+04
1.2381025803e+07	9.5127367077e-01	2.8475170783e+04
1.2381025803e+07	9.5127167115e-01	2.8475682077e+04
1.2381025803e+07	9.5126979277e-01	2.8475865762e+04
1.2381025803e+07	9.5126806227e-01	2.8475555147e+04
1.2381025803e+07	9.5126654010e-01	2.8474474617e+04
1.2381025803e+07	9.5126541058e-01	2.8472174647e+04
1.2381025803e+07	9.5126482665e-01	2.8467941120e+04
1.2381025803e+07	9.5126486950e-01	2.8462733604e+04
1.2381025803e+07	9.5126527601e-01	2.8457356457e+04
1.2381025803e+07	9.5126588696e-01	2.8451881623e+04
1.2381025803e+07	9.5126662783e-01	2.8446345164e+04
1.2381025803e+07	9.5126745803e-01	2.8440766972e+04
1.2381025803e+07	9.5126835318e-01	2.8435159164e+04
1.2381025803e+07	9.5126929760e-01	2.8429529654e+04
1.2381025803e+07	9.5127028064e-01	2.8423883884e+04
1.2381025803e+07	9.5127130331e-01	2.8418225351e+04
1.2381025803e+07	9.5127236566e-01	2.8412556680e+04
1.2381025803e+07	9.5127344782e-01	2.8406880801e+04
1.2381025803e+07	9.5127454805e-01	2.8401199401e+04
1.2381025803e+07	9.5127566828e-01	2.8395516025e+04
1.2381025803e+07	9.5127679913e-01	2.8389834076e+04
1.2381025803e+07	9.5127794325e-01	2.8384154103e+04
1.2381025803e+07	9.5127910234e-01	2.8378476316e+04
1.2381025803e+07	9.5128027608e-01	2.8372800893e+04
1.2381025803e+07	9.5128146330e-01	2.8367127990e+04
1.2381025803e+07	9.5128266256e-01	2.8361457763e+04
1.2381025803e+07	9.5128387247e-01	2.8355790321e+04
1.2381025803e+07	9.5128509175e-01	2.8350125750e+04
1.2381025803e+07	9.5128631926e-01	2.8344464132e+04
1.2381025803e+07	9.5128755398e-01	2.8338805531e+04
1.2381025803e+07	9.5128879501e-01	2.8333149996e+04
1.2381025803e+07	9.5129004159e-01	2.8327497564e+04
1.2381025803e+07	9.5129129302e-01	2.8321848259e+04
1.2381025803e+07	9.5129254871e-01	2.8316202099e+04
1.2381025803e+07	9.5129380813e-01	2.8310559092e+04
1.2381025803e+07	9.5129507083e-01	2.8304919239e+04
1.2381025803e+07	9.5129633640e-01	2.8299282535e+04
1.2381025803e+07	9.5129760450e-01	2.8293648970e+04
1.2381025803e+07	9.5129887482e-01	2.8288018529e+04
1.2381025803e+07	9.5130014708e-01	2.8282391192e+04
1.2381025803e+07	9.5130142105e-01	2.8276766935e+04
1.2381025803e+07	9.5130269653e-01	2.8271145732e+04
1.2381025803e+07	9.5130397334e-01	2.8265527554e+04
1.2381025803e+07	9.5130525131e-01	2.8259912367e+04
1.2381025803e+07	9.5130653032e-01	2.8254300137e+04
1.2381025803e+07	9.5130781023e-01	2.8248690828e+04
1.2381025803e+07	9.5130909095e-01	2.8243084401e+04
1.2381025803e+07	9.5131037238e-01	2.8237480814e+04
1.2381025803e+07	9.5131165443e-01	2.8231880026e+04
1.2381025803e+07	9.5131293705e-01	2.8226281992e+04
1.2381025803e+07	9.5131422017e-01	2.8220686669e+04
1.2381025803e+07	9.5131550373e-01	2.8215094012e+04
1.2381025803e+07	9.5131678770e-01	2.8209503975e+04
1.2381025803e+07	9.5131807201e-01	2.8203916510e+04
1.2381025803e+07	9.5131935665e-01	2.8198331573e+04
1.2381025803e+07	9.5132064158e-01	2.8192749129e+04
1.2381025803e+07	9.5132192677e-01	2.8187169117e+04
1.2381025803e+07	9.5132321220e-01	2.8181591478e+04
1.2381025803e+07	9.5132449785e-01	2.8176016165e+04
1.2381025803e+07	9.5132578371e-01	2.8170443128e+04
1.2381025803e+07	9.5132706975e-01	2.8164872317e+04
1.2381025803e+07	9.5132835597e-01	2.8159303679e+04
1.2381025803e+07	9.5132964235e-01	2.8153737160e+04
1.2381025803e+07	9.5133092889e-01	2.8148172707e+04
1.2381025803e+07	9.5133221557e-01	2.8142610265e+04
1.2381025803e+07	9.5133350239e-01	2.8137049781e+04
1.2381025803e+07	9.5133478935e-01	2.8131491200e+04
1.2381025803e+07	9.5133607644e-01	2.8125934469e+04
1.2381025803e+07	9.5133736366e-01	2.8120379533e+04
1.2381025803e+07	9.5133865100e-01	2.8114826340e+04
1.2381025803e+07	9.5133993846e-01	2.8109274833e+04
1.2381025803e+07	9.5134122604e-01	2.8103724958e+04
1.2381025803e+07	9.5134251374e-01	2.8098176661e+04
1.2381025803e+07	9.5134380155e-01	2.8092629885e+04
1.2381025803e+07	9.5134508948e-01	2.8087084577e+04
1.2381025803e+07	9.5134637753e-01	2.8081540680e+04
1.2381025803e+07	9.5134766569e-01	2.8075998139e+04
1.2381025803e+07	9.5134895397e-01	2.8070456897e+04
1.2381025803e+07	9.5135024236e-01	2.8064916899e+04
1.2381025803e+07	9.5135153088e-01	2.8059378089e+04
1.2381025803e+07	9.5135281951e-01	2.8053840412e+04
1.2381025803e+07	9.5135410826e-01	2.8048303811e+04
1.2381025803e+07	9.5135539737e-01	2.8042786579e+04
1.2381025803e+07	9.5135668727e-01	2.8037328331e+04
1.2381025803e+07	9.5135796178e-01	2.8031871203e+04
1.2381025803e+07	9.5135922165e-01	2.8026415502e+04
1.2381025803e+07	9.5136046851e-01	2.8020961085e+04
1.2381025803e+07	9.5136170039e-01	2.8015507993e+04
1.2381025803e+07	9.5136293239e-01	2.8010055468e+04
1.2381025803e+07	9.5136413869e-01	2.8004604666e+04
1.2381025803e+07	9.5136534211e-01	2.7999154464e+04
1.2381025803e+07	9.5136643427e-01	2.7993709991e+04
1.2381025803e+07	9.5136749566e-01	2.7988267350e+04
1.2381025803e+07	9.5136855727e-01	2.7982825025e+04
1.2381025803e+07	9.5136961910e-01	2.7977382962e+04
1.2381025803e+07	9.5137068115e-01	2.7971941107e+04
1.2381025803e+07	9.5137174343e-01	2.7966499406e+04
1.2381025803e+07	9.5137280593e-01	2.7961057803e+04
1.2381025803e+07	9.5137386866e-01	2.7955616246e+04
1.2381025803e+07	9.5137493163e-01	2.7950174680e+04
1.2381025803e+07	9.5137599483e-01	2.7944733052e+04
1.2381025803e+07	9.5137705827e-01	2.7939291309e+04
1.2381025803e+07	9.5137812195e-01	2.7933849397e+04
1.2381025803e+07	9.5137918588e-01	2.7928407263e+04
1.2381025803e+07	9.5138025005e-01	2.7922964853e+04
1.2381025803e+07	9.5138131448e-01	2.7917522112e+04
1.2381025803e+07	9.5138237916e-01	2.7912078989e+04
1.2381025803e+07	9.5138344411e-01	2.7906635434e+04
1.2380829035e+07	9.5138450931e-01	2.7901334045e+04
1.2380829035e+07	9.5192362880e-01	2.7906799183e+04
1.2380829035e+07	9.5192469552e-01	2.7901200402e+04
1.2380829035e+07	9.5192576233e-01	2.7895608236e+04
1.2380829035e+07	9.5192682922e-01	2.7890015493e+04
1.2380829035e+07	9.5192789622e-01	2.7884422108e+04
1.2380829035e+07	9.5192895430e-01	2.7878938613e+04
1.2376974652e+07	9.5193001085e-01	2.7876271905e+04
1.2376974652e+07	9.5164345146e-01	2.7842751885e+04
1.2376974652e+07	9.5156465074e-01	2.7846256094e+04
1.2376974652e+07	9.5148556738e-01	2.7849869933e+04
1.2376974652e+07	9.5140623459e-01	2.7854309272e+04
1.2376974652e+07	9.5132666661e-01	2.7859509891e+04
1.2376974652e+07	9.5124686146e-01	2.7865245438e+04
1.2376974652e+07	9.5116681613e-01	2.7871360107e+04
1.2376974652e+07	9.5108652845e-01	2.7877757324e+04
1.2376974652e+07	9.5100599732e-01	2.7884375913e+04
1.2376974652e+07	9.5092524427e-01	2.7891173445e+04
1.2376974652e+07	9.5084424788e-01	2.7898123478e+04
1.2376974652e+07	9.5076300650e-01	2.7905205668e+04
1.2376974652e+07	9.5068155245e-01	2.7912401664e+04
1.2376974652e+07	9.5059986104e-01	2.7919701509e+04
1.2376974652e+07	9.5051792450e-01	2.7927096140e+04
1.2376974652e+07	9.5043575605e-01	2.7934576280e+04
1.2376974652e+07	9.5035332222e-01	2.7942138175e+04
1.2376974652e+07	9.5027066278e-01	2.7949772248e+04
1.2376974652e+07	9.5018774852e-01	2.7957476008e+04
1.2376974652e+07	9.5010461002e-01	2.7965241923e+04
1.2376974652e+07	9.5002120180e-01	2.7973070029e+04
1.2376974652e+07	9.4993756494e-01	2.7980952514e+04
1.2376974652e+07	9.4985362017e-01	2.7988890463e+04
1.2376974652e+07	9.4976934216e-01	2.7996882053e+04
1.2376974652e+07	9.4968478233e-01	2.8004921019e+04
1.2376974652e+07	9.4959998292e-01	2.8013001573e+04
1.2376974652e+07	9.4951489191e-01	2.8021125074e+04
1.2376974652e+07	9.4942955204e-01	2.8029285825e+04
1.2376974652e+07	9.4934395876e-01	2.8037480354e+04
1.2376974652e+07	9.4925810888e-01	2.8045708036e+04
1.2376974652e+07	9.4917195140e-01	2.8053970783e+04
1.2376974652e+07	9.4908551775e-01	2.8062265532e+04
1.2376974652e+07	9.4899883451e-01	2.8070589596e+04
1.2376974652e+07	9.4891189067e-01	2.8078944599e+04
1.2376974652e+07	9.4882472130e-01	2.8087328937e+04
1.2376974652e+07	9.4873729310e-01	2.8095749125e+04
1.2376974652e+07	9.4864960238e-01	2.8104210582e+04
1.2376974652e+07	9.4856164700e-01	2.8112720647e+04
1.2376974652e+07	9.4847337741e-01	2.8121293573e+04
1.2376974652e+07	9.4838488603e-01	2.8129932160e+04
1.2376974652e+07	9.4829607829e-01	2.8138659998e+04
1.2376974652e+07	9.4820699104e-01	2.8147490145e+04
1.2376974652e+07	9.4811764581e-01	2.8156439264e+04
1.2376974652e+07	9.4802801202e-01	2.8165531038e+04
1.2376974652e+07	9.4793812361e-01	2.8174783903e+04
1.2376974652e+07	9.4784793952e-01	2.8184224795e+04
1.2376974652e+07	9.4775745237e-01	2.8193877443e+04
1.2376974652e+07	9.4766663457e-01	2.8203767347e+04
1.2376974652e+07	9.4757558523e-01	2.8213904724e+04
1.2376974652e+07	9.4748423956e-01	2.8224383584e+04
1.2376974652e+07	9.4739260105e-01	2.8235174400e+04
1.2376974652e+07	9.4730066539e-01	2.8246272494e+04
1.2376974652e+07	9.4720842210e-01	2.8257688370e+04
1.2376974652e+07	9.4711590996e-01	2.8269421554e+04
1.2376974652e+07	9.4702312404e-01	2.8281472031e+04
1.2376974652e+07	9.4693002670e-01	2.8293839388e+04
1.2376974652e+07	9.4683665083e-01	2.8306509305e+04
1.2376974652e+07	9.4674294513e-01	2.8319474888e+04
1.2376974652e+07	9.4664898803e-01	2.8332707826e+04
1.2376974652e+07	9.4655471624e-01	2.8346197110e+04
1.2376974652e+07	9.4646017125e-01	2.8359915107e+04
1.2376974652e+07	9.4636530712e-01	2.8373846014e+04
1.2376974652e+07	9.4627015501e-01	2.8387962530e+04
1.2376974652e+07	9.4617469306e-01	2.8402245655e+04
1.2376974652e+07	9.4607896440e-01	2.8416667466e+04
1.2376974652e+07	9.4598291873e-01	2.8431215439e+04
1.2376974652e+07	9.4588656838e-01	2.8445868972e+04
1.2376974652e+07	9.4578994274e-01	2.8460606423e+04
1.2376974652e+07	9.4569299780e-01	2.8475418985e+04
1.2376974652e+07	9.4559576884e-01	2.8490287189e+04
1.2376974652e+07	9.4549823638e-01	2.8505201495e+04
1.2376974652e+07	9.4540037339e-01	2.8520154825e+04
1.2376974652e+07	9.4530221719e-01	2.8535131421e+04
1.2376974652e+07	9.4520375190e-01	2.8550124825e+04
1.2376974652e+07	9.4510496350e-01	2.8565129181e+04
1.2376974652e+07	9.4500587366e-01	2.8580134001e+04
1.2376974652e+07	9.4490647214e-01	2.8595134416e+04
1.2376974652e+07	9.4480677078e-01	2.8610122907e+04
1.2376974652e+07	9.4470672706e-01	2.8625102146e+04
1.2376974652e+07	9.4460639124e-01	2.8640077173e+04
1.2376974652e+07	9.4450573285e-01	2.8655239507e+04
1.2376974652e+07	9.4440454463e-01	2.8672688731e+04
1.2376974652e+07	9.4438497964e-01	2.8709166404e+04
1.2376974652e+07	9.4437993607e-01	2.8760816867e+04
1.2376974652e+07	9.4437696525e-01	2.8772501085e+04
1.2376974652e+07	9.4437409886e-01	2.8780951910e+04
1.2376974652e+07	9.4437131200e-01	2.8786546763e+04
1.2376974652e+07	9.4436857755e-01	2.8790237191e+04
1.2376974652e+07	9.4436586829e-01	2.8792880547e+04
1.2376974652e+07	9.4436316679e-01	2.8795000433e+04
1.2376974652e+07	9.4436047946e-01	2.8796772744e+04
1.2376974652e+07	9.4435780247e-01	2.8798345373e+04
1.2376974652e+07	9.4435513370e-01	2.8799788599e+04
1.2376974652e+07	9.4435247053e-01	2.8801148604e+04
1.2376974652e+07	9.4434979788e-01	2.8802523435e+04
1.2376974652e+07	9.4434713130e-01	2.8803840528e+04
1.2376974652e+07	9.4434447033e-01	2.8805112767e+04
1.2376974652e+07	9.4434181473e-01	2.8806348215e+04
1.2376974652e+07	9.4433916116e-01	2.8807568431e+04
1.2376974652e+07	9.4433649989e-01	2.8808825812e+04
1.2376974652e+07	9.4433384459e-01	2.8810053524e+04
1.2376974652e+07	9.4433119575e-01	2.8811252246e+04
1.2376974652e+07	9.4432855432e-01	2.8812420049e+04
1.2376974652e+07	9.4432591205e-01	2.8813603679e+04
1.2376974652e+07	9.4432327802e-01	2.8814762793e+04
1.2376974652e+07	9.4432066345e-01	2.8815849555e+04
1.2376974652e+07	9.4431807869e-01	2.8816827463e+04
1.2376974652e+07	9.4431575341e-01	2.8817589709e+04
1.2376974652e+07	9.4431366482e-01	2.8818091913e+04
1.2376974652e+07	9.4431171756e-01	2.8818234566e+04
1.2376974652e+07	9.4430994629e-01	2.8817833639e+04
1.2376974652e+07	9.4430842593e-01	2.8816585171e+04
1.2376974652e+07	9.4430738720e-01	2.8813992882e+04
1.2376974652e+07	9.4430698599e-01	2.8809271494e+04
1.2376974652e+07	9.4430723898e-01	2.8803985376e+04
1.2376974652e+07	9.4430783279e-01	2.8798542342e+04
1.2376974652e+07	9.4430862530e-01	2.8793007402e+04
1.2376974652e+07	9.4430954693e-01	2.8787413434e+04
1.2376974652e+07	9.4431055863e-01	2.8781779026e+04
1.2376974652e+07	9.4431163643e-01	2.8776115696e+04
1.2376974652e+07	9.4431276464e-01	2.8770431064e+04
1.2376974652e+07	9.4431393246e-01	2.8764730422e+04
1.2376974652e+07	9.4431513937e-01	2.8759017245e+04
1.2376974652e+07	9.4431638839e-01	2.8753293958e+04
1.2376974652e+07	9.4431765762e-01	2.8747563578e+04
1.2376974652e+07	9.4431894401e-01	2.8741827780e+04
1.2376974652e+07	9.4432024516e-01	2.8736087890e+04
1.2376974652e+07	9.4432155913e-01	2.8730344975e+04
1.2376974652e+07	9.4432289025e-01	2.8724600345e+04
1.2376974652e+07	9.4432423205e-01	2.8718857269e+04
1.2376974652e+07	9.4432558042e-01	2.8713116838e+04
1.2376974652e+07	9.4432693715e-01	2.8707379249e+04
1.2376974652e+07	9.4432830335e-01	2.8701644586e+04
1.2376974652e+07	9.4432967918e-01	2.8695912918e+04
1.2376974652e+07	9.4433106423e-01	2.8690184309e+04
1.2376974652e+07	9.4433245787e-01	2.8684458817e+04
1.2376974652e+07	9.4433385936e-01	2.8678736493e+04
1.2376974652e+07	9.4433526801e-01	2.8673017389e+04
1.2376974652e+07	9.4433668313e-01	2.8667301523e+04
1.2376974652e+07	9.4433810409e-01	2.8661588910e+04
1.2376974652e+07	9.4433953034e-01	2.8655879571e+04
1.2376974652e+07	9.4434096134e-01	2.8650173516e+04
1.2376974652e+07	9.4434239663e-01	2.8644470748e+04
1.2376974652e+07	9.4434383579e-01	2.8638771265e+04
1.2376974652e+07	9.4434527844e-01	2.8633075062e+04
1.2376974652e+07	9.4434672423e-01	2.8627382126e+04
1.2376974652e+07	9.4434817285e-01	2.8621692443e+04
1.2376974652e+07	9.4434962403e-01	2.8616005995e+04
1.2376974652e+07	9.4435107752e-01	2.8610322760e+04
1.2376974652e+07	9.4435253309e-01	2.8604642712e+04
1.2376974652e+07	9.4435399054e-01	2.8598965823e+04
1.2376974652e+07	9.4435544969e-01	2.8593292062e+04
1.2376974652e+07	9.4435691037e-01	2.8587621397e+04
1.2376974652e+07	9.4435837243e-01	2.8581953792e+04
1.2376974652e+07	9.4435983574e-01	2.8576289214e+04
1.2376974652e+07	9.4436130019e-01	2.8570627623e+04
1.2376974652e+07	9.4436276566e-01	2.8564968981e+04
1.2376974652e+07	9.4436423205e-01	2.8559313246e+04
1.2376974652e+07	9.4436569929e-01	2.8553660378e+04
1.2376974652e+07	9.4436716729e-01	2.8548010333e+04
1.2376974652e+07	9.4436863598e-01	2.8542363067e+04
1.2376974652e+07	9.4437010530e-01	2.8536718535e+04
1.2376974652e+07	9.4437157519e-01	2.8531076691e+04
1.2376974652e+07	9.4437304560e-01	2.8525437488e+04
1.2376974652e+07	9.4437451648e-01	2.8519800878e+04
1.2376974652e+07	9.4437598780e-01	2.8514166811e+04
1.2376974652e+07	9.4437745952e-01	2.8508535243e+04
1.2376974652e+07	9.4437893160e-01	2.8502906130e+04
1.2376974652e+07	9.4438040401e-01	2.8497279399e+04
1.2376974652e+07	9.4438187674e-01	2.8491655002e+04
1.2376974652e+07	9.4438334976e-01	2.8486032891e+04
1.2376974652e+07	9.4438482304e-01	2.8480413012e+04
1.2376974652e+07	9.4438629657e-01	2.8474795313e+04
1.2376974652e+07	9.4438777033e-01	2.8469179741e+04
1.2376974652e+07	9.4438924431e-01	2.8463566244e+04
1.2376974652e+07	9.4439071849e-01	2.8457954768e+04
1.2376974652e+07	9.4439219287e-01	2.8452345259e+04
1.2376974652e+07	9.4439366742e-01	2.8446737663e+04
1.2376974652e+07	9.4439514215e-01	2.8441131926e+04
1.2376974652e+07	9.4439661705e-01	2.8435527993e+04
1.2376974652e+07	9.4439809210e-01	2.8429925808e+04
1.2376974652e+07	9.4439956731e-01	2.8424325317e+04
1.2376974652e+07	9.4440104267e-01	2.8418726463e+04
1.2376974652e+07	9.4440251817e-01	2.8413129190e+04
1.2376974652e+07	9.4440399381e-01	2.8407533444e+04
1.2376974652e+07	9.4440546959e-01	2.8401939169e+04
1.2376974652e+07	9.4440694550e-01	2.8396346308e+04
1.2376974652e+07	9.4440842155e-01	2.8390754805e+04
1.2376974652e+07	9.4440989773e-01	2.8385164605e+04
1.2376974652e+07	9.4441137404e-01	2.8379575648e+04
1.2376974652e+07	9.4441285048e-01	2.8373987877e+04
1.2376974652e+07	9.4441432705e-01	2.8368401235e+04
1.2376974652e+07	9.4441580442e-01	2.8362859068e+04
1.2376974652e+07	9.4441728229e-01	2.8357351469e+04
1.2376974652e+07	9.4441873105e-01	2.8351845862e+04
1.2376974652e+07	9.4442017441e-01	2.8346341307e+04
1.2376974652e+07	9.4442159178e-01	2.8340838737e+04
1.2376974652e+07	9.4442300293e-01	2.8335337134e+04
1.2376974652e+07	9.4442440447e-01	2.8329836609e+04
1.2376974652e+07	9.4442578509e-01	2.8324337652e+04
1.2376974652e+07	9.4442713907e-01	2.8318840507e+04
1.2376974652e+07	9.4442835400e-01	2.8313350564e+04
1.2376974652e+07	9.4442956917e-01	2.8307861034e+04
1.2376974652e+07	9.4443078456e-01	2.8302371866e+04
1.2376974652e+07	9.4443200019e-01	2.8296883003e+04
1.2376974652e+07	9.4443321606e-01	2.8291394391e+04
1.2376974652e+07	9.4443443217e-01	2.8285905974e+04
1.2376974652e+07	9.4443564852e-01	2.8280417696e+04
1.2376974652e+07	9.4443686511e-01	2.8274929500e+04
1.2376974652e+07	9.4443808196e-01	2.8269441331e+04
1.2376974652e+07	9.4443929907e-01	2.8263953135e+04
1.2376974652e+07	9.4444051643e-01	2.8258464855e+04
1.2376974652e+07	9.4444173405e-01	2.8252976438e+04
1.2376974652e+07	9.4444295193e-01	2.8247487831e+04
1.2376974652e+07	9.4444417009e-01	2.8241998980e+04
1.2375982548e+07	9.4444538851e-01	2.8237244173e+04
1.2375982548e+07	9.4503941025e-01	2.8220065916e+04
1.2375982548e+07	9.4504128995e-01	2.8214345688e+04
1.2375982548e+07	9.4504316951e-01	2.8208678922e+04
1.2375982548e+07	9.4504504879e-01	2.8203011841e+04
1.2375982548e+07	9.4504692771e-01	2.8197344302e+04
1.2375982548e+07	9.4504880625e-01	2.8191676249e+04
1.2372107417e+07	9.4505068441e-01	2.8188871973e+04
1.2372107417e+07	9.4467496397e-01	2.8176038734e+04
1.2372107417e+07	9.4459244974e-01	2.8179915084e+04
1.2372107417e+07	9.4450962417e-01	2.8183601940e+04
1.2372107417e+07	9.4442651498e-01	2.8187697116e+04
1.2372107417e+07	9.4434314307e-01	2.8192714845e+04
1.2372107417e+07	9.4425951520e-01	2.8198505420e+04
1.2372107417e+07	9.4417564931e-01	2.8204849754e+04
1.2372107417e+07	9.4409153540e-01	2.8211591821e+04
1.2372107417e+07	9.4400716770e-01	2.8218629687e+04
1.2372107417e+07	9.4392254450e-01	2.8225896536e+04
1.2372107417e+07	9.4383768829e-01	2.8233345393e+04
1.2372107417e+07	9.4375258099e-01	2.8240946549e+04
1.2372107417e+07	9.4366721396e-01	2.8248678299e+04
1.2372107417e+07	9.4358159191e-01	2.8256523481e+04
1.2372107417e+07	9.4349573918e-01	2.8264466955e+04
1.2372107417e+07	9.4340961330e-01	2.8272502467e+04
1.2372107417e+07	9.4332323385e-01	2.8280619879e+04
1.2372107417e+07	9.4323660715e-01	2.8288811643e+04
1.2372107417e+07	9.4314974411e-01	2.8297070769e+04
1.2372107417e+07	9.4306255416e-01	2.8305398016e+04
1.2372107417e+07	9.4297499547e-01	2.8313790604e+04
1.2372107417e+07	9.4288716052e-01	2.8322238167e+04
1.2372107417e+07	9.4279902425e-01	2.8330740769e+04
1.2372107417e+07	9.4271060356e-01	2.8339292659e+04
1.2372107417e+07	9.4262191755e-01	2.8347889630e+04
1.2372107417e+07	9.4253295171e-01	2.8356528323e+04
1.2372107417e+07	9.4244373475e-01	2.8365204469e+04
1.2372107417e+07	9.4235418089e-01	2.8373922286e+04
1.2372107417e+07	9.4226436575e-01	2.8382673777e+04
1.2372107417e+07	9.4217428573e-01	2.8391457382e+04
1.2372107417e+07	9.4208396864e-01	2.8400269011e+04
1.2372107417e+07	9.4199336008e-01	2.8409113392e+04
1.2372107417e+07	9.4190250578e-01	2.8417986381e+04
1.2372107417e+07	9.4181134503e-01	2.8426895533e+04
1.2372107417e+07	9.4171992645e-01	2.8435839140e+04
1.2372107417e+07	9.4162824044e-01	2.8444823060e+04
1.2372107417e+07	9.4153627820e-01	2.8453855133e+04
1.2372107417e+07	9.4144400638e-01	2.8462947993e+04
1.2372107417e+07	9.4135145657e-01	2.8472110326e+04
1.2372107417e+07	9.4125866103e-01	2.8481353324e+04
1.2372107417e+07	9.4116553848e-01	2.8490702034e+04
1.2372107417e+07	9.4107217130e-01	2.8500167312e+04
1.2372107417e+07	9.4097845902e-01	2.8509780597e+04
1.2372107417e+07	9.4088450153e-01	2.8519554156e+04
1.2372107417e+07	9.4079017307e-01	2.8529524718e+04
1.2372107417e+07	9.4069561524e-01	2.8539770274e+04
1.2372107417e+07	9.4060075419e-01	2.8550265837e+04
1.2372107417e+07	9.4050555832e-01	2.8561026867e+04
1.2372107417e+07	9.4041004764e-01	2.8572071262e+04
1.2372107417e+07	9.4031427011e-01	2.8583410307e+04
1.2372107417e+07	9.4021818589e-01	2.8595061788e+04
1.2372107417e+07	9.4012174759e-01	2.8607040433e+04
1.2372107417e+07	9.4002504777e-01	2.8619338537e+04
1.2372107417e+07	9.3992799621e-01	2.8631966458e+04
1.2372107417e+07	9.3983065659e-01	2.8644909593e+04
1.2372107417e+07	9.3973297266e-01	2.8658164541e+04
1.2372107417e+07	9.3963500589e-01	2.8671707760e+04
1.2372107417e+07	9.3953673759e-01	2.8685523252e+04
1.2372107417e+07	9.3943815611e-01	2.8699591634e+04
1.2372107417e+07	9.3933927097e-01	2.8713888964e+04
1.2372107417e+07	9.3924010266e-01	2.8728388891e+04
1.2372107417e+07	9.3914058096e-01	2.8743078502e+04
1.2372107417e+07	9.3904080655e-01	2.8757920125e+04
1.2372107417e+07	9.3894070182e-01	2.8772903792e+04
1.2372107417e+07	9.3884027147e-01	2.8788008602e+04
1.2372107417e+07	9.3873956193e-01	2.8803208933e+04
1.2372107417e+07	9.3863853888e-01	2.8818493091e+04
1.2372107417e+07	9.3853720082e-01	2.8833846045e+04
1.2372107417e+07	9.3843553832e-01	2.8849255602e+04
1.2372107417e+07	9.3833356075e-01	2.8864708202e+04
1.2372107417e+07	9.3823124267e-01	2.8880196962e+04
1.2372107417e+07	9.3812863242e-01	2.8895704976e+04
1.2372107417e+07	9.3802570087e-01	2.8911228252e+04
1.2372107417e+07	9.3792244670e-01	2.8926759437e+04
1.2372107417e+07	9.3781884158e-01	2.8942296061e+04
1.2372107417e+07	9.3771491454e-01	2.8957827646e+04
1.2372107417e+07	9.3761066501e-01	2.8973348895e+04
1.2372107417e+07	9.3750606489e-01	2.8988859860e+04
1.2372107417e+07	9.3740117498e-01	2.9004356577e+04
1.2372107417e+07	9.3729592413e-01	2.9019951348e+04
1.2372107417e+07	9.3719023979e-01	2.9036801559e+04
1.2372107417e+07	9.3714357699e-01	2.9064070043e+04
1.2372107417e+07	9.3713689225e-01	2.9130813464e+04
1.2372107417e+07	9.3713374554e-01	2.9142091733e+04
1.2372107417e+07	9.3713071029e-01	2.9150287368e+04
1.2372107417e+07	9.3712775887e-01	2.9155718102e+04
1.2372107417e+07	9.3712486224e-01	2.9159333216e+04
1.2372107417e+07	9.3712199046e-01	2.9161968996e+04
1.2372107417e+07	9.3711912612e-01	2.9164113658e+04
1.2372107417e+07	9.3711627712e-01	2.9165928039e+04
1.2372107417e+07	9.3711343950e-01	2.9167549101e+04
1.2372107417e+07	9.3711061107e-01	2.9169043242e+04
1.2372107417e+07	9.3710778776e-01	2.9170460629e+04
1.2372107417e+07	9.3710495395e-01	2.9171890865e+04
1.2372107417e+07	9.3710212706e-01	2.9173263349e+04
1.2372107417e+07	9.3709930665e-01	2.9174590665e+04
1.2372107417e+07	9.3709649243e-01	2.9175880684e+04
1.2372107417e+07	9.3709367893e-01	2.9177162312e+04
1.2372107417e+07	9.3709085761e-01	2.9178476169e+04
1.2372107417e+07	9.3708804325e-01	2.9179759362e+04
1.2372107417e+07	9.3708523649e-01	2.9181012282e+04
1.2372107417e+07	9.3708243845e-01	2.9182232596e+04
1.2372107417e+07	9.3707963782e-01	2.9183476645e+04
1.2372107417e+07	9.3707684897e-01	2.9184684751e+04
1.2372107417e+07	9.3707408354e-01	2.9185813963e+04
1.2372107417e+07	9.3707135415e-01	2.9186823354e+04
1.2372107417e+07	9.3706893199e-01	2.9187595753e+04
1.2372107417e+07	9.3706674904e-01	2.9188083318e+04
1.2372107417e+07	9.3706473138e-01	2.9188173843e+04
1.2372107417e+07	9.3706292345e-01	2.9187662844e+04
1.2372107417e+07	9.3706141764e-01	2.9186212951e+04
1.2372107417e+07	9.3706049935e-01	2.9183272853e+04
1.2372107417e+07	9.3706031857e-01	2.9178183252e+04
1.2372107417e+07	9.3706077237e-01	2.9172812742e+04
1.2372107417e+07	9.3706154939e-01	2.9167295458e+04
1.2372107417e+07	9.3706252097e-01	2.9161690915e+04
1.2372107417e+07	9.3706362166e-01	2.9156029446e+04
1.2372107417e+07	9.3706481377e-01	2.9150328583e+04
1.2372107417e+07	9.3706607368e-01	2.9144599359e+04
1.2372107417e+07	9.3706738571e-01	2.9138849155e+04
1.2372107417e+07	9.3706873892e-01	2.9133083144e+04
1.2372107417e+07	9.3707013116e-01	2.9127304809e+04
1.2372107417e+07	9.3707156866e-01	2.9121516373e+04
1.2372107417e+07	9.3707302736e-01	2.9115720954e+04
1.2372107417e+07	9.3707450402e-01	2.9109920230e+04
1.2372107417e+07	9.3707599610e-01	2.9104115533e+04
1.2372107417e+07	9.3707750154e-01	2.9098307939e+04
1.2372107417e+07	9.3707901869e-01	2.9092498324e+04
1.2372107417e+07	9.3708054618e-01	2.9086687413e+04
1.2372107417e+07	9.3708208528e-01	2.9080875792e+04
1.2372107417e+07	9.3708363886e-01	2.9075065393e+04
1.2372107417e+07	9.3708519753e-01	2.9069257999e+04
1.2372107417e+07	9.3708676072e-01	2.9063453951e+04
1.2372107417e+07	9.3708832946e-01	2.9057653334e+04
1.2372107417e+07	9.3708990448e-01	2.9051856178e+04
1.2372107417e+07	9.3709148606e-01	2.9046062506e+04
1.2372107417e+07	9.3709307413e-01	2.9040272333e+04
1.2372107417e+07	9.3709466841e-01	2.9034485676e+04
1.2372107417e+07	9.3709626855e-01	2.9028702547e+04
1.2372107417e+07	9.3709787418e-01	2.9022922952e+04
1.2372107417e+07	9.3709948488e-01	2.9017146895e+04
1.2372107417e+07	9.3710110027e-01	2.9011374377e+04
1.2372107417e+07	9.3710271999e-01	2.9005605403e+04
1.2372107417e+07	9.3710434370e-01	2.8999839967e+04
1.2372107417e+07	9.3710597107e-01	2.8994078041e+04
1.2372107417e+07	9.3710760182e-01	2.8988319611e+04
1.2372107417e+07	9.3710923568e-01	2.8982564661e+04
1.2372107417e+07	9.3711087239e-01	2.8976813169e+04
1.2372107417e+07	9.3711251172e-01	2.8971065111e+04
1.2372107417e+07	9.3711415347e-01	2.8965320462e+04
1.2372107417e+07	9.3711579743e-01	2.8959579194e+04
1.2372107417e+07	9.3711744344e-01	2.8953841277e+04
1.2372107417e+07	9.3711909133e-01	2.8948106679e+04
1.2372107417e+07	9.3712074094e-01	2.8942375367e+04
1.2372107417e+07	9.3712239215e-01	2.8936647307e+04
1.2372107417e+07	9.3712404481e-01	2.8930922461e+04
1.2372107417e+07	9.3712569883e-01	2.8925200792e+04
1.2372107417e+07	9.3712735408e-01	2.8919482260e+04
1.2372107417e+07	9.3712901048e-01	2.8913766823e+04
1.2372107417e+07	9.3713066793e-01	2.8908054440e+04
1.2372107417e+07	9.3713232636e-01	2.8902345067e+04
1.2372107417e+07	9.3713398567e-01	2.8896638661e+04
1.2372107417e+07	9.3713564582e-01	2.8890935177e+04
1.2372107417e+07	9.3713730673e-01	2.8885234569e+04
1.2372107417e+07	9.3713896834e-01	2.8879536787e+04
1.2372107417e+07	9.3714063061e-01	2.8873841785e+04
1.2372107417e+07	9.3714229348e-01	2.8868149514e+04
1.2372107417e+07	9.3714395691e-01	2.8862459927e+04
1.2372107417e+07	9.3714562086e-01	2.8856772973e+04
1.2372107417e+07	9.3714728529e-01	2.8851088604e+04
1.2372107417e+07	9.3714895017e-01	2.8845406769e+04
1.2372107417e+07	9.3715061546e-01	2.8839727420e+04
1.2372107417e+07	9.3715228114e-01	2.8834050519e+04
1.2372107417e+07	9.3715394717e-01	2.8828375998e+04
1.2372107417e+07	9.3715561355e-01	2.8822703799e+04
1.2372107417e+07	9.3715728024e-01	2.8817033874e+04
1.2372107417e+07	9.3715894723e-01	2.8811366170e+04
1.2372107417e+07	9.3716061450e-01	2.8805700632e+04
1.2372107417e+07	9.3716228203e-01	2.8800037209e+04
1.2372107417e+07	9.3716394982e-01	2.8794375844e+04
1.2372107417e+07	9.3716561783e-01	2.8788716485e+04
1.2372107417e+07	9.3716728607e-01	2.8783059076e+04
1.2372107417e+07	9.3716895453e-01	2.8777403562e+04
1.2372107417e+07	9.3717062318e-01	2.8771749887e+04
1.2372107417e+07	9.3717229203e-01	2.8766097996e+04
1.2372107417e+07	9.3717396107e-01	2.8760447832e+04
1.2372107417e+07	9.3717563029e-01	2.8754799336e+04
1.2372107417e+07	9.3717729969e-01	2.8749152454e+04
1.2372107417e+07	9.3717896925e-01	2.8743507127e+04
1.2372107417e+07	9.3718063898e-01	2.8737863301e+04
1.2372107417e+07	9.3718230888e-01	2.8732220917e+04
1.2372107417e+07	9.3718397892e-01	2.8726579919e+04
1.2372107417e+07	9.3718564913e-01	2.8720940251e+04
1.2372107417e+07	9.3718731948e-01	2.8715301854e+04
1.2372107417e+07	9.3718898999e-01	2.8709664672e+04
1.2372107417e+07	9.3719066095e-01	2.8704046285e+04
1.2372107417e+07	9.3719233299e-01	2.8698489348e+04
1.2372107417e+07	9.3719398487e-01	2.8692933881e+04
1.2372107417e+07	9.3719561770e-01	2.8687380207e+04
1.2372107417e+07	9.3719723274e-01	2.8681828206e+04
1.2372107417e+07	9.3719882893e-01	2.8676277885e+04
1.2372107417e+07	9.3720042498e-01	2.8670728284e+04
1.2372107417e+07	9.3720198641e-01	2.8665181008e+04
1.2372107417e+07	9.3720354331e-01	2.8659634539e+04
1.2372107417e+07	9.3720494721e-01	2.8654096173e+04
1.2372107417e+07	9.3720632065e-01	2.8648559793e+04
1.2372107417e+07	9.3720769434e-01	2.8643023840e+04
1.2371925720e+07	9.3720906830e-01	2.8637625611e+04
1.2371925720e+07	9.3807394113e-01	2.8619542534e+04
1.2371925720e+07	9.3807531380e-01	2.8613812480e+04
1.2371925720e+07	9.3807668661e-01	2.8608132011e+04
1.2371925720e+07	9.3807805956e-01	2.8602451871e+04
1.2371925720e+07	9.3807943266e-01	2.8596771911e+04
1.2371925720e+07	9.3808080590e-01	2.8591092074e+04
1.2368822521e+07	9.3808217930e-01	2.8587754714e+04
1.2368822521e+07	9.3793869055e-01	2.8669904923e+04
1.2368822521e+07	9.3785625968e-01	2.8674061050e+04
1.2368822521e+07	9.3777354482e-01	2.8679174361e+04
1.2368822521e+07	9.3769057542e-01	2.8685113289e+04
1.2368822521e+07	9.3760735409e-01	2.8691571305e+04
1.2368822521e+07	9.3752387528e-01	2.8698390907e+04
1.2368822521e+07	9.3744014773e-01	2.8705483860e+04
1.2368822521e+07	9.3735617014e-01	2.8712796613e+04
1.2368822521e+07	9.3727193959e-01	2.8720293647e+04
1.2368822521e+07	9.3718743183e-01	2.8727949700e+04
1.2368822521e+07	9.3710252633e-01	2.8735752327e+04
1.2368822521e+07	9.3701732362e-01	2.8743682704e+04
1.2368822521e+07	9.3693185880e-01	2.8751725259e+04
1.2368822521e+07	9.3684611001e-01	2.8759873412e+04
1.2368822521e+07	9.3676010656e-01	2.8768114983e+04
1.2368822521e+07	9.3667382681e-01	2.8776445613e+04
1.2368822521e+07	9.3658724035e-01	2.8784860724e+04
1.2368822521e+07	9.3650041710e-01	2.8793349637e+04
1.2368822521e+07	9.3641331409e-01	2.8801911906e+04
1.2368822521e+07	9.3632595049e-01	2.8810541117e+04
1.2368822521e+07	9.3623834443e-01	2.8819231309e+04
1.2368822521e+07	9.3615048033e-01	2.8827980151e+04
1.2368822521e+07	9.3606234453e-01	2.8836785357e+04
1.2368822521e+07	9.3597396734e-01	2.8845640406e+04
1.2368822521e+07	9.3588533526e-01	2.8854543341e+04
1.2368822521e+07	9.3579642878e-01	2.8863492953e+04
1.2368822521e+07	9.3570728788e-01	2.8872482158e+04
1.2368822521e+07	9.3561785035e-01	2.8881514424e+04
1.2368822521e+07	9.3552815072e-01	2.8890583582e+04
1.2368822521e+07	9.3543819832e-01	2.8899691268e+04
1.2368822521e+07	9.3534793537e-01	2.8908898866e+04
1.2368822521e+07	9.3525743127e-01	2.8918135326e+04
1.2368822521e+07	9.3516666137e-01	2.8927402925e+04
1.2368822521e+07	9.3507564072e-01	2.8936700340e+04
1.2368822521e+07	9.3498433601e-01	2.8946032446e+04
1.2368822521e+07	9.3489274612e-01	2.8955402308e+04
1.2368822521e+07	9.3480086747e-01	2.8964815107e+04
1.2368822521e+07	9.3470877036e-01	2.8974270549e+04
1.2368822521e+07	9.3461638919e-01	2.8983784780e+04
1.2368822521e+07	9.3452368728e-01	2.8993373579e+04
1.2368822521e+07	9.3443071274e-01	2.9003046685e+04
1.2368822521e+07	9.3433744266e-01	2.9012823928e+04
1.2368822521e+07	9.3424390586e-01	2.9022722151e+04
1.2368822521e+07	9.3415005189e-01	2.9032768796e+04
1.2368822521e+07	9.3405588663e-01	2.9042986998e+04
1.2368822521e+07	9.3396144676e-01	2.9053397481e+04
1.2368822521e+07	9.3386670620e-01	2.9064028104e+04
1.2368822521e+07	9.3377167273e-01	2.9074902430e+04
1.2368822521e+07	9.3367633740e-01	2.9086044533e+04
1.2368822521e+07	9.3358067669e-01	2.9097478031e+04
1.2368822521e+07	9.3348467850e-01	2.9109222194e+04
1.2368822521e+07	9.3338837273e-01	2.9121287090e+04
1.2368822521e+07	9.3329177236e-01	2.9133679961e+04
1.2368822521e+07	9.3319487190e-01	2.9146405140e+04
1.2368822521e+07	9.3309769187e-01	2.9159458097e+04
1.2368822521e+07	9.3300015731e-01	2.9172842030e+04
1.2368822521e+07	9.3290235950e-01	2.9186532437e+04
1.2368822521e+07	9.3280422458e-01	2.9200523544e+04
1.2368822521e+07	9.3270581318e-01	2.9214787067e+04
1.2368822521e+07	9.3260706208e-01	2.9229310222e+04
1.2368822521e+07	9.3250800986e-01	2.9244063805e+04
1.2368822521e+07	9.3240866203e-01	2.9259022822e+04
1.2368822521e+07	9.3230901624e-01	2.9274163581e+04
1.2368822521e+07	9.3220903884e-01	2.9289468019e+04
1.2368822521e+07	9.3210876481e-01	2.9304908747e+04
1.2368822521e+07	9.3200818133e-01	2.9320467310e+04
1.2368822521e+07	9.3190723803e-01	2.9336132832e+04
1.2368822521e+07	9.3180597510e-01	2.9351882079e+04
1.2368822521e+07	9.3170445349e-01	2.9367690339e+04
1.2368822521e+07	9.3160260605e-01	2.9383554653e+04
1.2368822521e+07	9.3150045050e-01	2.9399460244e+04
1.2368822521e+07	9.3139795234e-01	2.9415401974e+04
1.2368822521e+07	9.3129512069e-01	2.9431369072e+04
1.2368822521e+07	9.3119195566e-01	2.9447353289e+04
1.2368822521e+07	9.3108851602e-01	2.9463338198e+04
1.2368822521e+07	9.3098470731e-01	2.9479332001e+04
1.2368822521e+07	9.3088057348e-01	2.9495321944e+04
1.2368822521e+07	9.3077611546e-01	2.9511302678e+04
1.2368822521e+07	9.3067135720e-01	2.9527266327e+04
1.2368822521e+07	9.3056628011e-01	2.9543218184e+04
1.2368822521e+07	9.3046083150e-01	2.9559236796e+04
1.2368822521e+07	9.3035497243e-01	2.9576136925e+04
1.2368822521e+07	9.3029181205e-01	2.9600429616e+04
1.2368822521e+07	9.3028408536e-01	2.9674651669e+04
1.2368822521e+07	9.3028086329e-01	2.9685968083e+04
1.2368822521e+07	9.3027776092e-01	2.9694231186e+04
1.2368822521e+07	9.3027474845e-01	2.9699721846e+04
1.2368822521e+07	9.3027179475e-01	2.9703399074e+04
1.2368822521e+07	9.3026886745e-01	2.9706101148e+04
1.2368822521e+07	9.3026594689e-01	2.9708319745e+04
1.2368822521e+07	9.3026304314e-01	2.9710206979e+04
1.2368822521e+07	9.3026015197e-01	2.9711898633e+04
1.2368822521e+07	9.3025727103e-01	2.9713461140e+04
1.2368822521e+07	9.3025439539e-01	2.9714946930e+04
1.2368822521e+07	9.3025150755e-01	2.9716446604e+04
1.2368822521e+07	9.3024862753e-01	2.9717886911e+04
1.2368822521e+07	9.3024575484e-01	2.9719280626e+04
1.2368822521e+07	9.3024288918e-01	2.9720635727e+04
1.2368822521e+07	9.3024002336e-01	2.9721985713e+04
1.2368822521e+07	9.3023714904e-01	2.9723366635e+04
1.2368822521e+07	9.3023428268e-01	2.9724715439e+04
1.2368822521e+07	9.3023142502e-01	2.9726032358e+04
1.2368822521e+07	9.3022857736e-01	2.9727314747e+04
1.2368822521e+07	9.3022572482e-01	2.9728626525e+04
1.2368822521e+07	9.3022288692e-01	2.9729894327e+04
1.2368822521e+07	9.3022007617e-01	2.9731076951e+04
1.2368822521e+07	9.3021730738e-01	2.9732129452e+04
1.2368822521e+07	9.3021487544e-01	2.9732924639e+04
1.2368822521e+07	9.3021268485e-01	2.9733411699e+04
1.2368822521e+07	9.3021068027e-01	2.9733467384e+04
1.2368822521e+07	9.3020891596e-01	2.9732868978e+04
1.2368822521e+07	9.3020750096e-01	2.9731249180e+04
1.2368822521e+07	9.3020676156e-01	2.9728007699e+04
1.2368822521e+07	9.3020682514e-01	2.9722781357e+04
1.2368822521e+07	9.3020748146e-01	2.9717285261e+04
1.2368822521e+07	9.3020844836e-01	2.9711644997e+04
1.2368822521e+07	9.3020960540e-01	2.9705918026e+04
1.2368822521e+07	9.3021089004e-01	2.9700134151e+04
1.2368822521e+07	9.3021226575e-01	2.9694310799e+04
1.2368822521e+07	9.3021370941e-01	2.9688459028e+04
1.2368822521e+07	9.3021520548e-01	2.9682586286e+04
1.2368822521e+07	9.3021674310e-01	2.9676697821e+04
1.2368822521e+07	9.3021831749e-01	2.9670797309e+04
1.2368822521e+07	9.3021993978e-01	2.9664886776e+04
1.2368822521e+07	9.3022158356e-01	2.9658969536e+04
1.2368822521e+07	9.3022324553e-01	2.9653047318e+04
1.2368822521e+07	9.3022492307e-01	2.9647121497e+04
1.2368822521e+07	9.3022661407e-01	2.9641193187e+04
1.2368822521e+07	9.3022831683e-01	2.9635263301e+04
1.2368822521e+07	9.3023002994e-01	2.9629332590e+04
1.2368822521e+07	9.3023175222e-01	2.9623401681e+04
1.2368822521e+07	9.3023348269e-01	2.9617471108e+04
1.2368822521e+07	9.3023522081e-01	2.9611541320e+04
1.2368822521e+07	9.3023697117e-01	2.9605613330e+04
1.2368822521e+07	9.3023872627e-01	2.9599689021e+04
1.2368822521e+07	9.3024048393e-01	2.9593768874e+04
1.2368822521e+07	9.3024224449e-01	2.9587853011e+04
1.2368822521e+07	9.3024400866e-01	2.9581941463e+04
1.2368822521e+07	9.3024577698e-01	2.9576034236e+04
1.2368822521e+07	9.3024754973e-01	2.9570131327e+04
1.2368822521e+07	9.3024932697e-01	2.9564232736e+04
1.2368822521e+07	9.3025110864e-01	2.9558338457e+04
1.2368822521e+07	9.3025289458e-01	2.9552448486e+04
1.2368822521e+07	9.3025468459e-01	2.9546562816e+04
1.2368822521e+07	9.3025647846e-01	2.9540681437e+04
1.2368822521e+07	9.3025827596e-01	2.9534804339e+04
1.2368822521e+07	9.3026007687e-01	2.9528931508e+04
1.2368822521e+07	9.3026188097e-01	2.9523062928e+04
1.2368822521e+07	9.3026368804e-01	2.9517198582e+04
1.2368822521e+07	9.3026549790e-01	2.9511338449e+04
1.2368822521e+07	9.3026731036e-01	2.9505482507e+04
1.2368822521e+07	9.3026912523e-01	2.9499630733e+04
1.2368822521e+07	9.3027094236e-01	2.9493783100e+04
1.2368822521e+07	9.3027276159e-01	2.9487939581e+04
1.2368822521e+07	9.3027458278e-01	2.9482100149e+04
1.2368822521e+07	9.3027640580e-01	2.9476264772e+04
1.2368822521e+07	9.3027823052e-01	2.9470433419e+04
1.2368822521e+07	9.3028005682e-01	2.9464606057e+04
1.2368822521e+07	9.3028188460e-01	2.9458782654e+04
1.2368822521e+07	9.3028371376e-01	2.9452963173e+04
1.2368822521e+07	9.3028554420e-01	2.9447147580e+04
1.2368822521e+07	9.3028737583e-01	2.9441335838e+04
1.2368822521e+07	9.3028920857e-01	2.9435527922e+04
1.2368822521e+07	9.3029104235e-01	2.9429723782e+04
1.2368822521e+07	9.3029287710e-01	2.9423923369e+04
1.2368822521e+07	9.3029471274e-01	2.9418126648e+04
1.2368822521e+07	9.3029654923e-01	2.9412333576e+04
1.2368822521e+07	9.3029838650e-01	2.9406544111e+04
1.2368822521e+07	9.3030022450e-01	2.9400758210e+04
1.2368822521e+07	9.3030206319e-01	2.9394975830e+04
1.2368822521e+07	9.3030390250e-01	2.9389196925e+04
1.2368822521e+07	9.3030574242e-01	2.9383421449e+04
1.2368822521e+07	9.3030758289e-01	2.9377649356e+04
1.2368822521e+07	9.3030942387e-01	2.9371880596e+04
1.2368822521e+07	9.3031126534e-01	2.9366115124e+04
1.2368822521e+07	9.3031310727e-01	2.9360352891e+04
1.2368822521e+07	9.3031494962e-01	2.9354593849e+04
1.2368822521e+07	9.3031679236e-01	2.9348837950e+04
1.2368822521e+07	9.3031863548e-01	2.9343085144e+04
1.2368822521e+07	9.3032047895e-01	2.9337335382e+04
1.2368822521e+07	9.3032232275e-01	2.9331588614e+04
1.2368822521e+07	9.3032416685e-01	2.9325844789e+04
1.2368822521e+07	9.3032601125e-01	2.9320103856e+04
1.2368822521e+07	9.3032785591e-01	2.9314365764e+04
1.2368822521e+07	9.3032970084e-01	2.9308630460e+04
1.2368822521e+07	9.3033154600e-01	2.9302897891e+04
1.2368822521e+07	9.3033339140e-01	2.9297168007e+04
1.2368822521e+07	9.3033523702e-01	2.9291440753e+04
1.2368822521e+07	9.3033708284e-01	2.9285716076e+04
1.2368822521e+07	9.3033892886e-01	2.9279993923e+04
1.2368822521e+07	9.3034077507e-01	2.9274274240e+04
1.2368822521e+07	9.3034262145e-01	2.9268556984e+04
1.2368822521e+07	9.3034446801e-01	2.9262842099e+04
1.2368822521e+07	9.3034631473e-01	2.9257129511e+04
1.2368822521e+07	9.3034816161e-01	2.9251419168e+04
1.2368822521e+07	9.3035000865e-01	2.9245711017e+04
1.2368822521e+07	9.3035185583e-01	2.9240005001e+04
1.2368822521e+07	9.3035370317e-01	2.9234301064e+04
1.2368822521e+07	9.3035555064e-01	2.9228599151e+04
1.2368822521e+07	9.3035739825e-01	2.9222899205e+04
1.2368822521e+07	9.3035924600e-01	2.9217201169e+04
1.2367559302e+07	9.3036109388e-01	2.9212487865e+04
1.2367559302e+07	9.3111459534e-01	2.9259558234e+04
1.2367559302e+07	9.3111644863e-01	2.9253719560e+04
1.2367559302e+07	9.3111830189e-01	2.9247879649e+04
1.2367559302e+07	9.3112015511e-01	2.9242041511e+04
1.2367559302e+07	9.3112200826e-01	2.9236205090e+04
1.2367559302e+07	9.3112386132e-01	2.9230370327e+04
1.2364709096e+07	9.3112571429e-01	2.9226762060e+04
1.2364709096e+07	9.3087596412e-01	2.9239435242e+04
1.2364709096e+07	9.3079026337e-01	2.9243593320e+04
1.2364709096e+07	9.3070424452e-01	2.9248936291e+04
1.2364709096e+07	9.3061793541e-01	2.9255254923e+04
1.2364709096e+07	9.3053135555e-01	2.9262168320e+04
1.2364709096e+07	9.3044451126e-01	2.9269481938e+04
1.2364709096e+07	9.3035740254e-01	2.9277091977e+04
1.2364709096e+07	9.3027004307e-01	2.9284935718e+04
1.2364709096e+07	9.3018242681e-01	2.9292973805e+04
1.2364709096e+07	9.3009454293e-01	2.9301179481e+04
1.2364709096e+07	9.3000639331e-01	2.9309532132e+04
1.2364709096e+07	9.2991800014e-01	2.9318013869e+04
1.2364709096e+07	9.2982932915e-01	2.9326615436e+04
1.2364709096e+07	9.2974039670e-01	2.9335324955e+04
1.2364709096e+07	9.2965119577e-01	2.9344134485e+04
1.2364709096e+07	9.2956173859e-01	2.9353035412e+04
1.2364709096e+07	9.2947201810e-01	2.9362021990e+04
1.2364709096e+07	9.2938205855e-01	2.9371086053e+04
1.2364709096e+07	9.2929180875e-01	2.9380227666e+04
1.2364709096e+07	9.2920130164e-01	2.9389438809e+04
1.2364709096e+07	9.2911051746e-01	2.9398717214e+04
1.2364709096e+07	9.2901947051e-01	2.9408057396e+04
1.2364709096e+07	9.2892818081e-01	2.9417453503e+04
1.2364709096e+07	9.2883659250e-01	2.9426907722e+04
1.2364709096e+07	9.2874473734e-01	2.9436413317e+04
1.2364709096e+07	9.2865262187e-01	2.9445966333e+04
1.2364709096e+07	9.2856023639e-01	2.9455564644e+04
1.2364709096e+07	9.2846756319e-01	2.9465207146e+04
1.2364709096e+07	9.2837458515e-01	2.9474892906e+04
1.2364709096e+07	9.2828137193e-01	2.9484612217e+04
1.2364709096e+07	9.2818791164e-01	2.9494364362e+04
1.2364709096e+07	9.2809414239e-01	2.9504154421e+04
1.2364709096e+07	9.2800012709e-01	2.9513975156e+04
1.2364709096e+07	9.2790582755e-01	2.9523831008e+04
1.2364709096e+07	9.2781119780e-01	2.9533728517e+04
1.2364709096e+07	9.2771628499e-01	2.9543666067e+04
1.2364709096e+07	9.2762112156e-01	2.9553645593e+04
1.2364709096e+07	9.2752563557e-01	2.9563682312e+04
1.2364709096e+07	9.2742988744e-01	2.9573780034e+04
1.2364709096e+07	9.2733382852e-01	2.9583956925e+04
1.2364709096e+07	9.2723741335e-01	2.9594233770e+04
1.2364709096e+07	9.2714074256e-01	2.9604618534e+04
1.2364709096e+07	9.2704378791e-01	2.9615135544e+04
1.2364709096e+07	9.2694652187e-01	2.9625811306e+04
1.2364709096e+07	9.2684896139e-01	2.9636669081e+04
1.2364709096e+07	9.2675105763e-01	2.9647740502e+04
1.2364709096e+07	9.2665284395e-01	2.9659048076e+04
1.2364709096e+07	9.2655436224e-01	2.9670612247e+04
1.2364709096e+07	9.2645552604e-01	2.9682466897e+04
1.2364709096e+07	9.2635635828e-01	2.9694630369e+04
1.2364709096e+07	9.2625687582e-01	2.9707117914e+04
1.2364709096e+07	9.2615707780e-01	2.9719942336e+04
1.2364709096e+07	9.2605690437e-01	2.9733119097e+04
1.2364709096e+07	9.2595642361e-01	2.9746641208e+04
1.2364709096e+07	9.2585565826e-01	2.9760501543e+04
1.2364709096e+07	9.2575460462e-01	2.9774690899e+04
1.2364709096e+07	9.2565322517e-01	2.9789200108e+04
1.2364709096e+07	9.2555149894e-01	2.9804013766e+04
1.2364709096e+07	9.2544949601e-01	2.9819099841e+04
1.2364709096e+07	9.2534718130e-01	2.9834439553e+04
1.2364709096e+07	9.2524450478e-01	2.9850015498e+04
1.2364709096e+07	9.2514154990e-01	2.9865789651e+04
1.2364709096e+07	9.2503824329e-01	2.9881748583e+04
1.2364709096e+07	9.2493464571e-01	2.9897859143e+04
1.2364709096e+07	9.2483072559e-01	2.9914104107e+04
1.2364709096e+07	9.2472648185e-01	2.9930463230e+04
1.2364709096e+07	9.2462189831e-01	2.9946920564e+04
1.2364709096e+07	9.2451700389e-01	2.9963454919e+04
1.2364709096e+07	9.2441176029e-01	2.9980057619e+04
1.2364709096e+07	9.2430618067e-01	2.9996713497e+04
1.2364709096e+07	9.2420028337e-01	3.0013408173e+04
1.2364709096e+07	9.2409404129e-01	3.0030135861e+04
1.2364709096e+07	9.2398749691e-01	3.0046880954e+04
1.2364709096e+07	9.2388057801e-01	3.0063647055e+04
1.2364709096e+07	9.2377336319e-01	3.0080414765e+04
1.2364709096e+07	9.2366576676e-01	3.0097191407e+04
1.2364709096e+07	9.2355787505e-01	3.0113957828e+04
1.2364709096e+07	9.2344960225e-01	3.0130722583e+04
1.2364709096e+07	9.2334102817e-01	3.0147469742e+04
1.2364709096e+07	9.2323210943e-01	3.0164215103e+04
1.2364709096e+07	9.2312279999e-01	3.0181106111e+04
1.2364709096e+07	9.2301296853e-01	3.0199727536e+04
1.2364709096e+07	9.2297441575e-01	3.0232634042e+04
1.2364709096e+07	9.2296738236e-01	3.0297509347e+04
1.2364709096e+07	9.2296400411e-01	3.0309114914e+04
1.2364709096e+07	9.2296075129e-01	3.0317498127e+04
1.2364709096e+07	9.2295759180e-01	3.0323079654e+04
1.2364709096e+07	9.2295449311e-01	3.0326850937e+04
1.2364709096e+07	9.2295141887e-01	3.0329670712e+04
1.2364709096e+07	9.2294835221e-01	3.0332003471e+04
1.2364709096e+07	9.2294530352e-01	3.0334004953e+04
1.2364709096e+07	9.2294226849e-01	3.0335808011e+04
1.2364709096e+07	9.2293924469e-01	3.0337478790e+04
1.2364709096e+07	9.2293622407e-01	3.0339081007e+04
1.2364709096e+07	9.2293319158e-01	3.0340690533e+04
1.2364709096e+07	9.2293016784e-01	3.0342238372e+04
1.2364709096e+07	9.2292715237e-01	3.0343737470e+04
1.2364709096e+07	9.2292414486e-01	3.0345195916e+04
1.2364709096e+07	9.2292113396e-01	3.0346660832e+04
1.2364709096e+07	9.2291811617e-01	3.0348147934e+04
1.2364709096e+07	9.2291510752e-01	3.0349600591e+04
1.2364709096e+07	9.2291210890e-01	3.0351018634e+04
1.2364709096e+07	9.2290912192e-01	3.0352398773e+04
1.2364709096e+07	9.2290612612e-01	3.0353821722e+04
1.2364709096e+07	9.2290315127e-01	3.0355181127e+04
1.2364709096e+07	9.2290020895e-01	3.0356443233e+04
1.2364709096e+07	9.2289731730e-01	3.0357555096e+04
1.2364709096e+07	9.2289482177e-01	3.0358372204e+04
1.2364709096e+07	9.2289256516e-01	3.0358836209e+04
1.2364709096e+07	9.2289052671e-01	3.0358800424e+04
1.2364709096e+07	9.2288877550e-01	3.0358004600e+04
1.2364709096e+07	9.2288746540e-01	3.0356019328e+04
1.2364709096e+07	9.2288693925e-01	3.0352147422e+04
1.2364709096e+07	9.2288727398e-01	3.0346602321e+04
1.2364709096e+07	9.2288814518e-01	3.0340806988e+04
1.2364709096e+07	9.2288930978e-01	3.0334873260e+04
1.2364709096e+07	9.2289065864e-01	3.0328854696e+04
1.2364709096e+07	9.2289213336e-01	3.0322779891e+04
1.2364709096e+07	9.2289369908e-01	3.0316665891e+04
1.2364709096e+07	9.2289533336e-01	3.0310523668e+04
1.2364709096e+07	9.2289702097e-01	3.0304360691e+04
1.2364709096e+07	9.2289875108e-01	3.0298182269e+04
1.2364709096e+07	9.2290051974e-01	3.0291992104e+04
1.2364709096e+07	9.2290217887e-01	3.0286328378e+04
1.2364709096e+07	9.2290395407e-01	3.0280301619e+04
1.2364709096e+07	9.2290574902e-01	3.0274271839e+04
1.2364709096e+07	9.2290756079e-01	3.0268237836e+04
1.2364709096e+07	9.2290938707e-01	3.0262200932e+04
1.2364709096e+07	9.2291122669e-01	3.0256218167e+04
1.2364709096e+07	9.2291307517e-01	3.0250259688e+04
1.2364709096e+07	9.2291492873e-01	3.0244300971e+04
1.2364709096e+07	9.2291679123e-01	3.0238341745e+04
1.2364709096e+07	9.2291866163e-01	3.0232382926e+04
1.2364709096e+07	9.2292053883e-01	3.0226425907e+04
1.2364709096e+07	9.2292242240e-01	3.0220471108e+04
1.2364709096e+07	9.2292430933e-01	3.0214520313e+04
1.2364709096e+07	9.2292619804e-01	3.0208574175e+04
1.2364709096e+07	9.2292808876e-01	3.0202632882e+04
1.2364709096e+07	9.2292998224e-01	3.0196696496e+04
1.2364709096e+07	9.2293187921e-01	3.0190765037e+04
1.2364709096e+07	9.2293378013e-01	3.0184838516e+04
1.2364709096e+07	9.2293568525e-01	3.0178916938e+04
1.2364709096e+07	9.2293759463e-01	3.0173000308e+04
1.2364709096e+07	9.2293950821e-01	3.0167088630e+04
1.2364709096e+07	9.2294142589e-01	3.0161181907e+04
1.2364709096e+07	9.2294334748e-01	3.0155280140e+04
1.2364709096e+07	9.2294527279e-01	3.0149383327e+04
1.2364709096e+07	9.2294720163e-01	3.0143491463e+04
1.2364709096e+07	9.2294913379e-01	3.0137604546e+04
1.2364709096e+07	9.2295106906e-01	3.0131722569e+04
1.2364709096e+07	9.2295300726e-01	3.0125845524e+04
1.2364709096e+07	9.2295494819e-01	3.0119973401e+04
1.2364709096e+07	9.2295689168e-01	3.0114106188e+04
1.2364709096e+07	9.2295883756e-01	3.0108243872e+04
1.2364709096e+07	9.2296078568e-01	3.0102386439e+04
1.2364709096e+07	9.2296273587e-01	3.0096533872e+04
1.2364709096e+07	9.2296468802e-01	3.0090686154e+04
1.2364709096e+07	9.2296664197e-01	3.0084843267e+04
1.2364709096e+07	9.2296859762e-01	3.0079005190e+04
1.2364709096e+07	9.2297055485e-01	3.0073171902e+04
1.2364709096e+07	9.2297251354e-01	3.0067343381e+04
1.2364709096e+07	9.2297447361e-01	3.0061519603e+04
1.2364709096e+07	9.2297643495e-01	3.0055700559e+04
1.2364709096e+07	9.2297839747e-01	3.0049886218e+04
1.2364709096e+07	9.2298036111e-01	3.0044076538e+04
1.2364709096e+07	9.2298232577e-01	3.0038271494e+04
1.2364709096e+07	9.2298429140e-01	3.0032471062e+04
1.2364709096e+07	9.2298625792e-01	3.0026675212e+04
1.2364709096e+07	9.2298822527e-01	3.0020883914e+04
1.2364709096e+07	9.2299019339e-01	3.0015097136e+04
1.2364709096e+07	9.2299216223e-01	3.0009314849e+04
1.2364709096e+07	9.2299413174e-01	3.0003537019e+04
1.2364709096e+07	9.2299610187e-01	2.9997763614e+04
1.2364709096e+07	9.2299807258e-01	2.9991994599e+04
1.2364709096e+07	9.2300004383e-01	2.9986229938e+04
1.2364709096e+07	9.2300201557e-01	2.9980469596e+04
1.2364709096e+07	9.2300398777e-01	2.9974713539e+04
1.2364709096e+07	9.2300596041e-01	2.9968961730e+04
1.2364709096e+07	9.2300793344e-01	2.9963214133e+04
1.2364709096e+07	9.2300990685e-01	2.9957470712e+04
1.2364709096e+07	9.2301188060e-01	2.9951731427e+04
1.2364709096e+07	9.2301385466e-01	2.9945996241e+04
1.2364709096e+07	9.2301582902e-01	2.9940265113e+04
1.2364709096e+07	9.2301780366e-01	2.9934538005e+04
1.2364709096e+07	9.2301977854e-01	2.9928814877e+04
1.2364709096e+07	9.2302175367e-01	2.9923095689e+04
1.2364709096e+07	9.2302372901e-01	2.9917380400e+04
1.2364709096e+07	9.2302570456e-01	2.9911668970e+04
1.2364709096e+07	9.2302768029e-01	2.9905961357e+04
1.2364709096e+07	9.2302965619e-01	2.9900257520e+04
1.2364709096e+07	9.2303163226e-01	2.9894557417e+04
1.2364709096e+07	9.2303360848e-01	2.9888861005e+04
1.2364709096e+07	9.2303558483e-01	2.9883168242e+04
1.2364709096e+07	9.2303756131e-01	2.9877479096e+04
1.2364709096e+07	9.2303953791e-01	2.9871793509e+04
1.2364709096e+07	9.2304151463e-01	2.9866111431e+04
1.2364709096e+07	9.2304349145e-01	2.9860432822e+04
1.2364709096e+07	9.2304546836e-01	2.9854757637e+04
1.2364709096e+07	9.2304744537e-01	2.9849085831e+04
1.2364709096e+07	9.2304942247e-01	2.9843417357e+04
1.2364709096e+07	9.2305139965e-01	2.9837752172e+04
1.2364709096e+07	9.2305337691e-01	2.9832090227e+04
1.2364709096e+07	9.2305535424e-01	2.9826431477e+04
1.2364709096e+07	9.2305733163e-01	2.9820775873e+04
1.2364709096e+07	9.2305930910e-01	2.9815123370e+04
1.2364709096e+07	9.2306128663e-01	2.9809473919e+04
1.2364709096e+07	9.2306326421e-01	2.9803827472e+04
1.2364709096e+07	9.2306524186e-01	2.9798183981e+04
1.2364709096e+07	9.2306721956e-01	2.9792543397e+04
1.2364709096e+07	9.2306919732e-01	2.9786905671e+04
1.2364709096e+07	9.2307117514e-01	2.9781270755e+04
1.2364709096e+07	9.2307315301e-01	2.9775638595e+04
1.2364709096e+07	9.2307513093e-01	2.9770009141e+04
1.2364709096e+07	9.2307710891e-01	2.9764382344e+04
1.2364709096e+07	9.2307908695e-01	2.9758758152e+04
1.2364709096e+07	9.2308106503e-01	2.9753136516e+04
1.2364709096e+07	9.2308304318e-01	2.9747517384e+04
1.2364709096e+07	9.2308502138e-01	2.9741900706e+04
1.2364709096e+07	9.2308699963e-01	2.9736286430e+04
1.2364709096e+07	9.2308897794e-01	2.9730674505e+04
1.2364709096e+07	9.2309095631e-01	2.9725064878e+04
1.2364709096e+07	9.2309293474e-01	2.9719457498e+04
1.2364709096e+07	9.2309491323e-01	2.9713852316e+04
1.2364709096e+07	9.2309689178e-01	2.9708249292e+04
1.2364709096e+07	9.2309887039e-01	2.9702648361e+04
1.2364709096e+07	9.2310084907e-01	2.9697049462e+04
1.2364709096e+07	9.2310282782e-01	2.9691452546e+04
1.2364709096e+07	9.2310480663e-01	2.9685857562e+04
1.2364709096e+07	9.2310678552e-01	2.9680264456e+04
1.2364709096e+07	9.2310876448e-01	2.9674673174e+04
1.2364709096e+07	9.2311074352e-01	2.9669083664e+04
1.2364709096e+07	9.2311272264e-01	2.9663495871e+04
1.2364709096e+07	9.2311470184e-01	2.9657909739e+04
1.2364709096e+07	9.2311668112e-01	2.9652325213e+04
1.2364709096e+07	9.2311866050e-01	2.9646742238e+04
1.2364709096e+07	9.2312063996e-01	2.9641160760e+04
1.2364709096e+07	9.2312261952e-01	2.9635580725e+04
1.2364709096e+07	9.2312459918e-01	2.9630002080e+04
1.2364709096e+07	9.2312657893e-01	2.9624424768e+04
1.2364709096e+07	9.2312855879e-01	2.9618848737e+04
1.2364709096e+07	9.2313053875e-01	2.9613273931e+04
1.2364709096e+07	9.2313252005e-01	2.9607752117e+04
1.2364709096e+07	9.2313450200e-01	2.9602256998e+04
1.2364709096e+07	9.2313648394e-01	2.9596762626e+04
1.2364709096e+07	9.2313846599e-01	2.9591269139e+04
1.2364709096e+07	9.2314042421e-01	2.9585777707e+04
1.2364709096e+07	9.2314236151e-01	2.9580288131e+04
1.2364709096e+07	9.2314429633e-01	2.9574799415e+04
1.2364709096e+07	9.2314619155e-01	2.9569313404e+04
1.2364709096e+07	9.2314795919e-01	2.9563834558e+04
1.2364709096e+07	9.2314960824e-01	2.9558362378e+04
1.2364709096e+07	9.2315125759e-01	2.9552890725e+04
1.2364709096e+07	9.2315290722e-01	2.9547419561e+04
1.2364709096e+07	9.2315455716e-01	2.9541948830e+04
1.2364709096e+07	9.2315620740e-01	2.9536478465e+04
1.2364709096e+07	9.2315785794e-01	2.9531008418e+04
1.2364709096e+07	9.2315950881e-01	2.9525538636e+04
1.2364709096e+07	9.2316115999e-01	2.9520069068e+04
1.2364709096e+07	9.2316281149e-01	2.9514599662e+04
1.2364709096e+07	9.2316446332e-01	2.9509130366e+04
1.2364709096e+07	9.2316611548e-01	2.9503661128e+04
1.2364709096e+07	9.2316776798e-01	2.9498191898e+04
1.2364709096e+07	9.2316942082e-01	2.9492722624e+04
1.2364709096e+07	9.2317107401e-01	2.9487253256e+04
1.2364709096e+07	9.2317272754e-01	2.9481783743e+04
1.2364709096e+07	9.2317438143e-01	2.9476314034e+04
1.2364709096e+07	9.2317603569e-01	2.9470844077e+04
1.2364709096e+07	9.2317769030e-01	2.9465373822e+04
1.2364709096e+07	9.2317934529e-01	2.9459903222e+04
1.2364709096e+07	9.2318100065e-01	2.9454432226e+04
1.2364709096e+07	9.2318265639e-01	2.9448960788e+04
1.2364709096e+07	9.2318431252e-01	2.9443488858e+04
1.2364709096e+07	9.2318596903e-01	2.9438016389e+04
1.2364709096e+07	9.2318762593e-01	2.9432543334e+04
1.2364709096e+07	9.2318928323e-01	2.9427069647e+04
1.2364709096e+07	9.2319094094e-01	2.9421595282e+04
1.2364709096e+07	9.2319259905e-01	2.9416120193e+04
1.2364709096e+07	9.2319425757e-01	2.9410644336e+04
1.2364709096e+07	9.2319591651e-01	2.9405167667e+04
1.2364709096e+07	9.2319757586e-01	2.9399690143e+04
1.2364709096e+07	9.2319923564e-01	2.9394211726e+04
1.2364709096e+07	9.2320089584e-01	2.9388732384e+04
1.2364709096e+07	9.2320255647e-01	2.9383252062e+04
1.2364709096e+07	9.2320421754e-01	2.9377770710e+04
1.2364709096e+07	9.2320587905e-01	2.9372288291e+04
1.2364709096e+07	9.2320754100e-01	2.9366804767e+04
1.2364709096e+07	9.2320920341e-01	2.9361320098e+04
1.2364709096e+07	9.2321086627e-01	2.9355834246e+04
1.2364709096e+07	9.2321252958e-01	2.9350347174e+04
1.2364709096e+07	9.2321419336e-01	2.9344858846e+04
1.2364709096e+07	9.2321585760e-01	2.9339369226e+04
1.2364709096e+07	9.2321752230e-01	2.9333878280e+04
1.2364709096e+07	9.2321918748e-01	2.9328385973e+04
1.2364709096e+07	9.2322085314e-01	2.9322892271e+04
1.2364709096e+07	9.2322251927e-01	2.9317397139e+04
1.2364709096e+07	9.2322418589e-01	2.9311900542e+04
1.2364709096e+07	9.2322585300e-01	2.9306402448e+04
1.2364709096e+07	9.2322752060e-01	2.9300902828e+04
1.2364709096e+07	9.2322918869e-01	2.9295401652e+04
1.2364709096e+07	9.2323085728e-01	2.9289898894e+04
1.2364709096e+07	9.2323252637e-01	2.9284394525e+04
1.2364709096e+07	9.2323419597e-01	2.9278888521e+04
1.2364709096e+07	9.2323586607e-01	2.9273380857e+04
1.2364709096e+07	9.2323753669e-01	2.9267871509e+04
1.2364709096e+07	9.2323920781e-01	2.9262360455e+04
1.2364709096e+07	9.2324087945e-01	2.9256847673e+04
1.2364709096e+07	9.2324255160e-01	2.9251333143e+04
1.2364709096e+07	9.2324422428e-01	2.9245816847e+04
1.2364709096e+07	9.2324589747e-01	2.9240298780e+04
1.2364709096e+07	9.2324757118e-01	2.9234778915e+04
1.2364709096e+07	9.2324924542e-01	2.9229257228e+04
1.2364709096e+07	9.2325092019e-01	2.9223733707e+04
1.2364709096e+07	9.2325259549e-01	2.9218208336e+04
1.2364709096e+07	9.2325427132e-01	2.9212681103e+04
1.2364709096e+07	9.2325594768e-01	2.9207151997e+04
1.2364709096e+07	9.2325762458e-01	2.9201621008e+04
1.2364709096e+07	9.2325930202e-01	2.9196088127e+04
1.2364709096e+07	9.2326097999e-01	2.9190553348e+04
1.2364709096e+07	9.2326265850e-01	2.9185016664e+04
1.2364709096e+07	9.2326433754e-01	2.9179478070e+04
1.2364709096e+07	9.2326601713e-01	2.9173937562e+04
1.2364709096e+07	9.2326769726e-01	2.9168395135e+04
1.2364709096e+07	9.2326937793e-01	2.9162850789e+04
1.2364709096e+07	9.2327105915e-01	2.9157304525e+04
1.2364709096e+07	9.2327274090e-01	2.9151756342e+04
1.2364709096e+07	9.2327442320e-01	2.9146206243e+04
1.2364709096e+07	9.2327610604e-01	2.9140654226e+04
1.2364709096e+07	9.2327778943e-01	2.9135100296e+04
1.2364709096e+07	9.2327947336e-01	2.9129544459e+04
1.2364709096e+07	9.2328115784e-01	2.9123986723e+04
1.2364709096e+07	9.2328284286e-01	2.9118427098e+04
1.2364709096e+07	9.2328452842e-01	2.9112865593e+04
1.2364709096e+07	9.2328621452e-01	2.9107302221e+04
1.2364709096e+07	9.2328790117e-01	2.9101736994e+04
1.2364709096e+07	9.2328958835e-01	2.9096169942e+04
1.2364709096e+07	9.2329127606e-01	2.9090601064e+04
1.2364709096e+07	9.2329296432e-01	2.9085030368e+04
1.2364709096e+07	9.2329465312e-01	2.9079457875e+04
1.2364709096e+07	9.2329634245e-01	2.9073883603e+04
1.2364709096e+07	9.2329803232e-01	2.9068307575e+04
1.2364709096e+07	9.2329972272e-01	2.9062729812e+04
1.2364709096e+07	9.2330141365e-01	2.9057150338e+04
1.2364709096e+07	9.2330310487e-01	2.9051628690e+04
1.2364709096e+07	9.2330475437e-01	2.9046124584e+04
1.2364709096e+07	9.2330640434e-01	2.9040618603e+04
1.2364709096e+07	9.2330802643e-01	2.9035112351e+04
1.2364709096e+07	9.2330962223e-01	2.9029605775e+04
1.2364709096e+07	9.2331121847e-01	2.9024097538e+04
1.2364709096e+07	9.2331262393e-01	2.9018597465e+04
1.2364709096e+07	9.2331255504e-01	2.9013171255e+04
1.2364709096e+07	9.2331248738e-01	2.9007743409e+04
1.2364709096e+07	9.2331242099e-01	2.9002313997e+04
1.2364709096e+07	9.2331235591e-01	2.8996883055e+04
1.2364709096e+07	9.2331229218e-01	2.8991450617e+04
1.2364709096e+07	9.2331183628e-01	2.8986036854e+04
1.2364709096e+07	9.2331036755e-01	2.8980673549e+04
1.2364709096e+07	9.2330890161e-01	2.8975309049e+04
1.2364709096e+07	9.2330743877e-01	2.8969945123e+04
1.2364709096e+07	9.2330597878e-01	2.8964579834e+04
1.2364709096e+07	9.2330452170e-01	2.8959213257e+04
1.2364709096e+07	9.2330306756e-01	2.8953845417e+04
1.2364709096e+07	9.2330161642e-01	2.8948476353e+04
1.2364709096e+07	9.2330016831e-01	2.8943106108e+04
1.2364709096e+07	9.2329772446e-01	2.8937785822e+04
1.2364709096e+07	9.2329497825e-01	2.8932480052e+04
1.2364709096e+07	9.2329223635e-01	2.8927173179e+04
1.2364709096e+07	9.2328949895e-01	2.8921865562e+04
1.2364709096e+07	9.2320048469e-01	2.8922343385e+04
1.2364709096e+07	9.2311404619e-01	2.8928802704e+04
1.2364709096e+07	9.2302779834e-01	2.8935970224e+04
1.2364709096e+07	9.2294147053e-01	2.8943779037e+04
1.2364709096e+07	9.2285327379e-01	2.8952148915e+04
1.2364709096e+07	9.2276487575e-01	2.8960870669e+04
1.2364709096e+07	9.2267627054e-01	2.8969864435e+04
1.2364709096e+07	9.2258743589e-01	2.8979079483e+04
1.2364709096e+07	9.2249836807e-01	2.8988479395e+04
1.2364709096e+07	9.2240904768e-01	2.8998038826e+04
1.2364709096e+07	9.2231742691e-01	2.9007843389e+04
1.2364709096e+07	9.2222553475e-01	2.9017773050e+04
1.2364709096e+07	9.2213340057e-01	2.9027811398e+04
1.2364709096e+07	9.2204097765e-01	2.9037952484e+04
1.2364709096e+07	9.2194595579e-01	2.9048303987e+04
1.2364709096e+07	9.2185053608e-01	2.9058746137e+04
1.2364709096e+07	9.2175479421e-01	2.9069267281e+04
1.2364709096e+07	9.2165873571e-01	2.9079861176e+04
1.2364709096e+07	9.2156236388e-01	2.9090521294e+04
1.2364709096e+07	9.2146568610e-01	2.9101243284e+04
1.2364709096e+07	9.2136872424e-01	2.9112021245e+04
1.2364709096e+07	9.2127150142e-01	2.9122848265e+04
1.2364709096e+07	9.2117396987e-01	2.9133725615e+04
1.2364709096e+07	9.2107614922e-01	2.9144647217e+04
1.2364709096e+07	9.2097803743e-01	2.9155609577e+04
1.2364709096e+07	9.2087964332e-01	2.9166608158e+04
1.2364709096e+07	9.2078093441e-01	2.9177643227e+04
1.2364709096e+07	9.2068196216e-01	2.9188705789e+04
1.2364709096e+07	9.2058273244e-01	2.9199852631e+04
1.2364709096e+07	9.2048321593e-01	2.9211048568e+04
1.2364709096e+07	9.2038335646e-01	2.9222273281e+04
1.2364709096e+07	9.2028321503e-01	2.9233518428e+04
1.2364709096e+07	9.2018281697e-01	2.9244780392e+04
1.2364709096e+07	9.2008210436e-01	2.9256065988e+04
1.2364709096e+07	9.1998111043e-01	2.9267373094e+04
1.2364709096e+07	9.1987979856e-01	2.9278709206e+04
1.2364709096e+07	9.1977819804e-01	2.9290076455e+04
1.2364709096e+07	9.1967626080e-01	2.9301488148e+04
1.2364709096e+07	9.1957398936e-01	2.9312954651e+04
1.2364709096e+07	9.1947145343e-01	2.9324481795e+04
1.2364709096e+07	9.1936858548e-01	2.9336094042e+04
1.2364709096e+07	9.1926537757e-01	2.9347812177e+04
1.2364709096e+07	9.1916184409e-01	2.9359657313e+04
1.2364709096e+07	9.1905798202e-01	2.9371654905e+04
1.2364709096e+07	9.1895383877e-01	2.9383826131e+04
1.2364709096e+07	9.1884939123e-01	2.9396201116e+04
1.2364709096e+07	9.1874456381e-01	2.9408816258e+04
1.2364709096e+07	9.1863944960e-01	2.9421686285e+04
1.2364709096e+07	9.1853399007e-01	2.9434841865e+04
1.2364709096e+07	9.1842816612e-01	2.9448305419e+04
1.2364709096e+07	9.1832200384e-01	2.9462088945e+04
1.2364709096e+07	9.1821548016e-01	2.9476205268e+04
1.2364709096e+07	9.1810865241e-01	2.9490650240e+04
1.2364709096e+07	9.1800146260e-01	2.9505428923e+04
1.2364709096e+07	9.1789394089e-01	2.9520528128e+04
1.2364709096e+07	9.1778602702e-01	2.9535941817e+04
1.2364709096e+07	9.1767780519e-01	2.9551638410e+04
1.2364709096e+07	9.1756927030e-01	2.9567595278e+04
1.2364709096e+07	9.1746037191e-01	2.9583794113e+04
1.2364709096e+07	9.1735114861e-01	2.9600202045e+04
1.2364709096e+07	9.1724162253e-01	2.9616788382e+04
1.2364709096e+07	9.1713173690e-01	2.9633535175e+04
1.2364709096e+07	9.1702148278e-01	2.9650418630e+04
1.2364709096e+07	9.1691092246e-01	2.9667405851e+04
1.2364709096e+07	9.1680002864e-01	2.9684479980e+04
1.2364709096e+07	9.1668877196e-01	2.9701626752e+04
1.2364709096e+07	9.1657718824e-01	2.9718824120e+04
1.2364709096e+07	9.1646524858e-01	2.9736062294e+04
1.2364709096e+07	9.1635293522e-01	2.9753331714e+04
1.2364709096e+07	9.1624030621e-01	2.9770612920e+04
1.2364709096e+07	9.1612729764e-01	2.9787906919e+04
1.2364709096e+07	9.1601392777e-01	2.9805203257e+04
1.2364709096e+07	9.1590022086e-01	2.9822491780e+04
1.2364709096e+07	9.1578617514e-01	2.9839767296e+04
1.2364709096e+07	9.1567173151e-01	2.9857032989e+04
1.2364709096e+07	9.1555674265e-01	2.9874289385e+04
1.2364709096e+07	9.1544117874e-01	2.9891535247e+04
1.2364709096e+07	9.1532517287e-01	2.9908761091e+04
1.2364709096e+07	9.1520878589e-01	2.9925958708e+04
1.2364709096e+07	9.1509198567e-01	2.9943126228e+04
1.2364709096e+07	9.1497480396e-01	2.9960269478e+04
1.2364709096e+07	9.1485720998e-01	2.9977454775e+04
1.2364709096e+07	9.1473915874e-01	2.9995387184e+04
1.2364709096e+07	9.1466020496e-01	3.0019512863e+04
1.2364709096e+07	9.1465164298e-01	3.0087470115e+04
1.2364709096e+07	9.1464786661e-01	3.0098257318e+04
1.2364709096e+07	9.1464424855e-01	3.0106177021e+04
1.2364709096e+07	9.1464074820e-01	3.0111517651e+04
1.2364709096e+07	9.1463732450e-01	3.0115195376e+04
1.2364709096e+07	9.1463394804e-01	3.0117931574e+04
1.2364709096e+07	9.1463056503e-01	3.0120307601e+04
1.2364709096e+07	9.1462720564e-01	3.0122360083e+04
1.2364709096e+07	9.1462386421e-01	3.0124214626e+04
1.2364709096e+07	9.1462053744e-01	3.0125935779e+04
1.2364709096e+07	9.1461722320e-01	3.0127561392e+04
1.2364709096e+07	9.1461389116e-01	3.0129205851e+04
1.2364709096e+07	9.1461056492e-01	3.0130804081e+04
1.2364709096e+07	9.1460724908e-01	3.0132352198e+04
1.2364709096e+07	9.1460394319e-01	3.0133858678e+04
1.2364709096e+07	9.1460064497e-01	3.0135335206e+04
1.2364709096e+07	9.1459732543e-01	3.0136872265e+04
1.2364709096e+07	9.1459401682e-01	3.0138374509e+04
1.2364709096e+07	9.1459071994e-01	3.0139842759e+04
1.2364709096e+07	9.1458743629e-01	3.0141274784e+04
1.2364709096e+07	9.1458414930e-01	3.0142724056e+04
1.2364709096e+07	9.1458087331e-01	3.0144150900e+04
1.2364709096e+07	9.1457763042e-01	3.0145494437e+04
1.2364709096e+07	9.1457443795e-01	3.0146712779e+04
1.2364709096e+07	9.1457161253e-01	3.0147669132e+04
1.2364709096e+07	9.1456910284e-01	3.0148324448e+04
1.2364709096e+07	9.1456681230e-01	3.0148572805e+04
1.2364709096e+07	9.1456480159e-01	3.0148211726e+04
1.2364709096e+07	9.1456319523e-01	3.0146904069e+04
1.2364709096e+07	9.1456233363e-01	3.0144096449e+04
1.2364709096e+07	9.1456242853e-01	3.0139400585e+04
1.2364709096e+07	9.1456321058e-01	3.0134399071e+04
1.2364709096e+07	9.1456435329e-01	3.0129233665e+04
1.2364709096e+07	9.1456571776e-01	3.0123968044e+04
1.2364709096e+07	9.1456723184e-01	3.0118635158e+04
1.2364709096e+07	9.1456885329e-01	3.0113254244e+04
1.2364709096e+07	9.1457055525e-01	3.0107837491e+04
1.2364709096e+07	9.1457231965e-01	3.0102393102e+04
1.2364709096e+07	9.1457413375e-01	3.0096926847e+04
1.2364709096e+07	9.1457598827e-01	3.0091442934e+04
1.2364709096e+07	9.1457788168e-01	3.0085944236e+04
1.2364709096e+07	9.1457982159e-01	3.0080432496e+04
1.2364709096e+07	9.1458178377e-01	3.0074910667e+04
1.2364709096e+07	9.1458376508e-01	3.0069380247e+04
1.2364709096e+07	9.1458576300e-01	3.0063842446e+04
1.2364709096e+07	9.1458777545e-01	3.0058298252e+04
1.2364709096e+07	9.1458980125e-01	3.0052768508e+04
1.2364709096e+07	9.1459183988e-01	3.0047291175e+04
1.2364709096e+07	9.1459388859e-01	3.0041809021e+04
1.2364709096e+07	9.1459594639e-01	3.0036322951e+04
1.2364709096e+07	9.1459800702e-01	3.0030833650e+04
1.2364709096e+07	9.1460003079e-01	3.0025343499e+04
1.2364709096e+07	9.1460206140e-01	3.0019850470e+04
1.2364709096e+07	9.1460406845e-01	3.0014356373e+04
1.2364709096e+07	9.1460603933e-01	3.0008862062e+04
1.2364709096e+07	9.1460776677e-01	3.0003378595e+04
1.2364709096e+07	9.1460949917e-01	2.9997893073e+04
1.2364709096e+07	9.1461123622e-01	2.9992405644e+04
1.2364709096e+07	9.1461297761e-01	2.9986916433e+04
1.2364709096e+07	9.1461472331e-01	2.9981425781e+04
1.2364709096e+07	9.1461647171e-01	2.9975934588e+04
1.2364709096e+07	9.1461822185e-01	2.9970443150e+04
1.2364709096e+07	9.1461997366e-01	2.9964951533e+04
1.2364709096e+07	9.1462172749e-01	2.9959459735e+04
1.2364709096e+07	9.1462348374e-01	2.9953967729e+04
1.2364709096e+07	9.1462524277e-01	2.9948475478e+04
1.2364709096e+07	9.1462700485e-01	2.9942982943e+04
1.2364709096e+07	9.1462877011e-01	2.9937490086e+04
1.2364709096e+07	9.1463053863e-01	2.9931996870e+04
1.2364709096e+07	9.1463231041e-01	2.9926503259e+04
1.2364709096e+07	9.1463408542e-01	2.9921009215e+04
1.2364709096e+07	9.1463586360e-01	2.9915514705e+04
1.2364709096e+07	9.1463764484e-01	2.9910019693e+04
1.2364709096e+07	9.1463942907e-01	2.9904524144e+04
1.2364709096e+07	9.1464121618e-01	2.9899028022e+04
1.2364709096e+07	9.1464300606e-01	2.9893531294e+04
1.2364709096e+07	9.1464479862e-01	2.9888033921e+04
1.2364709096e+07	9.1464659373e-01	2.9882535868e+04
1.2364709096e+07	9.1464839131e-01	2.9877037096e+04
1.2364709096e+07	9.1465019126e-01	2.9871537569e+04
1.2364709096e+07	9.1465199349e-01	2.9866037252e+04
1.2364709096e+07	9.1465379790e-01	2.9860536109e+04
1.2364709096e+07	9.1465560441e-01	2.9855034105e+04
1.2364709096e+07	9.1465741294e-01	2.9849531202e+04
1.2364709096e+07	9.1465922341e-01	2.9844027366e+04
1.2364709096e+07	9.1466103576e-01	2.9838522560e+04
1.2364709096e+07	9.1466284990e-01	2.9833016760e+04
1.2364709096e+07	9.1466466577e-01	2.9827509924e+04
1.2364709096e+07	9.1466648332e-01	2.9822002005e+04
1.2364709096e+07	9.1466830249e-01	2.9816492972e+04
1.2364709096e+07	9.1467012321e-01	2.9810982790e+04
1.2364709096e+07	9.1467194545e-01	2.9805471422e+04
1.2364709096e+07	9.1467376915e-01	2.9799958836e+04
1.2364709096e+07	9.1467559427e-01	2.9794444999e+04
1.2364709096e+07	9.1467742075e-01	2.9788929879e+04
1.2364709096e+07	9.1467924856e-01	2.9783413447e+04
1.2364709096e+07	9.1468107766e-01	2.9777895670e+04
1.2364709096e+07	9.1468290802e-01	2.9772376519e+04
1.2364709096e+07	9.1468473959e-01	2.9766855964e+04
1.2364709096e+07	9.1468657234e-01	2.9761333978e+04
1.2364709096e+07	9.1468840625e-01	2.9755810531e+04
1.2364709096e+07	9.1469024128e-01	2.9750285596e+04
1.2364709096e+07	9.1469207741e-01	2.9744759148e+04
1.2364709096e+07	9.1469391461e-01	2.9739231159e+04
1.2364709096e+07	9.1469575285e-01	2.9733701605e+04
1.2364709096e+07	9.1469759211e-01	2.9728170462e+04
1.2364709096e+07	9.1469943237e-01	2.9722637702e+04
1.2364709096e+07	9.1470127361e-01	2.9717103304e+04
1.2364709096e+07	9.1470311581e-01	2.9711567245e+04
1.2364709096e+07	9.1470495895e-01	2.9706029506e+04
1.2364709096e+07	9.1470680301e-01	2.9700490067e+04
1.2364709096e+07	9.1470864799e-01	2.9694948908e+04
1.2364709096e+07	9.1471049385e-01	2.9689406012e+04
1.2364709096e+07	9.1471234058e-01	2.9683861371e+04
1.2364709096e+07	9.1471418818e-01	2.9678314971e+04
1.2364709096e+07	9.1471603662e-01	2.9672766781e+04
1.2364709096e+07	9.1471788590e-01	2.9667216793e+04
1.2364709096e+07	9.1471973601e-01	2.9661664994e+04
1.2364709096e+07	9.1472158693e-01	2.9656111374e+04
1.2364709096e+07	9.1472343865e-01	2.9650555923e+04
1.2364709096e+07	9.1472529116e-01	2.9644998632e+04
1.2364709096e+07	9.1472714445e-01	2.9639439486e+04
1.2364709096e+07	9.1472899852e-01	2.9633878479e+04
1.2364709096e+07	9.1473085336e-01	2.9628315605e+04
1.2364709096e+07	9.1473270895e-01	2.9622750861e+04
1.2364709096e+07	9.1473456529e-01	2.9617184242e+04
1.2364709096e+07	9.1473642237e-01	2.9611615748e+04
1.2364709096e+07	9.1473828018e-01	2.9606045379e+04
1.2364709096e+07	9.1474013872e-01	2.9600473134e+04
1.2364709096e+07	9.1474199797e-01	2.9594899016e+04
1.2364709096e+07	9.1474385794e-01	2.9589323027e+04
1.2364709096e+07	9.1474571862e-01	2.9583745169e+04
1.2364709096e+07	9.1474758000e-01	2.9578165443e+04
1.2364709096e+07	9.1474944207e-01	2.9572583856e+04
1.2364709096e+07	9.1475130483e-01	2.9567000417e+04
1.2364709096e+07	9.1475316827e-01	2.9561415135e+04
1.2364709096e+07	9.1475503239e-01	2.9555828022e+04
1.2364709096e+07	9.1475689718e-01	2.9550239090e+04
1.2364709096e+07	9.1475876264e-01	2.9544648350e+04
1.2364709096e+07	9.1476062876e-01	2.9539055830e+04
1.2364709096e+07	9.1476249552e-01	2.9533461541e+04
1.2364709096e+07	9.1476436294e-01	2.9527865487e+04
1.2364709096e+07	9.1476623101e-01	2.9522267692e+04
1.2364709096e+07	9.1476809971e-01	2.9516668176e+04
1.2364709096e+07	9.1476996905e-01	2.9511066961e+04
1.2364709096e+07	9.1477183901e-01	2.9505464068e+04
1.2364709096e+07	9.1477370960e-01	2.9499859518e+04
1.2364709096e+07	9.1477558202e-01	2.9494295506e+04
1.2364709096e+07	9.1477741571e-01	2.9488766611e+04
1.2364709096e+07	9.1477924086e-01	2.9483236233e+04
1.2364709096e+07	9.1478104846e-01	2.9477705139e+04
1.2364709096e+07	9.1478281343e-01	2.9472174671e+04
1.2364709096e+07	9.1478457891e-01	2.9466642597e+04
1.2364709096e+07	9.1478634488e-01	2.9461108958e+04
1.2364709096e+07	9.1478660577e-01	2.9455652737e+04
1.2364709096e+07	9.1478670333e-01	2.9450203568e+04
1.2364709096e+07	9.1478680224e-01	2.9444752890e+04
1.2364709096e+07	9.1478690254e-01	2.9439300742e+04
1.2364709096e+07	9.1478700425e-01	2.9433847158e+04
1.2364709096e+07	9.1478700014e-01	2.9428397796e+04
1.2364709096e+07	9.1478569822e-01	2.9423015190e+04
1.2364709096e+07	9.1478439913e-01	2.9417631163e+04
1.2364709096e+07	9.1478310322e-01	2.9412247860e+04
1.2364709096e+07	9.1478181028e-01	2.9406863424e+04
1.2364709096e+07	9.1478052031e-01	2.9401477748e+04
1.2364709096e+07	9.1477923339e-01	2.9396090869e+04
1.2364709096e+07	9.1477794953e-01	2.9390702820e+04
1.2364709096e+07	9.1477666880e-01	2.9385313645e+04
1.2364709096e+07	9.1477464016e-01	2.9379962764e+04
1.2364709096e+07	9.1477206274e-01	2.9374639768e+04
1.2364709096e+07	9.1476948974e-01	2.9369315715e+04
1.2364709096e+07	9.1476692123e-01	2.9363990741e+04
1.2364709096e+07	9.1476380605e-01	2.9358694901e+04
1.2364709096e+07	9.1467530403e-01	2.9363933358e+04
1.2364709096e+07	9.1458698821e-01	2.9370805609e+04
1.2364709096e+07	9.1449884233e-01	2.9378464272e+04
1.2364709096e+07	9.1441022894e-01	2.9386803138e+04
1.2364709096e+07	9.1432001705e-01	2.9395695579e+04
1.2364709096e+07	9.1422960320e-01	2.9404939570e+04
1.2364709096e+07	9.1413895266e-01	2.9414457234e+04
1.2364709096e+07	9.1404807556e-01	2.9424194374e+04
1.2364709096e+07	9.1395694820e-01	2.9434116754e+04
1.2364709096e+07	9.1386463297e-01	2.9444247322e+04
1.2364709096e+07	9.1377087839e-01	2.9454578110e+04
1.2364709096e+07	9.1367683013e-01	2.9465035251e+04
1.2364709096e+07	9.1358253390e-01	2.9475600358e+04
1.2364709096e+07	9.1348656982e-01	2.9486339353e+04
1.2364709096e+07	9.1338915378e-01	2.9497231710e+04
1.2364709096e+07	9.1329145723e-01	2.9508205538e+04
1.2364709096e+07	9.1319340449e-01	2.9519259429e+04
1.2364709096e+07	9.1309503257e-01	2.9530385274e+04
1.2364709096e+07	9.1299631596e-01	2.9541579904e+04
1.2364709096e+07	9.1289730776e-01	2.9552834762e+04
1.2364709096e+07	9.1279800601e-01	2.9564145432e+04
1.2364709096e+07	9.1269840523e-01	2.9575508191e+04
1.2364709096e+07	9.1259851374e-01	2.9586917999e+04
1.2364709096e+07	9.1249833780e-01	2.9598370210e+04
1.2364709096e+07	9.1239789354e-01	2.9609859231e+04
1.2364709096e+07	9.1229713103e-01	2.9621387243e+04
1.2364709096e+07	9.1219604732e-01	2.9632951147e+04
1.2364709096e+07	9.1209468929e-01	2.9644629856e+04
1.2364709096e+07	9.1199303635e-01	2.9656336330e+04
1.2364709096e+07	9.1189109178e-01	2.9668066782e+04
1.2364709096e+07	9.1178884874e-01	2.9679819818e+04
1.2364709096e+07	9.1168629316e-01	2.9691595484e+04
1.2364709096e+07	9.1158339925e-01	2.9703396003e+04
1.2364709096e+07	9.1148025844e-01	2.9715211206e+04
1.2364709096e+07	9.1137678897e-01	2.9727052349e+04
1.2364709096e+07	9.1127304632e-01	2.9738916582e+04
1.2364709096e+07	9.1116891250e-01	2.9750823203e+04
1.2364709096e+07	9.1106452289e-01	2.9762764856e+04
1.2364709096e+07	9.1095985276e-01	2.9774755543e+04
1.2364709096e+07	9.1085485920e-01	2.9786814386e+04
1.2364709096e+07	9.1074952739e-01	2.9798960512e+04
1.2364709096e+07	9.1064382322e-01	2.9811218491e+04
1.2364709096e+07	9.1053780863e-01	2.9823604588e+04
1.2364709096e+07	9.1043146923e-01	2.9836146325e+04
1.2364709096e+07	9.1032480380e-01	2.9848871262e+04
1.2364709096e+07	9.1021777394e-01	2.9861812215e+04
1.2364709096e+07	9.1011040233e-01	2.9874994279e+04
1.2364709096e+07	9.1000273819e-01	2.9888437474e+04
1.2364709096e+07	9.0989467463e-01	2.9902178670e+04
1.2364709096e+07	9.0978629529e-01	2.9916226623e+04
1.2364709096e+07	9.0967753454e-01	2.9930604287e+04
1.2364709096e+07	9.0956842960e-01	2.9945315227e+04
1.2364709096e+07	9.0945894605e-01	2.9960366205e+04
1.2364709096e+07	9.0934918488e-01	2.9975738466e+04
1.2364709096e+07	9.0923906393e-01	2.9991432504e+04
1.2364709096e+07	9.0912861458e-01	3.0007427182e+04
1.2364709096e+07	9.0901776689e-01	3.0023711647e+04
1.2364709096e+07	9.0890659140e-01	3.0040250889e+04
1.2364709096e+07	9.0879510019e-01	3.0057016222e+04
1.2364709096e+07	9.0868323096e-01	3.0073989301e+04
1.2364709096e+07	9.0857102276e-01	3.0091136552e+04
1.2364709096e+07	9.0845844509e-01	3.0108436090e+04
1.2364709096e+07	9.0834552359e-01	3.0125859020e+04
1.2364709096e+07	9.0823227192e-01	3.0143380391e+04
1.2364709096e+07	9.0811864526e-01	3.0160986705e+04
1.2364709096e+07	9.0800471285e-01	3.0178649067e+04
1.2364709096e+07	9.0789038768e-01	3.0196365379e+04
1.2364709096e+07	9.0777570446e-01	3.0214116652e+04
1.2364709096e+07	9.0766066285e-01	3.0231891452e+04
1.2364709096e+07	9.0754530425e-01	3.0249673621e+04
1.2364709096e+07	9.0742957641e-01	3.0267463066e+04
1.2364709096e+07	9.0731348061e-01	3.0285252643e+04
1.2364709096e+07	9.0719697662e-01	3.0303037590e+04
1.2364709096e+07	9.0707985623e-01	3.0320824626e+04
1.2364709096e+07	9.0696216111e-01	3.0338610753e+04
1.2364709096e+07	9.0684401599e-01	3.0356382596e+04
1.2364709096e+07	9.0672547564e-01	3.0374132899e+04
1.2364709096e+07	9.0660652017e-01	3.0391859937e+04
1.2364709096e+07	9.0648719812e-01	3.0409559131e+04
1.2364709096e+07	9.0636749830e-01	3.0427230028e+04
1.2364709096e+07	9.0624742811e-01	3.0444875106e+04
1.2364709096e+07	9.0612694996e-01	3.0462564167e+04
1.2364709096e+07	9.0600598981e-01	3.0481029879e+04
1.2364709096e+07	9.0592566494e-01	3.0505834889e+04
1.2364709096e+07	9.0591635457e-01	3.0574427966e+04
1.2364709096e+07	9.0591242603e-01	3.0584874466e+04
1.2364709096e+07	9.0590866267e-01	3.0592512814e+04
1.2364709096e+07	9.0590502005e-01	3.0597676182e+04
1.2364709096e+07	9.0590145533e-01	3.0601274707e+04
1.2364709096e+07	9.0589793597e-01	3.0604009281e+04
1.2364709096e+07	9.0589440922e-01	3.0606406411e+04
1.2364709096e+07	9.0589090748e-01	3.0608497396e+04
1.2364709096e+07	9.0588742506e-01	3.0610397941e+04
1.2364709096e+07	9.0588395857e-01	3.0612168701e+04
1.2364709096e+07	9.0588050587e-01	3.0613845735e+04
1.2364709096e+07	9.0587702860e-01	3.0615556326e+04
1.2364709096e+07	9.0587356154e-01	3.0617210293e+04
1.2364709096e+07	9.0587010613e-01	3.0618814232e+04
1.2364709096e+07	9.0586666191e-01	3.0620376219e+04
1.2364709096e+07	9.0586322147e-01	3.0621921240e+04
1.2364709096e+07	9.0585976149e-01	3.0623515829e+04
1.2364709096e+07	9.0585631399e-01	3.0625074583e+04
1.2364709096e+07	9.0585287997e-01	3.0626597882e+04
1.2364709096e+07	9.0584946127e-01	3.0628082940e+04
1.2364709096e+07	9.0584603357e-01	3.0629599415e+04
1.2364709096e+07	9.0584262503e-01	3.0631073766e+04
1.2364709096e+07	9.0583925630e-01	3.0632456036e+04
1.2364709096e+07	9.0583594887e-01	3.0633697999e+04
1.2364709096e+07	9.0583307855e-01	3.0634648801e+04
1.2364709096e+07	9.0583051947e-01	3.0635265601e+04
1.2364709096e+07	9.0582821849e-01	3.0635424107e+04
1.2364709096e+07	9.0582625446e-01	3.0634893448e+04
1.2364709096e+07	9.0582478293e-01	3.0633290203e+04
1.2364709096e+07	9.0582423342e-01	3.0629984397e+04
1.2364709096e+07	9.0582467262e-01	3.0625186981e+04
1.2364709096e+07	9.0582571410e-01	3.0620122142e+04
1.2364709096e+07	9.0582708710e-01	3.0614907623e+04
1.2364709096e+07	9.0582866973e-01	3.0609599249e+04
1.2364709096e+07	9.0583039648e-01	3.0604226870e+04
1.2364709096e+07	9.0583222812e-01	3.0598808311e+04
1.2364709096e+07	9.0583413929e-01	3.0593355043e+04
1.2364709096e+07	9.0583611266e-01	3.0587874876e+04
1.2364709096e+07	9.0583813591e-01	3.0582373358e+04
1.2364709096e+07	9.0584019996e-01	3.0576854568e+04
1.2364709096e+07	9.0584230338e-01	3.0571321288e+04
1.2364709096e+07	9.0584445386e-01	3.0565775196e+04
1.2364709096e+07	9.0584662715e-01	3.0560219242e+04
1.2364709096e+07	9.0584882010e-01	3.0554654909e+04
1.2364709096e+07	9.0585103015e-01	3.0549083397e+04
1.2364709096e+07	9.0585325519e-01	3.0543505688e+04
1.2364709096e+07	9.0585549348e-01	3.0537922594e+04
1.2364709096e+07	9.0585774354e-01	3.0532334789e+04
1.2364709096e+07	9.0586000413e-01	3.0526742841e+04
1.2364709096e+07	9.0586227421e-01	3.0521147231e+04
1.2364709096e+07	9.0586455381e-01	3.0515581363e+04
1.2364709096e+07	9.0586684240e-01	3.0510057245e+04
1.2364709096e+07	9.0586913797e-01	3.0504530092e+04
1.2364709096e+07	9.0587144000e-01	3.0499000501e+04
1.2364709096e+07	9.0587373187e-01	3.0493469555e+04
1.2364709096e+07	9.0587599031e-01	3.0487938667e+04
1.2364709096e+07	9.0587825384e-01	3.0482405911e+04
1.2364709096e+07	9.0588047910e-01	3.0476873735e+04
1.2364709096e+07	9.0588261237e-01	3.0471345142e+04
1.2364709096e+07	9.0588453515e-01	3.0465826612e+04
1.2364709096e+07	9.0588646186e-01	3.0460306679e+04
1.2364709096e+07	9.0588839226e-01	3.0454785430e+04
1.2364709096e+07	9.0589032638e-01	3.0449263034e+04
1.2364709096e+07	9.0589226323e-01	3.0443740210e+04
1.2364709096e+07	9.0589420166e-01	3.0438217306e+04
1.2364709096e+07	9.0589614135e-01	3.0432694402e+04
1.2364709096e+07	9.0589808236e-01	3.0427171503e+04
1.2364709096e+07	9.0590002492e-01	3.0421648583e+04
1.2364709096e+07	9.0590196929e-01	3.0416125605e+04
1.2364709096e+07	9.0590391572e-01	3.0410602525e+04
1.2364709096e+07	9.0590586440e-01	3.0405079299e+04
1.2364709096e+07	9.0590781546e-01	3.0399555880e+04
1.2364709096e+07	9.0590976899e-01	3.0394032225e+04
1.2364709096e+07	9.0591172502e-01	3.0388508293e+04
1.2364709096e+07	9.0591368357e-01	3.0382984040e+04
1.2364709096e+07	9.0591564462e-01	3.0377459423e+04
1.2364709096e+07	9.0591760813e-01	3.0371934402e+04
1.2364709096e+07	9.0591957408e-01	3.0366408935e+04
1.2364709096e+07	9.0592154239e-01	3.0360882982e+04
1.2364709096e+07	9.0592351303e-01	3.0355356501e+04
1.2364709096e+07	9.0592548592e-01	3.0349829453e+04
1.2364709096e+07	9.0592746101e-01	3.0344301796e+04
1.2364709096e+07	9.0592943823e-01	3.0338773493e+04
1.2364709096e+07	9.0593141752e-01	3.0333244503e+04
1.2364709096e+07	9.0593339883e-01	3.0327714786e+04
1.2364709096e+07	9.0593538209e-01	3.0322184302e+04
1.2364709096e+07	9.0593736725e-01	3.0316653013e+04
1.2364709096e+07	9.0593935424e-01	3.0311120882e+04
1.2364709096e+07	9.0594134302e-01	3.0305587871e+04
1.2364709096e+07	9.0594333354e-01	3.0300053943e+04
1.2364709096e+07	9.0594532574e-01	3.0294519077e+04
1.2364709096e+07	9.0594731958e-01	3.0288983225e+04
1.2364709096e+07	9.0594931501e-01	3.0283446343e+04
1.2364709096e+07	9.0595131199e-01	3.0277908400e+04
1.2364709096e+07	9.0595331048e-01	3.0272369361e+04
1.2364709096e+07	9.0595531044e-01	3.0266829193e+04
1.2364709096e+07	9.0595731184e-01	3.0261287860e+04
1.2364709096e+07	9.0595931463e-01	3.0255745332e+04
1.2364709096e+07	9.0596131879e-01	3.0250201572e+04
1.2364709096e+07	9.0596332428e-01	3.0244656546e+04
1.2364709096e+07	9.0596533107e-01	3.0239110223e+04
1.2364709096e+07	9.0596733913e-01	3.0233562572e+04
1.2364709096e+07	9.0596934844e-01	3.0228013562e+04
1.2364709096e+07	9.0597135897e-01	3.0222463164e+04
1.2364709096e+07	9.0597337069e-01	3.0216911349e+04
1.2364709096e+07	9.0597538359e-01	3.0211358091e+04
1.2364709096e+07	9.0597739762e-01	3.0205803362e+04
1.2364709096e+07	9.0597941279e-01	3.0200247136e+04
1.2364709096e+07	9.0598142905e-01	3.0194689390e+04
1.2364709096e+07	9.0598344640e-01	3.0189130100e+04
1.2364709096e+07	9.0598546481e-01	3.0183569241e+04
1.2364709096e+07	9.0598748427e-01	3.0178006793e+04
1.2364709096e+07	9.0598950476e-01	3.0172442735e+04
1.2364709096e+07	9.0599152626e-01	3.0166877044e+04
1.2364709096e+07	9.0599354876e-01	3.0161309698e+04
1.2364709096e+07	9.0599557224e-01	3.0155740678e+04
1.2364709096e+07	9.0599759669e-01	3.0150169966e+04
1.2364709096e+07	9.0599962210e-01	3.0144597558e+04
1.2364709096e+07	9.0600164844e-01	3.0139023433e+04
1.2364709096e+07	9.0600367572e-01	3.0133447566e+04
1.2364709096e+07	9.0600570391e-01	3.0127869948e+04
1.2364709096e+07	9.0600773301e-01	3.0122290568e+04
1.2364709096e+07	9.0600976301e-01	3.0116709412e+04
1.2364709096e+07	9.0601179389e-01	3.0111126474e+04
1.2364709096e+07	9.0601382565e-01	3.0105541743e+04
1.2364709096e+07	9.0601585827e-01	3.0099955212e+04
1.2364709096e+07	9.0601789175e-01	3.0094366871e+04
1.2364709096e+07	9.0601992608e-01	3.0088776717e+04
1.2364709096e+07	9.0602196125e-01	3.0083184745e+04
1.2364709096e+07	9.0602399724e-01	3.0077590951e+04
1.2364709096e+07	9.0602603406e-01	3.0071995337e+04
1.2364709096e+07	9.0602807170e-01	3.0066397901e+04
1.2364709096e+07	9.0603011014e-01	3.0060798646e+04
1.2364709096e+07	9.0603214938e-01	3.0055197575e+04
1.2364709096e+07	9.0603418941e-01	3.0049594692e+04
1.2364709096e+07	9.0603623022e-01	3.0043990002e+04
1.2364709096e+07	9.0603827181e-01	3.0038383514e+04
1.2364709096e+07	9.0604031416e-01	3.0032775233e+04
1.2364709096e+07	9.0604235728e-01	3.0027165170e+04
1.2364709096e+07	9.0604440116e-01	3.0021553331e+04
1.2364709096e+07	9.0604644578e-01	3.0015939727e+04
1.2364709096e+07	9.0604849115e-01	3.0010324373e+04
1.2364709096e+07	9.0605053725e-01	3.0004707283e+04
1.2364709096e+07	9.0605258408e-01	2.9999088488e+04
1.2364709096e+07	9.0605463163e-01	2.9993467990e+04
1.2364709096e+07	9.0605667990e-01	2.9987845801e+04
1.2364709096e+07	9.0605872888e-01	2.9982221943e+04
1.2364709096e+07	9.0606077857e-01	2.9976596439e+04
1.2364709096e+07	9.0606282895e-01	2.9970969311e+04
1.2364709096e+07	9.0606488002e-01	2.9965340582e+04
1.2364709096e+07	9.0606693178e-01	2.9959710277e+04
1.2364709096e+07	9.0606897421e-01	2.9954153004e+04
1.2364709096e+07	9.0607097522e-01	2.9948599204e+04
1.2364709096e+07	9.0607297683e-01	2.9943043770e+04
1.2364709096e+07	9.0607493109e-01	2.9937489325e+04
1.2364709096e+07	9.0607686633e-01	2.9931934378e+04
1.2364709096e+07	9.0607880212e-01	2.9926377907e+04
1.2364709096e+07	9.0608020033e-01	2.9920848900e+04
1.2364709096e+07	9.0608046366e-01	2.9915379492e+04
1.2364709096e+07	9.0608072839e-01	2.9909908595e+04
1.2364709096e+07	9.0608099456e-01	2.9904436274e+04
1.2364709096e+07	9.0608126220e-01	2.9898962565e+04
1.2364709096e+07	9.0608153134e-01	2.9893487500e+04
1.2364709096e+07	9.0608109243e-01	2.9888049273e+04
1.2364709096e+07	9.0607996056e-01	2.9882647096e+04
1.2364709096e+07	9.0607883175e-01	2.9877244390e+04
1.2364709096e+07	9.0607770612e-01	2.9871841873e+04
1.2364709096e+07	9.0607658354e-01	2.9866438141e+04
1.2364709096e+07	9.0607546405e-01	2.9861033260e+04
1.2364709096e+07	9.0607434770e-01	2.9855627256e+04
1.2364709096e+07	9.0607323453e-01	2.9850220173e+04
1.2364709096e+07	9.0607210284e-01	2.9844813229e+04
1.2364709096e+07	9.0606969433e-01	2.9839474131e+04
1.2364709096e+07	9.0606729033e-01	2.9834134007e+04
1.2364709096e+07	9.0606489086e-01	2.9828792939e+04
1.2364709096e+07	9.0606249621e-01	2.9823451602e+04
1.2364709096e+07	9.0597037568e-01	2.9826145766e+04
1.2364709096e+07	9.0587996364e-01	2.9833530912e+04
1.2364709096e+07	9.0578970166e-01	2.9841724931e+04
1.2364709096e+07	9.0569858447e-01	2.9850639769e+04
1.2364709096e+07	9.0560615300e-01	2.9860099471e+04
1.2364709096e+07	9.0551349092e-01	2.9869913840e+04
1.2364709096e+07	9.0542059202e-01	2.9880000959e+04
1.2364709096e+07	9.0532745510e-01	2.9890307562e+04
1.2364709096e+07	9.0523406276e-01	2.9900798737e+04
1.2364709096e+07	9.0513852333e-01	2.9911549657e+04
1.2364709096e+07	9.0504239967e-01	2.9922456550e+04
1.2364709096e+07	9.0494597365e-01	2.9933489640e+04
1.2364709096e+07	9.0484895345e-01	2.9944649848e+04
1.2364709096e+07	9.0474932143e-01	2.9956035215e+04
1.2364709096e+07	9.0464942216e-01	2.9967508597e+04
1.2364709096e+07	9.0454913470e-01	2.9979069989e+04
1.2364709096e+07	9.0444849829e-01	2.9990712242e+04
1.2364709096e+07	9.0434752994e-01	3.0002424404e+04
1.2364709096e+07	9.0424625154e-01	3.0014202748e+04
1.2364709096e+07	9.0414467581e-01	3.0026040721e+04
1.2364709096e+07	9.0404279691e-01	3.0037934340e+04
1.2364709096e+07	9.0394062141e-01	3.0049878473e+04
1.2364709096e+07	9.0383817449e-01	3.0061866002e+04
1.2364709096e+07	9.0373540295e-01	3.0073899248e+04
1.2364709096e+07	9.0363236040e-01	3.0085968126e+04
1.2364709096e+07	9.0352898888e-01	3.0098098598e+04
1.2364709096e+07	9.0342531926e-01	3.0110331024e+04
1.2364709096e+07	9.0332133275e-01	3.0122594064e+04
1.2364709096e+07	9.0321708312e-01	3.0134878885e+04
1.2364709096e+07	9.0311250165e-01	3.0147190997e+04
1.2364709096e+07	9.0300762833e-01	3.0159523449e+04
1.2364709096e+07	9.0290241499e-01	3.0171880406e+04
1.2364709096e+07	9.0279690284e-01	3.0184256299e+04
1.2364709096e+07	9.0269110611e-01	3.0196649948e+04
1.2364709096e+07	9.0258493850e-01	3.0209073440e+04
1.2364709096e+07	9.0247846820e-01	3.0221522470e+04
1.2364709096e+07	9.0237164400e-01	3.0234009071e+04
1.2364709096e+07	9.0226452277e-01	3.0246535139e+04
1.2364709096e+07	9.0215707630e-01	3.0259115561e+04
1.2364709096e+07	9.0204931204e-01	3.0271764196e+04
1.2364709096e+07	9.0194126929e-01	3.0284494443e+04
1.2364709096e+07	9.0183288378e-01	3.0297335162e+04
1.2364709096e+07	9.0172415099e-01	3.0310311074e+04
1.2364709096e+07	9.0161510115e-01	3.0323445110e+04
1.2364709096e+07	9.0150563104e-01	3.0336778040e+04
1.2364709096e+07	9.0139586080e-01	3.0350323964e+04
1.2364709096e+07	9.0128572991e-01	3.0364118597e+04
1.2364709096e+07	9.0117526464e-01	3.0378184968e+04
1.2364709096e+07	9.0106441494e-01	3.0392552809e+04
1.2364709096e+07	9.0095323407e-01	3.0407234060e+04
1.2364709096e+07	9.0084167409e-01	3.0422248543e+04
1.2364709096e+07	9.0072979752e-01	3.0437594833e+04
1.2364709096e+07	9.0061753075e-01	3.0453283492e+04
1.2364709096e+07	9.0050490647e-01	3.0469303628e+04
1.2364709096e+07	9.0039195555e-01	3.0485638002e+04
1.2364709096e+07	9.0027858772e-01	3.0502281539e+04
1.2364709096e+07	9.0016485938e-01	3.0519203315e+04
1.2364709096e+07	9.0005080480e-01	3.0536372238e+04
1.2364709096e+07	8.9993636544e-01	3.0553769407e+04
1.2364709096e+07	8.9982158549e-01	3.0571359669e+04
1.2364709096e+07	8.9970648998e-01	3.0589111214e+04
1.2364709096e+07	8.9959100326e-01	3.0607009220e+04
1.2364709096e+07	8.9947517683e-01	3.0625020987e+04
1.2364709096e+07	8.9935895429e-01	3.0643133035e+04
1.2364709096e+07	8.9924238011e-01	3.0661318507e+04
1.2364709096e+07	8.9912548404e-01	3.0679555411e+04
1.2364709096e+07	8.9900819761e-01	3.0697839545e+04
1.2364709096e+07	8.9889057200e-01	3.0716150073e+04
1.2364709096e+07	8.9877257888e-01	3.0734480706e+04
1.2364709096e+07	8.9865420388e-01	3.0752824675e+04
1.2364709096e+07	8.9853529244e-01	3.0771183685e+04
1.2364709096e+07	8.9841573381e-01	3.0789553222e+04
1.2364709096e+07	8.9829567894e-01	3.0807922245e+04
1.2364709096e+07	8.9817515069e-01	3.0826288513e+04
1.2364709096e+07	8.9805420359e-01	3.0844638594e+04
1.2364709096e+07	8.9793285591e-01	3.0862971871e+04
1.2364709096e+07	8.9781109597e-01	3.0881289248e+04
1.2364709096e+07	8.9768895524e-01	3.0899583067e+04
1.2364709096e+07	8.9756644566e-01	3.0917849029e+04
1.2364709096e+07	8.9744352832e-01	3.0936091135e+04
1.2364709096e+07	8.9732024485e-01	3.0954307059e+04
1.2364709096e+07	8.9719656091e-01	3.0972566494e+04
1.2364709096e+07	8.9707235900e-01	3.0991611717e+04
1.2364709096e+07	8.9698897903e-01	3.1017191086e+04
1.2364709096e+07	8.9697910910e-01	3.1085860344e+04
1.2364709096e+07	8.9697500435e-01	3.1096233692e+04
1.2364709096e+07	8.9697107376e-01	3.1103822193e+04
1.2364709096e+07	8.9696726979e-01	3.1108971180e+04
1.2364709096e+07	8.9696354739e-01	3.1112590149e+04
1.2364709096e+07	8.9695987274e-01	3.1115368071e+04
1.2364709096e+07	8.9695618731e-01	3.1117824683e+04
1.2364709096e+07	8.9695252885e-01	3.1119979405e+04
1.2364709096e+07	8.9694889143e-01	3.1121944649e+04
1.2364709096e+07	8.9694527150e-01	3.1123780001e+04
1.2364709096e+07	8.9694166680e-01	3.1125521117e+04
1.2364709096e+07	8.9693803265e-01	3.1127302061e+04
1.2364709096e+07	8.9693441102e-01	3.1129022662e+04
1.2364709096e+07	8.9693080242e-01	3.1130692390e+04
1.2364709096e+07	8.9692720641e-01	3.1132319234e+04
1.2364709096e+07	8.9692361214e-01	3.1133934901e+04
1.2364709096e+07	8.9691999789e-01	3.1135596358e+04
1.2364709096e+07	8.9691639777e-01	3.1137220677e+04
1.2364709096e+07	8.9691281298e-01	3.1138807982e+04
1.2364709096e+07	8.9690924568e-01	3.1140355083e+04
1.2364709096e+07	8.9690566491e-01	3.1141942279e+04
1.2364709096e+07	8.9690210988e-01	3.1143475012e+04
1.2364709096e+07	8.9689860127e-01	3.1144908282e+04
1.2364709096e+07	8.9689516460e-01	3.1146188698e+04
1.2364709096e+07	8.9689222309e-01	3.1147152315e+04
1.2364709096e+07	8.9688960199e-01	3.1147754069e+04
1.2364709096e+07	8.9688727696e-01	3.1147855975e+04
1.2364709096e+07	8.9688534380e-01	3.1147204999e+04
1.2364709096e+07	8.9688400681e-01	3.1145380196e+04
1.2364709096e+07	8.9688371178e-01	3.1141694413e+04
1.2364709096e+07	8.9688442797e-01	3.1136825244e+04
1.2364709096e+07	8.9688569986e-01	3.1131708973e+04
1.2364709096e+07	8.9688728750e-01	3.1126450827e+04
1.2364709096e+07	8.9688907864e-01	3.1121102196e+04
1.2364709096e+07	8.9689101159e-01	3.1115691203e+04
1.2364709096e+07	8.9689304880e-01	3.1110234892e+04
1.2364709096e+07	8.9689516570e-01	3.1104744369e+04
1.2364709096e+07	8.9689734536e-01	3.1099227261e+04
1.2364709096e+07	8.9689957561e-01	3.1093689003e+04
1.2364709096e+07	8.9690184746e-01	3.1088133621e+04
1.2364709096e+07	8.9690415749e-01	3.1082563982e+04
1.2364709096e+07	8.9690651758e-01	3.1076981505e+04
1.2364709096e+07	8.9690890121e-01	3.1071389289e+04
1.2364709096e+07	8.9691130520e-01	3.1065788820e+04
1.2364709096e+07	8.9691372693e-01	3.1060181304e+04
1.2364709096e+07	8.9691616424e-01	3.1054567731e+04
1.2364709096e+07	8.9691861534e-01	3.1048948923e+04
1.2364709096e+07	8.9692107871e-01	3.1043325566e+04
1.2364709096e+07	8.9692355307e-01	3.1037698235e+04
1.2364709096e+07	8.9692603732e-01	3.1032067419e+04
1.2364709096e+07	8.9692853052e-01	3.1026433533e+04
1.2364709096e+07	8.9693103185e-01	3.1020796932e+04
1.2364709096e+07	8.9693354058e-01	3.1015157919e+04
1.2364709096e+07	8.9693605611e-01	3.1009516755e+04
1.2364709096e+07	8.9693857822e-01	3.1003884088e+04
1.2364709096e+07	8.9694110816e-01	3.0998317498e+04
1.2364709096e+07	8.9694364331e-01	3.0992748724e+04
1.2364709096e+07	8.9694618329e-01	3.0987178435e+04
1.2364709096e+07	8.9694872670e-01	3.0981606820e+04
1.2364709096e+07	8.9695121512e-01	3.0976037190e+04
1.2364709096e+07	8.9695370754e-01	3.0970466368e+04
1.2364709096e+07	8.9695617163e-01	3.0964896203e+04
1.2364709096e+07	8.9695860461e-01	3.0959326906e+04
1.2364709096e+07	8.9696071939e-01	3.0953774399e+04
1.2364709096e+07	8.9696283742e-01	3.0948220955e+04
1.2364709096e+07	8.9696495860e-01	3.0942666632e+04
1.2364709096e+07	8.9696708280e-01	3.0937111871e+04
1.2364709096e+07	8.9696920867e-01	3.0931557151e+04
1.2364709096e+07	8.9697133574e-01	3.0926002571e+04
1.2364709096e+07	8.9697346384e-01	3.0920448157e+04
1.2364709096e+07	8.9697559301e-01	3.0914893893e+04
1.2364709096e+07	8.9697772339e-01	3.0909339747e+04
1.2364709096e+07	8.9697985515e-01	3.0903785677e+04
1.2364709096e+07	8.9698198847e-01	3.0898231637e+04
1.2364709096e+07	8.9698412350e-01	3.0892677581e+04
1.2364709096e+07	8.9698626035e-01	3.0887123462e+04
1.2364709096e+07	8.9698839910e-01	3.0881569233e+04
1.2364709096e+07	8.9699053981e-01	3.0876014847e+04
1.2364709096e+07	8.9699268253e-01	3.0870460256e+04
1.2364709096e+07	8.9699482725e-01	3.0864905415e+04
1.2364709096e+07	8.9699697399e-01	3.0859350280e+04
1.2364709096e+07	8.9699912273e-01	3.0853794807e+04
1.2364709096e+07	8.9700127345e-01	3.0848238952e+04
1.2364709096e+07	8.9700342613e-01	3.0842682674e+04
1.2364709096e+07	8.9700558073e-01	3.0837125929e+04
1.2364709096e+07	8.9700773723e-01	3.0831568676e+04
1.2364709096e+07	8.9700989558e-01	3.0826010872e+04
1.2364709096e+07	8.9701205575e-01	3.0820452475e+04
1.2364709096e+07	8.9701421771e-01	3.0814893443e+04
1.2364709096e+07	8.9701638141e-01	3.0809333735e+04
1.2364709096e+07	8.9701854682e-01	3.0803773310e+04
1.2364709096e+07	8.9702071391e-01	3.0798212125e+04
1.2364709096e+07	8.9702288263e-01	3.0792650142e+04
1.2364709096e+07	8.9702505295e-01	3.0787087320e+04
1.2364709096e+07	8.9702722484e-01	3.0781523635e+04
1.2364709096e+07	8.9702939827e-01	3.0775959046e+04
1.2364709096e+07	8.9703157319e-01	3.0770393500e+04
1.2364709096e+07	8.9703374960e-01	3.0764826966e+04
1.2364709096e+07	8.9703592744e-01	3.0759259408e+04
1.2364709096e+07	8.9703810671e-01	3.0753690791e+04
1.2364709096e+07	8.9704028736e-01	3.0748121081e+04
1.2364709096e+07	8.9704246937e-01	3.0742550243e+04
1.2364709096e+07	8.9704465271e-01	3.0736978246e+04
1.2364709096e+07	8.9704683737e-01	3.0731405055e+04
1.2364709096e+07	8.9704902332e-01	3.0725830640e+04
1.2364709096e+07	8.9705121054e-01	3.0720254967e+04
1.2364709096e+07	8.9705339900e-01	3.0714678004e+04
1.2364709096e+07	8.9705558868e-01	3.0709099723e+04
1.2364709096e+07	8.9705777957e-01	3.0703520091e+04
1.2364709096e+07	8.9705997165e-01	3.0697939079e+04
1.2364709096e+07	8.9706216490e-01	3.0692356659e+04
1.2364709096e+07	8.9706435930e-01	3.0686772806e+04
1.2364709096e+07	8.9706655484e-01	3.0681187493e+04
1.2364709096e+07	8.9706875149e-01	3.0675600696e+04
1.2364709096e+07	8.9707094926e-01	3.0670012390e+04
1.2364709096e+07	8.9707314811e-01	3.0664422555e+04
1.2364709096e+07	8.9707534803e-01	3.0658831169e+04
1.2364709096e+07	8.9707754902e-01	3.0653238211e+04
1.2364709096e+07	8.9707975106e-01	3.0647643661e+04
1.2364709096e+07	8.9708195413e-01	3.0642047502e+04
1.2364709096e+07	8.9708415823e-01	3.0636449712e+04
1.2364709096e+07	8.9708636333e-01	3.0630850284e+04
1.2364709096e+07	8.9708856943e-01	3.0625249204e+04
1.2364709096e+07	8.9709077653e-01	3.0619646445e+04
1.2364709096e+07	8.9709298460e-01	3.0614041997e+04
1.2364709096e+07	8.9709519364e-01	3.0608435850e+04
1.2364709096e+07	8.9709740364e-01	3.0602827995e+04
1.2364709096e+07	8.9709961459e-01	3.0597218421e+04
1.2364709096e+07	8.9710182648e-01	3.0591607121e+04
1.2364709096e+07	8.9710403929e-01	3.0585994089e+04
1.2364709096e+07	8.9710625303e-01	3.0580379319e+04
1.2364709096e+07	8.9710846767e-01	3.0574762807e+04
1.2364709096e+07	8.9711068323e-01	3.0569144545e+04
1.2364709096e+07	8.9711289967e-01	3.0563524530e+04
1.2364709096e+07	8.9711511701e-01	3.0557902758e+04
1.2364709096e+07	8.9711733523e-01	3.0552279229e+04
1.2364709096e+07	8.9711955432e-01	3.0546653947e+04
1.2364709096e+07	8.9712177428e-01	3.0541026914e+04
1.2364709096e+07	8.9712399510e-01	3.0535398135e+04
1.2364709096e+07	8.9712621676e-01	3.0529767616e+04
1.2364709096e+07	8.9712843927e-01	3.0524135364e+04
1.2364709096e+07	8.9713066261e-01	3.0518501388e+04
1.2364709096e+07	8.9713288678e-01	3.0512865698e+04
1.2364709096e+07	8.9713511177e-01	3.0507228304e+04
1.2364709096e+07	8.9713733757e-01	3.0501589219e+04
1.2364709096e+07	8.9713956418e-01	3.0495948456e+04
1.2364709096e+07	8.9714179159e-01	3.0490306027e+04
1.2364709096e+07	8.9714401979e-01	3.0484661962e+04
1.2364709096e+07	8.9714624876e-01	3.0479016268e+04
1.2364709096e+07	8.9714847852e-01	3.0473368957e+04
1.2364709096e+07	8.9715070905e-01	3.0467720052e+04
1.2364709096e+07	8.9715294035e-01	3.0462069575e+04
1.2364709096e+07	8.9715517240e-01	3.0456417546e+04
1.2364709096e+07	8.9715740520e-01	3.0450763988e+04
1.2364709096e+07	8.9715963875e-01	3.0445108928e+04
1.2364709096e+07	8.9716186576e-01	3.0439521883e+04
1.2364709096e+07	8.9716404372e-01	3.0433944034e+04
1.2364709096e+07	8.9716622234e-01	3.0428364580e+04
1.2364709096e+07	8.9716835364e-01	3.0422786257e+04
1.2364709096e+07	8.9717045956e-01	3.0417207886e+04
1.2364709096e+07	8.9717256608e-01	3.0411628066e+04
1.2364709096e+07	8.9717422924e-01	3.0406071351e+04
1.2364709096e+07	8.9717466002e-01	3.0400581309e+04
1.2364709096e+07	8.9717509227e-01	3.0395089852e+04
1.2364709096e+07	8.9717552603e-01	3.0389597053e+04
1.2364709096e+07	8.9717596133e-01	3.0384102950e+04
1.2364709096e+07	8.9717639821e-01	3.0378607581e+04
1.2364709096e+07	8.9717619744e-01	3.0373146265e+04
1.2364709096e+07	8.9717523571e-01	3.0367725832e+04
1.2364709096e+07	8.9717427709e-01	3.0362304849e+04
1.2364709096e+07	8.9717332175e-01	3.0356884246e+04
1.2364709096e+07	8.9717236954e-01	3.0351462514e+04
1.2364709096e+07	8.9717142051e-01	3.0346039724e+04
1.2364709096e+07	8.9717047470e-01	3.0340615905e+04
1.2364709096e+07	8.9716953217e-01	3.0335191099e+04
1.2364709096e+07	8.9716859294e-01	3.0329765355e+04
1.2364709096e+07	8.9716638727e-01	3.0324408801e+04
1.2364709096e+07	8.9716415644e-01	3.0319052955e+04
1.2364709096e+07	8.9716193027e-01	3.0313696265e+04
1.2364709096e+07	8.9715970902e-01	3.0308339359e+04
1.2364709096e+07	8.9706555682e-01	3.0311289736e+04
1.2364709096e+07	8.9697302650e-01	3.0319194108e+04
1.2364709096e+07	8.9688062327e-01	3.0327949992e+04
1.2364709096e+07	8.9678696361e-01	3.0337466752e+04
1.2364709096e+07	8.9669226436e-01	3.0347518917e+04
1.2364709096e+07	8.9659733249e-01	3.0357925463e+04
1.2364709096e+07	8.9650215418e-01	3.0368604510e+04
1.2364709096e+07	8.9640673444e-01	3.0379501980e+04
1.2364709096e+07	8.9631045143e-01	3.0390617703e+04
1.2364709096e+07	8.9621220939e-01	3.0401984402e+04
1.2364709096e+07	8.9611364427e-01	3.0413494832e+04
1.2364709096e+07	8.9601480834e-01	3.0425126538e+04
1.2364709096e+07	8.9591387931e-01	3.0436966944e+04
1.2364709096e+07	8.9581173406e-01	3.0448957294e+04
1.2364709096e+07	8.9570922644e-01	3.0461041482e+04
1.2364709096e+07	8.9560636404e-01	3.0473211133e+04
1.2364709096e+07	8.9550309350e-01	3.0485463682e+04
1.2364709096e+07	8.9539950028e-01	3.0497787523e+04
1.2364709096e+07	8.9529562246e-01	3.0510173274e+04
1.2364709096e+07	8.9519144438e-01	3.0522617746e+04
1.2364709096e+07	8.9508695367e-01	3.0535117727e+04
1.2364709096e+07	8.9498217996e-01	3.0547665219e+04
1.2364709096e+07	8.9487707462e-01	3.0560261909e+04
1.2364709096e+07	8.9477167298e-01	3.0572899562e+04
1.2364709096e+07	8.9466594691e-01	3.0585619140e+04
1.2364709096e+07	8.9455993182e-01	3.0598427033e+04
1.2364709096e+07	8.9445363368e-01	3.0611263414e+04
1.2364709096e+07	8.9434698194e-01	3.0624134014e+04
1.2364709096e+07	8.9424000615e-01	3.0637032195e+04
1.2364709096e+07	8.9413274021e-01	3.0649951215e+04
1.2364709096e+07	8.9402513967e-01	3.0662894304e+04
1.2364709096e+07	8.9391723057e-01	3.0675856778e+04
1.2364709096e+07	8.9380901245e-01	3.0688838099e+04
1.2364709096e+07	8.9370051105e-01	3.0701835741e+04
1.2364709096e+07	8.9359166231e-01	3.0714859503e+04
1.2364709096e+07	8.9348240952e-01	3.0727920112e+04
1.2364709096e+07	8.9337293899e-01	3.0741001420e+04
1.2364709096e+07	8.9326301214e-01	3.0754141118e+04
1.2364709096e+07	8.9315280868e-01	3.0767329491e+04
1.2364709096e+07	8.9304229995e-01	3.0780585352e+04
1.2364709096e+07	8.9293147196e-01	3.0793929027e+04
1.2364709096e+07	8.9282027407e-01	3.0807388615e+04
1.2364709096e+07	8.9270870547e-01	3.0820989214e+04
1.2364709096e+07	8.9259680573e-01	3.0834753356e+04
1.2364709096e+07	8.9248456558e-01	3.0848711046e+04
1.2364709096e+07	8.9237197025e-01	3.0862893484e+04
1.2364709096e+07	8.9225896353e-01	3.0877336556e+04
1.2364709096e+07	8.9214568185e-01	3.0892049139e+04
1.2364709096e+07	8.9203203518e-01	3.0907065847e+04
1.2364709096e+07	8.9191797847e-01	3.0922411065e+04
1.2364709096e+07	8.9180354459e-01	3.0938092984e+04
1.2364709096e+07	8.9168875816e-01	3.0954114041e+04
1.2364709096e+07	8.9157358929e-01	3.0970477249e+04
1.2364709096e+07	8.9145805243e-01	3.0987172419e+04
1.2364709096e+07	8.9134216430e-01	3.1004182609e+04
1.2364709096e+07	8.9122592231e-01	3.1021488084e+04
1.2364709096e+07	8.9110927535e-01	3.1039072352e+04
1.2364709096e+07	8.9099227289e-01	3.1056900836e+04
1.2364709096e+07	8.9087493790e-01	3.1074941357e+04
1.2364709096e+07	8.9075720623e-01	3.1093174968e+04
1.2364709096e+07	8.9063915283e-01	3.1111561879e+04
1.2364709096e+07	8.9052071802e-01	3.1130085017e+04
1.2364709096e+07	8.9040190616e-01	3.1148719392e+04
1.2364709096e+07	8.9028272199e-01	3.1167442454e+04
1.2364709096e+07	8.9016316426e-01	3.1186235188e+04
1.2364709096e+07	8.9004321381e-01	3.1205083952e+04
1.2364709096e+07	8.8992293712e-01	3.1223964043e+04
1.2364709096e+07	8.8980222099e-01	3.1242879844e+04
1.2364709096e+07	8.8968088456e-01	3.1261826029e+04
1.2364709096e+07	8.8955891442e-01	3.1280791683e+04
1.2364709096e+07	8.8943641009e-01	3.1299773158e+04
1.2364709096e+07	8.8931346450e-01	3.1318755711e+04
1.2364709096e+07	8.8919006764e-01	3.1337731279e+04
1.2364709096e+07	8.8906627014e-01	3.1356698265e+04
1.2364709096e+07	8.8894207798e-01	3.1375652092e+04
1.2364709096e+07	8.8881753971e-01	3.1394582185e+04
1.2364709096e+07	8.8869261315e-01	3.1413492310e+04
1.2364709096e+07	8.8856726251e-01	3.1432385372e+04
1.2364709096e+07	8.8844155719e-01	3.1451248577e+04
1.2364709096e+07	8.8831545944e-01	3.1470085930e+04
1.2364709096e+07	8.8818893665e-01	3.1488906261e+04
1.2364709096e+07	8.8806203043e-01	3.1507858882e+04
1.2364709096e+07	8.8793455222e-01	3.1527718947e+04
1.2364709096e+07	8.8784916721e-01	3.1554139620e+04
1.2364709096e+07	8.8783856953e-01	3.1623144224e+04
1.2364709096e+07	8.8783429382e-01	3.1633287078e+04
1.2364709096e+07	8.8783019875e-01	3.1640694503e+04
1.2364709096e+07	8.8782623329e-01	3.1645742714e+04
1.2364709096e+07	8.8782235099e-01	3.1649334300e+04
1.2364709096e+07	8.8781851470e-01	3.1652141175e+04
1.2364709096e+07	8.8781466653e-01	3.1654642926e+04
1.2364709096e+07	8.8781084692e-01	3.1656853974e+04
1.2364709096e+07	8.8780704992e-01	3.1658880055e+04
1.2364709096e+07	8.8780327190e-01	3.1660778206e+04
1.2364709096e+07	8.8779950798e-01	3.1662589094e+04
1.2364709096e+07	8.8779571163e-01	3.1664441187e+04
1.2364709096e+07	8.8779193060e-01	3.1666229276e+04
1.2364709096e+07	8.8778816407e-01	3.1667966062e+04
1.2364709096e+07	8.8778441158e-01	3.1669659276e+04
1.2364709096e+07	8.8778065559e-01	3.1671353879e+04
1.2364709096e+07	8.8777688246e-01	3.1673083837e+04
1.2364709096e+07	8.8777312531e-01	3.1674775320e+04
1.2364709096e+07	8.8776938559e-01	3.1676427993e+04
1.2364709096e+07	8.8776566591e-01	3.1678038044e+04
1.2364709096e+07	8.8776192553e-01	3.1679702398e+04
1.2364709096e+07	8.8775822209e-01	3.1681291491e+04
1.2364709096e+07	8.8775457377e-01	3.1682770637e+04
1.2364709096e+07	8.8775103661e-01	3.1684070213e+04
1.2364709096e+07	8.8774805640e-01	3.1685026154e+04
1.2364709096e+07	8.8774539496e-01	3.1685586426e+04
1.2364709096e+07	8.8774307457e-01	3.1685591994e+04
1.2364709096e+07	8.8774121519e-01	3.1684758294e+04
1.2364709096e+07	8.8774009219e-01	3.1682611767e+04
1.2364709096e+07	8.8774015595e-01	3.1678387212e+04
1.2364709096e+07	8.8774118966e-01	3.1673428196e+04
1.2364709096e+07	8.8774271804e-01	3.1668247709e+04
1.2364709096e+07	8.8774453842e-01	3.1662936604e+04
1.2364709096e+07	8.8774655144e-01	3.1657540386e+04
1.2364709096e+07	8.8774870091e-01	3.1652084682e+04
1.2364709096e+07	8.8775095193e-01	3.1646585342e+04
1.2364709096e+07	8.8775328132e-01	3.1641052837e+04
1.2364709096e+07	8.8775567291e-01	3.1635494440e+04
1.2364709096e+07	8.8775811500e-01	3.1629915400e+04
1.2364709096e+07	8.8776059880e-01	3.1624319623e+04
1.2364709096e+07	8.8776312086e-01	3.1618709907e+04
1.2364709096e+07	8.8776569356e-01	3.1613087585e+04
1.2364709096e+07	8.8776829025e-01	3.1607455769e+04
1.2364709096e+07	8.8777090773e-01	3.1601815919e+04
1.2364709096e+07	8.8777354340e-01	3.1596169236e+04
1.2364709096e+07	8.8777619507e-01	3.1590516707e+04
1.2364709096e+07	8.8777886093e-01	3.1584859153e+04
1.2364709096e+07	8.8778153945e-01	3.1579197259e+04
1.2364709096e+07	8.8778422932e-01	3.1573531605e+04
1.2364709096e+07	8.8778692943e-01	3.1567862681e+04
1.2364709096e+07	8.8778963880e-01	3.1562190904e+04
1.2364709096e+07	8.8779235660e-01	3.1556516632e+04
1.2364709096e+07	8.8779508209e-01	3.1550840170e+04
1.2364709096e+07	8.8779781463e-01	3.1545161784e+04
1.2364709096e+07	8.8780055365e-01	3.1539481701e+04
1.2364709096e+07	8.8780329864e-01	3.1533800120e+04
1.2364709096e+07	8.8780604917e-01	3.1528117208e+04
1.2364709096e+07	8.8780880482e-01	3.1522433114e+04
1.2364709096e+07	8.8781156524e-01	3.1516747962e+04
1.2364709096e+07	8.8781433228e-01	3.1511125353e+04
1.2364709096e+07	8.8781710390e-01	3.1505516479e+04
1.2364709096e+07	8.8781987922e-01	3.1499906612e+04
1.2364709096e+07	8.8782265822e-01	3.1494295937e+04
1.2364709096e+07	8.8782539400e-01	3.1488687156e+04
1.2364709096e+07	8.8782811376e-01	3.1483078769e+04
1.2364709096e+07	8.8783082047e-01	3.1477470638e+04
1.2364709096e+07	8.8783348410e-01	3.1471864492e+04
1.2364709096e+07	8.8783588682e-01	3.1466272724e+04
1.2364709096e+07	8.8783819483e-01	3.1460685923e+04
1.2364709096e+07	8.8784050575e-01	3.1455098720e+04
1.2364709096e+07	8.8784281863e-01	3.1449511644e+04
1.2364709096e+07	8.8784513274e-01	3.1443924861e+04
1.2364709096e+07	8.8784744783e-01	3.1438338390e+04
1.2364709096e+07	8.8784976380e-01	3.1432752225e+04
1.2364709096e+07	8.8785208068e-01	3.1427166343e+04
1.2364709096e+07	8.8785439855e-01	3.1421580703e+04
1.2364709096e+07	8.8785671753e-01	3.1415995263e+04
1.2364709096e+07	8.8785903774e-01	3.1410409975e+04
1.2364709096e+07	8.8786135929e-01	3.1404824791e+04
1.2364709096e+07	8.8786368228e-01	3.1399239663e+04
1.2364709096e+07	8.8786600678e-01	3.1393654541e+04
1.2364709096e+07	8.8786833286e-01	3.1388069378e+04
1.2364709096e+07	8.8787066055e-01	3.1382484124e+04
1.2364709096e+07	8.8787298988e-01	3.1376898731e+04
1.2364709096e+07	8.8787532088e-01	3.1371313150e+04
1.2364709096e+07	8.8787765355e-01	3.1365727337e+04
1.2364709096e+07	8.8787998790e-01	3.1360141245e+04
1.2364709096e+07	8.8788232390e-01	3.1354554830e+04
1.2364709096e+07	8.8788466156e-01	3.1348968047e+04
1.2364709096e+07	8.8788700087e-01	3.1343380852e+04
1.2364709096e+07	8.8788934179e-01	3.1337793201e+04
1.2364709096e+07	8.8789168432e-01	3.1332205051e+04
1.2364709096e+07	8.8789402844e-01	3.1326616359e+04
1.2364709096e+07	8.8789637412e-01	3.1321027084e+04
1.2364709096e+07	8.8789872134e-01	3.1315437182e+04
1.2364709096e+07	8.8790107007e-01	3.1309846613e+04
1.2364709096e+07	8.8790342031e-01	3.1304255336e+04
1.2364709096e+07	8.8790577201e-01	3.1298663309e+04
1.2364709096e+07	8.8790812517e-01	3.1293070501e+04
1.2364709096e+07	8.8791047975e-01	3.1287476882e+04
1.2364709096e+07	8.8791283574e-01	3.1281882390e+04
1.2364709096e+07	8.8791519312e-01	3.1276286989e+04
1.2364709096e+07	8.8791755187e-01	3.1270690642e+04
1.2364709096e+07	8.8791991198e-01	3.1265093315e+04
1.2364709096e+07	8.8792227341e-01	3.1259494969e+04
1.2364709096e+07	8.8792463615e-01	3.1253895571e+04
1.2364709096e+07	8.8792700019e-01	3.1248295087e+04
1.2364709096e+07	8.8792936551e-01	3.1242693482e+04
1.2364709096e+07	8.8793173209e-01	3.1237090726e+04
1.2364709096e+07	8.8793409991e-01	3.1231486787e+04
1.2364709096e+07	8.8793646895e-01	3.1225881633e+04
1.2364709096e+07	8.8793883921e-01	3.1220275235e+04
1.2364709096e+07	8.8794121067e-01	3.1214667565e+04
1.2364709096e+07	8.8794358331e-01	3.1209058591e+04
1.2364709096e+07	8.8794595712e-01	3.1203448285e+04
1.2364709096e+07	8.8794833208e-01	3.1197836621e+04
1.2364709096e+07	8.8795070820e-01	3.1192223573e+04
1.2364709096e+07	8.8795308544e-01	3.1186609116e+04
1.2364709096e+07	8.8795546380e-01	3.1180993228e+04
1.2364709096e+07	8.8795784327e-01	3.1175375884e+04
1.2364709096e+07	8.8796022384e-01	3.1169757065e+04
1.2364709096e+07	8.8796260549e-01	3.1164136749e+04
1.2364709096e+07	8.8796498822e-01	3.1158514913e+04
1.2364709096e+07	8.8796737202e-01	3.1152891540e+04
1.2364709096e+07	8.8796975687e-01	3.1147266611e+04
1.2364709096e+07	8.8797214277e-01	3.1141640112e+04
1.2364709096e+07	8.8797452970e-01	3.1136012036e+04
1.2364709096e+07	8.8797691766e-01	3.1130382352e+04
1.2364709096e+07	8.8797930665e-01	3.1124751051e+04
1.2364709096e+07	8.8798169664e-01	3.1119118122e+04
1.2364709096e+07	8.8798408763e-01	3.1113483556e+04
1.2364709096e+07	8.8798647962e-01	3.1107847345e+04
1.2364709096e+07	8.8798887259e-01	3.1102209480e+04
1.2364709096e+07	8.8799126654e-01	3.1096569955e+04
1.2364709096e+07	8.8799366145e-01	3.1090928766e+04
1.2364709096e+07	8.8799605733e-01	3.1085285909e+04
1.2364709096e+07	8.8799845415e-01	3.1079641379e+04
1.2364709096e+07	8.8800085192e-01	3.1073995175e+04
1.2364709096e+07	8.8800325063e-01	3.1068347294e+04
1.2364709096e+07	8.8800565027e-01	3.1062697739e+04
1.2364709096e+07	8.8800805083e-01	3.1057046509e+04
1.2364709096e+07	8.8801045230e-01	3.1051393608e+04
1.2364709096e+07	8.8801285468e-01	3.1045739040e+04
1.2364709096e+07	8.8801525797e-01	3.1040082809e+04
1.2364709096e+07	8.8801766215e-01	3.1034424921e+04
1.2364709096e+07	8.8802006721e-01	3.1028765385e+04
1.2364709096e+07	8.8802247316e-01	3.1023104211e+04
1.2364709096e+07	8.8802487998e-01	3.1017441409e+04
1.2364709096e+07	8.8802728766e-01	3.1011776992e+04
1.2364709096e+07	8.8802969621e-01	3.1006110974e+04
1.2364709096e+07	8.8803210560e-01	3.1000443373e+04
1.2364709096e+07	8.8803451583e-01	3.0994774210e+04
1.2364709096e+07	8.8803692689e-01	3.0989103506e+04
1.2364709096e+07	8.8803933879e-01	3.0983431263e+04
1.2364709096e+07	8.8804175150e-01	3.0977757512e+04
1.2364709096e+07	8.8804416503e-01	3.0972082273e+04
1.2364709096e+07	8.8804657935e-01	3.0966405573e+04
1.2364709096e+07	8.8804899448e-01	3.0960727437e+04
1.2364709096e+07	8.8805141039e-01	3.0955047894e+04
1.2364709096e+07	8.8805382660e-01	3.0949426832e+04
1.2364709096e+07	8.8805618197e-01	3.0943825310e+04
1.2364709096e+07	8.8805853803e-01	3.0938222199e+04
1.2364709096e+07	8.8806085198e-01	3.0932620094e+04
1.2364709096e+07	8.8806312888e-01	3.0927018741e+04
1.2364709096e+07	8.8806540640e-01	3.0921416037e+04
1.2364709096e+07	8.8806743013e-01	3.0915826457e+04
1.2364709096e+07	8.8806802897e-01	3.0910316427e+04
1.2364709096e+07	8.8806862934e-01	3.0904805075e+04
1.2364709096e+07	8.8806923127e-01	3.0899292483e+04
1.2364709096e+07	8.8806983481e-01	3.0893778691e+04
1.2364709096e+07	8.8807043997e-01	3.0888263740e+04
1.2364709096e+07	8.8807055909e-01	3.0882775320e+04
1.2364709096e+07	8.8806976844e-01	3.0877337482e+04
1.2364709096e+07	8.8806898096e-01	3.0871898959e+04
1.2364709096e+07	8.8806819684e-01	3.0866461164e+04
1.2364709096e+07	8.8806741594e-01	3.0861022342e+04
1.2364709096e+07	8.8806663831e-01	3.0855582577e+04
1.2364709096e+07	8.8806586398e-01	3.0850141899e+04
1.2364709096e+07	8.8806509300e-01	3.0844700350e+04
1.2364709096e+07	8.8806432541e-01	3.0839257984e+04
1.2364709096e+07	8.8806242392e-01	3.0833879327e+04
1.2364709096e+07	8.8806036763e-01	3.0828508901e+04
1.2364709096e+07	8.8805831610e-01	3.0823137750e+04
1.2364709096e+07	8.8805626955e-01	3.0817766390e+04
1.2364709096e+07	8.8795998360e-01	3.0820661988e+04
1.2364709096e+07	8.8786530526e-01	3.0829115663e+04
1.2364709096e+07	8.8777073337e-01	3.0838458923e+04
1.2364709096e+07	8.8767450806e-01	3.0848602043e+04
1.2364709096e+07	8.8757752171e-01	3.0859269285e+04
1.2364709096e+07	8.8748030377e-01	3.0870289930e+04
1.2364709096e+07	8.8738283175e-01	3.0881582522e+04
1.2364709096e+07	8.8728509689e-01	3.0893094563e+04
1.2364709096e+07	8.8718558509e-01	3.0904877228e+04
1.2364709096e+07	8.8708492130e-01	3.0916866836e+04
1.2364709096e+07	8.8698396680e-01	3.0928995134e+04
1.2364709096e+07	8.8688222814e-01	3.0941273948e+04
1.2364709096e+07	8.8677779237e-01	3.0953800723e+04
1.2364709096e+07	8.8667306382e-01	3.0966424135e+04
1.2364709096e+07	8.8656788024e-01	3.0979147960e+04
1.2364709096e+07	8.8646232700e-01	3.0991957710e+04
1.2364709096e+07	8.8635645133e-01	3.1004841158e+04
1.2364709096e+07	8.8625026930e-01	3.1017793467e+04
1.2364709096e+07	8.8614375857e-01	3.1030811811e+04
1.2364709096e+07	8.8603694178e-01	3.1043888306e+04
1.2364709096e+07	8.8592980647e-01	3.1057019742e+04
1.2364709096e+07	8.8582234776e-01	3.1070202261e+04
1.2364709096e+07	8.8571459758e-01	3.1083427732e+04
1.2364709096e+07	8.8560653354e-01	3.1096748701e+04
1.2364709096e+07	8.8549814227e-01	3.1110156699e+04
1.2364709096e+07	8.8538944176e-01	3.1123598486e+04
1.2364709096e+07	8.8528041437e-01	3.1137073155e+04
1.2364709096e+07	8.8517106460e-01	3.1150576859e+04
1.2364709096e+07	8.8506143342e-01	3.1164101510e+04
1.2364709096e+07	8.8495145276e-01	3.1177652919e+04
1.2364709096e+07	8.8484109318e-01	3.1191232516e+04
1.2364709096e+07	8.8473045540e-01	3.1204826365e+04
1.2364709096e+07	8.8461952025e-01	3.1218436353e+04
1.2364709096e+07	8.8450827370e-01	3.1232064872e+04
1.2364709096e+07	8.8439663962e-01	3.1245723489e+04
1.2364709096e+07	8.8428473795e-01	3.1259401576e+04
1.2364709096e+07	8.8417245551e-01	3.1273119612e+04
1.2364709096e+07	8.8405984096e-01	3.1286880838e+04
1.2364709096e+07	8.8394690206e-01	3.1300696722e+04
1.2364709096e+07	8.8383358566e-01	3.1314589599e+04
1.2364709096e+07	8.8371994116e-01	3.1328572644e+04
1.2364709096e+07	8.8360594851e-01	3.1342670996e+04
1.2364709096e+07	8.8349160875e-01	3.1356910184e+04
1.2364709096e+07	8.8337688526e-01	3.1371322899e+04
1.2364709096e+07	8.8326181402e-01	3.1385934160e+04
1.2364709096e+07	8.8314637633e-01	3.1400776302e+04
1.2364709096e+07	8.8303058770e-01	3.1415876269e+04
1.2364709096e+07	8.8291440747e-01	3.1431266046e+04
1.2364709096e+07	8.8279787050e-01	3.1446963820e+04
1.2364709096e+07	8.8268092024e-01	3.1462995060e+04
1.2364709096e+07	8.8256359657e-01	3.1479365888e+04
1.2364709096e+07	8.8244589459e-01	3.1496081555e+04
1.2364709096e+07	8.8232784348e-01	3.1513135074e+04
1.2364709096e+07	8.8220936455e-01	3.1530528149e+04
1.2364709096e+07	8.8209053383e-01	3.1548233473e+04
1.2364709096e+07	8.8197134691e-01	3.1566230027e+04
1.2364709096e+07	8.8185180644e-01	3.1584491745e+04
1.2364709096e+07	8.8173182379e-01	3.1603004202e+04
1.2364709096e+07	8.8161151526e-01	3.1621720004e+04
1.2364709096e+07	8.8149079785e-01	3.1640622922e+04
1.2364709096e+07	8.8136967848e-01	3.1659683717e+04
1.2364709096e+07	8.8124823092e-01	3.1678864404e+04
1.2364709096e+07	8.8112637345e-01	3.1698154063e+04
1.2364709096e+07	8.8100415481e-01	3.1717523557e+04
1.2364709096e+07	8.8088155473e-01	3.1736957622e+04
1.2364709096e+07	8.8075853444e-01	3.1756441401e+04
1.2364709096e+07	8.8063482137e-01	3.1775976798e+04
1.2364709096e+07	8.8051038894e-01	3.1795561558e+04
1.2364709096e+07	8.8038547610e-01	3.1815164707e+04
1.2364709096e+07	8.8026014302e-01	3.1834774375e+04
1.2364709096e+07	8.8013434146e-01	3.1854390198e+04
1.2364709096e+07	8.8000810413e-01	3.1874010038e+04
1.2364709096e+07	8.7988148167e-01	3.1893621458e+04
1.2364709096e+07	8.7975447803e-01	3.1913220136e+04
1.2364709096e+07	8.7962710672e-01	3.1932800848e+04
1.2364709096e+07	8.7949934027e-01	3.1952365155e+04
1.2364709096e+07	8.7937117805e-01	3.1971910638e+04
1.2364709096e+07	8.7924258733e-01	3.1991439846e+04
1.2364709096e+07	8.7911358824e-01	3.2010947330e+04
1.2364709096e+07	8.7898418560e-01	3.2030531960e+04
1.2364709096e+07	8.7885437654e-01	3.2050167937e+04
1.2364709096e+07	8.7872413312e-01	3.2069856813e+04
1.2364709096e+07	8.7859334276e-01	3.2090384777e+04
1.2364709096e+07	8.7850529872e-01	3.2117524513e+04
1.2364709096e+07	8.7849404645e-01	3.2186753107e+04
1.2364709096e+07	8.7848958858e-01	3.2196789334e+04
1.2364709096e+07	8.7848531882e-01	3.2204120974e+04
1.2364709096e+07	8.7848118303e-01	3.2209141445e+04
1.2364709096e+07	8.7847713296e-01	3.2212750290e+04
1.2364709096e+07	8.7847312907e-01	3.2215606966e+04
1.2364709096e+07	8.7846911077e-01	3.2218171539e+04
1.2364709096e+07	8.7846512295e-01	3.2220450860e+04
1.2364709096e+07	8.7846115949e-01	3.2222546929e+04
1.2364709096e+07	8.7845721667e-01	3.2224515426e+04
1.2364709096e+07	8.7845328630e-01	3.2226403173e+04
1.2364709096e+07	8.7844932213e-01	3.2228329224e+04
1.2364709096e+07	8.7844537486e-01	3.2230190589e+04
1.2364709096e+07	8.7844144367e-01	3.2231999802e+04
1.2364709096e+07	8.7843752811e-01	3.2233764475e+04
1.2364709096e+07	8.7843360407e-01	3.2235540598e+04
1.2364709096e+07	8.7842966519e-01	3.2237344094e+04
1.2364709096e+07	8.7842574429e-01	3.2239107620e+04
1.2364709096e+07	8.7842184307e-01	3.2240830439e+04
1.2364709096e+07	8.7841795948e-01	3.2242519110e+04
1.2364709096e+07	8.7841405793e-01	3.2244252577e+04
1.2364709096e+07	8.7841019980e-01	3.2245903194e+04
1.2364709096e+07	8.7840640613e-01	3.2247433290e+04
1.2364709096e+07	8.7840293315e-01	3.2248700560e+04
1.2364709096e+07	8.7839996723e-01	3.2249649075e+04
1.2364709096e+07	8.7839728772e-01	3.2250206838e+04
1.2364709096e+07	8.7839495764e-01	3.2250199524e+04
1.2364709096e+07	8.7839312082e-01	3.2249327611e+04
1.2364709096e+07	8.7839208799e-01	3.2247097255e+04
1.2364709096e+07	8.7839234467e-01	3.2242714069e+04
1.2364709096e+07	8.7839357464e-01	3.2237717036e+04
1.2364709096e+07	8.7839529591e-01	3.2232499407e+04
1.2364709096e+07	8.7839731031e-01	3.2227150881e+04
1.2364709096e+07	8.7839951945e-01	3.2221716581e+04
1.2364709096e+07	8.7840186724e-01	3.2216222135e+04
1.2364709096e+07	8.7840431865e-01	3.2210683483e+04
1.2364709096e+07	8.7840685032e-01	3.2205111203e+04
1.2364709096e+07	8.7840944589e-01	3.2199512665e+04
1.2364709096e+07	8.7841209348e-01	3.2193893204e+04
1.2364709096e+07	8.7841478415e-01	3.2188256798e+04
1.2364709096e+07	8.7841751106e-01	3.2182606489e+04
1.2364709096e+07	8.7842029203e-01	3.2176943298e+04
1.2364709096e+07	8.7842309923e-01	3.2171270488e+04
1.2364709096e+07	8.7842592812e-01	3.2165589641e+04
1.2364709096e+07	8.7842877599e-01	3.2159901988e+04
1.2364709096e+07	8.7843164060e-01	3.2154208548e+04
1.2364709096e+07	8.7843452006e-01	3.2148510176e+04
1.2364709096e+07	8.7843741278e-01	3.2142807565e+04
1.2364709096e+07	8.7844031743e-01	3.2137101301e+04
1.2364709096e+07	8.7844323281e-01	3.2131391895e+04
1.2364709096e+07	8.7844615794e-01	3.2125679785e+04
1.2364709096e+07	8.7844909192e-01	3.2119965337e+04
1.2364709096e+07	8.7845203398e-01	3.2114248876e+04
1.2364709096e+07	8.7845498346e-01	3.2108530672e+04
1.2364709096e+07	8.7845793975e-01	3.2102810970e+04
1.2364709096e+07	8.7846090233e-01	3.2097089969e+04
1.2364709096e+07	8.7846387072e-01	3.2091367851e+04
1.2364709096e+07	8.7846684451e-01	3.2085644771e+04
1.2364709096e+07	8.7846982330e-01	3.2079920863e+04
1.2364709096e+07	8.7847280677e-01	3.2074196242e+04
1.2364709096e+07	8.7847579460e-01	3.2068471011e+04
1.2364709096e+07	8.7847878652e-01	3.2062745256e+04
1.2364709096e+07	8.7848178227e-01	3.2057019049e+04
1.2364709096e+07	8.7848478223e-01	3.2051308350e+04
1.2364709096e+07	8.7848778783e-01	3.2045660242e+04
1.2364709096e+07	8.7849079650e-01	3.2040011224e+04
1.2364709096e+07	8.7849380809e-01	3.2034361836e+04
1.2364709096e+07	8.7849681436e-01	3.2028712580e+04
1.2364709096e+07	8.7849976002e-01	3.2023066699e+04
1.2364709096e+07	8.7850270828e-01	3.2017420516e+04
1.2364709096e+07	8.7850561362e-01	3.2011776693e+04
1.2364709096e+07	8.7850844120e-01	3.2006137265e+04
1.2364709096e+07	8.7851093772e-01	3.2000517047e+04
1.2364709096e+07	8.7851343674e-01	3.1994896863e+04
1.2364709096e+07	8.7851593723e-01	3.1989277069e+04
1.2364709096e+07	8.7851843876e-01	3.1983657742e+04
1.2364709096e+07	8.7852094117e-01	3.1978038885e+04
1.2364709096e+07	8.7852344438e-01	3.1972420462e+04
1.2364709096e+07	8.7852594837e-01	3.1966802452e+04
1.2364709096e+07	8.7852845321e-01	3.1961184814e+04
1.2364709096e+07	8.7853095895e-01	3.1955567505e+04
1.2364709096e+07	8.7853346568e-01	3.1949950476e+04
1.2364709096e+07	8.7853597350e-01	3.1944333679e+04
1.2364709096e+07	8.7853848246e-01	3.1938717064e+04
1.2364709096e+07	8.7854099265e-01	3.1933100583e+04
1.2364709096e+07	8.7854350411e-01	3.1927484185e+04
1.2364709096e+07	8.7854601690e-01	3.1921867822e+04
1.2364709096e+07	8.7854853105e-01	3.1916251444e+04
1.2364709096e+07	8.7855104660e-01	3.1910635003e+04
1.2364709096e+07	8.7855356355e-01	3.1905018450e+04
1.2364709096e+07	8.7855608192e-01	3.1899401738e+04
1.2364709096e+07	8.7855860173e-01	3.1893784820e+04
1.2364709096e+07	8.7856112297e-01	3.1888167650e+04
1.2364709096e+07	8.7856364565e-01	3.1882550179e+04
1.2364709096e+07	8.7856616975e-01	3.1876932360e+04
1.2364709096e+07	8.7856869528e-01	3.1871314149e+04
1.2364709096e+07	8.7857122223e-01	3.1865695503e+04
1.2364709096e+07	8.7857375059e-01	3.1860076376e+04
1.2364709096e+07	8.7857628034e-01	3.1854456728e+04
1.2364709096e+07	8.7857881148e-01	3.1848836516e+04
1.2364709096e+07	8.7858134399e-01	3.1843215699e+04
1.2364709096e+07	8.7858387786e-01	3.1837594234e+04
1.2364709096e+07	8.7858641308e-01	3.1831972082e+04
1.2364709096e+07	8.7858894962e-01	3.1826349216e+04
1.2364709096e+07	8.7859148749e-01	3.1820725592e+04
1.2364709096e+07	8.7859402666e-01	3.1815101158e+04
1.2364709096e+07	8.7859656713e-01	3.1809475882e+04
1.2364709096e+07	8.7859910887e-01	3.1803849723e+04
1.2364709096e+07	8.7860165189e-01	3.1798222643e+04
1.2364709096e+07	8.7860419617e-01	3.1792594608e+04
1.2364709096e+07	8.7860674170e-01	3.1786965582e+04
1.2364709096e+07	8.7860928846e-01	3.1781335530e+04
1.2364709096e+07	8.7861183644e-01	3.1775704419e+04
1.2364709096e+07	8.7861438564e-01	3.1770072217e+04
1.2364709096e+07	8.7861693603e-01	3.1764438892e+04
1.2364709096e+07	8.7861948762e-01	3.1758804416e+04
1.2364709096e+07	8.7862204038e-01	3.1753168758e+04
1.2364709096e+07	8.7862459431e-01	3.1747531885e+04
1.2364709096e+07	8.7862714941e-01	3.1741893769e+04
1.2364709096e+07	8.7862970565e-01	3.1736254383e+04
1.2364709096e+07	8.7863226304e-01	3.1730613703e+04
1.2364709096e+07	8.7863482156e-01	3.1724971703e+04
1.2364709096e+07	8.7863738120e-01	3.1719328360e+04
1.2364709096e+07	8.7863994195e-01	3.1713683652e+04
1.2364709096e+07	8.7864250381e-01	3.1708037557e+04
1.2364709096e+07	8.7864506676e-01	3.1702390055e+04
1.2364709096e+07	8.7864763080e-01	3.1696741125e+04
1.2364709096e+07	8.7865019592e-01	3.1691090749e+04
1.2364709096e+07	8.7865276211e-01	3.1685438909e+04
1.2364709096e+07	8.7865532936e-01	3.1679785588e+04
1.2364709096e+07	8.7865789767e-01	3.1674130783e+04
1.2364709096e+07	8.7866046702e-01	3.1668474473e+04
1.2364709096e+07	8.7866303742e-01	3.1662816637e+04
1.2364709096e+07	8.7866560885e-01	3.1657157263e+04
1.2364709096e+07	8.7866818130e-01	3.1651496341e+04
1.2364709096e+07	8.7867075478e-01	3.1645833861e+04
1.2364709096e+07	8.7867332928e-01	3.1640169812e+04
1.2364709096e+07	8.7867590478e-01	3.1634504187e+04
1.2364709096e+07	8.7867848128e-01	3.1628836982e+04
1.2364709096e+07	8.7868105878e-01	3.1623168193e+04
1.2364709096e+07	8.7868363726e-01	3.1617497817e+04
1.2364709096e+07	8.7868621672e-01	3.1611825854e+04
1.2364709096e+07	8.7868879715e-01	3.1606152304e+04
1.2364709096e+07	8.7869137855e-01	3.1600477169e+04
1.2364709096e+07	8.7869396090e-01	3.1594800452e+04
1.2364709096e+07	8.7869654420e-01	3.1589122154e+04
1.2364709096e+07	8.7869912845e-01	3.1583442278e+04
1.2364709096e+07	8.7870171363e-01	3.1577760833e+04
1.2364709096e+07	8.7870429974e-01	3.1572077828e+04
1.2364709096e+07	8.7870688677e-01	3.1566393272e+04
1.2364709096e+07	8.7870947472e-01	3.1560707176e+04
1.2364709096e+07	8.7871206357e-01	3.1555019551e+04
1.2364709096e+07	8.7871465332e-01	3.1549330412e+04
1.2364709096e+07	8.7871724395e-01	3.1543639773e+04
1.2364709096e+07	8.7871983547e-01	3.1537947650e+04
1.2364709096e+07	8.7872242787e-01	3.1532254059e+04
1.2364709096e+07	8.7872502112e-01	3.1526559037e+04
1.2364709096e+07	8.7872761524e-01	3.1520862587e+04
1.2364709096e+07	8.7873021020e-01	3.1515164730e+04
1.2364709096e+07	8.7873280601e-01	3.1509465496e+04
1.2364709096e+07	8.7873540264e-01	3.1503764909e+04
1.2364709096e+07	8.7873800010e-01	3.1498062998e+04
1.2364709096e+07	8.7874059836e-01	3.1492359792e+04
1.2364709096e+07	8.7874319853e-01	3.1486682522e+04
1.2364709096e+07	8.7874575770e-01	3.1481056878e+04
1.2364709096e+07	8.7874829107e-01	3.1475431035e+04
1.2364709096e+07	8.7875081509e-01	3.1469804485e+04
1.2364709096e+07	8.7875326269e-01	3.1464181169e+04
1.2364709096e+07	8.7875571093e-01	3.1458556627e+04
1.2364709096e+07	8.7875815979e-01	3.1452930899e+04
1.2364709096e+07	8.7875936791e-01	3.1447376400e+04
1.2364709096e+07	8.7876013628e-01	3.1441846426e+04
1.2364709096e+07	8.7876090625e-01	3.1436315325e+04
1.2364709096e+07	8.7876167785e-01	3.1430783153e+04
1.2364709096e+07	8.7876245112e-01	3.1425249954e+04
1.2364709096e+07	8.7876322609e-01	3.1419715773e+04
1.2364709096e+07	8.7876269212e-01	3.1414257044e+04
1.2364709096e+07	8.7876207568e-01	3.1408802302e+04
1.2364709096e+07	8.7876146265e-01	3.1403348416e+04
1.2364709096e+07	8.7876085295e-01	3.1397894119e+04
1.2364709096e+07	8.7876024657e-01	3.1392439019e+04
1.2364709096e+07	8.7875964357e-01	3.1386983184e+04
1.2364709096e+07	8.7875904399e-01	3.1381526646e+04
1.2364709096e+07	8.7875844786e-01	3.1376069465e+04
1.2364709096e+07	8.7875724561e-01	3.1370647229e+04
1.2364709096e+07	8.7875536394e-01	3.1365264257e+04
1.2364709096e+07	8.7875348715e-01	3.1359880733e+04
1.2364709096e+07	8.7875161529e-01	3.1354496739e+04
1.2364709096e+07	8.7874935981e-01	3.1349136188e+04
1.2364709096e+07	8.7865222295e-01	3.1355774974e+04
1.2364709096e+07	8.7855537595e-01	3.1364778937e+04
1.2364709096e+07	8.7845860662e-01	3.1374740296e+04
1.2364709096e+07	8.7835976593e-01	3.1385540707e+04
1.2364709096e+07	8.7826047268e-01	3.1396849010e+04
1.2364709096e+07	8.7816092820e-01	3.1408511427e+04
1.2364709096e+07	8.7806110635e-01	3.1420446869e+04
1.2364709096e+07	8.7796102654e-01	3.1432599627e+04
1.2364709096e+07	8.7785823374e-01	3.1445079614e+04
1.2364709096e+07	8.7775510369e-01	3.1457720325e+04
1.2364709096e+07	8.7765166628e-01	3.1470500472e+04
1.2364709096e+07	8.7754596827e-01	3.1483517761e+04
1.2364709096e+07	8.7743894879e-01	3.1496703243e+04
1.2364709096e+07	8.7733153006e-01	3.1509991423e+04
1.2364709096e+07	8.7722370358e-01	3.1523376569e+04
1.2364709096e+07	8.7711547576e-01	3.1536847488e+04
1.2364709096e+07	8.7700694855e-01	3.1550391332e+04
1.2364709096e+07	8.7689807077e-01	3.1564008359e+04
1.2364709096e+07	8.7678889028e-01	3.1577686955e+04
1.2364709096e+07	8.7667939431e-01	3.1591423595e+04
1.2364709096e+07	8.7656957854e-01	3.1605214021e+04
1.2364709096e+07	8.7645943032e-01	3.1619055360e+04
1.2364709096e+07	8.7634894580e-01	3.1633004494e+04
1.2364709096e+07	8.7623817285e-01	3.1647035704e+04
1.2364709096e+07	8.7612707901e-01	3.1661104503e+04
1.2364709096e+07	8.7601563983e-01	3.1675210673e+04
1.2364709096e+07	8.7590390805e-01	3.1689343997e+04
1.2364709096e+07	8.7579182467e-01	3.1703508717e+04
1.2364709096e+07	8.7567941322e-01	3.1717698789e+04
1.2364709096e+07	8.7556668225e-01	3.1731910505e+04
1.2364709096e+07	8.7545366162e-01	3.1746137969e+04
1.2364709096e+07	8.7534025954e-01	3.1760391377e+04
1.2364709096e+07	8.7522655288e-01	3.1774660481e+04
1.2364709096e+07	8.7511251967e-01	3.1788948865e+04
1.2364709096e+07	8.7499807849e-01	3.1803269114e+04
1.2364709096e+07	8.7488330595e-01	3.1817615900e+04
1.2364709096e+07	8.7476823815e-01	3.1831991531e+04
1.2364709096e+07	8.7465277441e-01	3.1846418301e+04
1.2364709096e+07	8.7453700146e-01	3.1860898104e+04
1.2364709096e+07	8.7442084008e-01	3.1875457276e+04
1.2364709096e+07	8.7430438495e-01	3.1890103731e+04
1.2364709096e+07	8.7418749782e-01	3.1904878350e+04
1.2364709096e+07	8.7407027432e-01	3.1919795377e+04
1.2364709096e+07	8.7395269909e-01	3.1934885591e+04
1.2364709096e+07	8.7383474316e-01	3.1950182962e+04
1.2364709096e+07	8.7371642639e-01	3.1965715343e+04
1.2364709096e+07	8.7359770333e-01	3.1981518146e+04
1.2364709096e+07	8.7347858426e-01	3.1997616792e+04
1.2364709096e+07	8.7335909383e-01	3.2014030540e+04
1.2364709096e+07	8.7323922042e-01	3.2030778038e+04
1.2364709096e+07	8.7311896511e-01	3.2047869611e+04
1.2364709096e+07	8.7299830623e-01	3.2065311612e+04
1.2327254258e+07	8.7287722421e-01	3.2118982971e+04
1.2327254258e+07	8.7672710509e-01	3.2139415404e+04
1.2327254258e+07	8.7660575312e-01	3.2170493428e+04
1.2327254258e+07	8.7647862809e-01	3.2202832994e+04
1.2327254258e+07	8.7634428909e-01	3.2233749321e+04
1.2327254258e+07	8.7620098090e-01	3.2263020930e+04
1.2327254258e+07	8.7604628773e-01	3.2291393709e+04
1.2327254258e+07	8.7587691144e-01	3.2319894437e+04
1.2327254258e+07	8.7568753240e-01	3.2349732112e+04
1.2327254258e+07	8.7547790015e-01	3.2381199640e+04
1.2327254258e+07	8.7529329602e-01	3.2408077146e+04
1.2327254258e+07	8.7512528779e-01	3.2432129667e+04
1.2327254258e+07	8.7496916244e-01	3.2454234516e+04
1.2327254258e+07	8.7482183050e-01	3.2474928607e+04
1.2327254258e+07	8.7468130208e-01	3.2494546726e+04
1.2327254258e+07	8.7454610366e-01	3.2513327904e+04
1.2327254258e+07	8.7441524492e-01	3.2531430705e+04
1.2327254258e+07	8.7428788581e-01	3.2548985597e+04
1.2327254258e+07	8.7416342236e-01	3.2566166769e+04
1.2327254258e+07	8.7404134506e-01	3.2583029199e+04
1.2327254258e+07	8.7392130079e-01	3.2599563236e+04
1.2327254258e+07	8.7380295609e-01	3.2615818977e+04
1.2327254258e+07	8.7368600141e-01	3.2631841740e+04
1.2327254258e+07	8.7357027025e-01	3.2647656655e+04
1.2327254258e+07	8.7345556869e-01	3.2663292651e+04
1.2327254258e+07	8.7334168431e-01	3.2678781428e+04
1.2327254258e+07	8.7322846041e-01	3.2694147712e+04
1.2327254258e+07	8.7311583363e-01	3.2709404692e+04
1.2327254258e+07	8.7300371418e-01	3.2724570879e+04
1.2327254258e+07	8.7289190330e-01	3.2739681669e+04
1.2327254258e+07	8.7278040386e-01	3.2754747595e+04
1.2327254258e+07	8.7266910476e-01	3.2769797890e+04
1.2327254258e+07	8.7255798181e-01	3.2784853323e+04
1.2327254258e+07	8.7244688092e-01	3.2799956060e+04
1.2327254258e+07	8.7233580411e-01	3.2815130611e+04
1.2327254258e+07	8.7222466484e-01	3.2830417123e+04
1.2327254258e+07	8.7211353609e-01	3.2845836400e+04
1.2327254258e+07	8.7200227066e-01	3.2861441884e+04
1.2327254258e+07	8.7189086154e-01	3.2877268315e+04
1.2327254258e+07	8.7177925837e-01	3.2893356175e+04
1.2327254258e+07	8.7166750485e-01	3.2909730148e+04
1.2327254258e+07	8.7155548853e-01	3.2926434264e+04
1.2327254258e+07	8.7144329998e-01	3.2943477003e+04
1.2327254258e+07	8.7133084605e-01	3.2960888118e+04
1.2327254258e+07	8.7121810953e-01	3.2978678521e+04
1.2327254258e+07	8.7110512786e-01	3.2996842338e+04
1.2327254258e+07	8.7099188445e-01	3.3015374204e+04
1.2327254258e+07	8.7087831274e-01	3.3034269859e+04
1.2327254258e+07	8.7076454628e-01	3.3053485062e+04
1.2327254258e+07	8.7065050990e-01	3.3073005717e+04
1.2327254258e+07	8.7053615544e-01	3.3092810148e+04
1.2327254258e+07	8.7042148992e-01	3.3112865512e+04
1.2327254258e+07	8.7030657396e-01	3.3133129069e+04
1.2327254258e+07	8.7019130164e-01	3.3153588582e+04
1.2327254258e+07	8.7007575677e-01	3.3174199728e+04
1.2327254258e+07	8.6995983329e-01	3.3194954814e+04
1.2327254258e+07	8.6984364238e-01	3.3215809694e+04
1.2327254258e+07	8.6972708068e-01	3.3236762017e+04
1.2327254258e+07	8.6961020845e-01	3.3257782564e+04
1.2327254258e+07	8.6949301352e-01	3.3278858057e+04
1.2327254258e+07	8.6937547521e-01	3.3299979127e+04
1.2327254258e+07	8.6925759935e-01	3.3321133733e+04
1.2327254258e+07	8.6913936394e-01	3.3342316698e+04
1.2327254258e+07	8.6902077023e-01	3.3363520107e+04
1.2327254258e+07	8.6890183040e-01	3.3384735339e+04
1.2327254258e+07	8.6878256201e-01	3.3405953982e+04
1.2327254258e+07	8.6866289885e-01	3.3427183334e+04
1.2327254258e+07	8.6854288165e-01	3.3448412055e+04
1.2327254258e+07	8.6842248276e-01	3.3469641591e+04
1.2327254258e+07	8.6830174428e-01	3.3490861220e+04
1.2327254258e+07	8.6818060784e-01	3.3512078333e+04
1.2327254258e+07	8.6805912190e-01	3.3533281698e+04
1.2327254258e+07	8.6793726016e-01	3.3554474916e+04
1.2327254258e+07	8.6781498378e-01	3.3575679337e+04
1.2327254258e+07	8.6769228240e-01	3.3597085942e+04
1.2327254258e+07	8.6756884024e-01	3.3620981634e+04
1.2327254258e+07	8.6752656169e-01	3.3663953117e+04
1.2327254258e+07	8.6751616859e-01	3.3728907785e+04
1.2327254258e+07	8.6751183355e-01	3.3739075277e+04
1.2327254258e+07	8.6750766162e-01	3.3746363303e+04
1.2327254258e+07	8.6750358923e-01	3.3751425425e+04
1.2327254258e+07	8.6749956058e-01	3.3755196640e+04
1.2327254258e+07	8.6749547871e-01	3.3758401807e+04
1.2327254258e+07	8.6749130920e-01	3.3761266755e+04
1.2327254258e+07	8.6748701198e-01	3.3763883951e+04
1.2327254258e+07	8.6748247820e-01	3.3766359647e+04
1.2327254258e+07	8.6747752739e-01	3.3768772785e+04
1.2327254258e+07	8.6747168748e-01	3.3771313866e+04
1.2327254258e+07	8.6746418967e-01	3.3774079979e+04
1.2327254258e+07	8.6745343939e-01	3.3777275750e+04
1.2327254258e+07	8.6743481022e-01	3.3781616800e+04
1.2327254258e+07	8.6738813044e-01	3.3790178174e+04
1.2327254258e+07	8.6726866983e-01	3.3809719267e+04
1.2327254258e+07	8.6714890895e-01	3.3829138933e+04
1.2327254258e+07	8.6702974921e-01	3.3847998140e+04
1.2327254258e+07	8.6691126316e-01	3.3866279058e+04
1.2327254258e+07	8.6679201705e-01	3.3884752388e+04
1.2327254258e+07	8.6670189286e-01	3.3901648170e+04
1.2327254258e+07	8.6669350134e-01	3.3913689756e+04
1.2327254258e+07	8.6668928426e-01	3.3915924061e+04
1.2327254258e+07	8.6668507255e-01	3.3918209958e+04
1.2327254258e+07	8.6668086377e-01	3.3920470566e+04
1.2327254258e+07	8.6667665667e-01	3.3922705556e+04
1.2327254258e+07	8.6667245049e-01	3.3924914444e+04
1.2327254258e+07	8.6666817490e-01	3.3927196159e+04
1.2327254258e+07	8.6666385944e-01	3.3929502754e+04
1.2327254258e+07	8.6665954246e-01	3.3931777342e+04
1.2327254258e+07	8.6665522572e-01	3.3934017512e+04
1.2327254258e+07	8.6665091028e-01	3.3936220463e+04
1.2327254258e+07	8.6664652272e-01	3.3938477827e+04
1.2327254258e+07	8.6664208678e-01	3.3940748364e+04
1.2327254258e+07	8.6663764866e-01	3.3942965893e+04
1.2327254258e+07	8.6663320970e-01	3.3945123389e+04
1.2327254258e+07	8.6662877217e-01	3.3947211035e+04
1.2327254258e+07	8.6662422185e-01	3.3949345934e+04
1.2327254258e+07	8.6661972715e-01	3.3951353484e+04
1.2327254258e+07	8.6661554478e-01	3.3953135148e+04
1.2327254258e+07	8.6661148994e-01	3.3954755727e+04
1.2327254258e+07	8.6660743257e-01	3.3956293875e+04
1.2327254258e+07	8.6660336422e-01	3.3957697497e+04
1.2327254258e+07	8.6659931928e-01	3.3958872120e+04
1.2327254258e+07	8.6659531675e-01	3.3959723397e+04
1.2327254258e+07	8.6659136086e-01	3.3960076199e+04
1.2327254258e+07	8.6658761612e-01	3.3959484964e+04
1.2327254258e+07	8.6658447570e-01	3.3957137650e+04
1.2327254258e+07	8.6658291287e-01	3.3952949487e+04
1.2327254258e+07	8.6658285956e-01	3.3947996435e+04
1.2327254258e+07	8.6658365719e-01	3.3942598336e+04
1.2327254258e+07	8.6658495981e-01	3.3936917571e+04
1.2327254258e+07	8.6658661453e-01	3.3931042663e+04
1.2327254258e+07	8.6658852755e-01	3.3925027700e+04
1.2327254258e+07	8.6659063754e-01	3.3918907930e+04
1.2327254258e+07	8.6659290229e-01	3.3912707512e+04
1.2327254258e+07	8.6659529166e-01	3.3906443681e+04
1.2327254258e+07	8.6659778333e-01	3.3900129139e+04
1.2327254258e+07	8.6660036039e-01	3.3893773501e+04
1.2327254258e+07	8.6660300971e-01	3.3887384214e+04
1.2327254258e+07	8.6660572092e-01	3.3880967155e+04
1.2327254258e+07	8.6660848566e-01	3.3874527042e+04
1.2327254258e+07	8.6661129712e-01	3.3868067714e+04
1.2327254258e+07	8.6661414970e-01	3.3861592338e+04
1.2326608480e+07	8.6661703868e-01	3.3855733158e+04
1.2326608480e+07	8.6753591587e-01	3.4082191394e+04
1.2326608480e+07	8.6753899302e-01	3.4075153379e+04
1.2326608480e+07	8.6754208793e-01	3.4068196641e+04
1.2326608480e+07	8.6754519895e-01	3.4061247068e+04
1.2326608480e+07	8.6754832474e-01	3.4054304557e+04
1.2326608480e+07	8.6755146410e-01	3.4047369156e+04
1.2320970455e+07	8.6755461596e-01	3.4046004528e+04
1.2320970455e+07	8.6621678880e-01	3.3901241722e+04
1.2320970455e+07	8.6611121332e-01	3.3907052486e+04
1.2320970455e+07	8.6600490464e-01	3.3912916044e+04
1.2320970455e+07	8.6589812891e-01	3.3920199256e+04
1.2320970455e+07	8.6579094221e-01	3.3929961986e+04
1.2320970455e+07	8.6568338192e-01	3.3941489785e+04
1.2320970455e+07	8.6557549137e-01	3.3954122168e+04
1.2320970455e+07	8.6546728932e-01	3.3967461702e+04
1.2320970455e+07	8.6535873370e-01	3.3981287227e+04
1.2320970455e+07	8.6524985293e-01	3.3995462531e+04
1.2320970455e+07	8.6514066387e-01	3.4009904376e+04
1.2320970455e+07	8.6503116419e-01	3.4024561297e+04
1.2320970455e+07	8.6492134212e-01	3.4039400267e+04
1.2320970455e+07	8.6481119714e-01	3.4054397121e+04
1.2320970455e+07	8.6470070747e-01	3.4069537120e+04
1.2320970455e+07	8.6458990371e-01	3.4084802467e+04
1.2320970455e+07	8.6447874532e-01	3.4100187989e+04
1.2320970455e+07	8.6436730007e-01	3.4115675264e+04
1.2320970455e+07	8.6425546914e-01	3.4131270483e+04
1.2320970455e+07	8.6414336117e-01	3.4146951590e+04
1.2320970455e+07	8.6403090183e-01	3.4162722972e+04
1.2320970455e+07	8.6391805356e-01	3.4178584281e+04
1.2320970455e+07	8.6380494076e-01	3.4194512661e+04
1.2320970455e+07	8.6369152414e-01	3.4210508808e+04
1.2320970455e+07	8.6357774622e-01	3.4226576261e+04
1.2320970455e+07	8.6346361771e-01	3.4242709279e+04
1.2320970455e+07	8.6334911582e-01	3.4258907415e+04
1.2320970455e+07	8.6323430906e-01	3.4275157870e+04
1.2320970455e+07	8.6311915100e-01	3.4291465140e+04
1.2320970455e+07	8.6300364847e-01	3.4307827273e+04
1.2320970455e+07	8.6288787155e-01	3.4324234924e+04
1.2320970455e+07	8.6277175059e-01	3.4340700740e+04
1.2320970455e+07	8.6265528236e-01	3.4357230369e+04
1.2320970455e+07	8.6253836967e-01	3.4373846053e+04
1.2320970455e+07	8.6242119600e-01	3.4390533557e+04
1.2320970455e+07	8.6230360436e-01	3.4407331714e+04
1.2320970455e+07	8.6218564727e-01	3.4424253758e+04
1.2320970455e+07	8.6206732697e-01	3.4441325006e+04
1.2320970455e+07	8.6194861824e-01	3.4458579368e+04
1.2320970455e+07	8.6182956274e-01	3.4476045155e+04
1.2320970455e+07	8.6171011074e-01	3.4493767531e+04
1.2320970455e+07	8.6159026242e-01	3.4511786504e+04
1.2320970455e+07	8.6147005829e-01	3.4530136540e+04
1.2320970455e+07	8.6134939855e-01	3.4548872584e+04
1.2320970455e+07	8.6122835376e-01	3.4568020101e+04
1.2320970455e+07	8.6110692717e-01	3.4587609654e+04
1.2320970455e+07	8.6098505778e-01	3.4607675332e+04
1.2320970455e+07	8.6086280145e-01	3.4628223445e+04
1.2320970455e+07	8.6074019262e-01	3.4649253683e+04
1.2320970455e+07	8.6061709292e-01	3.4670786014e+04
1.2320970455e+07	8.6049361883e-01	3.4692786143e+04
1.2320970455e+07	8.6036975833e-01	3.4715233702e+04
1.2320970455e+07	8.6024552597e-01	3.4738096030e+04
1.2320970455e+07	8.6012087471e-01	3.4761346760e+04
1.2320970455e+07	8.5999588506e-01	3.4784932393e+04
1.2320970455e+07	8.5987048006e-01	3.4808827935e+04
1.2320970455e+07	8.5974467019e-01	3.4832992206e+04
1.2320970455e+07	8.5961850356e-01	3.4857378409e+04
1.2320970455e+07	8.5949192952e-01	3.4881961613e+04
1.2320970455e+07	8.5936494031e-01	3.4906711534e+04
1.2320970455e+07	8.5923756701e-01	3.4931593990e+04
1.2320970455e+07	8.5910981508e-01	3.4956583629e+04
1.2320970455e+07	8.5898167171e-01	3.4981757667e+04
1.2320970455e+07	8.5885316290e-01	3.5007142734e+04
1.2320970455e+07	8.5872420216e-01	3.5032596141e+04
1.2320970455e+07	8.5859486535e-01	3.5058091399e+04
1.2320970455e+07	8.5846512526e-01	3.5083623605e+04
1.2320970455e+07	8.5833497926e-01	3.5109184573e+04
1.2320970455e+07	8.5820440892e-01	3.5134770630e+04
1.2320970455e+07	8.5807348166e-01	3.5160362270e+04
1.2320970455e+07	8.5794210407e-01	3.5185972547e+04
1.2320970455e+07	8.5781035970e-01	3.5211580195e+04
1.2320970455e+07	8.5767817315e-01	3.5237195728e+04
1.2320970455e+07	8.5754558251e-01	3.5262807637e+04
1.2320970455e+07	8.5741254510e-01	3.5288420972e+04
1.2320970455e+07	8.5727912095e-01	3.5314026517e+04
1.2320970455e+07	8.5714522913e-01	3.5339703380e+04
1.2320970455e+07	8.5701083124e-01	3.5366186814e+04
1.2320970455e+07	8.5689805503e-01	3.5400088525e+04
1.2320970455e+07	8.5688687752e-01	3.5489500089e+04
1.2320970455e+07	8.5688106559e-01	3.5516069285e+04
1.2320970455e+07	8.5687631637e-01	3.5529470497e+04
1.2320970455e+07	8.5687175862e-01	3.5538814140e+04
1.2320970455e+07	8.5686733493e-01	3.5545317054e+04
1.2320970455e+07	8.5686299804e-01	3.5550132079e+04
1.2320970455e+07	8.5685866728e-01	3.5554183707e+04
1.2320970455e+07	8.5685435370e-01	3.5557742903e+04
1.2320970455e+07	8.5685007428e-01	3.5560940971e+04
1.2320970455e+07	8.5684582293e-01	3.5563900196e+04
1.2320970455e+07	8.5684159588e-01	3.5566690421e+04
1.2320970455e+07	8.5683734032e-01	3.5569484203e+04
1.2320970455e+07	8.5683308399e-01	3.5572227703e+04
1.2320970455e+07	8.5682884844e-01	3.5574884025e+04
1.2320970455e+07	8.5682463291e-01	3.5577468277e+04
1.2320970455e+07	8.5682043130e-01	3.5580004159e+04
1.2320970455e+07	8.5681618416e-01	3.5582643275e+04
1.2320970455e+07	8.5681195932e-01	3.5585221737e+04
1.2320970455e+07	8.5680775844e-01	3.5587740635e+04
1.2320970455e+07	8.5680358465e-01	3.5590195477e+04
1.2320970455e+07	8.5679938937e-01	3.5592708976e+04
1.2320970455e+07	8.5679522835e-01	3.5595147599e+04
1.2320970455e+07	8.5679113739e-01	3.5597430638e+04
1.2320970455e+07	8.5678715519e-01	3.5599473676e+04
1.2320970455e+07	8.5678381490e-01	3.5601003076e+04
1.2320970455e+07	8.5678089553e-01	3.5601965648e+04
1.2320970455e+07	8.5677839773e-01	3.5602156183e+04
1.2320970455e+07	8.5677646643e-01	3.5601191933e+04
1.2320970455e+07	8.5677541105e-01	3.5598432168e+04
1.2320970455e+07	8.5677580101e-01	3.5592835772e+04
1.2320970455e+07	8.5677740156e-01	3.5585769741e+04
1.2320970455e+07	8.5677960003e-01	3.5578348926e+04
1.2320970455e+07	8.5678214370e-01	3.5570724520e+04
1.2320970455e+07	8.5678491215e-01	3.5562971214e+04
1.2320970455e+07	8.5678783854e-01	3.5555130417e+04
1.2320970455e+07	8.5679088191e-01	3.5547227470e+04
1.2320970455e+07	8.5679401531e-01	3.5539279002e+04
1.2320970455e+07	8.5679722010e-01	3.5531296511e+04
1.2320970455e+07	8.5680048282e-01	3.5523288276e+04
1.2320970455e+07	8.5680379527e-01	3.5515260515e+04
1.2320970455e+07	8.5680715041e-01	3.5507223101e+04
1.2320970455e+07	8.5681053224e-01	3.5499183371e+04
1.2320970455e+07	8.5681393868e-01	3.5491143978e+04
1.2320970455e+07	8.5681736568e-01	3.5483106723e+04
1.2320970455e+07	8.5682080365e-01	3.5475072786e+04
1.2320970455e+07	8.5682424984e-01	3.5467042666e+04
1.2320970455e+07	8.5682770380e-01	3.5459016652e+04
1.2320970455e+07	8.5683116516e-01	3.5450995005e+04
1.2320970455e+07	8.5683463355e-01	3.5442977961e+04
1.2320970455e+07	8.5683810866e-01	3.5434965746e+04
1.2320970455e+07	8.5684159019e-01	3.5426958567e+04
1.2320970455e+07	8.5684507785e-01	3.5418956619e+04
1.2320970455e+07	8.5684857138e-01	3.5410960087e+04
1.2320970455e+07	8.5685207051e-01	3.5402969143e+04
1.2320970455e+07	8.5685557502e-01	3.5394983948e+04
1.2320970455e+07	8.5685908468e-01	3.5387004655e+04
1.2320970455e+07	8.5686259928e-01	3.5379031406e+04
1.2320970455e+07	8.5686611862e-01	3.5371064337e+04
1.2320970455e+07	8.5686964250e-01	3.5363103576e+04
1.2320970455e+07	8.5687317075e-01	3.5355149243e+04
1.2320970455e+07	8.5687670320e-01	3.5347201452e+04
1.2320970455e+07	8.5688023969e-01	3.5339260310e+04
1.2320970455e+07	8.5688378005e-01	3.5331325918e+04
1.2320970455e+07	8.5688732416e-01	3.5323398374e+04
1.2320970455e+07	8.5689087185e-01	3.5315477767e+04
1.2320970455e+07	8.5689442302e-01	3.5307564185e+04
1.2320970455e+07	8.5689797752e-01	3.5299657708e+04
1.2320970455e+07	8.5690153524e-01	3.5291758414e+04
1.2320970455e+07	8.5690509605e-01	3.5283866376e+04
1.2320970455e+07	8.5690865987e-01	3.5275981665e+04
1.2320970455e+07	8.5691222657e-01	3.5268104345e+04
1.2320970455e+07	8.5691579605e-01	3.5260234479e+04
1.2320970455e+07	8.5691936823e-01	3.5252372126e+04
1.2320970455e+07	8.5692294300e-01	3.5244517339e+04
1.2320970455e+07	8.5692652029e-01	3.5236670170e+04
1.2320970455e+07	8.5693010001e-01	3.5228830672e+04
1.2320970455e+07	8.5693368208e-01	3.5220998892e+04
1.2320970455e+07	8.5693726641e-01	3.5213174875e+04
1.2320970455e+07	8.5694085294e-01	3.5205358667e+04
1.2320970455e+07	8.5694444159e-01	3.5197550307e+04
1.2320970455e+07	8.5694803229e-01	3.5189749836e+04
1.2320970455e+07	8.5695162498e-01	3.5181957290e+04
1.2320970455e+07	8.5695521959e-01	3.5174172705e+04
1.2320970455e+07	8.5695881606e-01	3.5166396116e+04
1.2320970455e+07	8.5696241433e-01	3.5158627554e+04
1.2320970455e+07	8.5696601435e-01	3.5150867048e+04
1.2320970455e+07	8.5696961605e-01	3.5143114629e+04
1.2320970455e+07	8.5697321939e-01	3.5135370323e+04
1.2320970455e+07	8.5697682431e-01	3.5127634154e+04
1.2320970455e+07	8.5698043077e-01	3.5119906144e+04
1.2320970455e+07	8.5698403872e-01	3.5112186320e+04
1.2320970455e+07	8.5698764810e-01	3.5104474703e+04
1.2320970455e+07	8.5699125759e-01	3.5096805202e+04
1.2320970455e+07	8.5699485798e-01	3.5089214000e+04
1.2320970455e+07	8.5699845968e-01	3.5081630245e+04
1.2320970455e+07	8.5700206266e-01	3.5074054523e+04
1.2320970455e+07	8.5700566688e-01	3.5066486853e+04
1.2320970455e+07	8.5700927229e-01	3.5058927249e+04
1.2320970455e+07	8.5701287887e-01	3.5051375727e+04
1.2320970455e+07	8.5701648657e-01	3.5043832298e+04
1.2320970455e+07	8.5702009536e-01	3.5036296977e+04
1.2320970455e+07	8.5702370521e-01	3.5028769774e+04
1.2320970455e+07	8.5702731609e-01	3.5021250700e+04
1.2320970455e+07	8.5703092796e-01	3.5013739766e+04
1.2320970455e+07	8.5703454079e-01	3.5006236980e+04
1.2320970455e+07	8.5703815456e-01	3.4998742351e+04
1.2320970455e+07	8.5704176923e-01	3.4991255887e+04
1.2320970455e+07	8.5704538478e-01	3.4983777595e+04
1.2320970455e+07	8.5704900117e-01	3.4976307482e+04
1.2320970455e+07	8.5705261839e-01	3.4968845553e+04
1.2320970455e+07	8.5705623640e-01	3.4961391813e+04
1.2320970455e+07	8.5705985519e-01	3.4953946266e+04
1.2320970455e+07	8.5706347472e-01	3.4946508917e+04
1.2320970455e+07	8.5706709497e-01	3.4939079768e+04
1.2320970455e+07	8.5707071593e-01	3.4931658822e+04
1.2320970455e+07	8.5707433756e-01	3.4924246081e+04
1.2320970455e+07	8.5707795985e-01	3.4916841548e+04
1.2320970455e+07	8.5708158278e-01	3.4909445222e+04
1.2320970455e+07	8.5708520631e-01	3.4902057102e+04
1.2320970455e+07	8.5708883045e-01	3.4894677187e+04
1.2320970455e+07	8.5709245516e-01	3.4887305479e+04
1.2320970455e+07	8.5709608042e-01	3.4879941975e+04
1.2320970455e+07	8.5709970622e-01	3.4872586675e+04
1.2320970455e+07	8.5710333254e-01	3.4865239578e+04
1.2320970455e+07	8.5710695936e-01	3.4857900680e+04
1.2320970455e+07	8.5711058666e-01	3.4850569981e+04
1.2320970455e+07	8.5711421443e-01	3.4843247476e+04
1.2320970455e+07	8.5711784264e-01	3.4835933162e+04
1.2320970455e+07	8.5712147129e-01	3.4828627036e+04
1.2320970455e+07	8.5712510036e-01	3.4821329092e+04
1.2320970455e+07	8.5712872983e-01	3.4814039328e+04
1.2320970455e+07	8.5713235968e-01	3.4806757737e+04
1.2320970455e+07	8.5713598991e-01	3.4799484315e+04
1.2320970455e+07	8.5713962050e-01	3.4792219055e+04
1.2320970455e+07	8.5714325142e-01	3.4784961952e+04
1.2320970455e+07	8.5714688268e-01	3.4777712997e+04
1.2320970455e+07	8.5715051426e-01	3.4770472184e+04
1.2320970455e+07	8.5715414613e-01	3.4763239506e+04
1.2320970455e+07	8.5715777830e-01	3.4756014955e+04
1.2320970455e+07	8.5716141075e-01	3.4748798524e+04
1.2320970455e+07	8.5716504358e-01	3.4741590197e+04
1.2320970455e+07	8.5716867736e-01	3.4734389949e+04
1.2320970455e+07	8.5717231196e-01	3.4727197830e+04
1.2320970455e+07	8.5717594706e-01	3.4720013890e+04
1.2320970455e+07	8.5717958244e-01	3.4712838162e+04
1.2320970455e+07	8.5718321795e-01	3.4705670665e+04
1.2320970455e+07	8.5718685351e-01	3.4698511405e+04
1.2320970455e+07	8.5719048906e-01	3.4691360387e+04
1.2320970455e+07	8.5719412459e-01	3.4684217607e+04
1.2320970455e+07	8.5719776010e-01	3.4677083058e+04
1.2320970455e+07	8.5720139562e-01	3.4669956729e+04
1.2320970455e+07	8.5720503115e-01	3.4662838609e+04
1.2320970455e+07	8.5720866674e-01	3.4655728682e+04
1.2320970455e+07	8.5721230241e-01	3.4648626933e+04
1.2320970455e+07	8.5721593819e-01	3.4641533347e+04
1.2320970455e+07	8.5721957411e-01	3.4634447910e+04
1.2320970455e+07	8.5722321018e-01	3.4627370604e+04
1.2320970455e+07	8.5722684644e-01	3.4620301414e+04
1.2320970455e+07	8.5723048289e-01	3.4613240323e+04
1.2320970455e+07	8.5723411955e-01	3.4606187314e+04
1.2320970455e+07	8.5723775643e-01	3.4599142369e+04
1.2320970455e+07	8.5724139355e-01	3.4592105470e+04
1.2320970455e+07	8.5724503089e-01	3.4585076599e+04
1.2320970455e+07	8.5724866848e-01	3.4578055739e+04
1.2320970455e+07	8.5725230630e-01	3.4571042870e+04
1.2320970455e+07	8.5725594436e-01	3.4564037973e+04
1.2320970455e+07	8.5725958265e-01	3.4557041030e+04
1.2320970455e+07	8.5726322118e-01	3.4550052020e+04
1.2320970455e+07	8.5726685994e-01	3.4543070924e+04
1.2320970455e+07	8.5727049891e-01	3.4536097723e+04
1.2320970455e+07	8.5727413810e-01	3.4529132396e+04
1.2320970455e+07	8.5727777750e-01	3.4522174924e+04
1.2320970455e+07	8.5728141709e-01	3.4515225286e+04
1.2320473005e+07	8.5728505687e-01	3.4508784033e+04
1.2320473005e+07	8.5895172440e-01	3.4737696208e+04
1.2320473005e+07	8.5895450817e-01	3.4731820385e+04
1.2320473005e+07	8.5895741506e-01	3.4725274651e+04
1.2320473005e+07	8.5896041563e-01	3.4718682079e+04
1.2320473005e+07	8.5896348984e-01	3.4712055476e+04
1.2320473005e+07	8.5896662347e-01	3.4705402969e+04
1.2310925184e+07	8.5896980599e-01	3.4708499744e+04
1.2310925184e+07	8.5858344367e-01	3.4986432834e+04
1.2310925184e+07	8.5847774133e-01	3.4993619154e+04
1.2310925184e+07	8.5837123843e-01	3.5000053980e+04
1.2310925184e+07	8.5826417994e-01	3.5006226008e+04
1.2310925184e+07	8.5815663339e-01	3.5014268731e+04
1.2310925184e+07	8.5804873375e-01	3.5024623070e+04
1.2310925184e+07	8.5794044610e-01	3.5036735414e+04
1.2310925184e+07	8.5783181389e-01	3.5050044466e+04
1.2310925184e+07	8.5772283323e-01	3.5064166216e+04
1.2310925184e+07	8.5761352235e-01	3.5078852438e+04
1.2310925184e+07	8.5750391203e-01	3.5093942715e+04
1.2310925184e+07	8.5739394836e-01	3.5109343881e+04
1.2310925184e+07	8.5728365976e-01	3.5124985483e+04
1.2310925184e+07	8.5717303348e-01	3.5140824152e+04
1.2310925184e+07	8.5706209585e-01	3.5156824369e+04
1.2310925184e+07	8.5695082921e-01	3.5172965709e+04
1.2310925184e+07	8.5683921840e-01	3.5189233158e+04
1.2310925184e+07	8.5672728037e-01	3.5205610853e+04
1.2310925184e+07	8.5661502311e-01	3.5222086868e+04
1.2310925184e+07	8.5650240973e-01	3.5238657736e+04
1.2310925184e+07	8.5638949142e-01	3.5255308252e+04
1.2310925184e+07	8.5627628448e-01	3.5272029399e+04
1.2310925184e+07	8.5616272024e-01	3.5288825588e+04
1.2310925184e+07	8.5604879044e-01	3.5305692963e+04
1.2310925184e+07	8.5593455956e-01	3.5322617658e+04
1.2310925184e+07	8.5581995583e-01	3.5339607051e+04
1.2310925184e+07	8.5570504070e-01	3.5356649686e+04
1.2310925184e+07	8.5558982808e-01	3.5373742713e+04
1.2310925184e+07	8.5547420174e-01	3.5390904476e+04
1.2310925184e+07	8.5535825525e-01	3.5408124234e+04
1.2310925184e+07	8.5524193493e-01	3.5425416188e+04
1.2310925184e+07	8.5512533674e-01	3.5442775487e+04
1.2310925184e+07	8.5500839030e-01	3.5460226182e+04
1.2310925184e+07	8.5489103943e-01	3.5477794629e+04
1.2310925184e+07	8.5477333734e-01	3.5495495556e+04
1.2310925184e+07	8.5465526161e-01	3.5513360088e+04
1.2310925184e+07	8.5453677374e-01	3.5531426498e+04
1.2310925184e+07	8.5441797225e-01	3.5549716114e+04
1.2310925184e+07	8.5429877090e-01	3.5568281883e+04
1.2310925184e+07	8.5417918727e-01	3.5587162385e+04
1.2310925184e+07	8.5405918093e-01	3.5606405551e+04
1.2310925184e+07	8.5393881163e-01	3.5626041164e+04
1.2310925184e+07	8.5381796485e-01	3.5646123651e+04
1.2310925184e+07	8.5369671867e-01	3.5666669450e+04
1.2310925184e+07	8.5357509443e-01	3.5687696025e+04
1.2310925184e+07	8.5345310844e-01	3.5709211985e+04
1.2310925184e+07	8.5333059053e-01	3.5731249488e+04
1.2310925184e+07	8.5320780771e-01	3.5753751203e+04
1.2310925184e+07	8.5308453327e-01	3.5776740556e+04
1.2310925184e+07	8.5296092540e-01	3.5800160972e+04
1.2310925184e+07	8.5283683955e-01	3.5824006845e+04
1.2310925184e+07	8.5271247569e-01	3.5848201521e+04
1.2310925184e+07	8.5258765074e-01	3.5872740762e+04
1.2310925184e+07	8.5246243989e-01	3.5897569120e+04
1.2310925184e+07	8.5233686593e-01	3.5922642674e+04
1.2310925184e+07	8.5221091518e-01	3.5947927120e+04
1.2310925184e+07	8.5208458194e-01	3.5973389596e+04
1.2310925184e+07	8.5195786475e-01	3.5998999588e+04
1.2310925184e+07	8.5183072967e-01	3.6024737836e+04
1.2310925184e+07	8.5170318741e-01	3.6050600548e+04
1.2310925184e+07	8.5157528804e-01	3.6076763173e+04
1.2310925184e+07	8.5144701632e-01	3.6102985767e+04
1.2310925184e+07	8.5131834843e-01	3.6129261513e+04
1.2310925184e+07	8.5118926573e-01	3.6155582947e+04
1.2310925184e+07	8.5105978973e-01	3.6181936309e+04
1.2310925184e+07	8.5092989816e-01	3.6208318421e+04
1.2310925184e+07	8.5079958487e-01	3.6234723958e+04
1.2310925184e+07	8.5066891043e-01	3.6261134993e+04
1.2310925184e+07	8.5053779786e-01	3.6287562378e+04
1.2310925184e+07	8.5040630787e-01	3.6313989330e+04
1.2310925184e+07	8.5027440741e-01	3.6340418615e+04
1.2310925184e+07	8.5014205656e-01	3.6366854504e+04
1.2310925184e+07	8.5000930518e-01	3.6393284264e+04
1.2310925184e+07	8.4987615174e-01	3.6419715655e+04
1.2310925184e+07	8.4974253438e-01	3.6446276728e+04
1.2310925184e+07	8.4960827043e-01	3.6474300953e+04
1.2310925184e+07	8.4952405267e-01	3.6514505733e+04
1.2310925184e+07	8.4950922257e-01	3.6617835382e+04
1.2310925184e+07	8.4950432872e-01	3.6631208007e+04
1.2310925184e+07	8.4949965436e-01	3.6641035616e+04
1.2310925184e+07	8.4949513529e-01	3.6647890568e+04
1.2310925184e+07	8.4949071681e-01	3.6652961083e+04
1.2310925184e+07	8.4948632005e-01	3.6657181471e+04
1.2310925184e+07	8.4948193182e-01	3.6660921735e+04
1.2310925184e+07	8.4947758186e-01	3.6664278165e+04
1.2310925184e+07	8.4947326305e-01	3.6667381777e+04
1.2310925184e+07	8.4946897102e-01	3.6670306893e+04
1.2310925184e+07	8.4946465772e-01	3.6673211482e+04
1.2310925184e+07	8.4946033410e-01	3.6676087308e+04
1.2310925184e+07	8.4945603309e-01	3.6678871131e+04
1.2310925184e+07	8.4945175381e-01	3.6681579213e+04
1.2310925184e+07	8.4944749586e-01	3.6684221606e+04
1.2310925184e+07	8.4944318364e-01	3.6686983556e+04
1.2310925184e+07	8.4943889364e-01	3.6689686159e+04
1.2310925184e+07	8.4943462925e-01	3.6692326830e+04
1.2310925184e+07	8.4943039362e-01	3.6694901331e+04
1.2310925184e+07	8.4942613970e-01	3.6697524294e+04
1.2310925184e+07	8.4942191427e-01	3.6700088078e+04
1.2310925184e+07	8.4941776132e-01	3.6702494966e+04
1.2310925184e+07	8.4941372030e-01	3.6704661197e+04
1.2310925184e+07	8.4941031754e-01	3.6706302213e+04
1.2310925184e+07	8.4940736138e-01	3.6707371664e+04
1.2310925184e+07	8.4940483540e-01	3.6707671535e+04
1.2310925184e+07	8.4940288594e-01	3.6706825282e+04
1.2310925184e+07	8.4940181134e-01	3.6704201217e+04
1.2310925184e+07	8.4940221567e-01	3.6698768095e+04
1.2310925184e+07	8.4940388915e-01	3.6691707643e+04
1.2310925184e+07	8.4940618701e-01	3.6684265801e+04
1.2310925184e+07	8.4940884287e-01	3.6676606172e+04
1.2310925184e+07	8.4941173100e-01	3.6668809080e+04
1.2310925184e+07	8.4941478196e-01	3.6660918815e+04
1.2310925184e+07	8.4941795336e-01	3.6652962375e+04
1.2310925184e+07	8.4942121736e-01	3.6644957432e+04
1.2310925184e+07	8.4942455475e-01	3.6636916178e+04
1.2310925184e+07	8.4942795167e-01	3.6628847378e+04
1.2310925184e+07	8.4943139780e-01	3.6620757541e+04
1.2310925184e+07	8.4943488577e-01	3.6612651625e+04
1.2310925184e+07	8.4943843029e-01	3.6604535734e+04
1.2310925184e+07	8.4944199970e-01	3.6596418463e+04
1.2310925184e+07	8.4944558260e-01	3.6588301739e+04
1.2310925184e+07	8.4944917786e-01	3.6580186238e+04
1.2310925184e+07	8.4945278463e-01	3.6572072537e+04
1.2310925184e+07	8.4945640214e-01	3.6563961159e+04
1.2310925184e+07	8.4946002967e-01	3.6555852576e+04
1.2310925184e+07	8.4946366660e-01	3.6547747221e+04
1.2310925184e+07	8.4946731233e-01	3.6539645488e+04
1.2310925184e+07	8.4947096633e-01	3.6531547736e+04
1.2310925184e+07	8.4947462811e-01	3.6523454296e+04
1.2310925184e+07	8.4947829722e-01	3.6515365471e+04
1.2310925184e+07	8.4948197323e-01	3.6507281539e+04
1.2310925184e+07	8.4948565577e-01	3.6499202757e+04
1.2310925184e+07	8.4948934447e-01	3.6491129363e+04
1.2310925184e+07	8.4949303900e-01	3.6483061579e+04
1.2310925184e+07	8.4949673906e-01	3.6474999608e+04
1.2310925184e+07	8.4950044436e-01	3.6466943640e+04
1.2310925184e+07	8.4950415463e-01	3.6458893850e+04
1.2310925184e+07	8.4950786962e-01	3.6450850402e+04
1.2310925184e+07	8.4951158910e-01	3.6442813449e+04
1.2310925184e+07	8.4951531285e-01	3.6434783134e+04
1.2310925184e+07	8.4951904067e-01	3.6426759589e+04
1.2310925184e+07	8.4952277235e-01	3.6418742940e+04
1.2310925184e+07	8.4952650773e-01	3.6410733300e+04
1.2310925184e+07	8.4953024663e-01	3.6402730780e+04
1.2310925184e+07	8.4953398889e-01	3.6394735480e+04
1.2310925184e+07	8.4953773436e-01	3.6386747496e+04
1.2310925184e+07	8.4954148289e-01	3.6378766918e+04
1.2310925184e+07	8.4954523435e-01	3.6370793832e+04
1.2310925184e+07	8.4954898862e-01	3.6362828316e+04
1.2310925184e+07	8.4955274557e-01	3.6354870446e+04
1.2310925184e+07	8.4955650508e-01	3.6346920292e+04
1.2310925184e+07	8.4956026704e-01	3.6338977919e+04
1.2310925184e+07	8.4956403136e-01	3.6331043391e+04
1.2310925184e+07	8.4956779793e-01	3.6323116766e+04
1.2310925184e+07	8.4957156666e-01	3.6315198098e+04
1.2310925184e+07	8.4957533746e-01	3.6307287441e+04
1.2310925184e+07	8.4957911025e-01	3.6299384844e+04
1.2310925184e+07	8.4958288493e-01	3.6291490351e+04
1.2310925184e+07	8.4958666144e-01	3.6283604009e+04
1.2310925184e+07	8.4959043970e-01	3.6275725856e+04
1.2310925184e+07	8.4959421965e-01	3.6267855932e+04
1.2310925184e+07	8.4959800120e-01	3.6259994272e+04
1.2310925184e+07	8.4960178430e-01	3.6252140911e+04
1.2310925184e+07	8.4960556888e-01	3.6244295882e+04
1.2310925184e+07	8.4960935489e-01	3.6236459214e+04
1.2310925184e+07	8.4961314227e-01	3.6228630937e+04
1.2309899624e+07	8.4961693096e-01	3.6221908861e+04
1.2309899624e+07	8.5030193216e-01	3.6194569684e+04
1.2309899624e+07	8.5030578291e-01	3.6185825266e+04
1.2309899624e+07	8.5030963430e-01	3.6177727454e+04
1.2309899624e+07	8.5031348626e-01	3.6169641230e+04
1.2309899624e+07	8.5031733679e-01	3.6161600986e+04
1.2309899624e+07	8.5032117629e-01	3.6153643487e+04
1.2309899624e+07	8.5032501630e-01	3.6145695215e+04
1.2309899624e+07	8.5032885678e-01	3.6137756774e+04
1.2309899624e+07	8.5033269772e-01	3.6129828151e+04
1.2309899624e+07	8.5033653908e-01	3.6121909335e+04
1.2309899624e+07	8.5034038085e-01	3.6114000312e+04
1.2309899624e+07	8.5034422301e-01	3.6106101071e+04
1.2309899624e+07	8.5034806552e-01	3.6098211597e+04
1.2309899624e+07	8.5035190838e-01	3.6090331878e+04
1.2309899624e+07	8.5035575155e-01	3.6082461899e+04
1.2309899624e+07	8.5035959502e-01	3.6074601651e+04
1.2309899624e+07	8.5036343877e-01	3.6066751121e+04
1.2309899624e+07	8.5036728278e-01	3.6058910296e+04
1.2309899624e+07	8.5037112704e-01	3.6051079161e+04
1.2309899624e+07	8.5037497151e-01	3.6043257703e+04
1.2309899624e+07	8.5037881657e-01	3.6035445884e+04
1.2309899624e+07	8.5038266220e-01	3.6027643686e+04
1.2309899624e+07	8.5038650806e-01	3.6019851117e+04
1.2309899624e+07	8.5039035396e-01	3.6012068173e+04
1.2309899624e+07	8.5039419975e-01	3.6004294849e+04
1.2309899624e+07	8.5039804533e-01	3.5996531135e+04
1.2309899624e+07	8.5040189065e-01	3.5988777020e+04
1.2309899624e+07	8.5040573564e-01	3.5981032491e+04
1.2309899624e+07	8.5040958031e-01	3.5973297534e+04
1.2309899624e+07	8.5041342463e-01	3.5965572134e+04
1.2309899624e+07	8.5041726862e-01	3.5957856273e+04
1.2309899624e+07	8.5042111230e-01	3.5950149934e+04
1.2309899624e+07	8.5042495568e-01	3.5942453100e+04
1.2309899624e+07	8.5042879879e-01	3.5934765754e+04
1.2309899624e+07	8.5043264165e-01	3.5927087876e+04
1.2309899624e+07	8.5043648429e-01	3.5919419446e+04
1.2309899624e+07	8.5044032673e-01	3.5911760447e+04
1.2309899624e+07	8.5044416900e-01	3.5904110859e+04
1.2309899624e+07	8.5044801110e-01	3.5896470666e+04
1.2309899624e+07	8.5045185307e-01	3.5888839848e+04
1.2309899624e+07	8.5045569491e-01	3.5881218387e+04
1.2309778508e+07	8.5045953664e-01	3.5873735424e+04
1.2309778508e+07	8.4734170464e-01	3.5142088308e+04
1.2309778508e+07	8.4734547486e-01	3.5132515033e+04
1.2309778508e+07	8.4734926125e-01	3.5124875806e+04
1.2309778508e+07	8.4735306209e-01	3.5117248967e+04
1.2309778508e+07	8.4735687580e-01	3.5109630695e+04
1.2309778508e+07	8.4736070121e-01	3.5102021039e+04
1.2309778508e+07	8.4736453741e-01	3.5094420037e+04
1.2309778508e+07	8.4736838343e-01	3.5086827733e+04
1.2309778508e+07	8.4737223843e-01	3.5079244161e+04
1.2309778508e+07	8.4737610166e-01	3.5071669351e+04
1.2309778508e+07	8.4737997242e-01	3.5064103327e+04
1.2309778508e+07	8.4738385009e-01	3.5056546108e+04
1.2309778508e+07	8.4738773412e-01	3.5048997711e+04
1.2309778508e+07	8.4739162400e-01	3.5041458149e+04
1.2309778508e+07	8.4739551926e-01	3.5033927430e+04
1.2309778508e+07	8.4739941950e-01	3.5026405562e+04
1.2309778508e+07	8.4740332434e-01	3.5018892546e+04
1.2309778508e+07	8.4740723343e-01	3.5011388383e+04
1.2309778508e+07	8.4741114645e-01	3.5003893073e+04
1.2309778508e+07	8.4741506313e-01	3.4996406611e+04
1.2309778508e+07	8.4741898320e-01	3.4988928995e+04
1.2309778508e+07	8.4742290641e-01	3.4981460218e+04
1.2309778508e+07	8.4742683256e-01	3.4974000271e+04
1.2309778508e+07	8.4743076144e-01	3.4966549146e+04
1.2309778508e+07	8.4743469285e-01	3.4959106830e+04
1.2309778508e+07	8.4743862665e-01	3.4951673311e+04
1.2309778508e+07	8.4744256265e-01	3.4944248575e+04
1.2309778508e+07	8.4744650073e-01	3.4936832607e+04
1.2309778508e+07	8.4745044074e-01	3.4929425392e+04
1.2309778508e+07	8.4745438256e-01	3.4922026917e+04
1.2309778508e+07	8.4745832607e-01	3.4914637166e+04
1.2309778508e+07	8.4746227117e-01	3.4907256123e+04
1.2309778508e+07	8.4746621774e-01	3.4899883769e+04
1.2309778508e+07	8.4747016570e-01	3.4892520087e+04
1.2309778508e+07	8.4747411496e-01	3.4885165058e+04
1.2309778508e+07	8.4747806668e-01	3.4877818584e+04
1.2309778508e+07	8.4748202052e-01	3.4870480661e+04
1.2309778508e+07	8.4748597501e-01	3.4863151360e+04
1.2309778508e+07	8.4748992971e-01	3.4855830681e+04
1.2309778508e+07	8.4749388441e-01	3.4848518615e+04
1.2309778508e+07	8.4749783893e-01	3.4841215145e+04
1.2309778508e+07	8.4750179318e-01	3.4833920252e+04
1.2309778508e+07	8.4750574709e-01	3.4826633913e+04
1.2309778508e+07	8.4750967448e-01	3.4819454519e+04
1.2309778508e+07	8.4751358402e-01	3.4812348415e+04
1.2309778508e+07	8.4751749327e-01	3.4805249712e+04
1.2309778508e+07	8.4752140225e-01	3.4798158928e+04
1.2309778508e+07	8.4752531097e-01	3.4791076045e+04
1.2309778508e+07	8.4752921945e-01	3.4784001042e+04
1.2309778508e+07	8.4753312772e-01	3.4776933897e+04
1.2309778508e+07	8.4753703578e-01	3.4769874588e+04
1.2309778508e+07	8.4754094368e-01	3.4762823091e+04
1.2309778508e+07	8.4754485143e-01	3.4755779383e+04
1.2309778508e+07	8.4754875906e-01	3.4748743440e+04
1.2309778508e+07	8.4755266657e-01	3.4741715235e+04
1.2309778508e+07	8.4755657400e-01	3.4734694745e+04
1.2309778508e+07	8.4756048135e-01	3.4727681944e+04
1.2309778508e+07	8.4756438864e-01	3.4720676806e+04
1.2309778508e+07	8.4756829588e-01	3.4713679304e+04
1.2309778508e+07	8.4757220308e-01	3.4706689413e+04
1.2309778508e+07	8.4757611025e-01	3.4699707102e+04
1.2309778508e+07	8.4758001739e-01	3.4692732346e+04
1.2309778508e+07	8.4758392451e-01	3.4685765120e+04
1.2309778508e+07	8.4758783161e-01	3.4678805397e+04
1.2309778508e+07	8.4759173869e-01	3.4671853150e+04
1.2309778508e+07	8.4759564574e-01	3.4664908349e+04
1.2309778508e+07	8.4759955278e-01	3.4657970966e+04
1.2309778508e+07	8.4760345980e-01	3.4651040972e+04
1.2309778508e+07	8.4760736680e-01	3.4644118338e+04
1.2309778508e+07	8.4761127378e-01	3.4637203033e+04
1.2309778508e+07	8.4761518073e-01	3.4630295029e+04
1.2309778508e+07	8.4761908994e-01	3.4623479147e+04
1.2309778508e+07	8.4762299030e-01	3.4616678286e+04
1.2309778508e+07	8.4762688564e-01	3.4609884655e+04
1.2309778508e+07	8.4763078095e-01	3.4603097974e+04
1.2309778508e+07	8.4763467624e-01	3.4596318212e+04
1.2309778508e+07	8.4763857148e-01	3.4589545336e+04
1.2309778508e+07	8.4764246669e-01	3.4582779315e+04
1.2309778508e+07	8.4764636184e-01	3.4576020118e+04
1.2309778508e+07	8.4765025695e-01	3.4569267712e+04
1.2309778508e+07	8.4765415200e-01	3.4562522063e+04
1.2309778508e+07	8.4765804699e-01	3.4555783140e+04
1.2309778508e+07	8.4766194192e-01	3.4549050909e+04
1.2309778508e+07	8.4766583677e-01	3.4542325335e+04
1.2309778508e+07	8.4766973155e-01	3.4535606382e+04
1.2309778508e+07	8.4767362625e-01	3.4528894014e+04
1.2309778508e+07	8.4767752087e-01	3.4522188197e+04
1.2309778508e+07	8.4768141540e-01	3.4515488894e+04
1.2309778508e+07	8.4768530985e-01	3.4508796072e+04
1.2309778508e+07	8.4768920419e-01	3.4502109689e+04
1.2309778508e+07	8.4769309844e-01	3.4495429708e+04
1.2309778508e+07	8.4769699259e-01	3.4488756093e+04
1.2309778508e+07	8.4770088664e-01	3.4482088806e+04
1.2309778508e+07	8.4770478057e-01	3.4475427810e+04
1.2309778508e+07	8.4770867439e-01	3.4468773067e+04
1.2309778508e+07	8.4771256809e-01	3.4462124538e+04
1.2309778508e+07	8.4771646168e-01	3.4455482185e+04
1.2309778508e+07	8.4772035514e-01	3.4448845969e+04
1.2309778508e+07	8.4772424847e-01	3.4442215850e+04
1.2309778508e+07	8.4772814168e-01	3.4435591787e+04
1.2309778508e+07	8.4773203475e-01	3.4428973741e+04
1.2309778508e+07	8.4773592768e-01	3.4422361669e+04
1.2309778508e+07	8.4773982049e-01	3.4415755531e+04
1.2309778508e+07	8.4774371315e-01	3.4409155283e+04
1.2309066312e+07	8.4774760567e-01	3.4403285554e+04
1.2309066312e+07	8.4916868948e-01	3.4766715428e+04
1.2309066312e+07	8.4917099616e-01	3.4762675582e+04
1.2309066312e+07	8.4917363972e-01	3.4756830993e+04
1.2309066312e+07	8.4917650271e-01	3.4750871280e+04
1.2309066312e+07	8.4917951996e-01	3.4744834984e+04
1.2309066312e+07	8.4918265153e-01	3.4738743436e+04
1.2286800529e+07	8.4918587123e-01	3.4755981967e+04
1.2286800529e+07	8.4728468612e-01	3.4422089269e+04
1.2286800529e+07	8.4715456280e-01	3.4429265039e+04
1.2286800529e+07	8.4702336480e-01	3.4437678920e+04
1.2286800529e+07	8.4689133064e-01	3.4446143139e+04
1.2286800529e+07	8.4675856762e-01	3.4454315070e+04
1.2286800529e+07	8.4662509693e-01	3.4462011606e+04
1.2286800529e+07	8.4649101445e-01	3.4471054089e+04
1.2286800529e+07	8.4635636064e-01	3.4483012951e+04
1.2286800529e+07	8.4622108984e-01	3.4498411846e+04
1.2286800529e+07	8.4611370059e-01	3.4520579468e+04
1.2286800529e+07	8.4610211999e-01	3.4586099858e+04
1.2286800529e+07	8.4609677945e-01	3.4600784298e+04
1.2286800529e+07	8.4609195427e-01	3.4610207512e+04
1.2286800529e+07	8.4608730399e-01	3.4616773197e+04
1.2286800529e+07	8.4608277093e-01	3.4621464453e+04
1.2286800529e+07	8.4607831291e-01	3.4625093873e+04
1.2286800529e+07	8.4607384627e-01	3.4628285613e+04
1.2286800529e+07	8.4606939482e-01	3.4631164776e+04
1.2286800529e+07	8.4606497695e-01	3.4633801308e+04
1.2286800529e+07	8.4606058760e-01	3.4636271759e+04
1.2286800529e+07	8.4605622356e-01	3.4638621474e+04
1.2286800529e+07	8.4605182024e-01	3.4640998772e+04
1.2286800529e+07	8.4604742139e-01	3.4643331169e+04
1.2286800529e+07	8.4604304518e-01	3.4645596987e+04
1.2286800529e+07	8.4603869102e-01	3.4647806451e+04
1.2286800529e+07	8.4603434343e-01	3.4649994205e+04
1.2286800529e+07	8.4602995368e-01	3.4652253872e+04
1.2286800529e+07	8.4602558907e-01	3.4654463349e+04
1.2286800529e+07	8.4602125177e-01	3.4656622398e+04
1.2286800529e+07	8.4601694574e-01	3.4658726055e+04
1.2286800529e+07	8.4601260701e-01	3.4660895221e+04
1.2286800529e+07	8.4600832154e-01	3.4662973677e+04
1.2286800529e+07	8.4600412180e-01	3.4664907900e+04
1.2286800529e+07	8.4600009370e-01	3.4666601117e+04
1.2286800529e+07	8.4599678157e-01	3.4667829021e+04
1.2286800529e+07	8.4599390577e-01	3.4668535987e+04
1.2286800529e+07	8.4599153173e-01	3.4668519909e+04
1.2286800529e+07	8.4598984998e-01	3.4667414805e+04
1.2286800529e+07	8.4598927745e-01	3.4664608680e+04
1.2286800529e+07	8.4599034462e-01	3.4659414365e+04
1.2286800529e+07	8.4599234769e-01	3.4653753940e+04
1.2286800529e+07	8.4599483353e-01	3.4647851406e+04
1.2286800529e+07	8.4599761443e-01	3.4641803579e+04
1.2286800529e+07	8.4600059437e-01	3.4635659948e+04
1.2286800529e+07	8.4600371754e-01	3.4629449195e+04
1.2286800529e+07	8.4600694867e-01	3.4623189411e+04
1.2286800529e+07	8.4601026401e-01	3.4616892736e+04
1.2286800529e+07	8.4601364681e-01	3.4610567704e+04
1.2286800529e+07	8.4601708482e-01	3.4604220537e+04
1.2286800529e+07	8.4602056881e-01	3.4597855910e+04
1.2286800529e+07	8.4602409164e-01	3.4591477418e+04
1.2286800529e+07	8.4602765647e-01	3.4585087319e+04
1.2286800529e+07	8.4603126409e-01	3.4578687528e+04
1.2286800529e+07	8.4603489537e-01	3.4572280869e+04
1.2286800529e+07	8.4603854742e-01	3.4565868832e+04
1.2286800529e+07	8.4604221785e-01	3.4559452653e+04
1.2286800529e+07	8.4604590465e-01	3.4553033365e+04
1.2286800529e+07	8.4604960609e-01	3.4546611842e+04
1.2286800529e+07	8.4605332069e-01	3.4540188826e+04
1.2286800529e+07	8.4605704720e-01	3.4533764954e+04
1.2286800529e+07	8.4606078484e-01	3.4527340204e+04
1.2286800529e+07	8.4606453271e-01	3.4520914963e+04
1.2286800529e+07	8.4606828926e-01	3.4514490787e+04
1.2286800529e+07	8.4607205395e-01	3.4508067701e+04
1.2286800529e+07	8.4607582619e-01	3.4501645864e+04
1.2286800529e+07	8.4607960541e-01	3.4495225552e+04
1.2286800529e+07	8.4608339106e-01	3.4488807005e+04
1.2286800529e+07	8.4608718267e-01	3.4482390437e+04
1.2286800529e+07	8.4609097981e-01	3.4475976031e+04
1.2286800529e+07	8.4609478210e-01	3.4469563952e+04
1.2286800529e+07	8.4609858918e-01	3.4463154346e+04
1.2286800529e+07	8.4610240073e-01	3.4456747338e+04
1.2286800529e+07	8.4610621646e-01	3.4450343042e+04
1.2286800529e+07	8.4611003610e-01	3.4443941555e+04
1.2286800529e+07	8.4611385941e-01	3.4437542963e+04
1.2286800529e+07	8.4611768618e-01	3.4431147342e+04
1.2286800529e+07	8.4612151749e-01	3.4424754767e+04
1.2286800529e+07	8.4612535242e-01	3.4418365868e+04
1.2286800529e+07	8.4612918863e-01	3.4411980949e+04
1.2286800529e+07	8.4613302594e-01	3.4405600007e+04
1.2286800529e+07	8.4613686430e-01	3.4399223015e+04
1.2286800529e+07	8.4614070368e-01	3.4392849948e+04
1.2286800529e+07	8.4614454404e-01	3.4386480776e+04
1.2286800529e+07	8.4614838536e-01	3.4380115468e+04
1.2286800529e+07	8.4615222762e-01	3.4373753993e+04
1.2286800529e+07	8.4615607078e-01	3.4367396320e+04
1.2286800529e+07	8.4615991482e-01	3.4361042416e+04
1.2286800529e+07	8.4616375971e-01	3.4354692247e+04
1.2286800529e+07	8.4616760544e-01	3.4348345777e+04
1.2286800529e+07	8.4617145198e-01	3.4342002971e+04
1.2286800529e+07	8.4617529930e-01	3.4335663805e+04
1.2286800529e+07	8.4617914740e-01	3.4329328223e+04
1.2286800529e+07	8.4618299626e-01	3.4322996181e+04
1.2286800529e+07	8.4618684585e-01	3.4316667645e+04
1.2286800529e+07	8.4619069616e-01	3.4310342574e+04
1.2286800529e+07	8.4619454718e-01	3.4304020927e+04
1.2286800529e+07	8.4619839888e-01	3.4297702663e+04
1.2286800529e+07	8.4620225126e-01	3.4291387742e+04
1.2286800529e+07	8.4620610429e-01	3.4285076122e+04
1.2286800529e+07	8.4620995797e-01	3.4278767759e+04
1.2286800529e+07	8.4621381227e-01	3.4272462607e+04
1.2286800529e+07	8.4621766720e-01	3.4266160620e+04
1.2286800529e+07	8.4622152273e-01	3.4259861753e+04
1.2286800529e+07	8.4622537886e-01	3.4253565956e+04
1.2286800529e+07	8.4622923586e-01	3.4247273168e+04
1.2286800529e+07	8.4623309439e-01	3.4240983365e+04
1.2286800529e+07	8.4623695391e-01	3.4234696618e+04
1.2286800529e+07	8.4624081404e-01	3.4228412943e+04
1.2286800529e+07	8.4624467458e-01	3.4222132328e+04
1.2286800529e+07	8.4624853538e-01	3.4215854743e+04
1.2286800529e+07	8.4625239635e-01	3.4209580151e+04
1.2286800529e+07	8.4625625744e-01	3.4203308507e+04
1.2286800529e+07	8.4626011862e-01	3.4197039764e+04
1.2286800529e+07	8.4626397987e-01	3.4190773868e+04
1.2286800529e+07	8.4626784121e-01	3.4184510767e+04
1.2286800529e+07	8.4627170265e-01	3.4178250406e+04
1.2286800529e+07	8.4627556420e-01	3.4171992727e+04
1.2286800529e+07	8.4627942591e-01	3.4165737674e+04
1.2286800529e+07	8.4628328779e-01	3.4159485194e+04
1.2286800529e+07	8.4628714987e-01	3.4153235237e+04
1.2286800529e+07	8.4629101218e-01	3.4146987723e+04
1.2286800529e+07	8.4629487476e-01	3.4140742595e+04
1.2286800529e+07	8.4629873763e-01	3.4134499795e+04
1.2286800529e+07	8.4630260082e-01	3.4128259262e+04
1.2286800529e+07	8.4630646434e-01	3.4122020936e+04
1.2286800529e+07	8.4631032822e-01	3.4115784755e+04
1.2286800529e+07	8.4631419247e-01	3.4109550659e+04
1.2286403763e+07	8.4631805712e-01	3.4103727028e+04
1.2286403763e+07	8.4784468499e-01	3.4417840832e+04
1.2286403763e+07	8.4784852366e-01	3.4412756600e+04
1.2286403763e+07	8.4785236261e-01	3.4406467796e+04
1.2286403763e+07	8.4785620195e-01	3.4400178243e+04
1.2286403763e+07	8.4786004172e-01	3.4393892257e+04
1.2286403763e+07	8.4786388354e-01	3.4387696973e+04
1.2266048743e+07	8.4786772175e-01	3.4402989906e+04
1.2266048743e+07	8.4611143732e-01	3.4544904306e+04
1.2266048743e+07	8.4599848050e-01	3.4552169820e+04
1.2266048743e+07	8.4588448715e-01	3.4559592369e+04
1.2266048743e+07	8.4576974736e-01	3.4566801114e+04
1.2266048743e+07	8.4565442118e-01	3.4573560224e+04
1.2266048743e+07	8.4553864530e-01	3.4581013199e+04
1.2266048743e+07	8.4542240276e-01	3.4590149373e+04
1.2266048743e+07	8.4530575807e-01	3.4601065620e+04
1.2266048743e+07	8.4518872494e-01	3.4613461517e+04
1.2266048743e+07	8.4507129749e-01	3.4627018572e+04
1.2266048743e+07	8.4495350447e-01	3.4641474848e+04
1.2266048743e+07	8.4483537184e-01	3.4656546909e+04
1.2266048743e+07	8.4471690568e-01	3.4672072774e+04
1.2266048743e+07	8.4459807316e-01	3.4687941445e+04
1.2266048743e+07	8.4447892122e-01	3.4704064099e+04
1.2266048743e+07	8.4435937106e-01	3.4720392102e+04
1.2266048743e+07	8.4423951880e-01	3.4736869059e+04
1.2266048743e+07	8.4411928462e-01	3.4753474458e+04
1.2266048743e+07	8.4399866457e-01	3.4770185721e+04
1.2266048743e+07	8.4387771127e-01	3.4786978788e+04
1.2266048743e+07	8.4375641206e-01	3.4803843804e+04
1.2266048743e+07	8.4363478839e-01	3.4820770441e+04
1.2266048743e+07	8.4351275205e-01	3.4837767689e+04
1.2266048743e+07	8.4339030215e-01	3.4854836141e+04
1.2266048743e+07	8.4326759890e-01	3.4871957817e+04
1.2266048743e+07	8.4314445602e-01	3.4889167594e+04
1.2266048743e+07	8.4302096852e-01	3.4906465098e+04
1.2266048743e+07	8.4289713820e-01	3.4923867790e+04
1.2266048743e+07	8.4277289383e-01	3.4941408022e+04
1.2266048743e+07	8.4264827589e-01	3.4959106729e+04
1.2266048743e+07	8.4252326956e-01	3.4976996633e+04
1.2266048743e+07	8.4239779708e-01	3.4995122701e+04
1.2266048743e+07	8.4227193557e-01	3.5013509307e+04
1.2266048743e+07	8.4214569624e-01	3.5032190532e+04
1.2266048743e+07	8.4201900783e-01	3.5051211364e+04
1.2266048743e+07	8.4189189585e-01	3.5070599034e+04
1.2266048743e+07	8.4176438905e-01	3.5090374818e+04
1.2266048743e+07	8.4163640526e-01	3.5110570479e+04
1.2266048743e+07	8.4150802116e-01	3.5131184513e+04
1.2266048743e+07	8.4137929829e-01	3.5152208233e+04
1.2266048743e+07	8.4125010094e-01	3.5173656410e+04
1.2266048743e+07	8.4112048744e-01	3.5195503471e+04
1.2266048743e+07	8.4099046857e-01	3.5217724449e+04
1.2266048743e+07	8.4086004087e-01	3.5240291025e+04
1.2266048743e+07	8.4072917283e-01	3.5263175951e+04
1.2266048743e+07	8.4059787738e-01	3.5286342322e+04
1.2266048743e+07	8.4046619730e-01	3.5309747480e+04
1.2266048743e+07	8.4033411507e-01	3.5333360616e+04
1.2266048743e+07	8.4020163327e-01	3.5357149432e+04
1.2266048743e+07	8.4006878921e-01	3.5381078262e+04
1.2266048743e+07	8.3993548354e-01	3.5405139547e+04
1.2266048743e+07	8.3980176454e-01	3.5429302192e+04
1.2266048743e+07	8.3966769813e-01	3.5453535281e+04
1.2266048743e+07	8.3953310848e-01	3.5477854876e+04
1.2266048743e+07	8.3939817458e-01	3.5502215078e+04
1.2266048743e+07	8.3926282617e-01	3.5526618012e+04
1.2266048743e+07	8.3912702717e-01	3.5551061451e+04
1.2266048743e+07	8.3899084215e-01	3.5575526667e+04
1.2266048743e+07	8.3885420335e-01	3.5600020218e+04
1.2266048743e+07	8.3871719632e-01	3.5624521805e+04
1.2266048743e+07	8.3857971194e-01	3.5649047199e+04
1.2266048743e+07	8.3844181246e-01	3.5673581706e+04
1.2266048743e+07	8.3830348294e-01	3.5698125109e+04
1.2266048743e+07	8.3816472032e-01	3.5722674874e+04
1.2266048743e+07	8.3802557324e-01	3.5747219522e+04
1.2266048743e+07	8.3788595810e-01	3.5771847243e+04
1.2266048743e+07	8.3774588976e-01	3.5796615787e+04
1.2266048743e+07	8.3760542909e-01	3.5821375936e+04
1.2266048743e+07	8.3746451120e-01	3.5846179714e+04
1.2266048743e+07	8.3732306216e-01	3.5871494370e+04
1.2266048743e+07	8.3718460970e-01	3.5902116264e+04
1.2266048743e+07	8.3717237514e-01	3.5968697164e+04
1.2266048743e+07	8.3716423966e-01	3.6004335096e+04
1.2266048743e+07	8.3715914162e-01	3.6014582890e+04
1.2266048743e+07	8.3715423840e-01	3.6021824320e+04
1.2266048743e+07	8.3714946589e-01	3.6026991036e+04
1.2266048743e+07	8.3714477659e-01	3.6030981676e+04
1.2266048743e+07	8.3714007706e-01	3.6034491983e+04
1.2266048743e+07	8.3713539608e-01	3.6037653414e+04
1.2266048743e+07	8.3713075147e-01	3.6040548802e+04
1.2266048743e+07	8.3712613770e-01	3.6043262317e+04
1.2266048743e+07	8.3712155128e-01	3.6045843709e+04
1.2266048743e+07	8.3711691911e-01	3.6048462404e+04
1.2266048743e+07	8.3711229502e-01	3.6051025699e+04
1.2266048743e+07	8.3710769537e-01	3.6053516251e+04
1.2266048743e+07	8.3710311952e-01	3.6055945137e+04
1.2266048743e+07	8.3709854614e-01	3.6058359137e+04
1.2266048743e+07	8.3709393188e-01	3.6060843551e+04
1.2266048743e+07	8.3708934481e-01	3.6063272857e+04
1.2266048743e+07	8.3708478731e-01	3.6065646625e+04
1.2266048743e+07	8.3708026312e-01	3.6067960306e+04
1.2266048743e+07	8.3707569972e-01	3.6070353955e+04
1.2266048743e+07	8.3707119966e-01	3.6072636492e+04
1.2266048743e+07	8.3706679340e-01	3.6074757570e+04
1.2266048743e+07	8.3706268820e-01	3.6076564262e+04
1.2266048743e+07	8.3705927854e-01	3.6077889103e+04
1.2266048743e+07	8.3705630366e-01	3.6078658173e+04
1.2266048743e+07	8.3705384846e-01	3.6078645830e+04
1.2266048743e+07	8.3705212084e-01	3.6077451019e+04
1.2266048743e+07	8.3705157190e-01	3.6074405796e+04
1.2266048743e+07	8.3705272183e-01	3.6068854416e+04
1.2266048743e+07	8.3705483006e-01	3.6062804311e+04
1.2266048743e+07	8.3705743598e-01	3.6056493924e+04
1.2266048743e+07	8.3706034729e-01	3.6050027217e+04
1.2266048743e+07	8.3706346517e-01	3.6043457593e+04
1.2266048743e+07	8.3706673206e-01	3.6036816103e+04
1.2266048743e+07	8.3707011149e-01	3.6030122384e+04
1.2266048743e+07	8.3707357888e-01	3.6023389641e+04
1.2266048743e+07	8.3707711686e-01	3.6016627174e+04
1.2266048743e+07	8.3708071272e-01	3.6009841780e+04
1.2266048743e+07	8.3708435685e-01	3.6003038570e+04
1.2266048743e+07	8.3708804183e-01	3.5996221486e+04
1.2266048743e+07	8.3709177228e-01	3.5989392925e+04
1.2266048743e+07	8.3709554610e-01	3.5982555194e+04
1.2266048743e+07	8.3709934491e-01	3.5975711288e+04
1.2266048743e+07	8.3710316570e-01	3.5968862855e+04
1.2266048743e+07	8.3710700593e-01	3.5962011267e+04
1.2266048743e+07	8.3711086350e-01	3.5955157677e+04
1.2266048743e+07	8.3711473657e-01	3.5948303063e+04
1.2266048743e+07	8.3711862359e-01	3.5941448255e+04
1.2266048743e+07	8.3712252322e-01	3.5934593968e+04
1.2266048743e+07	8.3712643428e-01	3.5927740818e+04
1.2266048743e+07	8.3713035575e-01	3.5920889347e+04
1.2266048743e+07	8.3713428672e-01	3.5914040024e+04
1.2266048743e+07	8.3713822640e-01	3.5907193264e+04
1.2266048743e+07	8.3714217406e-01	3.5900349431e+04
1.2266048743e+07	8.3714612908e-01	3.5893508846e+04
1.2266048743e+07	8.3715009090e-01	3.5886671797e+04
1.2266048743e+07	8.3715405898e-01	3.5879838537e+04
1.2266048743e+07	8.3715803288e-01	3.5873009293e+04
1.2266048743e+07	8.3716201218e-01	3.5866184268e+04
1.2266048743e+07	8.3716599649e-01	3.5859363643e+04
1.2266048743e+07	8.3716998547e-01	3.5852547580e+04
1.2266048743e+07	8.3717397880e-01	3.5845736224e+04
1.2266048743e+07	8.3717797620e-01	3.5838929706e+04
1.2266048743e+07	8.3718197741e-01	3.5832128144e+04
1.2266048743e+07	8.3718598217e-01	3.5825331643e+04
1.2266048743e+07	8.3718999027e-01	3.5818540299e+04
1.2266048743e+07	8.3719400167e-01	3.5811765856e+04
1.2266048743e+07	8.3719801676e-01	3.5805075708e+04
1.2266048743e+07	8.3720202237e-01	3.5798390891e+04
1.2266048743e+07	8.3720602823e-01	3.5791711475e+04
1.2266048743e+07	8.3721003655e-01	3.5785037360e+04
1.2266048743e+07	8.3721404717e-01	3.5778368592e+04
1.2266048743e+07	8.3721805998e-01	3.5771705214e+04
1.2266048743e+07	8.3722207483e-01	3.5765047264e+04
1.2266048743e+07	8.3722609163e-01	3.5758394775e+04
1.2266048743e+07	8.3723011025e-01	3.5751747774e+04
1.2266048743e+07	8.3723413060e-01	3.5745106287e+04
1.2266048743e+07	8.3723815259e-01	3.5738470335e+04
1.2266048743e+07	8.3724217612e-01	3.5731839933e+04
1.2266048743e+07	8.3724620112e-01	3.5725215094e+04
1.2266048743e+07	8.3725023017e-01	3.5718595789e+04
1.2266048743e+07	8.3725426170e-01	3.5711982467e+04
1.2266048743e+07	8.3725829415e-01	3.5705375334e+04
1.2266048743e+07	8.3726232701e-01	3.5698774445e+04
1.2266048743e+07	8.3726636003e-01	3.5692179816e+04
1.2266048743e+07	8.3727039307e-01	3.5685591445e+04
1.2266048743e+07	8.3727442601e-01	3.5679009321e+04
1.2266048743e+07	8.3727845876e-01	3.5672433425e+04
1.2266048743e+07	8.3728249130e-01	3.5665863737e+04
1.2266048743e+07	8.3728652357e-01	3.5659300229e+04
1.2266048743e+07	8.3729055556e-01	3.5652742874e+04
1.2266048743e+07	8.3729458728e-01	3.5646191640e+04
1.2266048743e+07	8.3729861871e-01	3.5639646496e+04
1.2266048743e+07	8.3730264988e-01	3.5633107407e+04
1.2266048743e+07	8.3730668079e-01	3.5626574338e+04
1.2266048743e+07	8.3731071146e-01	3.5620047253e+04
1.2266048743e+07	8.3731474191e-01	3.5613526115e+04
1.2266048743e+07	8.3731877216e-01	3.5607010886e+04
1.2266048743e+07	8.3732280223e-01	3.5600501527e+04
1.2266048743e+07	8.3732683213e-01	3.5593997998e+04
1.2266048743e+07	8.3733086213e-01	3.5587499876e+04
1.2266048743e+07	8.3733489250e-01	3.5581006700e+04
1.2266048743e+07	8.3733892251e-01	3.5574519637e+04
1.2266048743e+07	8.3734295226e-01	3.5568038490e+04
1.2266048743e+07	8.3734698192e-01	3.5561562972e+04
1.2266048743e+07	8.3735101150e-01	3.5555093042e+04
1.2266048743e+07	8.3735504102e-01	3.5548628659e+04
1.2266048743e+07	8.3735907047e-01	3.5542169779e+04
1.2266048743e+07	8.3736309988e-01	3.5535716360e+04
1.2266048743e+07	8.3736712924e-01	3.5529268357e+04
1.2266048743e+07	8.3737115856e-01	3.5522825728e+04
1.2266048743e+07	8.3737518785e-01	3.5516388429e+04
1.2266048743e+07	8.3737921711e-01	3.5509956414e+04
1.2266048743e+07	8.3738324635e-01	3.5503529639e+04
1.2266048743e+07	8.3738727557e-01	3.5497108059e+04
1.2266048743e+07	8.3739130477e-01	3.5490691624e+04
1.2266048743e+07	8.3739533396e-01	3.5484280288e+04
1.2266048743e+07	8.3739936314e-01	3.5477874004e+04
1.2266048743e+07	8.3740339231e-01	3.5471472723e+04
1.2266048743e+07	8.3740742148e-01	3.5465076398e+04
1.2266048743e+07	8.3741145064e-01	3.5458684983e+04
1.2266048743e+07	8.3741547980e-01	3.5452298429e+04
1.2266048743e+07	8.3741950896e-01	3.5445916688e+04
1.2266048743e+07	8.3742353812e-01	3.5439539713e+04
1.2266048743e+07	8.3742756727e-01	3.5433167454e+04
1.2266048743e+07	8.3743159642e-01	3.5426799861e+04
1.2266048743e+07	8.3743562557e-01	3.5420436886e+04
1.2266048743e+07	8.3743965472e-01	3.5414078479e+04
1.2266048743e+07	8.3744368387e-01	3.5407724588e+04
1.2266048743e+07	8.3744771302e-01	3.5401375166e+04
1.2266048743e+07	8.3745174217e-01	3.5395030173e+04
1.2266048743e+07	8.3745577131e-01	3.5388689546e+04
1.2266048743e+07	8.3745980045e-01	3.5382353223e+04
1.2266048743e+07	8.3746382960e-01	3.5376021158e+04
1.2266048743e+07	8.3746785876e-01	3.5369693299e+04
1.2266048743e+07	8.3747188791e-01	3.5363369593e+04
1.2266048743e+07	8.3747591707e-01	3.5357049989e+04
1.2266048743e+07	8.3747994624e-01	3.5350734431e+04
1.2266048743e+07	8.3748397540e-01	3.5344422868e+04
1.2266048743e+07	8.3748800458e-01	3.5338115245e+04
1.2266048743e+07	8.3749203376e-01	3.5331811507e+04
1.2266048743e+07	8.3749606295e-01	3.5325511601e+04
1.2266048743e+07	8.3750009215e-01	3.5319215470e+04
1.2266048743e+07	8.3750412135e-01	3.5312923058e+04
1.2266048743e+07	8.3750815057e-01	3.5306634312e+04
1.2266048743e+07	8.3751217980e-01	3.5300349174e+04
1.2266048743e+07	8.3751620905e-01	3.5294067589e+04
1.2266048743e+07	8.3752023831e-01	3.5287789500e+04
1.2266048743e+07	8.3752426759e-01	3.5281514852e+04
1.2266048743e+07	8.3752829689e-01	3.5275243586e+04
1.2266048743e+07	8.3753232621e-01	3.5268975642e+04
1.2266048743e+07	8.3753635555e-01	3.5262710963e+04
1.2266048743e+07	8.3754038492e-01	3.5256449491e+04
1.2266048743e+07	8.3754441433e-01	3.5250191164e+04
1.2266048743e+07	8.3754844377e-01	3.5243935923e+04
1.2266048743e+07	8.3755247325e-01	3.5237683707e+04
1.2266048743e+07	8.3755650277e-01	3.5231434459e+04
1.2266048743e+07	8.3756053233e-01	3.5225188121e+04
1.2266048743e+07	8.3756456193e-01	3.5218944634e+04
1.2266048743e+07	8.3756859158e-01	3.5212703952e+04
1.2266048743e+07	8.3757262127e-01	3.5206466006e+04
1.2266048743e+07	8.3757665103e-01	3.5200230730e+04
1.2266048743e+07	8.3758068083e-01	3.5193998067e+04
1.2266048743e+07	8.3758471070e-01	3.5187767958e+04
1.2266048743e+07	8.3758874063e-01	3.5181540341e+04
1.2264844768e+07	8.3759277063e-01	3.5176635112e+04
1.2264844768e+07	8.4112113605e-01	3.5947294621e+04
1.2264844768e+07	8.4112506764e-01	3.5943308458e+04
1.2264844768e+07	8.4112899909e-01	3.5936998014e+04
1.2264844768e+07	8.4113293058e-01	3.5930683982e+04
1.2264844768e+07	8.4113686213e-01	3.5924372234e+04
1.2264844768e+07	8.4114079374e-01	3.5918062724e+04
1.2229128771e+07	8.4114472541e-01	3.5953042143e+04
1.2229128771e+07	8.3590489271e-01	3.5703173937e+04
1.2229128771e+07	8.3578313651e-01	3.5709525381e+04
1.2229128771e+07	8.3566044895e-01	3.5717880259e+04
1.2229128771e+07	8.3553698488e-01	3.5726287001e+04
1.2229128771e+07	8.3541275518e-01	3.5734689885e+04
1.2229128771e+07	8.3528789208e-01	3.5742826387e+04
1.2229128771e+07	8.3516250046e-01	3.5750586569e+04
1.2229128771e+07	8.3503660107e-01	3.5758522420e+04
1.2229128771e+07	8.3491022462e-01	3.5767354102e+04
1.2229128771e+07	8.3478336734e-01	3.5777494792e+04
1.2229128771e+07	8.3465616007e-01	3.5789016302e+04
1.2229128771e+07	8.3452847175e-01	3.5801827875e+04
1.2229128771e+07	8.3440029524e-01	3.5815762385e+04
1.2229128771e+07	8.3427174648e-01	3.5830633916e+04
1.2229128771e+07	8.3414278764e-01	3.5846296250e+04
1.2229128771e+07	8.3401344012e-01	3.5862627944e+04
1.2229128771e+07	8.3388370785e-01	3.5879540593e+04
1.2229128771e+07	8.3375351070e-01	3.5896984641e+04
1.2229128771e+07	8.3362294378e-01	3.5914909639e+04
1.2229128771e+07	8.3349191668e-01	3.5933308140e+04
1.2229128771e+07	8.3336041962e-01	3.5952174928e+04
1.2229128771e+07	8.3322845119e-01	3.5971512273e+04
1.2229128771e+07	8.3309606207e-01	3.5991319117e+04
1.2229128771e+07	8.3296326621e-01	3.6011600405e+04
1.2229128771e+07	8.3283007226e-01	3.6032359499e+04
1.2229128771e+07	8.3269639344e-01	3.6053610341e+04
1.2229128771e+07	8.3256223756e-01	3.6075345890e+04
1.2229128771e+07	8.3242767240e-01	3.6097541687e+04
1.2229128771e+07	8.3229273577e-01	3.6120170251e+04
1.2229128771e+07	8.3215734545e-01	3.6143217808e+04
1.2229128771e+07	8.3202147565e-01	3.6166656041e+04
1.2229128771e+07	8.3188513803e-01	3.6190446486e+04
1.2229128771e+07	8.3174843437e-01	3.6214532698e+04
1.2229128771e+07	8.3161126865e-01	3.6238892913e+04
1.2229128771e+07	8.3147370333e-01	3.6263478408e+04
1.2229128771e+07	8.3133569242e-01	3.6288262382e+04
1.2229128771e+07	8.3119728469e-01	3.6313204076e+04
1.2229128771e+07	8.3105846422e-01	3.6338278123e+04
1.2229128771e+07	8.3091918240e-01	3.6363468839e+04
1.2229128771e+07	8.3077949655e-01	3.6388744927e+04
1.2229128771e+07	8.3063937919e-01	3.6414094036e+04
1.2229128771e+07	8.3049887241e-01	3.6439494153e+04
1.2229128771e+07	8.3035794704e-01	3.6464938975e+04
1.2229128771e+07	8.3021654246e-01	3.6490430034e+04
1.2229128771e+07	8.3007468816e-01	3.6515954270e+04
1.2229128771e+07	8.2993244651e-01	3.6541494315e+04
1.2229128771e+07	8.2978975237e-01	3.6567057045e+04
1.2229128771e+07	8.2964657685e-01	3.6592643456e+04
1.2229128771e+07	8.2950301520e-01	3.6618232923e+04
1.2229128771e+07	8.2935897492e-01	3.6643839070e+04
1.2229128771e+07	8.2921451411e-01	3.6669448615e+04
1.2229128771e+07	8.2906954934e-01	3.6695073779e+04
1.2229128771e+07	8.2892414224e-01	3.6720701053e+04
1.2229128771e+07	8.2877826824e-01	3.6746332647e+04
1.2229128771e+07	8.2863192134e-01	3.6771967850e+04
1.2229128771e+07	8.2848516849e-01	3.6797599155e+04
1.2229128771e+07	8.2833793720e-01	3.6823308146e+04
1.2229128771e+07	8.2819004194e-01	3.6849901179e+04
1.2229128771e+07	8.2807570358e-01	3.6883434660e+04
1.2229128771e+07	8.2806225227e-01	3.6962705933e+04
1.2229128771e+07	8.2805661004e-01	3.6976388860e+04
1.2229128771e+07	8.2805126821e-01	3.6986476077e+04
1.2229128771e+07	8.2804612657e-01	3.6993513715e+04
1.2229128771e+07	8.2804111780e-01	3.6998603271e+04
1.2229128771e+07	8.2803619376e-01	3.7002600042e+04
1.2229128771e+07	8.2803125417e-01	3.7006164557e+04
1.2229128771e+07	8.2802633503e-01	3.7009395769e+04
1.2229128771e+07	8.2802145428e-01	3.7012369712e+04
1.2229128771e+07	8.2801660630e-01	3.7015165954e+04
1.2229128771e+07	8.2801178753e-01	3.7017832074e+04
1.2229128771e+07	8.2800691562e-01	3.7020546953e+04
1.2229128771e+07	8.2800205580e-01	3.7023200918e+04
1.2229128771e+07	8.2799722232e-01	3.7025781874e+04
1.2229128771e+07	8.2799241455e-01	3.7028300488e+04
1.2229128771e+07	8.2798760447e-01	3.7030813551e+04
1.2229128771e+07	8.2798275524e-01	3.7033390806e+04
1.2229128771e+07	8.2797793554e-01	3.7035911435e+04
1.2229128771e+07	8.2797314806e-01	3.7038374605e+04
1.2229128771e+07	8.2796839083e-01	3.7040786338e+04
1.2229128771e+07	8.2796359803e-01	3.7043267932e+04
1.2229128771e+07	8.2795887534e-01	3.7045632227e+04
1.2229128771e+07	8.2795425710e-01	3.7047824851e+04
1.2229128771e+07	8.2795014130e-01	3.7049615618e+04
1.2229128771e+07	8.2794666299e-01	3.7050954185e+04
1.2229128771e+07	8.2794360860e-01	3.7051745269e+04
1.2229128771e+07	8.2794108640e-01	3.7051750826e+04
1.2229128771e+07	8.2793932720e-01	3.7050558431e+04
1.2229128771e+07	8.2793881458e-01	3.7047485660e+04
1.2229128771e+07	8.2794005848e-01	3.7041996795e+04
1.2229128771e+07	8.2794227247e-01	3.7036008300e+04
1.2229128771e+07	8.2794499519e-01	3.7029756370e+04
1.2229128771e+07	8.2794803163e-01	3.7023345162e+04
1.2229128771e+07	8.2795128090e-01	3.7016828548e+04
1.2229128771e+07	8.2795468400e-01	3.7010237988e+04
1.2229128771e+07	8.2795820341e-01	3.7003593443e+04
1.2229128771e+07	8.2796181381e-01	3.6996908364e+04
1.2229128771e+07	8.2796549727e-01	3.6990192242e+04
1.2229128771e+07	8.2796924066e-01	3.6983452018e+04
1.2229128771e+07	8.2797303405e-01	3.6976692922e+04
1.2229128771e+07	8.2797686975e-01	3.6969918988e+04
1.2229128771e+07	8.2798074432e-01	3.6963133206e+04
1.2229128771e+07	8.2798467198e-01	3.6956336786e+04
1.2229128771e+07	8.2798862556e-01	3.6949533416e+04
1.2229128771e+07	8.2799260193e-01	3.6942724786e+04
1.2229128771e+07	8.2799659846e-01	3.6935912303e+04
1.2229128771e+07	8.2800061295e-01	3.6929097145e+04
1.2229128771e+07	8.2800464352e-01	3.6922280314e+04
1.2229128771e+07	8.2800868855e-01	3.6915462663e+04
1.2229128771e+07	8.2801274664e-01	3.6908644926e+04
1.2229128771e+07	8.2801681719e-01	3.6901883870e+04
1.2229128771e+07	8.2802089410e-01	3.6895158986e+04
1.2229128771e+07	8.2802497135e-01	3.6888435875e+04
1.2229128771e+07	8.2802905762e-01	3.6881714602e+04
1.2229128771e+07	8.2803315216e-01	3.6874995533e+04
1.2229128771e+07	8.2803725432e-01	3.6868278992e+04
1.2229128771e+07	8.2804136350e-01	3.6861565267e+04
1.2229128771e+07	8.2804547919e-01	3.6854854614e+04
1.2229128771e+07	8.2804960088e-01	3.6848147258e+04
1.2229128771e+07	8.2805372816e-01	3.6841443401e+04
1.2229128771e+07	8.2805786062e-01	3.6834743224e+04
1.2229128771e+07	8.2806199791e-01	3.6828046888e+04
1.2229128771e+07	8.2806613970e-01	3.6821354538e+04
1.2229128771e+07	8.2807028569e-01	3.6814666303e+04
1.2229128771e+07	8.2807443561e-01	3.6807982298e+04
1.2229128771e+07	8.2807858919e-01	3.6801302625e+04
1.2229128771e+07	8.2808274622e-01	3.6794627376e+04
1.2229128771e+07	8.2808690648e-01	3.6787956632e+04
1.2229128771e+07	8.2809106977e-01	3.6781290467e+04
1.2229128771e+07	8.2809523590e-01	3.6774628946e+04
1.2229128771e+07	8.2809940470e-01	3.6767972128e+04
1.2229128771e+07	8.2810357602e-01	3.6761320065e+04
1.2229128771e+07	8.2810774971e-01	3.6754672804e+04
1.2229128771e+07	8.2811192563e-01	3.6748030385e+04
1.2229128771e+07	8.2811610365e-01	3.6741392839e+04
1.2229128771e+07	8.2812028366e-01	3.6734760189e+04
1.2229128771e+07	8.2812446555e-01	3.6728132459e+04
1.2229128771e+07	8.2812864921e-01	3.6721509668e+04
1.2229128771e+07	8.2813283454e-01	3.6714891833e+04
1.2229128771e+07	8.2813702147e-01	3.6708278967e+04
1.2229128771e+07	8.2814120989e-01	3.6701671078e+04
1.2229128771e+07	8.2814539973e-01	3.6695068169e+04
1.2229128771e+07	8.2814959092e-01	3.6688470250e+04
1.2229128771e+07	8.2815378337e-01	3.6681877313e+04
1.2229128771e+07	8.2815797704e-01	3.6675289364e+04
1.2229128771e+07	8.2816217431e-01	3.6668706296e+04
1.2229128771e+07	8.2816637493e-01	3.6662128434e+04
1.2229128771e+07	8.2817057664e-01	3.6655556038e+04
1.2229128771e+07	8.2817477880e-01	3.6648989170e+04
1.2229128771e+07	8.2817898113e-01	3.6642427835e+04
1.2229128771e+07	8.2818318348e-01	3.6635872030e+04
1.2229128771e+07	8.2818738571e-01	3.6629321729e+04
1.2229128771e+07	8.2819158775e-01	3.6622776914e+04
1.2229128771e+07	8.2819578992e-01	3.6616236971e+04
1.2229128771e+07	8.2819999212e-01	3.6609701940e+04
1.2229128771e+07	8.2820419372e-01	3.6603172759e+04
1.2229128771e+07	8.2820839490e-01	3.6596649038e+04
1.2229128771e+07	8.2821259575e-01	3.6590130631e+04
1.2229128771e+07	8.2821679624e-01	3.6583617499e+04
1.2229128771e+07	8.2822099640e-01	3.6577109593e+04
1.2229128771e+07	8.2822519623e-01	3.6570606876e+04
1.2229128771e+07	8.2822939575e-01	3.6564109296e+04
1.2229128771e+07	8.2823359497e-01	3.6557616813e+04
1.2229128771e+07	8.2823779391e-01	3.6551129376e+04
1.2229128771e+07	8.2824199258e-01	3.6544646937e+04
1.2229128771e+07	8.2824619100e-01	3.6538169447e+04
1.2229128771e+07	8.2825038918e-01	3.6531696859e+04
1.2229128771e+07	8.2825458715e-01	3.6525229125e+04
1.2229128771e+07	8.2825878492e-01	3.6518766195e+04
1.2229128771e+07	8.2826298250e-01	3.6512308020e+04
1.2229128771e+07	8.2826717991e-01	3.6505854550e+04
1.2229128771e+07	8.2827137715e-01	3.6499405735e+04
1.2229128771e+07	8.2827557425e-01	3.6492961525e+04
1.2229128771e+07	8.2827977121e-01	3.6486521868e+04
1.2229128771e+07	8.2828396804e-01	3.6480086713e+04
1.2229128771e+07	8.2828816476e-01	3.6473656008e+04
1.2229128771e+07	8.2829236136e-01	3.6467229699e+04
1.2229128771e+07	8.2829655787e-01	3.6460807736e+04
1.2229128771e+07	8.2830075430e-01	3.6454390065e+04
1.2229128771e+07	8.2830495063e-01	3.6447976634e+04
1.2229128771e+07	8.2830914690e-01	3.6441567388e+04
1.2229128771e+07	8.2831334309e-01	3.6435162274e+04
1.2229128771e+07	8.2831753922e-01	3.6428761245e+04
1.2229128771e+07	8.2832173529e-01	3.6422364250e+04
1.2229128771e+07	8.2832593131e-01	3.6415971212e+04
1.2229128771e+07	8.2833012729e-01	3.6409582074e+04
1.2229128771e+07	8.2833432325e-01	3.6403196785e+04
1.2229128771e+07	8.2833851917e-01	3.6396815291e+04
1.2229128771e+07	8.2834271507e-01	3.6390437535e+04
1.2229128771e+07	8.2834691095e-01	3.6384063461e+04
1.2229128771e+07	8.2835110681e-01	3.6377693015e+04
1.2229128771e+07	8.2835530266e-01	3.6371326137e+04
1.2229128771e+07	8.2835949850e-01	3.6364962772e+04
1.2229128771e+07	8.2836369435e-01	3.6358602858e+04
1.2229128771e+07	8.2836789019e-01	3.6352246340e+04
1.2229128771e+07	8.2837208604e-01	3.6345893158e+04
1.2229128771e+07	8.2837628191e-01	3.6339543254e+04
1.2229128771e+07	8.2838047778e-01	3.6333196572e+04
1.2229128771e+07	8.2838467368e-01	3.6326853054e+04
1.2229128771e+07	8.2838886959e-01	3.6320512640e+04
1.2229128771e+07	8.2839306553e-01	3.6314175274e+04
1.2229128771e+07	8.2839726150e-01	3.6307840898e+04
1.2229128771e+07	8.2840145750e-01	3.6301509451e+04
1.2229128771e+07	8.2840565353e-01	3.6295180877e+04
1.2229128771e+07	8.2840984960e-01	3.6288855116e+04
1.2229128771e+07	8.2841404571e-01	3.6282532110e+04
1.2229128771e+07	8.2841824187e-01	3.6276211799e+04
1.2229128771e+07	8.2842243808e-01	3.6269894125e+04
1.2229128771e+07	8.2842663434e-01	3.6263579021e+04
1.2229128771e+07	8.2843083065e-01	3.6257266434e+04
1.2229128771e+07	8.2843502703e-01	3.6250956298e+04
1.2229128771e+07	8.2843922347e-01	3.6244648567e+04
1.2229128771e+07	8.2844341997e-01	3.6238343182e+04
1.2229128771e+07	8.2844761654e-01	3.6232040072e+04
1.2229128771e+07	8.2845181320e-01	3.6225739172e+04
1.2229128771e+07	8.2845600993e-01	3.6219440432e+04
1.2229128771e+07	8.2846020674e-01	3.6213143784e+04
1.2229128771e+07	8.2846440364e-01	3.6206849177e+04
1.2229128771e+07	8.2846860063e-01	3.6200556545e+04
1.2229128771e+07	8.2847279924e-01	3.6194347286e+04
1.2229128771e+07	8.2847697998e-01	3.6188150516e+04
1.2229128771e+07	8.2848107292e-01	3.6181961416e+04
1.2229128771e+07	8.2848516594e-01	3.6175773896e+04
1.2229128771e+07	8.2848916909e-01	3.6169594169e+04
1.2229128771e+07	8.2849316187e-01	3.6163416638e+04
1.2229128771e+07	8.2849710642e-01	3.6157243887e+04
1.2229128771e+07	8.2850099736e-01	3.6151076232e+04
1.2229128771e+07	8.2850445582e-01	3.6144940053e+04
1.2229128771e+07	8.2850791473e-01	3.6138805100e+04
1.2229128771e+07	8.2851137408e-01	3.6132671333e+04
1.2229128771e+07	8.2851483389e-01	3.6126538694e+04
1.2229128771e+07	8.2851829415e-01	3.6120407128e+04
1.2229128771e+07	8.2852175488e-01	3.6114276579e+04
1.2229128771e+07	8.2852521609e-01	3.6108146991e+04
1.2229128771e+07	8.2852867777e-01	3.6102018309e+04
1.2229128771e+07	8.2853213993e-01	3.6095890478e+04
1.2229128771e+07	8.2853560259e-01	3.6089763441e+04
1.2229128771e+07	8.2853906575e-01	3.6083637139e+04
1.2229128771e+07	8.2854252942e-01	3.6077511521e+04
1.2229128771e+07	8.2854599360e-01	3.6071386529e+04
1.2229128771e+07	8.2854945829e-01	3.6065262127e+04
1.2229128771e+07	8.2855292351e-01	3.6059138244e+04
1.2229128771e+07	8.2855638926e-01	3.6053014831e+04
1.2229128771e+07	8.2855985556e-01	3.6046891834e+04
1.2229128771e+07	8.2856332240e-01	3.6040769206e+04
1.2229128771e+07	8.2856678978e-01	3.6034646898e+04
1.2229128771e+07	8.2857025773e-01	3.6028524861e+04
1.2229128771e+07	8.2857372624e-01	3.6022403048e+04
1.2229128771e+07	8.2857719531e-01	3.6016281412e+04
1.2229128771e+07	8.2858066495e-01	3.6010159904e+04
1.2229128771e+07	8.2858413517e-01	3.6004038479e+04
1.2229128771e+07	8.2858760598e-01	3.5997917092e+04
1.2229128771e+07	8.2859107737e-01	3.5991795701e+04
1.2229128771e+07	8.2859454935e-01	3.5985674261e+04
1.2229128771e+07	8.2859802193e-01	3.5979552733e+04
1.2229128771e+07	8.2860149510e-01	3.5973431076e+04
1.2229128771e+07	8.2860496888e-01	3.5967309249e+04
1.2229128771e+07	8.2860844326e-01	3.5961187216e+04
1.2229128771e+07	8.2861191826e-01	3.5955064937e+04
1.2229128771e+07	8.2861539386e-01	3.5948942378e+04
1.2229128771e+07	8.2861887008e-01	3.5942819502e+04
1.2229128771e+07	8.2862234692e-01	3.5936696277e+04
1.2229128771e+07	8.2862582438e-01	3.5930572670e+04
1.2229128771e+07	8.2862930246e-01	3.5924448652e+04
1.2229128771e+07	8.2863278116e-01	3.5918324192e+04
1.2229128771e+07	8.2863626049e-01	3.5912199260e+04
1.2229128771e+07	8.2863974044e-01	3.5906073829e+04
1.2229128771e+07	8.2864322101e-01	3.5899947879e+04
1.2229128771e+07	8.2864670221e-01	3.5893821381e+04
1.2229128771e+07	8.2865018404e-01	3.5887694299e+04
1.2229128771e+07	8.2865366649e-01	3.5881566620e+04
1.2229128771e+07	8.2865714958e-01	3.5875438326e+04
1.2229128771e+07	8.2866063328e-01	3.5869309402e+04
1.2229128771e+07	8.2866411760e-01	3.5863179834e+04
1.2229128771e+07	8.2866760254e-01	3.5857049611e+04
1.2229128771e+07	8.2867108809e-01	3.5850918719e+04
1.2229128771e+07	8.2867457424e-01	3.5844787152e+04
1.2229128771e+07	8.2867806099e-01	3.5838654903e+04
1.2229128771e+07	8.2868154834e-01	3.5832521969e+04
1.2229128771e+07	8.2868503627e-01	3.5826388350e+04
1.2229128771e+07	8.2868852477e-01	3.5820254047e+04
1.2229128771e+07	8.2869201385e-01	3.5814119066e+04
1.2229128771e+07	8.2869550347e-01	3.5807983416e+04
1.2229128771e+07	8.2869899364e-01	3.5801847106e+04
1.2229128771e+07	8.2870248434e-01	3.5795710153e+04
1.2229128771e+07	8.2870597554e-01	3.5789572576e+04
1.2229128771e+07	8.2870946725e-01	3.5783434390e+04
1.2229128771e+07	8.2871295943e-01	3.5777295623e+04
1.2229128771e+07	8.2871645208e-01	3.5771156304e+04
1.2229128771e+07	8.2871994515e-01	3.5765016470e+04
1.2229128771e+07	8.2872343864e-01	3.5758876157e+04
1.2229128771e+07	8.2872693251e-01	3.5752735411e+04
1.2229128771e+07	8.2873042674e-01	3.5746594279e+04
1.2229128771e+07	8.2873392129e-01	3.5740452825e+04
1.2229128771e+07	8.2873741612e-01	3.5734311115e+04
1.2229128771e+07	8.2874091120e-01	3.5728169191e+04
1.2229128771e+07	8.2874440650e-01	3.5722027131e+04
1.2229128771e+07	8.2874790196e-01	3.5715885017e+04
1.2229128771e+07	8.2875139755e-01	3.5709742943e+04
1.2229128771e+07	8.2875489319e-01	3.5703601018e+04
1.2229128771e+07	8.2875838882e-01	3.5697459374e+04
