R_int	Phi_global	P_surf
9.6265218965e+06	1.0000000000e+00	9.5748937653e+03
9.6265218965e+06	1.0000000000e+00	9.5749069986e+03
9.6265218965e+06	1.0000000000e+00	9.5749069990e+03
9.6265218965e+06	1.0000000000e+00	9.5749069990e+03
9.6265218965e+06	1.0000000000e+00	9.7999266779e+03
9.6265218965e+06	1.0000000000e+00	9.7735808932e+03
9.6265218965e+06	1.0000000000e+00	9.7469255046e+03
9.6265218965e+06	1.0000000000e+00	9.4839099013e+03
9.6265218965e+06	1.0000000000e+00	9.0843402401e+03
9.6265218965e+06	1.0000000000e+00	8.4917205812e+03
9.6265218965e+06	1.0000000000e+00	8.1095318537e+03
9.6265218965e+06	1.0000000000e+00	7.8367459951e+03
9.6265218965e+06	1.0000000000e+00	7.6295717312e+03
9.6265218965e+06	1.0000000000e+00	7.4701615999e+03
9.6265218965e+06	1.0000000000e+00	7.2243899771e+03
9.6265218965e+06	1.0000000000e+00	6.8595600845e+03
9.6265218965e+06	1.0000000000e+00	6.3330280035e+03
9.6265218965e+06	1.0000000000e+00	5.9483368139e+03
9.6265218965e+06	1.0000000000e+00	5.3875339487e+03
9.6265218965e+06	1.0000000000e+00	4.6025846170e+03
9.5183846776e+06	1.0000000000e+00	3.5857792098e+03
9.5183846776e+06	1.0000000000e+00	2.8048049319e+03
9.5183846776e+06	1.0000000000e+00	2.3475544061e+03
9.5183846776e+06	9.9982023070e-01	2.2568727330e+03
9.5183846776e+06	9.9976495693e-01	2.2571625247e+03
9.5183846776e+06	9.9971005813e-01	2.2575876104e+03
9.5183846776e+06	9.9965456292e-01	2.2581848549e+03
9.5183846776e+06	9.9959898666e-01	2.2589520395e+03
9.5183846776e+06	9.9954307998e-01	2.2598695918e+03
9.5183846776e+06	9.9948646581e-01	2.2609160196e+03
9.5183846776e+06	9.9942966806e-01	2.2620729314e+03
9.5183846776e+06	9.9937267567e-01	2.2633256372e+03
9.5183846776e+06	9.9931488845e-01	2.2646625371e+03
9.5183846776e+06	9.9925625120e-01	2.2660743732e+03
9.5183846776e+06	9.9919671654e-01	2.2675536500e+03
9.5183846776e+06	9.9913695415e-01	2.2690941829e+03
9.5183846776e+06	9.9907639477e-01	2.2706908172e+03
9.5183846776e+06	9.9901533837e-01	2.2723391604e+03
9.5183846776e+06	9.9895404167e-01	2.2740354297e+03
9.5183846776e+06	9.9889250197e-01	2.2757763296e+03
9.5183846776e+06	9.9883042345e-01	2.2775589547e+03
9.5183846776e+06	9.9876712760e-01	2.2793807160e+03
9.5183846776e+06	9.9870287478e-01	2.2812392583e+03
9.5183846776e+06	9.9863836562e-01	2.2831324221e+03
9.5183846776e+06	9.9857358356e-01	2.2850582244e+03
9.5183846776e+06	9.9850762966e-01	2.2870148295e+03
9.5183846776e+06	9.9844061092e-01	2.2890004915e+03
9.5183846776e+06	9.9837245281e-01	2.2910135536e+03
9.5183846776e+06	9.9830368086e-01	2.2930524202e+03
9.5183846776e+06	9.9823463744e-01	2.2951155602e+03
9.5183846776e+06	9.9816532096e-01	2.2972015067e+03
9.5183846776e+06	9.9809572981e-01	2.2993088534e+03
9.5183846776e+06	9.9802586237e-01	2.3014362677e+03
9.5183846776e+06	9.9795571703e-01	2.3035825592e+03
9.5183846776e+06	9.9788529214e-01	2.3057465531e+03
9.5183846776e+06	9.9781458605e-01	2.3079273246e+03
9.5183846776e+06	9.9774359709e-01	2.3101241863e+03
9.5183846776e+06	9.9767232361e-01	2.3123367763e+03
9.5183846776e+06	9.9760076388e-01	2.3145651630e+03
9.5183846776e+06	9.9752891620e-01	2.3168099633e+03
9.5183846776e+06	9.9745677885e-01	2.3190724816e+03
9.5183846776e+06	9.9738435002e-01	2.3213548597e+03
9.5183846776e+06	9.9731162800e-01	2.3236602208e+03
9.5183846776e+06	9.9723861094e-01	2.3259928164e+03
9.5183846776e+06	9.9716529698e-01	2.3283581299e+03
9.5183846776e+06	9.9709168429e-01	2.3307629995e+03
9.5183846776e+06	9.9701777096e-01	2.3332155037e+03
9.5183846776e+06	9.9694355506e-01	2.3357250765e+03
9.5183846776e+06	9.9686903466e-01	2.3383023445e+03
9.5183846776e+06	9.9679420773e-01	2.3409589700e+03
9.5183846776e+06	9.9671907225e-01	2.3437074305e+03
9.5183846776e+06	9.9664362555e-01	2.3465607562e+03
9.5183846776e+06	9.9656786620e-01	2.3495322265e+03
9.5183846776e+06	9.9649179197e-01	2.3526350374e+03
9.5183846776e+06	9.9641540058e-01	2.3558819343e+03
9.5183846776e+06	9.9633869037e-01	2.3592849098e+03
9.5183846776e+06	9.9626165904e-01	2.3628544547e+03
9.5183846776e+06	9.9618430461e-01	2.3665994861e+03
9.5183846776e+06	9.9610662533e-01	2.3705267759e+03
9.5183846776e+06	9.9602861874e-01	2.3746405993e+03
9.5183846776e+06	9.9595028321e-01	2.3789424702e+03
9.5183846776e+06	9.9587161669e-01	2.3834310032e+03
9.5183846776e+06	9.9579261689e-01	2.3881019627e+03
9.5183846776e+06	9.9571328222e-01	2.3929484406e+03
9.5183846776e+06	9.9563361011e-01	2.3979612118e+03
9.5183846776e+06	9.9555359899e-01	2.4031291683e+03
9.5183846776e+06	9.9547324632e-01	2.4084398165e+03
9.5183846776e+06	9.9539255042e-01	2.4138798489e+03
9.5183846776e+06	9.9531150858e-01	2.4194354098e+03
9.5183846776e+06	9.9523011905e-01	2.4250927665e+03
9.5183846776e+06	9.9514837951e-01	2.4308385500e+03
9.5183846776e+06	9.9506628744e-01	2.4366600241e+03
9.5183846776e+06	9.9498384069e-01	2.4425454268e+03
9.5183846776e+06	9.9490103690e-01	2.4484835529e+03
9.5183846776e+06	9.9481787361e-01	2.4544644280e+03
9.5183846776e+06	9.9473434824e-01	2.4604790380e+03
9.5183846776e+06	9.9465045813e-01	2.4665193425e+03
9.5183846776e+06	9.9456620071e-01	2.4725780986e+03
9.5183846776e+06	9.9448157300e-01	2.4786489267e+03
9.5183846776e+06	9.9439657184e-01	2.4847261650e+03
9.5183846776e+06	9.9431119400e-01	2.4908048490e+03
9.5183846776e+06	9.9422543682e-01	2.4968804289e+03
9.5183846776e+06	9.9413929990e-01	2.5029491233e+03
9.5183846776e+06	9.9405278145e-01	2.5090095750e+03
9.5183846776e+06	9.9396587778e-01	2.5150828405e+03
9.5183846776e+06	9.9387858427e-01	2.5214301612e+03
9.5183846776e+06	9.9380704460e-01	2.5308752666e+03
9.5183846776e+06	9.9380230833e-01	2.5365325780e+03
9.5183846776e+06	9.9379758000e-01	2.5430309307e+03
9.5183846776e+06	9.9379283885e-01	2.5523419433e+03
9.5183846776e+06	9.9378809559e-01	2.5643116779e+03
9.5183846776e+06	9.9378337516e-01	2.5772352226e+03
9.5183846776e+06	9.9377867869e-01	2.5869344286e+03
9.5183846776e+06	9.9377400262e-01	2.5926217099e+03
9.5183846776e+06	9.9376934083e-01	2.5956699388e+03
9.5183846776e+06	9.9376469704e-01	2.5975148585e+03
9.5183846776e+06	9.9376005764e-01	2.5987859683e+03
9.5183846776e+06	9.9375542211e-01	2.5997884301e+03
9.5183846776e+06	9.9375079958e-01	2.6006336536e+03
9.5183846776e+06	9.9374619099e-01	2.6012788557e+03
9.5183846776e+06	9.9374159754e-01	2.6015898847e+03
9.5183846776e+06	9.9373703887e-01	2.6013017728e+03
9.5183846776e+06	9.9373255704e-01	2.5997398293e+03
9.5183846776e+06	9.9372820230e-01	2.5956135989e+03
9.5183846776e+06	9.9372411285e-01	2.5861282235e+03
9.5183846776e+06	9.9372063107e-01	2.5640598966e+03
9.5183846776e+06	9.9371791731e-01	2.5160903116e+03
9.5183846776e+06	9.9371724311e-01	2.4391266637e+03
9.5183846776e+06	9.9370212390e-01	2.3175103127e+03
9.5183846776e+06	9.9353774360e-01	2.2570654425e+03
9.5183846776e+06	9.9348139916e-01	2.2574326926e+03
9.5183846776e+06	9.9342516045e-01	2.2579668793e+03
9.5183846776e+06	9.9336841661e-01	2.2586995534e+03
9.5183846776e+06	9.9331155326e-01	2.2596175449e+03
9.5183846776e+06	9.9325396232e-01	2.2606937907e+03
9.5183846776e+06	9.9319596409e-01	2.2619028712e+03
9.5183846776e+06	9.9313776401e-01	2.2632244915e+03
9.5183846776e+06	9.9307901507e-01	2.2646430251e+03
9.5183846776e+06	9.9301940125e-01	2.2661463793e+03
9.5183846776e+06	9.9295853224e-01	2.2677250335e+03
9.5183846776e+06	9.9289742750e-01	2.2693713136e+03
9.5183846776e+06	9.9283559866e-01	2.2710789535e+03
9.5183846776e+06	9.9277314119e-01	2.2728427167e+03
9.5183846776e+06	9.9271043561e-01	2.2746581576e+03
9.5183846776e+06	9.9264747934e-01	2.2765214564e+03
9.5183846776e+06	9.9258387318e-01	2.2784292897e+03
9.5183846776e+06	9.9251891202e-01	2.2803787272e+03
9.5183846776e+06	9.9245312106e-01	2.2823671291e+03
9.5183846776e+06	9.9238706660e-01	2.2843921057e+03
9.5183846776e+06	9.9232043033e-01	2.2864514853e+03
9.5183846776e+06	9.9225271024e-01	2.2885432622e+03
9.5183846776e+06	9.9218371754e-01	2.2906655576e+03
9.5183846776e+06	9.9211349755e-01	2.2928165927e+03
9.5183846776e+06	9.9204300094e-01	2.2949947050e+03
9.5183846776e+06	9.9197222612e-01	2.2971982101e+03
9.5183846776e+06	9.9190117148e-01	2.2994255578e+03
9.5183846776e+06	9.9182983538e-01	2.3016752527e+03
9.5183846776e+06	9.9175821619e-01	2.3039458645e+03
9.5183846776e+06	9.9168631227e-01	2.3062360418e+03
9.5183846776e+06	9.9161412195e-01	2.3085445408e+03
9.5183846776e+06	9.9154164356e-01	2.3108702643e+03
9.5183846776e+06	9.9146887539e-01	2.3132123182e+03
9.5183846776e+06	9.9139581571e-01	2.3155700860e+03
9.5183846776e+06	9.9132246282e-01	2.3179433213e+03
9.5183846776e+06	9.9124881489e-01	2.3203323107e+03
9.5183846776e+06	9.9117487013e-01	2.3227378573e+03
9.5183846776e+06	9.9110062673e-01	2.3251615948e+03
9.5183846776e+06	9.9102608278e-01	2.3276060888e+03
9.5183846776e+06	9.9095123637e-01	2.3300749785e+03
9.5183846776e+06	9.9087608552e-01	2.3325731309e+03
9.5183846776e+06	9.9080062821e-01	2.3351067447e+03
9.5183846776e+06	9.9072486231e-01	2.3376834096e+03
9.5183846776e+06	9.9064878565e-01	2.3403121136e+03
9.5183846776e+06	9.9057239607e-01	2.3430031697e+03
9.5183846776e+06	9.9049569063e-01	2.3457680760e+03
9.5183846776e+06	9.9041866639e-01	2.3486193521e+03
9.5183846776e+06	9.9034132242e-01	2.3515701293e+03
9.5183846776e+06	9.9026365479e-01	2.3546339859e+03
9.5183846776e+06	9.9018566275e-01	2.3578245198e+03
9.5183846776e+06	9.9010734354e-01	2.3611549491e+03
9.5183846776e+06	9.9002869481e-01	2.3646376765e+03
9.5183846776e+06	9.8994971548e-01	2.3682838325e+03
9.5183846776e+06	9.8987040194e-01	2.3721028074e+03
9.5183846776e+06	9.8979075375e-01	2.3761018101e+03
9.5183846776e+06	9.8971076813e-01	2.3802855318e+03
9.5183846776e+06	9.8963044349e-01	2.3846557020e+03
9.5183846776e+06	9.8954977806e-01	2.3892111556e+03
9.5183846776e+06	9.8946876935e-01	2.3939477721e+03
9.5183846776e+06	9.8938741616e-01	2.3988586922e+03
9.5183846776e+06	9.8930571578e-01	2.4039346589e+03
9.5183846776e+06	9.8922366667e-01	2.4091646230e+03
9.5183846776e+06	9.8914126667e-01	2.4145358170e+03
9.5183846776e+06	9.8905851319e-01	2.4200347997e+03
9.5183846776e+06	9.8897540460e-01	2.4256477370e+03
9.5183846776e+06	9.8889193845e-01	2.4313608511e+03
9.5183846776e+06	9.8880811219e-01	2.4371607796e+03
9.5183846776e+06	9.8872392326e-01	2.4430348906e+03
9.5183846776e+06	9.8863936919e-01	2.4489713170e+03
9.5183846776e+06	9.8855444720e-01	2.4549592430e+03
9.5183846776e+06	9.8846915467e-01	2.4609888706e+03
9.5183846776e+06	9.8838348834e-01	2.4670514133e+03
9.5183846776e+06	9.8829744499e-01	2.4731390598e+03
9.5183846776e+06	9.8821102075e-01	2.4792450693e+03
9.5183846776e+06	9.8812421165e-01	2.4853631090e+03
9.5183846776e+06	9.8803701458e-01	2.4914878516e+03
9.5183846776e+06	9.8794943137e-01	2.4976145777e+03
9.5183846776e+06	9.8786146097e-01	2.5037391074e+03
9.5183846776e+06	9.8777309933e-01	2.5098577403e+03
9.5183846776e+06	9.8768434676e-01	2.5159673728e+03
9.5183846776e+06	9.8759519850e-01	2.5220675777e+03
9.5183846776e+06	9.8750565292e-01	2.5281825483e+03
9.5183846776e+06	9.8741569830e-01	2.5346037763e+03
9.5183846776e+06	9.8734572265e-01	2.5444660957e+03
9.5183846776e+06	9.8734075397e-01	2.5495174693e+03
9.5183846776e+06	9.8733577634e-01	2.5560818209e+03
9.5183846776e+06	9.8733077628e-01	2.5654177666e+03
9.5183846776e+06	9.8732577698e-01	2.5771653016e+03
9.5183846776e+06	9.8732081153e-01	2.5894957686e+03
9.5183846776e+06	9.8731589002e-01	2.5985229162e+03
9.5183846776e+06	9.8731100530e-01	2.6037740883e+03
9.5183846776e+06	9.8730614418e-01	2.6066315497e+03
9.5183846776e+06	9.8730130431e-01	2.6084136886e+03
9.5183846776e+06	9.8729647300e-01	2.6096795860e+03
9.5183846776e+06	9.8729164973e-01	2.6106919678e+03
9.5183846776e+06	9.8728684441e-01	2.6115516055e+03
9.5183846776e+06	9.8728206196e-01	2.6121999835e+03
9.5183846776e+06	9.8727731337e-01	2.6124921256e+03
9.5183846776e+06	9.8727263606e-01	2.6121325167e+03
9.5183846776e+06	9.8726811204e-01	2.6103814519e+03
9.5183846776e+06	9.8726387373e-01	2.6058226898e+03
9.5183846776e+06	9.8726023646e-01	2.5952943070e+03
9.5183846776e+06	9.8725795104e-01	2.5708887448e+03
9.5183846776e+06	9.8725742134e-01	2.5222651922e+03
9.5183846776e+06	9.8725980053e-01	2.4446388361e+03
9.5183846776e+06	9.8725405531e-01	2.3220370991e+03
9.5183846776e+06	9.8714502174e-01	2.2570864654e+03
9.5183846776e+06	9.8708837558e-01	2.2572740841e+03
9.5183846776e+06	9.8703097248e-01	2.2577327609e+03
9.5183846776e+06	9.8697332956e-01	2.2583919345e+03
9.5183846776e+06	9.8691529297e-01	2.2592719097e+03
9.5183846776e+06	9.8685698850e-01	2.2603475196e+03
9.5183846776e+06	9.8679777934e-01	2.2615853928e+03
9.5183846776e+06	9.8673836084e-01	2.2629574346e+03
9.5183846776e+06	9.8667872306e-01	2.2644423048e+03
9.5183846776e+06	9.8661799732e-01	2.2660239872e+03
9.5183846776e+06	9.8655606563e-01	2.2676902404e+03
9.5183846776e+06	9.8649361473e-01	2.2694314785e+03
9.5183846776e+06	9.8643062248e-01	2.2712400365e+03
9.5183846776e+06	9.8636676328e-01	2.2731096494e+03
9.5183846776e+06	9.8630264825e-01	2.2750350786e+03
9.5183846776e+06	9.8623827485e-01	2.2770118917e+03
9.5183846776e+06	9.8617326909e-01	2.2790362800e+03
9.5183846776e+06	9.8610680711e-01	2.2811049282e+03
9.5183846776e+06	9.8603948460e-01	2.2832148812e+03
9.5183846776e+06	9.8597189147e-01	2.2853634930e+03
9.5183846776e+06	9.8590355398e-01	2.2875483841e+03
9.5183846776e+06	9.8583401209e-01	2.2897673744e+03
9.5183846776e+06	9.8576310780e-01	2.2920184383e+03
9.5183846776e+06	9.8569118616e-01	2.2942996702e+03
9.5183846776e+06	9.8561898115e-01	2.2966093105e+03
9.5183846776e+06	9.8554649116e-01	2.2989455769e+03
9.5183846776e+06	9.8547371458e-01	2.3013068352e+03
9.5183846776e+06	9.8540064974e-01	2.3036915095e+03
9.5183846776e+06	9.8532729501e-01	2.3060980830e+03
9.5183846776e+06	9.8525364873e-01	2.3085251089e+03
9.5183846776e+06	9.8517970919e-01	2.3109712282e+03
9.5183846776e+06	9.8510547472e-01	2.3134352003e+03
9.5183846776e+06	9.8503094355e-01	2.3159159495e+03
9.5183846776e+06	9.8495611396e-01	2.3184126262e+03
9.5183846776e+06	9.8488098418e-01	2.3209246911e+03
9.5183846776e+06	9.8480555236e-01	2.3234520635e+03
9.5183846776e+06	9.8472981667e-01	2.3259950972e+03
9.5183846776e+06	9.8465377521e-01	2.3285548899e+03
9.5183846776e+06	9.8457742600e-01	2.3311333836e+03
9.5183846776e+06	9.8450076703e-01	2.3337335290e+03
9.5183846776e+06	9.8442379617e-01	2.3363594473e+03
9.5183846776e+06	9.8434651126e-01	2.3390165663e+03
9.5183846776e+06	9.8426891001e-01	2.3417117346e+03
9.5183846776e+06	9.8419099001e-01	2.3444532584e+03
9.5183846776e+06	9.8411274775e-01	2.3472508839e+03
9.5183846776e+06	9.8403417945e-01	2.3501157053e+03
9.5183846776e+06	9.8395528474e-01	2.3530600756e+03
9.5183846776e+06	9.8387605831e-01	2.3560970457e+03
9.5183846776e+06	9.8379650078e-01	2.3592403940e+03
9.5183846776e+06	9.8371660695e-01	2.3625041054e+03
9.5183846776e+06	9.8363637683e-01	2.3659019539e+03
9.5183846776e+06	9.8355580662e-01	2.3694470396e+03
9.5183846776e+06	9.8347489509e-01	2.3731512968e+03
9.5183846776e+06	9.8339363993e-01	2.3770249969e+03
9.5183846776e+06	9.8331203897e-01	2.3810762659e+03
9.5183846776e+06	9.8323009090e-01	2.3853106596e+03
9.5183846776e+06	9.8314779309e-01	2.3897308494e+03
9.5183846776e+06	9.8306514451e-01	2.3943364397e+03
9.5183846776e+06	9.8298214271e-01	2.3991240250e+03
9.5183846776e+06	9.8289878600e-01	2.4040871882e+03
9.5183846776e+06	9.8281507303e-01	2.4092170436e+03
9.5183846776e+06	9.8273100021e-01	2.4145026014e+03
9.5183846776e+06	9.8264656684e-01	2.4199313316e+03
9.5183846776e+06	9.8256177047e-01	2.4254897097e+03
9.5183846776e+06	9.8247660850e-01	2.4311638932e+03
9.5183846776e+06	9.8239107830e-01	2.4369397323e+03
9.5183846776e+06	9.8230517719e-01	2.4428036883e+03
9.5183846776e+06	9.8221890241e-01	2.4487429011e+03
9.5183846776e+06	9.8213225118e-01	2.4547454052e+03
9.5183846776e+06	9.8204522015e-01	2.4608002856e+03
9.5183846776e+06	9.8195780547e-01	2.4668976045e+03
9.5183846776e+06	9.8187000298e-01	2.4730285435e+03
9.5183846776e+06	9.8178180777e-01	2.4791852973e+03
9.5183846776e+06	9.8169321618e-01	2.4853610623e+03
9.5183846776e+06	9.8160423094e-01	2.4915497332e+03
9.5183846776e+06	9.8151485165e-01	2.4977460601e+03
9.5183846776e+06	9.8142507622e-01	2.5039454363e+03
9.5183846776e+06	9.8133490504e-01	2.5101438119e+03
9.5183846776e+06	9.8124433109e-01	2.5163376106e+03
9.5183846776e+06	9.8115335679e-01	2.5225239012e+03
9.5183846776e+06	9.8106197523e-01	2.5286997778e+03
9.5183846776e+06	9.8097018698e-01	2.5348657783e+03
9.5183846776e+06	9.8087798521e-01	2.5410529897e+03
9.5183846776e+06	9.8078535301e-01	2.5476226005e+03
9.5183846776e+06	9.8071983493e-01	2.5584304596e+03
9.5183846776e+06	9.8071463925e-01	2.5634634168e+03
9.5183846776e+06	9.8070940623e-01	2.5707282468e+03
9.5183846776e+06	9.8070415433e-01	2.5807832163e+03
9.5183846776e+06	9.8069892257e-01	2.5927476616e+03
9.5183846776e+06	9.8069374905e-01	2.6040253584e+03
9.5183846776e+06	9.8068865366e-01	2.6116094676e+03
9.5183846776e+06	9.8068363261e-01	2.6158664121e+03
9.5183846776e+06	9.8067870244e-01	2.6182827086e+03
9.5183846776e+06	9.8067391325e-01	2.6198750021e+03
9.5183846776e+06	9.8066935029e-01	2.6210762023e+03
9.5183846776e+06	9.8066519978e-01	2.6220576432e+03
9.5183846776e+06	9.8066195993e-01	2.6228995014e+03
9.5183846776e+06	9.8066037871e-01	2.6234811896e+03
9.5183846776e+06	9.8066114026e-01	2.6236498543e+03
9.5183846776e+06	9.8066330228e-01	2.6235671620e+03
9.5183846776e+06	9.8066611812e-01	2.6233619094e+03
9.5183846776e+06	9.8066929798e-01	2.6230762636e+03
9.5183846776e+06	9.8067278262e-01	2.6227542921e+03
9.5183846776e+06	9.8067641852e-01	2.6223915295e+03
9.5183846776e+06	9.8068016866e-01	2.6219929756e+03
9.5183846776e+06	9.8068404774e-01	2.6215812555e+03
9.5183846776e+06	9.8068801782e-01	2.6211541904e+03
9.5183846776e+06	9.8069204627e-01	2.6207031860e+03
9.5183846776e+06	9.8069612886e-01	2.6202320533e+03
9.5183846776e+06	9.8070029453e-01	2.6197696368e+03
9.5183846776e+06	9.8070449656e-01	2.6192880700e+03
9.5183846776e+06	9.8070873225e-01	2.6187876545e+03
9.5183846776e+06	9.8071300937e-01	2.6182783566e+03
9.5183846776e+06	9.8071733895e-01	2.6177765314e+03
9.5183846776e+06	9.8072169242e-01	2.6172583697e+03
9.5183846776e+06	9.8072606964e-01	2.6167246012e+03
9.5183846776e+06	9.8077821711e-01	2.6142750830e+03
9.5183846776e+06	9.8086491969e-01	2.6117049696e+03
9.5183846776e+06	9.8095159513e-01	2.6090213701e+03
9.5183846776e+06	9.8103823787e-01	2.6062253277e+03
9.5183846776e+06	9.8112486170e-01	2.6033148943e+03
9.5183846776e+06	9.8121142517e-01	2.6002873997e+03
9.5183846776e+06	9.8129786714e-01	2.5972295179e+03
9.5183846776e+06	9.8138419947e-01	2.5942536548e+03
9.5183846776e+06	9.8147047407e-01	2.5913560066e+03
9.5183846776e+06	9.8155680306e-01	2.5885217165e+03
9.5183846776e+06	9.8164337684e-01	2.5857326660e+03
9.5183846776e+06	9.8173061556e-01	2.5829666799e+03
9.5183846776e+06	9.8181144545e-01	2.5804222982e+03
9.5183846776e+06	9.8187775153e-01	2.5783351052e+03
9.5183846776e+06	9.8193032235e-01	2.5766765083e+03
9.5183846776e+06	9.8197426900e-01	2.5752670666e+03
9.5183846776e+06	9.8201068720e-01	2.5740623193e+03
9.5183846776e+06	9.8203953036e-01	2.5730697074e+03
9.5183846776e+06	9.8206263345e-01	2.5722310834e+03
9.5183846776e+06	9.8208153295e-01	2.5714936228e+03
9.5183846776e+06	9.8209689376e-01	2.5708404349e+03
9.5183846776e+06	9.8210897839e-01	2.5702866571e+03
9.5183846776e+06	9.8211889935e-01	2.5697795138e+03
9.5183846776e+06	9.8212695498e-01	2.5693110970e+03
9.5183846776e+06	9.8213337161e-01	2.5688830572e+03
9.5183846776e+06	9.8213843339e-01	2.5684998269e+03
9.5183846776e+06	9.8214236679e-01	2.5681371861e+03
9.5183846776e+06	9.8214528013e-01	2.5677928722e+03
9.5183846776e+06	9.8218248628e-01	2.5664909532e+03
9.5183846776e+06	9.8224369336e-01	2.5654413840e+03
9.5183846776e+06	9.8229708120e-01	2.5645616616e+03
9.5183846776e+06	9.8234462550e-01	2.5638039651e+03
9.5183846776e+06	9.8238756812e-01	2.5631383308e+03
9.5183846776e+06	9.8242674554e-01	2.5625448266e+03
9.5183846776e+06	9.8246273559e-01	2.5620091853e+03
9.5183846776e+06	9.8249594629e-01	2.5615146956e+03
9.5183846776e+06	9.8252669253e-01	2.5610626012e+03
9.5183846776e+06	9.8255520771e-01	2.5606440179e+03
9.5183846776e+06	9.8256694827e-01	2.5602495919e+03
9.5183846776e+06	9.8256483248e-01	2.5598725083e+03
9.5183846776e+06	9.8256147507e-01	2.5594916040e+03
9.5183846776e+06	9.8255679054e-01	2.5591064097e+03
9.5183846776e+06	9.8255067233e-01	2.5587164920e+03
9.5183846776e+06	9.8254295446e-01	2.5583215409e+03
9.5183846776e+06	9.8253338540e-01	2.5579215553e+03
9.5183846776e+06	9.8252136115e-01	2.5575172217e+03
9.5183846776e+06	9.8250571542e-01	2.5571092615e+03
9.5183846776e+06	9.8248309624e-01	2.5566791570e+03
9.5183846776e+06	9.8246887054e-01	2.5564002589e+03
9.5183846776e+06	9.8246643372e-01	2.5563833388e+03
9.5183846776e+06	9.8244466113e-01	2.5569360977e+03
9.5183846776e+06	9.8239281147e-01	2.5587287709e+03
9.5183846776e+06	9.8230259568e-01	2.5613703353e+03
9.5183846776e+06	9.8221346940e-01	2.5627164530e+03
9.5183846776e+06	9.8212527224e-01	2.5624081171e+03
9.5183846776e+06	9.8203789639e-01	2.5602466317e+03
9.5183846776e+06	9.8195110297e-01	2.5561525519e+03
9.5183846776e+06	9.8186449507e-01	2.5498754656e+03
9.5183846776e+06	9.8177792807e-01	2.5408684878e+03
9.5183846776e+06	9.8169144103e-01	2.5283632110e+03
9.5183846776e+06	9.8160517399e-01	2.5115086336e+03
9.5183846776e+06	9.8151932743e-01	2.4891995627e+03
9.5183846776e+06	9.8143400548e-01	2.4611926707e+03
9.5183846776e+06	9.8134932785e-01	2.4268237520e+03
9.5183846776e+06	9.8126526885e-01	2.3860524040e+03
9.5183846776e+06	9.8118117376e-01	2.3391890507e+03
9.5183846776e+06	9.8103356950e-01	2.2855294641e+03
9.5183846776e+06	9.8087318566e-01	2.2574011773e+03
9.5183846776e+06	9.8081453579e-01	2.2579386137e+03
9.5183846776e+06	9.8075549239e-01	2.2587012666e+03
9.5183846776e+06	9.8069609377e-01	2.2597051388e+03
9.5183846776e+06	9.8063619872e-01	2.2609164958e+03
9.5183846776e+06	9.8057554570e-01	2.2622964108e+03
9.5183846776e+06	9.8051466828e-01	2.2638139423e+03
9.5183846776e+06	9.8045322442e-01	2.2654463372e+03
9.5183846776e+06	9.8039068759e-01	2.2671768336e+03
9.5183846776e+06	9.8032688656e-01	2.2689927753e+03
9.5183846776e+06	9.8026283122e-01	2.2708843174e+03
9.5183846776e+06	9.8019769838e-01	2.2728436427e+03
9.5183846776e+06	9.8013217430e-01	2.2748643530e+03
9.5183846776e+06	9.8006638489e-01	2.2769411319e+03
9.5183846776e+06	9.8000023267e-01	2.2790694831e+03
9.5183846776e+06	9.7993258515e-01	2.2812455586e+03
9.5183846776e+06	9.7986373699e-01	2.2834659794e+03
9.5183846776e+06	9.7979461153e-01	2.2857277471e+03
9.5183846776e+06	9.7972484851e-01	2.2880281992e+03
9.5183846776e+06	9.7965379487e-01	2.2903649295e+03
9.5183846776e+06	9.7958127792e-01	2.2927357245e+03
9.5183846776e+06	9.7950766664e-01	2.2951385224e+03
9.5183846776e+06	9.7943376543e-01	2.2975713829e+03
9.5183846776e+06	9.7935957272e-01	2.3000324832e+03
9.5183846776e+06	9.7928508684e-01	2.3025200849e+03
9.5183846776e+06	9.7921030611e-01	2.3050325193e+03
9.5183846776e+06	9.7913522888e-01	2.3075681816e+03
9.5183846776e+06	9.7905985347e-01	2.3101255296e+03
9.5183846776e+06	9.7898417815e-01	2.3127030936e+03
9.5183846776e+06	9.7890820121e-01	2.3152994967e+03
9.5183846776e+06	9.7883192091e-01	2.3179134856e+03
9.5183846776e+06	9.7875533541e-01	2.3205439831e+03
9.5183846776e+06	9.7867844297e-01	2.3231901491e+03
9.5183846776e+06	9.7860124171e-01	2.3258515065e+03
9.5183846776e+06	9.7852372978e-01	2.3285279328e+03
9.5183846776e+06	9.7844590516e-01	2.3312199322e+03
9.5183846776e+06	9.7836776589e-01	2.3339287142e+03
9.5183846776e+06	9.7828930987e-01	2.3366563851e+03
9.5183846776e+06	9.7821053492e-01	2.3394061117e+03
9.5183846776e+06	9.7813143872e-01	2.3421822947e+03
9.5183846776e+06	9.7805201880e-01	2.3449907039e+03
9.5183846776e+06	9.7797227270e-01	2.3478385930e+03
9.5183846776e+06	9.7789219279e-01	2.3507347323e+03
9.5183846776e+06	9.7781178104e-01	2.3536894628e+03
9.5183846776e+06	9.7773103062e-01	2.3567143190e+03
9.5183846776e+06	9.7764994260e-01	2.3598221175e+03
9.5183846776e+06	9.7756851082e-01	2.3630265506e+03
9.5183846776e+06	9.7748673595e-01	2.3663418295e+03
9.5183846776e+06	9.7740461240e-01	2.3697822597e+03
9.5183846776e+06	9.7732214058e-01	2.3733617648e+03
9.5183846776e+06	9.7723931552e-01	2.3770933635e+03
9.5183846776e+06	9.7715613787e-01	2.3809886474e+03
9.5183846776e+06	9.7707260265e-01	2.3850572452e+03
9.5183846776e+06	9.7698871114e-01	2.3893063388e+03
9.5183846776e+06	9.7690445814e-01	2.3937403027e+03
9.5183846776e+06	9.7681984471e-01	2.3983603254e+03
9.5183846776e+06	9.7673486754e-01	2.4031644420e+03
9.5183846776e+06	9.7664952472e-01	2.4081476057e+03
9.5183846776e+06	9.7656381526e-01	2.4133019373e+03
9.5183846776e+06	9.7647773673e-01	2.4186171825e+03
9.5183846776e+06	9.7639128583e-01	2.4240813387e+03
9.5183846776e+06	9.7630446125e-01	2.4296808825e+03
9.5183846776e+06	9.7621726031e-01	2.4354017747e+03
9.5183846776e+06	9.7612968022e-01	2.4412298000e+03
9.5183846776e+06	9.7604171744e-01	2.4471510174e+03
9.5183846776e+06	9.7595336882e-01	2.4531521099e+03
9.5183846776e+06	9.7586463103e-01	2.4592206805e+03
9.5183846776e+06	9.7577549944e-01	2.4653452466e+03
9.5183846776e+06	9.7568596866e-01	2.4715155056e+03
9.5183846776e+06	9.7559603312e-01	2.4777222635e+03
9.5183846776e+06	9.7550569343e-01	2.4839574027e+03
9.5183846776e+06	9.7541495268e-01	2.4902138060e+03
9.5183846776e+06	9.7532381128e-01	2.4964854568e+03
9.5183846776e+06	9.7523226580e-01	2.5027667005e+03
9.5183846776e+06	9.7514031412e-01	2.5090528927e+03
9.5183846776e+06	9.7504795617e-01	2.5153399620e+03
9.5183846776e+06	9.7495518468e-01	2.5216243788e+03
9.5183846776e+06	9.7486200329e-01	2.5279029256e+03
9.5183846776e+06	9.7476840090e-01	2.5341728143e+03
9.5183846776e+06	9.7467438246e-01	2.5404317603e+03
9.5183846776e+06	9.7457993862e-01	2.5466803550e+03
9.5183846776e+06	9.7448506639e-01	2.5529471761e+03
9.5183846776e+06	9.7438974244e-01	2.5595652473e+03
9.5183846776e+06	9.7431930715e-01	2.5700985154e+03
9.5183846776e+06	9.7431385924e-01	2.5749200632e+03
9.5183846776e+06	9.7430836504e-01	2.5818638724e+03
9.5183846776e+06	9.7430284766e-01	2.5915371252e+03
9.5183846776e+06	9.7429734816e-01	2.6031289335e+03
9.5183846776e+06	9.7429189970e-01	2.6144740844e+03
9.5183846776e+06	9.7428652617e-01	2.6223010063e+03
9.5183846776e+06	9.7428120871e-01	2.6267678449e+03
9.5183846776e+06	9.7427592064e-01	2.6293248484e+03
9.5183846776e+06	9.7427064343e-01	2.6310202199e+03
9.5183846776e+06	9.7426535978e-01	2.6322939866e+03
9.5183846776e+06	9.7426005099e-01	2.6333362702e+03
9.5183846776e+06	9.7425468237e-01	2.6342313170e+03
9.5183846776e+06	9.7424918166e-01	2.6348745020e+03
9.5183846776e+06	9.7424341695e-01	2.6350914018e+03
9.5183846776e+06	9.7423710516e-01	2.6344875063e+03
9.5183846776e+06	9.7422962497e-01	2.6321292622e+03
9.5183846776e+06	9.7421984945e-01	2.6262181700e+03
9.5183846776e+06	9.7420471555e-01	2.6120057107e+03
9.5183846776e+06	9.7418762803e-01	2.5909751093e+03
9.5183846776e+06	9.7417055940e-01	2.5658800470e+03
9.5183846776e+06	9.7415181804e-01	2.5353144940e+03
9.5183846776e+06	9.7413012901e-01	2.4945380878e+03
9.5183846776e+06	9.7410307476e-01	2.4315539009e+03
9.5183846776e+06	9.7408422057e-01	2.3322645313e+03
9.5183846776e+06	9.7400421382e-01	2.2737641307e+03
9.5183846776e+06	9.7390708915e-01	2.2576308357e+03
9.5183846776e+06	9.7384720342e-01	2.2582600756e+03
9.5183846776e+06	9.7378668366e-01	2.2591431866e+03
9.5183846776e+06	9.7372588825e-01	2.2602854971e+03
9.5183846776e+06	9.7366431432e-01	2.2616435381e+03
9.5183846776e+06	9.7360217867e-01	2.2631735812e+03
9.5183846776e+06	9.7353980239e-01	2.2648427043e+03
9.5183846776e+06	9.7347645336e-01	2.2666273557e+03
9.5183846776e+06	9.7341173282e-01	2.2685104282e+03
9.5183846776e+06	9.7334629955e-01	2.2704790915e+03
9.5183846776e+06	9.7328019709e-01	2.2725234355e+03
9.5183846776e+06	9.7321324295e-01	2.2746355841e+03
9.5183846776e+06	9.7314601607e-01	2.2768091083e+03
9.5183846776e+06	9.7307851412e-01	2.2790386719e+03
9.5183846776e+06	9.7300990513e-01	2.2813197732e+03
9.5183846776e+06	9.7293952572e-01	2.2836485396e+03
9.5183846776e+06	9.7286884744e-01	2.2860215559e+03
9.5183846776e+06	9.7279767689e-01	2.2884358304e+03
9.5183846776e+06	9.7272513540e-01	2.2908886955e+03
9.5183846776e+06	9.7265102910e-01	2.2933777222e+03
9.5183846776e+06	9.7257571004e-01	2.2959006723e+03
9.5183846776e+06	9.7250009441e-01	2.2984554582e+03
9.5183846776e+06	9.7242418061e-01	2.3010401358e+03
9.5183846776e+06	9.7234796694e-01	2.3036528662e+03
9.5183846776e+06	9.7227145170e-01	2.3062918917e+03
9.5183846776e+06	9.7219463327e-01	2.3089555235e+03
9.5183846776e+06	9.7211750988e-01	2.3116421820e+03
9.5183846776e+06	9.7204007983e-01	2.3143502483e+03
9.5183846776e+06	9.7196234142e-01	2.3170782453e+03
9.5183846776e+06	9.7188429282e-01	2.3198247904e+03
9.5183846776e+06	9.7180593223e-01	2.3225886302e+03
9.5183846776e+06	9.7172725789e-01	2.3253686939e+03
9.5183846776e+06	9.7164826786e-01	2.3281641673e+03
9.5183846776e+06	9.7156896029e-01	2.3309745834e+03
9.5183846776e+06	9.7148933318e-01	2.3337999396e+03
9.5183846776e+06	9.7140938447e-01	2.3366408393e+03
9.5183846776e+06	9.7132911200e-01	2.3394986408e+03
9.5183846776e+06	9.7124851356e-01	2.3423756947e+03
9.5183846776e+06	9.7116758672e-01	2.3452753646e+03
9.5183846776e+06	9.7108632896e-01	2.3482023779e+03
9.5183846776e+06	9.7100473442e-01	2.3511628916e+03
9.5183846776e+06	9.7092279929e-01	2.3541646138e+03
9.5183846776e+06	9.7084052129e-01	2.3572168218e+03
9.5183846776e+06	9.7075789768e-01	2.3603303205e+03
9.5183846776e+06	9.7067492459e-01	2.3635173174e+03
9.5183846776e+06	9.7059160077e-01	2.3667911739e+03
9.5183846776e+06	9.7050792079e-01	2.3701661735e+03
9.5183846776e+06	9.7042388539e-01	2.3736568161e+03
9.5183846776e+06	9.7033948732e-01	2.3772776773e+03
9.5183846776e+06	9.7025472881e-01	2.3810427480e+03
9.5183846776e+06	9.7016960384e-01	2.3849648750e+03
9.5183846776e+06	9.7008411260e-01	2.3890551857e+03
9.5183846776e+06	9.6999825275e-01	2.3933225443e+03
9.5183846776e+06	9.6991202072e-01	2.3977730987e+03
9.5183846776e+06	9.6982541695e-01	2.4024098526e+03
9.5183846776e+06	9.6973843868e-01	2.4072325589e+03
9.5183846776e+06	9.6965108294e-01	2.4122376771e+03
9.5183846776e+06	9.6956334915e-01	2.4174186078e+03
9.5183846776e+06	9.6947523484e-01	2.4227660375e+03
9.5183846776e+06	9.6938673742e-01	2.4282684815e+03
9.5183846776e+06	9.6929785420e-01	2.4339129137e+03
9.5183846776e+06	9.6920858239e-01	2.4396852078e+03
9.5183846776e+06	9.6911891911e-01	2.4455709334e+03
9.5183846776e+06	9.6902885881e-01	2.4515557645e+03
9.5183846776e+06	9.6893839934e-01	2.4576258915e+03
9.5183846776e+06	9.6884753456e-01	2.4637683987e+03
9.5183846776e+06	9.6875625807e-01	2.4699712152e+03
9.5183846776e+06	9.6866456579e-01	2.4762235181e+03
9.5183846776e+06	9.6857246311e-01	2.4825156398e+03
9.5183846776e+06	9.6847995156e-01	2.4888390503e+03
9.5183846776e+06	9.6838702932e-01	2.4951864801e+03
9.5183846776e+06	9.6829369862e-01	2.5015511930e+03
9.5183846776e+06	9.6819995071e-01	2.5079276364e+03
9.5183846776e+06	9.6810578885e-01	2.5143109935e+03
9.5183846776e+06	9.6801120685e-01	2.5206970940e+03
9.5183846776e+06	9.6791620269e-01	2.5270823076e+03
9.5183846776e+06	9.6782077503e-01	2.5334635180e+03
9.5183846776e+06	9.6772491531e-01	2.5398378089e+03
9.5183846776e+06	9.6762862577e-01	2.5462027009e+03
9.5183846776e+06	9.6753189945e-01	2.5525561914e+03
9.5183846776e+06	9.6743472829e-01	2.5588992823e+03
9.5183846776e+06	9.6733710198e-01	2.5652624582e+03
9.5183846776e+06	9.6723899930e-01	2.5719977101e+03
9.5183846776e+06	9.6716762879e-01	2.5828652397e+03
9.5183846776e+06	9.6716192053e-01	2.5879117263e+03
9.5183846776e+06	9.6715616013e-01	2.5951743746e+03
9.5183846776e+06	9.6715038020e-01	2.6051281942e+03
9.5183846776e+06	9.6714463098e-01	2.6167117689e+03
9.5183846776e+06	9.6713895196e-01	2.6275028711e+03
9.5183846776e+06	9.6713336275e-01	2.6347818260e+03
9.5183846776e+06	9.6712783929e-01	2.6388999142e+03
9.5183846776e+06	9.6712235411e-01	2.6413003545e+03
9.5183846776e+06	9.6711689345e-01	2.6429445366e+03
9.5183846776e+06	9.6711145331e-01	2.6442135007e+03
9.5183846776e+06	9.6710603655e-01	2.6452618668e+03
9.5183846776e+06	9.6710065897e-01	2.6461660570e+03
9.5183846776e+06	9.6709534751e-01	2.6467899250e+03
9.5183846776e+06	9.6709015769e-01	2.6469410296e+03
9.5183846776e+06	9.6708523296e-01	2.6461519238e+03
9.5183846776e+06	9.6708085225e-01	2.6433636621e+03
9.5183846776e+06	9.6707756638e-01	2.6365061695e+03
9.5183846776e+06	9.6707680504e-01	2.6203912278e+03
9.5183846776e+06	9.6708122819e-01	2.5827107392e+03
9.5183846776e+06	9.6708947495e-01	2.5220258915e+03
9.5183846776e+06	9.6710041080e-01	2.4477534417e+03
9.5183846776e+06	9.6711437252e-01	2.3606162254e+03
9.5183846776e+06	9.6711959330e-01	2.3333337450e+03
9.5183846776e+06	9.6712362588e-01	2.3326239148e+03
9.5183846776e+06	9.6712768774e-01	2.3319294406e+03
9.5183846776e+06	9.6713174629e-01	2.3312174611e+03
9.5183846776e+06	9.6713580234e-01	2.3304885892e+03
9.5183846776e+06	9.6718647522e-01	2.3271832214e+03
9.5183846776e+06	9.6727105077e-01	2.3237557412e+03
9.5183846776e+06	9.6735520922e-01	2.3203010407e+03
9.5183846776e+06	9.6743816652e-01	2.3169218446e+03
9.5183846776e+06	9.6752057050e-01	2.3136046436e+03
9.5183846776e+06	9.6760303935e-01	2.3103304181e+03
9.5183846776e+06	9.6768570756e-01	2.3070752834e+03
9.5183846776e+06	9.6776876093e-01	2.3038091346e+03
9.5183846776e+06	9.6785230273e-01	2.3004931584e+03
9.5183846776e+06	9.6792660443e-01	2.2974569798e+03
9.5183846776e+06	9.6798409041e-01	2.2950525235e+03
9.5183846776e+06	9.6802999882e-01	2.2930691455e+03
9.5183846776e+06	9.6814382658e-01	2.2886858391e+03
9.5183846776e+06	9.6826449313e-01	2.2851256932e+03
9.5183846776e+06	9.6834784323e-01	2.2828040253e+03
9.5183846776e+06	9.6841288517e-01	2.2810761083e+03
9.5183846776e+06	9.6846695652e-01	2.2796923951e+03
9.5183846776e+06	9.6851356852e-01	2.2785335235e+03
9.5183846776e+06	9.6855465228e-01	2.2775327938e+03
9.5183846776e+06	9.6859137266e-01	2.2766489404e+03
9.5183846776e+06	9.6862447775e-01	2.2758544688e+03
9.5183846776e+06	9.6863768015e-01	2.2751196391e+03
9.5183846776e+06	9.6863249645e-01	2.2744273298e+03
9.5183846776e+06	9.6862550501e-01	2.2737181384e+03
9.5183846776e+06	9.6861644230e-01	2.2729874836e+03
9.5183846776e+06	9.6860483927e-01	2.2722290146e+03
9.5183846776e+06	9.6858982246e-01	2.2714328624e+03
9.5183846776e+06	9.6856977247e-01	2.2705810549e+03
9.5183846776e+06	9.6855041598e-01	2.2699157265e+03
9.5183846776e+06	9.6853174543e-01	2.2693670314e+03
9.5183846776e+06	9.6851413985e-01	2.2689005905e+03
9.5183846776e+06	9.6849768286e-01	2.2684915579e+03
9.5183846776e+06	9.6848135011e-01	2.2681064836e+03
9.5183846776e+06	9.6846505003e-01	2.2677366858e+03
9.5183846776e+06	9.6845667245e-01	2.2662366897e+03
9.5183846776e+06	9.6846889593e-01	2.2647996188e+03
9.5183846776e+06	9.6847526074e-01	2.2633788643e+03
9.5183846776e+06	9.6847824866e-01	2.2619438432e+03
9.5183846776e+06	9.6847885581e-01	2.2605001018e+03
9.5183846776e+06	9.6847741754e-01	2.2590386632e+03
9.5183846776e+06	9.6847402499e-01	2.2575458613e+03
9.5183846776e+06	9.6841206620e-01	2.2578246628e+03
9.5183846776e+06	9.6835089755e-01	2.2585528568e+03
9.5183846776e+06	9.6828886012e-01	2.2595630045e+03
9.5183846776e+06	9.6822663047e-01	2.2608480176e+03
9.5183846776e+06	9.6816334642e-01	2.2623551411e+03
9.5183846776e+06	9.6809969531e-01	2.2640365960e+03
9.5183846776e+06	9.6803566444e-01	2.2658579686e+03
9.5183846776e+06	9.6797040733e-01	2.2677951687e+03
9.5183846776e+06	9.6790358549e-01	2.2698308872e+03
9.5183846776e+06	9.6783649059e-01	2.2719522019e+03
9.5183846776e+06	9.6776819250e-01	2.2741491853e+03
9.5183846776e+06	9.6769951671e-01	2.2764139242e+03
9.5183846776e+06	9.6763055837e-01	2.2787399862e+03
9.5183846776e+06	9.6756084932e-01	2.2811220340e+03
9.5183846776e+06	9.6748935256e-01	2.2835555611e+03
9.5183846776e+06	9.6741710868e-01	2.2860366563e+03
9.5183846776e+06	9.6734457164e-01	2.2885619141e+03
9.5183846776e+06	9.6727064590e-01	2.2911283492e+03
9.5183846776e+06	9.6719507341e-01	2.2937332732e+03
9.5183846776e+06	9.6711803217e-01	2.2963742394e+03
9.5183846776e+06	9.6704068751e-01	2.2990490282e+03
9.5183846776e+06	9.6696303775e-01	2.3017554909e+03
9.5183846776e+06	9.6688508126e-01	2.3044916794e+03
9.5183846776e+06	9.6680681631e-01	2.3072557419e+03
9.5183846776e+06	9.6672824121e-01	2.3100459069e+03
9.5183846776e+06	9.6664935421e-01	2.3128604717e+03
9.5183846776e+06	9.6657015358e-01	2.3156977953e+03
9.5183846776e+06	9.6649063757e-01	2.3185563037e+03
9.5183846776e+06	9.6641080437e-01	2.3214345007e+03
9.5183846776e+06	9.6633065218e-01	2.3243310378e+03
9.5183846776e+06	9.6625017914e-01	2.3272445964e+03
9.5183846776e+06	9.6616938334e-01	2.3301741231e+03
9.5183846776e+06	9.6608826287e-01	2.3331188321e+03
9.5183846776e+06	9.6600681578e-01	2.3360783013e+03
9.5183846776e+06	9.6592504002e-01	2.3390526002e+03
9.5183846776e+06	9.6584293332e-01	2.3420424416e+03
9.5183846776e+06	9.6576049347e-01	2.3450493263e+03
9.5183846776e+06	9.6567771802e-01	2.3480757559e+03
9.5183846776e+06	9.6559460442e-01	2.3511254065e+03
9.5183846776e+06	9.6551114247e-01	2.3542033107e+03
9.5183846776e+06	9.6542733496e-01	2.3573160993e+03
9.5183846776e+06	9.6534317171e-01	2.3604717777e+03
9.5183846776e+06	9.6525865651e-01	2.3636801245e+03
9.5183846776e+06	9.6517378164e-01	2.3669524748e+03
9.5183846776e+06	9.6508854624e-01	2.3703015716e+03
9.5183846776e+06	9.6500294746e-01	2.3737413006e+03
9.5183846776e+06	9.6491697924e-01	2.3772863178e+03
9.5183846776e+06	9.6483064273e-01	2.3809516035e+03
9.5183846776e+06	9.6474393180e-01	2.3847519592e+03
9.5183846776e+06	9.6465684530e-01	2.3887013491e+03
9.5183846776e+06	9.6456938214e-01	2.3928123813e+03
9.5183846776e+06	9.6448153709e-01	2.3970956703e+03
9.5183846776e+06	9.6439331002e-01	2.4015592832e+03
9.5183846776e+06	9.6430469942e-01	2.4062082824e+03
9.5183846776e+06	9.6421570299e-01	2.4110444703e+03
9.5183846776e+06	9.6412631758e-01	2.4160661364e+03
9.5183846776e+06	9.6403654157e-01	2.4212682895e+03
9.5183846776e+06	9.6394637302e-01	2.4266429341e+03
9.5183846776e+06	9.6385580924e-01	2.4321795042e+03
9.5183846776e+06	9.6376484589e-01	2.4378654750e+03
9.5183846776e+06	9.6367348091e-01	2.4436869808e+03
9.5183846776e+06	9.6358171038e-01	2.4496296117e+03
9.5183846776e+06	9.6348952858e-01	2.4556784865e+03
9.5183846776e+06	9.6339693008e-01	2.4618193054e+03
9.5183846776e+06	9.6330390783e-01	2.4680384942e+03
9.5183846776e+06	9.6321046023e-01	2.4743234035e+03
9.5183846776e+06	9.6311659585e-01	2.4806625537e+03
9.5183846776e+06	9.6302231649e-01	2.4870456678e+03
9.5183846776e+06	9.6292761715e-01	2.4934637667e+03
9.5183846776e+06	9.6283249852e-01	2.4999087868e+03
9.5183846776e+06	9.6273696025e-01	2.5063738900e+03
9.5183846776e+06	9.6264099305e-01	2.5128531797e+03
9.5183846776e+06	9.6254460384e-01	2.5193415907e+03
9.5183846776e+06	9.6244777727e-01	2.5258348249e+03
9.5183846776e+06	9.6235052046e-01	2.5323290434e+03
9.5183846776e+06	9.6225282551e-01	2.5388209990e+03
9.5183846776e+06	9.6215468501e-01	2.5453078407e+03
9.5183846776e+06	9.6205609759e-01	2.5517870444e+03
9.5183846776e+06	9.6195705450e-01	2.5582563703e+03
9.5183846776e+06	9.6185754800e-01	2.5647141735e+03
9.5183846776e+06	9.6175759736e-01	2.5711615879e+03
9.5183846776e+06	9.6165719906e-01	2.5776318196e+03
9.5183846776e+06	9.6155631703e-01	2.5845028307e+03
9.5183846776e+06	9.6148456399e-01	2.5958034830e+03
9.5183846776e+06	9.6147860345e-01	2.6011430608e+03
9.5183846776e+06	9.6147259084e-01	2.6088076024e+03
9.5183846776e+06	9.6146656754e-01	2.6190821487e+03
9.5183846776e+06	9.6146058434e-01	2.6306699948e+03
9.5183846776e+06	9.6145467979e-01	2.6409384073e+03
9.5183846776e+06	9.6144887099e-01	2.6475558124e+03
9.5183846776e+06	9.6144312783e-01	2.6512797201e+03
9.5183846776e+06	9.6143741963e-01	2.6535334200e+03
9.5183846776e+06	9.6143172901e-01	2.6551292473e+03
9.5183846776e+06	9.6142604353e-01	2.6563915420e+03
9.5183846776e+06	9.6142034590e-01	2.6574469507e+03
9.5183846776e+06	9.6141458279e-01	2.6583478744e+03
9.5183846776e+06	9.6140860316e-01	2.6589342805e+03
9.5183846776e+06	9.6140185469e-01	2.6589831051e+03
9.5183846776e+06	9.6139341931e-01	2.6581410545e+03
9.5183846776e+06	9.6138472742e-01	2.6568762773e+03
9.5183846776e+06	9.6137444292e-01	2.6553822682e+03
9.5183846776e+06	9.6136162064e-01	2.6537030023e+03
9.5183846776e+06	9.6134533297e-01	2.6518305887e+03
9.5183846776e+06	9.6132490066e-01	2.6497765615e+03
9.5183846776e+06	9.6130590052e-01	2.6480537663e+03
9.5183846776e+06	9.6128832991e-01	2.6465553810e+03
9.5183846776e+06	9.6127123295e-01	2.6451575044e+03
9.5183846776e+06	9.6126322341e-01	2.6438155334e+03
9.5183846776e+06	9.6125988675e-01	2.6425859082e+03
9.5183846776e+06	9.6125174351e-01	2.6413644324e+03
9.5183846776e+06	9.6124130897e-01	2.6401400346e+03
9.5183846776e+06	9.6122973915e-01	2.6389246337e+03
9.5183846776e+06	9.6121795875e-01	2.6377537939e+03
9.5183846776e+06	9.6120529992e-01	2.6365622743e+03
9.5183846776e+06	9.6119188617e-01	2.6353472371e+03
9.5183846776e+06	9.6116690931e-01	2.6314340345e+03
9.5183846776e+06	9.6122451141e-01	2.6269102098e+03
9.5183846776e+06	9.6131463533e-01	2.6222661651e+03
9.5183846776e+06	9.6140268282e-01	2.6176416948e+03
9.5183846776e+06	9.6148909700e-01	2.6130255684e+03
9.5183846776e+06	9.6157428206e-01	2.6083874731e+03
9.5183846776e+06	9.6165865257e-01	2.6036814865e+03
9.5183846776e+06	9.6174278583e-01	2.5988396875e+03
9.5183846776e+06	9.6182724065e-01	2.5937579625e+03
9.5183846776e+06	9.6191212378e-01	2.5882196440e+03
9.5183846776e+06	9.6203817595e-01	2.5818583089e+03
9.5183846776e+06	9.6218628778e-01	2.5745538754e+03
9.5183846776e+06	9.6228091176e-01	2.5700519708e+03
9.5183846776e+06	9.6235103178e-01	2.5668412809e+03
9.5183846776e+06	9.6240832558e-01	2.5643027104e+03
9.5183846776e+06	9.6245787498e-01	2.5621688635e+03
9.5183846776e+06	9.6250225520e-01	2.5602989395e+03
9.5183846776e+06	9.6254335361e-01	2.5585867708e+03
9.5183846776e+06	9.6255411974e-01	2.5569875715e+03
9.5183846776e+06	9.6255007022e-01	2.5555173198e+03
9.5183846776e+06	9.6254503809e-01	2.5538643278e+03
9.5183846776e+06	9.6253876701e-01	2.5518741738e+03
9.5183846776e+06	9.6252992607e-01	2.5491341902e+03
9.5183846776e+06	9.6251386950e-01	2.5450583759e+03
9.5183846776e+06	9.6249664007e-01	2.5421344110e+03
9.5183846776e+06	9.6247717771e-01	2.5397592329e+03
9.5183846776e+06	9.6245805759e-01	2.5379339261e+03
9.5183846776e+06	9.6243970519e-01	2.5364887099e+03
9.5183846776e+06	9.6242144710e-01	2.5352710519e+03
9.5183846776e+06	9.6240330851e-01	2.5342132871e+03
9.5183846776e+06	9.6238643339e-01	2.5333101196e+03
9.5183846776e+06	9.6236989062e-01	2.5324856955e+03
9.5183846776e+06	9.6235327129e-01	2.5317051846e+03
9.5183846776e+06	9.6233654380e-01	2.5309555088e+03
9.5183846776e+06	9.6231669057e-01	2.5279841061e+03
9.5183846776e+06	9.6232450319e-01	2.5252248455e+03
9.5183846776e+06	9.6232488565e-01	2.5225142157e+03
9.5183846776e+06	9.6232059481e-01	2.5198165149e+03
9.5183846776e+06	9.6231898804e-01	2.5170887565e+03
9.5183846776e+06	9.6231769248e-01	2.5143019941e+03
9.5183846776e+06	9.6231467833e-01	2.5114821143e+03
9.5183846776e+06	9.6230972036e-01	2.5086255046e+03
9.5183846776e+06	9.6230256994e-01	2.5057585651e+03
9.5183846776e+06	9.6229272707e-01	2.5028575205e+03
9.5183846776e+06	9.6228114499e-01	2.4998927021e+03
9.5183846776e+06	9.6226753551e-01	2.4968355732e+03
9.5183846776e+06	9.6224704092e-01	2.4936371750e+03
9.5183846776e+06	9.6221291815e-01	2.4898643652e+03
9.5183846776e+06	9.6215330421e-01	2.4813003218e+03
9.5183846776e+06	9.6205043176e-01	2.4694258046e+03
9.5183846776e+06	9.6194170633e-01	2.4543348358e+03
9.5183846776e+06	9.6182068815e-01	2.4331673740e+03
9.5183846776e+06	9.6170035204e-01	2.4076808326e+03
9.5183846776e+06	9.6154651742e-01	2.3686787791e+03
9.5183846776e+06	9.6134352099e-01	2.3052229826e+03
9.5183846776e+06	9.6107807651e-01	2.2579338155e+03
9.5183846776e+06	9.6101553707e-01	2.2587381736e+03
9.5183846776e+06	9.6095205841e-01	2.2598456810e+03
9.5183846776e+06	9.6088836718e-01	2.2612457351e+03
9.5183846776e+06	9.6082345201e-01	2.2628781469e+03
9.5183846776e+06	9.6075826360e-01	2.2646905166e+03
9.5183846776e+06	9.6069244358e-01	2.2666461235e+03
9.5183846776e+06	9.6062518708e-01	2.2687197118e+03
9.5183846776e+06	9.6055669772e-01	2.2708933277e+03
9.5183846776e+06	9.6048765239e-01	2.2731536798e+03
9.5183846776e+06	9.6041753031e-01	2.2754905852e+03
9.5183846776e+06	9.6034711817e-01	2.2778959584e+03
9.5183846776e+06	9.6027641395e-01	2.2803632424e+03
9.5183846776e+06	9.6020415321e-01	2.2828870175e+03
9.5183846776e+06	9.6013034834e-01	2.2854626822e+03
9.5183846776e+06	9.6005624340e-01	2.2880862599e+03
9.5183846776e+06	9.5998116316e-01	2.2907543152e+03
9.5183846776e+06	9.5990446135e-01	2.2934638117e+03
9.5183846776e+06	9.5982602982e-01	2.2962120218e+03
9.5183846776e+06	9.5974696411e-01	2.2989965143e+03
9.5183846776e+06	9.5966758664e-01	2.3018149180e+03
9.5183846776e+06	9.5958789573e-01	2.3046651370e+03
9.5183846776e+06	9.5950788968e-01	2.3075451947e+03
9.5183846776e+06	9.5942756678e-01	2.3104532146e+03
9.5183846776e+06	9.5934692528e-01	2.3133874025e+03
9.5183846776e+06	9.5926596345e-01	2.3163460330e+03
9.5183846776e+06	9.5918467948e-01	2.3193274448e+03
9.5183846776e+06	9.5910307161e-01	2.3223300423e+03
9.5183846776e+06	9.5902113793e-01	2.3253523082e+03
9.5183846776e+06	9.5893887667e-01	2.3283928273e+03
9.5183846776e+06	9.5885628587e-01	2.3314504510e+03
9.5183846776e+06	9.5877336365e-01	2.3345239301e+03
9.5183846776e+06	9.5869010801e-01	2.3376124842e+03
9.5183846776e+06	9.5860651688e-01	2.3407156944e+03
9.5183846776e+06	9.5852258808e-01	2.3438336354e+03
9.5183846776e+06	9.5843831941e-01	2.3469670301e+03
9.5183846776e+06	9.5835370831e-01	2.3501174201e+03
9.5183846776e+06	9.5826875201e-01	2.3532873586e+03
9.5183846776e+06	9.5818343640e-01	2.3564806059e+03
9.5183846776e+06	9.5809776660e-01	2.3597023384e+03
9.5183846776e+06	9.5801173515e-01	2.3629592139e+03
9.5183846776e+06	9.5792533928e-01	2.3662595856e+03
9.5183846776e+06	9.5783857869e-01	2.3696134738e+03
9.5183846776e+06	9.5775144413e-01	2.3730325170e+03
9.5183846776e+06	9.5766393700e-01	2.3765297993e+03
9.5183846776e+06	9.5757605407e-01	2.3801195940e+03
9.5183846776e+06	9.5748778684e-01	2.3838168731e+03
9.5183846776e+06	9.5739913725e-01	2.3876369432e+03
9.5183846776e+06	9.5731010192e-01	2.3915948281e+03
9.5183846776e+06	9.5722067521e-01	2.3957046545e+03
9.5183846776e+06	9.5713085615e-01	2.3999790078e+03
9.5183846776e+06	9.5704064327e-01	2.4044283442e+03
9.5183846776e+06	9.5695003400e-01	2.4090602912e+03
9.5183846776e+06	9.5685902572e-01	2.4138793507e+03
9.5183846776e+06	9.5676761594e-01	2.4188865725e+03
9.5183846776e+06	9.5667580218e-01	2.4240794795e+03
9.5183846776e+06	9.5658358180e-01	2.4294522105e+03
9.5183846776e+06	9.5649095221e-01	2.4349959245e+03
9.5183846776e+06	9.5639791046e-01	2.4406993470e+03
9.5183846776e+06	9.5630444956e-01	2.4465492118e+03
9.5183846776e+06	9.5621056702e-01	2.4525311654e+03
9.5183846776e+06	9.5611625540e-01	2.4586303141e+03
9.5183846776e+06	9.5602150679e-01	2.4648318039e+03
9.5183846776e+06	9.5592632403e-01	2.4711214330e+03
9.5183846776e+06	9.5583071452e-01	2.4774854759e+03
9.5183846776e+06	9.5573468101e-01	2.4839115383e+03
9.5183846776e+06	9.5563822198e-01	2.4903884417e+03
9.5183846776e+06	9.5554133108e-01	2.4969062006e+03
9.5183846776e+06	9.5544401536e-01	2.5034560999e+03
9.5183846776e+06	9.5534625987e-01	2.5100305838e+03
9.5183846776e+06	9.5524807245e-01	2.5166231535e+03
9.5183846776e+06	9.5514944407e-01	2.5232283804e+03
9.5183846776e+06	9.5505037043e-01	2.5298413135e+03
9.5183846776e+06	9.5495085197e-01	2.5364579202e+03
9.5183846776e+06	9.5485087987e-01	2.5430747162e+03
9.5183846776e+06	9.5475044451e-01	2.5496886871e+03
9.5183846776e+06	9.5464953585e-01	2.5562971955e+03
9.5183846776e+06	9.5454816541e-01	2.5628979860e+03
9.5183846776e+06	9.5444634716e-01	2.5694888640e+03
9.5183846776e+06	9.5434407817e-01	2.5760681915e+03
9.5183846776e+06	9.5424135537e-01	2.5826369952e+03
9.5183846776e+06	9.5413817294e-01	2.5892239941e+03
9.5183846776e+06	9.5403449442e-01	2.5961580579e+03
9.5183846776e+06	9.5395514250e-01	2.6069572608e+03
9.5183846776e+06	9.5394889973e-01	2.6122089322e+03
9.5183846776e+06	9.5394262699e-01	2.6194356736e+03
9.5183846776e+06	9.5393633150e-01	2.6293332510e+03
9.5183846776e+06	9.5393007454e-01	2.6408320740e+03
9.5183846776e+06	9.5392388882e-01	2.6516041781e+03
9.5183846776e+06	9.5391781397e-01	2.6588215199e+03
9.5183846776e+06	9.5391181777e-01	2.6629483178e+03
9.5183846776e+06	9.5390585861e-01	2.6653922475e+03
9.5183846776e+06	9.5389990603e-01	2.6671110482e+03
9.5183846776e+06	9.5389393982e-01	2.6684595806e+03
9.5183846776e+06	9.5388792748e-01	2.6695796923e+03
9.5183846776e+06	9.5388178922e-01	2.6705509690e+03
9.5183846776e+06	9.5387540415e-01	2.6712311176e+03
9.5183846776e+06	9.5386852410e-01	2.6714118049e+03
9.5183846776e+06	9.5386051929e-01	2.6705929540e+03
9.5183846776e+06	9.5385016222e-01	2.6676329251e+03
9.5183846776e+06	9.5383486719e-01	2.6601737854e+03
9.5183846776e+06	9.5381713979e-01	2.6486506963e+03
9.5183846776e+06	9.5380143450e-01	2.6366659845e+03
9.5183846776e+06	9.5378550849e-01	2.6235833331e+03
9.5183846776e+06	9.5376892025e-01	2.6093642086e+03
9.5183846776e+06	9.5375258821e-01	2.5943046722e+03
9.5183846776e+06	9.5373564709e-01	2.5780104017e+03
9.5183846776e+06	9.5371733551e-01	2.5597409081e+03
9.5183846776e+06	9.5369685429e-01	2.5395150823e+03
9.5183846776e+06	9.5367600405e-01	2.5172673054e+03
9.5183846776e+06	9.5365291512e-01	2.4911180116e+03
9.5183846776e+06	9.5362662250e-01	2.4584823576e+03
9.5183846776e+06	9.5359610490e-01	2.4158114990e+03
9.5183846776e+06	9.5355559621e-01	2.3483951428e+03
9.5183846776e+06	9.5332833611e-01	2.2581388707e+03
9.5183846776e+06	9.5326439289e-01	2.2590192606e+03
9.5183846776e+06	9.5319946589e-01	2.2602237888e+03
9.5183846776e+06	9.5313417694e-01	2.2617383906e+03
9.5183846776e+06	9.5306771436e-01	2.2634953511e+03
9.5183846776e+06	9.5300096989e-01	2.2654377240e+03
9.5183846776e+06	9.5293332563e-01	2.2675265652e+03
9.5183846776e+06	9.5286402819e-01	2.2697355095e+03
9.5183846776e+06	9.5279385307e-01	2.2720459902e+03
9.5183846776e+06	9.5272272542e-01	2.2744443664e+03
9.5183846776e+06	9.5265085871e-01	2.2769202023e+03
9.5183846776e+06	9.5257869215e-01	2.2794652525e+03
9.5183846776e+06	9.5250578734e-01	2.2820728437e+03
9.5183846776e+06	9.5243090049e-01	2.2847374607e+03
9.5183846776e+06	9.5235522588e-01	2.2874544059e+03
9.5183846776e+06	9.5227905215e-01	2.2902196587e+03
9.5183846776e+06	9.5220121632e-01	2.2930297428e+03
9.5183846776e+06	9.5212153213e-01	2.2958815713e+03
9.5183846776e+06	9.5204074359e-01	2.2987723646e+03
9.5183846776e+06	9.5195963656e-01	2.3016996008e+03
9.5183846776e+06	9.5187820934e-01	2.3046609788e+03
9.5183846776e+06	9.5179646026e-01	2.3076543619e+03
9.5183846776e+06	9.5171438758e-01	2.3106778206e+03
9.5183846776e+06	9.5163198955e-01	2.3137293457e+03
9.5183846776e+06	9.5154926446e-01	2.3168071349e+03
9.5183846776e+06	9.5146621054e-01	2.3199094469e+03
9.5183846776e+06	9.5138282591e-01	2.3230346044e+03
9.5183846776e+06	9.5129910878e-01	2.3261809917e+03
9.5183846776e+06	9.5121505730e-01	2.3293470718e+03
9.5183846776e+06	9.5113066952e-01	2.3325314100e+03
9.5183846776e+06	9.5104594354e-01	2.3357327129e+03
9.5183846776e+06	9.5096087738e-01	2.3389500114e+03
9.5183846776e+06	9.5087546900e-01	2.3421823146e+03
9.5183846776e+06	9.5078971626e-01	2.3454292035e+03
9.5183846776e+06	9.5070361682e-01	2.3486907566e+03
9.5183846776e+06	9.5061716835e-01	2.3519677005e+03
9.5183846776e+06	9.5053036541e-01	2.3552615964e+03
9.5183846776e+06	9.5044319631e-01	2.3585750343e+03
9.5183846776e+06	9.5035566180e-01	2.3619118582e+03
9.5183846776e+06	9.5026776062e-01	2.3652772831e+03
9.5183846776e+06	9.5017948161e-01	2.3686781389e+03
9.5183846776e+06	9.5009082854e-01	2.3721229517e+03
9.5183846776e+06	9.5000179722e-01	2.3756219652e+03
9.4306301113e+06	9.4991237846e-01	2.3809609092e+03
9.4306301113e+06	9.5002213470e-01	2.3583711408e+03
9.4306301113e+06	9.4993693804e-01	2.3607471848e+03
9.4306301113e+06	9.4985223226e-01	2.3637211130e+03
9.4306301113e+06	9.4976790185e-01	2.3671786740e+03
9.4306301113e+06	9.4968384820e-01	2.3709774654e+03
9.4306301113e+06	9.4959998771e-01	2.3749849507e+03
9.4306301113e+06	9.4951624940e-01	2.3791042351e+03
9.4306301113e+06	9.4943257232e-01	2.3832751085e+03
9.4306301113e+06	9.4934889810e-01	2.3874658822e+03
9.4306301113e+06	9.4926518066e-01	2.3916648041e+03
9.4306301113e+06	9.4918137438e-01	2.3958730302e+03
9.4306301113e+06	9.4909744188e-01	2.4001001454e+03
9.4306301113e+06	9.4901334685e-01	2.4043608597e+03
9.4306301113e+06	9.4892905667e-01	2.4086728712e+03
9.4306301113e+06	9.4884454331e-01	2.4130552998e+03
9.4306301113e+06	9.4875979814e-01	2.4175275339e+03
9.4306301113e+06	9.4867480810e-01	2.4221083830e+03
9.4306301113e+06	9.4858956352e-01	2.4268148322e+03
9.4306301113e+06	9.4850405525e-01	2.4316617881e+03
9.4306301113e+06	9.4841826764e-01	2.4366612511e+03
9.4306301113e+06	9.4833218865e-01	2.4418218277e+03
9.4306301113e+06	9.4824581764e-01	2.4471484059e+03
9.4306301113e+06	9.4815913203e-01	2.4526420443e+03
9.4306301113e+06	9.4807213375e-01	2.4583000753e+03
9.4306301113e+06	9.4798481348e-01	2.4641164472e+03
9.4306301113e+06	9.4789715647e-01	2.4700823376e+03
9.4306301113e+06	9.4780915308e-01	2.4761864258e+03
9.4306301113e+06	9.4772078492e-01	2.4824160148e+03
9.4306301113e+06	9.4763204051e-01	2.4887575446e+03
9.4306301113e+06	9.4754294938e-01	2.4951972049e+03
9.4306301113e+06	9.4745351513e-01	2.5017214720e+03
9.4306301113e+06	9.4736373218e-01	2.5083175097e+03
9.4306301113e+06	9.4727359516e-01	2.5149735053e+03
9.4306301113e+06	9.4718309899e-01	2.5216786221e+03
9.4306301113e+06	9.4709223869e-01	2.5284233264e+03
9.4306301113e+06	9.4700100959e-01	2.5351992635e+03
9.4306301113e+06	9.4690940724e-01	2.5419992977e+03
9.4306301113e+06	9.4681742684e-01	2.5488171385e+03
9.4306301113e+06	9.4672506399e-01	2.5556475541e+03
9.4306301113e+06	9.4663231432e-01	2.5624861000e+03
9.4306301113e+06	9.4653917285e-01	2.5693290090e+03
9.4306301113e+06	9.4644563540e-01	2.5761733227e+03
9.4306301113e+06	9.4635169809e-01	2.5830199980e+03
9.4306301113e+06	9.4625735730e-01	2.5899369860e+03
9.4306301113e+06	9.4616260944e-01	2.5968479869e+03
9.4306301113e+06	9.4606745094e-01	2.6037510455e+03
9.4306301113e+06	9.4597187829e-01	2.6106444749e+03
9.4306301113e+06	9.4587588811e-01	2.6175271137e+03
9.4306301113e+06	9.4577947670e-01	2.6244024657e+03
9.4306301113e+06	9.4568263453e-01	2.6313241690e+03
9.4306301113e+06	9.4558528919e-01	2.6388866937e+03
9.4306301113e+06	9.4552764217e-01	2.6531665816e+03
9.4306301113e+06	9.4552170020e-01	2.6603792758e+03
9.4306301113e+06	9.4551573033e-01	2.6701978326e+03
9.4306301113e+06	9.4550980180e-01	2.6815160970e+03
9.4306301113e+06	9.4550394581e-01	2.6922718806e+03
9.4306301113e+06	9.4549821316e-01	2.6996887201e+03
9.4306301113e+06	9.4549257174e-01	2.7040225308e+03
9.4306301113e+06	9.4548697106e-01	2.7065985052e+03
9.4306301113e+06	9.4548136241e-01	2.7084347354e+03
9.4306301113e+06	9.4547572250e-01	2.7098741308e+03
9.4306301113e+06	9.4546999863e-01	2.7110843755e+03
9.4306301113e+06	9.4546405766e-01	2.7121494337e+03
9.4306301113e+06	9.4545768190e-01	2.7129601384e+03
9.4306301113e+06	9.4545040252e-01	2.7132982904e+03
9.4306301113e+06	9.4544086941e-01	2.7125873555e+03
9.4306301113e+06	9.4542453360e-01	2.7086488528e+03
9.4306301113e+06	9.4536482095e-01	2.6821498172e+03
9.4306301113e+06	9.4529201991e-01	2.6399276520e+03
9.4306301113e+06	9.4521843029e-01	2.5881911593e+03
9.4306301113e+06	9.4514517464e-01	2.5275844914e+03
9.4306301113e+06	9.4506582944e-01	2.4529646372e+03
9.4306301113e+06	9.4498822178e-01	2.3607856148e+03
9.4306301113e+06	9.4481135805e-01	2.2501280826e+03
9.4306301113e+06	9.4467466153e-01	2.2199417737e+03
9.4306301113e+06	9.4461650935e-01	2.2210454771e+03
9.4306301113e+06	9.4455751040e-01	2.2225198980e+03
9.4306301113e+06	9.4449770532e-01	2.2243191184e+03
9.4306301113e+06	9.4443711128e-01	2.2263608189e+03
9.4306301113e+06	9.4437604729e-01	2.2285846539e+03
9.4306301113e+06	9.4431300767e-01	2.2309515796e+03
9.4306301113e+06	9.4424871024e-01	2.2334357173e+03
9.4306301113e+06	9.4418366156e-01	2.2360190107e+03
9.4306301113e+06	9.4411760660e-01	2.2386882199e+03
9.4306301113e+06	9.4405125881e-01	2.2414331951e+03
9.4306301113e+06	9.4398413597e-01	2.2442459294e+03
9.4306301113e+06	9.4391597361e-01	2.2471199158e+03
9.4306301113e+06	9.4384736493e-01	2.2500497372e+03
9.4306301113e+06	9.4377652897e-01	2.2530308565e+03
9.4306301113e+06	9.4370458818e-01	2.2560593194e+03
9.4306301113e+06	9.4363234428e-01	2.2591317512e+03
9.4306301113e+06	9.4355906525e-01	2.2622450239e+03
9.4306301113e+06	9.4348431377e-01	2.2653964431e+03
9.4306301113e+06	9.4340810063e-01	2.2685835446e+03
9.4306301113e+06	9.4332970533e-01	2.2718040718e+03
9.4306301113e+06	9.4325011468e-01	2.2750558910e+03
9.4306301113e+06	9.4317021165e-01	2.2783369951e+03
9.4306301113e+06	9.4308999461e-01	2.2816454944e+03
9.4306301113e+06	9.4300946187e-01	2.2849795794e+03
9.4306301113e+06	9.4292861174e-01	2.2883375085e+03
9.4306301113e+06	9.4284744252e-01	2.2917177463e+03
9.4306301113e+06	9.4276595245e-01	2.2951184816e+03
9.4306301113e+06	9.4268413977e-01	2.2985382157e+03
9.4306301113e+06	9.4260200269e-01	2.3019755412e+03
9.4306301113e+06	9.4251953930e-01	2.3054291992e+03
9.4306301113e+06	9.4243674771e-01	2.3088981400e+03
9.4306301113e+06	9.4235362592e-01	2.3123816167e+03
9.4306301113e+06	9.4227017176e-01	2.3158792901e+03
9.4306301113e+06	9.4218638315e-01	2.3193913661e+03
9.4306301113e+06	9.4210225760e-01	2.3229187691e+03
9.4306301113e+06	9.4201779255e-01	2.3264633078e+03
9.4306301113e+06	9.4193298520e-01	2.3300279416e+03
9.4306301113e+06	9.4184782996e-01	2.3336168526e+03
9.4306301113e+06	9.4176231031e-01	2.3372357911e+03
9.4306301113e+06	9.4167642377e-01	2.3408921777e+03
9.4306301113e+06	9.4159016891e-01	2.3445952065e+03
9.4306301113e+06	9.4150354109e-01	2.3483558496e+03
9.4306301113e+06	9.4141653560e-01	2.3521867736e+03
9.4306301113e+06	9.4132914812e-01	2.3561021575e+03
9.4306301113e+06	9.4124137514e-01	2.3601171758e+03
9.4306301113e+06	9.4115321199e-01	2.3642476944e+03
9.4306301113e+06	9.4106465431e-01	2.3685096045e+03
9.4306301113e+06	9.4097569945e-01	2.3729181272e+03
9.4306301113e+06	9.4088634358e-01	2.3774871020e+03
9.4306301113e+06	9.4079658302e-01	2.3822282512e+03
9.4306301113e+06	9.4070641447e-01	2.3871506159e+03
9.4306301113e+06	9.4061583072e-01	2.3922596582e+03
9.4306301113e+06	9.4052483117e-01	2.3975573221e+03
9.4306301113e+06	9.4043340602e-01	2.4030417371e+03
9.4306301113e+06	9.4034155135e-01	2.4087074243e+03
9.4306301113e+06	9.4024925853e-01	2.4145455461e+03
9.4306301113e+06	9.4015653892e-01	2.4205446316e+03
9.4306301113e+06	9.4006339893e-01	2.4266910752e+03
9.4306301113e+06	9.3996984407e-01	2.4329700520e+03
9.4306301113e+06	9.3987587786e-01	2.4393661511e+03
9.4306301113e+06	9.3978149267e-01	2.4458640192e+03
9.4306301113e+06	9.3968668720e-01	2.4524488860e+03
9.4306301113e+06	9.3959146758e-01	2.4591070074e+03
9.4306301113e+06	9.3949581371e-01	2.4658256571e+03
9.4306301113e+06	9.3939973664e-01	2.4725935599e+03
9.4306301113e+06	9.3930322963e-01	2.4794007959e+03
9.4306301113e+06	9.3920628087e-01	2.4862389410e+03
9.4306301113e+06	9.3910888274e-01	2.4931004065e+03
9.4306301113e+06	9.3901101911e-01	2.4999790052e+03
9.4306301113e+06	9.3891268030e-01	2.5068695403e+03
9.4306301113e+06	9.3881391074e-01	2.5137675753e+03
9.4306301113e+06	9.3871471450e-01	2.5206694305e+03
9.4306301113e+06	9.3861508904e-01	2.5275720544e+03
9.4306301113e+06	9.3851503201e-01	2.5344727236e+03
9.4306301113e+06	9.3841454104e-01	2.5413691757e+03
9.4306301113e+06	9.3831361393e-01	2.5482594174e+03
9.4306301113e+06	9.3821224799e-01	2.5551416697e+03
9.4306301113e+06	9.3811044032e-01	2.5620144417e+03
9.4306301113e+06	9.3800818777e-01	2.5688763490e+03
9.4306301113e+06	9.3790548561e-01	2.5757290941e+03
9.4306301113e+06	9.3780232631e-01	2.5826048365e+03
9.4306301113e+06	9.3769865841e-01	2.5899469089e+03
9.4306301113e+06	9.3762105443e-01	2.6016007193e+03
9.4306301113e+06	9.3761470365e-01	2.6069918009e+03
9.4306301113e+06	9.3760828378e-01	2.6146491670e+03
9.4306301113e+06	9.3760185231e-01	2.6247699020e+03
9.4306301113e+06	9.3759548141e-01	2.6358806829e+03
9.4306301113e+06	9.3758919908e-01	2.6457801512e+03
9.4306301113e+06	9.3758305475e-01	2.6522643590e+03
9.4306301113e+06	9.3757700942e-01	2.6560253612e+03
9.4306301113e+06	9.3757101596e-01	2.6583743039e+03
9.4306301113e+06	9.3756505199e-01	2.6601132363e+03
9.4306301113e+06	9.3755912417e-01	2.6615145185e+03
9.4306301113e+06	9.3755323847e-01	2.6626976300e+03
9.4306301113e+06	9.3754740650e-01	2.6637324657e+03
9.4306301113e+06	9.3754169153e-01	2.6644530705e+03
9.4306301113e+06	9.3753619351e-01	2.6646315430e+03
9.4306301113e+06	9.3753115403e-01	2.6637131666e+03
9.4306301113e+06	9.3752708354e-01	2.6604502430e+03
9.4306301113e+06	9.3752499720e-01	2.6523821767e+03
9.4306301113e+06	9.3752771400e-01	2.6328245367e+03
9.4306301113e+06	9.3754065681e-01	2.5894230366e+03
9.4306301113e+06	9.3755857114e-01	2.5349446679e+03
9.4306301113e+06	9.3757648068e-01	2.4623115120e+03
9.4306301113e+06	9.3760406549e-01	2.3494253264e+03
9.4306301113e+06	9.3738726546e-01	2.2200518521e+03
9.4306301113e+06	9.3732308374e-01	2.2212295539e+03
9.4306301113e+06	9.3725791197e-01	2.2227988167e+03
9.4306301113e+06	9.3719185259e-01	2.2247180484e+03
9.4306301113e+06	9.3712495406e-01	2.2268953928e+03
9.4306301113e+06	9.3705742498e-01	2.2292637098e+03
9.4306301113e+06	9.3698770149e-01	2.2317804302e+03
9.4306301113e+06	9.3691688662e-01	2.2344178387e+03
9.4306301113e+06	9.3684502227e-01	2.2371568605e+03
9.4306301113e+06	9.3677234601e-01	2.2399836145e+03
9.4306301113e+06	9.3669934688e-01	2.2428875352e+03
9.4306301113e+06	9.3662512536e-01	2.2458603295e+03
9.4306301113e+06	9.3655020884e-01	2.2488952582e+03
9.4306301113e+06	9.3647414438e-01	2.2519867605e+03
9.4306301113e+06	9.3639585732e-01	2.2551301567e+03
9.4306301113e+06	9.3631697446e-01	2.2583214544e+03
9.4306301113e+06	9.3623766200e-01	2.2615570272e+03
9.4306301113e+06	9.3615671536e-01	2.2648338161e+03
9.4306301113e+06	9.3607394387e-01	2.2681490528e+03
9.4306301113e+06	9.3598959294e-01	2.2715002156e+03
9.4306301113e+06	9.3590302671e-01	2.2748850041e+03
9.4306301113e+06	9.3581612071e-01	2.2783012297e+03
9.4306301113e+06	9.3572887317e-01	2.2817468710e+03
9.4306301113e+06	9.3564128232e-01	2.2852200072e+03
9.4306301113e+06	9.3555334625e-01	2.2887188765e+03
9.4306301113e+06	9.3546506317e-01	2.2922416072e+03
9.4306301113e+06	9.3537643119e-01	2.2957865119e+03
9.4306301113e+06	9.3528744839e-01	2.2993519613e+03
9.4306301113e+06	9.3519811289e-01	2.3029364008e+03
9.4306301113e+06	9.3510842268e-01	2.3065383854e+03
9.4306301113e+06	9.3501837578e-01	2.3101566180e+03
9.4306301113e+06	9.3492797003e-01	2.3137900164e+03
9.4306301113e+06	9.3483720318e-01	2.3174379169e+03
9.4306301113e+06	9.3474607298e-01	2.3210997658e+03
9.4306301113e+06	9.3465457700e-01	2.3247757498e+03
9.4306301113e+06	9.3456271257e-01	2.3284667528e+03
9.4306301113e+06	9.3447047684e-01	2.3321745514e+03
9.4306301113e+06	9.3437786150e-01	2.3359020303e+03
9.4306301113e+06	9.3428485182e-01	2.3396534052e+03
9.4306301113e+06	9.3419144032e-01	2.3434344146e+03
9.4306301113e+06	9.3409762728e-01	2.3472525435e+03
9.4306301113e+06	9.3400340743e-01	2.3511170150e+03
9.4306301113e+06	9.3390877582e-01	2.3550389266e+03
9.4306301113e+06	9.3381372809e-01	2.3590311289e+03
9.4306301113e+06	9.3371825952e-01	2.3631079810e+03
9.4306301113e+06	9.3362236465e-01	2.3672849926e+03
9.4306301113e+06	9.3352603940e-01	2.3715783193e+03
9.4306301113e+06	9.3342927955e-01	2.3760041436e+03
9.4306301113e+06	9.3333207585e-01	2.3805779949e+03
9.4306301113e+06	9.3323442736e-01	2.3853138250e+03
9.4306301113e+06	9.3313632843e-01	2.3902234413e+03
9.4306301113e+06	9.3303777109e-01	2.3953157314e+03
9.4306301113e+06	9.3293875040e-01	2.4005961206e+03
9.4306301113e+06	9.3283925905e-01	2.4060662056e+03
9.4306301113e+06	9.3273928753e-01	2.4117237390e+03
9.4306301113e+06	9.3263884621e-01	2.4175626396e+03
9.4306301113e+06	9.3253794563e-01	2.4235735661e+03
9.4306301113e+06	9.3243659222e-01	2.4297444542e+03
9.4306301113e+06	9.3233479033e-01	2.4360612949e+03
9.4306301113e+06	9.3223253190e-01	2.4425089880e+03
9.4306301113e+06	9.3212981577e-01	2.4490716265e+03
9.4306301113e+06	9.3202664876e-01	2.4557337015e+03
9.4306301113e+06	9.3192301158e-01	2.4624803583e+03
9.4306301113e+06	9.3181891162e-01	2.4692978091e+03
9.4306301113e+06	9.3171434366e-01	2.4761734582e+03
9.4306301113e+06	9.3160929622e-01	2.4830961567e+03
9.4306301113e+06	9.3150375605e-01	2.4900561644e+03
9.4306301113e+06	9.3139770940e-01	2.4970451644e+03
9.4306301113e+06	9.3129114573e-01	2.5040559488e+03
9.4306301113e+06	9.3118412375e-01	2.5110825402e+03
9.4306301113e+06	9.3107664062e-01	2.5181199348e+03
9.4306301113e+06	9.3096869368e-01	2.5251639608e+03
9.4306301113e+06	9.3086028037e-01	2.5322113357e+03
9.4306301113e+06	9.3075139821e-01	2.5392588521e+03
9.4306301113e+06	9.3064204483e-01	2.5463040912e+03
9.4306301113e+06	9.3053221726e-01	2.5533449428e+03
9.4306301113e+06	9.3042191241e-01	2.5603795530e+03
9.4306301113e+06	9.3031112695e-01	2.5674063340e+03
9.4306301113e+06	9.3019985620e-01	2.5744236895e+03
9.4306301113e+06	9.3008809685e-01	2.5814304678e+03
9.4306301113e+06	9.2997584534e-01	2.5884897991e+03
9.4306301113e+06	9.2986309488e-01	2.5955808465e+03
9.4306301113e+06	9.2974980338e-01	2.6029518894e+03
9.4306301113e+06	9.2964956455e-01	2.6134723349e+03
9.4306301113e+06	9.2964201465e-01	2.6212383569e+03
9.4306301113e+06	9.2963494691e-01	2.6289620005e+03
9.4306301113e+06	9.2962786857e-01	2.6391319162e+03
9.4306301113e+06	9.2962085868e-01	2.6502172472e+03
9.4306301113e+06	9.2961394399e-01	2.6600665949e+03
9.4306301113e+06	9.2960717944e-01	2.6665077460e+03
9.4306301113e+06	9.2960052261e-01	2.6702610910e+03
9.4306301113e+06	9.2959392104e-01	2.6726315497e+03
9.4306301113e+06	9.2958734990e-01	2.6744078107e+03
9.4306301113e+06	9.2958082037e-01	2.6758482129e+03
9.4306301113e+06	9.2957434043e-01	2.6770678444e+03
9.4306301113e+06	9.2956792276e-01	2.6781357903e+03
9.4306301113e+06	9.2956164665e-01	2.6788751308e+03
9.4306301113e+06	9.2955563472e-01	2.6790442713e+03
9.4306301113e+06	9.2955018891e-01	2.6780490169e+03
9.4306301113e+06	9.2954593473e-01	2.6745611128e+03
9.4306301113e+06	9.2954412503e-01	2.6659455137e+03
9.4306301113e+06	9.2954809813e-01	2.6452415727e+03
9.4306301113e+06	9.2956483628e-01	2.5978563676e+03
9.4306301113e+06	9.2959398736e-01	2.5225866739e+03
9.4306301113e+06	9.2962748708e-01	2.4041107274e+03
9.4306301113e+06	9.2948917488e-01	2.2198089330e+03
9.4306301113e+06	9.2941971200e-01	2.2205110204e+03
9.4306301113e+06	9.2935031731e-01	2.2218749315e+03
9.4306301113e+06	9.2928005452e-01	2.2236565921e+03
9.4306301113e+06	9.2920848568e-01	2.2257804806e+03
9.4306301113e+06	9.2913637535e-01	2.2281509875e+03
9.4306301113e+06	9.2906312486e-01	2.2307041842e+03
9.4306301113e+06	9.2898727577e-01	2.2334003050e+03
9.4306301113e+06	9.2891095957e-01	2.2362133867e+03
9.4306301113e+06	9.2883314298e-01	2.2391254639e+03
9.4306301113e+06	9.2875497910e-01	2.2421233212e+03
9.4306301113e+06	9.2867608837e-01	2.2451968649e+03
9.4306301113e+06	9.2859592074e-01	2.2483381063e+03
9.4306301113e+06	9.2851514027e-01	2.2515405261e+03
9.4306301113e+06	9.2843191357e-01	2.2547987544e+03
9.4306301113e+06	9.2834761804e-01	2.2581082620e+03
9.4306301113e+06	9.2826296759e-01	2.2614649772e+03
9.4306301113e+06	9.2817675605e-01	2.2648655048e+03
9.4306301113e+06	9.2808873751e-01	2.2683068100e+03
9.4306301113e+06	9.2799906233e-01	2.2717861541e+03
9.4306301113e+06	9.2790692771e-01	2.2753010661e+03
9.4306301113e+06	9.2781428920e-01	2.2788492135e+03
9.4306301113e+06	9.2772128643e-01	2.2824284579e+03
9.4306301113e+06	9.2762791753e-01	2.2860367862e+03
9.4306301113e+06	9.2753418056e-01	2.2896724383e+03
9.4306301113e+06	9.2744007355e-01	2.2933333565e+03
9.4306301113e+06	9.2734559456e-01	2.2970178084e+03
9.4306301113e+06	9.2725074153e-01	2.3007241040e+03
9.4306301113e+06	9.2715551246e-01	2.3044506147e+03
9.4306301113e+06	9.2705990525e-01	2.3081957960e+03
9.4306301113e+06	9.2696391780e-01	2.3119582193e+03
9.4306301113e+06	9.2686754789e-01	2.3157366202e+03
9.4306301113e+06	9.2677079332e-01	2.3195299647e+03
9.4306301113e+06	9.2667365156e-01	2.3233375496e+03
9.4306301113e+06	9.2657612014e-01	2.3271591495e+03
9.4306301113e+06	9.2647819634e-01	2.3309950303e+03
9.4306301113e+06	9.2637987715e-01	2.3348462991e+03
9.4306301113e+06	9.2628114637e-01	2.3387150077e+03
9.4306301113e+06	9.2618199313e-01	2.3426044067e+03
9.4306301113e+06	9.2608241331e-01	2.3465191447e+03
9.4306301113e+06	9.2598240236e-01	2.3504654901e+03
9.4306301113e+06	9.2588195414e-01	2.3544514842e+03
9.4306301113e+06	9.2578106383e-01	2.3584870419e+03
9.4306301113e+06	9.2567972690e-01	2.3625840594e+03
9.4306301113e+06	9.2557793734e-01	2.3667559039e+03
9.4306301113e+06	9.2547568960e-01	2.3710175925e+03
9.4306301113e+06	9.2537297929e-01	2.3753851669e+03
9.4306301113e+06	9.2526979930e-01	2.3798751442e+03
9.4306301113e+06	9.2516613936e-01	2.3845038473e+03
9.4306301113e+06	9.2506199916e-01	2.3892866438e+03
9.4306301113e+06	9.2495736451e-01	2.3942370695e+03
9.4306301113e+06	9.2485223326e-01	2.3993661338e+03
9.4306301113e+06	9.2474659493e-01	2.4046816254e+03
9.4306301113e+06	9.2464043890e-01	2.4101876055e+03
9.4306301113e+06	9.2453377738e-01	2.4158841306e+03
9.4306301113e+06	9.2442662281e-01	2.4217673353e+03
9.4306301113e+06	9.2431898263e-01	2.4278296032e+03
9.4306301113e+06	9.2421086181e-01	2.4340601553e+03
9.4306301113e+06	9.2410225586e-01	2.4404457989e+03
9.4306301113e+06	9.2399315629e-01	2.4469716858e+03
9.4306301113e+06	9.2388357433e-01	2.4536219569e+03
9.4306301113e+06	9.2377349654e-01	2.4603806565e+03
9.4306301113e+06	9.2366291702e-01	2.4672322589e+03
9.4306301113e+06	9.2355183677e-01	2.4741621297e+03
9.4306301113e+06	9.2344024323e-01	2.4811569994e+03
9.4306301113e+06	9.2332812194e-01	2.4882046021e+03
9.4306301113e+06	9.2321544301e-01	2.4952944013e+03
9.4306301113e+06	9.2310223874e-01	2.5024172770e+03
9.4306301113e+06	9.2298854850e-01	2.5095654603e+03
9.4306301113e+06	9.2287436942e-01	2.5167325185e+03
9.4306301113e+06	9.2275969869e-01	2.5239128506e+03
9.4306301113e+06	9.2264453385e-01	2.5311019518e+03
9.4306301113e+06	9.2252887215e-01	2.5382960881e+03
9.4306301113e+06	9.2241271115e-01	2.5454921527e+03
9.4306301113e+06	9.2229604759e-01	2.5526875441e+03
9.4306301113e+06	9.2217887821e-01	2.5598802209e+03
9.4306301113e+06	9.2206119949e-01	2.5670680389e+03
9.4306301113e+06	9.2194300630e-01	2.5742493793e+03
9.4306301113e+06	9.2182429524e-01	2.5814227888e+03
9.4306301113e+06	9.2170506289e-01	2.5886490425e+03
9.4306301113e+06	9.2158530585e-01	2.5958848940e+03
9.4306301113e+06	9.2146502005e-01	2.6031127962e+03
9.4306301113e+06	9.2134419567e-01	2.6103708085e+03
9.4306301113e+06	9.2122276213e-01	2.6180835118e+03
9.4306301113e+06	9.2113567059e-01	2.6307703608e+03
9.4306301113e+06	9.2112808382e-01	2.6368308911e+03
9.4306301113e+06	9.2112043383e-01	2.6453345536e+03
9.4306301113e+06	9.2111279852e-01	2.6560267845e+03
9.4306301113e+06	9.2110524869e-01	2.6670403485e+03
9.4306301113e+06	9.2109782737e-01	2.6759493224e+03
9.4306301113e+06	9.2109055942e-01	2.6815071948e+03
9.4306301113e+06	9.2108339434e-01	2.6847652748e+03
9.4306301113e+06	9.2107627394e-01	2.6869684084e+03
9.4306301113e+06	9.2106919340e-01	2.6886727875e+03
9.4306301113e+06	9.2106216294e-01	2.6900883121e+03
9.4306301113e+06	9.2105519315e-01	2.6913086613e+03
9.4306301113e+06	9.2104832080e-01	2.6923361481e+03
9.4306301113e+06	9.2104165852e-01	2.6929683306e+03
9.4306301113e+06	9.2103539594e-01	2.6928923615e+03
9.4306301113e+06	9.2103003319e-01	2.6912805845e+03
9.4306301113e+06	9.2102651700e-01	2.6864589766e+03
9.4306301113e+06	9.2102687990e-01	2.6749173680e+03
9.4306301113e+06	9.2103683425e-01	2.6469333855e+03
9.4306301113e+06	9.2106160754e-01	2.5952261945e+03
9.4306301113e+06	9.2110129856e-01	2.5135863479e+03
9.4306301113e+06	9.2115022761e-01	2.3852775969e+03
9.4306301113e+06	9.2096699629e-01	2.2204884000e+03
9.4306301113e+06	9.2089422146e-01	2.2218785544e+03
9.4306301113e+06	9.2082033072e-01	2.2237045511e+03
9.4306301113e+06	9.2074519273e-01	2.2259084343e+03
9.4306301113e+06	9.2066933958e-01	2.2283826345e+03
9.4306301113e+06	9.2059234620e-01	2.2310533162e+03
9.4306301113e+06	9.2051263498e-01	2.2338753880e+03
9.4306301113e+06	9.2043234096e-01	2.2368200730e+03
9.4306301113e+06	9.2035054592e-01	2.2398678054e+03
9.4306301113e+06	9.2026838373e-01	2.2430043843e+03
9.4306301113e+06	9.2018528327e-01	2.2462190659e+03
9.4306301113e+06	9.2010103914e-01	2.2495033986e+03
9.4306301113e+06	9.2001579367e-01	2.2528506131e+03
9.4306301113e+06	9.1992806458e-01	2.2562549701e+03
9.4306301113e+06	9.1983954466e-01	2.2597116885e+03
9.4306301113e+06	9.1975043356e-01	2.2632166815e+03
9.4306301113e+06	9.1965954831e-01	2.2667664121e+03
9.4306301113e+06	9.1956671022e-01	2.2703577396e+03
9.4306301113e+06	9.1947150915e-01	2.2739878568e+03
9.4306301113e+06	9.1937473380e-01	2.2776541951e+03
9.4306301113e+06	9.1927757812e-01	2.2813544583e+03
9.4306301113e+06	9.1918004014e-01	2.2850863543e+03
9.4306301113e+06	9.1908211791e-01	2.2888478510e+03
9.4306301113e+06	9.1898380941e-01	2.2926370066e+03
9.4306301113e+06	9.1888511255e-01	2.2964519615e+03
9.4306301113e+06	9.1878602530e-01	2.3002909197e+03
9.4306301113e+06	9.1868654557e-01	2.3041521507e+03
9.4306301113e+06	9.1858667119e-01	2.3080340603e+03
9.4306301113e+06	9.1848640006e-01	2.3119349691e+03
9.4306301113e+06	9.1838572993e-01	2.3158534235e+03
9.4306301113e+06	9.1828465854e-01	2.3197881139e+03
9.4306301113e+06	9.1818318346e-01	2.3237379516e+03
9.4306301113e+06	9.1808130221e-01	2.3277021525e+03
9.4306301113e+06	9.1797901204e-01	2.3316803572e+03
9.4306301113e+06	9.1787631010e-01	2.3356728973e+03
9.4306301113e+06	9.1777318376e-01	2.3396805568e+03
9.4306301113e+06	9.1766961401e-01	2.3437052532e+03
9.4306301113e+06	9.1756559658e-01	2.3477500526e+03
9.4306301113e+06	9.1746112713e-01	2.3518194282e+03
9.4306301113e+06	9.1735619908e-01	2.3559194212e+03
9.4306301113e+06	9.1725080740e-01	2.3600578876e+03
9.4306301113e+06	9.1714494736e-01	2.3642445949e+03
9.4306301113e+06	9.1703861211e-01	2.3684912177e+03
9.4306301113e+06	9.1693179618e-01	2.3728112755e+03
9.4306301113e+06	9.1682449210e-01	2.3772197862e+03
9.4306301113e+06	9.1671668886e-01	2.3817329471e+03
9.4306301113e+06	9.1660838446e-01	2.3863675171e+03
9.4306301113e+06	9.1649956310e-01	2.3911401628e+03
9.4306301113e+06	9.1639022124e-01	2.3960666271e+03
9.4306301113e+06	9.1628034811e-01	2.4011609086e+03
9.4306301113e+06	9.1616993183e-01	2.4064345247e+03
9.4306301113e+06	9.1605896622e-01	2.4118955044e+03
9.4306301113e+06	9.1594747562e-01	2.4175482210e+03
9.4306301113e+06	9.1583547356e-01	2.4233929421e+03
9.4306301113e+06	9.1572296358e-01	2.4294258385e+03
9.4306301113e+06	9.1560993425e-01	2.4356393509e+03
9.4306301113e+06	9.1549639922e-01	2.4420225828e+03
9.4306301113e+06	9.1538235501e-01	2.4485621030e+03
9.4306301113e+06	9.1526778215e-01	2.4552427945e+03
9.4306301113e+06	9.1515269432e-01	2.4620487044e+03
9.4306301113e+06	9.1503708155e-01	2.4689634643e+03
9.4306301113e+06	9.1492093026e-01	2.4759713295e+03
9.4306301113e+06	9.1480422464e-01	2.4830574753e+03
9.4306301113e+06	9.1468694281e-01	2.4902083317e+03
9.4306301113e+06	9.1456908881e-01	2.4974118720e+03
9.4306301113e+06	9.1445073039e-01	2.5046573295e+03
9.4306301113e+06	9.1433186461e-01	2.5119355932e+03
9.4306301113e+06	9.1421248873e-01	2.5192389234e+03
9.4306301113e+06	9.1409260010e-01	2.5265608436e+03
9.4306301113e+06	9.1397219603e-01	2.5338959784e+03
9.4306301113e+06	9.1385127390e-01	2.5412400427e+03
9.4306301113e+06	9.1372983086e-01	2.5485891738e+03
9.4306301113e+06	9.1360786336e-01	2.5559404000e+03
9.4306301113e+06	9.1348536797e-01	2.5632912305e+03
9.4306301113e+06	9.1336233970e-01	2.5706395631e+03
9.4306301113e+06	9.1323877439e-01	2.5779836270e+03
9.4306301113e+06	9.1311466837e-01	2.5853445783e+03
9.4306301113e+06	9.1299001829e-01	2.5927597273e+03
9.4306301113e+06	9.1286482053e-01	2.6001662150e+03
9.4306301113e+06	9.1273907143e-01	2.6075630210e+03
9.4306301113e+06	9.1261276695e-01	2.6149510235e+03
9.4306301113e+06	9.1248589935e-01	2.6223517412e+03
9.4306301113e+06	9.1235842199e-01	2.6300111804e+03
9.4306301113e+06	9.1223914432e-01	2.6405838822e+03
9.4306301113e+06	9.1223013030e-01	2.6495928234e+03
9.4306301113e+06	9.1222201230e-01	2.6576971046e+03
9.4306301113e+06	9.1221389468e-01	2.6681561251e+03
9.4306301113e+06	9.1220586521e-01	2.6792313591e+03
9.4306301113e+06	9.1219794825e-01	2.6887337926e+03
9.4306301113e+06	9.1219020467e-01	2.6948372783e+03
9.4306301113e+06	9.1218258269e-01	2.6984252390e+03
9.4306301113e+06	9.1217502063e-01	2.7007840619e+03
9.4306301113e+06	9.1216749811e-01	2.7026036334e+03
9.4306301113e+06	9.1216003009e-01	2.7041099586e+03
9.4306301113e+06	9.1215262994e-01	2.7053954025e+03
9.4306301113e+06	9.1214532240e-01	2.7065125611e+03
9.4306301113e+06	9.1213822911e-01	2.7072543650e+03
9.4306301113e+06	9.1213154008e-01	2.7073349607e+03
9.4306301113e+06	9.1212574319e-01	2.7060155615e+03
9.4306301113e+06	9.1212181732e-01	2.7017158700e+03
9.4306301113e+06	9.1212178025e-01	2.6912334368e+03
9.4306301113e+06	9.1213131740e-01	2.6656337085e+03
9.4306301113e+06	9.1215799568e-01	2.6140183434e+03
9.4306301113e+06	9.1220393791e-01	2.5314837487e+03
9.4306301113e+06	9.1225923203e-01	2.4020657910e+03
9.4306301113e+06	9.1209569804e-01	2.2207193516e+03
9.4306301113e+06	9.1202550859e-01	2.2222204965e+03
9.4306301113e+06	9.1195416347e-01	2.2241792080e+03
9.4306301113e+06	9.1188141978e-01	2.2265292819e+03
9.4306301113e+06	9.1180804862e-01	2.2291554115e+03
9.4306301113e+06	9.1173300147e-01	2.2319806104e+03
9.4306301113e+06	9.1165561779e-01	2.2349586187e+03
9.4306301113e+06	9.1157738076e-01	2.2380602051e+03
9.4306301113e+06	9.1149793435e-01	2.2412655595e+03
9.4306301113e+06	9.1141812621e-01	2.2445603470e+03
9.4306301113e+06	9.1133691518e-01	2.2479337405e+03
9.4306301113e+06	9.1125499720e-01	2.2513771982e+03
9.4306301113e+06	9.1117118197e-01	2.2548838522e+03
9.4306301113e+06	9.1108528092e-01	2.2584480084e+03
9.4306301113e+06	9.1099901584e-01	2.2620648253e+03
9.4306301113e+06	9.1091140425e-01	2.2657302035e+03
9.4306301113e+06	9.1082180688e-01	2.2694406633e+03
9.4306301113e+06	9.1073033486e-01	2.2731928950e+03
9.4306301113e+06	9.1063620288e-01	2.2769841079e+03
9.4306301113e+06	9.1054153709e-01	2.2808116962e+03
9.4306301113e+06	9.1044649946e-01	2.2846732988e+03
9.4306301113e+06	9.1035108812e-01	2.2885667219e+03
9.4306301113e+06	9.1025530118e-01	2.2924899005e+03
9.4306301113e+06	9.1015913664e-01	2.2964410359e+03
9.4306301113e+06	9.1006259260e-01	2.3004180157e+03
9.4306301113e+06	9.0996566705e-01	2.3044190714e+03
9.4306301113e+06	9.0986835797e-01	2.3084424720e+03
9.4306301113e+06	9.0977066325e-01	2.3124865492e+03
9.4306301113e+06	9.0967258088e-01	2.3165497104e+03
9.4306301113e+06	9.0957410865e-01	2.3206304784e+03
9.4306301113e+06	9.0947524436e-01	2.3247275310e+03
9.4306301113e+06	9.0937598563e-01	2.3288397730e+03
9.4306301113e+06	9.0927633001e-01	2.3329664637e+03
9.4306301113e+06	9.0917627478e-01	2.3371071918e+03
9.4306301113e+06	9.0907580701e-01	2.3412621961e+03
9.4306301113e+06	9.0897490331e-01	2.3454324705e+03
9.4306301113e+06	9.0887355973e-01	2.3496199638e+03
9.4306301113e+06	9.0877177173e-01	2.3538278187e+03
9.4306301113e+06	9.0866953266e-01	2.3580606008e+03
9.4306301113e+06	9.0856683784e-01	2.3623245177e+03
9.4306301113e+06	9.0846368214e-01	2.3666277324e+03
9.4306301113e+06	9.0836005826e-01	2.3709800815e+03
9.4306301113e+06	9.0825595532e-01	2.3753935410e+03
9.4306301113e+06	9.0815136925e-01	2.3798819224e+03
9.4306301113e+06	9.0804629049e-01	2.3844606095e+03
9.4306301113e+06	9.0794070728e-01	2.3891461279e+03
9.4306301113e+06	9.0783460966e-01	2.3939555277e+03
9.4306301113e+06	9.0772798863e-01	2.3989057006e+03
9.4306301113e+06	9.0762083111e-01	2.4040125821e+03
9.4306301113e+06	9.0751312378e-01	2.4092900461e+03
9.4306301113e+06	9.0740488551e-01	2.4147493546e+03
9.4306301113e+06	9.0729613599e-01	2.4203983203e+03
9.4306301113e+06	9.0718687699e-01	2.4262407950e+03
9.4306301113e+06	9.0707711643e-01	2.4322764119e+03
9.4306301113e+06	9.0696685803e-01	2.4385006756e+03
9.4306301113e+06	9.0685608851e-01	2.4449052063e+03
9.4306301113e+06	9.0674480745e-01	2.4514784742e+03
9.4306301113e+06	9.0663301982e-01	2.4582064378e+03
9.4306301113e+06	9.0652071538e-01	2.4650735864e+03
9.4306301113e+06	9.0640787986e-01	2.4720633670e+03
9.4306301113e+06	9.0629449652e-01	2.4791593590e+03
9.4306301113e+06	9.0618054526e-01	2.4863457294e+03
9.4306301113e+06	9.0606602155e-01	2.4936076923e+03
9.4306301113e+06	9.0595100977e-01	2.5009318139e+03
9.4306301113e+06	9.0583550726e-01	2.5083062369e+03
9.4306301113e+06	9.0571951162e-01	2.5157204975e+03
9.4306301113e+06	9.0560302039e-01	2.5231657615e+03
9.4306301113e+06	9.0548603113e-01	2.5306345819e+03
9.4306301113e+06	9.0536854147e-01	2.5381209306e+03
9.4306301113e+06	9.0525054884e-01	2.5456194672e+03
9.4306301113e+06	9.0513204961e-01	2.5531260538e+03
9.4306301113e+06	9.0501304108e-01	2.5606372865e+03
9.4306301113e+06	9.0489351832e-01	2.5681503673e+03
9.4306301113e+06	9.0477347673e-01	2.5756630032e+03
9.4306301113e+06	9.0465291284e-01	2.5831732756e+03
9.4306301113e+06	9.0453182339e-01	2.5907618269e+03
9.4306301113e+06	9.0441020493e-01	2.5983486785e+03
9.4306301113e+06	9.0428805395e-01	2.6059286886e+03
9.4306301113e+06	9.0416536685e-01	2.6135006254e+03
9.4306301113e+06	9.0404214009e-01	2.6210634685e+03
9.4306301113e+06	9.0391836964e-01	2.6286180661e+03
9.4306301113e+06	9.0379404768e-01	2.6361852990e+03
9.4306301113e+06	9.0366912625e-01	2.6440024312e+03
9.4306301113e+06	9.0354922597e-01	2.6546336108e+03
9.4306301113e+06	9.0353996485e-01	2.6642610377e+03
9.4306301113e+06	9.0353184328e-01	2.6725633595e+03
9.4306301113e+06	9.0352372832e-01	2.6831683443e+03
9.4306301113e+06	9.0351571075e-01	2.6942422617e+03
9.4306301113e+06	9.0350781315e-01	2.7035910668e+03
9.4306301113e+06	9.0350009911e-01	2.7095528547e+03
9.4306301113e+06	9.0349251265e-01	2.7130789080e+03
9.4306301113e+06	9.0348498323e-01	2.7154444623e+03
9.4306301113e+06	9.0347749413e-01	2.7172927571e+03
9.4306301113e+06	9.0347006800e-01	2.7188295370e+03
9.4306301113e+06	9.0346272065e-01	2.7201512799e+03
9.4306301113e+06	9.0345548860e-01	2.7212898879e+03
9.4306301113e+06	9.0344852045e-01	2.7220269544e+03
9.4306301113e+06	9.0344205457e-01	2.7220476134e+03
9.4306301113e+06	9.0343671828e-01	2.7205233552e+03
9.4306301113e+06	9.0343373728e-01	2.7157226858e+03
9.4306301113e+06	9.0343568543e-01	2.7040861369e+03
9.4306301113e+06	9.0344996058e-01	2.6754792875e+03
9.4306301113e+06	9.0348273475e-01	2.6229350336e+03
9.4306301113e+06	9.0353774006e-01	2.5396892063e+03
9.4306301113e+06	9.0360476862e-01	2.4094116858e+03
9.4306301113e+06	9.0346071575e-01	2.2209632114e+03
9.4306301113e+06	9.0339127794e-01	2.2225840751e+03
9.4306301113e+06	9.0332064995e-01	2.2246845681e+03
9.4306301113e+06	9.0324845104e-01	2.2271879365e+03
9.4306301113e+06	9.0317572092e-01	2.2299715993e+03
9.4306301113e+06	9.0310067544e-01	2.2329560668e+03
9.4306301113e+06	9.0302381575e-01	2.2360942731e+03
9.4306301113e+06	9.0294575515e-01	2.2393567272e+03
9.4306301113e+06	9.0286678758e-01	2.2427234752e+03
9.4306301113e+06	9.0278735066e-01	2.2461801121e+03
9.4306301113e+06	9.0270623070e-01	2.2497157566e+03
9.4306301113e+06	9.0262448008e-01	2.2533218168e+03
9.4306301113e+06	9.0253999459e-01	2.2569914099e+03
9.4306301113e+06	9.0245443312e-01	2.2607187725e+03
9.4306301113e+06	9.0236830991e-01	2.2644990652e+03
9.4306301113e+06	9.0228021869e-01	2.2683281785e+03
9.4306301113e+06	9.0219007963e-01	2.2722026077e+03
9.4306301113e+06	9.0209721090e-01	2.2761190348e+03
9.4306301113e+06	9.0200306781e-01	2.2800746115e+03
9.4306301113e+06	9.0190855539e-01	2.2840667445e+03
9.4306301113e+06	9.0181367183e-01	2.2880930640e+03
9.4306301113e+06	9.0171841534e-01	2.2921513625e+03
9.4306301113e+06	9.0162278396e-01	2.2962395665e+03
9.4306301113e+06	9.0152677579e-01	2.3003558722e+03
9.4306301113e+06	9.0143038891e-01	2.3044981422e+03
9.4306301113e+06	9.0133362136e-01	2.3086645982e+03
9.4306301113e+06	9.0123647113e-01	2.3128534981e+03
9.4306301113e+06	9.0113893618e-01	2.3170631609e+03
9.4306301113e+06	9.0104101447e-01	2.3212919846e+03
9.4306301113e+06	9.0094270377e-01	2.3255384863e+03
9.4306301113e+06	9.0084400190e-01	2.3298013358e+03
9.4306301113e+06	9.0074490648e-01	2.3340794364e+03
9.4306301113e+06	9.0064541505e-01	2.3383720553e+03
9.4306301113e+06	9.0054551557e-01	2.3426787928e+03
9.4306301113e+06	9.0044517863e-01	2.3469999162e+03
9.4306301113e+06	9.0034440037e-01	2.3513364642e+03
9.4306301113e+06	9.0024317627e-01	2.3556904554e+03
9.4306301113e+06	9.0014149953e-01	2.3600651257e+03
9.4306301113e+06	9.0003936570e-01	2.3644652192e+03
9.4306301113e+06	8.9993676920e-01	2.3688970483e+03
9.3867759371e+06	8.9983369521e-01	2.3742987006e+03
9.3867759371e+06	9.0026323479e-01	2.3925650372e+03
9.3867759371e+06	9.0014416605e-01	2.4033021859e+03
9.3867759371e+06	9.0001858693e-01	2.4153819205e+03
9.3867759371e+06	8.9988461073e-01	2.4271937880e+03
9.3867759371e+06	8.9973998819e-01	2.4384186405e+03
9.3867759371e+06	8.9958165785e-01	2.4493177945e+03
9.3867759371e+06	8.9940533775e-01	2.4603271020e+03
9.3867759371e+06	8.9920894725e-01	2.4717334361e+03
9.3867759371e+06	8.9903565394e-01	2.4813318191e+03
9.3867759371e+06	8.9887764648e-01	2.4898299834e+03
9.3867759371e+06	8.9873050105e-01	2.4975853655e+03
9.3867759371e+06	8.9859143064e-01	2.5048045876e+03
9.3867759371e+06	8.9845846776e-01	2.5116185985e+03
9.3867759371e+06	8.9833038977e-01	2.5181160025e+03
9.3867759371e+06	8.9820637667e-01	2.5243598277e+03
9.3867759371e+06	8.9808568277e-01	2.5303963711e+03
9.3867759371e+06	8.9796772626e-01	2.5362609434e+03
9.3867759371e+06	8.9785204383e-01	2.5419810638e+03
9.3867759371e+06	8.9773826034e-01	2.5475787434e+03
9.3867759371e+06	8.9762606537e-01	2.5530717757e+03
9.3867759371e+06	8.9751520059e-01	2.5584751432e+03
9.3867759371e+06	8.9740544684e-01	2.5638017298e+03
9.3867759371e+06	8.9729661604e-01	2.5690630133e+03
9.3867759371e+06	8.9718854730e-01	2.5742696558e+03
9.3867759371e+06	8.9708110041e-01	2.5794321672e+03
9.3867759371e+06	8.9697415248e-01	2.5845611933e+03
9.3867759371e+06	8.9686759496e-01	2.5897255066e+03
9.3867759371e+06	8.9676133150e-01	2.5948790271e+03
9.3867759371e+06	8.9665527597e-01	2.6000351963e+03
9.3867759371e+06	8.9654935157e-01	2.6052089693e+03
9.3867759371e+06	8.9644348961e-01	2.6104169137e+03
9.3867759371e+06	8.9633762889e-01	2.6156772218e+03
9.3867759371e+06	8.9623171514e-01	2.6210093492e+03
9.3867759371e+06	8.9612570056e-01	2.6264337636e+03
9.3867759371e+06	8.9601954313e-01	2.6319713175e+03
9.3867759371e+06	8.9591320676e-01	2.6376424585e+03
9.3867759371e+06	8.9580666031e-01	2.6434663966e+03
9.3867759371e+06	8.9569987710e-01	2.6494601795e+03
9.3867759371e+06	8.9559283451e-01	2.6556379225e+03
9.3867759371e+06	8.9548551325e-01	2.6620095984e+03
9.3867759371e+06	8.9537789677e-01	2.6685809875e+03
9.3867759371e+06	8.9526997077e-01	2.6753531719e+03
9.3867759371e+06	8.9516172263e-01	2.6823225879e+03
9.3867759371e+06	8.9505314087e-01	2.6894814539e+03
9.3867759371e+06	8.9494421490e-01	2.6968182639e+03
9.3867759371e+06	8.9483493480e-01	2.7043187909e+03
9.3867759371e+06	8.9472529109e-01	2.7119669894e+03
9.3867759371e+06	8.9461527455e-01	2.7197457388e+03
9.3867759371e+06	8.9450487621e-01	2.7276378809e+03
9.3867759371e+06	8.9439408730e-01	2.7356269404e+03
9.3867759371e+06	8.9428289918e-01	2.7436972250e+03
9.3867759371e+06	8.9417130338e-01	2.7518346629e+03
9.3867759371e+06	8.9405929159e-01	2.7600267711e+03
9.3867759371e+06	8.9394685571e-01	2.7682627173e+03
9.3867759371e+06	8.9383398781e-01	2.7765333472e+03
9.3867759371e+06	8.9372068022e-01	2.7848308453e+03
9.3867759371e+06	8.9360692542e-01	2.7931488536e+03
9.3867759371e+06	8.9349271613e-01	2.8014823207e+03
9.3867759371e+06	8.9337804535e-01	2.8098267951e+03
9.3867759371e+06	8.9326290628e-01	2.8181788969e+03
9.3867759371e+06	8.9314729241e-01	2.8265358620e+03
9.3867759371e+06	8.9303119739e-01	2.8348954231e+03
9.3867759371e+06	8.9291461513e-01	2.8432558535e+03
9.3867759371e+06	8.9279753974e-01	2.8516152967e+03
9.3867759371e+06	8.9267996560e-01	2.8599723740e+03
9.3867759371e+06	8.9256188734e-01	2.8683258044e+03
9.3867759371e+06	8.9244329985e-01	2.8766745370e+03
9.3867759371e+06	8.9232419807e-01	2.8850174054e+03
9.3867759371e+06	8.9220457669e-01	2.8933557278e+03
9.3867759371e+06	8.9208442618e-01	2.9017147245e+03
9.3867759371e+06	8.9196369058e-01	2.9103803072e+03
9.3867759371e+06	8.9185178988e-01	2.9224347829e+03
9.3867759371e+06	8.9184264213e-01	2.9324960956e+03
9.3867759371e+06	8.9183456298e-01	2.9417102043e+03
9.3867759371e+06	8.9182648344e-01	2.9533987637e+03
9.3867759371e+06	8.9181849943e-01	2.9655052556e+03
9.3867759371e+06	8.9181063328e-01	2.9756286016e+03
9.3867759371e+06	8.9180294486e-01	2.9820611823e+03
9.3867759371e+06	8.9179535029e-01	2.9858852128e+03
9.3867759371e+06	8.9178771651e-01	2.9884928335e+03
9.3867759371e+06	8.9177993468e-01	2.9905586261e+03
9.3867759371e+06	8.9177185846e-01	2.9923083726e+03
9.3867759371e+06	8.9176310910e-01	2.9938631017e+03
9.3867759371e+06	8.9175264268e-01	2.9952739201e+03
9.3867759371e+06	8.9173810564e-01	2.9962954280e+03
9.3867759371e+06	8.9170936996e-01	2.9960942376e+03
9.3867759371e+06	8.9160588474e-01	2.9873836463e+03
9.3867759371e+06	8.9150821067e-01	2.9740680519e+03
9.3867759371e+06	8.9141390702e-01	2.9556830200e+03
9.3867759371e+06	8.9132459191e-01	2.9298656644e+03
9.3867759371e+06	8.9124342614e-01	2.8923119651e+03
9.3867759371e+06	8.9117733828e-01	2.8349349937e+03
9.3867759371e+06	8.9112972149e-01	2.7553368128e+03
9.3867759371e+06	8.9110093915e-01	2.6551877564e+03
9.3867759371e+06	8.9108928335e-01	2.5347967345e+03
9.3867759371e+06	8.9108796556e-01	2.3908330711e+03
9.3867759371e+06	8.9111111208e-01	2.3434073723e+03
9.3867759371e+06	8.9110921357e-01	2.3031639679e+03
9.3867759371e+06	8.9105269155e-01	2.2615529063e+03
9.3867759371e+06	8.9089253764e-01	2.2226163287e+03
9.3867759371e+06	8.9081699139e-01	2.2246054491e+03
9.3867759371e+06	8.9074003795e-01	2.2271137024e+03
9.3867759371e+06	8.9066166646e-01	2.2300107491e+03
9.3867759371e+06	8.9058217823e-01	2.2331717058e+03
9.3867759371e+06	8.9050151921e-01	2.2365228958e+03
9.3867759371e+06	8.9042003521e-01	2.2400213964e+03
9.3867759371e+06	8.9033667875e-01	2.2436401210e+03
9.3867759371e+06	8.9025127048e-01	2.2473604872e+03
9.3867759371e+06	8.9016404025e-01	2.2511689173e+03
9.3867759371e+06	8.9007626299e-01	2.2550550046e+03
9.3867759371e+06	8.8998728637e-01	2.2590106382e+03
9.3867759371e+06	8.8989639117e-01	2.2630290125e+03
9.3867759371e+06	8.8980335281e-01	2.2671046202e+03
9.3867759371e+06	8.8970863359e-01	2.2712327636e+03
9.3867759371e+06	8.8961239314e-01	2.2754094025e+03
9.3867759371e+06	8.8951270108e-01	2.2796310525e+03
9.3867759371e+06	8.8941124699e-01	2.2838945498e+03
9.3867759371e+06	8.8930939168e-01	2.2881970584e+03
9.3867759371e+06	8.8920713319e-01	2.2925362144e+03
9.3867759371e+06	8.8910446948e-01	2.2969093776e+03
9.3867759371e+06	8.8900139849e-01	2.3013144062e+03
9.3867759371e+06	8.8889791814e-01	2.3057492425e+03
9.3867759371e+06	8.8879402620e-01	2.3102119240e+03
9.3867759371e+06	8.8868972058e-01	2.3147005856e+03
9.3867759371e+06	8.8858499908e-01	2.3192133548e+03
9.3867759371e+06	8.8847985940e-01	2.3237484792e+03
9.3867759371e+06	8.8837429929e-01	2.3283042695e+03
9.3867759371e+06	8.8826831641e-01	2.3328791275e+03
9.3867759371e+06	8.8816190836e-01	2.3374715819e+03
9.3867759371e+06	8.8805507260e-01	2.3420804424e+03
9.3867759371e+06	8.8794780647e-01	2.3467045361e+03
9.3867759371e+06	8.8784010727e-01	2.3513432085e+03
9.3867759371e+06	8.8773195326e-01	2.3559962925e+03
9.3867759371e+06	8.8762330810e-01	2.3606642740e+03
9.3867759371e+06	8.8751416681e-01	2.3653484985e+03
9.3867759371e+06	8.8740451380e-01	2.3700514499e+03
9.3867759371e+06	8.8729434847e-01	2.3747767896e+03
9.3867759371e+06	8.8718366060e-01	2.3795298695e+03
9.3867759371e+06	8.8707243981e-01	2.3843178412e+03
9.3867759371e+06	8.8696067152e-01	2.3891498456e+03
9.3867759371e+06	8.8684834311e-01	2.3940371174e+03
9.3867759371e+06	8.8673543821e-01	2.3989930057e+03
9.3867759371e+06	8.8662194005e-01	2.4040325934e+03
9.3867759371e+06	8.8650782196e-01	2.4091725936e+03
9.3867759371e+06	8.8639310136e-01	2.4144306571e+03
9.3867759371e+06	8.8627781209e-01	2.4198246699e+03
9.3867759371e+06	8.8616196390e-01	2.4253719222e+03
9.3867759371e+06	8.8604556134e-01	2.4310880597e+03
9.3867759371e+06	8.8592860712e-01	2.4369862285e+03
9.3867759371e+06	8.8581109940e-01	2.4430761806e+03
9.3867759371e+06	8.8569301222e-01	2.4493636288e+03
9.3867759371e+06	8.8557435688e-01	2.4558497396e+03
9.3867759371e+06	8.8545512248e-01	2.4625311951e+03
9.3867759371e+06	8.8533529307e-01	2.4694004082e+03
9.3867759371e+06	8.8521482645e-01	2.4764461862e+03
9.3867759371e+06	8.8509366596e-01	2.4836544987e+03
9.3867759371e+06	8.8497191368e-01	2.4910091689e+03
9.3867759371e+06	8.8484963915e-01	2.4984931321e+03
9.3867759371e+06	8.8472684049e-01	2.5060892121e+03
9.3867759371e+06	8.8460351583e-01	2.5137805995e+03
9.3867759371e+06	8.8447966306e-01	2.5215516696e+03
9.3867759371e+06	8.8435527974e-01	2.5293883016e+03
9.3867759371e+06	8.8423036433e-01	2.5372778252e+03
9.3867759371e+06	8.8410491416e-01	2.5452093860e+03
9.3867759371e+06	8.8397892599e-01	2.5531737630e+03
9.3867759371e+06	8.8385239607e-01	2.5611633565e+03
9.3867759371e+06	8.8372531899e-01	2.5691717098e+03
9.3867759371e+06	8.8359769043e-01	2.5771937565e+03
9.3867759371e+06	8.8346950665e-01	2.5852301637e+03
9.3867759371e+06	8.8334076421e-01	2.5933601693e+03
9.3867759371e+06	8.8321145945e-01	2.6014939781e+03
9.3867759371e+06	8.8308158861e-01	2.6096294051e+03
9.3867759371e+06	8.8295114787e-01	2.6177648844e+03
9.3867759371e+06	8.8282013339e-01	2.6258985496e+03
9.3867759371e+06	8.8268854129e-01	2.6340291474e+03
9.3867759371e+06	8.8255636763e-01	2.6421555991e+03
9.3867759371e+06	8.8242360847e-01	2.6502766688e+03
9.3867759371e+06	8.8229025980e-01	2.6583913546e+03
9.3867759371e+06	8.8215631753e-01	2.6664989465e+03
9.3867759371e+06	8.8202177687e-01	2.6746020936e+03
9.3867759371e+06	8.8188662594e-01	2.6827379038e+03
9.3867759371e+06	8.8175077838e-01	2.6913230846e+03
9.3867759371e+06	8.8164689010e-01	2.7048000837e+03
9.3867759371e+06	8.8163792943e-01	2.7112459354e+03
9.3867759371e+06	8.8162891451e-01	2.7201122568e+03
9.3867759371e+06	8.8161992126e-01	2.7310988398e+03
9.3867759371e+06	8.8161104288e-01	2.7421528351e+03
9.3867759371e+06	8.8160229633e-01	2.7511476713e+03
9.3867759371e+06	8.8159375125e-01	2.7568176705e+03
9.3867759371e+06	8.8158534416e-01	2.7602548368e+03
9.3867759371e+06	8.8157699334e-01	2.7626868746e+03
9.3867759371e+06	8.8156869501e-01	2.7646467770e+03
9.3867759371e+06	8.8156047963e-01	2.7663037158e+03
9.3867759371e+06	8.8155236766e-01	2.7677469947e+03
9.3867759371e+06	8.8154442441e-01	2.7689701955e+03
9.3867759371e+06	8.8153686920e-01	2.7697224924e+03
9.3867759371e+06	8.8153007071e-01	2.7696083898e+03
9.3867759371e+06	8.8152498929e-01	2.7675810967e+03
9.3867759371e+06	8.8152350461e-01	2.7615003053e+03
9.3867759371e+06	8.8152984763e-01	2.7466276781e+03
9.3867759371e+06	8.8155629227e-01	2.7091324345e+03
9.3867759371e+06	8.8160551250e-01	2.6484788052e+03
9.3867759371e+06	8.8167032135e-01	2.5722954672e+03
9.3867759371e+06	8.8173376536e-01	2.4819965815e+03
9.3867759371e+06	8.8180122845e-01	2.3730132027e+03
9.3867759371e+06	8.8174447311e-01	2.2453205800e+03
9.3867759371e+06	8.8161377693e-01	2.2229864462e+03
9.3867759371e+06	8.8153160862e-01	2.2251302280e+03
9.3867759371e+06	8.8144788049e-01	2.2278094889e+03
9.3867759371e+06	8.8136281947e-01	2.2308805676e+03
9.3867759371e+06	8.8127634031e-01	2.2342153057e+03
9.3867759371e+06	8.8118888313e-01	2.2377398508e+03
9.3867759371e+06	8.8110020168e-01	2.2414115359e+03
9.3867759371e+06	8.8100934587e-01	2.2452034575e+03
9.3867759371e+06	8.8091659725e-01	2.2490971289e+03
9.3867759371e+06	8.8082215455e-01	2.2530790296e+03
9.3867759371e+06	8.8072728362e-01	2.2571387850e+03
9.3867759371e+06	8.8063053763e-01	2.2612682272e+03
9.3867759371e+06	8.8053153851e-01	2.2654606941e+03
9.3867759371e+06	8.8043040080e-01	2.2697106384e+03
9.3867759371e+06	8.8032832055e-01	2.2740133384e+03
9.3867759371e+06	8.8022274010e-01	2.2783648653e+03
9.3867759371e+06	8.8011445514e-01	2.2827615830e+03
9.3867759371e+06	8.8000539869e-01	2.2872003383e+03
9.3867759371e+06	8.7989591040e-01	2.2916783167e+03
9.3867759371e+06	8.7978598811e-01	2.2961929609e+03
9.3867759371e+06	8.7967562962e-01	2.3007419105e+03
9.3867759371e+06	8.7956483267e-01	2.3053229622e+03
9.3867759371e+06	8.7945359497e-01	2.3099341887e+03
9.3867759371e+06	8.7934191418e-01	2.3145733799e+03
9.3867759371e+06	8.7922978796e-01	2.3192386722e+03
9.3867759371e+06	8.7911721390e-01	2.3239282415e+03
9.3867759371e+06	8.7900418957e-01	2.3286403212e+03
9.3867759371e+06	8.7889071254e-01	2.3333732126e+03
9.3867759371e+06	8.7877678015e-01	2.3381253170e+03
9.3867759371e+06	8.7866238983e-01	2.3428951581e+03
9.3867759371e+06	8.7854753887e-01	2.3476815436e+03
9.3867759371e+06	8.7843222441e-01	2.3524833137e+03
9.3867759371e+06	8.7831644339e-01	2.3572998384e+03
9.3867759371e+06	8.7820016695e-01	2.3621309823e+03
9.3867759371e+06	8.7808335633e-01	2.3669772814e+03
9.3867759371e+06	8.7796599056e-01	2.3718401645e+03
9.3867759371e+06	8.7784807555e-01	2.3767221502e+03
9.3867759371e+06	8.7772958974e-01	2.3816271387e+03
9.3867759371e+06	8.7761053090e-01	2.3865607350e+03
9.3867759371e+06	8.7749087931e-01	2.3915301912e+03
9.3867759371e+06	8.7737061464e-01	2.3965449370e+03
9.3867759371e+06	8.7724971954e-01	2.4016165221e+03
9.3867759371e+06	8.7712817527e-01	2.4067585927e+03
9.3867759371e+06	8.7700595850e-01	2.4119866854e+03
9.3867759371e+06	8.7688310461e-01	2.4173178848e+03
9.3867759371e+06	8.7675965253e-01	2.4227701202e+03
9.3867759371e+06	8.7663560931e-01	2.4283615254e+03
9.3867759371e+06	8.7651097070e-01	2.4341095084e+03
9.3867759371e+06	8.7638572009e-01	2.4400297392e+03
9.3867759371e+06	8.7625986714e-01	2.4461351786e+03
9.3867759371e+06	8.7613340444e-01	2.4524353189e+03
9.3867759371e+06	8.7600631792e-01	2.4589351604e+03
9.3867759371e+06	8.7587858771e-01	2.4656352522e+03
9.3867759371e+06	8.7575019284e-01	2.4725315419e+03
9.3867759371e+06	8.7562104773e-01	2.4796156817e+03
9.3867759371e+06	8.7549121536e-01	2.4868757345e+03
9.3867759371e+06	8.7536082406e-01	2.4942970344e+03
9.3867759371e+06	8.7522987211e-01	2.5018629243e+03
9.3867759371e+06	8.7509835805e-01	2.5095559876e+03
9.3867759371e+06	8.7496627998e-01	2.5173587848e+03
9.3867759371e+06	8.7483363555e-01	2.5252546072e+03
9.3867759371e+06	8.7470042303e-01	2.5332277768e+03
9.3867759371e+06	8.7456664073e-01	2.5412642645e+03
9.3867759371e+06	8.7443228464e-01	2.5493518736e+03
9.3867759371e+06	8.7429735206e-01	2.5574797945e+03
9.3867759371e+06	8.7416183754e-01	2.5656391133e+03
9.3867759371e+06	8.7402573565e-01	2.5738224605e+03
9.3867759371e+06	8.7388904267e-01	2.5820239654e+03
9.3867759371e+06	8.7375175471e-01	2.5902982788e+03
9.3867759371e+06	8.7361386807e-01	2.5986164530e+03
9.3867759371e+06	8.7347537877e-01	2.6069410376e+03
9.3867759371e+06	8.7333628276e-01	2.6152695226e+03
9.3867759371e+06	8.7319657596e-01	2.6236000392e+03
9.3867759371e+06	8.7305625424e-01	2.6319306902e+03
9.3867759371e+06	8.7291531342e-01	2.6402601148e+03
9.3867759371e+06	8.7277374928e-01	2.6485870975e+03
9.3867759371e+06	8.7263155757e-01	2.6569105288e+03
9.3867759371e+06	8.7248873395e-01	2.6652295520e+03
9.3867759371e+06	8.7234527417e-01	2.6735429050e+03
9.3867759371e+06	8.7220117373e-01	2.6818499964e+03
9.3867759371e+06	8.7205642740e-01	2.6901536599e+03
9.3867759371e+06	8.7191102180e-01	2.6984944896e+03
9.3867759371e+06	8.7176485838e-01	2.7073243933e+03
9.3867759371e+06	8.7165564966e-01	2.7214463813e+03
9.3867759371e+06	8.7164597569e-01	2.7282143720e+03
9.3867759371e+06	8.7163623404e-01	2.7375242169e+03
9.3867759371e+06	8.7162653204e-01	2.7487628616e+03
9.3867759371e+06	8.7161695495e-01	2.7597514530e+03
9.3867759371e+06	8.7160753213e-01	2.7683401580e+03
9.3867759371e+06	8.7159831651e-01	2.7736810216e+03
9.3867759371e+06	8.7158923957e-01	2.7769702733e+03
9.3867759371e+06	8.7158020525e-01	2.7793874394e+03
9.3867759371e+06	8.7157123355e-01	2.7813570829e+03
9.3867759371e+06	8.7156235629e-01	2.7830362545e+03
9.3867759371e+06	8.7155359614e-01	2.7845105475e+03
9.3867759371e+06	8.7154505563e-01	2.7857247919e+03
9.3867759371e+06	8.7153698922e-01	2.7864084292e+03
9.3867759371e+06	8.7152987331e-01	2.7860842451e+03
9.3867759371e+06	8.7152490987e-01	2.7835114191e+03
9.3867759371e+06	8.7152446792e-01	2.7761812061e+03
9.3867759371e+06	8.7153420228e-01	2.7581652421e+03
9.3867759371e+06	8.7156824472e-01	2.7148090577e+03
9.3867759371e+06	8.7163015082e-01	2.6448165368e+03
9.3867759371e+06	8.7172950764e-01	2.5348398892e+03
9.3867759371e+06	8.7184684563e-01	2.3646775999e+03
9.3867759371e+06	8.7168134470e-01	2.2229861294e+03
9.3867759371e+06	8.7160353526e-01	2.2251788346e+03
9.3867759371e+06	8.7152384000e-01	2.2279359093e+03
9.3867759371e+06	8.7144264766e-01	2.2311198404e+03
9.3867759371e+06	8.7136005427e-01	2.2345872077e+03
9.3867759371e+06	8.7127642717e-01	2.2382551431e+03
9.3867759371e+06	8.7119151201e-01	2.2420767593e+03
9.3867759371e+06	8.7110429003e-01	2.2460230567e+03
9.3867759371e+06	8.7101512282e-01	2.2500743750e+03
9.3867759371e+06	8.7092441028e-01	2.2542164655e+03
9.3867759371e+06	8.7083317310e-01	2.2584384701e+03
9.3867759371e+06	8.7073996715e-01	2.2627319796e+03
9.3867759371e+06	8.7064420245e-01	2.2670899244e+03
9.3867759371e+06	8.7054628163e-01	2.2715066007e+03
9.3867759371e+06	8.7044740685e-01	2.2759771498e+03
9.3867759371e+06	8.7034442238e-01	2.2804974884e+03
9.3867759371e+06	8.7023932435e-01	2.2850639515e+03
9.3867759371e+06	8.7013381164e-01	2.2896733922e+03
9.3867759371e+06	8.7002788228e-01	2.2943227968e+03
9.3867759371e+06	8.6992153421e-01	2.2990095857e+03
9.3867759371e+06	8.6981476533e-01	2.3037313662e+03
9.3867759371e+06	8.6970757348e-01	2.3084859043e+03
9.3867759371e+06	8.6959995644e-01	2.3132710934e+03
9.3867759371e+06	8.6949191206e-01	2.3180850089e+03
9.3867759371e+06	8.6938343802e-01	2.3229255983e+03
9.3867759371e+06	8.6927453203e-01	2.3277910258e+03
9.3867759371e+06	8.6916519175e-01	2.3326795052e+03
9.3867759371e+06	8.6905541481e-01	2.3375893173e+03
9.3867759371e+06	8.6894519875e-01	2.3425189044e+03
9.3867759371e+06	8.6883454107e-01	2.3474666555e+03
9.3867759371e+06	8.6872343920e-01	2.3524312576e+03
9.3867759371e+06	8.6861189026e-01	2.3574116488e+03
9.3867759371e+06	8.6849989137e-01	2.3624071129e+03
9.3867759371e+06	8.6838741077e-01	2.3674174284e+03
9.3867759371e+06	8.6827439492e-01	2.3724431733e+03
9.3867759371e+06	8.6816083067e-01	2.3774854509e+03
9.3867759371e+06	8.6804671098e-01	2.3825466842e+03
9.3867759371e+06	8.6793202511e-01	2.3876306220e+03
9.3867759371e+06	8.6781675209e-01	2.3927426515e+03
9.3867759371e+06	8.6770087021e-01	2.3978899543e+03
9.3867759371e+06	8.6758436101e-01	2.4030818069e+03
9.3867759371e+06	8.6746720076e-01	2.4083296353e+03
9.3867759371e+06	8.6734936481e-01	2.4136470280e+03
9.3867759371e+06	8.6723091346e-01	2.4190496167e+03
9.3867759371e+06	8.6711187601e-01	2.4245544399e+03
9.3867759371e+06	8.6699225855e-01	2.4301796954e+03
9.3867759371e+06	8.6687206123e-01	2.4359438121e+03
9.3867759371e+06	8.6675127872e-01	2.4418645739e+03
9.3867759371e+06	8.6662988246e-01	2.4479581005e+03
9.3867759371e+06	8.6650788564e-01	2.4542377643e+03
9.3867759371e+06	8.6638526981e-01	2.4607133757e+03
9.3867759371e+06	8.6626201098e-01	2.4673904803e+03
9.3867759371e+06	8.6613805061e-01	2.4742698477e+03
9.3867759371e+06	8.6601332253e-01	2.4813475843e+03
9.3867759371e+06	8.6588801775e-01	2.4886153924e+03
9.3867759371e+06	8.6576217377e-01	2.4960613905e+03
9.3867759371e+06	8.6563578950e-01	2.5036705541e+03
9.3867759371e+06	8.6550886391e-01	2.5114261122e+03
9.3867759371e+06	8.6538139544e-01	2.5193104074e+03
9.3867759371e+06	8.6525338247e-01	2.5273057295e+03
9.3867759371e+06	8.6512482428e-01	2.5353951716e+03
9.3867759371e+06	8.6499571838e-01	2.5435627845e+03
9.3867759371e+06	8.6486606188e-01	2.5517943727e+03
9.3867759371e+06	8.6473585126e-01	2.5600774697e+03
9.3867759371e+06	8.6460508079e-01	2.5684013833e+03
9.3867759371e+06	8.6447374625e-01	2.5767573105e+03
9.3867759371e+06	8.6434184402e-01	2.5851376643e+03
9.3867759371e+06	8.6420937071e-01	2.5936315900e+03
9.3867759371e+06	8.6407632264e-01	2.6021405436e+03
9.3867759371e+06	8.6394269602e-01	2.6106595775e+03
9.3867759371e+06	8.6380848698e-01	2.6191857643e+03
9.3867759371e+06	8.6367369159e-01	2.6277164372e+03
9.3867759371e+06	8.6353830588e-01	2.6362496827e+03
9.3867759371e+06	8.6340232585e-01	2.6447839160e+03
9.3867759371e+06	8.6326574742e-01	2.6533178700e+03
9.3867759371e+06	8.6312856650e-01	2.6618502722e+03
9.3867759371e+06	8.6299077895e-01	2.6703800834e+03
9.3867759371e+06	8.6285238061e-01	2.6789063119e+03
9.3867759371e+06	8.6271336723e-01	2.6874282426e+03
9.3867759371e+06	8.6257373454e-01	2.6959447947e+03
9.3867759371e+06	8.6243347765e-01	2.7044576749e+03
9.3867759371e+06	8.6229258590e-01	2.7129942558e+03
9.3867759371e+06	8.6215098758e-01	2.7218623603e+03
9.3867759371e+06	8.6202257966e-01	2.7343698629e+03
9.3867759371e+06	8.6201164594e-01	2.7442916603e+03
9.3867759371e+06	8.6200197098e-01	2.7536172644e+03
9.3867759371e+06	8.6199233349e-01	2.7649338771e+03
9.3867759371e+06	8.6198283102e-01	2.7760374287e+03
9.3867759371e+06	8.6197348415e-01	2.7848238531e+03
9.3867759371e+06	8.6196435869e-01	2.7903188840e+03
9.3867759371e+06	8.6195538279e-01	2.7937144942e+03
9.3867759371e+06	8.6194645273e-01	2.7962111309e+03
9.3867759371e+06	8.6193758546e-01	2.7982556004e+03
9.3867759371e+06	8.6192882038e-01	2.8000010391e+03
9.3867759371e+06	8.6192017919e-01	2.8015339541e+03
9.3867759371e+06	8.6191176652e-01	2.8028034555e+03
9.3867759371e+06	8.6190386692e-01	2.8035269344e+03
9.3867759371e+06	8.6189699697e-01	2.8032108741e+03
9.3867759371e+06	8.6189246737e-01	2.8005668513e+03
9.3867759371e+06	8.6189288026e-01	2.7929758485e+03
9.3867759371e+06	8.6190451778e-01	2.7742175133e+03
9.3867759371e+06	8.6194308810e-01	2.7289192378e+03
9.3867759371e+06	8.6201195088e-01	2.6560709375e+03
9.3867759371e+06	8.6212323271e-01	2.5416231729e+03
9.3867759371e+06	8.6225534277e-01	2.3649086625e+03
9.3867759371e+06	8.6209612175e-01	2.2232997654e+03
9.3867759371e+06	8.6201476017e-01	2.2256378848e+03
9.3867759371e+06	8.6193143850e-01	2.2285600438e+03
9.3867759371e+06	8.6184667635e-01	2.2319163619e+03
9.3867759371e+06	8.6176026245e-01	2.2355583131e+03
9.3867759371e+06	8.6167298076e-01	2.2394017957e+03
9.3867759371e+06	8.6158406267e-01	2.2433996728e+03
9.3867759371e+06	8.6149256382e-01	2.2475228676e+03
9.3867759371e+06	8.6139912644e-01	2.2517516698e+03
9.3867759371e+06	8.6130454300e-01	2.2560717819e+03
9.3867759371e+06	8.6120885257e-01	2.2604723364e+03
9.3867759371e+06	8.6111090768e-01	2.2649449957e+03
9.3867759371e+06	8.6101046714e-01	2.2694824849e+03
9.3867759371e+06	8.6090836312e-01	2.2740791118e+03
9.3867759371e+06	8.6080360586e-01	2.2787300625e+03
9.3867759371e+06	8.6069541228e-01	2.2834311895e+03
9.3867759371e+06	8.6058601981e-01	2.2881788109e+03
9.3867759371e+06	8.6047619568e-01	2.2929697535e+03
9.3867759371e+06	8.6036593783e-01	2.2978010476e+03
9.3867759371e+06	8.6025524411e-01	2.3026700927e+03
9.3867759371e+06	8.6014411229e-01	2.3075744830e+03
9.3867759371e+06	8.6003254013e-01	2.3125119733e+03
9.3867759371e+06	8.5992052532e-01	2.3174804454e+03
9.3867759371e+06	8.5980806552e-01	2.3224778814e+03
9.3867759371e+06	8.5969515836e-01	2.3275025061e+03
9.3867759371e+06	8.5958180144e-01	2.3325522108e+03
9.3867759371e+06	8.5946799227e-01	2.3376252377e+03
9.3867759371e+06	8.5935372836e-01	2.3427198692e+03
9.3867759371e+06	8.5923900717e-01	2.3478344705e+03
9.3867759371e+06	8.5912382605e-01	2.3529675983e+03
9.3867759371e+06	8.5900818222e-01	2.3581178282e+03
9.3867759371e+06	8.5889207283e-01	2.3632841028e+03
9.3867759371e+06	8.5877549485e-01	2.3684657176e+03
9.3867759371e+06	8.5865839413e-01	2.3736624773e+03
9.3867759371e+06	8.5854071551e-01	2.3788748803e+03
9.3867759371e+06	8.5842245235e-01	2.3841042293e+03
9.3867759371e+06	8.5830359152e-01	2.3893529874e+03
9.3867759371e+06	8.5818410992e-01	2.3946250069e+03
9.3867759371e+06	8.5806398496e-01	2.3999257623e+03
9.3867759371e+06	8.5794319308e-01	2.4052626434e+03
9.3867759371e+06	8.5782169875e-01	2.4106451141e+03
9.3867759371e+06	8.5769950165e-01	2.4160849781e+03
9.3867759371e+06	8.5757667809e-01	2.4215959340e+03
9.3867759371e+06	8.5745324195e-01	2.4271938703e+03
9.3867759371e+06	8.5732919677e-01	2.4328962595e+03
9.3867759371e+06	8.5720454315e-01	2.4387216044e+03
9.3867759371e+06	8.5707927411e-01	2.4446885878e+03
9.3867759371e+06	8.5695337743e-01	2.4508151632e+03
9.3867759371e+06	8.5682683608e-01	2.4571175786e+03
9.3867759371e+06	8.5669962444e-01	2.4636090407e+03
9.3867759371e+06	8.5657171131e-01	2.4702991356e+03
9.3867759371e+06	8.5644299007e-01	2.4771930043e+03
9.3867759371e+06	8.5631357408e-01	2.4842909607e+03
9.3867759371e+06	8.5618359852e-01	2.4915886126e+03
9.3867759371e+06	8.5605306253e-01	2.4990769366e+03
9.3867759371e+06	8.5592196521e-01	2.5067433740e+03
9.3867759371e+06	8.5579030556e-01	2.5145725338e+03
9.3867759371e+06	8.5565808210e-01	2.5225471968e+03
9.3867759371e+06	8.5552529412e-01	2.5306494873e+03
9.3867759371e+06	8.5539194079e-01	2.5388613595e+03
9.3867759371e+06	8.5525801865e-01	2.5471657339e+03
9.3867759371e+06	8.5512352584e-01	2.5555468441e+03
9.3867759371e+06	8.5498845701e-01	2.5639905730e+03
9.3867759371e+06	8.5485280657e-01	2.5724846275e+03
9.3867759371e+06	8.5471657133e-01	2.5810187308e+03
9.3867759371e+06	8.5457974752e-01	2.5896312709e+03
9.3867759371e+06	8.5444233173e-01	2.5983187845e+03
9.3867759371e+06	8.5430432013e-01	2.6070248229e+03
9.3867759371e+06	8.5416570881e-01	2.6157448299e+03
9.3867759371e+06	8.5402649377e-01	2.6244749389e+03
9.3867759371e+06	8.5388667089e-01	2.6332122831e+03
9.3867759371e+06	8.5374623618e-01	2.6419545769e+03
9.3867759371e+06	8.5360518538e-01	2.6507001369e+03
9.3867759371e+06	8.5346351424e-01	2.6594472846e+03
9.3867759371e+06	8.5332121861e-01	2.6681948049e+03
9.3867759371e+06	8.5317829411e-01	2.6769416194e+03
9.3867759371e+06	8.5303473641e-01	2.6856868841e+03
9.3867759371e+06	8.5289054114e-01	2.6944294275e+03
9.3867759371e+06	8.5274570385e-01	2.7031683896e+03
9.3867759371e+06	8.5260022003e-01	2.7119030955e+03
9.3867759371e+06	8.5245408457e-01	2.7206354435e+03
9.3867759371e+06	8.5230728615e-01	2.7293932837e+03
9.3867759371e+06	8.5215974840e-01	2.7384923613e+03
9.3867759371e+06	8.5202590095e-01	2.7513260108e+03
9.3867759371e+06	8.5201435572e-01	2.7615342211e+03
9.3867759371e+06	8.5200418263e-01	2.7711005494e+03
9.3867759371e+06	8.5199405565e-01	2.7825886148e+03
9.3867759371e+06	8.5198407118e-01	2.7937250762e+03
9.3867759371e+06	8.5197424579e-01	2.8024222869e+03
9.3867759371e+06	8.5196465127e-01	2.8078468905e+03
9.3867759371e+06	8.5195521184e-01	2.8112355188e+03
9.3867759371e+06	8.5194581897e-01	2.8137731482e+03
9.3867759371e+06	8.5193649925e-01	2.8158654249e+03
9.3867759371e+06	8.5192729266e-01	2.8176590034e+03
9.3867759371e+06	8.5191822196e-01	2.8192399267e+03
9.3867759371e+06	8.5190941783e-01	2.8205328093e+03
9.3867759371e+06	8.5190120195e-01	2.8212369603e+03
9.3867759371e+06	8.5189418325e-01	2.8208004001e+03
9.3867759371e+06	8.5188988587e-01	2.8177969177e+03
9.3867759371e+06	8.5189136470e-01	2.8093262783e+03
9.3867759371e+06	8.5190623361e-01	2.7882648382e+03
9.3867759371e+06	8.5195291198e-01	2.7376153516e+03
9.3867759371e+06	8.5203522959e-01	2.6563259999e+03
9.3867759371e+06	8.5216592163e-01	2.5291427980e+03
9.3867759371e+06	8.5232136017e-01	2.3334433307e+03
9.3867759371e+06	8.5213853848e-01	2.2237262846e+03
9.3867759371e+06	8.5205297904e-01	2.2262414468e+03
9.3867759371e+06	8.5196544409e-01	2.2293570160e+03
9.3867759371e+06	8.5187659861e-01	2.2329051260e+03
9.3867759371e+06	8.5178577973e-01	2.2367358187e+03
9.3867759371e+06	8.5169433111e-01	2.2407662424e+03
9.3867759371e+06	8.5160073516e-01	2.2449501938e+03
9.3867759371e+06	8.5150442026e-01	2.2492590871e+03
9.3867759371e+06	8.5140611177e-01	2.2536735680e+03
9.3867759371e+06	8.5130713868e-01	2.2581793313e+03
9.3867759371e+06	8.5120638843e-01	2.2627656655e+03
9.3867759371e+06	8.5110305488e-01	2.2674240838e+03
9.3867759371e+06	8.5099723852e-01	2.2721476779e+03
9.3867759371e+06	8.5089036307e-01	2.2769307774e+03
9.3867759371e+06	8.5077887443e-01	2.2817684761e+03
9.3867759371e+06	8.5066510055e-01	2.2866565967e+03
9.3867759371e+06	8.5055087800e-01	2.2915914788e+03
9.3867759371e+06	8.5043620468e-01	2.2965699155e+03
9.3867759371e+06	8.5032107837e-01	2.3015891140e+03
9.3867759371e+06	8.5020549685e-01	2.3066463231e+03
9.3867759371e+06	8.5008945769e-01	2.3117391621e+03
9.3867759371e+06	8.4997295856e-01	2.3168653870e+03
9.3867759371e+06	8.4985599703e-01	2.3220228776e+03
9.3564996256e+06	8.4973857064e-01	2.3278781379e+03
9.3564996256e+06	8.5142433239e-01	2.3353219350e+03
9.3564996256e+06	8.5139392688e-01	2.3380771702e+03
9.3564996256e+06	8.5136545974e-01	2.3411858823e+03
9.3564996256e+06	8.5133882541e-01	2.3445704125e+03
9.3564996256e+06	8.5131402664e-01	2.3480704617e+03
9.3564996256e+06	8.5129111554e-01	2.3515331797e+03
9.3564996256e+06	8.5127019724e-01	2.3548561663e+03
9.3564996256e+06	8.5125138504e-01	2.3579835295e+03
9.3564996256e+06	8.5117654465e-01	2.3608953251e+03
9.3564996256e+06	8.5106578136e-01	2.3636276607e+03
9.3564996256e+06	8.5095282490e-01	2.3661855072e+03
9.3564996256e+06	8.5083845274e-01	2.3685283701e+03
9.3564996256e+06	8.5072305621e-01	2.3706658146e+03
9.3564996256e+06	8.5060683009e-01	2.3728154780e+03
9.3564996256e+06	8.5048988229e-01	2.3753456563e+03
9.3564996256e+06	8.5037227725e-01	2.3785788303e+03
9.3564996256e+06	8.5025405556e-01	2.3826732431e+03
9.3564996256e+06	8.5013522264e-01	2.3876317849e+03
9.3564996256e+06	8.5001575986e-01	2.3933647866e+03
9.3564996256e+06	8.4989565511e-01	2.3997467277e+03
9.3564996256e+06	8.4977491347e-01	2.4066500010e+03
9.3564996256e+06	8.4965351599e-01	2.4139610174e+03
9.3564996256e+06	8.4953143615e-01	2.4215850949e+03
9.3564996256e+06	8.4940862983e-01	2.4294464853e+03
9.3564996256e+06	8.4928505100e-01	2.4374854374e+03
9.3564996256e+06	8.4916076398e-01	2.4456561496e+03
9.3564996256e+06	8.4903584248e-01	2.4539237500e+03
9.3564996256e+06	8.4891029651e-01	2.4622616796e+03
9.3564996256e+06	8.4878413036e-01	2.4706500841e+03
9.3564996256e+06	8.4865733787e-01	2.4790740946e+03
9.3564996256e+06	8.4852989281e-01	2.4875225942e+03
9.3564996256e+06	8.4840179695e-01	2.4959873476e+03
9.3564996256e+06	8.4827303263e-01	2.5044619609e+03
9.3564996256e+06	8.4814353478e-01	2.5129417359e+03
9.3564996256e+06	8.4801321482e-01	2.5214230943e+03
9.3564996256e+06	8.4788211906e-01	2.5299038723e+03
9.3564996256e+06	8.4775044090e-01	2.5383858814e+03
9.3564996256e+06	8.4761816623e-01	2.5469161361e+03
9.3564996256e+06	8.4748516767e-01	2.5560238564e+03
9.3564996256e+06	8.4739056239e-01	2.5712753026e+03
9.3564996256e+06	8.4738119515e-01	2.5787305628e+03
9.3564996256e+06	8.4737180403e-01	2.5885288334e+03
9.3564996256e+06	8.4736251036e-01	2.5993742162e+03
9.3564996256e+06	8.4735334643e-01	2.6090787121e+03
9.3564996256e+06	8.4734437135e-01	2.6159585480e+03
9.3564996256e+06	8.4733559258e-01	2.6202238251e+03
9.3564996256e+06	8.4732694080e-01	2.6230684070e+03
9.3564996256e+06	8.4731829612e-01	2.6253925341e+03
9.3564996256e+06	8.4730975439e-01	2.6273407155e+03
9.3564996256e+06	8.4730134347e-01	2.6290310413e+03
9.3564996256e+06	8.4729307797e-01	2.6305429856e+03
9.3564996256e+06	8.4728518741e-01	2.6316822711e+03
9.3564996256e+06	8.4727805826e-01	2.6321224434e+03
9.3564996256e+06	8.4727255832e-01	2.6311215607e+03
9.3564996256e+06	8.4727068323e-01	2.6269093783e+03
9.3564996256e+06	8.4727650956e-01	2.6158833188e+03
9.3564996256e+06	8.4730120816e-01	2.5882819320e+03
9.3564996256e+06	8.4737766224e-01	2.5586539873e+03
9.3564996256e+06	8.4746097971e-01	2.5516496534e+03
9.3564996256e+06	8.4754436753e-01	2.5444988869e+03
9.3564996256e+06	8.4762805616e-01	2.5371078343e+03
9.3564996256e+06	8.4771091219e-01	2.5293200197e+03
9.3564996256e+06	8.4779616817e-01	2.5208046716e+03
9.3564996256e+06	8.4790421578e-01	2.5110722542e+03
9.3564996256e+06	8.4803877830e-01	2.4986250052e+03
9.3564996256e+06	8.4817509161e-01	2.4855317688e+03
9.3564996256e+06	8.4826911196e-01	2.4762807077e+03
9.3564996256e+06	8.4833855099e-01	2.4693003524e+03
9.3564996256e+06	8.4839170530e-01	2.4636821900e+03
9.3564996256e+06	8.4843443237e-01	2.4589477186e+03
9.3564996256e+06	8.4847000586e-01	2.4547369500e+03
9.3564996256e+06	8.4847280706e-01	2.4511438283e+03
9.3564996256e+06	8.4847543046e-01	2.4471514695e+03
9.3564996256e+06	8.4847817429e-01	2.4425008752e+03
9.3564996256e+06	8.4848162405e-01	2.4365797857e+03
9.3564996256e+06	8.4848590568e-01	2.4292183345e+03
9.3564996256e+06	8.4848870400e-01	2.4228657849e+03
9.3564996256e+06	8.4848930107e-01	2.4167672082e+03
9.3564996256e+06	8.4848604882e-01	2.4103381324e+03
9.3564996256e+06	8.4847522740e-01	2.4038136344e+03
9.3564996256e+06	8.4847710715e-01	2.3970430017e+03
9.3564996256e+06	8.4848232188e-01	2.3895007098e+03
9.3564996256e+06	8.4848829665e-01	2.3802519673e+03
9.3564996256e+06	8.4849529481e-01	2.3680918156e+03
9.3564996256e+06	8.4849979757e-01	2.3572386622e+03
9.3564996256e+06	8.4850117010e-01	2.3463760618e+03
9.3564996256e+06	8.4849715886e-01	2.3344989537e+03
9.3564996256e+06	8.4847705695e-01	2.3225294808e+03
9.3564996256e+06	8.4847475150e-01	2.3097609350e+03
9.3564996256e+06	8.4854289487e-01	2.2975128824e+03
9.3564996256e+06	8.4861126526e-01	2.2866001879e+03
9.3564996256e+06	8.4867836663e-01	2.2744775844e+03
9.3564996256e+06	8.4874446779e-01	2.2600624400e+03
9.3564996256e+06	8.4881431922e-01	2.2405783442e+03
9.3564996256e+06	8.4884939822e-01	2.2238305877e+03
9.3564996256e+06	8.4877855089e-01	2.2240837715e+03
9.3564996256e+06	8.4870199449e-01	2.2268526355e+03
9.3564996256e+06	8.4862073918e-01	2.2302219953e+03
9.3564996256e+06	8.4853821200e-01	2.2340006047e+03
9.3564996256e+06	8.4845392363e-01	2.2380468664e+03
9.3564996256e+06	8.4836862336e-01	2.2422848035e+03
9.3564996256e+06	8.4828171959e-01	2.2466716874e+03
9.3564996256e+06	8.4819301770e-01	2.2511806954e+03
9.3564996256e+06	8.4810109158e-01	2.2557934065e+03
9.3564996256e+06	8.4800833433e-01	2.2604962213e+03
9.3564996256e+06	8.4791367892e-01	2.2652787641e+03
9.3564996256e+06	8.4781721658e-01	2.2701327768e+03
9.3564996256e+06	8.4771742292e-01	2.2750517147e+03
9.3564996256e+06	8.4761597987e-01	2.2800297128e+03
9.3564996256e+06	8.4751012290e-01	2.2850621476e+03
9.3564996256e+06	8.4740263463e-01	2.2901448896e+03
9.3564996256e+06	8.4729472511e-01	2.2952743483e+03
9.3564996256e+06	8.4718639239e-01	2.3004473618e+03
9.3564996256e+06	8.4707763442e-01	2.3056610861e+03
9.3564996256e+06	8.4696844902e-01	2.3109130694e+03
9.3564996256e+06	8.4685883413e-01	2.3162007050e+03
9.3564996256e+06	8.4674878746e-01	2.3215218019e+03
9.3564996256e+06	8.4663830676e-01	2.3268742585e+03
9.3564996256e+06	8.4652738974e-01	2.3322560612e+03
9.3564996256e+06	8.4641603402e-01	2.3376652736e+03
9.3564996256e+06	8.4630423731e-01	2.3431000195e+03
9.3564996256e+06	8.4619199705e-01	2.3485585570e+03
9.3564996256e+06	8.4607931084e-01	2.3540390648e+03
9.3564996256e+06	8.4596617613e-01	2.3595399273e+03
9.3564996256e+06	8.4585259029e-01	2.3650596578e+03
9.3564996256e+06	8.4573855058e-01	2.3705969666e+03
9.3564996256e+06	8.4562405410e-01	2.3761508516e+03
9.3564996256e+06	8.4550906083e-01	2.3817208526e+03
9.3564996256e+06	8.4539346789e-01	2.3873067254e+03
9.3564996256e+06	8.4527726158e-01	2.3929091892e+03
9.3564996256e+06	8.4516041074e-01	2.3985299203e+03
9.3564996256e+06	8.4504288494e-01	2.4041717686e+03
9.3564996256e+06	8.4492464851e-01	2.4098390923e+03
9.3564996256e+06	8.4480566975e-01	2.4155380404e+03
9.3564996256e+06	8.4468601584e-01	2.4212766791e+03
9.3564996256e+06	8.4456575218e-01	2.4270653429e+03
9.3564996256e+06	8.4444488663e-01	2.4329166610e+03
9.3564996256e+06	8.4432341848e-01	2.4388454955e+03
9.3564996256e+06	8.4420133860e-01	2.4448687478e+03
9.3564996256e+06	8.4407863136e-01	2.4510047053e+03
9.3564996256e+06	8.4395527381e-01	2.4572725670e+03
9.3564996256e+06	8.4383123832e-01	2.4636914273e+03
9.3564996256e+06	8.4370645855e-01	2.4702793699e+03
9.3564996256e+06	8.4358082830e-01	2.4770519874e+03
9.3564996256e+06	8.4345456281e-01	2.4840217363e+03
9.3564996256e+06	8.4332775163e-01	2.4911968578e+03
9.3564996256e+06	8.4320039337e-01	2.4985807815e+03
9.3564996256e+06	8.4307248721e-01	2.5061719717e+03
9.3564996256e+06	8.4294403228e-01	2.5139638053e+03
9.3564996256e+06	8.4281502808e-01	2.5219454456e+03
9.3564996256e+06	8.4268547507e-01	2.5301026138e+03
9.3564996256e+06	8.4255537195e-01	2.5384185724e+03
9.3564996256e+06	8.4242471757e-01	2.5468750517e+03
9.3564996256e+06	8.4229350905e-01	2.5554535149e+03
9.3564996256e+06	8.4216174157e-01	2.5641359709e+03
9.3564996256e+06	8.4202941103e-01	2.5729053305e+03
9.3564996256e+06	8.4189651473e-01	2.5817463068e+03
9.3564996256e+06	8.4176304953e-01	2.5907053895e+03
9.3564996256e+06	8.4162901249e-01	2.5997535413e+03
9.3564996256e+06	8.4149440007e-01	2.6088389826e+03
9.3564996256e+06	8.4135920888e-01	2.6179536153e+03
9.3564996256e+06	8.4122343514e-01	2.6270909094e+03
9.3564996256e+06	8.4108707503e-01	2.6362457935e+03
9.3564996256e+06	8.4095012464e-01	2.6454140104e+03
9.3564996256e+06	8.4081258001e-01	2.6545924268e+03
9.3564996256e+06	8.4067443708e-01	2.6637786485e+03
9.3564996256e+06	8.4053569178e-01	2.6729706871e+03
9.3564996256e+06	8.4039633997e-01	2.6821670427e+03
9.3564996256e+06	8.4025637743e-01	2.6913666479e+03
9.3564996256e+06	8.4011579995e-01	2.7005682014e+03
9.3564996256e+06	8.3997460321e-01	2.7097708187e+03
9.3564996256e+06	8.3983278299e-01	2.7189736269e+03
9.3564996256e+06	8.3969033491e-01	2.7281758636e+03
9.3564996256e+06	8.3954725457e-01	2.7373765781e+03
9.3564996256e+06	8.3940353744e-01	2.7465754248e+03
9.3564996256e+06	8.3925917794e-01	2.7557759337e+03
9.3564996256e+06	8.3911415977e-01	2.7650269027e+03
9.3564996256e+06	8.3896835471e-01	2.7748685005e+03
9.3564996256e+06	8.3886194171e-01	2.7910009073e+03
9.3564996256e+06	8.3885168940e-01	2.7988955051e+03
9.3564996256e+06	8.3884139421e-01	2.8094020656e+03
9.3564996256e+06	8.3883118934e-01	2.8212498707e+03
9.3564996256e+06	8.3882113446e-01	2.8320708558e+03
9.3564996256e+06	8.3881128651e-01	2.8399108934e+03
9.3564996256e+06	8.3880167723e-01	2.8447560790e+03
9.3564996256e+06	8.3879224334e-01	2.8479275650e+03
9.3564996256e+06	8.3878287940e-01	2.8504797019e+03
9.3564996256e+06	8.3877374186e-01	2.8526103608e+03
9.3564996256e+06	8.3876497652e-01	2.8544555311e+03
9.3564996256e+06	8.3875689193e-01	2.8560967002e+03
9.3564996256e+06	8.3875027121e-01	2.8573487409e+03
9.3564996256e+06	8.3874659471e-01	2.8578544674e+03
9.3564996256e+06	8.3874943797e-01	2.8568242790e+03
9.3564996256e+06	8.3876582250e-01	2.8523525005e+03
9.3564996256e+06	8.3880515066e-01	2.8405483300e+03
9.3564996256e+06	8.3889777299e-01	2.8210176645e+03
9.3564996256e+06	8.3898845762e-01	2.8017333096e+03
9.3564996256e+06	8.3902206634e-01	2.7849636549e+03
9.3564996256e+06	8.3903512814e-01	2.7686883108e+03
9.3564996256e+06	8.3905188654e-01	2.7465453313e+03
9.3564996256e+06	8.3906866226e-01	2.7220561466e+03
9.3564996256e+06	8.3908423457e-01	2.6947561443e+03
9.3564996256e+06	8.3909587597e-01	2.6683803741e+03
9.3564996256e+06	8.3910281246e-01	2.6459307522e+03
9.3564996256e+06	8.3911688174e-01	2.6005520130e+03
9.3564996256e+06	8.3915769593e-01	2.5550221154e+03
9.3564996256e+06	8.3918893236e-01	2.5065152903e+03
9.3564996256e+06	8.3922525291e-01	2.4634835468e+03
9.3564996256e+06	8.3931135541e-01	2.4422922029e+03
9.3564996256e+06	8.3939987206e-01	2.4160960654e+03
9.3564996256e+06	8.3945994971e-01	2.3941483585e+03
9.3564996256e+06	8.3950253685e-01	2.3752568989e+03
9.3564996256e+06	8.3960178775e-01	2.3237198023e+03
9.3564996256e+06	8.3963849377e-01	2.2676971881e+03
9.3564996256e+06	8.3948510326e-01	2.2242742584e+03
9.3564996256e+06	8.3940611704e-01	2.2271642138e+03
9.3564996256e+06	8.3932220128e-01	2.2306795883e+03
9.3564996256e+06	8.3923689141e-01	2.2346212424e+03
9.3564996256e+06	8.3914985367e-01	2.2388388621e+03
9.3564996256e+06	8.3906158455e-01	2.2432527069e+03
9.3564996256e+06	8.3897185571e-01	2.2478184628e+03
9.3564996256e+06	8.3887956372e-01	2.2525085571e+03
9.3564996256e+06	8.3878467717e-01	2.2573040921e+03
9.3564996256e+06	8.3868849523e-01	2.2621913156e+03
9.3564996256e+06	8.3859080377e-01	2.2671594532e+03
9.3564996256e+06	8.3849000400e-01	2.2722001908e+03
9.3564996256e+06	8.3838703686e-01	2.2773066807e+03
9.3564996256e+06	8.3828086376e-01	2.2824732730e+03
9.3564996256e+06	8.3817086203e-01	2.2876951768e+03
9.3564996256e+06	8.3805999394e-01	2.2929683018e+03
9.3564996256e+06	8.3794869158e-01	2.2982888535e+03
9.3564996256e+06	8.3783695291e-01	2.3036536730e+03
9.3564996256e+06	8.3772477579e-01	2.3090598973e+03
9.3564996256e+06	8.3761215799e-01	2.3145049152e+03
9.3564996256e+06	8.3749909724e-01	2.3199865099e+03
9.3564996256e+06	8.3738559123e-01	2.3255021328e+03
9.3564996256e+06	8.3727163766e-01	2.3310497123e+03
9.3564996256e+06	8.3715723399e-01	2.3366272653e+03
9.3564996256e+06	8.3704237792e-01	2.3422328031e+03
9.3564996256e+06	8.3692706683e-01	2.3478644572e+03
9.3564996256e+06	8.3681129833e-01	2.3535204428e+03
9.3564996256e+06	8.3669506973e-01	2.3591989674e+03
9.3564996256e+06	8.3657837841e-01	2.3648983949e+03
9.3564996256e+06	8.3646122165e-01	2.3706172206e+03
9.3564996256e+06	8.3634359667e-01	2.3763541343e+03
9.3564996256e+06	8.3622550032e-01	2.3821081220e+03
9.3564996256e+06	8.3610683986e-01	2.3878785572e+03
9.3564996256e+06	8.3598753539e-01	2.3936655176e+03
9.3564996256e+06	8.3586755823e-01	2.3994694708e+03
9.3564996256e+06	8.3574686549e-01	2.4052920823e+03
9.3564996256e+06	8.3562542163e-01	2.4111361967e+03
9.3564996256e+06	8.3550318903e-01	2.4170061701e+03
9.3564996256e+06	8.3538026210e-01	2.4229081137e+03
9.3564996256e+06	8.3525670061e-01	2.4288502679e+03
9.3564996256e+06	8.3513251414e-01	2.4348429026e+03
9.3564996256e+06	8.3500770018e-01	2.4408987565e+03
9.3564996256e+06	8.3488224902e-01	2.4470328556e+03
9.3564996256e+06	8.3475614339e-01	2.4532622379e+03
9.3564996256e+06	8.3462935929e-01	2.4596054898e+03
9.3564996256e+06	8.3450184450e-01	2.4660821171e+03
9.3564996256e+06	8.3437350548e-01	2.4727114274e+03
9.3564996256e+06	8.3424430508e-01	2.4795116828e+03
9.3564996256e+06	8.3411452839e-01	2.4864988471e+03
9.3564996256e+06	8.3398419065e-01	2.4936855284e+03
9.3564996256e+06	8.3385328999e-01	2.5010801664e+03
9.3564996256e+06	8.3372182517e-01	2.5086859855e+03
9.3564996256e+06	8.3358979494e-01	2.5165012656e+03
9.3564996256e+06	8.3345719925e-01	2.5245193426e+03
9.3564996256e+06	8.3332403850e-01	2.5327290174e+03
9.3564996256e+06	8.3319031074e-01	2.5411156992e+03
9.3564996256e+06	8.3305601531e-01	2.5496622636e+03
9.3564996256e+06	8.3292114836e-01	2.5583503109e+03
9.3564996256e+06	8.3278570503e-01	2.5671608936e+03
9.3564996256e+06	8.3264968253e-01	2.5760757984e+03
9.3564996256e+06	8.3251307783e-01	2.5850779557e+03
9.3564996256e+06	8.3237588841e-01	2.5942498171e+03
9.3564996256e+06	8.3223811102e-01	2.6034868496e+03
9.3564996256e+06	8.3209974247e-01	2.6127712420e+03
9.3564996256e+06	8.3196077921e-01	2.6220932361e+03
9.3564996256e+06	8.3182121741e-01	2.6314447533e+03
9.3564996256e+06	8.3168105320e-01	2.6408193646e+03
9.3564996256e+06	8.3154028272e-01	2.6502119786e+03
9.3564996256e+06	8.3139890176e-01	2.6596188309e+03
9.3564996256e+06	8.3125690633e-01	2.6690365718e+03
9.3564996256e+06	8.3111429215e-01	2.6784629650e+03
9.3564996256e+06	8.3097105496e-01	2.6878961153e+03
9.3564996256e+06	8.3082719042e-01	2.6973346115e+03
9.3564996256e+06	8.3068269419e-01	2.7067774082e+03
9.3564996256e+06	8.3053756176e-01	2.7162233510e+03
9.3564996256e+06	8.3039178888e-01	2.7256715770e+03
9.3564996256e+06	8.3024537096e-01	2.7351212652e+03
9.3564996256e+06	8.3009830347e-01	2.7445715998e+03
9.3564996256e+06	8.2995058179e-01	2.7540220070e+03
9.3564996256e+06	8.2980220132e-01	2.7634716540e+03
9.3564996256e+06	8.2965315638e-01	2.7729237779e+03
9.3564996256e+06	8.2950343157e-01	2.7824215202e+03
9.3564996256e+06	8.2935290988e-01	2.7924435194e+03
9.3564996256e+06	8.2923583896e-01	2.8080715091e+03
9.3564996256e+06	8.2922502695e-01	2.8159327236e+03
9.3564996256e+06	8.2921426909e-01	2.8261990516e+03
9.3564996256e+06	8.2920357940e-01	2.8381642610e+03
9.3564996256e+06	8.2919305095e-01	2.8493998368e+03
9.3564996256e+06	8.2918269978e-01	2.8579213034e+03
9.3564996256e+06	8.2917259430e-01	2.8632403771e+03
9.3564996256e+06	8.2916265123e-01	2.8666785201e+03
9.3564996256e+06	8.2915272804e-01	2.8693750062e+03
9.3564996256e+06	8.2914288498e-01	2.8716365400e+03
9.3564996256e+06	8.2913315828e-01	2.8735933025e+03
9.3564996256e+06	8.2912353980e-01	2.8753320852e+03
9.3564996256e+06	8.2911416981e-01	2.8767147888e+03
9.3564996256e+06	8.2910535030e-01	2.8773859339e+03
9.3564996256e+06	8.2909764156e-01	2.8766236717e+03
9.3564996256e+06	8.2909242476e-01	2.8726158910e+03
9.3564996256e+06	8.2909241003e-01	2.8616530389e+03
9.3564996256e+06	8.2910415410e-01	2.8339889252e+03
9.3564996256e+06	8.2912672368e-01	2.7918012312e+03
9.3564996256e+06	8.2914758704e-01	2.7540045242e+03
9.3564996256e+06	8.2916739093e-01	2.7172844585e+03
9.3564996256e+06	8.2918635881e-01	2.6811007573e+03
9.3564996256e+06	8.2920509628e-01	2.6447477681e+03
9.3564996256e+06	8.2923673339e-01	2.5871492044e+03
9.3564996256e+06	8.2930720069e-01	2.4974483602e+03
9.3564996256e+06	8.2935751156e-01	2.4137403230e+03
9.3564996256e+06	8.2940717381e-01	2.3305002522e+03
9.3564996256e+06	8.2931139177e-01	2.2441456290e+03
9.3564996256e+06	8.2918116800e-01	2.2247399410e+03
9.3564996256e+06	8.2909951090e-01	2.2278185348e+03
9.3564996256e+06	8.2901298296e-01	2.2315337948e+03
9.3564996256e+06	8.2892495498e-01	2.2356740089e+03
9.3564996256e+06	8.2883539189e-01	2.2400884031e+03
9.3564996256e+06	8.2874421289e-01	2.2446982425e+03
9.3564996256e+06	8.2865188830e-01	2.2494598253e+03
9.3564996256e+06	8.2855582031e-01	2.2543459306e+03
9.3564996256e+06	8.2845820644e-01	2.2593379744e+03
9.3564996256e+06	8.2835864319e-01	2.2644218739e+03
9.3564996256e+06	8.2825813153e-01	2.2695871518e+03
9.3564996256e+06	8.2815281096e-01	2.2748255448e+03
9.3564996256e+06	8.2804617829e-01	2.2801301610e+03
9.3564996256e+06	8.2793523360e-01	2.2854954699e+03
9.3564996256e+06	8.2782167047e-01	2.2909165278e+03
9.3564996256e+06	8.2770766315e-01	2.2963891796e+03
9.3564996256e+06	8.2759320963e-01	2.3019098212e+03
9.3564996256e+06	8.2747830774e-01	2.3074754040e+03
9.3564996256e+06	8.2736295520e-01	2.3130828320e+03
9.3564996256e+06	8.2724714976e-01	2.3187295349e+03
9.3564996256e+06	8.2713088907e-01	2.3244131106e+03
9.3564996256e+06	8.2701417070e-01	2.3301313075e+03
9.3564996256e+06	8.2689699221e-01	2.3358819933e+03
9.3564996256e+06	8.2677935113e-01	2.3416632466e+03
9.3564996256e+06	8.2666124493e-01	2.3474729337e+03
9.3564996256e+06	8.2654267087e-01	2.3533092050e+03
9.3564996256e+06	8.2642362652e-01	2.3591702362e+03
9.3564996256e+06	8.2630410916e-01	2.3650542837e+03
9.3564996256e+06	8.2618411608e-01	2.3709597003e+03
9.3564996256e+06	8.2606364425e-01	2.3768850902e+03
9.3564996256e+06	8.2594269087e-01	2.3828289952e+03
9.3564996256e+06	8.2582123056e-01	2.3887904355e+03
9.3564996256e+06	8.2569911725e-01	2.3947688264e+03
9.3564996256e+06	8.2557629536e-01	2.4007641417e+03
9.3564996256e+06	8.2545272012e-01	2.4067771120e+03
9.3564996256e+06	8.2532834295e-01	2.4128095376e+03
9.3564996256e+06	8.2520312793e-01	2.4188642464e+03
9.3564996256e+06	8.2507721164e-01	2.4249457359e+03
9.3564996256e+06	8.2495063507e-01	2.4310603201e+03
9.3564996256e+06	8.2482340969e-01	2.4372163918e+03
9.3564996256e+06	8.2469553026e-01	2.4434246588e+03
9.3564996256e+06	8.2456698727e-01	2.4496981074e+03
9.3564996256e+06	8.2443776168e-01	2.4560521105e+03
9.3564996256e+06	8.2430780141e-01	2.4625040672e+03
9.3564996256e+06	8.2417706205e-01	2.4690729207e+03
9.3564996256e+06	8.2404537762e-01	2.4757785324e+03
9.3564996256e+06	8.2391295189e-01	2.4826403445e+03
9.3564996256e+06	8.2377995529e-01	2.4896767518e+03
9.3564996256e+06	8.2364638451e-01	2.4969037107e+03
9.3564996256e+06	8.2351223714e-01	2.5043337052e+03
9.3564996256e+06	8.2337751115e-01	2.5119746134e+03
9.3564996256e+06	8.2324220511e-01	2.5198293677e+03
9.3564996256e+06	8.2310631959e-01	2.5278956207e+03
9.3564996256e+06	8.2296985360e-01	2.5361660873e+03
9.3564996256e+06	8.2283280568e-01	2.5446288907e+03
9.3564996256e+06	8.2269517456e-01	2.5532688384e+03
9.3564996256e+06	8.2255695520e-01	2.5620683754e+03
9.3564996256e+06	8.2241814355e-01	2.5710086078e+03
9.3564996256e+06	8.2227873784e-01	2.5800706027e+03
9.3564996256e+06	8.2213873517e-01	2.5892746509e+03
9.3564996256e+06	8.2199813320e-01	2.5986321296e+03
9.3564996256e+06	8.2185692886e-01	2.6080614753e+03
9.3564996256e+06	8.2171511883e-01	2.6175492784e+03
9.3564996256e+06	8.2157269959e-01	2.6270837728e+03
9.3564996256e+06	8.2142966740e-01	2.6366554212e+03
9.3564996256e+06	8.2128601842e-01	2.6462565385e+03
9.3564996256e+06	8.2114174863e-01	2.6558807820e+03
9.3564996256e+06	8.2099685389e-01	2.6655233099e+03
9.3564996256e+06	8.2085132999e-01	2.6751803645e+03
9.3564996256e+06	8.2070517262e-01	2.6848490638e+03
9.3564996256e+06	8.2055837741e-01	2.6945273849e+03
9.3564996256e+06	8.2041093993e-01	2.7042133641e+03
9.3564996256e+06	8.2026285570e-01	2.7139057263e+03
9.3564996256e+06	8.2011412019e-01	2.7236034058e+03
9.3564996256e+06	8.1996472883e-01	2.7333055666e+03
9.3564996256e+06	8.1981467701e-01	2.7430112541e+03
9.3564996256e+06	8.1966396005e-01	2.7527198701e+03
9.3564996256e+06	8.1951257328e-01	2.7624303770e+03
9.3564996256e+06	8.1936051194e-01	2.7721420642e+03
9.3564996256e+06	8.1920777112e-01	2.7818545252e+03
9.3564996256e+06	8.1905434492e-01	2.7915715886e+03
9.3564996256e+06	8.1890021625e-01	2.8013411520e+03
9.3564996256e+06	8.1874525317e-01	2.8116969183e+03
9.3564996256e+06	8.1862871354e-01	2.8282766558e+03
9.3564996256e+06	8.1861756183e-01	2.8363737978e+03
9.3564996256e+06	8.1860635944e-01	2.8471547746e+03
9.3564996256e+06	8.1859524997e-01	2.8593438483e+03
9.3564996256e+06	8.1858430334e-01	2.8704608277e+03
9.3564996256e+06	8.1857355629e-01	2.8785837499e+03
9.3564996256e+06	8.1856305542e-01	2.8836401863e+03
9.3564996256e+06	8.1855271630e-01	2.8869901463e+03
9.3564996256e+06	8.1854237839e-01	2.8897116775e+03
9.3564996256e+06	8.1853214909e-01	2.8920017231e+03
9.3564996256e+06	8.1852205881e-01	2.8939917201e+03
9.3564996256e+06	8.1851210277e-01	2.8957672697e+03
9.3564996256e+06	8.1850250752e-01	2.8971179086e+03
9.3564996256e+06	8.1849366011e-01	2.8976480729e+03
9.3564996256e+06	8.1848639755e-01	2.8964605605e+03
9.3564996256e+06	8.1848271845e-01	2.8914001427e+03
9.3564996256e+06	8.1848673992e-01	2.8780145587e+03
9.3564996256e+06	8.1850993462e-01	2.8438866583e+03
9.3564996256e+06	8.1855758539e-01	2.7854986684e+03
9.3564996256e+06	8.1863823657e-01	2.6927776087e+03
9.3564996256e+06	8.1872095055e-01	2.6003413430e+03
9.3564996256e+06	8.1879156704e-01	2.5080850341e+03
9.3564996256e+06	8.1886812236e-01	2.3646238859e+03
9.3564996256e+06	8.1869308482e-01	2.2246311714e+03
9.3564996256e+06	8.1860593246e-01	2.2277578067e+03
9.3564996256e+06	8.1851326822e-01	2.2315620557e+03
9.3564996256e+06	8.1841893373e-01	2.2358332231e+03
9.3564996256e+06	8.1832288274e-01	2.2404003805e+03
9.3564996256e+06	8.1822517890e-01	2.2451745800e+03
9.3564996256e+06	8.1812625224e-01	2.2501076601e+03
9.3564996256e+06	8.1802329145e-01	2.2551702401e+03
9.3564996256e+06	8.1791890411e-01	2.2603424174e+03
9.3564996256e+06	8.1781230573e-01	2.2656095221e+03
9.3564996256e+06	8.1770436744e-01	2.2709605211e+03
9.3564996256e+06	8.1759188444e-01	2.2763868545e+03
9.3564996256e+06	8.1747773759e-01	2.2818812285e+03
9.3564996256e+06	8.1735857280e-01	2.2874378899e+03
9.3564996256e+06	8.1723772588e-01	2.2930518163e+03
9.3564996256e+06	8.1711640559e-01	2.2987189044e+03
9.3564996256e+06	8.1699460973e-01	2.3044351778e+03
9.3564996256e+06	8.1687233601e-01	2.3101974263e+03
9.3564996256e+06	8.1674958200e-01	2.3160027320e+03
9.3564996256e+06	8.1662634528e-01	2.3218484312e+03
9.3564996256e+06	8.1650262319e-01	2.3277320760e+03
9.3564996256e+06	8.1637841318e-01	2.3336515008e+03
9.3564996256e+06	8.1625371259e-01	2.3396043521e+03
9.3564996256e+06	8.1612851872e-01	2.3455886095e+03
9.3564996256e+06	8.1600282883e-01	2.3516023050e+03
9.3564996256e+06	8.1587664022e-01	2.3576435292e+03
9.3564996256e+06	8.1574994990e-01	2.3637104933e+03
9.3564996256e+06	8.1562275507e-01	2.3698013532e+03
9.3564996256e+06	8.1549505277e-01	2.3759144477e+03
9.3564996256e+06	8.1536683994e-01	2.3820482412e+03
9.3564996256e+06	8.1523811342e-01	2.3882013899e+03
9.3564996256e+06	8.1510881782e-01	2.3943728958e+03
9.3564996256e+06	8.1497877038e-01	2.4005619960e+03
9.3564996256e+06	8.1484791908e-01	2.4067685850e+03
9.3564996256e+06	8.1471620780e-01	2.4129932667e+03
9.3564996256e+06	8.1458358752e-01	2.4192377354e+03
9.3564996256e+06	8.1445018651e-01	2.4255045946e+03
9.3564996256e+06	8.1431608061e-01	2.4317981481e+03
9.3564996256e+06	8.1418128153e-01	2.4381244939e+03
9.3564996256e+06	8.1404578390e-01	2.4444917920e+03
9.3564996256e+06	8.1390957665e-01	2.4509105153e+03
9.3564996256e+06	8.1377263166e-01	2.4573935184e+03
9.3564996256e+06	8.1363489594e-01	2.4639561351e+03
9.3564996256e+06	8.1349630635e-01	2.4706155878e+03
9.3564996256e+06	8.1335669342e-01	2.4773909237e+03
9.3564996256e+06	8.1321635317e-01	2.4843021201e+03
9.3564996256e+06	8.1307540966e-01	2.4913692094e+03
9.3564996256e+06	8.1293385871e-01	2.4986109736e+03
9.3564996256e+06	8.1279169678e-01	2.5060439874e+03
9.3564996256e+06	8.1264892059e-01	2.5136813494e+03
9.3564996256e+06	8.1250552842e-01	2.5215316887e+03
9.3564996256e+06	8.1236152052e-01	2.5295986248e+03
9.3564996256e+06	8.1221689428e-01	2.5378802287e+03
9.3564996256e+06	8.1207164885e-01	2.5463695161e+03
9.3564996256e+06	8.1192578132e-01	2.5550550050e+03
9.3564996256e+06	8.1177928667e-01	2.5639214544e+03
9.3564996256e+06	8.1163216161e-01	2.5729512254e+03
9.3564996256e+06	8.1148440428e-01	2.5821253028e+03
9.3564996256e+06	8.1133601189e-01	2.5914853455e+03
9.3564996256e+06	8.1118698251e-01	2.6009985514e+03
9.3564996256e+06	8.1103731292e-01	2.6106017456e+03
9.3564996256e+06	8.1088699972e-01	2.6202790971e+03
9.3564996256e+06	8.1073603955e-01	2.6300167593e+03
9.3564996256e+06	8.1058442842e-01	2.6398031022e+03
9.3564996256e+06	8.1043216254e-01	2.6496281830e+03
9.3564996256e+06	8.1027923764e-01	2.6594841233e+03
9.3564996256e+06	8.1012564941e-01	2.6693646360e+03
9.3564996256e+06	8.0997139342e-01	2.6792649413e+03
9.3564996256e+06	8.0981646513e-01	2.6891810558e+03
9.3564996256e+06	8.0966085993e-01	2.6991101385e+03
9.3564996256e+06	8.0950457310e-01	2.7090501268e+03
9.3564996256e+06	8.0934759986e-01	2.7189991997e+03
9.3564996256e+06	8.0918993546e-01	2.7289560950e+03
9.3564996256e+06	8.0903157500e-01	2.7389198447e+03
9.3564996256e+06	8.0887251356e-01	2.7488894775e+03
9.3564996256e+06	8.0871274620e-01	2.7588642188e+03
9.3564996256e+06	8.0855226790e-01	2.7688433150e+03
9.3564996256e+06	8.0839107361e-01	2.7788261414e+03
9.3564996256e+06	8.0822915824e-01	2.7888117450e+03
9.3564996256e+06	8.0806651656e-01	2.7987996392e+03
9.3564996256e+06	8.0790314257e-01	2.8087923452e+03
9.3564996256e+06	8.0773902263e-01	2.8188219352e+03
9.3564996256e+06	8.0757406140e-01	2.8292518096e+03
9.3564996256e+06	8.0742431156e-01	2.8439757703e+03
9.3564996256e+06	8.0741041264e-01	2.8557366598e+03
9.3564996256e+06	8.0739843068e-01	2.8665780776e+03
9.3564996256e+06	8.0738653878e-01	2.8789519685e+03
9.3564996256e+06	8.0737482557e-01	2.8903117380e+03
9.3564996256e+06	8.0736331101e-01	2.8987307687e+03
9.3564996256e+06	8.0735206076e-01	2.9039927620e+03
9.3564996256e+06	8.0734098609e-01	2.9074829562e+03
9.3564996256e+06	8.0732991614e-01	2.9103104886e+03
9.3564996256e+06	8.0731896056e-01	2.9126987152e+03
9.3564996256e+06	8.0730816358e-01	2.9147756519e+03
9.3564996256e+06	8.0729752640e-01	2.9166361757e+03
9.3564996256e+06	8.0728730975e-01	2.9180622378e+03
9.3564996256e+06	8.0727797627e-01	2.9186467234e+03
9.3564996256e+06	8.0727054064e-01	2.9174669617e+03
9.3564996256e+06	8.0726740684e-01	2.9122876355e+03
9.3564996256e+06	8.0727357928e-01	2.8984703309e+03
9.3564996256e+06	8.0730321188e-01	2.8630219383e+03
9.3564996256e+06	8.0736019781e-01	2.8045916809e+03
9.3564996256e+06	8.0745885898e-01	2.7107334185e+03
9.3564996256e+06	8.0762040657e-01	2.5645008537e+03
9.3564996256e+06	8.0780832291e-01	2.3423758134e+03
9.3564996256e+06	8.0763203720e-01	2.2251060175e+03
9.3564996256e+06	8.0754960709e-01	2.2284265534e+03
9.3564996256e+06	8.0746174285e-01	2.2324386587e+03
9.3564996256e+06	8.0737213210e-01	2.2369165462e+03
9.3564996256e+06	8.0728102681e-01	2.2416886399e+03
9.3564996256e+06	8.0718791498e-01	2.2466671126e+03
9.3564996256e+06	8.0709376034e-01	2.2518044660e+03
9.3564996256e+06	8.0699474599e-01	2.2570718759e+03
9.3564996256e+06	8.0689492326e-01	2.2624491032e+03
9.3564996256e+06	8.0679286534e-01	2.2679218634e+03
9.3564996256e+06	8.0668814504e-01	2.2734791668e+03
9.3564996256e+06	8.0658042517e-01	2.2791123115e+03
9.3564996256e+06	8.0646915490e-01	2.2848142430e+03
9.3564996256e+06	8.0635366114e-01	2.2905792852e+03
9.3564996256e+06	8.0623746683e-01	2.2964021327e+03
9.3564996256e+06	8.0612082006e-01	2.3022785989e+03
9.3564996256e+06	8.0600371875e-01	2.3082049973e+03
9.3564996256e+06	8.0588616071e-01	2.3141780592e+03
9.3564996256e+06	8.0576814368e-01	2.3201949094e+03
9.3564996256e+06	8.0564966521e-01	2.3262527901e+03
9.3564996256e+06	8.0553072290e-01	2.3323492616e+03
9.3564996256e+06	8.0541131425e-01	2.3384820355e+03
9.3564996256e+06	8.0529143680e-01	2.3446489449e+03
9.3564996256e+06	8.0517108782e-01	2.3508480958e+03
9.3564996256e+06	8.0505026483e-01	2.3570772502e+03
9.3564996256e+06	8.0492896502e-01	2.3633345493e+03
9.3564996256e+06	8.0480718574e-01	2.3696181545e+03
9.3564996256e+06	8.0468492424e-01	2.3759262957e+03
9.3564996256e+06	8.0456217764e-01	2.3822573017e+03
9.3564996256e+06	8.0443894300e-01	2.3886097393e+03
9.3564996256e+06	8.0431521726e-01	2.3949821133e+03
9.3564996256e+06	8.0419080950e-01	2.4013733987e+03
9.3564996256e+06	8.0406559307e-01	2.4077829681e+03
9.3564996256e+06	8.0393950115e-01	2.4142107597e+03
9.3564996256e+06	8.0381248108e-01	2.4206573889e+03
9.3564996256e+06	8.0368469381e-01	2.4271245067e+03
9.3564996256e+06	8.0355620134e-01	2.4336150327e+03
9.3564996256e+06	8.0342703187e-01	2.4401333282e+03
9.3564996256e+06	8.0329717669e-01	2.4466856625e+03
9.3564996256e+06	8.0316661416e-01	2.4532805111e+03
9.3564996256e+06	8.0303531343e-01	2.4599284693e+03
9.3564996256e+06	8.0290323761e-01	2.4666427175e+03
9.3564996256e+06	8.0277022254e-01	2.4734388377e+03
9.3564996256e+06	8.0263621080e-01	2.4803346110e+03
9.3564996256e+06	8.0250159561e-01	2.4873493084e+03
9.3564996256e+06	8.0236640670e-01	2.4945032528e+03
9.3564996256e+06	8.0223063956e-01	2.5018166763e+03
9.3564996256e+06	8.0209429017e-01	2.5093086720e+03
9.3564996256e+06	8.0195735487e-01	2.5169957232e+03
9.3564996256e+06	8.0181983197e-01	2.5248908012e+03
9.3564996256e+06	8.0168172078e-01	2.5330022426e+03
9.3564996256e+06	8.0154301779e-01	2.5413331596e+03
9.3564996256e+06	8.0140372275e-01	2.5498812446e+03
9.3564996256e+06	8.0126383121e-01	2.5586388404e+03
9.3564996256e+06	8.0112333803e-01	2.5675938135e+03
9.3564996256e+06	8.0098224199e-01	2.5767306391e+03
9.3564996256e+06	8.0084054092e-01	2.5860309808e+03
9.3564996256e+06	8.0069823329e-01	2.5955800756e+03
9.3564996256e+06	8.0055531723e-01	2.6052589076e+03
9.3564996256e+06	8.0041179007e-01	2.6150449933e+03
9.3564996256e+06	8.0026764899e-01	2.6249205266e+03
9.3564996256e+06	8.0012289085e-01	2.6348697365e+03
9.3564996256e+06	7.9997751226e-01	2.6448790118e+03
9.3564996256e+06	7.9983150958e-01	2.6549366379e+03
9.3387376159e+06	7.9968487888e-01	2.6654448543e+03
9.3387376159e+06	8.0494320241e-01	2.6820173072e+03
9.3387376159e+06	8.0481159365e-01	2.6885828073e+03
9.3387376159e+06	8.0467924260e-01	2.6953222021e+03
9.3387376159e+06	8.0454622763e-01	2.7023171334e+03
9.3387376159e+06	8.0441258548e-01	2.7097214453e+03
9.3387376159e+06	8.0427833488e-01	2.7176193211e+03
9.3387376159e+06	8.0414348570e-01	2.7260116871e+03
9.3387376159e+06	8.0400804297e-01	2.7348492068e+03
9.3387376159e+06	8.0387200886e-01	2.7440624963e+03
9.3387376159e+06	8.0373538366e-01	2.7535808476e+03
9.3387376159e+06	8.0359816675e-01	2.7633406538e+03
9.3387376159e+06	8.0346035634e-01	2.7732886416e+03
9.3387376159e+06	8.0332195005e-01	2.7833812804e+03
9.3387376159e+06	8.0318294516e-01	2.7935845786e+03
9.3387376159e+06	8.0304333849e-01	2.8038722350e+03
9.3387376159e+06	8.0290312665e-01	2.8142241869e+03
9.3387376159e+06	8.0276230582e-01	2.8246253140e+03
9.3387376159e+06	8.0262087211e-01	2.8350645311e+03
9.3387376159e+06	8.0247882147e-01	2.8455330992e+03
9.3387376159e+06	8.0233614972e-01	2.8560248615e+03
9.3387376159e+06	8.0219285260e-01	2.8665352133e+03
9.3387376159e+06	8.0204892578e-01	2.8770607014e+03
9.3387376159e+06	8.0190436477e-01	2.8875986989e+03
9.3387376159e+06	8.0175916522e-01	2.8981474150e+03
9.3387376159e+06	8.0161332254e-01	2.9087047565e+03
9.3387376159e+06	8.0146683216e-01	2.9192694141e+03
9.3387376159e+06	8.0131968932e-01	2.9298403120e+03
9.3387376159e+06	8.0117188779e-01	2.9404180467e+03
9.3387376159e+06	8.0102341748e-01	2.9510206230e+03
9.3387376159e+06	8.0087422355e-01	2.9618557414e+03
9.3387376159e+06	8.0072383783e-01	2.9751749620e+03
9.3387376159e+06	8.0068663818e-01	2.9926808462e+03
9.3387376159e+06	8.0067533391e-01	3.0041503950e+03
9.3387376159e+06	8.0066412746e-01	3.0172448520e+03
9.3387376159e+06	8.0065309842e-01	3.0292519294e+03
9.3387376159e+06	8.0064225528e-01	3.0381363958e+03
9.3387376159e+06	8.0063167844e-01	3.0436902164e+03
9.3387376159e+06	8.0062128009e-01	3.0474179032e+03
9.3387376159e+06	8.0061087974e-01	3.0504640231e+03
9.3387376159e+06	8.0060060116e-01	3.0530399871e+03
9.3387376159e+06	8.0059048728e-01	3.0552838809e+03
9.3387376159e+06	8.0058052725e-01	3.0572923049e+03
9.3387376159e+06	8.0057098746e-01	3.0588252980e+03
9.3387376159e+06	8.0056231556e-01	3.0594118785e+03
9.3387376159e+06	8.0055558695e-01	3.0578049432e+03
9.3387376159e+06	8.0055446349e-01	3.0496704564e+03
9.3387376159e+06	8.0057197751e-01	3.0218272644e+03
9.3387376159e+06	8.0059751243e-01	2.9907624015e+03
9.3387376159e+06	8.0063128536e-01	2.9534650105e+03
9.3387376159e+06	8.0067384006e-01	2.9091331157e+03
9.3387376159e+06	8.0072676250e-01	2.8569523106e+03
9.3387376159e+06	8.0079882647e-01	2.7903750579e+03
9.3387376159e+06	8.0089276822e-01	2.7072920369e+03
9.3387376159e+06	8.0101760432e-01	2.6020264932e+03
9.3387376159e+06	8.0115408625e-01	2.4653121480e+03
9.3387376159e+06	8.0125144752e-01	2.2807304939e+03
9.3387376159e+06	8.0109299538e-01	2.2319646505e+03
9.3387376159e+06	8.0100694074e-01	2.2355441935e+03
9.3387376159e+06	8.0091810961e-01	2.2398177108e+03
9.3387376159e+06	8.0082741626e-01	2.2445418808e+03
9.3387376159e+06	8.0073548020e-01	2.2495515915e+03
9.3387376159e+06	8.0064118247e-01	2.2547637186e+03
9.3387376159e+06	8.0054348441e-01	2.2601330032e+03
9.3387376159e+06	8.0044352112e-01	2.2656313307e+03
9.3387376159e+06	8.0034203239e-01	2.2712396627e+03
9.3387376159e+06	8.0023862467e-01	2.2769434812e+03
9.3387376159e+06	8.0013068474e-01	2.2827321323e+03
9.3387376159e+06	8.0002105232e-01	2.2885969855e+03
9.3387376159e+06	7.9990631082e-01	2.2945311394e+03
9.3387376159e+06	7.9978930524e-01	2.3005287292e+03
9.3387376159e+06	7.9967184531e-01	2.3065849757e+03
9.3387376159e+06	7.9955392898e-01	2.3126953917e+03
9.3387376159e+06	7.9943555407e-01	2.3188563635e+03
9.3387376159e+06	7.9931671831e-01	2.3250646498e+03
9.3387376159e+06	7.9919741931e-01	2.3313174322e+03
9.3387376159e+06	7.9907765462e-01	2.3376118960e+03
9.3387376159e+06	7.9895742173e-01	2.3439456226e+03
9.3387376159e+06	7.9883671814e-01	2.3503163254e+03
9.3387376159e+06	7.9871554109e-01	2.3567218941e+03
9.3387376159e+06	7.9859388802e-01	2.3631601875e+03
9.3387376159e+06	7.9847175612e-01	2.3696292375e+03
9.3387376159e+06	7.9834914277e-01	2.3761271210e+03
9.3387376159e+06	7.9822604520e-01	2.3826520460e+03
9.3387376159e+06	7.9810246039e-01	2.3892021511e+03
9.3387376159e+06	7.9797838560e-01	2.3957757707e+03
9.3387376159e+06	7.9785381754e-01	2.4023713935e+03
9.3387376159e+06	7.9772866646e-01	2.4089876894e+03
9.3387376159e+06	7.9760267314e-01	2.4156238031e+03
9.3387376159e+06	7.9747576053e-01	2.4222789196e+03
9.3387376159e+06	7.9734787604e-01	2.4289530586e+03
9.3387376159e+06	7.9721921146e-01	2.4356470505e+03
9.3387376159e+06	7.9708982601e-01	2.4423626230e+03
9.3387376159e+06	7.9695975286e-01	2.4491028809e+03
9.3387376159e+06	7.9682897639e-01	2.4558725117e+03
9.3387376159e+06	7.9669747404e-01	2.4626781091e+03
9.3387376159e+06	7.9656521406e-01	2.4695284429e+03
9.3387376159e+06	7.9643209798e-01	2.4764347265e+03
9.3387376159e+06	7.9629795294e-01	2.4834105482e+03
9.3387376159e+06	7.9616293073e-01	2.4904719942e+03
9.3387376159e+06	7.9602734027e-01	2.4976374264e+03
9.3387376159e+06	7.9589117643e-01	2.5049265748e+03
9.3387376159e+06	7.9575443484e-01	2.5123601553e+03
9.3387376159e+06	7.9561711106e-01	2.5199586819e+03
9.3387376159e+06	7.9547920183e-01	2.5277412520e+03
9.3387376159e+06	7.9534070497e-01	2.5357243724e+03
9.3387376159e+06	7.9520161569e-01	2.5439204969e+03
9.3387376159e+06	7.9506193290e-01	2.5523373937e+03
9.3387376159e+06	7.9492165255e-01	2.5609773938e+03
9.3387376159e+06	7.9478076903e-01	2.5698373335e+03
9.3387376159e+06	7.9463927917e-01	2.5789086218e+03
9.3387376159e+06	7.9449718158e-01	2.5881783209e+03
9.3387376159e+06	7.9435447435e-01	2.5976754409e+03
9.3387376159e+06	7.9421115606e-01	2.6074005384e+03
9.3387376159e+06	7.9406722448e-01	2.6172708891e+03
9.3387376159e+06	7.9392267740e-01	2.6272662925e+03
9.3387376159e+06	7.9377751200e-01	2.6373676126e+03
9.3387376159e+06	7.9363172521e-01	2.6475573069e+03
9.3387376159e+06	7.9348531381e-01	2.6578196709e+03
9.3387376159e+06	7.9333827417e-01	2.6681412479e+03
9.3387376159e+06	7.9319060248e-01	2.6785108119e+03
9.3387376159e+06	7.9304229473e-01	2.6889189998e+03
9.3387376159e+06	7.9289334682e-01	2.6993584192e+03
9.3387376159e+06	7.9274375456e-01	2.7098234528e+03
9.3387376159e+06	7.9259351347e-01	2.7203093587e+03
9.3387376159e+06	7.9244261903e-01	2.7308128121e+03
9.3387376159e+06	7.9229106668e-01	2.7413312972e+03
9.3387376159e+06	7.9213885177e-01	2.7518629317e+03
9.3387376159e+06	7.9198596959e-01	2.7624062972e+03
9.3387376159e+06	7.9183241539e-01	2.7729605529e+03
9.3387376159e+06	7.9167818435e-01	2.7835244261e+03
9.3387376159e+06	7.9152327164e-01	2.7940972366e+03
9.3387376159e+06	7.9136767236e-01	2.8046783014e+03
9.3387376159e+06	7.9121138156e-01	2.8152669366e+03
9.3387376159e+06	7.9105439428e-01	2.8258624383e+03
9.3387376159e+06	7.9089670541e-01	2.8364644001e+03
9.3387376159e+06	7.9073830991e-01	2.8470719697e+03
9.3387376159e+06	7.9057920149e-01	2.8576888772e+03
9.3387376159e+06	7.9041936291e-01	2.8683628091e+03
9.3387376159e+06	7.9025866275e-01	2.8796216471e+03
9.3387376159e+06	7.9013182200e-01	2.8970464850e+03
9.3387376159e+06	7.9011946251e-01	2.9062480164e+03
9.3387376159e+06	7.9010733958e-01	2.9177346714e+03
9.3387376159e+06	7.9009533309e-01	2.9305747827e+03
9.3387376159e+06	7.9008350550e-01	2.9421103436e+03
9.3387376159e+06	7.9007187166e-01	2.9504844317e+03
9.3387376159e+06	7.9006049905e-01	2.9557454076e+03
9.3387376159e+06	7.9004930367e-01	2.9593304584e+03
9.3387376159e+06	7.9003808766e-01	2.9623254615e+03
9.3387376159e+06	7.9002702046e-01	2.9648673790e+03
9.3387376159e+06	7.9001615061e-01	2.9670871026e+03
9.3387376159e+06	7.9000549712e-01	2.9690732701e+03
9.3387376159e+06	7.8999544835e-01	2.9705365271e+03
9.3387376159e+06	7.8998663847e-01	2.9709917475e+03
9.3387376159e+06	7.8998060495e-01	2.9692453024e+03
9.3387376159e+06	7.8998084156e-01	2.9625213428e+03
9.3387376159e+06	7.8999496225e-01	2.9448278420e+03
9.3387376159e+06	7.9004497618e-01	2.8991004254e+03
9.3387376159e+06	7.9013315337e-01	2.8260144464e+03
9.3387376159e+06	7.9027723126e-01	2.7128415356e+03
9.3387376159e+06	7.9050826224e-01	2.5348879196e+03
9.3387376159e+06	7.9067765892e-01	2.2645297971e+03
9.3387376159e+06	7.9053180075e-01	2.2324480306e+03
9.3387376159e+06	7.9043361354e-01	2.2362296017e+03
9.3387376159e+06	7.9033268613e-01	2.2407164529e+03
9.3387376159e+06	7.9022959938e-01	2.2456540545e+03
9.3387376159e+06	7.9012509037e-01	2.2508767319e+03
9.3387376159e+06	7.9001824658e-01	2.2563020302e+03
9.3387376159e+06	7.8990728690e-01	2.2618851054e+03
9.3387376159e+06	7.8979475864e-01	2.2675982105e+03
9.3387376159e+06	7.8968004208e-01	2.2734217890e+03
9.3387376159e+06	7.8956277443e-01	2.2793418730e+03
9.3387376159e+06	7.8944154621e-01	2.2853476958e+03
9.3387376159e+06	7.8931740024e-01	2.2914307825e+03
9.3387376159e+06	7.8918829914e-01	2.2975839782e+03
9.3387376159e+06	7.8905805626e-01	2.3038014434e+03
9.3387376159e+06	7.8892730464e-01	2.3100782670e+03
9.3387376159e+06	7.8879604186e-01	2.3164102913e+03
9.3387376159e+06	7.8866426539e-01	2.3227937437e+03
9.3387376159e+06	7.8853197257e-01	2.3292253856e+03
9.3387376159e+06	7.8839916067e-01	2.3357022948e+03
9.3387376159e+06	7.8826582684e-01	2.3422218853e+03
9.3387376159e+06	7.8813196821e-01	2.3487815803e+03
9.3387376159e+06	7.8799758181e-01	2.3553791102e+03
9.3387376159e+06	7.8786266472e-01	2.3620123778e+03
9.3387376159e+06	7.8772721372e-01	2.3686792142e+03
9.3387376159e+06	7.8759122581e-01	2.3753776453e+03
9.3387376159e+06	7.8745469782e-01	2.3821058820e+03
9.3387376159e+06	7.8731762658e-01	2.3888618754e+03
9.3387376159e+06	7.8718000880e-01	2.3956438857e+03
9.3387376159e+06	7.8704184116e-01	2.4024502485e+03
9.3387376159e+06	7.8690311346e-01	2.4092794397e+03
9.3387376159e+06	7.8676354287e-01	2.4161302502e+03
9.3387376159e+06	7.8662294833e-01	2.4230015313e+03
9.3387376159e+06	7.8648127249e-01	2.4298927289e+03
9.3387376159e+06	7.8633871994e-01	2.4368038706e+03
9.3387376159e+06	7.8619536693e-01	2.4437357798e+03
9.3387376159e+06	7.8605124781e-01	2.4506903149e+03
9.3387376159e+06	7.8590634554e-01	2.4576707548e+03
9.3387376159e+06	7.8576063492e-01	2.4646817642e+03
9.3387376159e+06	7.8561407050e-01	2.4717301031e+03
9.3387376159e+06	7.8546652471e-01	2.4788247471e+03
9.3387376159e+06	7.8531779003e-01	2.4859771173e+03
9.3387376159e+06	7.8516823479e-01	2.4932012044e+03
9.3387376159e+06	7.8501805078e-01	2.5005133118e+03
9.3387376159e+06	7.8486723220e-01	2.5079320662e+03
9.3387376159e+06	7.8471577442e-01	2.5154776791e+03
9.3387376159e+06	7.8456367218e-01	2.5231712161e+03
9.3387376159e+06	7.8441092145e-01	2.5310334054e+03
9.3387376159e+06	7.8425751754e-01	2.5390835172e+03
9.3387376159e+06	7.8410345503e-01	2.5473381320e+03
9.3387376159e+06	7.8394873154e-01	2.5558096068e+03
9.3387376159e+06	7.8379334018e-01	2.5645054789e+03
9.3387376159e+06	7.8363727455e-01	2.5734277880e+03
9.3387376159e+06	7.8348053211e-01	2.5825728110e+03
9.3387376159e+06	7.8332311072e-01	2.5919315504e+03
9.3387376159e+06	7.8316500850e-01	2.6015772531e+03
9.3387376159e+06	7.8300622352e-01	2.6114312566e+03
9.3387376159e+06	7.8284675345e-01	2.6214513735e+03
9.3387376159e+06	7.8268659569e-01	2.6316171790e+03
9.3387376159e+06	7.8252574722e-01	2.6419084761e+03
9.3387376159e+06	7.8236420504e-01	2.6523058431e+03
9.3387376159e+06	7.8220196548e-01	2.6627916812e+03
9.3387376159e+06	7.8203902473e-01	2.6733505828e+03
9.3387376159e+06	7.8187537865e-01	2.6839689182e+03
9.3387376159e+06	7.8171102286e-01	2.6946355794e+03
9.3387376159e+06	7.8154595278e-01	2.7053414926e+03
9.3387376159e+06	7.8138016377e-01	2.7160794270e+03
9.3387376159e+06	7.8121365089e-01	2.7268437562e+03
9.3387376159e+06	7.8104640937e-01	2.7376303875e+03
9.3387376159e+06	7.8087843396e-01	2.7484357649e+03
9.3387376159e+06	7.8070971949e-01	2.7592575567e+03
9.3387376159e+06	7.8054026071e-01	2.7700940062e+03
9.3387376159e+06	7.8037005230e-01	2.7809437948e+03
9.3387376159e+06	7.8019908889e-01	2.7918059066e+03
9.3387376159e+06	7.8002736505e-01	2.8026797845e+03
9.3387376159e+06	7.7985487531e-01	2.8135643082e+03
9.3387376159e+06	7.7968161414e-01	2.8244588998e+03
9.3387376159e+06	7.7950757597e-01	2.8353629188e+03
9.3387376159e+06	7.7933275518e-01	2.8462756880e+03
9.3387376159e+06	7.7915714609e-01	2.8571965203e+03
9.3387376159e+06	7.7898074286e-01	2.8681253961e+03
9.3387376159e+06	7.7880353847e-01	2.8790658477e+03
9.3387376159e+06	7.7862551370e-01	2.8900700165e+03
9.3387376159e+06	7.7844652312e-01	2.9017132550e+03
9.3387376159e+06	7.7830911190e-01	2.9200509511e+03
9.3387376159e+06	7.7829576286e-01	2.9290901673e+03
9.3387376159e+06	7.7828238427e-01	2.9409554698e+03
9.3387376159e+06	7.7826913880e-01	2.9540226837e+03
9.3387376159e+06	7.7825608297e-01	2.9655948691e+03
9.3387376159e+06	7.7824324453e-01	2.9738741020e+03
9.3387376159e+06	7.7823067410e-01	2.9790974351e+03
9.3387376159e+06	7.7821827869e-01	2.9827266498e+03
9.3387376159e+06	7.7820586522e-01	2.9857931553e+03
9.3387376159e+06	7.7819361869e-01	2.9884084547e+03
9.3387376159e+06	7.7818159386e-01	2.9906954276e+03
9.3387376159e+06	7.7816981004e-01	2.9927423006e+03
9.3387376159e+06	7.7815874487e-01	2.9942036489e+03
9.3387376159e+06	7.7814913570e-01	2.9945455979e+03
9.3387376159e+06	7.7814287755e-01	2.9923806192e+03
9.3387376159e+06	7.7814412462e-01	2.9845736467e+03
9.3387376159e+06	7.7816245084e-01	2.9640052802e+03
9.3387376159e+06	7.7822437027e-01	2.9112831282e+03
9.3387376159e+06	7.7833208933e-01	2.8275913021e+03
9.3387376159e+06	7.7850667247e-01	2.6989658394e+03
9.3387376159e+06	7.7877130818e-01	2.4991717504e+03
9.3387376159e+06	7.7881455687e-01	2.2317030625e+03
9.3387376159e+06	7.7872001053e-01	2.2354047543e+03
9.3387376159e+06	7.7862181999e-01	2.2398794793e+03
9.3387376159e+06	7.7852145921e-01	2.2448963921e+03
9.3387376159e+06	7.7841958367e-01	2.2502453779e+03
9.3387376159e+06	7.7831511646e-01	2.2558210543e+03
9.3387376159e+06	7.7820685385e-01	2.2615688291e+03
9.3387376159e+06	7.7809638895e-01	2.2674561593e+03
9.3387376159e+06	7.7798394536e-01	2.2734615936e+03
9.3387376159e+06	7.7786900235e-01	2.2795690626e+03
9.3387376159e+06	7.7774968542e-01	2.2857668882e+03
9.3387376159e+06	7.7762747681e-01	2.2920457465e+03
9.3387376159e+06	7.7750012134e-01	2.2983983185e+03
9.3387376159e+06	7.7737163294e-01	2.3048180883e+03
9.3387376159e+06	7.7724264515e-01	2.3112998854e+03
9.3387376159e+06	7.7711315553e-01	2.3178393206e+03
9.3387376159e+06	7.7698316173e-01	2.3244324538e+03
9.3387376159e+06	7.7685266110e-01	2.3310759516e+03
9.3387376159e+06	7.7672165101e-01	2.3377666953e+03
9.3387376159e+06	7.7659012866e-01	2.3445019507e+03
9.3387376159e+06	7.7645809121e-01	2.3512793156e+03
9.3387376159e+06	7.7632553574e-01	2.3580962493e+03
9.3387376159e+06	7.7619245929e-01	2.3649505789e+03
9.3387376159e+06	7.7605885878e-01	2.3718402112e+03
9.3387376159e+06	7.7592473128e-01	2.3787631211e+03
9.3387376159e+06	7.7579007364e-01	2.3857173599e+03
9.3387376159e+06	7.7565488265e-01	2.3927011785e+03
9.3387376159e+06	7.7551915522e-01	2.3997125557e+03
9.3387376159e+06	7.7538288788e-01	2.4067498222e+03
9.3387376159e+06	7.7524604461e-01	2.4138113970e+03
9.3387376159e+06	7.7510826043e-01	2.4208958996e+03
9.3387376159e+06	7.7496934897e-01	2.4280022522e+03
9.3387376159e+06	7.7482941857e-01	2.4351296417e+03
9.3387376159e+06	7.7468868131e-01	2.4422778951e+03
9.3387376159e+06	7.7454715518e-01	2.4494475490e+03
9.3387376159e+06	7.7440483036e-01	2.4566402340e+03
9.3387376159e+06	7.7426169322e-01	2.4638585263e+03
9.3387376159e+06	7.7411770633e-01	2.4711067354e+03
9.3387376159e+06	7.7397275405e-01	2.4783910108e+03
9.3387376159e+06	7.7382659612e-01	2.4857197396e+03
9.3387376159e+06	7.7367950670e-01	2.4931035257e+03
9.3387376159e+06	7.7353180591e-01	2.5005556551e+03
9.3387376159e+06	7.7338348850e-01	2.5080919886e+03
9.3387376159e+06	7.7323454958e-01	2.5157307866e+03
9.3387376159e+06	7.7308498390e-01	2.5234920165e+03
9.3387376159e+06	7.7293478740e-01	2.5313968814e+03
9.3387376159e+06	7.7278395393e-01	2.5394667297e+03
9.3387376159e+06	7.7263247715e-01	2.5477217101e+03
9.3387376159e+06	7.7248035424e-01	2.5561795669e+03
9.3387376159e+06	7.7232757665e-01	2.5648543660e+03
9.3387376159e+06	7.7217413701e-01	2.5737553739e+03
9.3387376159e+06	7.7202003251e-01	2.5828864495e+03
9.3387376159e+06	7.7186526039e-01	2.5922454557e+03
9.3387376159e+06	7.7170981880e-01	2.6019122709e+03
9.3387376159e+06	7.7155370625e-01	2.6118119115e+03
9.3387376159e+06	7.7139692063e-01	2.6219053173e+03
9.3387376159e+06	7.7123945978e-01	2.6321733966e+03
9.3387376159e+06	7.7108132110e-01	2.6425955959e+03
9.3387376159e+06	7.7092250215e-01	2.6531511581e+03
9.3387376159e+06	7.7076299996e-01	2.6638201882e+03
9.3387376159e+06	7.7060281088e-01	2.6745845313e+03
9.3387376159e+06	7.7044193147e-01	2.6854275477e+03
9.3387376159e+06	7.7028035762e-01	2.6963351913e+03
9.3387376159e+06	7.7011808515e-01	2.7072956396e+03
9.3387376159e+06	7.6995510947e-01	2.7182992350e+03
9.3387376159e+06	7.6979142618e-01	2.7293382473e+03
9.3387376159e+06	7.6962703038e-01	2.7404068873e+03
9.3387376159e+06	7.6946191714e-01	2.7515002263e+03
9.3387376159e+06	7.6929608145e-01	2.7626148835e+03
9.3387376159e+06	7.6912951815e-01	2.7737483324e+03
9.3387376159e+06	7.6896222211e-01	2.7848987070e+03
9.3387376159e+06	7.6879418805e-01	2.7960646351e+03
9.3387376159e+06	7.6862541062e-01	2.8072453414e+03
9.3387376159e+06	7.6845588446e-01	2.8184396047e+03
9.3387376159e+06	7.6828560414e-01	2.8296468158e+03
9.3387376159e+06	7.6811456419e-01	2.8408663561e+03
9.3387376159e+06	7.6794275909e-01	2.8520976015e+03
9.3387376159e+06	7.6777018319e-01	2.8633399045e+03
9.3387376159e+06	7.6759683101e-01	2.8745928868e+03
9.3387376159e+06	7.6742269675e-01	2.8858555182e+03
9.3387376159e+06	7.6724777412e-01	2.8971293230e+03
9.3387376159e+06	7.6707205112e-01	2.9084376162e+03
9.3387376159e+06	7.6689545609e-01	2.9200427947e+03
9.3387376159e+06	7.6671739181e-01	2.9347801175e+03
9.3387376159e+06	7.6668571493e-01	2.9522377242e+03
9.3387376159e+06	7.6667220700e-01	2.9643666692e+03
9.3387376159e+06	7.6665884011e-01	2.9776834125e+03
9.3387376159e+06	7.6664566646e-01	2.9894267900e+03
9.3387376159e+06	7.6663270590e-01	2.9978197528e+03
9.3387376159e+06	7.6662002408e-01	3.0031397114e+03
9.3387376159e+06	7.6660752318e-01	3.0068718872e+03
9.3387376159e+06	7.6659500954e-01	3.0100389571e+03
9.3387376159e+06	7.6658267647e-01	3.0127514620e+03
9.3387376159e+06	7.6657058614e-01	3.0151258964e+03
9.3387376159e+06	7.6655876090e-01	3.0172513893e+03
9.3387376159e+06	7.6654774405e-01	3.0187476983e+03
9.3387376159e+06	7.6653836349e-01	3.0190400167e+03
9.3387376159e+06	7.6653279358e-01	3.0165960190e+03
9.3387376159e+06	7.6653577162e-01	3.0079937395e+03
9.3387376159e+06	7.6655854771e-01	2.9852241364e+03
9.3387376159e+06	7.6663159744e-01	2.9269831467e+03
9.3387376159e+06	7.6675674912e-01	2.8349660950e+03
9.3387376159e+06	7.6695820473e-01	2.6943710237e+03
9.3387376159e+06	7.6725436477e-01	2.4784114252e+03
9.3387376159e+06	7.6728632187e-01	2.2321924523e+03
9.3387376159e+06	7.6718324679e-01	2.2361035144e+03
9.3387376159e+06	7.6707654005e-01	2.2408060578e+03
9.3387376159e+06	7.6696753227e-01	2.2460499104e+03
9.3387376159e+06	7.6685684426e-01	2.2516241854e+03
9.3387376159e+06	7.6674354049e-01	2.2574248495e+03
9.3387376159e+06	7.6662586284e-01	2.2633980797e+03
9.3387376159e+06	7.6650664806e-01	2.2695118753e+03
9.3387376159e+06	7.6638478981e-01	2.2757442885e+03
9.3387376159e+06	7.6625939399e-01	2.2820798989e+03
9.3387376159e+06	7.6613096062e-01	2.2885068911e+03
9.3387376159e+06	7.6599756813e-01	2.2950161671e+03
9.3387376159e+06	7.6586028078e-01	2.3015999547e+03
9.3387376159e+06	7.6572245843e-01	2.3082520433e+03
9.3387376159e+06	7.6558409869e-01	2.3149672869e+03
9.3387376159e+06	7.6544519901e-01	2.3217411583e+03
9.3387376159e+06	7.6530575662e-01	2.3285698156e+03
9.3387376159e+06	7.6516576868e-01	2.3354499881e+03
9.3387376159e+06	7.6502523223e-01	2.3423784316e+03
9.3387376159e+06	7.6488414421e-01	2.3493524397e+03
9.3387376159e+06	7.6474250149e-01	2.3563694951e+03
9.3387376159e+06	7.6460030088e-01	2.3634272489e+03
9.3387376159e+06	7.6445753921e-01	2.3705235470e+03
9.3387376159e+06	7.6431421300e-01	2.3776561898e+03
9.3387376159e+06	7.6417031898e-01	2.3848231694e+03
9.3387376159e+06	7.6402585377e-01	2.3920226652e+03
9.3387376159e+06	7.6388081386e-01	2.3992525987e+03
9.3387376159e+06	7.6373519575e-01	2.4065111955e+03
9.3387376159e+06	7.6358899585e-01	2.4137967484e+03
9.3387376159e+06	7.6344197995e-01	2.4211077201e+03
9.3387376159e+06	7.6329374436e-01	2.4284426815e+03
9.3387376159e+06	7.6314437624e-01	2.4358005086e+03
9.3387376159e+06	7.6299412693e-01	2.4431805068e+03
9.3387376159e+06	7.6284302164e-01	2.4505826189e+03
9.3387376159e+06	7.6269105253e-01	2.4580072617e+03
9.3387376159e+06	7.6253820490e-01	2.4654560507e+03
9.3387376159e+06	7.6238443977e-01	2.4729318300e+03
9.3387376159e+06	7.6222958715e-01	2.4804390319e+03
9.3387376159e+06	7.6207339059e-01	2.4879839009e+03
9.3387376159e+06	7.6191631767e-01	2.4955749361e+03
9.3387376159e+06	7.6175859320e-01	2.5032231023e+03
9.3387376159e+06	7.6160021247e-01	2.5109419562e+03
9.3387376159e+06	7.6144117031e-01	2.5187477714e+03
9.3387376159e+06	7.6128146112e-01	2.5266590005e+03
9.3387376159e+06	7.6112108103e-01	2.5346960882e+03
9.3387376159e+06	7.6096002108e-01	2.5428806657e+03
9.3387376159e+06	7.6079827617e-01	2.5512342478e+03
9.3387376159e+06	7.6063583966e-01	2.5597772291e+03
9.3387376159e+06	7.6047270090e-01	2.5685274915e+03
9.3387376159e+06	7.6030885278e-01	2.5774992110e+03
9.3387376159e+06	7.6014429200e-01	2.5867013400e+03
9.3387376159e+06	7.5997901479e-01	2.5961563360e+03
9.3387376159e+06	7.5981301896e-01	2.6059345003e+03
9.3387376159e+06	7.5964630247e-01	2.6159386657e+03
9.3387376159e+06	7.5947886293e-01	2.6261556258e+03
9.3387376159e+06	7.5931069802e-01	2.6365684300e+03
9.3387376159e+06	7.5914180528e-01	2.6471572748e+03
9.3387376159e+06	7.5897218200e-01	2.6579012698e+03
9.3387376159e+06	7.5880182490e-01	2.6687794307e+03
9.3387376159e+06	7.5863073100e-01	2.6797716919e+03
9.3387376159e+06	7.5845889633e-01	2.6908598101e+03
9.3387376159e+06	7.5828631682e-01	2.7020272299e+03
9.3387376159e+06	7.5811298806e-01	2.7132599788e+03
9.3387376159e+06	7.5793890537e-01	2.7245463690e+03
9.3387376159e+06	7.5776406410e-01	2.7358768768e+03
9.3387376159e+06	7.5758845906e-01	2.7472441473e+03
9.3387376159e+06	7.5741208504e-01	2.7586420567e+03
9.3387376159e+06	7.5723493669e-01	2.7700662226e+03
9.3387376159e+06	7.5705700854e-01	2.7815133584e+03
9.3387376159e+06	7.5687829498e-01	2.7929810536e+03
9.3387376159e+06	7.5669879046e-01	2.8044677552e+03
9.3387376159e+06	7.5651848922e-01	2.8159718622e+03
9.3387376159e+06	7.5633738549e-01	2.8274924784e+03
9.3387376159e+06	7.5615547343e-01	2.8390288595e+03
9.3387376159e+06	7.5597274714e-01	2.8505803605e+03
9.3387376159e+06	7.5578920069e-01	2.8621466203e+03
9.3387376159e+06	7.5560482807e-01	2.8737266558e+03
9.3387376159e+06	7.5541962326e-01	2.8853199158e+03
9.3387376159e+06	7.5523358013e-01	2.8969257544e+03
9.3387376159e+06	7.5504669248e-01	2.9085436595e+03
9.3387376159e+06	7.5485895345e-01	2.9201755777e+03
9.3387376159e+06	7.5467034976e-01	2.9318470530e+03
9.3387376159e+06	7.5448080064e-01	2.9438500949e+03
9.3387376159e+06	7.5428964480e-01	2.9593322412e+03
9.3387376159e+06	7.5426164689e-01	2.9767647459e+03
9.3387376159e+06	7.5424716449e-01	2.9892661973e+03
9.3387376159e+06	7.5423283914e-01	3.0028317721e+03
9.3387376159e+06	7.5421871564e-01	3.0146602380e+03
9.3387376159e+06	7.5420482216e-01	3.0230314890e+03
9.3387376159e+06	7.5419121592e-01	3.0283664358e+03
9.3387376159e+06	7.5417778521e-01	3.0321767592e+03
9.3387376159e+06	7.5416434282e-01	3.0354315180e+03
9.3387376159e+06	7.5415109778e-01	3.0382320032e+03
9.3387376159e+06	7.5413812354e-01	3.0406843140e+03
9.3387376159e+06	7.5412544504e-01	3.0428863953e+03
9.3387376159e+06	7.5411370001e-01	3.0443892301e+03
9.3387376159e+06	7.5410384303e-01	3.0445624734e+03
9.3387376159e+06	7.5409843197e-01	3.0416694512e+03
9.3387376159e+06	7.5410298877e-01	3.0318759516e+03
9.3387376159e+06	7.5413117153e-01	3.0058381872e+03
9.3387376159e+06	7.5421441500e-01	2.9427600751e+03
9.3387376159e+06	7.5435565304e-01	2.8435912740e+03
9.3387376159e+06	7.5459339284e-01	2.6858657017e+03
9.3387376159e+06	7.5492819309e-01	2.4487843291e+03
9.3387376159e+06	7.5494079491e-01	2.2327967589e+03
9.3387376159e+06	7.5484124020e-01	2.2369846662e+03
9.3387376159e+06	7.5473818971e-01	2.2419776922e+03
9.3387376159e+06	7.5463277490e-01	2.2475027394e+03
9.3387376159e+06	7.5452557313e-01	2.2533512486e+03
9.3387376159e+06	7.5441549657e-01	2.2594226190e+03
9.3387376159e+06	7.5430110462e-01	2.2656650547e+03
9.3387376159e+06	7.5418524948e-01	2.2720468092e+03
9.3387376159e+06	7.5406688233e-01	2.2785469771e+03
9.3387376159e+06	7.5394359829e-01	2.2851503622e+03
9.3387376159e+06	7.5381792419e-01	2.2918452813e+03
9.3387376159e+06	7.5368615819e-01	2.2986227676e+03
9.3387376159e+06	7.5355234414e-01	2.3054751568e+03
9.3387376159e+06	7.5341801212e-01	2.3123965056e+03
9.3387376159e+06	7.5328315987e-01	2.3193814241e+03
9.3387376159e+06	7.5314778492e-01	2.3264255832e+03
9.3387376159e+06	7.5301188451e-01	2.3335251870e+03
9.3387376159e+06	7.5287545590e-01	2.3406768724e+03
9.3387376159e+06	7.5273849624e-01	2.3478777781e+03
9.3387376159e+06	7.5260100249e-01	2.3551249454e+03
9.3387376159e+06	7.5246297151e-01	2.3624159276e+03
9.3387376159e+06	7.5232440024e-01	2.3697484006e+03
9.3387376159e+06	7.5218528549e-01	2.3771202768e+03
9.3387376159e+06	7.5204562402e-01	2.3845292963e+03
9.3387376159e+06	7.5190541254e-01	2.3919734838e+03
9.3387376159e+06	7.5176464781e-01	2.3994509380e+03
9.3387376159e+06	7.5162332634e-01	2.4069597347e+03
9.3387376159e+06	7.5148144460e-01	2.4144981331e+03
9.3387376159e+06	7.5133894846e-01	2.4220643726e+03
9.3387376159e+06	7.5119529021e-01	2.4296569635e+03
9.3387376159e+06	7.5105041221e-01	2.4372744979e+03
9.3387376159e+06	7.5090462788e-01	2.4449159137e+03
9.3387376159e+06	7.5075799097e-01	2.4525806030e+03
9.3387376159e+06	7.5061047573e-01	2.4602685760e+03
9.3387376159e+06	7.5046207786e-01	2.4679804790e+03
9.3387376159e+06	7.5031274456e-01	2.4757181319e+03
9.3387376159e+06	7.5016227239e-01	2.4834846932e+03
9.3387376159e+06	7.5001041410e-01	2.4912848249e+03
9.3387376159e+06	7.4985775633e-01	2.4991252373e+03
9.3387376159e+06	7.4970447191e-01	2.5070149568e+03
9.2982613769e+06	7.4955055696e-01	2.5159393310e+03
9.2982613769e+06	7.4678672313e-01	2.5460186259e+03
9.2982613769e+06	7.4652567184e-01	2.5700067848e+03
9.2982613769e+06	7.4623847250e-01	2.5920284770e+03
9.2982613769e+06	7.4598407928e-01	2.6094744441e+03
9.2982613769e+06	7.4575164493e-01	2.6245450584e+03
9.2982613769e+06	7.4553497996e-01	2.6382166561e+03
9.2982613769e+06	7.4533016949e-01	2.6509600331e+03
9.2982613769e+06	7.4513455963e-01	2.6630360688e+03
9.2982613769e+06	7.4494625809e-01	2.6746058201e+03
9.2982613769e+06	7.4476386290e-01	2.6857771318e+03
9.2982613769e+06	7.4458630323e-01	2.6966269559e+03
9.2982613769e+06	7.4441274060e-01	2.7072120756e+03
9.2982613769e+06	7.4424250470e-01	2.7175767662e+03
9.2982613769e+06	7.4407505009e-01	2.7277563342e+03
9.2982613769e+06	7.4390992605e-01	2.7377798477e+03
9.2982613769e+06	7.4374675505e-01	2.7476720328e+03
9.2982613769e+06	7.4358521693e-01	2.7574548836e+03
9.2982613769e+06	7.4342503725e-01	2.7671481388e+03
9.2982613769e+06	7.4326597830e-01	2.7767710438e+03
9.2982613769e+06	7.4310783285e-01	2.7863427551e+03
9.2982613769e+06	7.4295041811e-01	2.7958831090e+03
9.2982613769e+06	7.4279357246e-01	2.8054132020e+03
9.2982613769e+06	7.4263715232e-01	2.8149559276e+03
9.2982613769e+06	7.4248102947e-01	2.8245357343e+03
9.2982613769e+06	7.4232508966e-01	2.8341791679e+03
9.2982613769e+06	7.4216923157e-01	2.8439142501e+03
9.2982613769e+06	7.4201336546e-01	2.8537698070e+03
9.2982613769e+06	7.4185741248e-01	2.8637744552e+03
9.2982613769e+06	7.4170130236e-01	2.8739554550e+03
9.2982613769e+06	7.4154497445e-01	2.8843367685e+03
9.2982613769e+06	7.4138837873e-01	2.8949381508e+03
9.2982613769e+06	7.4123147137e-01	2.9057736850e+03
9.2982613769e+06	7.4107421498e-01	2.9168508324e+03
9.2982613769e+06	7.4091657904e-01	2.9281701437e+03
9.2982613769e+06	7.4075853869e-01	2.9397256198e+03
9.2982613769e+06	7.4060007304e-01	2.9515049016e+03
9.2982613769e+06	7.4044116548e-01	2.9634912017e+03
9.2982613769e+06	7.4028179860e-01	2.9756644598e+03
9.2982613769e+06	7.4012195826e-01	2.9880028764e+03
9.2982613769e+06	7.3996162915e-01	3.0004845290e+03
9.2982613769e+06	7.3980078857e-01	3.0130878725e+03
9.2982613769e+06	7.3963941436e-01	3.0257934456e+03
9.2982613769e+06	7.3947749195e-01	3.0385841184e+03
9.2982613769e+06	7.3931500563e-01	3.0515342387e+03
9.2982613769e+06	7.3915194291e-01	3.0646018839e+03
9.2982613769e+06	7.3898828918e-01	3.0777186714e+03
9.2982613769e+06	7.3882403074e-01	3.0908769053e+03
9.2982613769e+06	7.3865915359e-01	3.1040707808e+03
9.2982613769e+06	7.3849364425e-01	3.1172960235e+03
9.2982613769e+06	7.3832748961e-01	3.1305498374e+03
9.2982613769e+06	7.3816067696e-01	3.1438297499e+03
9.2982613769e+06	7.3799319388e-01	3.1571344459e+03
9.2982613769e+06	7.3782502861e-01	3.1704630117e+03
9.2982613769e+06	7.3765616954e-01	3.1838148543e+03
9.2982613769e+06	7.3748660501e-01	3.1971898721e+03
9.2982613769e+06	7.3731632329e-01	3.2105873657e+03
9.2982613769e+06	7.3714531275e-01	3.2240072003e+03
9.2982613769e+06	7.3697356231e-01	3.2374491085e+03
9.2982613769e+06	7.3680106130e-01	3.2509127329e+03
9.2982613769e+06	7.3662779944e-01	3.2643979562e+03
9.2982613769e+06	7.3645376668e-01	3.2779038520e+03
9.2982613769e+06	7.3627895315e-01	3.2914312789e+03
9.2982613769e+06	7.3610334573e-01	3.3049946200e+03
9.2982613769e+06	7.3592689645e-01	3.3187574540e+03
9.2982613769e+06	7.3574921760e-01	3.3345019120e+03
9.2982613769e+06	7.3566750965e-01	3.3607438904e+03
9.2982613769e+06	7.3565323293e-01	3.3748352096e+03
9.2982613769e+06	7.3563901097e-01	3.3899019608e+03
9.2982613769e+06	7.3562476675e-01	3.4028867046e+03
9.2982613769e+06	7.3561024466e-01	3.4121371130e+03
9.2982613769e+06	7.3559501846e-01	3.4182425188e+03
9.2982613769e+06	7.3557776557e-01	3.4229215502e+03
9.2982613769e+06	7.3555437866e-01	3.4274635807e+03
9.2982613769e+06	7.3551146013e-01	3.4328781921e+03
9.2982613769e+06	7.3534262587e-01	3.4459652608e+03
9.2982613769e+06	7.3518124681e-01	3.4568685101e+03
9.2982613769e+06	7.3501982171e-01	3.4673956171e+03
9.2982613769e+06	7.3485809605e-01	3.4775470036e+03
9.2982613769e+06	7.3469618589e-01	3.4871538895e+03
9.2982613769e+06	7.3453412609e-01	3.4960062979e+03
9.2982613769e+06	7.3437199969e-01	3.5035732818e+03
9.2982613769e+06	7.3421176554e-01	3.5080928127e+03
9.2982613769e+06	7.3405932584e-01	3.5065992363e+03
9.2982613769e+06	7.3391677767e-01	3.4989423639e+03
9.2982613769e+06	7.3378143600e-01	3.4855699680e+03
9.2982613769e+06	7.3375024767e-01	3.4676376929e+03
9.2982613769e+06	7.3375173327e-01	3.4596506125e+03
9.2982613769e+06	7.3375501102e-01	3.4503096675e+03
9.2982613769e+06	7.3376086367e-01	3.4390408607e+03
9.2982613769e+06	7.3377025521e-01	3.4251469367e+03
9.2982613769e+06	7.3378332742e-01	3.4085787055e+03
9.2982613769e+06	7.3380107809e-01	3.3886429460e+03
9.2982613769e+06	7.3382753005e-01	3.3624529957e+03
9.2982613769e+06	7.3386249351e-01	3.3303102155e+03
9.2982613769e+06	7.3390857945e-01	3.2905339856e+03
9.2982613769e+06	7.3397632652e-01	3.2360386039e+03
9.2982613769e+06	7.3406772168e-01	3.1660165555e+03
9.2982613769e+06	7.3419266343e-01	3.0746510211e+03
9.2982613769e+06	7.3438983073e-01	2.9397444683e+03
9.2982613769e+06	7.3467335388e-01	2.7566577970e+03
9.2982613769e+06	7.3509645582e-01	2.4844557282e+03
9.2982613769e+06	7.3516788342e-01	2.2316712917e+03
9.2982613769e+06	7.3506957388e-01	2.2362959153e+03
9.2982613769e+06	7.3496758260e-01	2.2417704348e+03
9.2982613769e+06	7.3485923965e-01	2.2477992688e+03
9.2982613769e+06	7.3474873452e-01	2.2541593361e+03
9.2982613769e+06	7.3463653919e-01	2.2607461789e+03
9.2982613769e+06	7.3452146972e-01	2.2675068252e+03
9.2982613769e+06	7.3440158436e-01	2.2744100140e+03
9.2982613769e+06	7.3427944646e-01	2.2814339455e+03
9.2982613769e+06	7.3415363661e-01	2.2885634432e+03
9.2982613769e+06	7.3402270099e-01	2.2957868866e+03
9.2982613769e+06	7.3388563951e-01	2.3030952914e+03
9.2982613769e+06	7.3374742996e-01	2.3104808351e+03
9.2982613769e+06	7.3360868913e-01	2.3179374720e+03
9.2982613769e+06	7.3346941458e-01	2.3254601425e+03
9.2982613769e+06	7.3332960366e-01	2.3330443758e+03
9.2982613769e+06	7.3318925356e-01	2.3406863985e+03
9.2982613769e+06	7.3304836136e-01	2.3483829458e+03
9.2982613769e+06	7.3290692405e-01	2.3561309054e+03
9.2982613769e+06	7.3276493837e-01	2.3639276081e+03
9.2982613769e+06	7.3262240115e-01	2.3717705708e+03
9.2982613769e+06	7.3247930912e-01	2.3796575789e+03
9.2982613769e+06	7.3233565887e-01	2.3875863014e+03
9.2982613769e+06	7.3219144710e-01	2.3955546887e+03
9.2982613769e+06	7.3204667030e-01	2.4035609329e+03
9.2982613769e+06	7.3190132497e-01	2.4116028393e+03
9.2982613769e+06	7.3175540763e-01	2.4196786053e+03
9.2982613769e+06	7.3160886673e-01	2.4277864786e+03
9.2982613769e+06	7.3146101499e-01	2.4359248066e+03
9.2982613769e+06	7.3131202483e-01	2.4440920591e+03
9.2982613769e+06	7.3116209984e-01	2.4522870660e+03
9.2982613769e+06	7.3101127399e-01	2.4605086183e+03
9.2982613769e+06	7.3085945923e-01	2.4687562381e+03
9.2982613769e+06	7.3070664753e-01	2.4770299953e+03
9.2982613769e+06	7.3055259206e-01	2.4853308051e+03
9.2982613769e+06	7.3039697667e-01	2.4936606739e+03
9.2982613769e+06	7.3024053205e-01	2.5020231224e+03
9.2982613769e+06	7.3008345459e-01	2.5104230620e+03
9.2982613769e+06	7.2992574205e-01	2.5188677545e+03
9.2982613769e+06	7.2976739115e-01	2.5273668203e+03
9.2982613769e+06	7.2960839953e-01	2.5359325426e+03
9.2982613769e+06	7.2944875901e-01	2.5445799085e+03
9.2982613769e+06	7.2928846539e-01	2.5533267342e+03
9.2982613769e+06	7.2912750481e-01	2.5621928085e+03
9.2982613769e+06	7.2896586527e-01	2.5711998138e+03
9.2982613769e+06	7.2880353788e-01	2.5803702317e+03
9.2982613769e+06	7.2864051597e-01	2.5897259979e+03
9.2982613769e+06	7.2847679375e-01	2.5993571918e+03
9.2982613769e+06	7.2831236615e-01	2.6092525162e+03
9.2982613769e+06	7.2814722875e-01	2.6193845098e+03
9.2982613769e+06	7.2798137790e-01	2.6297595098e+03
9.2982613769e+06	7.2781481062e-01	2.6403775690e+03
9.2982613769e+06	7.2764752444e-01	2.6512325235e+03
9.2982613769e+06	7.2747951710e-01	2.6623127270e+03
9.2982613769e+06	7.2731078648e-01	2.6736016313e+03
9.2982613769e+06	7.2714133032e-01	2.6850797118e+03
9.2982613769e+06	7.2697114615e-01	2.6967257100e+03
9.2982613769e+06	7.2680023117e-01	2.7085178520e+03
9.2982613769e+06	7.2662858225e-01	2.7204352787e+03
9.2982613769e+06	7.2645619587e-01	2.7324583256e+03
9.2982613769e+06	7.2628306812e-01	2.7445697778e+03
9.2982613769e+06	7.2610919477e-01	2.7567548129e+03
9.2982613769e+06	7.2593457126e-01	2.7690010986e+03
9.2982613769e+06	7.2575919286e-01	2.7812988584e+03
9.2982613769e+06	7.2558305451e-01	2.7936399570e+03
9.2982613769e+06	7.2540615100e-01	2.8060184594e+03
9.2982613769e+06	7.2522847699e-01	2.8184299123e+03
9.2982613769e+06	7.2505002696e-01	2.8308710727e+03
9.2982613769e+06	7.2487079532e-01	2.8433398648e+03
9.2982613769e+06	7.2469077640e-01	2.8558343244e+03
9.2982613769e+06	7.2450996442e-01	2.8683534100e+03
9.2982613769e+06	7.2432835356e-01	2.8808963490e+03
9.2982613769e+06	7.2414593794e-01	2.8934625546e+03
9.2982613769e+06	7.2396271159e-01	2.9060518044e+03
9.2982613769e+06	7.2377866854e-01	2.9186632297e+03
9.2982613769e+06	7.2359380227e-01	2.9312964629e+03
9.2982613769e+06	7.2340810372e-01	2.9439510015e+03
9.2982613769e+06	7.2322156669e-01	2.9566262863e+03
9.2982613769e+06	7.2303418354e-01	2.9693220049e+03
9.2982613769e+06	7.2284594733e-01	2.9820372010e+03
9.2982613769e+06	7.2265685752e-01	2.9947738465e+03
9.2982613769e+06	7.2246691073e-01	3.0075597619e+03
9.2982613769e+06	7.2227603206e-01	3.0207063009e+03
9.2982613769e+06	7.2208353307e-01	3.0375594105e+03
9.2982613769e+06	7.2205193648e-01	3.0568568700e+03
9.2982613769e+06	7.2203677426e-01	3.0701155910e+03
9.2982613769e+06	7.2202181066e-01	3.0838465042e+03
9.2982613769e+06	7.2200704783e-01	3.0953731420e+03
9.2982613769e+06	7.2199251780e-01	3.1034207089e+03
9.2982613769e+06	7.2197828179e-01	3.1087614706e+03
9.2982613769e+06	7.2196420672e-01	3.1128243910e+03
9.2982613769e+06	7.2195013499e-01	3.1163877298e+03
9.2982613769e+06	7.2193631427e-01	3.1194986969e+03
9.2982613769e+06	7.2192282799e-01	3.1222500144e+03
9.2982613769e+06	7.2190984311e-01	3.1246301912e+03
9.2982613769e+06	7.2189822833e-01	3.1260810995e+03
9.2982613769e+06	7.2188949232e-01	3.1256587065e+03
9.2982613769e+06	7.2188764813e-01	3.1207983823e+03
9.2982613769e+06	7.2190135009e-01	3.1059377647e+03
9.2982613769e+06	7.2195384319e-01	3.0664013561e+03
9.2982613769e+06	7.2205371236e-01	2.9994465043e+03
9.2982613769e+06	7.2221991354e-01	2.8943686150e+03
9.2982613769e+06	7.2248834851e-01	2.7328499669e+03
9.2982613769e+06	7.2289447268e-01	2.4857081156e+03
9.2982613769e+06	7.2298546606e-01	2.2320921467e+03
9.2982613769e+06	7.2288080221e-01	2.2369275092e+03
9.2982613769e+06	7.2277234258e-01	2.2426317501e+03
9.2982613769e+06	7.2265717941e-01	2.2488983429e+03
9.2982613769e+06	7.2253985215e-01	2.2554998231e+03
9.2982613769e+06	7.2242066107e-01	2.2623310139e+03
9.2982613769e+06	7.2229850915e-01	2.2693382349e+03
9.2982613769e+06	7.2217104046e-01	2.2764899326e+03
9.2982613769e+06	7.2204137372e-01	2.2837647619e+03
9.2982613769e+06	7.2190738334e-01	2.2911471754e+03
9.2982613769e+06	7.2176775469e-01	2.2986254891e+03
9.2982613769e+06	7.2162275213e-01	2.3061904611e+03
9.2982613769e+06	7.2147719098e-01	2.3138345149e+03
9.2982613769e+06	7.2133106886e-01	2.3215516434e+03
9.2982613769e+06	7.2118438309e-01	2.3293364678e+03
9.2982613769e+06	7.2103713084e-01	2.3371846505e+03
9.2982613769e+06	7.2088930900e-01	2.3450925080e+03
9.2982613769e+06	7.2074091447e-01	2.3530565064e+03
9.2982613769e+06	7.2059194398e-01	2.3610737009e+03
9.2982613769e+06	7.2044239400e-01	2.3691416044e+03
9.2982613769e+06	7.2029226114e-01	2.3772574090e+03
9.2982613769e+06	7.2014154188e-01	2.3854188811e+03
9.2982613769e+06	7.1999023259e-01	2.3936238617e+03
9.2982613769e+06	7.1983832963e-01	2.4018702830e+03
9.2982613769e+06	7.1968582926e-01	2.4101561542e+03
9.2982613769e+06	7.1953272771e-01	2.4184797255e+03
9.2982613769e+06	7.1937902126e-01	2.4268388696e+03
9.2982613769e+06	7.1922429077e-01	2.4352318898e+03
9.2982613769e+06	7.1906824413e-01	2.4436571326e+03
9.2982613769e+06	7.1891116013e-01	2.4521130733e+03
9.2982613769e+06	7.1875311671e-01	2.4605984096e+03
9.2982613769e+06	7.1859404341e-01	2.4691123164e+03
9.2982613769e+06	7.1843388056e-01	2.4776540205e+03
9.2982613769e+06	7.1827239786e-01	2.4862236684e+03
9.2982613769e+06	7.1810922908e-01	2.4948221836e+03
9.2982613769e+06	7.1794519168e-01	2.5034515825e+03
9.2982613769e+06	7.1778049096e-01	2.5121153167e+03
9.2982613769e+06	7.1761512537e-01	2.5208187167e+03
9.2982613769e+06	7.1744909230e-01	2.5295689024e+03
9.2982613769e+06	7.1728239025e-01	2.5383756599e+03
9.2982613769e+06	7.1711501048e-01	2.5472514557e+03
9.2982613769e+06	7.1694694737e-01	2.5562115021e+03
9.2982613769e+06	7.1677818622e-01	2.5652737466e+03
9.2982613769e+06	7.1660871440e-01	2.5744586090e+03
9.2982613769e+06	7.1643852384e-01	2.5837879996e+03
9.2982613769e+06	7.1626760624e-01	2.5932847002e+03
9.2982613769e+06	7.1609595526e-01	2.6030797747e+03
9.2982613769e+06	7.1592356437e-01	2.6130895115e+03
9.2982613769e+06	7.1575042833e-01	2.6233287341e+03
9.2982613769e+06	7.1557654220e-01	2.6338097677e+03
9.2982613769e+06	7.1540190205e-01	2.6445387033e+03
9.2982613769e+06	7.1522650446e-01	2.6555155120e+03
9.2982613769e+06	7.1505034703e-01	2.6667337843e+03
9.2982613769e+06	7.1487342691e-01	2.6781814514e+03
9.2982613769e+06	7.1469574206e-01	2.6898419256e+03
9.2982613769e+06	7.1451728980e-01	2.7016950611e+03
9.2982613769e+06	7.1433806723e-01	2.7137192976e+03
9.2982613769e+06	7.1415807163e-01	2.7258925388e+03
9.2982613769e+06	7.1397729938e-01	2.7381935245e+03
9.2982613769e+06	7.1379574651e-01	2.7506028664e+03
9.2982613769e+06	7.1361340912e-01	2.7631029023e+03
9.2982613769e+06	7.1343028251e-01	2.7756788155e+03
9.2982613769e+06	7.1324636179e-01	2.7883182871e+03
9.2982613769e+06	7.1306164188e-01	2.8010113878e+03
9.2982613769e+06	7.1287611736e-01	2.8137505592e+03
9.2982613769e+06	7.1268978270e-01	2.8265295634e+03
9.2982613769e+06	7.1250263216e-01	2.8393440821e+03
9.2982613769e+06	7.1231465977e-01	2.8521909748e+03
9.2982613769e+06	7.1212585981e-01	2.8650679989e+03
9.2982613769e+06	7.1193622607e-01	2.8779738661e+03
9.2982613769e+06	7.1174575246e-01	2.8909071375e+03
9.2982613769e+06	7.1155443276e-01	2.9038671550e+03
9.2982613769e+06	7.1136226069e-01	2.9168533841e+03
9.2982613769e+06	7.1116922890e-01	2.9298653720e+03
9.2982613769e+06	7.1097532816e-01	2.9429029669e+03
9.2982613769e+06	7.1078055200e-01	2.9559652768e+03
9.2982613769e+06	7.1058489144e-01	2.9690519097e+03
9.2982613769e+06	7.1038834264e-01	2.9821623108e+03
9.2982613769e+06	7.1019090753e-01	2.9952958766e+03
9.2982613769e+06	7.0999258846e-01	3.0084524696e+03
9.2982613769e+06	7.0979338438e-01	3.0216334985e+03
9.2982613769e+06	7.0959326411e-01	3.0348678033e+03
9.2982613769e+06	7.0939213384e-01	3.0485232525e+03
9.2982613769e+06	7.0918929859e-01	3.0661548422e+03
9.2982613769e+06	7.0915563636e-01	3.0862521568e+03
9.2982613769e+06	7.0913961063e-01	3.0999223681e+03
9.2982613769e+06	7.0912380088e-01	3.1139295367e+03
9.2982613769e+06	7.0910819843e-01	3.1255807748e+03
9.2982613769e+06	7.0909284505e-01	3.1336748657e+03
9.2982613769e+06	7.0907779374e-01	3.1391001633e+03
9.2982613769e+06	7.0906289650e-01	3.1432901795e+03
9.2982613769e+06	7.0904801872e-01	3.1469780599e+03
9.2982613769e+06	7.0903341328e-01	3.1502077014e+03
9.2982613769e+06	7.0901915954e-01	3.1530754555e+03
9.2982613769e+06	7.0900548545e-01	3.1555245574e+03
9.2982613769e+06	7.0899335487e-01	3.1569565692e+03
9.2982613769e+06	7.0898452540e-01	3.1562971459e+03
9.2982613769e+06	7.0898362580e-01	3.1506515471e+03
9.2982613769e+06	7.0900068006e-01	3.1337365066e+03
9.2982613769e+06	7.0906358434e-01	3.0883868755e+03
9.2982613769e+06	7.0917545694e-01	3.0155670549e+03
9.2982613769e+06	7.0936110336e-01	2.9018300777e+03
9.2982613769e+06	7.0966675032e-01	2.7241811040e+03
9.2982613769e+06	7.1011187182e-01	2.4589332606e+03
9.2982613769e+06	7.1018071437e-01	2.2327391193e+03
9.2982613769e+06	7.1008070152e-01	2.2378250792e+03
9.2982613769e+06	7.0997657621e-01	2.2437956212e+03
9.2982613769e+06	7.0986610066e-01	2.2503237103e+03
9.2982613769e+06	7.0975322843e-01	2.2571843262e+03
9.2982613769e+06	7.0963835898e-01	2.2642745344e+03
9.2982613769e+06	7.0952020722e-01	2.2715418505e+03
9.2982613769e+06	7.0939680100e-01	2.2789550422e+03
9.2982613769e+06	7.0927105443e-01	2.2864928574e+03
9.2982613769e+06	7.0913983377e-01	2.2941399909e+03
9.2982613769e+06	7.0900266403e-01	2.3018850791e+03
9.2982613769e+06	7.0886205989e-01	2.3097182769e+03
9.2982613769e+06	7.0872091854e-01	2.3176322493e+03
9.2982613769e+06	7.0857923760e-01	2.3256209108e+03
9.2982613769e+06	7.0843701454e-01	2.3336791321e+03
9.2982613769e+06	7.0829424654e-01	2.3418025343e+03
9.2982613769e+06	7.0815093069e-01	2.3499875368e+03
9.2982613769e+06	7.0800706387e-01	2.3582304458e+03
9.2982613769e+06	7.0786264289e-01	2.3665283731e+03
9.2982613769e+06	7.0771766453e-01	2.3748786382e+03
9.2982613769e+06	7.0757212523e-01	2.3832787820e+03
9.2982613769e+06	7.0742602162e-01	2.3917264988e+03
9.2982613769e+06	7.0727935016e-01	2.4002198109e+03
9.2982613769e+06	7.0713210729e-01	2.4087563504e+03
9.2982613769e+06	7.0698428938e-01	2.4173342017e+03
9.2982613769e+06	7.0683589272e-01	2.4259514671e+03
9.2982613769e+06	7.0668677104e-01	2.4346063089e+03
9.2982613769e+06	7.0653633201e-01	2.4432969753e+03
9.2982613769e+06	7.0638481072e-01	2.4520219605e+03
9.2982613769e+06	7.0623231406e-01	2.4607795144e+03
9.2982613769e+06	7.0607879878e-01	2.4695683945e+03
9.2982613769e+06	7.0592415802e-01	2.4783876572e+03
9.2982613769e+06	7.0576816596e-01	2.4872368365e+03
9.2982613769e+06	7.0561041798e-01	2.4961160036e+03
9.2982613769e+06	7.0545183281e-01	2.5050261114e+03
9.2982613769e+06	7.0529261347e-01	2.5139692818e+03
9.2982613769e+06	7.0513275921e-01	2.5229492521e+03
9.2982613769e+06	7.0497226930e-01	2.5319711232e+03
9.2982613769e+06	7.0481114163e-01	2.5410424695e+03
9.2982613769e+06	7.0464936908e-01	2.5501733122e+03
9.2982613769e+06	7.0448694462e-01	2.5593763740e+03
9.2982613769e+06	7.0432385218e-01	2.5686672189e+03
9.2982613769e+06	7.0416008068e-01	2.5780643056e+03
9.2982613769e+06	7.0399562237e-01	2.5875882515e+03
9.2982613769e+06	7.0383046914e-01	2.5973011719e+03
9.2982613769e+06	7.0366461423e-01	2.6072597011e+03
9.2982613769e+06	7.0349805081e-01	2.6174156633e+03
9.2982613769e+06	7.0333077240e-01	2.6277897676e+03
9.2982613769e+06	7.0316277352e-01	2.6383992478e+03
9.2982613769e+06	7.0299404961e-01	2.6492559725e+03
9.2982613769e+06	7.0282459691e-01	2.6603660521e+03
9.2982613769e+06	7.0265441235e-01	2.6717290522e+03
9.2982613769e+06	7.0248349338e-01	2.6833381134e+03
9.2982613769e+06	7.0231183770e-01	2.6951807702e+03
9.2982613769e+06	7.0213944294e-01	2.7072395936e+03
9.2982613769e+06	7.0196630714e-01	2.7194941762e+03
9.2982613769e+06	7.0179242755e-01	2.7319225411e+03
9.2982613769e+06	7.0161780109e-01	2.7445023246e+03
9.2982613769e+06	7.0144242476e-01	2.7572122141e+03
9.2982613769e+06	7.0126629499e-01	2.7700322443e+03
9.2982613769e+06	7.0108940758e-01	2.7829450940e+03
9.2982613769e+06	7.0091175815e-01	2.7959359452e+03
9.2982613769e+06	7.0073334192e-01	2.8089925656e+03
9.2982613769e+06	7.0055415386e-01	2.8221053641e+03
9.2982613769e+06	7.0037418886e-01	2.8352663748e+03
9.2982613769e+06	7.0019344165e-01	2.8484698758e+03
9.2982613769e+06	7.0001190650e-01	2.8617116389e+03
9.2982613769e+06	6.9982957762e-01	2.8749886299e+03
9.2982613769e+06	6.9964644929e-01	2.8882989559e+03
9.2781364903e+06	6.9946251572e-01	2.9021510453e+03
9.2781364903e+06	7.0057500637e-01	2.9473191904e+03
9.2781364903e+06	7.0029813789e-01	2.9706120876e+03
9.2781364903e+06	7.0004830148e-01	2.9894230483e+03
9.2781364903e+06	6.9981708138e-01	3.0060343557e+03
9.2781364903e+06	6.9959945304e-01	3.0213774742e+03
9.2781364903e+06	6.9939211497e-01	3.0358888378e+03
9.2781364903e+06	6.9919276413e-01	3.0498063526e+03
9.2781364903e+06	6.9899975360e-01	3.0633804899e+03
9.2781364903e+06	6.9881185383e-01	3.0766546353e+03
9.2781364903e+06	6.9862811636e-01	3.0896485551e+03
9.2781364903e+06	6.9844779505e-01	3.1024159051e+03
9.2781364903e+06	6.9827029171e-01	3.1149974597e+03
9.2781364903e+06	6.9809511897e-01	3.1274259402e+03
9.2781364903e+06	6.9792187425e-01	3.1397277025e+03
9.2781364903e+06	6.9775022121e-01	3.1519243940e+03
9.2781364903e+06	6.9757987533e-01	3.1640343866e+03
9.2781364903e+06	6.9741059359e-01	3.1760729740e+03
9.2781364903e+06	6.9724216721e-01	3.1880539794e+03
9.2781364903e+06	6.9707441459e-01	3.1999900636e+03
9.2781364903e+06	6.9690717694e-01	3.2118933611e+03
9.2781364903e+06	6.9674031479e-01	3.2237760686e+03
9.2781364903e+06	6.9657370387e-01	3.2356513484e+03
9.2781364903e+06	6.9640723389e-01	3.2475330930e+03
9.2781364903e+06	6.9624080599e-01	3.2594374576e+03
9.2781364903e+06	6.9607433114e-01	3.2713829730e+03
9.2781364903e+06	6.9590772923e-01	3.2833909118e+03
9.2781364903e+06	6.9574092800e-01	3.2954856348e+03
9.2781364903e+06	6.9557386184e-01	3.3076942594e+03
9.2781364903e+06	6.9540647227e-01	3.3200465240e+03
9.2781364903e+06	6.9523870683e-01	3.3325740059e+03
9.2781364903e+06	6.9507051919e-01	3.3453083045e+03
9.2781364903e+06	6.9490186791e-01	3.3582802271e+03
9.2781364903e+06	6.9473271803e-01	3.3715174746e+03
9.2781364903e+06	6.9456303836e-01	3.3850429584e+03
9.2781364903e+06	6.9439279902e-01	3.3988732017e+03
9.2781364903e+06	6.9422197538e-01	3.4130165604e+03
9.2781364903e+06	6.9405054783e-01	3.4274733665e+03
9.2781364903e+06	6.9387850204e-01	3.4422357147e+03
9.2781364903e+06	6.9370582645e-01	3.4572884623e+03
9.2781364903e+06	6.9353251109e-01	3.4726108232e+03
9.2781364903e+06	6.9335854647e-01	3.4881775154e+03
9.2781364903e+06	6.9318392888e-01	3.5039614416e+03
9.2781364903e+06	6.9300864755e-01	3.5199351749e+03
9.2781364903e+06	6.9283268978e-01	3.5360724367e+03
9.2781364903e+06	6.9265603190e-01	3.5523489319e+03
9.2781364903e+06	6.9247866208e-01	3.5687434772e+03
9.2781364903e+06	6.9230056787e-01	3.5853006176e+03
9.2781364903e+06	6.9212174312e-01	3.6020657323e+03
9.2781364903e+06	6.9194217759e-01	3.6189052017e+03
9.2781364903e+06	6.9176186162e-01	3.6358096305e+03
9.2781364903e+06	6.9158078539e-01	3.6527721749e+03
9.2781364903e+06	6.9139893934e-01	3.6697873321e+03
9.2781364903e+06	6.9121631442e-01	3.6868514605e+03
9.2781364903e+06	6.9103290184e-01	3.7039619905e+03
9.2781364903e+06	6.9084869284e-01	3.7211174639e+03
9.2781364903e+06	6.9066367903e-01	3.7383162371e+03
9.2781364903e+06	6.9047785231e-01	3.7555575641e+03
9.2781364903e+06	6.9029120472e-01	3.7728408239e+03
9.2781364903e+06	6.9010372848e-01	3.7901654684e+03
9.2781364903e+06	6.8991541593e-01	3.8075311508e+03
9.2781364903e+06	6.8972625949e-01	3.8249369706e+03
9.2781364903e+06	6.8953625198e-01	3.8423826728e+03
9.2781364903e+06	6.8934538648e-01	3.8598669428e+03
9.2781364903e+06	6.8915365625e-01	3.8773895358e+03
9.2781364903e+06	6.8896105329e-01	3.8949553155e+03
9.2781364903e+06	6.8876755732e-01	3.9126270421e+03
9.2781364903e+06	6.8857302886e-01	3.9310966338e+03
9.2781364903e+06	6.8840103075e-01	3.9576585748e+03
9.2781364903e+06	6.8838197090e-01	3.9773319898e+03
9.2781364903e+06	6.8836575948e-01	3.9956271952e+03
9.2781364903e+06	6.8834976165e-01	4.0142290627e+03
9.2781364903e+06	6.8833390600e-01	4.0295925226e+03
9.2781364903e+06	6.8831821015e-01	4.0401774910e+03
9.2781364903e+06	6.8830260417e-01	4.0473402517e+03
9.2781364903e+06	6.8828660932e-01	4.0530049644e+03
9.2781364903e+06	6.8826941183e-01	4.0580928118e+03
9.2781364903e+06	6.8824974640e-01	4.0627972340e+03
9.2781364903e+06	6.8822326218e-01	4.0675619523e+03
9.2781364903e+06	6.8817308602e-01	4.0730792834e+03
9.2781364903e+06	6.8800661857e-01	4.0796548409e+03
9.2781364903e+06	6.8784417321e-01	4.0788449526e+03
9.2781364903e+06	6.8768889541e-01	4.0726280144e+03
9.2781364903e+06	6.8764211241e-01	4.0608704557e+03
9.2781364903e+06	6.8763992173e-01	4.0549819819e+03
9.2781364903e+06	6.8763944538e-01	4.0477402038e+03
9.2781364903e+06	6.8764147027e-01	4.0385427188e+03
9.2781364903e+06	6.8764680678e-01	4.0267882427e+03
9.2781364903e+06	6.8765585530e-01	4.0122233383e+03
9.2781364903e+06	6.8766999144e-01	3.9938393220e+03
9.2781364903e+06	6.8769199968e-01	3.9695774391e+03
9.2781364903e+06	6.8772296636e-01	3.9387650806e+03
9.2781364903e+06	6.8776784978e-01	3.8978999421e+03
9.2781364903e+06	6.8783439114e-01	3.8416758669e+03
9.2781364903e+06	6.8792998423e-01	3.7655341560e+03
9.2781364903e+06	6.8807028451e-01	3.6595108199e+03
9.2781364903e+06	6.8829404493e-01	3.5008477720e+03
9.2781364903e+06	6.8864357742e-01	3.2696836547e+03
9.2781364903e+06	6.8920673043e-01	2.9289867107e+03
9.2781364903e+06	6.9004999811e-01	2.4544887731e+03
9.2781364903e+06	6.8953266388e-01	1.9829273004e+03
9.2781364903e+06	6.8834231910e-01	1.6654952873e+03
9.2781364903e+06	6.8724443686e-01	1.4467842019e+03
9.1993007042e+06	6.8629819146e-01	1.2943218157e+03
9.1993007042e+06	6.6858235479e-01	1.2792220972e+03
9.1993007042e+06	6.6847283407e-01	1.2786538299e+03
9.1993007042e+06	6.6835980805e-01	1.2784967255e+03
9.1993007042e+06	6.6824345372e-01	1.2806304100e+03
9.1993007042e+06	6.6812447724e-01	1.2848171510e+03
9.1993007042e+06	6.6800341401e-01	1.2904036844e+03
9.1993007042e+06	6.6788049016e-01	1.2968882712e+03
9.1993007042e+06	6.6775518184e-01	1.3039411611e+03
9.1993007042e+06	6.6762872184e-01	1.3113535420e+03
9.1993007042e+06	6.6750126336e-01	1.3189950137e+03
9.1993007042e+06	6.6737290207e-01	1.3267845528e+03
9.1993007042e+06	6.6723960710e-01	1.3346725874e+03
9.1993007042e+06	6.6710518180e-01	1.3426392769e+03
9.1993007042e+06	6.6696993136e-01	1.3507409810e+03
9.1993007042e+06	6.6683385644e-01	1.3588823910e+03
9.1993007042e+06	6.6669695115e-01	1.3670567346e+03
9.1993007042e+06	6.6655922149e-01	1.3752604486e+03
9.1993007042e+06	6.6642066484e-01	1.3834912424e+03
9.1993007042e+06	6.6628127650e-01	1.3917472269e+03
9.1993007042e+06	6.6614105095e-01	1.4000272451e+03
9.1993007042e+06	6.6599998218e-01	1.4083303412e+03
9.1993007042e+06	6.6585806391e-01	1.4166558995e+03
9.1993007042e+06	6.6571528983e-01	1.4250030913e+03
9.1993007042e+06	6.6557165333e-01	1.4333713708e+03
9.1993007042e+06	6.6542714541e-01	1.4417606824e+03
9.1993007042e+06	6.6528173290e-01	1.4501749732e+03
9.1993007042e+06	6.6513470519e-01	1.4586656105e+03
9.1993007042e+06	6.6498002170e-01	1.4677940372e+03
9.1993007042e+06	6.6487381018e-01	1.4827678567e+03
9.1993007042e+06	6.6486452719e-01	1.4895502689e+03
9.1993007042e+06	6.6485583179e-01	1.4966779031e+03
9.1993007042e+06	6.6484933086e-01	1.5027491577e+03
9.1993007042e+06	6.6484584454e-01	1.5074554881e+03
9.1993007042e+06	6.6484415931e-01	1.5108264515e+03
9.1993007042e+06	6.6484327524e-01	1.5134993483e+03
9.1993007042e+06	6.6484320227e-01	1.5159208231e+03
9.1993007042e+06	6.6484318022e-01	1.5181124743e+03
9.1993007042e+06	6.6484269340e-01	1.5200834546e+03
9.1993007042e+06	6.6484168386e-01	1.5218789810e+03
9.1993007042e+06	6.6483848326e-01	1.5232211362e+03
9.1993007042e+06	6.6483033892e-01	1.5236158473e+03
9.1993007042e+06	6.6481044232e-01	1.5217931604e+03
9.1993007042e+06	6.6476278704e-01	1.5147789413e+03
9.1993007042e+06	6.6464804974e-01	1.4952403942e+03
9.1993007042e+06	6.6443415073e-01	1.4601030803e+03
9.1993007042e+06	6.6409369432e-01	1.4041658377e+03
9.1993007042e+06	6.6352815062e-01	1.3179084100e+03
9.1993007042e+06	6.6257821627e-01	1.1898710078e+03
9.1993007042e+06	6.6096452122e-01	1.0088962055e+03
9.1993007042e+06	6.5868781487e-01	8.1303509937e+02
9.1993007042e+06	6.5683828276e-01	6.8794636294e+02
9.1993007042e+06	6.5536001805e-01	6.0419679664e+02
9.1501120436e+06	6.5415822962e-01	5.4760159806e+02
9.1501120436e+06	6.4544907404e-01	5.4368504988e+02
9.1501120436e+06	6.4538046351e-01	5.4330621111e+02
9.1501120436e+06	6.4531336381e-01	5.4439006049e+02
9.1501120436e+06	6.4524514898e-01	5.4644468185e+02
9.1501120436e+06	6.4517542332e-01	5.4900717811e+02
9.1501120436e+06	6.4510421537e-01	5.5186864017e+02
9.1501120436e+06	6.4503162729e-01	5.5493067666e+02
9.1501120436e+06	6.4495776400e-01	5.5814255721e+02
9.1501120436e+06	6.4488269567e-01	5.6147592900e+02
9.1501120436e+06	6.4480647115e-01	5.6491396257e+02
9.1501120436e+06	6.4472857655e-01	5.6844586951e+02
9.1501120436e+06	6.4464911390e-01	5.7206393383e+02
9.1501120436e+06	6.4456860273e-01	5.7576164480e+02
9.1501120436e+06	6.4448709285e-01	5.7953309906e+02
9.1501120436e+06	6.4440463618e-01	5.8337278071e+02
9.1501120436e+06	6.4432125370e-01	5.8727451798e+02
9.1501120436e+06	6.4423698392e-01	5.9124472519e+02
9.1501120436e+06	6.4415184333e-01	5.9530202675e+02
9.1501120436e+06	6.4406585557e-01	5.9940379668e+02
9.1501120436e+06	6.4397904113e-01	6.0354490769e+02
9.1501120436e+06	6.4389141555e-01	6.0772093497e+02
9.1501120436e+06	6.4380298962e-01	6.1192825779e+02
9.1501120436e+06	6.4371377036e-01	6.1616391917e+02
9.1501120436e+06	6.4362376100e-01	6.2042568192e+02
9.1501120436e+06	6.4353296229e-01	6.2471181166e+02
9.1501120436e+06	6.4344137256e-01	6.2902108481e+02
9.1501120436e+06	6.4334898858e-01	6.3335261052e+02
9.1501120436e+06	6.4325580587e-01	6.3770581290e+02
9.1501120436e+06	6.4316181916e-01	6.4208028971e+02
9.1501120436e+06	6.4306449356e-01	6.4647591924e+02
9.1501120436e+06	6.4296302151e-01	6.5089252509e+02
9.1501120436e+06	6.4286073688e-01	6.5532992436e+02
9.1501120436e+06	6.4275761807e-01	6.5978800104e+02
9.1501120436e+06	6.4265362609e-01	6.6426703154e+02
9.1501120436e+06	6.4254877419e-01	6.6876814119e+02
9.1501120436e+06	6.4244307782e-01	6.7329177397e+02
9.1501120436e+06	6.4233592326e-01	6.7783697721e+02
9.1501120436e+06	6.4222758921e-01	6.8240298780e+02
9.1501120436e+06	6.4211844971e-01	6.8698920635e+02
9.1501120436e+06	6.4200848256e-01	6.9159529190e+02
9.1501120436e+06	6.4189766408e-01	6.9625827763e+02
9.1501120436e+06	6.4178597350e-01	7.0096096233e+02
9.1501120436e+06	6.4167340463e-01	7.0568316017e+02
9.1501120436e+06	6.4155995114e-01	7.1042463379e+02
9.1501120436e+06	6.4144560638e-01	7.1518507406e+02
9.1501120436e+06	6.4133036033e-01	7.1996464239e+02
9.1501120436e+06	6.4121416868e-01	7.2476741770e+02
9.1501120436e+06	6.4109662381e-01	7.2964136866e+02
9.1501120436e+06	6.4097389981e-01	7.3510139922e+02
9.1501120436e+06	6.4092645714e-01	7.4388778036e+02
9.1501120436e+06	6.4092546688e-01	7.4746919671e+02
9.1501120436e+06	6.4092600478e-01	7.5069824102e+02
9.1501120436e+06	6.4092932211e-01	7.5327940400e+02
9.1501120436e+06	6.4093494642e-01	7.5526277723e+02
9.1501120436e+06	6.4094147545e-01	7.5686037740e+02
9.1501120436e+06	6.4094868255e-01	7.5828419729e+02
9.1501120436e+06	6.4095644922e-01	7.5962420615e+02
9.1501120436e+06	6.4096358788e-01	7.6084820183e+02
9.1501120436e+06	6.4096992535e-01	7.6197769744e+02
9.1501120436e+06	6.4097432608e-01	7.6295081824e+02
9.1501120436e+06	6.4097323878e-01	7.6353878575e+02
9.1501120436e+06	6.4095998764e-01	7.6329311349e+02
9.1501120436e+06	6.4091690202e-01	7.6102090696e+02
9.1501120436e+06	6.4080493443e-01	7.5410429976e+02
9.1501120436e+06	6.4054879675e-01	7.3754963462e+02
9.1501120436e+06	6.4014266955e-01	7.1132353892e+02
9.1501120436e+06	6.3948237615e-01	6.7026909372e+02
9.1501120436e+06	6.3836215697e-01	6.0965553013e+02
9.1501120436e+06	6.3764750427e-01	5.6985892270e+02
9.1501120436e+06	6.3730853792e-01	5.4875179302e+02
9.1501120436e+06	6.3664694077e-01	5.1674487424e+02
9.1501120436e+06	6.3553705549e-01	4.7029120387e+02
9.1501120436e+06	6.3366355358e-01	4.0629723170e+02
9.1501120436e+06	6.3099145129e-01	3.3492342542e+02
9.1501120436e+06	6.2886941554e-01	2.9089787685e+02
9.1085785456e+06	6.2721618328e-01	2.6335708227e+02
9.1085785456e+06	6.1549907851e-01	2.6341007966e+02
9.1085785456e+06	6.1543153816e-01	2.6415029645e+02
9.1085785456e+06	6.1536191948e-01	2.6550274291e+02
9.1085785456e+06	6.1529258274e-01	2.6695261580e+02
9.1085785456e+06	6.1522269523e-01	2.6841743933e+02
9.1085785456e+06	6.1515202194e-01	2.6989066733e+02
9.1085785456e+06	6.1508045995e-01	2.7137681660e+02
9.1085785456e+06	6.1500794485e-01	2.7288098302e+02
9.1085785456e+06	6.1493335507e-01	2.7440752618e+02
9.1085785456e+06	6.1485745842e-01	2.7595991325e+02
9.1085785456e+06	6.1478053348e-01	2.7754091612e+02
9.1085785456e+06	6.1470258028e-01	2.7915260574e+02
9.1085785456e+06	6.1462358522e-01	2.8079628781e+02
9.1085785456e+06	6.1454355564e-01	2.8247623887e+02
9.1085785456e+06	6.1446248595e-01	2.8420806184e+02
9.1085785456e+06	6.1438039311e-01	2.8597177809e+02
9.1085785456e+06	6.1429730507e-01	2.8776582359e+02
9.1085785456e+06	6.1421325120e-01	2.8958821346e+02
9.1085785456e+06	6.1412825993e-01	2.9143670892e+02
9.1085785456e+06	6.1404235678e-01	2.9330902211e+02
9.1085785456e+06	6.1395556296e-01	2.9520295770e+02
9.1085785456e+06	6.1386789488e-01	2.9711652137e+02
9.1085785456e+06	6.1377936376e-01	2.9904798064e+02
9.1085785456e+06	6.1368997589e-01	3.0099592536e+02
9.1085785456e+06	6.1359973305e-01	3.0295924638e+02
9.1085785456e+06	6.1350863326e-01	3.0493713426e+02
9.1085785456e+06	6.1341667130e-01	3.0692901716e+02
9.1085785456e+06	6.1332381215e-01	3.0893452456e+02
9.1085785456e+06	6.1323000931e-01	3.1095379912e+02
9.1085785456e+06	6.1313530243e-01	3.1298783312e+02
9.1085785456e+06	6.1303969333e-01	3.1503635399e+02
9.1085785456e+06	6.1294318006e-01	3.1709896375e+02
9.1085785456e+06	6.1284578170e-01	3.1917549191e+02
9.1085785456e+06	6.1274751139e-01	3.2126592636e+02
9.1085785456e+06	6.1264835298e-01	3.2337032966e+02
9.1085785456e+06	6.1254827581e-01	3.2551638590e+02
9.1085785456e+06	6.1244724352e-01	3.2767946826e+02
9.1085785456e+06	6.1234524914e-01	3.2985715334e+02
9.1085785456e+06	6.1224228621e-01	3.3204944807e+02
9.1085785456e+06	6.1213834918e-01	3.3425634075e+02
9.1085785456e+06	6.1203343313e-01	3.3647775622e+02
9.1085785456e+06	6.1192753369e-01	3.3871360747e+02
9.1085785456e+06	6.1182064693e-01	3.4096374594e+02
9.1085785456e+06	6.1171276906e-01	3.4322802421e+02
9.1085785456e+06	6.1160389660e-01	3.4550624022e+02
9.1085785456e+06	6.1149402578e-01	3.4779820131e+02
9.1085785456e+06	6.1138315261e-01	3.5010368484e+02
9.1085785456e+06	6.1126647504e-01	3.5242268784e+02
9.1085785456e+06	6.1114682648e-01	3.5475487172e+02
9.1085785456e+06	6.1102617117e-01	3.5710006882e+02
9.1085785456e+06	6.1090448655e-01	3.5945915357e+02
9.1085785456e+06	6.1078158677e-01	3.6184377615e+02
9.1085785456e+06	6.1065566157e-01	3.6438077239e+02
9.1085785456e+06	6.1057464073e-01	3.6814455502e+02
9.1085785456e+06	6.1057781289e-01	3.6967976935e+02
9.1085785456e+06	6.1058124486e-01	3.7121488745e+02
9.1085785456e+06	6.1058607774e-01	3.7251525814e+02
9.1085785456e+06	6.1059322099e-01	3.7357607774e+02
9.1085785456e+06	6.1060158409e-01	3.7444015170e+02
9.1085785456e+06	6.1061021859e-01	3.7517968256e+02
9.1085785456e+06	6.1061960260e-01	3.7587369794e+02
9.1085785456e+06	6.1062901835e-01	3.7652747669e+02
9.1085785456e+06	6.1063757632e-01	3.7713123430e+02
9.1085785456e+06	6.1064540114e-01	3.7769927873e+02
9.1085785456e+06	6.1065011710e-01	3.7816548911e+02
9.1085785456e+06	6.1064745290e-01	3.7840481062e+02
9.1085785456e+06	6.1062738531e-01	3.7811217938e+02
9.1085785456e+06	6.1056479394e-01	3.7653490412e+02
9.1085785456e+06	6.1039629566e-01	3.7183680206e+02
9.1085785456e+06	6.1011722582e-01	3.6402485491e+02
9.1085785456e+06	6.0965130456e-01	3.5164816584e+02
9.1085785456e+06	6.0887823142e-01	3.3276646610e+02
9.1085785456e+06	6.0766536678e-01	3.0549209478e+02
9.1085785456e+06	6.0576601152e-01	2.6830253586e+02
9.1085785456e+06	6.0305823836e-01	2.2816458384e+02
9.1085785456e+06	6.0097970501e-01	2.0387465864e+02
9.1085785456e+06	5.9929178737e-01	1.8796419688e+02
9.1085785456e+06	5.9797120923e-01	1.7754381681e+02
9.1085785456e+06	5.9596084309e-01	1.6320323332e+02
9.0708618654e+06	5.9292778366e-01	1.4902053778e+02
9.0708618654e+06	5.9144879744e-01	1.4835643361e+02
9.0708618654e+06	5.9139516087e-01	1.4912766012e+02
9.0708618654e+06	5.9134797521e-01	1.4982360701e+02
9.0708618654e+06	5.9130252778e-01	1.5044138037e+02
9.0708618654e+06	5.9125632780e-01	1.5101808084e+02
9.0708618654e+06	5.9120990181e-01	1.5157613644e+02
9.0708618654e+06	5.9116295695e-01	1.5212780161e+02
9.0708618654e+06	5.9111529845e-01	1.5268487231e+02
9.0708618654e+06	5.9106665697e-01	1.5325090079e+02
9.0708618654e+06	5.9101695796e-01	1.5382313465e+02
9.0708618654e+06	5.9096615531e-01	1.5440282909e+02
9.0708618654e+06	5.9091421902e-01	1.5499077134e+02
9.0708618654e+06	5.9086109260e-01	1.5558745539e+02
9.0708618654e+06	5.9080670917e-01	1.5619369326e+02
9.0708618654e+06	5.9075113814e-01	1.5681015472e+02
9.0708618654e+06	5.9069440389e-01	1.5743651966e+02
9.0708618654e+06	5.9063652550e-01	1.5807251687e+02
9.0708618654e+06	5.9057752422e-01	1.5871793060e+02
9.0708618654e+06	5.9051738364e-01	1.5937255014e+02
9.0708618654e+06	5.9045614045e-01	1.6003653202e+02
9.0708618654e+06	5.9039385301e-01	1.6070943412e+02
9.0708618654e+06	5.9033056396e-01	1.6139060362e+02
9.0708618654e+06	5.9026631426e-01	1.6207944470e+02
9.0708618654e+06	5.9020114434e-01	1.6277536641e+02
9.0708618654e+06	5.9013509727e-01	1.6347776708e+02
9.0708618654e+06	5.9006826605e-01	1.6418603246e+02
9.0708618654e+06	5.9000075887e-01	1.6490139856e+02
9.0708618654e+06	5.8993251984e-01	1.6563012233e+02
9.0708618654e+06	5.8986352918e-01	1.6636312305e+02
9.0708618654e+06	5.8979380815e-01	1.6709988210e+02
9.0708618654e+06	5.8972337255e-01	1.6783994094e+02
9.0708618654e+06	5.8965223226e-01	1.6858291209e+02
9.0708618654e+06	5.8958038859e-01	1.6932855344e+02
9.0708618654e+06	5.8950780782e-01	1.7007744597e+02
9.0708618654e+06	5.8943414118e-01	1.7083831988e+02
9.0708618654e+06	5.8935625751e-01	1.7170118548e+02
9.0708618654e+06	5.8936387109e-01	1.7279484866e+02
9.0708618654e+06	5.8937750251e-01	1.7320309196e+02
9.0708618654e+06	5.8939200818e-01	1.7355487164e+02
9.0708618654e+06	5.8940844157e-01	1.7385104174e+02
9.0708618654e+06	5.8942602444e-01	1.7410405079e+02
9.0708618654e+06	5.8944356842e-01	1.7432673383e+02
9.0708618654e+06	5.8946156672e-01	1.7453641813e+02
9.0708618654e+06	5.8947989318e-01	1.7473868699e+02
9.0708618654e+06	5.8949715213e-01	1.7492758917e+02
9.0708618654e+06	5.8951348386e-01	1.7510668149e+02
9.0708618654e+06	5.8952705648e-01	1.7526461165e+02
9.0708618654e+06	5.8953329479e-01	1.7537054458e+02
9.0708618654e+06	5.8952324978e-01	1.7536252693e+02
9.0708618654e+06	5.8947251115e-01	1.7507143728e+02
9.0708618654e+06	5.8932370444e-01	1.7410118631e+02
9.0708618654e+06	5.8907204430e-01	1.7240695005e+02
9.0708618654e+06	5.8866406150e-01	1.6963940570e+02
9.0708618654e+06	5.8801638793e-01	1.6527054783e+02
9.0708618654e+06	5.8699252110e-01	1.5887836018e+02
9.0708618654e+06	5.8532866744e-01	1.5055301814e+02
9.0708618654e+06	5.8262383394e-01	1.3946485650e+02
9.0708618654e+06	5.7953849554e-01	1.3022008281e+02
9.0708618654e+06	5.7717355443e-01	1.2490813606e+02
9.0708618654e+06	5.7559172299e-01	1.2072428577e+02
9.0235282007e+06	5.7252933608e-01	1.1821883453e+02
9.0235282007e+06	5.6367885954e-01	1.1879312300e+02
9.0235282007e+06	5.6364701173e-01	1.1907005063e+02
9.0235282007e+06	5.6361887022e-01	1.1928102929e+02
9.0235282007e+06	5.6359214765e-01	1.1946479170e+02
9.0235282007e+06	5.6356553280e-01	1.1963631946e+02
9.0235282007e+06	5.6353832881e-01	1.1980319509e+02
9.0235282007e+06	5.6351015184e-01	1.1996955634e+02
9.0235282007e+06	5.6348077970e-01	1.2013773591e+02
9.0235282007e+06	5.6345007511e-01	1.2030909820e+02
9.0235282007e+06	5.6341794591e-01	1.2048448986e+02
9.0235282007e+06	5.6338432434e-01	1.2066448468e+02
9.0235282007e+06	5.6334915641e-01	1.2084951690e+02
9.0235282007e+06	5.6331241065e-01	1.2103994791e+02
9.0235282007e+06	5.6327412795e-01	1.2123609706e+02
9.0235282007e+06	5.6323432607e-01	1.2143825619e+02
9.0235282007e+06	5.6319292711e-01	1.2165014049e+02
9.0235282007e+06	5.6314983967e-01	1.2186887389e+02
9.0235282007e+06	5.6310506326e-01	1.2209446811e+02
9.0235282007e+06	5.6305854199e-01	1.2232703539e+02
9.0235282007e+06	5.6301021149e-01	1.2256725120e+02
9.0235282007e+06	5.6296022884e-01	1.2281517300e+02
9.0235282007e+06	5.6290869454e-01	1.2307023920e+02
9.0235282007e+06	5.6285568775e-01	1.2333197182e+02
9.0235282007e+06	5.6280130020e-01	1.2360002347e+02
9.0235282007e+06	5.6274566509e-01	1.2387380938e+02
9.0235282007e+06	5.6268890959e-01	1.2415260338e+02
9.0235282007e+06	5.6263116142e-01	1.2443564251e+02
9.0235282007e+06	5.6257254645e-01	1.2472212563e+02
9.0235282007e+06	5.6251318480e-01	1.2501123133e+02
9.0235282007e+06	5.6245319608e-01	1.2530214407e+02
9.0235282007e+06	5.6238185954e-01	1.2559468858e+02
9.0235282007e+06	5.6231017375e-01	1.2589097551e+02
9.0235282007e+06	5.6223826437e-01	1.2618866756e+02
9.0235282007e+06	5.6216618164e-01	1.2648550611e+02
9.0235282007e+06	5.6209396259e-01	1.2678102973e+02
9.0235282007e+06	5.6202162536e-01	1.2707487785e+02
9.0235282007e+06	5.6194917122e-01	1.2736678805e+02
9.0235282007e+06	5.6187658672e-01	1.2765658967e+02
9.0235282007e+06	5.6180384607e-01	1.2794419568e+02
9.0235282007e+06	5.6173091325e-01	1.2822959268e+02
9.0235282007e+06	5.6165774420e-01	1.2851283170e+02
9.0235282007e+06	5.6158428802e-01	1.2879402249e+02
9.0235282007e+06	5.6151048505e-01	1.2907336435e+02
9.0235282007e+06	5.6143623040e-01	1.2935155950e+02
9.0235282007e+06	5.6136098925e-01	1.2963427557e+02
9.0235282007e+06	5.6128094771e-01	1.2997124032e+02
9.0235282007e+06	5.6131862517e-01	1.3025032926e+02
9.0235282007e+06	5.6133668851e-01	1.3038021831e+02
9.0235282007e+06	5.6135523704e-01	1.3049179489e+02
9.0235282007e+06	5.6137546123e-01	1.3058870708e+02
9.0235282007e+06	5.6139639369e-01	1.3067388506e+02
9.0235282007e+06	5.6141702772e-01	1.3075041898e+02
9.0235282007e+06	5.6143821253e-01	1.3082369213e+02
9.0235282007e+06	5.6145951667e-01	1.3089441679e+02
9.0235282007e+06	5.6147949940e-01	1.3096110289e+02
9.0235282007e+06	5.6149847509e-01	1.3102583489e+02
9.0235282007e+06	5.6151411540e-01	1.3108240531e+02
9.0235282007e+06	5.6152142238e-01	1.3111983033e+02
9.0235282007e+06	5.6151002747e-01	1.3111471140e+02
9.0235282007e+06	5.6145172802e-01	1.3100341552e+02
9.0235282007e+06	5.6127672044e-01	1.3063690445e+02
9.0235282007e+06	5.6098038447e-01	1.2999470671e+02
9.0235282007e+06	5.6050347836e-01	1.2892151751e+02
9.0235282007e+06	5.5975946560e-01	1.2711272070e+02
9.0235282007e+06	5.5855353650e-01	1.2419559867e+02
9.0235282007e+06	5.5647929664e-01	1.2077888946e+02
9.0235282007e+06	5.5303495598e-01	1.1735380460e+02
9.0235282007e+06	5.5073893784e-01	1.1436245374e+02
9.0235282007e+06	5.4767224048e-01	1.1219012063e+02
9.0235282007e+06	5.4331460666e-01	1.1069518115e+02
8.9909867800e+06	5.4137275463e-01	1.1056229177e+02
8.9909867800e+06	5.3269648339e-01	1.1170419251e+02
8.9909867800e+06	5.3262975076e-01	1.1183589895e+02
8.9909867800e+06	5.3257129214e-01	1.1193854365e+02
8.9909867800e+06	5.3251780723e-01	1.1203064613e+02
8.9909867800e+06	5.3246802480e-01	1.1211710081e+02
8.9909867800e+06	5.3242142946e-01	1.1219958626e+02
8.9909867800e+06	5.3237770934e-01	1.1227953168e+02
8.9909867800e+06	5.3233637708e-01	1.1235788204e+02
8.9909867800e+06	5.3229709238e-01	1.1243355254e+02
8.9909867800e+06	5.3225956493e-01	1.1250680770e+02
8.9909867800e+06	5.3222352398e-01	1.1257790410e+02
8.9909867800e+06	5.3218872077e-01	1.1264708866e+02
8.9909867800e+06	5.3215493103e-01	1.1271459068e+02
8.9909867800e+06	5.3212195411e-01	1.1278061790e+02
8.9909867800e+06	5.3208961273e-01	1.1284535170e+02
8.9909867800e+06	5.3205775092e-01	1.1290894672e+02
8.9909867800e+06	5.3202623164e-01	1.1297153194e+02
8.9909867800e+06	5.3199493412e-01	1.1303321403e+02
8.9909867800e+06	5.3196375112e-01	1.1309408189e+02
8.9909867800e+06	5.3193258772e-01	1.1315421122e+02
8.9909867800e+06	5.3190135684e-01	1.1321366773e+02
8.9909867800e+06	5.3186998306e-01	1.1327251308e+02
8.9909867800e+06	5.3183841727e-01	1.1333080815e+02
8.9909867800e+06	5.3180664225e-01	1.1338861108e+02
8.9909867800e+06	5.3177456954e-01	1.1344647325e+02
8.9909867800e+06	5.3174207438e-01	1.1350462691e+02
8.9909867800e+06	5.3170909250e-01	1.1356248950e+02
8.9909867800e+06	5.3167556687e-01	1.1362012901e+02
8.9909867800e+06	5.3164144284e-01	1.1367761423e+02
8.9909867800e+06	5.3160666799e-01	1.1373501422e+02
8.9909867800e+06	5.3157119190e-01	1.1379239832e+02
8.9909867800e+06	5.3153496591e-01	1.1384983561e+02
8.9909867800e+06	5.3149794284e-01	1.1390739513e+02
8.9909867800e+06	5.3146007696e-01	1.1396514550e+02
8.9909867800e+06	5.3142132342e-01	1.1402315581e+02
8.9909867800e+06	5.3138163824e-01	1.1408149523e+02
8.9909867800e+06	5.3134097798e-01	1.1414023359e+02
8.9909867800e+06	5.3129929944e-01	1.1419944179e+02
8.9909867800e+06	5.3125655961e-01	1.1425919214e+02
8.9909867800e+06	5.3121271513e-01	1.1431955905e+02
8.9909867800e+06	5.3116772220e-01	1.1438061935e+02
8.9909867800e+06	5.3112153633e-01	1.1444245291e+02
8.9909867800e+06	5.3107411199e-01	1.1450514356e+02
8.9909867800e+06	5.3102540246e-01	1.1456877930e+02
8.9909867800e+06	5.3097535946e-01	1.1463345333e+02
8.9909867800e+06	5.3092393303e-01	1.1469926442e+02
8.9909867800e+06	5.3087107186e-01	1.1476631833e+02
8.9909867800e+06	5.3081675662e-01	1.1483472593e+02
8.9909867800e+06	5.3076105007e-01	1.1490519176e+02
8.9909867800e+06	5.3070380946e-01	1.1497888039e+02
8.9909867800e+06	5.3064490345e-01	1.1505439025e+02
8.9909867800e+06	5.3058426625e-01	1.1513187983e+02
8.9909867800e+06	5.3052182871e-01	1.1521152007e+02
8.9909867800e+06	5.3045751814e-01	1.1529349578e+02
8.9909867800e+06	5.3039125829e-01	1.1537800605e+02
8.9909867800e+06	5.3032296954e-01	1.1546526500e+02
8.9909867800e+06	5.3025256916e-01	1.1555550246e+02
8.9909867800e+06	5.3017997193e-01	1.1564896326e+02
8.9909867800e+06	5.3010509070e-01	1.1574590796e+02
8.9909867800e+06	5.3002783370e-01	1.1584662916e+02
8.9909867800e+06	5.2994806149e-01	1.1595164795e+02
8.9909867800e+06	5.2986512104e-01	1.1606388948e+02
8.9909867800e+06	5.2978517563e-01	1.1620504602e+02
8.9909867800e+06	5.2982577155e-01	1.1629060299e+02
8.9909867800e+06	5.2984484842e-01	1.1633868081e+02
8.9909867800e+06	5.2986408307e-01	1.1638105083e+02
8.9909867800e+06	5.2988473186e-01	1.1641992468e+02
8.9909867800e+06	5.2990565298e-01	1.1645570146e+02
8.9909867800e+06	5.2992602013e-01	1.1648905462e+02
8.9909867800e+06	5.2994691894e-01	1.1652205816e+02
8.9909867800e+06	5.2996753874e-01	1.1655439813e+02
8.9909867800e+06	5.2998671197e-01	1.1658520243e+02
8.9909867800e+06	5.3000494992e-01	1.1661514344e+02
8.9909867800e+06	5.3001908629e-01	1.1664094461e+02
8.9909867800e+06	5.3002390551e-01	1.1665694285e+02
8.9909867800e+06	5.3000693274e-01	1.1664955209e+02
8.9909867800e+06	5.2993522959e-01	1.1658474903e+02
8.9909867800e+06	5.2976924767e-01	1.1642841522e+02
8.9909867800e+06	5.2948269762e-01	1.1618020048e+02
8.9909867800e+06	5.2899803398e-01	1.1582674915e+02
8.9909867800e+06	5.2818265260e-01	1.1536468064e+02
8.9909867800e+06	5.2683102788e-01	1.1480197255e+02
8.9909867800e+06	5.2465868380e-01	1.1408117256e+02
8.9909867800e+06	5.2184643372e-01	1.1276521188e+02
8.9909867800e+06	5.2046832466e-01	1.1173368141e+02
8.9909867800e+06	5.1897602311e-01	1.1142330235e+02
8.9909867800e+06	5.1769056415e-01	1.1128747172e+02
8.9909867800e+06	5.1559509104e-01	1.1113957029e+02
8.9909867800e+06	5.1232677199e-01	1.1098215140e+02
8.9909867800e+06	5.0886072159e-01	1.1067351347e+02
8.9909867800e+06	5.0855225153e-01	1.1029211422e+02
8.9765936075e+06	5.0807035773e-01	1.1065113696e+02
8.9765936075e+06	5.1112362887e-01	1.0988020298e+02
8.9765936075e+06	5.1106167240e-01	1.0991432828e+02
8.9765936075e+06	5.1096942671e-01	1.0995547432e+02
8.9765936075e+06	5.1084745050e-01	1.1000985092e+02
8.9765936075e+06	5.1070425868e-01	1.1007683507e+02
8.9765936075e+06	5.1056282545e-01	1.1015223077e+02
8.9765936075e+06	5.1044052036e-01	1.1022659523e+02
8.9765936075e+06	5.1034218934e-01	1.1029332617e+02
8.9765936075e+06	5.1026436806e-01	1.1035093412e+02
8.9765936075e+06	5.1020201125e-01	1.1040054127e+02
8.9765936075e+06	5.1015106349e-01	1.1044405136e+02
8.9765936075e+06	5.1010836308e-01	1.1048374201e+02
8.9765936075e+06	5.1007170222e-01	1.1051960461e+02
8.9765936075e+06	5.1003961763e-01	1.1055246390e+02
8.9765936075e+06	5.1001104941e-01	1.1058292452e+02
8.9765936075e+06	5.0998520831e-01	1.1061143778e+02
8.9765936075e+06	5.0996149127e-01	1.1063834819e+02
8.9765936075e+06	5.0993942695e-01	1.1066392427e+02
8.9765936075e+06	5.0991863973e-01	1.1068837934e+02
8.9765936075e+06	5.0989882491e-01	1.1071188607e+02
8.9765936075e+06	5.0987973178e-01	1.1073458609e+02
8.9765936075e+06	5.0986115129e-01	1.1075659720e+02
8.9765936075e+06	5.0984290700e-01	1.1077801838e+02
8.9765936075e+06	5.0982484865e-01	1.1079893392e+02
8.9765936075e+06	5.0980685551e-01	1.1081941525e+02
8.9765936075e+06	5.0978887669e-01	1.1083952057e+02
8.9765936075e+06	5.0977079301e-01	1.1085953248e+02
8.9765936075e+06	5.0975246764e-01	1.1087938562e+02
8.9765936075e+06	5.0973382450e-01	1.1089900848e+02
8.9765936075e+06	5.0971479580e-01	1.1091843844e+02
8.9765936075e+06	5.0969532076e-01	1.1093770877e+02
8.9765936075e+06	5.0967534459e-01	1.1095684925e+02
8.9765936075e+06	5.0965481757e-01	1.1097588657e+02
8.9765936075e+06	5.0963369439e-01	1.1099484498e+02
8.9765936075e+06	5.0961193356e-01	1.1101374638e+02
8.9765936075e+06	5.0958949685e-01	1.1103261077e+02
8.9765936075e+06	5.0956634888e-01	1.1105145644e+02
8.9765936075e+06	5.0954245677e-01	1.1107030025e+02
8.9765936075e+06	5.0951778975e-01	1.1108915776e+02
8.9765936075e+06	5.0949231893e-01	1.1110804354e+02
8.9765936075e+06	5.0946601706e-01	1.1112697114e+02
8.9765936075e+06	5.0943885830e-01	1.1114595330e+02
8.9765936075e+06	5.0941081799e-01	1.1116500210e+02
8.9765936075e+06	5.0938187256e-01	1.1118412899e+02
8.9765936075e+06	5.0935199929e-01	1.1120334496e+02
8.9765936075e+06	5.0932117622e-01	1.1122266071e+02
8.9765936075e+06	5.0928938199e-01	1.1124208655e+02
8.9765936075e+06	5.0925659576e-01	1.1126163259e+02
8.9765936075e+06	5.0922279688e-01	1.1128130910e+02
8.9765936075e+06	5.0918796299e-01	1.1130112907e+02
8.9765936075e+06	5.0915205109e-01	1.1132113578e+02
8.9765936075e+06	5.0911480334e-01	1.1134169319e+02
8.9765936075e+06	5.0907446349e-01	1.1136592799e+02
8.9765936075e+06	5.0913743575e-01	1.1137897232e+02
8.9765936075e+06	5.0916704722e-01	1.1138500458e+02
8.9765936075e+06	5.0919634470e-01	1.1139006359e+02
8.9765936075e+06	5.0922701050e-01	1.1139444145e+02
8.9765936075e+06	5.0925775158e-01	1.1139828505e+02
8.9765936075e+06	5.0928768534e-01	1.1140175405e+02
8.9765936075e+06	5.0931831158e-01	1.1140509008e+02
8.9765936075e+06	5.0934860299e-01	1.1140829486e+02
8.9765936075e+06	5.0937714508e-01	1.1141132613e+02
8.9765936075e+06	5.0940466010e-01	1.1141425874e+02
8.9765936075e+06	5.0942702769e-01	1.1141683663e+02
8.9765936075e+06	5.0943763742e-01	1.1141862564e+02
8.9765936075e+06	5.0942042110e-01	1.1141854638e+02
8.9765936075e+06	5.0933344554e-01	1.1141383651e+02
8.9765936075e+06	5.0916787709e-01	1.1140378819e+02
8.9765936075e+06	5.0888626433e-01	1.1138651441e+02
8.9765936075e+06	5.0842295238e-01	1.1136055582e+02
8.9765936075e+06	5.0767192788e-01	1.1132091673e+02
8.9765936075e+06	5.0646632327e-01	1.1125917776e+02
8.9765936075e+06	5.0461045905e-01	1.1115052848e+02
8.9765936075e+06	5.0270136532e-01	1.1079010998e+02
8.9765936075e+06	5.0248692614e-01	1.1043744075e+02
8.9765936075e+06	5.0189294661e-01	1.1037137874e+02
8.9765936075e+06	5.0069044748e-01	1.1035401866e+02
8.9765936075e+06	4.9858856446e-01	1.1038923720e+02
8.9765936075e+06	4.9517076665e-01	1.1049118753e+02
8.9765936075e+06	4.9002540756e-01	1.1068231044e+02
8.9765936075e+06	4.8609876143e-01	1.1084190583e+02
8.9765936075e+06	4.8340308821e-01	1.1090251027e+02
8.9765936075e+06	4.8363018701e-01	1.1086220609e+02
8.9765936075e+06	4.8387436862e-01	1.1084603558e+02
8.9765936075e+06	4.8402274915e-01	1.1078383613e+02
8.9378478775e+06	4.8421741385e-01	1.1208478515e+02
8.9378478775e+06	4.7855298994e-01	1.1222934666e+02
8.9378478775e+06	4.7794642014e-01	1.1226464421e+02
8.9378478775e+06	4.7740070479e-01	1.1240860226e+02
8.9378478775e+06	4.7698304885e-01	1.1255427166e+02
8.9378478775e+06	4.7694283497e-01	1.1256911406e+02
8.9378478775e+06	4.7691908352e-01	1.1257659340e+02
8.9378478775e+06	4.7689738745e-01	1.1258304570e+02
8.9378478775e+06	4.7687595820e-01	1.1258928339e+02
8.9378478775e+06	4.7685442770e-01	1.1259539378e+02
8.9378478775e+06	4.7683264675e-01	1.1260141770e+02
8.9378478775e+06	4.7681051175e-01	1.1260737818e+02
8.9378478775e+06	4.7678793692e-01	1.1261329317e+02
8.9378478775e+06	4.7676484828e-01	1.1261917792e+02
8.9378478775e+06	4.7674118111e-01	1.1262504559e+02
8.9378478775e+06	4.7671687829e-01	1.1263090768e+02
8.9378478775e+06	4.7669188899e-01	1.1263677427e+02
8.9378478775e+06	4.7666616776e-01	1.1264265427e+02
8.9378478775e+06	4.7663967354e-01	1.1264855563e+02
8.9378478775e+06	4.7661236888e-01	1.1265448553e+02
8.9378478775e+06	4.7658421727e-01	1.1266045145e+02
8.9378478775e+06	4.7655516065e-01	1.1266647134e+02
8.9378478775e+06	4.7652490357e-01	1.1267267430e+02
8.9378478775e+06	4.7652186566e-01	1.1267780848e+02
8.9378478775e+06	4.7656966183e-01	1.1267668445e+02
8.9378478775e+06	4.7660302956e-01	1.1267589948e+02
8.9378478775e+06	4.7663583578e-01	1.1267500038e+02
8.9378478775e+06	4.7666995986e-01	1.1267394181e+02
8.9378478775e+06	4.7670399902e-01	1.1267281171e+02
8.9378478775e+06	4.7673710822e-01	1.1267167403e+02
8.9378478775e+06	4.7677098713e-01	1.1267047613e+02
8.9378478775e+06	4.7680442930e-01	1.1266927898e+02
8.9378478775e+06	4.7683599040e-01	1.1266815122e+02
8.9378478775e+06	4.7686650900e-01	1.1266706095e+02
8.9378478775e+06	4.7689137205e-01	1.1266620671e+02
8.9378478775e+06	4.7690346652e-01	1.1266589110e+02
8.9378478775e+06	4.7688495238e-01	1.1266686816e+02
8.9378478775e+06	4.7678969254e-01	1.1267109127e+02
8.9378478775e+06	4.7660839208e-01	1.1267890066e+02
8.9378478775e+06	4.7630043974e-01	1.1269203615e+02
8.9378478775e+06	4.7579468589e-01	1.1271345437e+02
8.9378478775e+06	4.7497878332e-01	1.1274744587e+02
8.9378478775e+06	4.7369132572e-01	1.1279737132e+02
8.9378478775e+06	4.7229529114e-01	1.1278359280e+02
8.9378478775e+06	4.7256432294e-01	1.1276521228e+02
8.9378478775e+06	4.7287491677e-01	1.1269484054e+02
8.9378478775e+06	4.7309021957e-01	1.1261347105e+02
8.9378478775e+06	4.7308887341e-01	1.1256963232e+02
8.9378478775e+06	4.7259471881e-01	1.1259354230e+02
8.9378478775e+06	4.7175961733e-01	1.1263888444e+02
8.9378478775e+06	4.7037568637e-01	1.1271901430e+02
8.9378478775e+06	4.6822410219e-01	1.1284849220e+02
8.9378478775e+06	4.6480254059e-01	1.1306019815e+02
8.9378478775e+06	4.5985711518e-01	1.1337385839e+02
8.9378478775e+06	4.5506298457e-01	1.1368501324e+02
8.9378478775e+06	4.5040991326e-01	1.1399278537e+02
8.8938251466e+06	4.4595613309e-01	1.1595189014e+02
8.8938251466e+06	4.3310921801e-01	1.1737792787e+02
8.8938251466e+06	4.3305962756e-01	1.1739190927e+02
8.8938251466e+06	4.3307408169e-01	1.1739107406e+02
8.8938251466e+06	4.3309290322e-01	1.1738988557e+02
8.8938251466e+06	4.3309836883e-01	1.1738920031e+02
8.8938251466e+06	4.3309999841e-01	1.1738929212e+02
8.8938251466e+06	4.3309802114e-01	1.1738995259e+02
8.8938251466e+06	4.3309425519e-01	1.1739084360e+02
8.8938251466e+06	4.3308942251e-01	1.1739184463e+02
8.8938251466e+06	4.3308373111e-01	1.1739291579e+02
8.8938251466e+06	4.3307722509e-01	1.1739404826e+02
8.8938251466e+06	4.3306990236e-01	1.1739524109e+02
8.8938251466e+06	4.3306174887e-01	1.1739649543e+02
8.8938251466e+06	4.3305274830e-01	1.1739781289e+02
8.8938251466e+06	4.3304288472e-01	1.1739919507e+02
8.8938251466e+06	4.3303214298e-01	1.1740064349e+02
8.8938251466e+06	4.3302050891e-01	1.1740215957e+02
8.8938251466e+06	4.3300796915e-01	1.1740374463e+02
8.8938251466e+06	4.3299451107e-01	1.1740539988e+02
8.8938251466e+06	4.3298012266e-01	1.1740712647e+02
8.8938251466e+06	4.3296479249e-01	1.1740892549e+02
8.8938251466e+06	4.3294850958e-01	1.1741079795e+02
8.8938251466e+06	4.3293126337e-01	1.1741274481e+02
8.8938251466e+06	4.3291304365e-01	1.1741476701e+02
8.8938251466e+06	4.3289384051e-01	1.1741686543e+02
8.8938251466e+06	4.3287364430e-01	1.1741904091e+02
8.8938251466e+06	4.3285244559e-01	1.1742129428e+02
8.8938251466e+06	4.3283023512e-01	1.1742362634e+02
8.8938251466e+06	4.3280700380e-01	1.1742603786e+02
8.8938251466e+06	4.3278274264e-01	1.1742852960e+02
8.8938251466e+06	4.3275744278e-01	1.1743110231e+02
8.8938251466e+06	4.3273109542e-01	1.1743375671e+02
8.8938251466e+06	4.3270369182e-01	1.1743649353e+02
8.8938251466e+06	4.3267522329e-01	1.1743931347e+02
8.8938251466e+06	4.3264568115e-01	1.1744221726e+02
8.8938251466e+06	4.3261505677e-01	1.1744520557e+02
8.8938251466e+06	4.3258332399e-01	1.1744828045e+02
8.8938251466e+06	4.3255045346e-01	1.1745145489e+02
8.8938251466e+06	4.3251647461e-01	1.1745471648e+02
8.8938251466e+06	4.3248137722e-01	1.1745806578e+02
8.8938251466e+06	4.3244513705e-01	1.1746150619e+02
8.8938251466e+06	4.3240759306e-01	1.1746506547e+02
8.8938251466e+06	4.3239707188e-01	1.1746669415e+02
8.8938251466e+06	4.3244518096e-01	1.1746343103e+02
8.8938251466e+06	4.3247506502e-01	1.1746142619e+02
8.8938251466e+06	4.3250411078e-01	1.1745946178e+02
8.8938251466e+06	4.3253047371e-01	1.1745769814e+02
8.8938251466e+06	4.3255550560e-01	1.1745602170e+02
8.8938251466e+06	4.3257986278e-01	1.1745438502e+02
8.8938251466e+06	4.3261656137e-01	1.1745180621e+02
8.8938251466e+06	4.3265160192e-01	1.1744934404e+02
8.8938251466e+06	4.3268479709e-01	1.1744701257e+02
8.8938251466e+06	4.3271580009e-01	1.1744483650e+02
8.8938251466e+06	4.3273784244e-01	1.1744329800e+02
8.8938251466e+06	4.3274049525e-01	1.1744313833e+02
8.8938251466e+06	4.3269294328e-01	1.1744654932e+02
8.8938251466e+06	4.3258484817e-01	1.1745426131e+02
8.8938251466e+06	4.3239235422e-01	1.1746798142e+02
8.8938251466e+06	4.3206921965e-01	1.1749102109e+02
8.8938251466e+06	4.3153976715e-01	1.1752881930e+02
8.8938251466e+06	4.3068316533e-01	1.1759014408e+02
8.8938251466e+06	4.2930915302e-01	1.1768891016e+02
8.8938251466e+06	4.2712304608e-01	1.1784681026e+02
8.8938251466e+06	4.2374126661e-01	1.1809020104e+02
8.8938251466e+06	4.2326991475e-01	1.1812120022e+02
8.8938251466e+06	4.2349039949e-01	1.1811406783e+02
8.8938251466e+06	4.2375339507e-01	1.1810498752e+02
8.8938251466e+06	4.2402618154e-01	1.1806808430e+02
8.8938251466e+06	4.2412148178e-01	1.1803631617e+02
8.8938251466e+06	4.2421558361e-01	1.1801218172e+02
8.8938251466e+06	4.2422588115e-01	1.1800470536e+02
8.8938251466e+06	4.2413093648e-01	1.1801185379e+02
8.8938251466e+06	4.2397904543e-01	1.1802329455e+02
8.8938251466e+06	4.2373596439e-01	1.1804161619e+02
8.8938251466e+06	4.2334701168e-01	1.1807096171e+02
8.8938251466e+06	4.2272502379e-01	1.1811795676e+02
8.8938251466e+06	4.2173136519e-01	1.1819319531e+02
8.8938251466e+06	4.2014757126e-01	1.1831346685e+02
8.8938251466e+06	4.1763314013e-01	1.1850520772e+02
8.8938251466e+06	4.1398956863e-01	1.1878472344e+02
8.8825039813e+06	4.1041046672e-01	1.1951145197e+02
8.8825039813e+06	4.1354450837e-01	1.1869086823e+02
8.8825039813e+06	4.1359265736e-01	1.1868721929e+02
8.8825039813e+06	4.1363991334e-01	1.1868358963e+02
8.8825039813e+06	4.1368633237e-01	1.1868001257e+02
8.8825039813e+06	4.1373191890e-01	1.1867649626e+02
8.8825039813e+06	4.1377666925e-01	1.1867304336e+02
8.8825039813e+06	4.1382057808e-01	1.1866965526e+02
8.8825039813e+06	4.1386363839e-01	1.1866633261e+02
8.8825039813e+06	4.1390584310e-01	1.1866307595e+02
8.8825039813e+06	4.1394718484e-01	1.1865988581e+02
8.8825039813e+06	4.1398765616e-01	1.1865676272e+02
8.8825039813e+06	4.1402724920e-01	1.1865370725e+02
8.8825039813e+06	4.1406595591e-01	1.1865072000e+02
8.8825039813e+06	4.1410376815e-01	1.1864780156e+02
8.8825039813e+06	4.1414067824e-01	1.1864495315e+02
8.8825039813e+06	4.1417667821e-01	1.1864217613e+02
8.8825039813e+06	4.1421175885e-01	1.1863947119e+02
8.8825039813e+06	4.1424591043e-01	1.1863683891e+02
8.8825039813e+06	4.1427912287e-01	1.1863427994e+02
8.8825039813e+06	4.1431138578e-01	1.1863179501e+02
8.8825039813e+06	4.1434268859e-01	1.1862938493e+02
8.8825039813e+06	4.1437302013e-01	1.1862705060e+02
8.8825039813e+06	4.1440236888e-01	1.1862479292e+02
8.8825039813e+06	4.1443072279e-01	1.1862261288e+02
8.8825039813e+06	4.1445806917e-01	1.1862051152e+02
8.8825039813e+06	4.1448439478e-01	1.1861848990e+02
8.8825039813e+06	4.1450968570e-01	1.1861654917e+02
8.8825039813e+06	4.1453392728e-01	1.1861469053e+02
8.8825039813e+06	4.1455710410e-01	1.1861291526e+02
8.8825039813e+06	4.1457919985e-01	1.1861122470e+02
8.8825039813e+06	4.1460019732e-01	1.1860962029e+02
8.8825039813e+06	4.1462007825e-01	1.1860810354e+02
8.8825039813e+06	4.1463882329e-01	1.1860667606e+02
8.8825039813e+06	4.1465641191e-01	1.1860533958e+02
8.8825039813e+06	4.1467282223e-01	1.1860409593e+02
8.8825039813e+06	4.1468803099e-01	1.1860294706e+02
8.8825039813e+06	4.1468858877e-01	1.1860292979e+02
8.8825039813e+06	4.1468760431e-01	1.1860303392e+02
8.8825039813e+06	4.1468535924e-01	1.1860323798e+02
8.8825039813e+06	4.1468182425e-01	1.1860354446e+02
8.8825039813e+06	4.1467696794e-01	1.1860395605e+02
8.8825039813e+06	4.1467075663e-01	1.1860447566e+02
8.8825039813e+06	4.1466315423e-01	1.1860510637e+02
8.8825039813e+06	4.1465412199e-01	1.1860585155e+02
8.8825039813e+06	4.1464361818e-01	1.1860671479e+02
8.8825039813e+06	4.1463159656e-01	1.1860770009e+02
8.8825039813e+06	4.1461799016e-01	1.1860881332e+02
8.8825039813e+06	4.1460252074e-01	1.1861007898e+02
8.8825039813e+06	4.1460039841e-01	1.1861035577e+02
8.8825039813e+06	4.1465978356e-01	1.1860589484e+02
8.8825039813e+06	4.1468831480e-01	1.1860383978e+02
8.8825039813e+06	4.1470578043e-01	1.1860274954e+02
8.8825039813e+06	4.1469722018e-01	1.1860391620e+02
8.8825039813e+06	4.1465258605e-01	1.1860825986e+02
8.8825039813e+06	4.1457440629e-01	1.1861559452e+02
8.8825039813e+06	4.1449708180e-01	1.1862288507e+02
8.8825039813e+06	4.1448630424e-01	1.1862422454e+02
8.8825039813e+06	4.1451052505e-01	1.1862243103e+02
8.8825039813e+06	4.1454253108e-01	1.1862000439e+02
8.8825039813e+06	4.1456581204e-01	1.1861823813e+02
8.8825039813e+06	4.1456989776e-01	1.1861792730e+02
8.8825039813e+06	4.1452371823e-01	1.1862142965e+02
8.8825039813e+06	4.1441681250e-01	1.1862954082e+02
8.8825039813e+06	4.1422565465e-01	1.1864404935e+02
8.8825039813e+06	4.1390414753e-01	1.1866846461e+02
8.8825039813e+06	4.1337678946e-01	1.1870854731e+02
8.8825039813e+06	4.1252290030e-01	1.1877353884e+02
8.8825039813e+06	4.1107391612e-01	1.1888416751e+02
8.8825039813e+06	4.0870683192e-01	1.1906560831e+02
8.8825039813e+06	4.0496814414e-01	1.1935381241e+02
8.8825039813e+06	4.0129982242e-01	1.1963850358e+02
8.8825039813e+06	3.9770294714e-01	1.1991946524e+02
8.8825039813e+06	3.9417704953e-01	1.2019660257e+02
8.8592039181e+06	3.9071518147e-01	1.2142576446e+02
8.8592039181e+06	3.8608584905e-01	1.2200950211e+02
8.8592039181e+06	3.8593162981e-01	1.2202456674e+02
8.8592039181e+06	3.8595497739e-01	1.2202265857e+02
8.8592039181e+06	3.8597737902e-01	1.2202082460e+02
8.8592039181e+06	3.8599882320e-01	1.2201906975e+02
8.8592039181e+06	3.8601930182e-01	1.2201739465e+02
8.8592039181e+06	3.8603880650e-01	1.2201579999e+02
8.8592039181e+06	3.8605732850e-01	1.2201428646e+02
8.8592039181e+06	3.8607485868e-01	1.2201285477e+02
8.8592039181e+06	3.8609138745e-01	1.2201150571e+02
8.8592039181e+06	3.8610690470e-01	1.2201024005e+02
8.8592039181e+06	3.8612139981e-01	1.2200905865e+02
8.8592039181e+06	3.8613486157e-01	1.2200796238e+02
8.8592039181e+06	3.8614727805e-01	1.2200695219e+02
8.8592039181e+06	3.8615863658e-01	1.2200602907e+02
8.8592039181e+06	3.8616892369e-01	1.2200519406e+02
8.8592039181e+06	3.8617812495e-01	1.2200444830e+02
8.8592039181e+06	3.8618622494e-01	1.2200379299e+02
8.8592039181e+06	3.8619320709e-01	1.2200322940e+02
8.8592039181e+06	3.8619905363e-01	1.2200275892e+02
8.8592039181e+06	3.8620374538e-01	1.2200238302e+02
8.8592039181e+06	3.8620726169e-01	1.2200210329e+02
8.8592039181e+06	3.8620958027e-01	1.2200192145e+02
8.8592039181e+06	3.8621067707e-01	1.2200183934e+02
8.8592039181e+06	3.8621052611e-01	1.2200185895e+02
8.8592039181e+06	3.8620909938e-01	1.2200198242e+02
8.8592039181e+06	3.8620636708e-01	1.2200221201e+02
8.8592039181e+06	3.8620230059e-01	1.2200254989e+02
8.8592039181e+06	3.8619689472e-01	1.2200299627e+02
8.8592039181e+06	3.8622826344e-01	1.2200041006e+02
8.8592039181e+06	3.8628831870e-01	1.2199545973e+02
8.8592039181e+06	3.8633465734e-01	1.2199163702e+02
8.8592039181e+06	3.8637919311e-01	1.2198795701e+02
8.8592039181e+06	3.8642409381e-01	1.2198423476e+02
8.8592039181e+06	3.8646666046e-01	1.2198068787e+02
8.8592039181e+06	3.8650733211e-01	1.2197728633e+02
8.8592039181e+06	3.8655127493e-01	1.2197361516e+02
8.8592039181e+06	3.8659647732e-01	1.2196982728e+02
8.8592039181e+06	3.8664141918e-01	1.2196600587e+02
8.8592039181e+06	3.8667022834e-01	1.2196357419e+02
8.8592039181e+06	3.8668319152e-01	1.2196252498e+02
8.8592039181e+06	3.8667155623e-01	1.2196347758e+02
8.8592039181e+06	3.8661106351e-01	1.2196840964e+02
8.8592039181e+06	3.8649014618e-01	1.2197826726e+02
8.8592039181e+06	3.8628362174e-01	1.2199510474e+02
8.8592039181e+06	3.8594110755e-01	1.2202304135e+02
8.8592039181e+06	3.8537900289e-01	1.2206892789e+02
8.8592039181e+06	3.8446852757e-01	1.2214335313e+02
8.8592039181e+06	3.8300575688e-01	1.2226318148e+02
8.8592039181e+06	3.8067081193e-01	1.2245511470e+02
8.8592039181e+06	3.7728976558e-01	1.2273444118e+02
8.8592039181e+06	3.7396728081e-01	1.2301054615e+02
8.8592039181e+06	3.7070147326e-01	1.2328349311e+02
8.8592039181e+06	3.6749240657e-01	1.2355319565e+02
8.8368740928e+06	3.6433837333e-01	1.2477435436e+02
8.8368740928e+06	3.6345904673e-01	1.2463654159e+02
8.8368740928e+06	3.6350623367e-01	1.2463250560e+02
8.8368740928e+06	3.6355258091e-01	1.2462850996e+02
8.8368740928e+06	3.6359807079e-01	1.2462458358e+02
8.8368740928e+06	3.6364269474e-01	1.2462073210e+02
8.8368740928e+06	3.6368644540e-01	1.2461695624e+02
8.8368740928e+06	3.6372931519e-01	1.2461325662e+02
8.8368740928e+06	3.6377129669e-01	1.2460963385e+02
8.8368740928e+06	3.6381238208e-01	1.2460608858e+02
8.8368740928e+06	3.6385256330e-01	1.2460262146e+02
8.8368740928e+06	3.6389183213e-01	1.2459923318e+02
8.8368740928e+06	3.6393017983e-01	1.2459592445e+02
8.8368740928e+06	3.6396759761e-01	1.2459269599e+02
8.8368740928e+06	3.6400407629e-01	1.2458954855e+02
8.8368740928e+06	3.6403960641e-01	1.2458648291e+02
8.8368740928e+06	3.6407417799e-01	1.2458349989e+02
8.8368740928e+06	3.6410778083e-01	1.2458060032e+02
8.8368740928e+06	3.6414040424e-01	1.2457778508e+02
8.8368740928e+06	3.6417203710e-01	1.2457505508e+02
8.8368740928e+06	3.6420266778e-01	1.2457241125e+02
8.8368740928e+06	3.6423228422e-01	1.2456985460e+02
8.8368740928e+06	3.6426087359e-01	1.2456738616e+02
8.8368740928e+06	3.6428842263e-01	1.2456500701e+02
8.8368740928e+06	3.6431491739e-01	1.2456271829e+02
8.8368740928e+06	3.6434034319e-01	1.2456052119e+02
8.8368740928e+06	3.6436468460e-01	1.2455841696e+02
8.8368740928e+06	3.6438792536e-01	1.2455640692e+02
8.8368740928e+06	3.6441004837e-01	1.2455449245e+02
8.8368740928e+06	3.6443103557e-01	1.2455267501e+02
8.8368740928e+06	3.6445086476e-01	1.2455096270e+02
8.8368740928e+06	3.6446950805e-01	1.2454936233e+02
8.8368740928e+06	3.6448694241e-01	1.2454786838e+02
8.8368740928e+06	3.6450314227e-01	1.2454648249e+02
8.8368740928e+06	3.6451808009e-01	1.2454520716e+02
8.8368740928e+06	3.6453172616e-01	1.2454404509e+02
8.8368740928e+06	3.6454404853e-01	1.2454299922e+02
8.8368740928e+06	3.6455501273e-01	1.2454207270e+02
8.8368740928e+06	3.6456458158e-01	1.2454126896e+02
8.8368740928e+06	3.6457271501e-01	1.2454059168e+02
8.8368740928e+06	3.6457936956e-01	1.2454004485e+02
8.8368740928e+06	3.6458449762e-01	1.2453963287e+02
8.8368740928e+06	3.6458804809e-01	1.2453936043e+02
8.8368740928e+06	3.6458996609e-01	1.2453923260e+02
8.8368740928e+06	3.6459019141e-01	1.2453925495e+02
8.8368740928e+06	3.6458864641e-01	1.2453943467e+02
8.8368740928e+06	3.6458508943e-01	1.2453979440e+02
8.8368740928e+06	3.6457725010e-01	1.2454054699e+02
8.8368740928e+06	3.6466364000e-01	1.2453319767e+02
8.8368740928e+06	3.6469793993e-01	1.2453034716e+02
8.8368740928e+06	3.6471992142e-01	1.2452863929e+02
8.8368740928e+06	3.6472205169e-01	1.2452879762e+02
8.8368740928e+06	3.6469539389e-01	1.2453163316e+02
8.8368740928e+06	3.6465195983e-01	1.2453601601e+02
8.8368740928e+06	3.6463504521e-01	1.2453793147e+02
8.8368740928e+06	3.6466512002e-01	1.2453545680e+02
8.8368740928e+06	3.6470511620e-01	1.2453203827e+02
8.8368740928e+06	3.6474294866e-01	1.2452880012e+02
8.8368740928e+06	3.6476918393e-01	1.2452655209e+02
8.8368740928e+06	3.6476899303e-01	1.2452656063e+02
8.8368740928e+06	3.6472214743e-01	1.2453055532e+02
8.8368740928e+06	3.6461852288e-01	1.2453940199e+02
8.8368740928e+06	3.6443031445e-01	1.2455548018e+02
8.8368740928e+06	3.6410709202e-01	1.2458311233e+02
8.8368740928e+06	3.6358063840e-01	1.2462815129e+02
8.8368740928e+06	3.6273137477e-01	1.2470089463e+02
8.8368740928e+06	3.6136971990e-01	1.2481775767e+02
8.8368740928e+06	3.5920261298e-01	1.2500432881e+02
8.8368740928e+06	3.5607283849e-01	1.2527503569e+02
8.8368740928e+06	3.5299320223e-01	1.2554286248e+02
8.8368740928e+06	3.4996402932e-01	1.2580770594e+02
8.8368740928e+06	3.4698412532e-01	1.2606959707e+02
8.8183145127e+06	3.4405681993e-01	1.2714854539e+02
8.8183145127e+06	3.4034221065e-01	1.2742497992e+02
8.8183145127e+06	3.4037907430e-01	1.2742164114e+02
8.8183145127e+06	3.4041499319e-01	1.2741837323e+02
8.8183145127e+06	3.4044995470e-01	1.2741519315e+02
8.8183145127e+06	3.4048394905e-01	1.2741210112e+02
8.8183145127e+06	3.4051696594e-01	1.2740909802e+02
8.8183145127e+06	3.4054899473e-01	1.2740618477e+02
8.8183145127e+06	3.4058002424e-01	1.2740336234e+02
8.8183145127e+06	3.4061004279e-01	1.2740063172e+02
8.8183145127e+06	3.4063903808e-01	1.2739799397e+02
8.8183145127e+06	3.4066699723e-01	1.2739545020e+02
8.8183145127e+06	3.4069390670e-01	1.2739300157e+02
8.8183145127e+06	3.4071975219e-01	1.2739064929e+02
8.8183145127e+06	3.4074451862e-01	1.2738839467e+02
8.8183145127e+06	3.4076819009e-01	1.2738623905e+02
8.8183145127e+06	3.4079074975e-01	1.2738418387e+02
8.8183145127e+06	3.4081217974e-01	1.2738223065e+02
8.8183145127e+06	3.4083246118e-01	1.2738038099e+02
8.8183145127e+06	3.4085157399e-01	1.2737863661e+02
8.8183145127e+06	3.4086949687e-01	1.2737699930e+02
8.8183145127e+06	3.4088620724e-01	1.2737547097e+02
8.8183145127e+06	3.4090168129e-01	1.2737405297e+02
8.8183145127e+06	3.4091588579e-01	1.2737276533e+02
8.8183145127e+06	3.4092878458e-01	1.2737160310e+02
8.8183145127e+06	3.4094034414e-01	1.2737056505e+02
8.8183145127e+06	3.4095052790e-01	1.2736965465e+02
8.8183145127e+06	3.4095929619e-01	1.2736887577e+02
8.8183145127e+06	3.4096660593e-01	1.2736823261e+02
8.8183145127e+06	3.4097241039e-01	1.2736772971e+02
8.8183145127e+06	3.4097665882e-01	1.2736737205e+02
8.8183145127e+06	3.4097929616e-01	1.2736716499e+02
8.8183145127e+06	3.4098026272e-01	1.2736711437e+02
8.8183145127e+06	3.4097949336e-01	1.2736722656e+02
8.8183145127e+06	3.4097691174e-01	1.2736750904e+02
8.8183145127e+06	3.4097236055e-01	1.2736797735e+02
8.8183145127e+06	3.4096472053e-01	1.2736874272e+02
8.8183145127e+06	3.4104814696e-01	1.2736128510e+02
8.8183145127e+06	3.4108446899e-01	1.2735809347e+02
8.8183145127e+06	3.4110904755e-01	1.2735605434e+02
8.8183145127e+06	3.4111535370e-01	1.2735583383e+02
8.8183145127e+06	3.4109679796e-01	1.2735805400e+02
8.8183145127e+06	3.4106891062e-01	1.2736116787e+02
8.8183145127e+06	3.4107136996e-01	1.2736129644e+02
8.8183145127e+06	3.4110873037e-01	1.2735797720e+02
8.8183145127e+06	3.4114964932e-01	1.2735428571e+02
8.8183145127e+06	3.4118739400e-01	1.2735087739e+02
8.8183145127e+06	3.4121179317e-01	1.2734867092e+02
8.8183145127e+06	3.4120495442e-01	1.2734927768e+02
8.8183145127e+06	3.4115383149e-01	1.2735387595e+02
8.8183145127e+06	3.4104706531e-01	1.2736348889e+02
8.8183145127e+06	3.4085697018e-01	1.2738061414e+02
8.8183145127e+06	3.4053668791e-01	1.2740948460e+02
8.8183145127e+06	3.4000985490e-01	1.2745701338e+02
8.8183145127e+06	3.3915476644e-01	1.2753425915e+02
8.8183145127e+06	3.3777950330e-01	1.2765874776e+02
8.8183145127e+06	3.3558377439e-01	1.2785813565e+02
8.8183145127e+06	3.3274358327e-01	1.2811710679e+02
8.8183145127e+06	3.3000929192e-01	1.2836570230e+02
8.8183145127e+06	3.3004920180e-01	1.2835058771e+02
8.8183145127e+06	3.3017571919e-01	1.2832035504e+02
8.8072472591e+06	3.3029205872e-01	1.2878296435e+02
8.8072472591e+06	3.2505383024e-01	1.2972094554e+02
8.8072472591e+06	3.2499762894e-01	1.2973845269e+02
8.8072472591e+06	3.2503463126e-01	1.2973492375e+02
8.8072472591e+06	3.2507065598e-01	1.2973149061e+02
8.8072472591e+06	3.2510569217e-01	1.2972815511e+02
8.8072472591e+06	3.2513972856e-01	1.2972491856e+02
8.8072472591e+06	3.2517275336e-01	1.2972178233e+02
8.8072472591e+06	3.2520475389e-01	1.2971874791e+02
8.8072472591e+06	3.2523571712e-01	1.2971581681e+02
8.8072472591e+06	3.2526562923e-01	1.2971299068e+02
8.8072472591e+06	3.2529447565e-01	1.2971027124e+02
8.8072472591e+06	3.2532224075e-01	1.2970766034e+02
8.8072472591e+06	3.2534890823e-01	1.2970515993e+02
8.8072472591e+06	3.2537446052e-01	1.2970277209e+02
8.8072472591e+06	3.2539887903e-01	1.2970049905e+02
8.8072472591e+06	3.2542214381e-01	1.2969834315e+02
8.8072472591e+06	3.2544423354e-01	1.2969630694e+02
8.8072472591e+06	3.2546512532e-01	1.2969439311e+02
8.8072472591e+06	3.2548479444e-01	1.2969260455e+02
8.8072472591e+06	3.2550321428e-01	1.2969094435e+02
8.8072472591e+06	3.2552035609e-01	1.2968941582e+02
8.8072472591e+06	3.2553618873e-01	1.2968802250e+02
8.8072472591e+06	3.2555067844e-01	1.2968676818e+02
8.8072472591e+06	3.2556378854e-01	1.2968565693e+02
8.8072472591e+06	3.2557547910e-01	1.2968469307e+02
8.8072472591e+06	3.2558570669e-01	1.2968388149e+02
8.8072472591e+06	3.2559442394e-01	1.2968322784e+02
8.8072472591e+06	3.2560157926e-01	1.2968273653e+02
8.8072472591e+06	3.2560711642e-01	1.2968241316e+02
8.8072472591e+06	3.2561097418e-01	1.2968226369e+02
8.8072472591e+06	3.2561308595e-01	1.2968229446e+02
8.8072472591e+06	3.2561337947e-01	1.2968251212e+02
8.8072472591e+06	3.2561177650e-01	1.2968292373e+02
8.8072472591e+06	3.2560819269e-01	1.2968353669e+02
8.8072472591e+06	3.2560253745e-01	1.2968435881e+02
8.8072472591e+06	3.2559471411e-01	1.2968539822e+02
8.8072472591e+06	3.2558462011e-01	1.2968666345e+02
8.8072472591e+06	3.2557214744e-01	1.2968816342e+02
8.8072472591e+06	3.2555718168e-01	1.2968990761e+02
8.8072472591e+06	3.2553958303e-01	1.2969190830e+02
8.8072472591e+06	3.2551894318e-01	1.2969420842e+02
8.8072472591e+06	3.2549155124e-01	1.2969721801e+02
8.8072472591e+06	3.2555504118e-01	1.2969172784e+02
8.8072472591e+06	3.2557121551e-01	1.2969065288e+02
8.8072472591e+06	3.2555968883e-01	1.2969247603e+02
8.8072472591e+06	3.2550096306e-01	1.2969919457e+02
8.8072472591e+06	3.2538970749e-01	1.2971123564e+02
8.8072472591e+06	3.2527555263e-01	1.2972343466e+02
8.8072472591e+06	3.2524173336e-01	1.2972730093e+02
8.8072472591e+06	3.2527752793e-01	1.2972397977e+02
8.8072472591e+06	3.2531929166e-01	1.2972002354e+02
8.8072472591e+06	3.2535672838e-01	1.2971647418e+02
8.8072472591e+06	3.2537900212e-01	1.2971435851e+02
8.8072472591e+06	3.2536452520e-01	1.2971571729e+02
8.8072472591e+06	3.2529956660e-01	1.2972185287e+02
8.8072472591e+06	3.2517025600e-01	1.2973407737e+02
8.8072472591e+06	3.2494406147e-01	1.2975547313e+02
8.8072472591e+06	3.2456597628e-01	1.2979126053e+02
8.8072472591e+06	3.2394707759e-01	1.2984990036e+02
8.8072472591e+06	3.2294619928e-01	1.2994487856e+02
8.8072472591e+06	3.2134122385e-01	1.3009754665e+02
8.8072472591e+06	3.1879163160e-01	1.3034086629e+02
8.8072472591e+06	3.1668495441e-01	1.3053693665e+02
8.8072472591e+06	3.1683858466e-01	1.3050800490e+02
8.8072472591e+06	3.1695207840e-01	1.3047522122e+02
8.8070861089e+06	3.1716181640e-01	1.3043470490e+02
8.8070861089e+06	3.2355105160e-01	1.2911642286e+02
8.8070861089e+06	3.2360532588e-01	1.2911129006e+02
8.8070861089e+06	3.2365876686e-01	1.2910625870e+02
8.8070861089e+06	3.2371136880e-01	1.2910130648e+02
8.8070861089e+06	3.2376312538e-01	1.2909643388e+02
8.8070861089e+06	3.2381403083e-01	1.2909164135e+02
8.8070861089e+06	3.2386407875e-01	1.2908692939e+02
8.8070861089e+06	3.2391326282e-01	1.2908229848e+02
8.8070861089e+06	3.2396157638e-01	1.2907774911e+02
8.8070861089e+06	3.2400901295e-01	1.2907328178e+02
8.8070861089e+06	3.2405556576e-01	1.2906889697e+02
8.8070861089e+06	3.2410122796e-01	1.2906459518e+02
8.8070861089e+06	3.2414599224e-01	1.2906037693e+02
8.8070861089e+06	3.2418985108e-01	1.2905624275e+02
8.8070861089e+06	3.2423279703e-01	1.2905219316e+02
8.8070861089e+06	3.2427482233e-01	1.2904822869e+02
8.8070861089e+06	3.2431591878e-01	1.2904434988e+02
8.8070861089e+06	3.2435607796e-01	1.2904055728e+02
8.8070861089e+06	3.2439529108e-01	1.2903685146e+02
8.8070861089e+06	3.2443354917e-01	1.2903323298e+02
8.8070861089e+06	3.2447084266e-01	1.2902970244e+02
8.8070861089e+06	3.2450716172e-01	1.2902626043e+02
8.8070861089e+06	3.2454249597e-01	1.2902290756e+02
8.8070861089e+06	3.2457683461e-01	1.2901964444e+02
8.8070861089e+06	3.2461016619e-01	1.2901647174e+02
8.8070861089e+06	3.2464247867e-01	1.2901339011e+02
8.8070861089e+06	3.2467375946e-01	1.2901040022e+02
8.8070861089e+06	3.2470399512e-01	1.2900750278e+02
8.8070861089e+06	3.2473317155e-01	1.2900469852e+02
8.8070861089e+06	3.2476127376e-01	1.2900198819e+02
8.8070861089e+06	3.2478828588e-01	1.2899937255e+02
8.8070861089e+06	3.2481419098e-01	1.2899685242e+02
8.8070861089e+06	3.2483897115e-01	1.2899442863e+02
8.8070861089e+06	3.2486260732e-01	1.2899210206e+02
8.8070861089e+06	3.2488507919e-01	1.2898987361e+02
8.8070861089e+06	3.2490636521e-01	1.2898774422e+02
8.8070861089e+06	3.2492644243e-01	1.2898571488e+02
8.8070861089e+06	3.2494528649e-01	1.2898378662e+02
8.8070861089e+06	3.2496287156e-01	1.2898196050e+02
8.8070861089e+06	3.2497917029e-01	1.2898023766e+02
8.8070861089e+06	3.2499415381e-01	1.2897861925e+02
8.8070861089e+06	3.2500779173e-01	1.2897710652e+02
8.8070861089e+06	3.2502005220e-01	1.2897570074e+02
8.8070861089e+06	3.2503090202e-01	1.2897440325e+02
8.8070861089e+06	3.2504030677e-01	1.2897321549e+02
8.8070861089e+06	3.2504823093e-01	1.2897213895e+02
8.8070861089e+06	3.2505463676e-01	1.2897117502e+02
8.8070861089e+06	3.2505946519e-01	1.2897032321e+02
8.8070861089e+06	3.2506236697e-01	1.2896956217e+02
8.8070861089e+06	3.2516022129e-01	1.2895944590e+02
8.8070861089e+06	3.2520781937e-01	1.2895423580e+02
8.8070861089e+06	3.2525166271e-01	1.2894887981e+02
8.8070861089e+06	3.2529582860e-01	1.2894266896e+02
8.8070861089e+06	3.2534584535e-01	1.2893518133e+02
8.8070861089e+06	3.2541505609e-01	1.2892491942e+02
8.8070861089e+06	3.2552489864e-01	1.2890690979e+02
8.8070861089e+06	3.2567439859e-01	1.2887998606e+02
8.8070861089e+06	3.2578033865e-01	1.2886232674e+02
8.8070861089e+06	3.2582460450e-01	1.2885793621e+02
8.8070861089e+06	3.2585287127e-01	1.2885558219e+02
8.8070861089e+06	3.2585532557e-01	1.2885541914e+02
8.8070861089e+06	3.2581788323e-01	1.2885865622e+02
8.8070861089e+06	3.2573287112e-01	1.2886599076e+02
8.8070861089e+06	3.2557736376e-01	1.2887946843e+02
8.8070861089e+06	3.2531122788e-01	1.2890271427e+02
8.8070861089e+06	3.2486889472e-01	1.2894171571e+02
8.8070861089e+06	3.2414556772e-01	1.2900609492e+02
8.8070861089e+06	3.2297529504e-01	1.2911111587e+02
8.8070861089e+06	3.2109744363e-01	1.2928066412e+02
8.8070861089e+06	3.1910605206e-01	1.2946118813e+02
8.8070861089e+06	3.1713183820e-01	1.2964071573e+02
8.8070861089e+06	3.1517681292e-01	1.2981899690e+02
8.7917630985e+06	3.1324103190e-01	1.3070692199e+02
8.7917630985e+06	3.0600147616e-01	1.3194268815e+02
8.7917630985e+06	3.0603967836e-01	1.3193889486e+02
8.7917630985e+06	3.0607690116e-01	1.3193518055e+02
8.7917630985e+06	3.0611313554e-01	1.3193156319e+02
8.7917630985e+06	3.0614837224e-01	1.3192804342e+02
8.7917630985e+06	3.0618260160e-01	1.3192462192e+02
8.7917630985e+06	3.0621581355e-01	1.3192129937e+02
8.7917630985e+06	3.0624799761e-01	1.3191807646e+02
8.7917630985e+06	3.0627914280e-01	1.3191495390e+02
8.7917630985e+06	3.0630923766e-01	1.3191193242e+02
8.7917630985e+06	3.0633827017e-01	1.3190901277e+02
8.7917630985e+06	3.0636622769e-01	1.3190619570e+02
8.7917630985e+06	3.0639309694e-01	1.3190348200e+02
8.7917630985e+06	3.0641886390e-01	1.3190087248e+02
8.7917630985e+06	3.0644351382e-01	1.3189836795e+02
8.7917630985e+06	3.0646703103e-01	1.3189596929e+02
8.7917630985e+06	3.0648939893e-01	1.3189367737e+02
8.7917630985e+06	3.0651060003e-01	1.3189149310e+02
8.7917630985e+06	3.0653061564e-01	1.3188941743e+02
8.7917630985e+06	3.0654942598e-01	1.3188745134e+02
8.7917630985e+06	3.0656701003e-01	1.3188559585e+02
8.7917630985e+06	3.0658334541e-01	1.3188385200e+02
8.7917630985e+06	3.0659840830e-01	1.3188222091e+02
8.7917630985e+06	3.0661217342e-01	1.3188070370e+02
8.7917630985e+06	3.0662461391e-01	1.3187930159e+02
8.7917630985e+06	3.0663570124e-01	1.3187801579e+02
8.7917630985e+06	3.0664540522e-01	1.3187684762e+02
8.7917630985e+06	3.0665369392e-01	1.3187579841e+02
8.7917630985e+06	3.0666053370e-01	1.3187486957e+02
8.7917630985e+06	3.0666588922e-01	1.3187406255e+02
8.7917630985e+06	3.0666972358e-01	1.3187337887e+02
8.7917630985e+06	3.0667199839e-01	1.3187282012e+02
8.7917630985e+06	3.0667267407e-01	1.3187238791e+02
8.7917630985e+06	3.0667170982e-01	1.3187208395e+02
8.7917630985e+06	3.0666906102e-01	1.3187190982e+02
8.7917630985e+06	3.0666463916e-01	1.3187186582e+02
8.7917630985e+06	3.0665778471e-01	1.3187193977e+02
8.7917630985e+06	3.0675319546e-01	1.3186136800e+02
8.7917630985e+06	3.0679978476e-01	1.3185581896e+02
8.7917630985e+06	3.0684062554e-01	1.3185023109e+02
8.7917630985e+06	3.0687872670e-01	1.3184390680e+02
8.7917630985e+06	3.0691997500e-01	1.3183652839e+02
8.7917630985e+06	3.0697864908e-01	1.3182730400e+02
8.7917630985e+06	3.0705472270e-01	1.3181600541e+02
8.7917630985e+06	3.0712200970e-01	1.3180667402e+02
8.7917630985e+06	3.0717136853e-01	1.3180142262e+02
8.7917630985e+06	3.0721245583e-01	1.3179755537e+02
8.7917630985e+06	3.0724025645e-01	1.3179493164e+02
8.7917630985e+06	3.0723688237e-01	1.3179526522e+02
8.7917630985e+06	3.0718893933e-01	1.3179983833e+02
8.7917630985e+06	3.0708634206e-01	1.3180961790e+02
8.7917630985e+06	3.0690246495e-01	1.3182714653e+02
8.7917630985e+06	3.0659131478e-01	1.3185682367e+02
8.7917630985e+06	3.0607849085e-01	1.3190578098e+02
8.7917630985e+06	3.0524531240e-01	1.3198542796e+02
8.7917630985e+06	3.0390373972e-01	1.3211391669e+02
8.7917630985e+06	3.0196525975e-01	1.3230008583e+02
8.7917630985e+06	3.0004067133e-01	1.3248546444e+02
8.7917630985e+06	2.9813404639e-01	1.3266962598e+02
8.7917630985e+06	2.9624587930e-01	1.3285255057e+02
8.7873524940e+06	2.9437562524e-01	1.3324524567e+02
8.7873524940e+06	2.9362551883e-01	1.3339760386e+02
8.7873524940e+06	2.9367338785e-01	1.3339265722e+02
8.7873524940e+06	2.9372029844e-01	1.3338780471e+02
8.7873524940e+06	2.9376624115e-01	1.3338304955e+02
8.7873524940e+06	2.9381120564e-01	1.3337839250e+02
8.7873524940e+06	2.9385518174e-01	1.3337383429e+02
8.7873524940e+06	2.9389815849e-01	1.3336937572e+02
8.7873524940e+06	2.9394012454e-01	1.3336501760e+02
8.7873524940e+06	2.9398106849e-01	1.3336076071e+02
8.7873524940e+06	2.9402097780e-01	1.3335660592e+02
8.7873524940e+06	2.9405983994e-01	1.3335255410e+02
8.7873524940e+06	2.9409764166e-01	1.3334860611e+02
8.7873524940e+06	2.9413436911e-01	1.3334476288e+02
8.7873524940e+06	2.9417000778e-01	1.3334102536e+02
8.7873524940e+06	2.9420454248e-01	1.3333739452e+02
8.7873524940e+06	2.9423795727e-01	1.3333387137e+02
8.7873524940e+06	2.9427023543e-01	1.3333045695e+02
8.7873524940e+06	2.9430135937e-01	1.3332715236e+02
8.7873524940e+06	2.9433131058e-01	1.3332395873e+02
8.7873524940e+06	2.9436006963e-01	1.3332087723e+02
8.7873524940e+06	2.9438761592e-01	1.3331790909e+02
8.7873524940e+06	2.9441392784e-01	1.3331505560e+02
8.7873524940e+06	2.9443898256e-01	1.3331231811e+02
8.7873524940e+06	2.9446275601e-01	1.3330969803e+02
8.7873524940e+06	2.9448522277e-01	1.3330719686e+02
8.7873524940e+06	2.9450635603e-01	1.3330481615e+02
8.7873524940e+06	2.9452612748e-01	1.3330255759e+02
8.7873524940e+06	2.9454450730e-01	1.3330042292e+02
8.7873524940e+06	2.9456146405e-01	1.3329841402e+02
8.7873524940e+06	2.9457696462e-01	1.3329653290e+02
8.7873524940e+06	2.9459097425e-01	1.3329478169e+02
8.7873524940e+06	2.9460345644e-01	1.3329316268e+02
8.7873524940e+06	2.9461437302e-01	1.3329167835e+02
8.7873524940e+06	2.9462368410e-01	1.3329033263e+02
8.7873524940e+06	2.9463134820e-01	1.3328912857e+02
8.7873524940e+06	2.9463732235e-01	1.3328806809e+02
8.7873524940e+06	2.9464156222e-01	1.3328715466e+02
8.7873524940e+06	2.9464402235e-01	1.3328639204e+02
8.7873524940e+06	2.9464465645e-01	1.3328578443e+02
8.7873524940e+06	2.9464341777e-01	1.3328533645e+02
8.7873524940e+06	2.9464025938e-01	1.3328505326e+02
8.7873524940e+06	2.9463513342e-01	1.3328494069e+02
8.7873524940e+06	2.9462797499e-01	1.3328500608e+02
8.7873524940e+06	2.9461850265e-01	1.3328526738e+02
8.7873524940e+06	2.9460381212e-01	1.3328587140e+02
8.7873524940e+06	2.9469173828e-01	1.3327573710e+02
8.7873524940e+06	2.9472678011e-01	1.3327114635e+02
8.7873524940e+06	2.9474680691e-01	1.3326779999e+02
8.7873524940e+06	2.9474786503e-01	1.3326692838e+02
8.7873524940e+06	2.9473237460e-01	1.3327155450e+02
8.7873524940e+06	2.9470565525e-01	1.3328462202e+02
8.7873524940e+06	2.9466329599e-01	1.3330425594e+02
8.7873524940e+06	2.9464835450e-01	1.3331579629e+02
8.7873524940e+06	2.9468370869e-01	1.3331413820e+02
8.7873524940e+06	2.9472481164e-01	1.3331016434e+02
8.7873524940e+06	2.9475065217e-01	1.3330764635e+02
8.7873524940e+06	2.9474374496e-01	1.3330833508e+02
8.7873524940e+06	2.9469650376e-01	1.3331298464e+02
8.7873524940e+06	2.9459674719e-01	1.3332279643e+02
8.7873524940e+06	2.9441798698e-01	1.3334037794e+02
8.7873524940e+06	2.9411521558e-01	1.3337016524e+02
8.7873524940e+06	2.9361582303e-01	1.3341933123e+02
8.7873524940e+06	2.9280407916e-01	1.3349934549e+02
8.7873524940e+06	2.9149663547e-01	1.3362843216e+02
8.7873524940e+06	2.8961197278e-01	1.3381496241e+02
8.7873524940e+06	2.8774050357e-01	1.3400073254e+02
8.7873524940e+06	2.8588653504e-01	1.3418533437e+02
8.7873524940e+06	2.8405008098e-01	1.3436871135e+02
8.7802569201e+06	2.8223168437e-01	1.3489681392e+02
8.7802569201e+06	2.8136147323e-01	1.3499349854e+02
8.7802569201e+06	2.8140693344e-01	1.3498864601e+02
8.7802569201e+06	2.8145140420e-01	1.3498389609e+02
8.7802569201e+06	2.8149487514e-01	1.3497924984e+02
8.7802569201e+06	2.8153733533e-01	1.3497470806e+02
8.7802569201e+06	2.8157877337e-01	1.3497027155e+02
8.7802569201e+06	2.8161917741e-01	1.3496594115e+02
8.7802569201e+06	2.8165853506e-01	1.3496171771e+02
8.7802569201e+06	2.8169683334e-01	1.3495760213e+02
8.7802569201e+06	2.8173405870e-01	1.3495359530e+02
8.7802569201e+06	2.8177019691e-01	1.3494969817e+02
8.7802569201e+06	2.8180523303e-01	1.3494591170e+02
8.7802569201e+06	2.8183915142e-01	1.3494223688e+02
8.7802569201e+06	2.8187193544e-01	1.3493867475e+02
8.7802569201e+06	2.8190356772e-01	1.3493522640e+02
8.7802569201e+06	2.8193402989e-01	1.3493189292e+02
8.7802569201e+06	2.8196330256e-01	1.3492867549e+02
8.7802569201e+06	2.8199136522e-01	1.3492557531e+02
8.7802569201e+06	2.8201819621e-01	1.3492259364e+02
8.7802569201e+06	2.8204377258e-01	1.3491973181e+02
8.7802569201e+06	2.8206807007e-01	1.3491699120e+02
8.7802569201e+06	2.8209106299e-01	1.3491437328e+02
8.7802569201e+06	2.8211272413e-01	1.3491187956e+02
8.7802569201e+06	2.8213302472e-01	1.3490951167e+02
8.7802569201e+06	2.8215193434e-01	1.3490727132e+02
8.7802569201e+06	2.8216942082e-01	1.3490516032e+02
8.7802569201e+06	2.8218545024e-01	1.3490318060e+02
8.7802569201e+06	2.8219998686e-01	1.3490133419e+02
8.7802569201e+06	2.8221299311e-01	1.3489962329e+02
8.7802569201e+06	2.8222442960e-01	1.3489805023e+02
8.7802569201e+06	2.8223425516e-01	1.3489661754e+02
8.7802569201e+06	2.8224242693e-01	1.3489532792e+02
8.7802569201e+06	2.8224889192e-01	1.3489418522e+02
8.7802569201e+06	2.8225361176e-01	1.3489319183e+02
8.7802569201e+06	2.8225653999e-01	1.3489235120e+02
8.7802569201e+06	2.8225762907e-01	1.3489166712e+02
8.7802569201e+06	2.8225683120e-01	1.3489114379e+02
8.7802569201e+06	2.8225409863e-01	1.3489078981e+02
8.7802569201e+06	2.8224938120e-01	1.3489060712e+02
8.7802569201e+06	2.8224258828e-01	1.3489060281e+02
8.7802569201e+06	2.8223311665e-01	1.3489080424e+02
8.7802569201e+06	2.8228771788e-01	1.3488366074e+02
8.7802569201e+06	2.8233267217e-01	1.3487801486e+02
8.7802569201e+06	2.8236731398e-01	1.3487301272e+02
8.7802569201e+06	2.8238769116e-01	1.3486910305e+02
8.7802569201e+06	2.8239336538e-01	1.3486763973e+02
8.7802569201e+06	2.8239339602e-01	1.3487096549e+02
8.7802569201e+06	2.8238794115e-01	1.3488046097e+02
8.7802569201e+06	2.8238217471e-01	1.3489052343e+02
8.7802569201e+06	2.8240902578e-01	1.3489132729e+02
8.7802569201e+06	2.8245436891e-01	1.3488698450e+02
8.7802569201e+06	2.8249002718e-01	1.3488340402e+02
8.7802569201e+06	2.8249985272e-01	1.3488242463e+02
8.7802569201e+06	2.8246825588e-01	1.3488563528e+02
8.7802569201e+06	2.8238988557e-01	1.3489358642e+02
8.7802569201e+06	2.8224347306e-01	1.3490843771e+02
8.7802569201e+06	2.8199153260e-01	1.3493399700e+02
8.7802569201e+06	2.8157256365e-01	1.3497652209e+02
8.7802569201e+06	2.8088838058e-01	1.3504602592e+02
8.7802569201e+06	2.7978302272e-01	1.3515847528e+02
8.7802569201e+06	2.7801123167e-01	1.3533916620e+02
8.7802569201e+06	2.7619209105e-01	1.3552525072e+02
8.7802569201e+06	2.7438940551e-01	1.3571019042e+02
8.7802569201e+06	2.7260362789e-01	1.3589396407e+02
8.7720059070e+06	2.7083488236e-01	1.3648656307e+02
8.7720059070e+06	2.6992552309e-01	1.3656340291e+02
8.7720059070e+06	2.6997267545e-01	1.3655820097e+02
8.7720059070e+06	2.7001881504e-01	1.3655310833e+02
8.7720059070e+06	2.7006393051e-01	1.3654812526e+02
8.7720059070e+06	2.7010801000e-01	1.3654325264e+02
8.7720059070e+06	2.7015104120e-01	1.3653849136e+02
8.7720059070e+06	2.7019301139e-01	1.3653384231e+02
8.7720059070e+06	2.7023390714e-01	1.3652930642e+02
8.7720059070e+06	2.7027371435e-01	1.3652488465e+02
8.7720059070e+06	2.7031241823e-01	1.3652057800e+02
8.7720059070e+06	2.7035000326e-01	1.3651638749e+02
8.7720059070e+06	2.7038645291e-01	1.3651231420e+02
8.7720059070e+06	2.7042174995e-01	1.3650835922e+02
8.7720059070e+06	2.7045587618e-01	1.3650452369e+02
8.7720059070e+06	2.7048881216e-01	1.3650080882e+02
8.7720059070e+06	2.7052053756e-01	1.3649721584e+02
8.7720059070e+06	2.7055103072e-01	1.3649374605e+02
8.7720059070e+06	2.7058026875e-01	1.3649040080e+02
8.7720059070e+06	2.7060822735e-01	1.3648718153e+02
8.7720059070e+06	2.7063488079e-01	1.3648408972e+02
8.7720059070e+06	2.7066020172e-01	1.3648112695e+02
8.7720059070e+06	2.7068416119e-01	1.3647829486e+02
8.7720059070e+06	2.7070672852e-01	1.3647559522e+02
8.7720059070e+06	2.7072787119e-01	1.3647302986e+02
8.7720059070e+06	2.7074755481e-01	1.3647060074e+02
8.7720059070e+06	2.7076574305e-01	1.3646830996e+02
8.7720059070e+06	2.7078239758e-01	1.3646615972e+02
8.7720059070e+06	2.7079747810e-01	1.3646415240e+02
8.7720059070e+06	2.7081094234e-01	1.3646229053e+02
8.7720059070e+06	2.7082274610e-01	1.3646057683e+02
8.7720059070e+06	2.7083284340e-01	1.3645901421e+02
8.7720059070e+06	2.7084118666e-01	1.3645760586e+02
8.7720059070e+06	2.7084772691e-01	1.3645635518e+02
8.7720059070e+06	2.7085241416e-01	1.3645526592e+02
8.7720059070e+06	2.7085519785e-01	1.3645434216e+02
8.7720059070e+06	2.7085602733e-01	1.3645358840e+02
8.7720059070e+06	2.7085485175e-01	1.3645300965e+02
8.7720059070e+06	2.7085161137e-01	1.3645261180e+02
8.7720059070e+06	2.7084612114e-01	1.3645240582e+02
8.7720059070e+06	2.7083663156e-01	1.3645246256e+02
8.7720059070e+06	2.7092608545e-01	1.3644122340e+02
8.7720059070e+06	2.7096763999e-01	1.3643544853e+02
8.7720059070e+06	2.7099595973e-01	1.3643055555e+02
8.7720059070e+06	2.7100923604e-01	1.3642719607e+02
8.7720059070e+06	2.7101323510e-01	1.3642752604e+02
8.7720059070e+06	2.7101627397e-01	1.3643358095e+02
8.7720059070e+06	2.7101307436e-01	1.3644358472e+02
8.7720059070e+06	2.7103057953e-01	1.3644738998e+02
8.7720059070e+06	2.7107572873e-01	1.3644342992e+02
8.7720059070e+06	2.7111749423e-01	1.3643911681e+02
8.7720059070e+06	2.7114000857e-01	1.3643678610e+02
8.7720059070e+06	2.7112815950e-01	1.3643803366e+02
8.7720059070e+06	2.7108078592e-01	1.3644299194e+02
8.7720059070e+06	2.7098336784e-01	1.3645318170e+02
8.7720059070e+06	2.7080930723e-01	1.3647138683e+02
8.7720059070e+06	2.7051437319e-01	1.3650224326e+02
8.7720059070e+06	2.7002754795e-01	1.3655320709e+02
8.7720059070e+06	2.6923583423e-01	1.3663619405e+02
8.7720059070e+06	2.6796014055e-01	1.3677016082e+02
8.7720059070e+06	2.6618026854e-01	1.3695755985e+02
8.7720059070e+06	2.6441362834e-01	1.3714413652e+02
8.7720059070e+06	2.6266355671e-01	1.3732958129e+02
8.7720059070e+06	2.6092991230e-01	1.3751384394e+02
8.7632850578e+06	2.5921372194e-01	1.3813875573e+02
8.7632850578e+06	2.5782410380e-01	1.3841787720e+02
8.7632850578e+06	2.5763141462e-01	1.3843872339e+02
8.7632850578e+06	2.5732060091e-01	1.3847236794e+02
8.7632850578e+06	2.5681973881e-01	1.3852662425e+02
8.7632850578e+06	2.5601441173e-01	1.3861396482e+02
8.7632850578e+06	2.5472402061e-01	1.3875417926e+02
8.7632850578e+06	2.5306874520e-01	1.3893452749e+02
8.7632850578e+06	2.5142573175e-01	1.3911413676e+02
8.7632850578e+06	2.4979794124e-01	1.3929265370e+02
8.7632850578e+06	2.4818583987e-01	1.3946999501e+02
8.7545033811e+06	2.4658895028e-01	1.4010077475e+02
8.7545033811e+06	2.5183282049e-01	1.3854007468e+02
8.7545033811e+06	2.5188745143e-01	1.3853373115e+02
8.7545033811e+06	2.5194105689e-01	1.3852753228e+02
8.7545033811e+06	2.5199362250e-01	1.3852144684e+02
8.7545033811e+06	2.5204513315e-01	1.3851547573e+02
8.7545033811e+06	2.5209557314e-01	1.3850961986e+02
8.7545033811e+06	2.5214492591e-01	1.3850388017e+02
8.7545033811e+06	2.5219317338e-01	1.3849825767e+02
8.7545033811e+06	2.5224029692e-01	1.3849275338e+02
8.7545033811e+06	2.5228627659e-01	1.3848736833e+02
8.7545033811e+06	2.5233109118e-01	1.3848210366e+02
8.7545033811e+06	2.5237471816e-01	1.3847696050e+02
8.7545033811e+06	2.5241713351e-01	1.3847194006e+02
8.7545033811e+06	2.5245831169e-01	1.3846704362e+02
8.7545033811e+06	2.5249822548e-01	1.3846227250e+02
8.7545033811e+06	2.5253684598e-01	1.3845762811e+02
8.7545033811e+06	2.5257414212e-01	1.3845311196e+02
8.7545033811e+06	2.5261008110e-01	1.3844872561e+02
8.7545033811e+06	2.5264462792e-01	1.3844447075e+02
8.7545033811e+06	2.5267774323e-01	1.3844034943e+02
8.7545033811e+06	2.5270938595e-01	1.3843636378e+02
8.7545033811e+06	2.5273951713e-01	1.3843251552e+02
8.7545033811e+06	2.5276809242e-01	1.3842880694e+02
8.7545033811e+06	2.5279506507e-01	1.3842524048e+02
8.7545033811e+06	2.5282038585e-01	1.3842181885e+02
8.7545033811e+06	2.5284400331e-01	1.3841854499e+02
8.7545033811e+06	2.5286586382e-01	1.3841542217e+02
8.7545033811e+06	2.5288591182e-01	1.3841245401e+02
8.7545033811e+06	2.5290409019e-01	1.3840964455e+02
8.7545033811e+06	2.5292034063e-01	1.3840699833e+02
8.7545033811e+06	2.5293460429e-01	1.3840452052e+02
8.7545033811e+06	2.5294682246e-01	1.3840221695e+02
8.7545033811e+06	2.5295693744e-01	1.3840009434e+02
8.7545033811e+06	2.5296489354e-01	1.3839816044e+02
8.7545033811e+06	2.5297063771e-01	1.3839642423e+02
8.7545033811e+06	2.5297411450e-01	1.3839489641e+02
8.7545033811e+06	2.5297518923e-01	1.3839359265e+02
8.7545033811e+06	2.5297269337e-01	1.3839257418e+02
8.7545033811e+06	2.5305457259e-01	1.3838092918e+02
8.7545033811e+06	2.5309308727e-01	1.3837508568e+02
8.7545033811e+06	2.5311569785e-01	1.3837078179e+02
8.7545033811e+06	2.5312047927e-01	1.3836987911e+02
8.7545033811e+06	2.5311333522e-01	1.3837653603e+02
8.7545033811e+06	2.5309476166e-01	1.3839338145e+02
8.7545033811e+06	2.5307128372e-01	1.3841293749e+02
8.7545033811e+06	2.5309080564e-01	1.3841768239e+02
8.7545033811e+06	2.5313844366e-01	1.3841307019e+02
8.7545033811e+06	2.5317871189e-01	1.3840879701e+02
8.7545033811e+06	2.5319452243e-01	1.3840712518e+02
8.7545033811e+06	2.5317029360e-01	1.3840974315e+02
8.7545033811e+06	2.5310258664e-01	1.3841703382e+02
8.7545033811e+06	2.5297236486e-01	1.3843104882e+02
8.7545033811e+06	2.5274569150e-01	1.3845544435e+02
8.7545033811e+06	2.5236660134e-01	1.3849626105e+02
8.7545033811e+06	2.5174558188e-01	1.3856318240e+02
8.7545033811e+06	2.5074056151e-01	1.3867163787e+02
8.7545033811e+06	2.4914290065e-01	1.3884449420e+02
8.7545033811e+06	2.4755380614e-01	1.3901695193e+02
8.7545033811e+06	2.4597786068e-01	1.3918847858e+02
8.7545033811e+06	2.4441626644e-01	1.3935887115e+02
8.7407960112e+06	2.4286981034e-01	1.4024214060e+02
8.7407960112e+06	2.3498513440e-01	1.4190327580e+02
8.7407960112e+06	2.3502674469e-01	1.4189815210e+02
8.7407960112e+06	2.3506725521e-01	1.4189313303e+02
8.7407960112e+06	2.3510665019e-01	1.4188824453e+02
8.7407960112e+06	2.3514491280e-01	1.4188348745e+02
8.7407960112e+06	2.3518202503e-01	1.4187886269e+02
8.7407960112e+06	2.3521796756e-01	1.4187437114e+02
8.7407960112e+06	2.3525271971e-01	1.4187001375e+02
8.7407960112e+06	2.3528625916e-01	1.4186579148e+02
8.7407960112e+06	2.3531856195e-01	1.4186170534e+02
8.7407960112e+06	2.3534960228e-01	1.4185775637e+02
8.7407960112e+06	2.3537935237e-01	1.4185394563e+02
8.7407960112e+06	2.3540778225e-01	1.4185027425e+02
8.7407960112e+06	2.3543485970e-01	1.4184674341e+02
8.7407960112e+06	2.3546055001e-01	1.4184335430e+02
8.7407960112e+06	2.3548481591e-01	1.4184010822e+02
8.7407960112e+06	2.3550761739e-01	1.4183700649e+02
8.7407960112e+06	2.3552891165e-01	1.4183405052e+02
8.7407960112e+06	2.3554865304e-01	1.4183124177e+02
8.7407960112e+06	2.3556679304e-01	1.4182858178e+02
8.7407960112e+06	2.3558328031e-01	1.4182607221e+02
8.7407960112e+06	2.3559806092e-01	1.4182371476e+02
8.7407960112e+06	2.3561107858e-01	1.4182151128e+02
8.7407960112e+06	2.3562227502e-01	1.4181946371e+02
8.7407960112e+06	2.3563159063e-01	1.4181757539e+02
8.7407960112e+06	2.3563896521e-01	1.4181585178e+02
8.7407960112e+06	2.3564433892e-01	1.4181429158e+02
8.7407960112e+06	2.3564765347e-01	1.4181289759e+02
8.7407960112e+06	2.3564885171e-01	1.4181167291e+02
8.7407960112e+06	2.3564785640e-01	1.4181062004e+02
8.7407960112e+06	2.3564427445e-01	1.4180973051e+02
8.7407960112e+06	2.3570611069e-01	1.4179989977e+02
8.7407960112e+06	2.3576161923e-01	1.4179154575e+02
8.7407960112e+06	2.3580981071e-01	1.4178315570e+02
8.7407960112e+06	2.3585155330e-01	1.4177415499e+02
8.7407960112e+06	2.3589454041e-01	1.4176430098e+02
8.7407960112e+06	2.3595235080e-01	1.4175378309e+02
8.7407960112e+06	2.3602181882e-01	1.4174274382e+02
8.7407960112e+06	2.3608295672e-01	1.4173435858e+02
8.7407960112e+06	2.3613581809e-01	1.4172831340e+02
8.7407960112e+06	2.3618284051e-01	1.4172295899e+02
8.7407960112e+06	2.3621118430e-01	1.4171971848e+02
8.7407960112e+06	2.3620578552e-01	1.4172035955e+02
8.7407960112e+06	2.3616725966e-01	1.4172483011e+02
8.7407960112e+06	2.3608296329e-01	1.4173459785e+02
8.7407960112e+06	2.3592888786e-01	1.4175244685e+02
8.7407960112e+06	2.3566535942e-01	1.4178298111e+02
8.7407960112e+06	2.3522788771e-01	1.4183370431e+02
8.7407960112e+06	2.3451411570e-01	1.4191658887e+02
8.7407960112e+06	2.3336221066e-01	1.4205062864e+02
8.7407960112e+06	2.3180956172e-01	1.4223183228e+02
8.7407960112e+06	2.3026751545e-01	1.4241240677e+02
8.7407960112e+06	2.2873938751e-01	1.4259182077e+02
8.7407960112e+06	2.2722589875e-01	1.4277011815e+02
8.7366378856e+06	2.2572733215e-01	1.4317068591e+02
8.7366378856e+06	2.2559676595e-01	1.4320998153e+02
8.7366378856e+06	2.2564747856e-01	1.4320344152e+02
8.7366378856e+06	2.2569706228e-01	1.4319703759e+02
8.7366378856e+06	2.2574550053e-01	1.4319077167e+02
8.7366378856e+06	2.2579277561e-01	1.4318464491e+02
8.7366378856e+06	2.2583886906e-01	1.4317865846e+02
8.7366378856e+06	2.2588376131e-01	1.4317281350e+02
8.7366378856e+06	2.2592743164e-01	1.4316711128e+02
8.7366378856e+06	2.2596985821e-01	1.4316155307e+02
8.7366378856e+06	2.2601101766e-01	1.4315614022e+02
8.7366378856e+06	2.2605088517e-01	1.4315087414e+02
8.7366378856e+06	2.2608943467e-01	1.4314575628e+02
8.7366378856e+06	2.2612663829e-01	1.4314078816e+02
8.7366378856e+06	2.2616246647e-01	1.4313597139e+02
8.7366378856e+06	2.2619688776e-01	1.4313130767e+02
8.7366378856e+06	2.2622986882e-01	1.4312679880e+02
8.7366378856e+06	2.2626137407e-01	1.4312244668e+02
8.7366378856e+06	2.2629136590e-01	1.4311825335e+02
8.7366378856e+06	2.2631980437e-01	1.4311422100e+02
8.7366378856e+06	2.2634664719e-01	1.4311035195e+02
8.7366378856e+06	2.2637184962e-01	1.4310664876e+02
8.7366378856e+06	2.2639536447e-01	1.4310311416e+02
8.7366378856e+06	2.2641714207e-01	1.4309975117e+02
8.7366378856e+06	2.2643713029e-01	1.4309656308e+02
8.7366378856e+06	2.2645527391e-01	1.4309355364e+02
8.7366378856e+06	2.2647149378e-01	1.4309072979e+02
8.7366378856e+06	2.2648575205e-01	1.4308809338e+02
8.7366378856e+06	2.2649798822e-01	1.4308564953e+02
8.7366378856e+06	2.2650814054e-01	1.4308340403e+02
8.7366378856e+06	2.2651614654e-01	1.4308136350e+02
8.7366378856e+06	2.2652194369e-01	1.4307953551e+02
8.7366378856e+06	2.2652547024e-01	1.4307792878e+02
8.7366378856e+06	2.2652666613e-01	1.4307655347e+02
8.7366378856e+06	2.2652547408e-01	1.4307542136e+02
8.7366378856e+06	2.2652184065e-01	1.4307454628e+02
8.7366378856e+06	2.2651571631e-01	1.4307394449e+02
8.7366378856e+06	2.2650704107e-01	1.4307363595e+02
8.7366378856e+06	2.2649555230e-01	1.4307365560e+02
8.7366378856e+06	2.2647841561e-01	1.4307420432e+02
8.7366378856e+06	2.2655858463e-01	1.4306211169e+02
8.7366378856e+06	2.2659732355e-01	1.4305576203e+02
8.7366378856e+06	2.2661664499e-01	1.4305213774e+02
8.7366378856e+06	2.2661209734e-01	1.4305526753e+02
8.7366378856e+06	2.2658705973e-01	1.4307227856e+02
8.7366378856e+06	2.2653679905e-01	1.4310547907e+02
8.7366378856e+06	2.2649460976e-01	1.4313476176e+02
8.7366378856e+06	2.2652251620e-01	1.4313774795e+02
8.7366378856e+06	2.2657424597e-01	1.4313180789e+02
8.7366378856e+06	2.2661258681e-01	1.4312726971e+02
8.7366378856e+06	2.2661928707e-01	1.4312649156e+02
8.7366378856e+06	2.2658958714e-01	1.4313006267e+02
8.7366378856e+06	2.2651533585e-01	1.4313896832e+02
8.7366378856e+06	2.2637526092e-01	1.4315576792e+02
8.7366378856e+06	2.2613294252e-01	1.4318483539e+02
8.7366378856e+06	2.2572868163e-01	1.4323336080e+02
8.7366378856e+06	2.2506742973e-01	1.4331282951e+02
8.7366378856e+06	2.2399863170e-01	1.4344153600e+02
8.7366378856e+06	2.2247910775e-01	1.4362508292e+02
8.7366378856e+06	2.2096913604e-01	1.4380803845e+02
8.7366378856e+06	2.1947296825e-01	1.4398992415e+02
8.7366378856e+06	2.1799210621e-01	1.4417060473e+02
8.7298272460e+06	2.1652569922e-01	1.4472221326e+02
8.7298272460e+06	2.1492742514e-01	1.4506523359e+02
8.7298272460e+06	2.1497857790e-01	1.4505833427e+02
8.7298272460e+06	2.1502859441e-01	1.4505157405e+02
8.7298272460e+06	2.1507745661e-01	1.4504495899e+02
8.7298272460e+06	2.1512514519e-01	1.4503849032e+02
8.7298272460e+06	2.1517163966e-01	1.4503216934e+02
8.7298272460e+06	2.1521691827e-01	1.4502599740e+02
8.7298272460e+06	2.1526095804e-01	1.4501997587e+02
8.7298272460e+06	2.1530373402e-01	1.4501410627e+02
8.7298272460e+06	2.1534522015e-01	1.4500839010e+02
8.7298272460e+06	2.1538538848e-01	1.4500282897e+02
8.7298272460e+06	2.1542420920e-01	1.4499742458e+02
8.7298272460e+06	2.1546165055e-01	1.4499217870e+02
8.7298272460e+06	2.1549767866e-01	1.4498709324e+02
8.7298272460e+06	2.1553225749e-01	1.4498217018e+02
8.7298272460e+06	2.1556534846e-01	1.4497741167e+02
8.7298272460e+06	2.1559691070e-01	1.4497281998e+02
8.7298272460e+06	2.1562690071e-01	1.4496839755e+02
8.7298272460e+06	2.1565527235e-01	1.4496414701e+02
8.7298272460e+06	2.1568197673e-01	1.4496007119e+02
8.7298272460e+06	2.1570696226e-01	1.4495617317e+02
8.7298272460e+06	2.1573017461e-01	1.4495245628e+02
8.7298272460e+06	2.1575155679e-01	1.4494892420e+02
8.7298272460e+06	2.1577104933e-01	1.4494558097e+02
8.7298272460e+06	2.1578859049e-01	1.4494243106e+02
8.7298272460e+06	2.1580411660e-01	1.4493947945e+02
8.7298272460e+06	2.1581756249e-01	1.4493673171e+02
8.7298272460e+06	2.1582885178e-01	1.4493419556e+02
8.7298272460e+06	2.1583790989e-01	1.4493187926e+02
8.7298272460e+06	2.1584468728e-01	1.4492978888e+02
8.7298272460e+06	2.1584912006e-01	1.4492793388e+02
8.7298272460e+06	2.1585114732e-01	1.4492632524e+02
8.7298272460e+06	2.1585071241e-01	1.4492497576e+02
8.7298272460e+06	2.1584776284e-01	1.4492390052e+02
8.7298272460e+06	2.1584223316e-01	1.4492311817e+02
8.7298272460e+06	2.1583381088e-01	1.4492266385e+02
8.7298272460e+06	2.1581902361e-01	1.4492276494e+02
8.7298272460e+06	2.1590248561e-01	1.4490981298e+02
8.7298272460e+06	2.1594473003e-01	1.4490247459e+02
8.7298272460e+06	2.1596813202e-01	1.4489753201e+02
8.7298272460e+06	2.1596896505e-01	1.4489854564e+02
8.7298272460e+06	2.1595317460e-01	1.4491207150e+02
8.7298272460e+06	2.1591700846e-01	1.4494047646e+02
8.7298272460e+06	2.1589101466e-01	1.4496441218e+02
8.7298272460e+06	2.1592732494e-01	1.4496470904e+02
8.7298272460e+06	2.1598014205e-01	1.4495828292e+02
8.7298272460e+06	2.1601766076e-01	1.4495363448e+02
8.7298272460e+06	2.1602187897e-01	1.4495312728e+02
8.7298272460e+06	2.1599260198e-01	1.4495680894e+02
8.7298272460e+06	2.1592043413e-01	1.4496586373e+02
8.7298272460e+06	2.1578424311e-01	1.4498294566e+02
8.7298272460e+06	2.1554832649e-01	1.4501254113e+02
8.7298272460e+06	2.1515434440e-01	1.4506200181e+02
8.7298272460e+06	2.1450950542e-01	1.4514306144e+02
8.7298272460e+06	2.1346706006e-01	1.4527439080e+02
8.7298272460e+06	2.1198830331e-01	1.4546127288e+02
8.7298272460e+06	2.1051948246e-01	1.4564750889e+02
8.7298272460e+06	2.0906455044e-01	1.4583271049e+02
8.7298272460e+06	2.0762438932e-01	1.4601687259e+02
8.7240355965e+06	2.0619961049e-01	1.4652215901e+02
8.7240355965e+06	2.0616221559e-01	1.4643423784e+02
8.7240355965e+06	2.0620925657e-01	1.4642763343e+02
8.7240355965e+06	2.0625495575e-01	1.4642121006e+02
8.7240355965e+06	2.0629929345e-01	1.4641496613e+02
8.7240355965e+06	2.0634224866e-01	1.4640890318e+02
8.7240355965e+06	2.0638379959e-01	1.4640302275e+02
8.7240355965e+06	2.0642392272e-01	1.4639732651e+02
8.7240355965e+06	2.0646259346e-01	1.4639181615e+02
8.7240355965e+06	2.0649978562e-01	1.4638649345e+02
8.7240355965e+06	2.0653547143e-01	1.4638136027e+02
8.7240355965e+06	2.0656962149e-01	1.4637641857e+02
8.7240355965e+06	2.0660220427e-01	1.4637167040e+02
8.7240355965e+06	2.0663318658e-01	1.4636711794e+02
8.7240355965e+06	2.0666253307e-01	1.4636276345e+02
8.7240355965e+06	2.0669020614e-01	1.4635860935e+02
8.7240355965e+06	2.0671616590e-01	1.4635465820e+02
8.7240355965e+06	2.0674036998e-01	1.4635091274e+02
8.7240355965e+06	2.0676277349e-01	1.4634737587e+02
8.7240355965e+06	2.0678332890e-01	1.4634405072e+02
8.7240355965e+06	2.0680198597e-01	1.4634094064e+02
8.7240355965e+06	2.0681869173e-01	1.4633804926e+02
8.7240355965e+06	2.0683339048e-01	1.4633538050e+02
8.7240355965e+06	2.0684602384e-01	1.4633293863e+02
8.7240355965e+06	2.0685653088e-01	1.4633072833e+02
8.7240355965e+06	2.0686484831e-01	1.4632875474e+02
8.7240355965e+06	2.0687091075e-01	1.4632702354e+02
8.7240355965e+06	2.0687465115e-01	1.4632554105e+02
8.7240355965e+06	2.0687600126e-01	1.4632431434e+02
8.7240355965e+06	2.0687489233e-01	1.4632335138e+02
8.7240355965e+06	2.0687125590e-01	1.4632266120e+02
8.7240355965e+06	2.0686502473e-01	1.4632225410e+02
8.7240355965e+06	2.0685613396e-01	1.4632214191e+02
8.7240355965e+06	2.0684452231e-01	1.4632233832e+02
8.7240355965e+06	2.0683010643e-01	1.4632286294e+02
8.7240355965e+06	2.0681283227e-01	1.4632373440e+02
8.7240355965e+06	2.0679260503e-01	1.4632497585e+02
8.7240355965e+06	2.0676845759e-01	1.4632670846e+02
8.7240355965e+06	2.0681582234e-01	1.4631766435e+02
8.7240355965e+06	2.0685848485e-01	1.4631019083e+02
8.7240355965e+06	2.0688251335e-01	1.4630507467e+02
8.7240355965e+06	2.0688063115e-01	1.4630606151e+02
8.7240355965e+06	2.0685610053e-01	1.4632101534e+02
8.7240355965e+06	2.0680670678e-01	1.4635504473e+02
8.7240355965e+06	2.0675819112e-01	1.4638842769e+02
8.7240355965e+06	2.0678438827e-01	1.4639264397e+02
8.7240355965e+06	2.0683936798e-01	1.4638579685e+02
8.7240355965e+06	2.0688060249e-01	1.4638049045e+02
8.7240355965e+06	2.0688877212e-01	1.4637945180e+02
8.7240355965e+06	2.0686224230e-01	1.4638291925e+02
8.7240355965e+06	2.0679310384e-01	1.4639193108e+02
8.7240355965e+06	2.0666105761e-01	1.4640913619e+02
8.7240355965e+06	2.0643133641e-01	1.4643907401e+02
8.7240355965e+06	2.0604698758e-01	1.4648920284e+02
8.7240355965e+06	2.0541735486e-01	1.4657143938e+02
8.7240355965e+06	2.0439877321e-01	1.4670479474e+02
8.7240355965e+06	2.0295774436e-01	1.4689400155e+02
8.7240355965e+06	2.0152716912e-01	1.4708259786e+02
8.7240355965e+06	2.0011017953e-01	1.4727020114e+02
8.7240355965e+06	1.9870790914e-01	1.4745703108e+02
8.7163489101e+06	1.9732031675e-01	1.4807701855e+02
8.7163489101e+06	1.9557303930e-01	1.4842243569e+02
8.7163489101e+06	1.9562065863e-01	1.4841539001e+02
8.7163489101e+06	1.9566690507e-01	1.4840853249e+02
8.7163489101e+06	1.9571175611e-01	1.4840186868e+02
8.7163489101e+06	1.9575518860e-01	1.4839540034e+02
8.7163489101e+06	1.9579717750e-01	1.4838912937e+02
8.7163489101e+06	1.9583769639e-01	1.4838305772e+02
8.7163489101e+06	1.9587671730e-01	1.4837718743e+02
8.7163489101e+06	1.9591421035e-01	1.4837152065e+02
8.7163489101e+06	1.9595014376e-01	1.4836605964e+02
8.7163489101e+06	1.9598448366e-01	1.4836080679e+02
8.7163489101e+06	1.9601719397e-01	1.4835576461e+02
8.7163489101e+06	1.9604823625e-01	1.4835093578e+02
8.7163489101e+06	1.9607756959e-01	1.4834632312e+02
8.7163489101e+06	1.9610515043e-01	1.4834192964e+02
8.7163489101e+06	1.9613093247e-01	1.4833775854e+02
8.7163489101e+06	1.9615486654e-01	1.4833381324e+02
8.7163489101e+06	1.9617690052e-01	1.4833009739e+02
8.7163489101e+06	1.9619697925e-01	1.4832661493e+02
8.7163489101e+06	1.9621504459e-01	1.4832337009e+02
8.7163489101e+06	1.9623103533e-01	1.4832036744e+02
8.7163489101e+06	1.9624488741e-01	1.4831761193e+02
8.7163489101e+06	1.9625653404e-01	1.4831510895e+02
8.7163489101e+06	1.9626590595e-01	1.4831286439e+02
8.7163489101e+06	1.9627293181e-01	1.4831088473e+02
8.7163489101e+06	1.9627753875e-01	1.4830917712e+02
8.7163489101e+06	1.9627965303e-01	1.4830774950e+02
8.7163489101e+06	1.9627920088e-01	1.4830661075e+02
8.7163489101e+06	1.9627610951e-01	1.4830577090e+02
8.7163489101e+06	1.9627030834e-01	1.4830524129e+02
8.7163489101e+06	1.9626173034e-01	1.4830503492e+02
8.7163489101e+06	1.9625031337e-01	1.4830516674e+02
8.7163489101e+06	1.9623599916e-01	1.4830565422e+02
8.7163489101e+06	1.9621870076e-01	1.4830651999e+02
8.7163489101e+06	1.9619783708e-01	1.4830782589e+02
8.7163489101e+06	1.9620702845e-01	1.4830418506e+02
8.7163489101e+06	1.9625944145e-01	1.4829510750e+02
8.7163489101e+06	1.9629857824e-01	1.4828737261e+02
8.7163489101e+06	1.9631572624e-01	1.4828281432e+02
8.7163489101e+06	1.9630700615e-01	1.4828677159e+02
8.7163489101e+06	1.9628097182e-01	1.4830695405e+02
8.7163489101e+06	1.9623236260e-01	1.4834232261e+02
8.7163489101e+06	1.9622250444e-01	1.4836086251e+02
8.7163489101e+06	1.9627438234e-01	1.4835572689e+02
8.7163489101e+06	1.9632611907e-01	1.4834873050e+02
8.7163489101e+06	1.9635417303e-01	1.4834492458e+02
8.7163489101e+06	1.9633858693e-01	1.4834708072e+02
8.7163489101e+06	1.9628099171e-01	1.4835499756e+02
8.7163489101e+06	1.9616479908e-01	1.4837095938e+02
8.7163489101e+06	1.9595904522e-01	1.4839922878e+02
8.7163489101e+06	1.9561213990e-01	1.4844692964e+02
8.7163489101e+06	1.9504152684e-01	1.4852550696e+02
8.7163489101e+06	1.9411651808e-01	1.4865316695e+02
8.7163489101e+06	1.9272077026e-01	1.4884641498e+02
8.7163489101e+06	1.9133441944e-01	1.4903925779e+02
8.7163489101e+06	1.8996144377e-01	1.4923131663e+02
8.7163489101e+06	1.8860300236e-01	1.4942249126e+02
8.7105191295e+06	1.8725928601e-01	1.4994805226e+02
8.7105191295e+06	1.9355246955e-01	1.4808311660e+02
8.7105191295e+06	1.9360739126e-01	1.4807493979e+02
8.7105191295e+06	1.9366094441e-01	1.4806698724e+02
8.7105191295e+06	1.9371310498e-01	1.4805922721e+02
8.7105191295e+06	1.9376384715e-01	1.4805166170e+02
8.7105191295e+06	1.9381314344e-01	1.4804429285e+02
8.7105191295e+06	1.9386096514e-01	1.4803712278e+02
8.7105191295e+06	1.9390728103e-01	1.4803015388e+02
8.7105191295e+06	1.9395205833e-01	1.4802338856e+02
8.7105191295e+06	1.9399526204e-01	1.4801682940e+02
8.7105191295e+06	1.9403685454e-01	1.4801047918e+02
8.7105191295e+06	1.9407679605e-01	1.4800434079e+02
8.7105191295e+06	1.9411504402e-01	1.4799841733e+02
8.7105191295e+06	1.9415155314e-01	1.4799271211e+02
8.7105191295e+06	1.9418627517e-01	1.4798722864e+02
8.7105191295e+06	1.9421915879e-01	1.4798197070e+02
8.7105191295e+06	1.9425014947e-01	1.4797694232e+02
8.7105191295e+06	1.9427918943e-01	1.4797215776e+02
8.7105191295e+06	1.9430621742e-01	1.4796761598e+02
8.7105191295e+06	1.9433116888e-01	1.4796331937e+02
8.7105191295e+06	1.9435397587e-01	1.4795927348e+02
8.7105191295e+06	1.9437456715e-01	1.4795548430e+02
8.7105191295e+06	1.9439286132e-01	1.4795195936e+02
8.7105191295e+06	1.9440877580e-01	1.4794870654e+02
8.7105191295e+06	1.9442224139e-01	1.4794573202e+02
8.7105191295e+06	1.9443317640e-01	1.4794304429e+02
8.7105191295e+06	1.9444149794e-01	1.4794065271e+02
8.7105191295e+06	1.9444712272e-01	1.4793856761e+02
8.7105191295e+06	1.9444996814e-01	1.4793680054e+02
8.7105191295e+06	1.9444995355e-01	1.4793536439e+02
8.7105191295e+06	1.9444700163e-01	1.4793427373e+02
8.7105191295e+06	1.9444104007e-01	1.4793354508e+02
8.7105191295e+06	1.9443200295e-01	1.4793319734e+02
8.7105191295e+06	1.9441982868e-01	1.4793325253e+02
8.7105191295e+06	1.9440441109e-01	1.4793374029e+02
8.7105191295e+06	1.9438495186e-01	1.4793475182e+02
8.7105191295e+06	1.9440894023e-01	1.4792874681e+02
8.7105191295e+06	1.9445494622e-01	1.4792047100e+02
8.7105191295e+06	1.9448116833e-01	1.4791460865e+02
8.7105191295e+06	1.9447505127e-01	1.4791468391e+02
8.7105191295e+06	1.9443508577e-01	1.4792909651e+02
8.7105191295e+06	1.9436492453e-01	1.4796725765e+02
8.7105191295e+06	1.9427298586e-01	1.4801659687e+02
8.7105191295e+06	1.9426687428e-01	1.4803206497e+02
8.7105191295e+06	1.9432255231e-01	1.4802529833e+02
8.7105191295e+06	1.9436907826e-01	1.4801902516e+02
8.7105191295e+06	1.9438455095e-01	1.4801694456e+02
8.7105191295e+06	1.9436292905e-01	1.4801991418e+02
8.7105191295e+06	1.9429967416e-01	1.4802856694e+02
8.7105191295e+06	1.9417631541e-01	1.4804543241e+02
8.7105191295e+06	1.9396009163e-01	1.4807500026e+02
8.7105191295e+06	1.9359720950e-01	1.4812466329e+02
8.7105191295e+06	1.9300185205e-01	1.4820626228e+02
8.7105191295e+06	1.9203832029e-01	1.4833857605e+02
8.7105191295e+06	1.9068253968e-01	1.4852535909e+02
8.7105191295e+06	1.8933641392e-01	1.4871162368e+02
8.7105191295e+06	1.8800408202e-01	1.4889712238e+02
8.7105191295e+06	1.8668651125e-01	1.4908149266e+02
8.7002905516e+06	1.8538365892e-01	1.4985451685e+02
8.7002905516e+06	1.7678509841e-01	1.5212043296e+02
8.7002905516e+06	1.7683131936e-01	1.5211283437e+02
8.7002905516e+06	1.7687611686e-01	1.5210542566e+02
8.7002905516e+06	1.7691946814e-01	1.5209824403e+02
8.7002905516e+06	1.7696134904e-01	1.5209129174e+02
8.7002905516e+06	1.7700173363e-01	1.5208457125e+02
8.7002905516e+06	1.7704059451e-01	1.5207808510e+02
8.7002905516e+06	1.7707790292e-01	1.5207183591e+02
8.7002905516e+06	1.7711362783e-01	1.5206582651e+02
8.7002905516e+06	1.7714773655e-01	1.5206005983e+02
8.7002905516e+06	1.7718019427e-01	1.5205453896e+02
8.7002905516e+06	1.7721096369e-01	1.5204926721e+02
8.7002905516e+06	1.7724000533e-01	1.5204424804e+02
8.7002905516e+06	1.7726727707e-01	1.5203948512e+02
8.7002905516e+06	1.7729273405e-01	1.5203498235e+02
8.7002905516e+06	1.7731632858e-01	1.5203074384e+02
8.7002905516e+06	1.7733800994e-01	1.5202677400e+02
8.7002905516e+06	1.7735772429e-01	1.5202307747e+02
8.7002905516e+06	1.7737541456e-01	1.5201965922e+02
8.7002905516e+06	1.7739102038e-01	1.5201652452e+02
8.7002905516e+06	1.7740447803e-01	1.5201367898e+02
8.7002905516e+06	1.7741568947e-01	1.5201113373e+02
8.7002905516e+06	1.7742460684e-01	1.5200889146e+02
8.7002905516e+06	1.7743116078e-01	1.5200695839e+02
8.7002905516e+06	1.7743527483e-01	1.5200534190e+02
8.7002905516e+06	1.7743687008e-01	1.5200404994e+02
8.7002905516e+06	1.7743586572e-01	1.5200309106e+02
8.7002905516e+06	1.7743217971e-01	1.5200247450e+02
8.7002905516e+06	1.7742572959e-01	1.5200221029e+02
8.7002905516e+06	1.7741643361e-01	1.5200230939e+02
8.7002905516e+06	1.7740421189e-01	1.5200278383e+02
8.7002905516e+06	1.7738898790e-01	1.5200364694e+02
8.7002905516e+06	1.7737069009e-01	1.5200491359e+02
8.7002905516e+06	1.7734925340e-01	1.5200660056e+02
8.7002905516e+06	1.7732461806e-01	1.5200872718e+02
8.7002905516e+06	1.7729669137e-01	1.5201131896e+02
8.7002905516e+06	1.7726482070e-01	1.5201445206e+02
8.7002905516e+06	1.7727027747e-01	1.5201076568e+02
8.7002905516e+06	1.7732247682e-01	1.5200042898e+02
8.7002905516e+06	1.7735670278e-01	1.5199217084e+02
8.7002905516e+06	1.7736117079e-01	1.5198878992e+02
8.7002905516e+06	1.7733552617e-01	1.5199761357e+02
8.7002905516e+06	1.7728971793e-01	1.5202782315e+02
8.7002905516e+06	1.7722808496e-01	1.5206779079e+02
8.7002905516e+06	1.7724049495e-01	1.5207740866e+02
8.7002905516e+06	1.7729951164e-01	1.5206890771e+02
8.7002905516e+06	1.7734645164e-01	1.5206177961e+02
8.7002905516e+06	1.7735881490e-01	1.5205990933e+02
8.7002905516e+06	1.7733776161e-01	1.5206315616e+02
8.7002905516e+06	1.7727698982e-01	1.5207249715e+02
8.7002905516e+06	1.7715821696e-01	1.5209074634e+02
8.7002905516e+06	1.7694945234e-01	1.5212283632e+02
8.7002905516e+06	1.7659853826e-01	1.5217683621e+02
8.7002905516e+06	1.7602226716e-01	1.5226568865e+02
8.7002905516e+06	1.7508927328e-01	1.5240999336e+02
8.7002905516e+06	1.7377985623e-01	1.5261335489e+02
8.7002905516e+06	1.7248152937e-01	1.5281615194e+02
8.7002905516e+06	1.7119679132e-01	1.5301822738e+02
8.7002905516e+06	1.6992676995e-01	1.5321937433e+02
8.6983905790e+06	1.6867153157e-01	1.5353258600e+02
8.6983905790e+06	1.7630759996e-01	1.5134549443e+02
8.6983905790e+06	1.7636790071e-01	1.5133553306e+02
8.6983905790e+06	1.7642678792e-01	1.5132582590e+02
8.6983905790e+06	1.7648423533e-01	1.5131634052e+02
8.6983905790e+06	1.7654021480e-01	1.5130707950e+02
8.6983905790e+06	1.7659469589e-01	1.5129804567e+02
8.6983905790e+06	1.7664764688e-01	1.5128924191e+02
8.6983905790e+06	1.7669903389e-01	1.5128067130e+02
8.6983905790e+06	1.7674882091e-01	1.5127233712e+02
8.6983905790e+06	1.7679696966e-01	1.5126424283e+02
8.6983905790e+06	1.7684343943e-01	1.5125639210e+02
8.6983905790e+06	1.7688818706e-01	1.5124878880e+02
8.6983905790e+06	1.7693116624e-01	1.5124143714e+02
8.6983905790e+06	1.7697232829e-01	1.5123434150e+02
8.6983905790e+06	1.7701162101e-01	1.5122750663e+02
8.6983905790e+06	1.7704898933e-01	1.5122093754e+02
8.6983905790e+06	1.7708437480e-01	1.5121463960e+02
8.6983905790e+06	1.7711771530e-01	1.5120861859e+02
8.6983905790e+06	1.7714894545e-01	1.5120288064e+02
8.6983905790e+06	1.7717799602e-01	1.5119743239e+02
8.6983905790e+06	1.7720479430e-01	1.5119228091e+02
8.6983905790e+06	1.7722926395e-01	1.5118743387e+02
8.6983905790e+06	1.7725132513e-01	1.5118289947e+02
8.6983905790e+06	1.7727089467e-01	1.5117868662e+02
8.6983905790e+06	1.7728788632e-01	1.5117480495e+02
8.6983905790e+06	1.7730221120e-01	1.5117126492e+02
8.6983905790e+06	1.7731377829e-01	1.5116807791e+02
8.6983905790e+06	1.7732249503e-01	1.5116525638e+02
8.6983905790e+06	1.7732824599e-01	1.5116281767e+02
8.6983905790e+06	1.7733094368e-01	1.5116078302e+02
8.6983905790e+06	1.7733051044e-01	1.5115916372e+02
8.6983905790e+06	1.7732685762e-01	1.5115797538e+02
8.6983905790e+06	1.7731990090e-01	1.5115723899e+02
8.6983905790e+06	1.7730956200e-01	1.5115697826e+02
8.6983905790e+06	1.7729577024e-01	1.5115722008e+02
8.6983905790e+06	1.7727846234e-01	1.5115799539e+02
8.6983905790e+06	1.7725755827e-01	1.5115934243e+02
8.6983905790e+06	1.7723262317e-01	1.5116134439e+02
8.6983905790e+06	1.7719827021e-01	1.5116467023e+02
8.6983905790e+06	1.7725025901e-01	1.5115484491e+02
8.6983905790e+06	1.7728758129e-01	1.5114711177e+02
8.6983905790e+06	1.7729129934e-01	1.5114492651e+02
8.6983905790e+06	1.7723918488e-01	1.5115744978e+02
8.6983905790e+06	1.7713255982e-01	1.5120072509e+02
8.6983905790e+06	1.7695603559e-01	1.5128497243e+02
8.6983905790e+06	1.7681412802e-01	1.5135104961e+02
8.6983905790e+06	1.7684029412e-01	1.5135465481e+02
8.6983905790e+06	1.7689660487e-01	1.5134626544e+02
8.6983905790e+06	1.7693211933e-01	1.5134092315e+02
8.6983905790e+06	1.7692311847e-01	1.5134230994e+02
8.6983905790e+06	1.7687530990e-01	1.5134958765e+02
8.6983905790e+06	1.7677479108e-01	1.5136487622e+02
8.6983905790e+06	1.7659406195e-01	1.5139237048e+02
8.6983905790e+06	1.7628734228e-01	1.5143907240e+02
8.6983905790e+06	1.7578128540e-01	1.5151624894e+02
8.6983905790e+06	1.7495960251e-01	1.5164189747e+02
8.6983905790e+06	1.7366721088e-01	1.5184029607e+02
8.6983905790e+06	1.7238483274e-01	1.5203809793e+02
8.6983905790e+06	1.7111635364e-01	1.5223484400e+02
8.6983905790e+06	1.6986318134e-01	1.5243069049e+02
8.6888021035e+06	1.6862520092e-01	1.5319555691e+02
8.6888021035e+06	1.5909465219e-01	1.5591033793e+02
8.6888021035e+06	1.5913712279e-01	1.5590240822e+02
8.6888021035e+06	1.5917799162e-01	1.5589472260e+02
8.6888021035e+06	1.5921722360e-01	1.5588732632e+02
8.6888021035e+06	1.5925478134e-01	1.5588022371e+02
8.6888021035e+06	1.5929062453e-01	1.5587341944e+02
8.6888021035e+06	1.5932471045e-01	1.5586691842e+02
8.6888021035e+06	1.5935699326e-01	1.5586072591e+02
8.6888021035e+06	1.5938742393e-01	1.5585484751e+02
8.6888021035e+06	1.5941595002e-01	1.5584928920e+02
8.6888021035e+06	1.5944251551e-01	1.5584405737e+02
8.6888021035e+06	1.5946706058e-01	1.5583915881e+02
8.6888021035e+06	1.5948952141e-01	1.5583460079e+02
8.6888021035e+06	1.5950983009e-01	1.5583039107e+02
8.6888021035e+06	1.5952791444e-01	1.5582653790e+02
8.6888021035e+06	1.5954369801e-01	1.5582305008e+02
8.6888021035e+06	1.5955710000e-01	1.5581993699e+02
8.6888021035e+06	1.5956803539e-01	1.5581720859e+02
8.6888021035e+06	1.5957641510e-01	1.5581487547e+02
8.6888021035e+06	1.5958214624e-01	1.5581294888e+02
8.6888021035e+06	1.5958513265e-01	1.5581144074e+02
8.6888021035e+06	1.5958527543e-01	1.5581036370e+02
8.6888021035e+06	1.5958247380e-01	1.5580973117e+02
8.6888021035e+06	1.5957662610e-01	1.5580955739e+02
8.6888021035e+06	1.5956763110e-01	1.5580985748e+02
8.6888021035e+06	1.5955538948e-01	1.5581064757e+02
8.6888021035e+06	1.5953980565e-01	1.5581194492e+02
8.6888021035e+06	1.5952078968e-01	1.5581376813e+02
8.6888021035e+06	1.5949825873e-01	1.5581613748e+02
8.6888021035e+06	1.5947211712e-01	1.5581907856e+02
8.6888021035e+06	1.5944214276e-01	1.5582263251e+02
8.6888021035e+06	1.5940596339e-01	1.5582708315e+02
8.6888021035e+06	1.5952643437e-01	1.5580000094e+02
8.6888021035e+06	1.5954874901e-01	1.5579132513e+02
8.6888021035e+06	1.5951988378e-01	1.5579741281e+02
8.6888021035e+06	1.5946872465e-01	1.5582566293e+02
8.6888021035e+06	1.5939440535e-01	1.5587015398e+02
8.6888021035e+06	1.5939378144e-01	1.5588432617e+02
8.6888021035e+06	1.5945512674e-01	1.5587429094e+02
8.6888021035e+06	1.5950572762e-01	1.5586550770e+02
8.6888021035e+06	1.5951799745e-01	1.5586338351e+02
8.6888021035e+06	1.5949903582e-01	1.5586671905e+02
8.6888021035e+06	1.5944243733e-01	1.5587664566e+02
8.6888021035e+06	1.5933083023e-01	1.5589621546e+02
8.6888021035e+06	1.5913362156e-01	1.5593081952e+02
8.6888021035e+06	1.5880139435e-01	1.5598919847e+02
8.6888021035e+06	1.5825538989e-01	1.5608537949e+02
8.6888021035e+06	1.5737107004e-01	1.5624179761e+02
8.6888021035e+06	1.5613657102e-01	1.5646139586e+02
8.6888021035e+06	1.5491428991e-01	1.5668031048e+02
8.6888021035e+06	1.5370702534e-01	1.5689822142e+02
8.6888021035e+06	1.5251398028e-01	1.5711551397e+02
8.6876058642e+06	1.5133514812e-01	1.5740550713e+02
8.6876058642e+06	1.5949166561e-01	1.5482392589e+02
8.6876058642e+06	1.5955684764e-01	1.5481174996e+02
8.6876058642e+06	1.5962051172e-01	1.5479988398e+02
8.6876058642e+06	1.5968262660e-01	1.5478829037e+02
8.6876058642e+06	1.5974315871e-01	1.5477697288e+02
8.6876058642e+06	1.5980207253e-01	1.5476593548e+02
8.6876058642e+06	1.5985933038e-01	1.5475518236e+02
8.6876058642e+06	1.5991489228e-01	1.5474471798e+02
8.6876058642e+06	1.5996871582e-01	1.5473454704e+02
8.6876058642e+06	1.6002075593e-01	1.5472467455e+02
8.6876058642e+06	1.6007096495e-01	1.5471510581e+02
8.6876058642e+06	1.6011929175e-01	1.5470584651e+02
8.6876058642e+06	1.6016568279e-01	1.5469690259e+02
8.6876058642e+06	1.6021008040e-01	1.5468828054e+02
8.6876058642e+06	1.6025242410e-01	1.5467998710e+02
8.6876058642e+06	1.6029264958e-01	1.5467202952e+02
8.6876058642e+06	1.6033068874e-01	1.5466441551e+02
8.6876058642e+06	1.6036646962e-01	1.5465715330e+02
8.6876058642e+06	1.6039991623e-01	1.5465025165e+02
8.6876058642e+06	1.6043094854e-01	1.5464371990e+02
8.6876058642e+06	1.6045948246e-01	1.5463756839e+02
8.6876058642e+06	1.6048542986e-01	1.5463181322e+02
8.6876058642e+06	1.6050869869e-01	1.5462646054e+02
8.6876058642e+06	1.6052919309e-01	1.5462152258e+02
8.6876058642e+06	1.6054681383e-01	1.5461701237e+02
8.6876058642e+06	1.6056145860e-01	1.5461294391e+02
8.6876058642e+06	1.6057302256e-01	1.5460933222e+02
8.6876058642e+06	1.6058137500e-01	1.5460619792e+02
8.6876058642e+06	1.6058641090e-01	1.5460355799e+02
8.6876058642e+06	1.6058804040e-01	1.5460142809e+02
8.6876058642e+06	1.6058615696e-01	1.5459982886e+02
8.6876058642e+06	1.6058065670e-01	1.5459878288e+02
8.6876058642e+06	1.6057143990e-01	1.5459831500e+02
8.6876058642e+06	1.6055841283e-01	1.5459845273e+02
8.6876058642e+06	1.6054148941e-01	1.5459922675e+02
8.6876058642e+06	1.6052059278e-01	1.5460067150e+02
8.6876058642e+06	1.6049555882e-01	1.5460284374e+02
8.6876058642e+06	1.6046621762e-01	1.5460580452e+02
8.6876058642e+06	1.6043148062e-01	1.5460973819e+02
8.6876058642e+06	1.6046724860e-01	1.5460001248e+02
8.6876058642e+06	1.6049323557e-01	1.5459105389e+02
8.6876058642e+06	1.6038970642e-01	1.5461833109e+02
8.6876058642e+06	1.6019943421e-01	1.5469783880e+02
8.6876058642e+06	1.5991969317e-01	1.5482241356e+02
8.6876058642e+06	1.5977538942e-01	1.5488642172e+02
8.6876058642e+06	1.5982627264e-01	1.5488014848e+02
8.6876058642e+06	1.5987987984e-01	1.5487097717e+02
8.6876058642e+06	1.5989698060e-01	1.5486805077e+02
8.6876058642e+06	1.5987938757e-01	1.5487110664e+02
8.6876058642e+06	1.5982341902e-01	1.5488079268e+02
8.6876058642e+06	1.5971221213e-01	1.5490003475e+02
8.6876058642e+06	1.5951561650e-01	1.5493407353e+02
8.6876058642e+06	1.5918456385e-01	1.5499146815e+02
8.6876058642e+06	1.5864034065e-01	1.5508604246e+02
8.6876058642e+06	1.5775900671e-01	1.5523985116e+02
8.6876058642e+06	1.5653305054e-01	1.5545503184e+02
8.6876058642e+06	1.5532072108e-01	1.5566911338e+02
8.6876058642e+06	1.5412415902e-01	1.5588175043e+02
8.6876058642e+06	1.5294290489e-01	1.5609333135e+02
8.6793494719e+06	1.5177753235e-01	1.5681019263e+02
8.6793494719e+06	1.5019303458e-01	1.5709781622e+02
8.6793494719e+06	1.5024876291e-01	1.5708658318e+02
8.6793494719e+06	1.5030282605e-01	1.5707566998e+02
8.6793494719e+06	1.5035518040e-01	1.5706508283e+02
8.6793494719e+06	1.5040577961e-01	1.5705482792e+02
8.6793494719e+06	1.5045457367e-01	1.5704491194e+02
8.6793494719e+06	1.5050150967e-01	1.5703534196e+02
8.6793494719e+06	1.5054653105e-01	1.5702612551e+02
8.6793494719e+06	1.5058957711e-01	1.5701727072e+02
8.6793494719e+06	1.5063058322e-01	1.5700878623e+02
8.6793494719e+06	1.5066948036e-01	1.5700068128e+02
8.6793494719e+06	1.5070619531e-01	1.5699296566e+02
8.6793494719e+06	1.5074064958e-01	1.5698564995e+02
8.6793494719e+06	1.5077276026e-01	1.5697874530e+02
8.6793494719e+06	1.5080243924e-01	1.5697226364e+02
8.6793494719e+06	1.5082959338e-01	1.5696621761e+02
8.6793494719e+06	1.5085412439e-01	1.5696062069e+02
8.6793494719e+06	1.5087592900e-01	1.5695548710e+02
8.6793494719e+06	1.5089489911e-01	1.5695083195e+02
8.6793494719e+06	1.5091092205e-01	1.5694667115e+02
8.6793494719e+06	1.5092388114e-01	1.5694302149e+02
8.6793494719e+06	1.5093365617e-01	1.5693990066e+02
8.6793494719e+06	1.5094012436e-01	1.5693732722e+02
8.6793494719e+06	1.5094316139e-01	1.5693532069e+02
8.6793494719e+06	1.5094264261e-01	1.5693390150e+02
8.6793494719e+06	1.5093844468e-01	1.5693309114e+02
8.6793494719e+06	1.5093037963e-01	1.5693292574e+02
8.6793494719e+06	1.5091832533e-01	1.5693343048e+02
8.6793494719e+06	1.5090223740e-01	1.5693461793e+02
8.6793494719e+06	1.5088201730e-01	1.5693651508e+02
8.6793494719e+06	1.5085757027e-01	1.5693915214e+02
8.6793494719e+06	1.5082869056e-01	1.5694257911e+02
8.6793494719e+06	1.5079339407e-01	1.5694710534e+02
8.6793494719e+06	1.5089668592e-01	1.5692239078e+02
8.6793494719e+06	1.5091546527e-01	1.5691435247e+02
8.6793494719e+06	1.5085382465e-01	1.5692461219e+02
8.6793494719e+06	1.5072753906e-01	1.5696665794e+02
8.6793494719e+06	1.5054629718e-01	1.5704814621e+02
8.6793494719e+06	1.5041907715e-01	1.5710581701e+02
8.6793494719e+06	1.5046561307e-01	1.5710037279e+02
8.6793494719e+06	1.5052249958e-01	1.5708977849e+02
8.6793494719e+06	1.5054345503e-01	1.5708586796e+02
8.6793494719e+06	1.5052822512e-01	1.5708874959e+02
8.6793494719e+06	1.5047532623e-01	1.5709871574e+02
8.6793494719e+06	1.5036872456e-01	1.5711879897e+02
8.6793494719e+06	1.5017954979e-01	1.5715446558e+02
8.6793494719e+06	1.4986055627e-01	1.5721469890e+02
8.6793494719e+06	1.4933625561e-01	1.5731395630e+02
8.6793494719e+06	1.4848673855e-01	1.5747551389e+02
8.6793494719e+06	1.4730869541e-01	1.5770106308e+02
8.6793494719e+06	1.4614483667e-01	1.5792551878e+02
8.6793494719e+06	1.4499712836e-01	1.5814839125e+02
8.6793494719e+06	1.4386486835e-01	1.5837009358e+02
8.6747267250e+06	1.4274874352e-01	1.5887907029e+02
8.6747267250e+06	1.4211999219e-01	1.5902365281e+02
8.6747267250e+06	1.4218242277e-01	1.5901001839e+02
8.6747267250e+06	1.4224316624e-01	1.5899673720e+02
8.6747267250e+06	1.4230217856e-01	1.5898381674e+02
8.6747267250e+06	1.4235941303e-01	1.5897126386e+02
8.6747267250e+06	1.4241482045e-01	1.5895908573e+02
8.6747267250e+06	1.4246834467e-01	1.5894729082e+02
8.6747267250e+06	1.4251993053e-01	1.5893588718e+02
8.6747267250e+06	1.4256952019e-01	1.5892488317e+02
8.6747267250e+06	1.4261704992e-01	1.5891428821e+02
8.6747267250e+06	1.4266245232e-01	1.5890411222e+02
8.6747267250e+06	1.4270565598e-01	1.5889436575e+02
8.6747267250e+06	1.4274658489e-01	1.5888506005e+02
8.6747267250e+06	1.4278515849e-01	1.5887620708e+02
8.6747267250e+06	1.4282129145e-01	1.5886781956e+02
8.6747267250e+06	1.4285489355e-01	1.5885991098e+02
8.6747267250e+06	1.4288586964e-01	1.5885249567e+02
8.6747267250e+06	1.4291411952e-01	1.5884558879e+02
8.6747267250e+06	1.4293953805e-01	1.5883920639e+02
8.6747267250e+06	1.4296201523e-01	1.5883336543e+02
8.6747267250e+06	1.4298143641e-01	1.5882809337e+02
8.6747267250e+06	1.4299768263e-01	1.5882342104e+02
8.6747267250e+06	1.4301063108e-01	1.5881934991e+02
8.6747267250e+06	1.4302015574e-01	1.5881590101e+02
8.6747267250e+06	1.4302612813e-01	1.5881309645e+02
8.6747267250e+06	1.4302841837e-01	1.5881095939e+02
8.6747267250e+06	1.4302689637e-01	1.5880951413e+02
8.6747267250e+06	1.4302143328e-01	1.5880878615e+02
8.6747267250e+06	1.4301176105e-01	1.5880883298e+02
8.6747267250e+06	1.4299788295e-01	1.5880965593e+02
8.6747267250e+06	1.4297969048e-01	1.5881128368e+02
8.6747267250e+06	1.4295707808e-01	1.5881374815e+02
8.6747267250e+06	1.4292995043e-01	1.5881708379e+02
8.6747267250e+06	1.4289820792e-01	1.5882133073e+02
8.6747267250e+06	1.4286150100e-01	1.5882657523e+02
8.6747267250e+06	1.4281556841e-01	1.5883355674e+02
8.6747267250e+06	1.4294221480e-01	1.5880053797e+02
8.6747267250e+06	1.4290285755e-01	1.5880508781e+02
8.6747267250e+06	1.4275353836e-01	1.5884310074e+02
8.6747267250e+06	1.4250860129e-01	1.5894253094e+02
8.6747267250e+06	1.4221815915e-01	1.5906564308e+02
8.6747267250e+06	1.4210238789e-01	1.5911725258e+02
8.6747267250e+06	1.4216280328e-01	1.5910566173e+02
8.6747267250e+06	1.4221140848e-01	1.5909574937e+02
8.6747267250e+06	1.4221369055e-01	1.5909529870e+02
8.6747267250e+06	1.4218344827e-01	1.5910151602e+02
8.6747267250e+06	1.4211111369e-01	1.5911637889e+02
8.6747267250e+06	1.4197582996e-01	1.5914419120e+02
8.6747267250e+06	1.4174235675e-01	1.5919224986e+02
8.6747267250e+06	1.4135389077e-01	1.5927240229e+02
8.6747267250e+06	1.4072024774e-01	1.5940366181e+02
8.6747267250e+06	1.3970100279e-01	1.5961608575e+02
8.6747267250e+06	1.3856456579e-01	1.5985494103e+02
8.6747267250e+06	1.3744487193e-01	1.6009231972e+02
8.6747267250e+06	1.3634186765e-01	1.6032794255e+02
8.6705783903e+06	1.3525465188e-01	1.6082470927e+02
8.6705783903e+06	1.3480883036e-01	1.6092291771e+02
8.6705783903e+06	1.3487279882e-01	1.6090777936e+02
8.6705783903e+06	1.3493499868e-01	1.6089304791e+02
8.6705783903e+06	1.3499538261e-01	1.6087873172e+02
8.6705783903e+06	1.3505390041e-01	1.6086483920e+02
8.6705783903e+06	1.3511049833e-01	1.6085137940e+02
8.6705783903e+06	1.3516511968e-01	1.6083836188e+02
8.6705783903e+06	1.3521770416e-01	1.6082579681e+02
8.6705783903e+06	1.3526818823e-01	1.6081369495e+02
8.6705783903e+06	1.3531650441e-01	1.6080206771e+02
8.6705783903e+06	1.3536258067e-01	1.6079092737e+02
8.6705783903e+06	1.3540634120e-01	1.6078028682e+02
8.6705783903e+06	1.3544770564e-01	1.6077015976e+02
8.6705783903e+06	1.3548658861e-01	1.6076056082e+02
8.6705783903e+06	1.3552290026e-01	1.6075150542e+02
8.6705783903e+06	1.3555654567e-01	1.6074300991e+02
8.6705783903e+06	1.3558742483e-01	1.6073509155e+02
8.6705783903e+06	1.3561542182e-01	1.6072777115e+02
8.6705783903e+06	1.3564038625e-01	1.6072107734e+02
8.6705783903e+06	1.3566224693e-01	1.6071502005e+02
8.6705783903e+06	1.3568088322e-01	1.6070962067e+02
8.6705783903e+06	1.3569616992e-01	1.6070490165e+02
8.6705783903e+06	1.3570797757e-01	1.6070088645e+02
8.6705783903e+06	1.3571617301e-01	1.6069759960e+02
8.6705783903e+06	1.3572062008e-01	1.6069506665e+02
8.6705783903e+06	1.3572118048e-01	1.6069331419e+02
8.6705783903e+06	1.3571771480e-01	1.6069236987e+02
8.6705783903e+06	1.3571008381e-01	1.6069226235e+02
8.6705783903e+06	1.3569814990e-01	1.6069302140e+02
8.6705783903e+06	1.3568176019e-01	1.6069468227e+02
8.6705783903e+06	1.3566077540e-01	1.6069727952e+02
8.6705783903e+06	1.3563509929e-01	1.6070085233e+02
8.6705783903e+06	1.3560461925e-01	1.6070548135e+02
8.6705783903e+06	1.3556923164e-01	1.6071115109e+02
8.6705783903e+06	1.3552880257e-01	1.6071790933e+02
8.6705783903e+06	1.3548243317e-01	1.6072595586e+02
8.6705783903e+06	1.3550902029e-01	1.6071628351e+02
8.6705783903e+06	1.3557271711e-01	1.6069677733e+02
8.6705783903e+06	1.3551322659e-01	1.6070586932e+02
8.6705783903e+06	1.3530742499e-01	1.6075912905e+02
8.6705783903e+06	1.3498179802e-01	1.6088742384e+02
8.6705783903e+06	1.3467216924e-01	1.6101321771e+02
8.6705783903e+06	1.3446218207e-01	1.6109548517e+02
8.6705783903e+06	1.3451911712e-01	1.6108389832e+02
8.6705783903e+06	1.3456870513e-01	1.6107277644e+02
8.6705783903e+06	1.3457184314e-01	1.6107208018e+02
8.6705783903e+06	1.3454337151e-01	1.6107850345e+02
8.6705783903e+06	1.3447446732e-01	1.6109404703e+02
8.6705783903e+06	1.3434524644e-01	1.6112321825e+02
8.6705783903e+06	1.3412204727e-01	1.6117367712e+02
8.6705783903e+06	1.3375069930e-01	1.6125783518e+02
8.6705783903e+06	1.3314472150e-01	1.6139577140e+02
8.6705783903e+06	1.3217013233e-01	1.6161913644e+02
8.6705783903e+06	1.3106161705e-01	1.6187555525e+02
8.6705783903e+06	1.2996988495e-01	1.6213057146e+02
8.6705783903e+06	1.2889450214e-01	1.6238430844e+02
8.6659400809e+06	1.2783710787e-01	1.6293385173e+02
8.6659400809e+06	1.2713737531e-01	1.6312489922e+02
8.6659400809e+06	1.2719963396e-01	1.6310869969e+02
8.6659400809e+06	1.2725989003e-01	1.6309301350e+02
8.6659400809e+06	1.2731809338e-01	1.6307785189e+02
8.6659400809e+06	1.2737419216e-01	1.6306322496e+02
8.6659400809e+06	1.2742813078e-01	1.6304914364e+02
8.6659400809e+06	1.2747985069e-01	1.6303561948e+02
8.6659400809e+06	1.2752929072e-01	1.6302266458e+02
8.6659400809e+06	1.2757638596e-01	1.6301029182e+02
8.6659400809e+06	1.2762106753e-01	1.6299851497e+02
8.6659400809e+06	1.2766326339e-01	1.6298734842e+02
8.6659400809e+06	1.2770289678e-01	1.6297680759e+02
8.6659400809e+06	1.2773988722e-01	1.6296690869e+02
8.6659400809e+06	1.2777414961e-01	1.6295766892e+02
8.6659400809e+06	1.2780559431e-01	1.6294910646e+02
8.6659400809e+06	1.2783412692e-01	1.6294124052e+02
8.6659400809e+06	1.2785964827e-01	1.6293409134e+02
8.6659400809e+06	1.2788203468e-01	1.6292768531e+02
8.6659400809e+06	1.2790119246e-01	1.6292204092e+02
8.6659400809e+06	1.2791700870e-01	1.6291718146e+02
8.6659400809e+06	1.2792936403e-01	1.6291313177e+02
8.6659400809e+06	1.2793813429e-01	1.6290991786e+02
8.6659400809e+06	1.2794319071e-01	1.6290756690e+02
8.6659400809e+06	1.2794440027e-01	1.6290610721e+02
8.6659400809e+06	1.2794162615e-01	1.6290556824e+02
8.6659400809e+06	1.2793472830e-01	1.6290598056e+02
8.6659400809e+06	1.2792356423e-01	1.6290737576e+02
8.6659400809e+06	1.2790798987e-01	1.6290978649e+02
8.6659400809e+06	1.2788786070e-01	1.6291324631e+02
8.6659400809e+06	1.2786289812e-01	1.6291781294e+02
8.6659400809e+06	1.2783300607e-01	1.6292350574e+02
8.6659400809e+06	1.2779812056e-01	1.6293035588e+02
8.6659400809e+06	1.2775810961e-01	1.6293840059e+02
8.6659400809e+06	1.2771284856e-01	1.6294767820e+02
8.6659400809e+06	1.2766221151e-01	1.6295823051e+02
8.6659400809e+06	1.2760587804e-01	1.6297014552e+02
8.6659400809e+06	1.2754069856e-01	1.6298411646e+02
8.6659400809e+06	1.2765570716e-01	1.6294975229e+02
8.6659400809e+06	1.2762872854e-01	1.6295160628e+02
8.6659400809e+06	1.2743641400e-01	1.6299609309e+02
8.6659400809e+06	1.2707474727e-01	1.6311716308e+02
8.6659400809e+06	1.2673722393e-01	1.6325564579e+02
8.6659400809e+06	1.2641919801e-01	1.6337739657e+02
8.6659400809e+06	1.2628258950e-01	1.6343071745e+02
8.6659400809e+06	1.2634543224e-01	1.6341508560e+02
8.6659400809e+06	1.2637913217e-01	1.6340660037e+02
8.6659400809e+06	1.2636812604e-01	1.6340937828e+02
8.6659400809e+06	1.2631987308e-01	1.6342155723e+02
8.6659400809e+06	1.2622103702e-01	1.6344652286e+02
8.6659400809e+06	1.2604542130e-01	1.6349094356e+02
8.6659400809e+06	1.2574934875e-01	1.6356601071e+02
8.6659400809e+06	1.2526269943e-01	1.6368988506e+02
8.6659400809e+06	1.2447767793e-01	1.6389102711e+02
8.6659400809e+06	1.2340295136e-01	1.6416902328e+02
8.6659400809e+06	1.2234447850e-01	1.6444589053e+02
8.6659400809e+06	1.2130412270e-01	1.6472105314e+02
8.6659400809e+06	1.2028181711e-01	1.6499443382e+02
8.6607784625e+06	1.1927670392e-01	1.6560300694e+02
8.6607784625e+06	1.1847039601e-01	1.6581555816e+02
8.6607784625e+06	1.1853339248e-01	1.6579701403e+02
8.6607784625e+06	1.1859424397e-01	1.6577909848e+02
8.6607784625e+06	1.1865289139e-01	1.6576182555e+02
8.6607784625e+06	1.1870927392e-01	1.6574520915e+02
8.6607784625e+06	1.1876332735e-01	1.6572926404e+02
8.6607784625e+06	1.1881498424e-01	1.6571400583e+02
8.6607784625e+06	1.1886417397e-01	1.6569945089e+02
8.6607784625e+06	1.1891082153e-01	1.6568561676e+02
8.6607784625e+06	1.1895484879e-01	1.6567252171e+02
8.6607784625e+06	1.1899617334e-01	1.6566018513e+02
8.6607784625e+06	1.1903470850e-01	1.6564862750e+02
8.6607784625e+06	1.1907036326e-01	1.6563787038e+02
8.6607784625e+06	1.1910304161e-01	1.6562793664e+02
8.6607784625e+06	1.1913264321e-01	1.6561885023e+02
8.6607784625e+06	1.1915906263e-01	1.6561063645e+02
8.6607784625e+06	1.1918218949e-01	1.6560332186e+02
8.6607784625e+06	1.1920190836e-01	1.6559693435e+02
8.6607784625e+06	1.1921809862e-01	1.6559150642e+02
8.6607784625e+06	1.1923063460e-01	1.6558706697e+02
8.6607784625e+06	1.1923938573e-01	1.6558364703e+02
8.6607784625e+06	1.1924421664e-01	1.6558127998e+02
8.6607784625e+06	1.1924487837e-01	1.6558003228e+02
8.6607784625e+06	1.1924130839e-01	1.6557991625e+02
8.6607784625e+06	1.1923337417e-01	1.6558096476e+02
8.6607784625e+06	1.1922092424e-01	1.6558321647e+02
8.6607784625e+06	1.1920380477e-01	1.6558671118e+02
8.6607784625e+06	1.1918186057e-01	1.6559148965e+02
8.6607784625e+06	1.1915493611e-01	1.6559759355e+02
8.6607784625e+06	1.1912287685e-01	1.6560506535e+02
8.6607784625e+06	1.1908550338e-01	1.6561395610e+02
8.6607784625e+06	1.1904265870e-01	1.6562431213e+02
8.6607784625e+06	1.1899423259e-01	1.6563616824e+02
8.6607784625e+06	1.1894008983e-01	1.6564956921e+02
8.6607784625e+06	1.1888008991e-01	1.6566456405e+02
8.6607784625e+06	1.1881377638e-01	1.6568125975e+02
8.6607784625e+06	1.1877191502e-01	1.6569048143e+02
8.6607784625e+06	1.1885638209e-01	1.6566309388e+02
8.6607784625e+06	1.1886780682e-01	1.6565576218e+02
8.6607784625e+06	1.1873165513e-01	1.6568765268e+02
8.6607784625e+06	1.1835650485e-01	1.6580006372e+02
8.6607784625e+06	1.1791406845e-01	1.6597693100e+02
8.6607784625e+06	1.1757612973e-01	1.6611732549e+02
8.6607784625e+06	1.1724837480e-01	1.6624376992e+02
8.6607784625e+06	1.1711718995e-01	1.6629523293e+02
8.6607784625e+06	1.1717508488e-01	1.6627861102e+02
8.6607784625e+06	1.1719640845e-01	1.6627246880e+02
8.6607784625e+06	1.1718373474e-01	1.6627612933e+02
8.6607784625e+06	1.1713818236e-01	1.6628929183e+02
8.6607784625e+06	1.1704602133e-01	1.6631598814e+02
8.6607784625e+06	1.1688134925e-01	1.6636387506e+02
8.6607784625e+06	1.1660183019e-01	1.6644553994e+02
8.6607784625e+06	1.1614111690e-01	1.6658091235e+02
8.6607784625e+06	1.1539922509e-01	1.6680060969e+02
8.6607784625e+06	1.1438679876e-01	1.6710368642e+02
8.6607784625e+06	1.1339092777e-01	1.6740556032e+02
8.6607784625e+06	1.1241322618e-01	1.6770562692e+02
8.6607784625e+06	1.1145346237e-01	1.6800383876e+02
8.6550318470e+06	1.1051225870e-01	1.6868121045e+02
8.6550318470e+06	1.0937473227e-01	1.6907912775e+02
8.6550318470e+06	1.0944055024e-01	1.6905660111e+02
8.6550318470e+06	1.0950407176e-01	1.6903486450e+02
8.6550318470e+06	1.0956522785e-01	1.6901393942e+02
8.6550318470e+06	1.0962394513e-01	1.6899384603e+02
8.6550318470e+06	1.0968014811e-01	1.6897460515e+02
8.6550318470e+06	1.0973375843e-01	1.6895623841e+02
8.6550318470e+06	1.0978469416e-01	1.6893876889e+02
8.6550318470e+06	1.0983286885e-01	1.6892222152e+02
8.6550318470e+06	1.0987819302e-01	1.6890662062e+02
8.6550318470e+06	1.0992057276e-01	1.6889199271e+02
8.6550318470e+06	1.0995991013e-01	1.6887836555e+02
8.6550318470e+06	1.0999610230e-01	1.6886576847e+02
8.6550318470e+06	1.1002904197e-01	1.6885423218e+02
8.6550318470e+06	1.1005861741e-01	1.6884378879e+02
8.6550318470e+06	1.1008471188e-01	1.6883447203e+02
8.6550318470e+06	1.1010720377e-01	1.6882631715e+02
8.6550318470e+06	1.1012596653e-01	1.6881936105e+02
8.6550318470e+06	1.1014086867e-01	1.6881364222e+02
8.6550318470e+06	1.1015177386e-01	1.6880920075e+02
8.6550318470e+06	1.1015854103e-01	1.6880607836e+02
8.6550318470e+06	1.1016101469e-01	1.6880432170e+02
8.6550318470e+06	1.1015900719e-01	1.6880398835e+02
8.6550318470e+06	1.1015240706e-01	1.6880511037e+02
8.6550318470e+06	1.1014105661e-01	1.6880773565e+02
8.6550318470e+06	1.1012479514e-01	1.6881191347e+02
8.6550318470e+06	1.1010345967e-01	1.6881769431e+02
8.6550318470e+06	1.1007688540e-01	1.6882512988e+02
8.6550318470e+06	1.1004490714e-01	1.6883427282e+02
8.6550318470e+06	1.1000726047e-01	1.6884521035e+02
8.6550318470e+06	1.0996373864e-01	1.6885801148e+02
8.6550318470e+06	1.0991431725e-01	1.6887268903e+02
8.6550318470e+06	1.0985885528e-01	1.6888929838e+02
8.6550318470e+06	1.0979718201e-01	1.6890789396e+02
8.6550318470e+06	1.0972903695e-01	1.6892857116e+02
8.6550318470e+06	1.0965393509e-01	1.6895149383e+02
8.6550318470e+06	1.0967144906e-01	1.6894251109e+02
8.6550318470e+06	1.0973464696e-01	1.6891894474e+02
8.6550318470e+06	1.0974265783e-01	1.6891213086e+02
8.6550318470e+06	1.0956524504e-01	1.6896346342e+02
8.6550318470e+06	1.0920287377e-01	1.6908236733e+02
8.6550318470e+06	1.0860882502e-01	1.6932292064e+02
8.6550318470e+06	1.0824730712e-01	1.6948558505e+02
8.6550318470e+06	1.0793034417e-01	1.6962350364e+02
8.6550318470e+06	1.0780986190e-01	1.6968537539e+02
8.6550318470e+06	1.0771697463e-01	1.6972686645e+02
8.6550318470e+06	1.0755984225e-01	1.6978263388e+02
8.6550318470e+06	1.0738480648e-01	1.6983922186e+02
8.6550318470e+06	1.0707168210e-01	1.6994215862e+02
8.6550318470e+06	1.0640407867e-01	1.7017396590e+02
8.6550318470e+06	1.0566304497e-01	1.7043557050e+02
8.6550318470e+06	1.0551141818e-01	1.7048845642e+02
8.6550318470e+06	1.0556435437e-01	1.7046868303e+02
8.6550318470e+06	1.0557011705e-01	1.7046648672e+02
8.6550318470e+06	1.0554176273e-01	1.7047698371e+02
8.6550318470e+06	1.0547463985e-01	1.7050191077e+02
8.6550318470e+06	1.0535099314e-01	1.7054793940e+02
8.6550318470e+06	1.0513994488e-01	1.7062677112e+02
8.6550318470e+06	1.0479221572e-01	1.7075735288e+02
8.6550318470e+06	1.0423003275e-01	1.7097024646e+02
8.6550318470e+06	1.0335578736e-01	1.7130641020e+02
8.6550318470e+06	1.0331161250e-01	1.7133138270e+02
8.6550318470e+06	1.0351293269e-01	1.7126162153e+02
8.6550318470e+06	1.0367267281e-01	1.7120316340e+02
8.6522896773e+06	1.0414286811e-01	1.7120702579e+02
8.6522896773e+06	9.6860137412e-02	1.7499238250e+02
8.6522896773e+06	9.6929121202e-02	1.7496230257e+02
8.6522896773e+06	9.6995728987e-02	1.7493325628e+02
8.6522896773e+06	9.7059906865e-02	1.7490530860e+02
8.6522896773e+06	9.7121600014e-02	1.7487847857e+02
8.6522896773e+06	9.7180749936e-02	1.7485278683e+02
8.6522896773e+06	9.7237298281e-02	1.7482825408e+02
8.6522896773e+06	9.7291181695e-02	1.7480490320e+02
8.6522896773e+06	9.7342336817e-02	1.7478275720e+02
8.6522896773e+06	9.7390706383e-02	1.7476183651e+02
8.6522896773e+06	9.7436248846e-02	1.7474215491e+02
8.6522896773e+06	9.7478813989e-02	1.7472377318e+02
8.6522896773e+06	9.7518245856e-02	1.7470675454e+02
8.6522896773e+06	9.7554473138e-02	1.7469112584e+02
8.6522896773e+06	9.7587565596e-02	1.7467685342e+02
8.6522896773e+06	9.7617498820e-02	1.7466394447e+02
8.6522896773e+06	9.7644199124e-02	1.7465242755e+02
8.6522896773e+06	9.7667587870e-02	1.7464233387e+02
8.6522896773e+06	9.7687582880e-02	1.7463369577e+02
8.6522896773e+06	9.7704099297e-02	1.7462654727e+02
8.6522896773e+06	9.7717048811e-02	1.7462092412e+02
8.6522896773e+06	9.7726326245e-02	1.7461686962e+02
8.6522896773e+06	9.7731846983e-02	1.7461441864e+02
8.6522896773e+06	9.7733515536e-02	1.7461361124e+02
8.6522896773e+06	9.7731140895e-02	1.7461468874e+02
8.6522896773e+06	9.7723908918e-02	1.7461842062e+02
8.6522896773e+06	9.7711616140e-02	1.7462427061e+02
8.6522896773e+06	9.7693895375e-02	1.7463236528e+02
8.6522896773e+06	9.7670312004e-02	1.7464281330e+02
8.6522896773e+06	9.7640381476e-02	1.7465570729e+02
8.6522896773e+06	9.7603598905e-02	1.7467112147e+02
8.6522896773e+06	9.7559117183e-02	1.7468928452e+02
8.6522896773e+06	9.7506029283e-02	1.7471050430e+02
8.6522896773e+06	9.7444116226e-02	1.7473491254e+02
8.6522896773e+06	9.7372966526e-02	1.7476289838e+02
8.6522896773e+06	9.7292838771e-02	1.7479469532e+02
8.6522896773e+06	9.7203530074e-02	1.7483074064e+02
8.6522896773e+06	9.7105538512e-02	1.7487102882e+02
8.6522896773e+06	9.6999084183e-02	1.7491551196e+02
8.6522896773e+06	9.6884015039e-02	1.7496418342e+02
8.6522896773e+06	9.6760313997e-02	1.7501694387e+02
8.6522896773e+06	9.6627898990e-02	1.7507375669e+02
8.6522896773e+06	9.6485330968e-02	1.7513519814e+02
8.6522896773e+06	9.6566796159e-02	1.7509787954e+02
8.6522896773e+06	9.6533428888e-02	1.7511092950e+02
8.6522896773e+06	9.6169580125e-02	1.7526639967e+02
8.6522896773e+06	9.5530920170e-02	1.7554388489e+02
8.6522896773e+06	9.4859204002e-02	1.7584055992e+02
8.6522896773e+06	9.4173495849e-02	1.7614867758e+02
8.6522896773e+06	9.3479725384e-02	1.7646620856e+02
8.6522896773e+06	9.2784592174e-02	1.7679064974e+02
8.6522896773e+06	9.2112129611e-02	1.7711089645e+02
8.6522896773e+06	9.2058046986e-02	1.7713633648e+02
8.6522896773e+06	9.2100259427e-02	1.7711541128e+02
8.6522896773e+06	9.2112061449e-02	1.7710951861e+02
8.6522896773e+06	9.2089512533e-02	1.7712060938e+02
8.6522896773e+06	9.2033410844e-02	1.7714826996e+02
8.6522896773e+06	9.1923380186e-02	1.7720261364e+02
8.6522896773e+06	9.1725636958e-02	1.7730063782e+02
8.6522896773e+06	9.1391115662e-02	1.7746766533e+02
8.6522896773e+06	9.0848688872e-02	1.7774188265e+02
8.6522896773e+06	9.0142980706e-02	1.7810491177e+02
8.6522896773e+06	8.9432172372e-02	1.7847768680e+02
8.6522896773e+06	8.8715452136e-02	1.7886077973e+02
8.6522896773e+06	8.8157139429e-02	1.7916425180e+02
8.6522896773e+06	8.7430419996e-02	1.7956593812e+02
8.6522896773e+06	8.6698724119e-02	1.7997811621e+02
8.6522896773e+06	8.5961790455e-02	1.8040131203e+02
8.6489522496e+06	8.5516656157e-02	1.8089875433e+02
8.6489522496e+06	8.4754600489e-02	1.8137634243e+02
8.6489522496e+06	8.4827343118e-02	1.8133329008e+02
8.6489522496e+06	8.4895414930e-02	1.8129303024e+02
8.6489522496e+06	8.4958563803e-02	1.8125569654e+02
8.6489522496e+06	8.5016539388e-02	1.8122141928e+02
8.6489522496e+06	8.5069093155e-02	1.8119032942e+02
8.6489522496e+06	8.5115978178e-02	1.8116255889e+02
8.6489522496e+06	8.5156945231e-02	1.8113824293e+02
8.6489522496e+06	8.5191699427e-02	1.8111754532e+02
8.6489522496e+06	8.5220085574e-02	1.8110054757e+02
8.6489522496e+06	8.5241665213e-02	1.8108750098e+02
8.6489522496e+06	8.5256215013e-02	1.8107853222e+02
8.6489522496e+06	8.5263789257e-02	1.8107360586e+02
8.6489522496e+06	8.5264254686e-02	1.8107279648e+02
8.6489522496e+06	8.5257420469e-02	1.8107621286e+02
8.6489522496e+06	8.5243095341e-02	1.8108396495e+02
8.6489522496e+06	8.5221089424e-02	1.8109616342e+02
8.6489522496e+06	8.5191212583e-02	1.8111292170e+02
8.6489522496e+06	8.5153248837e-02	1.8113437179e+02
8.6489522496e+06	8.5106853004e-02	1.8116072103e+02
8.6489522496e+06	8.5052010988e-02	1.8119199590e+02
8.6489522496e+06	8.4988546689e-02	1.8122831954e+02
8.6489522496e+06	8.4916287086e-02	1.8126981757e+02
8.6489522496e+06	8.4835066676e-02	1.8131661644e+02
8.6489522496e+06	8.4744722483e-02	1.8136884663e+02
8.6489522496e+06	8.4644591843e-02	1.8142693166e+02
8.6489522496e+06	8.4535014462e-02	1.8149072516e+02
8.6489522496e+06	8.4415882800e-02	1.8156034435e+02
8.6489522496e+06	8.4287089470e-02	1.8163591198e+02
8.6489522496e+06	8.4148358104e-02	1.8171765360e+02
8.6489522496e+06	8.3999715041e-02	1.8180562732e+02
8.6489522496e+06	8.3841188596e-02	1.8189990137e+02
8.6489522496e+06	8.3672724415e-02	1.8200059632e+02
8.6489522496e+06	8.3493422867e-02	1.8210834300e+02
8.6489522496e+06	8.3304168412e-02	1.8222272360e+02
8.6489522496e+06	8.3104952372e-02	1.8234385599e+02
8.6489522496e+06	8.2895302452e-02	1.8247214148e+02
8.6489522496e+06	8.2675209120e-02	1.8260772907e+02
8.6489522496e+06	8.2443329399e-02	1.8275160155e+02
8.6489522496e+06	8.2195379871e-02	1.8290661313e+02
8.6489522496e+06	8.1919134224e-02	1.8308076756e+02
8.6489522496e+06	8.1736256337e-02	1.8319569709e+02
8.6489522496e+06	8.1300999301e-02	1.8348012298e+02
8.6489522496e+06	8.0854405845e-02	1.8377629093e+02
8.6489522496e+06	8.0345084783e-02	1.8411649295e+02
8.6489522496e+06	7.9691802631e-02	1.8455649928e+02
8.6489522496e+06	7.9074645322e-02	1.8497716364e+02
8.6489522496e+06	7.8580702696e-02	1.8531988958e+02
8.6489522496e+06	7.8172542872e-02	1.8561037616e+02
8.6489522496e+06	7.8437127473e-02	1.8542305699e+02
8.6489522496e+06	7.8023730950e-02	1.8572012850e+02
8.6489522496e+06	7.7839740792e-02	1.8585597019e+02
8.6489522496e+06	7.7756590191e-02	1.8591863958e+02
8.6489522496e+06	7.7730636893e-02	1.8593936168e+02
8.6489522496e+06	7.7735954720e-02	1.8593708148e+02
8.6489522496e+06	7.7755378553e-02	1.8592422682e+02
8.6489522496e+06	7.7760169810e-02	1.8592106471e+02
8.6489522496e+06	7.7745282740e-02	1.8593132730e+02
8.6489522496e+06	7.7720345347e-02	1.8594806780e+02
8.6489522496e+06	7.7728132844e-02	1.8593944320e+02
8.6489522496e+06	7.8124372095e-02	1.8564611333e+02
8.6489522496e+06	7.8522803089e-02	1.8536148314e+02
8.6489522496e+06	7.8588600265e-02	1.8531323180e+02
8.6489522496e+06	7.8597484415e-02	1.8530569821e+02
8.6489522496e+06	7.8808488301e-02	1.8515632467e+02
8.6489522496e+06	7.8922376647e-02	1.8507674288e+02
8.6489522496e+06	7.8870704779e-02	1.8511421281e+02
8.6489522496e+06	7.8641440033e-02	1.8527808586e+02
8.6489522496e+06	7.8222695287e-02	1.8558059420e+02
8.6489522496e+06	7.7724395292e-02	1.8594665976e+02
8.6489522496e+06	7.7221459998e-02	1.8632277201e+02
8.6456309616e+06	7.6829625962e-02	1.8685607526e+02
8.6456309616e+06	7.3991518011e-02	1.8930804711e+02
8.6456309616e+06	7.4048671515e-02	1.8926084143e+02
8.6456309616e+06	7.4095983380e-02	1.8922173814e+02
8.6456309616e+06	7.4133264422e-02	1.8919087082e+02
8.6456309616e+06	7.4160419460e-02	1.8916828467e+02
8.6456309616e+06	7.4177443115e-02	1.8915396219e+02
8.6456309616e+06	7.4184306956e-02	1.8914791261e+02
8.6456309616e+06	7.4180982315e-02	1.8915015432e+02
8.6456309616e+06	7.4167429752e-02	1.8916072347e+02
8.6456309616e+06	7.4143574888e-02	1.8917969377e+02
8.6456309616e+06	7.4109260857e-02	1.8920721560e+02
8.6456309616e+06	7.4064100477e-02	1.8924363742e+02
8.6456309616e+06	7.4007034742e-02	1.8928986905e+02
8.6456309616e+06	7.3934664166e-02	1.8934875590e+02
8.6456309616e+06	7.3833889589e-02	1.8943116821e+02
8.6456309616e+06	7.3363017927e-02	1.8982654288e+02
8.6456309616e+06	7.2915497750e-02	1.9020936492e+02
8.6456309616e+06	7.2358053619e-02	1.9069102507e+02
8.6456309616e+06	7.1811997462e-02	1.9116446744e+02
8.6456309616e+06	7.1568885398e-02	1.9137451373e+02
8.6456309616e+06	7.1229536892e-02	1.9168038990e+02
8.6456309616e+06	7.0774276422e-02	1.9209808545e+02
8.6456309616e+06	7.0195828983e-02	1.9264051128e+02
8.6456309616e+06	6.9658093496e-02	1.9315713530e+02
8.6456309616e+06	6.9261567391e-02	1.9354615278e+02
8.6456309616e+06	6.8975905888e-02	1.9383084666e+02
8.6456309616e+06	6.8747081447e-02	1.9406163647e+02
8.6456309616e+06	6.8541598399e-02	1.9427097618e+02
8.6456309616e+06	6.8343706493e-02	1.9447448546e+02
8.6456309616e+06	6.8147150278e-02	1.9467847016e+02
8.6456309616e+06	6.7949395710e-02	1.9488558128e+02
8.6456309616e+06	6.7749110301e-02	1.9509734751e+02
8.6456309616e+06	6.7546518597e-02	1.9531357550e+02
8.6456309616e+06	6.7341489797e-02	1.9553450003e+02
8.6456309616e+06	6.7133545093e-02	1.9576079629e+02
8.6456309616e+06	6.6922984906e-02	1.9599222119e+02
8.6456309616e+06	6.6709809015e-02	1.9622887682e+02
8.6456309616e+06	6.6493691027e-02	1.9647131072e+02
8.6456309616e+06	6.6274553908e-02	1.9671974741e+02
8.6456309616e+06	6.6052276133e-02	1.9697442281e+02
8.6456309616e+06	6.5788973376e-02	1.9727805312e+02
8.6456309616e+06	6.5486534774e-02	1.9763021814e+02
8.6456309616e+06	6.5175004389e-02	1.9799814055e+02
8.6456309616e+06	6.4844026813e-02	1.9839477282e+02
8.6456309616e+06	6.4468890573e-02	1.9885111560e+02
8.6456309616e+06	6.4070125559e-02	1.9934525170e+02
8.6456309616e+06	6.3650050516e-02	1.9987631445e+02
8.6456309616e+06	6.3214071245e-02	2.0043932736e+02
8.6456309616e+06	6.2769794709e-02	2.0102550044e+02
8.6456309616e+06	6.2324507802e-02	2.0162636409e+02
8.6456309616e+06	6.2111592515e-02	2.0193037021e+02
8.6456309616e+06	6.2034402597e-02	2.0205088713e+02
8.6456309616e+06	6.1961859771e-02	2.0216668258e+02
8.6456309616e+06	6.1896796805e-02	2.0227281139e+02
8.6456309616e+06	6.1842370417e-02	2.0236386066e+02
8.6456309616e+06	6.1816653005e-02	2.0240695974e+02
8.6456309616e+06	6.1838224121e-02	2.0236862383e+02
8.6456309616e+06	6.1896212598e-02	2.0226975317e+02
8.6456309616e+06	6.2022835909e-02	2.0206384481e+02
8.6456309616e+06	6.2281091955e-02	2.0166602410e+02
8.6456309616e+06	6.2703861502e-02	2.0104400229e+02
8.6456309616e+06	6.2965333359e-02	2.0065377903e+02
8.6456309616e+06	6.2857738567e-02	2.0074681635e+02
8.6456309616e+06	6.2605246072e-02	2.0103853763e+02
8.6456309616e+06	6.2409113240e-02	2.0127373464e+02
8.6456309616e+06	6.2261095986e-02	2.0145517146e+02
8.6456309616e+06	6.2205810930e-02	2.0151468147e+02
8.6456309616e+06	6.2567549700e-02	2.0104053610e+02
8.6402498413e+06	6.3021997772e-02	2.0085321465e+02
8.6402498413e+06	6.0609437349e-02	2.0403775682e+02
8.6402498413e+06	6.0162394144e-02	2.0467146219e+02
8.6402498413e+06	5.9774359336e-02	2.0523310997e+02
8.6402498413e+06	5.9458298167e-02	2.0569895331e+02
8.6402498413e+06	5.9191691801e-02	2.0609796730e+02
8.6402498413e+06	5.8944912402e-02	2.0647237566e+02
8.6402498413e+06	5.8703523677e-02	2.0684338511e+02
8.6402498413e+06	5.8462445594e-02	2.0721875024e+02
8.6402498413e+06	5.8220448560e-02	2.0760052910e+02
8.6402498413e+06	5.7977612645e-02	2.0798871275e+02
8.6402498413e+06	5.7733355541e-02	2.0838449990e+02
8.6402498413e+06	5.7488228300e-02	2.0878711418e+02
8.6402498413e+06	5.7241829517e-02	2.0919751669e+02
8.6402498413e+06	5.6943339660e-02	2.0969972598e+02
8.6402498413e+06	5.6574634635e-02	2.1032800439e+02
8.6402498413e+06	5.6222909456e-02	2.1093961644e+02
8.6402498413e+06	5.5870682371e-02	2.1156363861e+02
8.6402498413e+06	5.5491948311e-02	2.1224670612e+02
8.6402498413e+06	5.5110674231e-02	2.1294835737e+02
8.6402498413e+06	5.4728775301e-02	2.1366583299e+02
8.6402498413e+06	5.4346129637e-02	2.1440004472e+02
8.6402498413e+06	5.3963052874e-02	2.1515063358e+02
8.6402498413e+06	5.3579403153e-02	2.1591882437e+02
8.6402498413e+06	5.3195300664e-02	2.1670462508e+02
8.6402498413e+06	5.2810672103e-02	2.1750896098e+02
8.6402498413e+06	5.2425458827e-02	2.1833287255e+02
8.6402498413e+06	5.2039800575e-02	2.1917617761e+02
8.6402498413e+06	5.1653745831e-02	2.2004010086e+02
8.6402498413e+06	5.1267247738e-02	2.2092495147e+02
8.6402498413e+06	5.0880358170e-02	2.2183149726e+02
8.6402498413e+06	5.0493147331e-02	2.2276108552e+02
8.6402498413e+06	5.0105476959e-02	2.2371378953e+02
8.6402498413e+06	4.9717610108e-02	2.2469076315e+02
8.6402498413e+06	4.9329388489e-02	2.2569281827e+02
8.6402498413e+06	4.8940754718e-02	2.2672055369e+02
8.6402498413e+06	4.8552212895e-02	2.2777559351e+02
8.6402498413e+06	4.8163197022e-02	2.2885837361e+02
8.6402498413e+06	4.7774096886e-02	2.2996993928e+02
8.6402498413e+06	4.7385021580e-02	2.3111171472e+02
8.6402498413e+06	4.6995462684e-02	2.3228451471e+02
8.6402498413e+06	4.6606079331e-02	2.3348975746e+02
8.6402498413e+06	4.6216412279e-02	2.3472874616e+02
8.6402498413e+06	4.5826328050e-02	2.3600233969e+02
8.6402498413e+06	4.5437386412e-02	2.3731224227e+02
8.6402498413e+06	4.5047945872e-02	2.3865988554e+02
8.6402498413e+06	4.4658263144e-02	2.4004676721e+02
8.6402498413e+06	4.4268658735e-02	2.4147529071e+02
8.6402498413e+06	4.4117946505e-02	2.4217110108e+02
8.6402498413e+06	4.4054165182e-02	2.4250720117e+02
8.6402498413e+06	4.3991705284e-02	2.4284831697e+02
8.6402498413e+06	4.3933257799e-02	2.4317241894e+02
8.6402498413e+06	4.3908864105e-02	2.4330716837e+02
8.6402498413e+06	4.3942303947e-02	2.4311613362e+02
8.6402498413e+06	4.4015021850e-02	2.4270948797e+02
8.6402498413e+06	4.4144534582e-02	2.4201954516e+02
8.6402498413e+06	4.4360181927e-02	2.4093388579e+02
8.6402498413e+06	4.4709113144e-02	2.3931543536e+02
8.6402498413e+06	4.5112590596e-02	2.3761977724e+02
8.6402498413e+06	4.5519638632e-02	2.3605156797e+02
8.6402498413e+06	4.5929540273e-02	2.3458704540e+02
8.6402498413e+06	4.6340848059e-02	2.3320922129e+02
8.6402498413e+06	4.6752380944e-02	2.3190504464e+02
8.6402498413e+06	4.7163019999e-02	2.3066568959e+02
8.6402498413e+06	4.7572193920e-02	2.2948322450e+02
8.6402498413e+06	4.7932111753e-02	2.2847434880e+02
8.6377081923e+06	4.8132272253e-02	2.2810209759e+02
8.6377081923e+06	4.7991476819e-02	2.2841304501e+02
8.6377081923e+06	4.8164767220e-02	2.2794750623e+02
8.6377081923e+06	4.8125206655e-02	2.2803482760e+02
8.6377081923e+06	4.8120948414e-02	2.2803230006e+02
8.6377081923e+06	4.8209425263e-02	2.2779894286e+02
8.6377081923e+06	4.8640844964e-02	2.2670875450e+02
8.6377081923e+06	4.8961422486e-02	2.2591252327e+02
8.6377081923e+06	4.9003206503e-02	2.2580594077e+02
8.6377081923e+06	4.9067915984e-02	2.2564279055e+02
8.6337949970e+06	4.9168885051e-02	2.2568809247e+02
8.6337949970e+06	4.8298307369e-02	2.2782024940e+02
8.6337949970e+06	4.8722373519e-02	2.2674856943e+02
8.6337949970e+06	4.8860207345e-02	2.2640487004e+02
8.6337949970e+06	4.8898070838e-02	2.2631032437e+02
8.6337949970e+06	4.8957744704e-02	2.2616252601e+02
8.6337949970e+06	4.9050877154e-02	2.2593450582e+02
8.6337949970e+06	4.9115493275e-02	2.2577885749e+02
8.6337949970e+06	4.9086424211e-02	2.2585197286e+02
8.6337949970e+06	4.9039294611e-02	2.2597120373e+02
8.6337949970e+06	4.8978199949e-02	2.2612668278e+02
8.6312988614e+06	4.8914656133e-02	2.2647820996e+02
8.6312988614e+06	4.8526553865e-02	2.2742315452e+02
8.6312988614e+06	4.8630426526e-02	2.2716178005e+02
8.6312988614e+06	4.8658642691e-02	2.2709284272e+02
8.6312988614e+06	4.8703283043e-02	2.2698407820e+02
8.6312988614e+06	4.8762822735e-02	2.2683979496e+02
8.6312988614e+06	4.8744541582e-02	2.2688712643e+02
8.6312988614e+06	4.8715103499e-02	2.2696340786e+02
8.6312988614e+06	4.8667834333e-02	2.2708608559e+02
8.6312988614e+06	4.8659759284e-02	2.2711389250e+02
8.6312988614e+06	4.8847000354e-02	2.2665660363e+02
8.6298877728e+06	4.9048977359e-02	2.2627380218e+02
8.6298877728e+06	4.8900998972e-02	2.2663207866e+02
8.6298877728e+06	4.9319408042e-02	2.2560834915e+02
8.6298877728e+06	4.9548005234e-02	2.2505736897e+02
8.6298877728e+06	4.9546433541e-02	2.2506106777e+02
8.6298877728e+06	4.9543626490e-02	2.2506768879e+02
8.6298877728e+06	4.9538532900e-02	2.2507972683e+02
8.6298877728e+06	4.9529285579e-02	2.2510162135e+02
8.6298877728e+06	4.9513031450e-02	2.2514015514e+02
8.6298877728e+06	4.9485010181e-02	2.2520664621e+02
8.6298877728e+06	4.9439010821e-02	2.2531581680e+02
8.6295883642e+06	4.9365150515e-02	2.2551370261e+02
8.6295883642e+06	4.9283415793e-02	2.2570273778e+02
8.6295883642e+06	4.9183532605e-02	2.2593899068e+02
8.6295883642e+06	4.9084387701e-02	2.2617314983e+02
8.6295883642e+06	4.8839637517e-02	2.2676796301e+02
8.6295883642e+06	4.8322149313e-02	2.2806433255e+02
8.6295883642e+06	4.7922835398e-02	2.2908883830e+02
8.6295883642e+06	4.7315204242e-02	2.3068994739e+02
8.6295883642e+06	4.6850028161e-02	2.3195093336e+02
8.6295883642e+06	4.6489590247e-02	2.3294967072e+02
8.6295883642e+06	4.6208806585e-02	2.3374112831e+02
8.6295883642e+06	4.5768280361e-02	2.3500682942e+02
8.6295883642e+06	4.5247389841e-02	2.3654424509e+02
8.6295883642e+06	4.4746257386e-02	2.3806381590e+02
8.6295883642e+06	4.4360982537e-02	2.3926086640e+02
8.6295883642e+06	4.4061477448e-02	2.4020913339e+02
8.6295883642e+06	4.3603628041e-02	2.4168920473e+02
8.6295883642e+06	4.3144803156e-02	2.4321448734e+02
8.6295883642e+06	4.3030768642e-02	2.4362006367e+02
8.6295883642e+06	4.2924416740e-02	2.4399450100e+02
8.6295883642e+06	4.2846157445e-02	2.4426174031e+02
8.6295883642e+06	4.2723116193e-02	2.4468394040e+02
8.6295883642e+06	4.2527966568e-02	2.4535948385e+02
8.6295883642e+06	4.2220605896e-02	2.4643841721e+02
8.6295883642e+06	4.1476452201e-02	2.4914770234e+02
8.6295883642e+06	4.0590849969e-02	2.5253273337e+02
8.6295883642e+06	3.9918602852e-02	2.5522089679e+02
8.6295883642e+06	3.9442975086e-02	2.5719555165e+02
8.6295883642e+06	3.9330508923e-02	2.5771902536e+02
8.6295883642e+06	3.9195515838e-02	2.5835974446e+02
8.6295883642e+06	3.8513226754e-02	2.6138306210e+02
8.6295883642e+06	3.8239315929e-02	2.6260749056e+02
8.6295883642e+06	3.7553937880e-02	2.6576031079e+02
8.6295883642e+06	3.6640568951e-02	2.7016898345e+02
8.6295883642e+06	3.5952808695e-02	2.7365042382e+02
8.6295883642e+06	3.5425777151e-02	2.7641650112e+02
8.6295883642e+06	3.5017862231e-02	2.7861796259e+02
8.6295883642e+06	3.4381467158e-02	2.8216155923e+02
8.6295883642e+06	3.3636094630e-02	2.8648743681e+02
8.6295883642e+06	3.3071505267e-02	2.8989529908e+02
8.6295883642e+06	3.2638587992e-02	2.9258776891e+02
8.6295883642e+06	3.2303528849e-02	2.9472022713e+02
8.6295883642e+06	3.1780779185e-02	2.9813416680e+02
8.6295883642e+06	3.1166869884e-02	3.0228284959e+02
8.6295883642e+06	3.0698217499e-02	3.0555458761e+02
8.6295883642e+06	3.0336817189e-02	3.0814127043e+02
8.6295883642e+06	3.0055936103e-02	3.1019079862e+02
8.6295883642e+06	2.9616343858e-02	3.1346861162e+02
8.6295883642e+06	2.9098687418e-02	3.1744108072e+02
8.6295883642e+06	2.8602958802e-02	3.2136267582e+02
8.6295883642e+06	2.8222909421e-02	3.2444906680e+02
8.6295883642e+06	2.7928870320e-02	3.2688562890e+02
8.6295883642e+06	2.7699957718e-02	3.2881242144e+02
8.6295883642e+06	2.7340906417e-02	3.3188822009e+02
8.6295883642e+06	2.6916493482e-02	3.3561005129e+02
8.6295883642e+06	2.6508241437e-02	3.3928019915e+02
8.6295883642e+06	2.6194104543e-02	3.4216567468e+02
8.6295883642e+06	2.5950202369e-02	3.4444351428e+02
8.6295883642e+06	2.5577662360e-02	3.4798707555e+02
8.6295883642e+06	2.5218321991e-02	3.5148016463e+02
8.6295883642e+06	2.4871349220e-02	3.5492438262e+02
8.6295883642e+06	2.4603722606e-02	3.5762973201e+02
8.6295883642e+06	2.4278386497e-02	3.6097659032e+02
8.6295883642e+06	2.3964366764e-02	3.6426857829e+02
8.6295883642e+06	2.3660982450e-02	3.6750746630e+02
8.6295883642e+06	2.3426432093e-02	3.7005144343e+02
8.6295883642e+06	2.3140702900e-02	3.7319825324e+02
8.6295883642e+06	2.2864088208e-02	3.7629538185e+02
8.6295883642e+06	2.2596100127e-02	3.7934418757e+02
8.6295883642e+06	2.2336316963e-02	3.8234563995e+02
8.6295883642e+06	2.2084318836e-02	3.8530100593e+02
8.6295883642e+06	2.1840073630e-02	3.8820721941e+02
8.6295883642e+06	2.1603300009e-02	3.9106428643e+02
8.6295883642e+06	2.1373480425e-02	3.9387533756e+02
8.6295883642e+06	2.1150496739e-02	3.9663888930e+02
8.6295883642e+06	2.0933960653e-02	3.9935696846e+02
8.6295883642e+06	2.0723590267e-02	4.0203051451e+02
8.6295883642e+06	2.0519125145e-02	4.0466038730e+02
8.6295883642e+06	2.0320282381e-02	4.0724792231e+02
8.6295883642e+06	2.0126869696e-02	4.0979344760e+02
8.6295883642e+06	1.9938671844e-02	4.1229773184e+02
8.6295883642e+06	1.9755491375e-02	4.1476144854e+02
8.6295883642e+06	1.9577141733e-02	4.1718525432e+02
8.6295883642e+06	1.9403323704e-02	4.1957148267e+02
8.6295883642e+06	1.9233763988e-02	4.2192228910e+02
8.6295883642e+06	1.9068381013e-02	4.2423729680e+02
8.6295883642e+06	1.8907068520e-02	4.2651653513e+02
8.6295883642e+06	1.8749655091e-02	4.2876103686e+02
8.6295883642e+06	1.8596132722e-02	4.3096957865e+02
8.6295883642e+06	1.8446438973e-02	4.3314174653e+02
8.6295883642e+06	1.8300412327e-02	4.3527862844e+02
8.6295883642e+06	1.8157941998e-02	4.3738065663e+02
8.6295883642e+06	1.8018894167e-02	4.3944867345e+02
8.6295883642e+06	1.7883156013e-02	4.4148328270e+02
8.6295883642e+06	1.7750620901e-02	4.4348505932e+02
8.6295883642e+06	1.7621182151e-02	4.4545464000e+02
8.6295883642e+06	1.7494747179e-02	4.4739250438e+02
8.6295883642e+06	1.7371220076e-02	4.4929923559e+02
8.6295883642e+06	1.7250512421e-02	4.5117535265e+02
8.6295883642e+06	1.7132543367e-02	4.5302130383e+02
8.6295883642e+06	1.7017226082e-02	4.5483767583e+02
8.6295883642e+06	1.6904486440e-02	4.5662489907e+02
8.6295883642e+06	1.6794249628e-02	4.5838345409e+02
8.6295883642e+06	1.6686359152e-02	4.6011517393e+02
8.6295883642e+06	1.6580842332e-02	4.6181898888e+02
8.6295883642e+06	1.6477591812e-02	4.6349601455e+02
8.6295883642e+06	1.6376553563e-02	4.6514654515e+02
8.6295883642e+06	1.6277660067e-02	4.6677112349e+02
8.6295883642e+06	1.6180862341e-02	4.6837001789e+02
8.6295883642e+06	1.6086088490e-02	4.6994390201e+02
8.6295883642e+06	1.5993472119e-02	4.7149004653e+02
8.6295883642e+06	1.5902965905e-02	4.7300871847e+02
8.6295883642e+06	1.5814511364e-02	4.7450040161e+02
8.6295883642e+06	1.5728049328e-02	4.7596561910e+02
8.6295883642e+06	1.5643521264e-02	4.7740491010e+02
8.6295883642e+06	1.5560855477e-02	4.7881906495e+02
8.6295883642e+06	1.5480034411e-02	4.8020797244e+02
8.6295883642e+06	1.5401022668e-02	4.8157183998e+02
8.6295883642e+06	1.5323748874e-02	4.8291151686e+02
8.6295883642e+06	1.5248160251e-02	4.8422755675e+02
8.6295883642e+06	1.5174202967e-02	4.8552055252e+02
8.6295883642e+06	1.5101827181e-02	4.8679104783e+02
8.6295883642e+06	1.5030986525e-02	4.8803954419e+02
8.6295883642e+06	1.4961634552e-02	4.8926656214e+02
8.6295883642e+06	1.4893731542e-02	4.9047251998e+02
8.6295883642e+06	1.4827236261e-02	4.9165787789e+02
8.6295883642e+06	1.4762109457e-02	4.9282307564e+02
8.6295883642e+06	1.4698316719e-02	4.9396848017e+02
8.6295883642e+06	1.4635822171e-02	4.9509449725e+02
8.6295883642e+06	1.4574592659e-02	4.9620149610e+02
8.6295883642e+06	1.4514597839e-02	4.9728980653e+02
8.6295883642e+06	1.4455805768e-02	4.9835979805e+02
8.6295883642e+06	1.4398186694e-02	4.9941181099e+02
8.6295883642e+06	1.4341711095e-02	5.0044619151e+02
8.6295883642e+06	1.4286353115e-02	5.0146322803e+02
8.6295883642e+06	1.4232085600e-02	5.0246324151e+02
8.6295883642e+06	1.4178883401e-02	5.0344652462e+02
8.6295883642e+06	1.4126722223e-02	5.0441336225e+02
8.6295883642e+06	1.4075577583e-02	5.0536405048e+02
8.6295883642e+06	1.4025426859e-02	5.0629885829e+02
8.6295883642e+06	1.3976248224e-02	5.0721804675e+02
8.6295883642e+06	1.3928020322e-02	5.0812187485e+02
8.6295883642e+06	1.3880722936e-02	5.0901058647e+02
8.6295883642e+06	1.3834335623e-02	5.0988443590e+02
8.6295883642e+06	1.3788839333e-02	5.1074365703e+02
8.6295883642e+06	1.3744214068e-02	5.1158850722e+02
8.6295883642e+06	1.3700452738e-02	5.1241900459e+02
8.6295883642e+06	1.3657522546e-02	5.1323565877e+02
8.6295883642e+06	1.3615409434e-02	5.1403863089e+02
8.6295883642e+06	1.3574096454e-02	5.1482814078e+02
8.6295883642e+06	1.3533566534e-02	5.1560441526e+02
8.6295883642e+06	1.3493804976e-02	5.1636764014e+02
8.6295883642e+06	1.3454795300e-02	5.1711803932e+02
8.6295883642e+06	1.3416524153e-02	5.1785578078e+02
8.6295883642e+06	1.3378975942e-02	5.1858107916e+02
8.6295883642e+06	1.3342135067e-02	5.1929415326e+02
8.6295883642e+06	1.3305987429e-02	5.1999519646e+02
8.6295883642e+06	1.3270518737e-02	5.2068440933e+02
8.6295883642e+06	1.3235716815e-02	5.2136195467e+02
8.6295883642e+06	1.3201569501e-02	5.2202799788e+02
8.6295883642e+06	1.3168062929e-02	5.2268274064e+02
8.6295883642e+06	1.3135183749e-02	5.2332637766e+02
8.6295883642e+06	1.3102919883e-02	5.2395908171e+02
8.6295883642e+06	1.3071259530e-02	5.2458102278e+02
8.6295883642e+06	1.3040192300e-02	5.2519234564e+02
8.6295883642e+06	1.3009707169e-02	5.2579320991e+02
8.6295883642e+06	1.2979792822e-02	5.2638378335e+02
8.6295883642e+06	1.2950437199e-02	5.2696425088e+02
8.6295883642e+06	1.2921630067e-02	5.2753476362e+02
8.6295883642e+06	1.2893361379e-02	5.2809547116e+02
8.6295883642e+06	1.2865621383e-02	5.2864651915e+02
8.6295883642e+06	1.2838400990e-02	5.2918804214e+02
8.6295883642e+06	1.2811691179e-02	5.2972017503e+02
8.6295883642e+06	1.2785482263e-02	5.3024306788e+02
8.6295883642e+06	1.2759763744e-02	5.3075688875e+02
8.6295883642e+06	1.2734527005e-02	5.3126177002e+02
8.6295883642e+06	1.2709762824e-02	5.3175785778e+02
8.6295883642e+06	1.2685462382e-02	5.3224529167e+02
8.6295883642e+06	1.2661617898e-02	5.3272419204e+02
8.6295883642e+06	1.2638221641e-02	5.3319467964e+02
8.6295883642e+06	1.2615266047e-02	5.3365687320e+02
8.6295883642e+06	1.2592743411e-02	5.3411089565e+02
8.6295883642e+06	1.2570645148e-02	5.3455688897e+02
8.6295883642e+06	1.2548963673e-02	5.3499497641e+02
8.6295883642e+06	1.2527691939e-02	5.3542527150e+02
8.6295883642e+06	1.2506822833e-02	5.3584789027e+02
8.6295883642e+06	1.2486349291e-02	5.3626294887e+02
8.6295883642e+06	1.2466264912e-02	5.3667055117e+02
8.6295883642e+06	1.2446563257e-02	5.3707080273e+02
8.6295883642e+06	1.2427246207e-02	5.3746364102e+02
8.6295883642e+06	1.2408308013e-02	5.3784915853e+02
8.6295883642e+06	1.2389740985e-02	5.3822748873e+02
8.6295883642e+06	1.2371538356e-02	5.3859874739e+02
8.6295883642e+06	1.2353693818e-02	5.3896304185e+02
8.6295883642e+06	1.2336201157e-02	5.3932047842e+02
8.6295883642e+06	1.2319054127e-02	5.3967116489e+02
8.6295883642e+06	1.2302246801e-02	5.4001520343e+02
8.6295883642e+06	1.2285773372e-02	5.4035269445e+02
8.6295883642e+06	1.2269628475e-02	5.4068373016e+02
8.6295883642e+06	1.2253806765e-02	5.4100840299e+02
8.6295883642e+06	1.2238302757e-02	5.4132680901e+02
8.6295883642e+06	1.2223110970e-02	5.4163904483e+02
8.6295883642e+06	1.2208225987e-02	5.4194520653e+02
8.6295883642e+06	1.2193642499e-02	5.4224538854e+02
8.6295883642e+06	1.2179355466e-02	5.4253968039e+02
8.6295883642e+06	1.2165359744e-02	5.4282817441e+02
8.6295883642e+06	1.2151650368e-02	5.4311095978e+02
8.6295883642e+06	1.2138222189e-02	5.4338813004e+02
8.6295883642e+06	1.2125062645e-02	5.4365993252e+02
8.6295883642e+06	1.2112038169e-02	5.4392911843e+02
8.6295883642e+06	1.2099302424e-02	5.4419251001e+02
8.6295883642e+06	1.2086825964e-02	5.4445069623e+02
8.6295883642e+06	1.2074605310e-02	5.4470373930e+02
8.6295883642e+06	1.2062638110e-02	5.4495167779e+02
8.6295883642e+06	1.2050921024e-02	5.4519457098e+02
8.6295883642e+06	1.2039450153e-02	5.4543249019e+02
8.6295883642e+06	1.2028221760e-02	5.4566550377e+02
8.6295883642e+06	1.2017231743e-02	5.4589368811e+02
8.6295883642e+06	1.2006476425e-02	5.4611711115e+02
8.6295883642e+06	1.1995951862e-02	5.4633584670e+02
8.6295883642e+06	1.1985654413e-02	5.4654996266e+02
8.6295883642e+06	1.1975580563e-02	5.4675952456e+02
8.6295883642e+06	1.1965726868e-02	5.4696459690e+02
8.6295883642e+06	1.1956090040e-02	5.4716524109e+02
8.6295883642e+06	1.1946666853e-02	5.4736151766e+02
8.6295883642e+06	1.1937454002e-02	5.4755348897e+02
8.6295883642e+06	1.1928448204e-02	5.4774121728e+02
8.6295883642e+06	1.1919646319e-02	5.4792476210e+02
8.6295883642e+06	1.1911045421e-02	5.4810417872e+02
8.6295883642e+06	1.1902642475e-02	5.4827952498e+02
8.6295883642e+06	1.1894434423e-02	5.4845085943e+02
8.6295883642e+06	1.1886418426e-02	5.4861823628e+02
8.6295883642e+06	1.1878591678e-02	5.4878170926e+02
8.6295883642e+06	1.1870951431e-02	5.4894133114e+02
8.6295883642e+06	1.1863494954e-02	5.4909715449e+02
8.6295883642e+06	1.1856219526e-02	5.4924923186e+02
8.6295883642e+06	1.1849122583e-02	5.4939761278e+02
8.6295883642e+06	1.1842201497e-02	5.4954234827e+02
8.6295883642e+06	1.1835453571e-02	5.4968349094e+02
8.6295883642e+06	1.1828876346e-02	5.4982108866e+02
8.6295883642e+06	1.1822467487e-02	5.4995518677e+02
8.6295883642e+06	1.1816224422e-02	5.5008583589e+02
8.6295883642e+06	1.1810144744e-02	5.5021308321e+02
8.6295883642e+06	1.1804225906e-02	5.5033697910e+02
8.6295883642e+06	1.1798465650e-02	5.5045756796e+02
8.6295883642e+06	1.1792861680e-02	5.5057489515e+02
8.6295883642e+06	1.1787411729e-02	5.5068900556e+02
8.6295883642e+06	1.1782113463e-02	5.5079994559e+02
8.6295883642e+06	1.1776964761e-02	5.5090775735e+02
8.6295883642e+06	1.1771963541e-02	5.5101248221e+02
8.6295883642e+06	1.1767107763e-02	5.5111416073e+02
8.6295883642e+06	1.1762393399e-02	5.5121287554e+02
8.6295883642e+06	1.1757822787e-02	5.5130857540e+02
8.6295883642e+06	1.1753391197e-02	5.5140135763e+02
8.6295883642e+06	1.1749095063e-02	5.5149129564e+02
8.6295883642e+06	1.1744936464e-02	5.5157834385e+02
8.6295883642e+06	1.1740909356e-02	5.5166262767e+02
8.6295883642e+06	1.1737015819e-02	5.5174410182e+02
8.6295883642e+06	1.1733250180e-02	5.5182288414e+02
8.6295883642e+06	1.1729614228e-02	5.5189893556e+02
8.6295883642e+06	1.1726102588e-02	5.5197236790e+02
8.6295883642e+06	1.1722715770e-02	5.5204316919e+02
8.6295883642e+06	1.1719451666e-02	5.5211138253e+02
8.6295883642e+06	1.1716308475e-02	5.5217704478e+02
8.6295883642e+06	1.1713284493e-02	5.5224019074e+02
8.6295883642e+06	1.1710378063e-02	5.5230085430e+02
8.6295883642e+06	1.1707587544e-02	5.5235906913e+02
8.6295883642e+06	1.1704911298e-02	5.5241486885e+02
8.6295883642e+06	1.1702347730e-02	5.5246828625e+02
8.6295883642e+06	1.1699895275e-02	5.5251935356e+02
8.6295883642e+06	1.1697552388e-02	5.5256810262e+02
8.6295883642e+06	1.1695317715e-02	5.5261456127e+02
8.6295883642e+06	1.1693189682e-02	5.5265876211e+02
8.6295883642e+06	1.1691166744e-02	5.5270073719e+02
8.6295883642e+06	1.1689247434e-02	5.5274051687e+02
8.6295883642e+06	1.1687430322e-02	5.5277813091e+02
8.6295883642e+06	1.1685713979e-02	5.5281360894e+02
8.6295883642e+06	1.1684097169e-02	5.5284697670e+02
8.6295883642e+06	1.1682579918e-02	5.5287823313e+02
8.6295883642e+06	1.1681160570e-02	5.5290741282e+02
8.6295883642e+06	1.1679837648e-02	5.5293454662e+02
8.6295883642e+06	1.1678609809e-02	5.5295966267e+02
8.6295883642e+06	1.1677475611e-02	5.5298279115e+02
8.6295883642e+06	1.1676433583e-02	5.5300396300e+02
8.6295883642e+06	1.1675482321e-02	5.5302320770e+02
8.6295883642e+06	1.1674620441e-02	5.5304055437e+02
8.6295883642e+06	1.1673846602e-02	5.5305603126e+02
8.6295883642e+06	1.1673159476e-02	5.5306966636e+02
8.6295883642e+06	1.1672557749e-02	5.5308148738e+02
8.6295883642e+06	1.1672040131e-02	5.5309152158e+02
8.6295883642e+06	1.1671605347e-02	5.5309979586e+02
8.6295883642e+06	1.1671252975e-02	5.5310631919e+02
8.6295883642e+06	1.1670980773e-02	5.5311113893e+02
8.6295883642e+06	1.1670787690e-02	5.5311427744e+02
8.6295883642e+06	1.1670672426e-02	5.5311576233e+02
8.6295883642e+06	1.1670633763e-02	5.5311561944e+02
8.6295883642e+06	1.1670670514e-02	5.5311387397e+02
8.6295883642e+06	1.1670781500e-02	5.5311055102e+02
8.6295883642e+06	1.1670965566e-02	5.5310567516e+02
8.6295883642e+06	1.1671221572e-02	5.5309927066e+02
8.6295883642e+06	1.1671548396e-02	5.5309136143e+02
8.6295883642e+06	1.1671944937e-02	5.5308197097e+02
8.6295883642e+06	1.1672410109e-02	5.5307112245e+02
8.6295883642e+06	1.1672942929e-02	5.5305883681e+02
8.6295883642e+06	1.1673542192e-02	5.5304513988e+02
8.6295883642e+06	1.1674207543e-02	5.5303003934e+02
8.6295883642e+06	1.1674937387e-02	5.5301356917e+02
8.6295883642e+06	1.1675730651e-02	5.5299575237e+02
8.6295883642e+06	1.1676586295e-02	5.5297661121e+02
8.6295883642e+06	1.1677503292e-02	5.5295616770e+02
8.6295883642e+06	1.1678480636e-02	5.5293444340e+02
8.6295883642e+06	1.1679517323e-02	5.5291145984e+02
8.6295883642e+06	1.1680612349e-02	5.5288723857e+02
8.6295883642e+06	1.1681764741e-02	5.5286180049e+02
8.6295883642e+06	1.1682973542e-02	5.5283516613e+02
8.6295883642e+06	1.1684237925e-02	5.5280735328e+02
8.6295883642e+06	1.1685556809e-02	5.5277838519e+02
8.6295883642e+06	1.1686929257e-02	5.5274828196e+02
8.6295883642e+06	1.1688355192e-02	5.5271704558e+02
8.6295883642e+06	1.1689834159e-02	5.5268468595e+02
8.6295883642e+06	1.1691365252e-02	5.5265122255e+02
8.6295883642e+06	1.1692947609e-02	5.5261667391e+02
8.6295883642e+06	1.1694580382e-02	5.5258105836e+02
8.6295883642e+06	1.1696262728e-02	5.5254439408e+02
8.6295883642e+06	1.1697993819e-02	5.5250669887e+02
8.6295883642e+06	1.1699772840e-02	5.5246799037e+02
8.6295883642e+06	1.1701598955e-02	5.5242828660e+02
8.6295883642e+06	1.1703471354e-02	5.5238760504e+02
8.6295883642e+06	1.1705389272e-02	5.5234596225e+02
8.6295883642e+06	1.1707351909e-02	5.5230337545e+02
8.6295883642e+06	1.1709358480e-02	5.5225986162e+02
8.6295883642e+06	1.1711408241e-02	5.5221543682e+02
8.6295883642e+06	1.1713500450e-02	5.5217011711e+02
8.6295883642e+06	1.1715634248e-02	5.5212392101e+02
8.6295883642e+06	1.1717808875e-02	5.5207686491e+02
8.6295883642e+06	1.1720023580e-02	5.5202896508e+02
8.6295883642e+06	1.1722277621e-02	5.5198023752e+02
8.6295883642e+06	1.1724570266e-02	5.5193069807e+02
8.6295883642e+06	1.1726900767e-02	5.5188036287e+02
8.6295883642e+06	1.1729268404e-02	5.5182924747e+02
8.6295883642e+06	1.1731672462e-02	5.5177736734e+02
8.6295883642e+06	1.1734112229e-02	5.5172473785e+02
8.6295883642e+06	1.1736587008e-02	5.5167137409e+02
8.6295883642e+06	1.1739096081e-02	5.5161729151e+02
8.6295883642e+06	1.1741638652e-02	5.5156250728e+02
8.6295883642e+06	1.1744214041e-02	5.5150703610e+02
8.6295883642e+06	1.1746821570e-02	5.5145089260e+02
8.6295883642e+06	1.1749460575e-02	5.5139409112e+02
8.6295883642e+06	1.1752130371e-02	5.5133664643e+02
8.6295883642e+06	1.1754830296e-02	5.5127857285e+02
8.6295883642e+06	1.1757559702e-02	5.5121988434e+02
8.6295883642e+06	1.1760317940e-02	5.5116059489e+02
8.6295883642e+06	1.1763104321e-02	5.5110071938e+02
8.6295883642e+06	1.1765917385e-02	5.5104028885e+02
8.6295883642e+06	1.1768758513e-02	5.5097927459e+02
8.6295883642e+06	1.1771625696e-02	5.5091771910e+02
8.6295883642e+06	1.1774518498e-02	5.5085563193e+02
8.6295883642e+06	1.1777435473e-02	5.5079304383e+02
8.6295883642e+06	1.1780378127e-02	5.5072992346e+02
8.6295883642e+06	1.1783344416e-02	5.5066631399e+02
8.6295883642e+06	1.1786332981e-02	5.5060224439e+02
8.6295883642e+06	1.1789345480e-02	5.5053768009e+02
8.6295883642e+06	1.1792379857e-02	5.5047266452e+02
8.6295883642e+06	1.1795434757e-02	5.5040722652e+02
8.6295883642e+06	1.1798511905e-02	5.5034133011e+02
8.6295883642e+06	1.1801609134e-02	5.5027502103e+02
8.6295883642e+06	1.1804725097e-02	5.5020832789e+02
8.6295883642e+06	1.1807861578e-02	5.5014121354e+02
8.6295883642e+06	1.1811016466e-02	5.5007372242e+02
8.6295883642e+06	1.1814188429e-02	5.5000588286e+02
8.6295883642e+06	1.1817379321e-02	5.4993765621e+02
8.6295883642e+06	1.1820585981e-02	5.4986910894e+02
8.6295883642e+06	1.1823810451e-02	5.4980019854e+02
8.6295883642e+06	1.1827050570e-02	5.4973097045e+02
8.6295883642e+06	1.1830305002e-02	5.4966145305e+02
8.6295883642e+06	1.1833575716e-02	5.4959160527e+02
8.6295883642e+06	1.1836859507e-02	5.4952149441e+02
8.6295883642e+06	1.1840158595e-02	5.4945107423e+02
8.6295883642e+06	1.1843469765e-02	5.4938041226e+02
8.6295883642e+06	1.1846795269e-02	5.4930946154e+02
8.6295883642e+06	1.1850131859e-02	5.4923829029e+02
8.6295883642e+06	1.1853481865e-02	5.4916684992e+02
8.6295883642e+06	1.1856841962e-02	5.4909521016e+02
8.6295883642e+06	1.1860214489e-02	5.4902332234e+02
8.6295883642e+06	1.1863596141e-02	5.4895125569e+02
8.6295883642e+06	1.1866989326e-02	5.4887896010e+02
8.6295883642e+06	1.1870390742e-02	5.4880650469e+02
8.6295883642e+06	1.1873802823e-02	5.4873383882e+02
8.6295883642e+06	1.1877222260e-02	5.4866103172e+02
8.6295883642e+06	1.1880651539e-02	5.4858803167e+02
8.6295883642e+06	1.1884087300e-02	5.4851490896e+02
8.6295883642e+06	1.1887532037e-02	5.4844161168e+02
8.6295883642e+06	1.1890982420e-02	5.4836820944e+02
8.6295883642e+06	1.1894440974e-02	5.4829464972e+02
8.6295883642e+06	1.1897904359e-02	5.4822100228e+02
8.6295883642e+06	1.1901375085e-02	5.4814721489e+02
8.6295883642e+06	1.1904849807e-02	5.4807335746e+02
8.6295883642e+06	1.1908331099e-02	5.4799937639e+02
8.6295883642e+06	1.1911815612e-02	5.4792534164e+02
8.6295883642e+06	1.1915305951e-02	5.4785119899e+02
8.6295883642e+06	1.1918798757e-02	5.4777701854e+02
8.6295883642e+06	1.1922296629e-02	5.4770274623e+02
8.6295883642e+06	1.1925796192e-02	5.4762845245e+02
8.6295883642e+06	1.1929300078e-02	5.4755408249e+02
8.6295883642e+06	1.1932806128e-02	5.4747968129e+02
8.6295883642e+06	1.1936313027e-02	5.4740527645e+02
8.6295883642e+06	1.1939823216e-02	5.4733081715e+02
8.6295883642e+06	1.1943333342e-02	5.4725637325e+02
8.6295883642e+06	1.1946846080e-02	5.4718188908e+02
8.6295883642e+06	1.1950359242e-02	5.4710741021e+02
8.6295883642e+06	1.1953871531e-02	5.4703296381e+02
8.6295883642e+06	1.1957385402e-02	5.4695849874e+02
8.6295883642e+06	1.1960898660e-02	5.4688406067e+02
8.6295883642e+06	1.1964410010e-02	5.4680967668e+02
8.6295883642e+06	1.1967921949e-02	5.4673529481e+02
8.6295883642e+06	1.1971432360e-02	5.4666095902e+02
8.6295883642e+06	1.1974939959e-02	5.4658669616e+02
8.6295883642e+06	1.1978447262e-02	5.4651245388e+02
8.6295883642e+06	1.1981952158e-02	5.4643827598e+02
8.6295883642e+06	1.1985453375e-02	5.4636418902e+02
8.6295883642e+06	1.1988953452e-02	5.4629014023e+02
8.6295883642e+06	1.1992450292e-02	5.4621617302e+02
8.6295883642e+06	1.1995942609e-02	5.4614231428e+02
8.6295883642e+06	1.1999432920e-02	5.4606851167e+02
8.6295883642e+06	1.2002919126e-02	5.4599480865e+02
8.6295883642e+06	1.2006401153e-02	5.4592120686e+02
8.6295883642e+06	1.2009877670e-02	5.4584773389e+02
8.6295883642e+06	1.2013351093e-02	5.4577433955e+02
8.6295883642e+06	1.2016819351e-02	5.4570106672e+02
8.6295883642e+06	1.2020282379e-02	5.4562791680e+02
8.6295883642e+06	1.2023739908e-02	5.4555489531e+02
8.6295883642e+06	1.2027190531e-02	5.4548203142e+02
8.6295883642e+06	1.2030636729e-02	5.4540927365e+02
8.6295883642e+06	1.2034076472e-02	5.4533666390e+02
8.6295883642e+06	1.2037509720e-02	5.4526420307e+02
8.6295883642e+06	1.2040936320e-02	5.4519189424e+02
8.6295883642e+06	1.2044356068e-02	5.4511974161e+02
8.6295883642e+06	1.2047768656e-02	5.4504775148e+02
8.6295883642e+06	1.2051173836e-02	5.4497592892e+02
8.6295883642e+06	1.2054571418e-02	5.4490427783e+02
8.6295883642e+06	1.2057961205e-02	5.4483280218e+02
8.6295883642e+06	1.2061343015e-02	5.4476150568e+02
8.6295883642e+06	1.2064716656e-02	5.4469039224e+02
8.6295883642e+06	1.2068081931e-02	5.4461946582e+02
8.6295883642e+06	1.2071438649e-02	5.4454873033e+02
8.6295883642e+06	1.2074786637e-02	5.4447818926e+02
8.6295883642e+06	1.2078125726e-02	5.4440784602e+02
8.6295883642e+06	1.2081455735e-02	5.4433770424e+02
8.6295883642e+06	1.2084776499e-02	5.4426776729e+02
8.6295883642e+06	1.2088088049e-02	5.4419803439e+02
8.6295883642e+06	1.2091390469e-02	5.4412850373e+02
8.6295883642e+06	1.2094683712e-02	5.4405917613e+02
8.6295883642e+06	1.2097967619e-02	5.4399005481e+02
8.6295883642e+06	1.2101242026e-02	5.4392114306e+02
8.6295883642e+06	1.2104506782e-02	5.4385244390e+02
8.6295883642e+06	1.2107761737e-02	5.4378396031e+02
8.6295883642e+06	1.2111006739e-02	5.4371569539e+02
8.6295883642e+06	1.2114241645e-02	5.4364765193e+02
8.6295883642e+06	1.2117466316e-02	5.4357983274e+02
8.6295883642e+06	1.2120680630e-02	5.4351224022e+02
8.6295883642e+06	1.2123884449e-02	5.4344487712e+02
8.6295883642e+06	1.2127077592e-02	5.4337774708e+02
8.6295883642e+06	1.2130259925e-02	5.4331085273e+02
8.6295883642e+06	1.2133431325e-02	5.4324419653e+02
8.6295883642e+06	1.2136591664e-02	5.4317778099e+02
8.6295883642e+06	1.2139740831e-02	5.4311160832e+02
8.6295883642e+06	1.2142878705e-02	5.4304568087e+02
8.6295883642e+06	1.2146005176e-02	5.4298000080e+02
8.6295883642e+06	1.2149120121e-02	5.4291457056e+02
8.6295883642e+06	1.2152223329e-02	5.4284939433e+02
8.6295883642e+06	1.2155314517e-02	5.4278447790e+02
8.6295883642e+06	1.2158393614e-02	5.4271982261e+02
8.6295883642e+06	1.2161460524e-02	5.4265543028e+02
8.6295883642e+06	1.2164515152e-02	5.4259130276e+02
8.6295883642e+06	1.2167557417e-02	5.4252744161e+02
8.6295883642e+06	1.2170587221e-02	5.4246384873e+02
8.6295883642e+06	1.2173604439e-02	5.4240052655e+02
8.6295883642e+06	1.2176609046e-02	5.4233747548e+02
8.6295883642e+06	1.2179600953e-02	5.4227469721e+02
8.6295883642e+06	1.2182580079e-02	5.4221219329e+02
8.6295883642e+06	1.2185546346e-02	5.4214996521e+02
8.6295883642e+06	1.2188499677e-02	5.4208801441e+02
8.6295883642e+06	1.2191439976e-02	5.4202634274e+02
8.6295883642e+06	1.2194367178e-02	5.4196495144e+02
8.6295883642e+06	1.2197281206e-02	5.4190384194e+02
8.6295883642e+06	1.2200181966e-02	5.4184301607e+02
8.6295883642e+06	1.2203069365e-02	5.4178247559e+02
8.6295883642e+06	1.2205943342e-02	5.4172222163e+02
8.6295883642e+06	1.2208803840e-02	5.4166225525e+02
8.6295883642e+06	1.2211650826e-02	5.4160257700e+02
8.6295883642e+06	1.2214484195e-02	5.4154318891e+02
8.6295883642e+06	1.2217303896e-02	5.4148409187e+02
8.6295883642e+06	1.2220109881e-02	5.4142528678e+02
8.6295883642e+06	1.2222902057e-02	5.4136677540e+02
8.6295883642e+06	1.2225680324e-02	5.4130855966e+02
8.6295883642e+06	1.2228444652e-02	5.4125064004e+02
8.6295883642e+06	1.2231195003e-02	5.4119301723e+02
8.6295883642e+06	1.2233931338e-02	5.4113569186e+02
8.6295883642e+06	1.2236653625e-02	5.4107866447e+02
8.6295883642e+06	1.2239361742e-02	5.4102193743e+02
8.6295883642e+06	1.2242055650e-02	5.4096551145e+02
8.6295883642e+06	1.2244735328e-02	5.4090938679e+02
8.6295883642e+06	1.2247400747e-02	5.4085356394e+02
8.6295883642e+06	1.2250051877e-02	5.4079804336e+02
8.6295883642e+06	1.2252688677e-02	5.4074282579e+02
8.6295883642e+06	1.2255311126e-02	5.4068791154e+02
8.6295883642e+06	1.2257919204e-02	5.4063330087e+02
8.6295883642e+06	1.2260512889e-02	5.4057899411e+02
8.6295883642e+06	1.2263092168e-02	5.4052499142e+02
8.6295883642e+06	1.2265657026e-02	5.4047129294e+02
8.6295883642e+06	1.2268207451e-02	5.4041789884e+02
8.6295883642e+06	1.2270743426e-02	5.4036480929e+02
8.6295883642e+06	1.2273264941e-02	5.4031202444e+02
8.6295883642e+06	1.2275771973e-02	5.4025954455e+02
8.6295883642e+06	1.2278264493e-02	5.4020737016e+02
8.6295883642e+06	1.2280742501e-02	5.4015550113e+02
8.6295883642e+06	1.2283206005e-02	5.4010393717e+02
8.6295883642e+06	1.2285654986e-02	5.4005267852e+02
8.6295883642e+06	1.2288089446e-02	5.4000172506e+02
8.6295883642e+06	1.2290509385e-02	5.3995107665e+02
8.6295883642e+06	1.2292914804e-02	5.3990073314e+02
8.6295883642e+06	1.2295305702e-02	5.3985069446e+02
8.6295883642e+06	1.2297682083e-02	5.3980096038e+02
8.6295883642e+06	1.2300043954e-02	5.3975153066e+02
8.6295883642e+06	1.2302391319e-02	5.3970240507e+02
8.6295883642e+06	1.2304724187e-02	5.3965358335e+02
8.6295883642e+06	1.2307042566e-02	5.3960506519e+02
8.6295883642e+06	1.2309346470e-02	5.3955685021e+02
8.6295883642e+06	1.2311635924e-02	5.3950893775e+02
8.6295883642e+06	1.2313910932e-02	5.3946132765e+02
8.6295883642e+06	1.2316171502e-02	5.3941401961e+02
8.6295883642e+06	1.2318417648e-02	5.3936701325e+02
8.6295883642e+06	1.2320649382e-02	5.3932030821e+02
8.6295883642e+06	1.2322866722e-02	5.3927390400e+02
8.6295883642e+06	1.2325069684e-02	5.3922780018e+02
8.6295883642e+06	1.2327258282e-02	5.3918199636e+02
8.6295883642e+06	1.2329432520e-02	5.3913649238e+02
8.6295883642e+06	1.2331592389e-02	5.3909128828e+02
8.6295883642e+06	1.2333737914e-02	5.3904638343e+02
8.6295883642e+06	1.2335869124e-02	5.3900177718e+02
8.6295883642e+06	1.2337986054e-02	5.3895746868e+02
8.6295883642e+06	1.2340088713e-02	5.3891345763e+02
8.6295883642e+06	1.2342177126e-02	5.3886974345e+02
8.6295883642e+06	1.2344251318e-02	5.3882632550e+02
8.6295883642e+06	1.2346311315e-02	5.3878320316e+02
8.6295883642e+06	1.2348357140e-02	5.3874037584e+02
8.6295883642e+06	1.2350388783e-02	5.3869784368e+02
8.6295883642e+06	1.2352406281e-02	5.3865560579e+02
8.6295883642e+06	1.2354409666e-02	5.3861366143e+02
8.6295883642e+06	1.2356398972e-02	5.3857200982e+02
8.6295883642e+06	1.2358374200e-02	5.3853065084e+02
8.6295883642e+06	1.2360335393e-02	5.3848958348e+02
8.6295883642e+06	1.2362282569e-02	5.3844880734e+02
8.6295883642e+06	1.2364215764e-02	5.3840832155e+02
8.6295883642e+06	1.2366135011e-02	5.3836812534e+02
8.6295883642e+06	1.2368040347e-02	5.3832821787e+02
8.6295883642e+06	1.2369931810e-02	5.3828859828e+02
8.6295883642e+06	1.2371809438e-02	5.3824926572e+02
8.6295883642e+06	1.2373673269e-02	5.3821021928e+02
8.6295883642e+06	1.2375523345e-02	5.3817145806e+02
8.6295883642e+06	1.2377359705e-02	5.3813298113e+02
8.6295883642e+06	1.2379182401e-02	5.3809478738e+02
8.6295883642e+06	1.2380991474e-02	5.3805687586e+02
8.6295883642e+06	1.2382786931e-02	5.3801924637e+02
8.6295883642e+06	1.2384568781e-02	5.3798189861e+02
8.6295883642e+06	1.2386337073e-02	5.3794483151e+02
8.6295883642e+06	1.2388091850e-02	5.3790804413e+02
8.6295883642e+06	1.2389833157e-02	5.3787153545e+02
8.6295883642e+06	1.2391561460e-02	5.3783529591e+02
8.6295883642e+06	1.2393275095e-02	5.3779935925e+02
8.6295883642e+06	1.2394977771e-02	5.3776365003e+02
8.6295883642e+06	1.2396665363e-02	5.3772825190e+02
8.6295883642e+06	1.2398338729e-02	5.3769314756e+02
8.6295883642e+06	1.2399997958e-02	5.3765833506e+02
8.6295883642e+06	1.2401643130e-02	5.3762381270e+02
8.6295883642e+06	1.2403274329e-02	5.3758957868e+02
8.6295883642e+06	1.2404891643e-02	5.3755563116e+02
8.6295883642e+06	1.2406491174e-02	5.3752204930e+02
8.6295883642e+06	1.2408077611e-02	5.3748873789e+02
8.6295883642e+06	1.2409649948e-02	5.3745571706e+02
8.6295883642e+06	1.2411208674e-02	5.3742297681e+02
8.6295883642e+06	1.2412753853e-02	5.3739051576e+02
8.6295883642e+06	1.2414285605e-02	5.3735833136e+02
8.6295883642e+06	1.2415804008e-02	5.3732642200e+02
8.6295883642e+06	1.2417309164e-02	5.3729478548e+02
8.6295883642e+06	1.2418801164e-02	5.3726341991e+02
8.6295883642e+06	1.2420280096e-02	5.3723232340e+02
8.6295883642e+06	1.2421746009e-02	5.3720149490e+02
8.6295883642e+06	1.2423198929e-02	5.3717093381e+02
8.6295883642e+06	1.2424638933e-02	5.3714063849e+02
8.6295883642e+06	1.2426066105e-02	5.3711060718e+02
8.6295883642e+06	1.2427480500e-02	5.3708083869e+02
8.6295883642e+06	1.2428882168e-02	5.3705133194e+02
8.6295883642e+06	1.2430271162e-02	5.3702208579e+02
8.6295883642e+06	1.2431647548e-02	5.3699309882e+02
8.6295883642e+06	1.2433011393e-02	5.3696436960e+02
8.6295883642e+06	1.2434362762e-02	5.3693589680e+02
8.6295883642e+06	1.2435701710e-02	5.3690767918e+02
8.6295883642e+06	1.2437028313e-02	5.3687971518e+02
8.6295883642e+06	1.2438342644e-02	5.3685200321e+02
8.6295883642e+06	1.2439644755e-02	5.3682454222e+02
8.6295883642e+06	1.2440934709e-02	5.3679733081e+02
8.6295883642e+06	1.2442212573e-02	5.3677036758e+02
8.6295883642e+06	1.2443478415e-02	5.3674365112e+02
8.6295883642e+06	1.2444732298e-02	5.3671718008e+02
8.6295883642e+06	1.2445974286e-02	5.3669095308e+02
8.6295883642e+06	1.2447204438e-02	5.3666496889e+02
8.6295883642e+06	1.2448422825e-02	5.3663922603e+02
8.6295883642e+06	1.2449629500e-02	5.3661372334e+02
8.6295883642e+06	1.2450824519e-02	5.3658845965e+02
8.6295883642e+06	1.2452007946e-02	5.3656343361e+02
8.6295883642e+06	1.2453179845e-02	5.3653864385e+02
8.6295883642e+06	1.2454340280e-02	5.3651408906e+02
8.6295883642e+06	1.2455489318e-02	5.3648976781e+02
8.6295883642e+06	1.2456627019e-02	5.3646567881e+02
8.6295883642e+06	1.2457753451e-02	5.3644182068e+02
8.6295883642e+06	1.2458868676e-02	5.3641819207e+02
8.6295883642e+06	1.2459972759e-02	5.3639479166e+02
8.6295883642e+06	1.2461065761e-02	5.3637161813e+02
8.6295883642e+06	1.2462147747e-02	5.3634867011e+02
8.6295883642e+06	1.2463218778e-02	5.3632594634e+02
8.6295883642e+06	1.2464278920e-02	5.3630344545e+02
8.6295883642e+06	1.2465328235e-02	5.3628116612e+02
8.6295883642e+06	1.2466367157e-02	5.3625909950e+02
8.6295883642e+06	1.2467395868e-02	5.3623724186e+02
8.6295883642e+06	1.2468414401e-02	5.3621559246e+02
8.6295883642e+06	1.2469422812e-02	5.3619415014e+02
8.6295883642e+06	1.2470421153e-02	5.3617291380e+02
8.6295883642e+06	1.2471409474e-02	5.3615188238e+02
8.6295883642e+06	1.2472387826e-02	5.3613105482e+02
8.6295883642e+06	1.2473356240e-02	5.3611043048e+02
8.6295883642e+06	1.2474314746e-02	5.3609000865e+02
8.6295883642e+06	1.2475263386e-02	5.3606978853e+02
8.6295883642e+06	1.2476202204e-02	5.3604976912e+02
8.6295883642e+06	1.2477131249e-02	5.3602994943e+02
8.6295883642e+06	1.2478050575e-02	5.3601032833e+02
8.6295883642e+06	1.2478960232e-02	5.3599090477e+02
8.6295883642e+06	1.2479860271e-02	5.3597167766e+02
8.6295883642e+06	1.2480750744e-02	5.3595264595e+02
8.6295883642e+06	1.2481631702e-02	5.3593380856e+02
8.6295883642e+06	1.2482503192e-02	5.3591516450e+02
8.6295883642e+06	1.2483365260e-02	5.3589671281e+02
8.6295883642e+06	1.2484217960e-02	5.3587845238e+02
8.6295883642e+06	1.2485061342e-02	5.3586038214e+02
8.6295883642e+06	1.2485895457e-02	5.3584250103e+02
8.6295883642e+06	1.2486720355e-02	5.3582480803e+02
8.6295883642e+06	1.2487536086e-02	5.3580730206e+02
8.6295883642e+06	1.2488342702e-02	5.3578998209e+02
8.6295883642e+06	1.2489140251e-02	5.3577284707e+02
8.6295883642e+06	1.2489928787e-02	5.3575589591e+02
8.6295883642e+06	1.2490708358e-02	5.3573912761e+02
8.6295883642e+06	1.2491479013e-02	5.3572254113e+02
8.6295883642e+06	1.2492240805e-02	5.3570613538e+02
8.6295883642e+06	1.2492993780e-02	5.3568990940e+02
8.6295883642e+06	1.2493737991e-02	5.3567386211e+02
8.6295883642e+06	1.2494473484e-02	5.3565799252e+02
8.6295883642e+06	1.2495200309e-02	5.3564229963e+02
8.6295883642e+06	1.2495918515e-02	5.3562678238e+02
8.6295883642e+06	1.2496628152e-02	5.3561143978e+02
8.6295883642e+06	1.2497329268e-02	5.3559627079e+02
8.6295883642e+06	1.2498021911e-02	5.3558127444e+02
8.6295883642e+06	1.2498706127e-02	5.3556644979e+02
8.6295883642e+06	1.2499381966e-02	5.3555179578e+02
8.6295883642e+06	1.2500049478e-02	5.3553731137e+02
8.6295883642e+06	1.2500708706e-02	5.3552299567e+02
8.6295883642e+06	1.2501359702e-02	5.3550884763e+02
8.6295883642e+06	1.2502002512e-02	5.3549486628e+02
8.6295883642e+06	1.2502637182e-02	5.3548105066e+02
8.6295883642e+06	1.2503263760e-02	5.3546739979e+02
8.6295883642e+06	1.2503882294e-02	5.3545391270e+02
8.6295883642e+06	1.2504492829e-02	5.3544058841e+02
8.6295883642e+06	1.2505095426e-02	5.3542742571e+02
8.6295883642e+06	1.2505690123e-02	5.3541442377e+02
8.6295883642e+06	1.2506276969e-02	5.3540158162e+02
8.6295883642e+06	1.2506856009e-02	5.3538889830e+02
8.6295883642e+06	1.2507427289e-02	5.3537637289e+02
8.6295883642e+06	1.2507990852e-02	5.3536400448e+02
8.6295883642e+06	1.2508546746e-02	5.3535179208e+02
8.6295883642e+06	1.2509095015e-02	5.3533973479e+02
8.6295883642e+06	1.2509635703e-02	5.3532783170e+02
8.6295883642e+06	1.2510168854e-02	5.3531608189e+02
8.6295883642e+06	1.2510694514e-02	5.3530448446e+02
8.6295883642e+06	1.2511212725e-02	5.3529303848e+02
8.6295883642e+06	1.2511723530e-02	5.3528174310e+02
8.6295883642e+06	1.2512226978e-02	5.3527059731e+02
8.6295883642e+06	1.2512723108e-02	5.3525960031e+02
8.6295883642e+06	1.2513211961e-02	5.3524875124e+02
8.6295883642e+06	1.2513693586e-02	5.3523804912e+02
8.6295883642e+06	1.2514168024e-02	5.3522749308e+02
8.6295883642e+06	1.2514635316e-02	5.3521708227e+02
8.6295883642e+06	1.2515095509e-02	5.3520681575e+02
8.6295883642e+06	1.2515548640e-02	5.3519669275e+02
8.6295883642e+06	1.2515994753e-02	5.3518671235e+02
8.6295883642e+06	1.2516433892e-02	5.3517687367e+02
8.6295883642e+06	1.2516866098e-02	5.3516717587e+02
8.6295883642e+06	1.2517291413e-02	5.3515761805e+02
8.6295883642e+06	1.2517709877e-02	5.3514819944e+02
8.6295883642e+06	1.2518121530e-02	5.3513891918e+02
8.6295883642e+06	1.2518526414e-02	5.3512977640e+02
8.6295883642e+06	1.2518924573e-02	5.3512077024e+02
8.6295883642e+06	1.2519316045e-02	5.3511189991e+02
8.6295883642e+06	1.2519700867e-02	5.3510316461e+02
8.6295883642e+06	1.2520079080e-02	5.3509456355e+02
8.6295883642e+06	1.2520450727e-02	5.3508609582e+02
8.6295883642e+06	1.2520815846e-02	5.3507776064e+02
8.6295883642e+06	1.2521174475e-02	5.3506955725e+02
8.6295883642e+06	1.2521526656e-02	5.3506148477e+02
8.6295883642e+06	1.2521872428e-02	5.3505354242e+02
8.6295883642e+06	1.2522211826e-02	5.3504572946e+02
8.6295883642e+06	1.2522544891e-02	5.3503804507e+02
8.6295883642e+06	1.2522871663e-02	5.3503048843e+02
8.6295883642e+06	1.2523192178e-02	5.3502305880e+02
8.6295883642e+06	1.2523506473e-02	5.3501575539e+02
8.6295883642e+06	1.2523814597e-02	5.3500857726e+02
8.6295883642e+06	1.2524116580e-02	5.3500152376e+02
8.6295883642e+06	1.2524412457e-02	5.3499459417e+02
8.6295883642e+06	1.2524702269e-02	5.3498778767e+02
8.6295883642e+06	1.2524986049e-02	5.3498110357e+02
8.6295883642e+06	1.2525263835e-02	5.3497454109e+02
8.6295883642e+06	1.2525535667e-02	5.3496809943e+02
8.6295883642e+06	1.2525801580e-02	5.3496177787e+02
8.6295883642e+06	1.2526061611e-02	5.3495557564e+02
8.6295883642e+06	1.2526315798e-02	5.3494949199e+02
8.6295883642e+06	1.2526564173e-02	5.3494352622e+02
8.6295883642e+06	1.2526806778e-02	5.3493767753e+02
8.6295883642e+06	1.2527043645e-02	5.3493194524e+02
8.6295883642e+06	1.2527274811e-02	5.3492632858e+02
8.6295883642e+06	1.2527500312e-02	5.3492082683e+02
8.6295883642e+06	1.2527720182e-02	5.3491543932e+02
8.6295883642e+06	1.2527934456e-02	5.3491016528e+02
8.6295883642e+06	1.2528143171e-02	5.3490500402e+02
8.6295883642e+06	1.2528346361e-02	5.3489995478e+02
8.6295883642e+06	1.2528544058e-02	5.3489501696e+02
8.6295883642e+06	1.2528736300e-02	5.3489018976e+02
8.6295883642e+06	1.2528923120e-02	5.3488547252e+02
8.6295883642e+06	1.2529104554e-02	5.3488086451e+02
8.6295883642e+06	1.2529280631e-02	5.3487636513e+02
8.6295883642e+06	1.2529451386e-02	5.3487197364e+02
8.6295883642e+06	1.2529616856e-02	5.3486768933e+02
8.6295883642e+06	1.2529777073e-02	5.3486351153e+02
8.6295883642e+06	1.2529932067e-02	5.3485943963e+02
8.6295883642e+06	1.2530081875e-02	5.3485547288e+02
8.6295883642e+06	1.2530226526e-02	5.3485161068e+02
8.6295883642e+06	1.2530366053e-02	5.3484785237e+02
8.6295883642e+06	1.2530500486e-02	5.3484419733e+02
8.6295883642e+06	1.2530629859e-02	5.3484064486e+02
8.6295883642e+06	1.2530754205e-02	5.3483719431e+02
8.6295883642e+06	1.2530873555e-02	5.3483384504e+02
8.6295883642e+06	1.2530987941e-02	5.3483059639e+02
8.6295883642e+06	1.2531097394e-02	5.3482744775e+02
8.6295883642e+06	1.2531201946e-02	5.3482439846e+02
8.6295883642e+06	1.2531301629e-02	5.3482144786e+02
8.6295883642e+06	1.2531396468e-02	5.3481859544e+02
8.6295883642e+06	1.2531486502e-02	5.3481584042e+02
8.6295883642e+06	1.2531571757e-02	5.3481318229e+02
8.6295883642e+06	1.2531652263e-02	5.3481062037e+02
8.6295883642e+06	1.2531728053e-02	5.3480815407e+02
8.6295883642e+06	1.2531799155e-02	5.3480578279e+02
8.6295883642e+06	1.2531865600e-02	5.3480350588e+02
8.6295883642e+06	1.2531927419e-02	5.3480132274e+02
8.6295883642e+06	1.2531984640e-02	5.3479923279e+02
8.6295883642e+06	1.2532037290e-02	5.3479723547e+02
8.6295883642e+06	1.2532085404e-02	5.3479533010e+02
8.6295883642e+06	1.2532129005e-02	5.3479351617e+02
8.6295883642e+06	1.2532168125e-02	5.3479179307e+02
8.6295883642e+06	1.2532202793e-02	5.3479016020e+02
8.6295883642e+06	1.2532233037e-02	5.3478861697e+02
8.6295883642e+06	1.2532258884e-02	5.3478716286e+02
8.6295883642e+06	1.2532280365e-02	5.3478579722e+02
8.6295883642e+06	1.2532297505e-02	5.3478451956e+02
8.6295883642e+06	1.2532310334e-02	5.3478332928e+02
8.6295883642e+06	1.2532318879e-02	5.3478222580e+02
8.6295883642e+06	1.2532323168e-02	5.3478120856e+02
8.6295883642e+06	1.2532323229e-02	5.3478027701e+02
8.6295883642e+06	1.2532319088e-02	5.3477943062e+02
8.6295883642e+06	1.2532310772e-02	5.3477866882e+02
8.6295883642e+06	1.2532298308e-02	5.3477799110e+02
8.6295883642e+06	1.2532281723e-02	5.3477739688e+02
8.6295883642e+06	1.2532261042e-02	5.3477688567e+02
8.6295883642e+06	1.2532236294e-02	5.3477645686e+02
8.6295883642e+06	1.2532207504e-02	5.3477610997e+02
8.6295883642e+06	1.2532174697e-02	5.3477584448e+02
8.6295883642e+06	1.2532137903e-02	5.3477565981e+02
8.6295883642e+06	1.2532097143e-02	5.3477555550e+02
8.6295883642e+06	1.2532052445e-02	5.3477553097e+02
8.6295883642e+06	1.2532003836e-02	5.3477558573e+02
8.6295883642e+06	1.2531951337e-02	5.3477571930e+02
8.6295883642e+06	1.2531894976e-02	5.3477593114e+02
8.6295883642e+06	1.2531834778e-02	5.3477622073e+02
8.6295883642e+06	1.2531770766e-02	5.3477658762e+02
8.6295883642e+06	1.2531702966e-02	5.3477703127e+02
8.6295883642e+06	1.2531631407e-02	5.3477755111e+02
8.6295883642e+06	1.2531556120e-02	5.3477814651e+02
8.6295883642e+06	1.2531477118e-02	5.3477881716e+02
8.6295883642e+06	1.2531394424e-02	5.3477956267e+02
8.6295883642e+06	1.2531308065e-02	5.3478038244e+02
8.6295883642e+06	1.2531218064e-02	5.3478127603e+02
8.6295883642e+06	1.2531124443e-02	5.3478224297e+02
8.6295883642e+06	1.2531027226e-02	5.3478328280e+02
8.6295883642e+06	1.2530926435e-02	5.3478439506e+02
8.6295883642e+06	1.2530822097e-02	5.3478557922e+02
8.6295883642e+06	1.2530714231e-02	5.3478683489e+02
8.6295883642e+06	1.2530602862e-02	5.3478816155e+02
8.6295883642e+06	1.2530488010e-02	5.3478955879e+02
8.6295883642e+06	1.2530369703e-02	5.3479102608e+02
8.6295883642e+06	1.2530247961e-02	5.3479256299e+02
8.6295883642e+06	1.2530122806e-02	5.3479416910e+02
8.6295883642e+06	1.2529994260e-02	5.3479584391e+02
8.6295883642e+06	1.2529862344e-02	5.3479758704e+02
8.6295883642e+06	1.2529727083e-02	5.3479939799e+02
8.6295883642e+06	1.2529588497e-02	5.3480127633e+02
8.6295883642e+06	1.2529446609e-02	5.3480322161e+02
8.6295883642e+06	1.2529301441e-02	5.3480523339e+02
8.6295883642e+06	1.2529153010e-02	5.3480731130e+02
8.6295883642e+06	1.2529001341e-02	5.3480945486e+02
8.6295883642e+06	1.2528846457e-02	5.3481166361e+02
8.6295883642e+06	1.2528688376e-02	5.3481393716e+02
8.6295883642e+06	1.2528527119e-02	5.3481627511e+02
8.6295883642e+06	1.2528362705e-02	5.3481867705e+02
8.6295883642e+06	1.2528195156e-02	5.3482114257e+02
8.6295883642e+06	1.2528024493e-02	5.3482367123e+02
8.6295883642e+06	1.2527850734e-02	5.3482626265e+02
8.6295883642e+06	1.2527673900e-02	5.3482891643e+02
8.6295883642e+06	1.2527494012e-02	5.3483163215e+02
8.6295883642e+06	1.2527311088e-02	5.3483440941e+02
8.6295883642e+06	1.2527125151e-02	5.3483724779e+02
8.6295883642e+06	1.2526936218e-02	5.3484014691e+02
8.6295883642e+06	1.2526744309e-02	5.3484310639e+02
8.6295883642e+06	1.2526549444e-02	5.3484612582e+02
8.6295883642e+06	1.2526351644e-02	5.3484920478e+02
8.6295883642e+06	1.2526150926e-02	5.3485234291e+02
8.6295883642e+06	1.2525947311e-02	5.3485553981e+02
8.6295883642e+06	1.2525740815e-02	5.3485879514e+02
8.6295883642e+06	1.2525531459e-02	5.3486210848e+02
8.6295883642e+06	1.2525319263e-02	5.3486547943e+02
8.6295883642e+06	1.2525104242e-02	5.3486890768e+02
8.6295883642e+06	1.2524886418e-02	5.3487239280e+02
8.6295883642e+06	1.2524665808e-02	5.3487593441e+02
8.6295883642e+06	1.2524442433e-02	5.3487953216e+02
8.6295883642e+06	1.2524216307e-02	5.3488318569e+02
8.6295883642e+06	1.2523987449e-02	5.3488689466e+02
8.6295883642e+06	1.2523755878e-02	5.3489065868e+02
8.6295883642e+06	1.2523521613e-02	5.3489447734e+02
8.6295883642e+06	1.2523284670e-02	5.3489835036e+02
8.6295883642e+06	1.2523045067e-02	5.3490227735e+02
8.6295883642e+06	1.2522802824e-02	5.3490625792e+02
8.6295883642e+06	1.2522557955e-02	5.3491029178e+02
8.6295883642e+06	1.2522310479e-02	5.3491437855e+02
8.6295883642e+06	1.2522060413e-02	5.3491851788e+02
8.6295883642e+06	1.2521807773e-02	5.3492270945e+02
8.6295883642e+06	1.2521552578e-02	5.3492695290e+02
8.6295883642e+06	1.2521294844e-02	5.3493124787e+02
8.6295883642e+06	1.2521034588e-02	5.3493559403e+02
8.6295883642e+06	1.2520771838e-02	5.3493999083e+02
8.6295883642e+06	1.2520506601e-02	5.3494443811e+02
8.6295883642e+06	1.2520238891e-02	5.3494893560e+02
8.6295883642e+06	1.2519968724e-02	5.3495348298e+02
8.6295883642e+06	1.2519696117e-02	5.3495807989e+02
8.6295883642e+06	1.2519421089e-02	5.3496272596e+02
8.6295883642e+06	1.2519143649e-02	5.3496742102e+02
8.6295883642e+06	1.2518863817e-02	5.3497216463e+02
8.6295883642e+06	1.2518581606e-02	5.3497695659e+02
8.6295883642e+06	1.2518297033e-02	5.3498179650e+02
8.6295883642e+06	1.2518010114e-02	5.3498668406e+02
8.6295883642e+06	1.2517720865e-02	5.3499161895e+02
8.6295883642e+06	1.2517429300e-02	5.3499660088e+02
8.6295883642e+06	1.2517135433e-02	5.3500162956e+02
8.6295883642e+06	1.2516839281e-02	5.3500670468e+02
8.6295883642e+06	1.2516540860e-02	5.3501182588e+02
8.6295883642e+06	1.2516240182e-02	5.3501699295e+02
8.6295883642e+06	1.2515937266e-02	5.3502220548e+02
8.6295883642e+06	1.2515632123e-02	5.3502746326e+02
8.6295883642e+06	1.2515324769e-02	5.3503276597e+02
8.6295883642e+06	1.2515015221e-02	5.3503811328e+02
8.6295883642e+06	1.2514703489e-02	5.3504350496e+02
8.6295883642e+06	1.2514389589e-02	5.3504894071e+02
8.6295883642e+06	1.2514073536e-02	5.3505442022e+02
8.6295883642e+06	1.2513755345e-02	5.3505994320e+02
8.6295883642e+06	1.2513435028e-02	5.3506550939e+02
8.6295883642e+06	1.2513112601e-02	5.3507111846e+02
8.6295883642e+06	1.2512788078e-02	5.3507677016e+02
8.6295883642e+06	1.2512461472e-02	5.3508246420e+02
8.6295883642e+06	1.2512132798e-02	5.3508820029e+02
8.6295883642e+06	1.2511802069e-02	5.3509397818e+02
8.6295883642e+06	1.2511469299e-02	5.3509979757e+02
8.6295883642e+06	1.2511134503e-02	5.3510565816e+02
8.6295883642e+06	1.2510797694e-02	5.3511155969e+02
8.6295883642e+06	1.2510458886e-02	5.3511750188e+02
8.6295883642e+06	1.2510118090e-02	5.3512348451e+02
8.6295883642e+06	1.2509775322e-02	5.3512950727e+02
8.6295883642e+06	1.2509430594e-02	5.3513556989e+02
8.6295883642e+06	1.2509083921e-02	5.3514167210e+02
8.6295883642e+06	1.2508735312e-02	5.3514781368e+02
8.6295883642e+06	1.2508384785e-02	5.3515399430e+02
8.6295883642e+06	1.2508032352e-02	5.3516021372e+02
8.6295883642e+06	1.2507678025e-02	5.3516647167e+02
8.6295883642e+06	1.2507321815e-02	5.3517276793e+02
8.6295883642e+06	1.2506963737e-02	5.3517910225e+02
8.6295883642e+06	1.2506603800e-02	5.3518547438e+02
8.6295883642e+06	1.2506242021e-02	5.3519188402e+02
8.6295883642e+06	1.2505878413e-02	5.3519833092e+02
8.6295883642e+06	1.2505512984e-02	5.3520481488e+02
8.6295883642e+06	1.2505145750e-02	5.3521133560e+02
8.6295883642e+06	1.2504776721e-02	5.3521789287e+02
8.6295883642e+06	1.2504405910e-02	5.3522448643e+02
8.6295883642e+06	1.2504033330e-02	5.3523111602e+02
8.6295883642e+06	1.2503659002e-02	5.3523778121e+02
8.6295883642e+06	1.2503282932e-02	5.3524448190e+02
8.6295883642e+06	1.2502905128e-02	5.3525121791e+02
8.6295883642e+06	1.2502525602e-02	5.3525798901e+02
8.6295883642e+06	1.2502144364e-02	5.3526479498e+02
8.6295883642e+06	1.2501761425e-02	5.3527163563e+02
8.6295883642e+06	1.2501376800e-02	5.3527851064e+02
8.6295883642e+06	1.2500990499e-02	5.3528541981e+02
8.6295883642e+06	1.2500602532e-02	5.3529236292e+02
8.6295883642e+06	1.2500212914e-02	5.3529933970e+02
8.6295883642e+06	1.2499821653e-02	5.3530634998e+02
8.6295883642e+06	1.2499428762e-02	5.3531339349e+02
8.6295883642e+06	1.2499034251e-02	5.3532047004e+02
8.6295883642e+06	1.2498638139e-02	5.3532757922e+02
8.6295883642e+06	1.2498240436e-02	5.3533472087e+02
8.6295883642e+06	1.2497841152e-02	5.3534189475e+02
8.6295883642e+06	1.2497440298e-02	5.3534910066e+02
8.6295883642e+06	1.2497037884e-02	5.3535633840e+02
8.6295883642e+06	1.2496633922e-02	5.3536360774e+02
8.6295883642e+06	1.2496228424e-02	5.3537090841e+02
8.6295883642e+06	1.2495821397e-02	5.3537824026e+02
8.6295883642e+06	1.2495412853e-02	5.3538560310e+02
8.6295883642e+06	1.2495002804e-02	5.3539299664e+02
8.6295883642e+06	1.2494591260e-02	5.3540042070e+02
8.6295883642e+06	1.2494178231e-02	5.3540787508e+02
8.6295883642e+06	1.2493763729e-02	5.3541535954e+02
8.6295883642e+06	1.2493347760e-02	5.3542287393e+02
8.6295883642e+06	1.2492930337e-02	5.3543041803e+02
8.6295883642e+06	1.2492511470e-02	5.3543799162e+02
8.6295883642e+06	1.2492091169e-02	5.3544559450e+02
8.6295883642e+06	1.2491669445e-02	5.3545322647e+02
8.6295883642e+06	1.2491246306e-02	5.3546088731e+02
8.6295883642e+06	1.2490821764e-02	5.3546857684e+02
8.6295883642e+06	1.2490395827e-02	5.3547629486e+02
8.6295883642e+06	1.2489968506e-02	5.3548404119e+02
8.6295883642e+06	1.2489539808e-02	5.3549181564e+02
8.6295883642e+06	1.2489109746e-02	5.3549961799e+02
8.6295883642e+06	1.2488678327e-02	5.3550744806e+02
8.6295883642e+06	1.2488245564e-02	5.3551530562e+02
8.6295883642e+06	1.2487811462e-02	5.3552319056e+02
8.6295883642e+06	1.2487376032e-02	5.3553110266e+02
8.6295883642e+06	1.2486939287e-02	5.3553904166e+02
8.6295883642e+06	1.2486501230e-02	5.3554700748e+02
8.6295883642e+06	1.2486061874e-02	5.3555499989e+02
8.6295883642e+06	1.2485621229e-02	5.3556301866e+02
8.6295883642e+06	1.2485179301e-02	5.3557106370e+02
8.6295883642e+06	1.2484736103e-02	5.3557913472e+02
8.6295883642e+06	1.2484291643e-02	5.3558723157e+02
8.6295883642e+06	1.2483845943e-02	5.3559535380e+02
8.6295883642e+06	1.2483398997e-02	5.3560350153e+02
8.6295883642e+06	1.2482950815e-02	5.3561167459e+02
8.6295883642e+06	1.2482501404e-02	5.3561987280e+02
8.6295883642e+06	1.2482050775e-02	5.3562809596e+02
8.6295883642e+06	1.2481598935e-02	5.3563634393e+02
8.6295883642e+06	1.2481145894e-02	5.3564461650e+02
8.6295883642e+06	1.2480691658e-02	5.3565291354e+02
8.6295883642e+06	1.2480236239e-02	5.3566123483e+02
8.6295883642e+06	1.2479779644e-02	5.3566958023e+02
8.6295883642e+06	1.2479321882e-02	5.3567794954e+02
8.6295883642e+06	1.2478862961e-02	5.3568634260e+02
8.6295883642e+06	1.2478402889e-02	5.3569475927e+02
8.6295883642e+06	1.2477941673e-02	5.3570319938e+02
8.6295883642e+06	1.2477479326e-02	5.3571166271e+02
8.6295883642e+06	1.2477015851e-02	5.3572014915e+02
8.6295883642e+06	1.2476551258e-02	5.3572865854e+02
8.6295883642e+06	1.2476085553e-02	5.3573719073e+02
8.6295883642e+06	1.2475618748e-02	5.3574574551e+02
8.6295883642e+06	1.2475150847e-02	5.3575432275e+02
8.6295883642e+06	1.2474681861e-02	5.3576292229e+02
8.6295883642e+06	1.2474211797e-02	5.3577154395e+02
8.6295883642e+06	1.2473740658e-02	5.3578018767e+02
8.6295883642e+06	1.2473268454e-02	5.3578885326e+02
8.6295883642e+06	1.2472795189e-02	5.3579754064e+02
8.6295883642e+06	1.2472320874e-02	5.3580624959e+02
8.6295883642e+06	1.2471845514e-02	5.3581498000e+02
8.6295883642e+06	1.2471369119e-02	5.3582373168e+02
8.6295883642e+06	1.2470891695e-02	5.3583250449e+02
8.6295883642e+06	1.2470413250e-02	5.3584129829e+02
8.6295883642e+06	1.2469933793e-02	5.3585011289e+02
8.6295883642e+06	1.2469453330e-02	5.3585894818e+02
8.6295883642e+06	1.2468971868e-02	5.3586780400e+02
8.6295883642e+06	1.2468489415e-02	5.3587668020e+02
8.6295883642e+06	1.2468005979e-02	5.3588557662e+02
8.6295883642e+06	1.2467521569e-02	5.3589449308e+02
8.6295883642e+06	1.2467036188e-02	5.3590342951e+02
8.6295883642e+06	1.2466549845e-02	5.3591238574e+02
8.6295883642e+06	1.2466062549e-02	5.3592136158e+02
8.6295883642e+06	1.2465574305e-02	5.3593035694e+02
8.6295883642e+06	1.2465085119e-02	5.3593937168e+02
8.6295883642e+06	1.2464595001e-02	5.3594840561e+02
8.6295883642e+06	1.2464103958e-02	5.3595745860e+02
8.6295883642e+06	1.2463612003e-02	5.3596653038e+02
8.6295883642e+06	1.2463119142e-02	5.3597562082e+02
8.6295883642e+06	1.2462625378e-02	5.3598472987e+02
8.6295883642e+06	1.2462130713e-02	5.3599385748e+02
8.6295883642e+06	1.2461635155e-02	5.3600300350e+02
8.6295883642e+06	1.2461138709e-02	5.3601216783e+02
8.6295883642e+06	1.2460641385e-02	5.3602135025e+02
8.6295883642e+06	1.2460143185e-02	5.3603055074e+02
8.6295883642e+06	1.2459644121e-02	5.3603976907e+02
8.6295883642e+06	1.2459144194e-02	5.3604900519e+02
8.6295883642e+06	1.2458643416e-02	5.3605825887e+02
8.6295883642e+06	1.2458141791e-02	5.3606753004e+02
8.6295883642e+06	1.2457639325e-02	5.3607681856e+02
8.6295883642e+06	1.2457136025e-02	5.3608612430e+02
8.6295883642e+06	1.2456631898e-02	5.3609544712e+02
8.6295883642e+06	1.2456127055e-02	5.3610478478e+02
8.6295883642e+06	1.2455621628e-02	5.3611413457e+02
8.6295883642e+06	1.2455115609e-02	5.3612349665e+02
8.6295883642e+06	1.2454609003e-02	5.3613287095e+02
8.6295883642e+06	1.2454101812e-02	5.3614225741e+02
8.6295883642e+06	1.2453594042e-02	5.3615165589e+02
8.6295883642e+06	1.2453085699e-02	5.3616106630e+02
8.6295883642e+06	1.2452576783e-02	5.3617048863e+02
8.6295883642e+06	1.2452067300e-02	5.3617992277e+02
8.6295883642e+06	1.2451557253e-02	5.3618936861e+02
8.6295883642e+06	1.2451046649e-02	5.3619882608e+02
8.6295883642e+06	1.2450535488e-02	5.3620829514e+02
8.6295883642e+06	1.2450023775e-02	5.3621777569e+02
8.6295883642e+06	1.2449511514e-02	5.3622726764e+02
8.6295883642e+06	1.2448998711e-02	5.3623677092e+02
8.6295883642e+06	1.2448485368e-02	5.3624628543e+02
8.6295883642e+06	1.2447971489e-02	5.3625581111e+02
8.6295883642e+06	1.2447457078e-02	5.3626534789e+02
8.6295883642e+06	1.2446942139e-02	5.3627489569e+02
8.6295883642e+06	1.2446426676e-02	5.3628445441e+02
8.6295883642e+06	1.2445910691e-02	5.3629402403e+02
8.6295883642e+06	1.2445394189e-02	5.3630360444e+02
8.6295883642e+06	1.2444877174e-02	5.3631319558e+02
8.6295883642e+06	1.2444359649e-02	5.3632279733e+02
8.6295883642e+06	1.2443841617e-02	5.3633240970e+02
8.6295883642e+06	1.2443323083e-02	5.3634203255e+02
8.6295883642e+06	1.2442804063e-02	5.3635166557e+02
8.6295883642e+06	1.2442284549e-02	5.3636130891e+02
8.6295883642e+06	1.2441764542e-02	5.3637096257e+02
8.6295883642e+06	1.2441244045e-02	5.3638062646e+02
8.6295883642e+06	1.2440723063e-02	5.3639030052e+02
8.6295883642e+06	1.2440201597e-02	5.3639998470e+02
8.6295883642e+06	1.2439679652e-02	5.3640967889e+02
8.6295883642e+06	1.2439157231e-02	5.3641938306e+02
8.6295883642e+06	1.2438634335e-02	5.3642909717e+02
8.6295883642e+06	1.2438110967e-02	5.3643882117e+02
8.6295883642e+06	1.2437587131e-02	5.3644855498e+02
8.6295883642e+06	1.2437062831e-02	5.3645829852e+02
8.6295883642e+06	1.2436538065e-02	5.3646805182e+02
8.6295883642e+06	1.2436012835e-02	5.3647781484e+02
8.6295883642e+06	1.2435487144e-02	5.3648758753e+02
8.6295883642e+06	1.2434960996e-02	5.3649736982e+02
8.6295883642e+06	1.2434434394e-02	5.3650716162e+02
8.6295883642e+06	1.2433907343e-02	5.3651696286e+02
8.6295883642e+06	1.2433379844e-02	5.3652677350e+02
8.6295883642e+06	1.2432851901e-02	5.3653659345e+02
8.6295883642e+06	1.2432323518e-02	5.3654642266e+02
8.6295883642e+06	1.2431794698e-02	5.3655626105e+02
8.6295883642e+06	1.2431265445e-02	5.3656610854e+02
8.6295883642e+06	1.2430735761e-02	5.3657596508e+02
8.6295883642e+06	1.2430205652e-02	5.3658583057e+02
8.6295883642e+06	1.2429675118e-02	5.3659570501e+02
8.6295883642e+06	1.2429144162e-02	5.3660558833e+02
8.6295883642e+06	1.2428612790e-02	5.3661548041e+02
8.6295883642e+06	1.2428081005e-02	5.3662538119e+02
8.6295883642e+06	1.2427548809e-02	5.3663529062e+02
8.6295883642e+06	1.2427016206e-02	5.3664520864e+02
8.6295883642e+06	1.2426483198e-02	5.3665513518e+02
8.6295883642e+06	1.2425949787e-02	5.3666507023e+02
8.6295883642e+06	1.2425415977e-02	5.3667501370e+02
8.6295883642e+06	1.2424881769e-02	5.3668496556e+02
8.6295883642e+06	1.2424347165e-02	5.3669492578e+02
8.6295883642e+06	1.2423812169e-02	5.3670489428e+02
8.6295883642e+06	1.2423276784e-02	5.3671487100e+02
8.6295883642e+06	1.2422741024e-02	5.3672485565e+02
8.6295883642e+06	1.2422204887e-02	5.3673484828e+02
8.6295883642e+06	1.2421668369e-02	5.3674484894e+02
8.6295883642e+06	1.2421131475e-02	5.3675485757e+02
8.6295883642e+06	1.2420594207e-02	5.3676487411e+02
8.6295883642e+06	1.2420056570e-02	5.3677489848e+02
8.6295883642e+06	1.2419518565e-02	5.3678493062e+02
8.6295883642e+06	1.2418980196e-02	5.3679497048e+02
8.6295883642e+06	1.2418441468e-02	5.3680501795e+02
8.6295883642e+06	1.2417902381e-02	5.3681507304e+02
8.6295883642e+06	1.2417362940e-02	5.3682513564e+02
8.6295883642e+06	1.2416823148e-02	5.3683520569e+02
8.6295883642e+06	1.2416283005e-02	5.3684528318e+02
8.6295883642e+06	1.2415742509e-02	5.3685536816e+02
8.6295883642e+06	1.2415201660e-02	5.3686546065e+02
8.6295883642e+06	1.2414660459e-02	5.3687556059e+02
8.6295883642e+06	1.2414118911e-02	5.3688566792e+02
8.6295883642e+06	1.2413577017e-02	5.3689578258e+02
8.6295883642e+06	1.2413034784e-02	5.3690590447e+02
8.6295883642e+06	1.2412492212e-02	5.3691603356e+02
8.6295883642e+06	1.2411949303e-02	5.3692616982e+02
8.6295883642e+06	1.2411406064e-02	5.3693631311e+02
8.6295883642e+06	1.2410862494e-02	5.3694646345e+02
8.6295883642e+06	1.2410318599e-02	5.3695662071e+02
8.6295883642e+06	1.2409774381e-02	5.3696678487e+02
8.6295883642e+06	1.2409229843e-02	5.3697695585e+02
8.6295883642e+06	1.2408684982e-02	5.3698713372e+02
8.6295883642e+06	1.2408139778e-02	5.3699731888e+02
8.6295883642e+06	1.2407594239e-02	5.3700751118e+02
8.6295883642e+06	1.2407048366e-02	5.3701771057e+02
8.6295883642e+06	1.2406502163e-02	5.3702791702e+02
8.6295883642e+06	1.2405955632e-02	5.3703813045e+02
8.6295883642e+06	1.2405408778e-02	5.3704835078e+02
8.6295883642e+06	1.2404861603e-02	5.3705857796e+02
8.6295883642e+06	1.2404314110e-02	5.3706881192e+02
8.6295883642e+06	1.2403766303e-02	5.3707905258e+02
8.6295883642e+06	1.2403218196e-02	5.3708929968e+02
8.6295883642e+06	1.2402669786e-02	5.3709955327e+02
8.6295883642e+06	1.2402121071e-02	5.3710981337e+02
8.6295883642e+06	1.2401572055e-02	5.3712007994e+02
8.6295883642e+06	1.2401022734e-02	5.3713035302e+02
8.6295883642e+06	1.2400473111e-02	5.3714063256e+02
8.6295883642e+06	1.2399923186e-02	5.3715091858e+02
8.6295883642e+06	1.2399372965e-02	5.3716121095e+02
8.6295883642e+06	1.2398822450e-02	5.3717150962e+02
8.6295883642e+06	1.2398271642e-02	5.3718181458e+02
8.6295883642e+06	1.2397720547e-02	5.3719212570e+02
8.6295883642e+06	1.2397169167e-02	5.3720244294e+02
8.6295883642e+06	1.2396617506e-02	5.3721276625e+02
8.6295883642e+06	1.2396065565e-02	5.3722309555e+02
8.6295883642e+06	1.2395513348e-02	5.3723343081e+02
8.6295883642e+06	1.2394960859e-02	5.3724377192e+02
8.6295883642e+06	1.2394408101e-02	5.3725411885e+02
8.6295883642e+06	1.2393855077e-02	5.3726447150e+02
8.6295883642e+06	1.2393301789e-02	5.3727482986e+02
8.6295883642e+06	1.2392748238e-02	5.3728519387e+02
8.6295883642e+06	1.2392194432e-02	5.3729556344e+02
8.6295883642e+06	1.2391640368e-02	5.3730593855e+02
8.6295883642e+06	1.2391086052e-02	5.3731631913e+02
8.6295883642e+06	1.2390531489e-02	5.3732670508e+02
8.6295883642e+06	1.2389976677e-02	5.3733709641e+02
8.6295883642e+06	1.2389421621e-02	5.3734749303e+02
8.6295883642e+06	1.2388866327e-02	5.3735789482e+02
8.6295883642e+06	1.2388310793e-02	5.3736830183e+02
8.6295883642e+06	1.2387755025e-02	5.3737871394e+02
8.6295883642e+06	1.2387199024e-02	5.3738913111e+02
8.6295883642e+06	1.2386642795e-02	5.3739955326e+02
8.6295883642e+06	1.2386086338e-02	5.3740998035e+02
8.6295883642e+06	1.2385529660e-02	5.3742041231e+02
8.6295883642e+06	1.2384972760e-02	5.3743084908e+02
8.6295883642e+06	1.2384415652e-02	5.3744129044e+02
8.6295883642e+06	1.2383858335e-02	5.3745173636e+02
8.6295883642e+06	1.2383300806e-02	5.3746218694e+02
8.6295883642e+06	1.2382743069e-02	5.3747264209e+02
8.6295883642e+06	1.2382185123e-02	5.3748310180e+02
8.6295883642e+06	1.2381626971e-02	5.3749356604e+02
8.6295883642e+06	1.2381068612e-02	5.3750403485e+02
8.6295883642e+06	1.2380510047e-02	5.3751450815e+02
8.6295883642e+06	1.2379951283e-02	5.3752498586e+02
8.6295883642e+06	1.2379392321e-02	5.3753546792e+02
8.6295883642e+06	1.2378833162e-02	5.3754595431e+02
8.6295883642e+06	1.2378273811e-02	5.3755644496e+02
8.6295883642e+06	1.2377714269e-02	5.3756693981e+02
8.6295883642e+06	1.2377154540e-02	5.3757743880e+02
8.6295883642e+06	1.2376594626e-02	5.3758794191e+02
8.6295883642e+06	1.2376034528e-02	5.3759844907e+02
8.6295883642e+06	1.2375474251e-02	5.3760896023e+02
8.6295883642e+06	1.2374913798e-02	5.3761947530e+02
8.6295883642e+06	1.2374353169e-02	5.3762999428e+02
8.6295883642e+06	1.2373792367e-02	5.3764051711e+02
8.6295883642e+06	1.2373231394e-02	5.3765104375e+02
8.6295883642e+06	1.2372670255e-02	5.3766157412e+02
8.6295883642e+06	1.2372108951e-02	5.3767210817e+02
8.6295883642e+06	1.2371547486e-02	5.3768264584e+02
8.6295883642e+06	1.2370985859e-02	5.3769318714e+02
8.6295883642e+06	1.2370424075e-02	5.3770373196e+02
8.6295883642e+06	1.2369862136e-02	5.3771428026e+02
8.6295883642e+06	1.2369300046e-02	5.3772483199e+02
8.6295883642e+06	1.2368737804e-02	5.3773538713e+02
8.6295883642e+06	1.2368175415e-02	5.3774594561e+02
8.6295883642e+06	1.2367612876e-02	5.3775650747e+02
8.6295883642e+06	1.2367050188e-02	5.3776707269e+02
8.6295883642e+06	1.2366487351e-02	5.3777764129e+02
8.6295883642e+06	1.2365924375e-02	5.3778821305e+02
8.6295883642e+06	1.2365361246e-02	5.3779878826e+02
8.6295883642e+06	1.2364797968e-02	5.3780936683e+02
8.6295883642e+06	1.2364234542e-02	5.3781994874e+02
8.6295883642e+06	1.2363670973e-02	5.3783053391e+02
8.6295883642e+06	1.2363107261e-02	5.3784112234e+02
8.6295883642e+06	1.2362543410e-02	5.3785171391e+02
8.6295883642e+06	1.2361979419e-02	5.3786230869e+02
8.6295883642e+06	1.2361415291e-02	5.3787290658e+02
8.6295883642e+06	1.2360851026e-02	5.3788350760e+02
8.6295883642e+06	1.2360286627e-02	5.3789411167e+02
8.6295883642e+06	1.2359722094e-02	5.3790471881e+02
8.6295883642e+06	1.2359157431e-02	5.3791532895e+02
8.6295883642e+06	1.2358592636e-02	5.3792594209e+02
8.6295883642e+06	1.2358027713e-02	5.3793655820e+02
8.6295883642e+06	1.2357462661e-02	5.3794717725e+02
8.6295883642e+06	1.2356897483e-02	5.3795779921e+02
8.6295883642e+06	1.2356332180e-02	5.3796842405e+02
8.6295883642e+06	1.2355766754e-02	5.3797905174e+02
8.6295883642e+06	1.2355201204e-02	5.3798968228e+02
8.6295883642e+06	1.2354635533e-02	5.3800031564e+02
8.6295883642e+06	1.2354069742e-02	5.3801095176e+02
8.6295883642e+06	1.2353503830e-02	5.3802159068e+02
8.6295883642e+06	1.2352937802e-02	5.3803223232e+02
8.6295883642e+06	1.2352371655e-02	5.3804287671e+02
8.6295883642e+06	1.2351805393e-02	5.3805352379e+02
8.6295883642e+06	1.2351239015e-02	5.3806417358e+02
8.6295883642e+06	1.2350672522e-02	5.3807482603e+02
8.6295883642e+06	1.2350105916e-02	5.3808548114e+02
8.6295883642e+06	1.2349539197e-02	5.3809613889e+02
8.6295883642e+06	1.2348972363e-02	5.3810679931e+02
8.6295883642e+06	1.2348405431e-02	5.3811746206e+02
8.6295883642e+06	1.2347838387e-02	5.3812812744e+02
8.6295883642e+06	1.2347271229e-02	5.3813879549e+02
8.6295883642e+06	1.2346703960e-02	5.3814946614e+02
8.6295883642e+06	1.2346136577e-02	5.3816013946e+02
8.6295883642e+06	1.2345569082e-02	5.3817081538e+02
8.6295883642e+06	1.2345001473e-02	5.3818149398e+02
8.6295883642e+06	1.2344433750e-02	5.3819217524e+02
8.6295883642e+06	1.2343865913e-02	5.3820285916e+02
8.6295883642e+06	1.2343297960e-02	5.3821354579e+02
8.6295883642e+06	1.2342729889e-02	5.3822423516e+02
8.6295883642e+06	1.2342161700e-02	5.3823492728e+02
8.6295883642e+06	1.2341593389e-02	5.3824562223e+02
8.6295883642e+06	1.2341024955e-02	5.3825632002e+02
8.6295883642e+06	1.2340456392e-02	5.3826702078e+02
8.6295883642e+06	1.2339887687e-02	5.3827772479e+02
8.6295883642e+06	1.2339318834e-02	5.3828843217e+02
8.6295883642e+06	1.2338749827e-02	5.3829914302e+02
8.6295883642e+06	1.2338180655e-02	5.3830985757e+02
8.6295883642e+06	1.2337611312e-02	5.3832057596e+02
8.6295883642e+06	1.2337041781e-02	5.3833129853e+02
8.6295883642e+06	1.2336472041e-02	5.3834202572e+02
8.6295883642e+06	1.2335902065e-02	5.3835275807e+02
8.6295883642e+06	1.2335331805e-02	5.3836349656e+02
8.6295883642e+06	1.2334761181e-02	5.3837424284e+02
8.6295883642e+06	1.2334190006e-02	5.3838500072e+02
8.6295883642e+06	1.2333617475e-02	5.3839578664e+02
8.6295883642e+06	1.2333010952e-02	5.3840726674e+02
8.6295883642e+06	1.2332427468e-02	5.3841827898e+02
8.6295883642e+06	1.2331833377e-02	5.3842950692e+02
8.6295883642e+06	1.2331242926e-02	5.3844066142e+02
8.6295883642e+06	1.2330651626e-02	5.3845183346e+02
