Phi_global	fO2_shift_IW_derived
1.0000000000e+00	-6.1851338858e+00
1.0000000000e+00	-6.1851338858e+00
1.0000000000e+00	-6.1851338858e+00
1.0000000000e+00	-6.1851338858e+00
1.0000000000e+00	-6.1842952471e+00
1.0000000000e+00	-6.1843868129e+00
1.0000000000e+00	-6.1844776165e+00
1.0000000000e+00	-6.1853809331e+00
1.0000000000e+00	-6.1868159415e+00
1.0000000000e+00	-6.1890831865e+00
1.0000000000e+00	-6.1926083838e+00
1.0000000000e+00	-6.1980082644e+00
1.0000000000e+00	-6.2076924985e+00
1.0000000000e+00	-6.2126729410e+00
1.0000000000e+00	-6.2107296681e+00
9.9984059842e-01	-6.1994694964e+00
9.9978631629e-01	-6.1994853863e+00
9.9973264754e-01	-6.1995057980e+00
9.9967884726e-01	-6.1995332352e+00
9.9962505675e-01	-6.1995683568e+00
9.9957062032e-01	-6.1996107484e+00
9.9951611880e-01	-6.1996595490e+00
9.9946105287e-01	-6.1997139614e+00
9.9940486325e-01	-6.1997733042e+00
9.9934804678e-01	-6.1998369567e+00
9.9929061198e-01	-6.1999044338e+00
9.9923258933e-01	-6.1999753342e+00
9.9917438094e-01	-6.2000493004e+00
9.9911587206e-01	-6.2001260581e+00
9.9905636718e-01	-6.2002054088e+00
9.9899571321e-01	-6.2002871533e+00
9.9893467290e-01	-6.2003710635e+00
9.9887296516e-01	-6.2004569950e+00
9.9881054177e-01	-6.2005448060e+00
9.9874714544e-01	-6.2006343813e+00
9.9868249250e-01	-6.2007256187e+00
9.9861627143e-01	-6.2008184267e+00
9.9854981729e-01	-6.2009126222e+00
9.9848312888e-01	-6.2010081086e+00
9.9841620497e-01	-6.2011047947e+00
9.9834904435e-01	-6.2012025932e+00
9.9828164575e-01	-6.2013014209e+00
9.9821400794e-01	-6.2014011979e+00
9.9814612968e-01	-6.2015018477e+00
9.9807800968e-01	-6.2016032981e+00
9.9800964671e-01	-6.2017054817e+00
9.9794103945e-01	-6.2018083378e+00
9.9787218665e-01	-6.2019118142e+00
9.9780308671e-01	-6.2020158708e+00
9.9773373740e-01	-6.2021204828e+00
9.9766413718e-01	-6.2022256456e+00
9.9759428467e-01	-6.2023313802e+00
9.9752417915e-01	-6.2024377392e+00
9.9745381910e-01	-6.2025448137e+00
9.9738320346e-01	-6.2026527392e+00
9.9731233069e-01	-6.2027617017e+00
9.9724119951e-01	-6.2028719423e+00
9.9716980816e-01	-6.2029837603e+00
9.9709815578e-01	-6.2030975133e+00
9.9702623983e-01	-6.2032136150e+00
9.9695405975e-01	-6.2033325308e+00
9.9688161357e-01	-6.2034547705e+00
9.9680889945e-01	-6.2035808792e+00
9.9673591653e-01	-6.2037114272e+00
9.9666266216e-01	-6.2038469989e+00
9.9658913549e-01	-6.2039881816e+00
9.9651533485e-01	-6.2041355533e+00
9.9644125782e-01	-6.2042896698e+00
9.9636690400e-01	-6.2044510507e+00
9.9629227022e-01	-6.2046201636e+00
9.9621735626e-01	-6.2047974071e+00
9.9614215925e-01	-6.2049830942e+00
9.9606667858e-01	-6.2051774361e+00
9.9599091125e-01	-6.2053805290e+00
9.9591485665e-01	-6.2055923464e+00
9.9583851245e-01	-6.2058127370e+00
9.9576187614e-01	-6.2060414284e+00
9.9568494565e-01	-6.2062780383e+00
9.9560771833e-01	-6.2065220895e+00
9.9553019194e-01	-6.2067730285e+00
9.9545236897e-01	-6.2070302454e+00
9.9537424815e-01	-6.2072930950e+00
9.9529582785e-01	-6.2075609158e+00
9.9521710647e-01	-6.2078330469e+00
9.9513808237e-01	-6.2081088419e+00
9.9505875389e-01	-6.2083876798e+00
9.9497911938e-01	-6.2086689727e+00
9.9489917717e-01	-6.2089521714e+00
9.9481892555e-01	-6.2092367677e+00
9.9473836280e-01	-6.2095223435e+00
9.9465748715e-01	-6.2098084076e+00
9.9457629681e-01	-6.2100945844e+00
9.9449479003e-01	-6.2103805315e+00
9.9441296501e-01	-6.2106659365e+00
9.9433081997e-01	-6.2109537638e+00
9.9424835309e-01	-6.2112406439e+00
9.9416556243e-01	-6.2115265758e+00
9.9408244482e-01	-6.2118150347e+00
9.9399898408e-01	-6.2121453222e+00
9.9397185753e-01	-6.2129141171e+00
9.9396833522e-01	-6.2144820732e+00
9.9396510372e-01	-6.2150028940e+00
9.9396189624e-01	-6.2150243827e+00
9.9395870736e-01	-6.2149869314e+00
9.9395553161e-01	-6.2149654092e+00
9.9395236579e-01	-6.2149521524e+00
9.9394920419e-01	-6.2149430024e+00
9.9394604597e-01	-6.2149357747e+00
9.9394289169e-01	-6.2149297807e+00
9.9393974877e-01	-6.2149246579e+00
9.9393661488e-01	-6.2149211604e+00
9.9393349601e-01	-6.2149201094e+00
9.9393040298e-01	-6.2149231015e+00
9.9392737070e-01	-6.2149342149e+00
9.9392443335e-01	-6.2149599779e+00
9.9392167018e-01	-6.2150125981e+00
9.9391924916e-01	-6.2147848359e+00
9.9391755844e-01	-6.2135029022e+00
9.9391722642e-01	-6.2109515479e+00
9.9391843197e-01	-6.2067745880e+00
9.9375390733e-01	-6.1998468746e+00
9.9369871003e-01	-6.1998666400e+00
9.9364385646e-01	-6.1998928074e+00
9.9358899349e-01	-6.1999276604e+00
9.9353362985e-01	-6.1999712718e+00
9.9347796395e-01	-6.2000226767e+00
9.9342196455e-01	-6.2000807687e+00
9.9336479134e-01	-6.2001446287e+00
9.9330668848e-01	-6.2002134543e+00
9.9324803084e-01	-6.2002865945e+00
9.9318865735e-01	-6.2003635546e+00
9.9312909151e-01	-6.2004438915e+00
9.9306911889e-01	-6.2005272785e+00
9.9300816439e-01	-6.2006134659e+00
9.9294583548e-01	-6.2007022343e+00
9.9288328872e-01	-6.2007933019e+00
9.9281973327e-01	-6.2008865335e+00
9.9275561383e-01	-6.2009817385e+00
9.9269011153e-01	-6.2010788217e+00
9.9262285465e-01	-6.2011776737e+00
9.9255485813e-01	-6.2012781109e+00
9.9248662235e-01	-6.2013799900e+00
9.9241814608e-01	-6.2014832069e+00
9.9234942807e-01	-6.2015876632e+00
9.9228046706e-01	-6.2016932656e+00
9.9221126181e-01	-6.2017999251e+00
9.9214181105e-01	-6.2019075566e+00
9.9207211349e-01	-6.2020160783e+00
9.9200216787e-01	-6.2021254127e+00
9.9193197285e-01	-6.2022354865e+00
9.9186152716e-01	-6.2023462326e+00
9.9179082791e-01	-6.2024575913e+00
9.9171987025e-01	-6.2025695139e+00
9.9164865224e-01	-6.2026819650e+00
9.9157717386e-01	-6.2027949278e+00
9.9150543543e-01	-6.2029084087e+00
9.9143343641e-01	-6.2030224441e+00
9.9136117423e-01	-6.2031371070e+00
9.9128864969e-01	-6.2032525135e+00
9.9121585875e-01	-6.2033688300e+00
9.9114280246e-01	-6.2034862788e+00
9.9106947741e-01	-6.2036051422e+00
9.9099588277e-01	-6.2037257644e+00
9.9092201768e-01	-6.2038485507e+00
9.9084787775e-01	-6.2039739641e+00
9.9077346431e-01	-6.2041025173e+00
9.9069877365e-01	-6.2042347649e+00
9.9062380411e-01	-6.2043712919e+00
9.9054855579e-01	-6.2045127006e+00
9.9047302267e-01	-6.2046595986e+00
9.9039720724e-01	-6.2048125830e+00
9.9032110493e-01	-6.2049722266e+00
9.9024471517e-01	-6.2051390617e+00
9.9016803565e-01	-6.2053135626e+00
9.9009106461e-01	-6.2054961277e+00
9.9001379966e-01	-6.2056870623e+00
9.8993624034e-01	-6.2058865628e+00
9.8985838194e-01	-6.2060947049e+00
9.8978022366e-01	-6.2063114360e+00
9.8970176249e-01	-6.2065365757e+00
9.8962299341e-01	-6.2067698216e+00
9.8954391332e-01	-6.2070107617e+00
9.8946452941e-01	-6.2072588913e+00
9.8938484267e-01	-6.2075136340e+00
9.8930485158e-01	-6.2077743637e+00
9.8922455460e-01	-6.2080404251e+00
9.8914395018e-01	-6.2083111538e+00
9.8906303675e-01	-6.2085858922e+00
9.8898181267e-01	-6.2088640038e+00
9.8890027637e-01	-6.2091448827e+00
9.8881842618e-01	-6.2094279606e+00
9.8873626038e-01	-6.2097127112e+00
9.8865377725e-01	-6.2099986522e+00
9.8857097491e-01	-6.2102853446e+00
9.8848785161e-01	-6.2105723927e+00
9.8840440557e-01	-6.2108594413e+00
9.8832063498e-01	-6.2111472436e+00
9.8823653806e-01	-6.2114367331e+00
9.8815211297e-01	-6.2117253462e+00
9.8806735787e-01	-6.2120128546e+00
9.8798227087e-01	-6.2122990939e+00
9.8789684976e-01	-6.2125843516e+00
9.8781108889e-01	-6.2128735692e+00
9.8772494671e-01	-6.2132212287e+00
9.8770862256e-01	-6.2141607781e+00
9.8770479534e-01	-6.2141381297e+00
9.8770137408e-01	-6.2140546666e+00
9.8769799656e-01	-6.2139968762e+00
9.8769465211e-01	-6.2139623771e+00
9.8769132849e-01	-6.2139422766e+00
9.8768801820e-01	-6.2139295406e+00
9.8768471581e-01	-6.2139204736e+00
9.8768142015e-01	-6.2139131906e+00
9.8767813248e-01	-6.2139070905e+00
9.8767486021e-01	-6.2139018861e+00
9.8767160717e-01	-6.2138983664e+00
9.8766838630e-01	-6.2138974214e+00
9.8766522180e-01	-6.2139007951e+00
9.8766217888e-01	-6.2139128524e+00
9.8765934179e-01	-6.2139406173e+00
9.8765688342e-01	-6.2139972690e+00
9.8765517995e-01	-6.2141113363e+00
9.8765506515e-01	-6.2141792358e+00
9.8765794490e-01	-6.2114063937e+00
9.8766368453e-01	-6.2068571356e+00
9.8755646981e-01	-6.2003007325e+00
9.8755706966e-01	-6.2002615231e+00
9.8750082455e-01	-6.2002451274e+00
9.8744483396e-01	-6.2002700382e+00
9.8738868053e-01	-6.2003035717e+00
9.8733251283e-01	-6.2003472119e+00
9.8727564261e-01	-6.2004002584e+00
9.8721868722e-01	-6.2004612880e+00
9.8716067858e-01	-6.2005290697e+00
9.8710126561e-01	-6.2006025855e+00
9.8704145482e-01	-6.2006809614e+00
9.8698071142e-01	-6.2007635982e+00
9.8691976924e-01	-6.2008499460e+00
9.8685842251e-01	-6.2009396103e+00
9.8679596655e-01	-6.2010322997e+00
9.8673212847e-01	-6.2011277492e+00
9.8666806580e-01	-6.2012256443e+00
9.8660278117e-01	-6.2013258402e+00
9.8653677887e-01	-6.2014281224e+00
9.8646930067e-01	-6.2015323773e+00
9.8639993497e-01	-6.2016384858e+00
9.8633017019e-01	-6.2017462211e+00
9.8626015992e-01	-6.2018554524e+00
9.8618990290e-01	-6.2019660675e+00
9.8611939786e-01	-6.2020779616e+00
9.8604864355e-01	-6.2021910357e+00
9.8597763868e-01	-6.2023051955e+00
9.8590638199e-01	-6.2024203512e+00
9.8583487213e-01	-6.2025364167e+00
9.8576310784e-01	-6.2026533095e+00
9.8569108776e-01	-6.2027709516e+00
9.8561880879e-01	-6.2028892701e+00
9.8554626187e-01	-6.2030081994e+00
9.8547344425e-01	-6.2031276821e+00
9.8540035735e-01	-6.2032476732e+00
9.8532700301e-01	-6.2033681433e+00
9.8525338181e-01	-6.2034890845e+00
9.8517949004e-01	-6.2036105163e+00
9.8510533000e-01	-6.2037324911e+00
9.8503089675e-01	-6.2038551033e+00
9.8495619307e-01	-6.2039784948e+00
9.8488121174e-01	-6.2041028636e+00
9.8480595652e-01	-6.2042284673e+00
9.8473042243e-01	-6.2043556286e+00
9.8465460823e-01	-6.2044847348e+00
9.8457851475e-01	-6.2046162357e+00
9.8450213363e-01	-6.2047506392e+00
9.8442546936e-01	-6.2048885009e+00
9.8434851645e-01	-6.2050304142e+00
9.8427127288e-01	-6.2051769965e+00
9.8419373924e-01	-6.2053288740e+00
9.8411590803e-01	-6.2054866670e+00
9.8403778398e-01	-6.2056509715e+00
9.8395935716e-01	-6.2058223429e+00
9.8388063265e-01	-6.2060012761e+00
9.8380160283e-01	-6.2061881873e+00
9.8372226780e-01	-6.2063833952e+00
9.8364262475e-01	-6.2065871044e+00
9.8356266924e-01	-6.2067993945e+00
9.8348239704e-01	-6.2070202121e+00
9.8340180109e-01	-6.2072493710e+00
9.8332088711e-01	-6.2074865587e+00
9.8323966498e-01	-6.2077313498e+00
9.8315813332e-01	-6.2079832263e+00
9.8307629071e-01	-6.2082415983e+00
9.8299413577e-01	-6.2085058275e+00
9.8291166701e-01	-6.2087752486e+00
9.8282888290e-01	-6.2090491905e+00
9.8274578193e-01	-6.2093269923e+00
9.8266236252e-01	-6.2096080179e+00
9.8257862305e-01	-6.2098916652e+00
9.8249456181e-01	-6.2101773733e+00
9.8241017700e-01	-6.2104646261e+00
9.8232546673e-01	-6.2107529539e+00
9.8224042928e-01	-6.2110419334e+00
9.8215506283e-01	-6.2113311844e+00
9.8206936558e-01	-6.2116222966e+00
9.8198333574e-01	-6.2119145017e+00
9.8189697146e-01	-6.2122060537e+00
9.8181027087e-01	-6.2124967100e+00
9.8172323211e-01	-6.2127862549e+00
9.8163585326e-01	-6.2130745023e+00
9.8154813233e-01	-6.2133613515e+00
9.8146006655e-01	-6.2135618568e+00
9.8137164479e-01	-6.2134997952e+00
9.8128502523e-01	-6.2134217245e+00
9.8128366895e-01	-6.2132041331e+00
9.8127983804e-01	-6.2130655856e+00
9.8127624463e-01	-6.2129863618e+00
9.8127271952e-01	-6.2129322200e+00
9.8126925184e-01	-6.2128999739e+00
9.8126583341e-01	-6.2128809253e+00
9.8126247246e-01	-6.2128685462e+00
9.8125919000e-01	-6.2128595147e+00
9.8125603159e-01	-6.2128521848e+00
9.8125308327e-01	-6.2128460309e+00
9.8125055822e-01	-6.2128408677e+00
9.8124877847e-01	-6.2128375662e+00
9.8124834792e-01	-6.2128371777e+00
9.8124921683e-01	-6.2128395152e+00
9.8125078727e-01	-6.2128432078e+00
9.8125277234e-01	-6.2128475900e+00
9.8125500092e-01	-6.2128523352e+00
9.8125736691e-01	-6.2128574855e+00
9.8125983791e-01	-6.2128629770e+00
9.8126240986e-01	-6.2128686084e+00
9.8126506808e-01	-6.2128742697e+00
9.8126777654e-01	-6.2128801559e+00
9.8127052862e-01	-6.2128862553e+00
9.8127332182e-01	-6.2128925186e+00
9.8127617107e-01	-6.2128985964e+00
9.8127904736e-01	-6.2129048474e+00
9.8128194865e-01	-6.2129112673e+00
9.8128487326e-01	-6.2129178522e+00
9.8128607845e-01	-6.2129488697e+00
9.8134889792e-01	-6.2129906494e+00
9.8143196503e-01	-6.2130368149e+00
9.8151503289e-01	-6.2130842542e+00
9.8159801581e-01	-6.2131329675e+00
9.8168088153e-01	-6.2131829339e+00
9.8176361160e-01	-6.2132341433e+00
9.8184619370e-01	-6.2132850872e+00
9.8192863912e-01	-6.2133348897e+00
9.8201101430e-01	-6.2133837260e+00
9.8209343193e-01	-6.2134318441e+00
9.8217612911e-01	-6.2134795682e+00
9.8225836514e-01	-6.2135267070e+00
9.8232305473e-01	-6.2135637980e+00
9.8237606963e-01	-6.2135943494e+00
9.8241893656e-01	-6.2136192197e+00
9.8245458224e-01	-6.2136401463e+00
9.8248493306e-01	-6.2136583337e+00
9.8251048737e-01	-6.2136741117e+00
9.8253106367e-01	-6.2136872674e+00
9.8254783779e-01	-6.2136984843e+00
9.8256177701e-01	-6.2137055715e+00
9.8257326925e-01	-6.2136631941e+00
9.8258254315e-01	-6.2136254279e+00
9.8258989948e-01	-6.2135923576e+00
9.8259586796e-01	-6.2135616370e+00
9.8260060682e-01	-6.2135329372e+00
9.8260424859e-01	-6.2135059899e+00
9.8259553546e-01	-6.2133992466e+00
9.8264135220e-01	-6.2133133872e+00
9.8269496550e-01	-6.2132422055e+00
9.8274213503e-01	-6.2131818422e+00
9.8278436574e-01	-6.2131293864e+00
9.8282263091e-01	-6.2130829780e+00
9.8285758833e-01	-6.2130413402e+00
9.8288969089e-01	-6.2130035461e+00
9.8291927210e-01	-6.2129689136e+00
9.8294657625e-01	-6.2129369194e+00
9.8296979055e-01	-6.2129072729e+00
9.8296848628e-01	-6.2128809773e+00
9.8296587421e-01	-6.2128544963e+00
9.8296187417e-01	-6.2128277662e+00
9.8295639260e-01	-6.2128007157e+00
9.8294931368e-01	-6.2127732652e+00
9.8294046151e-01	-6.2127453275e+00
9.8292950090e-01	-6.2127167998e+00
9.8291583039e-01	-6.2126874179e+00
9.8289748639e-01	-6.2126551272e+00
9.8287984974e-01	-6.2126239731e+00
9.8288868762e-01	-6.2125967170e+00
9.8288468649e-01	-6.2125755974e+00
9.8286355717e-01	-6.2125673553e+00
9.8278311681e-01	-6.2126063187e+00
9.8269890818e-01	-6.2125785283e+00
9.8261497112e-01	-6.2124371833e+00
9.8253203100e-01	-6.2121659620e+00
9.8244978151e-01	-6.2117513090e+00
9.8236796788e-01	-6.2111628679e+00
9.8228641874e-01	-6.2103408015e+00
9.8220533225e-01	-6.2091914783e+00
9.8212496508e-01	-6.2076043743e+00
9.8204526544e-01	-6.2054641819e+00
9.8194179035e-01	-6.2026785064e+00
9.8174133819e-01	-6.2006164863e+00
9.8168415281e-01	-6.2006455171e+00
9.8162677598e-01	-6.2006844155e+00
9.8156918906e-01	-6.2007346087e+00
9.8151100614e-01	-6.2007949610e+00
9.8145248884e-01	-6.2008637469e+00
9.8139253616e-01	-6.2009395565e+00
9.8133164158e-01	-6.2010212134e+00
9.8126987170e-01	-6.2011078451e+00
9.8120757273e-01	-6.2011987614e+00
9.8114506470e-01	-6.2012934165e+00
9.8108149878e-01	-6.2013914439e+00
9.8101654337e-01	-6.2014925190e+00
9.8095099673e-01	-6.2015962996e+00
9.8088445025e-01	-6.2017025659e+00
9.8081709673e-01	-6.2018110926e+00
9.8074813925e-01	-6.2019217456e+00
9.8067718573e-01	-6.2020343857e+00
9.8060569692e-01	-6.2021487691e+00
9.8053395671e-01	-6.2022647428e+00
9.8046196383e-01	-6.2023821838e+00
9.8038971700e-01	-6.2025009780e+00
9.8031721491e-01	-6.2026210185e+00
9.8024445628e-01	-6.2027422046e+00
9.8017143976e-01	-6.2028644405e+00
9.8009816405e-01	-6.2029876346e+00
9.8002462779e-01	-6.2031116991e+00
9.7995082967e-01	-6.2032365502e+00
9.7987676118e-01	-6.2033621090e+00
9.7980241193e-01	-6.2034883021e+00
9.7972778112e-01	-6.2036150625e+00
9.7965287402e-01	-6.2037423323e+00
9.7957769154e-01	-6.2038700668e+00
9.7950223316e-01	-6.2039982383e+00
9.7942650060e-01	-6.2041268413e+00
9.7935048730e-01	-6.2042558995e+00
9.7927419818e-01	-6.2043854713e+00
9.7919762561e-01	-6.2045156594e+00
9.7912077298e-01	-6.2046466168e+00
9.7904363597e-01	-6.2047785551e+00
9.7896621223e-01	-6.2049117491e+00
9.7888850433e-01	-6.2050465412e+00
9.7881050123e-01	-6.2051833420e+00
9.7873220991e-01	-6.2053226261e+00
9.7865362292e-01	-6.2054649280e+00
9.7857473891e-01	-6.2056108308e+00
9.7849555802e-01	-6.2057609531e+00
9.7841607191e-01	-6.2059159359e+00
9.7833628572e-01	-6.2060764232e+00
9.7825618831e-01	-6.2062430462e+00
9.7817578471e-01	-6.2064164022e+00
9.7809506743e-01	-6.2065970358e+00
9.7801403425e-01	-6.2067854178e+00
9.7793268303e-01	-6.2069819251e+00
9.7785100826e-01	-6.2071868226e+00
9.7776900471e-01	-6.2074002487e+00
9.7768666099e-01	-6.2076222060e+00
9.7760399287e-01	-6.2078525567e+00
9.7752100969e-01	-6.2080910288e+00
9.7743771022e-01	-6.2083372296e+00
9.7735409322e-01	-6.2085906618e+00
9.7727015739e-01	-6.2088507472e+00
9.7718590139e-01	-6.2091168497e+00
9.7710132379e-01	-6.2093882997e+00
9.7701642317e-01	-6.2096644160e+00
9.7693119803e-01	-6.2099445248e+00
9.7684564680e-01	-6.2102279751e+00
9.7675976780e-01	-6.2105141501e+00
9.7667355920e-01	-6.2108024754e+00
9.7658701912e-01	-6.2110924229e+00
9.7650014583e-01	-6.2113835143e+00
9.7641293748e-01	-6.2116753191e+00
9.7632539231e-01	-6.2119689790e+00
9.7623750850e-01	-6.2122645273e+00
9.7614928418e-01	-6.2125597492e+00
9.7606071747e-01	-6.2128543732e+00
9.7597180646e-01	-6.2128616839e+00
9.7588254924e-01	-6.2127996826e+00
9.7579294386e-01	-6.2127377824e+00
9.7570298836e-01	-6.2126760110e+00
9.7561268068e-01	-6.2126143837e+00
9.7552201784e-01	-6.2125528093e+00
9.7543098732e-01	-6.2124900766e+00
9.7533947897e-01	-6.2124130619e+00
9.7533470203e-01	-6.2122129997e+00
9.7533049155e-01	-6.2120540965e+00
9.7532670640e-01	-6.2119783903e+00
9.7532299295e-01	-6.2119272436e+00
9.7531932987e-01	-6.2118968079e+00
9.7531569172e-01	-6.2118785536e+00
9.7531206116e-01	-6.2118663843e+00
9.7530842803e-01	-6.2118572858e+00
9.7530477957e-01	-6.2118497911e+00
9.7530109672e-01	-6.2118434062e+00
9.7529733654e-01	-6.2118379749e+00
9.7529344647e-01	-6.2118343454e+00
9.7528932283e-01	-6.2118335354e+00
9.7528476494e-01	-6.2118375868e+00
9.7527929961e-01	-6.2118514015e+00
9.7527225417e-01	-6.2118829978e+00
9.7526230384e-01	-6.2119478969e+00
9.7524798397e-01	-6.2120690658e+00
9.7523424045e-01	-6.2122058710e+00
9.7522158918e-01	-6.2123481819e+00
9.7520861689e-01	-6.2125074322e+00
9.7519519184e-01	-6.2126871566e+00
9.7518121673e-01	-6.2122870116e+00
9.7516752299e-01	-6.2109633048e+00
9.7515237027e-01	-6.2094052288e+00
9.7513559046e-01	-6.2075064531e+00
9.7511599456e-01	-6.2050743466e+00
9.7501911999e-01	-6.2018805162e+00
9.7490965235e-01	-6.2010756335e+00
9.7485121950e-01	-6.2011097859e+00
9.7479261653e-01	-6.2011554056e+00
9.7473347476e-01	-6.2012134105e+00
9.7467392875e-01	-6.2012820759e+00
9.7461363519e-01	-6.2013594163e+00
9.7455161962e-01	-6.2014438808e+00
9.7448900499e-01	-6.2015341909e+00
9.7442530922e-01	-6.2016294845e+00
9.7436139967e-01	-6.2017290227e+00
9.7429680113e-01	-6.2018323062e+00
9.7423077901e-01	-6.2019389586e+00
9.7416370984e-01	-6.2020486056e+00
9.7409586820e-01	-6.2021609372e+00
9.7402713257e-01	-6.2022757135e+00
9.7395666623e-01	-6.2023927774e+00
9.7388409772e-01	-6.2025119666e+00
9.7381085044e-01	-6.2026330190e+00
9.7373734574e-01	-6.2027557571e+00
9.7366358231e-01	-6.2028800458e+00
9.7358955887e-01	-6.2030057610e+00
9.7351527409e-01	-6.2031327875e+00
9.7344072666e-01	-6.2032610178e+00
9.7336591525e-01	-6.2033903497e+00
9.7329083851e-01	-6.2035206866e+00
9.7321549509e-01	-6.2036519357e+00
9.7313988272e-01	-6.2037840084e+00
9.7306398406e-01	-6.2039168211e+00
9.7298778988e-01	-6.2040502942e+00
9.7291130478e-01	-6.2041843531e+00
9.7283453549e-01	-6.2043189303e+00
9.7275748416e-01	-6.2044539691e+00
9.7268014868e-01	-6.2045894267e+00
9.7260252854e-01	-6.2047252784e+00
9.7252462392e-01	-6.2048615235e+00
9.7244643139e-01	-6.2049981921e+00
9.7236795068e-01	-6.2051353520e+00
9.7228918121e-01	-6.2052731172e+00
9.7221011685e-01	-6.2054116561e+00
9.7213076372e-01	-6.2055511977e+00
9.7205110816e-01	-6.2056920391e+00
9.7197115881e-01	-6.2058345466e+00
9.7189090713e-01	-6.2059791576e+00
9.7181035185e-01	-6.2061263761e+00
9.7172949316e-01	-6.2062767652e+00
9.7164832157e-01	-6.2064309368e+00
9.7156684274e-01	-6.2065895354e+00
9.7148504424e-01	-6.2067532233e+00
9.7140293067e-01	-6.2069226591e+00
9.7132049517e-01	-6.2070984792e+00
9.7123773190e-01	-6.2072812753e+00
9.7115463973e-01	-6.2074715721e+00
9.7107121174e-01	-6.2076698060e+00
9.7098743939e-01	-6.2078763045e+00
9.7090331122e-01	-6.2080912685e+00
9.7081885141e-01	-6.2083147582e+00
9.7073406911e-01	-6.2085466898e+00
9.7064896329e-01	-6.2087868390e+00
9.7056353288e-01	-6.2090348495e+00
9.7047777677e-01	-6.2092902503e+00
9.7039169380e-01	-6.2095524775e+00
9.7030528273e-01	-6.2098209002e+00
9.7021854226e-01	-6.2100948450e+00
9.7013147106e-01	-6.2103736209e+00
9.7004406760e-01	-6.2106565396e+00
9.6995633031e-01	-6.2109429334e+00
9.6986825741e-01	-6.2112321680e+00
9.6977984691e-01	-6.2115236525e+00
9.6969109718e-01	-6.2118168813e+00
9.6960200644e-01	-6.2121113128e+00
9.6951257286e-01	-6.2120514288e+00
9.6942279465e-01	-6.2119883828e+00
9.6933266994e-01	-6.2119252227e+00
9.6924219685e-01	-6.2118619999e+00
9.6915137344e-01	-6.2117987597e+00
9.6906019780e-01	-6.2117355423e+00
9.6896866795e-01	-6.2116723829e+00
9.6887678192e-01	-6.2116093131e+00
9.6878453771e-01	-6.2115463605e+00
9.6869193329e-01	-6.2114835491e+00
9.6859896649e-01	-6.2114208898e+00
9.6850563388e-01	-6.2113582772e+00
9.6841191880e-01	-6.2112943748e+00
9.6831792234e-01	-6.2112148023e+00
9.6831571072e-01	-6.2110032979e+00
9.6831131533e-01	-6.2108617522e+00
9.6830734650e-01	-6.2107890641e+00
9.6830346441e-01	-6.2107404419e+00
9.6829964352e-01	-6.2107114848e+00
9.6829585431e-01	-6.2106938277e+00
9.6829208012e-01	-6.2106817700e+00
9.6828831569e-01	-6.2106725705e+00
9.6828455494e-01	-6.2106649117e+00
9.6828079094e-01	-6.2106583270e+00
9.6827701048e-01	-6.2106527100e+00
9.6827320559e-01	-6.2106489213e+00
9.6826935289e-01	-6.2106480127e+00
9.6826540540e-01	-6.2106521263e+00
9.6826125886e-01	-6.2106663015e+00
9.6825677357e-01	-6.2106988750e+00
9.6825169385e-01	-6.2107655990e+00
9.6824550088e-01	-6.2109039807e+00
9.6823752204e-01	-6.2111929271e+00
9.6822849696e-01	-6.2117493526e+00
9.6822080421e-01	-6.2090285870e+00
9.6818986432e-01	-6.2036998234e+00
9.6803077854e-01	-6.2015505319e+00
9.6797106458e-01	-6.2015893289e+00
9.6791117308e-01	-6.2016409527e+00
9.6785051817e-01	-6.2017060573e+00
9.6778957770e-01	-6.2017824176e+00
9.6772737826e-01	-6.2018677957e+00
9.6766359347e-01	-6.2019604476e+00
9.6759900835e-01	-6.2020590409e+00
9.6753369646e-01	-6.2021626363e+00
9.6746816028e-01	-6.2022704961e+00
9.6740133977e-01	-6.2023821484e+00
9.6733283280e-01	-6.2024971863e+00
9.6726390626e-01	-6.2026151656e+00
9.6719361957e-01	-6.2027358556e+00
9.6712212015e-01	-6.2028589941e+00
9.6704832451e-01	-6.2029844397e+00
9.6697332484e-01	-6.2031119266e+00
9.6689806176e-01	-6.2032412209e+00
9.6682253397e-01	-6.2033721716e+00
9.6674674016e-01	-6.2035046421e+00
9.6667067899e-01	-6.2036385066e+00
9.6659434913e-01	-6.2037736487e+00
9.6651774923e-01	-6.2039099592e+00
9.6644087791e-01	-6.2040473350e+00
9.6636373380e-01	-6.2041856778e+00
9.6628631301e-01	-6.2043248941e+00
9.6620859101e-01	-6.2044648955e+00
9.6613055848e-01	-6.2046055970e+00
9.6605222625e-01	-6.2047469166e+00
9.6597359981e-01	-6.2048887789e+00
9.6589468221e-01	-6.2050311163e+00
9.6581547658e-01	-6.2051738720e+00
9.6573597260e-01	-6.2053170041e+00
9.6565618113e-01	-6.2054604887e+00
9.6557608844e-01	-6.2056043283e+00
9.6549570618e-01	-6.2057485557e+00
9.6541501845e-01	-6.2058932452e+00
9.6533403638e-01	-6.2060385172e+00
9.6525274905e-01	-6.2061845502e+00
9.6517115858e-01	-6.2063315858e+00
9.6508926329e-01	-6.2064799351e+00
9.6500705462e-01	-6.2066299832e+00
9.6492454012e-01	-6.2067821868e+00
9.6484170244e-01	-6.2069370729e+00
9.6475855447e-01	-6.2070952273e+00
9.6467507609e-01	-6.2072572857e+00
9.6459127777e-01	-6.2074239141e+00
9.6450714694e-01	-6.2075957930e+00
9.6442268022e-01	-6.2077735944e+00
9.6433787423e-01	-6.2079579595e+00
9.6425272046e-01	-6.2081494753e+00
9.6416720948e-01	-6.2083486505e+00
9.6408132478e-01	-6.2085558930e+00
9.6399509689e-01	-6.2087714848e+00
9.6390853871e-01	-6.2089955713e+00
9.6382164930e-01	-6.2092281510e+00
9.6373442779e-01	-6.2094690723e+00
9.6364687325e-01	-6.2097180414e+00
9.6355898476e-01	-6.2099746354e+00
9.6347076128e-01	-6.2102383242e+00
9.6338220171e-01	-6.2105084944e+00
9.6329330493e-01	-6.2107844774e+00
9.6320406957e-01	-6.2110655752e+00
9.6311449413e-01	-6.2112893765e+00
9.6302457704e-01	-6.2112280905e+00
9.6293431629e-01	-6.2111661892e+00
9.6284371027e-01	-6.2111037731e+00
9.6275275725e-01	-6.2110409351e+00
9.6266145541e-01	-6.2109776898e+00
9.6256980302e-01	-6.2109136677e+00
9.6247779822e-01	-6.2108494507e+00
9.6238543911e-01	-6.2107850996e+00
9.6229272377e-01	-6.2107206678e+00
9.6219965029e-01	-6.2106562021e+00
9.6210621666e-01	-6.2105917436e+00
9.6201242090e-01	-6.2105273281e+00
9.6191826097e-01	-6.2104629873e+00
9.6182373485e-01	-6.2103987491e+00
9.6172884045e-01	-6.2103346383e+00
9.6163357570e-01	-6.2102706761e+00
9.6153793832e-01	-6.2102068718e+00
9.6144192472e-01	-6.2101431281e+00
9.6134551654e-01	-6.2100782142e+00
9.6124854673e-01	-6.2099988449e+00
9.6124243811e-01	-6.2097972904e+00
9.6123765448e-01	-6.2096431622e+00
9.6123350013e-01	-6.2095731396e+00
9.6122944518e-01	-6.2095267162e+00
9.6122545979e-01	-6.2094990265e+00
9.6122151009e-01	-6.2094818641e+00
9.6121757933e-01	-6.2094698856e+00
9.6121366503e-01	-6.2094605866e+00
9.6120976404e-01	-6.2094527819e+00
9.6120587459e-01	-6.2094460335e+00
9.6120199678e-01	-6.2094403050e+00
9.6119814479e-01	-6.2094364946e+00
9.6119433334e-01	-6.2094357391e+00
9.6119059124e-01	-6.2094403881e+00
9.6118698618e-01	-6.2094558513e+00
9.6118363824e-01	-6.2094911526e+00
9.6118078166e-01	-6.2095633927e+00
9.6117902730e-01	-6.2097145508e+00
9.6117972807e-01	-6.2100250085e+00
9.6118521415e-01	-6.2105819430e+00
9.6119453911e-01	-6.2084346747e+00
9.6103086615e-01	-6.2020447039e+00
9.6096986406e-01	-6.2020875486e+00
9.6090863309e-01	-6.2021441330e+00
9.6084654106e-01	-6.2022153771e+00
9.6078418498e-01	-6.2022986667e+00
9.6072010181e-01	-6.2023914715e+00
9.6065476228e-01	-6.2024917982e+00
9.6058831365e-01	-6.2025982529e+00
9.6052137765e-01	-6.2027097966e+00
9.6045389777e-01	-6.2028256938e+00
9.6038478719e-01	-6.2029454535e+00
9.6031443781e-01	-6.2030685958e+00
9.6024315717e-01	-6.2031947312e+00
9.6017072451e-01	-6.2033235700e+00
9.6009636108e-01	-6.2034549098e+00
9.6001965463e-01	-6.2035885578e+00
9.5994264574e-01	-6.2037241728e+00
9.5986536623e-01	-6.2038615805e+00
9.5978781477e-01	-6.2040006271e+00
9.5970999003e-01	-6.2041411732e+00
9.5963189063e-01	-6.2042830907e+00
9.5955351525e-01	-6.2044262613e+00
9.5947486249e-01	-6.2045705740e+00
9.5939593092e-01	-6.2047159239e+00
9.5931671692e-01	-6.2048622116e+00
9.5923718944e-01	-6.2050093439e+00
9.5915733503e-01	-6.2051572305e+00
9.5907716860e-01	-6.2053057831e+00
9.5899669898e-01	-6.2054549189e+00
9.5891592804e-01	-6.2056045611e+00
9.5883486043e-01	-6.2057546411e+00
9.5875348872e-01	-6.2059051014e+00
9.5867181764e-01	-6.2060558983e+00
9.5858984128e-01	-6.2062070081e+00
9.5850756324e-01	-6.2063584317e+00
9.5842497469e-01	-6.2065102034e+00
9.5834208457e-01	-6.2066623966e+00
9.5825887548e-01	-6.2068151356e+00
9.5817536300e-01	-6.2069686004e+00
9.5809152652e-01	-6.2071230391e+00
9.5800737943e-01	-6.2072787690e+00
9.5792290594e-01	-6.2074361857e+00
9.5783811296e-01	-6.2075957575e+00
9.5775298693e-01	-6.2077580266e+00
9.5766753560e-01	-6.2079235954e+00
9.5758173816e-01	-6.2080931181e+00
9.5749560263e-01	-6.2082672786e+00
9.5740911863e-01	-6.2084467741e+00
9.5732227567e-01	-6.2086322903e+00
9.5723506414e-01	-6.2088244761e+00
9.5714746616e-01	-6.2090239197e+00
9.5705950190e-01	-6.2092311184e+00
9.5697119937e-01	-6.2094464571e+00
9.5688255766e-01	-6.2096701905e+00
9.5679357588e-01	-6.2099024259e+00
9.5670425320e-01	-6.2101431162e+00
9.5661458901e-01	-6.2103920595e+00
9.5652458240e-01	-6.2104260849e+00
9.5643423255e-01	-6.2103689226e+00
9.5634353862e-01	-6.2103105277e+00
9.5625249945e-01	-6.2102510037e+00
9.5616111373e-01	-6.2101904624e+00
9.5606938024e-01	-6.2101290192e+00
9.5597729692e-01	-6.2100667894e+00
9.5588486221e-01	-6.2100038848e+00
9.5579207456e-01	-6.2099404111e+00
9.5569893214e-01	-6.2098764674e+00
9.5560543331e-01	-6.2098117044e+00
9.5551157627e-01	-6.2097464891e+00
9.5541735914e-01	-6.2096810457e+00
9.5532278003e-01	-6.2096154392e+00
9.5522783699e-01	-6.2095497262e+00
9.5513252805e-01	-6.2094839564e+00
9.5503685119e-01	-6.2094181729e+00
9.5494080439e-01	-6.2093524133e+00
9.5484438557e-01	-6.2092867103e+00
9.5474759267e-01	-6.2092210926e+00
9.5465042357e-01	-6.2091555855e+00
9.5455287614e-01	-6.2090902112e+00
9.5445494822e-01	-6.2090249893e+00
9.5435663753e-01	-6.2089599299e+00
9.5425794054e-01	-6.2088949630e+00
9.5415884096e-01	-6.2088291730e+00
9.5405919101e-01	-6.2087526167e+00
9.5404018860e-01	-6.2085820359e+00
9.5403464819e-01	-6.2083849631e+00
9.5403030680e-01	-6.2083173095e+00
9.5402607593e-01	-6.2082728026e+00
9.5402192167e-01	-6.2082461850e+00
9.5401780547e-01	-6.2082294059e+00
9.5401371056e-01	-6.2082174517e+00
9.5400963683e-01	-6.2082080279e+00
9.5400558285e-01	-6.2082000615e+00
9.5400154920e-01	-6.2081931364e+00
9.5399754357e-01	-6.2081872866e+00
9.5399359517e-01	-6.2081834482e+00
9.5398974250e-01	-6.2081828452e+00
9.5398606405e-01	-6.2081880492e+00
9.5398273398e-01	-6.2082048507e+00
9.5398004460e-01	-6.2082430026e+00
9.5397855903e-01	-6.2083210384e+00
9.5397972324e-01	-6.2084858530e+00
9.5398630245e-01	-6.2088239030e+00
9.5401011779e-01	-6.2093818969e+00
9.5404803718e-01	-6.2092298189e+00
9.5391363308e-01	-6.2025673855e+00
9.5385129477e-01	-6.2026157273e+00
9.5378871226e-01	-6.2026792087e+00
9.5372503065e-01	-6.2027583230e+00
9.5366094949e-01	-6.2028499289e+00
9.5359490507e-01	-6.2029512450e+00
9.5352784117e-01	-6.2030601319e+00
9.5345946444e-01	-6.2031751821e+00
9.5339084929e-01	-6.2032953006e+00
9.5332113500e-01	-6.2034198008e+00
9.5324953719e-01	-6.2035481655e+00
9.5317727260e-01	-6.2036798484e+00
9.5310354249e-01	-6.2038145385e+00
9.5302827487e-01	-6.2039519332e+00
9.5295029942e-01	-6.2040918594e+00
9.5287149987e-01	-6.2042339527e+00
9.5279242360e-01	-6.2043779769e+00
9.5271306927e-01	-6.2045237588e+00
9.5263343550e-01	-6.2046711438e+00
9.5255352096e-01	-6.2048199912e+00
9.5247332425e-01	-6.2049701723e+00
9.5239284398e-01	-6.2051215677e+00
9.5231207872e-01	-6.2052740655e+00
9.5223102479e-01	-6.2054275601e+00
9.5214964310e-01	-6.2055819540e+00
9.5206791716e-01	-6.2057371521e+00
9.5198586500e-01	-6.2058930610e+00
9.5190350372e-01	-6.2060495915e+00
9.5182082826e-01	-6.2062066613e+00
9.5173784671e-01	-6.2063641927e+00
9.5165455687e-01	-6.2065221174e+00
9.5157095288e-01	-6.2066803783e+00
9.5148704172e-01	-6.2068389322e+00
9.5140281214e-01	-6.2069977577e+00
9.5131827195e-01	-6.2071568580e+00
9.5123341180e-01	-6.2073162717e+00
9.5114823408e-01	-6.2074760783e+00
9.5106273548e-01	-6.2076364088e+00
9.5097691062e-01	-6.2077974546e+00
9.5089076202e-01	-6.2079594746e+00
9.5080427911e-01	-6.2081228029e+00
9.5071746472e-01	-6.2082878510e+00
9.5063031132e-01	-6.2084551086e+00
9.5054281104e-01	-6.2086251385e+00
9.5045496535e-01	-6.2087985658e+00
9.5036676239e-01	-6.2089760658e+00
9.5027818985e-01	-6.2091583434e+00
9.5018923636e-01	-6.2093461108e+00
9.5009988736e-01	-6.2095400631e+00
9.5001014658e-01	-6.2095934766e+00
9.4992005985e-01	-6.1841584439e+00
9.4855171210e-01	-6.1711118553e+00
9.4846969049e-01	-6.1711802991e+00
9.4838736506e-01	-6.1712733958e+00
9.4830473112e-01	-6.1713909797e+00
9.4822178539e-01	-6.1715314724e+00
9.4813852576e-01	-6.1716924560e+00
9.4805495063e-01	-6.1718716005e+00
9.4797105885e-01	-6.1720669324e+00
9.4788684903e-01	-6.1722768133e+00
9.4780232006e-01	-6.1724998463e+00
9.4771747081e-01	-6.1727347859e+00
9.4763230065e-01	-6.1729804719e+00
9.4754680881e-01	-6.1732357988e+00
9.4746099441e-01	-6.1734996891e+00
9.4737485669e-01	-6.1737728386e+00
9.4728839466e-01	-6.1740540250e+00
9.4720160722e-01	-6.1743408196e+00
9.4711449317e-01	-6.1746323054e+00
9.4702705121e-01	-6.1749276330e+00
9.4693927995e-01	-6.1752260260e+00
9.4685117794e-01	-6.1755267857e+00
9.4676274362e-01	-6.1758292903e+00
9.4667397537e-01	-6.1761329930e+00
9.4658487152e-01	-6.1764374175e+00
9.4649543036e-01	-6.1767421521e+00
9.4640565012e-01	-6.1770468535e+00
9.4631552900e-01	-6.1773512054e+00
9.4622506516e-01	-6.1776549523e+00
9.4613425675e-01	-6.1779578752e+00
9.4604310187e-01	-6.1782597866e+00
9.4595159859e-01	-6.1785605258e+00
9.4585974501e-01	-6.1788599536e+00
9.4576753913e-01	-6.1791579490e+00
9.4567497899e-01	-6.1794544064e+00
9.4558206256e-01	-6.1797492440e+00
9.4548878739e-01	-6.1800425147e+00
9.4539514703e-01	-6.1803356293e+00
9.4530109242e-01	-6.1806445173e+00
9.4523303647e-01	-6.1811356335e+00
9.4522646725e-01	-6.1828153864e+00
9.4522230138e-01	-6.1832005076e+00
9.4521825872e-01	-6.1834610763e+00
9.4521430647e-01	-6.1836194605e+00
9.4521040531e-01	-6.1837174758e+00
9.4520652298e-01	-6.1837875151e+00
9.4520266793e-01	-6.1838416010e+00
9.4519883879e-01	-6.1838869588e+00
9.4519504061e-01	-6.1839259368e+00
9.4519127429e-01	-6.1839608453e+00
9.4518758532e-01	-6.1839866310e+00
9.4518402619e-01	-6.1839982721e+00
9.4518069308e-01	-6.1839859137e+00
9.4517783289e-01	-6.1839242692e+00
9.4517587267e-01	-6.1837664972e+00
9.4517577107e-01	-6.1834087312e+00
9.4518043651e-01	-6.1825329688e+00
9.4520041219e-01	-6.1799957656e+00
9.4522294468e-01	-6.1773503264e+00
9.4524779466e-01	-6.1744662085e+00
9.4527254281e-01	-6.1712484012e+00
9.4529309934e-01	-6.1677646317e+00
9.4520032561e-01	-6.1639645519e+00
9.4509187144e-01	-6.1631485575e+00
9.4503547061e-01	-6.1632084244e+00
9.4497824059e-01	-6.1632865914e+00
9.4491882665e-01	-6.1633811730e+00
9.4485825797e-01	-6.1634880548e+00
9.4479727896e-01	-6.1636041084e+00
9.4473499814e-01	-6.1637273459e+00
9.4467230993e-01	-6.1638563411e+00
9.4460808416e-01	-6.1639901983e+00
9.4454186422e-01	-6.1641282330e+00
9.4447509540e-01	-6.1642698083e+00
9.4440698241e-01	-6.1644145381e+00
9.4433838133e-01	-6.1645620145e+00
9.4426703723e-01	-6.1647120814e+00
9.4419505023e-01	-6.1648643581e+00
9.4412089992e-01	-6.1650187224e+00
9.4404400040e-01	-6.1651750213e+00
9.4396657861e-01	-6.1653329494e+00
9.4388888671e-01	-6.1654923404e+00
9.4381092335e-01	-6.1656530574e+00
9.4373268722e-01	-6.1658149745e+00
9.4365417695e-01	-6.1659779747e+00
9.4357535981e-01	-6.1661419501e+00
9.4349619156e-01	-6.1663067994e+00
9.4341670475e-01	-6.1664724216e+00
9.4333691613e-01	-6.1666387208e+00
9.4325682922e-01	-6.1668056062e+00
9.4317643662e-01	-6.1669729919e+00
9.4309575052e-01	-6.1671407960e+00
9.4301475838e-01	-6.1673089448e+00
9.4293346771e-01	-6.1674773725e+00
9.4285187174e-01	-6.1676460266e+00
9.4276997213e-01	-6.1678148706e+00
9.4268776421e-01	-6.1679838907e+00
9.4260524886e-01	-6.1681531020e+00
9.4252242169e-01	-6.1683225570e+00
9.4243928036e-01	-6.1684923538e+00
9.4235582397e-01	-6.1686626459e+00
9.4227204205e-01	-6.1688336521e+00
9.4218794270e-01	-6.1690056628e+00
9.4210350517e-01	-6.1691790485e+00
9.4201873080e-01	-6.1693542599e+00
9.4193361098e-01	-6.1695318277e+00
9.4184813223e-01	-6.1697123552e+00
9.4176226849e-01	-6.1698965071e+00
9.4167599920e-01	-6.1700849898e+00
9.4158935999e-01	-6.1702785258e+00
9.4150239124e-01	-6.1704778305e+00
9.4141509086e-01	-6.1706835857e+00
9.4132745706e-01	-6.1708964066e+00
9.4123948850e-01	-6.1711168119e+00
9.4115118422e-01	-6.1713451962e+00
9.4106254337e-01	-6.1715818072e+00
9.4097356545e-01	-6.1718267304e+00
9.4088425018e-01	-6.1720798832e+00
9.4079459729e-01	-6.1723410181e+00
9.4070460589e-01	-6.1726097363e+00
9.4061427499e-01	-6.1728855124e+00
9.4052360322e-01	-6.1731677206e+00
9.4043258974e-01	-6.1734556681e+00
9.4034123361e-01	-6.1737486257e+00
9.4024953349e-01	-6.1740458529e+00
9.4015748834e-01	-6.1743498936e+00
9.4006509673e-01	-6.1746571005e+00
9.3997235717e-01	-6.1749665538e+00
9.3987926809e-01	-6.1752776662e+00
9.3978582778e-01	-6.1755899126e+00
9.3969203455e-01	-6.1759028300e+00
9.3959788662e-01	-6.1762160154e+00
9.3950338214e-01	-6.1765291212e+00
9.3940851920e-01	-6.1768418504e+00
9.3931329586e-01	-6.1771539501e+00
9.3921771018e-01	-6.1774652053e+00
9.3912176016e-01	-6.1777754338e+00
9.3902544376e-01	-6.1780844801e+00
9.3892875894e-01	-6.1783922112e+00
9.3883170362e-01	-6.1786985119e+00
9.3873427572e-01	-6.1790032816e+00
9.3863647312e-01	-6.1793064319e+00
9.3853829365e-01	-6.1796078894e+00
9.3843973495e-01	-6.1799076526e+00
9.3834079237e-01	-6.1802064176e+00
9.3824143734e-01	-6.1805123339e+00
9.3814153602e-01	-6.1809127033e+00
9.3813743270e-01	-6.1821572486e+00
9.3813228365e-01	-6.1828912781e+00
9.3812785719e-01	-6.1832357676e+00
9.3812355469e-01	-6.1834593395e+00
9.3811933730e-01	-6.1835945112e+00
9.3811515938e-01	-6.1836827248e+00
9.3811100399e-01	-6.1837480819e+00
9.3810687797e-01	-6.1838006447e+00
9.3810278283e-01	-6.1838454609e+00
9.3809872261e-01	-6.1838847361e+00
9.3809471428e-01	-6.1839185333e+00
9.3809081487e-01	-6.1839416426e+00
9.3808710118e-01	-6.1839476978e+00
9.3808372888e-01	-6.1839234896e+00
9.3808104170e-01	-6.1838388998e+00
9.3807960853e-01	-6.1836427567e+00
9.3808051261e-01	-6.1832381835e+00
9.3808647181e-01	-6.1823808002e+00
9.3810258642e-01	-6.1806045591e+00
9.3813148745e-01	-6.1776807092e+00
9.3817861925e-01	-6.1728514184e+00
9.3816312442e-01	-6.1652119691e+00
9.3801312606e-01	-6.1635957883e+00
9.3794882629e-01	-6.1636621843e+00
9.3788330315e-01	-6.1637481377e+00
9.3781576898e-01	-6.1638512153e+00
9.3774679580e-01	-6.1639669074e+00
9.3767744462e-01	-6.1640918796e+00
9.3760664478e-01	-6.1642240856e+00
9.3753558460e-01	-6.1643620482e+00
9.3746186219e-01	-6.1645049410e+00
9.3738708933e-01	-6.1646519400e+00
9.3731113354e-01	-6.1648025004e+00
9.3723435039e-01	-6.1649561603e+00
9.3715585001e-01	-6.1651126190e+00
9.3707527904e-01	-6.1652716011e+00
9.3699380219e-01	-6.1654327796e+00
9.3690872922e-01	-6.1655961089e+00
9.3682246906e-01	-6.1657612443e+00
9.3673590759e-01	-6.1659279601e+00
9.3664904331e-01	-6.1660961047e+00
9.3656187474e-01	-6.1662655402e+00
9.3647440038e-01	-6.1664361399e+00
9.3638659720e-01	-6.1666077876e+00
9.3629839565e-01	-6.1667803770e+00
9.3620982733e-01	-6.1669538016e+00
9.3612091994e-01	-6.1671279598e+00
9.3603167727e-01	-6.1673027560e+00
9.3594209265e-01	-6.1674780994e+00
9.3585217823e-01	-6.1676539023e+00
9.3576192299e-01	-6.1678300837e+00
9.3567133021e-01	-6.1680065689e+00
9.3558040002e-01	-6.1681832923e+00
9.3548912374e-01	-6.1683602017e+00
9.3539750947e-01	-6.1685372610e+00
9.3530554244e-01	-6.1687144583e+00
9.3521323629e-01	-6.1688918100e+00
9.3512056648e-01	-6.1690693730e+00
9.3502755315e-01	-6.1692472484e+00
9.3493416949e-01	-6.1694255974e+00
9.3484042439e-01	-6.1696046452e+00
9.3474631017e-01	-6.1697846934e+00
9.3465181279e-01	-6.1699661242e+00
9.3455691836e-01	-6.1701494034e+00
9.3446161175e-01	-6.1703350782e+00
9.3436586061e-01	-6.1705237708e+00
9.3426966479e-01	-6.1707161614e+00
9.3417310123e-01	-6.1709129667e+00
9.3407617142e-01	-6.1711149247e+00
9.3397887259e-01	-6.1713227629e+00
9.3388120236e-01	-6.1715371663e+00
9.3378315891e-01	-6.1717587450e+00
9.3368474070e-01	-6.1719880034e+00
9.3358594661e-01	-6.1722253121e+00
9.3348677602e-01	-6.1724708853e+00
9.3338722837e-01	-6.1727247667e+00
9.3328730285e-01	-6.1729868271e+00
9.3318699871e-01	-6.1732567703e+00
9.3308631422e-01	-6.1735341502e+00
9.3298524865e-01	-6.1738183986e+00
9.3288380120e-01	-6.1741088555e+00
9.3278197064e-01	-6.1744047990e+00
9.3267975588e-01	-6.1747072644e+00
9.3257715565e-01	-6.1750155079e+00
9.3247416846e-01	-6.1753270540e+00
9.3237079273e-01	-6.1756412143e+00
9.3226702675e-01	-6.1759573564e+00
9.3216286870e-01	-6.1762749101e+00
9.3205831668e-01	-6.1765933704e+00
9.3195336871e-01	-6.1769122958e+00
9.3184802275e-01	-6.1772313057e+00
9.3174227670e-01	-6.1775500745e+00
9.3163612840e-01	-6.1778683260e+00
9.3152957567e-01	-6.1781858270e+00
9.3142261627e-01	-6.1785023808e+00
9.3131524789e-01	-6.1788178215e+00
9.3120746829e-01	-6.1791320084e+00
9.3109927519e-01	-6.1794448213e+00
9.3099066621e-01	-6.1797561567e+00
9.3088163896e-01	-6.1800659241e+00
9.3077219106e-01	-6.1803740438e+00
9.3066232007e-01	-6.1806804497e+00
9.3055202332e-01	-6.1809851438e+00
9.3044129576e-01	-6.1812887956e+00
9.3033010708e-01	-6.1815992113e+00
9.3021817906e-01	-6.1820000621e+00
9.3021115290e-01	-6.1832153415e+00
9.3020526124e-01	-6.1839898390e+00
9.3020029216e-01	-6.1843248696e+00
9.3019545608e-01	-6.1845412606e+00
9.3019071045e-01	-6.1846728664e+00
9.3018600511e-01	-6.1847601808e+00
9.3018132409e-01	-6.1848258913e+00
9.3017667588e-01	-6.1848793239e+00
9.3017206286e-01	-6.1849251399e+00
9.3016748906e-01	-6.1849655446e+00
9.3016297667e-01	-6.1850002075e+00
9.3015859180e-01	-6.1850238110e+00
9.3015442530e-01	-6.1850296260e+00
9.3015066572e-01	-6.1850034396e+00
9.3014771877e-01	-6.1849134910e+00
9.3014626730e-01	-6.1847052840e+00
9.3014761395e-01	-6.1842753024e+00
9.3015515472e-01	-6.1833535299e+00
9.3017482941e-01	-6.1814542377e+00
9.3020983885e-01	-6.1783255443e+00
9.3026676709e-01	-6.1731486075e+00
9.3019557924e-01	-6.1644582653e+00
9.3010157543e-01	-6.1641179292e+00
9.3003207731e-01	-6.1641920667e+00
9.2996082257e-01	-6.1642870888e+00
9.2988767167e-01	-6.1643996141e+00
9.2981322000e-01	-6.1645247681e+00
9.2973799908e-01	-6.1646591650e+00
9.2966163841e-01	-6.1648007064e+00
9.2958456318e-01	-6.1649479687e+00
9.2950437193e-01	-6.1651001382e+00
9.2942375218e-01	-6.1652563199e+00
9.2934143228e-01	-6.1654160482e+00
9.2925854684e-01	-6.1655788104e+00
9.2917265662e-01	-6.1657444128e+00
9.2908608312e-01	-6.1659124037e+00
9.2899645412e-01	-6.1660826893e+00
9.2890428283e-01	-6.1662550179e+00
9.2881178940e-01	-6.1664290513e+00
9.2871897231e-01	-6.1666046207e+00
9.2862582991e-01	-6.1667815745e+00
9.2853236063e-01	-6.1669597748e+00
9.2843854930e-01	-6.1671390956e+00
9.2834430737e-01	-6.1673194249e+00
9.2824965945e-01	-6.1675006503e+00
9.2815464188e-01	-6.1676826645e+00
9.2805926200e-01	-6.1678653668e+00
9.2796351447e-01	-6.1680486620e+00
9.2786741115e-01	-6.1682324576e+00
9.2777094324e-01	-6.1684166673e+00
9.2767410859e-01	-6.1686012095e+00
9.2757691615e-01	-6.1687860092e+00
9.2747934442e-01	-6.1689710030e+00
9.2738141773e-01	-6.1691561376e+00
9.2728310134e-01	-6.1693413817e+00
9.2718442448e-01	-6.1695267233e+00
9.2708535741e-01	-6.1697121859e+00
9.2698591173e-01	-6.1698978296e+00
9.2688608477e-01	-6.1700837644e+00
9.2678584933e-01	-6.1702701613e+00
9.2668521406e-01	-6.1704572576e+00
9.2658416423e-01	-6.1706453695e+00
9.2648267932e-01	-6.1708348964e+00
9.2638072719e-01	-6.1710263244e+00
9.2627827590e-01	-6.1712202219e+00
9.2617541278e-01	-6.1714172232e+00
9.2607216274e-01	-6.1716180264e+00
9.2596852216e-01	-6.1718233704e+00
9.2586448791e-01	-6.1720340062e+00
9.2576005703e-01	-6.1722506678e+00
9.2565522710e-01	-6.1724740384e+00
9.2554999606e-01	-6.1727047162e+00
9.2544436269e-01	-6.1729431831e+00
9.2533832595e-01	-6.1731897754e+00
9.2523188502e-01	-6.1734446636e+00
9.2512503880e-01	-6.1737078405e+00
9.2501778567e-01	-6.1739791214e+00
9.2491012466e-01	-6.1742581548e+00
9.2480205518e-01	-6.1745444435e+00
9.2469357630e-01	-6.1748373748e+00
9.2458468699e-01	-6.1751366888e+00
9.2447538623e-01	-6.1754443177e+00
9.2436567280e-01	-6.1757564280e+00
9.2425554520e-01	-6.1760722583e+00
9.2414500183e-01	-6.1763910818e+00
9.2403404096e-01	-6.1767122222e+00
9.2392266071e-01	-6.1770350644e+00
9.2381085910e-01	-6.1773590599e+00
9.2369863408e-01	-6.1776837269e+00
9.2358598347e-01	-6.1780086489e+00
9.2347290504e-01	-6.1783334695e+00
9.2335939655e-01	-6.1786578868e+00
9.2324545563e-01	-6.1789816466e+00
9.2313107992e-01	-6.1793045361e+00
9.2301626697e-01	-6.1796263770e+00
9.2290101435e-01	-6.1799470197e+00
9.2278531952e-01	-6.1802663384e+00
9.2266918005e-01	-6.1805842252e+00
9.2255259336e-01	-6.1809005878e+00
9.2243555688e-01	-6.1812153450e+00
9.2231806802e-01	-6.1815284255e+00
9.2220012412e-01	-6.1818397710e+00
9.2208172229e-01	-6.1821493968e+00
9.2196285669e-01	-6.1824580566e+00
9.2184349072e-01	-6.1827744119e+00
9.2172503592e-01	-6.1831909771e+00
9.2171984830e-01	-6.1844745491e+00
9.2171366527e-01	-6.1851582716e+00
9.2170828572e-01	-6.1854847183e+00
9.2170304855e-01	-6.1856947658e+00
9.2169790758e-01	-6.1858231550e+00
9.2169280763e-01	-6.1859098594e+00
9.2168773418e-01	-6.1859760812e+00
9.2168269730e-01	-6.1860304709e+00
9.2167770031e-01	-6.1860773525e+00
9.2167274677e-01	-6.1861189546e+00
9.2166786499e-01	-6.1861545499e+00
9.2166313127e-01	-6.1861787230e+00
9.2165865210e-01	-6.1861843881e+00
9.2165465347e-01	-6.1861563099e+00
9.2165160999e-01	-6.1860611092e+00
9.2165033394e-01	-6.1858409149e+00
9.2165237668e-01	-6.1853854520e+00
9.2166168289e-01	-6.1846519536e+00
9.2166453389e-01	-6.1846186989e+00
9.2166792933e-01	-6.1844502239e+00
9.2172522752e-01	-6.1842719110e+00
9.2180127264e-01	-6.1840856699e+00
9.2187716504e-01	-6.1838990805e+00
9.2195287595e-01	-6.1837161452e+00
9.2202846486e-01	-6.1835361114e+00
9.2210403011e-01	-6.1833578808e+00
9.2217971043e-01	-6.1831800388e+00
9.2225569791e-01	-6.1830007542e+00
9.2233102201e-01	-6.1828176775e+00
9.2240491012e-01	-6.1826273776e+00
9.2247875482e-01	-6.1824225048e+00
9.2260250034e-01	-6.1821602891e+00
9.2269926271e-01	-6.1819970025e+00
9.2276896181e-01	-6.1818858434e+00
9.2282433491e-01	-6.1818013421e+00
9.2287075970e-01	-6.1817328358e+00
9.2291092412e-01	-6.1816749473e+00
9.2294634241e-01	-6.1816245919e+00
9.2297794003e-01	-6.1815798266e+00
9.2300631456e-01	-6.1815393395e+00
9.2300762606e-01	-6.1815030818e+00
9.2300366119e-01	-6.1814681850e+00
9.2299776667e-01	-6.1814323920e+00
9.2298953810e-01	-6.1813953843e+00
9.2297816240e-01	-6.1813566956e+00
9.2296181406e-01	-6.1813155528e+00
9.2293383663e-01	-6.1812705617e+00
9.2288805954e-01	-6.1812160407e+00
9.2287450546e-01	-6.1811413666e+00
9.2289290468e-01	-6.1810744980e+00
9.2290797900e-01	-6.1810109170e+00
9.2291785170e-01	-6.1809485485e+00
9.2292461140e-01	-6.1808861764e+00
9.2292906694e-01	-6.1808232314e+00
9.2293144915e-01	-6.1807601577e+00
9.2293181479e-01	-6.1806963093e+00
9.2293006844e-01	-6.1806313002e+00
9.2292603622e-01	-6.1805648747e+00
9.2291944895e-01	-6.1804962330e+00
9.2290998143e-01	-6.1804243151e+00
9.2289690821e-01	-6.1803476195e+00
9.2288220887e-01	-6.1802785000e+00
9.2286768439e-01	-6.1802213788e+00
9.2285337710e-01	-6.1801724407e+00
9.2278615317e-01	-6.1800142316e+00
9.2278531655e-01	-6.1798591581e+00
9.2280271935e-01	-6.1797110174e+00
9.2281395014e-01	-6.1795642695e+00
9.2282807217e-01	-6.1794151650e+00
9.2288363292e-01	-6.1792605807e+00
9.2293758817e-01	-6.1791033263e+00
9.2299124219e-01	-6.1789410683e+00
9.2304485833e-01	-6.1787724187e+00
9.2309809373e-01	-6.1785966806e+00
9.2315129386e-01	-6.1784099787e+00
9.2320285676e-01	-6.1782142059e+00
9.2324172206e-01	-6.1780529297e+00
9.2327213328e-01	-6.1779154724e+00
9.2329651081e-01	-6.1777959857e+00
9.2331739135e-01	-6.1776844383e+00
9.2334312967e-01	-6.1775778883e+00
9.2337089543e-01	-6.1774747471e+00
9.2344198006e-01	-6.1771956776e+00
9.2354833466e-01	-6.1768850096e+00
9.2364368236e-01	-6.1766940776e+00
9.2371219346e-01	-6.1765596029e+00
9.2376616780e-01	-6.1764553105e+00
9.2381091539e-01	-6.1763694105e+00
9.2384910582e-01	-6.1762957402e+00
9.2388223513e-01	-6.1762306731e+00
9.2389112188e-01	-6.1761715188e+00
9.2388578421e-01	-6.1761174225e+00
9.2387750575e-01	-6.1760609876e+00
9.2387006967e-01	-6.1760008695e+00
9.2386886991e-01	-6.1759347980e+00
9.2386787309e-01	-6.1758593064e+00
9.2386802281e-01	-6.1757640899e+00
9.2387098989e-01	-6.1756408857e+00
9.2387533198e-01	-6.1755226664e+00
9.2387908016e-01	-6.1754095835e+00
9.2388206840e-01	-6.1752883432e+00
9.2389052944e-01	-6.1751374955e+00
9.2389667660e-01	-6.1749547294e+00
9.2389927090e-01	-6.1748188796e+00
9.2389990967e-01	-6.1747029207e+00
9.2389861820e-01	-6.1745960308e+00
9.2389502508e-01	-6.1744927699e+00
9.2388851527e-01	-6.1743886789e+00
9.2387887063e-01	-6.1742866288e+00
9.2386569042e-01	-6.1741832022e+00
9.2385030662e-01	-6.1740884175e+00
9.2383495891e-01	-6.1740097148e+00
9.2381990296e-01	-6.1739419340e+00
9.2380578358e-01	-6.1738832051e+00
9.2379259261e-01	-6.1738308634e+00
9.2378193904e-01	-6.1737808486e+00
9.2377813816e-01	-6.1737319254e+00
9.2377191717e-01	-6.1736841221e+00
9.2371141148e-01	-6.1734676346e+00
9.2370864966e-01	-6.1732557964e+00
9.2371376890e-01	-6.1730440827e+00
9.2371453639e-01	-6.1728295155e+00
9.2371166662e-01	-6.1726095444e+00
9.2370525605e-01	-6.1723837738e+00
9.2369509650e-01	-6.1721521775e+00
9.2368078796e-01	-6.1719121472e+00
9.2367236254e-01	-6.1716641789e+00
9.2366397027e-01	-6.1714053582e+00
9.2365139782e-01	-6.1711290956e+00
9.2363715293e-01	-6.1708875138e+00
9.2362290028e-01	-6.1706845492e+00
9.2360931773e-01	-6.1705114624e+00
9.2359553337e-01	-6.1703508577e+00
9.2358170024e-01	-6.1701983144e+00
9.2356781861e-01	-6.1700506462e+00
9.2355503196e-01	-6.1699154292e+00
9.2354404358e-01	-6.1697807080e+00
9.2353897375e-01	-6.1696451787e+00
9.2353212954e-01	-6.1695085937e+00
9.2347199232e-01	-6.1688451693e+00
9.2345681232e-01	-6.1681464562e+00
9.2344041392e-01	-6.1673881110e+00
9.2340500198e-01	-6.1665820809e+00
9.2334764798e-01	-6.1657084670e+00
9.2326878108e-01	-6.1647353519e+00
9.2318230284e-01	-6.1645902952e+00
9.2311146522e-01	-6.1646704913e+00
9.2303844123e-01	-6.1647726746e+00
9.2296357455e-01	-6.1648928325e+00
9.2288756798e-01	-6.1650257750e+00
9.2281043582e-01	-6.1651680456e+00
9.2273244332e-01	-6.1653174677e+00
9.2265269108e-01	-6.1654726934e+00
9.2257070209e-01	-6.1656327742e+00
9.2248771326e-01	-6.1657969032e+00
9.2240355471e-01	-6.1659645377e+00
9.2231763391e-01	-6.1661352782e+00
9.2222940731e-01	-6.1663088029e+00
9.2213975464e-01	-6.1664847519e+00
9.2204639064e-01	-6.1666630286e+00
9.2195205912e-01	-6.1668432245e+00
9.2185739746e-01	-6.1670251036e+00
9.2176240405e-01	-6.1672084955e+00
9.2166707730e-01	-6.1673932469e+00
9.2157141216e-01	-6.1675792191e+00
9.2147531444e-01	-6.1677662903e+00
9.2137877820e-01	-6.1679543416e+00
9.2128185230e-01	-6.1681432577e+00
9.2118454862e-01	-6.1683329316e+00
9.2108687049e-01	-6.1685232619e+00
9.2098882561e-01	-6.1687141512e+00
9.2089040441e-01	-6.1689055075e+00
9.2079160592e-01	-6.1690972429e+00
9.2069244180e-01	-6.1692892744e+00
9.2059288353e-01	-6.1694815293e+00
9.2049296077e-01	-6.1696739411e+00
9.2039264055e-01	-6.1698664616e+00
9.2029194282e-01	-6.1700590577e+00
9.2019085374e-01	-6.1702517240e+00
9.2008936269e-01	-6.1704444879e+00
9.1998747732e-01	-6.1706374170e+00
9.1988518331e-01	-6.1708306320e+00
9.1978246398e-01	-6.1710243155e+00
9.1967930338e-01	-6.1712187223e+00
9.1957568381e-01	-6.1714141873e+00
9.1947155742e-01	-6.1716111338e+00
9.1936694205e-01	-6.1718100676e+00
9.1926193730e-01	-6.1720115726e+00
9.1915653917e-01	-6.1722163142e+00
9.1905074385e-01	-6.1724250161e+00
9.1894454766e-01	-6.1726384371e+00
9.1883794736e-01	-6.1728573432e+00
9.1873093992e-01	-6.1730824755e+00
9.1862352301e-01	-6.1733145143e+00
9.1851569500e-01	-6.1735540444e+00
9.1840745455e-01	-6.1738015216e+00
9.1829880002e-01	-6.1740572456e+00
9.1818973017e-01	-6.1743213399e+00
9.1808024336e-01	-6.1745937437e+00
9.1797033904e-01	-6.1748742157e+00
9.1786001663e-01	-6.1751623501e+00
9.1774927520e-01	-6.1754575949e+00
9.1763811408e-01	-6.1757614058e+00
9.1752653241e-01	-6.1760724134e+00
9.1741452901e-01	-6.1763884240e+00
9.1730210255e-01	-6.1767086502e+00
9.1718925153e-01	-6.1770323267e+00
9.1707597431e-01	-6.1773587307e+00
9.1696226909e-01	-6.1776871970e+00
9.1684813392e-01	-6.1780171260e+00
9.1673356678e-01	-6.1783479879e+00
9.1661856548e-01	-6.1786793215e+00
9.1650312785e-01	-6.1790107309e+00
9.1638725153e-01	-6.1793418805e+00
9.1627093423e-01	-6.1796724875e+00
9.1615417348e-01	-6.1800023159e+00
9.1603696680e-01	-6.1803311692e+00
9.1591931175e-01	-6.1806588833e+00
9.1580120577e-01	-6.1809853215e+00
9.1568264627e-01	-6.1813103686e+00
9.1556363067e-01	-6.1816339267e+00
9.1544415634e-01	-6.1819559112e+00
9.1532422063e-01	-6.1822762479e+00
9.1520382087e-01	-6.1825948712e+00
9.1508295432e-01	-6.1829117279e+00
9.1496161795e-01	-6.1832268398e+00
9.1483980551e-01	-6.1835409885e+00
9.1471747688e-01	-6.1838631008e+00
9.1459671556e-01	-6.1842884104e+00
9.1459103976e-01	-6.1855930501e+00
9.1458461726e-01	-6.1862587513e+00
9.1457902614e-01	-6.1865792219e+00
9.1457358301e-01	-6.1867847747e+00
9.1456823768e-01	-6.1869110938e+00
9.1456292727e-01	-6.1869976971e+00
9.1455763551e-01	-6.1870646260e+00
9.1455236824e-01	-6.1871200372e+00
9.1454711844e-01	-6.1871679855e+00
9.1454186478e-01	-6.1872107329e+00
9.1453659433e-01	-6.1872471002e+00
9.1453131789e-01	-6.1872715137e+00
9.1452601282e-01	-6.1872763954e+00
9.1452059714e-01	-6.1872451329e+00
9.1451491485e-01	-6.1871421208e+00
9.1450853135e-01	-6.1869049725e+00
9.1449999897e-01	-6.1864144179e+00
9.1449014167e-01	-6.1857699309e+00
9.1448066487e-01	-6.1852054990e+00
9.1447066603e-01	-6.1846842830e+00
9.1446012453e-01	-6.1841959747e+00
9.1444926067e-01	-6.1837360914e+00
9.1443884978e-01	-6.1833164423e+00
9.1442810522e-01	-6.1829029941e+00
9.1441705793e-01	-6.1824903522e+00
9.1440572785e-01	-6.1820737989e+00
9.1433672281e-01	-6.1799925482e+00
9.1433435209e-01	-6.1776431603e+00
9.1434558319e-01	-6.1756122516e+00
9.1435052102e-01	-6.1737490203e+00
9.1435252727e-01	-6.1718608865e+00
9.1435143710e-01	-6.1699163759e+00
9.1432456155e-01	-6.1679679898e+00
9.1423423673e-01	-6.1660094247e+00
9.1410678644e-01	-6.1652319699e+00
9.1403447967e-01	-6.1653191917e+00
9.1395960768e-01	-6.1654295848e+00
9.1388290160e-01	-6.1655585262e+00
9.1380518504e-01	-6.1657004447e+00
9.1372601792e-01	-6.1658517780e+00
9.1364623822e-01	-6.1660102590e+00
9.1356369217e-01	-6.1661746131e+00
9.1347977990e-01	-6.1663437488e+00
9.1339429719e-01	-6.1665169532e+00
9.1330814474e-01	-6.1666936031e+00
9.1321872636e-01	-6.1668734422e+00
9.1312837588e-01	-6.1670559407e+00
9.1303462834e-01	-6.1672409753e+00
9.1293831844e-01	-6.1674282302e+00
9.1284167175e-01	-6.1676173240e+00
9.1274468668e-01	-6.1678080639e+00
9.1264736150e-01	-6.1680002785e+00
9.1254969461e-01	-6.1681938140e+00
9.1245162068e-01	-6.1683885351e+00
9.1235305447e-01	-6.1685843191e+00
9.1225407708e-01	-6.1687810404e+00
9.1215470598e-01	-6.1689785853e+00
9.1205494868e-01	-6.1691768466e+00
9.1195481248e-01	-6.1693757220e+00
9.1185428320e-01	-6.1695751152e+00
9.1175336837e-01	-6.1697749325e+00
9.1165207591e-01	-6.1699750851e+00
9.1155037586e-01	-6.1701754928e+00
9.1144829956e-01	-6.1703760784e+00
9.1134581624e-01	-6.1705767798e+00
9.1124293826e-01	-6.1707775458e+00
9.1113966477e-01	-6.1709783457e+00
9.1103596561e-01	-6.1711791769e+00
9.1093185717e-01	-6.1713800666e+00
9.1082732357e-01	-6.1715810877e+00
9.1072234694e-01	-6.1717823651e+00
9.1061690891e-01	-6.1719840879e+00
9.1051096478e-01	-6.1721865204e+00
9.1040447443e-01	-6.1723900089e+00
9.1029754209e-01	-6.1725949762e+00
9.1019021432e-01	-6.1728019390e+00
9.1008248710e-01	-6.1730115031e+00
9.0997435630e-01	-6.1732243491e+00
9.0986581795e-01	-6.1734412162e+00
9.0975686813e-01	-6.1736628774e+00
9.0964750342e-01	-6.1738901100e+00
9.0953772110e-01	-6.1741236609e+00
9.0942751878e-01	-6.1743642097e+00
9.0931689418e-01	-6.1746123326e+00
9.0920584588e-01	-6.1748684675e+00
9.0909437111e-01	-6.1751328875e+00
9.0898246905e-01	-6.1754056823e+00
9.0887013911e-01	-6.1756867529e+00
9.0875738057e-01	-6.1759758159e+00
9.0864419297e-01	-6.1762728767e+00
9.0853057572e-01	-6.1765799740e+00
9.0841652812e-01	-6.1768934035e+00
9.0830204922e-01	-6.1772123978e+00
9.0818713787e-01	-6.1775361591e+00
9.0807179277e-01	-6.1778638918e+00
9.0795601238e-01	-6.1781948299e+00
9.0783979505e-01	-6.1785282566e+00
9.0772313891e-01	-6.1788635178e+00
9.0760604198e-01	-6.1792000291e+00
9.0748850217e-01	-6.1795372780e+00
9.0737051726e-01	-6.1798748223e+00
9.0725208495e-01	-6.1802122857e+00
9.0713320286e-01	-6.1805493511e+00
9.0701386856e-01	-6.1808857542e+00
9.0689407955e-01	-6.1812212758e+00
9.0677383328e-01	-6.1815557344e+00
9.0665312716e-01	-6.1818889802e+00
9.0653195859e-01	-6.1822208887e+00
9.0641032484e-01	-6.1825513556e+00
9.0628822335e-01	-6.1828802920e+00
9.0616565134e-01	-6.1832076218e+00
9.0604260608e-01	-6.1835332778e+00
9.0591908481e-01	-6.1838572003e+00
9.0579508472e-01	-6.1841793412e+00
9.0567060265e-01	-6.1844997245e+00
9.0554563207e-01	-6.1848191118e+00
9.0542013069e-01	-6.1851461741e+00
9.0529393394e-01	-6.1855736150e+00
9.0528767441e-01	-6.1868592327e+00
9.0528081615e-01	-6.1875563246e+00
9.0527499435e-01	-6.1878695580e+00
9.0526933052e-01	-6.1880699550e+00
9.0526377099e-01	-6.1881939725e+00
9.0525824683e-01	-6.1882804482e+00
9.0525274584e-01	-6.1883481203e+00
9.0524727769e-01	-6.1884046076e+00
9.0524183950e-01	-6.1884536918e+00
9.0523641448e-01	-6.1884976804e+00
9.0523101168e-01	-6.1885349357e+00
9.0522567379e-01	-6.1885597470e+00
9.0522043820e-01	-6.1885640694e+00
9.0521536834e-01	-6.1885299212e+00
9.0521063997e-01	-6.1884195735e+00
9.0520655294e-01	-6.1881661372e+00
9.0520365946e-01	-6.1876368895e+00
9.0520336720e-01	-6.1864765683e+00
9.0520662362e-01	-6.1846685095e+00
9.0521171938e-01	-6.1828419631e+00
9.0521834273e-01	-6.1808504864e+00
9.0522687105e-01	-6.1786309058e+00
9.0523789502e-01	-6.1760825157e+00
9.0524510090e-01	-6.1719348760e+00
9.0515509474e-01	-6.1669985572e+00
9.0501331006e-01	-6.1659051264e+00
9.0493950727e-01	-6.1659997855e+00
9.0486273776e-01	-6.1661187856e+00
9.0478415971e-01	-6.1662568264e+00
9.0470471318e-01	-6.1664079795e+00
9.0462347761e-01	-6.1665686056e+00
9.0454170086e-01	-6.1667363682e+00
9.0445649659e-01	-6.1669100422e+00
9.0437045933e-01	-6.1670884354e+00
9.0428262684e-01	-6.1672708890e+00
9.0419364024e-01	-6.1674567934e+00
9.0410148378e-01	-6.1676458553e+00
9.0400802057e-01	-6.1678375710e+00
9.0391042228e-01	-6.1680318513e+00
9.0381178180e-01	-6.1682282062e+00
9.0371279620e-01	-6.1684263613e+00
9.0361346377e-01	-6.1686261229e+00
9.0351378281e-01	-6.1688273191e+00
9.0341372578e-01	-6.1690297973e+00
9.0331314742e-01	-6.1692334279e+00
9.0321211093e-01	-6.1694380771e+00
9.0311066573e-01	-6.1696436208e+00
9.0300882127e-01	-6.1698499456e+00
9.0290658520e-01	-6.1700569436e+00
9.0280393531e-01	-6.1702645144e+00
9.0270089440e-01	-6.1704725586e+00
9.0259746055e-01	-6.1706809829e+00
9.0249360796e-01	-6.1708897008e+00
9.0238936643e-01	-6.1710986272e+00
9.0228470601e-01	-6.1713076897e+00
9.0217963477e-01	-6.1715168234e+00
9.0207415658e-01	-6.1717259783e+00
9.0196824044e-01	-6.1719351271e+00
9.0186189330e-01	-6.1721442659e+00
9.0175510324e-01	-6.1723534267e+00
9.0164785136e-01	-6.1725626856e+00
9.0154009916e-01	-6.1727721746e+00
9.0143180062e-01	-6.1729820908e+00
9.0132294313e-01	-6.1731927041e+00
9.0121367364e-01	-6.1734043557e+00
9.0110400294e-01	-6.1736174863e+00
9.0099392701e-01	-6.1738326297e+00
9.0088344160e-01	-6.1740504062e+00
9.0077254245e-01	-6.1742715123e+00
9.0066122511e-01	-6.1744967027e+00
9.0054948588e-01	-6.1747267639e+00
9.0043732147e-01	-6.1749624832e+00
9.0032472896e-01	-6.1752046125e+00
9.0021170489e-01	-6.1754538295e+00
9.0009824649e-01	-6.1757106996e+00
8.9998435134e-01	-6.1759756420e+00
8.9987001859e-01	-6.1667396354e+00
9.0369714109e-01	-6.1669485255e+00
9.0359723378e-01	-6.1671186219e+00
9.0349689883e-01	-6.1673240730e+00
9.0339614231e-01	-6.1675566294e+00
9.0329497304e-01	-6.1678076534e+00
9.0319339834e-01	-6.1680715601e+00
9.0309142346e-01	-6.1683459534e+00
9.0298905188e-01	-6.1686299658e+00
9.0288628569e-01	-6.1689230581e+00
9.0278312601e-01	-6.1692245399e+00
9.0267957320e-01	-6.1695334935e+00
9.0257562708e-01	-6.1698488517e+00
9.0247128701e-01	-6.1701695005e+00
9.0236655205e-01	-6.1704943617e+00
9.0226142094e-01	-6.1708224436e+00
9.0215589222e-01	-6.1711528676e+00
9.0204996430e-01	-6.1714848745e+00
9.0194363539e-01	-6.1718178221e+00
9.0183690356e-01	-6.1721511736e+00
9.0172976683e-01	-6.1724844857e+00
9.0162222308e-01	-6.1728173944e+00
9.0151427019e-01	-6.1731496020e+00
9.0140590592e-01	-6.1734808664e+00
9.0129712800e-01	-6.1738109878e+00
9.0118793411e-01	-6.1741398031e+00
9.0107832187e-01	-6.1744671785e+00
9.0096828891e-01	-6.1747929994e+00
9.0085783278e-01	-6.1751171743e+00
9.0074695081e-01	-6.1754396628e+00
9.0063563843e-01	-6.1757608442e+00
9.0052387046e-01	-6.1760855109e+00
9.0041141537e-01	-6.1764655858e+00
9.0037846360e-01	-6.1773986107e+00
9.0037021341e-01	-6.1785735721e+00
9.0036485528e-01	-6.1788781290e+00
9.0035965913e-01	-6.1790729121e+00
9.0035457039e-01	-6.1791944479e+00
9.0034951609e-01	-6.1792804779e+00
9.0034448730e-01	-6.1793485561e+00
9.0033949742e-01	-6.1794057519e+00
9.0033454706e-01	-6.1794556153e+00
9.0032962329e-01	-6.1795004452e+00
9.0032475188e-01	-6.1795383362e+00
9.0032000131e-01	-6.1795634493e+00
9.0031545411e-01	-6.1795674261e+00
9.0031128033e-01	-6.1795314204e+00
9.0030786150e-01	-6.1794163108e+00
9.0030588081e-01	-6.1791523356e+00
9.0030673734e-01	-6.1785983293e+00
9.0031420357e-01	-6.1773849189e+00
9.0033539222e-01	-6.1748743500e+00
9.0037614351e-01	-6.1707270443e+00
9.0044343554e-01	-6.1638212663e+00
9.0027766703e-01	-6.1563730960e+00
9.0020926627e-01	-6.1564696973e+00
9.0013828111e-01	-6.1565915412e+00
9.0006599726e-01	-6.1567340823e+00
8.9999273084e-01	-6.1568907548e+00
8.9991765219e-01	-6.1570574325e+00
8.9984082616e-01	-6.1572316298e+00
8.9976133550e-01	-6.1574118524e+00
8.9968114171e-01	-6.1575968918e+00
8.9959931510e-01	-6.1577860454e+00
8.9951493164e-01	-6.1579787943e+00
8.9942866639e-01	-6.1581746247e+00
8.9933963931e-01	-6.1583732257e+00
8.9924707691e-01	-6.1585743425e+00
8.9915419169e-01	-6.1587774724e+00
8.9906098210e-01	-6.1589823881e+00
8.9896744660e-01	-6.1591888914e+00
8.9887358371e-01	-6.1593968068e+00
8.9877928977e-01	-6.1596059849e+00
8.9868447751e-01	-6.1598162895e+00
8.9858925133e-01	-6.1600275821e+00
8.9849364241e-01	-6.1602397389e+00
8.9839764258e-01	-6.1604526466e+00
8.9830126573e-01	-6.1606661961e+00
8.9820451879e-01	-6.1608802842e+00
8.9810737959e-01	-6.1610948143e+00
8.9800985924e-01	-6.1613096915e+00
8.9791196772e-01	-6.1615248257e+00
8.9781366471e-01	-6.1617401363e+00
8.9771498268e-01	-6.1619555448e+00
8.9761590993e-01	-6.1621709862e+00
8.9751641535e-01	-6.1623864109e+00
8.9741651345e-01	-6.1626017848e+00
8.9731618559e-01	-6.1628171019e+00
8.9721541215e-01	-6.1630323899e+00
8.9711414659e-01	-6.1632477208e+00
8.9701233994e-01	-6.1634632199e+00
8.9690999378e-01	-6.1636790719e+00
8.9680727341e-01	-6.1638955239e+00
8.9670418047e-01	-6.1641129182e+00
8.9660071136e-01	-6.1643316882e+00
8.9649686219e-01	-6.1645523604e+00
8.9639262881e-01	-6.1647755501e+00
8.9628800733e-01	-6.1650019523e+00
8.9618299374e-01	-6.1652323228e+00
8.9607758392e-01	-6.1654674536e+00
8.9597177400e-01	-6.1657081403e+00
8.9586556108e-01	-6.1659551455e+00
8.9575894081e-01	-6.1662091585e+00
8.9565191092e-01	-6.1664707568e+00
8.9554447007e-01	-6.1667403698e+00
8.9543661692e-01	-6.1670182506e+00
8.9532835063e-01	-6.1673045065e+00
8.9521967104e-01	-6.1676023281e+00
8.9511057770e-01	-6.1679080917e+00
8.9500107026e-01	-6.1682212952e+00
8.9489114823e-01	-6.1685412961e+00
8.9478081118e-01	-6.1688673531e+00
8.9467005831e-01	-6.1691986675e+00
8.9455888869e-01	-6.1695344197e+00
8.9444730117e-01	-6.1698738032e+00
8.9433529442e-01	-6.1702160499e+00
8.9422286690e-01	-6.1705604504e+00
8.9411001691e-01	-6.1709063649e+00
8.9399674260e-01	-6.1712532289e+00
8.9388304196e-01	-6.1716005536e+00
8.9376891289e-01	-6.1719479227e+00
8.9365435320e-01	-6.1722949865e+00
8.9353936058e-01	-6.1726414551e+00
8.9342393265e-01	-6.1729870898e+00
8.9330806705e-01	-6.1733316955e+00
8.9319176128e-01	-6.1736751135e+00
8.9307501281e-01	-6.1740172146e+00
8.9295781912e-01	-6.1743578924e+00
8.9284017762e-01	-6.1746970591e+00
8.9272208570e-01	-6.1750346405e+00
8.9260354072e-01	-6.1753705730e+00
8.9248454001e-01	-6.1757048020e+00
8.9236508089e-01	-6.1760372755e+00
8.9224516064e-01	-6.1763679508e+00
8.9212477628e-01	-6.1766968316e+00
8.9200392257e-01	-6.1770243852e+00
8.9188256995e-01	-6.1773560547e+00
8.9176044696e-01	-6.1777504479e+00
8.9172973589e-01	-6.1787543390e+00
8.9172112239e-01	-6.1798427232e+00
8.9171528243e-01	-6.1801413684e+00
8.9170961232e-01	-6.1803320876e+00
8.9170405468e-01	-6.1804520351e+00
8.9169853110e-01	-6.1805383592e+00
8.9169303814e-01	-6.1806073999e+00
8.9168759226e-01	-6.1806658050e+00
8.9168219836e-01	-6.1807168940e+00
8.9167684814e-01	-6.1807630292e+00
8.9167159118e-01	-6.1808017617e+00
8.9166652653e-01	-6.1808270636e+00
8.9166179418e-01	-6.1808299657e+00
8.9165770617e-01	-6.1807897950e+00
8.9165489350e-01	-6.1806646779e+00
8.9165449566e-01	-6.1803789302e+00
8.9165892018e-01	-6.1797728394e+00
8.9167418505e-01	-6.1784484283e+00
8.9170742572e-01	-6.1759592118e+00
8.9176561929e-01	-6.1718520721e+00
8.9185819910e-01	-6.1650132786e+00
8.9171139025e-01	-6.1570234774e+00
8.9163353237e-01	-6.1571281158e+00
8.9155294348e-01	-6.1572591568e+00
8.9147088539e-01	-6.1574115034e+00
8.9138773502e-01	-6.1575781859e+00
8.9130282776e-01	-6.1577549265e+00
8.9121531693e-01	-6.1579392640e+00
8.9112585032e-01	-6.1581295687e+00
8.9103512986e-01	-6.1583247144e+00
8.9094271799e-01	-6.1585239579e+00
8.9084727114e-01	-6.1587268119e+00
8.9075042680e-01	-6.1589326832e+00
8.9064887965e-01	-6.1591414494e+00
8.9054576511e-01	-6.1593525534e+00
8.9044228954e-01	-6.1595656361e+00
8.9033845117e-01	-6.1597804689e+00
8.9023424835e-01	-6.1599968529e+00
8.9012964613e-01	-6.1602146142e+00
8.9002444543e-01	-6.1604336106e+00
8.8991874990e-01	-6.1606536911e+00
8.8981261394e-01	-6.1608747200e+00
8.8970604731e-01	-6.1610965748e+00
8.8959905863e-01	-6.1613191403e+00
8.8949165310e-01	-6.1615423079e+00
8.8938380070e-01	-6.1617659770e+00
8.8927553229e-01	-6.1619900463e+00
8.8916683998e-01	-6.1622144223e+00
8.8905769563e-01	-6.1624390175e+00
8.8894812521e-01	-6.1626637463e+00
8.8883811679e-01	-6.1628885335e+00
8.8872763703e-01	-6.1631133156e+00
8.8861669947e-01	-6.1633380405e+00
8.8850528345e-01	-6.1635626771e+00
8.8839336341e-01	-6.1637872217e+00
8.8828088167e-01	-6.1640117066e+00
8.8816776267e-01	-6.1642362088e+00
8.8805410145e-01	-6.1644608457e+00
8.8794003065e-01	-6.1646857956e+00
8.8782554712e-01	-6.1649113240e+00
8.8771064733e-01	-6.1651377814e+00
8.8759532729e-01	-6.1653656109e+00
8.8747958283e-01	-6.1655953503e+00
8.8736340976e-01	-6.1658276280e+00
8.8724680343e-01	-6.1660631528e+00
8.8712975921e-01	-6.1663026949e+00
8.8701227227e-01	-6.1665470587e+00
8.8689433810e-01	-6.1667970490e+00
8.8677595200e-01	-6.1670534342e+00
8.8665711114e-01	-6.1673169031e+00
8.8653781316e-01	-6.1675880266e+00
8.8641805586e-01	-6.1678672153e+00
8.8629783829e-01	-6.1681565276e+00
8.8617715954e-01	-6.1684557640e+00
8.8605601896e-01	-6.1687632395e+00
8.8593441602e-01	-6.1690785818e+00
8.8581235021e-01	-6.1694012536e+00
8.8568982085e-01	-6.1697305814e+00
8.8556682734e-01	-6.1700657978e+00
8.8544336867e-01	-6.1704060857e+00
8.8531944369e-01	-6.1707506142e+00
8.8519505102e-01	-6.1710985725e+00
8.8507018903e-01	-6.1714491951e+00
8.8494485600e-01	-6.1718017796e+00
8.8481904992e-01	-6.1721556977e+00
8.8469276863e-01	-6.1725103993e+00
8.8456600983e-01	-6.1728654112e+00
8.8443877112e-01	-6.1732203337e+00
8.8431104999e-01	-6.1735748337e+00
8.8418284372e-01	-6.1739286369e+00
8.8405414982e-01	-6.1742815193e+00
8.8392496545e-01	-6.1746332997e+00
8.8379528780e-01	-6.1749838315e+00
8.8366511399e-01	-6.1753329963e+00
8.8353444124e-01	-6.1756806972e+00
8.8340326657e-01	-6.1760268539e+00
8.8327158703e-01	-6.1763714006e+00
8.8313939964e-01	-6.1767142792e+00
8.8300670139e-01	-6.1770554388e+00
8.8287348924e-01	-6.1773948336e+00
8.8273976013e-01	-6.1777324248e+00
8.8260551070e-01	-6.1780682178e+00
8.8247073530e-01	-6.1784026701e+00
8.8233540304e-01	-6.1787410903e+00
8.8219923259e-01	-6.1791406476e+00
8.8216284337e-01	-6.1801350459e+00
8.8215318735e-01	-6.1812488472e+00
8.8214668371e-01	-6.1815421630e+00
8.8214035891e-01	-6.1817293362e+00
8.8213415216e-01	-6.1818480534e+00
8.8212797825e-01	-6.1819348859e+00
8.8212183935e-01	-6.1820050109e+00
8.8211575399e-01	-6.1820647047e+00
8.8210972983e-01	-6.1821170785e+00
8.8210375930e-01	-6.1821645633e+00
8.8209791058e-01	-6.1822041427e+00
8.8209230383e-01	-6.1822295761e+00
8.8208711921e-01	-6.1822312265e+00
8.8208277317e-01	-6.1821863851e+00
8.8208007121e-01	-6.1820501839e+00
8.8208048991e-01	-6.1817403697e+00
8.8208726099e-01	-6.1810763618e+00
8.8210801370e-01	-6.1796284902e+00
8.8214749869e-01	-6.1771534652e+00
8.8221488117e-01	-6.1730748711e+00
8.8232229933e-01	-6.1662851462e+00
8.8219378989e-01	-6.1577783516e+00
8.8211313597e-01	-6.1578909747e+00
8.8202963407e-01	-6.1580313307e+00
8.8194452003e-01	-6.1581937815e+00
8.8185817568e-01	-6.1583709629e+00
8.8177027464e-01	-6.1585584372e+00
8.8167883084e-01	-6.1587537964e+00
8.8158621626e-01	-6.1589552538e+00
8.8149177824e-01	-6.1591617828e+00
8.8139536039e-01	-6.1593726146e+00
8.8129588885e-01	-6.1595872417e+00
8.8119403002e-01	-6.1598051408e+00
8.8108788688e-01	-6.1600260856e+00
8.8098112164e-01	-6.1602494627e+00
8.8087397938e-01	-6.1604749848e+00
8.8076645840e-01	-6.1607024223e+00
8.8065855494e-01	-6.1609315750e+00
8.8055006442e-01	-6.1611622822e+00
8.8044098019e-01	-6.1613943858e+00
8.8033142248e-01	-6.1616277320e+00
8.8022140902e-01	-6.1618621873e+00
8.8011094822e-01	-6.1620976279e+00
8.8000004066e-01	-6.1623339384e+00
8.7988866604e-01	-6.1625710114e+00
8.7977684916e-01	-6.1628087406e+00
8.7966458897e-01	-6.1630470262e+00
8.7955184324e-01	-6.1632857764e+00
8.7943864251e-01	-6.1635248980e+00
8.7932497498e-01	-6.1637643072e+00
8.7921082408e-01	-6.1640039285e+00
8.7909616642e-01	-6.1642436974e+00
8.7898097576e-01	-6.1644835648e+00
8.7886522819e-01	-6.1647235011e+00
8.7874881972e-01	-6.1649635112e+00
8.7863172981e-01	-6.1652036276e+00
8.7851419094e-01	-6.1654439070e+00
8.7839622660e-01	-6.1656844789e+00
8.7827783391e-01	-6.1659255437e+00
8.7815900944e-01	-6.1661673820e+00
8.7803974939e-01	-6.1664103649e+00
8.7792004983e-01	-6.1666549606e+00
8.7779990628e-01	-6.1669017378e+00
8.7767931388e-01	-6.1671513601e+00
8.7755826701e-01	-6.1674045753e+00
8.7743675932e-01	-6.1676621935e+00
8.7731478563e-01	-6.1679250577e+00
8.7719234168e-01	-6.1681940079e+00
8.7706942353e-01	-6.1684698365e+00
8.7694602789e-01	-6.1687532400e+00
8.7682215255e-01	-6.1690480421e+00
8.7669779566e-01	-6.1693515794e+00
8.7657295586e-01	-6.1696639222e+00
8.7644763242e-01	-6.1699850336e+00
8.7632182467e-01	-6.1703146582e+00
8.7619553214e-01	-6.1706523400e+00
8.7606875429e-01	-6.1709974561e+00
8.7594149063e-01	-6.1713492515e+00
8.7581374044e-01	-6.1717068908e+00
8.7568550272e-01	-6.1720695003e+00
8.7555677621e-01	-6.1724362092e+00
8.7542755956e-01	-6.1728061815e+00
8.7529785103e-01	-6.1731786422e+00
8.7516764869e-01	-6.1735528923e+00
8.7503695036e-01	-6.1739283168e+00
8.7490575387e-01	-6.1743043859e+00
8.7477405669e-01	-6.1746806520e+00
8.7464185620e-01	-6.1750567462e+00
8.7450914980e-01	-6.1754323651e+00
8.7437593463e-01	-6.1758072648e+00
8.7424220785e-01	-6.1761812504e+00
8.7410796653e-01	-6.1765541678e+00
8.7397320767e-01	-6.1769258951e+00
8.7383792824e-01	-6.1772963359e+00
8.7370212516e-01	-6.1776654115e+00
8.7356579534e-01	-6.1780330621e+00
8.7342893564e-01	-6.1783992346e+00
8.7329154284e-01	-6.1787638843e+00
8.7315361383e-01	-6.1791269709e+00
8.7301514532e-01	-6.1794884582e+00
8.7287613409e-01	-6.1798483157e+00
8.7273657658e-01	-6.1802065570e+00
8.7259646667e-01	-6.1805636572e+00
8.7245577083e-01	-6.1809250821e+00
8.7231418456e-01	-6.1813495801e+00
8.7227351049e-01	-6.1823653559e+00
8.7226313163e-01	-6.1834742401e+00
8.7225630868e-01	-6.1837575035e+00
8.7224967063e-01	-6.1839400716e+00
8.7224315597e-01	-6.1840575199e+00
8.7223667261e-01	-6.1841448683e+00
8.7223022907e-01	-6.1842159636e+00
8.7222384536e-01	-6.1842767916e+00
8.7221753143e-01	-6.1843302766e+00
8.7221127811e-01	-6.1843789273e+00
8.7220517226e-01	-6.1844191373e+00
8.7219935312e-01	-6.1844444495e+00
8.7219403741e-01	-6.1844445179e+00
8.7218974040e-01	-6.1843943942e+00
8.7218742849e-01	-6.1842460565e+00
8.7218890361e-01	-6.1839101239e+00
8.7219826061e-01	-6.1831827071e+00
8.7222471418e-01	-6.1816001297e+00
8.7227205722e-01	-6.1789953162e+00
8.7235193056e-01	-6.1747043811e+00
8.7248251723e-01	-6.1675485559e+00
8.7238022550e-01	-6.1585941496e+00
8.7229794773e-01	-6.1587148449e+00
8.7221270170e-01	-6.1588644035e+00
8.7212569988e-01	-6.1590366164e+00
8.7203733253e-01	-6.1592237397e+00
8.7194730646e-01	-6.1594212108e+00
8.7185343198e-01	-6.1596266092e+00
8.7175874120e-01	-6.1598380687e+00
8.7166189984e-01	-6.1600546160e+00
8.7156225526e-01	-6.1602755202e+00
8.7146048033e-01	-6.1605001260e+00
8.7135434602e-01	-6.1607281513e+00
8.7124558285e-01	-6.1609590660e+00
8.7113643552e-01	-6.1611923611e+00
8.7102690228e-01	-6.1614277681e+00
8.7091698134e-01	-6.1616650562e+00
8.7080659412e-01	-6.1619040305e+00
8.7069550534e-01	-6.1621445334e+00
8.7058388456e-01	-6.1623863911e+00
8.7047178686e-01	-6.1626294543e+00
8.7035922284e-01	-6.1628735894e+00
8.7024617821e-01	-6.1631186746e+00
8.7013267220e-01	-6.1633645924e+00
8.7001870866e-01	-6.1636112328e+00
8.6990426759e-01	-6.1638584932e+00
8.6978934144e-01	-6.1641062743e+00
8.6967394351e-01	-6.1643544793e+00
8.6955805998e-01	-6.1646030185e+00
8.6944167332e-01	-6.1648518086e+00
8.6932475767e-01	-6.1651007751e+00
8.6920728436e-01	-6.1653498544e+00
8.6908922442e-01	-6.1655989980e+00
8.6897045094e-01	-6.1658481864e+00
8.6885096964e-01	-6.1660974156e+00
8.6873104265e-01	-6.1663466950e+00
8.6861068359e-01	-6.1665961006e+00
8.6848988987e-01	-6.1668457672e+00
8.6836865824e-01	-6.1670958998e+00
8.6824698535e-01	-6.1673467850e+00
8.6812486756e-01	-6.1675988017e+00
8.6800230018e-01	-6.1678524274e+00
8.6787927802e-01	-6.1681082418e+00
8.6775579553e-01	-6.1683669207e+00
8.6763184545e-01	-6.1686292250e+00
8.6750742271e-01	-6.1688959777e+00
8.6738252248e-01	-6.1691680350e+00
8.6725713975e-01	-6.1694462421e+00
8.6713127089e-01	-6.1697329814e+00
8.6700491271e-01	-6.1700291525e+00
8.6687806267e-01	-6.1703336090e+00
8.6675071893e-01	-6.1706467229e+00
8.6662288020e-01	-6.1709686538e+00
8.6649454565e-01	-6.1712993352e+00
8.6636571473e-01	-6.1716384788e+00
8.6623638695e-01	-6.1719855953e+00
8.6610656198e-01	-6.1723400309e+00
8.6597623921e-01	-6.1727010051e+00
8.6584541802e-01	-6.1730676620e+00
8.6571409742e-01	-6.1734391149e+00
8.6558227626e-01	-6.1738144868e+00
8.6544995300e-01	-6.1741929427e+00
8.6531712590e-01	-6.1745737131e+00
8.6518379299e-01	-6.1749561091e+00
8.6504995209e-01	-6.1753395284e+00
8.6491560083e-01	-6.1757234539e+00
8.6478073666e-01	-6.1761074584e+00
8.6464535687e-01	-6.1764911862e+00
8.6450945876e-01	-6.1768743491e+00
8.6437303940e-01	-6.1772567175e+00
8.6423609584e-01	-6.1776381093e+00
8.6409862503e-01	-6.1780183818e+00
8.6396062389e-01	-6.1783974235e+00
8.6382208928e-01	-6.1787751467e+00
8.6368301803e-01	-6.1791514820e+00
8.6354340693e-01	-6.1795263731e+00
8.6340325271e-01	-6.1798997734e+00
8.6326255215e-01	-6.1802716418e+00
8.6312130189e-01	-6.1806419434e+00
8.6297949868e-01	-6.1810106441e+00
8.6283713910e-01	-6.1813777122e+00
8.6269421951e-01	-6.1817431699e+00
8.6255073359e-01	-6.1821074863e+00
8.6240664662e-01	-6.1824760333e+00
8.6226164371e-01	-6.1829066012e+00
8.6221756818e-01	-6.1839192471e+00
8.6220650348e-01	-6.1850494036e+00
8.6219941601e-01	-6.1853285700e+00
8.6219252252e-01	-6.1855085277e+00
8.6218575816e-01	-6.1856253234e+00
8.6217902158e-01	-6.1857135079e+00
8.6217232969e-01	-6.1857858647e+00
8.6216570504e-01	-6.1858480805e+00
8.6215916090e-01	-6.1859029078e+00
8.6215268801e-01	-6.1859529315e+00
8.6214639748e-01	-6.1859938896e+00
8.6214045426e-01	-6.1860190398e+00
8.6213512633e-01	-6.1860171434e+00
8.6213106924e-01	-6.1859605814e+00
8.6212946833e-01	-6.1857975351e+00
8.6213257905e-01	-6.1854299767e+00
8.6214571782e-01	-6.1846257682e+00
8.6218027371e-01	-6.1828795166e+00
8.6224056618e-01	-6.1800056769e+00
8.6234116549e-01	-6.1752649814e+00
8.6249800152e-01	-6.1673410053e+00
8.6238317020e-01	-6.1594713312e+00
8.6229886757e-01	-6.1596017613e+00
8.6221190460e-01	-6.1597621425e+00
8.6212287883e-01	-6.1599452643e+00
8.6203234883e-01	-6.1601431612e+00
8.6193981185e-01	-6.1603513108e+00
8.6184357574e-01	-6.1605672920e+00
8.6174629278e-01	-6.1607892810e+00
8.6164691758e-01	-6.1610162963e+00
8.6154408716e-01	-6.1612476800e+00
8.6143913313e-01	-6.1614827190e+00
8.6132903194e-01	-6.1617212140e+00
8.6121783869e-01	-6.1619624216e+00
8.6110625218e-01	-6.1622059622e+00
8.6099427063e-01	-6.1624515682e+00
8.6088188530e-01	-6.1626990098e+00
8.6076881621e-01	-6.1629481112e+00
8.6065510118e-01	-6.1631986916e+00
8.6054087895e-01	-6.1634505795e+00
8.6042616120e-01	-6.1637036295e+00
8.6031095753e-01	-6.1639577082e+00
8.6019527566e-01	-6.1642126918e+00
8.6007911981e-01	-6.1644684642e+00
8.5996244867e-01	-6.1647249197e+00
8.5984529456e-01	-6.1649819507e+00
8.5972765061e-01	-6.1652394580e+00
8.5960950094e-01	-6.1654973474e+00
8.5949082128e-01	-6.1657555307e+00
8.5937159990e-01	-6.1660139244e+00
8.5925178902e-01	-6.1662724565e+00
8.5913135463e-01	-6.1665310650e+00
8.5901015701e-01	-6.1667897131e+00
8.5888822136e-01	-6.1670483692e+00
8.5876584591e-01	-6.1673070045e+00
8.5864303134e-01	-6.1675656536e+00
8.5851977529e-01	-6.1678243988e+00
8.5839607491e-01	-6.1680833812e+00
8.5827192740e-01	-6.1683428142e+00
8.5814732895e-01	-6.1686029946e+00
8.5802227519e-01	-6.1688643137e+00
8.5789676082e-01	-6.1691272634e+00
8.5777077907e-01	-6.1693924389e+00
8.5764432359e-01	-6.1696605328e+00
8.5751738916e-01	-6.1699323228e+00
8.5738997001e-01	-6.1702086470e+00
8.5726206090e-01	-6.1704904803e+00
8.5713365741e-01	-6.1707817677e+00
8.5700475547e-01	-6.1710801797e+00
8.5687535177e-01	-6.1713864102e+00
8.5674544376e-01	-6.1717009980e+00
8.5661502960e-01	-6.1720242876e+00
8.5648410804e-01	-6.1723564035e+00
8.5635267829e-01	-6.1726972393e+00
8.5622073987e-01	-6.1730464649e+00
8.5608829241e-01	-6.1734035504e+00
8.5595533549e-01	-6.1737678069e+00
8.5582186867e-01	-6.1741384247e+00
8.5568789120e-01	-6.1745145276e+00
8.5555340214e-01	-6.1748952176e+00
8.5541840023e-01	-6.1752796148e+00
8.5528288397e-01	-6.1756668878e+00
8.5514685155e-01	-6.1760562776e+00
8.5501030094e-01	-6.1764471094e+00
8.5487322988e-01	-6.1768387966e+00
8.5473563583e-01	-6.1772308458e+00
8.5459751630e-01	-6.1776228437e+00
8.5445886846e-01	-6.1780144539e+00
8.5431968940e-01	-6.1784054060e+00
8.5417997611e-01	-6.1787954858e+00
8.5403972558e-01	-6.1791845250e+00
8.5389893465e-01	-6.1795723929e+00
8.5375760012e-01	-6.1799589901e+00
8.5361571874e-01	-6.1803442374e+00
8.5347328723e-01	-6.1807280731e+00
8.5333030228e-01	-6.1811104468e+00
8.5318676053e-01	-6.1814913117e+00
8.5304265861e-01	-6.1818706406e+00
8.5289799310e-01	-6.1822483986e+00
8.5275276057e-01	-6.1826245552e+00
8.5260695752e-01	-6.1829990853e+00
8.5246058017e-01	-6.1833720111e+00
8.5231362156e-01	-6.1837438597e+00
8.5216604172e-01	-6.1841205897e+00
8.5201747999e-01	-6.1845662137e+00
8.5197684024e-01	-6.1856389083e+00
8.5196559302e-01	-6.1867006114e+00
8.5195823281e-01	-6.1869761525e+00
8.5195107562e-01	-6.1871537847e+00
8.5194405313e-01	-6.1872701576e+00
8.5193705434e-01	-6.1873593079e+00
8.5193010543e-01	-6.1874329708e+00
8.5192323074e-01	-6.1874965864e+00
8.5191644643e-01	-6.1875527205e+00
8.5190974108e-01	-6.1876040020e+00
8.5190325048e-01	-6.1876454087e+00
8.5189716274e-01	-6.1876697712e+00
8.5189179473e-01	-6.1876646627e+00
8.5188792952e-01	-6.1875990955e+00
8.5188696438e-01	-6.1874160632e+00
8.5189159086e-01	-6.1870062551e+00
8.5190839308e-01	-6.1861009408e+00
8.5195089207e-01	-6.1841391390e+00
8.5202428745e-01	-6.1809104279e+00
8.5214608407e-01	-6.1755732921e+00
8.5232778396e-01	-6.1666224558e+00
8.5218864970e-01	-6.1604126076e+00
8.5210222313e-01	-6.1605537613e+00
8.5201330210e-01	-6.1607258028e+00
8.5192241448e-01	-6.1609203949e+00
8.5182966405e-01	-6.1611295238e+00
8.5173415664e-01	-6.1613487897e+00
8.5163588552e-01	-6.1615756825e+00
8.5153594606e-01	-6.1618085457e+00
8.5143363377e-01	-6.1620463893e+00
8.5132787817e-01	-6.1622885445e+00
8.5121872345e-01	-6.1625344196e+00
8.5110547587e-01	-6.1627836146e+00
8.5099182767e-01	-6.1630354044e+00
8.5087777698e-01	-6.1632894743e+00
8.5076332198e-01	-6.1635455580e+00
8.5064833209e-01	-6.1638034385e+00
8.5053254672e-01	-6.1640629404e+00
8.5041619321e-01	-6.1643238656e+00
8.5029932691e-01	-6.1645860506e+00
8.5018195691e-01	-6.1648493504e+00
8.5006409110e-01	-6.1651136323e+00
8.4994571013e-01	-6.1653787751e+00
8.4982681741e-01	-6.1563389027e+00
8.5121484521e-01	-6.1537484959e+00
8.5118789211e-01	-6.1538902457e+00
8.5116260081e-01	-6.1540431768e+00
8.5113907240e-01	-6.1542058881e+00
8.5111738010e-01	-6.1543732886e+00
8.5109763153e-01	-6.1545394735e+00
8.5107991559e-01	-6.1546998919e+00
8.5099967997e-01	-6.1548576570e+00
8.5088642769e-01	-6.1550105793e+00
8.5077288374e-01	-6.1551554486e+00
8.5065852263e-01	-6.1552904650e+00
8.5054328650e-01	-6.1554146216e+00
8.5042721504e-01	-6.1555339508e+00
8.5031027999e-01	-6.1556620082e+00
8.5019241100e-01	-6.1558137454e+00
8.5007362529e-01	-6.1559994871e+00
8.4995431777e-01	-6.1562230363e+00
8.4983451989e-01	-6.1564830919e+00
8.4971424106e-01	-6.1567754523e+00
8.4959348818e-01	-6.1570948145e+00
8.4947226712e-01	-6.1574358667e+00
8.4935058163e-01	-6.1577938248e+00
8.4922842995e-01	-6.1581646274e+00
8.4910580916e-01	-6.1585449496e+00
8.4898271923e-01	-6.1589321354e+00
8.4885915905e-01	-6.1593260797e+00
8.4873512771e-01	-6.1597257855e+00
8.4861062353e-01	-6.1601274017e+00
8.4848564455e-01	-6.1605299614e+00
8.4836018858e-01	-6.1609327305e+00
8.4823425323e-01	-6.1613351546e+00
8.4810783597e-01	-6.1617368166e+00
8.4798093415e-01	-6.1621374029e+00
8.4785354499e-01	-6.1625366781e+00
8.4772566573e-01	-6.1629344639e+00
8.4759729344e-01	-6.1633306251e+00
8.4746842514e-01	-6.1637250590e+00
8.4733905781e-01	-6.1641176998e+00
8.4720918732e-01	-6.1645086570e+00
8.4707879919e-01	-6.1648997559e+00
8.4694777112e-01	-6.1653111504e+00
8.4684865117e-01	-6.1659506185e+00
8.4683511244e-01	-6.1676102618e+00
8.4682834366e-01	-6.1679152600e+00
8.4682177323e-01	-6.1681176500e+00
8.4681534126e-01	-6.1682504062e+00
8.4680896648e-01	-6.1683481684e+00
8.4680260270e-01	-6.1684301077e+00
8.4679631283e-01	-6.1685004231e+00
8.4679010963e-01	-6.1685625990e+00
8.4678399603e-01	-6.1686187852e+00
8.4677803635e-01	-6.1686675880e+00
8.4677243133e-01	-6.1687012698e+00
8.4676745199e-01	-6.1687094615e+00
8.4676370003e-01	-6.1686687168e+00
8.4676242588e-01	-6.1685290191e+00
8.4676590198e-01	-6.1681991422e+00
8.4677897522e-01	-6.1674835452e+00
8.4681373469e-01	-6.1658883220e+00
8.4687430174e-01	-6.1632506780e+00
8.4697453044e-01	-6.1588935184e+00
8.4707152329e-01	-6.1516730265e+00
8.4689723290e-01	-6.1488839310e+00
8.4682105492e-01	-6.1490351913e+00
8.4674014138e-01	-6.1492178620e+00
8.4665738609e-01	-6.1494221504e+00
8.4657241668e-01	-6.1496403221e+00
8.4648552597e-01	-6.1498681284e+00
8.4639519266e-01	-6.1501033403e+00
8.4630251321e-01	-6.1503443796e+00
8.4620807557e-01	-6.1505901791e+00
8.4610997546e-01	-6.1508401698e+00
8.4600826875e-01	-6.1510937761e+00
8.4590244784e-01	-6.1513505916e+00
8.4579625548e-01	-6.1516099047e+00
8.4568968979e-01	-6.1518714077e+00
8.4558274719e-01	-6.1521348395e+00
8.4547511484e-01	-6.1524000040e+00
8.4536686352e-01	-6.1526666986e+00
8.4525809424e-01	-6.1529347401e+00
8.4514884646e-01	-6.1532039688e+00
8.4503910994e-01	-6.1534742440e+00
8.4492888465e-01	-6.1537454352e+00
8.4481818410e-01	-6.1540174198e+00
8.4470700567e-01	-6.1542900840e+00
8.4459533817e-01	-6.1545633205e+00
8.4448314619e-01	-6.1548370294e+00
8.4437043613e-01	-6.1551111114e+00
8.4425718615e-01	-6.1553854744e+00
8.4414333439e-01	-6.1556600352e+00
8.4402882254e-01	-6.1559347169e+00
8.4391346245e-01	-6.1562094634e+00
8.4379739400e-01	-6.1564841992e+00
8.4368091660e-01	-6.1567588495e+00
8.4356402860e-01	-6.1570333895e+00
8.4344672833e-01	-6.1573078248e+00
8.4332901395e-01	-6.1575822009e+00
8.4321088400e-01	-6.1578566151e+00
8.4309233559e-01	-6.1581312266e+00
8.4297336385e-01	-6.1584062712e+00
8.4285396270e-01	-6.1586820723e+00
8.4273412617e-01	-6.1589590516e+00
8.4261384950e-01	-6.1592377358e+00
8.4249312707e-01	-6.1595187561e+00
8.4237195344e-01	-6.1598034192e+00
8.4225032333e-01	-6.1600946891e+00
8.4212823125e-01	-6.1603907431e+00
8.4200567214e-01	-6.1606924702e+00
8.4188264144e-01	-6.1610007324e+00
8.4175913559e-01	-6.1613163131e+00
8.4163515154e-01	-6.1616398678e+00
8.4151068716e-01	-6.1619718761e+00
8.4138574101e-01	-6.1623126063e+00
8.4126031219e-01	-6.1626620932e+00
8.4113440039e-01	-6.1630201343e+00
8.4100800543e-01	-6.1633863047e+00
8.4088112719e-01	-6.1637599895e+00
8.4075376567e-01	-6.1641404282e+00
8.4062592040e-01	-6.1645267601e+00
8.4049759079e-01	-6.1649180792e+00
8.4036877594e-01	-6.1653134775e+00
8.4023947467e-01	-6.1657120831e+00
8.4010968549e-01	-6.1661130883e+00
8.3997940664e-01	-6.1665157681e+00
8.3984863604e-01	-6.1669194895e+00
8.3971737158e-01	-6.1673237122e+00
8.3958561076e-01	-6.1677279861e+00
8.3945335102e-01	-6.1681319445e+00
8.3932058963e-01	-6.1685352805e+00
8.3918732376e-01	-6.1689377807e+00
8.3905355051e-01	-6.1693392602e+00
8.3891926688e-01	-6.1697395799e+00
8.3878446984e-01	-6.1701386343e+00
8.3864915625e-01	-6.1705363436e+00
8.3851332304e-01	-6.1709326463e+00
8.3837696700e-01	-6.1713274952e+00
8.3824008496e-01	-6.1717208518e+00
8.3810267368e-01	-6.1721126842e+00
8.3796472985e-01	-6.1725029641e+00
8.3782624980e-01	-6.1728916649e+00
8.3768722984e-01	-6.1732787619e+00
8.3754766637e-01	-6.1736642367e+00
8.3740755524e-01	-6.1740481413e+00
8.3726688721e-01	-6.1744312854e+00
8.3712560118e-01	-6.1748226434e+00
8.3698315997e-01	-6.1753180735e+00
8.3696382313e-01	-6.1766200299e+00
8.3695419094e-01	-6.1773612040e+00
8.3694692302e-01	-6.1776281126e+00
8.3693985323e-01	-6.1778012322e+00
8.3693291575e-01	-6.1779168462e+00
8.3692598901e-01	-6.1780076369e+00
8.3691911670e-01	-6.1780836207e+00
8.3691232974e-01	-6.1781502320e+00
8.3690564839e-01	-6.1782094142e+00
8.3689905711e-01	-6.1782636366e+00
8.3689273061e-01	-6.1783068949e+00
8.3688689527e-01	-6.1783313606e+00
8.3688194905e-01	-6.1783228423e+00
8.3687886545e-01	-6.1782461500e+00
8.3687938806e-01	-6.1780376568e+00
8.3688689487e-01	-6.1775764154e+00
8.3691034903e-01	-6.1765465125e+00
8.3696697019e-01	-6.1743181196e+00
8.3706288322e-01	-6.1706506220e+00
8.3722064454e-01	-6.1645755360e+00
8.3744498461e-01	-6.1543401224e+00
8.3727628842e-01	-6.1497794612e+00
8.3719120292e-01	-6.1499393203e+00
8.3710107996e-01	-6.1501318021e+00
8.3700897724e-01	-6.1503467164e+00
8.3691470885e-01	-6.1505758579e+00
8.3681783547e-01	-6.1508148553e+00
8.3671769302e-01	-6.1510613278e+00
8.3661537605e-01	-6.1513136560e+00
8.3651021834e-01	-6.1515708695e+00
8.3640222189e-01	-6.1518322116e+00
8.3628871706e-01	-6.1520973585e+00
8.3617283730e-01	-6.1523655503e+00
8.3605655184e-01	-6.1526362237e+00
8.3593985859e-01	-6.1529090669e+00
8.3582267540e-01	-6.1531838237e+00
8.3570465821e-01	-6.1534603001e+00
8.3558604304e-01	-6.1537382754e+00
8.3546688535e-01	-6.1540175691e+00
8.3534719675e-01	-6.1542980228e+00
8.3522698277e-01	-6.1545794935e+00
8.3510624680e-01	-6.1548618496e+00
8.3498497987e-01	-6.1551449701e+00
8.3486315390e-01	-6.1554287432e+00
8.3474078373e-01	-6.1557130590e+00
8.3461785077e-01	-6.1559978158e+00
8.3449432700e-01	-6.1562829176e+00
8.3437017646e-01	-6.1565682735e+00
8.3424529647e-01	-6.1568538046e+00
8.3411950999e-01	-6.1571394456e+00
8.3399287299e-01	-6.1574251165e+00
8.3386579178e-01	-6.1577107136e+00
8.3373826461e-01	-6.1579961888e+00
8.3361028999e-01	-6.1582815168e+00
8.3348186620e-01	-6.1585667033e+00
8.3335299209e-01	-6.1588517936e+00
8.3322366501e-01	-6.1591368851e+00
8.3309387973e-01	-6.1594221378e+00
8.3296362948e-01	-6.1597077886e+00
8.3283290926e-01	-6.1599941628e+00
8.3270171426e-01	-6.1602816869e+00
8.3257003869e-01	-6.1605708892e+00
8.3243787735e-01	-6.1608643019e+00
8.3230522443e-01	-6.1611622415e+00
8.3217207410e-01	-6.1614640860e+00
8.3203842040e-01	-6.1617707166e+00
8.3190425813e-01	-6.1620830317e+00
8.3176958239e-01	-6.1624019012e+00
8.3163438911e-01	-6.1627281152e+00
8.3149867503e-01	-6.1630623314e+00
8.3136243777e-01	-6.1634050277e+00
8.3122567567e-01	-6.1637564654e+00
8.3108838772e-01	-6.1641166675e+00
8.3095057335e-01	-6.1644854164e+00
8.3081223224e-01	-6.1648622694e+00
8.3067336416e-01	-6.1652465924e+00
8.3053396872e-01	-6.1656376084e+00
8.3039404559e-01	-6.1660344410e+00
8.3025359385e-01	-6.1664361718e+00
8.3011261252e-01	-6.1668418853e+00
8.2997110031e-01	-6.1672507058e+00
8.2982905544e-01	-6.1676618258e+00
8.2968647593e-01	-6.1680745239e+00
8.2954335950e-01	-6.1684881728e+00
8.2939970373e-01	-6.1689022405e+00
8.2925550592e-01	-6.1693162861e+00
8.2911076321e-01	-6.1697299518e+00
8.2896547264e-01	-6.1701429527e+00
8.2881963109e-01	-6.1705550660e+00
8.2867323533e-01	-6.1709661204e+00
8.2852628220e-01	-6.1713759852e+00
8.2837876831e-01	-6.1717845626e+00
8.2823069030e-01	-6.1721917791e+00
8.2808204473e-01	-6.1725975792e+00
8.2793282815e-01	-6.1730019202e+00
8.2778303689e-01	-6.1734047679e+00
8.2763266681e-01	-6.1738060936e+00
8.2748171409e-01	-6.1742058720e+00
8.2733017489e-01	-6.1746040793e+00
8.2717804533e-01	-6.1750006920e+00
8.2702532088e-01	-6.1753956933e+00
8.2687199736e-01	-6.1757891283e+00
8.2671806696e-01	-6.1761817211e+00
8.2656347319e-01	-6.1765815113e+00
8.2640770964e-01	-6.1770745113e+00
8.2637454453e-01	-6.1779933725e+00
8.2636225993e-01	-6.1788979948e+00
8.2635411246e-01	-6.1792465060e+00
8.2634621512e-01	-6.1794873913e+00
8.2633850510e-01	-6.1796436096e+00
8.2633091472e-01	-6.1797519199e+00
8.2632330422e-01	-6.1798417449e+00
8.2631578077e-01	-6.1799174354e+00
8.2630835422e-01	-6.1799839953e+00
8.2630104578e-01	-6.1800433483e+00
8.2629386316e-01	-6.1800971407e+00
8.2628705112e-01	-6.1801370901e+00
8.2628089292e-01	-6.1801540748e+00
8.2627598108e-01	-6.1801284500e+00
8.2627365634e-01	-6.1800146426e+00
8.2627633189e-01	-6.1797298405e+00
8.2628884986e-01	-6.1791082684e+00
8.2632443243e-01	-6.1777066652e+00
8.2639235882e-01	-6.1752051813e+00
8.2650589358e-01	-6.1710943075e+00
8.2669203451e-01	-6.1642663526e+00
8.2688135787e-01	-6.1527140205e+00
8.2671530779e-01	-6.1508315646e+00
8.2662355266e-01	-6.1510047249e+00
8.2652670466e-01	-6.1512108984e+00
8.2642781575e-01	-6.1514388838e+00
8.2632709672e-01	-6.1516806116e+00
8.2622243695e-01	-6.1519320663e+00
8.2611502484e-01	-6.1521907815e+00
8.2600599752e-01	-6.1524551770e+00
8.2589234214e-01	-6.1527245482e+00
8.2577598984e-01	-6.1529979597e+00
8.2565395429e-01	-6.1532751430e+00
8.2553094558e-01	-6.1535551696e+00
8.2540750858e-01	-6.1538376144e+00
8.2528364111e-01	-6.1541221692e+00
8.2515899392e-01	-6.1544086080e+00
8.2503358750e-01	-6.1546967037e+00
8.2490757371e-01	-6.1549862446e+00
8.2478099645e-01	-6.1552770524e+00
8.2465386138e-01	-6.1555689703e+00
8.2452615496e-01	-6.1558618582e+00
8.2439787243e-01	-6.1561555861e+00
8.2426902139e-01	-6.1564500320e+00
8.2413958928e-01	-6.1567450830e+00
8.2400955552e-01	-6.1570406334e+00
8.2387889034e-01	-6.1573365832e+00
8.2374755856e-01	-6.1576328376e+00
8.2361544836e-01	-6.1579293145e+00
8.2348236849e-01	-6.1582259453e+00
8.2334834788e-01	-6.1585226446e+00
8.2321386084e-01	-6.1588192887e+00
8.2307890622e-01	-6.1591158140e+00
8.2294348257e-01	-6.1594121749e+00
8.2280758890e-01	-6.1597083494e+00
8.2267122366e-01	-6.1600043477e+00
8.2253438495e-01	-6.1603002216e+00
8.2239706632e-01	-6.1605960771e+00
8.2225926080e-01	-6.1608920841e+00
8.2212096411e-01	-6.1611884927e+00
8.2198217164e-01	-6.1614856442e+00
8.2184287803e-01	-6.1617841532e+00
8.2170307804e-01	-6.1620876427e+00
8.2156276574e-01	-6.1623935402e+00
8.2142193500e-01	-6.1627026067e+00
8.2128057962e-01	-6.1630156855e+00
8.2113869371e-01	-6.1633336711e+00
8.2099627157e-01	-6.1636574705e+00
8.2085330810e-01	-6.1639879544e+00
8.2070979935e-01	-6.1643259037e+00
8.2056574176e-01	-6.1646719575e+00
8.2042113311e-01	-6.1650265642e+00
8.2027597152e-01	-6.1653899479e+00
8.2013025616e-01	-6.1657620875e+00
8.1998398636e-01	-6.1661427193e+00
8.1983716179e-01	-6.1665313558e+00
8.1968978217e-01	-6.1669273232e+00
8.1954184714e-01	-6.1673298115e+00
8.1939335616e-01	-6.1677379218e+00
8.1924430835e-01	-6.1681507227e+00
8.1909470249e-01	-6.1685672951e+00
8.1894453723e-01	-6.1689867680e+00
8.1879381066e-01	-6.1694083450e+00
8.1864252065e-01	-6.1698313204e+00
8.1849066480e-01	-6.1702550858e+00
8.1833824046e-01	-6.1706791293e+00
8.1818524478e-01	-6.1711030302e+00
8.1803167476e-01	-6.1715264502e+00
8.1787752723e-01	-6.1719491224e+00
8.1772279884e-01	-6.1723708402e+00
8.1756748639e-01	-6.1727914460e+00
8.1741158634e-01	-6.1732108218e+00
8.1725509519e-01	-6.1736288801e+00
8.1709800937e-01	-6.1740455557e+00
8.1694032498e-01	-6.1744608001e+00
8.1678203768e-01	-6.1748745495e+00
8.1662314357e-01	-6.1752868155e+00
8.1646363858e-01	-6.1756975629e+00
8.1630351835e-01	-6.1761067670e+00
8.1614277846e-01	-6.1765144053e+00
8.1598141595e-01	-6.1769204561e+00
8.1581942724e-01	-6.1773249047e+00
8.1565680750e-01	-6.1777278142e+00
8.1549354555e-01	-6.1781300886e+00
8.1532956993e-01	-6.1785416955e+00
8.1516425662e-01	-6.1790689222e+00
8.1514791993e-01	-6.1794505038e+00
8.1513896278e-01	-6.1797485597e+00
8.1512996202e-01	-6.1801253415e+00
8.1512103351e-01	-6.1805468330e+00
8.1511220997e-01	-6.1809536983e+00
8.1510357145e-01	-6.1812760420e+00
8.1509518257e-01	-6.1814913214e+00
8.1508697081e-01	-6.1816326226e+00
8.1507883860e-01	-6.1817363341e+00
8.1507071558e-01	-6.1818236114e+00
8.1506268821e-01	-6.1818985849e+00
8.1505477438e-01	-6.1819649366e+00
8.1504697772e-01	-6.1820250153e+00
8.1503939660e-01	-6.1820768492e+00
8.1503230175e-01	-6.1821119482e+00
8.1502607707e-01	-6.1821183638e+00
8.1502161307e-01	-6.1820680153e+00
8.1502070520e-01	-6.1819025696e+00
8.1502671399e-01	-6.1815128719e+00
8.1504746379e-01	-6.1806468230e+00
8.1510126208e-01	-6.1787342476e+00
8.1519351351e-01	-6.1755931472e+00
8.1534590896e-01	-6.1704196630e+00
8.1559322283e-01	-6.1617560793e+00
8.1555488820e-01	-6.1519515857e+00
8.1546246507e-01	-6.1521264513e+00
8.1536463252e-01	-6.1523365040e+00
8.1526437235e-01	-6.1525714871e+00
8.1516194191e-01	-6.1528218598e+00
8.1505588886e-01	-6.1530827506e+00
8.1494668342e-01	-6.1533514112e+00
8.1483571651e-01	-6.1536260588e+00
8.1471999219e-01	-6.1539059104e+00
8.1460126580e-01	-6.1541899811e+00
8.1447678752e-01	-6.1544779553e+00
8.1435147353e-01	-6.1547688292e+00
8.1422572293e-01	-6.1550621700e+00
8.1409952031e-01	-6.1553576561e+00
8.1397240899e-01	-6.1556550635e+00
8.1384454157e-01	-6.1559541422e+00
8.1371606546e-01	-6.1562546730e+00
8.1358699849e-01	-6.1565564748e+00
8.1345734535e-01	-6.1568593864e+00
8.1332710872e-01	-6.1571632627e+00
8.1319628693e-01	-6.1574679708e+00
8.1306485390e-01	-6.1577733899e+00
8.1293279398e-01	-6.1580794063e+00
8.1280010049e-01	-6.1583859113e+00
8.1266671016e-01	-6.1586928076e+00
8.1253257565e-01	-6.1590000012e+00
8.1239750652e-01	-6.1593074181e+00
8.1226130046e-01	-6.1596149904e+00
8.1212450041e-01	-6.1599225737e+00
8.1198722581e-01	-6.1602300773e+00
8.1184947587e-01	-6.1605374341e+00
8.1171124940e-01	-6.1608445945e+00
8.1157254604e-01	-6.1611515310e+00
8.1143336364e-01	-6.1614582468e+00
8.1129369674e-01	-6.1617647853e+00
8.1115353778e-01	-6.1620712408e+00
8.1101288281e-01	-6.1623777705e+00
8.1087172754e-01	-6.1626846092e+00
8.1073006702e-01	-6.1629926244e+00
8.1058789640e-01	-6.1633046586e+00
8.1044520989e-01	-6.1636182871e+00
8.1030200167e-01	-6.1639341547e+00
8.1015826543e-01	-6.1642530103e+00
8.1001399452e-01	-6.1645756909e+00
8.0986918291e-01	-6.1649030923e+00
8.0972382443e-01	-6.1652361325e+00
8.0957791401e-01	-6.1655757005e+00
8.0943144698e-01	-6.1659226074e+00
8.0928441970e-01	-6.1662775285e+00
8.0913682944e-01	-6.1666409536e+00
8.0898867432e-01	-6.1670131488e+00
8.0883995317e-01	-6.1673941338e+00
8.0869066532e-01	-6.1677836793e+00
8.0854081032e-01	-6.1681813251e+00
8.0839038816e-01	-6.1685864133e+00
8.0823939841e-01	-6.1689981411e+00
8.0808784058e-01	-6.1694156104e+00
8.0793571390e-01	-6.1698378800e+00
8.0778301728e-01	-6.1702640178e+00
8.0762974927e-01	-6.1706931371e+00
8.0747590806e-01	-6.1711244245e+00
8.0732149153e-01	-6.1715571580e+00
8.0716649726e-01	-6.1719907146e+00
8.0701092258e-01	-6.1724245702e+00
8.0685476459e-01	-6.1728582945e+00
8.0669802015e-01	-6.1732915420e+00
8.0654068617e-01	-6.1737240405e+00
8.0638275924e-01	-6.1741555807e+00
8.0622423588e-01	-6.1745860038e+00
8.0606511253e-01	-6.1750151919e+00
8.0590538519e-01	-6.1754430580e+00
8.0574504949e-01	-6.1758695386e+00
8.0558410138e-01	-6.1762945870e+00
8.0542253680e-01	-6.1767181684e+00
8.0526035110e-01	-6.1771402554e+00
8.0509754017e-01	-6.1775608249e+00
8.0493410100e-01	-6.1779798561e+00
8.0477002983e-01	-6.1783973293e+00
8.0460532223e-01	-6.1788132250e+00
8.0443997335e-01	-6.1792275270e+00
8.0427397950e-01	-6.1796402618e+00
8.0410733672e-01	-6.1800519285e+00
8.0394000557e-01	-6.1804681235e+00
8.0377159654e-01	-6.1809489949e+00
8.0371249297e-01	-6.1814937736e+00
8.0370319609e-01	-6.1817978545e+00
8.0369385432e-01	-6.1821828625e+00
8.0368459142e-01	-6.1826098149e+00
8.0367544106e-01	-6.1830178873e+00
8.0366647888e-01	-6.1833409091e+00
8.0365777862e-01	-6.1835567813e+00
8.0364926399e-01	-6.1836993220e+00
8.0364083005e-01	-6.1838049691e+00
8.0363240395e-01	-6.1838944411e+00
8.0362408110e-01	-6.1839716055e+00
8.0361588181e-01	-6.1840400521e+00
8.0360780705e-01	-6.1841022538e+00
8.0359997494e-01	-6.1841557670e+00
8.0359268180e-01	-6.1841918469e+00
8.0358635785e-01	-6.1841978564e+00
8.0358202117e-01	-6.1841435644e+00
8.0358169090e-01	-6.1839670971e+00
8.0358919643e-01	-6.1835513186e+00
8.0361364048e-01	-6.1826167228e+00
8.0367525687e-01	-6.1805451370e+00
8.0378022039e-01	-6.1771565027e+00
8.0395316139e-01	-6.1715709528e+00
8.0422998981e-01	-6.1622007284e+00
8.0417969124e-01	-6.1532001495e+00
8.0408544505e-01	-6.1533863999e+00
8.0398529708e-01	-6.1536088468e+00
8.0388280915e-01	-6.1538561874e+00
8.0377833426e-01	-6.1541187568e+00
8.0366927905e-01	-6.1543918605e+00
8.0355739612e-01	-6.1546726353e+00
8.0344355082e-01	-6.1549593652e+00
8.0332474231e-01	-6.1552512932e+00
8.0320152113e-01	-6.1555475632e+00
8.0307405351e-01	-6.1558475501e+00
8.0294614334e-01	-6.1561503465e+00
8.0281778670e-01	-6.1564555634e+00
8.0268880481e-01	-6.1567628981e+00
8.0255882203e-01	-6.1570721204e+00
8.0242816777e-01	-6.1573829600e+00
8.0229687427e-01	-6.1576952100e+00
8.0216497430e-01	-6.1580086878e+00
8.0203244513e-01	-6.1583232358e+00
8.0189930238e-01	-6.1586387071e+00
8.0176553768e-01	-6.1589549702e+00
8.0163113548e-01	-6.1592719037e+00
8.0149607161e-01	-6.1595893948e+00
8.0136031012e-01	-6.1599073387e+00
8.0122374954e-01	-6.1602256434e+00
8.0108626716e-01	-6.1605442241e+00
8.0094752647e-01	-6.1608630246e+00
8.0080809789e-01	-6.1611818887e+00
8.0066818688e-01	-6.1615007065e+00
8.0052779285e-01	-6.1618193997e+00
8.0038691515e-01	-6.1621379030e+00
8.0024555361e-01	-6.1624561676e+00
8.0010370651e-01	-6.1627741690e+00
7.9996136723e-01	-6.1630919135e+00
7.9981852833e-01	-6.1582625307e+00
8.0290205783e-01	-6.1600419925e+00
8.0286867168e-01	-6.1603105607e+00
8.0283768454e-01	-6.1606011490e+00
8.0280903639e-01	-6.1608965165e+00
8.0278275883e-01	-6.1611794073e+00
8.0275895936e-01	-6.1614402232e+00
8.0273727792e-01	-6.1616756309e+00
8.0261674739e-01	-6.1618975294e+00
8.0248731638e-01	-6.1621003656e+00
8.0235654581e-01	-6.1622842725e+00
8.0222476040e-01	-6.1624479233e+00
8.0209214442e-01	-6.1625992586e+00
8.0195881441e-01	-6.1627589002e+00
8.0182484323e-01	-6.1629483364e+00
8.0169027637e-01	-6.1631799797e+00
8.0155514211e-01	-6.1634561251e+00
8.0141945830e-01	-6.1637726274e+00
8.0128323636e-01	-6.1641226676e+00
8.0114648364e-01	-6.1644990899e+00
8.0100920483e-01	-6.1648954922e+00
8.0087140274e-01	-6.1653065788e+00
8.0073307876e-01	-6.1657281589e+00
8.0059423320e-01	-6.1661570055e+00
8.0045486552e-01	-6.1665906774e+00
8.0031497451e-01	-6.1670273527e+00
8.0017455839e-01	-6.1674656840e+00
8.0003361508e-01	-6.1679046801e+00
7.9989214209e-01	-6.1683436300e+00
7.9975013669e-01	-6.1687820121e+00
7.9960759598e-01	-6.1692194516e+00
7.9946451697e-01	-6.1696556787e+00
7.9932089651e-01	-6.1700904995e+00
7.9917673136e-01	-6.1705237736e+00
7.9903201821e-01	-6.1709553997e+00
7.9888675362e-01	-6.1713853155e+00
7.9874093308e-01	-6.1718136177e+00
7.9859454145e-01	-6.1722419332e+00
7.9844745284e-01	-6.1726881804e+00
7.9832358351e-01	-6.1733382195e+00
7.9831512071e-01	-6.1735868838e+00
7.9830656097e-01	-6.1739129620e+00
7.9829799775e-01	-6.1743118897e+00
7.9828955161e-01	-6.1747340152e+00
7.9828120021e-01	-6.1751224779e+00
7.9827305822e-01	-6.1754146678e+00
7.9826514887e-01	-6.1756086771e+00
7.9825740093e-01	-6.1757406455e+00
7.9824969174e-01	-6.1758439764e+00
7.9824201089e-01	-6.1759328222e+00
7.9823444046e-01	-6.1760105277e+00
7.9822700956e-01	-6.1760797209e+00
7.9821970852e-01	-6.1761429989e+00
7.9821273565e-01	-6.1761951646e+00
7.9820642306e-01	-6.1762267134e+00
7.9820131047e-01	-6.1762219607e+00
7.9819874358e-01	-6.1761414516e+00
7.9820119860e-01	-6.1759106517e+00
7.9821352467e-01	-6.1753839088e+00
7.9824808640e-01	-6.1741873096e+00
7.9832989723e-01	-6.1715474684e+00
7.9846693980e-01	-6.1671843545e+00
7.9868859979e-01	-6.1599139340e+00
7.9866055056e-01	-6.1503833800e+00
7.9857861165e-01	-6.1505775549e+00
7.9849192652e-01	-6.1508087003e+00
7.9840140823e-01	-6.1510653413e+00
7.9830879223e-01	-6.1513373415e+00
7.9821266841e-01	-6.1516197836e+00
7.9811241066e-01	-6.1519100442e+00
7.9801030823e-01	-6.1522062295e+00
7.9790349286e-01	-6.1525075678e+00
7.9779133279e-01	-6.1528133320e+00
7.9767560152e-01	-6.1531227085e+00
7.9755947242e-01	-6.1534348499e+00
7.9744294179e-01	-6.1537493653e+00
7.9732554894e-01	-6.1540659833e+00
7.9720730043e-01	-6.1543844300e+00
7.9708842923e-01	-6.1547044442e+00
7.9696897353e-01	-6.1550258182e+00
7.9684893741e-01	-6.1553483721e+00
7.9672832305e-01	-6.1556719452e+00
7.9660712373e-01	-6.1559963935e+00
7.9648532138e-01	-6.1563215865e+00
7.9636289219e-01	-6.1566474038e+00
7.9623979784e-01	-6.1569737349e+00
7.9611599818e-01	-6.1573004757e+00
7.9599129793e-01	-6.1576275458e+00
7.9586539240e-01	-6.1579548826e+00
7.9573865454e-01	-6.1582823464e+00
7.9561148544e-01	-6.1586097979e+00
7.9548388504e-01	-6.1589371503e+00
7.9535585282e-01	-6.1592643261e+00
7.9522738827e-01	-6.1595912606e+00
7.9509848939e-01	-6.1599179064e+00
7.9496914993e-01	-6.1602442403e+00
7.9483936461e-01	-6.1605702698e+00
7.9470913068e-01	-6.1608960453e+00
7.9457844438e-01	-6.1612216665e+00
7.9444730249e-01	-6.1615500035e+00
7.9431570069e-01	-6.1618796066e+00
7.9418363461e-01	-6.1622097946e+00
7.9405109904e-01	-6.1625410081e+00
7.9391808836e-01	-6.1628737991e+00
7.9378459687e-01	-6.1632088310e+00
7.9365061817e-01	-6.1635468739e+00
7.9351614620e-01	-6.1638887845e+00
7.9338117461e-01	-6.1642354788e+00
7.9324569789e-01	-6.1645878899e+00
7.9310971079e-01	-6.1649469172e+00
7.9297320899e-01	-6.1653133720e+00
7.9283618910e-01	-6.1656879195e+00
7.9269864865e-01	-6.1660710276e+00
7.9256058609e-01	-6.1664629289e+00
7.9242200054e-01	-6.1668636006e+00
7.9228289164e-01	-6.1672727652e+00
7.9214325937e-01	-6.1676899122e+00
7.9200310377e-01	-6.1681143371e+00
7.9186242471e-01	-6.1685451972e+00
7.9172122215e-01	-6.1689815622e+00
7.9157949544e-01	-6.1694224717e+00
7.9143724373e-01	-6.1698669847e+00
7.9129446576e-01	-6.1703142153e+00
7.9115115993e-01	-6.1707633607e+00
7.9100732429e-01	-6.1712137149e+00
7.9086295663e-01	-6.1716646760e+00
7.9071805447e-01	-6.1721157435e+00
7.9057261510e-01	-6.1725665115e+00
7.9042663555e-01	-6.1730166591e+00
7.9028011238e-01	-6.1734659371e+00
7.9013304144e-01	-6.1739141569e+00
7.8998541898e-01	-6.1743611790e+00
7.8983724108e-01	-6.1748069018e+00
7.8968850364e-01	-6.1752512523e+00
7.8953920381e-01	-6.1756941788e+00
7.8938933857e-01	-6.1761356443e+00
7.8923890399e-01	-6.1765756218e+00
7.8908789558e-01	-6.1770140903e+00
7.8893630928e-01	-6.1774510322e+00
7.8878414479e-01	-6.1778864304e+00
7.8863140267e-01	-6.1783202682e+00
7.8847808319e-01	-6.1787525278e+00
7.8832418150e-01	-6.1791831955e+00
7.8816968611e-01	-6.1796123055e+00
7.8801458910e-01	-6.1800417691e+00
7.8785884560e-01	-6.1804795668e+00
7.8770203714e-01	-6.1809869930e+00
7.8764746309e-01	-6.1815574726e+00
7.8763834133e-01	-6.1818759941e+00
7.8762919170e-01	-6.1822727261e+00
7.8762014221e-01	-6.1827039169e+00
7.8761120484e-01	-6.1831083493e+00
7.8760246292e-01	-6.1831832030e+00
7.8759398253e-01	-6.1831426618e+00
7.8758568639e-01	-6.1831148562e+00
7.8757745420e-01	-6.1830931947e+00
7.8756923647e-01	-6.1830743795e+00
7.8756113552e-01	-6.1830578037e+00
7.8755317921e-01	-6.1830428953e+00
7.8754535998e-01	-6.1830291588e+00
7.8753785893e-01	-6.1830174119e+00
7.8753102694e-01	-6.1830094981e+00
7.8752540936e-01	-6.1830083140e+00
7.8752236017e-01	-6.1830211060e+00
7.8752443095e-01	-6.1830618815e+00
7.8753660673e-01	-6.1831578234e+00
7.8757151528e-01	-6.1823354446e+00
7.8765517084e-01	-6.1797829243e+00
7.8779522601e-01	-6.1756297924e+00
7.8802481253e-01	-6.1687613639e+00
7.8836650077e-01	-6.1571634476e+00
7.8822971289e-01	-6.1516365631e+00
7.8813354640e-01	-6.1518475486e+00
7.8803172392e-01	-6.1520958112e+00
7.8792647413e-01	-6.1523681768e+00
7.8781891228e-01	-6.1526551224e+00
7.8770720049e-01	-6.1529521757e+00
7.8759182845e-01	-6.1532567575e+00
7.8747316953e-01	-6.1535672730e+00
7.8735033859e-01	-6.1538827707e+00
7.8722081080e-01	-6.1542027810e+00
7.8708989038e-01	-6.1545260684e+00
7.8695851522e-01	-6.1548520474e+00
7.8682653856e-01	-6.1551803518e+00
7.8669340765e-01	-6.1555107299e+00
7.8655953678e-01	-6.1558428626e+00
7.8642497765e-01	-6.1561765128e+00
7.8628976655e-01	-6.1565114753e+00
7.8615390273e-01	-6.1568475728e+00
7.8601738079e-01	-6.1571846476e+00
7.8588017709e-01	-6.1575225592e+00
7.8574226872e-01	-6.1578611789e+00
7.8560361233e-01	-6.1582003902e+00
7.8546416426e-01	-6.1585400846e+00
7.8532377898e-01	-6.1588801718e+00
7.8518205936e-01	-6.1592205985e+00
7.8503931530e-01	-6.1595612273e+00
7.8489608046e-01	-6.1599018951e+00
7.8475235469e-01	-6.1602425094e+00
7.8460813762e-01	-6.1605829845e+00
7.8446342862e-01	-6.1609232455e+00
7.8431822491e-01	-6.1612632308e+00
7.8417251951e-01	-6.1616028969e+00
7.8402630698e-01	-6.1619422256e+00
7.8387958462e-01	-6.1622812324e+00
7.8373234836e-01	-6.1626200942e+00
7.8358459500e-01	-6.1629625178e+00
7.8343632026e-01	-6.1633049515e+00
7.8328751958e-01	-6.1636476530e+00
7.8313818781e-01	-6.1639909750e+00
7.8298831920e-01	-6.1643353763e+00
7.8283790780e-01	-6.1646814285e+00
7.8268694730e-01	-6.1650298160e+00
7.8253543085e-01	-6.1653813294e+00
7.8238335151e-01	-6.1657368447e+00
7.8223070293e-01	-6.1660972920e+00
7.8207747849e-01	-6.1664636141e+00
7.8192367317e-01	-6.1668367095e+00
7.8176928197e-01	-6.1672173817e+00
7.8161430114e-01	-6.1676062766e+00
7.8145872790e-01	-6.1680038334e+00
7.8130256033e-01	-6.1684102481e+00
7.8114579724e-01	-6.1688254558e+00
7.8098843784e-01	-6.1692491359e+00
7.8083048199e-01	-6.1696807353e+00
7.8067192926e-01	-6.1701195137e+00
7.8051277925e-01	-6.1705645995e+00
7.8035303119e-01	-6.1710150442e+00
7.8019268436e-01	-6.1714698757e+00
7.8003173733e-01	-6.1719281516e+00
7.7987018839e-01	-6.1723889916e+00
7.7970803547e-01	-6.1728516033e+00
7.7954527615e-01	-6.1733152956e+00
7.7938190772e-01	-6.1737794829e+00
7.7921792721e-01	-6.1742436821e+00
7.7905333049e-01	-6.1747075048e+00
7.7888811314e-01	-6.1751706455e+00
7.7872227128e-01	-6.1756328702e+00
7.7855580041e-01	-6.1760940009e+00
7.7838869639e-01	-6.1765539121e+00
7.7822095615e-01	-6.1770125106e+00
7.7805257598e-01	-6.1774697304e+00
7.7788355109e-01	-6.1779255261e+00
7.7771387662e-01	-6.1783798646e+00
7.7754354906e-01	-6.1788327233e+00
7.7737256835e-01	-6.1792840820e+00
7.7720093485e-01	-6.1797339273e+00
7.7702864745e-01	-6.1801822430e+00
7.7685569895e-01	-6.1806290142e+00
7.7668207889e-01	-6.1810742242e+00
7.7650778242e-01	-6.1812408757e+00
7.7633280686e-01	-6.1811225565e+00
7.7615714232e-01	-6.1810040838e+00
7.7598072419e-01	-6.1808839064e+00
7.7580298002e-01	-6.1807454172e+00
7.7576443019e-01	-6.1806444568e+00
7.7575426086e-01	-6.1805815306e+00
7.7574407180e-01	-6.1805041981e+00
7.7573399876e-01	-6.1804213781e+00
7.7572403732e-01	-6.1803444095e+00
7.7571429423e-01	-6.1802851908e+00
7.7570482001e-01	-6.1802451021e+00
7.7569553362e-01	-6.1802172241e+00
7.7568629551e-01	-6.1801949973e+00
7.7567708764e-01	-6.1801755868e+00
7.7566800707e-01	-6.1801583751e+00
7.7565908729e-01	-6.1801428508e+00
7.7565031227e-01	-6.1801284652e+00
7.7564192563e-01	-6.1801163677e+00
7.7563431324e-01	-6.1801084967e+00
7.7562813125e-01	-6.1801081948e+00
7.7562500559e-01	-6.1801238450e+00
7.7562795831e-01	-6.1801713469e+00
7.7564297736e-01	-6.1802819998e+00
7.7568614620e-01	-6.1805397063e+00
7.7577521406e-01	-6.1810339468e+00
7.7592427071e-01	-6.1775910090e+00
7.7616847325e-01	-6.1706243939e+00
7.7653425692e-01	-6.1588663451e+00
7.7640609274e-01	-6.1531054801e+00
7.7630587888e-01	-6.1533281293e+00
7.7619956736e-01	-6.1535890584e+00
7.7608983412e-01	-6.1538744144e+00
7.7597761991e-01	-6.1541744542e+00
7.7586055894e-01	-6.1544847277e+00
7.7574062611e-01	-6.1548024453e+00
7.7561610503e-01	-6.1551262677e+00
7.7548715629e-01	-6.1554551098e+00
7.7535184743e-01	-6.1557884392e+00
7.7521593495e-01	-6.1561249216e+00
7.7507954890e-01	-6.1564640654e+00
7.7494224537e-01	-6.1568055414e+00
7.7480385061e-01	-6.1571490519e+00
7.7466470153e-01	-6.1574942835e+00
7.7452485126e-01	-6.1578409976e+00
7.7438430170e-01	-6.1581889929e+00
7.7424305405e-01	-6.1585380915e+00
7.7410109663e-01	-6.1588881360e+00
7.7395841023e-01	-6.1592389856e+00
7.7381496332e-01	-6.1595905132e+00
7.7367068224e-01	-6.1599426067e+00
7.7352544680e-01	-6.1602951677e+00
7.7337892650e-01	-6.1606481321e+00
7.7323103219e-01	-6.1610014082e+00
7.7308259819e-01	-6.1613547862e+00
7.7293365528e-01	-6.1617081637e+00
7.7278420337e-01	-6.1620614488e+00
7.7263424245e-01	-6.1624145565e+00
7.7248377006e-01	-6.1627674133e+00
7.7233277826e-01	-6.1631199592e+00
7.7218126167e-01	-6.1634721523e+00
7.7202921740e-01	-6.1638239780e+00
7.7187664151e-01	-6.1641761930e+00
7.7172353102e-01	-6.1645313399e+00
7.7156988167e-01	-6.1648862923e+00
7.7141568918e-01	-6.1652412290e+00
7.7126094870e-01	-6.1655964119e+00
7.7110565492e-01	-6.1659521980e+00
7.7094980216e-01	-6.1663090514e+00
7.7079338383e-01	-6.1666675516e+00
7.7063639335e-01	-6.1670283913e+00
7.7047882391e-01	-6.1673923697e+00
7.7032066828e-01	-6.1677603732e+00
7.7016191955e-01	-6.1681333418e+00
7.7000257104e-01	-6.1685122273e+00
7.6984261731e-01	-6.1688979350e+00
7.6968205296e-01	-6.1692912719e+00
7.6952087458e-01	-6.1696928812e+00
7.6935907892e-01	-6.1701031964e+00
7.6919666397e-01	-6.1705224017e+00
7.6903362842e-01	-6.1709504167e+00
7.6886997152e-01	-6.1713869012e+00
7.6870569280e-01	-6.1718312831e+00
7.6854079176e-01	-6.1722828028e+00
7.6837526818e-01	-6.1727405706e+00
7.6820912120e-01	-6.1732036244e+00
7.6804234978e-01	-6.1736709819e+00
7.6787495247e-01	-6.1741416982e+00
7.6770692744e-01	-6.1746148917e+00
7.6753827237e-01	-6.1750897732e+00
7.6736898491e-01	-6.1755656563e+00
7.6719906145e-01	-6.1760419493e+00
7.6702849740e-01	-6.1765181996e+00
7.6685728878e-01	-6.1769940233e+00
7.6668543114e-01	-6.1774691232e+00
7.6651292074e-01	-6.1779432735e+00
7.6633975429e-01	-6.1784163065e+00
7.6616592783e-01	-6.1788880999e+00
7.6599143647e-01	-6.1793585679e+00
7.6581627523e-01	-6.1792632482e+00
7.6564044122e-01	-6.1791409777e+00
7.6546393435e-01	-6.1790186596e+00
7.6528675509e-01	-6.1788962988e+00
7.6510890198e-01	-6.1787738992e+00
7.6493036737e-01	-6.1786514626e+00
7.6475114017e-01	-6.1785289896e+00
7.6457121567e-01	-6.1784062012e+00
7.6439059134e-01	-6.1782827528e+00
7.6420926306e-01	-6.1781592778e+00
7.6402722577e-01	-6.1780357662e+00
7.6384446916e-01	-6.1779120771e+00
7.6366092663e-01	-6.1777866481e+00
7.6347600936e-01	-6.1776427583e+00
7.6343432845e-01	-6.1775372267e+00
7.6342363719e-01	-6.1774723495e+00
7.6341293285e-01	-6.1773931800e+00
7.6340235845e-01	-6.1773093085e+00
7.6339189785e-01	-6.1772321280e+00
7.6338167263e-01	-6.1771733814e+00
7.6337172445e-01	-6.1771335476e+00
7.6336196910e-01	-6.1771054965e+00
7.6335224918e-01	-6.1770827229e+00
7.6334257264e-01	-6.1770627459e+00
7.6333303529e-01	-6.1770449524e+00
7.6332367688e-01	-6.1770288817e+00
7.6331447446e-01	-6.1770139492e+00
7.6330573532e-01	-6.1770016086e+00
7.6329789093e-01	-6.1769939364e+00
7.6329173114e-01	-6.1769948012e+00
7.6328918476e-01	-6.1770138050e+00
7.6329383879e-01	-6.1770690542e+00
7.6331286723e-01	-6.1771965659e+00
7.6336649797e-01	-6.1774976463e+00
7.6346142303e-01	-6.1779997630e+00
7.6361907432e-01	-6.1788060517e+00
7.6387699339e-01	-6.1726561205e+00
7.6426628884e-01	-6.1607566188e+00
7.6415011021e-01	-6.1547168738e+00
7.6404816217e-01	-6.1549512633e+00
7.6393968473e-01	-6.1552249510e+00
7.6382779496e-01	-6.1555234088e+00
7.6371326225e-01	-6.1558366679e+00
7.6359319049e-01	-6.1561603057e+00
7.6347068170e-01	-6.1564913454e+00
7.6334301180e-01	-6.1568285868e+00
7.6320961720e-01	-6.1571710347e+00
7.6307157072e-01	-6.1575177592e+00
7.6293304585e-01	-6.1578675921e+00
7.6279401529e-01	-6.1582200592e+00
7.6265369928e-01	-6.1585748780e+00
7.6251245406e-01	-6.1589316786e+00
7.6237044489e-01	-6.1592901670e+00
7.6222769253e-01	-6.1596501080e+00
7.6208421350e-01	-6.1600112973e+00
7.6193999971e-01	-6.1603735578e+00
7.6179502389e-01	-6.1607367348e+00
7.6164925652e-01	-6.1611006889e+00
7.6150264902e-01	-6.1614652955e+00
7.6135509433e-01	-6.1618304478e+00
7.6120632304e-01	-6.1621960696e+00
7.6105591729e-01	-6.1625621109e+00
7.6090480255e-01	-6.1629283391e+00
7.6075317046e-01	-6.1632946248e+00
7.6060102162e-01	-6.1636608700e+00
7.6044835647e-01	-6.1640269836e+00
7.6029517285e-01	-6.1643928821e+00
7.6014146275e-01	-6.1647584937e+00
7.5998721996e-01	-6.1651237597e+00
7.5983244168e-01	-6.1654886425e+00
7.5967712418e-01	-6.1658543416e+00
7.5952126449e-01	-6.1662225460e+00
7.5936485886e-01	-6.1665904123e+00
7.5920790307e-01	-6.1669580549e+00
7.5905039272e-01	-6.1673256552e+00
7.5889232254e-01	-6.1676934792e+00
7.5873368722e-01	-6.1680618880e+00
7.5857448091e-01	-6.1684313508e+00
7.5841469683e-01	-6.1688024538e+00
7.5825432837e-01	-6.1691758973e+00
7.5809336820e-01	-6.1695524902e+00
7.5793180885e-01	-6.1699331286e+00
7.5776964328e-01	-6.1703187621e+00
7.5760686481e-01	-6.1707103511e+00
7.5744346762e-01	-6.1711088082e+00
7.5727944642e-01	-6.1715149434e+00
7.5711479734e-01	-6.1719294003e+00
7.5694951713e-01	-6.1723526066e+00
7.5678360367e-01	-6.1727847367e+00
7.5661705563e-01	-6.1732256953e+00
7.5644987207e-01	-6.1736751255e+00
7.5628205258e-01	-6.1741324362e+00
7.5611359710e-01	-6.1745968484e+00
7.5594450491e-01	-6.1750674573e+00
7.5577477514e-01	-6.1755432876e+00
7.5560440696e-01	-6.1760233492e+00
7.5543339876e-01	-6.1765066900e+00
7.5526174852e-01	-6.1769924282e+00
7.5508945365e-01	-6.1773102897e+00
7.5491650969e-01	-6.1771851824e+00
7.5474291302e-01	-6.1770596889e+00
7.5456865941e-01	-6.1769338941e+00
7.5439374549e-01	-6.1768078572e+00
7.5421816810e-01	-6.1766816301e+00
7.5404192337e-01	-6.1765552514e+00
7.5386500619e-01	-6.1764287494e+00
7.5368741173e-01	-6.1763021443e+00
7.5350913762e-01	-6.1761754509e+00
7.5333018396e-01	-6.1760486805e+00
7.5315055111e-01	-6.1759218409e+00
7.5297023774e-01	-6.1757949375e+00
7.5278923614e-01	-6.1756679729e+00
7.5260753426e-01	-6.1755409471e+00
7.5242512778e-01	-6.1754136762e+00
7.5224201386e-01	-6.1752855986e+00
7.5205818843e-01	-6.1751574688e+00
7.5187364694e-01	-6.1750292896e+00
7.5168838479e-01	-6.1749010630e+00
7.5150239683e-01	-6.1747727791e+00
7.5131567244e-01	-6.1746442960e+00
7.5112814341e-01	-6.1745140449e+00
7.5093920692e-01	-6.1743652387e+00
7.5089463840e-01	-6.1742547868e+00
7.5088354271e-01	-6.1741879175e+00
7.5087244131e-01	-6.1741068962e+00
7.5086148448e-01	-6.1740219858e+00
7.5085064050e-01	-6.1739445967e+00
7.5084004804e-01	-6.1738862825e+00
7.5082974053e-01	-6.1738466416e+00
7.5081963100e-01	-6.1738183665e+00
7.5080954249e-01	-6.1737950141e+00
7.5079951279e-01	-6.1737744560e+00
7.5078963538e-01	-6.1737560755e+00
7.5077995719e-01	-6.1737394638e+00
7.5077044867e-01	-6.1737240044e+00
7.5076148978e-01	-6.1737114859e+00
7.5075356494e-01	-6.1737041582e+00
7.5074762772e-01	-6.1737065430e+00
7.5074595862e-01	-6.1737296626e+00
7.5075282059e-01	-6.1737942949e+00
7.5077717293e-01	-6.1739439028e+00
7.5084332989e-01	-6.1742961464e+00
7.5095720676e-01	-6.1748730152e+00
7.5114535477e-01	-6.1757979117e+00
7.5145265550e-01	-6.1728643469e+00
7.5184939197e-01	-6.1590448908e+00
7.5167716197e-01	-6.1564796354e+00
7.5157295580e-01	-6.1567311649e+00
7.5146167260e-01	-6.1570217380e+00
7.5134731091e-01	-6.1573358308e+00
7.5122938057e-01	-6.1576641973e+00
7.5110626860e-01	-6.1580025738e+00
7.5098039705e-01	-6.1583481948e+00
7.5084891142e-01	-6.1586999655e+00
7.5071045846e-01	-6.1590570430e+00
7.5056974815e-01	-6.1594179857e+00
7.5042854956e-01	-6.1597819495e+00
7.5028653626e-01	-6.1601485120e+00
7.5014316536e-01	-6.1605173700e+00
7.4999893619e-01	-6.1608881346e+00
7.4985393945e-01	-6.1612605252e+00
7.4970817475e-01	-6.1523519802e+00
7.4701891438e-01	-6.1511388750e+00
7.4697621781e-01	-6.1512768519e+00
7.4693610414e-01	-6.1514411808e+00
7.4689861835e-01	-6.1516187485e+00
7.4686386346e-01	-6.1517964752e+00
7.4683198169e-01	-6.1519666874e+00
7.4680318265e-01	-6.1521257604e+00
7.4677766620e-01	-6.1522722619e+00
7.4667508074e-01	-6.1524174346e+00
7.4653055847e-01	-6.1525586289e+00
7.4638371954e-01	-6.1526871185e+00
7.4623500507e-01	-6.1528010397e+00
7.4608462047e-01	-6.1529293501e+00
7.4593247690e-01	-6.1531129896e+00
7.4577840165e-01	-6.1533710192e+00
7.4562354472e-01	-6.1536995911e+00
7.4546804484e-01	-6.1540851021e+00
7.4531192488e-01	-6.1545128236e+00
7.4515520196e-01	-6.1549702968e+00
7.4499788107e-01	-6.1554479919e+00
7.4483995967e-01	-6.1559389704e+00
7.4468143958e-01	-6.1564383176e+00
7.4452232155e-01	-6.1569477675e+00
7.4436260533e-01	-6.1574604275e+00
7.4420228910e-01	-6.1579740538e+00
7.4404137060e-01	-6.1584875443e+00
7.4387984683e-01	-6.1590001613e+00
7.4371771453e-01	-6.1595114133e+00
7.4355497017e-01	-6.1600209753e+00
7.4339161007e-01	-6.1605286335e+00
7.4322763032e-01	-6.1610342535e+00
7.4306302641e-01	-6.1615378222e+00
7.4289778772e-01	-6.1620401480e+00
7.4273184032e-01	-6.1625505703e+00
7.4256454218e-01	-6.1631687846e+00
7.4252613639e-01	-6.1637388729e+00
7.4251582136e-01	-6.1641022537e+00
7.4250553261e-01	-6.1645327641e+00
7.4249541034e-01	-6.1649700622e+00
7.4248539428e-01	-6.1653571662e+00
7.4247560742e-01	-6.1656433531e+00
7.4246608260e-01	-6.1658376546e+00
7.4245674167e-01	-6.1659780080e+00
7.4244740651e-01	-6.1660954637e+00
7.4243812590e-01	-6.1661992245e+00
7.4242900513e-01	-6.1662916521e+00
7.4242009684e-01	-6.1663745729e+00
7.4241136796e-01	-6.1664511934e+00
7.4240323202e-01	-6.1665114185e+00
7.4239621414e-01	-6.1665425679e+00
7.4239134605e-01	-6.1665191966e+00
7.4239109671e-01	-6.1663792649e+00
7.4240008537e-01	-6.1660053929e+00
7.4242801807e-01	-6.1651499054e+00
7.4250126849e-01	-6.1631312344e+00
7.4262601621e-01	-6.1597789488e+00
7.4281584741e-01	-6.1542474961e+00
7.4276310015e-01	-6.1463965599e+00
7.4266919874e-01	-6.1466498183e+00
7.4256989342e-01	-6.1469442820e+00
7.4246515178e-01	-6.1472649318e+00
7.4235750137e-01	-6.1476008111e+00
7.4224448190e-01	-6.1479472145e+00
7.4212788316e-01	-6.1483012389e+00
7.4200575708e-01	-6.1486615551e+00
7.4187658926e-01	-6.1490272859e+00
7.4174449653e-01	-6.1493970361e+00
7.4161195048e-01	-6.1497698348e+00
7.4147857839e-01	-6.1501452501e+00
7.4134398624e-01	-6.1505229452e+00
7.4120858068e-01	-6.1509025353e+00
7.4107241654e-01	-6.1512837386e+00
7.4093548259e-01	-6.1516663225e+00
7.4079777520e-01	-6.1520500845e+00
7.4065928105e-01	-6.1524348480e+00
7.4051995554e-01	-6.1528204609e+00
7.4037975025e-01	-6.1532067875e+00
7.4023845295e-01	-6.1535937283e+00
7.4009562342e-01	-6.1539812275e+00
7.3995110787e-01	-6.1543691941e+00
7.3980606168e-01	-6.1547573471e+00
7.3966053105e-01	-6.1551455726e+00
7.3951451751e-01	-6.1555337686e+00
7.3936802161e-01	-6.1559218396e+00
7.3922103555e-01	-6.1563096983e+00
7.3907355169e-01	-6.1566972645e+00
7.3892556728e-01	-6.1570844722e+00
7.3877707905e-01	-6.1574727745e+00
7.3862808466e-01	-6.1578634776e+00
7.3847858077e-01	-6.1582536947e+00
7.3832856379e-01	-6.1586434424e+00
7.3817803022e-01	-6.1590327795e+00
7.3802697574e-01	-6.1594218212e+00
7.3787539613e-01	-6.1598107492e+00
7.3772328618e-01	-6.1601998300e+00
7.3757064056e-01	-6.1605894260e+00
7.3741745324e-01	-6.1609800088e+00
7.3726371770e-01	-6.1613721674e+00
7.3710942706e-01	-6.1617666068e+00
7.3695457384e-01	-6.1621641453e+00
7.3679915044e-01	-6.1625656889e+00
7.3664314971e-01	-6.1629721989e+00
7.3648656477e-01	-6.1633846474e+00
7.3632938965e-01	-6.1638039495e+00
7.3617161896e-01	-6.1642309406e+00
7.3601324859e-01	-6.1646662668e+00
7.3585427532e-01	-6.1651103548e+00
7.3569469750e-01	-6.1655633707e+00
7.3553451410e-01	-6.1660252055e+00
7.3537372452e-01	-6.1664954833e+00
7.3521232865e-01	-6.1669735913e+00
7.3505032652e-01	-6.1674587285e+00
7.3488771803e-01	-6.1679499683e+00
7.3472450287e-01	-6.1684463170e+00
7.3456067893e-01	-6.1689467734e+00
7.3439624326e-01	-6.1694503783e+00
7.3423119330e-01	-6.1699562484e+00
7.3406552704e-01	-6.1704636004e+00
7.3389924275e-01	-6.1709717614e+00
7.3373233716e-01	-6.1714801722e+00
7.3356480647e-01	-6.1719883784e+00
7.3339664657e-01	-6.1724960237e+00
7.3322785624e-01	-6.1726587461e+00
7.3305843586e-01	-6.1725277718e+00
7.3288838684e-01	-6.1723966709e+00
7.3271770889e-01	-6.1722654635e+00
7.3254639643e-01	-6.1721341618e+00
7.3237443570e-01	-6.1720027718e+00
7.3220182218e-01	-6.1718712980e+00
7.3202855192e-01	-6.1717389318e+00
7.3185462268e-01	-6.1716063123e+00
7.3168003011e-01	-6.1714736195e+00
7.3150476996e-01	-6.1713408554e+00
7.3132883795e-01	-6.1712080221e+00
7.3115222975e-01	-6.1710751218e+00
7.3097494101e-01	-6.1709421573e+00
7.3079696731e-01	-6.1708091304e+00
7.3061830370e-01	-6.1706760323e+00
7.3043893996e-01	-6.1705427334e+00
7.3025881000e-01	-6.1704077994e+00
7.3007732535e-01	-6.1702558606e+00
7.3002269578e-01	-6.1701292735e+00
7.3001150926e-01	-6.1700592643e+00
7.3000032551e-01	-6.1699754994e+00
7.2998930878e-01	-6.1698891240e+00
7.2997840831e-01	-6.1698114374e+00
7.2996778422e-01	-6.1697533679e+00
7.2995746571e-01	-6.1697135476e+00
7.2994735971e-01	-6.1696845598e+00
7.2993725725e-01	-6.1696601044e+00
7.2992723086e-01	-6.1696384421e+00
7.2991737838e-01	-6.1696189874e+00
7.2990775641e-01	-6.1696013861e+00
7.2989832149e-01	-6.1695849706e+00
7.2988955439e-01	-6.1695719227e+00
7.2988202034e-01	-6.1695647383e+00
7.2987690123e-01	-6.1695687635e+00
7.2987696656e-01	-6.1695967699e+00
7.2988744480e-01	-6.1696729618e+00
7.2991993971e-01	-6.1698508354e+00
7.3000418187e-01	-6.1702670207e+00
7.3014706102e-01	-6.1709463640e+00
7.3038172927e-01	-6.1720347721e+00
7.3076391901e-01	-6.1632364588e+00
7.3100609843e-01	-6.1480854926e+00
7.3090849692e-01	-6.1483417652e+00
7.3080586330e-01	-6.1486414139e+00
7.3069684056e-01	-6.1489715912e+00
7.3058474464e-01	-6.1493190589e+00
7.3046741122e-01	-6.1496780201e+00
7.3034593732e-01	-6.1500452335e+00
7.3021883722e-01	-6.1504191201e+00
7.3008432129e-01	-6.1507987519e+00
7.2994674814e-01	-6.1511825973e+00
7.2980870191e-01	-6.1515696045e+00
7.2966970645e-01	-6.1519593300e+00
7.2952943595e-01	-6.1523514076e+00
7.2938831719e-01	-6.1527454297e+00
7.2924635428e-01	-6.1531411090e+00
7.2910359032e-01	-6.1535381951e+00
7.2896000444e-01	-6.1539364808e+00
7.2881557189e-01	-6.1543357859e+00
7.2867024848e-01	-6.1547359542e+00
7.2852387774e-01	-6.1551368635e+00
7.2837625288e-01	-6.1555384135e+00
7.2822663188e-01	-6.1559405970e+00
7.2807583549e-01	-6.1563431694e+00
7.2792453281e-01	-6.1567459132e+00
7.2777272622e-01	-6.1571487196e+00
7.2762041767e-01	-6.1575514867e+00
7.2746760305e-01	-6.1579541192e+00
7.2731427184e-01	-6.1583565301e+00
7.2716042011e-01	-6.1587586411e+00
7.2700604426e-01	-6.1591608050e+00
7.2685114220e-01	-6.1595666385e+00
7.2669571050e-01	-6.1599719836e+00
7.2653974600e-01	-6.1603768180e+00
7.2638324500e-01	-6.1607811511e+00
7.2622620352e-01	-6.1611850326e+00
7.2606861761e-01	-6.1615885638e+00
7.2591048245e-01	-6.1619919125e+00
7.2575179330e-01	-6.1623953248e+00
7.2559254432e-01	-6.1627991430e+00
7.2543272956e-01	-6.1632038159e+00
7.2527234236e-01	-6.1636099094e+00
7.2511137558e-01	-6.1640181085e+00
7.2494982185e-01	-6.1644292125e+00
7.2478767331e-01	-6.1648441171e+00
7.2462492214e-01	-6.1652637843e+00
7.2446156124e-01	-6.1656891980e+00
7.2429758396e-01	-6.1661213095e+00
7.2413298477e-01	-6.1665609746e+00
7.2396775869e-01	-6.1670088925e+00
7.2380190258e-01	-6.1674655453e+00
7.2363541387e-01	-6.1679311594e+00
7.2346829094e-01	-6.1684056832e+00
7.2330053338e-01	-6.1688887882e+00
7.2313214071e-01	-6.1693798995e+00
7.2296311268e-01	-6.1698782399e+00
7.2279344906e-01	-6.1703828914e+00
7.2262314676e-01	-6.1704796653e+00
7.2245220368e-01	-6.1703469552e+00
7.2228061826e-01	-6.1702133029e+00
7.2210838944e-01	-6.1700788649e+00
7.2193551517e-01	-6.1699437814e+00
7.2176199194e-01	-6.1698081735e+00
7.2158781613e-01	-6.1696721426e+00
7.2141298574e-01	-6.1695357721e+00
7.2123750137e-01	-6.1693991286e+00
7.2106136425e-01	-6.1692622640e+00
7.2088457475e-01	-6.1691252172e+00
7.2070713143e-01	-6.1689880166e+00
7.2052902054e-01	-6.1688506787e+00
7.2035023436e-01	-6.1687132163e+00
7.2017076710e-01	-6.1685752698e+00
7.1999061791e-01	-6.1684365600e+00
7.1980978237e-01	-6.1682977435e+00
7.1962825604e-01	-6.1681588228e+00
7.1944603443e-01	-6.1680197997e+00
7.1926311312e-01	-6.1678806759e+00
7.1907948753e-01	-6.1677414530e+00
7.1889515312e-01	-6.1676021331e+00
7.1871010529e-01	-6.1674627185e+00
7.1852433941e-01	-6.1673232114e+00
7.1833785052e-01	-6.1671836080e+00
7.1815063060e-01	-6.1670438360e+00
7.1796263949e-01	-6.1669030812e+00
7.1777351782e-01	-6.1667525608e+00
7.1766949785e-01	-6.1665802229e+00
7.1765772703e-01	-6.1665086935e+00
7.1764596067e-01	-6.1664232953e+00
7.1763436962e-01	-6.1663354763e+00
7.1762290014e-01	-6.1662567812e+00
7.1761171108e-01	-6.1661979238e+00
7.1760083840e-01	-6.1661573650e+00
7.1759018660e-01	-6.1661275665e+00
7.1757953137e-01	-6.1661022051e+00
7.1756896169e-01	-6.1660796677e+00
7.1755857956e-01	-6.1660593789e+00
7.1754844837e-01	-6.1660410088e+00
7.1753851989e-01	-6.1660238625e+00
7.1752934199e-01	-6.1660103837e+00
7.1752153931e-01	-6.1660032616e+00
7.1751647308e-01	-6.1660085007e+00
7.1751728444e-01	-6.1660402356e+00
7.1752996078e-01	-6.1661254555e+00
7.1756834187e-01	-6.1663262893e+00
7.1766649651e-01	-6.1667950885e+00
7.1783211993e-01	-6.1675586791e+00
7.1810357400e-01	-6.1687804258e+00
7.1854570341e-01	-6.1635069341e+00
7.1872543507e-01	-6.1500267061e+00
7.1861916045e-01	-6.1502996882e+00
7.1850716654e-01	-6.1506171500e+00
7.1838903203e-01	-6.1509644853e+00
7.1826762390e-01	-6.1513287140e+00
7.1813993876e-01	-6.1517044142e+00
7.1800852192e-01	-6.1520881970e+00
7.1787046725e-01	-6.1524787685e+00
7.1772452810e-01	-6.1528751489e+00
7.1757735439e-01	-6.1532754060e+00
7.1742965653e-01	-6.1536787736e+00
7.1728050191e-01	-6.1540848910e+00
7.1713023973e-01	-6.1544932885e+00
7.1697906448e-01	-6.1549035945e+00
7.1682702358e-01	-6.1553155166e+00
7.1667409857e-01	-6.1557288159e+00
7.1652027255e-01	-6.1561432860e+00
7.1636544384e-01	-6.1565587613e+00
7.1620959939e-01	-6.1569750821e+00
7.1605248963e-01	-6.1573921446e+00
7.1589349107e-01	-6.1578099199e+00
7.1573264226e-01	-6.1582282784e+00
7.1557123774e-01	-6.1586468880e+00
7.1540929187e-01	-6.1590656323e+00
7.1524680698e-01	-6.1594844042e+00
7.1508378129e-01	-6.1599031042e+00
7.1492020199e-01	-6.1603216409e+00
7.1475606437e-01	-6.1607399306e+00
7.1459136479e-01	-6.1611584297e+00
7.1442610066e-01	-6.1615806808e+00
7.1426026888e-01	-6.1620024637e+00
7.1409386579e-01	-6.1624237370e+00
7.1392688770e-01	-6.1628444818e+00
7.1375933072e-01	-6.1632647111e+00
7.1359119066e-01	-6.1636844790e+00
7.1342246304e-01	-6.1641038929e+00
7.1325314293e-01	-6.1645231273e+00
7.1308322480e-01	-6.1649424375e+00
7.1291270291e-01	-6.1653621752e+00
7.1274157093e-01	-6.1657828010e+00
7.1256982149e-01	-6.1662048951e+00
7.1239744720e-01	-6.1666291565e+00
7.1222444013e-01	-6.1670564000e+00
7.1205079218e-01	-6.1674875354e+00
7.1187649530e-01	-6.1679235368e+00
7.1170154183e-01	-6.1681864529e+00
7.1152592480e-01	-6.1680640915e+00
7.1134963816e-01	-6.1679400790e+00
7.1117267701e-01	-6.1678142873e+00
7.1099503775e-01	-6.1676866261e+00
7.1081671759e-01	-6.1675570505e+00
7.1063771483e-01	-6.1674255647e+00
7.1045802851e-01	-6.1672922216e+00
7.1027765793e-01	-6.1671571177e+00
7.1009660102e-01	-6.1670203849e+00
7.0991485470e-01	-6.1668821795e+00
7.0973241770e-01	-6.1667426719e+00
7.0954928998e-01	-6.1666020369e+00
7.0936546972e-01	-6.1664604429e+00
7.0918095394e-01	-6.1663180451e+00
7.0899573973e-01	-6.1661749824e+00
7.0880982532e-01	-6.1660313744e+00
7.0862321174e-01	-6.1658873256e+00
7.0843590040e-01	-6.1657429122e+00
7.0824789217e-01	-6.1655982001e+00
7.0805918586e-01	-6.1654532388e+00
7.0786976892e-01	-6.1653080618e+00
7.0767963102e-01	-6.1651626925e+00
7.0748876699e-01	-6.1650169684e+00
7.0729717488e-01	-6.1648702158e+00
7.0710485059e-01	-6.1647233095e+00
7.0691178939e-01	-6.1645762543e+00
7.0671798651e-01	-6.1644290531e+00
7.0652343701e-01	-6.1642817077e+00
7.0632813625e-01	-6.1641342195e+00
7.0613207923e-01	-6.1639865895e+00
7.0593526102e-01	-6.1638388192e+00
7.0573767670e-01	-6.1636909102e+00
7.0553932127e-01	-6.1635428646e+00
7.0534018970e-01	-6.1633946843e+00
7.0514027655e-01	-6.1632463638e+00
7.0493957276e-01	-6.1630978169e+00
7.0473803070e-01	-6.1629480794e+00
7.0453522628e-01	-6.1627867731e+00
7.0443572998e-01	-6.1626165933e+00
7.0442314048e-01	-6.1625424036e+00
7.0441056759e-01	-6.1624546552e+00
7.0439818996e-01	-6.1623656021e+00
7.0438592888e-01	-6.1622866085e+00
7.0437397174e-01	-6.1622281111e+00
7.0436233697e-01	-6.1621875206e+00
7.0435092781e-01	-6.1621572146e+00
7.0433949069e-01	-6.1621309586e+00
7.0432816710e-01	-6.1621075789e+00
7.0431704933e-01	-6.1620864578e+00
7.0430619097e-01	-6.1620672229e+00
7.0429560126e-01	-6.1620494757e+00
7.0428588120e-01	-6.1620358248e+00
7.0427776224e-01	-6.1620293604e+00
7.0427291693e-01	-6.1620372853e+00
7.0427506506e-01	-6.1620759526e+00
7.0429140882e-01	-6.1621769789e+00
7.0433963402e-01	-6.1624176889e+00
7.0445688836e-01	-6.1629590428e+00
7.0465347184e-01	-6.1638380340e+00
7.0497495497e-01	-6.1652414250e+00
7.0549869675e-01	-6.1629270053e+00
7.0557014271e-01	-6.1522437993e+00
7.0546862961e-01	-6.1525345063e+00
7.0536031207e-01	-6.1528704109e+00
7.0524650327e-01	-6.1532348312e+00
7.0512917619e-01	-6.1536154738e+00
7.0500492792e-01	-6.1540073841e+00
7.0487618616e-01	-6.1544073199e+00
7.0474008832e-01	-6.1548140758e+00
7.0459768356e-01	-6.1552263227e+00
7.0445478993e-01	-6.1556422206e+00
7.0431107582e-01	-6.1560611873e+00
7.0416581183e-01	-6.1564828448e+00
7.0401957508e-01	-6.1569066865e+00
7.0387239233e-01	-6.1573323726e+00
7.0372431367e-01	-6.1577596136e+00
7.0357532258e-01	-6.1581881731e+00
7.0342538693e-01	-6.1586178507e+00
7.0327439207e-01	-6.1590484861e+00
7.0312217704e-01	-6.1594799482e+00
7.0296824697e-01	-6.1599121806e+00
7.0281200607e-01	-6.1603451562e+00
7.0265506593e-01	-6.1607784677e+00
7.0249760501e-01	-6.1612119638e+00
7.0233962669e-01	-6.1616455321e+00
7.0218113055e-01	-6.1620790683e+00
7.0202210321e-01	-6.1625124776e+00
7.0186253914e-01	-6.1629456722e+00
7.0170243454e-01	-6.1633794487e+00
7.0154178751e-01	-6.1638168200e+00
7.0138059473e-01	-6.1642537333e+00
7.0121885289e-01	-6.1646901321e+00
7.0105655854e-01	-6.1651259777e+00
7.0089370782e-01	-6.1655612562e+00
7.0073029711e-01	-6.1657310425e+00
7.0056632200e-01	-6.1656139744e+00
7.0040177830e-01	-6.1654966783e+00
7.0023666080e-01	-6.1653791214e+00
7.0007096445e-01	-6.1652612571e+00
6.9990468298e-01	-6.1651430206e+00
6.9973781008e-01	-6.1650243283e+00
6.9957033867e-01	-6.1626800711e+00
7.0117037197e-01	-6.1646715559e+00
7.0101360176e-01	-6.1650589378e+00
7.0085627159e-01	-6.1651100174e+00
7.0069836794e-01	-6.1649955773e+00
7.0053988084e-01	-6.1648789842e+00
7.0038080260e-01	-6.1647604234e+00
7.0022112681e-01	-6.1646399345e+00
7.0006084811e-01	-6.1645174916e+00
6.9989996226e-01	-6.1643930502e+00
6.9973846590e-01	-6.1642665761e+00
6.9957635723e-01	-6.1641380637e+00
6.9941363320e-01	-6.1640075448e+00
6.9925028974e-01	-6.1638750921e+00
6.9908632658e-01	-6.1637408185e+00
6.9892174463e-01	-6.1636048695e+00
6.9875654376e-01	-6.1634674133e+00
6.9859072259e-01	-6.1633286290e+00
6.9842427988e-01	-6.1631886984e+00
6.9825721584e-01	-6.1630477970e+00
6.9808953395e-01	-6.1629060875e+00
6.9792123723e-01	-6.1627637145e+00
6.9775232955e-01	-6.1626208025e+00
6.9758281075e-01	-6.1624774546e+00
6.9741266746e-01	-6.1623337501e+00
6.9724188966e-01	-6.1621897514e+00
6.9707047440e-01	-6.1620455065e+00
6.9689841925e-01	-6.1619000382e+00
6.9672572145e-01	-6.1617543268e+00
6.9655237694e-01	-6.1616084518e+00
6.9637838154e-01	-6.1614624253e+00
6.9620373104e-01	-6.1613162554e+00
6.9602842107e-01	-6.1611699468e+00
6.9585244748e-01	-6.1610235027e+00
6.9567580586e-01	-6.1608769262e+00
6.9549849179e-01	-6.1607302165e+00
6.9532050087e-01	-6.1605833755e+00
6.9514182857e-01	-6.1604364049e+00
6.9496247058e-01	-6.1602893066e+00
6.9478242232e-01	-6.1601420831e+00
6.9460167925e-01	-6.1599947364e+00
6.9442023649e-01	-6.1598472625e+00
6.9423808602e-01	-6.1596995849e+00
6.9405518658e-01	-6.1595508440e+00
6.9387116824e-01	-6.1593917684e+00
6.9376880226e-01	-6.1592087111e+00
6.9375673669e-01	-6.1591325512e+00
6.9374470222e-01	-6.1590429641e+00
6.9373287391e-01	-6.1589527848e+00
6.9372114580e-01	-6.1588733455e+00
6.9370971787e-01	-6.1588148400e+00
6.9369860686e-01	-6.1587741115e+00
6.9368772036e-01	-6.1587433947e+00
6.9367678221e-01	-6.1587165099e+00
6.9366597739e-01	-6.1586925716e+00
6.9365539590e-01	-6.1586709383e+00
6.9364508420e-01	-6.1586511987e+00
6.9363510781e-01	-6.1586332342e+00
6.9362612215e-01	-6.1586198204e+00
6.9363834105e-01	-6.1586203468e+00
6.9367704665e-01	-6.1586443215e+00
6.9375530416e-01	-6.1587055230e+00
6.9383703890e-01	-6.1587738189e+00
6.9392010423e-01	-6.1588451677e+00
6.9400390240e-01	-6.1589187365e+00
6.9408935597e-01	-6.1589950879e+00
6.9419121190e-01	-6.1590796654e+00
6.9430486216e-01	-6.1591731580e+00
6.9444191390e-01	-6.1592843537e+00
6.9458385137e-01	-6.1593972556e+00
6.9467748595e-01	-6.1594701662e+00
6.9474601217e-01	-6.1595227269e+00
6.9480004812e-01	-6.1595638879e+00
6.9484460683e-01	-6.1595979193e+00
6.9488227133e-01	-6.1596270840e+00
6.9489793014e-01	-6.1596481810e+00
6.9490117234e-01	-6.1596641743e+00
6.9490404691e-01	-6.1596810267e+00
6.9490682787e-01	-6.1596993089e+00
6.9491004658e-01	-6.1597201309e+00
6.9491489020e-01	-6.1597462164e+00
6.9492199752e-01	-6.1597765835e+00
6.9492847982e-01	-6.1598021626e+00
6.9493378086e-01	-6.1598257492e+00
6.9493731154e-01	-6.1598484696e+00
6.9493838933e-01	-6.1598710082e+00
6.9493629839e-01	-6.1598925351e+00
6.9493049049e-01	-6.1599133340e+00
6.9493274517e-01	-6.1599376628e+00
6.9493771036e-01	-6.1599649336e+00
6.9494344855e-01	-6.1599963088e+00
6.9495153112e-01	-6.1600364549e+00
6.9496147258e-01	-6.1600802678e+00
6.9497002694e-01	-6.1601177391e+00
6.9497685031e-01	-6.1601527012e+00
6.9498132841e-01	-6.1601870002e+00
6.9498250719e-01	-6.1602210360e+00
6.9499065029e-01	-6.1602574932e+00
6.9502508383e-01	-6.1603032827e+00
6.9507939948e-01	-6.1603582985e+00
6.9514347561e-01	-6.1604223605e+00
6.9522579964e-01	-6.1605040732e+00
6.9532028223e-01	-6.1605970005e+00
6.9540192460e-01	-6.1606771912e+00
6.9547826880e-01	-6.1607530171e+00
6.9555368845e-01	-6.1608297494e+00
6.9562648865e-01	-6.1609066177e+00
6.9569627079e-01	-6.1609839905e+00
6.9577084513e-01	-6.1610672225e+00
6.9588205903e-01	-6.1611705970e+00
6.9597320168e-01	-6.1612535464e+00
6.9604369894e-01	-6.1613163085e+00
6.9610210951e-01	-6.1613673040e+00
6.9615314563e-01	-6.1614111239e+00
6.9616622264e-01	-6.1614402230e+00
6.9617148224e-01	-6.1614666001e+00
6.9617689770e-01	-6.1614959346e+00
6.9618316995e-01	-6.1615305643e+00
6.9619195587e-01	-6.1615765703e+00
6.9620078172e-01	-6.1616205390e+00
6.9620824941e-01	-6.1616594104e+00
6.9621448061e-01	-6.1616968249e+00
6.9621947940e-01	-6.1617353860e+00
6.9622277297e-01	-6.1617729218e+00
6.9622453470e-01	-6.1618110348e+00
6.9622473915e-01	-6.1618524330e+00
6.9622296731e-01	-6.1619013933e+00
6.9621742069e-01	-6.1619673822e+00
6.9622969355e-01	-6.1620342573e+00
6.9624561911e-01	-6.1620998671e+00
6.9626151056e-01	-6.1621673379e+00
6.9630098948e-01	-6.1622423945e+00
6.9638416056e-01	-6.1623361989e+00
6.9647941573e-01	-6.1624445897e+00
6.9657772739e-01	-6.1625576276e+00
6.9668067462e-01	-6.1626784255e+00
6.9677331369e-01	-6.1627913660e+00
6.9685849999e-01	-6.1629011090e+00
6.9693943566e-01	-6.1630151457e+00
6.9700660347e-01	-6.1631233494e+00
6.9711900378e-01	-6.1632533463e+00
6.9720988427e-01	-6.1633536051e+00
6.9728440509e-01	-6.1634344153e+00
6.9734912834e-01	-6.1635034715e+00
6.9736010010e-01	-6.1635463577e+00
6.9736978990e-01	-6.1635931224e+00
6.9738055616e-01	-6.1636487933e+00
6.9739339547e-01	-6.1637214159e+00
6.9740561384e-01	-6.1638047779e+00
6.9741312948e-01	-6.1638838347e+00
6.9741262974e-01	-6.1639638607e+00
6.9740386294e-01	-6.1640426706e+00
6.9738466207e-01	-6.1641290141e+00
6.9739677494e-01	-6.1642482284e+00
6.9743073408e-01	-6.1642914111e+00
6.9746119124e-01	-6.1635225769e+00
6.9748916948e-01	-6.1627549534e+00
6.9751269000e-01	-6.1620104711e+00
6.9753305548e-01	-6.1611970037e+00
6.9754540072e-01	-6.1604999755e+00
6.9755157692e-01	-6.1599397562e+00
6.9754935884e-01	-6.1591148318e+00
6.9753483400e-01	-6.1583678268e+00
6.9752960457e-01	-6.1575639076e+00
6.9755358656e-01	-6.1567528423e+00
6.9757625423e-01	-6.1559125915e+00
6.9759937755e-01	-6.1549459050e+00
6.9761736617e-01	-6.1539659405e+00
6.9763046549e-01	-6.1530086173e+00
6.9762143863e-01	-6.1521105294e+00
6.9760149287e-01	-6.1514323028e+00
6.9757500538e-01	-6.1508854881e+00
6.9754742365e-01	-6.1504218420e+00
6.9745096478e-01	-6.1493362847e+00
6.9729559163e-01	-6.1490837002e+00
6.9719242280e-01	-6.1494031717e+00
6.9708189761e-01	-6.1497641796e+00
6.9696686018e-01	-6.1501487401e+00
6.9684707517e-01	-6.1505474556e+00
6.9672137480e-01	-6.1509561602e+00
6.9658967943e-01	-6.1513725133e+00
6.9644923237e-01	-6.1517955236e+00
6.9630612484e-01	-6.1522230756e+00
6.9616250076e-01	-6.1526540217e+00
6.9601723034e-01	-6.1530879721e+00
6.9587077047e-01	-6.1535243758e+00
6.9572337714e-01	-6.1539628049e+00
6.9557503891e-01	-6.1544029459e+00
6.9542572350e-01	-6.1548445385e+00
6.9527543285e-01	-6.1552873556e+00
6.9512410382e-01	-6.1557312123e+00
6.9497147818e-01	-6.1561759828e+00
6.9481712474e-01	-6.1566215927e+00
6.9466033119e-01	-6.1570680318e+00
6.9450277547e-01	-6.1575148662e+00
6.9434469910e-01	-6.1579619269e+00
6.9418610576e-01	-6.1584090973e+00
6.9402699411e-01	-6.1588562711e+00
6.9386734894e-01	-6.1593033510e+00
6.9370716628e-01	-6.1597502480e+00
6.9354644264e-01	-6.1601988906e+00
6.9338517588e-01	-6.1606501681e+00
6.9322336249e-01	-6.1611010071e+00
6.9306099935e-01	-6.1615513430e+00
6.9289808287e-01	-6.1620011263e+00
6.9273460946e-01	-6.1624503271e+00
6.9257057519e-01	-6.1628989423e+00
6.9240597623e-01	-6.1631998507e+00
6.9224080842e-01	-6.1630788281e+00
6.9207506699e-01	-6.1629575565e+00
6.9190874672e-01	-6.1628359984e+00
6.9174184228e-01	-6.1627141010e+00
6.9157434756e-01	-6.1625917931e+00
6.9140625594e-01	-6.1624689832e+00
6.9123756029e-01	-6.1623455580e+00
6.9106825296e-01	-6.1622213825e+00
6.9089832604e-01	-6.1620963015e+00
6.9072777152e-01	-6.1619701442e+00
6.9055658178e-01	-6.1618427306e+00
6.9038474930e-01	-6.1617138799e+00
6.9021226752e-01	-6.1615834222e+00
6.9003913091e-01	-6.1614512097e+00
6.8986533504e-01	-6.1613171283e+00
6.8969087666e-01	-6.1611811067e+00
6.8951575276e-01	-6.1610431226e+00
6.8933995727e-01	-6.1609032030e+00
6.8916348884e-01	-6.1607614246e+00
6.8898634814e-01	-6.1606179058e+00
6.8880853451e-01	-6.1604727957e+00
6.8863004619e-01	-6.1603262627e+00
6.8845088182e-01	-6.1601784841e+00
6.8827104192e-01	-6.1600296359e+00
6.8809053000e-01	-6.1598798849e+00
6.8790934955e-01	-6.1597293825e+00
6.8772750442e-01	-6.1595782610e+00
6.8754499392e-01	-6.1594266308e+00
6.8736180235e-01	-6.1592745780e+00
6.8717792100e-01	-6.1591221711e+00
6.8699334590e-01	-6.1589693929e+00
6.8680807492e-01	-6.1588153224e+00
6.8662210496e-01	-6.1586610227e+00
6.8643543144e-01	-6.1585065145e+00
6.8624804983e-01	-6.1583518115e+00
6.8605995552e-01	-6.1581969227e+00
6.8587114385e-01	-6.1580418531e+00
6.8568161008e-01	-6.1578866059e+00
6.8549134945e-01	-6.1577311826e+00
6.8530035715e-01	-6.1575755843e+00
6.8510862837e-01	-6.1574198117e+00
6.8491615822e-01	-6.1572638659e+00
6.8472294183e-01	-6.1571077482e+00
6.8452897425e-01	-6.1569514603e+00
6.8433425054e-01	-6.1567950043e+00
6.8413876559e-01	-6.1566383807e+00
6.8394251337e-01	-6.1564815687e+00
6.8374547782e-01	-6.1563243124e+00
6.8354753854e-01	-6.1561638177e+00
6.8334965301e-01	-6.1559712250e+00
6.8333315071e-01	-6.1558759257e+00
6.8332022362e-01	-6.1557957100e+00
6.8330735398e-01	-6.1557032635e+00
6.8329471868e-01	-6.1556127310e+00
6.8328214666e-01	-6.1555344004e+00
6.8326990826e-01	-6.1554778643e+00
6.8325796090e-01	-6.1554379299e+00
6.8324620329e-01	-6.1554070594e+00
6.8323427107e-01	-6.1553792746e+00
6.8322240576e-01	-6.1553545097e+00
6.8321055401e-01	-6.1553319553e+00
6.8319849384e-01	-6.1553110080e+00
6.8318589566e-01	-6.1552920524e+00
6.8317252772e-01	-6.1552776928e+00
6.8315746128e-01	-6.1552715466e+00
6.8315101829e-01	-6.1552868418e+00
6.8315689456e-01	-6.1553452700e+00
6.8318092233e-01	-6.1554900725e+00
6.8321261273e-01	-6.1556650555e+00
6.8324421373e-01	-6.1558477405e+00
6.8327494932e-01	-6.1560512428e+00
6.8329571528e-01	-6.1562175322e+00
6.8330890442e-01	-6.1563476419e+00
6.8331768332e-01	-6.1564588866e+00
6.8332340187e-01	-6.1565581822e+00
6.8332683675e-01	-6.1566488388e+00
6.8332062206e-01	-6.1569173249e+00
6.8333921520e-01	-6.1572521260e+00
6.8341386353e-01	-6.1576133680e+00
6.8349227432e-01	-6.1580120767e+00
6.8355211893e-01	-6.1583351898e+00
6.8360033060e-01	-6.1586128264e+00
6.8364259403e-01	-6.1588682412e+00
6.8367987859e-01	-6.1591011987e+00
6.8371462060e-01	-6.1593240125e+00
6.8374846139e-01	-6.1595456989e+00
6.8378208217e-01	-6.1597692440e+00
6.8386051039e-01	-6.1603204344e+00
6.8398697598e-01	-6.1612069628e+00
6.8410081365e-01	-6.1566093303e+00
6.8408133553e-01	-6.1523042366e+00
6.8392919423e-01	-6.1515351621e+00
6.8381412303e-01	-6.1518711500e+00
6.8369116995e-01	-6.1522498693e+00
6.8356366748e-01	-6.1526525898e+00
6.8343066661e-01	-6.1530698012e+00
6.8329194444e-01	-6.1534970958e+00
6.8314624409e-01	-6.1539323249e+00
6.8299137236e-01	-6.1543744050e+00
6.8283517044e-01	-6.1548208058e+00
6.8267816953e-01	-6.1552706518e+00
6.8251932357e-01	-6.1557235447e+00
6.8235934847e-01	-6.1561788745e+00
6.8219827761e-01	-6.1566362504e+00
6.8203619272e-01	-6.1570953388e+00
6.8187306844e-01	-6.1575558776e+00
6.8170879459e-01	-6.1580176603e+00
6.8154326797e-01	-6.1584805103e+00
6.8137613995e-01	-6.1589443224e+00
6.8120647217e-01	-6.1594091251e+00
6.8103515371e-01	-6.1598746066e+00
6.8086325987e-01	-6.1603404256e+00
6.8069079666e-01	-6.1603473249e+00
6.8051776531e-01	-6.1602206570e+00
6.8034415130e-01	-6.1600936618e+00
6.8016994697e-01	-6.1599663523e+00
6.7999514842e-01	-6.1598385241e+00
6.7981975328e-01	-6.1597097622e+00
6.7964375805e-01	-6.1595807245e+00
6.7946715895e-01	-6.1594514221e+00
6.7928995229e-01	-6.1593218644e+00
6.7911213423e-01	-6.1591920586e+00
6.7893370092e-01	-6.1590620086e+00
6.7875464790e-01	-6.1589317135e+00
6.7857497091e-01	-6.1588011669e+00
6.7839466529e-01	-6.1586703538e+00
6.7821372597e-01	-6.1585392493e+00
6.7803214771e-01	-6.1584078158e+00
6.7784992437e-01	-6.1582759996e+00
6.7766704925e-01	-6.1581437290e+00
6.7748351547e-01	-6.1580109117e+00
6.7729931542e-01	-6.1578774337e+00
6.7711444122e-01	-6.1577431589e+00
6.7692888405e-01	-6.1576079307e+00
6.7674263560e-01	-6.1574715766e+00
6.7655568775e-01	-6.1573339146e+00
6.7636803245e-01	-6.1571947620e+00
6.7617966261e-01	-6.1570539468e+00
6.7599057198e-01	-6.1569113192e+00
6.7580075585e-01	-6.1567667637e+00
6.7561020720e-01	-6.1566202070e+00
6.7541892000e-01	-6.1564716257e+00
6.7522689324e-01	-6.1563210490e+00
6.7503412601e-01	-6.1561685547e+00
6.7484061637e-01	-6.1560142617e+00
6.7464636318e-01	-6.1558583209e+00
6.7445136587e-01	-6.1557009029e+00
6.7425562871e-01	-6.1555421880e+00
6.7405915573e-01	-6.1553823550e+00
6.7386195187e-01	-6.1552215723e+00
6.7366401953e-01	-6.1550599911e+00
6.7346534577e-01	-6.1548977386e+00
6.7326591725e-01	-6.1547349207e+00
6.7306573144e-01	-6.1545716250e+00
6.7286478419e-01	-6.1544071164e+00
6.7266307340e-01	-6.1542419272e+00
6.7246059444e-01	-6.1540764245e+00
6.7225734236e-01	-6.1539106367e+00
6.7205331252e-01	-6.1537445838e+00
6.7184849972e-01	-6.1535782784e+00
6.7164289881e-01	-6.1534117285e+00
6.7143650469e-01	-6.1532449385e+00
6.7122931206e-01	-6.1530779109e+00
6.7102131566e-01	-6.1529106466e+00
6.7081251014e-01	-6.1527431460e+00
6.7060289014e-01	-6.1525754095e+00
6.7039245026e-01	-6.1524074376e+00
6.7018118508e-01	-6.1522392311e+00
6.6996908912e-01	-6.1520707916e+00
6.6975615678e-01	-6.1519021204e+00
6.6954238260e-01	-6.1517332179e+00
6.6932775989e-01	-6.1515640630e+00
6.6911227206e-01	-6.1513944017e+00
6.6889579797e-01	-6.1512214626e+00
6.6867734251e-01	-6.1510160242e+00
6.6865828809e-01	-6.1509138375e+00
6.6864430847e-01	-6.1508307515e+00
6.6863040156e-01	-6.1507358417e+00
6.6861675172e-01	-6.1506439115e+00
6.6860316107e-01	-6.1505649466e+00
6.6858993559e-01	-6.1505081371e+00
6.6857702400e-01	-6.1504675494e+00
6.6856432797e-01	-6.1504356401e+00
6.6855151110e-01	-6.1504066616e+00
6.6853889908e-01	-6.1503807785e+00
6.6852653297e-01	-6.1503572033e+00
6.6851438895e-01	-6.1503353149e+00
6.6850271132e-01	-6.1503160191e+00
6.6849216629e-01	-6.1503023045e+00
6.6848375640e-01	-6.1502988629e+00
6.6848000607e-01	-6.1503177641e+00
6.6848605153e-01	-6.1503834909e+00
6.6851236444e-01	-6.1505461383e+00
6.6858916623e-01	-6.1509502449e+00
6.6872197911e-01	-6.1516133200e+00
6.6889045410e-01	-6.1524341652e+00
6.6906801626e-01	-6.1532842734e+00
6.6926914815e-01	-6.1542252805e+00
6.6950957739e-01	-6.1553361442e+00
6.6980923759e-01	-6.1567292347e+00
6.6978411220e-01	-6.1542285863e+00
6.6966811489e-01	-6.1545671620e+00
6.6954407609e-01	-6.1549537282e+00
6.6941440522e-01	-6.1553689259e+00
6.6927955442e-01	-6.1558005410e+00
6.6913820786e-01	-6.1562433894e+00
6.6898995888e-01	-6.1566947731e+00
6.6883213175e-01	-6.1571535490e+00
6.6867252688e-01	-6.1573384521e+00
6.6851206735e-01	-6.1572150750e+00
6.6834965206e-01	-6.1570904324e+00
6.6818602479e-01	-6.1569648507e+00
6.6802126184e-01	-6.1568384184e+00
6.6785542430e-01	-6.1567112078e+00
6.6768846328e-01	-6.1565832457e+00
6.6752022397e-01	-6.1564545170e+00
6.6735061675e-01	-6.1563250228e+00
6.6717913562e-01	-6.1561946208e+00
6.6700471001e-01	-6.1560629755e+00
6.6682917889e-01	-6.1559307261e+00
6.6665306249e-01	-6.1557980691e+00
6.6647636691e-01	-6.1556650264e+00
6.6629908697e-01	-6.1555316146e+00
6.6612120590e-01	-6.1553978446e+00
6.6594271992e-01	-6.1552637303e+00
6.6576362562e-01	-6.1551285520e+00
6.6558391997e-01	-6.1549928991e+00
6.6540359922e-01	-6.1548569401e+00
6.6522265960e-01	-6.1547206861e+00
6.6504109722e-01	-6.1545841466e+00
6.6485890811e-01	-6.1544473291e+00
6.6467608816e-01	-6.1543102380e+00
6.6449263309e-01	-6.1541728736e+00
6.6430853845e-01	-6.1540352305e+00
6.6412379963e-01	-6.1538972962e+00
6.6393841117e-01	-6.1537590478e+00
6.6375236794e-01	-6.1536204510e+00
6.6356566354e-01	-6.1534814559e+00
6.6337829185e-01	-6.1533419955e+00
6.6319024557e-01	-6.1532019823e+00
6.6300151673e-01	-6.1530613068e+00
6.6281209748e-01	-6.1529198377e+00
6.6262197942e-01	-6.1527774222e+00
6.6243115358e-01	-6.1526338899e+00
6.6223961131e-01	-6.1524890586e+00
6.6204734414e-01	-6.1523427426e+00
6.6185434476e-01	-6.1521947645e+00
6.6166060678e-01	-6.1520449662e+00
6.6146611960e-01	-6.1518932191e+00
6.6127087645e-01	-6.1517394374e+00
6.6107487577e-01	-6.1515835860e+00
6.6087811469e-01	-6.1514256808e+00
6.6068059129e-01	-6.1512657888e+00
6.6048230361e-01	-6.1511040206e+00
6.6028325438e-01	-6.1509405230e+00
6.6008344889e-01	-6.1507754671e+00
6.5988289225e-01	-6.1506090338e+00
6.5968158943e-01	-6.1504414048e+00
6.5947954035e-01	-6.1502727518e+00
6.5927672653e-01	-6.1501032238e+00
6.5907314151e-01	-6.1499329543e+00
6.5886878130e-01	-6.1497619595e+00
6.5866364501e-01	-6.1495893674e+00
6.5845772880e-01	-6.1494163143e+00
6.5825102876e-01	-6.1492428580e+00
6.5804353981e-01	-6.1490690410e+00
6.5783525704e-01	-6.1488948937e+00
6.5762617536e-01	-6.1487204370e+00
6.5741628958e-01	-6.1485456857e+00
6.5720559441e-01	-6.1483706462e+00
6.5699408448e-01	-6.1481953238e+00
6.5678175438e-01	-6.1480197206e+00
6.5656859864e-01	-6.1478438377e+00
6.5635461163e-01	-6.1476676750e+00
6.5613978795e-01	-6.1474912327e+00
6.5592412219e-01	-6.1473145205e+00
6.5570760854e-01	-6.1471375240e+00
6.5549024136e-01	-6.1469602479e+00
6.5527201494e-01	-6.1467826945e+00
6.5505292341e-01	-6.1466048650e+00
6.5483296061e-01	-6.1464267489e+00
6.5461211454e-01	-6.1462482081e+00
6.5439031458e-01	-6.1460677218e+00
6.5416694307e-01	-6.1458690315e+00
6.5408816287e-01	-6.1457008530e+00
6.5407363926e-01	-6.1456157090e+00
6.5405919409e-01	-6.1455186466e+00
6.5404501903e-01	-6.1454248607e+00
6.5403090395e-01	-6.1453445159e+00
6.5401716151e-01	-6.1452865313e+00
6.5400374546e-01	-6.1452447868e+00
6.5399054922e-01	-6.1452116450e+00
6.5397723145e-01	-6.1451814335e+00
6.5396413824e-01	-6.1451543771e+00
6.5395132064e-01	-6.1451297222e+00
6.5393875411e-01	-6.1451068266e+00
6.5392676570e-01	-6.1450869087e+00
6.5391611860e-01	-6.1450732562e+00
6.5390804418e-01	-6.1450713485e+00
6.5390566908e-01	-6.1450953127e+00
6.5391529003e-01	-6.1451735624e+00
6.5395047759e-01	-6.1453671273e+00
6.5404919583e-01	-6.1458452292e+00
6.5421877628e-01	-6.1466269261e+00
6.5449960869e-01	-6.1478831372e+00
6.5496062391e-01	-6.1498763145e+00
6.5555734958e-01	-6.1530270985e+00
6.5538606667e-01	-6.1532760592e+00
6.5526961096e-01	-6.1531811813e+00
6.5514433727e-01	-6.1530762386e+00
6.5501450605e-01	-6.1529657656e+00
6.5487776014e-01	-6.1528505336e+00
6.5473513130e-01	-6.1527316263e+00
6.5458287923e-01	-6.1526081037e+00
6.5442405022e-01	-6.1524812763e+00
6.5426467540e-01	-6.1523534387e+00
6.5410360533e-01	-6.1522243072e+00
6.5394087981e-01	-6.1520939895e+00
6.5377699314e-01	-6.1519627346e+00
6.5361190087e-01	-6.1518305870e+00
6.5344565243e-01	-6.1516976133e+00
6.5327819642e-01	-6.1515638368e+00
6.5310927567e-01	-6.1514292011e+00
6.5293856368e-01	-6.1512936201e+00
6.5276483715e-01	-6.1511566849e+00
6.5258942902e-01	-6.1510188925e+00
6.5241343786e-01	-6.1508806565e+00
6.5223687156e-01	-6.1507420007e+00
6.5205972778e-01	-6.1506029433e+00
6.5188198713e-01	-6.1504634948e+00
6.5170364510e-01	-6.1503236687e+00
6.5152469853e-01	-6.1501826892e+00
6.5134514451e-01	-6.1500412324e+00
6.5116497903e-01	-6.1498994369e+00
6.5098419844e-01	-6.1497573143e+00
6.5080279885e-01	-6.1496148752e+00
6.5062077633e-01	-6.1494721282e+00
6.5043812697e-01	-6.1493290800e+00
6.5025484643e-01	-6.1491857338e+00
6.5007093034e-01	-6.1490420882e+00
6.4988637407e-01	-6.1488981361e+00
6.4970117276e-01	-6.1487538624e+00
6.4951532095e-01	-6.1495725033e+00
6.4755781504e-01	-6.1482551639e+00
6.4743449272e-01	-6.1480934472e+00
6.4731157854e-01	-6.1479400880e+00
6.4718882692e-01	-6.1478009412e+00
6.4706623485e-01	-6.1476729358e+00
6.4694388429e-01	-6.1475526310e+00
6.4682190302e-01	-6.1474375715e+00
6.4670045418e-01	-6.1473261934e+00
6.4657973334e-01	-6.1472175650e+00
6.4645996985e-01	-6.1471111811e+00
6.4634142904e-01	-6.1470068224e+00
6.4622441602e-01	-6.1469044654e+00
6.4610928004e-01	-6.1468042253e+00
6.4599641930e-01	-6.1467063205e+00
6.4588628606e-01	-6.1466110523e+00
6.4577939189e-01	-6.1465187921e+00
6.4567631247e-01	-6.1464299748e+00
6.4557769140e-01	-6.1463450936e+00
6.4548424295e-01	-6.1462646959e+00
6.4539675275e-01	-6.1461893778e+00
6.4531607592e-01	-6.1461197750e+00
6.4524313636e-01	-6.1460565508e+00
6.4517893770e-01	-6.1460003835e+00
6.4512450514e-01	-6.1459519208e+00
6.4507516686e-01	-6.1459096505e+00
6.4489513833e-01	-6.1458241776e+00
6.4470247991e-01	-6.1457373954e+00
6.4454198931e-01	-6.1456545875e+00
6.4452864926e-01	-6.1456229730e+00
6.4451523390e-01	-6.1455689212e+00
6.4450190078e-01	-6.1454971620e+00
6.4448872917e-01	-6.1454232176e+00
6.4447558012e-01	-6.1453591757e+00
6.4446278370e-01	-6.1453118648e+00
6.4445025881e-01	-6.1452756714e+00
6.4443780323e-01	-6.1452447122e+00
6.4442533953e-01	-6.1452162884e+00
6.4441312628e-01	-6.1451904632e+00
6.4440124719e-01	-6.1451668848e+00
6.4438963552e-01	-6.1451447058e+00
6.4437899107e-01	-6.1451267525e+00
6.4437023755e-01	-6.1451168112e+00
6.4436532600e-01	-6.1451229029e+00
6.4436893045e-01	-6.1451642276e+00
6.4439030969e-01	-6.1452783469e+00
6.4445246002e-01	-6.1455598976e+00
6.4458513756e-01	-6.1461266956e+00
6.4480675589e-01	-6.1470505054e+00
6.4516943180e-01	-6.1485462407e+00
6.4520873708e-01	-6.1501676264e+00
6.4510497103e-01	-6.1500759360e+00
6.4499550723e-01	-6.1499744102e+00
6.4487718268e-01	-6.1498650355e+00
6.4475466902e-01	-6.1497515089e+00
6.4462407442e-01	-6.1496332857e+00
6.4448638439e-01	-6.1495111659e+00
6.4433812210e-01	-6.1493841414e+00
6.4418899952e-01	-6.1492559430e+00
6.4403844943e-01	-6.1491264951e+00
6.4388624494e-01	-6.1489958150e+00
6.4373285861e-01	-6.1488641544e+00
6.4357826397e-01	-6.1487315669e+00
6.4342251700e-01	-6.1485981248e+00
6.4326543722e-01	-6.1484638049e+00
6.4310687275e-01	-6.1483285875e+00
6.4294623558e-01	-6.1481922873e+00
6.4278221102e-01	-6.1480544468e+00
6.4261706224e-01	-6.1479159234e+00
6.4245138107e-01	-6.1477769584e+00
6.4228517609e-01	-6.1476375761e+00
6.4211842925e-01	-6.1474977888e+00
6.4195112947e-01	-6.1473576095e+00
6.4178327308e-01	-6.1472166837e+00
6.4161485827e-01	-6.1470748183e+00
6.4144588155e-01	-6.1469326015e+00
6.4127633932e-01	-6.1467900458e+00
6.4110622804e-01	-6.1466471629e+00
6.4093554409e-01	-6.1465039635e+00
6.4076428376e-01	-6.1463604567e+00
6.4059244338e-01	-6.1462166497e+00
6.4042001871e-01	-6.1460725461e+00
6.4024700584e-01	-6.1459281461e+00
6.4007340043e-01	-6.1457834443e+00
6.3989919793e-01	-6.1456384275e+00
6.3972439343e-01	-6.1454930732e+00
6.3954898164e-01	-6.1453473465e+00
6.3937295678e-01	-6.1452011978e+00
6.3919631274e-01	-6.1450545598e+00
6.3901904226e-01	-6.1449073443e+00
6.3884113806e-01	-6.1447594415e+00
6.3866259221e-01	-6.1446107187e+00
6.3848339632e-01	-6.1444610214e+00
6.3830354206e-01	-6.1443101772e+00
6.3812302040e-01	-6.1441580004e+00
6.3794182098e-01	-6.1440043017e+00
6.3775993064e-01	-6.1438488976e+00
6.3757734310e-01	-6.1436916263e+00
6.3739405271e-01	-6.1435323579e+00
6.3721005431e-01	-6.1433710047e+00
6.3702534555e-01	-6.1432075298e+00
6.3683993116e-01	-6.1430419526e+00
6.3665381562e-01	-6.1428743433e+00
6.3646700811e-01	-6.1427048198e+00
6.3627951732e-01	-6.1425335344e+00
6.3609133285e-01	-6.1423606559e+00
6.3590243690e-01	-6.1421863608e+00
6.3571283104e-01	-6.1420108314e+00
6.3552251046e-01	-6.1418339160e+00
6.3533147820e-01	-6.1416552047e+00
6.3513973152e-01	-6.1414757212e+00
6.3494726722e-01	-6.1412955819e+00
6.3475408171e-01	-6.1411148814e+00
6.3456017104e-01	-6.1409336941e+00
6.3436553099e-01	-6.1407520769e+00
6.3417015710e-01	-6.1405700713e+00
6.3397404460e-01	-6.1403877080e+00
6.3377718896e-01	-6.1402050054e+00
6.3357958498e-01	-6.1400219765e+00
6.3338122798e-01	-6.1398386293e+00
6.3318211275e-01	-6.1396549680e+00
6.3298223416e-01	-6.1394709944e+00
6.3278158706e-01	-6.1392867092e+00
6.3258016620e-01	-6.1391021122e+00
6.3237796641e-01	-6.1389172036e+00
6.3217498232e-01	-6.1387319833e+00
6.3197120870e-01	-6.1385464586e+00
6.3176664034e-01	-6.1383606202e+00
6.3156127162e-01	-6.1381744721e+00
6.3135509727e-01	-6.1379880162e+00
6.3114811119e-01	-6.1378012421e+00
6.3094030188e-01	-6.1376140122e+00
6.3073159886e-01	-6.1374248092e+00
6.3052138157e-01	-6.1372174158e+00
6.3044012507e-01	-6.1370329694e+00
6.3042556573e-01	-6.1369427659e+00
6.3041111166e-01	-6.1368415494e+00
6.3039696445e-01	-6.1367455852e+00
6.3038284868e-01	-6.1366643043e+00
6.3036912766e-01	-6.1366051632e+00
6.3035574075e-01	-6.1365617611e+00
6.3034254669e-01	-6.1365263638e+00
6.3032924936e-01	-6.1364939035e+00
6.3031621173e-01	-6.1364646611e+00
6.3030350564e-01	-6.1364379841e+00
6.3029108739e-01	-6.1364131147e+00
6.3027949001e-01	-6.1363920700e+00
6.3026965266e-01	-6.1363786650e+00
6.3026330667e-01	-6.1363800883e+00
6.3026479106e-01	-6.1364145927e+00
6.3028277791e-01	-6.1365187175e+00
6.3033771268e-01	-6.1367768148e+00
6.3047785451e-01	-6.1373857797e+00
6.3071291142e-01	-6.1383748729e+00
6.3109735292e-01	-6.1399566008e+00
6.3172256196e-01	-6.1424544888e+00
6.3204143924e-01	-6.1453786111e+00
6.3193755455e-01	-6.1452840700e+00
6.3182010792e-01	-6.1451761277e+00
6.3169677728e-01	-6.1450605871e+00
6.3156586205e-01	-6.1449391853e+00
6.3142862823e-01	-6.1448134577e+00
6.3128491019e-01	-6.1446838410e+00
6.3113368504e-01	-6.1445502286e+00
6.3097144288e-01	-6.1444114516e+00
6.3080549731e-01	-6.1442704775e+00
6.3063865268e-01	-6.1441284976e+00
6.3046999457e-01	-6.1439852396e+00
6.3029996955e-01	-6.1438409423e+00
6.3012865567e-01	-6.1436956893e+00
6.2995601173e-01	-6.1435495090e+00
6.2978198728e-01	-6.1434024187e+00
6.2960632496e-01	-6.1432543500e+00
6.2942846620e-01	-6.1431051119e+00
6.2924697897e-01	-6.1429541693e+00
6.2906404638e-01	-6.1428023945e+00
6.2888050795e-01	-6.1426501366e+00
6.2869637418e-01	-6.1424974192e+00
6.2851162884e-01	-6.1423442538e+00
6.2832625658e-01	-6.1421906501e+00
6.2814025359e-01	-6.1420363667e+00
6.2795361731e-01	-6.1418809492e+00
6.2776634395e-01	-6.1417251304e+00
6.2757842958e-01	-6.1415689218e+00
6.2738986976e-01	-6.1414123333e+00
6.2720066045e-01	-6.1412553739e+00
6.2701079752e-01	-6.1410980505e+00
6.2682027620e-01	-6.1409403669e+00
6.2662909228e-01	-6.1407823237e+00
6.2643724081e-01	-6.1406239158e+00
6.2624471674e-01	-6.1404651312e+00
6.2605151450e-01	-6.1403059485e+00
6.2585762856e-01	-6.1401463350e+00
6.2566305270e-01	-6.1399862434e+00
6.2546778039e-01	-6.1398256093e+00
6.2527180388e-01	-6.1396643479e+00
6.2507511572e-01	-6.1395023530e+00
6.2487770701e-01	-6.1393394947e+00
6.2467956934e-01	-6.1391756217e+00
6.2448069291e-01	-6.1390105623e+00
6.2428106946e-01	-6.1388441322e+00
6.2408068874e-01	-6.1386761402e+00
6.2387953494e-01	-6.1385063974e+00
6.2367760060e-01	-6.1383347358e+00
6.2347487917e-01	-6.1381610168e+00
6.2327136392e-01	-6.1379851422e+00
6.2306705273e-01	-6.1378070657e+00
6.2286194911e-01	-6.1376267960e+00
6.2265605822e-01	-6.1374443951e+00
6.2244938873e-01	-6.1372599737e+00
6.2224195009e-01	-6.1370736803e+00
6.2203372873e-01	-6.1368856800e+00
6.2182470637e-01	-6.1366961484e+00
6.2161488459e-01	-6.1365052698e+00
6.2140425821e-01	-6.1363127765e+00
6.2119282966e-01	-6.1361184670e+00
6.2098059567e-01	-6.1359232812e+00
6.2076755252e-01	-6.1357273389e+00
6.2055369604e-01	-6.1355307376e+00
6.2033902169e-01	-6.1353335541e+00
6.2012352466e-01	-6.1351358467e+00
6.1990719984e-01	-6.1349376585e+00
6.1969004196e-01	-6.1347390196e+00
6.1947204541e-01	-6.1345399502e+00
6.1925320488e-01	-6.1343404634e+00
6.1903351466e-01	-6.1341405664e+00
6.1881296893e-01	-6.1339402630e+00
6.1859156189e-01	-6.1337395542e+00
6.1836928768e-01	-6.1335384399e+00
6.1814614036e-01	-6.1333369194e+00
6.1792211401e-01	-6.1331349917e+00
6.1769720262e-01	-6.1329326561e+00
6.1747140015e-01	-6.1327299122e+00
6.1724470053e-01	-6.1325267603e+00
6.1701709765e-01	-6.1323232011e+00
6.1678858531e-01	-6.1321192351e+00
6.1655915696e-01	-6.1319148563e+00
6.1632880121e-01	-6.1317099808e+00
6.1609745675e-01	-6.1315036842e+00
6.1586473129e-01	-6.1312860964e+00
6.1572352594e-01	-6.1310397559e+00
6.1570771022e-01	-6.1309467873e+00
6.1569201019e-01	-6.1308428963e+00
6.1567662074e-01	-6.1307441973e+00
6.1566125233e-01	-6.1306604744e+00
6.1564629405e-01	-6.1305999222e+00
6.1563167928e-01	-6.1305549593e+00
6.1561725005e-01	-6.1305177951e+00
6.1560272705e-01	-6.1304835701e+00
6.1558848027e-01	-6.1304525943e+00
6.1557458897e-01	-6.1304242494e+00
6.1556099281e-01	-6.1303976872e+00
6.1554832281e-01	-6.1303753052e+00
6.1553758824e-01	-6.1303611196e+00
6.1553075994e-01	-6.1303631258e+00
6.1553272981e-01	-6.1304014500e+00
6.1555333810e-01	-6.1305166156e+00
6.1561695919e-01	-6.1308081118e+00
6.1575871000e-01	-6.1314096780e+00
6.1599579864e-01	-6.1323854879e+00
6.1638322063e-01	-6.1339452447e+00
6.1701240636e-01	-6.1364057016e+00
6.1726714424e-01	-6.1400259490e+00
6.1556456535e-01	-6.1324530096e+00
6.1349444451e-01	-6.1095333707e+00
6.1128764493e-01	-6.0649824731e+00
5.8996204297e-01	-6.0631749242e+00
5.8992339573e-01	-6.0646398513e+00
5.8992423271e-01	-6.0652497211e+00
5.8992589419e-01	-6.0658306172e+00
5.8992928072e-01	-6.0663169322e+00
5.8993539877e-01	-6.0667147967e+00
5.8994285987e-01	-6.0670197278e+00
5.8995090725e-01	-6.0672704023e+00
5.8995939423e-01	-6.0674938040e+00
5.8996857140e-01	-6.0677063311e+00
5.8997729044e-01	-6.0679013982e+00
5.8998516859e-01	-6.0680799038e+00
5.8999235984e-01	-6.0682465630e+00
5.8999664412e-01	-6.0683788089e+00
5.8999491633e-01	-6.0684442283e+00
5.8998066105e-01	-6.0683727729e+00
5.8993812479e-01	-6.0679933177e+00
5.8983560961e-01	-6.0669573213e+00
5.8959152378e-01	-6.0643475859e+00
5.8919770019e-01	-6.0599792777e+00
5.8850684749e-01	-6.0528452183e+00
5.8742390170e-01	-6.0412332088e+00
5.8561799193e-01	-6.0223439557e+00
5.8333266372e-01	-5.9985872997e+00
5.8099477617e-01	-5.9635906288e+00
5.7010540163e-01	-5.9610236692e+00
5.7004570643e-01	-5.9612860732e+00
5.6998430830e-01	-5.9619107515e+00
5.6992061733e-01	-5.9626922832e+00
5.6985436736e-01	-5.9635506002e+00
5.6978702326e-01	-5.9644488845e+00
5.6971877349e-01	-5.9653686663e+00
5.6964968116e-01	-5.9663003029e+00
5.6957979521e-01	-5.9672437502e+00
5.6950911273e-01	-5.9681988165e+00
5.6943762600e-01	-5.9691574934e+00
5.6936531272e-01	-5.9701198159e+00
5.6929214146e-01	-5.9710863960e+00
5.6921807515e-01	-5.9720582035e+00
5.6914307131e-01	-5.9730363990e+00
5.6906703767e-01	-5.9740221661e+00
5.6898995594e-01	-5.9750169208e+00
5.6891181071e-01	-5.9760218220e+00
5.6883260842e-01	-5.9770375179e+00
5.6875235086e-01	-5.9780640403e+00
5.6867104599e-01	-5.9791009856e+00
5.6858870902e-01	-5.9801476014e+00
5.6850536171e-01	-5.9812028307e+00
5.6841858397e-01	-5.9822660361e+00
5.6832465209e-01	-5.9833367905e+00
5.6822984880e-01	-5.9844120049e+00
5.6813419040e-01	-5.9854902764e+00
5.6803768377e-01	-5.9865703255e+00
5.6794034242e-01	-5.9876641839e+00
5.6784217338e-01	-5.9887583084e+00
5.6774318840e-01	-5.9898512190e+00
5.6764339586e-01	-5.9909422626e+00
5.6754280090e-01	-5.9920309341e+00
5.6744140550e-01	-5.9931168580e+00
5.6733920924e-01	-5.9941997634e+00
5.6723620950e-01	-5.9952794647e+00
5.6713240025e-01	-5.9963558440e+00
5.6702769085e-01	-5.9974288488e+00
5.6692212138e-01	-5.9984990339e+00
5.6681571415e-01	-5.9995665147e+00
5.6670846846e-01	-6.0006309871e+00
5.6660038116e-01	-6.0016922550e+00
5.6649126162e-01	-6.0027502655e+00
5.6638019494e-01	-6.0038052298e+00
5.6626831083e-01	-6.0048568622e+00
5.6615559366e-01	-6.0059051822e+00
5.6604201665e-01	-6.0069578907e+00
5.6592755148e-01	-6.0080129760e+00
5.6581219174e-01	-6.0090646984e+00
5.6569593166e-01	-6.0101130417e+00
5.6557876590e-01	-6.0111579796e+00
5.6546068947e-01	-6.0121994773e+00
5.6534169760e-01	-6.0132374933e+00
5.6522178534e-01	-6.0142719873e+00
5.6510094552e-01	-6.0153029706e+00
5.6497914747e-01	-6.0163310390e+00
5.6485611437e-01	-6.0173630471e+00
5.6472434282e-01	-6.0184729061e+00
5.6465294353e-01	-6.0200913077e+00
5.6465644680e-01	-6.0206726675e+00
5.6466040634e-01	-6.0212412743e+00
5.6466570800e-01	-6.0217259521e+00
5.6467352102e-01	-6.0221313550e+00
5.6468238417e-01	-6.0224512161e+00
5.6469164915e-01	-6.0227204736e+00
5.6470132102e-01	-6.0229645730e+00
5.6471163367e-01	-6.0231982937e+00
5.6472141538e-01	-6.0234142334e+00
5.6473028343e-01	-6.0236128947e+00
5.6473853450e-01	-6.0238003904e+00
5.6474361914e-01	-6.0239498525e+00
5.6474231448e-01	-6.0240266425e+00
5.6472750588e-01	-6.0239520532e+00
5.6468206370e-01	-6.0235351933e+00
5.6457109346e-01	-6.0223830405e+00
5.6429163812e-01	-6.0194147290e+00
5.6380932544e-01	-6.0144701331e+00
5.6304157030e-01	-6.0063745928e+00
5.6182346343e-01	-5.9933127163e+00
5.5979438134e-01	-5.9722221726e+00
5.5750550942e-01	-5.9482874919e+00
5.5563568904e-01	-5.9294631912e+00
5.5423723988e-01	-5.9149558596e+00
5.5312983817e-01	-5.9033766158e+00
5.5122943951e-01	-5.8857645697e+00
5.4884659091e-01	-5.8552048376e+00
5.4658788242e-01	-5.8615481827e+00
5.4653699128e-01	-5.8627093580e+00
5.4648535561e-01	-5.8639588168e+00
5.4643263171e-01	-5.8652267957e+00
5.4637885209e-01	-5.8665062459e+00
5.4632411031e-01	-5.8677942965e+00
5.4626850967e-01	-5.8690881479e+00
5.4621048466e-01	-5.8703853329e+00
5.4615150993e-01	-5.8716826396e+00
5.4609204752e-01	-5.8729773175e+00
5.4603214113e-01	-5.8742686710e+00
5.4597181624e-01	-5.8755694585e+00
5.4591108960e-01	-5.8768615282e+00
5.4584998642e-01	-5.8781436469e+00
5.4578851717e-01	-5.8794149668e+00
5.4572667863e-01	-5.8806750031e+00
5.4566445528e-01	-5.8819235986e+00
5.4560182085e-01	-5.8831609026e+00
5.4553873991e-01	-5.8843873121e+00
5.4547516955e-01	-5.8856034415e+00
5.4541106084e-01	-5.8868100833e+00
5.4534636065e-01	-5.8880081645e+00
5.4528101267e-01	-5.8891987178e+00
5.4521495877e-01	-5.8903828437e+00
5.4514814214e-01	-5.8915616691e+00
5.4508054447e-01	-5.8927363387e+00
5.4501216520e-01	-5.8939079414e+00
5.4494291693e-01	-5.8950868865e+00
5.4487269272e-01	-5.8962712579e+00
5.4480144775e-01	-5.8974554933e+00
5.4472914531e-01	-5.8986403696e+00
5.4465568729e-01	-5.8998265626e+00
5.4458103538e-01	-5.9010162315e+00
5.4450524929e-01	-5.9022092406e+00
5.4442833563e-01	-5.9034047054e+00
5.4435029944e-01	-5.9046022055e+00
5.4427114902e-01	-5.9058014325e+00
5.4419088539e-01	-5.9070024595e+00
5.4410932869e-01	-5.9082105283e+00
5.4402506506e-01	-5.9094837288e+00
5.4397878536e-01	-5.9112588457e+00
5.4399207754e-01	-5.9118471694e+00
5.4400531774e-01	-5.9124293149e+00
5.4401925403e-01	-5.9129418768e+00
5.4403494125e-01	-5.9133795843e+00
5.4405191074e-01	-5.9137513519e+00
5.4406901471e-01	-5.9140728669e+00
5.4408594486e-01	-5.9143629339e+00
5.4410408996e-01	-5.9146502958e+00
5.4412175691e-01	-5.9149225233e+00
5.4413842430e-01	-5.9151769715e+00
5.4415429864e-01	-5.9154187392e+00
5.4416789601e-01	-5.9156342454e+00
5.4417563359e-01	-5.9157880558e+00
5.4417177162e-01	-5.9158222537e+00
5.4414135172e-01	-5.9155841127e+00
5.4405303577e-01	-5.9147518955e+00
5.4383193980e-01	-5.9125750685e+00
5.4346457608e-01	-5.9088955628e+00
5.4286657171e-01	-5.9029548850e+00
5.4190104986e-01	-5.8936304045e+00
5.4040658957e-01	-5.8783520867e+00
5.3802268156e-01	-5.8541341859e+00
5.3539245075e-01	-5.8296310070e+00
5.3348699042e-01	-5.8087660807e+00
5.3188952399e-01	-5.7959046667e+00
5.3067552695e-01	-5.7771425934e+00
5.2683940172e-01	-5.7858867573e+00
5.2682149856e-01	-5.7871632585e+00
5.2680355939e-01	-5.7882811069e+00
5.2678556466e-01	-5.7893438529e+00
5.2676723271e-01	-5.7903800267e+00
5.2674835444e-01	-5.7914034342e+00
5.2672877683e-01	-5.7924224690e+00
5.2670837970e-01	-5.7934427938e+00
5.2668708185e-01	-5.7944684838e+00
5.2666485148e-01	-5.7955026070e+00
5.2664163187e-01	-5.7965475455e+00
5.2661736446e-01	-5.7976097701e+00
5.2659189942e-01	-5.7986989104e+00
5.2656516518e-01	-5.7998038010e+00
5.2653710514e-01	-5.8009255848e+00
5.2650766442e-01	-5.8020653304e+00
5.2647678973e-01	-5.8032240842e+00
5.2644442934e-01	-5.8044029129e+00
5.2641053440e-01	-5.8056028880e+00
5.2637506024e-01	-5.8068250683e+00
5.2633796875e-01	-5.8080704331e+00
5.2629923088e-01	-5.8093398055e+00
5.2625882983e-01	-5.8106337477e+00
5.2621676001e-01	-5.8119524426e+00
5.2617285999e-01	-5.8132962631e+00
5.2612724724e-01	-5.8146686554e+00
5.2608013631e-01	-5.8160663493e+00
5.2603168894e-01	-5.8174851023e+00
5.2598196221e-01	-5.8189405227e+00
5.2592938365e-01	-5.8204113024e+00
5.2586543132e-01	-5.8218933577e+00
5.2580056049e-01	-5.8233791367e+00
5.2573494902e-01	-5.8248637320e+00
5.2566876408e-01	-5.8263423453e+00
5.2560215502e-01	-5.8278105037e+00
5.2553524811e-01	-5.8292642374e+00
5.2546814468e-01	-5.8307002082e+00
5.2540092002e-01	-5.8321157325e+00
5.2533361724e-01	-5.8335088926e+00
5.2526625674e-01	-5.8348785372e+00
5.2519694315e-01	-5.8362246539e+00
5.2512699536e-01	-5.8375469063e+00
5.2505709904e-01	-5.8388579872e+00
5.2498707235e-01	-5.8401527604e+00
5.2491684887e-01	-5.8414258542e+00
5.2484635790e-01	-5.8426787913e+00
5.2477552283e-01	-5.8439132822e+00
5.2470426296e-01	-5.8451311721e+00
5.2463249433e-01	-5.8463344287e+00
5.2456012496e-01	-5.8475253554e+00
5.2448699304e-01	-5.8487093488e+00
5.2441223237e-01	-5.8499239983e+00
5.2434846778e-01	-5.8514693815e+00
5.2437325763e-01	-5.8521280732e+00
5.2439067044e-01	-5.8526683665e+00
5.2440828590e-01	-5.8531654660e+00
5.2442662525e-01	-5.8535896250e+00
5.2444702499e-01	-5.8539643394e+00
5.2446749501e-01	-5.8542864187e+00
5.2448773966e-01	-5.8545755795e+00
5.2450848987e-01	-5.8548515646e+00
5.2452961899e-01	-5.8551195509e+00
5.2454982122e-01	-5.8553718463e+00
5.2456881669e-01	-5.8556090472e+00
5.2458705708e-01	-5.8558368984e+00
5.2460074244e-01	-5.8560229476e+00
5.2460569623e-01	-5.8561308840e+00
5.2459197007e-01	-5.8560727788e+00
5.2453553377e-01	-5.8556366962e+00
5.2438686544e-01	-5.8543881854e+00
5.2409610168e-01	-5.8518778861e+00
5.2362110467e-01	-5.8476699265e+00
5.2287229790e-01	-5.8404798843e+00
5.2172512921e-01	-5.8275619071e+00
5.1974558311e-01	-5.8078830077e+00
5.1661789445e-01	-5.7833224456e+00
5.1468733362e-01	-5.7585111093e+00
5.1311911903e-01	-5.7428011191e+00
5.1187550588e-01	-5.7342902078e+00
5.1088006149e-01	-5.7281077248e+00
5.1012171506e-01	-5.7232579907e+00
5.0895095606e-01	-5.7146685268e+00
5.0725369821e-01	-5.6861110010e+00
4.9379576495e-01	-5.6895823041e+00
4.9370542879e-01	-5.6931151780e+00
4.9363077924e-01	-5.6953768573e+00
4.9356225987e-01	-5.6971834286e+00
4.9349693615e-01	-5.6987859517e+00
4.9343366704e-01	-5.7002716446e+00
4.9337188368e-01	-5.7016751455e+00
4.9331122505e-01	-5.7030130296e+00
4.9325141832e-01	-5.7042952454e+00
4.9319223658e-01	-5.7055290231e+00
4.9313348262e-01	-5.7067202527e+00
4.9307498179e-01	-5.7078739892e+00
4.9301658083e-01	-5.7089946948e+00
4.9295813900e-01	-5.7100862593e+00
4.9289958969e-01	-5.7111522768e+00
4.9284098631e-01	-5.7121978590e+00
4.9278208024e-01	-5.7132437709e+00
4.9272267566e-01	-5.7142725791e+00
4.9266268233e-01	-5.7152867740e+00
4.9260201582e-01	-5.7162886535e+00
4.9254059649e-01	-5.7172803588e+00
4.9247834849e-01	-5.7182639032e+00
4.9241519910e-01	-5.7192411954e+00
4.9235107786e-01	-5.7202140650e+00
4.9228591597e-01	-5.7211842803e+00
4.9221964557e-01	-5.7221535727e+00
4.9215219867e-01	-5.7231236773e+00
4.9208350186e-01	-5.7240966025e+00
4.9201342567e-01	-5.7250774986e+00
4.9194128163e-01	-5.7261039366e+00
4.9190310538e-01	-5.7274387398e+00
4.9192709391e-01	-5.7278616111e+00
4.9195065181e-01	-5.7282815571e+00
4.9197411297e-01	-5.7286606105e+00
4.9199816562e-01	-5.7289920804e+00
4.9202364109e-01	-5.7292926012e+00
4.9204871702e-01	-5.7295611835e+00
4.9207323966e-01	-5.7298090088e+00
4.9209863834e-01	-5.7300534863e+00
4.9212388012e-01	-5.7302908064e+00
4.9214797781e-01	-5.7305166858e+00
4.9217116469e-01	-5.7307345053e+00
4.9219298021e-01	-5.7309419887e+00
4.9220963224e-01	-5.7311130209e+00
4.9221649388e-01	-5.7312149138e+00
4.9220146932e-01	-5.7311618463e+00
4.9213670636e-01	-5.7307595238e+00
4.9195771170e-01	-5.7295761265e+00
4.9164949631e-01	-5.7275531036e+00
4.9114040146e-01	-5.7243061218e+00
4.9031691546e-01	-5.7191311947e+00
4.8902676817e-01	-5.7103429185e+00
4.8727898700e-01	-5.6895332258e+00
4.8601887117e-01	-5.6651668657e+00
4.8483337551e-01	-5.6548560021e+00
4.8379948067e-01	-5.6487158088e+00
4.8294209661e-01	-5.6443371754e+00
4.8157380420e-01	-5.6377203025e+00
4.7951467178e-01	-5.6276310509e+00
4.7685093938e-01	-5.6041863311e+00
4.7654948690e-01	-5.5768412533e+00
4.7700907666e-01	-5.5897919289e+00
4.7690165093e-01	-5.5946822448e+00
4.7682278001e-01	-5.5983017563e+00
4.7676320841e-01	-5.6013017490e+00
4.7671648097e-01	-5.6038542084e+00
4.7667901816e-01	-5.6060627206e+00
4.7664840048e-01	-5.6080132317e+00
4.7662293453e-01	-5.6097654331e+00
4.7660139826e-01	-5.6113621193e+00
4.7658290323e-01	-5.6128347991e+00
4.7656674281e-01	-5.6142069593e+00
4.7655238322e-01	-5.6154972616e+00
4.7653949736e-01	-5.6167202584e+00
4.7652777645e-01	-5.6178874165e+00
4.7651693084e-01	-5.6190233694e+00
4.7650659635e-01	-5.6201278246e+00
4.7649658892e-01	-5.6211979224e+00
4.7648675582e-01	-5.6222384076e+00
4.7647696926e-01	-5.6232530675e+00
4.7646712133e-01	-5.6242449404e+00
4.7645711983e-01	-5.6252164889e+00
4.7644688473e-01	-5.6261697722e+00
4.7643634561e-01	-5.6271065404e+00
4.7642543955e-01	-5.6280283341e+00
4.7641410948e-01	-5.6289365535e+00
4.7640230310e-01	-5.6298324912e+00
4.7638997185e-01	-5.6307173754e+00
4.7637707039e-01	-5.6315923760e+00
4.7636355602e-01	-5.6324586159e+00
4.7634938841e-01	-5.6333171727e+00
4.7633452920e-01	-5.6341690822e+00
4.7631894177e-01	-5.6350153420e+00
4.7630259476e-01	-5.6358569076e+00
4.7628554404e-01	-5.6366946967e+00
4.7626785080e-01	-5.6375295756e+00
4.7624939736e-01	-5.6383837895e+00
4.7623004970e-01	-5.6392370989e+00
4.7620977646e-01	-5.6400900784e+00
4.7618854624e-01	-5.6409435884e+00
4.7616632733e-01	-5.6417984922e+00
4.7614308753e-01	-5.6426556621e+00
4.7611879370e-01	-5.6435159942e+00
4.7609341156e-01	-5.6443804149e+00
4.7606690536e-01	-5.6452498930e+00
4.7603923751e-01	-5.6461254441e+00
4.7601036819e-01	-5.6470081666e+00
4.7598025497e-01	-5.6478992254e+00
4.7594885243e-01	-5.6487998803e+00
4.7591611144e-01	-5.6497115056e+00
4.7588197874e-01	-5.6506356042e+00
4.7584639622e-01	-5.6515738316e+00
4.7580930014e-01	-5.6525280190e+00
4.7577062035e-01	-5.6535002012e+00
4.7573027923e-01	-5.6544926476e+00
4.7568819058e-01	-5.6555078996e+00
4.7564431787e-01	-5.6565487998e+00
4.7559883653e-01	-5.6576291525e+00
4.7555136952e-01	-5.6587567523e+00
4.7550171230e-01	-5.6599217647e+00
4.7544971466e-01	-5.6611289485e+00
4.7539520507e-01	-5.6623838408e+00
4.7533795967e-01	-5.6636946477e+00
4.7527738937e-01	-5.6650917225e+00
4.7521016478e-01	-5.6667925333e+00
4.7524551365e-01	-5.6679186914e+00
4.7526820627e-01	-5.6684939440e+00
4.7529073231e-01	-5.6690266231e+00
4.7531348546e-01	-5.6695117315e+00
4.7533774962e-01	-5.6699787517e+00
4.7536155730e-01	-5.6704129953e+00
4.7538476255e-01	-5.6708252672e+00
4.7540850985e-01	-5.6712386748e+00
4.7543221509e-01	-5.6716502410e+00
4.7545478900e-01	-5.6720486677e+00
4.7547638654e-01	-5.6724377364e+00
4.7549698627e-01	-5.6728178679e+00
4.7551323344e-01	-5.6731421031e+00
4.7552145002e-01	-5.6733557959e+00
4.7551210735e-01	-5.6733195707e+00
4.7546201163e-01	-5.6727123006e+00
4.7531631609e-01	-5.6708794202e+00
4.7505649765e-01	-5.6679046424e+00
4.7461031495e-01	-5.6636066659e+00
4.7385653559e-01	-5.6577964876e+00
4.7261035807e-01	-5.6502682455e+00
4.7059498772e-01	-5.6397783225e+00
4.6753871288e-01	-5.6225957347e+00
4.6598888698e-01	-5.5987387012e+00
4.6570929557e-01	-5.5721173370e+00
4.5793609165e-01	-5.5759966376e+00
4.5780231981e-01	-5.5800003160e+00
4.5765752186e-01	-5.5843319230e+00
4.5752429572e-01	-5.5887343088e+00
4.5741147598e-01	-5.5927320513e+00
4.5731839645e-01	-5.5961819009e+00
4.5724038375e-01	-5.5991917218e+00
4.5717329685e-01	-5.6017816320e+00
4.5711427966e-01	-5.6040473308e+00
4.5706127670e-01	-5.6060627620e+00
4.5701280780e-01	-5.6078824538e+00
4.5696780607e-01	-5.6095464093e+00
4.5692544840e-01	-5.6110840154e+00
4.5688511164e-01	-5.6125181834e+00
4.5684642361e-01	-5.6138665606e+00
4.5680904761e-01	-5.6151455306e+00
4.5677256177e-01	-5.6163871623e+00
4.5673662923e-01	-5.6175755555e+00
4.5670103810e-01	-5.6187182154e+00
4.5666561019e-01	-5.6198213760e+00
4.5663019367e-01	-5.6208902847e+00
4.5659465815e-01	-5.6219293910e+00
4.5655889059e-01	-5.6229425008e+00
4.5652279222e-01	-5.6239328935e+00
4.5648627595e-01	-5.6249034110e+00
4.5644926444e-01	-5.6258565491e+00
4.5641168848e-01	-5.6267944939e+00
4.5637348569e-01	-5.6277191823e+00
4.5633459935e-01	-5.6286323427e+00
4.5629497749e-01	-5.6295355274e+00
4.5625457213e-01	-5.6304301419e+00
4.5621333859e-01	-5.6313174688e+00
4.5617123483e-01	-5.6321986900e+00
4.5612822232e-01	-5.6330749022e+00
4.5608435259e-01	-5.6339471242e+00
4.5603973159e-01	-5.6348246764e+00
4.5599414398e-01	-5.6357142003e+00
4.5594750135e-01	-5.6366025276e+00
4.5589976919e-01	-5.6374905861e+00
4.5585091285e-01	-5.6383792929e+00
4.5580089736e-01	-5.6392695715e+00
4.5574968697e-01	-5.6401623639e+00
4.5569724492e-01	-5.6410586412e+00
4.5564353304e-01	-5.6419594157e+00
4.5558851136e-01	-5.6428657531e+00
4.5553213776e-01	-5.6437787861e+00
4.5547436750e-01	-5.6446997290e+00
4.5541515255e-01	-5.6456299063e+00
4.5535443893e-01	-5.6465708878e+00
4.5529214360e-01	-5.6475259332e+00
4.5522792120e-01	-5.6485146453e+00
4.5515943117e-01	-5.6496940500e+00
4.5520486918e-01	-5.6504293847e+00
4.5523242711e-01	-5.6508250723e+00
4.5525971655e-01	-5.6511860368e+00
4.5528730217e-01	-5.6515075870e+00
4.5531646776e-01	-5.6518081361e+00
4.5534508318e-01	-5.6520821598e+00
4.5537302074e-01	-5.6523385809e+00
4.5540189124e-01	-5.6525942906e+00
4.5543056097e-01	-5.6528445784e+00
4.5545799109e-01	-5.6530845964e+00
4.5548465935e-01	-5.6533189553e+00
4.5550982194e-01	-5.6535433061e+00
4.5552964325e-01	-5.6537315981e+00
4.5553940420e-01	-5.6538507492e+00
4.5552589068e-01	-5.6538084113e+00
4.5545898023e-01	-5.6533990709e+00
4.5530161370e-01	-5.6523849725e+00
4.5502915432e-01	-5.6506619521e+00
4.5457637565e-01	-5.6479343673e+00
4.5383632574e-01	-5.6437491925e+00
4.5264248216e-01	-5.6373415782e+00
4.5077378378e-01	-5.6272554962e+00
4.4820387393e-01	-5.6032859796e+00
4.4792992387e-01	-5.5793140839e+00
4.4768276985e-01	-5.5685653429e+00
4.4773965040e-01	-5.5681931847e+00
4.4779833547e-01	-5.5678068204e+00
4.4786097303e-01	-5.5673904844e+00
4.4793276770e-01	-5.5669079476e+00
4.4803663160e-01	-5.5662058788e+00
4.4810777413e-01	-5.5657482915e+00
4.4816413327e-01	-5.5653969147e+00
4.4821298356e-01	-5.5651045759e+00
4.4825290676e-01	-5.5648463122e+00
4.4823870673e-01	-5.5646566673e+00
4.4822161566e-01	-5.5644359657e+00
4.4819977861e-01	-5.5641589725e+00
4.4817607630e-01	-5.5638624645e+00
4.4815280261e-01	-5.5635778444e+00
4.4812673061e-01	-5.5632692347e+00
4.4810139372e-01	-5.5629786061e+00
4.4807308782e-01	-5.5626614159e+00
4.4803937231e-01	-5.5622909744e+00
4.4800737692e-01	-5.5619476092e+00
4.4797003918e-01	-5.5615591782e+00
4.4793492935e-01	-5.5612052118e+00
4.4789604426e-01	-5.5608230727e+00
4.4785147083e-01	-5.5603953528e+00
4.4780673767e-01	-5.5599778321e+00
4.4775690532e-01	-5.5595274649e+00
4.4770781151e-01	-5.5591038672e+00
4.4764730060e-01	-5.5585996757e+00
4.4758692381e-01	-5.5581138315e+00
4.4751471631e-01	-5.5575592412e+00
4.4744383163e-01	-5.5570456799e+00
4.4735509029e-01	-5.5564179675e+00
4.4726800484e-01	-5.5558014710e+00
4.4716798936e-01	-5.5551273090e+00
4.4706218274e-01	-5.5544575673e+00
4.4692636548e-01	-5.5536647290e+00
4.4676977522e-01	-5.5527042060e+00
4.4661214032e-01	-5.5517950303e+00
4.4639093387e-01	-5.5506216938e+00
4.4611721629e-01	-5.5491850829e+00
4.4579614888e-01	-5.5475513021e+00
4.4525949668e-01	-5.5450438948e+00
4.4444731868e-01	-5.5412599863e+00
4.4316584193e-01	-5.5358281569e+00
4.4118553490e-01	-5.5274401139e+00
4.3819599824e-01	-5.5147893288e+00
4.3598183665e-01	-5.5046356604e+00
4.3432904583e-01	-5.4952499686e+00
4.3326498636e-01	-5.4815885760e+00
4.3341828510e-01	-5.4750717850e+00
4.3363036820e-01	-5.4750795487e+00
4.3379108711e-01	-5.4632951287e+00
4.3411640418e-01	-5.4684734276e+00
4.3361505724e-01	-5.4763353461e+00
4.3349025118e-01	-5.4839698420e+00
4.3344192220e-01	-5.4875015989e+00
4.3341707350e-01	-5.4897423459e+00
4.3340139782e-01	-5.4914836380e+00
4.3339029566e-01	-5.4929627594e+00
4.3338187223e-01	-5.4942898896e+00
4.3337517068e-01	-5.4955148341e+00
4.3336962171e-01	-5.4966639032e+00
4.3336484218e-01	-5.4977531463e+00
4.3336055179e-01	-5.4987935175e+00
4.3335653417e-01	-5.4997931013e+00
4.3335261646e-01	-5.5007581702e+00
4.3334865734e-01	-5.5016937325e+00
4.3334453927e-01	-5.5026038823e+00
4.3334016315e-01	-5.5034920120e+00
4.3333544459e-01	-5.5043609636e+00
4.3333031259e-01	-5.5052131368e+00
4.3332476863e-01	-5.5060505641e+00
4.3331881243e-01	-5.5068829632e+00
4.3331229365e-01	-5.5077154769e+00
4.3330514812e-01	-5.5085375650e+00
4.3329733804e-01	-5.5093503866e+00
4.3328882958e-01	-5.5101549508e+00
4.3327959233e-01	-5.5109521365e+00
4.3326959880e-01	-5.5117427125e+00
4.3325882401e-01	-5.5125273530e+00
4.3324724518e-01	-5.5133066499e+00
4.3323484142e-01	-5.5140811241e+00
4.3322159347e-01	-5.5148512346e+00
4.3320748351e-01	-5.5156173865e+00
4.3319249497e-01	-5.5163799364e+00
4.3317661231e-01	-5.5171392054e+00
4.3315982100e-01	-5.5178954729e+00
4.3314210727e-01	-5.5186489904e+00
4.3312345805e-01	-5.5193999824e+00
4.3310386087e-01	-5.5201486500e+00
4.3308330374e-01	-5.5208951754e+00
4.3306177512e-01	-5.5216397225e+00
4.3303926380e-01	-5.5223824378e+00
4.3301575881e-01	-5.5231234688e+00
4.3299124946e-01	-5.5238629419e+00
4.3296580567e-01	-5.5246009762e+00
4.3293950355e-01	-5.5253560052e+00
4.3291216528e-01	-5.5261125627e+00
4.3288377991e-01	-5.5268680209e+00
4.3285433063e-01	-5.5276229061e+00
4.3282373949e-01	-5.5283816985e+00
4.3279135047e-01	-5.5291871016e+00
4.3282874839e-01	-5.5301379677e+00
4.3286194823e-01	-5.5304193188e+00
4.3289470332e-01	-5.5306769144e+00
4.3292742635e-01	-5.5309084637e+00
4.3296195556e-01	-5.5311285669e+00
4.3299580620e-01	-5.5313304781e+00
4.3302889320e-01	-5.5315197476e+00
4.3306292563e-01	-5.5317078193e+00
4.3309696700e-01	-5.5318923267e+00
4.3312980248e-01	-5.5320692324e+00
4.3316204771e-01	-5.5322422217e+00
4.3319346596e-01	-5.5324108033e+00
4.3322039973e-01	-5.5325592286e+00
4.3323930863e-01	-5.5326721897e+00
4.3323994491e-01	-5.5327048107e+00
4.3319751090e-01	-5.5325482735e+00
4.3310177147e-01	-5.5321509599e+00
4.3292997802e-01	-5.5314165831e+00
4.3264016816e-01	-5.5301638189e+00
4.3216433239e-01	-5.5280945937e+00
4.3139443336e-01	-5.5247279169e+00
4.3016374285e-01	-5.5194279626e+00
4.2821964386e-01	-5.5107111068e+00
4.2526644185e-01	-5.4939347429e+00
4.2453623076e-01	-5.4752248826e+00
4.2477027784e-01	-5.4752400950e+00
4.2504241723e-01	-5.4668392582e+00
4.2513890130e-01	-5.4587470445e+00
4.2528994462e-01	-5.4464071555e+00
4.2540576282e-01	-5.4371180131e+00
4.2548828803e-01	-5.4303419863e+00
4.2542346179e-01	-5.4296600151e+00
4.2531737861e-01	-5.4286386342e+00
4.2514294835e-01	-5.4271457977e+00
4.2485760367e-01	-5.4250337999e+00
4.2438790489e-01	-5.4220821454e+00
4.2362929107e-01	-5.4180656426e+00
4.2241493610e-01	-5.4125601601e+00
4.2049695403e-01	-5.4046047792e+00
4.1773401830e-01	-5.3936953026e+00
4.1566294611e-01	-5.3855380451e+00
4.1407153855e-01	-5.3758945345e+00
4.0435586395e-01	-5.3697754716e+00
4.0433747807e-01	-5.3758447120e+00
4.0435449962e-01	-5.3761891782e+00
4.0436625022e-01	-5.3762058063e+00
4.0437077697e-01	-5.3764207935e+00
4.0437153564e-01	-5.3768893897e+00
4.0436999419e-01	-5.3774921523e+00
4.0436694285e-01	-5.3781482799e+00
4.0436273815e-01	-5.3788259107e+00
4.0435752736e-01	-5.3795118251e+00
4.0435136714e-01	-5.3802006271e+00
4.0434427669e-01	-5.3808901416e+00
4.0433625995e-01	-5.3815794954e+00
4.0432731459e-01	-5.3822683407e+00
4.0431743572e-01	-5.3829565410e+00
4.0430661725e-01	-5.3836440515e+00
4.0429485237e-01	-5.3843308745e+00
4.0428213396e-01	-5.3850170288e+00
4.0426845452e-01	-5.3857025504e+00
4.0425380625e-01	-5.3863874854e+00
4.0423818120e-01	-5.3870718814e+00
4.0422157109e-01	-5.3877557952e+00
4.0420396733e-01	-5.3884392914e+00
4.0418536104e-01	-5.3891224391e+00
4.0416574299e-01	-5.3898053159e+00
4.0414510366e-01	-5.3904880038e+00
4.0412343304e-01	-5.3911705970e+00
4.0410072069e-01	-5.3918531990e+00
4.0407695647e-01	-5.3925359258e+00
4.0405213292e-01	-5.3932189046e+00
4.0402623495e-01	-5.3939147762e+00
4.0399924779e-01	-5.3946151478e+00
4.0397115781e-01	-5.3953162754e+00
4.0394195049e-01	-5.3960183695e+00
4.0391161043e-01	-5.3967216643e+00
4.0388012100e-01	-5.3974264269e+00
4.0384746439e-01	-5.3981329571e+00
4.0381362135e-01	-5.3988415937e+00
4.0377857101e-01	-5.3995527204e+00
4.0374229078e-01	-5.4002667697e+00
4.0370475589e-01	-5.4009842335e+00
4.0366593925e-01	-5.4017056700e+00
4.0362581102e-01	-5.4024317137e+00
4.0358433823e-01	-5.4031630880e+00
4.0354148425e-01	-5.4039006195e+00
4.0349720817e-01	-5.4046452552e+00
4.0345146409e-01	-5.4053980846e+00
4.0340420012e-01	-5.4061603665e+00
4.0335535711e-01	-5.4069335767e+00
4.0330486500e-01	-5.4077196097e+00
4.0325261748e-01	-5.4085225682e+00
4.0319823739e-01	-5.4093663699e+00
4.0317882213e-01	-5.4104039379e+00
4.0321214905e-01	-5.4107239028e+00
4.0324488277e-01	-5.4110331812e+00
4.0327702498e-01	-5.4113210392e+00
4.0330954356e-01	-5.4115942289e+00
4.0334304332e-01	-5.4118608641e+00
4.0337572558e-01	-5.4121139743e+00
4.0340754590e-01	-5.4123572928e+00
4.0344095261e-01	-5.4126085564e+00
4.0347353486e-01	-5.4128544102e+00
4.0350490107e-01	-5.4130935295e+00
4.0353656165e-01	-5.4133360477e+00
4.0356665386e-01	-5.4135706835e+00
4.0359271355e-01	-5.4137816540e+00
4.0361228430e-01	-5.4139523942e+00
4.0361476652e-01	-5.4140126469e+00
4.0357994751e-01	-5.4138291608e+00
4.0349884477e-01	-5.4133424939e+00
4.0335085754e-01	-5.4124546489e+00
4.0309803475e-01	-5.4109942673e+00
4.0267757111e-01	-5.4087442675e+00
4.0198828718e-01	-5.4053666781e+00
4.0087977981e-01	-5.4003147017e+00
3.9976855789e-01	-5.3951601021e+00
3.9982791248e-01	-5.3950981487e+00
3.9989068688e-01	-5.3950280682e+00
3.9996187832e-01	-5.3949406903e+00
4.0006966325e-01	-5.3947909800e+00
4.0013682560e-01	-5.3946892739e+00
4.0019141604e-01	-5.3946049104e+00
4.0024368602e-01	-5.3945249506e+00
4.0023561270e-01	-5.3944496789e+00
4.0021672355e-01	-5.3943668505e+00
4.0019158755e-01	-5.3942566731e+00
4.0016615809e-01	-5.3941452958e+00
4.0013851974e-01	-5.3940249093e+00
4.0011061271e-01	-5.3939036754e+00
4.0007724417e-01	-5.3937584110e+00
4.0004239378e-01	-5.3936069006e+00
4.0000553051e-01	-5.3934476036e+00
3.9996532774e-01	-5.3932748584e+00
3.9991990414e-01	-5.3930816597e+00
3.9986562969e-01	-5.3928490815e+00
3.9981258121e-01	-5.3926220812e+00
3.9974798178e-01	-5.3923491434e+00
3.9966584044e-01	-5.3920190384e+00
3.9957756182e-01	-5.3916786927e+00
3.9947253867e-01	-5.3912494304e+00
3.9934400187e-01	-5.3907444655e+00
3.9915697827e-01	-5.3900344487e+00
3.9891514354e-01	-5.3890833641e+00
3.9851519907e-01	-5.3875648855e+00
3.9789540650e-01	-5.3851552375e+00
3.9691917540e-01	-5.3813364977e+00
3.9542235142e-01	-5.3753183917e+00
3.9313236063e-01	-5.3660659315e+00
3.9088299998e-01	-5.3568033914e+00
3.8916630615e-01	-5.3493156345e+00
3.9532847164e-01	-5.3531608200e+00
3.9535569614e-01	-5.3534236078e+00
3.9537880721e-01	-5.3539048814e+00
3.9539959032e-01	-5.3545052700e+00
3.9541886191e-01	-5.3551608131e+00
3.9543699662e-01	-5.3558424535e+00
3.9545415717e-01	-5.3565374821e+00
3.9547041295e-01	-5.3572402849e+00
3.9548579319e-01	-5.3579482450e+00
3.9550029467e-01	-5.3586599537e+00
3.9551392383e-01	-5.3593798790e+00
3.9552670412e-01	-5.3601136071e+00
3.9553864171e-01	-5.3608488825e+00
3.9554973910e-01	-5.3615851427e+00
3.9555999794e-01	-5.3623219119e+00
3.9556941861e-01	-5.3630587733e+00
3.9557800053e-01	-5.3637953961e+00
3.9558574207e-01	-5.3645315190e+00
3.9559264061e-01	-5.3652669381e+00
3.9559869281e-01	-5.3660015091e+00
3.9560389465e-01	-5.3667351286e+00
3.9560824162e-01	-5.3674677308e+00
3.9561172873e-01	-5.3681992667e+00
3.9561435075e-01	-5.3689297142e+00
3.9561610218e-01	-5.3696590613e+00
3.9561697734e-01	-5.3703873049e+00
3.9561697042e-01	-5.3711144469e+00
3.9561607549e-01	-5.3718404929e+00
3.9561428654e-01	-5.3725654498e+00
3.9561159745e-01	-5.3732893255e+00
3.9560800207e-01	-5.3740121290e+00
3.9560349413e-01	-5.3747338652e+00
3.9559806832e-01	-5.3754545433e+00
3.9559172043e-01	-5.3761778070e+00
3.9558444184e-01	-5.3769125239e+00
3.9557622476e-01	-5.3776461784e+00
3.9556706248e-01	-5.3783787802e+00
3.9555694817e-01	-5.3791103401e+00
3.9554587490e-01	-5.3798408680e+00
3.9553383560e-01	-5.3805703759e+00
3.9552082299e-01	-5.3812988807e+00
3.9550682971e-01	-5.3820263993e+00
3.9549184816e-01	-5.3827529521e+00
3.9547587054e-01	-5.3834785652e+00
3.9545888889e-01	-5.3842032657e+00
3.9544089495e-01	-5.3849270882e+00
3.9542188021e-01	-5.3856500724e+00
3.9540183594e-01	-5.3863722622e+00
3.9538075302e-01	-5.3870937101e+00
3.9535862201e-01	-5.3878144761e+00
3.9533543317e-01	-5.3885346269e+00
3.9531117626e-01	-5.3892542405e+00
3.9528584063e-01	-5.3899734048e+00
3.9525941514e-01	-5.3906922198e+00
3.9523188807e-01	-5.3914107980e+00
3.9520324711e-01	-5.3921292683e+00
3.9517348348e-01	-5.3928477848e+00
3.9514258284e-01	-5.3935819437e+00
3.9511051022e-01	-5.3943196621e+00
3.9507709686e-01	-5.3950699704e+00
3.9504119402e-01	-5.3959159741e+00
3.9509973795e-01	-5.3964264805e+00
3.9513471878e-01	-5.3966924089e+00
3.9516912701e-01	-5.3969384004e+00
3.9520378529e-01	-5.3971686083e+00
3.9523971057e-01	-5.3973920029e+00
3.9527483851e-01	-5.3976019222e+00
3.9530912340e-01	-5.3978018259e+00
3.9534499859e-01	-5.3980057392e+00
3.9538022218e-01	-5.3982041265e+00
3.9541425328e-01	-5.3983954463e+00
3.9544861963e-01	-5.3985875842e+00
3.9548157358e-01	-5.3987726927e+00
3.9551049569e-01	-5.3989387378e+00
3.9553294472e-01	-5.3990745019e+00
3.9553811604e-01	-5.3991293783e+00
3.9550755309e-01	-5.3990150222e+00
3.9543260413e-01	-5.3986866501e+00
3.9529438555e-01	-5.3980615863e+00
3.9505858783e-01	-5.3969851681e+00
3.9466952629e-01	-5.3952072440e+00
3.9404058905e-01	-5.3923422399e+00
3.9303696284e-01	-5.3878670808e+00
3.9145224883e-01	-5.3807946129e+00
3.8919288435e-01	-5.3707063934e+00
3.8747256177e-01	-5.3630232775e+00
3.8614552420e-01	-5.3570447232e+00
3.8511353871e-01	-5.3524376786e+00
3.8350182090e-01	-5.3452110094e+00
3.8160107005e-01	-5.3341245155e+00
3.7314725714e-01	-5.3294407059e+00
3.7314238178e-01	-5.3337005866e+00
3.7314374158e-01	-5.3338728306e+00
3.7313698092e-01	-5.3343385204e+00
3.7312685899e-01	-5.3350101199e+00
3.7311495623e-01	-5.3357501806e+00
3.7310183696e-01	-5.3365104879e+00
3.7308767608e-01	-5.3372758395e+00
3.7307252148e-01	-5.3380416832e+00
3.7305638232e-01	-5.3388067069e+00
3.7303925647e-01	-5.3395705400e+00
3.7302113857e-01	-5.3403330810e+00
3.7300202230e-01	-5.3410943029e+00
3.7298190108e-01	-5.3418541950e+00
3.7296076824e-01	-5.3426127515e+00
3.7293861715e-01	-5.3433699625e+00
3.7291544103e-01	-5.3441258217e+00
3.7289123307e-01	-5.3448803208e+00
3.7286598649e-01	-5.3456334486e+00
3.7283969437e-01	-5.3463851962e+00
3.7281234204e-01	-5.3471355519e+00
3.7278390252e-01	-5.3478941745e+00
3.7275439416e-01	-5.3486599059e+00
3.7272381361e-01	-5.3494241944e+00
3.7269215371e-01	-5.3501870292e+00
3.7265940712e-01	-5.3509484022e+00
3.7262556643e-01	-5.3517083049e+00
3.7259062416e-01	-5.3524667298e+00
3.7255457273e-01	-5.3532236692e+00
3.7251740446e-01	-5.3539791176e+00
3.7247911163e-01	-5.3547330677e+00
3.7243968637e-01	-5.3554855155e+00
3.7239912072e-01	-5.3562364568e+00
3.7235740663e-01	-5.3569858887e+00
3.7231453594e-01	-5.3577338090e+00
3.7227050039e-01	-5.3584802170e+00
3.7222529155e-01	-5.3592251158e+00
3.7217890048e-01	-5.3599685407e+00
3.7213131357e-01	-5.3607108566e+00
3.7208247056e-01	-5.3614558623e+00
3.7203189024e-01	-5.3622392200e+00
3.7206471734e-01	-5.3631334354e+00
3.7210065861e-01	-5.3634062849e+00
3.7213598730e-01	-5.3636594941e+00
3.7217146579e-01	-5.3638967613e+00
3.7220830825e-01	-5.3641280038e+00
3.7224431544e-01	-5.3643455738e+00
3.7227944659e-01	-5.3645528702e+00
3.7231625190e-01	-5.3647677834e+00
3.7235235153e-01	-5.3649777758e+00
3.7238724076e-01	-5.3651802108e+00
3.7242266291e-01	-5.3653842123e+00
3.7245655790e-01	-5.3655801247e+00
3.7248644787e-01	-5.3657562088e+00
3.7251010993e-01	-5.3659018475e+00
3.7251618446e-01	-5.3659620715e+00
3.7249285702e-01	-5.3658740359e+00
3.7243376893e-01	-5.3656078114e+00
3.7232244121e-01	-5.3650859375e+00
3.7213055379e-01	-5.3641783497e+00
3.7196770511e-01	-5.3630854282e+00
3.7202456755e-01	-5.3630096686e+00
3.7208640350e-01	-5.3629082491e+00
3.7216840958e-01	-5.3627271852e+00
3.7222276579e-01	-5.3625708097e+00
3.7226573211e-01	-5.3624325893e+00
3.7226721595e-01	-5.3622703852e+00
3.7223485078e-01	-5.3621147715e+00
3.7219295203e-01	-5.3619135497e+00
3.7214567482e-01	-5.3616870101e+00
3.7208943611e-01	-5.3614177566e+00
3.7201352813e-01	-5.3610554039e+00
3.7193574920e-01	-5.3606876903e+00
3.7181945970e-01	-5.3601377009e+00
3.7168698097e-01	-5.3595150132e+00
3.7146717582e-01	-5.3585143380e+00
3.7111814196e-01	-5.3569128210e+00
3.7055522588e-01	-5.3543491218e+00
3.6965896943e-01	-5.3502598286e+00
3.6827607644e-01	-5.3438263823e+00
3.6638362190e-01	-5.3349876441e+00
3.6458215183e-01	-5.3264129872e+00
3.6320303613e-01	-5.3198514083e+00
3.6213472127e-01	-5.3147074740e+00
3.6050848272e-01	-5.3059709381e+00
3.6027696172e-01	-5.3063123192e+00
3.6029199659e-01	-5.3067176190e+00
3.6030303819e-01	-5.3073487245e+00
3.6031185542e-01	-5.3080947942e+00
3.6031920564e-01	-5.3088902955e+00
3.6032542080e-01	-5.3097065639e+00
3.6033063930e-01	-5.3105314175e+00
3.6033491718e-01	-5.3113596311e+00
3.6033827623e-01	-5.3121888555e+00
3.6034072392e-01	-5.3130179457e+00
3.6034226156e-01	-5.3138462675e+00
3.6034288753e-01	-5.3146734518e+00
3.6034259856e-01	-5.3154992421e+00
3.6034139039e-01	-5.3163234790e+00
3.6033925804e-01	-5.3171460561e+00
3.6033619598e-01	-5.3179669086e+00
3.6033219832e-01	-5.3187860022e+00
3.6032725882e-01	-5.3196033273e+00
3.6032137112e-01	-5.3204188789e+00
3.6031452866e-01	-5.3212326715e+00
3.6030672477e-01	-5.3220447237e+00
3.6029795049e-01	-5.3228550522e+00
3.6028818422e-01	-5.3236636608e+00
3.6027742581e-01	-5.3244835312e+00
3.6026567811e-01	-5.3253034992e+00
3.6025293380e-01	-5.3261217746e+00
3.6023918588e-01	-5.3269383670e+00
3.6022442735e-01	-5.3277532831e+00
3.6020865120e-01	-5.3285665269e+00
3.6019185043e-01	-5.3293780996e+00
3.6017401802e-01	-5.3301880000e+00
3.6015514696e-01	-5.3309962248e+00
3.6013523022e-01	-5.3318027689e+00
3.6011426075e-01	-5.3326076255e+00
3.6009223145e-01	-5.3334107879e+00
3.6006913528e-01	-5.3342122443e+00
3.6004496505e-01	-5.3350119863e+00
3.6001971358e-01	-5.3358100036e+00
3.5999337363e-01	-5.3366062857e+00
3.5996593789e-01	-5.3374008217e+00
3.5993739901e-01	-5.3381936010e+00
3.5990774954e-01	-5.3389846133e+00
3.5987698199e-01	-5.3397738483e+00
3.5984508732e-01	-5.3405612957e+00
3.5981202750e-01	-5.3413544388e+00
3.5977782002e-01	-5.3421574405e+00
3.5974246539e-01	-5.3429585987e+00
3.5970595568e-01	-5.3437579070e+00
3.5966828295e-01	-5.3445553575e+00
3.5962943909e-01	-5.3453509451e+00
3.5958941586e-01	-5.3461446653e+00
3.5954820502e-01	-5.3469365132e+00
3.5950579808e-01	-5.3477264910e+00
3.5946218576e-01	-5.3485146508e+00
3.5941735152e-01	-5.3493015694e+00
3.5937120528e-01	-5.3500932828e+00
3.5932304751e-01	-5.3509429870e+00
3.5936744608e-01	-5.3517359848e+00
3.5940361320e-01	-5.3520283461e+00
3.5943916152e-01	-5.3522994252e+00
3.5947507249e-01	-5.3525549257e+00
3.5951226014e-01	-5.3528037273e+00
3.5954878119e-01	-5.3530391128e+00
3.5958459136e-01	-5.3532645992e+00
3.5962252116e-01	-5.3534973507e+00
3.5965941013e-01	-5.3537220520e+00
3.5969507113e-01	-5.3539388000e+00
3.5973165977e-01	-5.3541593300e+00
3.5976613067e-01	-5.3543683784e+00
3.5979624338e-01	-5.3545548194e+00
3.5981952634e-01	-5.3547063612e+00
3.5982232570e-01	-5.3547535994e+00
3.5979521878e-01	-5.3546410496e+00
3.5973180572e-01	-5.3543382754e+00
3.5961412881e-01	-5.3537565235e+00
3.5941204644e-01	-5.3527421804e+00
3.5907720942e-01	-5.3510463328e+00
3.5853368957e-01	-5.3482741437e+00
3.5766346154e-01	-5.3438047257e+00
3.5628796701e-01	-5.3367424333e+00
3.5456215135e-01	-5.3278806145e+00
3.5290063393e-01	-5.3192589532e+00
3.5249893368e-01	-5.3168371210e+00
3.5254803598e-01	-5.3166992363e+00
3.5259410116e-01	-5.3164606984e+00
3.5262043166e-01	-5.3161372549e+00
3.5261580060e-01	-5.3157455602e+00
3.5254706511e-01	-5.3153871009e+00
3.5243690892e-01	-5.3148138527e+00
3.5225970907e-01	-5.3138971262e+00
3.5197421132e-01	-5.3124317511e+00
3.5150955021e-01	-5.3100883309e+00
3.5077241149e-01	-5.3063526696e+00
3.4961391318e-01	-5.2995246795e+00
3.4804869867e-01	-5.2994379321e+00
3.4806186996e-01	-5.2999544766e+00
3.4807114878e-01	-5.3006812686e+00
3.4807835089e-01	-5.3015094463e+00
3.4808418431e-01	-5.3023774764e+00
3.4808893654e-01	-5.3032602838e+00
3.4809271787e-01	-5.3041479394e+00
3.4809556815e-01	-5.3050365152e+00
3.4809749976e-01	-5.3059244033e+00
3.4809851436e-01	-5.3068109226e+00
3.4809860926e-01	-5.3076957539e+00
3.4809777985e-01	-5.3085787388e+00
3.4809602059e-01	-5.3094597979e+00
3.4809332542e-01	-5.3103388950e+00
3.4808968794e-01	-5.3112160200e+00
3.4808510153e-01	-5.3120911796e+00
3.4807955945e-01	-5.3129643899e+00
3.4807305482e-01	-5.3138356755e+00
3.4806558080e-01	-5.3147050548e+00
3.4805712379e-01	-5.3155725508e+00
3.4804766487e-01	-5.3164412676e+00
3.4803720886e-01	-5.3173208410e+00
3.4802575438e-01	-5.3181985557e+00
3.4801329408e-01	-5.3190744303e+00
3.4799982087e-01	-5.3199484673e+00
3.4798532753e-01	-5.3208206769e+00
3.4796980682e-01	-5.3216910663e+00
3.4795325172e-01	-5.3225596286e+00
3.4793565499e-01	-5.3234263657e+00
3.4791700948e-01	-5.3242912736e+00
3.4789730801e-01	-5.3251543463e+00
3.4787654333e-01	-5.3260155785e+00
3.4785470828e-01	-5.3268749593e+00
3.4783179562e-01	-5.3277324782e+00
3.4780779804e-01	-5.3285881256e+00
3.4778270820e-01	-5.3294418906e+00
3.4775651874e-01	-5.3302937612e+00
3.4772922209e-01	-5.3311437301e+00
3.4770081086e-01	-5.3319917820e+00
3.4767127737e-01	-5.3328379087e+00
3.4764060548e-01	-5.3336820956e+00
3.4760876192e-01	-5.3345391763e+00
3.4757577334e-01	-5.3354000161e+00
3.4754163323e-01	-5.3362588612e+00
3.4750633355e-01	-5.3371157054e+00
3.4746986616e-01	-5.3379705422e+00
3.4743222287e-01	-5.3388233657e+00
3.4739339533e-01	-5.3396741709e+00
3.4735337512e-01	-5.3405229542e+00
3.4731215366e-01	-5.3413697150e+00
3.4726972189e-01	-5.3422144808e+00
3.4722606670e-01	-5.3430575638e+00
3.4718113482e-01	-5.3439022533e+00
3.4713450103e-01	-5.3447802655e+00
3.4716273270e-01	-5.3458620362e+00
3.4719962275e-01	-5.3461793285e+00
3.4723588594e-01	-5.3464744641e+00
3.4727234734e-01	-5.3467519794e+00
3.4731011449e-01	-5.3470225842e+00
3.4734701592e-01	-5.3472776183e+00
3.4738300742e-01	-5.3475208921e+00
3.4742096073e-01	-5.3477711088e+00
3.4745786302e-01	-5.3480126493e+00
3.4749349435e-01	-5.3482454431e+00
3.4753008247e-01	-5.3484825557e+00
3.4756440646e-01	-5.3487066580e+00
3.4759422509e-01	-5.3489059399e+00
3.4761691924e-01	-5.3490669017e+00
3.4761763302e-01	-5.3491093091e+00
3.4758691630e-01	-5.3489729806e+00
3.4751750189e-01	-5.3486229541e+00
3.4739019168e-01	-5.3479585825e+00
3.4717295863e-01	-5.3468063780e+00
3.4681456638e-01	-5.3448857749e+00
3.4623504064e-01	-5.3417522876e+00
3.4531139970e-01	-5.3367110273e+00
3.4385997061e-01	-5.3287702329e+00
3.4222933919e-01	-5.3198200015e+00
3.4066155375e-01	-5.3111184260e+00
3.3945553011e-01	-5.3044433674e+00
3.3852243150e-01	-5.2992093481e+00
3.3709968882e-01	-5.2902032661e+00
3.3458310166e-01	-5.2890894643e+00
3.3462180152e-01	-5.2893688498e+00
3.3465958974e-01	-5.2896341901e+00
3.3469643461e-01	-5.2898886517e+00
3.3473525683e-01	-5.2901514490e+00
3.3477300579e-01	-5.2904056946e+00
3.3480948839e-01	-5.2906511404e+00
3.3484702848e-01	-5.2909017646e+00
3.3488237009e-01	-5.2911390071e+00
3.3491346726e-01	-5.2913513318e+00
3.3493803529e-01	-5.2915258352e+00
3.3494189310e-01	-5.2915810611e+00
3.3491545792e-01	-5.2914538312e+00
3.3485241592e-01	-5.2911112581e+00
3.3489155430e-01	-5.2909445937e+00
3.3491221983e-01	-5.2906299496e+00
3.3488181245e-01	-5.2900545850e+00
3.3476613690e-01	-5.2890495754e+00
3.3446493348e-01	-5.2873451680e+00
3.3397053518e-01	-5.2845428546e+00
3.3317508809e-01	-5.2799197904e+00
3.3192952510e-01	-5.2719318165e+00
3.3074087061e-01	-5.2605391165e+00
3.3068389908e-01	-5.2579376384e+00
3.3089414577e-01	-5.2694120873e+00
3.3110397330e-01	-5.2809557355e+00
3.3136649640e-01	-5.2925742961e+00
3.3166699555e-01	-5.3042447106e+00
3.3183509296e-01	-5.3006857104e+00
3.3188459999e-01	-5.2855994096e+00
3.3195847567e-01	-5.2631960505e+00
3.3201177150e-01	-5.2469488124e+00
3.3205121822e-01	-5.2348776361e+00
3.3208110249e-01	-5.2257524116e+00
3.3210390338e-01	-5.2187137856e+00
3.3212498708e-01	-5.2122273216e+00
3.3215776699e-01	-5.2021632103e+00
3.3220729908e-01	-5.1867713620e+00
3.3224426223e-01	-5.1752678485e+00
3.3227203585e-01	-5.1665261120e+00
3.3229338046e-01	-5.1592946644e+00
3.3130225497e-01	-5.1548227955e+00
3.3132206792e-01	-5.1544124159e+00
3.3134087864e-01	-5.1539966413e+00
3.3135873277e-01	-5.1535777213e+00
3.3137561723e-01	-5.1531553222e+00
3.3139150617e-01	-5.1527290343e+00
3.3140635426e-01	-5.1522983325e+00
3.3142018190e-01	-5.1518626650e+00
3.3143296757e-01	-5.1514213031e+00
3.3144468630e-01	-5.1509733648e+00
3.3145530903e-01	-5.1505177727e+00
3.3146480136e-01	-5.1500532144e+00
3.3147237894e-01	-5.1497279372e+00
3.3147302438e-01	-5.1501867632e+00
3.3146893229e-01	-5.1510410477e+00
3.3146234850e-01	-5.1520167339e+00
3.3145379144e-01	-5.1530439320e+00
3.3144321855e-01	-5.1541126569e+00
3.3143040337e-01	-5.1552289629e+00
3.3141499893e-01	-5.1564054114e+00
3.3139650097e-01	-5.1576606869e+00
3.3137414950e-01	-5.1590227478e+00
3.3134665926e-01	-5.1605361051e+00
3.3131167701e-01	-5.1622932261e+00
3.3126434784e-01	-5.1644575402e+00
3.3118831643e-01	-5.1675028906e+00
3.3083028577e-01	-5.1734961489e+00
3.3053296343e-01	-5.1736816776e+00
3.3016722013e-01	-5.1792302216e+00
3.2966254793e-01	-5.2026871373e+00
3.2924624825e-01	-5.2300147261e+00
3.2885056758e-01	-5.2583610357e+00
3.2852990508e-01	-5.2831154951e+00
3.2849638900e-01	-5.2853794084e+00
3.2847475638e-01	-5.2865231074e+00
3.2845389439e-01	-5.2874997509e+00
3.2843228556e-01	-5.2884453196e+00
3.2840966622e-01	-5.2893829555e+00
3.2838598304e-01	-5.2903166859e+00
3.2836121852e-01	-5.2912472794e+00
3.2833536157e-01	-5.2921749438e+00
3.2830840216e-01	-5.2930997908e+00
3.2828033074e-01	-5.2940219013e+00
3.2825113795e-01	-5.2949413410e+00
3.2822081453e-01	-5.2958581664e+00
3.2818935155e-01	-5.2967724179e+00
3.2815673988e-01	-5.2976841368e+00
3.2812297065e-01	-5.2985933517e+00
3.2808803484e-01	-5.2995000919e+00
3.2805192360e-01	-5.3004043774e+00
3.2801462779e-01	-5.3013062286e+00
3.2797611609e-01	-5.3022115908e+00
3.2793639355e-01	-5.3031253898e+00
3.2789545888e-01	-5.3040367587e+00
3.2785330220e-01	-5.3049457001e+00
3.2780991404e-01	-5.3058522241e+00
3.2776528473e-01	-5.3067563539e+00
3.2771940237e-01	-5.3076582773e+00
3.2767223234e-01	-5.3085599278e+00
3.2762351858e-01	-5.3094807162e+00
3.2760569690e-01	-5.3105587221e+00
3.2764517612e-01	-5.3109238135e+00
3.2768303899e-01	-5.3112669729e+00
3.2772023281e-01	-5.3115858498e+00
3.2775822676e-01	-5.3118914183e+00
3.2779687118e-01	-5.3121867731e+00
3.2783460325e-01	-5.3124665397e+00
3.2787212446e-01	-5.3127388917e+00
3.2791092140e-01	-5.3130151546e+00
3.2794854918e-01	-5.3132817228e+00
3.2798541238e-01	-5.3135421005e+00
3.2802285908e-01	-5.3138050549e+00
3.2805735086e-01	-5.3140496725e+00
3.2808737873e-01	-5.3142673186e+00
3.2810695829e-01	-5.3144225687e+00
3.2810195813e-01	-5.3144270388e+00
3.2806678965e-01	-5.3142442447e+00
3.2799165902e-01	-5.3138193304e+00
3.2785603604e-01	-5.3130316715e+00
3.2762605947e-01	-5.3116782097e+00
3.2724777324e-01	-5.3094324301e+00
3.2663711602e-01	-5.3057783716e+00
3.2566480801e-01	-5.2999170824e+00
3.2461984647e-01	-5.2930919742e+00
3.2338511067e-01	-5.2849860622e+00
3.2207578214e-01	-5.2769339504e+00
3.2080690687e-01	-5.2688950650e+00
3.1984108534e-01	-5.2620615592e+00
3.1873645171e-01	-5.2506375631e+00
3.1876702419e-01	-5.2514721765e+00
3.1876246410e-01	-5.2528312929e+00
3.1875655914e-01	-5.2544159749e+00
3.1875167822e-01	-5.2559625825e+00
3.1874793513e-01	-5.2574197023e+00
3.1874500865e-01	-5.2588082128e+00
3.1874256647e-01	-5.2601311601e+00
3.1874030738e-01	-5.2613972219e+00
3.1873799687e-01	-5.2626177433e+00
3.1873545343e-01	-5.2638015080e+00
3.1873253524e-01	-5.2649552641e+00
3.1872912983e-01	-5.2660842930e+00
3.1872514677e-01	-5.2671927411e+00
3.1872051227e-01	-5.2682839438e+00
3.1871516556e-01	-5.2693605703e+00
3.1870905597e-01	-5.2704248095e+00
3.1870214103e-01	-5.2714784300e+00
3.1869438467e-01	-5.2725228966e+00
3.1868575604e-01	-5.2735594101e+00
3.1867622812e-01	-5.2745889641e+00
3.1866574886e-01	-5.2756123430e+00
3.1865426833e-01	-5.2766388190e+00
3.1864181642e-01	-5.2776741267e+00
3.1862838831e-01	-5.2787048783e+00
3.1861396925e-01	-5.2797314706e+00
3.1859854599e-01	-5.2807542167e+00
3.1858210613e-01	-5.2817733841e+00
3.1856463818e-01	-5.2827891907e+00
3.1854613133e-01	-5.2838018154e+00
3.1852657533e-01	-5.2848114042e+00
3.1850596030e-01	-5.2858180810e+00
3.1848427690e-01	-5.2868219372e+00
3.1846151589e-01	-5.2878230564e+00
3.1843766825e-01	-5.2888215061e+00
3.1841272521e-01	-5.2898173377e+00
3.1838667818e-01	-5.2908105897e+00
3.1835951849e-01	-5.2918013008e+00
3.1833123755e-01	-5.2927894994e+00
3.1830182662e-01	-5.2937752083e+00
3.1827125723e-01	-5.2947597261e+00
3.1823952686e-01	-5.2957586923e+00
3.1820664018e-01	-5.2967551709e+00
3.1817258782e-01	-5.2977491652e+00
3.1813736082e-01	-5.2987406812e+00
3.1810095045e-01	-5.2997297172e+00
3.1806334771e-01	-5.3007162759e+00
3.1802454370e-01	-5.3017003558e+00
3.1798452948e-01	-5.3026819544e+00
3.1794329607e-01	-5.3036610680e+00
3.1790083437e-01	-5.3046376939e+00
3.1785713556e-01	-5.3056118223e+00
3.1781219035e-01	-5.3065834515e+00
3.1776598973e-01	-5.3075525724e+00
3.1771852449e-01	-5.3085191803e+00
3.1766978506e-01	-5.3094832859e+00
3.1761975985e-01	-5.3104450517e+00
3.1756841586e-01	-5.3114062589e+00
3.1751551013e-01	-5.3123850577e+00
3.1748166326e-01	-5.3135259175e+00
3.1753027302e-01	-5.3140085784e+00
3.1756840322e-01	-5.3143889971e+00
3.1760586863e-01	-5.3147420176e+00
3.1764429497e-01	-5.3150810126e+00
3.1768322301e-01	-5.3154073680e+00
3.1772122678e-01	-5.3157164849e+00
3.1775930104e-01	-5.3160193900e+00
3.1779835090e-01	-5.3163245636e+00
3.1783620294e-01	-5.3166189758e+00
3.1787366631e-01	-5.3169091269e+00
3.1791120889e-01	-5.3171987512e+00
3.1794559226e-01	-5.3174669029e+00
3.1797539422e-01	-5.3177046282e+00
3.1799271712e-01	-5.3178603301e+00
3.1798527460e-01	-5.3178451827e+00
3.1795002812e-01	-5.3176413186e+00
3.1787618019e-01	-5.3171809774e+00
3.1774334720e-01	-5.3163317847e+00
3.1751824898e-01	-5.3148741639e+00
3.1717912303e-01	-5.3124860415e+00
3.1659699389e-01	-5.3086479175e+00
3.1565580467e-01	-5.3024759589e+00
3.1431207970e-01	-5.2936272793e+00
3.1301039730e-01	-5.2850738649e+00
3.1175607828e-01	-5.2767497590e+00
3.1078785993e-01	-5.2702124262e+00
3.0961254160e-01	-5.2614475458e+00
3.0870251182e-01	-5.2612339917e+00
3.0870860888e-01	-5.2619868686e+00
3.0871122181e-01	-5.2629613390e+00
3.0871197309e-01	-5.2640222884e+00
3.0871146935e-01	-5.2651130542e+00
3.0870990236e-01	-5.2662127561e+00
3.0870731669e-01	-5.2673140004e+00
3.0870375778e-01	-5.2684379739e+00
3.0869925354e-01	-5.2695596425e+00
3.0869379895e-01	-5.2706785952e+00
3.0868738691e-01	-5.2717946529e+00
3.0868000975e-01	-5.2729077182e+00
3.0867165933e-01	-5.2740177705e+00
3.0866232753e-01	-5.2751247990e+00
3.0865200593e-01	-5.2762288409e+00
3.0864068622e-01	-5.2773299341e+00
3.0862836009e-01	-5.2784281233e+00
3.0861501902e-01	-5.2795234809e+00
3.0860065481e-01	-5.2806160544e+00
3.0858525900e-01	-5.2817059147e+00
3.0856882348e-01	-5.2827931083e+00
3.0855133980e-01	-5.2838777002e+00
3.0853279949e-01	-5.2849597198e+00
3.0851317571e-01	-5.2860391989e+00
3.0849246177e-01	-5.2871321028e+00
3.0847066577e-01	-5.2882263939e+00
3.0844777922e-01	-5.2893181930e+00
3.0842379369e-01	-5.2904075206e+00
3.0839870088e-01	-5.2914943876e+00
3.0837249253e-01	-5.2925788007e+00
3.0834516043e-01	-5.2936607621e+00
3.0831669638e-01	-5.2947402705e+00
3.0828709222e-01	-5.2958173216e+00
3.0825633972e-01	-5.2968919106e+00
3.0822443087e-01	-5.2979640227e+00
3.0819135740e-01	-5.2990336500e+00
3.0815711111e-01	-5.3001007804e+00
3.0812168371e-01	-5.3011654015e+00
3.0808506689e-01	-5.3022275003e+00
3.0804725216e-01	-5.3032870657e+00
3.0800823124e-01	-5.3043440809e+00
3.0796795664e-01	-5.3054065921e+00
3.0792644759e-01	-5.3064844655e+00
3.0788370885e-01	-5.3075597195e+00
3.0783973157e-01	-5.3086323448e+00
3.0779450674e-01	-5.3097023329e+00
3.0774802528e-01	-5.3107696760e+00
3.0770027794e-01	-5.3118343679e+00
3.0765125535e-01	-5.3128964035e+00
3.0760094800e-01	-5.3139557792e+00
3.0754934622e-01	-5.3150124937e+00
3.0749644012e-01	-5.3160665533e+00
3.0744221878e-01	-5.3171180317e+00
3.0738666213e-01	-5.3181677024e+00
3.0732965682e-01	-5.3192236695e+00
3.0727033113e-01	-5.3203564592e+00
3.0731536490e-01	-5.3213818019e+00
3.0735383834e-01	-5.3217960997e+00
3.0739165380e-01	-5.3221802185e+00
3.0743045969e-01	-5.3225484085e+00
3.0746976222e-01	-5.3229022006e+00
3.0750812949e-01	-5.3232370019e+00
3.0754671131e-01	-5.3235659775e+00
3.0758611299e-01	-5.3238961360e+00
3.0762429306e-01	-5.3242145675e+00
3.0766233830e-01	-5.3245347603e+00
3.0770013775e-01	-5.3248537772e+00
3.0773464490e-01	-5.3251482530e+00
3.0776450660e-01	-5.3254086688e+00
3.0778042570e-01	-5.3255679227e+00
3.0777158708e-01	-5.3255365818e+00
3.0773618193e-01	-5.3253069168e+00
3.0766288259e-01	-5.3248000071e+00
3.0753138832e-01	-5.3238775330e+00
3.0730869755e-01	-5.3223148031e+00
3.0694248804e-01	-5.3197252764e+00
3.0635128639e-01	-5.3155170811e+00
3.0541056113e-01	-5.3087738963e+00
3.0408163679e-01	-5.2992157885e+00
3.0279890597e-01	-5.2900274442e+00
3.0181149587e-01	-5.2828830649e+00
3.0104419748e-01	-5.2773370692e+00
2.9987305112e-01	-5.2682443127e+00
2.9934053825e-01	-5.2681205054e+00
2.9935047863e-01	-5.2688513373e+00
2.9935651831e-01	-5.2698525632e+00
2.9936049221e-01	-5.2709601689e+00
2.9936310097e-01	-5.2721081087e+00
2.9936459887e-01	-5.2732723195e+00
2.9936507621e-01	-5.2744439963e+00
2.9936456528e-01	-5.2756196564e+00
2.9936306656e-01	-5.2767976360e+00
2.9936057886e-01	-5.2779802698e+00
2.9935711669e-01	-5.2791814704e+00
2.9935268823e-01	-5.2803825314e+00
2.9934729357e-01	-5.2815828993e+00
2.9934093172e-01	-5.2827821002e+00
2.9933360053e-01	-5.2839797675e+00
2.9932529686e-01	-5.2851756180e+00
2.9931601684e-01	-5.2863694194e+00
2.9930575577e-01	-5.2875610205e+00
2.9929450844e-01	-5.2887503109e+00
2.9928226919e-01	-5.2899372167e+00
2.9926903204e-01	-5.2911216908e+00
2.9925479076e-01	-5.2923037054e+00
2.9923953894e-01	-5.2934832457e+00
2.9922327001e-01	-5.2946603052e+00
2.9920597730e-01	-5.2958348880e+00
2.9918762707e-01	-5.2970069630e+00
2.9916821330e-01	-5.2981995455e+00
2.9914775830e-01	-5.2993950876e+00
2.9912625511e-01	-5.3005881208e+00
2.9910369661e-01	-5.3017786516e+00
2.9908007588e-01	-5.3029666714e+00
2.9905538565e-01	-5.3041521841e+00
2.9902961863e-01	-5.3053351883e+00
2.9900276738e-01	-5.3065156865e+00
2.9897482446e-01	-5.3076936736e+00
2.9894578241e-01	-5.3088691444e+00
2.9891563337e-01	-5.3100421031e+00
2.9888436949e-01	-5.3112125516e+00
2.9885198271e-01	-5.3123804936e+00
2.9881846483e-01	-5.3135459358e+00
2.9878380744e-01	-5.3147088882e+00
2.9874800308e-01	-5.3158693656e+00
2.9871104996e-01	-5.3170351043e+00
2.9867293228e-01	-5.3182170656e+00
2.9863363881e-01	-5.3193965734e+00
2.9859315963e-01	-5.3205736727e+00
2.9855148481e-01	-5.3217484074e+00
2.9850860364e-01	-5.3229208420e+00
2.9846450501e-01	-5.3240910512e+00
2.9841917725e-01	-5.3252591245e+00
2.9837260804e-01	-5.3264251693e+00
2.9832478432e-01	-5.3275893134e+00
2.9827569214e-01	-5.3287517097e+00
2.9822531649e-01	-5.3299125440e+00
2.9817364058e-01	-5.3310720853e+00
2.9812063932e-01	-5.3322311874e+00
2.9806621353e-01	-5.3333965451e+00
2.9800962310e-01	-5.3346279426e+00
2.9804626665e-01	-5.3359363178e+00
2.9808532889e-01	-5.3364052071e+00
2.9812373197e-01	-5.3368459669e+00
2.9816228815e-01	-5.3372711728e+00
2.9820054899e-01	-5.3376795580e+00
2.9823782619e-01	-5.3380660009e+00
2.9826976085e-01	-5.3384583698e+00
2.9829634844e-01	-5.3388556528e+00
2.9832139357e-01	-5.3392372999e+00
2.9835800954e-01	-5.3396078159e+00
2.9839475443e-01	-5.3399582215e+00
2.9842751130e-01	-5.3402756530e+00
2.9845336540e-01	-5.3405351190e+00
2.9845703839e-01	-5.3406128240e+00
2.9842887767e-01	-5.3404161071e+00
2.9836291945e-01	-5.3399041312e+00
2.9824109812e-01	-5.3389346467e+00
2.9803279029e-01	-5.3372616690e+00
2.9768894475e-01	-5.3345251604e+00
2.9713226836e-01	-5.3301345724e+00
2.9624419763e-01	-5.3231252824e+00
2.9488913324e-01	-5.3124006327e+00
2.9358428291e-01	-5.3021631700e+00
2.9258017993e-01	-5.2942200330e+00
2.9180117707e-01	-5.2880804458e+00
2.9061207798e-01	-5.2787457886e+00
2.8946531239e-01	-5.2690152948e+00
2.8953189832e-01	-5.2694878042e+00
2.8953684408e-01	-5.2703353105e+00
2.8953803444e-01	-5.2714443889e+00
2.8953723835e-01	-5.2726523413e+00
2.8953509953e-01	-5.2738973001e+00
2.8953184136e-01	-5.2751575898e+00
2.8952753993e-01	-5.2764255337e+00
2.8952222187e-01	-5.2776981522e+00
2.8951589794e-01	-5.2789739711e+00
2.8950857395e-01	-5.2802519908e+00
2.8950025399e-01	-5.2815313706e+00
2.8949094116e-01	-5.2828113524e+00
2.8948063749e-01	-5.2840912661e+00
2.8946934392e-01	-5.2853705170e+00
2.8945705073e-01	-5.2866486023e+00
2.8944373269e-01	-5.2879269215e+00
2.8942940721e-01	-5.2892324901e+00
2.8941408701e-01	-5.2905359449e+00
2.8939776754e-01	-5.2918371212e+00
2.8938044353e-01	-5.2931359041e+00
2.8936210915e-01	-5.2944322195e+00
2.8934275810e-01	-5.2957260233e+00
2.8932238375e-01	-5.2970172940e+00
2.8930097912e-01	-5.2983060259e+00
2.8927853701e-01	-5.2995922246e+00
2.8925505001e-01	-5.3008759031e+00
2.8923051037e-01	-5.3021570861e+00
2.8920491051e-01	-5.3034357844e+00
2.8917824229e-01	-5.3047120304e+00
2.8915049747e-01	-5.3059858537e+00
2.8912167429e-01	-5.3072572934e+00
2.8909176292e-01	-5.3085426948e+00
2.8906074878e-01	-5.3098381940e+00
2.8902862208e-01	-5.3111313825e+00
2.8899537269e-01	-5.3124223344e+00
2.8896099043e-01	-5.3137111163e+00
2.8892546420e-01	-5.3149978229e+00
2.8888878231e-01	-5.3162825622e+00
2.8885093228e-01	-5.3175654637e+00
2.8881190065e-01	-5.3188466829e+00
2.8877167287e-01	-5.3201264063e+00
2.8873023307e-01	-5.3214048575e+00
2.8868756382e-01	-5.3226823042e+00
2.8864364589e-01	-5.3239590670e+00
2.8859845786e-01	-5.3252355293e+00
2.8855197576e-01	-5.3265121497e+00
2.8850418060e-01	-5.3277901542e+00
2.8845503827e-01	-5.3291005523e+00
2.8840450904e-01	-5.3304131496e+00
2.8835255271e-01	-5.3317289111e+00
2.8829912272e-01	-5.3330489950e+00
2.8824416525e-01	-5.3343747849e+00
2.8818761690e-01	-5.3357079560e+00
2.8812940302e-01	-5.3370505348e+00
2.8806943418e-01	-5.3384050375e+00
2.8800759589e-01	-5.3397751510e+00
2.8794366638e-01	-5.3411721744e+00
2.8787663019e-01	-5.3426728804e+00
2.8790566474e-01	-5.3442727193e+00
2.8794304107e-01	-5.3448562250e+00
2.8797973513e-01	-5.3454007616e+00
2.8801762345e-01	-5.3459296101e+00
2.8805563862e-01	-5.3464390181e+00
2.8809263211e-01	-5.3469257390e+00
2.8813028609e-01	-5.3474149282e+00
2.8816798234e-01	-5.3479039877e+00
2.8820431965e-01	-5.3483838507e+00
2.8824115589e-01	-5.3488823141e+00
2.8827648046e-01	-5.3493685355e+00
2.8830796171e-01	-5.3498150685e+00
2.8833371889e-01	-5.3501971479e+00
2.8834004896e-01	-5.3503453499e+00
2.8831376025e-01	-5.3501221371e+00
2.8824835546e-01	-5.3494911210e+00
2.8813492540e-01	-5.3483014389e+00
2.8794533573e-01	-5.3463455106e+00
2.8763382060e-01	-5.3432285193e+00
2.8713555861e-01	-5.3384053815e+00
2.8633094649e-01	-5.3310133176e+00
2.8505750704e-01	-5.3197872020e+00
2.8376033830e-01	-5.3085394486e+00
2.8276317510e-01	-5.2998960538e+00
2.8199063972e-01	-5.2932575730e+00
2.8081295151e-01	-5.2830672588e+00
2.7967942402e-01	-5.2725234333e+00
2.7767684102e-01	-5.2711015653e+00
2.7767273209e-01	-5.2721015062e+00
2.7766525428e-01	-5.2733272634e+00
2.7765592397e-01	-5.2746338025e+00
2.7764525659e-01	-5.2759818073e+00
2.7763345126e-01	-5.2773631671e+00
2.7762056726e-01	-5.2787515548e+00
2.7760662200e-01	-5.2801447388e+00
2.7759162225e-01	-5.2815415486e+00
2.7757557196e-01	-5.2829410914e+00
2.7755847442e-01	-5.2843425375e+00
2.7754033235e-01	-5.2857450891e+00
2.7752114772e-01	-5.2871480011e+00
2.7750092137e-01	-5.2885506078e+00
2.7747965256e-01	-5.2899523561e+00
2.7745733969e-01	-5.2913527614e+00
2.7743397899e-01	-5.2927514912e+00
2.7740956832e-01	-5.2941482614e+00
2.7738410654e-01	-5.2955429074e+00
2.7735758304e-01	-5.2969582027e+00
2.7732998581e-01	-5.2983797223e+00
2.7730130548e-01	-5.2997989289e+00
2.7727153243e-01	-5.3012158566e+00
2.7724065549e-01	-5.3026306056e+00
2.7720866269e-01	-5.3040433038e+00
2.7717554093e-01	-5.3054541150e+00
2.7714127568e-01	-5.3068632486e+00
2.7710585149e-01	-5.3082709353e+00
2.7706925045e-01	-5.3096774831e+00
2.7703145335e-01	-5.3110832315e+00
2.7699243799e-01	-5.3124886093e+00
2.7695217941e-01	-5.3138941233e+00
2.7691065261e-01	-5.3153003847e+00
2.7686783016e-01	-5.3167162981e+00
2.7682366668e-01	-5.3181612834e+00
2.7677811659e-01	-5.3196097743e+00
2.7673112782e-01	-5.3210631077e+00
2.7668263907e-01	-5.3225228991e+00
2.7663257737e-01	-5.3239911187e+00
2.7658085532e-01	-5.3254701774e+00
2.7652736742e-01	-5.3269630390e+00
2.7647198511e-01	-5.3284733702e+00
2.7641455104e-01	-5.3300057177e+00
2.7635486927e-01	-5.3315658016e+00
2.7629269479e-01	-5.3331608383e+00
2.7622771486e-01	-5.3348000947e+00
2.7615955303e-01	-5.3364956411e+00
2.7608776561e-01	-5.3383040954e+00
2.7601151882e-01	-5.3402212555e+00
2.7592979337e-01	-5.3422663255e+00
2.7584109940e-01	-5.3444849532e+00
2.7574311728e-01	-5.3469476829e+00
2.7563190890e-01	-5.3497728274e+00
2.7549982342e-01	-5.3531856266e+00
2.7532795698e-01	-5.3577237773e+00
2.7502595833e-01	-5.3658419063e+00
2.7435030226e-01	-5.3805668415e+00
2.7370647335e-01	-5.4114577523e+00
2.7350429834e-01	-5.4184153196e+00
2.7352765025e-01	-5.4209452883e+00
2.7354632184e-01	-5.4223613152e+00
2.7356757736e-01	-5.4236205103e+00
2.7359217931e-01	-5.4248008433e+00
2.7361841001e-01	-5.4258685681e+00
2.7364530539e-01	-5.4268377773e+00
2.7367436455e-01	-5.4277751036e+00
2.7370409235e-01	-5.4286570609e+00
2.7373353857e-01	-5.4294763132e+00
2.7376458588e-01	-5.4302830079e+00
2.7379392025e-01	-5.4310152060e+00
2.7381956284e-01	-5.4316447196e+00
2.7383538898e-01	-5.4320667049e+00
2.7382453465e-01	-5.4319714737e+00
2.7378110781e-01	-5.4312091807e+00
2.7369725884e-01	-5.4295364489e+00
2.7355989168e-01	-5.4262424028e+00
2.7337731095e-01	-5.4192499754e+00
2.7353735224e-01	-5.4044905745e+00
2.7378420535e-01	-5.4046870013e+00
2.7392976361e-01	-5.3993886806e+00
2.7400902429e-01	-5.3910307257e+00
2.7413189664e-01	-5.3779990865e+00
2.7432293834e-01	-5.3585951825e+00
2.7434379436e-01	-5.3507883444e+00
2.7428033204e-01	-5.3488697386e+00
2.7416896868e-01	-5.3461535599e+00
2.7397475603e-01	-5.3424024162e+00
2.7364164456e-01	-5.3372922278e+00
2.7308432322e-01	-5.3303906090e+00
2.7217763757e-01	-5.3207406961e+00
2.7092803359e-01	-5.3083571179e+00
2.6996668170e-01	-5.2991324357e+00
2.6922189995e-01	-5.2919802606e+00
2.6864125020e-01	-5.2863960697e+00
2.6773111305e-01	-5.2777545198e+00
2.6665366369e-01	-5.2668073428e+00
2.6799032075e-01	-5.2687234028e+00
2.6799113408e-01	-5.2698282683e+00
2.6798833473e-01	-5.2711937329e+00
2.6798370934e-01	-5.2726434443e+00
2.6797782014e-01	-5.2741213438e+00
2.6797083133e-01	-5.2756106356e+00
2.6796278527e-01	-5.2771064878e+00
2.6795368898e-01	-5.2786075378e+00
2.6794354054e-01	-5.2801133201e+00
2.6793233715e-01	-5.2816234777e+00
2.6792007946e-01	-5.2831375648e+00
2.6790677243e-01	-5.2846549738e+00
2.6789241396e-01	-5.2861919000e+00
2.6787699961e-01	-5.2877477990e+00
2.6786052885e-01	-5.2893048772e+00
2.6784299964e-01	-5.2908625006e+00
2.6782440791e-01	-5.2924201441e+00
2.6780474759e-01	-5.2939773809e+00
2.6778400940e-01	-5.2955339751e+00
2.6776218169e-01	-5.2970897945e+00
2.6773924926e-01	-5.2986448883e+00
2.6771519346e-01	-5.3001994515e+00
2.6768999235e-01	-5.3017537956e+00
2.6766361922e-01	-5.3033084164e+00
2.6763604578e-01	-5.3048639682e+00
2.6760724076e-01	-5.3064212865e+00
2.6757715291e-01	-5.3080175025e+00
2.6754572598e-01	-5.3096201204e+00
2.6751289633e-01	-5.3112286007e+00
2.6747858724e-01	-5.3128449774e+00
2.6744270498e-01	-5.3144717920e+00
2.6740513575e-01	-5.3161121641e+00
2.6736573831e-01	-5.3177700301e+00
2.6732433820e-01	-5.3194502848e+00
2.6728071571e-01	-5.3211591506e+00
2.6723459097e-01	-5.3229046060e+00
2.6718560383e-01	-5.3246969500e+00
2.6713329734e-01	-5.3265497934e+00
2.6707714676e-01	-5.3285055264e+00
2.6701618300e-01	-5.3306009399e+00
2.6694912689e-01	-5.3328399603e+00
2.6687409546e-01	-5.3352774024e+00
2.6678805712e-01	-5.3380003219e+00
2.6668561530e-01	-5.3411603915e+00
2.6655544548e-01	-5.3450645795e+00
2.6636489324e-01	-5.3505731201e+00
2.6579499766e-01	-5.3637223351e+00
2.6500840225e-01	-5.3918252852e+00
2.6470317063e-01	-5.4073452535e+00
2.6455450813e-01	-5.4127135033e+00
2.6443812597e-01	-5.4167432257e+00
2.6433830419e-01	-5.4201404891e+00
2.6424812659e-01	-5.4230835696e+00
2.6416409177e-01	-5.4257206585e+00
2.6408407164e-01	-5.4281399632e+00
2.6400667216e-01	-5.4303983567e+00
2.6393092838e-01	-5.4325347098e+00
2.6385613581e-01	-5.4345774886e+00
2.6378165675e-01	-5.4365567442e+00
2.6370617074e-01	-5.4385902472e+00
2.6372935100e-01	-5.4407342750e+00
2.6376761202e-01	-5.4415053485e+00
2.6380550328e-01	-5.4422089536e+00
2.6384522138e-01	-5.4428816579e+00
2.6388495616e-01	-5.4435132583e+00
2.6392381097e-01	-5.4441076058e+00
2.6396414422e-01	-5.4447041804e+00
2.6400398271e-01	-5.4452835372e+00
2.6404244159e-01	-5.4458386606e+00
2.6408213007e-01	-5.4464031846e+00
2.6411861185e-01	-5.4469246905e+00
2.6414989422e-01	-5.4473798789e+00
2.6416726387e-01	-5.4476637046e+00
2.6415244456e-01	-5.4475460723e+00
2.6410011746e-01	-5.4469535813e+00
2.6399760182e-01	-5.4457347757e+00
2.6381954944e-01	-5.4435566979e+00
2.6352560157e-01	-5.4398282939e+00
2.6305885336e-01	-5.4335305730e+00
2.6236771123e-01	-5.4216965990e+00
2.6210108361e-01	-5.3942593830e+00
2.6235627757e-01	-5.3944885821e+00
2.6259844903e-01	-5.3894928339e+00
2.6264668727e-01	-5.3844694134e+00
2.6272253956e-01	-5.3765397859e+00
2.6284121279e-01	-5.3642733341e+00
2.6302565816e-01	-5.3457983752e+00
2.6302853474e-01	-5.3393897074e+00
2.6297120107e-01	-5.3374178332e+00
2.6286960704e-01	-5.3346248785e+00
2.6269102988e-01	-5.3307672624e+00
2.6238295145e-01	-5.3255112030e+00
2.6186577744e-01	-5.3184152846e+00
2.6102324726e-01	-5.3084920737e+00
2.5986723843e-01	-5.2958262345e+00
2.5897682170e-01	-5.2863836827e+00
2.5828691509e-01	-5.2790643558e+00
2.5774942895e-01	-5.2733560176e+00
2.5690562645e-01	-5.2645092585e+00
2.5590693976e-01	-5.2528750838e+00
2.5355577839e-01	-5.2516753194e+00
2.5354039788e-01	-5.2532730882e+00
2.5352349304e-01	-5.2549141902e+00
2.5350536964e-01	-5.2565717174e+00
2.5348611339e-01	-5.2582365283e+00
2.5346575113e-01	-5.2599053599e+00
2.5344429196e-01	-5.2615767005e+00
2.5342173990e-01	-5.2632495163e+00
2.5339809772e-01	-5.2649229679e+00
2.5337337377e-01	-5.2665962943e+00
2.5334756232e-01	-5.2682859874e+00
2.5332065453e-01	-5.2699949659e+00
2.5329264418e-01	-5.2717022783e+00
2.5326352221e-01	-5.2734077412e+00
2.5323327838e-01	-5.2751112256e+00
2.5320189944e-01	-5.2768127577e+00
2.5316936979e-01	-5.2785124629e+00
2.5313567023e-01	-5.2802106180e+00
2.5310077911e-01	-5.2819075737e+00
2.5306466995e-01	-5.2836038552e+00
2.5302731253e-01	-5.2853000909e+00
2.5298867132e-01	-5.2869971135e+00
2.5294871276e-01	-5.2886959573e+00
2.5290737902e-01	-5.2904314212e+00
2.5286460270e-01	-5.2921802936e+00
2.5282030765e-01	-5.2939359919e+00
2.5277440153e-01	-5.2957010346e+00
2.5272676982e-01	-5.2974786104e+00
2.5267727053e-01	-5.2992727261e+00
2.5262572573e-01	-5.3010884626e+00
2.5257191016e-01	-5.3029323136e+00
2.5251553537e-01	-5.3048126547e+00
2.5245622655e-01	-5.3067404244e+00
2.5239348839e-01	-5.3087301231e+00
2.5232675261e-01	-5.3108058857e+00
2.5225507922e-01	-5.3130506720e+00
2.5217705425e-01	-5.3154474770e+00
2.5209066218e-01	-5.3180564563e+00
2.5199263854e-01	-5.3209738356e+00
2.5187713046e-01	-5.3243687351e+00
2.5173173196e-01	-5.3285876613e+00
2.5151990583e-01	-5.3346329599e+00
2.5083224160e-01	-5.3507093493e+00
2.5010090949e-01	-5.3812156021e+00
2.4983646396e-01	-5.3925532201e+00
2.4967343635e-01	-5.3981767038e+00
2.4954388201e-01	-5.4024578723e+00
2.4943154088e-01	-5.4060566894e+00
2.4932922547e-01	-5.4091772898e+00
2.4923323784e-01	-5.4119770779e+00
2.4914132893e-01	-5.4145501771e+00
2.4905198244e-01	-5.4169610441e+00
2.4896369242e-01	-5.4192922468e+00
2.4890540497e-01	-5.4218654791e+00
2.4894318087e-01	-5.4227833040e+00
2.4898061321e-01	-5.4236535351e+00
2.4901787465e-01	-5.4244522435e+00
2.4905747075e-01	-5.4252329813e+00
2.4909671221e-01	-5.4259600267e+00
2.4913511097e-01	-5.4266443533e+00
2.4917558104e-01	-5.4273391413e+00
2.4921496459e-01	-5.4280045035e+00
2.4925371098e-01	-5.4286512368e+00
2.4929278550e-01	-5.4292950105e+00
2.4932834046e-01	-5.4298838397e+00
2.4935833708e-01	-5.4303902708e+00
2.4937027639e-01	-5.4306418100e+00
2.4935271613e-01	-5.4304559858e+00
2.4930373416e-01	-5.4298155695e+00
2.4920951438e-01	-5.4285247197e+00
2.4904648693e-01	-5.4262139639e+00
2.4877870001e-01	-5.4222639660e+00
2.4835821735e-01	-5.4154249431e+00
2.4777322700e-01	-5.4014251221e+00
2.4779477454e-01	-5.3788291828e+00
2.4805056542e-01	-5.3790935473e+00
2.4824017297e-01	-5.3743368664e+00
2.4831229718e-01	-5.3666961787e+00
2.4842460944e-01	-5.3547291588e+00
2.4860027239e-01	-5.3367551245e+00
2.4870541153e-01	-5.3248559787e+00
2.4866148379e-01	-5.3226496411e+00
2.4862166336e-01	-5.3210575850e+00
2.4855159470e-01	-5.3187441093e+00
2.4842815176e-01	-5.3154711573e+00
2.4821300948e-01	-5.3109385485e+00
2.4784586052e-01	-5.3047196782e+00
2.4723734055e-01	-5.2962209601e+00
2.4625909624e-01	-5.2839063344e+00
2.4522912317e-01	-5.2715900146e+00
2.4443656731e-01	-5.2622054622e+00
2.4382203551e-01	-5.2549158415e+00
2.4288501734e-01	-5.2439454162e+00
2.4198250573e-01	-5.2320973156e+00
2.3873722017e-01	-5.2299435593e+00
2.3871307557e-01	-5.2318561127e+00
2.3868842482e-01	-5.2337099150e+00
2.3866284136e-01	-5.2355500873e+00
2.3863620640e-01	-5.2373881087e+00
2.3860848856e-01	-5.2392265362e+00
2.3857968146e-01	-5.2410653911e+00
2.3854978374e-01	-5.2429041151e+00
2.3851879674e-01	-5.2447420886e+00
2.3848672397e-01	-5.2465787629e+00
2.3845355614e-01	-5.2484477878e+00
2.3841928140e-01	-5.2503220097e+00
2.3838388989e-01	-5.2521939531e+00
2.3834736991e-01	-5.2540635625e+00
2.3830970698e-01	-5.2559309125e+00
2.3827088282e-01	-5.2577962425e+00
2.3823087677e-01	-5.2596598667e+00
2.3818966333e-01	-5.2615222782e+00
2.3814721237e-01	-5.2633841143e+00
2.3810348726e-01	-5.2652462199e+00
2.3805844825e-01	-5.2671095988e+00
2.3801205139e-01	-5.2689759779e+00
2.3796422399e-01	-5.2708928977e+00
2.3791488244e-01	-5.2728163656e+00
2.3786392869e-01	-5.2747491164e+00
2.3781124028e-01	-5.2766946232e+00
2.3775666210e-01	-5.2786573554e+00
2.3769999826e-01	-5.2806430127e+00
2.3764099635e-01	-5.2826590131e+00
2.3757932838e-01	-5.2847150601e+00
2.3751456269e-01	-5.2868239787e+00
2.3744611863e-01	-5.2890030678e+00
2.3737330352e-01	-5.2912812555e+00
2.3729498279e-01	-5.2937534427e+00
2.3720940477e-01	-5.2964076630e+00
2.3711397985e-01	-5.2993222530e+00
2.3700433592e-01	-5.3026275188e+00
2.3687212366e-01	-5.3065663351e+00
2.3669757197e-01	-5.3116898893e+00
2.3640305362e-01	-5.3200851150e+00
2.3568020090e-01	-5.3378712568e+00
2.3499281893e-01	-5.3701938536e+00
2.3478460510e-01	-5.3779188666e+00
2.3463199283e-01	-5.3831273144e+00
2.3450566077e-01	-5.3873841973e+00
2.3439334100e-01	-5.3909822296e+00
2.3428958974e-01	-5.3941565461e+00
2.3419128982e-01	-5.3970411644e+00
2.3409647970e-01	-5.3983704842e+00
2.3400378977e-01	-5.3992477910e+00
2.3391166348e-01	-5.4000936990e+00
2.3387175481e-01	-5.4013246276e+00
2.3390979159e-01	-5.4019913533e+00
2.3394755048e-01	-5.4026207737e+00
2.3398598309e-01	-5.4032173688e+00
2.3402594790e-01	-5.4038008716e+00
2.3406514823e-01	-5.4043528094e+00
2.3410487795e-01	-5.4048975191e+00
2.3414519786e-01	-5.4054401242e+00
2.3418423530e-01	-5.4059610695e+00
2.3422407985e-01	-5.4064868848e+00
2.3426192375e-01	-5.4069853298e+00
2.3429550893e-01	-5.4074305688e+00
2.3431864108e-01	-5.4077500419e+00
2.3431368216e-01	-5.4077314799e+00
2.3427562734e-01	-5.4073093629e+00
2.3419576678e-01	-5.4063836600e+00
2.3405390305e-01	-5.4047015279e+00
2.3381744376e-01	-5.4018197851e+00
2.3344084104e-01	-5.3970135311e+00
2.3288552395e-01	-5.3886053168e+00
2.3269229156e-01	-5.3601800628e+00
2.3294681300e-01	-5.3604830039e+00
2.3317998291e-01	-5.3560811017e+00
2.3322191782e-01	-5.3515738816e+00
2.3328805289e-01	-5.3444415309e+00
2.3339126184e-01	-5.3332522320e+00
2.3355368875e-01	-5.3164906626e+00
2.3364403111e-01	-5.3057308436e+00
2.3360886850e-01	-5.3034487453e+00
2.3353967940e-01	-5.3002739504e+00
2.3340848398e-01	-5.2959775857e+00
2.3317005066e-01	-5.2902388568e+00
2.3275652494e-01	-5.2825859892e+00
2.3207037548e-01	-5.2721151395e+00
2.3112631104e-01	-5.2589074517e+00
2.3039742918e-01	-5.2491388507e+00
2.2983084514e-01	-5.2415604844e+00
2.2938847465e-01	-5.2356327418e+00
2.2869390357e-01	-5.2264296022e+00
2.2787114114e-01	-5.2144281415e+00
2.2702727181e-01	-5.2148090491e+00
2.2700545782e-01	-5.2167806595e+00
2.2698239353e-01	-5.2187703124e+00
2.2695817787e-01	-5.2207682744e+00
2.2693282819e-01	-5.2227719106e+00
2.2690634445e-01	-5.2247803941e+00
2.2687872957e-01	-5.2267932280e+00
2.2684998419e-01	-5.2288097532e+00
2.2682009968e-01	-5.2308744931e+00
2.2678906967e-01	-5.2329417584e+00
2.2675688979e-01	-5.2350105912e+00
2.2672355225e-01	-5.2370803882e+00
2.2668904563e-01	-5.2391506910e+00
2.2665335312e-01	-5.2412212788e+00
2.2661645268e-01	-5.2432921327e+00
2.2657831351e-01	-5.2453636034e+00
2.2653889703e-01	-5.2474363067e+00
2.2649815735e-01	-5.2495113016e+00
2.2645603787e-01	-5.2515918580e+00
2.2641244762e-01	-5.2537283373e+00
2.2636728015e-01	-5.2558735008e+00
2.2632040229e-01	-5.2580310431e+00
2.2627164422e-01	-5.2602057443e+00
2.2622078562e-01	-5.2624038987e+00
2.2616753888e-01	-5.2646337982e+00
2.2611152235e-01	-5.2669065280e+00
2.2605222504e-01	-5.2692369613e+00
2.2598894600e-01	-5.2716455330e+00
2.2592080713e-01	-5.2741610162e+00
2.2584639971e-01	-5.2768991789e+00
2.2576345260e-01	-5.2798581853e+00
2.2566846678e-01	-5.2831359615e+00
2.2555521190e-01	-5.2869105966e+00
2.2541073583e-01	-5.2915387017e+00
2.2519899493e-01	-5.2979617342e+00
2.2467380270e-01	-5.3107890794e+00
2.2386012519e-01	-5.3237107536e+00
2.2353066832e-01	-5.3304528468e+00
2.2334754107e-01	-5.3333587887e+00
2.2320971010e-01	-5.3354028643e+00
2.2309456321e-01	-5.3370763214e+00
2.2299214955e-01	-5.3384793477e+00
2.2289763626e-01	-5.3397047513e+00
2.2280816479e-01	-5.3408055115e+00
2.2272190754e-01	-5.3418145605e+00
2.2263763058e-01	-5.3427535985e+00
2.2255452752e-01	-5.3436378329e+00
2.2247237019e-01	-5.3445004579e+00
2.2239026047e-01	-5.3453347918e+00
2.2230780811e-01	-5.3461369657e+00
2.2222474602e-01	-5.3469113560e+00
2.2214086198e-01	-5.3476614006e+00
2.2205594743e-01	-5.3483911059e+00
2.2196938896e-01	-5.3491184379e+00
2.2189694900e-01	-5.3500604574e+00
2.2194152512e-01	-5.3508235161e+00
2.2198037321e-01	-5.3514837232e+00
2.2201901433e-01	-5.3520991568e+00
2.2206027701e-01	-5.3527112490e+00
2.2210081495e-01	-5.3532881202e+00
2.2214108316e-01	-5.3538468288e+00
2.2218275732e-01	-5.3544157546e+00
2.2222324888e-01	-5.3549716499e+00
2.2226397652e-01	-5.3555270222e+00
2.2230354572e-01	-5.3560657675e+00
2.2233906104e-01	-5.3565529600e+00
2.2236652861e-01	-5.3569393019e+00
2.2236736910e-01	-5.3569945306e+00
2.2233290790e-01	-5.3565980568e+00
2.2225709841e-01	-5.3556837885e+00
2.2212054081e-01	-5.3540109487e+00
2.2189128439e-01	-5.3512109347e+00
2.2151780694e-01	-5.3465841717e+00
2.2092512512e-01	-5.3390224932e+00
2.2003897304e-01	-5.3264906358e+00
2.1952786969e-01	-5.3145071149e+00
2.1973512364e-01	-5.3056044196e+00
2.1999203287e-01	-5.3069419066e+00
2.2012568112e-01	-5.3053561791e+00
2.2018817042e-01	-5.3020809976e+00
2.2028603130e-01	-5.2968441718e+00
2.2043979111e-01	-5.2886773969e+00
2.2058020742e-01	-5.2787896052e+00
2.2051262430e-01	-5.2760615232e+00
2.2044529250e-01	-5.2741087085e+00
2.2032262789e-01	-5.2712428530e+00
2.2010406939e-01	-5.2670628517e+00
2.1972801042e-01	-5.2610032513e+00
2.1910534419e-01	-5.2509483349e+00
2.1825137009e-01	-5.2375041793e+00
2.1759134101e-01	-5.2275138459e+00
2.1707901199e-01	-5.2197726523e+00
2.1667937965e-01	-5.2137237493e+00
2.1605106046e-01	-5.2031677753e+00
2.1389810501e-01	-5.2009081829e+00
2.1387952275e-01	-5.2027742938e+00
2.1385861740e-01	-5.2040018645e+00
2.1383642796e-01	-5.2052430362e+00
2.1381314839e-01	-5.2065021006e+00
2.1378880049e-01	-5.2077526745e+00
2.1376336898e-01	-5.2089945922e+00
2.1373682668e-01	-5.2102282542e+00
2.1370913866e-01	-5.2114542961e+00
2.1368026458e-01	-5.2126734119e+00
2.1365015567e-01	-5.2138864280e+00
2.1361875570e-01	-5.2150941851e+00
2.1358600041e-01	-5.2162976565e+00
2.1355181771e-01	-5.2174978644e+00
2.1351610001e-01	-5.2187186672e+00
2.1347871650e-01	-5.2199492984e+00
2.1343950547e-01	-5.2211805928e+00
2.1339825770e-01	-5.2224146007e+00
2.1335469580e-01	-5.2236540802e+00
2.1330844324e-01	-5.2249029201e+00
2.1325898496e-01	-5.2261665579e+00
2.1320560183e-01	-5.2274527323e+00
2.1314730786e-01	-5.2287728257e+00
2.1308270320e-01	-5.2301588278e+00
2.1300936000e-01	-5.2316572204e+00
2.1292342550e-01	-5.2332752284e+00
2.1281801222e-01	-5.2350840505e+00
2.1267857268e-01	-5.2372221510e+00
2.1246383368e-01	-5.2400270877e+00
2.1192298922e-01	-5.2450892053e+00
2.1114333026e-01	-5.2580964000e+00
2.1084560363e-01	-5.2646581342e+00
2.1067492237e-01	-5.2677932499e+00
2.1054888793e-01	-5.2699974018e+00
2.1044540173e-01	-5.2718144967e+00
2.1035471247e-01	-5.2733468455e+00
2.1027197530e-01	-5.2746936821e+00
2.1019430402e-01	-5.2759114847e+00
2.1011984575e-01	-5.2770352663e+00
2.1004735335e-01	-5.2780880418e+00
2.0997629096e-01	-5.2790906756e+00
2.0990589351e-01	-5.2800789518e+00
2.0983546397e-01	-5.2810297858e+00
2.0976465720e-01	-5.2819491813e+00
2.0969321397e-01	-5.2828415313e+00
2.0962093901e-01	-5.2837100530e+00
2.0954768218e-01	-5.2845571292e+00
2.0947332678e-01	-5.2853845296e+00
2.0939778019e-01	-5.2861935837e+00
2.0932101996e-01	-5.2869856412e+00
2.0924346006e-01	-5.2877839727e+00
2.0916457879e-01	-5.2885817477e+00
2.0908423652e-01	-5.2893640594e+00
2.0900236862e-01	-5.2901316463e+00
2.0891890322e-01	-5.2908853188e+00
2.0882888312e-01	-5.2915987587e+00
2.0872515970e-01	-5.2922336050e+00
2.0861939500e-01	-5.2928570784e+00
2.0851139582e-01	-5.2934707206e+00
2.0839591356e-01	-5.2940485387e+00
2.0827533392e-01	-5.2946489974e+00
2.0815090680e-01	-5.2952658975e+00
2.0802259298e-01	-5.2960427363e+00
2.0805910356e-01	-5.2969800089e+00
2.0808569430e-01	-5.2976984938e+00
2.0811212796e-01	-5.2983729339e+00
2.0814010300e-01	-5.2990400572e+00
2.0816723561e-01	-5.2996701401e+00
2.0819408130e-01	-5.3002887796e+00
2.0822104322e-01	-5.3009129965e+00
2.0824647401e-01	-5.3015173535e+00
2.0827180663e-01	-5.3021335178e+00
2.0829508999e-01	-5.3027248315e+00
2.0831512842e-01	-5.3032647041e+00
2.0832762649e-01	-5.3036518828e+00
2.0832261273e-01	-5.3036302206e+00
2.0829835145e-01	-5.3031514958e+00
2.0824750534e-01	-5.3021147009e+00
2.0815340535e-01	-5.3002767208e+00
2.0798613955e-01	-5.2972454751e+00
2.0769726995e-01	-5.2924160823e+00
2.0719846015e-01	-5.2848117315e+00
2.0630229645e-01	-5.2724233557e+00
2.0560023519e-01	-5.2628039586e+00
2.0506327091e-01	-5.2552413639e+00
2.0465672712e-01	-5.2492157391e+00
2.0406706243e-01	-5.2392100778e+00
2.0375186469e-01	-5.2295993076e+00
2.0398377636e-01	-5.2210284196e+00
2.0424004733e-01	-5.2224984794e+00
2.0435551844e-01	-5.2211586054e+00
2.0440970197e-01	-5.2183070111e+00
2.0449487766e-01	-5.2137402840e+00
2.0462851722e-01	-5.2065720814e+00
2.0480760007e-01	-5.1962816693e+00
2.0476618615e-01	-5.1935357770e+00
2.0471743040e-01	-5.1915923432e+00
2.0462211434e-01	-5.1887625442e+00
2.0444406024e-01	-5.1846731513e+00
2.0412857180e-01	-5.1787738798e+00
2.0359618939e-01	-5.1702884988e+00
2.0190826401e-01	-5.1648275211e+00
2.0187153031e-01	-5.1658884555e+00
2.0182789490e-01	-5.1671734898e+00
2.0177920198e-01	-5.1685152808e+00
2.0172462116e-01	-5.1699007452e+00
2.0166213836e-01	-5.1713888897e+00
2.0158826782e-01	-5.1729808288e+00
2.0149711349e-01	-5.1747230845e+00
2.0137695284e-01	-5.1767164836e+00
2.0119856142e-01	-5.1791781793e+00
2.0084476347e-01	-5.1828311515e+00
2.0008818906e-01	-5.1916937086e+00
1.9966814942e-01	-5.2013534169e+00
1.9946667244e-01	-5.2055484396e+00
1.9932973794e-01	-5.2082084898e+00
1.9922400568e-01	-5.2102630133e+00
1.9913518443e-01	-5.2119991522e+00
1.9905648729e-01	-5.2134997166e+00
1.9898413774e-01	-5.2148423601e+00
1.9891577146e-01	-5.2160736037e+00
1.9884982334e-01	-5.2172231849e+00
1.9878541322e-01	-5.2183121705e+00
1.9872191906e-01	-5.2193704522e+00
1.9865850101e-01	-5.2204076312e+00
1.9859472102e-01	-5.2214118996e+00
1.9853030317e-01	-5.2223880390e+00
1.9846504528e-01	-5.2233393998e+00
1.9839880035e-01	-5.2242682840e+00
1.9833145746e-01	-5.2251763097e+00
1.9826292735e-01	-5.2260646734e+00
1.9819329492e-01	-5.2269351986e+00
1.9812278626e-01	-5.2278049754e+00
1.9805097947e-01	-5.2286797422e+00
1.9797771755e-01	-5.2295373415e+00
1.9789299390e-01	-5.2303190519e+00
1.9779990030e-01	-5.2310446837e+00
1.9770499886e-01	-5.2317551720e+00
1.9760813021e-01	-5.2324516557e+00
1.9750909583e-01	-5.2331355374e+00
1.9740106271e-01	-5.2337690510e+00
1.9728745889e-01	-5.2343894534e+00
1.9717071041e-01	-5.2350366397e+00
1.9704991275e-01	-5.2356807600e+00
1.9692421269e-01	-5.2363267387e+00
1.9679246645e-01	-5.2369810865e+00
1.9665311674e-01	-5.2376525404e+00
1.9650402259e-01	-5.2383529250e+00
1.9634132528e-01	-5.2390930650e+00
1.9616198756e-01	-5.2399318188e+00
1.9596003347e-01	-5.2408858151e+00
1.9572822718e-01	-5.2419826471e+00
1.9545993886e-01	-5.2432625785e+00
1.9515701210e-01	-5.2448137750e+00
1.9484280273e-01	-5.2465315734e+00
1.9454556659e-01	-5.2481121789e+00
1.9428155176e-01	-5.2494554021e+00
1.9404848055e-01	-5.2505497303e+00
1.9383930735e-01	-5.2513933225e+00
1.9364784511e-01	-5.2520451958e+00
1.9346914510e-01	-5.2525521677e+00
1.9330036761e-01	-5.2529729446e+00
1.9313784881e-01	-5.2533197668e+00
1.9297939362e-01	-5.2535967271e+00
1.9282320635e-01	-5.2538241908e+00
1.9266558232e-01	-5.2540778939e+00
1.9266357465e-01	-5.2549615069e+00
1.9268790642e-01	-5.2556130042e+00
1.9271390404e-01	-5.2562327543e+00
1.9274255736e-01	-5.2568406622e+00
1.9277113805e-01	-5.2574091293e+00
1.9280043429e-01	-5.2579673152e+00
1.9283019445e-01	-5.2585196322e+00
1.9285934890e-01	-5.2590587312e+00
1.9288956110e-01	-5.2596096932e+00
1.9291730410e-01	-5.2601182258e+00
1.9294122263e-01	-5.2605636142e+00
1.9295152155e-01	-5.2607915480e+00
1.9293693744e-01	-5.2606052454e+00
1.9289644578e-01	-5.2599956928e+00
1.9281975688e-01	-5.2588029298e+00
1.9268964826e-01	-5.2567476189e+00
1.9247954042e-01	-5.2533077198e+00
1.9216592865e-01	-5.2475464352e+00
1.9186613543e-01	-5.2371172015e+00
1.9204848386e-01	-5.2262865344e+00
1.9211144578e-01	-5.2186013200e+00
1.9201627777e-01	-5.2136716366e+00
1.9189523043e-01	-5.2101844425e+00
1.9178292812e-01	-5.2075537221e+00
1.9158655499e-01	-5.2035034341e+00
1.9125189806e-01	-5.1972663372e+00
1.9066434543e-01	-5.1875595379e+00
1.8963098897e-01	-5.1717782946e+00
1.8886470460e-01	-5.1596015136e+00
1.8832291384e-01	-5.1497949636e+00
1.8800238293e-01	-5.1409546638e+00
1.8807775233e-01	-5.1303550854e+00
1.9681835206e-01	-5.1714254073e+00
1.9667460160e-01	-5.1742697807e+00
1.9657284770e-01	-5.1764191471e+00
1.9649229548e-01	-5.1782453619e+00
1.9642440726e-01	-5.1798454112e+00
1.9636450981e-01	-5.1812942631e+00
1.9630969789e-01	-5.1826365763e+00
1.9625808173e-01	-5.1839011712e+00
1.9620882234e-01	-5.1851111958e+00
1.9616074082e-01	-5.1863112167e+00
1.9611290768e-01	-5.1874744670e+00
1.9606485616e-01	-5.1886080707e+00
1.9601625002e-01	-5.1897171465e+00
1.9596684518e-01	-5.1908053529e+00
1.9591645811e-01	-5.1918753616e+00
1.9586495274e-01	-5.1929290313e+00
1.9581253117e-01	-5.1939696346e+00
1.9575940904e-01	-5.1950199607e+00
1.9570494873e-01	-5.1960760031e+00
1.9564899386e-01	-5.1971187535e+00
1.9559144764e-01	-5.1981487453e+00
1.9553219221e-01	-5.1991666169e+00
1.9547107600e-01	-5.2001732586e+00
1.9540789826e-01	-5.2011699721e+00
1.9534250006e-01	-5.2021593552e+00
1.9527554688e-01	-5.2031584898e+00
1.9520592649e-01	-5.2041995874e+00
1.9513248634e-01	-5.2052452972e+00
1.9505431271e-01	-5.2063034745e+00
1.9497013603e-01	-5.2073850065e+00
1.9487818445e-01	-5.2085049502e+00
1.9477602098e-01	-5.2096847141e+00
1.9465622301e-01	-5.2109436721e+00
1.9446318860e-01	-5.2120290873e+00
1.9423554604e-01	-5.2138844462e+00
1.8315107763e-01	-5.1657356188e+00
1.8290462753e-01	-5.1668353038e+00
1.8274435578e-01	-5.1676582397e+00
1.8243931227e-01	-5.1685936509e+00
1.8215467746e-01	-5.1700249436e+00
1.8190452551e-01	-5.1712647217e+00
1.8168325581e-01	-5.1722669876e+00
1.8148430252e-01	-5.1730469532e+00
1.8130182372e-01	-5.1736557917e+00
1.8113165143e-01	-5.1741390550e+00
1.8097030175e-01	-5.1745581920e+00
1.8081442330e-01	-5.1748957376e+00
1.8066207646e-01	-5.1751681748e+00
1.8051179629e-01	-5.1753874278e+00
1.8036244818e-01	-5.1755622301e+00
1.8021312705e-01	-5.1756990784e+00
1.8006336421e-01	-5.1758048807e+00
1.7991337091e-01	-5.1759121812e+00
1.7976140083e-01	-5.1759992975e+00
1.7960681117e-01	-5.1760629550e+00
1.7944894453e-01	-5.1761058974e+00
1.7928705524e-01	-5.1761309340e+00
1.7912019946e-01	-5.1761424763e+00
1.7894641766e-01	-5.1761627356e+00
1.7882936116e-01	-5.1768442460e+00
1.7884397906e-01	-5.1775668223e+00
1.7885872292e-01	-5.1782671129e+00
1.7887521144e-01	-5.1789598924e+00
1.7889138431e-01	-5.1796101230e+00
1.7890698592e-01	-5.1802395913e+00
1.7892220307e-01	-5.1808720179e+00
1.7893574684e-01	-5.1814804850e+00
1.7894859167e-01	-5.1821001379e+00
1.7895930140e-01	-5.1826859006e+00
1.7896749237e-01	-5.1832153242e+00
1.7896997445e-01	-5.1835425504e+00
1.7896200077e-01	-5.1833909890e+00
1.7894230036e-01	-5.1827286335e+00
1.7890291556e-01	-5.1814175583e+00
1.7882539756e-01	-5.1791599207e+00
1.7867276289e-01	-5.1754883783e+00
1.7838929816e-01	-5.1698055881e+00
1.7790133427e-01	-5.1608637304e+00
1.7754347629e-01	-5.1539225049e+00
1.7731238703e-01	-5.1482297127e+00
1.7720551476e-01	-5.1434462589e+00
1.7720664298e-01	-5.1391967148e+00
1.7728086099e-01	-5.1354820663e+00
1.7745061163e-01	-5.1292144674e+00
1.7750548125e-01	-5.1248843389e+00
1.7749132096e-01	-5.1217995692e+00
1.7745461633e-01	-5.1195122294e+00
1.7736614128e-01	-5.1161038851e+00
1.7718033234e-01	-5.1110261829e+00
1.7683495912e-01	-5.1033400252e+00
1.7620788059e-01	-5.0914737075e+00
1.8565178403e-01	-5.1356776223e+00
1.8561563327e-01	-5.1367064711e+00
1.8557400782e-01	-5.1378655137e+00
1.8553011533e-01	-5.1390277561e+00
1.8548401523e-01	-5.1401818364e+00
1.8543640992e-01	-5.1413418247e+00
1.8538638862e-01	-5.1425497779e+00
1.8533236090e-01	-5.1437617114e+00
1.8527316204e-01	-5.1449861518e+00
1.8520715213e-01	-5.1462347939e+00
1.8513199833e-01	-5.1475240017e+00
1.8504471677e-01	-5.1488786659e+00
1.8494168997e-01	-5.1503664796e+00
1.8481613717e-01	-5.1520175296e+00
1.8459420787e-01	-5.1534097074e+00
1.8434373516e-01	-5.1550251013e+00
1.8408186604e-01	-5.1569064733e+00
1.8383074884e-01	-5.1587572570e+00
1.8359270172e-01	-5.1603094074e+00
1.8339102717e-01	-5.1617160515e+00
1.8321744259e-01	-5.1629154417e+00
1.8306535158e-01	-5.1639367653e+00
1.8292928928e-01	-5.1648216949e+00
1.8280544808e-01	-5.1656188435e+00
1.8268948081e-01	-5.1663564778e+00
1.8257849338e-01	-5.1670267180e+00
1.8247053065e-01	-5.1676434686e+00
1.8236407816e-01	-5.1682169066e+00
1.8225793889e-01	-5.1687545915e+00
1.8215167807e-01	-5.1692659509e+00
1.8204513893e-01	-5.1697787357e+00
1.8193624664e-01	-5.1702813735e+00
1.8182403132e-01	-5.1707632131e+00
1.8170748255e-01	-5.1712265915e+00
1.8158540614e-01	-5.1716737577e+00
1.8145641001e-01	-5.1721072974e+00
1.8131993151e-01	-5.1725372902e+00
1.8117438553e-01	-5.1729978931e+00
1.8101702119e-01	-5.1734584143e+00
1.8084691008e-01	-5.1739187052e+00
1.8066429054e-01	-5.1743769662e+00
1.8047216786e-01	-5.1748404662e+00
1.8027599577e-01	-5.1753340266e+00
1.8007997782e-01	-5.1757936743e+00
1.7988882170e-01	-5.1762024389e+00
1.7970596853e-01	-5.1765523132e+00
1.7953375960e-01	-5.1768681948e+00
1.7937021928e-01	-5.1771258812e+00
1.7921412387e-01	-5.1773211889e+00
1.7906395727e-01	-5.1774610136e+00
1.7891815411e-01	-5.1775523913e+00
1.7877642899e-01	-5.1776139210e+00
1.7863679806e-01	-5.1776601512e+00
1.7849719099e-01	-5.1776712177e+00
1.7835642173e-01	-5.1776504374e+00
1.7821336923e-01	-5.1776002550e+00
1.7806696078e-01	-5.1775223865e+00
1.7791636894e-01	-5.1774192284e+00
1.7776153778e-01	-5.1773081504e+00
1.7760088902e-01	-5.1771777223e+00
1.7743395622e-01	-5.1770208883e+00
1.7724611384e-01	-5.1767317219e+00
1.7704037798e-01	-5.1763266206e+00
1.7681928182e-01	-5.1758140655e+00
1.7659474083e-01	-5.1752798970e+00
1.7636928361e-01	-5.1747161314e+00
1.7614197231e-01	-5.1741601862e+00
1.7609266895e-01	-5.1745268437e+00
1.7608765768e-01	-5.1749538957e+00
1.7608472978e-01	-5.1753648752e+00
1.7608457005e-01	-5.1757549710e+00
1.7608617674e-01	-5.1761167034e+00
1.7608954516e-01	-5.1764751443e+00
1.7609393168e-01	-5.1768215430e+00
1.7609909886e-01	-5.1771590235e+00
1.7610502070e-01	-5.1774921988e+00
1.7611053168e-01	-5.1777926965e+00
1.7611435302e-01	-5.1780298115e+00
1.7610959021e-01	-5.1780259904e+00
1.7609506629e-01	-5.1776990990e+00
1.7606948002e-01	-5.1770109466e+00
1.7603155484e-01	-5.1757925971e+00
1.7598537852e-01	-5.1737697998e+00
1.7594100166e-01	-5.1704300904e+00
1.7573996595e-01	-5.1641849502e+00
1.7547005397e-01	-5.1588977082e+00
1.7524627967e-01	-5.1547506616e+00
1.7507739797e-01	-5.1514524681e+00
1.7486196673e-01	-5.1462015284e+00
1.7472343028e-01	-5.1374057771e+00
1.7463919742e-01	-5.1305288620e+00
1.7448519496e-01	-5.1254114012e+00
1.7432970351e-01	-5.1215776864e+00
1.7419475800e-01	-5.1185947708e+00
1.7397110852e-01	-5.1138707370e+00
1.7363470225e-01	-5.1064627103e+00
1.7336853032e-01	-5.0949879337e+00
1.7198398718e-01	-5.0847895404e+00
1.7182656618e-01	-5.0856813201e+00
1.7168606186e-01	-5.0864512350e+00
1.7155776120e-01	-5.0871714552e+00
1.7143698183e-01	-5.0878177914e+00
1.7132098515e-01	-5.0884051863e+00
1.7120768324e-01	-5.0889442902e+00
1.7109544635e-01	-5.0894427840e+00
1.7098376717e-01	-5.0899123989e+00
1.7087200699e-01	-5.0903882593e+00
1.7075764549e-01	-5.0908407311e+00
1.7063949385e-01	-5.0912664920e+00
1.7051619757e-01	-5.0916671172e+00
1.7038615873e-01	-5.0920437871e+00
1.7024808161e-01	-5.0924015561e+00
1.7010129802e-01	-5.0927686760e+00
1.6994258570e-01	-5.0931355397e+00
1.6977074492e-01	-5.0934871238e+00
1.6958618290e-01	-5.0938236889e+00
1.6939215436e-01	-5.0941556217e+00
1.6919488961e-01	-5.0945128676e+00
1.6899833472e-01	-5.0948509405e+00
1.6880710274e-01	-5.0951506136e+00
1.6862461029e-01	-5.0954076433e+00
1.6845282522e-01	-5.0956418396e+00
1.6828975442e-01	-5.0958348557e+00
1.6813394605e-01	-5.0959745891e+00
1.6798375750e-01	-5.0960649919e+00
1.6783785750e-01	-5.0961133372e+00
1.6769565472e-01	-5.0961392162e+00
1.6755441717e-01	-5.0961441596e+00
1.6741224849e-01	-5.0961115182e+00
1.6726777051e-01	-5.0960430185e+00
1.6711970012e-01	-5.0959396575e+00
1.6696715254e-01	-5.0958039218e+00
1.6680996098e-01	-5.0956489040e+00
1.6664679857e-01	-5.0954721313e+00
1.6647736908e-01	-5.0952610299e+00
1.6630199872e-01	-5.0950140176e+00
1.6612178303e-01	-5.0947334846e+00
1.6591522046e-01	-5.0942426254e+00
1.6570195636e-01	-5.0936879632e+00
1.6548971936e-01	-5.0931024034e+00
1.6528002129e-01	-5.0924885480e+00
1.6506802167e-01	-5.0918036650e+00
1.6485510787e-01	-5.0910606315e+00
1.6464648695e-01	-5.0903114654e+00
1.6444073236e-01	-5.0895369223e+00
1.6423678992e-01	-5.0887353521e+00
1.6403346708e-01	-5.0879045240e+00
1.6382964934e-01	-5.0870425710e+00
1.6362511927e-01	-5.0861589835e+00
1.6341819281e-01	-5.0852467023e+00
1.6320798795e-01	-5.0842955136e+00
1.6299415501e-01	-5.0833044753e+00
1.6277664865e-01	-5.0822732575e+00
1.6255573043e-01	-5.0812034382e+00
1.6233303668e-01	-5.0801107702e+00
1.6210854139e-01	-5.0789888847e+00
1.6188289170e-01	-5.0778356456e+00
1.6165655603e-01	-5.0766546544e+00
1.6142752520e-01	-5.0754565976e+00
1.6138466849e-01	-5.0758957875e+00
1.6138880771e-01	-5.0763592959e+00
1.6139230435e-01	-5.0766280137e+00
1.6139746926e-01	-5.0768900874e+00
1.6140365142e-01	-5.0771479857e+00
1.6141018385e-01	-5.0773971089e+00
1.6141731370e-01	-5.0776476873e+00
1.6142374264e-01	-5.0778755897e+00
1.6142888225e-01	-5.0780697483e+00
1.6142662706e-01	-5.0781055143e+00
1.6141115251e-01	-5.0778383876e+00
1.6138161916e-01	-5.0772455131e+00
1.6133374451e-01	-5.0761983460e+00
1.6126407356e-01	-5.0744651638e+00
1.6117331190e-01	-5.0716786418e+00
1.6102767804e-01	-5.0670255306e+00
1.6089512529e-01	-5.0632077917e+00
1.6081193298e-01	-5.0602301530e+00
1.6076972882e-01	-5.0578710192e+00
1.6074183792e-01	-5.0559282961e+00
1.6068082051e-01	-5.0525411349e+00
1.6046221506e-01	-5.0463814313e+00
1.6025236018e-01	-5.0415522915e+00
1.6008460144e-01	-5.0377541526e+00
1.5996525122e-01	-5.0347521367e+00
1.5983274641e-01	-5.0300153813e+00
1.5979237379e-01	-5.0222986015e+00
1.5975148932e-01	-5.0163007422e+00
1.5964358066e-01	-5.0117175408e+00
1.5953002519e-01	-5.0084166024e+00
1.5198842391e-01	-4.9656802165e+00
1.5185086653e-01	-4.9659258997e+00
1.5170469219e-01	-4.9662051677e+00
1.5154717325e-01	-4.9664598998e+00
1.5137751236e-01	-4.9666804170e+00
1.5119636322e-01	-4.9668640786e+00
1.5100723607e-01	-4.9670306025e+00
1.5081476625e-01	-4.9671942447e+00
1.5062311064e-01	-4.9673159017e+00
1.5041319687e-01	-4.9671930404e+00
1.5019572256e-01	-4.9668968338e+00
1.4999019135e-01	-4.9666081389e+00
1.4979502354e-01	-4.9662916451e+00
1.4960850168e-01	-4.9659464861e+00
1.4942305421e-01	-4.9655242935e+00
1.4923899874e-01	-4.9650490510e+00
1.4905761205e-01	-4.9645638325e+00
1.4887606596e-01	-4.9640386831e+00
1.4869233606e-01	-4.9634692549e+00
1.4850460643e-01	-4.9628510683e+00
1.4831179067e-01	-4.9621839033e+00
1.4811328207e-01	-4.9614777826e+00
1.4790789041e-01	-4.9607255653e+00
1.4769580796e-01	-4.9599189672e+00
1.4747763134e-01	-4.9590589380e+00
1.4725600158e-01	-4.9581613530e+00
1.4703357434e-01	-4.9572448298e+00
1.4681156184e-01	-4.9563116823e+00
1.4659148210e-01	-4.9553560413e+00
1.4637445985e-01	-4.9543819598e+00
1.4616153303e-01	-4.9533962178e+00
1.4595298796e-01	-4.9524091739e+00
1.4574731909e-01	-4.9514108049e+00
1.4554337715e-01	-4.9503872813e+00
1.4534000737e-01	-4.9493341771e+00
1.4513619555e-01	-4.9482484224e+00
1.4493149226e-01	-4.9471315703e+00
1.4472465918e-01	-4.9459884158e+00
1.4451482565e-01	-4.9448017116e+00
1.4430184436e-01	-4.9435712629e+00
1.4408572165e-01	-4.9422968125e+00
1.4386751430e-01	-4.9409866661e+00
1.4363214501e-01	-4.9395042262e+00
1.4338557262e-01	-4.9378988424e+00
1.4313866799e-01	-4.9362635690e+00
1.4289200146e-01	-4.9346018137e+00
1.4263569736e-01	-4.9328204903e+00
1.4237868904e-01	-4.9310037931e+00
1.4212261371e-01	-4.9291727079e+00
1.4186692077e-01	-4.9273163564e+00
1.4161115039e-01	-4.9254322615e+00
1.4135481196e-01	-4.9235177240e+00
1.4109775852e-01	-4.9215730909e+00
1.4084017965e-01	-4.9196050266e+00
1.4058114160e-01	-4.9176056608e+00
1.4032049869e-01	-4.9155701885e+00
1.4005830018e-01	-4.9134990828e+00
1.3979470893e-01	-4.9113937750e+00
1.3953020357e-01	-4.9092585879e+00
1.3926520544e-01	-4.9071007553e+00
1.3899936038e-01	-4.9049151383e+00
1.3873272173e-01	-4.9027001271e+00
1.3846531923e-01	-4.9004561991e+00
1.3819711493e-01	-4.8981833244e+00
1.3792819782e-01	-4.8958828402e+00
1.3765874577e-01	-4.8935597114e+00
1.3738754465e-01	-4.8912050757e+00
1.3715807954e-01	-4.8892796906e+00
1.3712633094e-01	-4.8893557520e+00
1.3711192108e-01	-4.8893383629e+00
1.3709878650e-01	-4.8893191557e+00
1.3708642624e-01	-4.8892984736e+00
1.3707451797e-01	-4.8892766178e+00
1.3706208363e-01	-4.8892462726e+00
1.3704742113e-01	-4.8891877084e+00
1.3703423686e-01	-4.8891279255e+00
1.3702637240e-01	-4.8890644636e+00
1.3702981527e-01	-4.8890194746e+00
1.3704052212e-01	-4.8889482525e+00
1.3705468698e-01	-4.8887644330e+00
1.3706044408e-01	-4.8882456950e+00
1.3703279378e-01	-4.8869400353e+00
1.3701831803e-01	-4.8848834753e+00
1.3702259796e-01	-4.8832356336e+00
1.3703155781e-01	-4.8818889324e+00
1.3704885230e-01	-4.8808455691e+00
1.3706836657e-01	-4.8800118485e+00
1.3708328867e-01	-4.8784216054e+00
1.3700320857e-01	-4.8747030303e+00
1.3691913647e-01	-4.8715301754e+00
1.3686406907e-01	-4.8690671213e+00
1.3683859570e-01	-4.8671669474e+00
1.3683457119e-01	-4.8657351233e+00
1.3684847004e-01	-4.8635008870e+00
1.3686479016e-01	-4.8598013283e+00
1.3683394730e-01	-4.8566396360e+00
1.3679201675e-01	-4.8540773179e+00
1.3675775890e-01	-4.8520192704e+00
1.3671721835e-01	-4.8487035947e+00
1.3675691699e-01	-4.8435193284e+00
1.4285028592e-01	-4.8851382352e+00
1.4283246484e-01	-4.8809598597e+00
1.4277832421e-01	-4.8776346144e+00
1.4264473442e-01	-4.8724193684e+00
1.4252016475e-01	-4.8683347742e+00
1.4242120225e-01	-4.8651193450e+00
1.4228478368e-01	-4.8600944558e+00
1.4221748820e-01	-4.8520209644e+00
1.4245568673e-01	-4.8500799510e+00
1.3778926514e-01	-4.8017712104e+00
1.3756920862e-01	-4.8024394510e+00
1.3736165785e-01	-4.8026047638e+00
1.3716744656e-01	-4.8026767402e+00
1.3698293801e-01	-4.8027025641e+00
1.3680388573e-01	-4.8026650238e+00
1.3662732884e-01	-4.8025704629e+00
1.3645156374e-01	-4.8024282591e+00
1.3627626130e-01	-4.8022754578e+00
1.3609786949e-01	-4.8020903098e+00
1.3591430794e-01	-4.8018494604e+00
1.3572362086e-01	-4.8015490102e+00
1.3552430654e-01	-4.8011897328e+00
1.3531635010e-01	-4.8008085640e+00
1.3509653872e-01	-4.8003732967e+00
1.3486492259e-01	-4.7998679524e+00
1.3462338768e-01	-4.7992953010e+00
1.3437773682e-01	-4.7987039900e+00
1.3413087469e-01	-4.7980738919e+00
1.3388679470e-01	-4.7973936643e+00
1.3364941638e-01	-4.7966765255e+00
1.3342207728e-01	-4.7959674439e+00
1.3320267972e-01	-4.7952252387e+00
1.3299027085e-01	-4.7944450965e+00
1.3278322442e-01	-4.7936269234e+00
1.3258167536e-01	-4.7928002737e+00
1.3238193993e-01	-4.7919485783e+00
1.3218151384e-01	-4.7910474742e+00
1.3197870559e-01	-4.7900930742e+00
1.3177216626e-01	-4.7890821272e+00
1.3156227829e-01	-4.7880347518e+00
1.3134729352e-01	-4.7869360875e+00
1.3112694154e-01	-4.7857733651e+00
1.3090162979e-01	-4.7845465424e+00
1.3067277253e-01	-4.7832640977e+00
1.3044290955e-01	-4.7819576487e+00
1.3021190354e-01	-4.7806031816e+00
1.2996255726e-01	-4.7790196458e+00
1.2970891086e-01	-4.7773973613e+00
1.2967781235e-01	-4.7782352263e+00
1.2966372731e-01	-4.7785174685e+00
1.2965217754e-01	-4.7787748628e+00
1.2964240041e-01	-4.7790212010e+00
1.2963385470e-01	-4.7792573002e+00
1.2962620724e-01	-4.7794946645e+00
1.2961925731e-01	-4.7797195716e+00
1.2961289484e-01	-4.7799287300e+00
1.2960693347e-01	-4.7800527986e+00
1.2960278978e-01	-4.7799705687e+00
1.2960018383e-01	-4.7796804543e+00
1.2959944160e-01	-4.7791287667e+00
1.2960460991e-01	-4.7781926947e+00
1.2962359994e-01	-4.7766299001e+00
1.2957828925e-01	-4.7730629822e+00
1.2944459302e-01	-4.7665221016e+00
1.2930844780e-01	-4.7612726792e+00
1.2922043874e-01	-4.7571941178e+00
1.2919303355e-01	-4.7541276713e+00
1.2920202710e-01	-4.7517627663e+00
1.2922640830e-01	-4.7499595866e+00
1.2926981624e-01	-4.7470158879e+00
1.2929115476e-01	-4.7422031180e+00
1.2924995981e-01	-4.7382901322e+00
1.2919773844e-01	-4.7352103936e+00
1.2915023704e-01	-4.7327493075e+00
1.2907853930e-01	-4.7290253494e+00
1.2905579632e-01	-4.7234775615e+00
1.2908548766e-01	-4.7185096023e+00
1.2915914068e-01	-4.7139351960e+00
1.2922420396e-01	-4.7099384051e+00
1.2926799301e-01	-4.7067859887e+00
1.2928765275e-01	-4.7044270989e+00
1.2928238921e-01	-4.7007355382e+00
1.2920442219e-01	-4.6951671776e+00
1.2899624354e-01	-4.6867287856e+00
1.2881663044e-01	-4.6833773657e+00
1.1765202368e-01	-4.5814063584e+00
1.1750904712e-01	-4.5820978318e+00
1.1736237507e-01	-4.5826399959e+00
1.1720536686e-01	-4.5831280560e+00
1.1703385723e-01	-4.5835773291e+00
1.1683002904e-01	-4.5838735379e+00
1.1652908346e-01	-4.5833209215e+00
1.1621383550e-01	-4.5827890732e+00
1.1589700225e-01	-4.5823719450e+00
1.1558340796e-01	-4.5819662632e+00
1.1527009573e-01	-4.5813496057e+00
1.1497987648e-01	-4.5807544116e+00
1.1471311443e-01	-4.5801423832e+00
1.1446638619e-01	-4.5794846717e+00
1.1423621361e-01	-4.5788057743e+00
1.1401628244e-01	-4.5781056510e+00
1.1380183103e-01	-4.5773437973e+00
1.1358957399e-01	-4.5765189681e+00
1.1337824597e-01	-4.5756437514e+00
1.1316608185e-01	-4.5747550067e+00
1.1294963470e-01	-4.5737927624e+00
1.1272699483e-01	-4.5727466996e+00
1.1249674498e-01	-4.5716138352e+00
1.1225919164e-01	-4.5704299932e+00
1.1201181626e-01	-4.5691626291e+00
1.1175508011e-01	-4.5677949586e+00
1.1149123077e-01	-4.5663380824e+00
1.1122498430e-01	-4.5648498139e+00
1.1095792088e-01	-4.5632994019e+00
1.1069316168e-01	-4.5616945452e+00
1.1043458055e-01	-4.5600721519e+00
1.1018290547e-01	-4.5584509432e+00
1.0993711085e-01	-4.5567966466e+00
1.0969623026e-01	-4.5551076093e+00
1.0946023268e-01	-4.5534017805e+00
1.0922688473e-01	-4.5516826186e+00
1.0899318423e-01	-4.5499059642e+00
1.0875760839e-01	-4.5480646196e+00
1.0851927387e-01	-4.5461560878e+00
1.0827851484e-01	-4.5442027401e+00
1.0803378960e-01	-4.5421771846e+00
1.0777242617e-01	-4.5399144296e+00
1.0748412153e-01	-4.5372803797e+00
1.0718378064e-01	-4.5344631739e+00
1.0688211727e-01	-4.5315930480e+00
1.0657950641e-01	-4.5286677920e+00
1.0633583461e-01	-4.5265107481e+00
1.0630156441e-01	-4.5268725250e+00
1.0628116056e-01	-4.5270452705e+00
1.0626279403e-01	-4.5271949133e+00
1.0624619729e-01	-4.5273264899e+00
1.0623062311e-01	-4.5274546007e+00
1.0621598955e-01	-4.5275777488e+00
1.0620209163e-01	-4.5276992301e+00
1.0618940362e-01	-4.5278038728e+00
1.0617948945e-01	-4.5278490334e+00
1.0617757969e-01	-4.5277852035e+00
1.0618041273e-01	-4.5276270851e+00
1.0618966984e-01	-4.5273395037e+00
1.0620979877e-01	-4.5268546869e+00
1.0625125777e-01	-4.5260731661e+00
1.0632834224e-01	-4.5247879536e+00
1.0638273075e-01	-4.5216060476e+00
1.0631973644e-01	-4.5177467502e+00
1.0627065484e-01	-4.5146656970e+00
1.0624513717e-01	-4.5123013828e+00
1.0624126128e-01	-4.5105377450e+00
1.0626509384e-01	-4.5078380158e+00
1.0630541971e-01	-4.5058360069e+00
1.0633846212e-01	-4.5042132680e+00
1.0636131566e-01	-4.5029080507e+00
1.0638501415e-01	-4.5007531194e+00
1.0638440275e-01	-4.4970784732e+00
1.0633520915e-01	-4.4910018802e+00
1.0631286566e-01	-4.4863944568e+00
1.0634599016e-01	-4.4829471727e+00
1.0643605907e-01	-4.4805040220e+00
1.0655117432e-01	-4.4786683813e+00
1.0664703753e-01	-4.4771255461e+00
1.0680453057e-01	-4.4745625970e+00
1.0698315169e-01	-4.4705658640e+00
1.1251761150e-01	-4.5199063547e+00
1.1241217252e-01	-4.5128150919e+00
1.1221310263e-01	-4.5027947545e+00
1.1205877047e-01	-4.4951320507e+00
1.1194820589e-01	-4.4892215817e+00
1.1187551433e-01	-4.4845830577e+00
1.1183934314e-01	-4.4809568554e+00
1.1186981288e-01	-4.4750013783e+00
1.1233455961e-01	-4.4698977466e+00
9.3864608326e-02	-4.2762414753e+00
9.3641055347e-02	-4.2767227454e+00
9.3447553184e-02	-4.2770500507e+00
9.3270179707e-02	-4.2772344516e+00
9.3101227582e-02	-4.2773131815e+00
9.2936612046e-02	-4.2773525037e+00
9.2772933978e-02	-4.2773302771e+00
9.2608828210e-02	-4.2772363543e+00
9.2443742480e-02	-4.2770766869e+00
9.2277957592e-02	-4.2768976720e+00
9.2110219616e-02	-4.2766782244e+00
9.1939800849e-02	-4.2763880925e+00
9.1765939251e-02	-4.2760259605e+00
9.1588444446e-02	-4.2756371337e+00
9.1404216875e-02	-4.2752039408e+00
9.1209900279e-02	-4.2746726986e+00
9.1002698310e-02	-4.2740397279e+00
9.0781385715e-02	-4.2733566844e+00
9.0545122293e-02	-4.2725722102e+00
9.0297405872e-02	-4.2716788324e+00
9.0016640060e-02	-4.2703495504e+00
8.9716539889e-02	-4.2686296712e+00
8.9403851382e-02	-4.2665374116e+00
8.9107430549e-02	-4.2645107903e+00
8.8826546028e-02	-4.2624726393e+00
8.8554014408e-02	-4.2603408855e+00
8.8291990602e-02	-4.2582202816e+00
8.8036191308e-02	-4.2560575534e+00
8.7783222211e-02	-4.2538318520e+00
8.7531196119e-02	-4.2515416836e+00
8.7278809771e-02	-4.2492239142e+00
8.7023095029e-02	-4.2468074507e+00
8.6762651571e-02	-4.2442814256e+00
8.6497193369e-02	-4.2416506323e+00
8.6226706931e-02	-4.2389479925e+00
8.5949870307e-02	-4.2361188867e+00
8.5667470258e-02	-4.2331680907e+00
8.5381943733e-02	-4.2301343353e+00
8.5094492791e-02	-4.2270302951e+00
8.4806104159e-02	-4.2238422727e+00
8.4518480860e-02	-4.2205887646e+00
8.4234286539e-02	-4.2173249135e+00
8.3952647471e-02	-4.2140212440e+00
8.3673500314e-02	-4.2106734966e+00
8.3396584109e-02	-4.2072861867e+00
8.3131710616e-02	-4.2040813816e+00
8.3117575557e-02	-4.2046172013e+00
8.3105260799e-02	-4.2049870751e+00
8.3095215371e-02	-4.2053497038e+00
8.3087433239e-02	-4.2056794824e+00
8.3080818823e-02	-4.2060052501e+00
8.3075160290e-02	-4.2063217821e+00
8.3070173825e-02	-4.2066480428e+00
8.3065367223e-02	-4.2069445308e+00
8.3060746619e-02	-4.2071645601e+00
8.3058427436e-02	-4.2071675643e+00
8.3056824059e-02	-4.2070416726e+00
8.3055536507e-02	-4.2067490809e+00
8.3054602152e-02	-4.2062047897e+00
8.3055313998e-02	-4.2052832888e+00
8.3060882114e-02	-4.2037711278e+00
8.3086614755e-02	-4.2013967779e+00
8.3130162623e-02	-4.1997070543e+00
8.3177396205e-02	-4.1984653576e+00
8.3219063442e-02	-4.1975063834e+00
8.3251642043e-02	-4.1967144749e+00
8.3300505407e-02	-4.1954067556e+00
8.3359308544e-02	-4.1930691033e+00
8.3390679733e-02	-4.1910855852e+00
8.3409723200e-02	-4.1894466337e+00
8.3423723045e-02	-4.1881191704e+00
8.3453431051e-02	-4.1860941013e+00
8.3539050732e-02	-4.1830870348e+00
8.3661454344e-02	-4.1810207496e+00
8.3783060745e-02	-4.1793992662e+00
8.3860716429e-02	-4.1777200349e+00
8.3883800226e-02	-4.1757811067e+00
8.3908864639e-02	-4.1727311293e+00
8.3899247640e-02	-4.1676660579e+00
8.3858980390e-02	-4.1636652568e+00
8.3815643882e-02	-4.1604710049e+00
8.3778451974e-02	-4.1579613217e+00
8.3718164427e-02	-4.1540354932e+00
8.3621394605e-02	-4.1477706048e+00
8.3524055141e-02	-4.1410374108e+00
8.3464721077e-02	-4.1358260616e+00
8.3447720046e-02	-4.1318772873e+00
8.3472466834e-02	-4.1288088037e+00
8.3646326754e-02	-4.1243425191e+00
8.3914616611e-02	-4.1210182708e+00
9.1863078050e-02	-4.2131658998e+00
9.2116247357e-02	-4.2089479001e+00
8.6533109131e-02	-4.1411176470e+00
8.6140951986e-02	-4.1407061771e+00
8.5746981899e-02	-4.1403548321e+00
8.5380367239e-02	-4.1399151047e+00
8.5058075418e-02	-4.1394930034e+00
8.4780508289e-02	-4.1390254452e+00
8.4538860256e-02	-4.1386360083e+00
8.4318241972e-02	-4.1381726605e+00
8.4108571832e-02	-4.1376201515e+00
8.3904317103e-02	-4.1370388566e+00
8.3701081360e-02	-4.1363785884e+00
8.3497328482e-02	-4.1356282850e+00
8.3293604420e-02	-4.1348291642e+00
8.3088555922e-02	-4.1339924778e+00
8.2880947892e-02	-4.1330584684e+00
8.2670063881e-02	-4.1320258524e+00
8.2455872247e-02	-4.1309710962e+00
8.2234054786e-02	-4.1297970029e+00
8.2002492658e-02	-4.1284792678e+00
8.1761424734e-02	-4.1270638023e+00
8.1510332482e-02	-4.1255262019e+00
8.1251614583e-02	-4.1238518055e+00
8.0991110198e-02	-4.1221453409e+00
8.0730273503e-02	-4.1203621993e+00
8.0472904189e-02	-4.1185055634e+00
8.0196947162e-02	-4.1162409034e+00
7.9913969022e-02	-4.1136948440e+00
7.9612065083e-02	-4.1106658991e+00
7.9317354126e-02	-4.1076367918e+00
7.9026573219e-02	-4.1045495496e+00
7.8736130107e-02	-4.1013632015e+00
7.8446654640e-02	-4.0981266387e+00
7.8156591847e-02	-4.0948185783e+00
7.7865082168e-02	-4.0914098384e+00
7.7573272582e-02	-4.0879261407e+00
7.7281122343e-02	-4.0843937378e+00
7.6987163364e-02	-4.0807581020e+00
7.6691679447e-02	-4.0770251894e+00
7.6396165248e-02	-4.0732389086e+00
7.6098926508e-02	-4.0693609960e+00
7.5799773840e-02	-4.0653801263e+00
7.5500051474e-02	-4.0613257235e+00
7.5199375741e-02	-4.0572042396e+00
7.4896713619e-02	-4.0529793769e+00
7.4592374207e-02	-4.0486573733e+00
7.4288160789e-02	-4.0442876181e+00
7.3982026368e-02	-4.0398217757e+00
7.3673826420e-02	-4.0352525002e+00
7.3364866417e-02	-4.0306086502e+00
7.3054531594e-02	-4.0258856113e+00
7.2742057155e-02	-4.0210585331e+00
7.2427762743e-02	-4.0161338817e+00
7.2112896581e-02	-4.0111466022e+00
7.1795358301e-02	-4.0060589619e+00
7.1703312657e-02	-4.0052042211e+00
7.1651105484e-02	-4.0046910091e+00
7.1599947877e-02	-4.0041328312e+00
7.1548273182e-02	-4.0035209802e+00
7.1497459169e-02	-4.0028945611e+00
7.1446799519e-02	-4.0022565299e+00
7.1397266393e-02	-4.0016227365e+00
7.1353721949e-02	-4.0010558830e+00
7.1337857982e-02	-4.0008406044e+00
7.1345863557e-02	-4.0009305304e+00
7.1375119040e-02	-4.0012864789e+00
7.1433461368e-02	-4.0019964869e+00
7.1535343849e-02	-4.0032124046e+00
7.1692851181e-02	-4.0049491474e+00
7.1806793893e-02	-4.0049980107e+00
7.1894684628e-02	-4.0049115329e+00
7.1962341034e-02	-4.0047469187e+00
7.2017033843e-02	-4.0046186134e+00
7.2059691463e-02	-4.0044803817e+00
7.2126905820e-02	-4.0042016568e+00
7.2236277242e-02	-4.0037371444e+00
7.2321047981e-02	-4.0032852952e+00
7.2387737814e-02	-4.0029017566e+00
7.2439640800e-02	-4.0025483914e+00
7.2523589285e-02	-4.0019901971e+00
7.2655224331e-02	-4.0009629792e+00
7.2761025149e-02	-4.0001356322e+00
7.2844803318e-02	-3.9994376729e+00
7.2914898982e-02	-3.9989201831e+00
7.2974690094e-02	-3.9985302818e+00
7.3070375119e-02	-3.9977897117e+00
7.3175555722e-02	-3.9954175457e+00
7.3239555956e-02	-3.9930329715e+00
7.3291282843e-02	-3.9911238119e+00
7.3329448153e-02	-3.9896228127e+00
7.3355573559e-02	-3.9884026696e+00
7.3386725161e-02	-3.9863384587e+00
7.3413851972e-02	-3.9829255975e+00
7.3423537951e-02	-3.9777713213e+00
7.3425803657e-02	-3.9737902808e+00
7.3427963074e-02	-3.9706553672e+00
7.3432176611e-02	-3.9682352989e+00
7.3446565640e-02	-3.9643813429e+00
7.3508382789e-02	-3.9603055782e+00
7.3721645540e-02	-3.9588622528e+00
7.4101969447e-02	-3.9584566343e+00
7.4240160528e-02	-3.9554765340e+00
7.4365050342e-02	-3.9545267443e+00
7.4458359607e-02	-3.9538060565e+00
7.4587771795e-02	-3.9525129657e+00
7.4738040737e-02	-3.9501391331e+00
7.4845138851e-02	-3.9465452448e+00
7.4882097249e-02	-3.9435179288e+00
7.4897076457e-02	-3.9411230954e+00
7.4908606044e-02	-3.9389534912e+00
7.2292079119e-02	-3.8976348211e+00
7.2014967341e-02	-3.8963638515e+00
7.1716000476e-02	-3.8948938581e+00
7.1388829806e-02	-3.8931106006e+00
7.1035811256e-02	-3.8910926630e+00
7.0664208356e-02	-3.8887983213e+00
7.0286508247e-02	-3.8864016365e+00
6.9912611226e-02	-3.8838835525e+00
6.9553538197e-02	-3.8813448106e+00
6.9216219293e-02	-3.8788220137e+00
6.8904458226e-02	-3.8763947402e+00
6.8613214631e-02	-3.8740564034e+00
6.8333370363e-02	-3.8716603186e+00
6.8059326657e-02	-3.8692318907e+00
6.7786153025e-02	-3.8667074730e+00
6.7512382152e-02	-3.8640612546e+00
6.7239041279e-02	-3.8613744015e+00
6.6964142196e-02	-3.8585739645e+00
6.6687716134e-02	-3.8556465435e+00
6.6412000472e-02	-3.8527003037e+00
6.6134448662e-02	-3.8496312257e+00
6.5855640692e-02	-3.8464403684e+00
6.5576646635e-02	-3.8431940565e+00
6.5295764374e-02	-3.8398160801e+00
6.5013817543e-02	-3.8363227121e+00
6.4732125967e-02	-3.8327955893e+00
6.4448514370e-02	-3.8291329613e+00
6.4164152404e-02	-3.8253652821e+00
6.3879795448e-02	-3.8215444209e+00
6.3564398040e-02	-3.8170042850e+00
6.3214156138e-02	-3.8116679361e+00
6.2861607391e-02	-3.8062064591e+00
6.2507207073e-02	-3.8005997281e+00
6.2141655359e-02	-3.7946691035e+00
6.1775208024e-02	-3.7886394989e+00
6.1406853788e-02	-3.7824623839e+00
6.1038549182e-02	-3.7761908395e+00
6.0669639889e-02	-3.7698208176e+00
6.0298763252e-02	-3.7633039441e+00
5.9927611030e-02	-3.7566871568e+00
5.9555359968e-02	-3.7499578772e+00
5.9181072103e-02	-3.7430822400e+00
5.8806595047e-02	-3.7361107150e+00
5.8430923329e-02	-3.7290240421e+00
5.8053142745e-02	-3.7217911364e+00
5.7675355002e-02	-3.7144685002e+00
5.7296399145e-02	-3.7070316399e+00
5.6915260955e-02	-3.6994482365e+00
5.6533572224e-02	-3.6917623758e+00
5.6150307162e-02	-3.6839524719e+00
5.5914057130e-02	-3.6793904694e+00
5.5860242787e-02	-3.6786018003e+00
5.5806039878e-02	-3.6778258674e+00
5.5751854359e-02	-3.6769974605e+00
5.5696628015e-02	-3.6761126640e+00
5.5642525430e-02	-3.6752234303e+00
5.5589032236e-02	-3.6743295652e+00
5.5541467916e-02	-3.6735340480e+00
5.5524655681e-02	-3.6732456229e+00
5.5527419568e-02	-3.6732830787e+00
5.5546741027e-02	-3.6735927934e+00
5.5588425314e-02	-3.6742651382e+00
5.5664833029e-02	-3.6754981687e+00
5.5792512208e-02	-3.6775000250e+00
5.5999811135e-02	-3.6806273673e+00
5.6160344113e-02	-3.6829268143e+00
5.6286751702e-02	-3.6846911320e+00
5.6384890872e-02	-3.6860078405e+00
5.6541175608e-02	-3.6880504187e+00
5.6786293371e-02	-3.6910818454e+00
5.6975536070e-02	-3.6933043307e+00
5.7121350131e-02	-3.6949217712e+00
5.7235836110e-02	-3.6961588418e+00
5.7324990365e-02	-3.6970787363e+00
5.7466876774e-02	-3.6985063677e+00
5.7690222655e-02	-3.7006333414e+00
5.7850209637e-02	-3.7019219914e+00
5.7971087289e-02	-3.7027806039e+00
5.8060203406e-02	-3.7032952153e+00
5.8140392905e-02	-3.7027632535e+00
5.8233466800e-02	-3.7010909170e+00
5.8306299681e-02	-3.6997484037e+00
5.8364296174e-02	-3.6987050988e+00
5.8410008850e-02	-3.6978705833e+00
5.8445574475e-02	-3.6971787132e+00
5.8502876504e-02	-3.6960940841e+00
5.8593104727e-02	-3.6942867695e+00
5.8696485864e-02	-3.6922630114e+00
5.8776488635e-02	-3.6906160862e+00
5.8841164778e-02	-3.6893680481e+00
5.8893362147e-02	-3.6883608124e+00
5.8985848266e-02	-3.6868611361e+00
5.9131994285e-02	-3.6854770329e+00
5.9708580128e-02	-3.6925901640e+00
5.9764800437e-02	-3.6912637942e+00
5.9490934651e-02	-3.6872475529e+00
5.9143426822e-02	-3.6832135217e+00
5.8797464357e-02	-3.6790622053e+00
5.8451600065e-02	-3.6748157466e+00
5.8105441394e-02	-3.6704235651e+00
5.7759745611e-02	-3.6659227920e+00
5.7413114314e-02	-3.6612383463e+00
5.7068380226e-02	-3.6565048838e+00
5.6722758278e-02	-3.6515956095e+00
5.6378279546e-02	-3.6466009720e+00
5.6034189296e-02	-3.6414913377e+00
5.5689810141e-02	-3.6362303617e+00
5.5346623315e-02	-3.6308846749e+00
5.5002430323e-02	-3.6253664749e+00
5.4660349817e-02	-3.6197972375e+00
5.4317906769e-02	-3.6140872235e+00
5.3975916257e-02	-3.6082619536e+00
5.3635148134e-02	-3.6023561402e+00
5.3293319378e-02	-3.5962873631e+00
5.2953566214e-02	-3.5901639394e+00
5.2612887673e-02	-3.5838898657e+00
5.2272788858e-02	-3.5775142844e+00
5.1933614044e-02	-3.5710554500e+00
5.1593306817e-02	-3.5644437200e+00
5.1255369883e-02	-3.5577916786e+00
5.0916483436e-02	-3.5509994125e+00
5.0577649663e-02	-3.5440972175e+00
5.0239463443e-02	-3.5371103410e+00
4.9900034424e-02	-3.5299789208e+00
4.9561886757e-02	-3.5227818730e+00
4.9223034442e-02	-3.5154630644e+00
4.8883533737e-02	-3.5080223366e+00
4.8545497174e-02	-3.5005292211e+00
4.8206114505e-02	-3.4928983300e+00
4.7866778342e-02	-3.4851723658e+00
4.7527225067e-02	-3.4773479603e+00
4.7186256721e-02	-3.4693892270e+00
4.6846029070e-02	-3.4613604370e+00
4.6504711311e-02	-3.4532113392e+00
4.6162163472e-02	-3.4449370168e+00
4.5820485633e-02	-3.4366017226e+00
4.5477272824e-02	-3.4281356736e+00
4.5133176144e-02	-3.4195581436e+00
4.4788932583e-02	-3.4108933758e+00
4.4443077643e-02	-3.4020984865e+00
4.4096675594e-02	-3.3932043311e+00
4.3749670171e-02	-3.3842113698e+00
4.3400970641e-02	-3.3750883833e+00
4.3051596233e-02	-3.3658649416e+00
4.2701141359e-02	-3.3565306362e+00
4.2348910205e-02	-3.3470656987e+00
4.1996081883e-02	-3.3375037719e+00
4.1642032345e-02	-3.3278278212e+00
4.1286121762e-02	-3.3180199437e+00
4.0929460828e-02	-3.3081114432e+00
4.0571365742e-02	-3.2980833163e+00
4.0211319018e-02	-3.2879212518e+00
3.9850106439e-02	-3.2776470841e+00
3.9487349162e-02	-3.2672499097e+00
3.9312718840e-02	-3.2621517408e+00
3.9255157744e-02	-3.2603566325e+00
3.9219769282e-02	-3.2592398656e+00
3.9183780737e-02	-3.2581006930e+00
3.9148105806e-02	-3.2569652432e+00
3.9115778832e-02	-3.2559304475e+00
3.9106761289e-02	-3.2556439465e+00
3.9119095619e-02	-3.2560461463e+00
3.9148590258e-02	-3.2569984394e+00
3.9201521197e-02	-3.2586890584e+00
3.9289475352e-02	-3.2614482782e+00
3.9431381755e-02	-3.2657670227e+00
3.9541509844e-02	-3.2690104035e+00
3.9626315672e-02	-3.2714459815e+00
3.9693125333e-02	-3.2733271427e+00
3.9745661586e-02	-3.2747836680e+00
3.9828465816e-02	-3.2770385023e+00
3.9960050222e-02	-3.2805260434e+00
4.0061415029e-02	-3.2831324233e+00
4.0140261676e-02	-3.2851129528e+00
4.0201399970e-02	-3.2866176713e+00
4.0299740437e-02	-3.2889985059e+00
4.0453346068e-02	-3.2925913591e+00
4.0571626455e-02	-3.2952632897e+00
4.0663846315e-02	-3.2972932655e+00
4.0736305478e-02	-3.2988581082e+00
4.0792774837e-02	-3.3000526485e+00
4.0883000418e-02	-3.3019332550e+00
4.1024806961e-02	-3.3047983112e+00
4.1135185477e-02	-3.3069652806e+00
4.1220804835e-02	-3.3085987246e+00
4.1287547239e-02	-3.3098405491e+00
4.1395766771e-02	-3.3118449561e+00
4.1564462193e-02	-3.3148407454e+00
4.1695341089e-02	-3.3170898808e+00
4.1796664742e-02	-3.3187718868e+00
4.1876972001e-02	-3.3200905330e+00
4.2002330873e-02	-3.3220677432e+00
4.2201940747e-02	-3.3251383096e+00
4.2355164392e-02	-3.3273910716e+00
4.2474684849e-02	-3.3290991946e+00
4.2567335112e-02	-3.3303702160e+00
4.2641461429e-02	-3.3313953238e+00
4.2757659080e-02	-3.3329377979e+00
4.2940986949e-02	-3.3354937052e+00
4.3001634005e-02	-3.3327008396e+00
4.3177011179e-02	-3.3346796180e+00
4.3313204169e-02	-3.3361602623e+00
4.3418330393e-02	-3.3372312543e+00
4.3502172170e-02	-3.3381147068e+00
4.3633999164e-02	-3.3394373079e+00
4.3830493731e-02	-3.3413073766e+00
4.4019969480e-02	-3.3429958720e+00
4.4166421331e-02	-3.3457355141e+00
4.4964295138e-02	-3.3599363891e+00
4.5081919063e-02	-3.3602997250e+00
4.5266293310e-02	-3.3607550575e+00
4.5409159160e-02	-3.3610534677e+00
4.5520070607e-02	-3.3611988994e+00
4.5607670568e-02	-3.3613441129e+00
4.5745816418e-02	-3.3615033855e+00
4.5945918408e-02	-3.3616128150e+00
4.6100389546e-02	-3.3615726475e+00
4.6220721600e-02	-3.3628659833e+00
4.4475070792e-02	-3.3128759867e+00
4.4541369112e-02	-3.3128011292e+00
4.4593670246e-02	-3.3127319583e+00
4.4635020537e-02	-3.3126684257e+00
4.4701168149e-02	-3.3125470991e+00
4.4805961231e-02	-3.3123295277e+00
4.4958869188e-02	-3.3119667085e+00
4.5107721557e-02	-3.3115231439e+00
