R_int	Phi_global	P_surf
1.0966851923e+07	1.0000000000e+00	9.5603584079e+03
1.0966851923e+07	1.0000000000e+00	9.5603635298e+03
1.0966851923e+07	1.0000000000e+00	9.5603635298e+03
1.0966851923e+07	1.0000000000e+00	9.5603635298e+03
1.0966851923e+07	1.0000000000e+00	9.8326895807e+03
1.0966851923e+07	1.0000000000e+00	9.8105926292e+03
1.0966851923e+07	1.0000000000e+00	9.7882937281e+03
1.0966851923e+07	1.0000000000e+00	9.5693114311e+03
1.0966851923e+07	1.0000000000e+00	9.2315598695e+03
1.0966851923e+07	1.0000000000e+00	8.7227930112e+03
1.0966851923e+07	1.0000000000e+00	8.3701841489e+03
1.0966851923e+07	1.0000000000e+00	8.1167656857e+03
1.0966851923e+07	1.0000000000e+00	7.9260434928e+03
1.0966851923e+07	1.0000000000e+00	7.7784732610e+03
1.0966851923e+07	1.0000000000e+00	7.5497845798e+03
1.0966851923e+07	1.0000000000e+00	7.2094154003e+03
1.0966851923e+07	1.0000000000e+00	6.7187864439e+03
1.0966851923e+07	1.0000000000e+00	6.3597490180e+03
1.0966851923e+07	1.0000000000e+00	6.0913660922e+03
1.0966851923e+07	1.0000000000e+00	5.6862869413e+03
1.0966851923e+07	1.0000000000e+00	5.0939734530e+03
1.0848438896e+07	1.0000000000e+00	4.2520774672e+03
1.0848438896e+07	1.0000000000e+00	3.0735601119e+03
1.0848438896e+07	1.0000000000e+00	2.4857173916e+03
1.0848438896e+07	9.9983819624e-01	2.3650069191e+03
1.0848438896e+07	9.9978393459e-01	2.3652714492e+03
1.0848438896e+07	9.9972993467e-01	2.3656612655e+03
1.0848438896e+07	9.9967613783e-01	2.3662193365e+03
1.0848438896e+07	9.9962175523e-01	2.3669513812e+03
1.0848438896e+07	9.9956727545e-01	2.3678423958e+03
1.0848438896e+07	9.9951236063e-01	2.3688722616e+03
1.0848438896e+07	9.9945685556e-01	2.3700223097e+03
1.0848438896e+07	9.9940014819e-01	2.3712769350e+03
1.0848438896e+07	9.9934284403e-01	2.3726234325e+03
1.0848438896e+07	9.9928495446e-01	2.3740514987e+03
1.0848438896e+07	9.9922688421e-01	2.3755526846e+03
1.0848438896e+07	9.9916844937e-01	2.3771199875e+03
1.0848438896e+07	9.9910910001e-01	2.3787475228e+03
1.0848438896e+07	9.9904900679e-01	2.3804302579e+03
1.0848438896e+07	9.9898814386e-01	2.3821638489e+03
1.0848438896e+07	9.9892649393e-01	2.3839444964e+03
1.0848438896e+07	9.9886425864e-01	2.3857688345e+03
1.0848438896e+07	9.9880126558e-01	2.3876338579e+03
1.0848438896e+07	9.9873680650e-01	2.3895368606e+03
1.0848438896e+07	9.9867082194e-01	2.3914753556e+03
1.0848438896e+07	9.9860459042e-01	2.3934470188e+03
1.0848438896e+07	9.9853812575e-01	2.3954497059e+03
1.0848438896e+07	9.9847142674e-01	2.3974813979e+03
1.0848438896e+07	9.9840449211e-01	2.3995401801e+03
1.0848438896e+07	9.9833732067e-01	2.4016242217e+03
1.0848438896e+07	9.9826991118e-01	2.4037317674e+03
1.0848438896e+07	9.9820226240e-01	2.4058611327e+03
1.0848438896e+07	9.9813437306e-01	2.4080107076e+03
1.0848438896e+07	9.9806624190e-01	2.4101789689e+03
1.0848438896e+07	9.9799786767e-01	2.4123645047e+03
1.0848438896e+07	9.9792924907e-01	2.4145660521e+03
1.0848438896e+07	9.9786038481e-01	2.4167825492e+03
1.0848438896e+07	9.9779127308e-01	2.4190132060e+03
1.0848438896e+07	9.9772191179e-01	2.4212575944e+03
1.0848438896e+07	9.9765229946e-01	2.4235157548e+03
1.0848438896e+07	9.9758243480e-01	2.4257883290e+03
1.0848438896e+07	9.9751231694e-01	2.4280766930e+03
1.0848438896e+07	9.9744194474e-01	2.4303831618e+03
1.0848438896e+07	9.9737131645e-01	2.4327109686e+03
1.0848438896e+07	9.9730043133e-01	2.4350645875e+03
1.0848438896e+07	9.9722928714e-01	2.4374497532e+03
1.0848438896e+07	9.9715788322e-01	2.4398735324e+03
1.0848438896e+07	9.9708621736e-01	2.4423443264e+03
1.0848438896e+07	9.9701428857e-01	2.4448718163e+03
1.0848438896e+07	9.9694209531e-01	2.4474668569e+03
1.0848438896e+07	9.9686963536e-01	2.4501413113e+03
1.0848438896e+07	9.9679690803e-01	2.4529078483e+03
1.0848438896e+07	9.9672391098e-01	2.4557797138e+03
1.0848438896e+07	9.9665064283e-01	2.4587704816e+03
1.0848438896e+07	9.9657710250e-01	2.4618937995e+03
1.0848438896e+07	9.9650328695e-01	2.4651631144e+03
1.0848438896e+07	9.9642919605e-01	2.4685913753e+03
1.0848438896e+07	9.9635482713e-01	2.4721907050e+03
1.0848438896e+07	9.9628017898e-01	2.4759720369e+03
1.0848438896e+07	9.9620524992e-01	2.4799447173e+03
1.0848438896e+07	9.9613003804e-01	2.4841161625e+03
1.0848438896e+07	9.9605454182e-01	2.4884913845e+03
1.0848438896e+07	9.9597875964e-01	2.4930728239e+03
1.0848438896e+07	9.9590268905e-01	2.4978601362e+03
1.0848438896e+07	9.9582632883e-01	2.5028501677e+03
1.0848438896e+07	9.9574967660e-01	2.5080370508e+03
1.0848438896e+07	9.9567272994e-01	2.5134124691e+03
1.0848438896e+07	9.9559548588e-01	2.5189659974e+03
1.0848438896e+07	9.9551794386e-01	2.5246855223e+03
1.0848438896e+07	9.9544010548e-01	2.5305577573e+03
1.0848438896e+07	9.9536196913e-01	2.5365684926e+03
1.0848438896e+07	9.9528353321e-01	2.5427032445e+03
1.0848438896e+07	9.9520479609e-01	2.5489475268e+03
1.0848438896e+07	9.9512575614e-01	2.5552871551e+03
1.0848438896e+07	9.9504641171e-01	2.5617084802e+03
1.0848438896e+07	9.9496676113e-01	2.5681987048e+03
1.0848438896e+07	9.9488680270e-01	2.5747454909e+03
1.0848438896e+07	9.9480653475e-01	2.5813375943e+03
1.0848438896e+07	9.9472595557e-01	2.5879646402e+03
1.0848438896e+07	9.9464506335e-01	2.5946171209e+03
1.0848438896e+07	9.9456385632e-01	2.6012863660e+03
1.0848438896e+07	9.9448233272e-01	2.6079645040e+03
1.0848438896e+07	9.9440049075e-01	2.6146732134e+03
1.0848438896e+07	9.9431832863e-01	2.6214305865e+03
1.0848438896e+07	9.9423584455e-01	2.6281784708e+03
1.0848438896e+07	9.9415303648e-01	2.6349241844e+03
1.0848438896e+07	9.9406990049e-01	2.6418012330e+03
1.0848438896e+07	9.9398641270e-01	2.6502885543e+03
1.0848438896e+07	9.9397478873e-01	2.6749589950e+03
1.0848438896e+07	9.9397137592e-01	2.7052651454e+03
1.0848438896e+07	9.9396814716e-01	2.7180355959e+03
1.0848438896e+07	9.9396494231e-01	2.7269939063e+03
1.0848438896e+07	9.9396175590e-01	2.7323507365e+03
1.0848438896e+07	9.9395858241e-01	2.7354323505e+03
1.0848438896e+07	9.9395541856e-01	2.7373378411e+03
1.0848438896e+07	9.9395225855e-01	2.7386531958e+03
1.0848438896e+07	9.9394910133e-01	2.7396951934e+03
1.0848438896e+07	9.9394594703e-01	2.7405740980e+03
1.0848438896e+07	9.9394280201e-01	2.7413695773e+03
1.0848438896e+07	9.9393966256e-01	2.7420014475e+03
1.0848438896e+07	9.9393653204e-01	2.7424092307e+03
1.0848438896e+07	9.9393341659e-01	2.7424641788e+03
1.0848438896e+07	9.9393033852e-01	2.7418516755e+03
1.0848438896e+07	9.9392731474e-01	2.7400016754e+03
1.0848438896e+07	9.9392439015e-01	2.7358991876e+03
1.0848438896e+07	9.9392166021e-01	2.7274423588e+03
1.0848438896e+07	9.9391934391e-01	2.7097845380e+03
1.0848438896e+07	9.9391778466e-01	2.6751075638e+03
1.0848438896e+07	9.9391756653e-01	2.6196727342e+03
1.0848438896e+07	9.9391874745e-01	2.5310047763e+03
1.0848438896e+07	9.9386695553e-01	2.3900070373e+03
1.0848438896e+07	9.9375237807e-01	2.3652394464e+03
1.0848438896e+07	9.9369720459e-01	2.3655971508e+03
1.0848438896e+07	9.9364210158e-01	2.3661209176e+03
1.0848438896e+07	9.9358692198e-01	2.3668461599e+03
1.0848438896e+07	9.9353126793e-01	2.3677646095e+03
1.0848438896e+07	9.9347547656e-01	2.3688515394e+03
1.0848438896e+07	9.9341880076e-01	2.3700816957e+03
1.0848438896e+07	9.9336108375e-01	2.3714339101e+03
1.0848438896e+07	9.9330262729e-01	2.3728913581e+03
1.0848438896e+07	9.9324339750e-01	2.3744407609e+03
1.0848438896e+07	9.9318398091e-01	2.3760715077e+03
1.0848438896e+07	9.9312415829e-01	2.3777750072e+03
1.0848438896e+07	9.9306339535e-01	2.3795441789e+03
1.0848438896e+07	9.9300169602e-01	2.3813730777e+03
1.0848438896e+07	9.9293933974e-01	2.3832566361e+03
1.0848438896e+07	9.9287592288e-01	2.3851904933e+03
1.0848438896e+07	9.9281212533e-01	2.3871708147e+03
1.0848438896e+07	9.9274700807e-01	2.3891942362e+03
1.0848438896e+07	9.9268011113e-01	2.3912577362e+03
1.0848438896e+07	9.9261235088e-01	2.3933585512e+03
1.0848438896e+07	9.9254435254e-01	2.3954941529e+03
1.0848438896e+07	9.9247611490e-01	2.3976622118e+03
1.0848438896e+07	9.9240763670e-01	2.3998605502e+03
1.0848438896e+07	9.9233891675e-01	2.4020871119e+03
1.0848438896e+07	9.9226995372e-01	2.4043399435e+03
1.0848438896e+07	9.9220074641e-01	2.4066171737e+03
1.0848438896e+07	9.9213129352e-01	2.4089170079e+03
1.0848438896e+07	9.9206159379e-01	2.4112377254e+03
1.0848438896e+07	9.9199164593e-01	2.4135776873e+03
1.0848438896e+07	9.9192144867e-01	2.4159353530e+03
1.0848438896e+07	9.9185100064e-01	2.4183093150e+03
1.0848438896e+07	9.9178029797e-01	2.4206983390e+03
1.0848438896e+07	9.9170933675e-01	2.4231014308e+03
1.0848438896e+07	9.9163811501e-01	2.4255179196e+03
1.0848438896e+07	9.9156663315e-01	2.4279475754e+03
1.0848438896e+07	9.9149489084e-01	2.4303906829e+03
1.0848438896e+07	9.9142288778e-01	2.4328482404e+03
1.0848438896e+07	9.9135062248e-01	2.4353220907e+03
1.0848438896e+07	9.9127809330e-01	2.4378150919e+03
1.0848438896e+07	9.9120529919e-01	2.4403312566e+03
1.0848438896e+07	9.9113223868e-01	2.4428758914e+03
1.0848438896e+07	9.9105890927e-01	2.4454556885e+03
1.0848438896e+07	9.9098531137e-01	2.4480787572e+03
1.0848438896e+07	9.9091144022e-01	2.4507546117e+03
1.0848438896e+07	9.9083729678e-01	2.4534940773e+03
1.0848438896e+07	9.9076287860e-01	2.4563091236e+03
1.0848438896e+07	9.9068818243e-01	2.4592126750e+03
1.0848438896e+07	9.9061320910e-01	2.4622183486e+03
1.0848438896e+07	9.9053795366e-01	2.4653401721e+03
1.0848438896e+07	9.9046241652e-01	2.4685923485e+03
1.0848438896e+07	9.9038659536e-01	2.4719887264e+03
1.0848438896e+07	9.9031048709e-01	2.4755426791e+03
1.0848438896e+07	9.9023409228e-01	2.4792666578e+03
1.0848438896e+07	9.9015740583e-01	2.4831717801e+03
1.0848438896e+07	9.9008042922e-01	2.4872674301e+03
1.0848438896e+07	9.9000315782e-01	2.4915608487e+03
1.0848438896e+07	9.8992559102e-01	2.4960567938e+03
1.0848438896e+07	9.8984772677e-01	2.5007572641e+03
1.0848438896e+07	9.8976956175e-01	2.5056613485e+03
1.0848438896e+07	9.8969109256e-01	2.5107652614e+03
1.0848438896e+07	9.8961231613e-01	2.5160624518e+03
1.0848438896e+07	9.8953322945e-01	2.5215439363e+03
1.0848438896e+07	9.8945384091e-01	2.5271986738e+03
1.0848438896e+07	9.8937414951e-01	2.5330140259e+03
1.0848438896e+07	9.8929415373e-01	2.5389762466e+03
1.0848438896e+07	9.8921385202e-01	2.5450710789e+03
1.0848438896e+07	9.8913324283e-01	2.5512837435e+03
1.0848438896e+07	9.8905232455e-01	2.5575998043e+03
1.0848438896e+07	9.8897109560e-01	2.5640052496e+03
1.0848438896e+07	9.8888955436e-01	2.5704867204e+03
1.0848438896e+07	9.8880769914e-01	2.5770316579e+03
1.0848438896e+07	9.8872552825e-01	2.5836283946e+03
1.0848438896e+07	9.8864303996e-01	2.5902662378e+03
1.0848438896e+07	9.8856023235e-01	2.5969353191e+03
1.0848438896e+07	9.8847710373e-01	2.6036267478e+03
1.0848438896e+07	9.8839365229e-01	2.6103324581e+03
1.0848438896e+07	9.8830987625e-01	2.6171020875e+03
1.0848438896e+07	9.8822577379e-01	2.6238980910e+03
1.0848438896e+07	9.8814134306e-01	2.6306885489e+03
1.0848438896e+07	9.8805658227e-01	2.6374681556e+03
1.0848438896e+07	9.8797148947e-01	2.6442335592e+03
1.0848438896e+07	9.8788606227e-01	2.6509976146e+03
1.0848438896e+07	9.8780029315e-01	2.6579438881e+03
1.0848438896e+07	9.8771412127e-01	2.6670735828e+03
1.0848438896e+07	9.8771267092e-01	2.6971120652e+03
1.0848438896e+07	9.8770905212e-01	2.7196088791e+03
1.0848438896e+07	9.8770563425e-01	2.7316116796e+03
1.0848438896e+07	9.8770225992e-01	2.7399044116e+03
1.0848438896e+07	9.8769891836e-01	2.7448459065e+03
1.0848438896e+07	9.8769559720e-01	2.7477269576e+03
1.0848438896e+07	9.8769228881e-01	2.7495575939e+03
1.0848438896e+07	9.8768898754e-01	2.7508597888e+03
1.0848438896e+07	9.8768569175e-01	2.7519088740e+03
1.0848438896e+07	9.8768240184e-01	2.7528032614e+03
1.0848438896e+07	9.8767912296e-01	2.7536121154e+03
1.0848438896e+07	9.8767585606e-01	2.7542514515e+03
1.0848438896e+07	9.8767260850e-01	2.7546530987e+03
1.0848438896e+07	9.8766939428e-01	2.7546746530e+03
1.0848438896e+07	9.8766625224e-01	2.7539685240e+03
1.0848438896e+07	9.8766322963e-01	2.7519146159e+03
1.0848438896e+07	9.8766042581e-01	2.7473993446e+03
1.0848438896e+07	9.8765805656e-01	2.7380417029e+03
1.0848438896e+07	9.8765659621e-01	2.7185757033e+03
1.0848438896e+07	9.8765682412e-01	2.6803072613e+03
1.0848438896e+07	9.8765954871e-01	2.6192422803e+03
1.0848438896e+07	9.8766491253e-01	2.5221999219e+03
1.0848438896e+07	9.8756624098e-01	2.3680425188e+03
1.0848438896e+07	9.8750134773e-01	2.3654470064e+03
1.0848438896e+07	9.8744504838e-01	2.3658974254e+03
1.0848438896e+07	9.8738883938e-01	2.3665492823e+03
1.0848438896e+07	9.8733221841e-01	2.3674303253e+03
1.0848438896e+07	9.8727530970e-01	2.3685205544e+03
1.0848438896e+07	9.8721783495e-01	2.3697874663e+03
1.0848438896e+07	9.8715944601e-01	2.3712016978e+03
1.0848438896e+07	9.8710001624e-01	2.3727400375e+03
1.0848438896e+07	9.8703951680e-01	2.3743846363e+03
1.0848438896e+07	9.8697876266e-01	2.3761216530e+03
1.0848438896e+07	9.8691781025e-01	2.3779401819e+03
1.0848438896e+07	9.8685566751e-01	2.3798314646e+03
1.0848438896e+07	9.8679271468e-01	2.3817882846e+03
1.0848438896e+07	9.8672888826e-01	2.3838046169e+03
1.0848438896e+07	9.8666402156e-01	2.3858753433e+03
1.0848438896e+07	9.8659869063e-01	2.3879960369e+03
1.0848438896e+07	9.8653185276e-01	2.3901628584e+03
1.0848438896e+07	9.8646315163e-01	2.3923723973e+03
1.0848438896e+07	9.8639367416e-01	2.3946215684e+03
1.0848438896e+07	9.8632395266e-01	2.3969075835e+03
1.0848438896e+07	9.8625398591e-01	2.3992278959e+03
1.0848438896e+07	9.8618377267e-01	2.4015801441e+03
1.0848438896e+07	9.8611331162e-01	2.4039621188e+03
1.0848438896e+07	9.8604260153e-01	2.4063717301e+03
1.0848438896e+07	9.8597164110e-01	2.4088070224e+03
1.0848438896e+07	9.8590042907e-01	2.4112660453e+03
1.0848438896e+07	9.8582896411e-01	2.4137469755e+03
1.0848438896e+07	9.8575724492e-01	2.4162480631e+03
1.0848438896e+07	9.8568527021e-01	2.4187676432e+03
1.0848438896e+07	9.8561303664e-01	2.4213041611e+03
1.0848438896e+07	9.8554053499e-01	2.4238562022e+03
1.0848438896e+07	9.8546776294e-01	2.4264225474e+03
1.0848438896e+07	9.8539472158e-01	2.4290022426e+03
1.0848438896e+07	9.8532141247e-01	2.4315946906e+03
1.0848438896e+07	9.8524783615e-01	2.4341997634e+03
1.0848438896e+07	9.8517399127e-01	2.4368179431e+03
1.0848438896e+07	9.8509987588e-01	2.4394504652e+03
1.0848438896e+07	9.8502548998e-01	2.4420994900e+03
1.0848438896e+07	9.8495083096e-01	2.4447682808e+03
1.0848438896e+07	9.8487589734e-01	2.4474613526e+03
1.0848438896e+07	9.8480068932e-01	2.4501846390e+03
1.0848438896e+07	9.8472520081e-01	2.4529454698e+03
1.0848438896e+07	9.8464943513e-01	2.4557527175e+03
1.0848438896e+07	9.8457338647e-01	2.4586167143e+03
1.0848438896e+07	9.8449705430e-01	2.4615491339e+03
1.0848438896e+07	9.8442043857e-01	2.4645628000e+03
1.0848438896e+07	9.8434353153e-01	2.4676714389e+03
1.0848438896e+07	9.8426633759e-01	2.4708893878e+03
1.0848438896e+07	9.8418884959e-01	2.4742312588e+03
1.0848438896e+07	9.8411106849e-01	2.4777115845e+03
1.0848438896e+07	9.8403299069e-01	2.4813444342e+03
1.0848438896e+07	9.8395461447e-01	2.4851430061e+03
1.0848438896e+07	9.8387593701e-01	2.4891192455e+03
1.0848438896e+07	9.8379695830e-01	2.4932832497e+03
1.0848438896e+07	9.8371767138e-01	2.4976430155e+03
1.0848438896e+07	9.8363807720e-01	2.5022039857e+03
1.0848438896e+07	9.8355817133e-01	2.5069687743e+03
1.0848438896e+07	9.8347794948e-01	2.5119369864e+03
1.0848438896e+07	9.8339740352e-01	2.5171052006e+03
1.0848438896e+07	9.8331654215e-01	2.5224671286e+03
1.0848438896e+07	9.8323537289e-01	2.5280139960e+03
1.0848438896e+07	9.8315389433e-01	2.5337346058e+03
1.0848438896e+07	9.8307210506e-01	2.5396162413e+03
1.0848438896e+07	9.8299000368e-01	2.5456450022e+03
1.0848438896e+07	9.8290758869e-01	2.5518063126e+03
1.0848438896e+07	9.8282485859e-01	2.5580853733e+03
1.0848438896e+07	9.8274181187e-01	2.5644675500e+03
1.0848438896e+07	9.8265844689e-01	2.5709386838e+03
1.0848438896e+07	9.8257476207e-01	2.5774853167e+03
1.0848438896e+07	9.8249075571e-01	2.5840948540e+03
1.0848438896e+07	9.8240642601e-01	2.5907556497e+03
1.0848438896e+07	9.8232177105e-01	2.5974571243e+03
1.0848438896e+07	9.8223678916e-01	2.6041895178e+03
1.0848438896e+07	9.8215147849e-01	2.6109440941e+03
1.0848438896e+07	9.8206583726e-01	2.6177765976e+03
1.0848438896e+07	9.8197986366e-01	2.6246363240e+03
1.0848438896e+07	9.8189355584e-01	2.6314971175e+03
1.0848438896e+07	9.8180691193e-01	2.6383534040e+03
1.0848438896e+07	9.8171993006e-01	2.6451997077e+03
1.0848438896e+07	9.8163260833e-01	2.6520315192e+03
1.0848438896e+07	9.8154494473e-01	2.6588463101e+03
1.0848438896e+07	9.8145693649e-01	2.6656589306e+03
1.0848438896e+07	9.8136857253e-01	2.6726681958e+03
1.0848438896e+07	9.8128175892e-01	2.6820301214e+03
1.0848438896e+07	9.8128039889e-01	2.7134669670e+03
1.0848438896e+07	9.8127655713e-01	2.7336815262e+03
1.0848438896e+07	9.8127295518e-01	2.7450990582e+03
1.0848438896e+07	9.8126941362e-01	2.7528830227e+03
1.0848438896e+07	9.8126591653e-01	2.7575096807e+03
1.0848438896e+07	9.8126244556e-01	2.7602452806e+03
1.0848438896e+07	9.8125898981e-01	2.7620275872e+03
1.0848438896e+07	9.8125554414e-01	2.7633281005e+03
1.0848438896e+07	9.8125210663e-01	2.7643903063e+03
1.0848438896e+07	9.8124867791e-01	2.7653044932e+03
1.0848438896e+07	9.8124526255e-01	2.7661305564e+03
1.0848438896e+07	9.8124186627e-01	2.7667813628e+03
1.0848438896e+07	9.8123850104e-01	2.7671818609e+03
1.0848438896e+07	9.8123519001e-01	2.7671766342e+03
1.0848438896e+07	9.8123199144e-01	2.7663878456e+03
1.0848438896e+07	9.8122898739e-01	2.7641476955e+03
1.0848438896e+07	9.8122634072e-01	2.7592485984e+03
1.0848438896e+07	9.8122441521e-01	2.7490258497e+03
1.0848438896e+07	9.8122397816e-01	2.7278256635e+03
1.0848438896e+07	9.8122633040e-01	2.6860918710e+03
1.0848438896e+07	9.8123264200e-01	2.6187976591e+03
1.0848438896e+07	9.8124295901e-01	2.5125294216e+03
1.0848438896e+07	9.8109420179e-01	2.3655652932e+03
1.0848438896e+07	9.8103669319e-01	2.3660786587e+03
1.0848438896e+07	9.8097923901e-01	2.3668114172e+03
1.0848438896e+07	9.8092131427e-01	2.3677999410e+03
1.0848438896e+07	9.8086310715e-01	2.3690189816e+03
1.0848438896e+07	9.8080414787e-01	2.3704289094e+03
1.0848438896e+07	9.8074407469e-01	2.3719952906e+03
1.0848438896e+07	9.8068297022e-01	2.3736917841e+03
1.0848438896e+07	9.8062089308e-01	2.3754986409e+03
1.0848438896e+07	9.8055861478e-01	2.3774008309e+03
1.0848438896e+07	9.8049569203e-01	2.3793866791e+03
1.0848438896e+07	9.8043193793e-01	2.3814468752e+03
1.0848438896e+07	9.8036669352e-01	2.3835738420e+03
1.0848438896e+07	9.8030079475e-01	2.3857612513e+03
1.0848438896e+07	9.8023396187e-01	2.3880037706e+03
1.0848438896e+07	9.8016617245e-01	2.3902968140e+03
1.0848438896e+07	9.8009625224e-01	2.3926364078e+03
1.0848438896e+07	9.8002509784e-01	2.3950190028e+03
1.0848438896e+07	9.7995369370e-01	2.3974414226e+03
1.0848438896e+07	9.7988203860e-01	2.3999008094e+03
1.0848438896e+07	9.7981013127e-01	2.4023945459e+03
1.0848438896e+07	9.7973797042e-01	2.4049202478e+03
1.0848438896e+07	9.7966555477e-01	2.4074755972e+03
1.0848438896e+07	9.7959288302e-01	2.4100584591e+03
1.0848438896e+07	9.7951995387e-01	2.4126667989e+03
1.0848438896e+07	9.7944676601e-01	2.4152986660e+03
1.0848438896e+07	9.7937331806e-01	2.4179521906e+03
1.0848438896e+07	9.7929960867e-01	2.4206255780e+03
1.0848438896e+07	9.7922563042e-01	2.4233171184e+03
1.0848438896e+07	9.7915137198e-01	2.4260252145e+03
1.0848438896e+07	9.7907683066e-01	2.4287484121e+03
1.0848438896e+07	9.7900201200e-01	2.4314854542e+03
1.0848438896e+07	9.7892691908e-01	2.4342353530e+03
1.0848438896e+07	9.7885154903e-01	2.4369974841e+03
1.0848438896e+07	9.7877590501e-01	2.4397717037e+03
1.0848438896e+07	9.7869998179e-01	2.4425584893e+03
1.0848438896e+07	9.7862378221e-01	2.4453591004e+03
1.0848438896e+07	9.7854729964e-01	2.4481757467e+03
1.0848438896e+07	9.7847053904e-01	2.4510118691e+03
1.0848438896e+07	9.7839349070e-01	2.4538720102e+03
1.0848438896e+07	9.7831615990e-01	2.4567622787e+03
1.0848438896e+07	9.7823854113e-01	2.4596903248e+03
1.0848438896e+07	9.7816063182e-01	2.4626653587e+03
1.0848438896e+07	9.7808243482e-01	2.4656981290e+03
1.0848438896e+07	9.7800393806e-01	2.4688007852e+03
1.0848438896e+07	9.7792514926e-01	2.4719866781e+03
1.0848438896e+07	9.7784605949e-01	2.4752700865e+03
1.0848438896e+07	9.7776666933e-01	2.4786658894e+03
1.0848438896e+07	9.7768697535e-01	2.4821891882e+03
1.0848438896e+07	9.7760697456e-01	2.4858549003e+03
1.0848438896e+07	9.7752666437e-01	2.4896773239e+03
1.0848438896e+07	9.7744604429e-01	2.4936696799e+03
1.0848438896e+07	9.7736510576e-01	2.4978436314e+03
1.0848438896e+07	9.7728385019e-01	2.5022088237e+03
1.0848438896e+07	9.7720227195e-01	2.5067724470e+03
1.0848438896e+07	9.7712036562e-01	2.5115388673e+03
1.0848438896e+07	9.7703812016e-01	2.5165094026e+03
1.0848438896e+07	9.7695554958e-01	2.5216821951e+03
1.0848438896e+07	9.7687266440e-01	2.5270523484e+03
1.0848438896e+07	9.7678946339e-01	2.5326119947e+03
1.0848438896e+07	9.7670594539e-01	2.5383508570e+03
1.0848438896e+07	9.7662210907e-01	2.5442566851e+03
1.0848438896e+07	9.7653795312e-01	2.5503157743e+03
1.0848438896e+07	9.7645347613e-01	2.5565135075e+03
1.0848438896e+07	9.7636867672e-01	2.5628349906e+03
1.0848438896e+07	9.7628355337e-01	2.5692650602e+03
1.0848438896e+07	9.7619810451e-01	2.5757891437e+03
1.0848438896e+07	9.7611232852e-01	2.5823933294e+03
1.0848438896e+07	9.7602622365e-01	2.5890645898e+03
1.0848438896e+07	9.7593978794e-01	2.5957908287e+03
1.0848438896e+07	9.7585301968e-01	2.6025610345e+03
1.0848438896e+07	9.7576591707e-01	2.6093652267e+03
1.0848438896e+07	9.7567847830e-01	2.6162376798e+03
1.0848438896e+07	9.7559070158e-01	2.6231682432e+03
1.0848438896e+07	9.7550258506e-01	2.6301088020e+03
1.0848438896e+07	9.7541412685e-01	2.6370528724e+03
1.0848438896e+07	9.7532532507e-01	2.6439946625e+03
1.0848438896e+07	9.7523617780e-01	2.6509289855e+03
1.0848438896e+07	9.7514668311e-01	2.6578511873e+03
1.0848438896e+07	9.7505683903e-01	2.6647571557e+03
1.0848438896e+07	9.7496664354e-01	2.6716443879e+03
1.0848438896e+07	9.7487609392e-01	2.6785210443e+03
1.0848438896e+07	9.7478518040e-01	2.6855131680e+03
1.0848438896e+07	9.7469381979e-01	2.6940024994e+03
1.0848438896e+07	9.7467681349e-01	2.7176126018e+03
1.0848438896e+07	9.7467229157e-01	2.7477337209e+03
1.0848438896e+07	9.7466850757e-01	2.7586674423e+03
1.0848438896e+07	9.7466479877e-01	2.7660340499e+03
1.0848438896e+07	9.7466114423e-01	2.7704082376e+03
1.0848438896e+07	9.7465752009e-01	2.7730311745e+03
1.0848438896e+07	9.7465391298e-01	2.7747813250e+03
1.0848438896e+07	9.7465031876e-01	2.7760869055e+03
1.0848438896e+07	9.7464673543e-01	2.7771655397e+03
1.0848438896e+07	9.7464316377e-01	2.7781015864e+03
1.0848438896e+07	9.7463960814e-01	2.7789458615e+03
1.0848438896e+07	9.7463607960e-01	2.7796080186e+03
1.0848438896e+07	9.7463259549e-01	2.7800055896e+03
1.0848438896e+07	9.7462918969e-01	2.7799684450e+03
1.0848438896e+07	9.7462594318e-01	2.7790853958e+03
1.0848438896e+07	9.7462297890e-01	2.7766351187e+03
1.0848438896e+07	9.7462053468e-01	2.7713045263e+03
1.0848438896e+07	9.7461915748e-01	2.7601045383e+03
1.0848438896e+07	9.7461995547e-01	2.7369491309e+03
1.0848438896e+07	9.7462486042e-01	2.6913058209e+03
1.0848438896e+07	9.7463544550e-01	2.6174770166e+03
1.0848438896e+07	9.7465152773e-01	2.5010323236e+03
1.0848438896e+07	9.7450483861e-01	2.3657748614e+03
1.0848438896e+07	9.7444610432e-01	2.3663896216e+03
1.0848438896e+07	9.7438742598e-01	2.3672573271e+03
1.0848438896e+07	9.7432798771e-01	2.3684057168e+03
1.0848438896e+07	9.7426842333e-01	2.3697973668e+03
1.0848438896e+07	9.7420773253e-01	2.3713855938e+03
1.0848438896e+07	9.7414566006e-01	2.3731327093e+03
1.0848438896e+07	9.7408255770e-01	2.3750109392e+03
1.0848438896e+07	9.7401888972e-01	2.3769998826e+03
1.0848438896e+07	9.7395500942e-01	2.3790842095e+03
1.0848438896e+07	9.7388983041e-01	2.3812520972e+03
1.0848438896e+07	9.7382357003e-01	2.3834941358e+03
1.0848438896e+07	9.7375647901e-01	2.3858026693e+03
1.0848438896e+07	9.7368807897e-01	2.3881713571e+03
1.0848438896e+07	9.7361896062e-01	2.3905948179e+03
1.0848438896e+07	9.7354776406e-01	2.3930684678e+03
1.0848438896e+07	9.7347486820e-01	2.3955882791e+03
1.0848438896e+07	9.7340171663e-01	2.3981506710e+03
1.0848438896e+07	9.7332830811e-01	2.4007524661e+03
1.0848438896e+07	9.7325464134e-01	2.4033907865e+03
1.0848438896e+07	9.7318071504e-01	2.4060629950e+03
1.0848438896e+07	9.7310652788e-01	2.4087666471e+03
1.0848438896e+07	9.7303207857e-01	2.4114994979e+03
1.0848438896e+07	9.7295736579e-01	2.4142593219e+03
1.0848438896e+07	9.7288238814e-01	2.4170440658e+03
1.0848438896e+07	9.7280714430e-01	2.4198517563e+03
1.0848438896e+07	9.7273163290e-01	2.4226804966e+03
1.0848438896e+07	9.7265583704e-01	2.4255284701e+03
1.0848438896e+07	9.7257974668e-01	2.4283939503e+03
1.0848438896e+07	9.7250336268e-01	2.4312753240e+03
1.0848438896e+07	9.7242669386e-01	2.4341711356e+03
1.0848438896e+07	9.7234974245e-01	2.4370801359e+03
1.0848438896e+07	9.7227250905e-01	2.4400013645e+03
1.0848438896e+07	9.7219498871e-01	2.4429342480e+03
1.0848438896e+07	9.7211718717e-01	2.4458787312e+03
1.0848438896e+07	9.7203909450e-01	2.4488354175e+03
1.0848438896e+07	9.7196071785e-01	2.4518057909e+03
1.0848438896e+07	9.7188204846e-01	2.4547922431e+03
1.0848438896e+07	9.7180308928e-01	2.4577984432e+03
1.0848438896e+07	9.7172383750e-01	2.4608294326e+03
1.0848438896e+07	9.7164428741e-01	2.4638917734e+03
1.0848438896e+07	9.7156444496e-01	2.4669936503e+03
1.0848438896e+07	9.7148429534e-01	2.4701448792e+03
1.0848438896e+07	9.7140384813e-01	2.4733568704e+03
1.0848438896e+07	9.7132309268e-01	2.4766424628e+03
1.0848438896e+07	9.7124203030e-01	2.4800157000e+03
1.0848438896e+07	9.7116065639e-01	2.4834915114e+03
1.0848438896e+07	9.7107896830e-01	2.4870853523e+03
1.0848438896e+07	9.7099696153e-01	2.4908128113e+03
1.0848438896e+07	9.7091463740e-01	2.4946890027e+03
1.0848438896e+07	9.7083198309e-01	2.4987282415e+03
1.0848438896e+07	9.7074900120e-01	2.5029434689e+03
1.0848438896e+07	9.7066568494e-01	2.5073457338e+03
1.0848438896e+07	9.7058202641e-01	2.5119437213e+03
1.0848438896e+07	9.7049801273e-01	2.5167433182e+03
1.0848438896e+07	9.7041366621e-01	2.5217472978e+03
1.0848438896e+07	9.7032899772e-01	2.5269551488e+03
1.0848438896e+07	9.7024400620e-01	2.5323632193e+03
1.0848438896e+07	9.7015869054e-01	2.5379644950e+03
1.0848438896e+07	9.7007304974e-01	2.5437494026e+03
1.0848438896e+07	9.6998708256e-01	2.5497061040e+03
1.0848438896e+07	9.6990078785e-01	2.5558210551e+03
1.0848438896e+07	9.6981416434e-01	2.5620795926e+03
1.0848438896e+07	9.6972721064e-01	2.5684665028e+03
1.0848438896e+07	9.6963992527e-01	2.5749664195e+03
1.0848438896e+07	9.6955230670e-01	2.5815643447e+03
1.0848438896e+07	9.6946435323e-01	2.5882459244e+03
1.0848438896e+07	9.6937606287e-01	2.5949976810e+03
1.0848438896e+07	9.6928743394e-01	2.6018072678e+03
1.0848438896e+07	9.6919846466e-01	2.6086631867e+03
1.0848438896e+07	9.6910915323e-01	2.6155888965e+03
1.0848438896e+07	9.6901949788e-01	2.6225929963e+03
1.0848438896e+07	9.6892949673e-01	2.6296161253e+03
1.0848438896e+07	9.6883914791e-01	2.6366509075e+03
1.0848438896e+07	9.6874844952e-01	2.6436908045e+03
1.0848438896e+07	9.6865739961e-01	2.6507300802e+03
1.0848438896e+07	9.6856599623e-01	2.6577634935e+03
1.0848438896e+07	9.6847423742e-01	2.6647864552e+03
1.0848438896e+07	9.6838212115e-01	2.6717948495e+03
1.0848438896e+07	9.6828964544e-01	2.6787850469e+03
1.0848438896e+07	9.6819680816e-01	2.6857548129e+03
1.0848438896e+07	9.6810360631e-01	2.6927137076e+03
1.0848438896e+07	9.6801002763e-01	2.6997943987e+03
1.0848438896e+07	9.6791596451e-01	2.7084478940e+03
1.0848438896e+07	9.6789957585e-01	2.7328729576e+03
1.0848438896e+07	9.6789474987e-01	2.7618613800e+03
1.0848438896e+07	9.6789078367e-01	2.7723809371e+03
1.0848438896e+07	9.6788690581e-01	2.7793947971e+03
1.0848438896e+07	9.6788309063e-01	2.7835592380e+03
1.0848438896e+07	9.6787930908e-01	2.7860944534e+03
1.0848438896e+07	9.6787554603e-01	2.7878242194e+03
1.0848438896e+07	9.6787179865e-01	2.7891397609e+03
1.0848438896e+07	9.6786806498e-01	2.7902372552e+03
1.0848438896e+07	9.6786434591e-01	2.7911966702e+03
1.0848438896e+07	9.6786064618e-01	2.7920596418e+03
1.0848438896e+07	9.6785698265e-01	2.7927323906e+03
1.0848438896e+07	9.6785337887e-01	2.7931242614e+03
1.0848438896e+07	9.6784988149e-01	2.7930481942e+03
1.0848438896e+07	9.6784659835e-01	2.7920556422e+03
1.0848438896e+07	9.6784370037e-01	2.7893642894e+03
1.0848438896e+07	9.6784151430e-01	2.7835408292e+03
1.0848438896e+07	9.6784081397e-01	2.7712211701e+03
1.0848438896e+07	9.6784310601e-01	2.7458310396e+03
1.0848438896e+07	9.6785090485e-01	2.6967416509e+03
1.0848438896e+07	9.6786623703e-01	2.6173368590e+03
1.0848438896e+07	9.6788853029e-01	2.4922334318e+03
1.0848438896e+07	9.6774383417e-01	2.3659940503e+03
1.0848438896e+07	9.6768382791e-01	2.3667180185e+03
1.0848438896e+07	9.6762376377e-01	2.3677272444e+03
1.0848438896e+07	9.6756288762e-01	2.3690398154e+03
1.0848438896e+07	9.6750163359e-01	2.3706064007e+03
1.0848438896e+07	9.6743915435e-01	2.3723740055e+03
1.0848438896e+07	9.6737533287e-01	2.3743022365e+03
1.0848438896e+07	9.6731025625e-01	2.3763622102e+03
1.0848438896e+07	9.6724496351e-01	2.3785330369e+03
1.0848438896e+07	9.6717888965e-01	2.3807991864e+03
1.0848438896e+07	9.6711173399e-01	2.3831487080e+03
1.0848438896e+07	9.6704319216e-01	2.3855721385e+03
1.0848438896e+07	9.6697356807e-01	2.3880617806e+03
1.0848438896e+07	9.6690323807e-01	2.3906112461e+03
1.0848438896e+07	9.6683084183e-01	2.3932151706e+03
1.0848438896e+07	9.6675634936e-01	2.3958689232e+03
1.0848438896e+07	9.6668143623e-01	2.3985684301e+03
1.0848438896e+07	9.6660626010e-01	2.4013101205e+03
1.0848438896e+07	9.6653081965e-01	2.4040908010e+03
1.0848438896e+07	9.6645511361e-01	2.4069075751e+03
1.0848438896e+07	9.6637914062e-01	2.4097577876e+03
1.0848438896e+07	9.6630289938e-01	2.4126389750e+03
1.0848438896e+07	9.6622638857e-01	2.4155488266e+03
1.0848438896e+07	9.6614960674e-01	2.4184851593e+03
1.0848438896e+07	9.6607255256e-01	2.4214458873e+03
1.0848438896e+07	9.6599522301e-01	2.4244290106e+03
1.0848438896e+07	9.6591759426e-01	2.4274326531e+03
1.0848438896e+07	9.6583965420e-01	2.4304549216e+03
1.0848438896e+07	9.6576141217e-01	2.4334940769e+03
1.0848438896e+07	9.6568287646e-01	2.4365484980e+03
1.0848438896e+07	9.6560404801e-01	2.4396167249e+03
1.0848438896e+07	9.6552493066e-01	2.4426975185e+03
1.0848438896e+07	9.6544551940e-01	2.4457899449e+03
1.0848438896e+07	9.6536581586e-01	2.4488934818e+03
1.0848438896e+07	9.6528581681e-01	2.4520081513e+03
1.0848438896e+07	9.6520552340e-01	2.4551346813e+03
1.0848438896e+07	9.6512492918e-01	2.4582746916e+03
1.0848438896e+07	9.6504404100e-01	2.4614308328e+03
1.0848438896e+07	9.6496284345e-01	2.4646070605e+03
1.0848438896e+07	9.6488134908e-01	2.4678087774e+03
1.0848438896e+07	9.6479954290e-01	2.4710429787e+03
1.0848438896e+07	9.6471743138e-01	2.4743183551e+03
1.0848438896e+07	9.6463500713e-01	2.4776452953e+03
1.0848438896e+07	9.6455226764e-01	2.4810358276e+03
1.0848438896e+07	9.6446921153e-01	2.4845034389e+03
1.0848438896e+07	9.6438583254e-01	2.4880628213e+03
1.0848438896e+07	9.6430212810e-01	2.4917295421e+03
1.0848438896e+07	9.6421809777e-01	2.4955195331e+03
1.0848438896e+07	9.6413372727e-01	2.4994487196e+03
1.0848438896e+07	9.6404901926e-01	2.5035324624e+03
1.0848438896e+07	9.6396396510e-01	2.5077850133e+03
1.0848438896e+07	9.6387855510e-01	2.5122189590e+03
1.0848438896e+07	9.6379277342e-01	2.5168446763e+03
1.0848438896e+07	9.6370664830e-01	2.5216698393e+03
1.0848438896e+07	9.6362019336e-01	2.5266990150e+03
1.0848438896e+07	9.6353340764e-01	2.5319334266e+03
1.0848438896e+07	9.6344629023e-01	2.5373709071e+03
1.0848438896e+07	9.6335884023e-01	2.5430058634e+03
1.0848438896e+07	9.6327105666e-01	2.5488297428e+03
1.0848438896e+07	9.6318293854e-01	2.5548314184e+03
1.0848438896e+07	9.6309448485e-01	2.5609977284e+03
1.0848438896e+07	9.6300569441e-01	2.5673140998e+03
1.0848438896e+07	9.6291656586e-01	2.5737651451e+03
1.0848438896e+07	9.6282709779e-01	2.5803353450e+03
1.0848438896e+07	9.6273728866e-01	2.5870090473e+03
1.0848438896e+07	9.6264713643e-01	2.5937713925e+03
1.0848438896e+07	9.6255663950e-01	2.6006083681e+03
1.0848438896e+07	9.6246579613e-01	2.6075070040e+03
1.0848438896e+07	9.6237460455e-01	2.6144738840e+03
1.0848438896e+07	9.6228306301e-01	2.6215474333e+03
1.0848438896e+07	9.6219116965e-01	2.6286509793e+03
1.0848438896e+07	9.6209892261e-01	2.6357759761e+03
1.0848438896e+07	9.6200631996e-01	2.6429147361e+03
1.0848438896e+07	9.6191335976e-01	2.6500605731e+03
1.0848438896e+07	9.6182004005e-01	2.6572075922e+03
1.0848438896e+07	9.6172635883e-01	2.6643505892e+03
1.0848438896e+07	9.6163231408e-01	2.6714850382e+03
1.0848438896e+07	9.6153790377e-01	2.6786067089e+03
1.0848438896e+07	9.6144312583e-01	2.6857119389e+03
1.0848438896e+07	9.6134797818e-01	2.6927975060e+03
1.0848438896e+07	9.6125245861e-01	2.6998615760e+03
1.0848438896e+07	9.6115656380e-01	2.7069144544e+03
1.0848438896e+07	9.6106027899e-01	2.7140951638e+03
1.0848438896e+07	9.6096347130e-01	2.7229166137e+03
1.0848438896e+07	9.6094741173e-01	2.7480753879e+03
1.0848438896e+07	9.6094228699e-01	2.7761443221e+03
1.0848438896e+07	9.6093813637e-01	2.7863006848e+03
1.0848438896e+07	9.6093408587e-01	2.7930100865e+03
1.0848438896e+07	9.6093010537e-01	2.7969974726e+03
1.0848438896e+07	9.6092616106e-01	2.7994635771e+03
1.0848438896e+07	9.6092223676e-01	2.8011819035e+03
1.0848438896e+07	9.6091833089e-01	2.8025112103e+03
1.0848438896e+07	9.6091444175e-01	2.8036294990e+03
1.0848438896e+07	9.6091057029e-01	2.8046134602e+03
1.0848438896e+07	9.6090672260e-01	2.8054952138e+03
1.0848438896e+07	9.6090292153e-01	2.8061771590e+03
1.0848438896e+07	9.6089919796e-01	2.8065594026e+03
1.0848438896e+07	9.6089561380e-01	2.8064350468e+03
1.0848438896e+07	9.6089230880e-01	2.8053131580e+03
1.0848438896e+07	9.6088951063e-01	2.8023409577e+03
1.0848438896e+07	9.6088765217e-01	2.7959463630e+03
1.0848438896e+07	9.6088778919e-01	2.7823263833e+03
1.0848438896e+07	9.6089189755e-01	2.7543471328e+03
1.0848438896e+07	9.6090230427e-01	2.7047468894e+03
1.0848438896e+07	9.6092162847e-01	2.6248347269e+03
1.0848438896e+07	9.6094985578e-01	2.4988983007e+03
1.0848438896e+07	9.6081066108e-01	2.3662101753e+03
1.0848438896e+07	9.6074934760e-01	2.3670434081e+03
1.0848438896e+07	9.6068780985e-01	2.3681937966e+03
1.0848438896e+07	9.6062552752e-01	2.3696691279e+03
1.0848438896e+07	9.6056257703e-01	2.3714087521e+03
1.0848438896e+07	9.6049816626e-01	2.3733537742e+03
1.0848438896e+07	9.6043238868e-01	2.3754612764e+03
1.0848438896e+07	9.6036567287e-01	2.3777013104e+03
1.0848438896e+07	9.6029872993e-01	2.3800525207e+03
1.0848438896e+07	9.6023044976e-01	2.3824991548e+03
1.0848438896e+07	9.6016083753e-01	2.3850291255e+03
1.0848438896e+07	9.6009019244e-01	2.3876328753e+03
1.0848438896e+07	9.6001836311e-01	2.3903026601e+03
1.0848438896e+07	9.5994517810e-01	2.3930320608e+03
1.0848438896e+07	9.5986937597e-01	2.3958156777e+03
1.0848438896e+07	9.5979269413e-01	2.3986488149e+03
1.0848438896e+07	9.5971574323e-01	2.4015274407e+03
1.0848438896e+07	9.5963852199e-01	2.4044479031e+03
1.0848438896e+07	9.5956102907e-01	2.4074069955e+03
1.0848438896e+07	9.5948326314e-01	2.4104018062e+03
1.0848438896e+07	9.5940522285e-01	2.4134296620e+03
1.0848438896e+07	9.5932690683e-01	2.4164880802e+03
1.0848438896e+07	9.5924831371e-01	2.4195747317e+03
1.0848438896e+07	9.5916944210e-01	2.4226874085e+03
1.0848438896e+07	9.5909028772e-01	2.4258240076e+03
1.0848438896e+07	9.5901081863e-01	2.4289825074e+03
1.0848438896e+07	9.5893102235e-01	2.4321609691e+03
1.0848438896e+07	9.5885091162e-01	2.4353575804e+03
1.0848438896e+07	9.5877050091e-01	2.4385705161e+03
1.0848438896e+07	9.5868978781e-01	2.4417981495e+03
1.0848438896e+07	9.5860877474e-01	2.4450390141e+03
1.0848438896e+07	9.5852746466e-01	2.4482918751e+03
1.0848438896e+07	9.5844584718e-01	2.4515558154e+03
1.0848438896e+07	9.5836393311e-01	2.4548303524e+03
1.0848438896e+07	9.5828170787e-01	2.4581155750e+03
1.0848438896e+07	9.5819918220e-01	2.4614123029e+03
1.0848438896e+07	9.5811634445e-01	2.4647222821e+03
1.0848438896e+07	9.5803319880e-01	2.4680483754e+03
1.0848438896e+07	9.5794974126e-01	2.4713948273e+03
1.0848438896e+07	9.5786596614e-01	2.4747672970e+03
1.0848438896e+07	9.5778187812e-01	2.4781731635e+03
1.0848438896e+07	9.5769746287e-01	2.4816215707e+03
1.0848438896e+07	9.5761273014e-01	2.4851234192e+03
1.0848438896e+07	9.5752766282e-01	2.4886912975e+03
1.0848438896e+07	9.5744226750e-01	2.4923392903e+03
1.0848438896e+07	9.5735653513e-01	2.4960826714e+03
1.0848438896e+07	9.5727045690e-01	2.4999375311e+03
1.0848438896e+07	9.5718403183e-01	2.5039203084e+03
1.0848438896e+07	9.5709724945e-01	2.5080472599e+03
1.0848438896e+07	9.5701009983e-01	2.5123339414e+03
1.0848438896e+07	9.5692256179e-01	2.5167944471e+03
1.0848438896e+07	9.5683466479e-01	2.5214409888e+03
1.0848438896e+07	9.5674642986e-01	2.5262832666e+03
1.0848438896e+07	9.5665785610e-01	2.5313279708e+03
1.0848438896e+07	9.5656894261e-01	2.5365784424e+03
1.0848438896e+07	9.5647968860e-01	2.5420344746e+03
1.0848438896e+07	9.5639009335e-01	2.5476923076e+03
1.0848438896e+07	9.5630015600e-01	2.5535449319e+03
1.0848438896e+07	9.5620987581e-01	2.5595822356e+03
1.0848438896e+07	9.5611925180e-01	2.5657917992e+03
1.0848438896e+07	9.5602828283e-01	2.5721593898e+03
1.0848438896e+07	9.5593696765e-01	2.5786696328e+03
1.0848438896e+07	9.5584530506e-01	2.5853066053e+03
1.0848438896e+07	9.5575329302e-01	2.5920545258e+03
1.0848438896e+07	9.5566092998e-01	2.5988977328e+03
1.0848438896e+07	9.5556821430e-01	2.6058215939e+03
1.0848438896e+07	9.5547514428e-01	2.6128123910e+03
1.0848438896e+07	9.5538171822e-01	2.6199409248e+03
1.0848438896e+07	9.5528793433e-01	2.6271167563e+03
1.0848438896e+07	9.5519379073e-01	2.6343261597e+03
1.0848438896e+07	9.5509928553e-01	2.6415600784e+03
1.0848438896e+07	9.5500441678e-01	2.6488105427e+03
1.0848438896e+07	9.5490918251e-01	2.6560706281e+03
1.0848438896e+07	9.5481358072e-01	2.6633341388e+03
1.0848438896e+07	9.5471760936e-01	2.6705957324e+03
1.0848438896e+07	9.5462126639e-01	2.6778507078e+03
1.0848438896e+07	9.5452454971e-01	2.6850949086e+03
1.0848438896e+07	9.5442745723e-01	2.6923246339e+03
1.0848438896e+07	9.5432998681e-01	2.6995365674e+03
1.0848438896e+07	9.5423213631e-01	2.7067280395e+03
1.0848438896e+07	9.5413390341e-01	2.7138971526e+03
1.0848438896e+07	9.5403528459e-01	2.7210544345e+03
1.0848438896e+07	9.5393626304e-01	2.7283381324e+03
1.0848438896e+07	9.5383668638e-01	2.7372523397e+03
1.0848438896e+07	9.5381898621e-01	2.7623984121e+03
1.0848438896e+07	9.5381349751e-01	2.7906139055e+03
1.0848438896e+07	9.5380916072e-01	2.8004497510e+03
1.0848438896e+07	9.5380493472e-01	2.8068948535e+03
1.0848438896e+07	9.5380078518e-01	2.8107330342e+03
1.0848438896e+07	9.5379667345e-01	2.8131461370e+03
1.0848438896e+07	9.5379258283e-01	2.8148611582e+03
1.0848438896e+07	9.5378851345e-01	2.8162081836e+03
1.0848438896e+07	9.5378446397e-01	2.8173498019e+03
1.0848438896e+07	9.5378043510e-01	2.8183605069e+03
1.0848438896e+07	9.5377643474e-01	2.8192628621e+03
1.0848438896e+07	9.5377249252e-01	2.8199556297e+03
1.0848438896e+07	9.5376864757e-01	2.8203296323e+03
1.0848438896e+07	9.5376497948e-01	2.8201571792e+03
1.0848438896e+07	9.5376166418e-01	2.8189045111e+03
1.0848438896e+07	9.5375899407e-01	2.8156456270e+03
1.0848438896e+07	9.5375752395e-01	2.8086641653e+03
1.0848438896e+07	9.5375864721e-01	2.7936826767e+03
1.0848438896e+07	9.5376487097e-01	2.7629968462e+03
1.0848438896e+07	9.5377799200e-01	2.7128005998e+03
1.0848438896e+07	9.5380141957e-01	2.6323613190e+03
1.0848438896e+07	9.5383587273e-01	2.5055378687e+03
1.0848438896e+07	9.5370274521e-01	2.3664331310e+03
1.0848438896e+07	9.5364009103e-01	2.3673828267e+03
1.0848438896e+07	9.5357704696e-01	2.3686801038e+03
1.0848438896e+07	9.5351332469e-01	2.3703223598e+03
1.0848438896e+07	9.5344864931e-01	2.3722378960e+03
1.0848438896e+07	9.5338228177e-01	2.3743624355e+03
1.0848438896e+07	9.5331452291e-01	2.3766508900e+03
1.0848438896e+07	9.5324613827e-01	2.3790724385e+03
1.0848438896e+07	9.5317711630e-01	2.3816053688e+03
1.0848438896e+07	9.5310680438e-01	2.3842337368e+03
1.0848438896e+07	9.5303491694e-01	2.3869453597e+03
1.0848438896e+07	9.5296178848e-01	2.3897306138e+03
1.0848438896e+07	9.5288769694e-01	2.3925817010e+03
1.0848438896e+07	9.5281111059e-01	2.3954921949e+03
1.0848438896e+07	9.5273264621e-01	2.3984566280e+03
1.0848438896e+07	9.5265390667e-01	2.4014702827e+03
1.0848438896e+07	9.5257489068e-01	2.4045291231e+03
1.0848438896e+07	9.5249559694e-01	2.4076294694e+03
1.0848438896e+07	9.5241602406e-01	2.4107680997e+03
1.0848438896e+07	9.5233617066e-01	2.4139420847e+03
1.0848438896e+07	9.5225603543e-01	2.4171487316e+03
1.0848438896e+07	9.5217561691e-01	2.4203855408e+03
1.0848438896e+07	9.5209491373e-01	2.4236501625e+03
1.0848438896e+07	9.5201392145e-01	2.4269403737e+03
1.0848438896e+07	9.5193260001e-01	2.4302540482e+03
1.0848438896e+07	9.5185093247e-01	2.4335891469e+03
1.0848438896e+07	9.5176893892e-01	2.4369437111e+03
1.0848438896e+07	9.5168663498e-01	2.4403158645e+03
1.0848438896e+07	9.5160402249e-01	2.4437038303e+03
1.0848438896e+07	9.5152109661e-01	2.4471059591e+03
1.0848438896e+07	9.5143786769e-01	2.4505208865e+03
1.0848438896e+07	9.5135432125e-01	2.4539472339e+03
1.0848438896e+07	9.5127047007e-01	2.4573841146e+03
1.0848438896e+07	9.5118629871e-01	2.4608310929e+03
1.0848438896e+07	9.5110182103e-01	2.4642883173e+03
1.0848438896e+07	9.5101701657e-01	2.4677567085e+03
1.0848438896e+07	9.5093190470e-01	2.4712381421e+03
1.0848438896e+07	9.5084645906e-01	2.4747356643e+03
1.0848438896e+07	9.5076070064e-01	2.4782537195e+03
1.0848438896e+07	9.5067460547e-01	2.4817983142e+03
1.0848438896e+07	9.5058818976e-01	2.4853771900e+03
1.0848438896e+07	9.5050142997e-01	2.4889999256e+03
1.0848438896e+07	9.5041434120e-01	2.4926779140e+03
1.0848438896e+07	9.5032690048e-01	2.4964242722e+03
1.0848438896e+07	9.5023911312e-01	2.5002536511e+03
1.0848438896e+07	9.5015097040e-01	2.5041818902e+03
1.0848438896e+07	9.5006245992e-01	2.5082256374e+03
1.0721812993e+07	9.4997357015e-01	2.5140339628e+03
1.0721812993e+07	9.4868248286e-01	2.4891264653e+03
1.0721812993e+07	9.4860095480e-01	2.4905051531e+03
1.0721812993e+07	9.4851912788e-01	2.4924256893e+03
1.0721812993e+07	9.4843699699e-01	2.4949028937e+03
1.0721812993e+07	9.4835455837e-01	2.4979129754e+03
1.0721812993e+07	9.4827180905e-01	2.5014068844e+03
1.0721812993e+07	9.4818874674e-01	2.5053340951e+03
1.0721812993e+07	9.4810536973e-01	2.5096506950e+03
1.0721812993e+07	9.4802167701e-01	2.5143200894e+03
1.0721812993e+07	9.4793766757e-01	2.5193115745e+03
1.0721812993e+07	9.4785334056e-01	2.5245985321e+03
1.0721812993e+07	9.4776869525e-01	2.5301567874e+03
1.0721812993e+07	9.4768373021e-01	2.5359634489e+03
1.0721812993e+07	9.4759844456e-01	2.5419964225e+03
1.0721812993e+07	9.4751283755e-01	2.5482336611e+03
1.0721812993e+07	9.4742690835e-01	2.5546535541e+03
1.0721812993e+07	9.4734065596e-01	2.5612516789e+03
1.0721812993e+07	9.4725407937e-01	2.5680557206e+03
1.0721812993e+07	9.4716717741e-01	2.5749828569e+03
1.0721812993e+07	9.4707994878e-01	2.5820146029e+03
1.0721812993e+07	9.4699239215e-01	2.5891338962e+03
1.0721812993e+07	9.4690450607e-01	2.5963252254e+03
1.0721812993e+07	9.4681628905e-01	2.6035747673e+03
1.0721812993e+07	9.4672773941e-01	2.6108700430e+03
1.0721812993e+07	9.4663885558e-01	2.6182002173e+03
1.0721812993e+07	9.4654963579e-01	2.6255558516e+03
1.0721812993e+07	9.4646007834e-01	2.6329287550e+03
1.0721812993e+07	9.4637018142e-01	2.6403119090e+03
1.0721812993e+07	9.4627994320e-01	2.6476991596e+03
1.0721812993e+07	9.4618936183e-01	2.6550852582e+03
1.0721812993e+07	9.4609843544e-01	2.6624656520e+03
1.0721812993e+07	9.4600716211e-01	2.6698365045e+03
1.0721812993e+07	9.4591553992e-01	2.6771941363e+03
1.0721812993e+07	9.4582356691e-01	2.6845354726e+03
1.0721812993e+07	9.4573124112e-01	2.6918577484e+03
1.0721812993e+07	9.4563856052e-01	2.6991586078e+03
1.0721812993e+07	9.4554552287e-01	2.7064376978e+03
1.0721812993e+07	9.4545212367e-01	2.7137143376e+03
1.0721812993e+07	9.4535833404e-01	2.7212176726e+03
1.0721812993e+07	9.4526865562e-01	2.7314113441e+03
1.0721812993e+07	9.4526493122e-01	2.7651019513e+03
1.0721812993e+07	9.4526036572e-01	2.7813361199e+03
1.0721812993e+07	9.4525624686e-01	2.7904561749e+03
1.0721812993e+07	9.4525224500e-01	2.7964303704e+03
1.0721812993e+07	9.4524832399e-01	2.8000470288e+03
1.0721812993e+07	9.4524444168e-01	2.8023846344e+03
1.0721812993e+07	9.4524057915e-01	2.8041016170e+03
1.0721812993e+07	9.4523674064e-01	2.8054745742e+03
1.0721812993e+07	9.4523292473e-01	2.8066510022e+03
1.0721812993e+07	9.4522913199e-01	2.8076941979e+03
1.0721812993e+07	9.4522536605e-01	2.8086394186e+03
1.0721812993e+07	9.4522166341e-01	2.8093790482e+03
1.0721812993e+07	9.4521806467e-01	2.8098072030e+03
1.0721812993e+07	9.4521464834e-01	2.8097062772e+03
1.0721812993e+07	9.4521470435e-01	2.8089146287e+03
1.0721812993e+07	9.4521670308e-01	2.8085980944e+03
1.0721812993e+07	9.4521877579e-01	2.8082581354e+03
1.0721812993e+07	9.4522090116e-01	2.8078912638e+03
1.0721812993e+07	9.4522307829e-01	2.8075046923e+03
1.0721812993e+07	9.4522531722e-01	2.8071190325e+03
1.0721812993e+07	9.4522758807e-01	2.8067131645e+03
1.0721812993e+07	9.4522988830e-01	2.8062877496e+03
1.0721812993e+07	9.4523222309e-01	2.8058552161e+03
1.0721812993e+07	9.4523459319e-01	2.8054253913e+03
1.0721812993e+07	9.4523698413e-01	2.8049792848e+03
1.0721812993e+07	9.4523939500e-01	2.8045171452e+03
1.0721812993e+07	9.4524182839e-01	2.8040482137e+03
1.0721812993e+07	9.4524428797e-01	2.8035893837e+03
1.0721812993e+07	9.4524676299e-01	2.8031163210e+03
1.0721812993e+07	9.4524925311e-01	2.8026290152e+03
1.0721812993e+07	9.4525175805e-01	2.8021274340e+03
1.0721812993e+07	9.4525428352e-01	2.8016425164e+03
1.0721812993e+07	9.4525682263e-01	2.8011499063e+03
1.0721812993e+07	9.4525937415e-01	2.8006442948e+03
1.0721812993e+07	9.4526193803e-01	2.8001256932e+03
1.0721812993e+07	9.4526448815e-01	2.7974527404e+03
1.0721812993e+07	9.4531590108e-01	2.7946569289e+03
1.0721812993e+07	9.4539032212e-01	2.7917399603e+03
1.0721812993e+07	9.4546469598e-01	2.7887013763e+03
1.0721812993e+07	9.4553899244e-01	2.7855385586e+03
1.0721812993e+07	9.4561322395e-01	2.7822504133e+03
1.0721812993e+07	9.4568739084e-01	2.7788364260e+03
1.0721812993e+07	9.4576144093e-01	2.7753779424e+03
1.0721812993e+07	9.4583535703e-01	2.7720084646e+03
1.0721812993e+07	9.4590919472e-01	2.7687160964e+03
1.0721812993e+07	9.4598305730e-01	2.7654792337e+03
1.0721812993e+07	9.4605709607e-01	2.7622695951e+03
1.0721812993e+07	9.4612877340e-01	2.7591745315e+03
1.0721812993e+07	9.4618358209e-01	2.7567849079e+03
1.0721812993e+07	9.4622858413e-01	2.7548019778e+03
1.0721812993e+07	9.4626647531e-01	2.7531049438e+03
1.0721812993e+07	9.4629721315e-01	2.7517055968e+03
1.0721812993e+07	9.4632335366e-01	2.7504843183e+03
1.0721812993e+07	9.4634572784e-01	2.7493997543e+03
1.0721812993e+07	9.4636466000e-01	2.7484357900e+03
1.0721812993e+07	9.4637989722e-01	2.7476179847e+03
1.0721812993e+07	9.4639246505e-01	2.7468960487e+03
1.0721812993e+07	9.4640292811e-01	2.7462410747e+03
1.0721812993e+07	9.4641154528e-01	2.7456431948e+03
1.0721812993e+07	9.4641846661e-01	2.7451058084e+03
1.0721812993e+07	9.4642392437e-01	2.7446309192e+03
1.0721812993e+07	9.4642829053e-01	2.7441865809e+03
1.0721812993e+07	9.4643167953e-01	2.7437687812e+03
1.0721812993e+07	9.4643418898e-01	2.7433741922e+03
1.0721812993e+07	9.4642470400e-01	2.7417434339e+03
1.0721812993e+07	9.4646282588e-01	2.7404762245e+03
1.0721812993e+07	9.4650937982e-01	2.7394376693e+03
1.0721812993e+07	9.4655040253e-01	2.7385568526e+03
1.0721812993e+07	9.4658717537e-01	2.7377914978e+03
1.0721812993e+07	9.4662052995e-01	2.7371144552e+03
1.0721812993e+07	9.4665103724e-01	2.7365072277e+03
1.0721812993e+07	9.4667909417e-01	2.7359563684e+03
1.0721812993e+07	9.4670497907e-01	2.7354516702e+03
1.0721812993e+07	9.4672890492e-01	2.7349854168e+03
1.0721812993e+07	9.4674569131e-01	2.7345505520e+03
1.0721812993e+07	9.4674435874e-01	2.7341387893e+03
1.0721812993e+07	9.4674188843e-01	2.7337222883e+03
1.0721812993e+07	9.4673822944e-01	2.7332997948e+03
1.0721812993e+07	9.4673327422e-01	2.7328698095e+03
1.0721812993e+07	9.4672691945e-01	2.7324305101e+03
1.0721812993e+07	9.4671902834e-01	2.7319796024e+03
1.0721812993e+07	9.4670936644e-01	2.7315135901e+03
1.0721812993e+07	9.4669738899e-01	2.7310213682e+03
1.0721812993e+07	9.4668078470e-01	2.7304144840e+03
1.0721812993e+07	9.4668188622e-01	2.7298588961e+03
1.0721812993e+07	9.4668738248e-01	2.7293931157e+03
1.0721812993e+07	9.4668660231e-01	2.7289547691e+03
1.0721812993e+07	9.4668255408e-01	2.7285331967e+03
1.0721812993e+07	9.4667672951e-01	2.7281333711e+03
1.0721812993e+07	9.4667002000e-01	2.7277582667e+03
1.0721812993e+07	9.4666234436e-01	2.7273874586e+03
1.0721812993e+07	9.4665387736e-01	2.7270194723e+03
1.0721812993e+07	9.4664499523e-01	2.7266608655e+03
1.0721812993e+07	9.4663615890e-01	2.7263204615e+03
1.0721812993e+07	9.4662684031e-01	2.7259794630e+03
1.0721812993e+07	9.4661707458e-01	2.7256372027e+03
1.0721812993e+07	9.4660688867e-01	2.7252930505e+03
1.0721812993e+07	9.4659717971e-01	2.7249688083e+03
1.0721812993e+07	9.4658719305e-01	2.7246433267e+03
1.0721812993e+07	9.4657679513e-01	2.7243143832e+03
1.0721812993e+07	9.4656599097e-01	2.7239815523e+03
1.0721812993e+07	9.4649973443e-01	2.7223363223e+03
1.0721812993e+07	9.4648532042e-01	2.7206817836e+03
1.0721812993e+07	9.4649183726e-01	2.7190036732e+03
1.0721812993e+07	9.4649680029e-01	2.7173072130e+03
1.0721812993e+07	9.4650035148e-01	2.7155720656e+03
1.0721812993e+07	9.4650258784e-01	2.7138068294e+03
1.0721812993e+07	9.4650359045e-01	2.7119989102e+03
1.0721812993e+07	9.4650335777e-01	2.7101388370e+03
1.0721812993e+07	9.4650177985e-01	2.7082164547e+03
1.0721812993e+07	9.4649879373e-01	2.7062393865e+03
1.0721812993e+07	9.4649418484e-01	2.7042006196e+03
1.0721812993e+07	9.4648765865e-01	2.7020811232e+03
1.0721812993e+07	9.4647878127e-01	2.6998533264e+03
1.0721812993e+07	9.4646688775e-01	2.6974692531e+03
1.0721812993e+07	9.4645055544e-01	2.6947682365e+03
1.0721812993e+07	9.4643612790e-01	2.6925919494e+03
1.0721812993e+07	9.4642679284e-01	2.6906195794e+03
1.0721812993e+07	9.4643077733e-01	2.6887263354e+03
1.0721812993e+07	9.4642939579e-01	2.6868743986e+03
1.0721812993e+07	9.4642539373e-01	2.6851564294e+03
1.0721812993e+07	9.4641949280e-01	2.6834346914e+03
1.0721812993e+07	9.4641219084e-01	2.6817011420e+03
1.0721812993e+07	9.4640379075e-01	2.6799495684e+03
1.0721812993e+07	9.4639536580e-01	2.6782990811e+03
1.0721812993e+07	9.4638625365e-01	2.6766227411e+03
1.0721812993e+07	9.4637652963e-01	2.6749168684e+03
1.0721812993e+07	9.4636625497e-01	2.6731602936e+03
1.0721812993e+07	9.4635609246e-01	2.6714513018e+03
1.0721812993e+07	9.4634583261e-01	2.6697493915e+03
1.0721812993e+07	9.4633515894e-01	2.6680072983e+03
1.0721812993e+07	9.4632408800e-01	2.6662218359e+03
1.0721812993e+07	9.4631263545e-01	2.6643899428e+03
1.0721812993e+07	9.4624137411e-01	2.6551512075e+03
1.0721812993e+07	9.4623499806e-01	2.6455773675e+03
1.0721812993e+07	9.4623716730e-01	2.6354590525e+03
1.0721812993e+07	9.4623633001e-01	2.6245753233e+03
1.0721812993e+07	9.4623245406e-01	2.6125163659e+03
1.0721812993e+07	9.4622558760e-01	2.5990211274e+03
1.0721812993e+07	9.4621642461e-01	2.5846995698e+03
1.0721812993e+07	9.4620642460e-01	2.5713583581e+03
1.0721812993e+07	9.4619534912e-01	2.5587430804e+03
1.0721812993e+07	9.4618312894e-01	2.5469086387e+03
1.0721812993e+07	9.4617082005e-01	2.5362197556e+03
1.0721812993e+07	9.4615832519e-01	2.5261006857e+03
1.0721812993e+07	9.4614538835e-01	2.5163021436e+03
1.0721812993e+07	9.4613208061e-01	2.5066547874e+03
1.0721812993e+07	9.4611921805e-01	2.4974408603e+03
1.0721812993e+07	9.4610806551e-01	2.4882856356e+03
1.0721812993e+07	9.4610394823e-01	2.4787359548e+03
1.0721812993e+07	9.4609766864e-01	2.4687754108e+03
1.0721812993e+07	9.4608988200e-01	2.4585184396e+03
1.0721812993e+07	9.4608114391e-01	2.4481205653e+03
1.0721812993e+07	9.4607108712e-01	2.4368442449e+03
1.0721812993e+07	9.4605993011e-01	2.4245946068e+03
1.0721812993e+07	9.4604770016e-01	2.4110986258e+03
1.0721812993e+07	9.4597231929e-01	2.3703817659e+03
1.0721812993e+07	9.4585351475e-01	2.3308475269e+03
1.0721812993e+07	9.4574606038e-01	2.3182317090e+03
1.0721812993e+07	9.4568962393e-01	2.3194750510e+03
1.0721812993e+07	9.4563255544e-01	2.3211260542e+03
1.0721812993e+07	9.4557336779e-01	2.3231346204e+03
1.0721812993e+07	9.4551285125e-01	2.3254103034e+03
1.0721812993e+07	9.4545167409e-01	2.3278858694e+03
1.0721812993e+07	9.4538950069e-01	2.3305173312e+03
1.0721812993e+07	9.4532682927e-01	2.3332753820e+03
1.0721812993e+07	9.4526274482e-01	2.3361395434e+03
1.0721812993e+07	9.4519684087e-01	2.3390947539e+03
1.0721812993e+07	9.4512954021e-01	2.3421294587e+03
1.0721812993e+07	9.4506177013e-01	2.3452344916e+03
1.0721812993e+07	9.4499309307e-01	2.3484024262e+03
1.0721812993e+07	9.4492174659e-01	2.3516271180e+03
1.0721812993e+07	9.4485001220e-01	2.3549032750e+03
1.0721812993e+07	9.4477507321e-01	2.3582264490e+03
1.0721812993e+07	9.4469832713e-01	2.3615926614e+03
1.0721812993e+07	9.4462131387e-01	2.3649983779e+03
1.0721812993e+07	9.4454403214e-01	2.3684404548e+03
1.0721812993e+07	9.4446648065e-01	2.3719160304e+03
1.0721812993e+07	9.4438865805e-01	2.3754225194e+03
1.0721812993e+07	9.4431056302e-01	2.3789573991e+03
1.0721812993e+07	9.4423216116e-01	2.3825183675e+03
1.0721812993e+07	9.4415340875e-01	2.3861032332e+03
1.0721812993e+07	9.4407433941e-01	2.3897098972e+03
1.0721812993e+07	9.4399496850e-01	2.3933363403e+03
1.0721812993e+07	9.4391530153e-01	2.3969806262e+03
1.0721812993e+07	9.4383533413e-01	2.4006408985e+03
1.0721812993e+07	9.4375506722e-01	2.4043154076e+03
1.0721812993e+07	9.4367450723e-01	2.4080025902e+03
1.0721812993e+07	9.4359363797e-01	2.4117009718e+03
1.0721812993e+07	9.4351247785e-01	2.4154094150e+03
1.0721812993e+07	9.4343100250e-01	2.4191271483e+03
1.0721812993e+07	9.4334923483e-01	2.4228539094e+03
1.0721812993e+07	9.4326714763e-01	2.4265900934e+03
1.0721812993e+07	9.4318476491e-01	2.4303369381e+03
1.0721812993e+07	9.4310205551e-01	2.4340967486e+03
1.0721812993e+07	9.4301904338e-01	2.4378731026e+03
1.0721812993e+07	9.4293570299e-01	2.4416711307e+03
1.0721812993e+07	9.4285204406e-01	2.4454975540e+03
1.0721812993e+07	9.4276806061e-01	2.4493610058e+03
1.0721812993e+07	9.4268373422e-01	2.4532720381e+03
1.0721812993e+07	9.4259906582e-01	2.4572430932e+03
1.0721812993e+07	9.4251404091e-01	2.4612883480e+03
1.0721812993e+07	9.4242863557e-01	2.4654234677e+03
1.0721812993e+07	9.4234282949e-01	2.4696651782e+03
1.0721812993e+07	9.4225666270e-01	2.4740307450e+03
1.0721812993e+07	9.4217016845e-01	2.4785373861e+03
1.0721812993e+07	9.4208334465e-01	2.4832016294e+03
1.0721812993e+07	9.4199618951e-01	2.4880384396e+03
1.0721812993e+07	9.4190870171e-01	2.4930606941e+03
1.0721812993e+07	9.4182088032e-01	2.4982784569e+03
1.0721812993e+07	9.4173272436e-01	2.5036984445e+03
1.0721812993e+07	9.4164423353e-01	2.5093236156e+03
1.0721812993e+07	9.4155540744e-01	2.5151530482e+03
1.0721812993e+07	9.4146624571e-01	2.5211820285e+03
1.0721812993e+07	9.4137674765e-01	2.5274021381e+03
1.0721812993e+07	9.4128691214e-01	2.5338020560e+03
1.0721812993e+07	9.4119673783e-01	2.5403680416e+03
1.0721812993e+07	9.4110622386e-01	2.5470847065e+03
1.0721812993e+07	9.4101536936e-01	2.5539356852e+03
1.0721812993e+07	9.4092417304e-01	2.5609154124e+03
1.0721812993e+07	9.4083263378e-01	2.5680713066e+03
1.0721812993e+07	9.4074075019e-01	2.5753139904e+03
1.0721812993e+07	9.4064852080e-01	2.5826286937e+03
1.0721812993e+07	9.4055594406e-01	2.5900019070e+03
1.0721812993e+07	9.4046301830e-01	2.5974214852e+03
1.0721812993e+07	9.4036974178e-01	2.6048766670e+03
1.0721812993e+07	9.4027611281e-01	2.6123580731e+03
1.0721812993e+07	9.4018212949e-01	2.6198574418e+03
1.0721812993e+07	9.4008778996e-01	2.6273677222e+03
1.0721812993e+07	9.3999309231e-01	2.6348828482e+03
1.0721812993e+07	9.3989803454e-01	2.6423976117e+03
1.0721812993e+07	9.3980261474e-01	2.6499076035e+03
1.0721812993e+07	9.3970683086e-01	2.6574088238e+03
1.0721812993e+07	9.3961068088e-01	2.6648979003e+03
1.0721812993e+07	9.3951416274e-01	2.6723718472e+03
1.0721812993e+07	9.3941727435e-01	2.6798279931e+03
1.0721812993e+07	9.3932001359e-01	2.6872639308e+03
1.0721812993e+07	9.3922237837e-01	2.6946778449e+03
1.0721812993e+07	9.3912436629e-01	2.7020691171e+03
1.0721812993e+07	9.3902597274e-01	2.7094554835e+03
1.0721812993e+07	9.3892716902e-01	2.7170469746e+03
1.0721812993e+07	9.3882850409e-01	2.7271033375e+03
1.0721812993e+07	9.3882443367e-01	2.7592020919e+03
1.0721812993e+07	9.3881935599e-01	2.7775940288e+03
1.0721812993e+07	9.3881496224e-01	2.7864149118e+03
1.0721812993e+07	9.3881069018e-01	2.7921538988e+03
1.0721812993e+07	9.3880649986e-01	2.7956433499e+03
1.0721812993e+07	9.3880234373e-01	2.7979411597e+03
1.0721812993e+07	9.3879820048e-01	2.7996613554e+03
1.0721812993e+07	9.3879407103e-01	2.8010546209e+03
1.0721812993e+07	9.3878994593e-01	2.8022545104e+03
1.0721812993e+07	9.3878580796e-01	2.8033258712e+03
1.0721812993e+07	9.3878162624e-01	2.8042906038e+03
1.0721812993e+07	9.3877739072e-01	2.8050372279e+03
1.0721812993e+07	9.3877305098e-01	2.8054490065e+03
1.0721812993e+07	9.3876849626e-01	2.8052867342e+03
1.0721812993e+07	9.3876350703e-01	2.8039890479e+03
1.0721812993e+07	9.3875779667e-01	2.8005823077e+03
1.0721812993e+07	9.3875087062e-01	2.7932674567e+03
1.0721812993e+07	9.3874182448e-01	2.7776174791e+03
1.0721812993e+07	9.3873249334e-01	2.7455440268e+03
1.0721812993e+07	9.3873138499e-01	2.6979297456e+03
1.0721812993e+07	9.3873171580e-01	2.6469195581e+03
1.0721812993e+07	9.3873354601e-01	2.5902889624e+03
1.0721812993e+07	9.3873595276e-01	2.5240208316e+03
1.0721812993e+07	9.3874232406e-01	2.4433729337e+03
1.0721812993e+07	9.3869071631e-01	2.3560273813e+03
1.0721812993e+07	9.3853287655e-01	2.3184751545e+03
1.0721812993e+07	9.3846840464e-01	2.3198446324e+03
1.0721812993e+07	9.3840313048e-01	2.3216482321e+03
1.0721812993e+07	9.3833530486e-01	2.3238255303e+03
1.0721812993e+07	9.3826643554e-01	2.3262770328e+03
1.0721812993e+07	9.3819658043e-01	2.3289314690e+03
1.0721812993e+07	9.3812592981e-01	2.3317432307e+03
1.0721812993e+07	9.3805434129e-01	2.3346823448e+03
1.0721812993e+07	9.3798106143e-01	2.3377279978e+03
1.0721812993e+07	9.3790615691e-01	2.3408649292e+03
1.0721812993e+07	9.3782985947e-01	2.3440814654e+03
1.0721812993e+07	9.3775327771e-01	2.3473683516e+03
1.0721812993e+07	9.3767422841e-01	2.3507181350e+03
1.0721812993e+07	9.3759389431e-01	2.3541245557e+03
1.0721812993e+07	9.3751164357e-01	2.3575823480e+03
1.0721812993e+07	9.3742633678e-01	2.3610869913e+03
1.0721812993e+07	9.3734034148e-01	2.3646345189e+03
1.0721812993e+07	9.3725404604e-01	2.3682213073e+03
1.0721812993e+07	9.3716744896e-01	2.3718442059e+03
1.0721812993e+07	9.3708054881e-01	2.3755003399e+03
1.0721812993e+07	9.3699334410e-01	2.3791870583e+03
1.0721812993e+07	9.3690581075e-01	2.3829018895e+03
1.0721812993e+07	9.3681787829e-01	2.3866425074e+03
1.0721812993e+07	9.3672957977e-01	2.3904066988e+03
1.0721812993e+07	9.3664094169e-01	2.3941923472e+03
1.0721812993e+07	9.3655197053e-01	2.3979974147e+03
1.0721812993e+07	9.3646266145e-01	2.4018200082e+03
1.0721812993e+07	9.3637301578e-01	2.4056581705e+03
1.0721812993e+07	9.3628304276e-01	2.4095101473e+03
1.0721812993e+07	9.3619271977e-01	2.4133743200e+03
1.0721812993e+07	9.3610207142e-01	2.4172492719e+03
1.0721812993e+07	9.3601106967e-01	2.4211338571e+03
1.0721812993e+07	9.3591973773e-01	2.4250273116e+03
1.0721812993e+07	9.3582805106e-01	2.4289293862e+03
1.0721812993e+07	9.3573602560e-01	2.4328405198e+03
1.0721812993e+07	9.3564364360e-01	2.4367620102e+03
1.0721812993e+07	9.3555090979e-01	2.4406963639e+03
1.0721812993e+07	9.3545782267e-01	2.4446471443e+03
1.0721812993e+07	9.3536436178e-01	2.4486196256e+03
1.0721812993e+07	9.3527053530e-01	2.4526208349e+03
1.0721812993e+07	9.3517633013e-01	2.4566596783e+03
1.0721812993e+07	9.3508173210e-01	2.4607470596e+03
1.0721812993e+07	9.3498672618e-01	2.4648958142e+03
1.0721812993e+07	9.3489127604e-01	2.4691205682e+03
1.0721812993e+07	9.3479538921e-01	2.4734374272e+03
1.0721812993e+07	9.3469913884e-01	2.4778635814e+03
1.0721812993e+07	9.3460252365e-01	2.4824166671e+03
1.0721812993e+07	9.3450554084e-01	2.4871142156e+03
1.0721812993e+07	9.3440818831e-01	2.4919728643e+03
1.0721812993e+07	9.3431046401e-01	2.4970076406e+03
1.0721812993e+07	9.3421236647e-01	2.5022312257e+03
1.0721812993e+07	9.3411389458e-01	2.5076531888e+03
1.0721812993e+07	9.3401504773e-01	2.5132795581e+03
1.0721812993e+07	9.3391582521e-01	2.5191124252e+03
1.0721812993e+07	9.3381622635e-01	2.5251498316e+03
1.0721812993e+07	9.3371625038e-01	2.5313859165e+03
1.0721812993e+07	9.3361589559e-01	2.5378113080e+03
1.0721812993e+07	9.3351516119e-01	2.5444136076e+03
1.0721812993e+07	9.3341404637e-01	2.5511782415e+03
1.0721812993e+07	9.3331254990e-01	2.5580890774e+03
1.0721812993e+07	9.3321067072e-01	2.5651893946e+03
1.0721812993e+07	9.3310840764e-01	2.5724290408e+03
1.0721812993e+07	9.3300575915e-01	2.5797659086e+03
1.0721812993e+07	9.3290272368e-01	2.5871842346e+03
1.0721812993e+07	9.3279929952e-01	2.5946694470e+03
1.0721812993e+07	9.3269548488e-01	2.6022083417e+03
1.0721812993e+07	9.3259127788e-01	2.6097892284e+03
1.0721812993e+07	9.3248667654e-01	2.6174016635e+03
1.0721812993e+07	9.3238167881e-01	2.6250366804e+03
1.0721812993e+07	9.3227628265e-01	2.6326865423e+03
1.0721812993e+07	9.3217048591e-01	2.6403446274e+03
1.0721812993e+07	9.3206428640e-01	2.6480054665e+03
1.0721812993e+07	9.3195768190e-01	2.6556639660e+03
1.0721812993e+07	9.3185067016e-01	2.6633160283e+03
1.0721812993e+07	9.3174324890e-01	2.6709581262e+03
1.0721812993e+07	9.3163541581e-01	2.6785871164e+03
1.0721812993e+07	9.3152716855e-01	2.6862002617e+03
1.0721812993e+07	9.3141850478e-01	2.6937951080e+03
1.0721812993e+07	9.3130942210e-01	2.7013694977e+03
1.0721812993e+07	9.3119991810e-01	2.7089214312e+03
1.0721812993e+07	9.3108999011e-01	2.7164506983e+03
1.0721812993e+07	9.3097963315e-01	2.7239739246e+03
1.0721812993e+07	9.3086881736e-01	2.7316885845e+03
1.0721812993e+07	9.3075726865e-01	2.7417217979e+03
1.0721812993e+07	9.3074998114e-01	2.7728200257e+03
1.0721812993e+07	9.3074410622e-01	2.7929030435e+03
1.0721812993e+07	9.3073916427e-01	2.8015252027e+03
1.0721812993e+07	9.3073435460e-01	2.8071082049e+03
1.0721812993e+07	9.3072963420e-01	2.8105196127e+03
1.0721812993e+07	9.3072495228e-01	2.8128044623e+03
1.0721812993e+07	9.3072029125e-01	2.8145393353e+03
1.0721812993e+07	9.3071565768e-01	2.8159597488e+03
1.0721812993e+07	9.3071105018e-01	2.8171891521e+03
1.0721812993e+07	9.3070646557e-01	2.8182925509e+03
1.0721812993e+07	9.3070190951e-01	2.8192806501e+03
1.0721812993e+07	9.3069742466e-01	2.8200380306e+03
1.0721812993e+07	9.3069305720e-01	2.8204366094e+03
1.0721812993e+07	9.3068889783e-01	2.8202106381e+03
1.0721812993e+07	9.3068515294e-01	2.8187452492e+03
1.0721812993e+07	9.3068218074e-01	2.8149740602e+03
1.0721812993e+07	9.3068065296e-01	2.8069149366e+03
1.0721812993e+07	9.3068230067e-01	2.7895246042e+03
1.0721812993e+07	9.3069024856e-01	2.7540060066e+03
1.0721812993e+07	9.3070681390e-01	2.6965892602e+03
1.0721812993e+07	9.3073696133e-01	2.6048030040e+03
1.0721812993e+07	9.3078166267e-01	2.4602352814e+03
1.0721812993e+07	9.3059575130e-01	2.3185912711e+03
1.0721812993e+07	9.3052599198e-01	2.3200465531e+03
1.0721812993e+07	9.3045532919e-01	2.3219574473e+03
1.0721812993e+07	9.3038193936e-01	2.3242699850e+03
1.0721812993e+07	9.3030744302e-01	2.3268738060e+03
1.0721812993e+07	9.3023179757e-01	2.3296899759e+03
1.0721812993e+07	9.3015541820e-01	2.3326689597e+03
1.0721812993e+07	9.3007782898e-01	2.3357787899e+03
1.0721812993e+07	9.2999832754e-01	2.3389975413e+03
1.0721812993e+07	9.2991714598e-01	2.3423092738e+03
1.0721812993e+07	9.2983486107e-01	2.3457018615e+03
1.0721812993e+07	9.2975203179e-01	2.3491657517e+03
1.0721812993e+07	9.2966601853e-01	2.3526932783e+03
1.0721812993e+07	9.2957945430e-01	2.3562779749e+03
1.0721812993e+07	9.2948935972e-01	2.3599144994e+03
1.0721812993e+07	9.2939728786e-01	2.3635982299e+03
1.0721812993e+07	9.2930489454e-01	2.3673249744e+03
1.0721812993e+07	9.2921217826e-01	2.3710911554e+03
1.0721812993e+07	9.2911913739e-01	2.3748935607e+03
1.0721812993e+07	9.2902577035e-01	2.3787292642e+03
1.0721812993e+07	9.2893206966e-01	2.3825955724e+03
1.0721812993e+07	9.2883794938e-01	2.3864899791e+03
1.0721812993e+07	9.2874341047e-01	2.3904101302e+03
1.0721812993e+07	9.2864849775e-01	2.3943538434e+03
1.0721812993e+07	9.2855322541e-01	2.3983188925e+03
1.0721812993e+07	9.2845758215e-01	2.4023032263e+03
1.0721812993e+07	9.2836158175e-01	2.4063048713e+03
1.0721812993e+07	9.2826522474e-01	2.4103219280e+03
1.0721812993e+07	9.2816849313e-01	2.4143526103e+03
1.0721812993e+07	9.2807141027e-01	2.4183952647e+03
1.0721812993e+07	9.2797394562e-01	2.4224484338e+03
1.0721812993e+07	9.2787612473e-01	2.4265109869e+03
1.0721812993e+07	9.2777792370e-01	2.4305820470e+03
1.0721812993e+07	9.2767935386e-01	2.4346613277e+03
1.0721812993e+07	9.2758040541e-01	2.4387492161e+03
1.0721812993e+07	9.2748107057e-01	2.4428469720e+03
1.0721812993e+07	9.2738135754e-01	2.4469569414e+03
1.0721812993e+07	9.2728124444e-01	2.4510828006e+03
1.0721812993e+07	9.2718072862e-01	2.4552297954e+03
1.0721812993e+07	9.2707980281e-01	2.4594049556e+03
1.0721812993e+07	9.2697845017e-01	2.4636173501e+03
1.0721812993e+07	9.2687663380e-01	2.4678778516e+03
1.0721812993e+07	9.2677432969e-01	2.4721994759e+03
1.0721812993e+07	9.2667160113e-01	2.4765970728e+03
1.0721812993e+07	9.2656848692e-01	2.4810870411e+03
1.0721812993e+07	9.2646498335e-01	2.4856868938e+03
1.0721812993e+07	9.2636108719e-01	2.4904146553e+03
1.0721812993e+07	9.2625679545e-01	2.4952882244e+03
1.0721812993e+07	9.2615210570e-01	2.5003245270e+03
1.0721812993e+07	9.2604701580e-01	2.5055387942e+03
1.0721812993e+07	9.2594152425e-01	2.5109437686e+03
1.0721812993e+07	9.2583563024e-01	2.5165489773e+03
1.0721812993e+07	9.2572933262e-01	2.5223602177e+03
1.0721812993e+07	9.2562263048e-01	2.5283791604e+03
1.0721812993e+07	9.2551552230e-01	2.5346033938e+03
1.0721812993e+07	9.2540800680e-01	2.5410263667e+03
1.0721812993e+07	9.2530008355e-01	2.5476380137e+03
1.0721812993e+07	9.2519175150e-01	2.5544253529e+03
1.0721812993e+07	9.2508300979e-01	2.5613853157e+03
1.0721812993e+07	9.2497385734e-01	2.5685631447e+03
1.0721812993e+07	9.2486429302e-01	2.5758692931e+03
1.0721812993e+07	9.2475431536e-01	2.5832862917e+03
1.0721812993e+07	9.2464392279e-01	2.5907973223e+03
1.0721812993e+07	9.2453311361e-01	2.5983865834e+03
1.0721812993e+07	9.2442188597e-01	2.6060395687e+03
1.0721812993e+07	9.2431023788e-01	2.6137432263e+03
1.0721812993e+07	9.2419816735e-01	2.6214860711e+03
1.0721812993e+07	9.2408567229e-01	2.6292579096e+03
1.0721812993e+07	9.2397275047e-01	2.6370500563e+03
1.0721812993e+07	9.2385939957e-01	2.6448550708e+03
1.0721812993e+07	9.2374561734e-01	2.6526666172e+03
1.0721812993e+07	9.2363140137e-01	2.6604795074e+03
1.0721812993e+07	9.2351674927e-01	2.6682889211e+03
1.0721812993e+07	9.2340165859e-01	2.6760910100e+03
1.0721812993e+07	9.2328612685e-01	2.6838824482e+03
1.0721812993e+07	9.2317015147e-01	2.6916603443e+03
1.0721812993e+07	9.2305373008e-01	2.6994221319e+03
1.0721812993e+07	9.2293686004e-01	2.7071655241e+03
1.0721812993e+07	9.2281953878e-01	2.7148886117e+03
1.0721812993e+07	9.2270176367e-01	2.7225893247e+03
1.0721812993e+07	9.2258353187e-01	2.7302671250e+03
1.0721812993e+07	9.2246483875e-01	2.7379337070e+03
1.0721812993e+07	9.2234565973e-01	2.7457323152e+03
1.0721812993e+07	9.2222577031e-01	2.7552148314e+03
1.0721812993e+07	9.2220140584e-01	2.7812046988e+03
1.0721812993e+07	9.2219419043e-01	2.8085522742e+03
1.0721812993e+07	9.2218882832e-01	2.8169964601e+03
1.0721812993e+07	9.2218360821e-01	2.8224426547e+03
1.0721812993e+07	9.2217848329e-01	2.8257896535e+03
1.0721812993e+07	9.2217339755e-01	2.8280682994e+03
1.0721812993e+07	9.2216833495e-01	2.8298230315e+03
1.0721812993e+07	9.2216330423e-01	2.8312732391e+03
1.0721812993e+07	9.2215830546e-01	2.8325340525e+03
1.0721812993e+07	9.2215333578e-01	2.8336711342e+03
1.0721812993e+07	9.2214840897e-01	2.8346835608e+03
1.0721812993e+07	9.2214358043e-01	2.8354517105e+03
1.0721812993e+07	9.2213891682e-01	2.8358353673e+03
1.0721812993e+07	9.2213455382e-01	2.8355393991e+03
1.0721812993e+07	9.2213078976e-01	2.8338920686e+03
1.0721812993e+07	9.2212813974e-01	2.8297257190e+03
1.0721812993e+07	9.2212757530e-01	2.8208584902e+03
1.0721812993e+07	9.2213167131e-01	2.8015566597e+03
1.0721812993e+07	9.2214484177e-01	2.7621814242e+03
1.0721812993e+07	9.2216990005e-01	2.6987081720e+03
1.0721812993e+07	9.2222419024e-01	2.5973932783e+03
1.0721812993e+07	9.2230144534e-01	2.4381987042e+03
1.0721812993e+07	9.2212750436e-01	2.3189227417e+03
1.0721812993e+07	9.2205636744e-01	2.3205193925e+03
1.0721812993e+07	9.2198393613e-01	2.3225974050e+03
1.0721812993e+07	9.2190866723e-01	2.3250856977e+03
1.0721812993e+07	9.2183256827e-01	2.3278666887e+03
1.0721812993e+07	9.2175494316e-01	2.3308598492e+03
1.0721812993e+07	9.2167688389e-01	2.3340154720e+03
1.0721812993e+07	9.2159711918e-01	2.3373016972e+03
1.0721812993e+07	9.2151516678e-01	2.3406966797e+03
1.0721812993e+07	9.2143155257e-01	2.3441845236e+03
1.0721812993e+07	9.2134738397e-01	2.3477531155e+03
1.0721812993e+07	9.2126123119e-01	2.3513929582e+03
1.0721812993e+07	9.2117303384e-01	2.3550963248e+03
1.0721812993e+07	9.2108293409e-01	2.3588567995e+03
1.0721812993e+07	9.2098939603e-01	2.3626689984e+03
1.0721812993e+07	9.2089512527e-01	2.3665281935e+03
1.0721812993e+07	9.2080052512e-01	2.3704303028e+03
1.0721812993e+07	9.2070559397e-01	2.3743717188e+03
1.0721812993e+07	9.2061033026e-01	2.3783492025e+03
1.0721812993e+07	9.2051473238e-01	2.3823599085e+03
1.0721812993e+07	9.2041871791e-01	2.3864009786e+03
1.0721812993e+07	9.2032224815e-01	2.3904699083e+03
1.0721812993e+07	9.2022538250e-01	2.3945643262e+03
1.0721812993e+07	9.2012814217e-01	2.3986819720e+03
1.0721812993e+07	9.2003052225e-01	2.4028206798e+03
1.0721812993e+07	9.1993253369e-01	2.4069783687e+03
1.0721812993e+07	9.1983417796e-01	2.4111530317e+03
1.0721812993e+07	9.1973543476e-01	2.4153427534e+03
1.0721812993e+07	9.1963632955e-01	2.4195457608e+03
1.0721812993e+07	9.1953683434e-01	2.4237603522e+03
1.0721812993e+07	9.1943696755e-01	2.4279850868e+03
1.0721812993e+07	9.1933671641e-01	2.4322188154e+03
1.0721812993e+07	9.1923607601e-01	2.4364607938e+03
1.0721812993e+07	9.1913505746e-01	2.4407108249e+03
1.0721812993e+07	9.1903362669e-01	2.4449694381e+03
1.0721812993e+07	9.1893180422e-01	2.4492380954e+03
1.0721812993e+07	9.1882957643e-01	2.4535194110e+03
1.0721812993e+07	9.1872692721e-01	2.4578174646e+03
1.0721812993e+07	9.1862384059e-01	2.4621378771e+03
1.0721812993e+07	9.1852029831e-01	2.4664882197e+03
1.0721812993e+07	9.1841625898e-01	2.4708780678e+03
1.0721812993e+07	9.1831172378e-01	2.4753191014e+03
1.0721812993e+07	9.1820679565e-01	2.4798250240e+03
1.0721812993e+07	9.1810147525e-01	2.4844114164e+03
1.0721812993e+07	9.1799575873e-01	2.4890954126e+03
1.0721812993e+07	9.1788964237e-01	2.4938950651e+03
1.0721812993e+07	9.1778312267e-01	2.4988288777e+03
1.0721812993e+07	9.1767619684e-01	2.5039149813e+03
1.0721812993e+07	9.1756886236e-01	2.5091703318e+03
1.0721812993e+07	9.1746111748e-01	2.5146098611e+03
1.0721812993e+07	9.1735296085e-01	2.5202457070e+03
1.0721812993e+07	9.1724439087e-01	2.5260863940e+03
1.0721812993e+07	9.1713540643e-01	2.5321364794e+03
1.0721812993e+07	9.1702600567e-01	2.5383962118e+03
1.0721812993e+07	9.1691618796e-01	2.5448615695e+03
1.0721812993e+07	9.1680595283e-01	2.5515245446e+03
1.0721812993e+07	9.1669529938e-01	2.5583735644e+03
1.0721812993e+07	9.1658422715e-01	2.5654531162e+03
1.0721812993e+07	9.1647273517e-01	2.5727168657e+03
1.0721812993e+07	9.1636082227e-01	2.5801206486e+03
1.0721812993e+07	9.1624848732e-01	2.5876465382e+03
1.0721812993e+07	9.1613572882e-01	2.5952769382e+03
1.0721812993e+07	9.1602254516e-01	2.6029951145e+03
1.0721812993e+07	9.1590893458e-01	2.6107854501e+03
1.0721812993e+07	9.1579489518e-01	2.6186338201e+03
1.0721812993e+07	9.1568042491e-01	2.6265276441e+03
1.0721812993e+07	9.1556552169e-01	2.6344558840e+03
1.0721812993e+07	9.1545018334e-01	2.6424089951e+03
1.0721812993e+07	9.1533440763e-01	2.6503789604e+03
1.0721812993e+07	9.1521819207e-01	2.6583586320e+03
1.0721812993e+07	9.1510153444e-01	2.6663421679e+03
1.0721812993e+07	9.1498443219e-01	2.6743246398e+03
1.0721812993e+07	9.1486688280e-01	2.6823018744e+03
1.0721812993e+07	9.1474888384e-01	2.6902703114e+03
1.0721812993e+07	9.1463043270e-01	2.6982269689e+03
1.0721812993e+07	9.1451152681e-01	2.7061690918e+03
1.0721812993e+07	9.1439216354e-01	2.7140943422e+03
1.0721812993e+07	9.1427234026e-01	2.7220006800e+03
1.0721812993e+07	9.1415205432e-01	2.7298860646e+03
1.0721812993e+07	9.1403130299e-01	2.7377488221e+03
1.0721812993e+07	9.1391008335e-01	2.7455886002e+03
1.0721812993e+07	9.1378839025e-01	2.7534184899e+03
1.0721812993e+07	9.1366619487e-01	2.7613960722e+03
1.0721812993e+07	9.1354323292e-01	2.7712256785e+03
1.0721812993e+07	9.1352146878e-01	2.7988251192e+03
1.0721812993e+07	9.1351404831e-01	2.8245434561e+03
1.0721812993e+07	9.1350846793e-01	2.8328355172e+03
1.0721812993e+07	9.1350303903e-01	2.8381664832e+03
1.0721812993e+07	9.1349771120e-01	2.8414629017e+03
1.0721812993e+07	9.1349242283e-01	2.8437448965e+03
1.0721812993e+07	9.1348716054e-01	2.8455239545e+03
1.0721812993e+07	9.1348193579e-01	2.8470065566e+03
1.0721812993e+07	9.1347675094e-01	2.8483006323e+03
1.0721812993e+07	9.1347160482e-01	2.8494729613e+03
1.0721812993e+07	9.1346652380e-01	2.8505102288e+03
1.0721812993e+07	9.1346158180e-01	2.8512882568e+03
1.0721812993e+07	9.1345687721e-01	2.8516534950e+03
1.0721812993e+07	9.1345261856e-01	2.8512773886e+03
1.0721812993e+07	9.1344924505e-01	2.8494258746e+03
1.0721812993e+07	9.1344751848e-01	2.8448174432e+03
1.0721812993e+07	9.1344888406e-01	2.8350458528e+03
1.0721812993e+07	9.1345728896e-01	2.8135841308e+03
1.0721812993e+07	9.1347905908e-01	2.7700333511e+03
1.0721812993e+07	9.1351786486e-01	2.6998028743e+03
1.0721812993e+07	9.1358308397e-01	2.5878863947e+03
1.0721812993e+07	9.1367121265e-01	2.4125121111e+03
1.0721812993e+07	9.1348651797e-01	2.3192859669e+03
1.0721812993e+07	9.1341384733e-01	2.3210437743e+03
1.0721812993e+07	9.1333947868e-01	2.3233094977e+03
1.0721812993e+07	9.1326229866e-01	2.3259920502e+03
1.0721812993e+07	9.1318430156e-01	2.3289670565e+03
1.0721812993e+07	9.1310474902e-01	2.3321529400e+03
1.0721812993e+07	9.1302450181e-01	2.3355001733e+03
1.0721812993e+07	9.1294224287e-01	2.3389771738e+03
1.0721812993e+07	9.1285794854e-01	2.3425622822e+03
1.0721812993e+07	9.1277210138e-01	2.3462397296e+03
1.0721812993e+07	9.1268581370e-01	2.3499974798e+03
1.0721812993e+07	9.1259612176e-01	2.3538261208e+03
1.0721812993e+07	9.1250562452e-01	2.3577178933e+03
1.0721812993e+07	9.1241112318e-01	2.3616664825e+03
1.0721812993e+07	9.1231486602e-01	2.3656664223e+03
1.0721812993e+07	9.1221827267e-01	2.3697130260e+03
1.0721812993e+07	9.1212134154e-01	2.3738023026e+03
1.0721812993e+07	9.1202407101e-01	2.3779305291e+03
1.0721812993e+07	9.1192645950e-01	2.3820944847e+03
1.0721812993e+07	9.1182845315e-01	2.3862912277e+03
1.0721812993e+07	9.1172994798e-01	2.3905180458e+03
1.0721812993e+07	9.1163102393e-01	2.3947724062e+03
1.0721812993e+07	9.1153170365e-01	2.3990519217e+03
1.0721812993e+07	9.1143199435e-01	2.4033543837e+03
1.0721812993e+07	9.1133190389e-01	2.4076775236e+03
1.0721812993e+07	9.1123143270e-01	2.4120192598e+03
1.0721812993e+07	9.1113056236e-01	2.4163775782e+03
1.0721812993e+07	9.1102931814e-01	2.4207505553e+03
1.0721812993e+07	9.1092767356e-01	2.4251363821e+03
1.0721812993e+07	9.1082564217e-01	2.4295333999e+03
1.0721812993e+07	9.1072322090e-01	2.4339401654e+03
1.0721812993e+07	9.1062038910e-01	2.4383555488e+03
1.0721812993e+07	9.1051716698e-01	2.4427789550e+03
1.0721812993e+07	9.1041352922e-01	2.4472100693e+03
1.0721812993e+07	9.1030947289e-01	2.4516495097e+03
1.0721812993e+07	9.1020499499e-01	2.4560988653e+03
1.0721812993e+07	9.1010007858e-01	2.4605608969e+03
1.0721812993e+07	9.0999470500e-01	2.4650398424e+03
1.0721812993e+07	9.0988883042e-01	2.4695416325e+03
1.0721812993e+07	9.0978241663e-01	2.4740741285e+03
1.0721812993e+07	9.0967555453e-01	2.4786472572e+03
1.0721812993e+07	9.0956829796e-01	2.4832731247e+03
1.0721812993e+07	9.0946064282e-01	2.4879658532e+03
1.0721812993e+07	9.0935258513e-01	2.4927414929e+03
1.0721812993e+07	9.0924412084e-01	2.4976176096e+03
1.0721812993e+07	9.0913524597e-01	2.5026127565e+03
1.0721812993e+07	9.0902595705e-01	2.5077457843e+03
1.0721812993e+07	9.0891625134e-01	2.5130350588e+03
1.0721812993e+07	9.0880612632e-01	2.5184975859e+03
1.0721812993e+07	9.0869557977e-01	2.5241481384e+03
1.0721812993e+07	9.0858461010e-01	2.5299985388e+03
1.0721812993e+07	9.0847321476e-01	2.5360566085e+03
1.0721812993e+07	9.0836139260e-01	2.5423261084e+03
1.0721812993e+07	9.0824914312e-01	2.5488063456e+03
1.0721812993e+07	9.0813646553e-01	2.5554922239e+03
1.0721812993e+07	9.0802335949e-01	2.5623940916e+03
1.0721812993e+07	9.0790982445e-01	2.5695464568e+03
1.0721812993e+07	9.0779585969e-01	2.5768699080e+03
1.0721812993e+07	9.0768146431e-01	2.5843473216e+03
1.0721812993e+07	9.0756663724e-01	2.5919606458e+03
1.0721812993e+07	9.0745137721e-01	2.5996916561e+03
1.0721812993e+07	9.0733568272e-01	2.6075227489e+03
1.0721812993e+07	9.0721955218e-01	2.6154370448e+03
1.0721812993e+07	9.0710298376e-01	2.6234191802e+03
1.0721812993e+07	9.0698597553e-01	2.6314553123e+03
1.0721812993e+07	9.0686852539e-01	2.6395332052e+03
1.0721812993e+07	9.0675063110e-01	2.6476422172e+03
1.0721812993e+07	9.0663229044e-01	2.6557733158e+03
1.0721812993e+07	9.0651350114e-01	2.6639185676e+03
1.0721812993e+07	9.0639426071e-01	2.6720714478e+03
1.0721812993e+07	9.0627456665e-01	2.6802264619e+03
1.0721812993e+07	9.0615441644e-01	2.6883789960e+03
1.0721812993e+07	9.0603380751e-01	2.6965251653e+03
1.0721812993e+07	9.0591273724e-01	2.7046617432e+03
1.0721812993e+07	9.0579120300e-01	2.7127858080e+03
1.0721812993e+07	9.0566920211e-01	2.7208949135e+03
1.0721812993e+07	9.0554673188e-01	2.7289868810e+03
1.0721812993e+07	9.0542378957e-01	2.7370597368e+03
1.0721812993e+07	9.0530037244e-01	2.7451118781e+03
1.0721812993e+07	9.0517647769e-01	2.7531414262e+03
1.0721812993e+07	9.0505210225e-01	2.7611483162e+03
1.0721812993e+07	9.0492724037e-01	2.7691473744e+03
1.0721812993e+07	9.0480185817e-01	2.7773140245e+03
1.0721812993e+07	9.0467564368e-01	2.7875416342e+03
1.0721812993e+07	9.0465717912e-01	2.8170080383e+03
1.0721812993e+07	9.0464960684e-01	2.8408509485e+03
1.0721812993e+07	9.0464379686e-01	2.8490396432e+03
1.0721812993e+07	9.0463814790e-01	2.8542915666e+03
1.0721812993e+07	9.0463260580e-01	2.8575593464e+03
1.0721812993e+07	9.0462710241e-01	2.8598550112e+03
1.0721812993e+07	9.0462162712e-01	2.8616643888e+03
1.0721812993e+07	9.0461619341e-01	2.8631829871e+03
1.0721812993e+07	9.0461080470e-01	2.8645128839e+03
1.0721812993e+07	9.0460545818e-01	2.8657226353e+03
1.0721812993e+07	9.0460018848e-01	2.8667859510e+03
1.0721812993e+07	9.0459508031e-01	2.8675738647e+03
1.0721812993e+07	9.0459024943e-01	2.8679185376e+03
1.0721812993e+07	9.0458594622e-01	2.8674542857e+03
1.0721812993e+07	9.0458268777e-01	2.8653803994e+03
1.0721812993e+07	9.0458138273e-01	2.8602902669e+03
1.0721812993e+07	9.0458380438e-01	2.8494631260e+03
1.0721812993e+07	9.0459468717e-01	2.8256821672e+03
1.0721812993e+07	9.0462165805e-01	2.7774363158e+03
1.0721812993e+07	9.0466886750e-01	2.6999946815e+03
1.0721812993e+07	9.0474779198e-01	2.5767756143e+03
1.0721812993e+07	9.0483364420e-01	2.3842249214e+03
1.0721812993e+07	9.0465189968e-01	2.3196814324e+03
1.0721812993e+07	9.0457764079e-01	2.3216167619e+03
1.0721812993e+07	9.0450137514e-01	2.3240846277e+03
1.0721812993e+07	9.0442225110e-01	2.3269736126e+03
1.0721812993e+07	9.0434217779e-01	2.3301535241e+03
1.0721812993e+07	9.0426082030e-01	2.3335423196e+03
1.0721812993e+07	9.0417829516e-01	2.3370909353e+03
1.0721812993e+07	9.0409348353e-01	2.3407681859e+03
1.0721812993e+07	9.0400664748e-01	2.3445526720e+03
1.0721812993e+07	9.0391878442e-01	2.3484287784e+03
1.0721812993e+07	9.0382921345e-01	2.3523846183e+03
1.0721812993e+07	9.0373706747e-01	2.3564107999e+03
1.0721812993e+07	9.0364281173e-01	2.3604996604e+03
1.0721812993e+07	9.0354486091e-01	2.3646448799e+03
1.0721812993e+07	9.0344626321e-01	2.3688409981e+03
1.0721812993e+07	9.0334732093e-01	2.3730834476e+03
1.0721812993e+07	9.0324803241e-01	2.3773680499e+03
1.0721812993e+07	9.0314839604e-01	2.3816912271e+03
1.0721812993e+07	9.0304838761e-01	2.3860497501e+03
1.0721812993e+07	9.0294785804e-01	2.3904406782e+03
1.0721812993e+07	9.0284686217e-01	2.3948612930e+03
1.0721812993e+07	9.0274545494e-01	2.3993090591e+03
1.0721812993e+07	9.0264364510e-01	2.4037816526e+03
1.0721812993e+07	9.0254144092e-01	2.4082766950e+03
1.0721812993e+07	9.0243883903e-01	2.4127920148e+03
1.0721812993e+07	9.0233582865e-01	2.4173255119e+03
1.0721812993e+07	9.0223243172e-01	2.4218751669e+03
1.0721812993e+07	9.0212862141e-01	2.4264390469e+03
1.0721812993e+07	9.0202441040e-01	2.4310153368e+03
1.0721812993e+07	9.0191980189e-01	2.4356023808e+03
1.0721812993e+07	9.0181476234e-01	2.4401988731e+03
1.0721812993e+07	9.0170931817e-01	2.4448035309e+03
1.0721812993e+07	9.0160345638e-01	2.4494156964e+03
1.0721812993e+07	9.0149714685e-01	2.4540353040e+03
1.0721812993e+07	9.0139039840e-01	2.4586630537e+03
1.0721812993e+07	9.0128319291e-01	2.4633006643e+03
1.0721812993e+07	9.0117548709e-01	2.4679510604e+03
1.0721812993e+07	9.0106724529e-01	2.4726186994e+03
1.0721812993e+07	9.0095844878e-01	2.4773097949e+03
1.0721812993e+07	9.0084924038e-01	2.4820325343e+03
1.0721812993e+07	9.0073963146e-01	2.4867972400e+03
1.0721812993e+07	9.0062961816e-01	2.4916164405e+03
1.0721812993e+07	9.0051919621e-01	2.4965047866e+03
1.0721812993e+07	9.0040836109e-01	2.5014788567e+03
1.0721812993e+07	9.0029710876e-01	2.5065567371e+03
1.0721812993e+07	9.0018543531e-01	2.5117573676e+03
1.0721812993e+07	9.0007333726e-01	2.5170999444e+03
1.0676976033e+07	8.9996081173e-01	2.5232079289e+03
1.0676976033e+07	9.0358457134e-01	2.5379082651e+03
1.0676976033e+07	9.0348644564e-01	2.5420442030e+03
1.0676976033e+07	9.0338794556e-01	2.5466515043e+03
1.0676976033e+07	9.0328906794e-01	2.5516491508e+03
1.0676976033e+07	9.0318981044e-01	2.5569836068e+03
1.0676976033e+07	9.0309017139e-01	2.5626328492e+03
1.0676976033e+07	9.0299014991e-01	2.5686259437e+03
1.0676976033e+07	9.0288974548e-01	2.5748917325e+03
1.0676976033e+07	9.0278895763e-01	2.5814178503e+03
1.0676976033e+07	9.0268778616e-01	2.5881909349e+03
1.0676976033e+07	9.0258623087e-01	2.5951956091e+03
1.0676976033e+07	9.0248429151e-01	2.6024142437e+03
1.0676976033e+07	9.0238196771e-01	2.6098272767e+03
1.0676976033e+07	9.0227925886e-01	2.6174140837e+03
1.0676976033e+07	9.0217616436e-01	2.6251533255e+03
1.0676976033e+07	9.0207268322e-01	2.6330240723e+03
1.0676976033e+07	9.0196881429e-01	2.6410062268e+03
1.0676976033e+07	9.0186455626e-01	2.6490810299e+03
1.0676976033e+07	9.0175990763e-01	2.6572314084e+03
1.0676976033e+07	9.0165486678e-01	2.6654420056e+03
1.0676976033e+07	9.0154943185e-01	2.6736993975e+03
1.0676976033e+07	9.0144360110e-01	2.6819920072e+03
1.0676976033e+07	9.0133737245e-01	2.6903098469e+03
1.0676976033e+07	9.0123074377e-01	2.6986445497e+03
1.0676976033e+07	9.0112371308e-01	2.7069890745e+03
1.0676976033e+07	9.0101627811e-01	2.7153377066e+03
1.0676976033e+07	9.0090843661e-01	2.7236853585e+03
1.0676976033e+07	9.0080018627e-01	2.7320279805e+03
1.0676976033e+07	9.0069152479e-01	2.7403621529e+03
1.0676976033e+07	9.0058244979e-01	2.7486849641e+03
1.0676976033e+07	9.0047295890e-01	2.7569938994e+03
1.0676976033e+07	9.0036304969e-01	2.7652868958e+03
1.0676976033e+07	9.0025271974e-01	2.7735617473e+03
1.0676976033e+07	9.0014196658e-01	2.7818166731e+03
1.0676976033e+07	9.0003078772e-01	2.7900500598e+03
1.0676976033e+07	8.9991918051e-01	2.7982611611e+03
1.0676976033e+07	8.9980714074e-01	2.8064579212e+03
1.0676976033e+07	8.9969464805e-01	2.8147405708e+03
1.0676976033e+07	8.9958151684e-01	2.8242030735e+03
1.0676976033e+07	8.9953821832e-01	2.8458547698e+03
1.0676976033e+07	8.9952929774e-01	2.8813233731e+03
1.0676976033e+07	8.9952392580e-01	2.8894657633e+03
1.0676976033e+07	8.9951871165e-01	2.8946855342e+03
1.0676976033e+07	8.9951360226e-01	2.8979553887e+03
1.0676976033e+07	8.9950852693e-01	2.9002825312e+03
1.0676976033e+07	8.9950347889e-01	2.9021334019e+03
1.0676976033e+07	8.9949847420e-01	2.9036956487e+03
1.0676976033e+07	8.9949351729e-01	2.9050676875e+03
1.0676976033e+07	8.9948860312e-01	2.9063198432e+03
1.0676976033e+07	8.9948377087e-01	2.9074170230e+03
1.0676976033e+07	8.9947911064e-01	2.9082256505e+03
1.0676976033e+07	8.9947474520e-01	2.9085659123e+03
1.0676976033e+07	8.9947094327e-01	2.9080369925e+03
1.0676976033e+07	8.9946827038e-01	2.9057488536e+03
1.0676976033e+07	8.9946779342e-01	2.9000164708e+03
1.0676976033e+07	8.9947196178e-01	2.8869816028e+03
1.0676976033e+07	8.9948912221e-01	2.8535530926e+03
1.0676976033e+07	8.9952107097e-01	2.7992656855e+03
1.0676976033e+07	8.9957522681e-01	2.7124711688e+03
1.0676976033e+07	8.9964873300e-01	2.5986462812e+03
1.0676976033e+07	8.9972043558e-01	2.4771298382e+03
1.0676976033e+07	8.9967790572e-01	2.3346487743e+03
1.0676976033e+07	8.9957098524e-01	2.3208270128e+03
1.0676976033e+07	8.9949735446e-01	2.3229645673e+03
1.0676976033e+07	8.9942249576e-01	2.3256551566e+03
1.0676976033e+07	8.9934599145e-01	2.3287648383e+03
1.0676976033e+07	8.9926826503e-01	2.3321602969e+03
1.0676976033e+07	8.9918891784e-01	2.3357607507e+03
1.0676976033e+07	8.9910641866e-01	2.3395184368e+03
1.0676976033e+07	8.9902335157e-01	2.3434028789e+03
1.0676976033e+07	8.9893837781e-01	2.3473931969e+03
1.0676976033e+07	8.9885161366e-01	2.3514740920e+03
1.0676976033e+07	8.9876222649e-01	2.3556338721e+03
1.0676976033e+07	8.9867116150e-01	2.3598632264e+03
1.0676976033e+07	8.9857597503e-01	2.3641546539e+03
1.0676976033e+07	8.9847982667e-01	2.3685017806e+03
1.0676976033e+07	8.9838334288e-01	2.3728992507e+03
1.0676976033e+07	8.9828652212e-01	2.3773424567e+03
1.0676976033e+07	8.9818936277e-01	2.3818274903e+03
1.0676976033e+07	8.9809186049e-01	2.3863505904e+03
1.0676976033e+07	8.9799386193e-01	2.3909085661e+03
1.0676976033e+07	8.9789535144e-01	2.3954984928e+03
1.0676976033e+07	8.9779642542e-01	2.4001176596e+03
1.0676976033e+07	8.9769710050e-01	2.4047635392e+03
1.0676976033e+07	8.9759738501e-01	2.4094337353e+03
1.0676976033e+07	8.9749726953e-01	2.4141260002e+03
1.0676976033e+07	8.9739675589e-01	2.4188380943e+03
1.0676976033e+07	8.9729586001e-01	2.4235679112e+03
1.0676976033e+07	8.9719455417e-01	2.4283134254e+03
1.0676976033e+07	8.9709285225e-01	2.4330727016e+03
1.0676976033e+07	8.9699076232e-01	2.4378439253e+03
1.0676976033e+07	8.9688823906e-01	2.4426254960e+03
1.0676976033e+07	8.9678531398e-01	2.4474159405e+03
1.0676976033e+07	8.9668197386e-01	2.4522141925e+03
1.0676976033e+07	8.9657820182e-01	2.4570196338e+03
1.0676976033e+07	8.9647397709e-01	2.4618322716e+03
1.0676976033e+07	8.9636927954e-01	2.4666529278e+03
1.0676976033e+07	8.9626408200e-01	2.4714834733e+03
1.0676976033e+07	8.9615830511e-01	2.4763270617e+03
1.0676976033e+07	8.9605203458e-01	2.4811884648e+03
1.0676976033e+07	8.9594537998e-01	2.4860741482e+03
1.0676976033e+07	8.9583833766e-01	2.4909927117e+03
1.0676976033e+07	8.9573090393e-01	2.4959549381e+03
1.0676976033e+07	8.9562307486e-01	2.5009738848e+03
1.0676976033e+07	8.9551484628e-01	2.5060647616e+03
1.0676976033e+07	8.9540621428e-01	2.5112446807e+03
1.0676976033e+07	8.9529717433e-01	2.5165323340e+03
1.0676976033e+07	8.9518772251e-01	2.5219470066e+03
1.0676976033e+07	8.9507785501e-01	2.5275081937e+03
1.0676976033e+07	8.9496756851e-01	2.5332345544e+03
1.0676976033e+07	8.9485685930e-01	2.5391429365e+03
1.0676976033e+07	8.9474572544e-01	2.5452474545e+03
1.0676976033e+07	8.9463416540e-01	2.5515586804e+03
1.0676976033e+07	8.9452217787e-01	2.5580829480e+03
1.0676976033e+07	8.9440976226e-01	2.5648573692e+03
1.0676976033e+07	8.9429691800e-01	2.5718922850e+03
1.0676976033e+07	8.9418364485e-01	2.5791338452e+03
1.0676976033e+07	8.9406994215e-01	2.5865704656e+03
1.0676976033e+07	8.9395580954e-01	2.5941873478e+03
1.0676976033e+07	8.9384124623e-01	2.6019673879e+03
1.0676976033e+07	8.9372625131e-01	2.6098921439e+03
1.0676976033e+07	8.9361082369e-01	2.6179427216e+03
1.0676976033e+07	8.9349496207e-01	2.6261005097e+03
1.0676976033e+07	8.9337866491e-01	2.6343478089e+03
1.0676976033e+07	8.9326193054e-01	2.6426683202e+03
1.0676976033e+07	8.9314475708e-01	2.6510471663e+03
1.0676976033e+07	8.9302714252e-01	2.6594712958e+03
1.0676976033e+07	8.9290908472e-01	2.6679293667e+03
1.0676976033e+07	8.9279058137e-01	2.6764118351e+03
1.0676976033e+07	8.9267163026e-01	2.6849102748e+03
1.0676976033e+07	8.9255222887e-01	2.6934178651e+03
1.0676976033e+07	8.9243237477e-01	2.7019289138e+03
1.0676976033e+07	8.9231206538e-01	2.7104387034e+03
1.0676976033e+07	8.9219129807e-01	2.7189433208e+03
1.0676976033e+07	8.9207007032e-01	2.7274395599e+03
1.0676976033e+07	8.9194837941e-01	2.7359245639e+03
1.0676976033e+07	8.9182622263e-01	2.7443960464e+03
1.0676976033e+07	8.9170359727e-01	2.7528518545e+03
1.0676976033e+07	8.9158050058e-01	2.7612901523e+03
1.0676976033e+07	8.9145692977e-01	2.7697092487e+03
1.0676976033e+07	8.9133288205e-01	2.7781077531e+03
1.0676976033e+07	8.9120835455e-01	2.7864840684e+03
1.0676976033e+07	8.9108334399e-01	2.7948388189e+03
1.0676976033e+07	8.9095784351e-01	2.8031926428e+03
1.0676976033e+07	8.9083180655e-01	2.8117825012e+03
1.0676976033e+07	8.9070552071e-01	2.8231531192e+03
1.0676976033e+07	8.9069838566e-01	2.8578406486e+03
1.0676976033e+07	8.9069126945e-01	2.8756102146e+03
1.0676976033e+07	8.9068527219e-01	2.8835524816e+03
1.0676976033e+07	8.9067943870e-01	2.8886359992e+03
1.0676976033e+07	8.9067371329e-01	2.8918510208e+03
1.0676976033e+07	8.9066801999e-01	2.8941816967e+03
1.0676976033e+07	8.9066235670e-01	2.8960577188e+03
1.0676976033e+07	8.9065674100e-01	2.8976530169e+03
1.0676976033e+07	8.9065117878e-01	2.8990588622e+03
1.0676976033e+07	8.9064566369e-01	2.9003469905e+03
1.0676976033e+07	8.9064024792e-01	2.9014665675e+03
1.0676976033e+07	8.9063503545e-01	2.9022780301e+03
1.0676976033e+07	8.9063017506e-01	2.9025846966e+03
1.0676976033e+07	8.9062599982e-01	2.9019441020e+03
1.0676976033e+07	8.9062317504e-01	2.8994227742e+03
1.0676976033e+07	8.9062289517e-01	2.8933576386e+03
1.0676976033e+07	8.9062765031e-01	2.8803059962e+03
1.0676976033e+07	8.9064356389e-01	2.8518511659e+03
1.0676976033e+07	8.9067772236e-01	2.7988466233e+03
1.0676976033e+07	8.9073608022e-01	2.7139576012e+03
1.0676976033e+07	8.9083247236e-01	2.5792688624e+03
1.0676976033e+07	8.9091827819e-01	2.3694896703e+03
1.0676976033e+07	8.9075377743e-01	2.3210963456e+03
1.0676976033e+07	8.9067241430e-01	2.3233787384e+03
1.0676976033e+07	8.9058965319e-01	2.3262388483e+03
1.0676976033e+07	8.9050525187e-01	2.3295332375e+03
1.0676976033e+07	8.9041937244e-01	2.3331200663e+03
1.0676976033e+07	8.9033159809e-01	2.3369149753e+03
1.0676976033e+07	8.9024067244e-01	2.3408687901e+03
1.0676976033e+07	8.9014909296e-01	2.3449504046e+03
1.0676976033e+07	8.9005571760e-01	2.3491385902e+03
1.0676976033e+07	8.8995956307e-01	2.3534178655e+03
1.0676976033e+07	8.8986159837e-01	2.3577763432e+03
1.0676976033e+07	8.8976051113e-01	2.3622047421e+03
1.0676976033e+07	8.8965598487e-01	2.3666953086e+03
1.0676976033e+07	8.8955109329e-01	2.3712416325e+03
1.0676976033e+07	8.8944583465e-01	2.3758383332e+03
1.0676976033e+07	8.8934020724e-01	2.3804807688e+03
1.0676976033e+07	8.8923420926e-01	2.3851648753e+03
1.0676976033e+07	8.8912777289e-01	2.3898870472e+03
1.0676976033e+07	8.8902072355e-01	2.3946441162e+03
1.0676976033e+07	8.8891318470e-01	2.3994330139e+03
1.0676976033e+07	8.8880520519e-01	2.4042510339e+03
1.0676976033e+07	8.8869678997e-01	2.4090956326e+03
1.0676976033e+07	8.8858793260e-01	2.4139643976e+03
1.0676976033e+07	8.8847864958e-01	2.4188550346e+03
1.0676976033e+07	8.8836894592e-01	2.4237653348e+03
1.0676976033e+07	8.8825878136e-01	2.4286933162e+03
1.0676976033e+07	8.8814819337e-01	2.4336367384e+03
1.0676976033e+07	8.8803717221e-01	2.4385936800e+03
1.0676976033e+07	8.8792568283e-01	2.4435623254e+03
1.0676976033e+07	8.8781375049e-01	2.4485410226e+03
1.0676976033e+07	8.8770136075e-01	2.4535283468e+03
1.0676976033e+07	8.8758849476e-01	2.4585232465e+03
1.0676976033e+07	8.8747512991e-01	2.4635250598e+03
1.0676976033e+07	8.8736124374e-01	2.4685338067e+03
1.0676976033e+07	8.8724678858e-01	2.4735503301e+03
1.0676976033e+07	8.8713168745e-01	2.4785765263e+03
1.0676976033e+07	8.8701608837e-01	2.4836156496e+03
1.0676976033e+07	8.8690007271e-01	2.4886723879e+03
1.0676976033e+07	8.8678363697e-01	2.4937533971e+03
1.0676976033e+07	8.8666677750e-01	2.4988674215e+03
1.0676976033e+07	8.8654949033e-01	2.5040254490e+03
1.0676976033e+07	8.8643177104e-01	2.5092408073e+03
1.0676976033e+07	8.8631361539e-01	2.5145289967e+03
1.0676976033e+07	8.8619501834e-01	2.5199075298e+03
1.0676976033e+07	8.8607597571e-01	2.5253953112e+03
1.0676976033e+07	8.8595648268e-01	2.5310121347e+03
1.0676976033e+07	8.8583653429e-01	2.5367777998e+03
1.0676976033e+07	8.8571612641e-01	2.5427112042e+03
1.0676976033e+07	8.8559525657e-01	2.5488293871e+03
1.0676976033e+07	8.8547392229e-01	2.5551463489e+03
1.0676976033e+07	8.8535212173e-01	2.5616723664e+03
1.0676976033e+07	8.8522985388e-01	2.5684898254e+03
1.0676976033e+07	8.8510711785e-01	2.5755315451e+03
1.0676976033e+07	8.8498391290e-01	2.5827883248e+03
1.0676976033e+07	8.8486023859e-01	2.5902518141e+03
1.0676976033e+07	8.8473609444e-01	2.5979096650e+03
1.0676976033e+07	8.8461147967e-01	2.6057463586e+03
1.0676976033e+07	8.8448639341e-01	2.6137442211e+03
1.0676976033e+07	8.8436083467e-01	2.6218843928e+03
1.0676976033e+07	8.8423480215e-01	2.6301475872e+03
1.0676976033e+07	8.8410829434e-01	2.6385150212e+03
1.0676976033e+07	8.8398130941e-01	2.6469689608e+03
1.0676976033e+07	8.8385384570e-01	2.6554932090e+03
1.0676976033e+07	8.8372590098e-01	2.6640729797e+03
1.0676976033e+07	8.8359747302e-01	2.6726954547e+03
1.0676976033e+07	8.8346855941e-01	2.6813495636e+03
1.0676976033e+07	8.8333915757e-01	2.6900259009e+03
1.0676976033e+07	8.8320926493e-01	2.6987166188e+03
1.0676976033e+07	8.8307887891e-01	2.7074150728e+03
1.0676976033e+07	8.8294799668e-01	2.7161159068e+03
1.0676976033e+07	8.8281661551e-01	2.7248145881e+03
1.0676976033e+07	8.8268473246e-01	2.7335074526e+03
1.0676976033e+07	8.8255234462e-01	2.7421914486e+03
1.0676976033e+07	8.8241944904e-01	2.7508641614e+03
1.0676976033e+07	8.8228604274e-01	2.7595231690e+03
1.0676976033e+07	8.8215212272e-01	2.7681665808e+03
1.0676976033e+07	8.8201768587e-01	2.7767926824e+03
1.0676976033e+07	8.8188272924e-01	2.7853998776e+03
1.0676976033e+07	8.8174724969e-01	2.7939867549e+03
1.0676976033e+07	8.8161124406e-01	2.8025519357e+03
1.0676976033e+07	8.8147470885e-01	2.8110958978e+03
1.0676976033e+07	8.8133763692e-01	2.8196374584e+03
1.0676976033e+07	8.8119998281e-01	2.8283936606e+03
1.0676976033e+07	8.8106133528e-01	2.8396967566e+03
1.0676976033e+07	8.8104818807e-01	2.8730546401e+03
1.0676976033e+07	8.8104002309e-01	2.8933386084e+03
1.0676976033e+07	8.8103345425e-01	2.9011832502e+03
1.0676976033e+07	8.8102705757e-01	2.9062005510e+03
1.0676976033e+07	8.8102077408e-01	2.9093995737e+03
1.0676976033e+07	8.8101452074e-01	2.9117559155e+03
1.0676976033e+07	8.8100830074e-01	2.9136700980e+03
1.0676976033e+07	8.8100213323e-01	2.9153074080e+03
1.0676976033e+07	8.8099602573e-01	2.9167540426e+03
1.0676976033e+07	8.8098996978e-01	2.9180841516e+03
1.0676976033e+07	8.8098403147e-01	2.9192306825e+03
1.0676976033e+07	8.8097832823e-01	2.9200475582e+03
1.0676976033e+07	8.8097303432e-01	2.9203188090e+03
1.0676976033e+07	8.8096854990e-01	2.9195476969e+03
1.0676976033e+07	8.8096565398e-01	2.9167126400e+03
1.0676976033e+07	8.8096576616e-01	2.9099734033e+03
1.0676976033e+07	8.8097196606e-01	2.8953649443e+03
1.0676976033e+07	8.8099146730e-01	2.8636595434e+03
1.0676976033e+07	8.8102884940e-01	2.8100816863e+03
1.0676976033e+07	8.8109246863e-01	2.7243761254e+03
1.0676976033e+07	8.8110690370e-01	2.7073434620e+03
1.0676976033e+07	8.8116599289e-01	2.7035422134e+03
1.0676976033e+07	8.8124380677e-01	2.6996414061e+03
1.0676976033e+07	8.8132137718e-01	2.6958088816e+03
1.0676976033e+07	8.8139872652e-01	2.6920598038e+03
1.0676976033e+07	8.8147585740e-01	2.6883730647e+03
1.0676976033e+07	8.8155218120e-01	2.6847211698e+03
1.0676976033e+07	8.8162823416e-01	2.6810694967e+03
1.0676976033e+07	8.8170405576e-01	2.6773732667e+03
1.0676976033e+07	8.8177970607e-01	2.6735717312e+03
1.0676976033e+07	8.8185528674e-01	2.6695409382e+03
1.0676976033e+07	8.8195956398e-01	2.6650322702e+03
1.0676976033e+07	8.8209131587e-01	2.6604003885e+03
1.0676976033e+07	8.8217694309e-01	2.6575883916e+03
1.0676976033e+07	8.8224108566e-01	2.6555895729e+03
1.0676976033e+07	8.8229307643e-01	2.6540321711e+03
1.0676976033e+07	8.8233711485e-01	2.6527489014e+03
1.0676976033e+07	8.8237539596e-01	2.6516512115e+03
1.0676976033e+07	8.8240919220e-01	2.6506864074e+03
1.0676976033e+07	8.8243929461e-01	2.6498203490e+03
1.0676976033e+07	8.8244421338e-01	2.6490014351e+03
1.0676976033e+07	8.8243896325e-01	2.6482283236e+03
1.0676976033e+07	8.8243124239e-01	2.6474299540e+03
1.0676976033e+07	8.8242035752e-01	2.6465970071e+03
1.0676976033e+07	8.8240490113e-01	2.6457146303e+03
1.0676976033e+07	8.8238219584e-01	2.6447557614e+03
1.0676976033e+07	8.8234774435e-01	2.6436613758e+03
1.0676976033e+07	8.8234844700e-01	2.6422238630e+03
1.0676976033e+07	8.8235216477e-01	2.6408036144e+03
1.0676976033e+07	8.8235675773e-01	2.6395211508e+03
1.0676976033e+07	8.8237049350e-01	2.6382911696e+03
1.0676976033e+07	8.8237934418e-01	2.6370724699e+03
1.0676976033e+07	8.8238500839e-01	2.6358427637e+03
1.0676976033e+07	8.8238803261e-01	2.6346072332e+03
1.0676976033e+07	8.8238858834e-01	2.6333607296e+03
1.0676976033e+07	8.8238664419e-01	2.6320918997e+03
1.0676976033e+07	8.8238204761e-01	2.6307925699e+03
1.0676976033e+07	8.8237450613e-01	2.6294437864e+03
1.0676976033e+07	8.8236298456e-01	2.6280203722e+03
1.0676976033e+07	8.8234443876e-01	2.6264842657e+03
1.0676976033e+07	8.8231704467e-01	2.6247635251e+03
1.0676976033e+07	8.8227192537e-01	2.6226488845e+03
1.0676976033e+07	8.8227508656e-01	2.6198408145e+03
1.0676976033e+07	8.8228339967e-01	2.6174484753e+03
1.0676976033e+07	8.8229953089e-01	2.6151737107e+03
1.0676976033e+07	8.8230991170e-01	2.6129201107e+03
1.0676976033e+07	8.8231667161e-01	2.6106359859e+03
1.0676976033e+07	8.8233169561e-01	2.6083297572e+03
1.0676976033e+07	8.8237181340e-01	2.6059657722e+03
1.0676976033e+07	8.8241016316e-01	2.6035359070e+03
1.0676976033e+07	8.8244691602e-01	2.6010149557e+03
1.0676976033e+07	8.8248248666e-01	2.5983424959e+03
1.0676976033e+07	8.8251459413e-01	2.5956696407e+03
1.0676976033e+07	8.8254726214e-01	2.5924028106e+03
1.0676976033e+07	8.8257564510e-01	2.5884253110e+03
1.0676976033e+07	8.8260986570e-01	2.5840844164e+03
1.0676976033e+07	8.8268754233e-01	2.5796394562e+03
1.0676976033e+07	8.8279404750e-01	2.5749908680e+03
1.0676976033e+07	8.8291322858e-01	2.5699310807e+03
1.0676976033e+07	8.8303438197e-01	2.5647114037e+03
1.0676976033e+07	8.8315954708e-01	2.5594017370e+03
1.0676976033e+07	8.8324127823e-01	2.5560334678e+03
1.0676976033e+07	8.8330119259e-01	2.5536148563e+03
1.0676976033e+07	8.8334873719e-01	2.5517163808e+03
1.0676976033e+07	8.8338814439e-01	2.5501390385e+03
1.0676976033e+07	8.8342158613e-01	2.5487761166e+03
1.0676976033e+07	8.8344519717e-01	2.5475614839e+03
1.0676976033e+07	8.8343761471e-01	2.5464783824e+03
1.0676976033e+07	8.8342677954e-01	2.5453494051e+03
1.0676976033e+07	8.8342270782e-01	2.5441548092e+03
1.0676976033e+07	8.8341909270e-01	2.5428620627e+03
1.0676976033e+07	8.8341498995e-01	2.5413954267e+03
1.0676976033e+07	8.8341077710e-01	2.5396077618e+03
1.0676976033e+07	8.8340751836e-01	2.5374568361e+03
1.0676976033e+07	8.8340583035e-01	2.5356488368e+03
1.0676976033e+07	8.8340411936e-01	2.5339399033e+03
1.0676976033e+07	8.8340156958e-01	2.5322172734e+03
1.0676976033e+07	8.8339786180e-01	2.5304938357e+03
1.0676976033e+07	8.8339285595e-01	2.5287441097e+03
1.0676976033e+07	8.8338635776e-01	2.5269095871e+03
1.0676976033e+07	8.8337811199e-01	2.5249317007e+03
1.0676976033e+07	8.8336608244e-01	2.5226950930e+03
1.0676976033e+07	8.8334883620e-01	2.5199761563e+03
1.0676976033e+07	8.8332123963e-01	2.5162669813e+03
1.0676976033e+07	8.8328059796e-01	2.5103536014e+03
1.0676976033e+07	8.8328223465e-01	2.5054014086e+03
1.0676976033e+07	8.8328488099e-01	2.5019752778e+03
1.0676976033e+07	8.8328783948e-01	2.4991685371e+03
1.0676976033e+07	8.8329038402e-01	2.4966512773e+03
1.0676976033e+07	8.8329203619e-01	2.4942762431e+03
1.0676976033e+07	8.8329241556e-01	2.4919601017e+03
1.0676976033e+07	8.8329106224e-01	2.4896392469e+03
1.0676976033e+07	8.8328745251e-01	2.4872915530e+03
1.0676976033e+07	8.8328120395e-01	2.4849740659e+03
1.0676976033e+07	8.8330665791e-01	2.4826217528e+03
1.0676976033e+07	8.8333295789e-01	2.4801651100e+03
1.0676976033e+07	8.8335376613e-01	2.4778646985e+03
1.0676976033e+07	8.8336813026e-01	2.4759745089e+03
1.0676976033e+07	8.8337863444e-01	2.4743591144e+03
1.0676976033e+07	8.8338676225e-01	2.4728923509e+03
1.0676976033e+07	8.8339325373e-01	2.4715309013e+03
1.0676976033e+07	8.8339861876e-01	2.4702410313e+03
1.0676976033e+07	8.8342000734e-01	2.4650512884e+03
1.0676976033e+07	8.8349970330e-01	2.4597947446e+03
1.0676976033e+07	8.8358532869e-01	2.4545751148e+03
1.0676976033e+07	8.8367306704e-01	2.4492504481e+03
1.0676976033e+07	8.8376287336e-01	2.4437468254e+03
1.0676976033e+07	8.8385225519e-01	2.4380769549e+03
1.0676976033e+07	8.8394333730e-01	2.4321784246e+03
1.0676976033e+07	8.8403805415e-01	2.4259720064e+03
1.0676976033e+07	8.8410915646e-01	2.4213296489e+03
1.0676976033e+07	8.8416220071e-01	2.4179130265e+03
1.0676976033e+07	8.8420772203e-01	2.4151478760e+03
1.0676976033e+07	8.8425189805e-01	2.4127610549e+03
1.0676976033e+07	8.8429302203e-01	2.4105762219e+03
1.0676976033e+07	8.8429815794e-01	2.4087059750e+03
1.0676976033e+07	8.8429337695e-01	2.4067955948e+03
1.0676976033e+07	8.8428685326e-01	2.4043850678e+03
1.0676976033e+07	8.8427524357e-01	2.4006501089e+03
1.0676976033e+07	8.8425915799e-01	2.3965663191e+03
1.0676976033e+07	8.8424209674e-01	2.3928974746e+03
1.0676976033e+07	8.8422491278e-01	2.3895429778e+03
1.0676976033e+07	8.8420696933e-01	2.3863029644e+03
1.0676976033e+07	8.8418980920e-01	2.3831333126e+03
1.0676976033e+07	8.8417492363e-01	2.3803637832e+03
1.0676976033e+07	8.8416085916e-01	2.3779787815e+03
1.0676976033e+07	8.8414650397e-01	2.3757170370e+03
1.0676976033e+07	8.8413116015e-01	2.3734687326e+03
1.0676976033e+07	8.8411450345e-01	2.3711759169e+03
1.0676976033e+07	8.8409724354e-01	2.3689145120e+03
1.0676976033e+07	8.8407874577e-01	2.3665854247e+03
1.0676976033e+07	8.8405826198e-01	2.3640724432e+03
1.0676976033e+07	8.8404745791e-01	2.3611814661e+03
1.0676976033e+07	8.8404128858e-01	2.3574346157e+03
1.0676976033e+07	8.8403143326e-01	2.3507025530e+03
1.0676976033e+07	8.8402162490e-01	2.3448019741e+03
1.0676976033e+07	8.8400690254e-01	2.3374566924e+03
1.0676976033e+07	8.8399838810e-01	2.3322403753e+03
1.0676976033e+07	8.8399033888e-01	2.3280410062e+03
1.0676976033e+07	8.8398048519e-01	2.3243268933e+03
1.0676976033e+07	8.8396745156e-01	2.3208366249e+03
1.0676976033e+07	8.8388268873e-01	2.3215550209e+03
1.0676976033e+07	8.8379970096e-01	2.3240547235e+03
1.0676976033e+07	8.8371512971e-01	2.3271504893e+03
1.0676976033e+07	8.8362912374e-01	2.3306779515e+03
1.0676976033e+07	8.8354121799e-01	2.3344939354e+03
1.0676976033e+07	8.8345064399e-01	2.3385159469e+03
1.0676976033e+07	8.8335789780e-01	2.3426961764e+03
1.0676976033e+07	8.8326386206e-01	2.3470043898e+03
1.0676976033e+07	8.8316786799e-01	2.3514198371e+03
1.0676976033e+07	8.8306885934e-01	2.3559273355e+03
1.0676976033e+07	8.8296823959e-01	2.3605151871e+03
1.0676976033e+07	8.8286276194e-01	2.3651742142e+03
1.0676976033e+07	8.8275597381e-01	2.3698967836e+03
1.0676976033e+07	8.8264881066e-01	2.3746765871e+03
1.0676976033e+07	8.8254127073e-01	2.3795082918e+03
1.0676976033e+07	8.8243335229e-01	2.3843873968e+03
1.0676976033e+07	8.8232503397e-01	2.3893097237e+03
1.0676976033e+07	8.8221608437e-01	2.3942717267e+03
1.0676976033e+07	8.8210658627e-01	2.3992701923e+03
1.0676976033e+07	8.8199661942e-01	2.4043021875e+03
1.0676976033e+07	8.8188619311e-01	2.4093649983e+03
1.0676976033e+07	8.8177531640e-01	2.4144560839e+03
1.0676976033e+07	8.8166399744e-01	2.4195730426e+03
1.0676976033e+07	8.8155223892e-01	2.4247136770e+03
1.0676976033e+07	8.8144000582e-01	2.4298756403e+03
1.0676976033e+07	8.8132733199e-01	2.4350568343e+03
1.0676976033e+07	8.8121421299e-01	2.4402552208e+03
1.0676976033e+07	8.8110060438e-01	2.4454688571e+03
1.0676976033e+07	8.8098653145e-01	2.4506959238e+03
1.0676976033e+07	8.8087198017e-01	2.4559348082e+03
1.0676976033e+07	8.8075692979e-01	2.4611840763e+03
1.0676976033e+07	8.8064135619e-01	2.4664427008e+03
1.0676976033e+07	8.8052522191e-01	2.4717101330e+03
1.0676976033e+07	8.8040844203e-01	2.4769865004e+03
1.0676976033e+07	8.8029100635e-01	2.4822728166e+03
1.0676976033e+07	8.8017313104e-01	2.4875711094e+03
1.0676976033e+07	8.8005483081e-01	2.4928848350e+03
1.0676976033e+07	8.7993610253e-01	2.4982191360e+03
1.0676976033e+07	8.7981694271e-01	2.5035811106e+03
1.0676976033e+07	8.7969734782e-01	2.5089800921e+03
1.0676976033e+07	8.7957731346e-01	2.5144276745e+03
1.0676976033e+07	8.7945683492e-01	2.5199379251e+03
1.0676976033e+07	8.7933590733e-01	2.5255271814e+03
1.0676976033e+07	8.7921452572e-01	2.5312137281e+03
1.0676976033e+07	8.7909268434e-01	2.5370173282e+03
1.0676976033e+07	8.7897037778e-01	2.5429585804e+03
1.0676976033e+07	8.7884760213e-01	2.5490577278e+03
1.0676976033e+07	8.7872435352e-01	2.5553340030e+03
1.0676976033e+07	8.7860062931e-01	2.5618042997e+03
1.0676976033e+07	8.7847642724e-01	2.5685576023e+03
1.0676976033e+07	8.7835174562e-01	2.5755368567e+03
1.0676976033e+07	8.7822658327e-01	2.5827410476e+03
1.0676976033e+07	8.7810093936e-01	2.5901699195e+03
1.0676976033e+07	8.7797481316e-01	2.5978180453e+03
1.0676976033e+07	8.7784820425e-01	2.6056754179e+03
1.0676976033e+07	8.7772111206e-01	2.6137281035e+03
1.0676976033e+07	8.7759353599e-01	2.6219592634e+03
1.0676976033e+07	8.7746547508e-01	2.6303499287e+03
1.0676976033e+07	8.7733692820e-01	2.6388803326e+03
1.0676976033e+07	8.7720789402e-01	2.6475307024e+03
1.0676976033e+07	8.7707837095e-01	2.6562819871e+03
1.0676976033e+07	8.7694835718e-01	2.6651164403e+03
1.0676976033e+07	8.7681785067e-01	2.6740179736e+03
1.0676976033e+07	8.7668684926e-01	2.6829724763e+03
1.0676976033e+07	8.7655535041e-01	2.6919674168e+03
1.0676976033e+07	8.7642335183e-01	2.7009922900e+03
1.0676976033e+07	8.7629085081e-01	2.7100382875e+03
1.0676976033e+07	8.7615784472e-01	2.7190981019e+03
1.0676976033e+07	8.7602433066e-01	2.7281658066e+03
1.0676976033e+07	8.7589030575e-01	2.7372364362e+03
1.0676976033e+07	8.7575576704e-01	2.7463061423e+03
1.0676976033e+07	8.7562071152e-01	2.7553715341e+03
1.0676976033e+07	8.7548513621e-01	2.7644299693e+03
1.0676976033e+07	8.7534903798e-01	2.7734792289e+03
1.0676976033e+07	8.7521241377e-01	2.7825174613e+03
1.0676976033e+07	8.7507526044e-01	2.7915429126e+03
1.0676976033e+07	8.7493757476e-01	2.8005540834e+03
1.0676976033e+07	8.7479935366e-01	2.8095495582e+03
1.0676976033e+07	8.7466059386e-01	2.8185280109e+03
1.0676976033e+07	8.7452129208e-01	2.8274883386e+03
1.0676976033e+07	8.7438144459e-01	2.8364316769e+03
1.0676976033e+07	8.7424104311e-01	2.8453813064e+03
1.0676976033e+07	8.7410003118e-01	2.8546036050e+03
1.0676976033e+07	8.7396129281e-01	2.8669539350e+03
1.0676976033e+07	8.7395286736e-01	2.9036454760e+03
1.0676976033e+07	8.7394495841e-01	2.9200369501e+03
1.0676976033e+07	8.7393814974e-01	2.9277621879e+03
1.0676976033e+07	8.7393151292e-01	2.9327234337e+03
1.0676976033e+07	8.7392498558e-01	2.9359217708e+03
1.0676976033e+07	8.7391847318e-01	2.9383151812e+03
1.0676976033e+07	8.7391197533e-01	2.9402751497e+03
1.0676976033e+07	8.7390549598e-01	2.9419602372e+03
1.0676976033e+07	8.7389901419e-01	2.9434524894e+03
1.0676976033e+07	8.7389244579e-01	2.9448292244e+03
1.0676976033e+07	8.7388573433e-01	2.9460062957e+03
1.0676976033e+07	8.7387873825e-01	2.9468308658e+03
1.0676976033e+07	8.7387102553e-01	2.9470665347e+03
1.0676976033e+07	8.7386092260e-01	2.9461571419e+03
1.0676976033e+07	8.7384639097e-01	2.9436061309e+03
1.0676976033e+07	8.7382955351e-01	2.9405726595e+03
1.0676976033e+07	8.7380945531e-01	2.9373864731e+03
1.0676976033e+07	8.7379146054e-01	2.9347813901e+03
1.0676976033e+07	8.7377530310e-01	2.9324805589e+03
1.0676976033e+07	8.7375931443e-01	2.9303537928e+03
1.0676976033e+07	8.7374351375e-01	2.9283442186e+03
1.0676976033e+07	8.7372853086e-01	2.9264739238e+03
1.0676976033e+07	8.7371426841e-01	2.9247084194e+03
1.0676976033e+07	8.7370419469e-01	2.9229589699e+03
1.0676976033e+07	8.7369808033e-01	2.9212120330e+03
1.0676976033e+07	8.7368999326e-01	2.9194579126e+03
1.0676976033e+07	8.7362229395e-01	2.9111301537e+03
1.0676976033e+07	8.7362102364e-01	2.9026497651e+03
1.0676976033e+07	8.7362613877e-01	2.8937547224e+03
1.0676976033e+07	8.7362500767e-01	2.8842995769e+03
1.0676976033e+07	8.7361783410e-01	2.8744251101e+03
1.0676976033e+07	8.7360414005e-01	2.8639957315e+03
1.0676976033e+07	8.7358954132e-01	2.8527249962e+03
1.0676976033e+07	8.7358249803e-01	2.8408590863e+03
1.0676976033e+07	8.7357353111e-01	2.8307844701e+03
1.0676976033e+07	8.7356314933e-01	2.8219058943e+03
1.0676976033e+07	8.7355168076e-01	2.8139662303e+03
1.0676976033e+07	8.7353974132e-01	2.8068797399e+03
1.0676976033e+07	8.7352793325e-01	2.8005857256e+03
1.0676976033e+07	8.7351567281e-01	2.7945702347e+03
1.0676976033e+07	8.7350301641e-01	2.7887743740e+03
1.0676976033e+07	8.7349012766e-01	2.7831418673e+03
1.0676976033e+07	8.7347799635e-01	2.7779149160e+03
1.0676976033e+07	8.7346559065e-01	2.7726768163e+03
1.0676976033e+07	8.7345291001e-01	2.7673843772e+03
1.0676976033e+07	8.7344225524e-01	2.7619630258e+03
1.0676976033e+07	8.7338024669e-01	2.7349786595e+03
1.0676976033e+07	8.7336872005e-01	2.7043662139e+03
1.0676976033e+07	8.7336945038e-01	2.6714715070e+03
1.0676976033e+07	8.7345241634e-01	2.6419224976e+03
1.0676976033e+07	8.7352995089e-01	2.6352248988e+03
1.0676976033e+07	8.7360919981e-01	2.6284255085e+03
1.0676976033e+07	8.7369154656e-01	2.6214050485e+03
1.0676976033e+07	8.7377935725e-01	2.6139704590e+03
1.0676976033e+07	8.7387725409e-01	2.6057618414e+03
1.0676976033e+07	8.7399653958e-01	2.5958364389e+03
1.0676976033e+07	8.7413264881e-01	2.5847964820e+03
1.0676976033e+07	8.7422729505e-01	2.5773843583e+03
1.0676976033e+07	8.7429888756e-01	2.5719791954e+03
1.0676976033e+07	8.7435713898e-01	2.5677040103e+03
1.0676976033e+07	8.7440760828e-01	2.5641197268e+03
1.0676976033e+07	8.7442771287e-01	2.5607906051e+03
1.0676976033e+07	8.7442793165e-01	2.5579023843e+03
1.0676976033e+07	8.7442778457e-01	2.5545695671e+03
1.0676976033e+07	8.7442775970e-01	2.5503894884e+03
1.0676976033e+07	8.7442856715e-01	2.5450911723e+03
1.0676976033e+07	8.7442964883e-01	2.5404020454e+03
1.0676976033e+07	8.7443045720e-01	2.5355043147e+03
1.0676976033e+07	8.7443062616e-01	2.5306291147e+03
1.0676976033e+07	8.7443032907e-01	2.5253856618e+03
1.0676976033e+07	8.7442980400e-01	2.5188665840e+03
1.0676976033e+07	8.7442919127e-01	2.5108471327e+03
1.0676976033e+07	8.7442810846e-01	2.5023125896e+03
1.0676976033e+07	8.7442661219e-01	2.4935895818e+03
1.0676976033e+07	8.7442503303e-01	2.4853754429e+03
1.0676976033e+07	8.7442309960e-01	2.4774350644e+03
1.0676976033e+07	8.7442068038e-01	2.4696265994e+03
1.0676976033e+07	8.7441801233e-01	2.4613083777e+03
1.0676976033e+07	8.7441514898e-01	2.4515993387e+03
1.0676976033e+07	8.7441231772e-01	2.4425418692e+03
1.0676976033e+07	8.7440888319e-01	2.4327692676e+03
1.0676976033e+07	8.7440499616e-01	2.4227034924e+03
1.0676976033e+07	8.7439998717e-01	2.4101868971e+03
1.0676976033e+07	8.7438233527e-01	2.3900718792e+03
1.0676976033e+07	8.7435756042e-01	2.3750534361e+03
1.0676976033e+07	8.7432445446e-01	2.3594503062e+03
1.0676976033e+07	8.7428556881e-01	2.3452020896e+03
1.0676976033e+07	8.7422995872e-01	2.3283867869e+03
1.0676976033e+07	8.7411382308e-01	2.3219351949e+03
1.0676976033e+07	8.7402912127e-01	2.3246148061e+03
1.0676976033e+07	8.7394267735e-01	2.3279136797e+03
1.0676976033e+07	8.7385479097e-01	2.3316547744e+03
1.0676976033e+07	8.7376490404e-01	2.3356893311e+03
1.0676976033e+07	8.7367163734e-01	2.3399333690e+03
1.0676976033e+07	8.7357689646e-01	2.3443386793e+03
1.0676976033e+07	8.7348035311e-01	2.3488749561e+03
1.0676976033e+07	8.7338159156e-01	2.3535214011e+03
1.0676976033e+07	8.7327979100e-01	2.3582628003e+03
1.0676976033e+07	8.7317537010e-01	2.3630875251e+03
1.0676976033e+07	8.7306666521e-01	2.3679862485e+03
1.0676976033e+07	8.7295743178e-01	2.3729513457e+03
1.0676976033e+07	8.7284781271e-01	2.3779765299e+03
1.0676976033e+07	8.7273780617e-01	2.3830564708e+03
1.0676976033e+07	8.7262741029e-01	2.3881866354e+03
1.0676976033e+07	8.7251646209e-01	2.3933629010e+03
1.0676976033e+07	8.7240483611e-01	2.3985817173e+03
1.0676976033e+07	8.7229270567e-01	2.4038398735e+03
1.0676976033e+07	8.7218009632e-01	2.4091344380e+03
1.0676976033e+07	8.7206701699e-01	2.4144626996e+03
1.0676976033e+07	8.7195347577e-01	2.4198222573e+03
1.0676976033e+07	8.7183946389e-01	2.4252105102e+03
1.0676976033e+07	8.7172496933e-01	2.4306251982e+03
1.0676976033e+07	8.7161001354e-01	2.4360641274e+03
1.0676976033e+07	8.7149459140e-01	2.4415251765e+03
1.0676976033e+07	8.7137865893e-01	2.4470063043e+03
1.0676976033e+07	8.7126223830e-01	2.4525055621e+03
1.0676976033e+07	8.7114531394e-01	2.4580211332e+03
1.0676976033e+07	8.7102786274e-01	2.4635514205e+03
1.0676976033e+07	8.7090985846e-01	2.4690949812e+03
1.0676976033e+07	8.7079122349e-01	2.4746508189e+03
1.0676976033e+07	8.7067185972e-01	2.4802184634e+03
1.0676976033e+07	8.7055188685e-01	2.4857980281e+03
1.0676976033e+07	8.7043148224e-01	2.4913905610e+03
1.0676976033e+07	8.7031064312e-01	2.4969982740e+03
1.0676976033e+07	8.7018936685e-01	2.5026248034e+03
1.0676976033e+07	8.7006765012e-01	2.5082755560e+03
1.0676976033e+07	8.6994548976e-01	2.5139579853e+03
1.0676976033e+07	8.6982288115e-01	2.5196819380e+03
1.0676976033e+07	8.6969981985e-01	2.5254594765e+03
1.0676976033e+07	8.6957630062e-01	2.5313053279e+03
1.0676976033e+07	8.6945231742e-01	2.5372365788e+03
1.0676976033e+07	8.6932786403e-01	2.5432723340e+03
1.0676976033e+07	8.6920293548e-01	2.5494332079e+03
1.0676976033e+07	8.6907752669e-01	2.5557405359e+03
1.0676976033e+07	8.6895163352e-01	2.5622152393e+03
1.0676976033e+07	8.6882525212e-01	2.5689541198e+03
1.0676976033e+07	8.6869837969e-01	2.5759036420e+03
1.0676976033e+07	8.6857101419e-01	2.5830736860e+03
1.0676976033e+07	8.6844315369e-01	2.5904734255e+03
1.0676976033e+07	8.6831479705e-01	2.5981069444e+03
1.0676976033e+07	8.6818594349e-01	2.6059726371e+03
1.0676976033e+07	8.6805659247e-01	2.6140637604e+03
1.0676976033e+07	8.6792674353e-01	2.6223688462e+03
1.0676976033e+07	8.6779639612e-01	2.6308725106e+03
1.0676976033e+07	8.6766554961e-01	2.6395565738e+03
1.0676976033e+07	8.6753420311e-01	2.6484009755e+03
1.0676976033e+07	8.6740235551e-01	2.6573850910e+03
1.0676976033e+07	8.6727000544e-01	2.6664885709e+03
1.0676976033e+07	8.6713715126e-01	2.6756920624e+03
1.0676976033e+07	8.6700379108e-01	2.6849778132e+03
1.0676976033e+07	8.6686992279e-01	2.6943298118e+03
1.0676976033e+07	8.6673554410e-01	2.7037342296e+03
1.0676976033e+07	8.6660065252e-01	2.7131790101e+03
1.0676976033e+07	8.6646524543e-01	2.7226541544e+03
1.0676976033e+07	8.6632932007e-01	2.7321513847e+03
1.0676976033e+07	8.6619287348e-01	2.7416640479e+03
1.0676976033e+07	8.6605590292e-01	2.7511865335e+03
1.0676976033e+07	8.6591840528e-01	2.7607144927e+03
1.0676976033e+07	8.6578037747e-01	2.7702444276e+03
1.0676976033e+07	8.6564181639e-01	2.7797735238e+03
1.0676976033e+07	8.6550271884e-01	2.7892995625e+03
1.0676976033e+07	8.6536308164e-01	2.7988205392e+03
1.0676976033e+07	8.6522290154e-01	2.8083348519e+03
1.0676976033e+07	8.6508217527e-01	2.8178410787e+03
1.0676976033e+07	8.6494089953e-01	2.8273379184e+03
1.0676976033e+07	8.6479907101e-01	2.8368243924e+03
1.0676976033e+07	8.6465668634e-01	2.8462989644e+03
1.0676976033e+07	8.6451374206e-01	2.8557607543e+03
1.0676976033e+07	8.6437023436e-01	2.8652109800e+03
1.0676976033e+07	8.6422615437e-01	2.8746741154e+03
1.0676976033e+07	8.6408144127e-01	2.8844261261e+03
1.0676976033e+07	8.6393765516e-01	2.8974218389e+03
1.0676976033e+07	8.6392836655e-01	2.9346569219e+03
1.0676976033e+07	8.6392002468e-01	2.9513164698e+03
1.0676976033e+07	8.6391294935e-01	2.9589291115e+03
1.0676976033e+07	8.6390605236e-01	2.9638482208e+03
1.0676976033e+07	8.6389926927e-01	2.9670572449e+03
1.0676976033e+07	8.6389249601e-01	2.9694957193e+03
1.0676976033e+07	8.6388573878e-01	2.9715067526e+03
1.0676976033e+07	8.6387900123e-01	2.9732435401e+03
1.0676976033e+07	8.6387226158e-01	2.9747843478e+03
1.0676976033e+07	8.6386542543e-01	2.9762118254e+03
1.0676976033e+07	8.6385845773e-01	2.9774202944e+03
1.0676976033e+07	8.6385126320e-01	2.9782502396e+03
1.0676976033e+07	8.6384360352e-01	2.9784419961e+03
1.0676976033e+07	8.6383469707e-01	2.9773699349e+03
1.0676976033e+07	8.6382315270e-01	2.9738142301e+03
1.0676976033e+07	8.6380448315e-01	2.9655192286e+03
1.0676976033e+07	8.6375877665e-01	2.9472421335e+03
1.0676976033e+07	8.6376526590e-01	2.9242019833e+03
1.0676976033e+07	8.6377070996e-01	2.9071346897e+03
1.0676976033e+07	8.6377434769e-01	2.8924643626e+03
1.0676976033e+07	8.6377588239e-01	2.8785897966e+03
1.0676976033e+07	8.6377354008e-01	2.8643651798e+03
1.0676976033e+07	8.6376665777e-01	2.8511494133e+03
1.0676976033e+07	8.6375719399e-01	2.8401769214e+03
1.0676976033e+07	8.6374606035e-01	2.8306888887e+03
1.0676976033e+07	8.6373477781e-01	2.8226804519e+03
1.0676976033e+07	8.6372260523e-01	2.8153283254e+03
1.0676976033e+07	8.6370970418e-01	2.8084655340e+03
1.0676976033e+07	8.6369618968e-01	2.8019676375e+03
1.0676976033e+07	8.6368324067e-01	2.7961087678e+03
1.0676976033e+07	8.6367005748e-01	2.7904151562e+03
1.0676976033e+07	8.6365651014e-01	2.7848185219e+03
1.0676976033e+07	8.6364264075e-01	2.7792591190e+03
1.0676976033e+07	8.6356243785e-01	2.7530475399e+03
1.0676976033e+07	8.6356739878e-01	2.7240521087e+03
1.0676976033e+07	8.6358520180e-01	2.6909101750e+03
1.0676976033e+07	8.6359006431e-01	2.6605089552e+03
1.0676976033e+07	8.6358819799e-01	2.6317376549e+03
1.0676976033e+07	8.6358850508e-01	2.6059597498e+03
1.0676976033e+07	8.6359162978e-01	2.5809223828e+03
1.0676976033e+07	8.6359338663e-01	2.5563829643e+03
1.0676976033e+07	8.6366686145e-01	2.5342998486e+03
1.0676976033e+07	8.6374286750e-01	2.5257915272e+03
1.0676976033e+07	8.6382219543e-01	2.5168458228e+03
1.0676976033e+07	8.6390781316e-01	2.5071066532e+03
1.0676976033e+07	8.6400642359e-01	2.4957375156e+03
1.0676976033e+07	8.6414124150e-01	2.4801448359e+03
1.0676976033e+07	8.6425207707e-01	2.4674451660e+03
1.0676976033e+07	8.6433672854e-01	2.4578614714e+03
1.0676976033e+07	8.6440635407e-01	2.4501645092e+03
1.0676976033e+07	8.6446787749e-01	2.4435538170e+03
1.0676976033e+07	8.6447546985e-01	2.4383043404e+03
1.0676976033e+07	8.6447461585e-01	2.4326722197e+03
1.0676976033e+07	8.6447364619e-01	2.4254416239e+03
1.0676976033e+07	8.6447292179e-01	2.4168071370e+03
1.0676976033e+07	8.6447233109e-01	2.4082936028e+03
1.0676976033e+07	8.6446973193e-01	2.3993330261e+03
1.0676976033e+07	8.6446149363e-01	2.3901927779e+03
1.0676976033e+07	8.6444773948e-01	2.3790017548e+03
1.0676976033e+07	8.6443027170e-01	2.3678350952e+03
1.0676976033e+07	8.6440748983e-01	2.3553792893e+03
1.0676976033e+07	8.6438070885e-01	2.3436172135e+03
1.0676976033e+07	8.6434513121e-01	2.3294994592e+03
1.0676976033e+07	8.6423498023e-01	2.3223435090e+03
1.0676976033e+07	8.6414853649e-01	2.3252106054e+03
1.0676976033e+07	8.6406018355e-01	2.3287164323e+03
1.0676976033e+07	8.6397024318e-01	2.3326704887e+03
1.0676976033e+07	8.6387826493e-01	2.3369193165e+03
1.0676976033e+07	8.6378246887e-01	2.3413779617e+03
1.0676976033e+07	8.6368567982e-01	2.3459980401e+03
1.0676976033e+07	8.6358661734e-01	2.3507492515e+03
1.0676976033e+07	8.6348454252e-01	2.3556107985e+03
1.0676976033e+07	8.6338045797e-01	2.3605674049e+03
1.0676976033e+07	8.6327163296e-01	2.3656074413e+03
1.0676976033e+07	8.6316034969e-01	2.3707217106e+03
1.0676976033e+07	8.6304867336e-01	2.3759023634e+03
1.0676976033e+07	8.6293660219e-01	2.3811431474e+03
1.0676976033e+07	8.6282413433e-01	2.3864387346e+03
1.0676976033e+07	8.6271123024e-01	2.3917845221e+03
1.0676976033e+07	8.6259758393e-01	2.3971764881e+03
1.0676976033e+07	8.6248334250e-01	2.4026110520e+03
1.0676976033e+07	8.6236859580e-01	2.4080849897e+03
1.0676976033e+07	8.6225336242e-01	2.4135953681e+03
1.0676976033e+07	8.6213764270e-01	2.4191395309e+03
1.0676976033e+07	8.6202142324e-01	2.4247148354e+03
1.0676976033e+07	8.6190472427e-01	2.4303188900e+03
1.0676976033e+07	8.6178754644e-01	2.4359493993e+03
1.0676976033e+07	8.6166986861e-01	2.4416042672e+03
1.0676976033e+07	8.6155167627e-01	2.4472811978e+03
1.0676976033e+07	8.6143297833e-01	2.4529781650e+03
1.0676976033e+07	8.6131375548e-01	2.4586932253e+03
1.0676976033e+07	8.6119398241e-01	2.4644245649e+03
1.0676976033e+07	8.6107363066e-01	2.4701705695e+03
1.0676976033e+07	8.6095261266e-01	2.4759298334e+03
1.0676976033e+07	8.6083080566e-01	2.4817013633e+03
1.0676976033e+07	8.6070838297e-01	2.4874846460e+03
1.0676976033e+07	8.6058552128e-01	2.4932798864e+03
1.0676976033e+07	8.6046221823e-01	2.4990881208e+03
1.0676976033e+07	8.6033847112e-01	2.5049116500e+03
1.0676976033e+07	8.6021427739e-01	2.5107542198e+03
1.0676976033e+07	8.6008963345e-01	2.5166214042e+03
1.0676976033e+07	8.5996453542e-01	2.5225209333e+03
1.0676976033e+07	8.5983897886e-01	2.5284626825e+03
1.0676976033e+07	8.5971295862e-01	2.5344591774e+03
1.0676976033e+07	8.5958646736e-01	2.5405254853e+03
1.0676976033e+07	8.5945949977e-01	2.5466790666e+03
1.0676976033e+07	8.5933205039e-01	2.5529394762e+03
1.0676976033e+07	8.5920411380e-01	2.5593276965e+03
1.0676976033e+07	8.5907568508e-01	2.5659027822e+03
1.0676976033e+07	8.5894675980e-01	2.5726926368e+03
1.0676976033e+07	8.5881733416e-01	2.5796754057e+03
1.0676976033e+07	8.5868740506e-01	2.5868683951e+03
1.0676976033e+07	8.5855697016e-01	2.5942850829e+03
1.0676976033e+07	8.5842602776e-01	2.6019343017e+03
1.0676976033e+07	8.5829457678e-01	2.6098192744e+03
1.0676976033e+07	8.5816261646e-01	2.6179378154e+03
1.0676976033e+07	8.5803014617e-01	2.6262823693e+03
1.0676976033e+07	8.5789716558e-01	2.6348406432e+03
1.0676976033e+07	8.5776367438e-01	2.6435964876e+03
1.0676976033e+07	8.5762967178e-01	2.6525311140e+03
1.0676976033e+07	8.5749515691e-01	2.6616239470e+03
1.0676976033e+07	8.5736012866e-01	2.6708540415e+03
1.0676976033e+07	8.5722458562e-01	2.6802008875e+03
1.0676976033e+07	8.5708852610e-01	2.6896451179e+03
1.0676976033e+07	8.5695194816e-01	2.6991691411e+03
1.0676976033e+07	8.5681484964e-01	2.7087570744e+03
1.0676976033e+07	8.5667722812e-01	2.7183952766e+03
1.0676976033e+07	8.5653908110e-01	2.7280721360e+03
1.0676976033e+07	8.5640040582e-01	2.7377779657e+03
1.0676976033e+07	8.5626119941e-01	2.7475049339e+03
1.0676976033e+07	8.5612145896e-01	2.7572464193e+03
1.0676976033e+07	8.5598118140e-01	2.7669972880e+03
1.0676976033e+07	8.5584036361e-01	2.7767534395e+03
1.0676976033e+07	8.5569900241e-01	2.7865116658e+03
1.0676976033e+07	8.5555709457e-01	2.7962692789e+03
1.0676976033e+07	8.5541463681e-01	2.8060241804e+03
1.0676976033e+07	8.5527162582e-01	2.8157747031e+03
1.0676976033e+07	8.5512805824e-01	2.8255192434e+03
1.0676976033e+07	8.5498393072e-01	2.8352565003e+03
1.0676976033e+07	8.5483923984e-01	2.8449852654e+03
1.0676976033e+07	8.5469398217e-01	2.8547043859e+03
1.0676976033e+07	8.5454815425e-01	2.8644130170e+03
1.0676976033e+07	8.5440175253e-01	2.8741098631e+03
1.0676976033e+07	8.5425477298e-01	2.8837962984e+03
1.0676976033e+07	8.5410720633e-01	2.8934974182e+03
1.0676976033e+07	8.5395898777e-01	2.9034954395e+03
1.0676976033e+07	8.5381152671e-01	2.9168119995e+03
1.0676976033e+07	8.5380150077e-01	2.9545918228e+03
1.0676976033e+07	8.5379278722e-01	2.9712954740e+03
1.0676976033e+07	8.5378544301e-01	2.9788570504e+03
1.0676976033e+07	8.5377828809e-01	2.9837468342e+03
1.0676976033e+07	8.5377125684e-01	2.9869660062e+03
1.0676976033e+07	8.5376424004e-01	2.9894485356e+03
1.0676976033e+07	8.5375725987e-01	2.9915096010e+03
1.0676976033e+07	8.5375033299e-01	2.9932977249e+03
1.0676976033e+07	8.5374346100e-01	2.9948871876e+03
1.0676976033e+07	8.5373659695e-01	2.9963621382e+03
1.0676976033e+07	8.5372981523e-01	2.9975997343e+03
1.0676976033e+07	8.5372319561e-01	2.9984305261e+03
1.0676976033e+07	8.5371684762e-01	2.9985679929e+03
1.0676976033e+07	8.5371100021e-01	2.9973107690e+03
1.0676976033e+07	8.5370620858e-01	2.9933207430e+03
1.0676976033e+07	8.5370346915e-01	2.9840923928e+03
1.0676976033e+07	8.5370463426e-01	2.9676581348e+03
1.0676976033e+07	8.5370958585e-01	2.9466838411e+03
1.0676976033e+07	8.5371555615e-01	2.9245055427e+03
1.0676976033e+07	8.5372281501e-01	2.9021808776e+03
1.0676976033e+07	8.5373267519e-01	2.8756815654e+03
1.0676976033e+07	8.5374231057e-01	2.8526125164e+03
1.0676976033e+07	8.5375358931e-01	2.8279307562e+03
1.0676976033e+07	8.5376760542e-01	2.7993236582e+03
1.0676976033e+07	8.5378228155e-01	2.7713159183e+03
1.0676976033e+07	8.5380718844e-01	2.7267426879e+03
1.0676976033e+07	8.5383010877e-01	2.6877751914e+03
1.0676976033e+07	8.5385266525e-01	2.6496362414e+03
1.0676976033e+07	8.5387251672e-01	2.6122928276e+03
1.0676976033e+07	8.5388507762e-01	2.5712111569e+03
1.0676976033e+07	8.5387465771e-01	2.5344700153e+03
1.0676976033e+07	8.5389158382e-01	2.4971269537e+03
1.0676976033e+07	8.5390479233e-01	2.4608696033e+03
1.0676976033e+07	8.5390952547e-01	2.4258460092e+03
1.0676976033e+07	8.5390421795e-01	2.3981613980e+03
1.0676976033e+07	8.5387478655e-01	2.3763589105e+03
1.0676976033e+07	8.5383441325e-01	2.3572360204e+03
1.0676976033e+07	8.5378646399e-01	2.3400349502e+03
1.0676976033e+07	8.5373356839e-01	2.3240757072e+03
1.0676976033e+07	8.5363514968e-01	2.3228033752e+03
1.0676976033e+07	8.5354692682e-01	2.3258694384e+03
1.0676976033e+07	8.5345662872e-01	2.3295920399e+03
1.0676976033e+07	8.5336459856e-01	2.3337667383e+03
1.0676976033e+07	8.5327028659e-01	2.3382364187e+03
1.0676976033e+07	8.5317212551e-01	2.3429157089e+03
1.0676976033e+07	8.5307282390e-01	2.3477563254e+03
1.0676976033e+07	8.5297121946e-01	2.3527280637e+03
1.0676976033e+07	8.5286614764e-01	2.3578101861e+03
1.0676976033e+07	8.5275890072e-01	2.3629875933e+03
1.0676976033e+07	8.5264634137e-01	2.3682484148e+03
1.0676976033e+07	8.5253260799e-01	2.3735833215e+03
1.0676976033e+07	8.5241847248e-01	2.3789847422e+03
1.0676976033e+07	8.5230393300e-01	2.3844463757e+03
1.0676976033e+07	8.5218898761e-01	2.3899628774e+03
1.0676976033e+07	8.5207342361e-01	2.3955296412e+03
1.0676976033e+07	8.5195709508e-01	2.4011426397e+03
1.0676976033e+07	8.5184022310e-01	2.4067982848e+03
1.0676976033e+07	8.5172282980e-01	2.4124934300e+03
1.0676976033e+07	8.5160492492e-01	2.4182250187e+03
1.0676976033e+07	8.5148651771e-01	2.4239903478e+03
1.0676976033e+07	8.5136761345e-01	2.4297868766e+03
1.0676976033e+07	8.5124820709e-01	2.4356121945e+03
1.0676976033e+07	8.5112826563e-01	2.4414641346e+03
1.0676976033e+07	8.5100781185e-01	2.4473402785e+03
1.0676976033e+07	8.5088683155e-01	2.4532385167e+03
1.0676976033e+07	8.5076530356e-01	2.4591568141e+03
1.0676976033e+07	8.5064320067e-01	2.4650932148e+03
1.0676976033e+07	8.5052049136e-01	2.4710459352e+03
1.0676976033e+07	8.5039708246e-01	2.4770132923e+03
1.0676976033e+07	8.5027282380e-01	2.4829939302e+03
1.0676976033e+07	8.5014792833e-01	2.4889868286e+03
1.0676976033e+07	8.5002258644e-01	2.4949914843e+03
1.0652541813e+07	8.4989679604e-01	2.5013537871e+03
1.0652541813e+07	8.5365238816e-01	2.5117400146e+03
1.0652541813e+07	8.5361836806e-01	2.5169412488e+03
1.0652541813e+07	8.5358632412e-01	2.5226791899e+03
1.0652541813e+07	8.5355625323e-01	2.5287314661e+03
1.0652541813e+07	8.5352819769e-01	2.5347658761e+03
1.0652541813e+07	8.5350223374e-01	2.5405278417e+03
1.0652541813e+07	8.5347848407e-01	2.5458813954e+03
1.0652541813e+07	8.5345698692e-01	2.5507761263e+03
1.0652541813e+07	8.5337258447e-01	2.5552155972e+03
1.0652541813e+07	8.5325767839e-01	2.5592862746e+03
1.0652541813e+07	8.5314168203e-01	2.5630321813e+03
1.0652541813e+07	8.5302480853e-01	2.5664627396e+03
1.0652541813e+07	8.5290719618e-01	2.5695559147e+03
1.0652541813e+07	8.5278893597e-01	2.5725488009e+03
1.0652541813e+07	8.5267008783e-01	2.5758514161e+03
1.0652541813e+07	8.5255069064e-01	2.5798425548e+03
1.0652541813e+07	8.5243076985e-01	2.5847307579e+03
1.0652541813e+07	8.5231034231e-01	2.5905489392e+03
1.0652541813e+07	8.5218941926e-01	2.5972170128e+03
1.0652541813e+07	8.5206800822e-01	2.6046053945e+03
1.0652541813e+07	8.5194611418e-01	2.6125761908e+03
1.0652541813e+07	8.5182374036e-01	2.6210031579e+03
1.0652541813e+07	8.5170088860e-01	2.6297797894e+03
1.0652541813e+07	8.5157755971e-01	2.6388199165e+03
1.0652541813e+07	8.5145375359e-01	2.6480556842e+03
1.0652541813e+07	8.5132946971e-01	2.6574346949e+03
1.0652541813e+07	8.5120470677e-01	2.6669165989e+03
1.0652541813e+07	8.5107946314e-01	2.6764709655e+03
1.0652541813e+07	8.5095373682e-01	2.6860748364e+03
1.0652541813e+07	8.5082752562e-01	2.6957110216e+03
1.0652541813e+07	8.5070082709e-01	2.7053664917e+03
1.0652541813e+07	8.5057363857e-01	2.7150315615e+03
1.0652541813e+07	8.5044595743e-01	2.7246990294e+03
1.0652541813e+07	8.5031778073e-01	2.7343634898e+03
1.0652541813e+07	8.5018910485e-01	2.7440236961e+03
1.0652541813e+07	8.5005991922e-01	2.7537086371e+03
1.0652541813e+07	8.4993014080e-01	2.7637649376e+03
1.0652541813e+07	8.4981168178e-01	2.7778990587e+03
1.0652541813e+07	8.4980119317e-01	2.8175026307e+03
1.0652541813e+07	8.4979405494e-01	2.8285853504e+03
1.0652541813e+07	8.4978740371e-01	2.8355541563e+03
1.0652541813e+07	8.4978092962e-01	2.8400971517e+03
1.0652541813e+07	8.4977456937e-01	2.8431581816e+03
1.0652541813e+07	8.4976820881e-01	2.8455787724e+03
1.0652541813e+07	8.4976187216e-01	2.8476205491e+03
1.0652541813e+07	8.4975557169e-01	2.8494061733e+03
1.0652541813e+07	8.4974929545e-01	2.8510003028e+03
1.0652541813e+07	8.4974295477e-01	2.8524850964e+03
1.0652541813e+07	8.4973657289e-01	2.8537316408e+03
1.0652541813e+07	8.4973012946e-01	2.8545686474e+03
1.0652541813e+07	8.4972353500e-01	2.8547054891e+03
1.0652541813e+07	8.4971647153e-01	2.8534318318e+03
1.0652541813e+07	8.4970864052e-01	2.8493932183e+03
1.0652541813e+07	8.4969919721e-01	2.8400514862e+03
1.0652541813e+07	8.4968574961e-01	2.8192714464e+03
1.0652541813e+07	8.4970147771e-01	2.7747051810e+03
1.0652541813e+07	8.4973614196e-01	2.7103121242e+03
1.0652541813e+07	8.4976765448e-01	2.6499246556e+03
1.0652541813e+07	8.4979731117e-01	2.5915117686e+03
1.0652541813e+07	8.4982329608e-01	2.5355242422e+03
1.0652541813e+07	8.4984272801e-01	2.4762520945e+03
1.0652541813e+07	8.4985859995e-01	2.4100341071e+03
1.0652541813e+07	8.4975473610e-01	2.3316223861e+03
1.0652541813e+07	8.4965087116e-01	2.3228722416e+03
1.0652541813e+07	8.4957478750e-01	2.3261292446e+03
1.0652541813e+07	8.4949542357e-01	2.3300622615e+03
1.0652541813e+07	8.4941424608e-01	2.3344544282e+03
1.0652541813e+07	8.4933161289e-01	2.3391437068e+03
1.0652541813e+07	8.4924472916e-01	2.3440435123e+03
1.0652541813e+07	8.4915592505e-01	2.3491052487e+03
1.0652541813e+07	8.4906568420e-01	2.3542985470e+03
1.0652541813e+07	8.4897130271e-01	2.3596028059e+03
1.0652541813e+07	8.4887480903e-01	2.3650024109e+03
1.0652541813e+07	8.4877284595e-01	2.3704857840e+03
1.0652541813e+07	8.4866971558e-01	2.3760435108e+03
1.0652541813e+07	8.4856622333e-01	2.3816679794e+03
1.0652541813e+07	8.4846236753e-01	2.3873528632e+03
1.0652541813e+07	8.4835813661e-01	2.3930927968e+03
1.0652541813e+07	8.4825319468e-01	2.3988832338e+03
1.0652541813e+07	8.4814764039e-01	2.4047200209e+03
1.0652541813e+07	8.4804159463e-01	2.4105995930e+03
1.0652541813e+07	8.4793507631e-01	2.4165187187e+03
1.0652541813e+07	8.4782809219e-01	2.4224744572e+03
1.0652541813e+07	8.4772064103e-01	2.4284640782e+03
1.0652541813e+07	8.4761269883e-01	2.4344850281e+03
1.0652541813e+07	8.4750428834e-01	2.4405350533e+03
1.0652541813e+07	8.4739540208e-01	2.4466115995e+03
1.0652541813e+07	8.4728602532e-01	2.4527124811e+03
1.0652541813e+07	8.4717613550e-01	2.4588355713e+03
1.0652541813e+07	8.4706570242e-01	2.4649788428e+03
1.0652541813e+07	8.4695469620e-01	2.4711402950e+03
1.0652541813e+07	8.4684303135e-01	2.4773181291e+03
1.0652541813e+07	8.4673053354e-01	2.4835106997e+03
1.0652541813e+07	8.4661740839e-01	2.4897166085e+03
1.0652541813e+07	8.4650388471e-01	2.4959348176e+03
1.0652541813e+07	8.4638996102e-01	2.5021648706e+03
1.0652541813e+07	8.4627563576e-01	2.5084069176e+03
1.0652541813e+07	8.4616090683e-01	2.5146621793e+03
1.0652541813e+07	8.4604577281e-01	2.5209331013e+03
1.0652541813e+07	8.4593023076e-01	2.5272236668e+03
1.0652541813e+07	8.4581427618e-01	2.5335398323e+03
1.0652541813e+07	8.4569790257e-01	2.5398895065e+03
1.0652541813e+07	8.4558110430e-01	2.5462831927e+03
1.0652541813e+07	8.4546387665e-01	2.5527340157e+03
1.0652541813e+07	8.4534621426e-01	2.5592576979e+03
1.0652541813e+07	8.4522811158e-01	2.5659083474e+03
1.0652541813e+07	8.4510956351e-01	2.5727162194e+03
1.0652541813e+07	8.4499056458e-01	2.5796590434e+03
1.0652541813e+07	8.4487110973e-01	2.5867592921e+03
1.0652541813e+07	8.4475119487e-01	2.5940390038e+03
1.0652541813e+07	8.4463081622e-01	2.6015184610e+03
1.0652541813e+07	8.4450997092e-01	2.6092148902e+03
1.0652541813e+07	8.4438865693e-01	2.6171413166e+03
1.0652541813e+07	8.4426687278e-01	2.6253057279e+03
1.0652541813e+07	8.4414461783e-01	2.6337102185e+03
1.0652541813e+07	8.4402189187e-01	2.6423511950e+03
1.0652541813e+07	8.4389869467e-01	2.6512195834e+03
1.0652541813e+07	8.4377502605e-01	2.6603015728e+03
1.0652541813e+07	8.4365088616e-01	2.6695797588e+03
1.0652541813e+07	8.4352627448e-01	2.6790339619e+03
1.0652541813e+07	8.4340119068e-01	2.6886428734e+03
1.0652541813e+07	8.4327563373e-01	2.6983849893e+03
1.0652541813e+07	8.4314960271e-01	2.7082395601e+03
1.0652541813e+07	8.4302309611e-01	2.7181871740e+03
1.0652541813e+07	8.4289611221e-01	2.7282103760e+03
1.0652541813e+07	8.4276864908e-01	2.7382938327e+03
1.0652541813e+07	8.4264070443e-01	2.7484245516e+03
1.0652541813e+07	8.4251227616e-01	2.7585912783e+03
1.0652541813e+07	8.4238336153e-01	2.7687849841e+03
1.0652541813e+07	8.4225395809e-01	2.7789983192e+03
1.0652541813e+07	8.4212406299e-01	2.7892255425e+03
1.0652541813e+07	8.4199367340e-01	2.7994618742e+03
1.0652541813e+07	8.4186278641e-01	2.8097037166e+03
1.0652541813e+07	8.4173139904e-01	2.8199482414e+03
1.0652541813e+07	8.4159950827e-01	2.8301933368e+03
1.0652541813e+07	8.4146711106e-01	2.8404370316e+03
1.0652541813e+07	8.4133420430e-01	2.8506778767e+03
1.0652541813e+07	8.4120078489e-01	2.8609146128e+03
1.0652541813e+07	8.4106684967e-01	2.8711462420e+03
1.0652541813e+07	8.4093239546e-01	2.8813714990e+03
1.0652541813e+07	8.4079741861e-01	2.8915893916e+03
1.0652541813e+07	8.4066191554e-01	2.9017989790e+03
1.0652541813e+07	8.4052588266e-01	2.9119993741e+03
1.0652541813e+07	8.4038931579e-01	2.9221921395e+03
1.0652541813e+07	8.4025220470e-01	2.9324035187e+03
1.0652541813e+07	8.4011447888e-01	2.9429288544e+03
1.0652541813e+07	8.3997700413e-01	2.9569308544e+03
1.0652541813e+07	8.3996579768e-01	2.9958655499e+03
1.0652541813e+07	8.3995713754e-01	3.0126657151e+03
1.0652541813e+07	8.3995001096e-01	3.0201413952e+03
1.0652541813e+07	8.3994308151e-01	3.0250032115e+03
1.0652541813e+07	8.3993628143e-01	3.0282679006e+03
1.0652541813e+07	8.3992948722e-01	3.0308482576e+03
1.0652541813e+07	8.3992273763e-01	3.0330179049e+03
1.0652541813e+07	8.3991605608e-01	3.0349244943e+03
1.0652541813e+07	8.3990944972e-01	3.0366360129e+03
1.0652541813e+07	8.3990287092e-01	3.0382302196e+03
1.0652541813e+07	8.3989644184e-01	3.0395532484e+03
1.0652541813e+07	8.3989029242e-01	3.0404166027e+03
1.0652541813e+07	8.3988463068e-01	3.0404844570e+03
1.0652541813e+07	8.3987994711e-01	3.0389312212e+03
1.0652541813e+07	8.3987722787e-01	3.0342041532e+03
1.0652541813e+07	8.3987832378e-01	3.0234906630e+03
1.0652541813e+07	8.3988793753e-01	2.9994561596e+03
1.0652541813e+07	8.3991567358e-01	2.9481967821e+03
1.0652541813e+07	8.3996723021e-01	2.8659085053e+03
1.0652541813e+07	8.4005817930e-01	2.7356753431e+03
1.0652541813e+07	8.4019873827e-01	2.5527390279e+03
1.0652541813e+07	8.4021042437e-01	2.3379815904e+03
1.0652541813e+07	8.4009004498e-01	2.3232730808e+03
1.0652541813e+07	8.4000584585e-01	2.3267288619e+03
1.0652541813e+07	8.3991827140e-01	2.3308793138e+03
1.0652541813e+07	8.3982872165e-01	2.3354955072e+03
1.0652541813e+07	8.3973754569e-01	2.3404107958e+03
1.0652541813e+07	8.3964186737e-01	2.3455374946e+03
1.0652541813e+07	8.3954421240e-01	2.3508267307e+03
1.0652541813e+07	8.3944511536e-01	2.3562480315e+03
1.0652541813e+07	8.3934128007e-01	2.3617805718e+03
1.0652541813e+07	8.3923465811e-01	2.3674089596e+03
1.0652541813e+07	8.3912308001e-01	2.3731214734e+03
1.0652541813e+07	8.3901103284e-01	2.3789087768e+03
1.0652541813e+07	8.3889859834e-01	2.3847630186e+03
1.0652541813e+07	8.3878577471e-01	2.3906778994e+03
1.0652541813e+07	8.3867242977e-01	2.3966480558e+03
1.0652541813e+07	8.3855826919e-01	2.4026688616e+03
1.0652541813e+07	8.3844355082e-01	2.4087362631e+03
1.0652541813e+07	8.3832830663e-01	2.4148466600e+03
1.0652541813e+07	8.3821254662e-01	2.4209969454e+03
1.0652541813e+07	8.3809627565e-01	2.4271839670e+03
1.0652541813e+07	8.3797950225e-01	2.4334050243e+03
1.0652541813e+07	8.3786222523e-01	2.4396575734e+03
1.0652541813e+07	8.3774443499e-01	2.4459391993e+03
1.0652541813e+07	8.3762611171e-01	2.4522475839e+03
1.0652541813e+07	8.3750723305e-01	2.4585804997e+03
1.0652541813e+07	8.3738778343e-01	2.4649358566e+03
1.0652541813e+07	8.3726770499e-01	2.4713115005e+03
1.0652541813e+07	8.3714693566e-01	2.4777054978e+03
1.0652541813e+07	8.3702527107e-01	2.4841160290e+03
1.0652541813e+07	8.3690288362e-01	2.4905414041e+03
1.0652541813e+07	8.3678007242e-01	2.4969802056e+03
1.0652541813e+07	8.3665683619e-01	2.5034315229e+03
1.0652541813e+07	8.3653317352e-01	2.5098946739e+03
1.0652541813e+07	8.3640908305e-01	2.5163699421e+03
1.0652541813e+07	8.3628456315e-01	2.5228585933e+03
1.0652541813e+07	8.3615961116e-01	2.5293631810e+03
1.0652541813e+07	8.3603422242e-01	2.5358877505e+03
1.0652541813e+07	8.3590838996e-01	2.5424382923e+03
1.0652541813e+07	8.3578210890e-01	2.5490230473e+03
1.0652541813e+07	8.3565537465e-01	2.5556527545e+03
1.0652541813e+07	8.3552818184e-01	2.5623407130e+03
1.0652541813e+07	8.3540052532e-01	2.5691750409e+03
1.0652541813e+07	8.3527239956e-01	2.5761136369e+03
1.0652541813e+07	8.3514379868e-01	2.5831672811e+03
1.0652541813e+07	8.3501471712e-01	2.5903583693e+03
1.0652541813e+07	8.3488514973e-01	2.5977099070e+03
1.0652541813e+07	8.3475509180e-01	2.6052440867e+03
1.0652541813e+07	8.3462453979e-01	2.6129813236e+03
1.0652541813e+07	8.3449349056e-01	2.6209388542e+03
1.0652541813e+07	8.3436194194e-01	2.6291295300e+03
1.0652541813e+07	8.3422989249e-01	2.6375609731e+03
1.0652541813e+07	8.3409734127e-01	2.6462348072e+03
1.0652541813e+07	8.3396428816e-01	2.6551468136e+03
1.0652541813e+07	8.3383073274e-01	2.6642872550e+03
1.0652541813e+07	8.3369667521e-01	2.6736416160e+03
1.0652541813e+07	8.3356211528e-01	2.6831919114e+03
1.0652541813e+07	8.3342705261e-01	2.6929174196e+03
1.0652541813e+07	8.3329148661e-01	2.7027964549e+03
1.0652541813e+07	8.3315541639e-01	2.7128072456e+03
1.0652541813e+07	8.3301884072e-01	2.7229289835e+03
1.0652541813e+07	8.3288175809e-01	2.7331421882e+03
1.0652541813e+07	8.3274416670e-01	2.7434295153e+03
1.0652541813e+07	8.3260606447e-01	2.7537758120e+03
1.0652541813e+07	8.3246744912e-01	2.7641682619e+03
1.0652541813e+07	8.3232831814e-01	2.7745959532e+03
1.0652541813e+07	8.3218866890e-01	2.7850501014e+03
1.0652541813e+07	8.3204849859e-01	2.7955236772e+03
1.0652541813e+07	8.3190780430e-01	2.8060110222e+03
1.0652541813e+07	8.3176658309e-01	2.8165077549e+03
1.0652541813e+07	8.3162483187e-01	2.8270106042e+03
1.0652541813e+07	8.3148254751e-01	2.8375167263e+03
1.0652541813e+07	8.3133972684e-01	2.8480240804e+03
1.0652541813e+07	8.3119636666e-01	2.8585311181e+03
1.0652541813e+07	8.3105246373e-01	2.8690363371e+03
1.0652541813e+07	8.3090801455e-01	2.8795385907e+03
1.0652541813e+07	8.3076301525e-01	2.8900368810e+03
1.0652541813e+07	8.3061746222e-01	2.9005301330e+03
1.0652541813e+07	8.3047135176e-01	2.9110173841e+03
1.0652541813e+07	8.3032467997e-01	2.9214976759e+03
1.0652541813e+07	8.3017744272e-01	2.9319704483e+03
1.0652541813e+07	8.3002963617e-01	2.9424368940e+03
1.0652541813e+07	8.2988125115e-01	2.9529236453e+03
1.0652541813e+07	8.2973221560e-01	2.9637283726e+03
1.0652541813e+07	8.2958233972e-01	2.9780373129e+03
1.0652541813e+07	8.2957157534e-01	2.9878298134e+03
1.0652541813e+07	8.2956245836e-01	2.9960902633e+03
1.0652541813e+07	8.2955329085e-01	3.0066111432e+03
1.0652541813e+07	8.2954418850e-01	3.0184025135e+03
1.0652541813e+07	8.2953566257e-01	3.0297642688e+03
1.0652541813e+07	8.2952778221e-01	3.0388269716e+03
1.0652541813e+07	8.2952013962e-01	3.0449292977e+03
1.0652541813e+07	8.2951266490e-01	3.0489267877e+03
1.0652541813e+07	8.2950526584e-01	3.0518447343e+03
1.0652541813e+07	8.2949786840e-01	3.0542958753e+03
1.0652541813e+07	8.2949054823e-01	3.0564009093e+03
1.0652541813e+07	8.2948331255e-01	3.0582712600e+03
1.0652541813e+07	8.2947615077e-01	3.0599799169e+03
1.0652541813e+07	8.2946910493e-01	3.0615061695e+03
1.0652541813e+07	8.2946236279e-01	3.0626439629e+03
1.0652541813e+07	8.2945615118e-01	3.0631321956e+03
1.0652541813e+07	8.2945095999e-01	3.0623823614e+03
1.0652541813e+07	8.2944786503e-01	3.0591038915e+03
1.0652541813e+07	8.2944883201e-01	3.0509414986e+03
1.0652541813e+07	8.2945819568e-01	3.0327675310e+03
1.0652541813e+07	8.2948626762e-01	2.9928907136e+03
1.0652541813e+07	8.2953695523e-01	2.9284041264e+03
1.0652541813e+07	8.2962275638e-01	2.8258535907e+03
1.0652541813e+07	8.2976500901e-01	2.6644848564e+03
1.0652541813e+07	8.2996125266e-01	2.4144710301e+03
1.0652541813e+07	8.2978166493e-01	2.3233911518e+03
1.0652541813e+07	8.2968897430e-01	2.3269773060e+03
1.0652541813e+07	8.2959253001e-01	2.3312924869e+03
1.0652541813e+07	8.2949394014e-01	2.3361018815e+03
1.0652541813e+07	8.2939355282e-01	2.3412242820e+03
1.0652541813e+07	8.2928845235e-01	2.3465652773e+03
1.0652541813e+07	8.2918125046e-01	2.3520731546e+03
1.0652541813e+07	8.2907203394e-01	2.3577160861e+03
1.0652541813e+07	8.2895863484e-01	2.3634724535e+03
1.0652541813e+07	8.2884098056e-01	2.3693266432e+03
1.0652541813e+07	8.2871948567e-01	2.3752661997e+03
1.0652541813e+07	8.2859756929e-01	2.3812815318e+03
1.0652541813e+07	8.2847522850e-01	2.3873648601e+03
1.0652541813e+07	8.2835246121e-01	2.3935097150e+03
1.0652541813e+07	8.2822894133e-01	2.3997106260e+03
1.0652541813e+07	8.2810462626e-01	2.4059628850e+03
1.0652541813e+07	8.2797971134e-01	2.4122624485e+03
1.0652541813e+07	8.2785423372e-01	2.4186055565e+03
1.0652541813e+07	8.2772819932e-01	2.4249889558e+03
1.0652541813e+07	8.2760161116e-01	2.4314096677e+03
1.0652541813e+07	8.2747445930e-01	2.4378649372e+03
1.0652541813e+07	8.2734672614e-01	2.4443521820e+03
1.0652541813e+07	8.2721842096e-01	2.4508691416e+03
1.0652541813e+07	8.2708952557e-01	2.4574132295e+03
1.0652541813e+07	8.2696001154e-01	2.4639822494e+03
1.0652541813e+07	8.2682984278e-01	2.4705740606e+03
1.0652541813e+07	8.2669891068e-01	2.4771865985e+03
1.0652541813e+07	8.2656704765e-01	2.4838179641e+03
1.0652541813e+07	8.2643426300e-01	2.4904661938e+03
1.0652541813e+07	8.2630100911e-01	2.4971295521e+03
1.0652541813e+07	8.2616729140e-01	2.5038065804e+03
1.0652541813e+07	8.2603310848e-01	2.5104962058e+03
1.0652541813e+07	8.2589845918e-01	2.5171978907e+03
1.0652541813e+07	8.2576334190e-01	2.5239118607e+03
1.0652541813e+07	8.2562775438e-01	2.5306393478e+03
1.0652541813e+07	8.2549169164e-01	2.5373827404e+03
1.0652541813e+07	8.2535514592e-01	2.5441460614e+03
1.0652541813e+07	8.2521811326e-01	2.5509352520e+03
1.0652541813e+07	8.2508058904e-01	2.5577584930e+03
1.0652541813e+07	8.2494256774e-01	2.5646406954e+03
1.0652541813e+07	8.2480404434e-01	2.5716509430e+03
1.0652541813e+07	8.2466501297e-01	2.5787363354e+03
1.0652541813e+07	8.2452546756e-01	2.5859157874e+03
1.0652541813e+07	8.2438540196e-01	2.5932104270e+03
1.0652541813e+07	8.2424481035e-01	2.6006429529e+03
1.0652541813e+07	8.2410368696e-01	2.6082365718e+03
1.0652541813e+07	8.2396202678e-01	2.6160139782e+03
1.0652541813e+07	8.2381982556e-01	2.6239959975e+03
1.0652541813e+07	8.2367707976e-01	2.6322002452e+03
1.0652541813e+07	8.2353378701e-01	2.6406399516e+03
1.0652541813e+07	8.2338994573e-01	2.6493227837e+03
1.0652541813e+07	8.2324555469e-01	2.6582505797e+03
1.0652541813e+07	8.2310061325e-01	2.6674191112e+03
1.0652541813e+07	8.2295512108e-01	2.6768185490e+03
1.0652541813e+07	8.2280907790e-01	2.6864340537e+03
1.0652541813e+07	8.2266248339e-01	2.6962472727e+03
1.0652541813e+07	8.2251533702e-01	2.7062372936e+03
1.0652541813e+07	8.2236763799e-01	2.7163821443e+03
1.0652541813e+07	8.2221938509e-01	2.7266596657e+03
1.0652541813e+07	8.2207057712e-01	2.7370487210e+03
1.0652541813e+07	8.2192121219e-01	2.7475298231e+03
1.0652541813e+07	8.2177128822e-01	2.7580854500e+03
1.0652541813e+07	8.2162080284e-01	2.7687004020e+03
1.0652541813e+07	8.2146975353e-01	2.7793617606e+03
1.0652541813e+07	8.2131813734e-01	2.7900589577e+03
1.0652541813e+07	8.2116595141e-01	2.8007830466e+03
1.0652541813e+07	8.2101319273e-01	2.8115270780e+03
1.0652541813e+07	8.2085985785e-01	2.8222856730e+03
1.0652541813e+07	8.2070594356e-01	2.8330544355e+03
1.0652541813e+07	8.2055144652e-01	2.8438300893e+03
1.0652541813e+07	8.2039636317e-01	2.8546102070e+03
1.0652541813e+07	8.2024068999e-01	2.8653926852e+03
1.0652541813e+07	8.2008442317e-01	2.8761759886e+03
1.0652541813e+07	8.1992755830e-01	2.8869588459e+03
1.0652541813e+07	8.1977009151e-01	2.8977401610e+03
1.0652541813e+07	8.1961201868e-01	2.9085191225e+03
1.0652541813e+07	8.1945333544e-01	2.9192945153e+03
1.0652541813e+07	8.1929403758e-01	2.9300654561e+03
1.0652541813e+07	8.1913412199e-01	2.9408310322e+03
1.0652541813e+07	8.1897358532e-01	2.9515904627e+03
1.0652541813e+07	8.1881242295e-01	2.9623450066e+03
1.0652541813e+07	8.1865062481e-01	2.9731155087e+03
1.0652541813e+07	8.1848813010e-01	2.9841410118e+03
1.0652541813e+07	8.1832440012e-01	2.9979910159e+03
1.0652541813e+07	8.1829731849e-01	3.0099517104e+03
1.0652541813e+07	8.1828842252e-01	3.0183536726e+03
1.0652541813e+07	8.1827947734e-01	3.0290044108e+03
1.0652541813e+07	8.1827059851e-01	3.0409543517e+03
1.0652541813e+07	8.1826182484e-01	3.0525142932e+03
1.0652541813e+07	8.1825323546e-01	3.0617041676e+03
1.0652541813e+07	8.1824489687e-01	3.0678575558e+03
1.0652541813e+07	8.1823673489e-01	3.0719111635e+03
1.0652541813e+07	8.1822865157e-01	3.0748975896e+03
1.0652541813e+07	8.1822057120e-01	3.0774245413e+03
1.0652541813e+07	8.1821257593e-01	3.0796019864e+03
1.0652541813e+07	8.1820467554e-01	3.0815403621e+03
1.0652541813e+07	8.1819685825e-01	3.0833162104e+03
1.0652541813e+07	8.1818918520e-01	3.0848948974e+03
1.0652541813e+07	8.1818186927e-01	3.0860610577e+03
1.0652541813e+07	8.1817518262e-01	3.0865314896e+03
1.0652541813e+07	8.1816973002e-01	3.0856564191e+03
1.0652541813e+07	8.1816680485e-01	3.0820332127e+03
1.0652541813e+07	8.1816879401e-01	3.0730798525e+03
1.0652541813e+07	8.1818112633e-01	3.0529609448e+03
1.0652541813e+07	8.1821648460e-01	3.0085700885e+03
1.0652541813e+07	8.1827922521e-01	2.9373011940e+03
1.0652541813e+07	8.1838445974e-01	2.8242627406e+03
1.0652541813e+07	8.1855783978e-01	2.6468969692e+03
1.0652541813e+07	8.1874952159e-01	2.3733373248e+03
1.0652541813e+07	8.1857831833e-01	2.3240491355e+03
1.0652541813e+07	8.1848332140e-01	2.3278927786e+03
1.0652541813e+07	8.1838466922e-01	2.3324745308e+03
1.0652541813e+07	8.1828372082e-01	2.3375421520e+03
1.0652541813e+07	8.1818029578e-01	2.3429167342e+03
1.0652541813e+07	8.1807289513e-01	2.3485066551e+03
1.0652541813e+07	8.1796290598e-01	2.3542617329e+03
1.0652541813e+07	8.1784989875e-01	2.3601509011e+03
1.0652541813e+07	8.1773376029e-01	2.3661528836e+03
1.0652541813e+07	8.1761129054e-01	2.3722523904e+03
1.0652541813e+07	8.1748715362e-01	2.3784369723e+03
1.0652541813e+07	8.1736258564e-01	2.3846971956e+03
1.0652541813e+07	8.1723758336e-01	2.3910253544e+03
1.0652541813e+07	8.1711206558e-01	2.3974150290e+03
1.0652541813e+07	8.1698556530e-01	2.4038607904e+03
1.0652541813e+07	8.1685839733e-01	2.4103580273e+03
1.0652541813e+07	8.1673062490e-01	2.4169025408e+03
1.0652541813e+07	8.1660225847e-01	2.4234907208e+03
1.0652541813e+07	8.1647330136e-01	2.4301193158e+03
1.0652541813e+07	8.1634376339e-01	2.4367854927e+03
1.0652541813e+07	8.1621364038e-01	2.4434862931e+03
1.0652541813e+07	8.1608292099e-01	2.4502191853e+03
1.0652541813e+07	8.1595158549e-01	2.4569817481e+03
1.0652541813e+07	8.1581960368e-01	2.4637716617e+03
1.0652541813e+07	8.1568693845e-01	2.4705866930e+03
1.0652541813e+07	8.1555348941e-01	2.4774247940e+03
1.0652541813e+07	8.1541907013e-01	2.4842837527e+03
1.0652541813e+07	8.1528362620e-01	2.4911615947e+03
1.0652541813e+07	8.1514768608e-01	2.4980563991e+03
1.0652541813e+07	8.1501127406e-01	2.5049664433e+03
1.0652541813e+07	8.1487438898e-01	2.5118903259e+03
1.0652541813e+07	8.1473703004e-01	2.5188269549e+03
1.0652541813e+07	8.1459919633e-01	2.5257758716e+03
1.0652541813e+07	8.1446088540e-01	2.5327373737e+03
1.0652541813e+07	8.1432209099e-01	2.5397128728e+03
1.0652541813e+07	8.1418280591e-01	2.5467048673e+03
1.0652541813e+07	8.1404302682e-01	2.5537176199e+03
1.0652541813e+07	8.1390274891e-01	2.5607573201e+03
1.0652541813e+07	8.1376196764e-01	2.5678820244e+03
1.0652541813e+07	8.1362067781e-01	2.5750902400e+03
1.0652541813e+07	8.1347887379e-01	2.5823595408e+03
1.0652541813e+07	8.1333654947e-01	2.5897067110e+03
1.0652541813e+07	8.1319369851e-01	2.5971511499e+03
1.0652541813e+07	8.1305031456e-01	2.6047144726e+03
1.0652541813e+07	8.1290639161e-01	2.6124198359e+03
1.0652541813e+07	8.1276192370e-01	2.6202907630e+03
1.0652541813e+07	8.1261690569e-01	2.6283501469e+03
1.0652541813e+07	8.1247133324e-01	2.6366188151e+03
1.0652541813e+07	8.1232520291e-01	2.6451142075e+03
1.0652541813e+07	8.1217851215e-01	2.6538489569e+03
1.0652541813e+07	8.1203125908e-01	2.6628301869e+03
1.0652541813e+07	8.1188344296e-01	2.6720588618e+03
1.0652541813e+07	8.1173506306e-01	2.6815298930e+03
1.0652541813e+07	8.1158611906e-01	2.6912323373e+03
1.0652541813e+07	8.1143661056e-01	2.7011505877e+03
1.0652541813e+07	8.1128653755e-01	2.7112655275e+03
1.0652541813e+07	8.1113589932e-01	2.7215556290e+03
1.0652541813e+07	8.1098469511e-01	2.7319984458e+03
1.0652541813e+07	8.1083292375e-01	2.7425717312e+03
1.0652541813e+07	8.1068058373e-01	2.7532544525e+03
1.0652541813e+07	8.1052767307e-01	2.7640270237e+03
1.0652541813e+07	8.1037418989e-01	2.7748722114e+03
1.0652541813e+07	8.1022013156e-01	2.7857752111e+03
1.0652541813e+07	8.1006549535e-01	2.7967233551e+03
1.0652541813e+07	8.0991027856e-01	2.8077062901e+03
1.0652541813e+07	8.0975447785e-01	2.8187156744e+03
1.0652541813e+07	8.0959809022e-01	2.8297448610e+03
1.0652541813e+07	8.0944111219e-01	2.8407888330e+03
1.0652541813e+07	8.0928354032e-01	2.8518433807e+03
1.0652541813e+07	8.0912537107e-01	2.8629054931e+03
1.0652541813e+07	8.0896660017e-01	2.8739728530e+03
1.0652541813e+07	8.0880722335e-01	2.8850438025e+03
1.0652541813e+07	8.0864723664e-01	2.8961167221e+03
1.0652541813e+07	8.0848663571e-01	2.9071904844e+03
1.0652541813e+07	8.0832541605e-01	2.9182640924e+03
1.0652541813e+07	8.0816357390e-01	2.9293367761e+03
1.0652541813e+07	8.0800110621e-01	2.9404074272e+03
1.0652541813e+07	8.0783800928e-01	2.9514751898e+03
1.0652541813e+07	8.0767427851e-01	2.9625391875e+03
1.0652541813e+07	8.0750990933e-01	2.9735988662e+03
1.0652541813e+07	8.0734489836e-01	2.9846554005e+03
1.0652541813e+07	8.0717923912e-01	2.9957339205e+03
1.0652541813e+07	8.0701286316e-01	3.0071158466e+03
1.0652541813e+07	8.0684513724e-01	3.0218174311e+03
1.0652541813e+07	8.0682659044e-01	3.0331212118e+03
1.0652541813e+07	8.0681733547e-01	3.0419127095e+03
1.0652541813e+07	8.0680803606e-01	3.0530016828e+03
1.0652541813e+07	8.0679881799e-01	3.0652070645e+03
1.0652541813e+07	8.0678970869e-01	3.0768029473e+03
1.0652541813e+07	8.0678080101e-01	3.0858716343e+03
1.0652541813e+07	8.0677215259e-01	3.0919191852e+03
1.0652541813e+07	8.0676368476e-01	3.0959401271e+03
1.0652541813e+07	8.0675528574e-01	3.0989659175e+03
1.0652541813e+07	8.0674689695e-01	3.1015419930e+03
1.0652541813e+07	8.0673860175e-01	3.1037772229e+03
1.0652541813e+07	8.0673041407e-01	3.1057716438e+03
1.0652541813e+07	8.0672231517e-01	3.1076082507e+03
1.0652541813e+07	8.0671440730e-01	3.1092136348e+03
1.0652541813e+07	8.0670692555e-01	3.1103681521e+03
1.0652541813e+07	8.0670020685e-01	3.1107413525e+03
1.0652541813e+07	8.0669502915e-01	3.1095643374e+03
1.0652541813e+07	8.0669297832e-01	3.1052436047e+03
1.0652541813e+07	8.0669703744e-01	3.0947975024e+03
1.0652541813e+07	8.0671439464e-01	3.0711051250e+03
1.0652541813e+07	8.0676055048e-01	3.0192498960e+03
1.0652541813e+07	8.0684078363e-01	2.9366371809e+03
1.0652541813e+07	8.0697413336e-01	2.8061243839e+03
1.0652541813e+07	8.0719265974e-01	2.6021734044e+03
1.0652541813e+07	8.0721902843e-01	2.3234065939e+03
1.0652541813e+07	8.0712388190e-01	2.3272211513e+03
1.0652541813e+07	8.0702405380e-01	2.3318276076e+03
1.0652541813e+07	8.0692178179e-01	2.3370077244e+03
1.0652541813e+07	8.0681737315e-01	2.3425410360e+03
1.0652541813e+07	8.0670801979e-01	2.3483132272e+03
1.0652541813e+07	8.0659627224e-01	2.3542644159e+03
1.0652541813e+07	8.0648159149e-01	2.3603585967e+03
1.0652541813e+07	8.0636336448e-01	2.3665720715e+03
1.0652541813e+07	8.0623870416e-01	2.3728878934e+03
1.0652541813e+07	8.0611215902e-01	2.3792928089e+03
1.0652541813e+07	8.0598517464e-01	2.3857766058e+03
1.0652541813e+07	8.0585774713e-01	2.3923310502e+03
1.0652541813e+07	8.0572974515e-01	2.3989493319e+03
1.0652541813e+07	8.0560070144e-01	2.4056258480e+03
1.0652541813e+07	8.0547096685e-01	2.4123554874e+03
1.0652541813e+07	8.0534060111e-01	2.4191340232e+03
1.0652541813e+07	8.0520962987e-01	2.4259577021e+03
1.0652541813e+07	8.0507805342e-01	2.4328231583e+03
1.0652541813e+07	8.0494585920e-01	2.4397273852e+03
1.0652541813e+07	8.0481304000e-01	2.4466674865e+03
1.0652541813e+07	8.0467959339e-01	2.4536408480e+03
1.0652541813e+07	8.0454549726e-01	2.4606450129e+03
1.0652541813e+07	8.0441071756e-01	2.4676776684e+03
1.0652541813e+07	8.0427514786e-01	2.4747364769e+03
1.0652541813e+07	8.0413869948e-01	2.4818192780e+03
1.0652541813e+07	8.0400104696e-01	2.4889240313e+03
1.0652541813e+07	8.0386267282e-01	2.4960485773e+03
1.0652541813e+07	8.0372381923e-01	2.5031909462e+03
1.0652541813e+07	8.0358448554e-01	2.5103493879e+03
1.0652541813e+07	8.0344467089e-01	2.5175222944e+03
1.0652541813e+07	8.0330437544e-01	2.5247085058e+03
1.0652541813e+07	8.0316359672e-01	2.5319074485e+03
1.0652541813e+07	8.0302233008e-01	2.5391191302e+03
1.0652541813e+07	8.0288056715e-01	2.5463445728e+03
1.0652541813e+07	8.0273830470e-01	2.5535860933e+03
1.0652541813e+07	8.0259553812e-01	2.5608474236e+03
1.0652541813e+07	8.0245226329e-01	2.5681837615e+03
1.0652541813e+07	8.0230847576e-01	2.5755929623e+03
1.0652541813e+07	8.0216417038e-01	2.5830465390e+03
1.0652541813e+07	8.0201934097e-01	2.5905578471e+03
1.0652541813e+07	8.0187398169e-01	2.5981430563e+03
1.0652541813e+07	8.0172808572e-01	2.6058211958e+03
1.0652541813e+07	8.0158164663e-01	2.6136135374e+03
1.0652541813e+07	8.0143465813e-01	2.6215431853e+03
1.0652541813e+07	8.0128711372e-01	2.6296341061e+03
1.0652541813e+07	8.0113900820e-01	2.6379098666e+03
1.0652541813e+07	8.0099033663e-01	2.6463922347e+03
1.0652541813e+07	8.0084109515e-01	2.6550998939e+03
1.0652541813e+07	8.0069128071e-01	2.6640470636e+03
1.0652541813e+07	8.0054089162e-01	2.6732424751e+03
1.0652541813e+07	8.0038992645e-01	2.6826885709e+03
1.0652541813e+07	8.0023838450e-01	2.6923815717e+03
1.0652541813e+07	8.0008626540e-01	2.7023117958e+03
1.0652541813e+07	7.9993356895e-01	2.7124643027e+03
1.0622713080e+07	7.9978029488e-01	2.7232680386e+03
1.0622713080e+07	8.0162689563e-01	2.7497184402e+03
1.0622713080e+07	8.0153878675e-01	2.7674372645e+03
1.0622713080e+07	8.0145220503e-01	2.7836197815e+03
1.0622713080e+07	8.0136704518e-01	2.7973110887e+03
1.0622713080e+07	8.0128341940e-01	2.8087977122e+03
1.0622713080e+07	8.0120153939e-01	2.8185948005e+03
1.0622713080e+07	8.0112168100e-01	2.8271376516e+03
1.0622713080e+07	8.0104417250e-01	2.8347417680e+03
1.0622713080e+07	8.0096939096e-01	2.8416231288e+03
1.0622713080e+07	8.0089776121e-01	2.8479244178e+03
1.0622713080e+07	8.0082975540e-01	2.8537354062e+03
1.0622713080e+07	8.0076589209e-01	2.8591091775e+03
1.0622713080e+07	8.0070673455e-01	2.8640729523e+03
1.0622713080e+07	8.0065289150e-01	2.8686363259e+03
1.0622713080e+07	8.0060502877e-01	2.8727975603e+03
1.0622713080e+07	8.0056383530e-01	2.8765486603e+03
1.0622713080e+07	8.0052651646e-01	2.8798812428e+03
1.0622713080e+07	8.0038734858e-01	2.8827975091e+03
1.0622713080e+07	8.0024423590e-01	2.8853494016e+03
1.0622713080e+07	8.0009934157e-01	2.8874975111e+03
1.0622713080e+07	7.9995311463e-01	2.8897041377e+03
1.0622713080e+07	7.9985466471e-01	2.8976593564e+03
1.0622713080e+07	7.9984626253e-01	2.9031218141e+03
1.0622713080e+07	7.9983781622e-01	2.9111571045e+03
1.0622713080e+07	7.9982943019e-01	2.9210157539e+03
1.0622713080e+07	7.9982112831e-01	2.9310137203e+03
1.0622713080e+07	7.9981295868e-01	2.9393054161e+03
1.0622713080e+07	7.9980501880e-01	2.9450382384e+03
1.0622713080e+07	7.9979724693e-01	2.9489438500e+03
1.0622713080e+07	7.9978955012e-01	2.9519066252e+03
1.0622713080e+07	7.9978184140e-01	2.9544647703e+03
1.0622713080e+07	7.9977422880e-01	2.9566925699e+03
1.0622713080e+07	7.9976672749e-01	2.9586866898e+03
1.0622713080e+07	7.9975932504e-01	2.9605201347e+03
1.0622713080e+07	7.9975210347e-01	2.9621484029e+03
1.0622713080e+07	7.9974532689e-01	2.9633431574e+03
1.0622713080e+07	7.9973934233e-01	2.9637982596e+03
1.0622713080e+07	7.9973493692e-01	2.9628016530e+03
1.0622713080e+07	7.9973377009e-01	2.9588324092e+03
1.0622713080e+07	7.9973894023e-01	2.9490615850e+03
1.0622713080e+07	7.9975772012e-01	2.9268922076e+03
1.0622713080e+07	7.9980629864e-01	2.8778454937e+03
1.0622713080e+07	7.9989025193e-01	2.7986079227e+03
1.0622713080e+07	8.0002920072e-01	2.6729089816e+03
1.0622713080e+07	8.0023522561e-01	2.4767294678e+03
1.0622713080e+07	8.0012667476e-01	2.3291531160e+03
1.0622713080e+07	8.0004284208e-01	2.3333375809e+03
1.0622713080e+07	7.9995360742e-01	2.3383205831e+03
1.0622713080e+07	7.9986179935e-01	2.3438344012e+03
1.0622713080e+07	7.9976750162e-01	2.3496760956e+03
1.0622713080e+07	7.9966855381e-01	2.3557440581e+03
1.0622713080e+07	7.9956743458e-01	2.3619838951e+03
1.0622713080e+07	7.9946198715e-01	2.3683627040e+03
1.0622713080e+07	7.9935299014e-01	2.3748580952e+03
1.0622713080e+07	7.9923786170e-01	2.3814540307e+03
1.0622713080e+07	7.9912190095e-01	2.3881376033e+03
1.0622713080e+07	7.9900554111e-01	2.3948990401e+03
1.0622713080e+07	7.9888877570e-01	2.4017303724e+03
1.0622713080e+07	7.9877105146e-01	2.4086249986e+03
1.0622713080e+07	7.9865250037e-01	2.4155774611e+03
1.0622713080e+07	7.9853334354e-01	2.4225827492e+03
1.0622713080e+07	7.9841359340e-01	2.4296367358e+03
1.0622713080e+07	7.9829325438e-01	2.4367357303e+03
1.0622713080e+07	7.9817233448e-01	2.4438764243e+03
1.0622713080e+07	7.9805082607e-01	2.4510559178e+03
1.0622713080e+07	7.9792871619e-01	2.4582712546e+03
1.0622713080e+07	7.9780598211e-01	2.4655198691e+03
1.0622713080e+07	7.9768258888e-01	2.4727993148e+03
1.0622713080e+07	7.9755844348e-01	2.4801072610e+03
1.0622713080e+07	7.9743342142e-01	2.4874415629e+03
1.0622713080e+07	7.9730717861e-01	2.4947999103e+03
1.0622713080e+07	7.9718022266e-01	2.5021801593e+03
1.0622713080e+07	7.9705283392e-01	2.5095802227e+03
1.0622713080e+07	7.9692501233e-01	2.5169981696e+03
1.0622713080e+07	7.9679675791e-01	2.5244321815e+03
1.0622713080e+07	7.9666807058e-01	2.5318808188e+03
1.0622713080e+07	7.9653894843e-01	2.5393430160e+03
1.0622713080e+07	7.9640938398e-01	2.5468183899e+03
1.0622713080e+07	7.9627937184e-01	2.5543070657e+03
1.0622713080e+07	7.9614890930e-01	2.5618103921e+03
1.0622713080e+07	7.9601799241e-01	2.5693309225e+03
1.0622713080e+07	7.9588661826e-01	2.5769639956e+03
1.0622713080e+07	7.9575478223e-01	2.5846257743e+03
1.0622713080e+07	7.9562247984e-01	2.5923242207e+03
1.0622713080e+07	7.9548970615e-01	2.6000705769e+03
1.0622713080e+07	7.9535645530e-01	2.6078790478e+03
1.0622713080e+07	7.9522272170e-01	2.6157665872e+03
1.0622713080e+07	7.9508849887e-01	2.6237530333e+03
1.0622713080e+07	7.9495378091e-01	2.6318605190e+03
1.0622713080e+07	7.9481856158e-01	2.6401128831e+03
1.0622713080e+07	7.9468283522e-01	2.6485344002e+03
1.0622713080e+07	7.9454659679e-01	2.6571487320e+03
1.0622713080e+07	7.9440984207e-01	2.6659774934e+03
1.0622713080e+07	7.9427256775e-01	2.6750386795e+03
1.0622713080e+07	7.9413477145e-01	2.6843454673e+03
1.0622713080e+07	7.9399645164e-01	2.6939051863e+03
1.0622713080e+07	7.9385760745e-01	2.7037188745e+03
1.0622713080e+07	7.9371823857e-01	2.7137809308e+03
1.0622713080e+07	7.9357834490e-01	2.7240800136e+03
1.0622713080e+07	7.9343792644e-01	2.7345998286e+03
1.0622713080e+07	7.9329698292e-01	2.7453204831e+03
1.0622713080e+07	7.9315551441e-01	2.7562198586e+03
1.0622713080e+07	7.9301352012e-01	2.7672746416e+03
1.0622713080e+07	7.9287099909e-01	2.7784620298e+03
1.0622713080e+07	7.9272795000e-01	2.7897604244e+03
1.0622713080e+07	7.9258437119e-01	2.8011502190e+03
1.0622713080e+07	7.9244026066e-01	2.8126138678e+03
1.0622713080e+07	7.9229561602e-01	2.8241364725e+03
1.0622713080e+07	7.9215043485e-01	2.8357055846e+03
1.0622713080e+07	7.9200471453e-01	2.8473109310e+03
1.0622713080e+07	7.9185845203e-01	2.8589443745e+03
1.0622713080e+07	7.9171164373e-01	2.8705995249e+03
1.0622713080e+07	7.9156428548e-01	2.8822716388e+03
1.0622713080e+07	7.9141637351e-01	2.8939567239e+03
1.0622713080e+07	7.9126790397e-01	2.9056520038e+03
1.0622713080e+07	7.9111887252e-01	2.9173554473e+03
1.0622713080e+07	7.9096927647e-01	2.9290653857e+03
1.0622713080e+07	7.9081911273e-01	2.9407805922e+03
1.0622713080e+07	7.9066837742e-01	2.9525000582e+03
1.0622713080e+07	7.9051706601e-01	2.9642230169e+03
1.0622713080e+07	7.9036517462e-01	2.9759484855e+03
1.0622713080e+07	7.9021270280e-01	2.9876756976e+03
1.0622713080e+07	7.9005965109e-01	2.9994039725e+03
1.0622713080e+07	7.8990601944e-01	3.0111322742e+03
1.0622713080e+07	7.8975180307e-01	3.0228600258e+03
1.0622713080e+07	7.8959699072e-01	3.0345880064e+03
1.0622713080e+07	7.8944157306e-01	3.0463947084e+03
1.0622713080e+07	7.8928549555e-01	3.0585207781e+03
1.0622713080e+07	7.8912825313e-01	3.0732506924e+03
1.0622713080e+07	7.8908900583e-01	3.0879847912e+03
1.0622713080e+07	7.8907987651e-01	3.0972931160e+03
1.0622713080e+07	7.8907072155e-01	3.1088822766e+03
1.0622713080e+07	7.8906166874e-01	3.1214416722e+03
1.0622713080e+07	7.8905272477e-01	3.1331929262e+03
1.0622713080e+07	7.8904397938e-01	3.1422702720e+03
1.0622713080e+07	7.8903548978e-01	3.1483317997e+03
1.0622713080e+07	7.8902717841e-01	3.1524325254e+03
1.0622713080e+07	7.8901892191e-01	3.1556011458e+03
1.0622713080e+07	7.8901067872e-01	3.1583298369e+03
1.0622713080e+07	7.8900254222e-01	3.1607167864e+03
1.0622713080e+07	7.8899453329e-01	3.1628543982e+03
1.0622713080e+07	7.8898662456e-01	3.1648346408e+03
1.0622713080e+07	7.8897897420e-01	3.1665418234e+03
1.0622713080e+07	7.8897187382e-01	3.1677284172e+03
1.0622713080e+07	7.8896576450e-01	3.1680104432e+03
1.0622713080e+07	7.8896171768e-01	3.1664406134e+03
1.0622713080e+07	7.8896182101e-01	3.1611396207e+03
1.0622713080e+07	7.8897009473e-01	3.1485199884e+03
1.0622713080e+07	7.8899676661e-01	3.1195331653e+03
1.0622713080e+07	7.8906127077e-01	3.0574122266e+03
1.0622713080e+07	7.8916889079e-01	2.9604888440e+03
1.0622713080e+07	7.8934884409e-01	2.8058428063e+03
1.0622713080e+07	7.8964103554e-01	2.5657770528e+03
1.0622713080e+07	7.8963403746e-01	2.3291129852e+03
1.0622713080e+07	7.8953688149e-01	2.3334180672e+03
1.0622713080e+07	7.8943379028e-01	2.3385567865e+03
1.0622713080e+07	7.8932792351e-01	2.3442675010e+03
1.0622713080e+07	7.8921929525e-01	2.3503264465e+03
1.0622713080e+07	7.8910581685e-01	2.3566219041e+03
1.0622713080e+07	7.8899017514e-01	2.3630954868e+03
1.0622713080e+07	7.8886954290e-01	2.3697124482e+03
1.0622713080e+07	7.8874499254e-01	2.3764491364e+03
1.0622713080e+07	7.8861442913e-01	2.3832887066e+03
1.0622713080e+07	7.8848336938e-01	2.3902181201e+03
1.0622713080e+07	7.8835185473e-01	2.3972272209e+03
1.0622713080e+07	7.8821981222e-01	2.4043080189e+03
1.0622713080e+07	7.8808657762e-01	2.4114533746e+03
1.0622713080e+07	7.8795255477e-01	2.4186576481e+03
1.0622713080e+07	7.8781783635e-01	2.4259159637e+03
1.0622713080e+07	7.8768246098e-01	2.4332241226e+03
1.0622713080e+07	7.8754643026e-01	2.4405782922e+03
1.0622713080e+07	7.8740974258e-01	2.4479751295e+03
1.0622713080e+07	7.8727237785e-01	2.4554116983e+03
1.0622713080e+07	7.8713431285e-01	2.4628850121e+03
1.0622713080e+07	7.8699551081e-01	2.4703924905e+03
1.0622713080e+07	7.8685592721e-01	2.4779316756e+03
1.0622713080e+07	7.8671543391e-01	2.4855003064e+03
1.0622713080e+07	7.8657371128e-01	2.4930960165e+03
1.0622713080e+07	7.8643084774e-01	2.5007165997e+03
1.0622713080e+07	7.8628749213e-01	2.5083598362e+03
1.0622713080e+07	7.8614364392e-01	2.5160236856e+03
1.0622713080e+07	7.8599930282e-01	2.5237060656e+03
1.0622713080e+07	7.8585446990e-01	2.5314052057e+03
1.0622713080e+07	7.8570914277e-01	2.5391196375e+03
1.0622713080e+07	7.8556331425e-01	2.5468483264e+03
1.0622713080e+07	7.8541697753e-01	2.5545906284e+03
1.0622713080e+07	7.8527012984e-01	2.5623468036e+03
1.0622713080e+07	7.8512276722e-01	2.5701232394e+03
1.0622713080e+07	7.8497488639e-01	2.5780067230e+03
1.0622713080e+07	7.8482648319e-01	2.5859121509e+03
1.0622713080e+07	7.8467755307e-01	2.5938456094e+03
1.0622713080e+07	7.8452809098e-01	2.6018155421e+03
1.0622713080e+07	7.8437809145e-01	2.6098329998e+03
1.0622713080e+07	7.8422754849e-01	2.6179119760e+03
1.0622713080e+07	7.8407645593e-01	2.6260694826e+03
1.0622713080e+07	7.8392480674e-01	2.6343252551e+03
1.0622713080e+07	7.8377259456e-01	2.6427015373e+03
1.0622713080e+07	7.8361981236e-01	2.6512223421e+03
1.0622713080e+07	7.8346645428e-01	2.6599123857e+03
1.0622713080e+07	7.8331251447e-01	2.6687958674e+03
1.0622713080e+07	7.8315798810e-01	2.6778949260e+03
1.0622713080e+07	7.8300287129e-01	2.6872282703e+03
1.0622713080e+07	7.8284716107e-01	2.6968098546e+03
1.0622713080e+07	7.8269085542e-01	2.7066475245e+03
1.0622713080e+07	7.8253395300e-01	2.7167427798e+03
1.0622713080e+07	7.8237645287e-01	2.7270905767e+03
1.0622713080e+07	7.8221835492e-01	2.7376798425e+03
1.0622713080e+07	7.8205965862e-01	2.7484942304e+03
1.0622713080e+07	7.8190036322e-01	2.7595137699e+03
1.0622713080e+07	7.8174046871e-01	2.7707160198e+03
1.0622713080e+07	7.8157997381e-01	2.7820774871e+03
1.0622713080e+07	7.8141887706e-01	2.7935750133e+03
1.0622713080e+07	7.8125717709e-01	2.8051867217e+03
1.0622713080e+07	7.8109487168e-01	2.8168924251e+03
1.0622713080e+07	7.8093195822e-01	2.8286744676e+03
1.0622713080e+07	7.8076843428e-01	2.8405177131e+03
1.0622713080e+07	7.8060429697e-01	2.8524094279e+03
1.0622713080e+07	7.8043954225e-01	2.8643393153e+03
1.0622713080e+07	7.8027416589e-01	2.8762991268e+03
1.0622713080e+07	7.8010816374e-01	2.8882825350e+03
1.0622713080e+07	7.7994153129e-01	2.9002844798e+03
1.0622713080e+07	7.7977426408e-01	2.9123012702e+03
1.0622713080e+07	7.7960635913e-01	2.9243303482e+03
1.0622713080e+07	7.7943781273e-01	2.9363693499e+03
1.0622713080e+07	7.7926862047e-01	2.9484167906e+03
1.0622713080e+07	7.7909877744e-01	2.9604714976e+03
1.0622713080e+07	7.7892827942e-01	2.9725325153e+03
1.0622713080e+07	7.7875712583e-01	2.9845991149e+03
1.0622713080e+07	7.7858531683e-01	2.9966703717e+03
1.0622713080e+07	7.7841285185e-01	3.0087455526e+03
1.0622713080e+07	7.7823972612e-01	3.0208241259e+03
1.0622713080e+07	7.7806592750e-01	3.0329049271e+03
1.0622713080e+07	7.7789145125e-01	3.0450268200e+03
1.0622713080e+07	7.7771629421e-01	3.0572548142e+03
1.0622713080e+07	7.7754044859e-01	3.0695000161e+03
1.0622713080e+07	7.7736386894e-01	3.0819306622e+03
1.0622713080e+07	7.7718614729e-01	3.0963665980e+03
1.0622713080e+07	7.7712012579e-01	3.1137359096e+03
1.0622713080e+07	7.7710994998e-01	3.1233163261e+03
1.0622713080e+07	7.7709975104e-01	3.1352000521e+03
1.0622713080e+07	7.7708966359e-01	3.1479977137e+03
1.0622713080e+07	7.7707969033e-01	3.1598891156e+03
1.0622713080e+07	7.7706992650e-01	3.1690148150e+03
1.0622713080e+07	7.7706042882e-01	3.1751088548e+03
1.0622713080e+07	7.7705111617e-01	3.1792649113e+03
1.0622713080e+07	7.7704185241e-01	3.1825190158e+03
1.0622713080e+07	7.7703260880e-01	3.1853329607e+03
1.0622713080e+07	7.7702348131e-01	3.1878034969e+03
1.0622713080e+07	7.7701449476e-01	3.1900189099e+03
1.0622713080e+07	7.7700561560e-01	3.1920779863e+03
1.0622713080e+07	7.7699704374e-01	3.1938323135e+03
1.0622713080e+07	7.7698910070e-01	3.1950204989e+03
1.0622713080e+07	7.7698230464e-01	3.1952111102e+03
1.0622713080e+07	7.7697792635e-01	3.1933290780e+03
1.0622713080e+07	7.7697840386e-01	3.1872771943e+03
1.0622713080e+07	7.7698849079e-01	3.1730064902e+03
1.0622713080e+07	7.7702079382e-01	3.1398837794e+03
1.0622713080e+07	7.7708963738e-01	3.0767454172e+03
1.0622713080e+07	7.7720404979e-01	2.9782431613e+03
1.0622713080e+07	7.7739548203e-01	2.8213887197e+03
1.0622713080e+07	7.7770616472e-01	2.5783475220e+03
1.0622713080e+07	7.7772667116e-01	2.3295145229e+03
1.0622713080e+07	7.7762586660e-01	2.3340308731e+03
1.0622713080e+07	7.7751897276e-01	2.3394036303e+03
1.0622713080e+07	7.7740913592e-01	2.3453605857e+03
1.0622713080e+07	7.7729597287e-01	2.3516707122e+03
1.0622713080e+07	7.7717811901e-01	2.3582199906e+03
1.0622713080e+07	7.7705810927e-01	2.3649492726e+03
1.0622713080e+07	7.7693248816e-01	2.3718234763e+03
1.0622713080e+07	7.7680168422e-01	2.3788187387e+03
1.0622713080e+07	7.7666659389e-01	2.3859179808e+03
1.0622713080e+07	7.7653103556e-01	2.3931080999e+03
1.0622713080e+07	7.7639500539e-01	2.4003790747e+03
1.0622713080e+07	7.7625818168e-01	2.4077222863e+03
1.0622713080e+07	7.7612015230e-01	2.4151309943e+03
1.0622713080e+07	7.7598135131e-01	2.4225994553e+03
1.0622713080e+07	7.7584184545e-01	2.4301228585e+03
1.0622713080e+07	7.7570163666e-01	2.4376967660e+03
1.0622713080e+07	7.7556073098e-01	2.4453174379e+03
1.0622713080e+07	7.7541911867e-01	2.4529815159e+03
1.0622713080e+07	7.7527678275e-01	2.4606860454e+03
1.0622713080e+07	7.7513369594e-01	2.4684280655e+03
1.0622713080e+07	7.7498978753e-01	2.4762049835e+03
1.0622713080e+07	7.7484496594e-01	2.4840143357e+03
1.0622713080e+07	7.7469894059e-01	2.4918538800e+03
1.0622713080e+07	7.7455148906e-01	2.4997211969e+03
1.0622713080e+07	7.7440345663e-01	2.5076140180e+03
1.0622713080e+07	7.7425491563e-01	2.5155301392e+03
1.0622713080e+07	7.7410586595e-01	2.5234674105e+03
1.0622713080e+07	7.7395630949e-01	2.5314238517e+03
1.0622713080e+07	7.7380624396e-01	2.5393977563e+03
1.0622713080e+07	7.7365566199e-01	2.5473875883e+03
1.0622713080e+07	7.7350455613e-01	2.5553922625e+03
1.0622713080e+07	7.7335292342e-01	2.5634113126e+03
1.0622713080e+07	7.7320076015e-01	2.5714623004e+03
1.0622713080e+07	7.7304806339e-01	2.5796096108e+03
1.0622713080e+07	7.7289482881e-01	2.5877755343e+03
1.0622713080e+07	7.7274105246e-01	2.5959641746e+03
1.0622713080e+07	7.7258672924e-01	2.6041816827e+03
1.0622713080e+07	7.7243185401e-01	2.6124366303e+03
1.0622713080e+07	7.7227642125e-01	2.6207400937e+03
1.0622713080e+07	7.7212042470e-01	2.6291062377e+03
1.0622713080e+07	7.7196385795e-01	2.6375522195e+03
1.0622713080e+07	7.7180671369e-01	2.6460981369e+03
1.0622713080e+07	7.7164898510e-01	2.6547666256e+03
1.0622713080e+07	7.7149066526e-01	2.6635819249e+03
1.0622713080e+07	7.7133174788e-01	2.6725691539e+03
1.0622713080e+07	7.7117222683e-01	2.6817528671e+03
1.0622713080e+07	7.7101209703e-01	2.6911556705e+03
1.0622713080e+07	7.7085135399e-01	2.7007964715e+03
1.0622713080e+07	7.7068999533e-01	2.7106892694e+03
1.0622713080e+07	7.7052801848e-01	2.7208421627e+03
1.0622713080e+07	7.7036542202e-01	2.7312564695e+03
1.0622713080e+07	7.7020220489e-01	2.7419269401e+03
1.0622713080e+07	7.7003836693e-01	2.7528421429e+03
1.0622713080e+07	7.6987390757e-01	2.7639854287e+03
1.0622713080e+07	7.6970882631e-01	2.7753363890e+03
1.0622713080e+07	7.6954312244e-01	2.7868722005e+03
1.0622713080e+07	7.6937679477e-01	2.7985691335e+03
1.0622713080e+07	7.6920984224e-01	2.8104036059e+03
1.0622713080e+07	7.6904226290e-01	2.8223535282e+03
1.0622713080e+07	7.6887405459e-01	2.8343986485e+03
1.0622713080e+07	7.6870521476e-01	2.8465212253e+03
1.0622713080e+07	7.6853574024e-01	2.8587060945e+03
1.0622713080e+07	7.6836562643e-01	2.8709408339e+03
1.0622713080e+07	7.6819486922e-01	2.8832149213e+03
1.0622713080e+07	7.6802346435e-01	2.8955202613e+03
1.0622713080e+07	7.6785140756e-01	2.9078505701e+03
1.0622713080e+07	7.6767869586e-01	2.9202010492e+03
1.0622713080e+07	7.6750532538e-01	2.9325681043e+03
1.0622713080e+07	7.6733129133e-01	2.9449493019e+03
1.0622713080e+07	7.6715658899e-01	2.9573423411e+03
1.0622713080e+07	7.6698121443e-01	2.9697458371e+03
1.0622713080e+07	7.6680516719e-01	2.9821587017e+03
1.0622713080e+07	7.6662844753e-01	2.9945800255e+03
1.0622713080e+07	7.6645105460e-01	3.0070090377e+03
1.0622713080e+07	7.6627298339e-01	3.0194451367e+03
1.0622713080e+07	7.6609422123e-01	3.0318874191e+03
1.0622713080e+07	7.6591476327e-01	3.0443632297e+03
1.0622713080e+07	7.6573460641e-01	3.0569636773e+03
1.0622713080e+07	7.6555374677e-01	3.0695685492e+03
1.0622713080e+07	7.6537217945e-01	3.0821783569e+03
1.0622713080e+07	7.6518989624e-01	3.0948076024e+03
1.0622713080e+07	7.6500685108e-01	3.1076229187e+03
1.0622713080e+07	7.6482263245e-01	3.1224272467e+03
1.0622713080e+07	7.6475084327e-01	3.1406819562e+03
1.0622713080e+07	7.6474016773e-01	3.1506066505e+03
1.0622713080e+07	7.6472947462e-01	3.1628443555e+03
1.0622713080e+07	7.6471890619e-01	3.1758928568e+03
1.0622713080e+07	7.6470845489e-01	3.1879030284e+03
1.0622713080e+07	7.6469823000e-01	3.1970165317e+03
1.0622713080e+07	7.6468828037e-01	3.2031005805e+03
1.0622713080e+07	7.6467852133e-01	3.2072922493e+03
1.0622713080e+07	7.6466879924e-01	3.2106299266e+03
1.0622713080e+07	7.6465910942e-01	3.2135263433e+03
1.0622713080e+07	7.6464954630e-01	3.2160797458e+03
1.0622713080e+07	7.6464013971e-01	3.2183722743e+03
1.0622713080e+07	7.6463084566e-01	3.2205111846e+03
1.0622713080e+07	7.6462192198e-01	3.2223032138e+03
1.0622713080e+07	7.6461372503e-01	3.2234708904e+03
1.0622713080e+07	7.6460687529e-01	3.2235179213e+03
1.0622713080e+07	7.6460289367e-01	3.2212048679e+03
1.0622713080e+07	7.6460466886e-01	3.2141512136e+03
1.0622713080e+07	7.6461789757e-01	3.1977081153e+03
1.0622713080e+07	7.6465842330e-01	3.1590888005e+03
1.0622713080e+07	7.6473225463e-01	3.0949182312e+03
1.0622713080e+07	7.6485531201e-01	2.9938267270e+03
1.0622713080e+07	7.6505479540e-01	2.8376015287e+03
1.0622713080e+07	7.6538419957e-01	2.5914872543e+03
1.0622713080e+07	7.6543539722e-01	2.3299321169e+03
1.0622713080e+07	7.6533279270e-01	2.3346712808e+03
1.0622713080e+07	7.6522394690e-01	2.3402897899e+03
1.0622713080e+07	7.6511199652e-01	2.3465047391e+03
1.0622713080e+07	7.6499616019e-01	2.3530776772e+03
1.0622713080e+07	7.6487579770e-01	2.3598923019e+03
1.0622713080e+07	7.6475269138e-01	2.3668887621e+03
1.0622713080e+07	7.6462442221e-01	2.3740316191e+03
1.0622713080e+07	7.6448932703e-01	2.3812968556e+03
1.0622713080e+07	7.6435164559e-01	2.3886671619e+03
1.0622713080e+07	7.6421348702e-01	2.3961293859e+03
1.0622713080e+07	7.6407484637e-01	2.4036734376e+03
1.0622713080e+07	7.6393503092e-01	2.4112906380e+03
1.0622713080e+07	7.6379415277e-01	2.4189742016e+03
1.0622713080e+07	7.6365249862e-01	2.4267184055e+03
1.0622713080e+07	7.6351009874e-01	2.4345182425e+03
1.0622713080e+07	7.6336697145e-01	2.4423694396e+03
1.0622713080e+07	7.6322311342e-01	2.4502683465e+03
1.0622713080e+07	7.6307850043e-01	2.4582113907e+03
1.0622713080e+07	7.6293310460e-01	2.4661955532e+03
1.0622713080e+07	7.6278688228e-01	2.4742180712e+03
1.0622713080e+07	7.6263974164e-01	2.4822762782e+03
1.0622713080e+07	7.6249145773e-01	2.4903678067e+03
1.0622713080e+07	7.6234157098e-01	2.4984901939e+03
1.0622713080e+07	7.6219086985e-01	2.5066410882e+03
1.0622713080e+07	7.6203965160e-01	2.5148181768e+03
1.0622713080e+07	7.6188791712e-01	2.5230192295e+03
1.0622713080e+07	7.6173566802e-01	2.5312422406e+03
1.0622713080e+07	7.6158290293e-01	2.5394851258e+03
1.0622713080e+07	7.6142961512e-01	2.5477461438e+03
1.0622713080e+07	7.6127579543e-01	2.5560238505e+03
1.0622713080e+07	7.6112144144e-01	2.5643172647e+03
1.0622713080e+07	7.6096654914e-01	2.5726532078e+03
1.0622713080e+07	7.6081111566e-01	2.5810783846e+03
1.0622713080e+07	7.6065513724e-01	2.5895206270e+03
1.0622713080e+07	7.6049860984e-01	2.5979823353e+03
1.0622713080e+07	7.6034152919e-01	2.6064676949e+03
1.0622713080e+07	7.6018389001e-01	2.6149829360e+03
1.0622713080e+07	7.6002568718e-01	2.6235367245e+03
1.0622713080e+07	7.5986691481e-01	2.6321403130e+03
1.0622713080e+07	7.5970756644e-01	2.6408080575e+03
1.0622713080e+07	7.5954763544e-01	2.6495573834e+03
1.0622713080e+07	7.5938711469e-01	2.6584086273e+03
1.0622713080e+07	7.5922599690e-01	2.6673847110e+03
1.0622713080e+07	7.5906427495e-01	2.6765103592e+03
1.0622713080e+07	7.5890194209e-01	2.6858110616e+03
1.0622713080e+07	7.5873899242e-01	2.6953117717e+03
1.0622713080e+07	7.5857542046e-01	2.7050352611e+03
1.0622713080e+07	7.5841122194e-01	2.7150007233e+03
1.0622713080e+07	7.5824639362e-01	2.7252223324e+03
1.0622713080e+07	7.5808093320e-01	2.7357079677e+03
1.0622713080e+07	7.5791483920e-01	2.7464588844e+03
1.0622713080e+07	7.5774811073e-01	2.7574694231e+03
1.0622713080e+07	7.5758074726e-01	2.7687277464e+03
1.0622713080e+07	7.5741274835e-01	2.7802167899e+03
1.0622713080e+07	7.5724411351e-01	2.7919158360e+03
1.0622713080e+07	7.5707484203e-01	2.8038014219e+03
1.0622713080e+07	7.5690493286e-01	2.8158494410e+03
1.0622713080e+07	7.5673438456e-01	2.8280361832e+03
1.0622713080e+07	7.5656319529e-01	2.8403393059e+03
1.0622713080e+07	7.5639136241e-01	2.8527385797e+03
1.0622713080e+07	7.5621888201e-01	2.8652163986e+03
1.0622713080e+07	7.5604575014e-01	2.8777574090e+03
1.0622713080e+07	7.5587196257e-01	2.8903491439e+03
1.0622713080e+07	7.5569751555e-01	2.9029815115e+03
1.0622713080e+07	7.5552240624e-01	2.9156465452e+03
1.0622713080e+07	7.5534663076e-01	2.9283380961e+03
1.0622713080e+07	7.5517018447e-01	2.9410517254e+03
1.0622713080e+07	7.5499306216e-01	2.9537836895e+03
1.0622713080e+07	7.5481526092e-01	2.9665314858e+03
1.0622713080e+07	7.5463678020e-01	2.9792933135e+03
1.0622713080e+07	7.5445762036e-01	2.9920678013e+03
1.0622713080e+07	7.5427778039e-01	3.0048539355e+03
1.0622713080e+07	7.5409725563e-01	3.0176511294e+03
1.0622713080e+07	7.5391603279e-01	3.0304582875e+03
1.0622713080e+07	7.5373410674e-01	3.0432859929e+03
1.0622713080e+07	7.5355147408e-01	3.0562635140e+03
1.0622713080e+07	7.5336813115e-01	3.0692496072e+03
1.0622713080e+07	7.5318407343e-01	3.0822434752e+03
1.0622713080e+07	7.5299929631e-01	3.0952446842e+03
1.0622713080e+07	7.5281379481e-01	3.1082532469e+03
1.0622713080e+07	7.5262756048e-01	3.1212836054e+03
1.0622713080e+07	7.5244054716e-01	3.1345005689e+03
1.0622713080e+07	7.5225234146e-01	3.1496873381e+03
1.0622713080e+07	7.5217535013e-01	3.1688788149e+03
1.0622713080e+07	7.5216427010e-01	3.1791555837e+03
1.0622713080e+07	7.5215317931e-01	3.1917427331e+03
1.0622713080e+07	7.5214222746e-01	3.2050212034e+03
1.0622713080e+07	7.5213139229e-01	3.2171224062e+03
1.0622713080e+07	7.5212079884e-01	3.2262032041e+03
1.0622713080e+07	7.5211048871e-01	3.2322716807e+03
1.0622713080e+07	7.5210037434e-01	3.2365012048e+03
1.0622713080e+07	7.5209028256e-01	3.2399270814e+03
1.0622713080e+07	7.5208023611e-01	3.2429140806e+03
1.0622713080e+07	7.5207032778e-01	3.2455550744e+03
1.0622713080e+07	7.5206059293e-01	3.2479287713e+03
1.0622713080e+07	7.5205097652e-01	3.2501509753e+03
1.0622713080e+07	7.5204180191e-01	3.2519795199e+03
1.0622713080e+07	7.5203346442e-01	3.2531178621e+03
1.0622713080e+07	7.5202670731e-01	3.2529917250e+03
1.0622713080e+07	7.5202333577e-01	3.2501771616e+03
1.0622713080e+07	7.5202676556e-01	3.2419630458e+03
1.0622713080e+07	7.5204404159e-01	3.2228129893e+03
1.0622713080e+07	7.5209424221e-01	3.1779246613e+03
1.0622713080e+07	7.5218146369e-01	3.1058596677e+03
1.0622713080e+07	7.5232608232e-01	2.9925262559e+03
1.0622713080e+07	7.5256524479e-01	2.8143811742e+03
1.0622713080e+07	7.5294672905e-01	2.5405209987e+03
1.0622713080e+07	7.5293335137e-01	2.3307651265e+03
1.0622713080e+07	7.5282834688e-01	2.3358134021e+03
1.0622713080e+07	7.5271713460e-01	2.3417528913e+03
1.0622713080e+07	7.5260294209e-01	2.3482726371e+03
1.0622713080e+07	7.5248385560e-01	2.3551408036e+03
1.0622713080e+07	7.5236070459e-01	2.3622462940e+03
1.0622713080e+07	7.5223376086e-01	2.3695318809e+03
1.0622713080e+07	7.5210189916e-01	2.3769626648e+03
1.0622713080e+07	7.5196270028e-01	2.3845155179e+03
1.0622713080e+07	7.5182237512e-01	2.3921733421e+03
1.0622713080e+07	7.5168156350e-01	2.3999232126e+03
1.0622713080e+07	7.5154009891e-01	2.4077549537e+03
1.0622713080e+07	7.5139717852e-01	2.4156605521e+03
1.0622713080e+07	7.5125333752e-01	2.4236328579e+03
1.0622713080e+07	7.5110872577e-01	2.4316662209e+03
1.0622713080e+07	7.5096334289e-01	2.4397557607e+03
1.0622713080e+07	7.5081719356e-01	2.4478972384e+03
1.0622713080e+07	7.5067026402e-01	2.4560870471e+03
1.0622713080e+07	7.5052253468e-01	2.4643216094e+03
1.0622713080e+07	7.5037393331e-01	2.4725979402e+03
1.0622713080e+07	7.5022439384e-01	2.4809132566e+03
1.0622713080e+07	7.5007374033e-01	2.4892650838e+03
1.0622713080e+07	7.4992142065e-01	2.4976508318e+03
1.0580472249e+07	7.4976798681e-01	2.5067300189e+03
1.0580472249e+07	7.4722262848e-01	2.5179666737e+03
1.0580472249e+07	7.4715208497e-01	2.5244369955e+03
1.0580472249e+07	7.4708363918e-01	2.5318064520e+03
1.0580472249e+07	7.4701734409e-01	2.5391641831e+03
1.0580472249e+07	7.4695335451e-01	2.5460925489e+03
1.0580472249e+07	7.4689187078e-01	2.5524910082e+03
1.0580472249e+07	7.4683312180e-01	2.5583755533e+03
1.0580472249e+07	7.4677735660e-01	2.5637918343e+03
1.0580472249e+07	7.4672483827e-01	2.5688066290e+03
1.0580472249e+07	7.4667584243e-01	2.5734662441e+03
1.0580472249e+07	7.4663065683e-01	2.5777571959e+03
1.0580472249e+07	7.4658959621e-01	2.5816957126e+03
1.0580472249e+07	7.4655304906e-01	2.5852917271e+03
1.0580472249e+07	7.4652099496e-01	2.5885512045e+03
1.0580472249e+07	7.4639216365e-01	2.5914885421e+03
1.0580472249e+07	7.4623816987e-01	2.5941562592e+03
1.0580472249e+07	7.4608236150e-01	2.5964216135e+03
1.0580472249e+07	7.4592533515e-01	2.5985850789e+03
1.0580472249e+07	7.4576737187e-01	2.6019991286e+03
1.0580472249e+07	7.4560861162e-01	2.6075493379e+03
1.0580472249e+07	7.4544912750e-01	2.6151504370e+03
1.0580472249e+07	7.4528896028e-01	2.6243196649e+03
1.0580472249e+07	7.4512813454e-01	2.6345737114e+03
1.0580472249e+07	7.4496666560e-01	2.6455427968e+03
1.0580472249e+07	7.4480456265e-01	2.6569707833e+03
1.0580472249e+07	7.4464183059e-01	2.6686871780e+03
1.0580472249e+07	7.4447847123e-01	2.6805819044e+03
1.0580472249e+07	7.4431448391e-01	2.6925859432e+03
1.0580472249e+07	7.4414986223e-01	2.7046706067e+03
1.0580472249e+07	7.4398455370e-01	2.7169797991e+03
1.0580472249e+07	7.4381807780e-01	2.7313423213e+03
1.0580472249e+07	7.4375652972e-01	2.7483554924e+03
1.0580472249e+07	7.4374623854e-01	2.7576669532e+03
1.0580472249e+07	7.4373597059e-01	2.7687578127e+03
1.0580472249e+07	7.4372586645e-01	2.7800884106e+03
1.0580472249e+07	7.4371587396e-01	2.7901545628e+03
1.0580472249e+07	7.4370610280e-01	2.7976424435e+03
1.0580472249e+07	7.4369659198e-01	2.8027396714e+03
1.0580472249e+07	7.4368726238e-01	2.8064293692e+03
1.0580472249e+07	7.4367793925e-01	2.8095191450e+03
1.0580472249e+07	7.4366865714e-01	2.8122598992e+03
1.0580472249e+07	7.4365951920e-01	2.8147105206e+03
1.0580472249e+07	7.4365056538e-01	2.8169257005e+03
1.0580472249e+07	7.4364173416e-01	2.8190063152e+03
1.0580472249e+07	7.4363337742e-01	2.8207201728e+03
1.0580472249e+07	7.4362592155e-01	2.8217852579e+03
1.0580472249e+07	7.4362016600e-01	2.8216578828e+03
1.0580472249e+07	7.4361805378e-01	2.8189928174e+03
1.0580472249e+07	7.4362326547e-01	2.8112287946e+03
1.0580472249e+07	7.4364338402e-01	2.7931299558e+03
1.0580472249e+07	7.4369897278e-01	2.7506400627e+03
1.0580472249e+07	7.4379421317e-01	2.6822045277e+03
1.0580472249e+07	7.4395369874e-01	2.5719349418e+03
1.0580472249e+07	7.4413586935e-01	2.4004887688e+03
1.0580472249e+07	7.4397036607e-01	2.3286603362e+03
1.0580472249e+07	7.4387604632e-01	2.3341348958e+03
1.0580472249e+07	7.4377535733e-01	2.3404748671e+03
1.0580472249e+07	7.4367074278e-01	2.3473427774e+03
1.0580472249e+07	7.4356302192e-01	2.3545327383e+03
1.0580472249e+07	7.4344930371e-01	2.3619475483e+03
1.0580472249e+07	7.4333189414e-01	2.3695356317e+03
1.0580472249e+07	7.4320868995e-01	2.3772649815e+03
1.0580472249e+07	7.4307852313e-01	2.3851138173e+03
1.0580472249e+07	7.4294772745e-01	2.3930660985e+03
1.0580472249e+07	7.4281648285e-01	2.4011091216e+03
1.0580472249e+07	7.4268425412e-01	2.4092332217e+03
1.0580472249e+07	7.4255087654e-01	2.4174304828e+03
1.0580472249e+07	7.4241666870e-01	2.4256943847e+03
1.0580472249e+07	7.4228171179e-01	2.4340192610e+03
1.0580472249e+07	7.4214600540e-01	2.4424003783e+03
1.0580472249e+07	7.4200953763e-01	2.4508336003e+03
1.0580472249e+07	7.4187228714e-01	2.4593154464e+03
1.0580472249e+07	7.4173421761e-01	2.4678423639e+03
1.0580472249e+07	7.4159520406e-01	2.4764114429e+03
1.0580472249e+07	7.4145509823e-01	2.4850200017e+03
1.0580472249e+07	7.4131337524e-01	2.4936654641e+03
1.0580472249e+07	7.4117020604e-01	2.5023454277e+03
1.0580472249e+07	7.4102654797e-01	2.5110572697e+03
1.0580472249e+07	7.4088241118e-01	2.5197986411e+03
1.0580472249e+07	7.4073779712e-01	2.5285673171e+03
1.0580472249e+07	7.4059270511e-01	2.5373611039e+03
1.0580472249e+07	7.4044712689e-01	2.5461779934e+03
1.0580472249e+07	7.4030105553e-01	2.5550161365e+03
1.0580472249e+07	7.4015448837e-01	2.5638739572e+03
1.0580472249e+07	7.4000742261e-01	2.5728181994e+03
1.0580472249e+07	7.3985985530e-01	2.5818200217e+03
1.0580472249e+07	7.3971178326e-01	2.5908394124e+03
1.0580472249e+07	7.3956320317e-01	2.5998768907e+03
1.0580472249e+07	7.3941411137e-01	2.6089342277e+03
1.0580472249e+07	7.3926450343e-01	2.6180142966e+03
1.0580472249e+07	7.3911437483e-01	2.6271219678e+03
1.0580472249e+07	7.3896372114e-01	2.6362642556e+03
1.0580472249e+07	7.3881253628e-01	2.6454507948e+03
1.0580472249e+07	7.3866081442e-01	2.6546940723e+03
1.0580472249e+07	7.3850854897e-01	2.6640097198e+03
1.0580472249e+07	7.3835573290e-01	2.6734166482e+03
1.0580472249e+07	7.3820235888e-01	2.6829364410e+03
1.0580472249e+07	7.3804841954e-01	2.6925933387e+03
1.0580472249e+07	7.3789390776e-01	2.7024131557e+03
1.0580472249e+07	7.3773881677e-01	2.7124221444e+03
1.0580472249e+07	7.3758314079e-01	2.7226454364e+03
1.0580472249e+07	7.3742687462e-01	2.7331055616e+03
1.0580472249e+07	7.3727001436e-01	2.7438208780e+03
1.0580472249e+07	7.3711255721e-01	2.7548037362e+03
1.0580472249e+07	7.3695450140e-01	2.7660600476e+03
1.0580472249e+07	7.3679584597e-01	2.7775886052e+03
1.0580472249e+07	7.3663659055e-01	2.7893812879e+03
1.0580472249e+07	7.3647673511e-01	2.8014238196e+03
1.0580472249e+07	7.3631627966e-01	2.8136971517e+03
1.0580472249e+07	7.3615522413e-01	2.8261785376e+03
1.0580472249e+07	7.3599356815e-01	2.8388436240e+03
1.0580472249e+07	7.3583130926e-01	2.8516676504e+03
1.0580472249e+07	7.3566844452e-01	2.8646267944e+03
1.0580472249e+07	7.3550497157e-01	2.8776989701e+03
1.0580472249e+07	7.3534088852e-01	2.8908647238e+03
1.0580472249e+07	7.3517619339e-01	2.9041068309e+03
1.0580472249e+07	7.3501088297e-01	2.9174111588e+03
1.0580472249e+07	7.3484495341e-01	2.9307661335e+03
1.0580472249e+07	7.3467840078e-01	2.9441625924e+03
1.0580472249e+07	7.3451122432e-01	2.9575936136e+03
1.0580472249e+07	7.3434342412e-01	2.9710535488e+03
1.0580472249e+07	7.3417500178e-01	2.9845384607e+03
1.0580472249e+07	7.3400595681e-01	2.9980454598e+03
1.0580472249e+07	7.3383628243e-01	3.0115724726e+03
1.0580472249e+07	7.3366596512e-01	3.0251180654e+03
1.0580472249e+07	7.3349500109e-01	3.0386852565e+03
1.0580472249e+07	7.3332338696e-01	3.0524260510e+03
1.0580472249e+07	7.3315112008e-01	3.0661835342e+03
1.0580472249e+07	7.3297819605e-01	3.0799571076e+03
1.0580472249e+07	7.3280461065e-01	3.0937461489e+03
1.0580472249e+07	7.3263035959e-01	3.1075502421e+03
1.0580472249e+07	7.3245543862e-01	3.1213682873e+03
1.0580472249e+07	7.3227984340e-01	3.1351995965e+03
1.0580472249e+07	7.3210356955e-01	3.1490435803e+03
1.0580472249e+07	7.3192661194e-01	3.1629021141e+03
1.0580472249e+07	7.3174895798e-01	3.1768048633e+03
1.0580472249e+07	7.3157051723e-01	3.1910788304e+03
1.0580472249e+07	7.3139050902e-01	3.2092306679e+03
1.0580472249e+07	7.3136266902e-01	3.2244141837e+03
1.0580472249e+07	7.3135155453e-01	3.2354590675e+03
1.0580472249e+07	7.3134044807e-01	3.2487148262e+03
1.0580472249e+07	7.3132951404e-01	3.2623178676e+03
1.0580472249e+07	7.3131869199e-01	3.2744563870e+03
1.0580472249e+07	7.3130815273e-01	3.2833737424e+03
1.0580472249e+07	7.3129791149e-01	3.2893824844e+03
1.0580472249e+07	7.3128787565e-01	3.2936865408e+03
1.0580472249e+07	7.3127782983e-01	3.2972895808e+03
1.0580472249e+07	7.3126785993e-01	3.3004458410e+03
1.0580472249e+07	7.3125804966e-01	3.3032611756e+03
1.0580472249e+07	7.3124844585e-01	3.3057946023e+03
1.0580472249e+07	7.3123897137e-01	3.3081769440e+03
1.0580472249e+07	7.3123007697e-01	3.3100778239e+03
1.0580472249e+07	7.3122223395e-01	3.3111618998e+03
1.0580472249e+07	7.3121642928e-01	3.3107025559e+03
1.0580472249e+07	7.3121499904e-01	3.3069448569e+03
1.0580472249e+07	7.3122236676e-01	3.2965665108e+03
1.0580472249e+07	7.3124838733e-01	3.2722416194e+03
1.0580472249e+07	7.3131757017e-01	3.2160590926e+03
1.0580472249e+07	7.3143447611e-01	3.1267525796e+03
1.0580472249e+07	7.3162891104e-01	2.9854102193e+03
1.0580472249e+07	7.3194369936e-01	2.7686325467e+03
1.0580472249e+07	7.3239846686e-01	2.4438308637e+03
1.0580472249e+07	7.3227117243e-01	2.3289239877e+03
1.0580472249e+07	7.3217076220e-01	2.3346057572e+03
1.0580472249e+07	7.3206359865e-01	2.3411870922e+03
1.0580472249e+07	7.3195232129e-01	2.3483189751e+03
1.0580472249e+07	7.3183742954e-01	2.3557833354e+03
1.0580472249e+07	7.3171678795e-01	2.3634781249e+03
1.0580472249e+07	7.3159177024e-01	2.3713499086e+03
1.0580472249e+07	7.3146009949e-01	2.3793662268e+03
1.0580472249e+07	7.3132247680e-01	2.3875043018e+03
1.0580472249e+07	7.3118438112e-01	2.3957476655e+03
1.0580472249e+07	7.3104580018e-01	2.4040838428e+03
1.0580472249e+07	7.3090586408e-01	2.4125028145e+03
1.0580472249e+07	7.3076486503e-01	2.4209965392e+03
1.0580472249e+07	7.3062302908e-01	2.4295584231e+03
1.0580472249e+07	7.3048038960e-01	2.4381827197e+03
1.0580472249e+07	7.3033693355e-01	2.4468647945e+03
1.0580472249e+07	7.3019265302e-01	2.4556002597e+03
1.0580472249e+07	7.3004746772e-01	2.4643854935e+03
1.0580472249e+07	7.2990136013e-01	2.4732172560e+03
1.0580472249e+07	7.2975418037e-01	2.4820925137e+03
1.0580472249e+07	7.2960555859e-01	2.4910085628e+03
1.0580472249e+07	7.2945496048e-01	2.4999629018e+03
1.0580472249e+07	7.2930363388e-01	2.5089528223e+03
1.0580472249e+07	7.2915179992e-01	2.5179758750e+03
1.0580472249e+07	7.2899946060e-01	2.5270296866e+03
1.0580472249e+07	7.2884661789e-01	2.5361120180e+03
1.0580472249e+07	7.2869326321e-01	2.5452209181e+03
1.0580472249e+07	7.2853938769e-01	2.5543541239e+03
1.0580472249e+07	7.2838498855e-01	2.5635099100e+03
1.0580472249e+07	7.2823006257e-01	2.5727495806e+03
1.0580472249e+07	7.2807460729e-01	2.5820578041e+03
1.0580472249e+07	7.2791861910e-01	2.5913852386e+03
1.0580472249e+07	7.2776209462e-01	2.6007315579e+03
1.0580472249e+07	7.2760503046e-01	2.6100973969e+03
1.0580472249e+07	7.2744742223e-01	2.6194841704e+03
1.0580472249e+07	7.2728926581e-01	2.6288949419e+03
1.0580472249e+07	7.2713055648e-01	2.6383345328e+03
1.0580472249e+07	7.2697128902e-01	2.6478099615e+03
1.0580472249e+07	7.2681145770e-01	2.6573308211e+03
1.0580472249e+07	7.2665105646e-01	2.6669096206e+03
1.0580472249e+07	7.2649007803e-01	2.6765622089e+03
1.0580472249e+07	7.2632851556e-01	2.6863072724e+03
1.0580472249e+07	7.2616636101e-01	2.6961668233e+03
1.0580472249e+07	7.2600360688e-01	2.7061653451e+03
1.0580472249e+07	7.2584024553e-01	2.7163290152e+03
1.0580472249e+07	7.2567627010e-01	2.7266844886e+03
1.0580472249e+07	7.2551167437e-01	2.7372573808e+03
1.0580472249e+07	7.2534645251e-01	2.7480708711e+03
1.0580472249e+07	7.2518060051e-01	2.7591434391e+03
1.0580472249e+07	7.2501411548e-01	2.7704880450e+03
1.0580472249e+07	7.2484699515e-01	2.7821108880e+03
1.0580472249e+07	7.2467923829e-01	2.7940109119e+03
1.0580472249e+07	7.2451084431e-01	2.8061800063e+03
1.0580472249e+07	7.2434181298e-01	2.8186039191e+03
1.0580472249e+07	7.2417214396e-01	2.8312630315e+03
1.0580472249e+07	7.2400183626e-01	2.8441345123e+03
1.0580472249e+07	7.2383088680e-01	2.8571936319e+03
1.0580472249e+07	7.2365929379e-01	2.8704152776e+03
1.0580472249e+07	7.2348705544e-01	2.8837753213e+03
1.0580472249e+07	7.2331417084e-01	2.8972516097e+03
1.0580472249e+07	7.2314063759e-01	2.9108239994e+03
1.0580472249e+07	7.2296645178e-01	2.9244754552e+03
1.0580472249e+07	7.2279160985e-01	2.9381917174e+03
1.0580472249e+07	7.2261611105e-01	2.9519611975e+03
1.0580472249e+07	7.2243995581e-01	2.9657747257e+03
1.0580472249e+07	7.2226314561e-01	2.9796254567e+03
1.0580472249e+07	7.2208568018e-01	2.9935077249e+03
1.0580472249e+07	7.2190755500e-01	3.0074176811e+03
1.0580472249e+07	7.2172875549e-01	3.0213525313e+03
1.0580472249e+07	7.2154927629e-01	3.0353104021e+03
1.0580472249e+07	7.2136911327e-01	3.0494148605e+03
1.0580472249e+07	7.2118826405e-01	3.0635812585e+03
1.0580472249e+07	7.2100672419e-01	3.0777680759e+03
1.0580472249e+07	7.2082448928e-01	3.0919747471e+03
1.0580472249e+07	7.2064155480e-01	3.1062007035e+03
1.0580472249e+07	7.2045791620e-01	3.1204453562e+03
1.0580472249e+07	7.2027356892e-01	3.1347083279e+03
1.0580472249e+07	7.2008850839e-01	3.1489885117e+03
1.0580472249e+07	7.1990272999e-01	3.1632852361e+03
1.0580472249e+07	7.1971622901e-01	3.1775978943e+03
1.0580472249e+07	7.1952900006e-01	3.1919280811e+03
1.0580472249e+07	7.1934103117e-01	3.2063023999e+03
1.0580472249e+07	7.1915224014e-01	3.2210147504e+03
1.0580472249e+07	7.1896190932e-01	3.2392243574e+03
1.0580472249e+07	7.1892125332e-01	3.2563358912e+03
1.0580472249e+07	7.1890945994e-01	3.2677647744e+03
1.0580472249e+07	7.1889768238e-01	3.2813955696e+03
1.0580472249e+07	7.1888609185e-01	3.2952539946e+03
1.0580472249e+07	7.1887461108e-01	3.3075184837e+03
1.0580472249e+07	7.1886342774e-01	3.3164631089e+03
1.0580472249e+07	7.1885254941e-01	3.3225151428e+03
1.0580472249e+07	7.1884188196e-01	3.3269018944e+03
1.0580472249e+07	7.1883118727e-01	3.3306258360e+03
1.0580472249e+07	7.1882058741e-01	3.3338939738e+03
1.0580472249e+07	7.1881016210e-01	3.3368145143e+03
1.0580472249e+07	7.1879995319e-01	3.3394542932e+03
1.0580472249e+07	7.1878991169e-01	3.3419187931e+03
1.0580472249e+07	7.1878053820e-01	3.3438490130e+03
1.0580472249e+07	7.1877234596e-01	3.3448928629e+03
1.0580472249e+07	7.1876652228e-01	3.3441880618e+03
1.0580472249e+07	7.1876578083e-01	3.3397502846e+03
1.0580472249e+07	7.1877529880e-01	3.3277967981e+03
1.0580472249e+07	7.1880724028e-01	3.2995368690e+03
1.0580472249e+07	7.1889074752e-01	3.2347572392e+03
1.0580472249e+07	7.1903379858e-01	3.1302747901e+03
1.0580472249e+07	7.1926482546e-01	2.9698198680e+03
1.0580472249e+07	7.1964282164e-01	2.7220418498e+03
1.0580472249e+07	7.2005648964e-01	2.3577354624e+03
1.0580472249e+07	7.1990310287e-01	2.3301524109e+03
1.0580472249e+07	7.1979332036e-01	2.3362272438e+03
1.0580472249e+07	7.1967607174e-01	2.3431820750e+03
1.0580472249e+07	7.1955517720e-01	2.3506574923e+03
1.0580472249e+07	7.1942948088e-01	2.3584512425e+03
1.0580472249e+07	7.1929870595e-01	2.3664693439e+03
1.0580472249e+07	7.1916255572e-01	2.3746614210e+03
1.0580472249e+07	7.1901865064e-01	2.3829963563e+03
1.0580472249e+07	7.1887124003e-01	2.3914524241e+03
1.0580472249e+07	7.1872332050e-01	2.4000137332e+03
1.0580472249e+07	7.1857458375e-01	2.4086678176e+03
1.0580472249e+07	7.1842432616e-01	2.4174050391e+03
1.0580472249e+07	7.1827310225e-01	2.4262174890e+03
1.0580472249e+07	7.1812095496e-01	2.4350988741e+03
1.0580472249e+07	7.1796793370e-01	2.4440432712e+03
1.0580472249e+07	7.1781402181e-01	2.4530460513e+03
1.0580472249e+07	7.1765919275e-01	2.4621031367e+03
1.0580472249e+07	7.1750337803e-01	2.4712109198e+03
1.0580472249e+07	7.1734642762e-01	2.4803661652e+03
1.0580472249e+07	7.1718805657e-01	2.4895659523e+03
1.0580472249e+07	7.1702753718e-01	2.4988077907e+03
1.0580472249e+07	7.1686591202e-01	2.5080886600e+03
1.0580472249e+07	7.1670374098e-01	2.5174060464e+03
1.0580472249e+07	7.1654102716e-01	2.5267575037e+03
1.0580472249e+07	7.1637777263e-01	2.5361407405e+03
1.0580472249e+07	7.1621396918e-01	2.5455535490e+03
1.0580472249e+07	7.1604960658e-01	2.5549938583e+03
1.0580472249e+07	7.1588468157e-01	2.5644599476e+03
1.0580472249e+07	7.1571919081e-01	2.5740233980e+03
1.0580472249e+07	7.1555313151e-01	2.5836511175e+03
1.0580472249e+07	7.1538650012e-01	2.5933002913e+03
1.0580472249e+07	7.1521929318e-01	2.6029700794e+03
1.0580472249e+07	7.1505150682e-01	2.6126602850e+03
1.0580472249e+07	7.1488313695e-01	2.6223715741e+03
1.0580472249e+07	7.1471417941e-01	2.6321058956e+03
1.0580472249e+07	7.1454462945e-01	2.6418663292e+03
1.0580472249e+07	7.1437448198e-01	2.6516580493e+03
1.0580472249e+07	7.1420373117e-01	2.6614885013e+03
1.0580472249e+07	7.1403237134e-01	2.6713677417e+03
1.0580472249e+07	7.1386039577e-01	2.6813088602e+03
1.0580472249e+07	7.1368779658e-01	2.6913282211e+03
1.0580472249e+07	7.1351456683e-01	2.7014455050e+03
1.0580472249e+07	7.1334069785e-01	2.7116831983e+03
1.0580472249e+07	7.1316618177e-01	2.7220664600e+03
1.0580472249e+07	7.1299101056e-01	2.7326220265e+03
1.0580472249e+07	7.1281517728e-01	2.7433769304e+03
1.0580472249e+07	7.1263867493e-01	2.7543569781e+03
1.0580472249e+07	7.1246149764e-01	2.7655850751e+03
1.0580472249e+07	7.1228364145e-01	2.7770796073e+03
1.0580472249e+07	7.1210510280e-01	2.7888526156e+03
1.0580472249e+07	7.1192587920e-01	2.8009093773e+03
1.0580472249e+07	7.1174596976e-01	2.8132477085e+03
1.0580472249e+07	7.1156537344e-01	2.8258583628e+03
1.0580472249e+07	7.1138408945e-01	2.8387258406e+03
1.0580472249e+07	7.1120211439e-01	2.8518299108e+03
1.0580472249e+07	7.1101944594e-01	2.8651467557e+03
1.0580472249e+07	7.1083608373e-01	2.8786511281e+03
1.0580472249e+07	7.1065202697e-01	2.8923176771e+03
1.0580472249e+07	7.1046727332e-01	2.9061222114e+03
1.0580472249e+07	7.1028182007e-01	2.9200426522e+03
1.0580472249e+07	7.1009566387e-01	2.9340591899e+03
1.0580472249e+07	7.0990880452e-01	2.9481551172e+03
1.0580472249e+07	7.0972124278e-01	2.9623165668e+03
1.0580472249e+07	7.0953298041e-01	2.9765323558e+03
1.0580472249e+07	7.0934401721e-01	2.9907938976e+03
1.0580472249e+07	7.0915434944e-01	3.0050941968e+03
1.0580472249e+07	7.0896396158e-01	3.0194283108e+03
1.0580472249e+07	7.0877284750e-01	3.0337927477e+03
1.0580472249e+07	7.0858100243e-01	3.0482922082e+03
1.0580472249e+07	7.0838842449e-01	3.0628814718e+03
1.0580472249e+07	7.0819510877e-01	3.0774960955e+03
1.0580472249e+07	7.0800105051e-01	3.0921352212e+03
1.0580472249e+07	7.0780624488e-01	3.1067981640e+03
1.0580472249e+07	7.0761068701e-01	3.1214843399e+03
1.0580472249e+07	7.0741437199e-01	3.1361934542e+03
1.0580472249e+07	7.0721729489e-01	3.1509245325e+03
1.0580472249e+07	7.0701945079e-01	3.1656770282e+03
1.0580472249e+07	7.0682083468e-01	3.1804502617e+03
1.0580472249e+07	7.0662144154e-01	3.1952434813e+03
1.0580472249e+07	7.0642126609e-01	3.2100564423e+03
1.0580472249e+07	7.0622030252e-01	3.2248911712e+03
1.0580472249e+07	7.0601853556e-01	3.2397841656e+03
1.0580472249e+07	7.0581585390e-01	3.2551390866e+03
1.0580472249e+07	7.0561132464e-01	3.2752573712e+03
1.0580472249e+07	7.0559175416e-01	3.2901106553e+03
1.0580472249e+07	7.0557913044e-01	3.3020368319e+03
1.0580472249e+07	7.0556653727e-01	3.3161056757e+03
1.0580472249e+07	7.0555415327e-01	3.3301883813e+03
1.0580472249e+07	7.0554187112e-01	3.3425024862e+03
1.0580472249e+07	7.0552991326e-01	3.3513674801e+03
1.0580472249e+07	7.0551826475e-01	3.3574031606e+03
1.0580472249e+07	7.0550683104e-01	3.3618467667e+03
1.0580472249e+07	7.0549534129e-01	3.3656904978e+03
1.0580472249e+07	7.0548397740e-01	3.3690659028e+03
1.0580472249e+07	7.0547280497e-01	3.3720921049e+03
1.0580472249e+07	7.0546184806e-01	3.3748493127e+03
1.0580472249e+07	7.0545112925e-01	3.3773850254e+03
1.0580472249e+07	7.0544118350e-01	3.3793278428e+03
1.0580472249e+07	7.0543265229e-01	3.3802404242e+03
1.0580472249e+07	7.0542700659e-01	3.3790984723e+03
1.0580472249e+07	7.0542751785e-01	3.3735723218e+03
1.0580472249e+07	7.0544051321e-01	3.3591890042e+03
1.0580472249e+07	7.0548182103e-01	3.3248935138e+03
1.0580472249e+07	7.0557642408e-01	3.2541233769e+03
1.0580472249e+07	7.0573651030e-01	3.1408404284e+03
1.0580472249e+07	7.0599407942e-01	2.9677087728e+03
1.0580472249e+07	7.0641515607e-01	2.7013911189e+03
1.0580472249e+07	7.0671221775e-01	2.3281299130e+03
1.0580472249e+07	7.0660996149e-01	2.3340178235e+03
1.0580472249e+07	7.0650069739e-01	2.3409098881e+03
1.0580472249e+07	7.0638584705e-01	2.3484919676e+03
1.0580472249e+07	7.0626730820e-01	2.3564725747e+03
1.0580472249e+07	7.0614219959e-01	2.3647162794e+03
1.0580472249e+07	7.0601234207e-01	2.3731564904e+03
1.0580472249e+07	7.0587477815e-01	2.3817544849e+03
1.0580472249e+07	7.0573176313e-01	2.3904848070e+03
1.0580472249e+07	7.0558825692e-01	2.3993288220e+03
1.0580472249e+07	7.0544408567e-01	2.4082726337e+03
1.0580472249e+07	7.0529826021e-01	2.4173053948e+03
1.0580472249e+07	7.0515141842e-01	2.4264183472e+03
1.0580472249e+07	7.0500361639e-01	2.4356043218e+03
1.0580472249e+07	7.0485491706e-01	2.4448575927e+03
1.0580472249e+07	7.0470530735e-01	2.4541726563e+03
1.0580472249e+07	7.0455475848e-01	2.4635452331e+03
1.0580472249e+07	7.0440316551e-01	2.4729715256e+03
1.0580472249e+07	7.0425040561e-01	2.4824481452e+03
1.0580472249e+07	7.0409604982e-01	2.4919720588e+03
1.0580472249e+07	7.0393937267e-01	2.5015404644e+03
1.0580472249e+07	7.0378181270e-01	2.5111507656e+03
1.0580472249e+07	7.0362372810e-01	2.5207999768e+03
1.0580472249e+07	7.0346512272e-01	2.5304856868e+03
1.0580472249e+07	7.0330599708e-01	2.5402055748e+03
1.0580472249e+07	7.0314633942e-01	2.5499574306e+03
1.0580472249e+07	7.0298614203e-01	2.5597391927e+03
1.0580472249e+07	7.0282540165e-01	2.5695642213e+03
1.0580472249e+07	7.0266411555e-01	2.5795197527e+03
1.0580472249e+07	7.0250228092e-01	2.5895001888e+03
1.0580472249e+07	7.0233989430e-01	2.5995041527e+03
1.0580472249e+07	7.0217695223e-01	2.6095306137e+03
1.0580472249e+07	7.0201345105e-01	2.6195790774e+03
1.0580472249e+07	7.0184938710e-01	2.6296497866e+03
1.0580472249e+07	7.0168475590e-01	2.6397440334e+03
1.0580472249e+07	7.0151955317e-01	2.6498645629e+03
1.0580472249e+07	7.0135377409e-01	2.6600154432e+03
1.0580472249e+07	7.0118741335e-01	2.6702030887e+03
1.0580472249e+07	7.0102046534e-01	2.6804364007e+03
1.0580472249e+07	7.0085292318e-01	2.6907272166e+03
1.0580472249e+07	7.0068478013e-01	2.7010905215e+03
1.0580472249e+07	7.0051602868e-01	2.7115446406e+03
1.0580472249e+07	7.0034666085e-01	2.7221113145e+03
1.0580472249e+07	7.0017666867e-01	2.7328147516e+03
1.0580472249e+07	7.0000604426e-01	2.7436815205e+03
1.0580472249e+07	6.9983477967e-01	2.7547391666e+03
1.0549394629e+07	6.9966286759e-01	2.7665341379e+03
1.0549394629e+07	7.0130396524e-01	2.7919009586e+03
1.0549394629e+07	7.0114657027e-01	2.8019985034e+03
1.0549394629e+07	7.0098719452e-01	2.8126717177e+03
1.0549394629e+07	7.0082669340e-01	2.8229226239e+03
1.0549394629e+07	7.0066532286e-01	2.8329263001e+03
1.0549394629e+07	7.0050319982e-01	2.8432362537e+03
1.0549394629e+07	7.0034038245e-01	2.8541727649e+03
1.0549394629e+07	7.0017689857e-01	2.8658155483e+03
1.0549394629e+07	7.0001276354e-01	2.8781152906e+03
1.0549394629e+07	6.9984798934e-01	2.8909737869e+03
1.0549394629e+07	6.9968258277e-01	2.9042860461e+03
1.0549394629e+07	6.9951654679e-01	2.9179570665e+03
1.0549394629e+07	6.9934988223e-01	2.9319073697e+03
1.0549394629e+07	6.9918258924e-01	2.9460732151e+03
1.0549394629e+07	6.9901467141e-01	2.9604049955e+03
1.0549394629e+07	6.9884613275e-01	2.9748642121e+03
1.0549394629e+07	6.9867697728e-01	2.9894221550e+03
1.0549394629e+07	6.9850720592e-01	3.0040574703e+03
1.0549394629e+07	6.9833680745e-01	3.0187545224e+03
1.0549394629e+07	6.9816576954e-01	3.0335023088e+03
1.0549394629e+07	6.9799408890e-01	3.0483164336e+03
1.0549394629e+07	6.9782176357e-01	3.0633196883e+03
1.0549394629e+07	6.9764879033e-01	3.0783569755e+03
1.0549394629e+07	6.9747516501e-01	3.0934255787e+03
1.0549394629e+07	6.9730088325e-01	3.1085238699e+03
1.0549394629e+07	6.9712594103e-01	3.1236500956e+03
1.0549394629e+07	6.9695033390e-01	3.1388033260e+03
1.0549394629e+07	6.9677405749e-01	3.1539827374e+03
1.0549394629e+07	6.9659710740e-01	3.1691875676e+03
1.0549394629e+07	6.9641947920e-01	3.1844173481e+03
1.0549394629e+07	6.9624116843e-01	3.1996708401e+03
1.0549394629e+07	6.9606217060e-01	3.2149473431e+03
1.0549394629e+07	6.9588248099e-01	3.2302464404e+03
1.0549394629e+07	6.9570209382e-01	3.2455721674e+03
1.0549394629e+07	6.9552099057e-01	3.2609780341e+03
1.0549394629e+07	6.9533901997e-01	3.2770488775e+03
1.0549394629e+07	6.9517540716e-01	3.2999401504e+03
1.0549394629e+07	6.9516262084e-01	3.3108309948e+03
1.0549394629e+07	6.9515060230e-01	3.3231676323e+03
1.0549394629e+07	6.9513862961e-01	3.3375900489e+03
1.0549394629e+07	6.9512687939e-01	3.3518500335e+03
1.0549394629e+07	6.9511521064e-01	3.3642008236e+03
1.0549394629e+07	6.9510387004e-01	3.3730241197e+03
1.0549394629e+07	6.9509283293e-01	3.3790727023e+03
1.0549394629e+07	6.9508200923e-01	3.3835898336e+03
1.0549394629e+07	6.9507109904e-01	3.3875551081e+03
1.0549394629e+07	6.9506033919e-01	3.3910407780e+03
1.0549394629e+07	6.9504978514e-01	3.3941758499e+03
1.0549394629e+07	6.9503944671e-01	3.3970467052e+03
1.0549394629e+07	6.9502940836e-01	3.3996526442e+03
1.0549394629e+07	6.9502024464e-01	3.4016048551e+03
1.0549394629e+07	6.9501269499e-01	3.4024043455e+03
1.0549394629e+07	6.9500851632e-01	3.4008434035e+03
1.0549394629e+07	6.9501149761e-01	3.3942678153e+03
1.0549394629e+07	6.9502907420e-01	3.3775171154e+03
1.0549394629e+07	6.9508075574e-01	3.3372238435e+03
1.0549394629e+07	6.9518072279e-01	3.2650155655e+03
1.0549394629e+07	6.9534774823e-01	3.1498523461e+03
1.0549394629e+07	6.9561169805e-01	2.9763873043e+03
1.0549394629e+07	6.9604362332e-01	2.7091365487e+03
1.0549394629e+07	6.9635519447e-01	2.3340219355e+03
1.0549394629e+07	6.9625477874e-01	2.3402025207e+03
1.0549394629e+07	6.9614744199e-01	2.3474100767e+03
1.0549394629e+07	6.9603385223e-01	2.3553186454e+03
1.0549394629e+07	6.9591681310e-01	2.3636301763e+03
1.0549394629e+07	6.9579263743e-01	2.3722078445e+03
1.0549394629e+07	6.9566370937e-01	2.3809843226e+03
1.0549394629e+07	6.9552601200e-01	2.3899213759e+03
1.0549394629e+07	6.9538382656e-01	2.3989928794e+03
1.0549394629e+07	6.9524115581e-01	2.4081801531e+03
1.0549394629e+07	6.9509746794e-01	2.4174692169e+03
1.0549394629e+07	6.9495216310e-01	2.4268491491e+03
1.0549394629e+07	6.9480580182e-01	2.4363111477e+03
1.0549394629e+07	6.9465852836e-01	2.4458483028e+03
1.0549394629e+07	6.9451032467e-01	2.4554541349e+03
1.0549394629e+07	6.9436113073e-01	2.4651236870e+03
1.0549394629e+07	6.9421089574e-01	2.4748525987e+03
1.0549394629e+07	6.9405955319e-01	2.4846370587e+03
1.0549394629e+07	6.9390675842e-01	2.4944736928e+03
1.0549394629e+07	6.9375173659e-01	2.5043594822e+03
1.0549394629e+07	6.9359516499e-01	2.5142917198e+03
1.0549394629e+07	6.9343807302e-01	2.5242672014e+03
1.0549394629e+07	6.9328046542e-01	2.5342834080e+03
1.0549394629e+07	6.9312234558e-01	2.5443378902e+03
1.0549394629e+07	6.9296370299e-01	2.5544283608e+03
1.0549394629e+07	6.9280452723e-01	2.5645526731e+03
1.0549394629e+07	6.9264481524e-01	2.5747108880e+03
1.0549394629e+07	6.9248456420e-01	2.5850210091e+03
1.0549394629e+07	6.9232377145e-01	2.5953596858e+03
1.0549394629e+07	6.9216243367e-01	2.6057252939e+03
1.0549394629e+07	6.9200054741e-01	2.6161164460e+03
1.0549394629e+07	6.9183810915e-01	2.6265321287e+03
1.0549394629e+07	6.9167511543e-01	2.6369718613e+03
1.0549394629e+07	6.9151156219e-01	2.6474359467e+03
1.0549394629e+07	6.9134744510e-01	2.6579258827e+03
1.0549394629e+07	6.9118275995e-01	2.6684440649e+03
1.0549394629e+07	6.9101750191e-01	2.6789949260e+03
1.0549394629e+07	6.9085166571e-01	2.6895849623e+03
1.0549394629e+07	6.9068524580e-01	2.7002232159e+03
1.0549394629e+07	6.9051823522e-01	2.7109217281e+03
1.0549394629e+07	6.9035062760e-01	2.7216957106e+03
1.0549394629e+07	6.9018241520e-01	2.7325639756e+03
1.0549394629e+07	6.9001359058e-01	2.7435482460e+03
1.0549394629e+07	6.8984414539e-01	2.7546734427e+03
1.0549394629e+07	6.8967407198e-01	2.7659665884e+03
1.0549394629e+07	6.8950336246e-01	2.7774557315e+03
1.0549394629e+07	6.8933201004e-01	2.7891683972e+03
1.0549394629e+07	6.8916000840e-01	2.8011300384e+03
1.0549394629e+07	6.8898735281e-01	2.8133617411e+03
1.0549394629e+07	6.8881403957e-01	2.8258791590e+03
1.0549394629e+07	6.8864006573e-01	2.8386910312e+03
1.0549394629e+07	6.8846542628e-01	2.8517984816e+03
1.0549394629e+07	6.8829011686e-01	2.8651949954e+03
1.0549394629e+07	6.8811413845e-01	2.8788672427e+03
1.0549394629e+07	6.8793749072e-01	2.8927958491e+03
1.0549394629e+07	6.8776017272e-01	2.9069575819e+03
1.0549394629e+07	6.8758218318e-01	2.9213269101e+03
1.0549394629e+07	6.8740352011e-01	2.9358775940e+03
1.0549394629e+07	6.8722418675e-01	2.9505841774e+03
1.0549394629e+07	6.8704418653e-01	2.9654226849e+03
1.0549394629e+07	6.8686352305e-01	2.9803720438e+03
1.0549394629e+07	6.8668219841e-01	2.9954139603e+03
1.0549394629e+07	6.8650020634e-01	3.0105332475e+03
1.0549394629e+07	6.8631753149e-01	3.0257177444e+03
1.0549394629e+07	6.8613416944e-01	3.0409575917e+03
1.0549394629e+07	6.8595011569e-01	3.0563591408e+03
1.0549394629e+07	6.8576536868e-01	3.0718717309e+03
1.0549394629e+07	6.8557992439e-01	3.0874237893e+03
1.0549394629e+07	6.8539377819e-01	3.1030126758e+03
1.0549394629e+07	6.8520692552e-01	3.1186360405e+03
1.0549394629e+07	6.8501936176e-01	3.1342925901e+03
1.0549394629e+07	6.8483108220e-01	3.1499814029e+03
1.0549394629e+07	6.8464208206e-01	3.1657018033e+03
1.0549394629e+07	6.8445235680e-01	3.1814534907e+03
1.0549394629e+07	6.8426190131e-01	3.1972355736e+03
1.0549394629e+07	6.8407071102e-01	3.2130476005e+03
1.0549394629e+07	6.8387878115e-01	3.2288890098e+03
1.0549394629e+07	6.8368610667e-01	3.2447591604e+03
1.0549394629e+07	6.8349268255e-01	3.2606576370e+03
1.0549394629e+07	6.8329850405e-01	3.2765831968e+03
1.0549394629e+07	6.8310356567e-01	3.2925362313e+03
1.0549394629e+07	6.8290785930e-01	3.3085285861e+03
1.0549394629e+07	6.8271134466e-01	3.3246982393e+03
1.0549394629e+07	6.8251366539e-01	3.3425432663e+03
1.0549394629e+07	6.8239892575e-01	3.3695151146e+03
1.0549394629e+07	6.8238601548e-01	3.3821509676e+03
1.0549394629e+07	6.8237314549e-01	3.3969997861e+03
1.0549394629e+07	6.8236049923e-01	3.4117764377e+03
1.0549394629e+07	6.8234794805e-01	3.4246006482e+03
1.0549394629e+07	6.8233571590e-01	3.4338435836e+03
1.0549394629e+07	6.8232380281e-01	3.4401987152e+03
1.0549394629e+07	6.8231211555e-01	3.4449555505e+03
1.0549394629e+07	6.8230034374e-01	3.4491297579e+03
1.0549394629e+07	6.8228872376e-01	3.4528093173e+03
1.0549394629e+07	6.8227732437e-01	3.4561179555e+03
1.0549394629e+07	6.8226615563e-01	3.4591506236e+03
1.0549394629e+07	6.8225531253e-01	3.4619013823e+03
1.0549394629e+07	6.8224541509e-01	3.4639551049e+03
1.0549394629e+07	6.8223727241e-01	3.4647717911e+03
1.0549394629e+07	6.8223283224e-01	3.4630290337e+03
1.0549394629e+07	6.8223627661e-01	3.4558326311e+03
1.0549394629e+07	6.8225588702e-01	3.4375104129e+03
1.0549394629e+07	6.8231385300e-01	3.3930740820e+03
1.0549394629e+07	6.8241844629e-01	3.3186303303e+03
1.0549394629e+07	6.8259322311e-01	3.2001452831e+03
1.0549394629e+07	6.8287776536e-01	3.0167538096e+03
1.0549394629e+07	6.8333524812e-01	2.7406668528e+03
1.0549394629e+07	6.8371693434e-01	2.3342829469e+03
1.0549394629e+07	6.8360329439e-01	2.3407092583e+03
1.0549394629e+07	6.8348230646e-01	2.3481878391e+03
1.0549394629e+07	6.8335483432e-01	2.3563951891e+03
1.0549394629e+07	6.8322340278e-01	2.3650174865e+03
1.0549394629e+07	6.8308471541e-01	2.3739133972e+03
1.0549394629e+07	6.8294053666e-01	2.3830131642e+03
1.0549394629e+07	6.8278716333e-01	2.3922769614e+03
1.0549394629e+07	6.8263030570e-01	2.4016782633e+03
1.0549394629e+07	6.8247290784e-01	2.4111981102e+03
1.0549394629e+07	6.8231400634e-01	2.4208226145e+03
1.0549394629e+07	6.8215355223e-01	2.4305401853e+03
1.0549394629e+07	6.8199202973e-01	2.4403420675e+03
1.0549394629e+07	6.8182943976e-01	2.4502210296e+03
1.0549394629e+07	6.8166578571e-01	2.4601710235e+03
1.0549394629e+07	6.8150106247e-01	2.4701869333e+03
1.0549394629e+07	6.8133515560e-01	2.4802645959e+03
1.0549394629e+07	6.8116786337e-01	2.4903998127e+03
1.0549394629e+07	6.8099865881e-01	2.5005893087e+03
1.0549394629e+07	6.8082688105e-01	2.5108300469e+03
1.0549394629e+07	6.8065433857e-01	2.5211189768e+03
1.0549394629e+07	6.8048122001e-01	2.5314532868e+03
1.0549394629e+07	6.8030753022e-01	2.5418305882e+03
1.0549394629e+07	6.8013326368e-01	2.5522481642e+03
1.0549394629e+07	6.7995840521e-01	2.5627038513e+03
1.0549394629e+07	6.7978295074e-01	2.5731955896e+03
1.0549394629e+07	6.7960689699e-01	2.5838280395e+03
1.0549394629e+07	6.7943024113e-01	2.5945145787e+03
1.0549394629e+07	6.7925297904e-01	2.6052322439e+03
1.0549394629e+07	6.7907510735e-01	2.6159790970e+03
1.0549394629e+07	6.7889662218e-01	2.6267538004e+03
1.0549394629e+07	6.7871751980e-01	2.6375553465e+03
1.0549394629e+07	6.7853779555e-01	2.6483833097e+03
1.0549394629e+07	6.7835744562e-01	2.6592379530e+03
1.0549394629e+07	6.7817646531e-01	2.6701207459e+03
1.0549394629e+07	6.7799485001e-01	2.6810341011e+03
1.0549394629e+07	6.7781259423e-01	2.6919824539e+03
1.0549394629e+07	6.7762969192e-01	2.7029723105e+03
1.0549394629e+07	6.7744613721e-01	2.7140127196e+03
1.0549394629e+07	6.7726192324e-01	2.7251157221e+03
1.0549394629e+07	6.7707704289e-01	2.7362967464e+03
1.0549394629e+07	6.7689148801e-01	2.7475743805e+03
1.0549394629e+07	6.7670525001e-01	2.7589708349e+03
1.0549394629e+07	6.7651832059e-01	2.7705112492e+03
1.0549394629e+07	6.7633069124e-01	2.7822230228e+03
1.0549394629e+07	6.7614235404e-01	2.7941346251e+03
1.0549394629e+07	6.7595330072e-01	2.8062742975e+03
1.0549394629e+07	6.7576352509e-01	2.8186676524e+03
1.0549394629e+07	6.7557302177e-01	2.8313365731e+03
1.0549394629e+07	6.7538178545e-01	2.8442972224e+03
1.0549394629e+07	6.7518980762e-01	2.8575587152e+03
1.0549394629e+07	6.7499708491e-01	2.8711224384e+03
1.0549394629e+07	6.7480361759e-01	2.8849821043e+03
1.0549394629e+07	6.7460940408e-01	2.8991239908e+03
1.0549394629e+07	6.7441444242e-01	2.9135287972e+03
1.0549394629e+07	6.7421873152e-01	2.9281729272e+03
1.0549394629e+07	6.7402227303e-01	2.9430305036e+03
1.0549394629e+07	6.7382507156e-01	2.9580749810e+03
1.0549394629e+07	6.7362713098e-01	2.9732801830e+03
1.0549394629e+07	6.7342845451e-01	2.9886221166e+03
1.0549394629e+07	6.7322904145e-01	3.0040793435e+03
1.0549394629e+07	6.7302887500e-01	3.0196334359e+03
1.0549394629e+07	6.7282794817e-01	3.0352691699e+03
1.0549394629e+07	6.7262625523e-01	3.0510202055e+03
1.0549394629e+07	6.7242379567e-01	3.0669719759e+03
1.0549394629e+07	6.7222056519e-01	3.0829769138e+03
1.0549394629e+07	6.7201655909e-01	3.0990294749e+03
1.0549394629e+07	6.7181177240e-01	3.1151256422e+03
1.0549394629e+07	6.7160620019e-01	3.1312625797e+03
1.0549394629e+07	6.7139983729e-01	3.1474384720e+03
1.0549394629e+07	6.7119267849e-01	3.1636518120e+03
1.0549394629e+07	6.7098471854e-01	3.1799019750e+03
1.0549394629e+07	6.7077595214e-01	3.1961879626e+03
1.0549394629e+07	6.7056637380e-01	3.2125093505e+03
1.0549394629e+07	6.7035597844e-01	3.2288656555e+03
1.0549394629e+07	6.7014476049e-01	3.2452565084e+03
1.0549394629e+07	6.6993271434e-01	3.2616811784e+03
1.0549394629e+07	6.6971983480e-01	3.2781390332e+03
1.0549394629e+07	6.6950611618e-01	3.2946296820e+03
1.0549394629e+07	6.6929155278e-01	3.3111518841e+03
1.0549394629e+07	6.6907613897e-01	3.3277059161e+03
1.0549394629e+07	6.6885986591e-01	3.3443027886e+03
1.0549394629e+07	6.6864269514e-01	3.3610713185e+03
1.0549394629e+07	6.6842429071e-01	3.3794096763e+03
1.0549394629e+07	6.6828821551e-01	3.4083160588e+03
1.0549394629e+07	6.6827416516e-01	3.4214422734e+03
1.0549394629e+07	6.6826016681e-01	3.4367571032e+03
1.0549394629e+07	6.6824641096e-01	3.4518437763e+03
1.0549394629e+07	6.6823274549e-01	3.4648303748e+03
1.0549394629e+07	6.6821941832e-01	3.4741364774e+03
1.0549394629e+07	6.6820641771e-01	3.4805814562e+03
1.0549394629e+07	6.6819365010e-01	3.4854671225e+03
1.0549394629e+07	6.6818077323e-01	3.4898081107e+03
1.0549394629e+07	6.6816807975e-01	3.4936359703e+03
1.0549394629e+07	6.6815562772e-01	3.4970843533e+03
1.0549394629e+07	6.6814341189e-01	3.5002609070e+03
1.0549394629e+07	6.6813160760e-01	3.5031025699e+03
1.0549394629e+07	6.6812088530e-01	3.5051695870e+03
1.0549394629e+07	6.6811219035e-01	3.5058417697e+03
1.0549394629e+07	6.6810788501e-01	3.5035488319e+03
1.0549394629e+07	6.6811286433e-01	3.4949734853e+03
1.0549394629e+07	6.6813700616e-01	3.4735089474e+03
1.0549394629e+07	6.6820803821e-01	3.4208976912e+03
1.0549394629e+07	6.6833043836e-01	3.3363502684e+03
1.0549394629e+07	6.6853393245e-01	3.2022919840e+03
1.0549394629e+07	6.6886370049e-01	2.9962672487e+03
1.0549394629e+07	6.6939218311e-01	2.6885609788e+03
1.0549394629e+07	6.6968881022e-01	2.3353305500e+03
1.0549394629e+07	6.6957262836e-01	2.3421258262e+03
1.0549394629e+07	6.6944853423e-01	2.3499974989e+03
1.0549394629e+07	6.6931829964e-01	2.3585761560e+03
1.0549394629e+07	6.6918307766e-01	2.3675591979e+03
1.0549394629e+07	6.6904114482e-01	2.3768111411e+03
1.0549394629e+07	6.6889245735e-01	2.3862657656e+03
1.0549394629e+07	6.6873419851e-01	2.3958846773e+03
1.0549394629e+07	6.6857439102e-01	2.4056418205e+03
1.0549394629e+07	6.6841392301e-01	2.4155186370e+03
1.0549394629e+07	6.6825139934e-01	2.4255011707e+03
1.0549394629e+07	6.6808759010e-01	2.4355784574e+03
1.0549394629e+07	6.6792262230e-01	2.4457419946e+03
1.0549394629e+07	6.6775657910e-01	2.4559841522e+03
1.0549394629e+07	6.6758941951e-01	2.4662990899e+03
1.0549394629e+07	6.6742099649e-01	2.4766817898e+03
1.0549394629e+07	6.6725125910e-01	2.4871279270e+03
1.0549394629e+07	6.6707978844e-01	2.4976337493e+03
1.0549394629e+07	6.6690549222e-01	2.5081961729e+03
1.0549394629e+07	6.6672979278e-01	2.5188116224e+03
1.0549394629e+07	6.6655350548e-01	2.5294771472e+03
1.0549394629e+07	6.6637663675e-01	2.5401900329e+03
1.0549394629e+07	6.6619918624e-01	2.5509477701e+03
1.0549394629e+07	6.6602113581e-01	2.5617480258e+03
1.0549394629e+07	6.6584247973e-01	2.5725888745e+03
1.0549394629e+07	6.6566321457e-01	2.5835660251e+03
1.0549394629e+07	6.6548333744e-01	2.5946144217e+03
1.0549394629e+07	6.6530284460e-01	2.6056979591e+03
1.0549394629e+07	6.6512173247e-01	2.6168148284e+03
1.0549394629e+07	6.6493999699e-01	2.6279634327e+03
1.0549394629e+07	6.6475763400e-01	2.6391426170e+03
1.0549394629e+07	6.6457463980e-01	2.6503511612e+03
1.0549394629e+07	6.6439100995e-01	2.6615887479e+03
1.0549394629e+07	6.6420673975e-01	2.6728558037e+03
1.0549394629e+07	6.6402182497e-01	2.6841537525e+03
1.0549394629e+07	6.6383626033e-01	2.6954854379e+03
1.0549394629e+07	6.6365004010e-01	2.7068556302e+03
1.0549394629e+07	6.6346315864e-01	2.7182708400e+03
1.0549394629e+07	6.6327560950e-01	2.7297405171e+03
1.0549394629e+07	6.6308738593e-01	2.7412771007e+03
1.0549394629e+07	6.6289847972e-01	2.7528964201e+03
1.0549394629e+07	6.6270888312e-01	2.7646177642e+03
1.0549394629e+07	6.6251858743e-01	2.7764640287e+03
1.0549394629e+07	6.6232758409e-01	2.7884607402e+03
1.0549394629e+07	6.6213586421e-01	2.8006359190e+03
1.0549394629e+07	6.6194341979e-01	2.8130185439e+03
1.0549394629e+07	6.6175024275e-01	2.8256370827e+03
1.0549394629e+07	6.6155632627e-01	2.8385175823e+03
1.0549394629e+07	6.6136166078e-01	2.8516820656e+03
1.0549394629e+07	6.6116623804e-01	2.8651461826e+03
1.0549394629e+07	6.6097005597e-01	2.8789186115e+03
1.0549394629e+07	6.6077311273e-01	2.8930000527e+03
1.0549394629e+07	6.6057540539e-01	2.9073833498e+03
1.0549394629e+07	6.6037693221e-01	2.9220543276e+03
1.0549394629e+07	6.6017769488e-01	2.9369926264e+03
1.0549394629e+07	6.5997769816e-01	2.9521740253e+03
1.0549394629e+07	6.5977694703e-01	2.9675720627e+03
1.0549394629e+07	6.5957544645e-01	2.9831596942e+03
1.0549394629e+07	6.5937319746e-01	2.9989108322e+03
1.0549394629e+07	6.5917018795e-01	3.0148012388e+03
1.0549394629e+07	6.5896640544e-01	3.0308097650e+03
1.0549394629e+07	6.5876184729e-01	3.0469179840e+03
1.0549394629e+07	6.5855651125e-01	3.0632956741e+03
1.0549394629e+07	6.5835039446e-01	3.0797545598e+03
1.0549394629e+07	6.5814349285e-01	3.0962778210e+03
1.0549394629e+07	6.5793580145e-01	3.1128580497e+03
1.0549394629e+07	6.5772731539e-01	3.1294898929e+03
1.0549394629e+07	6.5751802962e-01	3.1461697620e+03
1.0549394629e+07	6.5730793891e-01	3.1628946084e+03
1.0549394629e+07	6.5709703797e-01	3.1796626987e+03
1.0549394629e+07	6.5688532145e-01	3.1964728390e+03
1.0549394629e+07	6.5667278392e-01	3.2133243185e+03
1.0549394629e+07	6.5645941992e-01	3.2302163857e+03
1.0549394629e+07	6.5624522391e-01	3.2471485938e+03
1.0549394629e+07	6.5603019033e-01	3.2641207949e+03
1.0549394629e+07	6.5581431360e-01	3.2811320300e+03
1.0549394629e+07	6.5559758811e-01	3.2981818408e+03
1.0549394629e+07	6.5538000819e-01	3.3152696001e+03
1.0549394629e+07	6.5516156791e-01	3.3323945899e+03
1.0549394629e+07	6.5494226193e-01	3.3495563790e+03
1.0549394629e+07	6.5472208390e-01	3.3667548873e+03
1.0549394629e+07	6.5450102420e-01	3.3840041017e+03
1.0549394629e+07	6.5427903633e-01	3.4014641380e+03
1.0549394629e+07	6.5405571110e-01	3.4208702387e+03
1.0549394629e+07	6.5393295884e-01	3.4494503846e+03
1.0549394629e+07	6.5391839735e-01	3.4631609417e+03
1.0549394629e+07	6.5390390511e-01	3.4789900258e+03
1.0549394629e+07	6.5388967911e-01	3.4943601477e+03
1.0549394629e+07	6.5387552801e-01	3.5074564263e+03
1.0549394629e+07	6.5386174212e-01	3.5167616802e+03
1.0549394629e+07	6.5384828765e-01	3.5232670873e+03
1.0549394629e+07	6.5383506589e-01	3.5282767137e+03
1.0549394629e+07	6.5382170975e-01	3.5327848542e+03
1.0549394629e+07	6.5380857381e-01	3.5367622849e+03
1.0549394629e+07	6.5379570387e-01	3.5403515241e+03
1.0549394629e+07	6.5378306524e-01	3.5436856250e+03
1.0549394629e+07	6.5377094330e-01	3.5466124756e+03
1.0549394629e+07	6.5376006238e-01	3.5486708056e+03
1.0549394629e+07	6.5375154430e-01	3.5491341826e+03
1.0549394629e+07	6.5374823177e-01	3.5461296915e+03
1.0549394629e+07	6.5375590291e-01	3.5358073632e+03
1.0549394629e+07	6.5378673962e-01	3.5101566212e+03
1.0549394629e+07	6.5387465740e-01	3.4472816536e+03
1.0549394629e+07	6.5402655533e-01	3.3453944298e+03
1.0549394629e+07	6.5427312650e-01	3.1877187898e+03
1.0549394629e+07	6.5467569770e-01	2.9454496255e+03
1.0549394629e+07	6.5532059009e-01	2.5860156882e+03
1.0549394629e+07	6.5542516002e-01	2.3369130456e+03
1.0549394629e+07	6.5530808471e-01	2.3441724938e+03
1.0549394629e+07	6.5518247698e-01	2.3525093294e+03
1.0549394629e+07	6.5505140513e-01	2.3615031505e+03
1.0549394629e+07	6.5491400340e-01	2.3708782152e+03
1.0549394629e+07	6.5477056821e-01	2.3805129441e+03
1.0549394629e+07	6.5461763473e-01	2.3903466916e+03
1.0549394629e+07	6.5445762560e-01	2.4003433965e+03
1.0549394629e+07	6.5429706614e-01	2.4104776502e+03
1.0549394629e+07	6.5413524582e-01	2.4207318636e+03
1.0549394629e+07	6.5397143683e-01	2.4310925665e+03
1.0549394629e+07	6.5380639362e-01	2.4415491318e+03
1.0549394629e+07	6.5364018154e-01	2.4520930433e+03
1.0549394629e+07	6.5347277280e-01	2.4627175970e+03
1.0549394629e+07	6.5330418094e-01	2.4734165192e+03
1.0549394629e+07	6.5313417864e-01	2.4841850306e+03
1.0549394629e+07	6.5296255928e-01	2.4950189423e+03
1.0549394629e+07	6.5278830500e-01	2.5059146243e+03
1.0549394629e+07	6.5261171616e-01	2.5168687008e+03
1.0549394629e+07	6.5243453632e-01	2.5278781239e+03
1.0549394629e+07	6.5225677441e-01	2.5389396197e+03
1.0549394629e+07	6.5207843273e-01	2.5500506315e+03
1.0549394629e+07	6.5189949345e-01	2.5612087518e+03
1.0549394629e+07	6.5171994810e-01	2.5724118155e+03
1.0549394629e+07	6.5153979339e-01	2.5837524293e+03
1.0549394629e+07	6.5135902636e-01	2.5951767829e+03
1.0549394629e+07	6.5117764326e-01	2.6066407482e+03
1.0549394629e+07	6.5099564007e-01	2.6181424877e+03
1.0549394629e+07	6.5081301329e-01	2.6296804267e+03
1.0549394629e+07	6.5062975857e-01	2.6412527727e+03
1.0549394629e+07	6.5044587204e-01	2.6528583205e+03
1.0549394629e+07	6.5026134951e-01	2.6644962529e+03
1.0549394629e+07	6.5007618667e-01	2.6761663305e+03
1.0549394629e+07	6.4989037885e-01	2.6878691371e+03
1.0549394629e+07	6.4970392124e-01	2.6996064268e+03
1.0510714262e+07	6.4951680893e-01	2.7120639828e+03
1.0510714262e+07	6.4640829020e-01	2.7414077334e+03
1.0510714262e+07	6.4625189537e-01	2.7618139462e+03
1.0510714262e+07	6.4609237831e-01	2.7805019635e+03
1.0510714262e+07	6.4592898456e-01	2.7971184468e+03
1.0510714262e+07	6.4576109961e-01	2.8124672071e+03
1.0510714262e+07	6.4558806572e-01	2.8272238496e+03
1.0510714262e+07	6.4540911222e-01	2.8418476054e+03
1.0510714262e+07	6.4522330041e-01	2.8566510905e+03
1.0510714262e+07	6.4502945927e-01	2.8718653716e+03
1.0510714262e+07	6.4482609861e-01	2.8876855853e+03
1.0510714262e+07	6.4461128371e-01	2.9043073754e+03
1.0510714262e+07	6.4438244722e-01	2.9219559284e+03
1.0510714262e+07	6.4413608666e-01	2.9409189611e+03
1.0510714262e+07	6.4386726316e-01	2.9615899273e+03
1.0510714262e+07	6.4356875850e-01	2.9845414406e+03
1.0510714262e+07	6.4322949507e-01	3.0106571733e+03
1.0510714262e+07	6.4290845109e-01	3.0354276829e+03
1.0510714262e+07	6.4262159913e-01	3.0577409849e+03
1.0510714262e+07	6.4235788224e-01	3.0784456967e+03
1.0510714262e+07	6.4211083987e-01	3.0978992396e+03
1.0510714262e+07	6.4187633504e-01	3.1164201065e+03
1.0510714262e+07	6.4165154464e-01	3.1342238469e+03
1.0510714262e+07	6.4143444926e-01	3.1514643104e+03
1.0510714262e+07	6.4122355037e-01	3.1682548585e+03
1.0510714262e+07	6.4101770393e-01	3.1846816022e+03
1.0510714262e+07	6.4081601549e-01	3.2008107594e+03
1.0510714262e+07	6.4061777153e-01	3.2166950270e+03
1.0510714262e+07	6.4042239352e-01	3.2323766686e+03
1.0510714262e+07	6.4022940562e-01	3.2478901165e+03
1.0510714262e+07	6.4003841103e-01	3.2632641378e+03
1.0510714262e+07	6.3984907539e-01	3.2785224055e+03
1.0510714262e+07	6.3966111447e-01	3.2936856571e+03
1.0510714262e+07	6.3947428428e-01	3.3087721777e+03
1.0510714262e+07	6.3928837272e-01	3.3237987764e+03
1.0510714262e+07	6.3910319547e-01	3.3387816284e+03
1.0510714262e+07	6.3891859011e-01	3.3537365431e+03
1.0510714262e+07	6.3873441293e-01	3.3686804434e+03
1.0510714262e+07	6.3855053598e-01	3.3836317692e+03
1.0510714262e+07	6.3836684406e-01	3.3986111956e+03
1.0510714262e+07	6.3818322421e-01	3.4136424842e+03
1.0510714262e+07	6.3799958006e-01	3.4287522721e+03
1.0510714262e+07	6.3781583046e-01	3.4439711105e+03
1.0510714262e+07	6.3763190450e-01	3.4593328980e+03
1.0510714262e+07	6.3744773827e-01	3.4748744938e+03
1.0510714262e+07	6.3726327745e-01	3.4906344418e+03
1.0510714262e+07	6.3707847319e-01	3.5066518276e+03
1.0510714262e+07	6.3689328805e-01	3.5229634362e+03
1.0510714262e+07	6.3670768029e-01	3.5396024263e+03
1.0510714262e+07	6.3652159911e-01	3.5565956628e+03
1.0510714262e+07	6.3633501206e-01	3.5739618686e+03
1.0510714262e+07	6.3614789657e-01	3.5917105558e+03
1.0510714262e+07	6.3596023097e-01	3.6099636586e+03
1.0510714262e+07	6.3577200052e-01	3.6286820683e+03
1.0510714262e+07	6.3558319111e-01	3.6477569640e+03
1.0510714262e+07	6.3539378870e-01	3.6671619285e+03
1.0510714262e+07	6.3520378173e-01	3.6868663261e+03
1.0510714262e+07	6.3501315857e-01	3.7068374896e+03
1.0510714262e+07	6.3482190822e-01	3.7270423303e+03
1.0510714262e+07	6.3463002056e-01	3.7474495288e+03
1.0510714262e+07	6.3443748487e-01	3.7680306305e+03
1.0510714262e+07	6.3424429059e-01	3.7887609508e+03
1.0510714262e+07	6.3405042768e-01	3.8096190920e+03
1.0510714262e+07	6.3385588623e-01	3.8305878949e+03
1.0510714262e+07	6.3366065599e-01	3.8516539235e+03
1.0510714262e+07	6.3346472717e-01	3.8728064569e+03
1.0510714262e+07	6.3326808999e-01	3.8940377408e+03
1.0510714262e+07	6.3307073555e-01	3.9153420720e+03
1.0510714262e+07	6.3287265462e-01	3.9367156157e+03
1.0510714262e+07	6.3267383852e-01	3.9581554305e+03
1.0510714262e+07	6.3247427885e-01	3.9796599959e+03
1.0510714262e+07	6.3227396754e-01	4.0012276610e+03
1.0510714262e+07	6.3207289695e-01	4.0228576456e+03
1.0510714262e+07	6.3187105940e-01	4.0445495334e+03
1.0510714262e+07	6.3166844789e-01	4.0663023886e+03
1.0510714262e+07	6.3146505435e-01	4.0881156536e+03
1.0510714262e+07	6.3126085791e-01	4.1099886742e+03
1.0510714262e+07	6.3105584914e-01	4.1319210016e+03
1.0510714262e+07	6.3085003197e-01	4.1539111729e+03
1.0510714262e+07	6.3064341320e-01	4.1759585358e+03
1.0510714262e+07	6.3043600008e-01	4.1980657437e+03
1.0510714262e+07	6.3022776271e-01	4.2202691232e+03
1.0510714262e+07	6.3001859407e-01	4.2429772107e+03
1.0510714262e+07	6.2980772144e-01	4.2708813075e+03
1.0510714262e+07	6.2975033407e-01	4.2997346091e+03
1.0510714262e+07	6.2973571076e-01	4.3179594897e+03
1.0510714262e+07	6.2972115028e-01	4.3387031134e+03
1.0510714262e+07	6.2970683087e-01	4.3584485221e+03
1.0510714262e+07	6.2969240109e-01	4.3750802142e+03
1.0510714262e+07	6.2967813993e-01	4.3867695495e+03
1.0510714262e+07	6.2966372286e-01	4.3951144122e+03
1.0510714262e+07	6.2964846592e-01	4.4018475450e+03
1.0510714262e+07	6.2963064956e-01	4.4081748807e+03
1.0510714262e+07	6.2960762115e-01	4.4143788033e+03
1.0510714262e+07	6.2957023308e-01	4.4214812824e+03
1.0510714262e+07	6.2947059553e-01	4.4338511342e+03
1.0510714262e+07	6.2927001284e-01	4.4527793676e+03
1.0510714262e+07	6.2907607880e-01	4.4669768568e+03
1.0510714262e+07	6.2888914391e-01	4.4763899059e+03
1.0510714262e+07	6.2874102882e-01	4.4813042584e+03
1.0510714262e+07	6.2873316217e-01	4.4814574737e+03
1.0510714262e+07	6.2872597272e-01	4.4810490535e+03
1.0510714262e+07	6.2871957302e-01	4.4799741492e+03
1.0510714262e+07	6.2871410908e-01	4.4780907299e+03
1.0510714262e+07	6.2870999873e-01	4.4750262374e+03
1.0510714262e+07	6.2870746875e-01	4.4706392136e+03
1.0510714262e+07	6.2870689109e-01	4.4646377581e+03
1.0510714262e+07	6.2870895818e-01	4.4564591166e+03
1.0510714262e+07	6.2871491299e-01	4.4450862597e+03
1.0510714262e+07	6.2872539369e-01	4.4300739705e+03
1.0510714262e+07	6.2874180152e-01	4.4103421933e+03
1.0510714262e+07	6.2876816160e-01	4.3826991544e+03
1.0510714262e+07	6.2880759403e-01	4.3448769792e+03
1.0510714262e+07	6.2886587352e-01	4.2926574437e+03
1.0510714262e+07	6.2895442000e-01	4.2181560924e+03
1.0510714262e+07	6.2909511787e-01	4.1065532410e+03
1.0510714262e+07	6.2931437358e-01	3.9411244360e+03
1.0510714262e+07	6.2967319516e-01	3.6862637944e+03
1.0510714262e+07	6.3025190102e-01	3.3105048750e+03
1.0510714262e+07	6.3117523606e-01	2.7790885103e+03
1.0510714262e+07	6.3167606323e-01	2.3357131072e+03
1.0510714262e+07	6.3155847847e-01	2.3433149141e+03
1.0510714262e+07	6.3143433944e-01	2.3520822683e+03
1.0510714262e+07	6.3130187580e-01	2.3616458728e+03
1.0510714262e+07	6.3116389340e-01	2.3716554130e+03
1.0510714262e+07	6.3101797866e-01	2.3819569857e+03
1.0510714262e+07	6.3086389961e-01	2.3924779209e+03
1.0510714262e+07	6.3069953956e-01	2.4031771035e+03
1.0510714262e+07	6.3053449384e-01	2.4140261202e+03
1.0510714262e+07	6.3036821327e-01	2.4250056933e+03
1.0510714262e+07	6.3020014065e-01	2.4361012233e+03
1.0510714262e+07	6.3003069639e-01	2.4473013323e+03
1.0510714262e+07	6.2985999931e-01	2.4585970851e+03
1.0510714262e+07	6.2968793056e-01	2.4699809283e+03
1.0510714262e+07	6.2951442029e-01	2.4814468482e+03
1.0510714262e+07	6.2933917938e-01	2.4929900494e+03
1.0510714262e+07	6.2916137575e-01	2.5046058181e+03
1.0510714262e+07	6.2898014536e-01	2.5162904666e+03
1.0510714262e+07	6.2879815039e-01	2.5280403388e+03
1.0510714262e+07	6.2861556109e-01	2.5398522013e+03
1.0510714262e+07	6.2843238012e-01	2.5517234041e+03
1.0510714262e+07	6.2824858441e-01	2.5636510747e+03
1.0510714262e+07	6.2806416707e-01	2.5756330564e+03
1.0510714262e+07	6.2787912501e-01	2.5878070699e+03
1.0510714262e+07	6.2769345527e-01	2.6000387350e+03
1.0510714262e+07	6.2750715336e-01	2.6123197302e+03
1.0510714262e+07	6.2732021577e-01	2.6246478319e+03
1.0510714262e+07	6.2713263827e-01	2.6370212895e+03
1.0510714262e+07	6.2694441678e-01	2.6494384231e+03
1.0510714262e+07	6.2675554693e-01	2.6618977950e+03
1.0510714262e+07	6.2656602478e-01	2.6743980267e+03
1.0510714262e+07	6.2637584587e-01	2.6869382617e+03
1.0510714262e+07	6.2618500518e-01	2.6995183478e+03
1.0510714262e+07	6.2599349870e-01	2.7121384115e+03
1.0510714262e+07	6.2580132076e-01	2.7247999829e+03
1.0510714262e+07	6.2560846627e-01	2.7375058549e+03
1.0510714262e+07	6.2541492953e-01	2.7502605928e+03
1.0510714262e+07	6.2522070435e-01	2.7630710569e+03
1.0510714262e+07	6.2502578399e-01	2.7759464349e+03
1.0510714262e+07	6.2483016109e-01	2.7888992589e+03
1.0510714262e+07	6.2463382839e-01	2.8019454567e+03
1.0510714262e+07	6.2443677668e-01	2.8151047262e+03
1.0510714262e+07	6.2423899738e-01	2.8284004642e+03
1.0510714262e+07	6.2404048107e-01	2.8418590775e+03
1.0510714262e+07	6.2384121590e-01	2.8555096824e+03
1.0510714262e+07	6.2364118642e-01	2.8693827251e+03
1.0510714262e+07	6.2344038482e-01	2.8835084491e+03
1.0510714262e+07	6.2323880337e-01	2.8979146945e+03
1.0510714262e+07	6.2303643273e-01	2.9126253509e+03
1.0510714262e+07	6.2283327357e-01	2.9276582014e+03
1.0510714262e+07	6.2262932731e-01	2.9430232942e+03
1.0510714262e+07	6.2242459869e-01	2.9587224537e+03
1.0510714262e+07	6.2221909600e-01	2.9747491703e+03
1.0510714262e+07	6.2201282443e-01	2.9910892195e+03
1.0510714262e+07	6.2180576685e-01	3.0077218487e+03
1.0510714262e+07	6.2159791118e-01	3.0246219890e+03
1.0510714262e+07	6.2138925833e-01	3.0417622418e+03
1.0510714262e+07	6.2117980628e-01	3.0592448912e+03
1.0510714262e+07	6.2096955622e-01	3.0769897548e+03
1.0510714262e+07	6.2075850527e-01	3.0948963142e+03
1.0510714262e+07	6.2054665072e-01	3.1129419204e+03
1.0510714262e+07	6.2033398857e-01	3.1311071602e+03
1.0510714262e+07	6.2012051516e-01	3.1493760353e+03
1.0510714262e+07	6.1990622577e-01	3.1677360312e+03
1.0510714262e+07	6.1969111541e-01	3.1861769354e+03
1.0510714262e+07	6.1947517951e-01	3.2046913426e+03
1.0510714262e+07	6.1925841257e-01	3.2232740230e+03
1.0510714262e+07	6.1904080919e-01	3.2419209373e+03
1.0510714262e+07	6.1882236344e-01	3.2606295591e+03
1.0510714262e+07	6.1860307046e-01	3.2793981055e+03
1.0510714262e+07	6.1838292411e-01	3.2982257400e+03
1.0510714262e+07	6.1816191861e-01	3.3171113473e+03
1.0510714262e+07	6.1794004808e-01	3.3360545050e+03
1.0510714262e+07	6.1771730672e-01	3.3550548140e+03
1.0510714262e+07	6.1749368850e-01	3.3741121452e+03
1.0510714262e+07	6.1726918752e-01	3.3932256351e+03
1.0510714262e+07	6.1704379774e-01	3.4123948479e+03
1.0510714262e+07	6.1681751311e-01	3.4316191673e+03
1.0510714262e+07	6.1659032751e-01	3.4508981590e+03
1.0510714262e+07	6.1636223479e-01	3.4702305951e+03
1.0510714262e+07	6.1613322219e-01	3.4896167712e+03
1.0510714262e+07	6.1590326600e-01	3.5090680102e+03
1.0510714262e+07	6.1567233344e-01	3.5287172633e+03
1.0510714262e+07	6.1544010750e-01	3.5500055617e+03
1.0510714262e+07	6.1528151998e-01	3.5852284959e+03
1.0510714262e+07	6.1526570993e-01	3.6006117954e+03
1.0510714262e+07	6.1525000664e-01	3.6181778825e+03
1.0510714262e+07	6.1523462104e-01	3.6347627663e+03
1.0510714262e+07	6.1521926811e-01	3.6486293952e+03
1.0510714262e+07	6.1520432407e-01	3.6584280397e+03
1.0510714262e+07	6.1518972638e-01	3.6654774772e+03
1.0510714262e+07	6.1517532058e-01	3.6711422747e+03
1.0510714262e+07	6.1516081007e-01	3.6762875823e+03
1.0510714262e+07	6.1514656570e-01	3.6808767830e+03
1.0510714262e+07	6.1513265637e-01	3.6850338876e+03
1.0510714262e+07	6.1511900186e-01	3.6889241610e+03
1.0510714262e+07	6.1510617329e-01	3.6922058648e+03
1.0510714262e+07	6.1509509378e-01	3.6942936182e+03
1.0510714262e+07	6.1508750315e-01	3.6940668524e+03
1.0510714262e+07	6.1508776989e-01	3.6886567884e+03
1.0510714262e+07	6.1510467585e-01	3.6723035048e+03
1.0510714262e+07	6.1515958526e-01	3.6312068128e+03
1.0510714262e+07	6.1528544040e-01	3.5460191494e+03
1.0510714262e+07	6.1549730255e-01	3.4106134664e+03
1.0510714262e+07	6.1583727614e-01	3.2047594144e+03
1.0510714262e+07	6.1639114416e-01	2.8934716098e+03
1.0510714262e+07	6.1720386913e-01	2.4438868780e+03
1.0510714262e+07	6.1600443028e-01	1.9729742269e+03
1.0510714262e+07	6.1409313915e-01	1.5894372048e+03
1.0510714262e+07	6.1232988855e-01	1.3297429227e+03
1.0416142554e+07	6.1088249875e-01	1.1535261878e+03
1.0416142554e+07	5.9023454625e-01	1.1416883120e+03
1.0416142554e+07	5.9010844356e-01	1.1528673524e+03
1.0416142554e+07	5.8998454914e-01	1.1637750089e+03
1.0416142554e+07	5.8985295099e-01	1.1763516906e+03
1.0416142554e+07	5.8984406472e-01	1.1869541998e+03
1.0416142554e+07	5.8984560415e-01	1.1930801077e+03
1.0416142554e+07	5.8984769042e-01	1.1991374141e+03
1.0416142554e+07	5.8985130009e-01	1.2043306135e+03
1.0416142554e+07	5.8985753627e-01	1.2086646288e+03
1.0416142554e+07	5.8986499965e-01	1.2120339311e+03
1.0416142554e+07	5.8987300752e-01	1.2148398258e+03
1.0416142554e+07	5.8988147997e-01	1.2173689416e+03
1.0416142554e+07	5.8989062311e-01	1.2197889370e+03
1.0416142554e+07	5.8989936448e-01	1.2220273173e+03
1.0416142554e+07	5.8990738889e-01	1.2240978093e+03
1.0416142554e+07	5.8991503178e-01	1.2260734716e+03
1.0416142554e+07	5.8992029544e-01	1.2277161803e+03
1.0416142554e+07	5.8992067323e-01	1.2287190120e+03
1.0416142554e+07	5.8991106803e-01	1.2284338326e+03
1.0416142554e+07	5.8987879969e-01	1.2252463341e+03
1.0416142554e+07	5.8979849263e-01	1.2159378878e+03
1.0416142554e+07	5.8960552995e-01	1.1923955715e+03
1.0416142554e+07	5.8929215660e-01	1.1538408198e+03
1.0416142554e+07	5.8875999906e-01	1.0933182237e+03
1.0416142554e+07	5.8789451732e-01	1.0025230063e+03
1.0416142554e+07	5.8651989609e-01	8.7181674717e+02
1.0416142554e+07	5.8428887813e-01	7.0178642888e+02
1.0416142554e+07	5.8197745892e-01	5.6613456920e+02
1.0361386542e+07	5.8019666095e-01	4.8129574135e+02
1.0361386542e+07	5.7413143803e-01	4.7725707552e+02
1.0361386542e+07	5.7408525668e-01	4.7861073121e+02
1.0361386542e+07	5.7403758852e-01	4.8136373599e+02
1.0361386542e+07	5.7398822874e-01	4.8469991375e+02
1.0361386542e+07	5.7393751595e-01	4.8833487807e+02
1.0361386542e+07	5.7388571909e-01	4.9214444598e+02
1.0361386542e+07	5.7383297883e-01	4.9606743987e+02
1.0361386542e+07	5.7377928511e-01	5.0007302578e+02
1.0361386542e+07	5.7372471016e-01	5.0415002106e+02
1.0361386542e+07	5.7366927257e-01	5.0829411158e+02
1.0361386542e+07	5.7361295752e-01	5.1250441751e+02
1.0361386542e+07	5.7355573731e-01	5.1678344897e+02
1.0361386542e+07	5.7349758480e-01	5.2113589688e+02
1.0361386542e+07	5.7343848530e-01	5.2556742786e+02
1.0361386542e+07	5.7337843527e-01	5.3008379139e+02
1.0361386542e+07	5.7331740738e-01	5.3469007450e+02
1.0361386542e+07	5.7325537626e-01	5.3939008372e+02
1.0361386542e+07	5.7318645786e-01	5.4424260528e+02
1.0361386542e+07	5.7311382783e-01	5.4919922510e+02
1.0361386542e+07	5.7304022996e-01	5.5425139667e+02
1.0361386542e+07	5.7296569334e-01	5.5939537358e+02
1.0361386542e+07	5.7289025017e-01	5.6462609747e+02
1.0361386542e+07	5.7281393357e-01	5.6993754461e+02
1.0361386542e+07	5.7273677432e-01	5.7532337944e+02
1.0361386542e+07	5.7265880004e-01	5.8077726030e+02
1.0361386542e+07	5.7258003310e-01	5.8629334220e+02
1.0361386542e+07	5.7250049112e-01	5.9186636266e+02
1.0361386542e+07	5.7242018580e-01	5.9749196725e+02
1.0361386542e+07	5.7233912433e-01	6.0316657028e+02
1.0361386542e+07	5.7225731180e-01	6.0888751455e+02
1.0361386542e+07	5.7217469787e-01	6.1465258070e+02
1.0361386542e+07	5.7209016803e-01	6.2046260149e+02
1.0361386542e+07	5.7200454004e-01	6.2631801829e+02
1.0361386542e+07	5.7191820096e-01	6.3221721977e+02
1.0361386542e+07	5.7183111428e-01	6.3815922763e+02
1.0361386542e+07	5.7174326068e-01	6.4419913511e+02
1.0361386542e+07	5.7165461139e-01	6.5030591357e+02
1.0361386542e+07	5.7156515817e-01	6.5645642576e+02
1.0361386542e+07	5.7147489311e-01	6.6265093696e+02
1.0361386542e+07	5.7138380904e-01	6.6888965212e+02
1.0361386542e+07	5.7129189987e-01	6.7517276605e+02
1.0361386542e+07	5.7119916008e-01	6.8150038277e+02
1.0361386542e+07	5.7110558503e-01	6.8787243844e+02
1.0361386542e+07	5.7101117062e-01	6.9428885788e+02
1.0361386542e+07	5.7091591329e-01	7.0074936429e+02
1.0361386542e+07	5.7081980982e-01	7.0725367081e+02
1.0361386542e+07	5.7072285689e-01	7.1380141441e+02
1.0361386542e+07	5.7062505110e-01	7.2039211910e+02
1.0361386542e+07	5.7052637990e-01	7.2702535005e+02
1.0361386542e+07	5.7042682509e-01	7.3370161742e+02
1.0361386542e+07	5.7032640227e-01	7.4042137666e+02
1.0361386542e+07	5.7022510971e-01	7.4718303160e+02
1.0361386542e+07	5.7012294836e-01	7.5398740728e+02
1.0361386542e+07	5.7001234225e-01	7.6085238623e+02
1.0361386542e+07	5.6989945134e-01	7.6787520900e+02
1.0361386542e+07	5.6978366254e-01	7.7532837417e+02
1.0361386542e+07	5.6970322787e-01	7.8626874666e+02
1.0361386542e+07	5.6970874624e-01	7.9024312392e+02
1.0361386542e+07	5.6971414253e-01	7.9438506833e+02
1.0361386542e+07	5.6972051294e-01	7.9814846945e+02
1.0361386542e+07	5.6972886058e-01	8.0131760020e+02
1.0361386542e+07	5.6973903780e-01	8.0391037864e+02
1.0361386542e+07	5.6974983249e-01	8.0605509498e+02
1.0361386542e+07	5.6976077785e-01	8.0793798207e+02
1.0361386542e+07	5.6977266513e-01	8.0975014816e+02
1.0361386542e+07	5.6978445125e-01	8.1145379041e+02
1.0361386542e+07	5.6979557123e-01	8.1304223497e+02
1.0361386542e+07	5.6980604607e-01	8.1454249964e+02
1.0361386542e+07	5.6981523292e-01	8.1591584352e+02
1.0361386542e+07	5.6982041146e-01	8.1694987701e+02
1.0361386542e+07	5.6981799375e-01	8.1735857513e+02
1.0361386542e+07	5.6979842427e-01	8.1636278700e+02
1.0361386542e+07	5.6974125644e-01	8.1230956659e+02
1.0361386542e+07	5.6960186639e-01	8.0163390152e+02
1.0361386542e+07	5.6931860114e-01	7.7955210742e+02
1.0361386542e+07	5.6882316722e-01	7.4464964459e+02
1.0361386542e+07	5.6802188626e-01	6.9178578843e+02
1.0361386542e+07	5.6676128372e-01	6.1494278966e+02
1.0361386542e+07	5.6470363218e-01	5.1092765587e+02
1.0361386542e+07	5.6234424784e-01	4.1510357608e+02
1.0361386542e+07	5.6044702796e-01	3.5483361836e+02
1.0361386542e+07	5.5894365011e-01	3.1558892240e+02
1.0361386542e+07	5.5777735260e-01	2.8892662641e+02
1.0361386542e+07	5.5597358455e-01	2.5141412695e+02
1.0320605404e+07	5.5316840809e-01	2.1277208246e+02
1.0320605404e+07	5.4584133070e-01	2.1368859918e+02
1.0320605404e+07	5.4578016053e-01	2.1643284285e+02
1.0320605404e+07	5.4572426429e-01	2.1862746714e+02
1.0320605404e+07	5.4567022433e-01	2.2056144244e+02
1.0320605404e+07	5.4561664403e-01	2.2238078333e+02
1.0320605404e+07	5.4556287615e-01	2.2415316148e+02
1.0320605404e+07	5.4550859249e-01	2.2591092218e+02
1.0320605404e+07	5.4545360717e-01	2.2767022699e+02
1.0320605404e+07	5.4539779977e-01	2.2943978943e+02
1.0320605404e+07	5.4534108102e-01	2.3122493691e+02
1.0320605404e+07	5.4528337791e-01	2.3302944298e+02
1.0320605404e+07	5.4522462726e-01	2.3485634527e+02
1.0320605404e+07	5.4516477354e-01	2.3670829897e+02
1.0320605404e+07	5.4510376829e-01	2.3858770872e+02
1.0320605404e+07	5.4504157027e-01	2.4049673259e+02
1.0320605404e+07	5.4497814618e-01	2.4243729487e+02
1.0320605404e+07	5.4491349414e-01	2.4441101222e+02
1.0320605404e+07	5.4484752176e-01	2.4641992000e+02
1.0320605404e+07	5.4478027356e-01	2.4848986440e+02
1.0320605404e+07	5.4471174145e-01	2.5060977574e+02
1.0320605404e+07	5.4464195818e-01	2.5276747816e+02
1.0320605404e+07	5.4457095531e-01	2.5496160317e+02
1.0320605404e+07	5.4449876932e-01	2.5719082135e+02
1.0320605404e+07	5.4442544284e-01	2.5945352517e+02
1.0320605404e+07	5.4435102255e-01	2.6174783451e+02
1.0320605404e+07	5.4427554534e-01	2.6407256654e+02
1.0320605404e+07	5.4419890793e-01	2.6643761238e+02
1.0320605404e+07	5.4411961121e-01	2.6897162763e+02
1.0320605404e+07	5.4408853118e-01	2.7261929628e+02
1.0320605404e+07	5.4410369488e-01	2.7379164065e+02
1.0320605404e+07	5.4411900695e-01	2.7491393314e+02
1.0320605404e+07	5.4413501806e-01	2.7588662773e+02
1.0320605404e+07	5.4415307169e-01	2.7674034210e+02
1.0320605404e+07	5.4417184543e-01	2.7747534594e+02
1.0320605404e+07	5.4419059278e-01	2.7812793402e+02
1.0320605404e+07	5.4420928769e-01	2.7873225691e+02
1.0320605404e+07	5.4422913881e-01	2.7933304550e+02
1.0320605404e+07	5.4424826844e-01	2.7989932074e+02
1.0320605404e+07	5.4426634493e-01	2.8043215377e+02
1.0320605404e+07	5.4428394066e-01	2.8094794576e+02
1.0320605404e+07	5.4429883880e-01	2.8140349899e+02
1.0320605404e+07	5.4430767745e-01	2.8173125191e+02
1.0320605404e+07	5.4430450642e-01	2.8180894476e+02
1.0320605404e+07	5.4427369397e-01	2.8131386820e+02
1.0320605404e+07	5.4418329412e-01	2.7958855249e+02
1.0320605404e+07	5.4395346076e-01	2.7500795485e+02
1.0320605404e+07	5.4357190662e-01	2.6741288002e+02
1.0320605404e+07	5.4295361180e-01	2.5568501317e+02
1.0320605404e+07	5.4194991606e-01	2.3916971725e+02
1.0320605404e+07	5.4035061450e-01	2.1678395485e+02
1.0320605404e+07	5.3807866689e-01	1.8562450157e+02
1.0320605404e+07	5.3512341375e-01	1.6175602207e+02
1.0320605404e+07	5.3293296443e-01	1.4483206268e+02
1.0320605404e+07	5.3128890079e-01	1.3411610927e+02
1.0269391420e+07	5.2988929263e-01	1.2994598174e+02
1.0269391420e+07	5.1899815925e-01	1.3093718436e+02
1.0269391420e+07	5.1898056806e-01	1.3144313013e+02
1.0269391420e+07	5.1896002690e-01	1.3189702392e+02
1.0269391420e+07	5.1893777590e-01	1.3236505416e+02
1.0269391420e+07	5.1891385385e-01	1.3285020098e+02
1.0269391420e+07	5.1888818566e-01	1.3335384897e+02
1.0269391420e+07	5.1886067476e-01	1.3387770165e+02
1.0269391420e+07	5.1883121667e-01	1.3442387893e+02
1.0269391420e+07	5.1879970477e-01	1.3499478723e+02
1.0269391420e+07	5.1876603831e-01	1.3559299111e+02
1.0269391420e+07	5.1873012770e-01	1.3622109731e+02
1.0269391420e+07	5.1869190166e-01	1.3688162253e+02
1.0269391420e+07	5.1865131437e-01	1.3757685909e+02
1.0269391420e+07	5.1860835345e-01	1.3830871721e+02
1.0269391420e+07	5.1856282087e-01	1.3907842927e+02
1.0269391420e+07	5.1851478710e-01	1.3988975698e+02
1.0269391420e+07	5.1846459397e-01	1.4074321707e+02
1.0269391420e+07	5.1841258650e-01	1.4163614006e+02
1.0269391420e+07	5.1835902146e-01	1.4256895372e+02
1.0269391420e+07	5.1830406709e-01	1.4354775476e+02
1.0269391420e+07	5.1824798039e-01	1.4455504072e+02
1.0269391420e+07	5.1819106858e-01	1.4558547927e+02
1.0269391420e+07	5.1813362498e-01	1.4663332330e+02
1.0269391420e+07	5.1807591310e-01	1.4769273580e+02
1.0269391420e+07	5.1801815420e-01	1.4875812402e+02
1.0269391420e+07	5.1796053996e-01	1.4982441224e+02
1.0269391420e+07	5.1790318454e-01	1.5088695314e+02
1.0269391420e+07	5.1784615009e-01	1.5194238128e+02
1.0269391420e+07	5.1778946484e-01	1.5298826307e+02
1.0269391420e+07	5.1773314572e-01	1.5402289683e+02
1.0269391420e+07	5.1767726720e-01	1.5504527357e+02
1.0269391420e+07	5.1761690487e-01	1.5605957080e+02
1.0269391420e+07	5.1755137880e-01	1.5707366333e+02
1.0269391420e+07	5.1748618388e-01	1.5807579626e+02
1.0269391420e+07	5.1742121242e-01	1.5906686501e+02
1.0269391420e+07	5.1735635284e-01	1.6004801355e+02
1.0269391420e+07	5.1729149163e-01	1.6102058509e+02
1.0269391420e+07	5.1722651545e-01	1.6198606465e+02
1.0269391420e+07	5.1716131224e-01	1.6294604748e+02
1.0269391420e+07	5.1709577195e-01	1.6390220572e+02
1.0269391420e+07	5.1702978697e-01	1.6485627400e+02
1.0269391420e+07	5.1696325230e-01	1.6581003677e+02
1.0269391420e+07	5.1689606560e-01	1.6676531397e+02
1.0269391420e+07	5.1682812707e-01	1.6772396546e+02
1.0269391420e+07	5.1675933938e-01	1.6868788264e+02
1.0269391420e+07	5.1668960744e-01	1.6965899408e+02
1.0269391420e+07	5.1661866271e-01	1.7063926847e+02
1.0269391420e+07	5.1654445270e-01	1.7163082978e+02
1.0269391420e+07	5.1646914451e-01	1.7263778598e+02
1.0269391420e+07	5.1639255427e-01	1.7367304141e+02
1.0269391420e+07	5.1631455777e-01	1.7472604816e+02
1.0269391420e+07	5.1623507070e-01	1.7579895547e+02
1.0269391420e+07	5.1615401013e-01	1.7689403446e+02
1.0269391420e+07	5.1607127189e-01	1.7801475094e+02
1.0269391420e+07	5.1598648136e-01	1.7917781570e+02
1.0269391420e+07	5.1589686381e-01	1.8053188470e+02
1.0269391420e+07	5.1590327298e-01	1.8186986679e+02
1.0269391420e+07	5.1592054126e-01	1.8242884768e+02
1.0269391420e+07	5.1593792460e-01	1.8294708307e+02
1.0269391420e+07	5.1595576935e-01	1.8339615218e+02
1.0269391420e+07	5.1597552048e-01	1.8380467291e+02
1.0269391420e+07	5.1599517935e-01	1.8416464069e+02
1.0269391420e+07	5.1601451124e-01	1.8449391514e+02
1.0269391420e+07	5.1603420739e-01	1.8481219032e+02
1.0269391420e+07	5.1605428517e-01	1.8512579057e+02
1.0269391420e+07	5.1607345175e-01	1.8542433707e+02
1.0269391420e+07	5.1609145400e-01	1.8570775539e+02
1.0269391420e+07	5.1610896306e-01	1.8598490361e+02
1.0269391420e+07	5.1612247420e-01	1.8621763150e+02
1.0269391420e+07	5.1612841823e-01	1.8636587032e+02
1.0269391420e+07	5.1611848348e-01	1.8633551057e+02
1.0269391420e+07	5.1607178979e-01	1.8589553092e+02
1.0269391420e+07	5.1594526118e-01	1.8459786840e+02
1.0269391420e+07	5.1569977516e-01	1.8212872788e+02
1.0269391420e+07	5.1528893615e-01	1.7831136206e+02
1.0269391420e+07	5.1461281208e-01	1.7271954309e+02
1.0269391420e+07	5.1351085087e-01	1.6467463006e+02
1.0269391420e+07	5.1181434568e-01	1.5147182708e+02
1.0269391420e+07	5.0964584038e-01	1.3638366337e+02
1.0269391420e+07	5.0615468459e-01	1.2507204783e+02
1.0269391420e+07	5.0405245923e-01	1.1649289864e+02
1.0269391420e+07	5.0257665574e-01	1.1067218313e+02
1.0269391420e+07	5.0117734204e-01	1.0840325835e+02
1.0269391420e+07	4.9876666524e-01	1.0597431247e+02
1.0247770021e+07	4.9513028202e-01	1.0284023925e+02
1.0247770021e+07	4.9201393822e-01	1.0324641155e+02
1.0247770021e+07	4.9198883087e-01	1.0346434527e+02
1.0247770021e+07	4.9196361707e-01	1.0365187921e+02
1.0247770021e+07	4.9193924262e-01	1.0383259567e+02
1.0247770021e+07	4.9191456388e-01	1.0400834481e+02
1.0247770021e+07	4.9189001840e-01	1.0417987381e+02
1.0247770021e+07	4.9186574351e-01	1.0434777647e+02
1.0247770021e+07	4.9184159983e-01	1.0451255318e+02
1.0247770021e+07	4.9181747543e-01	1.0467461989e+02
1.0247770021e+07	4.9179334226e-01	1.0483433425e+02
1.0247770021e+07	4.9176916084e-01	1.0499201091e+02
1.0247770021e+07	4.9174483834e-01	1.0515011106e+02
1.0247770021e+07	4.9172016013e-01	1.0530817978e+02
1.0247770021e+07	4.9169505726e-01	1.0546503879e+02
1.0247770021e+07	4.9166946623e-01	1.0562093520e+02
1.0247770021e+07	4.9164332773e-01	1.0577610843e+02
1.0247770021e+07	4.9161658626e-01	1.0593078906e+02
1.0247770021e+07	4.9158918939e-01	1.0608520166e+02
1.0247770021e+07	4.9156108734e-01	1.0623956484e+02
1.0247770021e+07	4.9153223232e-01	1.0639409335e+02
1.0247770021e+07	4.9150257831e-01	1.0654899789e+02
1.0247770021e+07	4.9147208053e-01	1.0670448701e+02
1.0247770021e+07	4.9144069527e-01	1.0686076731e+02
1.0247770021e+07	4.9140837920e-01	1.0701804635e+02
1.0247770021e+07	4.9137508922e-01	1.0717653364e+02
1.0247770021e+07	4.9134078200e-01	1.0733644241e+02
1.0247770021e+07	4.9130541366e-01	1.0749799171e+02
1.0247770021e+07	4.9126893929e-01	1.0766140902e+02
1.0247770021e+07	4.9123131275e-01	1.0782693165e+02
1.0247770021e+07	4.9119248603e-01	1.0799481045e+02
1.0247770021e+07	4.9115239866e-01	1.0816531299e+02
1.0247770021e+07	4.9111016946e-01	1.0833878468e+02
1.0247770021e+07	4.9106668120e-01	1.0851546655e+02
1.0247770021e+07	4.9102189116e-01	1.0869766714e+02
1.0247770021e+07	4.9097561425e-01	1.0888535956e+02
1.0247770021e+07	4.9092777235e-01	1.0907749116e+02
1.0247770021e+07	4.9087828952e-01	1.0927451773e+02
1.0247770021e+07	4.9082708323e-01	1.0947694423e+02
1.0247770021e+07	4.9077406338e-01	1.0968533278e+02
1.0247770021e+07	4.9071913138e-01	1.0990031132e+02
1.0247770021e+07	4.9066217904e-01	1.1012258328e+02
1.0247770021e+07	4.9060308750e-01	1.1035293862e+02
1.0247770021e+07	4.9054172602e-01	1.1059226611e+02
1.0247770021e+07	4.9047795089e-01	1.1084156639e+02
1.0247770021e+07	4.9041160449e-01	1.1110196650e+02
1.0247770021e+07	4.9034251443e-01	1.1137473544e+02
1.0247770021e+07	4.9027049207e-01	1.1166131786e+02
1.0247770021e+07	4.9019531667e-01	1.1196357638e+02
1.0247770021e+07	4.9011655651e-01	1.1228639663e+02
1.0247770021e+07	4.9003197178e-01	1.1266347268e+02
1.0247770021e+07	4.9003408734e-01	1.1305595109e+02
1.0247770021e+07	4.9005252748e-01	1.1320228919e+02
1.0247770021e+07	4.9007085484e-01	1.1333852859e+02
1.0247770021e+07	4.9008930862e-01	1.1346145591e+02
1.0247770021e+07	4.9010925838e-01	1.1357946196e+02
1.0247770021e+07	4.9012883207e-01	1.1368848317e+02
1.0247770021e+07	4.9014788107e-01	1.1379159658e+02
1.0247770021e+07	4.9016721203e-01	1.1389410792e+02
1.0247770021e+07	4.9018667033e-01	1.1399677047e+02
1.0247770021e+07	4.9020512371e-01	1.1409614802e+02
1.0247770021e+07	4.9022250245e-01	1.1419241627e+02
1.0247770021e+07	4.9023922550e-01	1.1428737262e+02
1.0247770021e+07	4.9025219428e-01	1.1436854063e+02
1.0247770021e+07	4.9025821660e-01	1.1442215757e+02
1.0247770021e+07	4.9024965219e-01	1.1441569686e+02
1.0247770021e+07	4.9020692318e-01	1.1427078355e+02
1.0247770021e+07	4.9008635989e-01	1.1383905080e+02
1.0247770021e+07	4.8997370663e-01	1.1321754204e+02
1.0247770021e+07	4.9000900883e-01	1.1308482261e+02
1.0247770021e+07	4.9004446473e-01	1.1294637898e+02
1.0247770021e+07	4.9008119866e-01	1.1279472356e+02
1.0247770021e+07	4.9012241049e-01	1.1261060461e+02
1.0247770021e+07	4.9017208335e-01	1.1236939476e+02
1.0247770021e+07	4.9020387393e-01	1.1220987104e+02
1.0247770021e+07	4.9022980749e-01	1.1208264123e+02
1.0247770021e+07	4.9025358614e-01	1.1197215176e+02
1.0247770021e+07	4.9024092103e-01	1.1186473577e+02
1.0247770021e+07	4.9020371358e-01	1.1178377437e+02
1.0247770021e+07	4.9015700774e-01	1.1168457786e+02
1.0247770021e+07	4.9010283173e-01	1.1157225810e+02
1.0247770021e+07	4.9004893663e-01	1.1146358941e+02
1.0247770021e+07	4.8998890701e-01	1.1134635736e+02
1.0247770021e+07	4.8993069801e-01	1.1123616292e+02
1.0247770021e+07	4.8986405702e-01	1.1111351206e+02
1.0247770021e+07	4.8979121727e-01	1.1098324978e+02
1.0247770021e+07	4.8971609795e-01	1.1085310496e+02
1.0247770021e+07	4.8963496688e-01	1.1071725743e+02
1.0247770021e+07	4.8955360472e-01	1.1058539271e+02
1.0247770021e+07	4.8945232660e-01	1.1042648191e+02
1.0247770021e+07	4.8935383146e-01	1.1027711927e+02
1.0247770021e+07	4.8923897126e-01	1.1010920949e+02
1.0247770021e+07	4.8912876498e-01	1.0995386212e+02
1.0247770021e+07	4.8899060256e-01	1.0976611767e+02
1.0247770021e+07	4.8885157774e-01	1.0958474731e+02
1.0247770021e+07	4.8869343990e-01	1.0938785108e+02
1.0247770021e+07	4.8853008531e-01	1.0919245025e+02
1.0247770021e+07	4.8833727584e-01	1.0896620052e+02
1.0247770021e+07	4.8810165502e-01	1.0870425239e+02
1.0247770021e+07	4.8786921826e-01	1.0846323288e+02
1.0247770021e+07	4.8756616024e-01	1.0816325183e+02
1.0247770021e+07	4.8718902413e-01	1.0779450493e+02
1.0247770021e+07	4.8679780545e-01	1.0743036993e+02
1.0247770021e+07	4.8624906194e-01	1.0693832987e+02
1.0247770021e+07	4.8558696419e-01	1.0633592933e+02
1.0247770021e+07	4.8452522246e-01	1.0535123816e+02
1.0247770021e+07	4.8297402132e-01	1.0337888190e+02
1.0247770021e+07	4.8216359087e-01	1.0063064942e+02
1.0247770021e+07	4.8042131195e-01	9.8780280162e+01
1.0247770021e+07	4.7716470413e-01	9.7824837277e+01
1.0247770021e+07	4.7458313639e-01	9.7353175399e+01
1.0247770021e+07	4.7056320458e-01	9.6742075810e+01
1.0207412375e+07	4.6804259656e-01	9.6921153867e+01
1.0207412375e+07	4.6578792824e-01	9.6792570649e+01
1.0207412375e+07	4.6571649437e-01	9.7209792430e+01
1.0207412375e+07	4.6568724942e-01	9.7301437170e+01
1.0207412375e+07	4.6566649646e-01	9.7365944366e+01
1.0207412375e+07	4.6564922298e-01	9.7420018323e+01
1.0207412375e+07	4.6563357702e-01	9.7469105966e+01
1.0207412375e+07	4.6561886480e-01	9.7515363221e+01
1.0207412375e+07	4.6560482705e-01	9.7559738796e+01
1.0207412375e+07	4.6559112976e-01	9.7604077843e+01
1.0207412375e+07	4.6557744833e-01	9.7647462023e+01
1.0207412375e+07	4.6556365683e-01	9.7689950439e+01
1.0207412375e+07	4.6554965317e-01	9.7731701809e+01
1.0207412375e+07	4.6553535172e-01	9.7772845009e+01
1.0207412375e+07	4.6552067924e-01	9.7813488260e+01
1.0207412375e+07	4.6550557232e-01	9.7853724076e+01
1.0207412375e+07	4.6548997546e-01	9.7893632762e+01
1.0207412375e+07	4.6547383967e-01	9.7933284421e+01
1.0207412375e+07	4.6545712145e-01	9.7972740820e+01
1.0207412375e+07	4.6543978197e-01	9.8012056313e+01
1.0207412375e+07	4.6542178622e-01	9.8051279339e+01
1.0207412375e+07	4.6540310253e-01	9.8090453042e+01
1.0207412375e+07	4.6538370208e-01	9.8129616119e+01
1.0207412375e+07	4.6536355856e-01	9.8168803174e+01
1.0207412375e+07	4.6534264768e-01	9.8208045523e+01
1.0207412375e+07	4.6532094696e-01	9.8247371798e+01
1.0207412375e+07	4.6529843558e-01	9.8286807731e+01
1.0207412375e+07	4.6527509399e-01	9.8326376993e+01
1.0207412375e+07	4.6525090383e-01	9.8366101301e+01
1.0207412375e+07	4.6522584771e-01	9.8406000737e+01
1.0207412375e+07	4.6519991865e-01	9.8446093117e+01
1.0207412375e+07	4.6517321409e-01	9.8486393752e+01
1.0207412375e+07	4.6514566924e-01	9.8527770738e+01
1.0207412375e+07	4.6511719558e-01	9.8569401115e+01
1.0207412375e+07	4.6508777887e-01	9.8611300139e+01
1.0207412375e+07	4.6505740519e-01	9.8653482418e+01
1.0207412375e+07	4.6502606086e-01	9.8695962139e+01
1.0207412375e+07	4.6499373232e-01	9.8738753084e+01
1.0207412375e+07	4.6496040608e-01	9.8781869319e+01
1.0207412375e+07	4.6492606867e-01	9.8825324566e+01
1.0207412375e+07	4.6489070653e-01	9.8869132793e+01
1.0207412375e+07	4.6485430594e-01	9.8913308309e+01
1.0207412375e+07	4.6481685287e-01	9.8957866279e+01
1.0207412375e+07	4.6477833184e-01	9.9002826794e+01
1.0207412375e+07	4.6473871495e-01	9.9048259668e+01
1.0207412375e+07	4.6469784986e-01	9.9094747366e+01
1.0207412375e+07	4.6465456806e-01	9.9147374796e+01
1.0207412375e+07	4.6469785997e-01	9.9182802049e+01
1.0207412375e+07	4.6472736582e-01	9.9197043403e+01
1.0207412375e+07	4.6475647540e-01	9.9209929252e+01
1.0207412375e+07	4.6478552834e-01	9.9221249362e+01
1.0207412375e+07	4.6481626492e-01	9.9231756374e+01
1.0207412375e+07	4.6484637218e-01	9.9241238939e+01
1.0207412375e+07	4.6487576256e-01	9.9250038756e+01
1.0207412375e+07	4.6490577994e-01	9.9258665967e+01
1.0207412375e+07	4.6493591196e-01	9.9267126125e+01
1.0207412375e+07	4.6496476673e-01	9.9275207121e+01
1.0207412375e+07	4.6499238749e-01	9.9282975012e+01
1.0207412375e+07	4.6501876935e-01	9.9290460264e+01
1.0207412375e+07	4.6503942377e-01	9.9296735221e+01
1.0207412375e+07	4.6504910589e-01	9.9300695319e+01
1.0207412375e+07	4.6503444391e-01	9.9299511102e+01
1.0207412375e+07	4.6496380319e-01	9.9286567017e+01
1.0207412375e+07	4.6478386829e-01	9.9251012550e+01
1.0207412375e+07	4.6447357545e-01	9.9189559615e+01
1.0207412375e+07	4.6396068456e-01	9.9090898856e+01
1.0207412375e+07	4.6312676304e-01	9.8938471973e+01
1.0207412375e+07	4.6179632331e-01	9.8712121458e+01
1.0207412375e+07	4.5967971214e-01	9.8376070874e+01
1.0207412375e+07	4.5695501938e-01	9.7639487954e+01
1.0207412375e+07	4.5702903028e-01	9.7258077042e+01
1.0207412375e+07	4.5740649303e-01	9.6601899607e+01
1.0207412375e+07	4.5739439813e-01	9.6423492677e+01
1.0207412375e+07	4.5719595652e-01	9.6356070509e+01
1.0207412375e+07	4.5682081625e-01	9.6296039656e+01
1.0207412375e+07	4.5616147108e-01	9.6248571977e+01
1.0207412375e+07	4.5508955656e-01	9.6223176802e+01
1.0207412375e+07	4.5332725023e-01	9.6227489238e+01
1.0207412375e+07	4.5047591380e-01	9.6281347480e+01
1.0207412375e+07	4.4578632824e-01	9.6433926140e+01
1.0155162842e+07	4.4066907866e-01	9.7910705446e+01
1.0155162842e+07	4.2878005137e-01	9.8982240843e+01
1.0155162842e+07	4.2866778528e-01	9.9094401622e+01
1.0155162842e+07	4.2867287787e-01	9.9096336952e+01
1.0155162842e+07	4.2867700794e-01	9.9096501173e+01
1.0155162842e+07	4.2867807247e-01	9.9096041606e+01
1.0155162842e+07	4.2867112362e-01	9.9098274316e+01
1.0155162842e+07	4.2865996482e-01	9.9103994172e+01
1.0155162842e+07	4.2864664018e-01	9.9111078889e+01
1.0155162842e+07	4.2863200667e-01	9.9118780928e+01
1.0155162842e+07	4.2861631149e-01	9.9126803184e+01
1.0155162842e+07	4.2859963154e-01	9.9134981586e+01
1.0155162842e+07	4.2858198426e-01	9.9143292455e+01
1.0155162842e+07	4.2856336978e-01	9.9151729787e+01
1.0155162842e+07	4.2854378344e-01	9.9160292493e+01
1.0155162842e+07	4.2852321927e-01	9.9168980807e+01
1.0155162842e+07	4.2850167088e-01	9.9177795321e+01
1.0155162842e+07	4.2847913179e-01	9.9186736697e+01
1.0155162842e+07	4.2845559542e-01	9.9195805581e+01
1.0155162842e+07	4.2843105515e-01	9.9205002709e+01
1.0155162842e+07	4.2840550429e-01	9.9214328749e+01
1.0155162842e+07	4.2837893611e-01	9.9223784369e+01
1.0155162842e+07	4.2835134358e-01	9.9233370272e+01
1.0155162842e+07	4.2832271983e-01	9.9243087154e+01
1.0155162842e+07	4.2829305791e-01	9.9252935716e+01
1.0155162842e+07	4.2826235079e-01	9.9262916676e+01
1.0155162842e+07	4.2823059138e-01	9.9273030763e+01
1.0155162842e+07	4.2819777248e-01	9.9283278722e+01
1.0155162842e+07	4.2816388684e-01	9.9293661314e+01
1.0155162842e+07	4.2812892706e-01	9.9304179279e+01
1.0155162842e+07	4.2809288568e-01	9.9314833501e+01
1.0155162842e+07	4.2805575517e-01	9.9325624770e+01
1.0155162842e+07	4.2801752785e-01	9.9336553936e+01
1.0155162842e+07	4.2797819598e-01	9.9347621876e+01
1.0155162842e+07	4.2793775163e-01	9.9358829538e+01
1.0155162842e+07	4.2789620388e-01	9.9370187546e+01
1.0155162842e+07	4.2785353956e-01	9.9381840226e+01
1.0155162842e+07	4.2780969902e-01	9.9393682911e+01
1.0155162842e+07	4.2776433860e-01	9.9406114218e+01
1.0155162842e+07	4.2779373635e-01	9.9413767758e+01
1.0155162842e+07	4.2782727751e-01	9.9413688953e+01
1.0155162842e+07	4.2786023637e-01	9.9413454763e+01
1.0155162842e+07	4.2789289345e-01	9.9413036127e+01
1.0155162842e+07	4.2792731800e-01	9.9412408522e+01
1.0155162842e+07	4.2796095630e-01	9.9411692586e+01
1.0155162842e+07	4.2799375591e-01	9.9410933925e+01
1.0155162842e+07	4.2802727192e-01	9.9410105138e+01
1.0155162842e+07	4.2806084889e-01	9.9409245260e+01
1.0155162842e+07	4.2809302874e-01	9.9408419197e+01
1.0155162842e+07	4.2812401891e-01	9.9407627620e+01
1.0155162842e+07	4.2815351829e-01	9.9406886088e+01
1.0155162842e+07	4.2817673868e-01	9.9406372648e+01
1.0155162842e+07	4.2818788472e-01	9.9406299250e+01
1.0155162842e+07	4.2817154267e-01	9.9407227238e+01
1.0155162842e+07	4.2809180894e-01	9.9410475087e+01
1.0155162842e+07	4.2793656024e-01	9.9416451872e+01
1.0155162842e+07	4.2766960960e-01	9.9426627278e+01
1.0155162842e+07	4.2722761235e-01	9.9443650024e+01
1.0155162842e+07	4.2650736503e-01	9.9472497381e+01
1.0155162842e+07	4.2534331914e-01	9.9521759429e+01
1.0155162842e+07	4.2347119698e-01	9.9606294734e+01
1.0155162842e+07	4.2047070254e-01	9.9756207149e+01
1.0155162842e+07	4.1592263286e-01	1.0000695653e+02
1.0155162842e+07	4.1306232525e-01	1.0011735175e+02
1.0155162842e+07	4.1325414501e-01	1.0013227367e+02
1.0155162842e+07	4.1347290959e-01	1.0018350617e+02
1.0155162842e+07	4.1371880476e-01	1.0024181795e+02
1.0155162842e+07	4.1401643289e-01	1.0005112899e+02
1.0155162842e+07	4.1412518632e-01	9.9880031257e+01
1.0155162842e+07	4.1423290715e-01	9.9758652585e+01
1.0142533457e+07	4.1425233839e-01	1.0002199489e+02
1.0142533457e+07	4.1048943871e-01	1.0046655922e+02
1.0142533457e+07	4.1050858443e-01	1.0046392395e+02
1.0142533457e+07	4.1052486992e-01	1.0046222660e+02
1.0142533457e+07	4.1053609793e-01	1.0046225006e+02
1.0142533457e+07	4.1054400712e-01	1.0046320225e+02
1.0142533457e+07	4.1054972411e-01	1.0046463689e+02
1.0142533457e+07	4.1055359765e-01	1.0046640296e+02
1.0142533457e+07	4.1055562735e-01	1.0046847311e+02
1.0142533457e+07	4.1055559860e-01	1.0047087534e+02
1.0142533457e+07	4.1055323816e-01	1.0047368560e+02
1.0142533457e+07	4.1054820578e-01	1.0047698123e+02
1.0142533457e+07	4.1053992112e-01	1.0048085458e+02
1.0142533457e+07	4.1052747544e-01	1.0048548726e+02
1.0142533457e+07	4.1050931273e-01	1.0049118604e+02
1.0142533457e+07	4.1048236037e-01	1.0049854270e+02
1.0142533457e+07	4.1043880447e-01	1.0050899758e+02
1.0142533457e+07	4.1034189881e-01	1.0052862263e+02
1.0142533457e+07	4.1001004531e-01	1.0057568523e+02
1.0142533457e+07	4.0964979143e-01	1.0063332836e+02
1.0142533457e+07	4.0921247770e-01	1.0076471029e+02
1.0142533457e+07	4.0885561724e-01	1.0093636304e+02
1.0142533457e+07	4.0868951746e-01	1.0104517051e+02
1.0142533457e+07	4.0866503792e-01	1.0106602791e+02
1.0142533457e+07	4.0865542539e-01	1.0107557406e+02
1.0142533457e+07	4.0864831964e-01	1.0108266880e+02
1.0142533457e+07	4.0864129356e-01	1.0108915948e+02
1.0142533457e+07	4.0863372607e-01	1.0109552535e+02
1.0142533457e+07	4.0862543412e-01	1.0110190174e+02
1.0142533457e+07	4.0861635243e-01	1.0110833058e+02
1.0142533457e+07	4.0860644899e-01	1.0111482783e+02
1.0142533457e+07	4.0859570193e-01	1.0112140191e+02
1.0142533457e+07	4.0858409375e-01	1.0112805879e+02
1.0142533457e+07	4.0857161162e-01	1.0113480314e+02
1.0142533457e+07	4.0855823894e-01	1.0114168739e+02
1.0142533457e+07	4.0854396029e-01	1.0114875335e+02
1.0142533457e+07	4.0852876234e-01	1.0115592014e+02
1.0142533457e+07	4.0851263301e-01	1.0116319091e+02
1.0142533457e+07	4.0849556098e-01	1.0117056852e+02
1.0142533457e+07	4.0847753544e-01	1.0117805553e+02
1.0142533457e+07	4.0845854604e-01	1.0118565430e+02
1.0142533457e+07	4.0843858289e-01	1.0119336697e+02
1.0142533457e+07	4.0841763636e-01	1.0120119553e+02
1.0142533457e+07	4.0839569723e-01	1.0120914179e+02
1.0142533457e+07	4.0837275645e-01	1.0121720745e+02
1.0142533457e+07	4.0834880516e-01	1.0122539411e+02
1.0142533457e+07	4.0832383471e-01	1.0123370325e+02
1.0142533457e+07	4.0829783653e-01	1.0124213627e+02
1.0142533457e+07	4.0827080220e-01	1.0125069454e+02
1.0142533457e+07	4.0824272340e-01	1.0125937933e+02
1.0142533457e+07	4.0821359185e-01	1.0126819185e+02
1.0142533457e+07	4.0818339928e-01	1.0127713328e+02
1.0142533457e+07	4.0815213744e-01	1.0128620478e+02
1.0142533457e+07	4.0811979812e-01	1.0129540745e+02
1.0142533457e+07	4.0808637307e-01	1.0130474239e+02
1.0142533457e+07	4.0805185382e-01	1.0131421091e+02
1.0142533457e+07	4.0801622909e-01	1.0132381671e+02
1.0142533457e+07	4.0797945930e-01	1.0133358883e+02
1.0142533457e+07	4.0794123900e-01	1.0134380191e+02
1.0142533457e+07	4.0796839010e-01	1.0134961692e+02
1.0142533457e+07	4.0800327247e-01	1.0134877358e+02
1.0142533457e+07	4.0803755380e-01	1.0134782751e+02
1.0142533457e+07	4.0807122771e-01	1.0134675534e+02
1.0142533457e+07	4.0810699136e-01	1.0134546433e+02
1.0142533457e+07	4.0814194279e-01	1.0134411821e+02
1.0142533457e+07	4.0817602863e-01	1.0134275554e+02
1.0142533457e+07	4.0821067157e-01	1.0134132949e+02
1.0142533457e+07	4.0824554111e-01	1.0133986976e+02
1.0142533457e+07	4.0827897717e-01	1.0133846895e+02
1.0142533457e+07	4.0831113719e-01	1.0133712565e+02
1.0142533457e+07	4.0834180774e-01	1.0133585375e+02
1.0142533457e+07	4.0836597908e-01	1.0133490556e+02
1.0142533457e+07	4.0837754122e-01	1.0133458556e+02
1.0142533457e+07	4.0836001017e-01	1.0133571403e+02
1.0142533457e+07	4.0827488891e-01	1.0134021713e+02
1.0142533457e+07	4.0810989117e-01	1.0134868438e+02
1.0142533457e+07	4.0782671859e-01	1.0136315637e+02
1.0142533457e+07	4.0735809646e-01	1.0138772184e+02
1.0142533457e+07	4.0659489368e-01	1.0142855439e+02
1.0142533457e+07	4.0536226450e-01	1.0149631132e+02
1.0142533457e+07	4.0338298910e-01	1.0160911045e+02
1.0142533457e+07	4.0033229805e-01	1.0178533212e+02
1.0142533457e+07	3.9887188962e-01	1.0180909117e+02
1.0142533457e+07	3.9909035038e-01	1.0185332877e+02
1.0142533457e+07	3.9930827459e-01	1.0190641140e+02
1.0142533457e+07	3.9956003779e-01	1.0196589147e+02
1.0142533457e+07	3.9977922076e-01	1.0175684364e+02
1.0142533457e+07	3.9988125694e-01	1.0158672437e+02
1.0142533457e+07	3.9998237498e-01	1.0146619181e+02
1.0142533457e+07	3.9999904993e-01	1.0141306239e+02
1.0142533457e+07	3.9987446130e-01	1.0142330447e+02
1.0142533457e+07	3.9967486968e-01	1.0143976025e+02
1.0142533457e+07	3.9935498050e-01	1.0146624294e+02
1.0142533457e+07	3.9884207789e-01	1.0150894193e+02
1.0140131726e+07	3.9801956565e-01	1.0164000660e+02
1.0140131726e+07	4.0587280491e-01	1.0047067050e+02
1.0140131726e+07	4.0590076471e-01	1.0046860769e+02
1.0140131726e+07	4.0592521466e-01	1.0046748940e+02
1.0140131726e+07	4.0594771212e-01	1.0046680767e+02
1.0140131726e+07	4.0596892306e-01	1.0046635189e+02
1.0140131726e+07	4.0598907576e-01	1.0046604841e+02
1.0140131726e+07	4.0600823361e-01	1.0046587445e+02
1.0140131726e+07	4.0602640066e-01	1.0046582524e+02
1.0140131726e+07	4.0604355926e-01	1.0046590238e+02
1.0140131726e+07	4.0605968230e-01	1.0046610990e+02
1.0140131726e+07	4.0607473651e-01	1.0046645320e+02
1.0140131726e+07	4.0608868274e-01	1.0046693874e+02
1.0140131726e+07	4.0610147496e-01	1.0046757429e+02
1.0140131726e+07	4.0611305844e-01	1.0046836925e+02
1.0140131726e+07	4.0612336745e-01	1.0046933519e+02
1.0140131726e+07	4.0613232204e-01	1.0047048637e+02
1.0140131726e+07	4.0613982409e-01	1.0047184056e+02
1.0140131726e+07	4.0614575172e-01	1.0047342016e+02
1.0140131726e+07	4.0614995128e-01	1.0047525362e+02
1.0140131726e+07	4.0615222541e-01	1.0047737771e+02
1.0140131726e+07	4.0615225385e-01	1.0047984638e+02
1.0140131726e+07	4.0614965187e-01	1.0048275411e+02
1.0140131726e+07	4.0614400184e-01	1.0048619055e+02
1.0140131726e+07	4.0613457197e-01	1.0049026899e+02
1.0140131726e+07	4.0612019179e-01	1.0049520773e+02
1.0140131726e+07	4.0609880096e-01	1.0050138587e+02
1.0140131726e+07	4.0606613057e-01	1.0050957084e+02
1.0140131726e+07	4.0601015235e-01	1.0052182751e+02
1.0140131726e+07	4.0584492943e-01	1.0055085220e+02
1.0140131726e+07	4.0547225429e-01	1.0059830672e+02
1.0140131726e+07	4.0503668190e-01	1.0066997075e+02
1.0140131726e+07	4.0456423980e-01	1.0081096794e+02
1.0140131726e+07	4.0416587383e-01	1.0099290219e+02
1.0125913428e+07	4.0402887153e-01	1.0144488187e+02
1.0125913428e+07	3.9490901052e-01	1.0264395089e+02
1.0125913428e+07	3.9490134462e-01	1.0265384322e+02
1.0125913428e+07	3.9489467454e-01	1.0266270211e+02
1.0125913428e+07	3.9488808160e-01	1.0267120161e+02
1.0125913428e+07	3.9488124635e-01	1.0267955002e+02
1.0125913428e+07	3.9487402306e-01	1.0268783235e+02
1.0125913428e+07	3.9486631846e-01	1.0269609402e+02
1.0125913428e+07	3.9485806660e-01	1.0270448614e+02
1.0125913428e+07	3.9484921731e-01	1.0271296226e+02
1.0125913428e+07	3.9483973343e-01	1.0272148163e+02
1.0125913428e+07	3.9482958576e-01	1.0273005427e+02
1.0125913428e+07	3.9481875095e-01	1.0273868730e+02
1.0125913428e+07	3.9480720973e-01	1.0274738595e+02
1.0125913428e+07	3.9479494579e-01	1.0275615411e+02
1.0125913428e+07	3.9478194466e-01	1.0276499494e+02
1.0125913428e+07	3.9476819303e-01	1.0277391131e+02
1.0125913428e+07	3.9475367843e-01	1.0278290578e+02
1.0125913428e+07	3.9473838877e-01	1.0279198094e+02
1.0125913428e+07	3.9472231220e-01	1.0280113937e+02
1.0125913428e+07	3.9470543694e-01	1.0281038373e+02
1.0125913428e+07	3.9468775121e-01	1.0281971669e+02
1.0125913428e+07	3.9466924342e-01	1.0282914094e+02
1.0125913428e+07	3.9464990200e-01	1.0283865915e+02
1.0125913428e+07	3.9462971539e-01	1.0284827406e+02
1.0125913428e+07	3.9460867212e-01	1.0285798833e+02
1.0125913428e+07	3.9458676275e-01	1.0286780439e+02
1.0125913428e+07	3.9456400500e-01	1.0287772210e+02
1.0125913428e+07	3.9454038852e-01	1.0288790453e+02
1.0125913428e+07	3.9451586986e-01	1.0289827039e+02
1.0125913428e+07	3.9449043793e-01	1.0290875095e+02
1.0125913428e+07	3.9446408173e-01	1.0291934858e+02
1.0125913428e+07	3.9443679032e-01	1.0293006563e+02
1.0125913428e+07	3.9440855283e-01	1.0294090435e+02
1.0125913428e+07	3.9437935847e-01	1.0295186694e+02
1.0125913428e+07	3.9434919644e-01	1.0296295560e+02
1.0125913428e+07	3.9431805602e-01	1.0297417244e+02
1.0125913428e+07	3.9428592649e-01	1.0298551957e+02
1.0125913428e+07	3.9425279690e-01	1.0299699912e+02
1.0125913428e+07	3.9421865651e-01	1.0300861309e+02
1.0125913428e+07	3.9418349455e-01	1.0302036359e+02
1.0125913428e+07	3.9414730025e-01	1.0303225267e+02
1.0125913428e+07	3.9411006017e-01	1.0304428355e+02
1.0125913428e+07	3.9407175850e-01	1.0305646044e+02
1.0125913428e+07	3.9403238068e-01	1.0306878704e+02
1.0125913428e+07	3.9399191315e-01	1.0308126666e+02
1.0125913428e+07	3.9395034292e-01	1.0309390236e+02
1.0125913428e+07	3.9390765734e-01	1.0310669706e+02
1.0125913428e+07	3.9386384387e-01	1.0311965373e+02
1.0125913428e+07	3.9381889178e-01	1.0313277508e+02
1.0125913428e+07	3.9377281548e-01	1.0314611641e+02
1.0125913428e+07	3.9372558152e-01	1.0315976029e+02
1.0125913428e+07	3.9367716850e-01	1.0317358116e+02
1.0125913428e+07	3.9362756300e-01	1.0318758245e+02
1.0125913428e+07	3.9357675121e-01	1.0320176784e+02
1.0125913428e+07	3.9352471882e-01	1.0321614119e+02
1.0125913428e+07	3.9347145080e-01	1.0323070701e+02
1.0125913428e+07	3.9341692911e-01	1.0324547267e+02
1.0125913428e+07	3.9336110939e-01	1.0326047410e+02
1.0125913428e+07	3.9330369376e-01	1.0327603104e+02
1.0125913428e+07	3.9329093467e-01	1.0328956753e+02
1.0125913428e+07	3.9332577466e-01	1.0329005787e+02
1.0125913428e+07	3.9335964098e-01	1.0329061230e+02
1.0125913428e+07	3.9339204782e-01	1.0329133945e+02
1.0125913428e+07	3.9342287079e-01	1.0329300329e+02
1.0125913428e+07	3.9343793544e-01	1.0330195698e+02
1.0125913428e+07	3.9342128033e-01	1.0331415691e+02
1.0125913428e+07	3.9340103612e-01	1.0332658878e+02
1.0125913428e+07	3.9337951789e-01	1.0333922056e+02
1.0125913428e+07	3.9335685468e-01	1.0335205464e+02
1.0125913428e+07	3.9333305461e-01	1.0336509570e+02
1.0125913428e+07	3.9330813338e-01	1.0337834887e+02
1.0125913428e+07	3.9328212781e-01	1.0339181966e+02
1.0125913428e+07	3.9325517525e-01	1.0340550546e+02
1.0125913428e+07	3.9322725583e-01	1.0341941837e+02
1.0125913428e+07	3.9319839372e-01	1.0343372101e+02
1.0125913428e+07	3.9316869484e-01	1.0344855646e+02
1.0125913428e+07	3.9313820952e-01	1.0346366341e+02
1.0125913428e+07	3.9310748914e-01	1.0347905559e+02
1.0125913428e+07	3.9307809913e-01	1.0349475199e+02
1.0125913428e+07	3.9305127639e-01	1.0351080004e+02
1.0125913428e+07	3.9301952509e-01	1.0352727102e+02
1.0125913428e+07	3.9296220446e-01	1.0354513472e+02
1.0125913428e+07	3.9294420897e-01	1.0355879241e+02
1.0125913428e+07	3.9297329950e-01	1.0355915288e+02
1.0125913428e+07	3.9300120528e-01	1.0355954776e+02
1.0125913428e+07	3.9302760049e-01	1.0355997870e+02
1.0125913428e+07	3.9305351045e-01	1.0356044033e+02
1.0125913428e+07	3.9307771310e-01	1.0356094147e+02
1.0125913428e+07	3.9309865794e-01	1.0356148957e+02
1.0125913428e+07	3.9311566759e-01	1.0356208773e+02
1.0125913428e+07	3.9312801821e-01	1.0356274050e+02
1.0125913428e+07	3.9313197149e-01	1.0356345576e+02
1.0125913428e+07	3.9312401906e-01	1.0356426243e+02
1.0125913428e+07	3.9309678833e-01	1.0356522285e+02
1.0125913428e+07	3.9303887255e-01	1.0356642371e+02
1.0125913428e+07	3.9293187101e-01	1.0356807145e+02
1.0125913428e+07	3.9273537952e-01	1.0357073200e+02
1.0125913428e+07	3.9238201769e-01	1.0357654192e+02
1.0125913428e+07	3.9176002442e-01	1.0359026132e+02
1.0125913428e+07	3.9073055177e-01	1.0361881568e+02
1.0125913428e+07	3.8904982017e-01	1.0367591042e+02
1.0125913428e+07	3.8633132956e-01	1.0378754934e+02
1.0125913428e+07	3.8492568513e-01	1.0385017355e+02
1.0125913428e+07	3.8495430439e-01	1.0384520272e+02
1.0125913428e+07	3.8498185852e-01	1.0383998879e+02
1.0125913428e+07	3.8500944824e-01	1.0383400063e+02
1.0125913428e+07	3.8503699718e-01	1.0382636445e+02
1.0125913428e+07	3.8505023565e-01	1.0382168718e+02
1.0125913428e+07	3.8506058368e-01	1.0381773895e+02
1.0125913428e+07	3.8504479720e-01	1.0381609361e+02
1.0125913428e+07	3.8499363558e-01	1.0381862317e+02
1.0125913428e+07	3.8492458303e-01	1.0382205103e+02
1.0125913428e+07	3.8485067936e-01	1.0382573208e+02
1.0125913428e+07	3.8476820435e-01	1.0382986118e+02
1.0125913428e+07	3.8468477628e-01	1.0383405670e+02
1.0125913428e+07	3.8458626919e-01	1.0383902789e+02
1.0125913428e+07	3.8447034551e-01	1.0384491134e+02
1.0125913428e+07	3.8435833285e-01	1.0385063650e+02
1.0125913428e+07	3.8421850189e-01	1.0385783031e+02
1.0125913428e+07	3.8405012758e-01	1.0386653422e+02
1.0125913428e+07	3.8388496507e-01	1.0387528834e+02
1.0125913428e+07	3.8367792483e-01	1.0388646020e+02
1.0125913428e+07	3.8342064426e-01	1.0390062209e+02
1.0125913428e+07	3.8310188701e-01	1.0391821753e+02
1.0125913428e+07	3.8265691830e-01	1.0394323101e+02
1.0125913428e+07	3.8200084870e-01	1.0398088143e+02
1.0125913428e+07	3.8101237851e-01	1.0403906662e+02
1.0125913428e+07	3.7944650671e-01	1.0413352131e+02
1.0125913428e+07	3.7697255483e-01	1.0428171927e+02
1.0125913428e+07	3.7570710023e-01	1.0429793076e+02
1.0125913428e+07	3.7593127443e-01	1.0434016071e+02
1.0125913428e+07	3.7615551228e-01	1.0439117837e+02
1.0125913428e+07	3.7641411341e-01	1.0444837151e+02
1.0125913428e+07	3.7663680712e-01	1.0423755021e+02
1.0125913428e+07	3.7674340420e-01	1.0406848815e+02
1.0125913428e+07	3.7684889437e-01	1.0394870103e+02
1.0125913428e+07	3.7686994693e-01	1.0389668513e+02
1.0125913428e+07	3.7674903479e-01	1.0390708284e+02
1.0125913428e+07	3.7655534582e-01	1.0392379025e+02
1.0125913428e+07	3.7624496871e-01	1.0395067864e+02
1.0125913428e+07	3.7574749360e-01	1.0399402555e+02
1.0125913428e+07	3.7495027058e-01	1.0406400225e+02
1.0121386908e+07	3.7367341523e-01	1.0430015517e+02
1.0121386908e+07	3.7436542722e-01	1.0426064408e+02
1.0121386908e+07	3.7438503941e-01	1.0425897115e+02
1.0121386908e+07	3.7440071432e-01	1.0425842423e+02
1.0121386908e+07	3.7441420014e-01	1.0425840580e+02
1.0121386908e+07	3.7442630023e-01	1.0425864797e+02
1.0121386908e+07	3.7443729324e-01	1.0425905591e+02
1.0121386908e+07	3.7444726945e-01	1.0425961174e+02
1.0121386908e+07	3.7445627109e-01	1.0426029975e+02
1.0121386908e+07	3.7446429593e-01	1.0426110972e+02
1.0121386908e+07	3.7447133278e-01	1.0426204255e+02
1.0121386908e+07	3.7447736579e-01	1.0426310035e+02
1.0121386908e+07	3.7448237564e-01	1.0426428605e+02
1.0121386908e+07	3.7448633931e-01	1.0426560343e+02
1.0121386908e+07	3.7448922953e-01	1.0426705712e+02
1.0121386908e+07	3.7449101415e-01	1.0426865285e+02
1.0121386908e+07	3.7449165729e-01	1.0427039740e+02
1.0121386908e+07	3.7449111272e-01	1.0427229934e+02
1.0121386908e+07	3.7448932698e-01	1.0427436891e+02
1.0121386908e+07	3.7448623703e-01	1.0427661842e+02
1.0121386908e+07	3.7448176723e-01	1.0427906284e+02
1.0121386908e+07	3.7447582586e-01	1.0428172055e+02
1.0121386908e+07	3.7446830022e-01	1.0428461428e+02
1.0121386908e+07	3.7445904963e-01	1.0428777262e+02
1.0121386908e+07	3.7444789508e-01	1.0429123216e+02
1.0121386908e+07	3.7443460310e-01	1.0429504080e+02
1.0121386908e+07	3.7441878249e-01	1.0429927054e+02
1.0121386908e+07	3.7440000607e-01	1.0430405730e+02
1.0121386908e+07	3.7437768683e-01	1.0430949569e+02
1.0121386908e+07	3.7435081556e-01	1.0431578495e+02
1.0121386908e+07	3.7431765196e-01	1.0432328051e+02
1.0121386908e+07	3.7427470310e-01	1.0433268349e+02
1.0121386908e+07	3.7421269559e-01	1.0434579093e+02
1.0121386908e+07	3.7407741622e-01	1.0437199672e+02
1.0121386908e+07	3.7372929580e-01	1.0442208177e+02
1.0121386908e+07	3.7335315349e-01	1.0448454138e+02
1.0121386908e+07	3.7290300790e-01	1.0462060679e+02
1.0121386908e+07	3.7252811085e-01	1.0479720580e+02
1.0121386908e+07	3.7235043178e-01	1.0490521864e+02
1.0121386908e+07	3.7232098546e-01	1.0492094620e+02
1.0121386908e+07	3.7229937916e-01	1.0493036018e+02
1.0121386908e+07	3.7227816668e-01	1.0493892363e+02
1.0121386908e+07	3.7225634988e-01	1.0494739204e+02
1.0121386908e+07	3.7223374278e-01	1.0495589361e+02
1.0121386908e+07	3.7221028624e-01	1.0496445853e+02
1.0121386908e+07	3.7218594417e-01	1.0497310058e+02
1.0121386908e+07	3.7216068693e-01	1.0498182988e+02
1.0121386908e+07	3.7213448836e-01	1.0499065497e+02
1.0121386908e+07	3.7210732748e-01	1.0499958310e+02
1.0121386908e+07	3.7207918547e-01	1.0500865897e+02
1.0121386908e+07	3.7205003902e-01	1.0501796166e+02
1.0121386908e+07	3.7201986932e-01	1.0502738684e+02
1.0121386908e+07	3.7198865996e-01	1.0503693920e+02
1.0121386908e+07	3.7195639571e-01	1.0504662285e+02
1.0121386908e+07	3.7192306230e-01	1.0505644154e+02
1.0121386908e+07	3.7188864625e-01	1.0506639861e+02
1.0121386908e+07	3.7185313474e-01	1.0507649714e+02
1.0121386908e+07	3.7181651564e-01	1.0508673990e+02
1.0121386908e+07	3.7177877716e-01	1.0509712945e+02
1.0121386908e+07	3.7173990790e-01	1.0510766826e+02
1.0121386908e+07	3.7169989624e-01	1.0511835900e+02
1.0121386908e+07	3.7165872492e-01	1.0512920892e+02
1.0121386908e+07	3.7161631643e-01	1.0514027420e+02
1.0121386908e+07	3.7157207973e-01	1.0515204387e+02
1.0121386908e+07	3.7161634143e-01	1.0515478529e+02
1.0121386908e+07	3.7165293141e-01	1.0515361804e+02
1.0121386908e+07	3.7168888493e-01	1.0515233478e+02
1.0121386908e+07	3.7172509759e-01	1.0515088791e+02
1.0121386908e+07	3.7176252418e-01	1.0514926056e+02
1.0121386908e+07	3.7179906237e-01	1.0514760111e+02
1.0121386908e+07	3.7183464590e-01	1.0514594649e+02
1.0121386908e+07	3.7187196944e-01	1.0514416723e+02
1.0121386908e+07	3.7190812017e-01	1.0514243676e+02
1.0121386908e+07	3.7194251148e-01	1.0514079662e+02
1.0121386908e+07	3.7197640470e-01	1.0513918103e+02
1.0121386908e+07	3.7200574688e-01	1.0513781994e+02
1.0121386908e+07	3.7202505775e-01	1.0513702142e+02
1.0121386908e+07	3.7202294596e-01	1.0513742328e+02
1.0121386908e+07	3.7196759013e-01	1.0514081098e+02
1.0121386908e+07	3.7184777548e-01	1.0514776763e+02
1.0121386908e+07	3.7163590831e-01	1.0515993029e+02
1.0121386908e+07	3.7128070467e-01	1.0518037349e+02
1.0121386908e+07	3.7069851779e-01	1.0521426339e+02
1.0121386908e+07	3.6975590300e-01	1.0527020893e+02
1.0121386908e+07	3.6824243949e-01	1.0536264813e+02
1.0121386908e+07	3.6591566260e-01	1.0550250504e+02
1.0121386908e+07	3.6480826921e-01	1.0551147841e+02
1.0121386908e+07	3.6503292363e-01	1.0555301380e+02
1.0121386908e+07	3.6525848190e-01	1.0560328869e+02
1.0121386908e+07	3.6551930118e-01	1.0565958339e+02
1.0121386908e+07	3.6573912050e-01	1.0544683926e+02
1.0121386908e+07	3.6584794851e-01	1.0527814969e+02
1.0121386908e+07	3.6595571881e-01	1.0515858510e+02
1.0121386908e+07	3.6597909781e-01	1.0510707937e+02
1.0121386908e+07	3.6586112103e-01	1.0511745773e+02
1.0121386908e+07	3.6567205380e-01	1.0513414417e+02
1.0121386908e+07	3.6536889403e-01	1.0516102191e+02
1.0121386908e+07	3.6488255492e-01	1.0520440267e+02
1.0121386908e+07	3.6410224988e-01	1.0527453975e+02
1.0111643480e+07	3.6285065149e-01	1.0565854821e+02
1.0111643480e+07	3.6872460958e-01	1.0460320878e+02
1.0111643480e+07	3.6874793917e-01	1.0460066239e+02
1.0111643480e+07	3.6876579198e-01	1.0459969528e+02
1.0111643480e+07	3.6878030225e-01	1.0459956441e+02
1.0111643480e+07	3.6879295905e-01	1.0459980977e+02
1.0111643480e+07	3.6880433551e-01	1.0460026639e+02
1.0111643480e+07	3.6881464208e-01	1.0460088344e+02
1.0111643480e+07	3.6882392883e-01	1.0460162920e+02
1.0111643480e+07	3.6883219707e-01	1.0460250045e+02
1.0111643480e+07	3.6883943146e-01	1.0460349863e+02
1.0111643480e+07	3.6884560871e-01	1.0460462719e+02
1.0111643480e+07	3.6885069988e-01	1.0460589085e+02
1.0111643480e+07	3.6885467043e-01	1.0460729548e+02
1.0111643480e+07	3.6885747961e-01	1.0460884823e+02
1.0111643480e+07	3.6885907976e-01	1.0461055763e+02
1.0111643480e+07	3.6885941389e-01	1.0461243402e+02
1.0111643480e+07	3.6885841462e-01	1.0461448982e+02
1.0111643480e+07	3.6885600130e-01	1.0461674001e+02
1.0111643480e+07	3.6885207640e-01	1.0461920295e+02
1.0111643480e+07	3.6884652044e-01	1.0462190124e+02
1.0111643480e+07	3.6883918481e-01	1.0462486320e+02
1.0111643480e+07	3.6882988125e-01	1.0462812487e+02
1.0111643480e+07	3.6881836581e-01	1.0463173314e+02
1.0111643480e+07	3.6880428184e-01	1.0463575370e+02
1.0111643480e+07	3.6878708951e-01	1.0464030039e+02
1.0111643480e+07	3.6876621948e-01	1.0464551366e+02
1.0111643480e+07	3.6874070457e-01	1.0465154781e+02
1.0111643480e+07	3.6870887965e-01	1.0465872310e+02
1.0111643480e+07	3.6866757533e-01	1.0466764140e+02
1.0111643480e+07	3.6860920865e-01	1.0467970694e+02
1.0111643480e+07	3.6850269054e-01	1.0470031073e+02
1.0111643480e+07	3.6809931640e-01	1.0475917599e+02
1.0111643480e+07	3.6769301318e-01	1.0481873393e+02
1.0111643480e+07	3.6716625402e-01	1.0495538215e+02
1.0111643480e+07	3.6674125142e-01	1.0513018327e+02
1.0100303039e+07	3.6650258220e-01	1.0557555319e+02
1.0100303039e+07	3.5791708401e-01	1.0682145639e+02
1.0100303039e+07	3.5790744636e-01	1.0683152068e+02
1.0100303039e+07	3.5789869883e-01	1.0684077677e+02
1.0100303039e+07	3.5789005289e-01	1.0684976684e+02
1.0100303039e+07	3.5788120350e-01	1.0685866577e+02
1.0100303039e+07	3.5787200016e-01	1.0686754606e+02
1.0100303039e+07	3.5786234774e-01	1.0687644548e+02
1.0100303039e+07	3.5785217527e-01	1.0688546786e+02
1.0100303039e+07	3.5784142755e-01	1.0689465729e+02
1.0100303039e+07	3.5783006279e-01	1.0690391907e+02
1.0100303039e+07	3.5781804742e-01	1.0691326152e+02
1.0100303039e+07	3.5780535355e-01	1.0692269090e+02
1.0100303039e+07	3.5779195723e-01	1.0693221217e+02
1.0100303039e+07	3.5777783729e-01	1.0694182948e+02
1.0100303039e+07	3.5776297446e-01	1.0695154653e+02
1.0100303039e+07	3.5774735068e-01	1.0696136683e+02
1.0100303039e+07	3.5773094899e-01	1.0697129369e+02
1.0100303039e+07	3.5771375290e-01	1.0698133045e+02
1.0100303039e+07	3.5769574633e-01	1.0699148046e+02
1.0100303039e+07	3.5767691362e-01	1.0700174698e+02
1.0100303039e+07	3.5765723934e-01	1.0701213330e+02
1.0100303039e+07	3.5763670841e-01	1.0702264266e+02
1.0100303039e+07	3.5761530599e-01	1.0703327826e+02
1.0100303039e+07	3.5759301753e-01	1.0704404323e+02
1.0100303039e+07	3.5756984282e-01	1.0705493920e+02
1.0100303039e+07	3.5754580082e-01	1.0706600308e+02
1.0100303039e+07	3.5752084801e-01	1.0707742345e+02
1.0100303039e+07	3.5749495281e-01	1.0708898880e+02
1.0100303039e+07	3.5746810158e-01	1.0710070206e+02
1.0100303039e+07	3.5744028114e-01	1.0711256593e+02
1.0100303039e+07	3.5741147842e-01	1.0712458308e+02
1.0100303039e+07	3.5738168028e-01	1.0713675621e+02
1.0100303039e+07	3.5735087396e-01	1.0714908787e+02
1.0100303039e+07	3.5731904663e-01	1.0716158062e+02
1.0100303039e+07	3.5728618544e-01	1.0717423705e+02
1.0100303039e+07	3.5725227750e-01	1.0718705964e+02
1.0100303039e+07	3.5721731024e-01	1.0720005088e+02
1.0100303039e+07	3.5718127114e-01	1.0721321323e+02
1.0100303039e+07	3.5714414768e-01	1.0722654918e+02
1.0100303039e+07	3.5710592743e-01	1.0724006116e+02
1.0100303039e+07	3.5706659791e-01	1.0725375171e+02
1.0100303039e+07	3.5702614667e-01	1.0726762331e+02
1.0100303039e+07	3.5698456123e-01	1.0728167848e+02
1.0100303039e+07	3.5694182898e-01	1.0729591980e+02
1.0100303039e+07	3.5689793811e-01	1.0731035015e+02
1.0100303039e+07	3.5685290628e-01	1.0732502519e+02
1.0100303039e+07	3.5680669458e-01	1.0734004984e+02
1.0100303039e+07	3.5675927713e-01	1.0735527782e+02
1.0100303039e+07	3.5671063906e-01	1.0737071278e+02
1.0100303039e+07	3.5666076538e-01	1.0738635850e+02
1.0100303039e+07	3.5660964097e-01	1.0740221885e+02
1.0100303039e+07	3.5655725033e-01	1.0741829791e+02
1.0100303039e+07	3.5650357760e-01	1.0743459995e+02
1.0100303039e+07	3.5644860627e-01	1.0745112976e+02
1.0100303039e+07	3.5639231816e-01	1.0746789369e+02
1.0100303039e+07	3.5633468070e-01	1.0748491346e+02
1.0100303039e+07	3.5627551988e-01	1.0750236688e+02
1.0100303039e+07	3.5621364984e-01	1.0752160214e+02
1.0100303039e+07	3.5627049859e-01	1.0752372730e+02
1.0100303039e+07	3.5630604870e-01	1.0752429782e+02
1.0100303039e+07	3.5634066262e-01	1.0752474181e+02
1.0100303039e+07	3.5637519702e-01	1.0752519505e+02
1.0100303039e+07	3.5640865509e-01	1.0752617106e+02
1.0100303039e+07	3.5643459388e-01	1.0752961194e+02
1.0100303039e+07	3.5641938780e-01	1.0754489063e+02
1.0100303039e+07	3.5638622577e-01	1.0756064399e+02
1.0100303039e+07	3.5635115597e-01	1.0757667313e+02
1.0100303039e+07	3.5631479348e-01	1.0759298474e+02
1.0100303039e+07	3.5627718858e-01	1.0760958939e+02
1.0100303039e+07	3.5623850409e-01	1.0762693692e+02
1.0100303039e+07	3.5619857745e-01	1.0764466122e+02
1.0100303039e+07	3.5615744139e-01	1.0766273870e+02
1.0100303039e+07	3.5610599837e-01	1.0768214014e+02
1.0100303039e+07	3.5605067540e-01	1.0770235803e+02
1.0100303039e+07	3.5599667305e-01	1.0772308949e+02
1.0100303039e+07	3.5593944317e-01	1.0774434217e+02
1.0100303039e+07	3.5586742556e-01	1.0776601119e+02
1.0100303039e+07	3.5578213361e-01	1.0778806108e+02
1.0100303039e+07	3.5581674945e-01	1.0779204629e+02
1.0100303039e+07	3.5584300466e-01	1.0779280037e+02
1.0100303039e+07	3.5586744922e-01	1.0779358717e+02
1.0100303039e+07	3.5589042448e-01	1.0779440749e+02
1.0100303039e+07	3.5591156144e-01	1.0779526210e+02
1.0100303039e+07	3.5592867687e-01	1.0779614151e+02
1.0100303039e+07	3.5594069083e-01	1.0779703335e+02
1.0100303039e+07	3.5594647343e-01	1.0779793665e+02
1.0100303039e+07	3.5594165899e-01	1.0779883629e+02
1.0100303039e+07	3.5592205184e-01	1.0779972384e+02
1.0100303039e+07	3.5587790280e-01	1.0780061439e+02
1.0100303039e+07	3.5579583500e-01	1.0780155166e+02
1.0100303039e+07	3.5565392731e-01	1.0780268344e+02
1.0100303039e+07	3.5540368765e-01	1.0780441808e+02
1.0100303039e+07	3.5497247289e-01	1.0780869253e+02
1.0100303039e+07	3.5421028049e-01	1.0782355906e+02
1.0100303039e+07	3.5292125914e-01	1.0786294398e+02
1.0100303039e+07	3.5082349404e-01	1.0794300204e+02
1.0100303039e+07	3.4757770154e-01	1.0810017587e+02
1.0100303039e+07	3.4374196853e-01	1.0832660688e+02
1.0100303039e+07	3.4084502763e-01	1.0850517443e+02
1.0100303039e+07	3.4008677593e-01	1.0849855741e+02
1.0100303039e+07	3.4031548895e-01	1.0853815309e+02
1.0100303039e+07	3.4054786873e-01	1.0858630863e+02
1.0100303039e+07	3.4081632267e-01	1.0864024671e+02
1.0100303039e+07	3.4103015442e-01	1.0842231253e+02
1.0100303039e+07	3.4114905739e-01	1.0825419923e+02
1.0100303039e+07	3.4126684706e-01	1.0813483914e+02
1.0100303039e+07	3.4129856838e-01	1.0808424386e+02
1.0100303039e+07	3.4118764767e-01	1.0809450961e+02
1.0100303039e+07	3.4100982463e-01	1.0811102675e+02
1.0100303039e+07	3.4072456499e-01	1.0813765572e+02
1.0100303039e+07	3.4026669675e-01	1.0818068017e+02
1.0100303039e+07	3.3953166878e-01	1.0825031622e+02
1.0091922007e+07	3.3835237633e-01	1.0860812565e+02
1.0091922007e+07	3.3981805155e-01	1.0833465720e+02
1.0091922007e+07	3.3983530567e-01	1.0833322593e+02
1.0091922007e+07	3.3984796594e-01	1.0833309041e+02
1.0091922007e+07	3.3985827378e-01	1.0833351301e+02
1.0091922007e+07	3.3986712047e-01	1.0833420574e+02
1.0091922007e+07	3.3987478327e-01	1.0833507773e+02
1.0091922007e+07	3.3988135240e-01	1.0833612576e+02
1.0091922007e+07	3.3988685151e-01	1.0833731860e+02
1.0091922007e+07	3.3989126675e-01	1.0833865724e+02
1.0091922007e+07	3.3989457465e-01	1.0834014524e+02
1.0091922007e+07	3.3989674513e-01	1.0834178769e+02
1.0091922007e+07	3.3989774153e-01	1.0834359114e+02
1.0091922007e+07	3.3989751964e-01	1.0834556371e+02
1.0091922007e+07	3.3989602751e-01	1.0834771530e+02
1.0091922007e+07	3.3989320117e-01	1.0835005823e+02
1.0091922007e+07	3.3988896101e-01	1.0835260789e+02
1.0091922007e+07	3.3988321165e-01	1.0835538311e+02
1.0091922007e+07	3.3987583522e-01	1.0835840745e+02
1.0091922007e+07	3.3986668401e-01	1.0836171061e+02
1.0091922007e+07	3.3985556965e-01	1.0836533075e+02
1.0091922007e+07	3.3984224649e-01	1.0836931785e+02
1.0091922007e+07	3.3982638547e-01	1.0837373906e+02
1.0091922007e+07	3.3980744390e-01	1.0837869673e+02
1.0091922007e+07	3.3978474306e-01	1.0838437767e+02
1.0091922007e+07	3.3975733703e-01	1.0839095359e+02
1.0091922007e+07	3.3972348262e-01	1.0839876711e+02
1.0091922007e+07	3.3967980320e-01	1.0840849681e+02
1.0091922007e+07	3.3961795488e-01	1.0842177404e+02
1.0091922007e+07	3.3950025626e-01	1.0844542737e+02
1.0091922007e+07	3.3912578058e-01	1.0850311443e+02
1.0091922007e+07	3.3874176255e-01	1.0856497745e+02
1.0091922007e+07	3.3825396992e-01	1.0870246756e+02
1.0091922007e+07	3.3785449277e-01	1.0887841414e+02
1.0091728398e+07	3.3764572356e-01	1.0900429758e+02
1.0091728398e+07	3.3633215429e-01	1.0924796735e+02
1.0091728398e+07	3.3630724291e-01	1.0925875250e+02
1.0091728398e+07	3.3628285268e-01	1.0926865503e+02
1.0091728398e+07	3.3625790112e-01	1.0927845519e+02
1.0091728398e+07	3.3623217640e-01	1.0928828820e+02
1.0091728398e+07	3.3620560242e-01	1.0929819016e+02
1.0091728398e+07	3.3617812960e-01	1.0930817994e+02
1.0091728398e+07	3.3614971747e-01	1.0931827183e+02
1.0091728398e+07	3.3612033304e-01	1.0932847760e+02
1.0091728398e+07	3.3608995013e-01	1.0933881871e+02
1.0091728398e+07	3.3605853775e-01	1.0934945031e+02
1.0091728398e+07	3.3602606969e-01	1.0936022504e+02
1.0091728398e+07	3.3599252447e-01	1.0937114965e+02
1.0091728398e+07	3.3595788273e-01	1.0938222999e+02
1.0091728398e+07	3.3592212674e-01	1.0939347124e+02
1.0091728398e+07	3.3588524016e-01	1.0940487798e+02
1.0091728398e+07	3.3584720781e-01	1.0941645431e+02
1.0091728398e+07	3.3580801547e-01	1.0942820387e+02
1.0091728398e+07	3.3576764966e-01	1.0944013000e+02
1.0091728398e+07	3.3572609765e-01	1.0945223569e+02
1.0091728398e+07	3.3568334707e-01	1.0946452371e+02
1.0091728398e+07	3.3563938606e-01	1.0947699670e+02
1.0091728398e+07	3.3559420295e-01	1.0948965712e+02
1.0091728398e+07	3.3554778536e-01	1.0950250801e+02
1.0091728398e+07	3.3550011132e-01	1.0951555991e+02
1.0091728398e+07	3.3545105965e-01	1.0952890257e+02
1.0091728398e+07	3.3539974225e-01	1.0954327088e+02
1.0091728398e+07	3.3545107241e-01	1.0954465981e+02
1.0091728398e+07	3.3548847639e-01	1.0954358021e+02
1.0091728398e+07	3.3552522750e-01	1.0954235638e+02
1.0091728398e+07	3.3556269166e-01	1.0954092362e+02
1.0091728398e+07	3.3560089051e-01	1.0953931930e+02
1.0091728398e+07	3.3563816864e-01	1.0953770314e+02
1.0091728398e+07	3.3567510331e-01	1.0953609126e+02
1.0091728398e+07	3.3571322997e-01	1.0953438280e+02
1.0091728398e+07	3.3574986263e-01	1.0953273845e+02
1.0091728398e+07	3.3578493959e-01	1.0953117121e+02
1.0091728398e+07	3.3581887580e-01	1.0952966305e+02
1.0091728398e+07	3.3584596309e-01	1.0952852791e+02
1.0091728398e+07	3.3585922801e-01	1.0952814379e+02
1.0091728398e+07	3.3583829852e-01	1.0952961477e+02
1.0091728398e+07	3.3573870694e-01	1.0953536295e+02
1.0091728398e+07	3.3554885024e-01	1.0954601690e+02
1.0091728398e+07	3.3522541872e-01	1.0956463582e+02
1.0091728398e+07	3.3469203663e-01	1.0959582046e+02
1.0091728398e+07	3.3382531177e-01	1.0964792896e+02
1.0091728398e+07	3.3242885553e-01	1.0973521910e+02
1.0091728398e+07	3.3027752658e-01	1.0987357548e+02
1.0091728398e+07	3.2881215601e-01	1.0989840704e+02
1.0091728398e+07	3.2905092615e-01	1.0993203836e+02
1.0091728398e+07	3.2928176439e-01	1.0997702737e+02
1.0091728398e+07	3.2954668763e-01	1.1002765497e+02
1.0091728398e+07	3.2982908857e-01	1.0982288656e+02
1.0091728398e+07	3.2994777052e-01	1.0965551670e+02
1.0091728398e+07	3.3006534861e-01	1.0953672208e+02
1.0091728398e+07	3.3009734471e-01	1.0948698622e+02
1.0091728398e+07	3.2998881910e-01	1.0949727762e+02
1.0091728398e+07	3.2981479044e-01	1.0951384373e+02
1.0091728398e+07	3.2953552480e-01	1.0954056743e+02
1.0091728398e+07	3.2908710735e-01	1.0958377393e+02
1.0091728398e+07	3.2836698715e-01	1.0965375087e+02
1.0081525125e+07	3.2721190909e-01	1.1007251774e+02
1.0081525125e+07	3.2704195915e-01	1.0999006928e+02
1.0081525125e+07	3.2707930863e-01	1.0998598968e+02
1.0081525125e+07	3.2710891930e-01	1.0998311643e+02
1.0081525125e+07	3.2712661965e-01	1.0998141948e+02
1.0081525125e+07	3.2711560646e-01	1.0998255656e+02
1.0081525125e+07	3.2704624763e-01	1.0998945037e+02
1.0081525125e+07	3.2690696527e-01	1.1000325003e+02
1.0081525125e+07	3.2666464997e-01	1.1002726319e+02
1.0081525125e+07	3.2626077071e-01	1.1006736715e+02
1.0081525125e+07	3.2560023219e-01	1.1013319776e+02
1.0081525125e+07	3.2475082951e-01	1.1021768111e+02
1.0081525125e+07	3.2477588380e-01	1.1021451852e+02
1.0081525125e+07	3.2479522654e-01	1.1021180339e+02
1.0081525125e+07	3.2479835711e-01	1.1021048163e+02
1.0081525125e+07	3.2478750610e-01	1.1021089376e+02
1.0081525125e+07	3.2476245770e-01	1.1021282667e+02
1.0081525125e+07	3.2469016697e-01	1.1022010335e+02
1.0081525125e+07	3.2458013580e-01	1.1023119822e+02
1.0081525125e+07	3.2444750195e-01	1.1024458321e+02
1.0081525125e+07	3.2428882579e-01	1.1026061085e+02
1.0081525125e+07	3.2407703455e-01	1.1028202906e+02
1.0081525125e+07	3.2381543448e-01	1.1030852469e+02
1.0081525125e+07	3.2346423130e-01	1.1034417460e+02
1.0081525125e+07	3.2289450144e-01	1.1040221306e+02
1.0081525125e+07	3.2198938560e-01	1.1049481913e+02
1.0081525125e+07	3.2053841165e-01	1.1064426790e+02
1.0081525125e+07	3.1825714623e-01	1.1088161146e+02
1.0081525125e+07	3.1470365173e-01	1.1125648833e+02
1.0081525125e+07	3.1101977202e-01	1.1165138787e+02
1.0081525125e+07	3.0746419883e-01	1.1203811202e+02
1.0081525125e+07	3.0470909110e-01	1.1234130401e+02
1.0053256545e+07	3.0133716944e-01	1.1361004887e+02
1.0053256545e+07	2.9777928141e-01	1.1382305544e+02
1.0053256545e+07	2.9798479205e-01	1.1380577872e+02
1.0053256545e+07	2.9798342176e-01	1.1380569054e+02
1.0053256545e+07	2.9798097995e-01	1.1380572782e+02
1.0053256545e+07	2.9797745935e-01	1.1380589146e+02
1.0053256545e+07	2.9797285261e-01	1.1380618232e+02
1.0053256545e+07	2.9796690265e-01	1.1380665363e+02
1.0053256545e+07	2.9795263850e-01	1.1380860016e+02
1.0053256545e+07	2.9793443578e-01	1.1381118703e+02
1.0053256545e+07	2.9791495391e-01	1.1381393669e+02
1.0053256545e+07	2.9789435194e-01	1.1381682030e+02
1.0053256545e+07	2.9787263005e-01	1.1381983738e+02
1.0053256545e+07	2.9784978078e-01	1.1382298881e+02
1.0053256545e+07	2.9782579618e-01	1.1382627556e+02
1.0053256545e+07	2.9780066834e-01	1.1382969859e+02
1.0053256545e+07	2.9777438914e-01	1.1383325889e+02
1.0053256545e+07	2.9774695044e-01	1.1383695745e+02
1.0053256545e+07	2.9771833725e-01	1.1384079606e+02
1.0053256545e+07	2.9768854641e-01	1.1384477513e+02
1.0053256545e+07	2.9765757103e-01	1.1384889552e+02
1.0053256545e+07	2.9762534739e-01	1.1385316534e+02
1.0053256545e+07	2.9759184079e-01	1.1385759376e+02
1.0053256545e+07	2.9755712392e-01	1.1386216675e+02
1.0053256545e+07	2.9752118799e-01	1.1386688537e+02
1.0053256545e+07	2.9748402409e-01	1.1387175073e+02
1.0053256545e+07	2.9744562320e-01	1.1387676394e+02
1.0053256545e+07	2.9740597572e-01	1.1388192621e+02
1.0053256545e+07	2.9736506725e-01	1.1388723960e+02
1.0053256545e+07	2.9732283700e-01	1.1389271468e+02
1.0053256545e+07	2.9727889974e-01	1.1389842297e+02
1.0053256545e+07	2.9733446447e-01	1.1389240428e+02
1.0053256545e+07	2.9737460661e-01	1.1388791667e+02
1.0053256545e+07	2.9741391533e-01	1.1388351726e+02
1.0053256545e+07	2.9745387438e-01	1.1387903937e+02
1.0053256545e+07	2.9749439412e-01	1.1387449436e+02
1.0053256545e+07	2.9753386182e-01	1.1387006551e+02
1.0053256545e+07	2.9757304340e-01	1.1386566760e+02
1.0053256545e+07	2.9761323813e-01	1.1386115478e+02
1.0053256545e+07	2.9765179813e-01	1.1385682615e+02
1.0053256545e+07	2.9768877109e-01	1.1385267649e+02
1.0053256545e+07	2.9772387377e-01	1.1384873748e+02
1.0053256545e+07	2.9775080803e-01	1.1384571859e+02
1.0053256545e+07	2.9776067918e-01	1.1384462046e+02
1.0053256545e+07	2.9772718397e-01	1.1384840356e+02
1.0053256545e+07	2.9763854457e-01	1.1385839308e+02
1.0053256545e+07	2.9747481779e-01	1.1387684397e+02
1.0053256545e+07	2.9719611280e-01	1.1390827172e+02
1.0053256545e+07	2.9673626624e-01	1.1396019385e+02
1.0053256545e+07	2.9599013473e-01	1.1404462805e+02
1.0053256545e+07	2.9479275309e-01	1.1418063300e+02
1.0053256545e+07	2.9288505157e-01	1.1439856068e+02
1.0053256545e+07	2.8983813648e-01	1.1474974264e+02
1.0053256545e+07	2.8669867938e-01	1.1511528501e+02
1.0053256545e+07	2.8370736728e-01	1.1546679743e+02
1.0053256545e+07	2.8371793974e-01	1.1546539471e+02
1.0053256545e+07	2.8370263321e-01	1.1546701862e+02
1.0053256545e+07	2.8363161007e-01	1.1547520467e+02
1.0053256545e+07	2.8349194911e-01	1.1549153685e+02
1.0053256545e+07	2.8328428944e-01	1.1551608040e+02
1.0053256545e+07	2.8295184462e-01	1.1555540475e+02
1.0053256545e+07	2.8241939135e-01	1.1561847023e+02
1.0053256545e+07	2.8156396131e-01	1.1572000703e+02
1.0053256545e+07	2.8011021792e-01	1.1589330817e+02
1.0025384563e+07	2.7771104571e-01	1.1711203471e+02
1.0025384563e+07	2.7539510456e-01	1.1699404774e+02
1.0025384563e+07	2.7542756402e-01	1.1699231753e+02
1.0025384563e+07	2.7544976106e-01	1.1698945480e+02
1.0025384563e+07	2.7547089321e-01	1.1698672305e+02
1.0025384563e+07	2.7549095329e-01	1.1698412318e+02
1.0025384563e+07	2.7550306352e-01	1.1698272932e+02
1.0025384563e+07	2.7550844108e-01	1.1698233872e+02
1.0025384563e+07	2.7551238834e-01	1.1698213505e+02
1.0025384563e+07	2.7551523702e-01	1.1698206729e+02
1.0025384563e+07	2.7551699284e-01	1.1698213435e+02
1.0025384563e+07	2.7551764828e-01	1.1698233718e+02
1.0025384563e+07	2.7551719534e-01	1.1698267678e+02
1.0025384563e+07	2.7551562599e-01	1.1698315416e+02
1.0025384563e+07	2.7551293219e-01	1.1698377034e+02
1.0025384563e+07	2.7550910359e-01	1.1698452663e+02
1.0025384563e+07	2.7550392749e-01	1.1698545082e+02
1.0025384563e+07	2.7549755989e-01	1.1698652367e+02
1.0025384563e+07	2.7549003531e-01	1.1698773946e+02
1.0025384563e+07	2.7548134539e-01	1.1698909924e+02
1.0025384563e+07	2.7547148171e-01	1.1699060408e+02
1.0025384563e+07	2.7546043578e-01	1.1699225504e+02
1.0025384563e+07	2.7544819901e-01	1.1699405321e+02
1.0025384563e+07	2.7543476274e-01	1.1699599970e+02
1.0025384563e+07	2.7542011821e-01	1.1699809562e+02
1.0025384563e+07	2.7540425659e-01	1.1700034207e+02
1.0025384563e+07	2.7538716891e-01	1.1700274021e+02
1.0025384563e+07	2.7536884588e-01	1.1700529121e+02
1.0025384563e+07	2.7534927559e-01	1.1700799669e+02
1.0025384563e+07	2.7532842084e-01	1.1701086218e+02
1.0025384563e+07	2.7530603833e-01	1.1701392592e+02
1.0025384563e+07	2.7536757880e-01	1.1700668749e+02
1.0025384563e+07	2.7541296854e-01	1.1700121966e+02
1.0025384563e+07	2.7545742060e-01	1.1699586300e+02
1.0025384563e+07	2.7550252458e-01	1.1699042566e+02
1.0025384563e+07	2.7554826809e-01	1.1698490970e+02
1.0025384563e+07	2.7559283311e-01	1.1697953542e+02
1.0025384563e+07	2.7563707643e-01	1.1697419978e+02
1.0025384563e+07	2.7568234335e-01	1.1696874055e+02
1.0025384563e+07	2.7572568618e-01	1.1696351398e+02
1.0025384563e+07	2.7576707592e-01	1.1695852345e+02
1.0025384563e+07	2.7580558130e-01	1.1695388093e+02
1.0025384563e+07	2.7583338498e-01	1.1695052935e+02
1.0025384563e+07	2.7583798928e-01	1.1694997475e+02
1.0025384563e+07	2.7579622683e-01	1.1695501016e+02
1.0025384563e+07	2.7569742066e-01	1.1696692561e+02
1.0025384563e+07	2.7551707482e-01	1.1698868296e+02
1.0025384563e+07	2.7521088814e-01	1.1702564794e+02
1.0025384563e+07	2.7470610860e-01	1.1708666119e+02
1.0025384563e+07	2.7388741740e-01	1.1718580896e+02
1.0025384563e+07	2.7257397621e-01	1.1734536532e+02
1.0025384563e+07	2.7048360861e-01	1.1760056663e+02
1.0025384563e+07	2.6749125271e-01	1.1796842240e+02
1.0025384563e+07	2.6470134511e-01	1.1831094287e+02
1.0025384563e+07	2.6494825862e-01	1.1827085039e+02
1.0025384563e+07	2.6516320569e-01	1.1823251131e+02
1.0004831022e+07	2.6539003340e-01	1.1889852243e+02
1.0004831022e+07	2.5744043445e-01	1.2026823333e+02
1.0004831022e+07	2.5762239271e-01	1.2023388968e+02
1.0004831022e+07	2.5801320968e-01	1.2017226660e+02
1.0004831022e+07	2.5804457976e-01	1.2016788889e+02
1.0004831022e+07	2.5807499315e-01	1.2016363394e+02
1.0004831022e+07	2.5810444631e-01	1.2015950181e+02
1.0004831022e+07	2.5813293558e-01	1.2015549277e+02
1.0004831022e+07	2.5816045795e-01	1.2015160696e+02
1.0004831022e+07	2.5818701094e-01	1.2014784442e+02
1.0004831022e+07	2.5821259235e-01	1.2014420512e+02
1.0004831022e+07	2.5823720117e-01	1.2014068880e+02
1.0004831022e+07	2.5826083736e-01	1.2013729502e+02
1.0004831022e+07	2.5828350254e-01	1.2013402299e+02
1.0004831022e+07	2.5830520029e-01	1.2013087155e+02
1.0004831022e+07	2.5832593635e-01	1.2012783903e+02
1.0004831022e+07	2.5834571835e-01	1.2012492319e+02
1.0004831022e+07	2.5836457139e-01	1.2012211903e+02
1.0004831022e+07	2.5838252982e-01	1.2011941945e+02
1.0004831022e+07	2.5839965370e-01	1.2011681239e+02
1.0004831022e+07	2.5841605476e-01	1.2011427560e+02
1.0004831022e+07	2.5843198496e-01	1.2011175949e+02
1.0004831022e+07	2.5844822075e-01	1.2010911185e+02
1.0004831022e+07	2.5846791908e-01	1.2010571639e+02
1.0004831022e+07	2.5848984161e-01	1.2010181746e+02
1.0004831022e+07	2.5851068934e-01	1.2009804274e+02
1.0004831022e+07	2.5853039956e-01	1.2009439922e+02
1.0004831022e+07	2.5854894730e-01	1.2009088983e+02
1.0004831022e+07	2.5856633055e-01	1.2008751452e+02
1.0004831022e+07	2.5858255342e-01	1.2008427241e+02
1.0004831022e+07	2.5859760806e-01	1.2008116422e+02
1.0004831022e+07	2.5861148651e-01	1.2007819066e+02
1.0004831022e+07	2.5862414646e-01	1.2007535786e+02
1.0004831022e+07	2.5863553118e-01	1.2007268020e+02
1.0004831022e+07	2.5864571489e-01	1.2007013980e+02
1.0004831022e+07	2.5865468891e-01	1.2006773753e+02
1.0004831022e+07	2.5866244432e-01	1.2006547428e+02
1.0004831022e+07	2.5866897195e-01	1.2006335100e+02
1.0004831022e+07	2.5867426232e-01	1.2006136870e+02
1.0004831022e+07	2.5867830560e-01	1.2005952846e+02
1.0004831022e+07	2.5868109157e-01	1.2005783146e+02
1.0004831022e+07	2.5868260956e-01	1.2005628610e+02
1.0004831022e+07	2.5868284840e-01	1.2005488960e+02
1.0004831022e+07	2.5868179630e-01	1.2005364084e+02
1.0004831022e+07	2.5867937228e-01	1.2005255045e+02
1.0004831022e+07	2.5867562232e-01	1.2005161253e+02
1.0004831022e+07	2.5867054546e-01	1.2005082714e+02
1.0004831022e+07	2.5866416062e-01	1.2005018893e+02
1.0004831022e+07	2.5865681478e-01	1.2004961844e+02
1.0004831022e+07	2.5871336566e-01	1.2004030139e+02
1.0004831022e+07	2.5876472674e-01	1.2003268424e+02
1.0004831022e+07	2.5881842104e-01	1.2002439732e+02
1.0004831022e+07	2.5888198030e-01	1.2001413970e+02
1.0004831022e+07	2.5896318074e-01	1.2000024845e+02
1.0004831022e+07	2.5906694114e-01	1.1998069496e+02
1.0004831022e+07	2.5921283076e-01	1.1995026512e+02
1.0004831022e+07	2.5940615128e-01	1.1990622528e+02
1.0004831022e+07	2.5955883411e-01	1.1987081580e+02
1.0004831022e+07	2.5962468025e-01	1.1985916896e+02
1.0004831022e+07	2.5966750011e-01	1.1985385078e+02
1.0004831022e+07	2.5970239149e-01	1.1984954766e+02
1.0004831022e+07	2.5972149304e-01	1.1984719917e+02
1.0004831022e+07	2.5970935888e-01	1.1984872868e+02
1.0004831022e+07	2.5966124736e-01	1.1985473435e+02
1.0004831022e+07	2.5956286716e-01	1.1986700791e+02
1.0004831022e+07	2.5938757530e-01	1.1988889656e+02
1.0004831022e+07	2.5909074920e-01	1.1992603320e+02
1.0004831022e+07	2.5860090792e-01	1.1998748288e+02
1.0004831022e+07	2.5780560838e-01	1.2008757434e+02
1.0004831022e+07	2.5652638918e-01	1.2024907906e+02
1.0004831022e+07	2.5474176343e-01	1.2047473638e+02
1.0004831022e+07	2.5453645171e-01	1.2049995657e+02
1.0004831022e+07	2.5402092920e-01	1.2056512262e+02
1.0004831022e+07	2.5311062939e-01	1.2068088203e+02
1.0004831022e+07	2.5164676194e-01	1.2086750048e+02
1.0004831022e+07	2.4981756629e-01	1.2110134031e+02
1.0004267922e+07	2.4801324144e-01	1.2135288974e+02
1.0004267922e+07	2.5316618224e-01	1.2027587143e+02
1.0004267922e+07	2.5320893769e-01	1.2026939278e+02
1.0004267922e+07	2.5325073044e-01	1.2026304700e+02
1.0004267922e+07	2.5329160500e-01	1.2025682125e+02
1.0004267922e+07	2.5333155438e-01	1.2025071657e+02
1.0004267922e+07	2.5337056957e-01	1.2024473424e+02
1.0004267922e+07	2.5340864350e-01	1.2023887533e+02
1.0004267922e+07	2.5344576988e-01	1.2023314080e+02
1.0004267922e+07	2.5348194173e-01	1.2022753172e+02
1.0004267922e+07	2.5351715249e-01	1.2022204911e+02
1.0004267922e+07	2.5355139500e-01	1.2021669409e+02
1.0004267922e+07	2.5358466232e-01	1.2021146780e+02
1.0004267922e+07	2.5361694732e-01	1.2020637137e+02
1.0004267922e+07	2.5364824248e-01	1.2020140604e+02
1.0004267922e+07	2.5367854053e-01	1.2019657304e+02
1.0004267922e+07	2.5370783351e-01	1.2019187371e+02
1.0004267922e+07	2.5373611374e-01	1.2018730937e+02
1.0004267922e+07	2.5376336900e-01	1.2018288200e+02
1.0004267922e+07	2.5378959124e-01	1.2017859302e+02
1.0004267922e+07	2.5381477629e-01	1.2017444342e+02
1.0004267922e+07	2.5383891804e-01	1.2017043445e+02
1.0004267922e+07	2.5386200843e-01	1.2016656766e+02
1.0004267922e+07	2.5388403820e-01	1.2016284485e+02
1.0004267922e+07	2.5390499789e-01	1.2015926786e+02
1.0004267922e+07	2.5392487780e-01	1.2015583862e+02
1.0004267922e+07	2.5394366788e-01	1.2015255920e+02
1.0004267922e+07	2.5396135773e-01	1.2014943648e+02
1.0004267922e+07	2.5397793648e-01	1.2014646913e+02
1.0004267922e+07	2.5399339298e-01	1.2014365843e+02
1.0004267922e+07	2.5400771554e-01	1.2014100696e+02
1.0004267922e+07	2.5402089203e-01	1.2013851745e+02
1.0004267922e+07	2.5403290982e-01	1.2013619282e+02
1.0004267922e+07	2.5404375562e-01	1.2013403617e+02
1.0004267922e+07	2.5405338695e-01	1.2013205460e+02
1.0004267922e+07	2.5406170839e-01	1.2013026226e+02
1.0004267922e+07	2.5406881422e-01	1.2012864861e+02
1.0004267922e+07	2.5407468829e-01	1.2012721777e+02
1.0004267922e+07	2.5407931354e-01	1.2012597415e+02
1.0004267922e+07	2.5408267193e-01	1.2012492255e+02
1.0004267922e+07	2.5408474431e-01	1.2012406810e+02
1.0004267922e+07	2.5408551030e-01	1.2012341640e+02
1.0004267922e+07	2.5408494822e-01	1.2012297348e+02
1.0004267922e+07	2.5408303490e-01	1.2012274590e+02
1.0004267922e+07	2.5407974551e-01	1.2012274078e+02
1.0004267922e+07	2.5407505347e-01	1.2012296586e+02
1.0004267922e+07	2.5406893016e-01	1.2012342958e+02
1.0004267922e+07	2.5406134477e-01	1.2012414111e+02
1.0004267922e+07	2.5405226398e-01	1.2012511052e+02
1.0004267922e+07	2.5404165079e-01	1.2012634907e+02
1.0004267922e+07	2.5402945393e-01	1.2012787293e+02
1.0004267922e+07	2.5401545951e-01	1.2012974953e+02
1.0004267922e+07	2.5401795551e-01	1.2012998082e+02
1.0004267922e+07	2.5407765179e-01	1.2012291360e+02
1.0004267922e+07	2.5412210451e-01	1.2011838836e+02
1.0004267922e+07	2.5415976007e-01	1.2011597470e+02
1.0004267922e+07	2.5418657327e-01	1.2011755599e+02
1.0004267922e+07	2.5418998240e-01	1.2012689558e+02
1.0004267922e+07	2.5415557985e-01	1.2014789489e+02
1.0004267922e+07	2.5407178651e-01	1.2018273426e+02
1.0004267922e+07	2.5398010290e-01	1.2021709263e+02
1.0004267922e+07	2.5396329960e-01	1.2022836345e+02
1.0004267922e+07	2.5399558685e-01	1.2022525224e+02
1.0004267922e+07	2.5402637754e-01	1.2022154189e+02
1.0004267922e+07	2.5404624651e-01	1.2021915517e+02
1.0004267922e+07	2.5404474533e-01	1.2021936659e+02
1.0004267922e+07	2.5400182392e-01	1.2022473774e+02
1.0004267922e+07	2.5390774962e-01	1.2023649617e+02
1.0004267922e+07	2.5373761724e-01	1.2025777413e+02
1.0004267922e+07	2.5344823653e-01	1.2029402471e+02
1.0004267922e+07	2.5297069750e-01	1.2035398823e+02
1.0004267922e+07	2.5219422175e-01	1.2045175402e+02
1.0004267922e+07	2.5094482908e-01	1.2060950137e+02
1.0004267922e+07	2.4913733252e-01	1.2083839172e+02
1.0004267922e+07	2.4746399306e-01	1.2105026264e+02
1.0004267922e+07	2.4574334851e-01	1.2126910141e+02
1.0004267922e+07	2.4400225720e-01	1.2149142359e+02
9.9908900942e+06	2.4227309760e-01	1.2219817839e+02
9.9908900942e+06	2.3513740403e-01	1.2360650357e+02
9.9908900942e+06	2.3516197118e-01	1.2360237351e+02
9.9908900942e+06	2.3518549647e-01	1.2359837812e+02
9.9908900942e+06	2.3520797276e-01	1.2359452618e+02
9.9908900942e+06	2.3522925050e-01	1.2359083863e+02
9.9908900942e+06	2.3524945549e-01	1.2358729780e+02
9.9908900942e+06	2.3526859063e-01	1.2358390326e+02
9.9908900942e+06	2.3528664634e-01	1.2358065637e+02
9.9908900942e+06	2.3530361327e-01	1.2357755841e+02
9.9908900942e+06	2.3531948399e-01	1.2357461043e+02
9.9908900942e+06	2.3533425099e-01	1.2357181348e+02
9.9908900942e+06	2.3534790660e-01	1.2356916867e+02
9.9908900942e+06	2.3536044309e-01	1.2356667708e+02
9.9908900942e+06	2.3537185249e-01	1.2356433988e+02
9.9908900942e+06	2.3538212682e-01	1.2356215823e+02
9.9908900942e+06	2.3539125790e-01	1.2356013334e+02
9.9908900942e+06	2.3539923736e-01	1.2355826647e+02
9.9908900942e+06	2.3540605671e-01	1.2355656209e+02
9.9908900942e+06	2.3541170726e-01	1.2355502026e+02
9.9908900942e+06	2.3541617449e-01	1.2355364129e+02
9.9908900942e+06	2.3541945280e-01	1.2355242611e+02
9.9908900942e+06	2.3542153595e-01	1.2355137580e+02
9.9908900942e+06	2.3542241733e-01	1.2355049148e+02
9.9908900942e+06	2.3542208727e-01	1.2354977479e+02
9.9908900942e+06	2.3542053561e-01	1.2354922745e+02
9.9908900942e+06	2.3541775185e-01	1.2354885128e+02
9.9908900942e+06	2.3541372513e-01	1.2354864822e+02
9.9908900942e+06	2.3540844417e-01	1.2354862030e+02
9.9908900942e+06	2.3540189726e-01	1.2354876971e+02
9.9908900942e+06	2.3539407219e-01	1.2354909879e+02
9.9908900942e+06	2.3538495619e-01	1.2354961001e+02
9.9908900942e+06	2.3537453589e-01	1.2355030606e+02
9.9908900942e+06	2.3536279720e-01	1.2355118984e+02
9.9908900942e+06	2.3534972531e-01	1.2355226448e+02
9.9908900942e+06	2.3533525073e-01	1.2355354091e+02
9.9908900942e+06	2.3531933319e-01	1.2355502616e+02
9.9908900942e+06	2.3530203240e-01	1.2355671342e+02
9.9908900942e+06	2.3528332935e-01	1.2355860714e+02
9.9908900942e+06	2.3526320364e-01	1.2356071221e+02
9.9908900942e+06	2.3524163252e-01	1.2356303421e+02
9.9908900942e+06	2.3521858194e-01	1.2356558193e+02
9.9908900942e+06	2.3519817441e-01	1.2356780620e+02
9.9908900942e+06	2.3527931657e-01	1.2355622496e+02
9.9908900942e+06	2.3533218849e-01	1.2354875292e+02
9.9908900942e+06	2.3538299661e-01	1.2354171645e+02
9.9908900942e+06	2.3543355161e-01	1.2353503352e+02
9.9908900942e+06	2.3548000713e-01	1.2352956399e+02
9.9908900942e+06	2.3551876235e-01	1.2352624083e+02
9.9908900942e+06	2.3555019744e-01	1.2352535008e+02
9.9908900942e+06	2.3557978508e-01	1.2352486155e+02
9.9908900942e+06	2.3561906232e-01	1.2352103218e+02
9.9908900942e+06	2.3566570744e-01	1.2351495565e+02
9.9908900942e+06	2.3570771028e-01	1.2350936392e+02
9.9908900942e+06	2.3573761469e-01	1.2350537618e+02
9.9908900942e+06	2.3573881128e-01	1.2350523203e+02
9.9908900942e+06	2.3569900466e-01	1.2351058487e+02
9.9908900942e+06	2.3560907056e-01	1.2352266562e+02
9.9908900942e+06	2.3544491443e-01	1.2354471569e+02
9.9908900942e+06	2.3516467540e-01	1.2358237646e+02
9.9908900942e+06	2.3470081889e-01	1.2364476703e+02
9.9908900942e+06	2.3394608305e-01	1.2374641250e+02
9.9908900942e+06	2.3273093119e-01	1.2391037320e+02
9.9908900942e+06	2.3097669994e-01	1.2414777076e+02
9.9908900942e+06	2.2923972659e-01	1.2438354683e+02
9.9908900942e+06	2.2752243223e-01	1.2461737635e+02
9.9908900942e+06	2.2582708239e-01	1.2484890729e+02
9.9880503414e+06	2.2415210990e-01	1.2518564876e+02
9.9880503414e+06	2.2161277280e-01	1.2587639561e+02
9.9880503414e+06	2.2164192448e-01	1.2587115776e+02
9.9880503414e+06	2.2167003234e-01	1.2586607019e+02
9.9880503414e+06	2.2169708905e-01	1.2586113497e+02
9.9880503414e+06	2.2172308727e-01	1.2585635327e+02
9.9880503414e+06	2.2174801926e-01	1.2585172636e+02
9.9880503414e+06	2.2177187758e-01	1.2584725545e+02
9.9880503414e+06	2.2179465419e-01	1.2584294190e+02
9.9880503414e+06	2.2181634131e-01	1.2583878700e+02
9.9880503414e+06	2.2183693086e-01	1.2583479212e+02
9.9880503414e+06	2.2185641463e-01	1.2583095869e+02
9.9880503414e+06	2.2187478431e-01	1.2582728816e+02
9.9880503414e+06	2.2189203132e-01	1.2582378205e+02
9.9880503414e+06	2.2190802967e-01	1.2582045917e+02
9.9880503414e+06	2.2192284955e-01	1.2581730951e+02
9.9880503414e+06	2.2193652013e-01	1.2581432914e+02
9.9880503414e+06	2.2194902957e-01	1.2581152020e+02
9.9880503414e+06	2.2196036601e-01	1.2580888487e+02
9.9880503414e+06	2.2197051963e-01	1.2580642506e+02
9.9880503414e+06	2.2197948040e-01	1.2580414278e+02
9.9880503414e+06	2.2198723802e-01	1.2580204011e+02
9.9880503414e+06	2.2199378191e-01	1.2580011925e+02
9.9880503414e+06	2.2199910111e-01	1.2579838250e+02
9.9880503414e+06	2.2200318435e-01	1.2579683230e+02
9.9880503414e+06	2.2200601999e-01	1.2579547120e+02
9.9880503414e+06	2.2200759595e-01	1.2579430193e+02
9.9880503414e+06	2.2200789971e-01	1.2579332736e+02
9.9880503414e+06	2.2200691421e-01	1.2579255113e+02
9.9880503414e+06	2.2200462613e-01	1.2579197648e+02
9.9880503414e+06	2.2200102606e-01	1.2579160615e+02
9.9880503414e+06	2.2199610275e-01	1.2579144334e+02
9.9880503414e+06	2.2198984113e-01	1.2579149653e+02
9.9880503414e+06	2.2198222500e-01	1.2579176701e+02
9.9880503414e+06	2.2197323732e-01	1.2579225760e+02
9.9880503414e+06	2.2196286012e-01	1.2579297320e+02
9.9880503414e+06	2.2195107444e-01	1.2579391909e+02
9.9880503414e+06	2.2193786017e-01	1.2579510099e+02
9.9880503414e+06	2.2192319600e-01	1.2579652508e+02
9.9880503414e+06	2.2190705926e-01	1.2579819807e+02
9.9880503414e+06	2.2188942571e-01	1.2580012723e+02
9.9880503414e+06	2.2187026954e-01	1.2580232048e+02
9.9880503414e+06	2.2184954357e-01	1.2580478929e+02
9.9880503414e+06	2.2182712388e-01	1.2580755695e+02
9.9880503414e+06	2.2180309216e-01	1.2581061697e+02
9.9880503414e+06	2.2177741329e-01	1.2581398078e+02
9.9880503414e+06	2.2175004314e-01	1.2581766314e+02
9.9880503414e+06	2.2172085876e-01	1.2582170837e+02
9.9880503414e+06	2.2168880944e-01	1.2582651519e+02
9.9880503414e+06	2.2176862342e-01	1.2581542325e+02
9.9880503414e+06	2.2181801292e-01	1.2580925524e+02
9.9880503414e+06	2.2186102589e-01	1.2580520572e+02
9.9880503414e+06	2.2189442657e-01	1.2580516730e+02
9.9880503414e+06	2.2190566015e-01	1.2581308312e+02
9.9880503414e+06	2.2188211419e-01	1.2583256838e+02
9.9880503414e+06	2.2182435060e-01	1.2586271929e+02
9.9880503414e+06	2.2178468787e-01	1.2588477600e+02
9.9880503414e+06	2.2180900899e-01	1.2588556292e+02
9.9880503414e+06	2.2185655954e-01	1.2587907133e+02
9.9880503414e+06	2.2189780979e-01	1.2587329914e+02
9.9880503414e+06	2.2192399255e-01	1.2586963292e+02
9.9880503414e+06	2.2191862351e-01	1.2587040136e+02
9.9880503414e+06	2.2187829556e-01	1.2587609161e+02
9.9880503414e+06	2.2179081205e-01	1.2588842618e+02
9.9880503414e+06	2.2163200633e-01	1.2591081627e+02
9.9880503414e+06	2.2136104986e-01	1.2594903527e+02
9.9880503414e+06	2.2091305201e-01	1.2601227276e+02
9.9880503414e+06	2.2018373526e-01	1.2611534550e+02
9.9880503414e+06	2.1900789880e-01	1.2628184935e+02
9.9880503414e+06	2.1731550556e-01	1.2652218367e+02
9.9880503414e+06	2.1564107700e-01	1.2676067510e+02
9.9880503414e+06	2.1398576066e-01	1.2699719920e+02
9.9880503414e+06	2.1235035333e-01	1.2723156500e+02
9.9822976329e+06	2.1073691111e-01	1.2768774767e+02
9.9822976329e+06	2.1808666459e-01	1.2586068620e+02
9.9822976329e+06	2.1812743437e-01	1.2585370728e+02
9.9822976329e+06	2.1816720692e-01	1.2584688509e+02
9.9822976329e+06	2.1820597258e-01	1.2584020734e+02
9.9822976329e+06	2.1824372351e-01	1.2583367526e+02
9.9822976329e+06	2.1828045249e-01	1.2582729004e+02
9.9822976329e+06	2.1831615210e-01	1.2582105288e+02
9.9822976329e+06	2.1835081443e-01	1.2581496510e+02
9.9822976329e+06	2.1838443192e-01	1.2580902797e+02
9.9822976329e+06	2.1841699647e-01	1.2580324286e+02
9.9822976329e+06	2.1844849993e-01	1.2579761119e+02
9.9822976329e+06	2.1847893405e-01	1.2579213440e+02
9.9822976329e+06	2.1850829046e-01	1.2578681398e+02
9.9822976329e+06	2.1853656037e-01	1.2578165152e+02
9.9822976329e+06	2.1856373482e-01	1.2577664868e+02
9.9822976329e+06	2.1858964979e-01	1.2577182974e+02
9.9822976329e+06	2.1861440061e-01	1.2576718123e+02
9.9822976329e+06	2.1863802786e-01	1.2576269768e+02
9.9822976329e+06	2.1866051794e-01	1.2575838162e+02
9.9822976329e+06	2.1868185886e-01	1.2575423536e+02
9.9822976329e+06	2.1870204007e-01	1.2575026108e+02
9.9822976329e+06	2.1872105071e-01	1.2574646106e+02
9.9822976329e+06	2.1873887950e-01	1.2574283771e+02
9.9822976329e+06	2.1875551474e-01	1.2573939360e+02
9.9822976329e+06	2.1877094435e-01	1.2573613142e+02
9.9822976329e+06	2.1878515565e-01	1.2573305407e+02
9.9822976329e+06	2.1879813544e-01	1.2573016820e+02
9.9822976329e+06	2.1880987002e-01	1.2572747711e+02
9.9822976329e+06	2.1882033975e-01	1.2572498142e+02
9.9822976329e+06	2.1882952953e-01	1.2572268486e+02
9.9822976329e+06	2.1883743011e-01	1.2572059048e+02
9.9822976329e+06	2.1884402860e-01	1.2571870202e+02
9.9822976329e+06	2.1884930754e-01	1.2571702412e+02
9.9822976329e+06	2.1885324825e-01	1.2571556179e+02
9.9822976329e+06	2.1885583089e-01	1.2571432048e+02
9.9822976329e+06	2.1885703439e-01	1.2571330608e+02
9.9822976329e+06	2.1885683629e-01	1.2571252497e+02
9.9822976329e+06	2.1885521259e-01	1.2571198411e+02
9.9822976329e+06	2.1885213760e-01	1.2571169105e+02
9.9822976329e+06	2.1884758376e-01	1.2571165403e+02
9.9822976329e+06	2.1884152142e-01	1.2571188205e+02
9.9822976329e+06	2.1883389532e-01	1.2571238833e+02
9.9822976329e+06	2.1882454161e-01	1.2571320246e+02
9.9822976329e+06	2.1881357521e-01	1.2571431410e+02
9.9822976329e+06	2.1880094952e-01	1.2571573820e+02
9.9822976329e+06	2.1878654636e-01	1.2571751471e+02
9.9822976329e+06	2.1876941079e-01	1.2571998167e+02
9.9822976329e+06	2.1884672430e-01	1.2570937230e+02
9.9822976329e+06	2.1889609946e-01	1.2570327349e+02
9.9822976329e+06	2.1893833950e-01	1.2569943824e+02
9.9822976329e+06	2.1896917729e-01	1.2569998536e+02
9.9822976329e+06	2.1897414702e-01	1.2570921955e+02
9.9822976329e+06	2.1893814428e-01	1.2573130965e+02
9.9822976329e+06	2.1886071680e-01	1.2576538566e+02
9.9822976329e+06	2.1880589141e-01	1.2579014558e+02
9.9822976329e+06	2.1882743306e-01	1.2579135603e+02
9.9822976329e+06	2.1887486265e-01	1.2578494774e+02
9.9822976329e+06	2.1891587218e-01	1.2577927869e+02
9.9822976329e+06	2.1894136321e-01	1.2577575147e+02
9.9822976329e+06	2.1893528031e-01	1.2577660713e+02
9.9822976329e+06	2.1889615579e-01	1.2578205757e+02
9.9822976329e+06	2.1881160816e-01	1.2579382906e+02
9.9822976329e+06	2.1865819367e-01	1.2581518810e+02
9.9822976329e+06	2.1839632677e-01	1.2585166090e+02
9.9822976329e+06	2.1796247716e-01	1.2591213115e+02
9.9822976329e+06	2.1725554743e-01	1.2601077175e+02
9.9822976329e+06	2.1611545802e-01	1.2617013774e+02
9.9822976329e+06	2.1447801080e-01	1.2639958595e+02
9.9822976329e+06	2.1285656996e-01	1.2662738941e+02
9.9822976329e+06	2.1125243772e-01	1.2685339545e+02
9.9822976329e+06	2.0966652261e-01	1.2707738937e+02
9.9648571766e+06	2.0809968406e-01	1.2798496866e+02
9.9648571766e+06	2.0809968406e-01	1.2837387056e+02
9.9648571766e+06	2.0040347219e-01	1.2956795330e+02
9.9648571766e+06	2.0042510911e-01	1.2956376756e+02
9.9648571766e+06	2.0044562336e-01	1.2955975107e+02
9.9648571766e+06	2.0046500407e-01	1.2955590585e+02
9.9648571766e+06	2.0048324338e-01	1.2955223303e+02
9.9648571766e+06	2.0050033329e-01	1.2954873379e+02
9.9648571766e+06	2.0051626577e-01	1.2954540929e+02
9.9648571766e+06	2.0053103247e-01	1.2954226079e+02
9.9648571766e+06	2.0054462512e-01	1.2953928950e+02
9.9648571766e+06	2.0055703524e-01	1.2953649670e+02
9.9648571766e+06	2.0056825424e-01	1.2953388368e+02
9.9648571766e+06	2.0057827325e-01	1.2953145182e+02
9.9648571766e+06	2.0058708333e-01	1.2952920249e+02
9.9648571766e+06	2.0059467533e-01	1.2952713711e+02
9.9648571766e+06	2.0060088474e-01	1.2952528152e+02
9.9648571766e+06	2.0060581390e-01	1.2952361969e+02
9.9648571766e+06	2.0060949573e-01	1.2952214654e+02
9.9648571766e+06	2.0061191511e-01	1.2952086453e+02
9.9648571766e+06	2.0061306047e-01	1.2951977564e+02
9.9648571766e+06	2.0061292109e-01	1.2951888679e+02
9.9648571766e+06	2.0061148586e-01	1.2951819605e+02
9.9648571766e+06	2.0060874330e-01	1.2951770438e+02
9.9648571766e+06	2.0060468144e-01	1.2951741399e+02
9.9648571766e+06	2.0059928782e-01	1.2951732724e+02
9.9648571766e+06	2.0059254942e-01	1.2951744665e+02
9.9648571766e+06	2.0058445257e-01	1.2951777494e+02
9.9648571766e+06	2.0057497790e-01	1.2951831585e+02
9.9648571766e+06	2.0056411008e-01	1.2951907258e+02
9.9648571766e+06	2.0055184042e-01	1.2952004746e+02
9.9648571766e+06	2.0053815589e-01	1.2952124363e+02
9.9648571766e+06	2.0052303828e-01	1.2952266527e+02
9.9648571766e+06	2.0050646796e-01	1.2952431699e+02
9.9648571766e+06	2.0048842384e-01	1.2952620387e+02
9.9648571766e+06	2.0046888377e-01	1.2952833133e+02
9.9648571766e+06	2.0044782963e-01	1.2953070306e+02
9.9648571766e+06	2.0042529403e-01	1.2953330530e+02
9.9648571766e+06	2.0051084853e-01	1.2951937962e+02
9.9648571766e+06	2.0057000802e-01	1.2950978964e+02
9.9648571766e+06	2.0062781473e-01	1.2950040719e+02
9.9648571766e+06	2.0068795457e-01	1.2949064089e+02
9.9648571766e+06	2.0074665543e-01	1.2948114196e+02
9.9648571766e+06	2.0080268635e-01	1.2947223936e+02
9.9648571766e+06	2.0085834476e-01	1.2946383519e+02
9.9648571766e+06	2.0090927949e-01	1.2945659361e+02
9.9648571766e+06	2.0095946034e-01	1.2944934475e+02
9.9648571766e+06	2.0100880470e-01	1.2944203743e+02
9.9648571766e+06	2.0104898496e-01	1.2943605539e+02
9.9648571766e+06	2.0106804115e-01	1.2943322055e+02
9.9648571766e+06	2.0104869488e-01	1.2943612585e+02
9.9648571766e+06	2.0098877785e-01	1.2944510358e+02
9.9648571766e+06	2.0087104927e-01	1.2946273906e+02
9.9648571766e+06	2.0066417523e-01	1.2949373384e+02
9.9648571766e+06	2.0031675136e-01	1.2954581209e+02
9.9648571766e+06	1.9974659877e-01	1.2963137020e+02
9.9648571766e+06	1.9882360714e-01	1.2977007980e+02
9.9648571766e+06	1.9734352661e-01	1.2999299933e+02
9.9648571766e+06	1.9576338213e-01	1.3023169961e+02
9.9648571766e+06	1.9419987198e-01	1.3046858913e+02
9.9648571766e+06	1.9265530701e-01	1.3070330153e+02
9.9613473579e+06	1.9112992415e-01	1.3107963886e+02
9.9613473579e+06	1.9104707355e-01	1.3112913853e+02
9.9613473579e+06	1.9108079464e-01	1.3112244577e+02
9.9613473579e+06	1.9111343904e-01	1.3111592252e+02
9.9613473579e+06	1.9114499879e-01	1.3110957093e+02
9.9613473579e+06	1.9117546599e-01	1.3110339243e+02
9.9613473579e+06	1.9120483187e-01	1.3109738864e+02
9.9613473579e+06	1.9123308826e-01	1.3109156108e+02
9.9613473579e+06	1.9126022664e-01	1.3108591135e+02
9.9613473579e+06	1.9128623940e-01	1.3108044097e+02
9.9613473579e+06	1.9131111849e-01	1.3107515151e+02
9.9613473579e+06	1.9133485241e-01	1.3107004741e+02
9.9613473579e+06	1.9135743186e-01	1.3106513522e+02
9.9613473579e+06	1.9137884723e-01	1.3106041006e+02
9.9613473579e+06	1.9139908851e-01	1.3105587401e+02
9.9613473579e+06	1.9141814572e-01	1.3105152917e+02
9.9613473579e+06	1.9143600833e-01	1.3104737781e+02
9.9613473579e+06	1.9145266571e-01	1.3104342228e+02
9.9613473579e+06	1.9146810682e-01	1.3103966503e+02
9.9613473579e+06	1.9148232030e-01	1.3103610866e+02
9.9613473579e+06	1.9149527295e-01	1.3103275939e+02
9.9613473579e+06	1.9150677742e-01	1.3102964854e+02
9.9613473579e+06	1.9151701794e-01	1.3102674722e+02
9.9613473579e+06	1.9152597808e-01	1.3102405924e+02
9.9613473579e+06	1.9153363967e-01	1.3102158883e+02
9.9613473579e+06	1.9153998856e-01	1.3101933964e+02
9.9613473579e+06	1.9154501002e-01	1.3101731558e+02
9.9613473579e+06	1.9154868864e-01	1.3101552080e+02
9.9613473579e+06	1.9155100830e-01	1.3101395977e+02
9.9613473579e+06	1.9155195208e-01	1.3101263726e+02
9.9613473579e+06	1.9155150218e-01	1.3101155839e+02
9.9613473579e+06	1.9154963984e-01	1.3101072869e+02
9.9613473579e+06	1.9154633690e-01	1.3101015546e+02
9.9613473579e+06	1.9154157822e-01	1.3100984416e+02
9.9613473579e+06	1.9153534950e-01	1.3100980041e+02
9.9613473579e+06	1.9152762935e-01	1.3101003135e+02
9.9613473579e+06	1.9151839255e-01	1.3101054510e+02
9.9613473579e+06	1.9150761221e-01	1.3101135601e+02
9.9613473579e+06	1.9149525953e-01	1.3101246833e+02
9.9613473579e+06	1.9148130361e-01	1.3101389208e+02
9.9613473579e+06	1.9146571128e-01	1.3101563861e+02
9.9613473579e+06	1.9144844677e-01	1.3101772032e+02
9.9613473579e+06	1.9142947149e-01	1.3102015073e+02
9.9613473579e+06	1.9140868226e-01	1.3102295460e+02
9.9613473579e+06	1.9138596684e-01	1.3102615951e+02
9.9613473579e+06	1.9136137062e-01	1.3102977490e+02
9.9613473579e+06	1.9133444588e-01	1.3103397520e+02
9.9613473579e+06	1.9139585075e-01	1.3102499456e+02
9.9613473579e+06	1.9144835099e-01	1.3101796958e+02
9.9613473579e+06	1.9149189428e-01	1.3101414052e+02
9.9613473579e+06	1.9151988023e-01	1.3101688253e+02
9.9613473579e+06	1.9151279007e-01	1.3103243453e+02
9.9613473579e+06	1.9145246464e-01	1.3106596614e+02
9.9613473579e+06	1.9134922115e-01	1.3111143036e+02
9.9613473579e+06	1.9130326309e-01	1.3113486228e+02
9.9613473579e+06	1.9134166047e-01	1.3113118055e+02
9.9613473579e+06	1.9139144455e-01	1.3112354765e+02
9.9613473579e+06	1.9143090049e-01	1.3111746399e+02
9.9613473579e+06	1.9144523943e-01	1.3111525843e+02
9.9613473579e+06	1.9141593335e-01	1.3111980875e+02
9.9613473579e+06	1.9133963116e-01	1.3113164232e+02
9.9613473579e+06	1.9119574072e-01	1.3115395727e+02
9.9613473579e+06	1.9094707919e-01	1.3119253677e+02
9.9613473579e+06	1.9053316844e-01	1.3125680351e+02
9.9613473579e+06	1.8985720174e-01	1.3136188430e+02
9.9613473579e+06	1.8876644544e-01	1.3153178795e+02
9.9613473579e+06	1.8720517229e-01	1.3177562006e+02
9.9613473579e+06	1.8565890260e-01	1.3201785085e+02
9.9613473579e+06	1.8413017659e-01	1.3225806325e+02
9.9613473579e+06	1.8262101992e-01	1.3249590474e+02
9.9537326142e+06	1.8113227649e-01	1.3305111776e+02
9.9537326142e+06	1.8228866839e-01	1.3268772964e+02
9.9537326142e+06	1.8232275271e-01	1.3268086391e+02
9.9537326142e+06	1.8235573592e-01	1.3267417924e+02
9.9537326142e+06	1.8238760954e-01	1.3266767389e+02
9.9537326142e+06	1.8241836518e-01	1.3266134934e+02
9.9537326142e+06	1.8244799414e-01	1.3265520716e+02
9.9537326142e+06	1.8247648755e-01	1.3264924899e+02
9.9537326142e+06	1.8250383846e-01	1.3264347614e+02
9.9537326142e+06	1.8253003730e-01	1.3263789042e+02
9.9537326142e+06	1.8255507272e-01	1.3263249811e+02
9.9537326142e+06	1.8257893510e-01	1.3262730028e+02
9.9537326142e+06	1.8260161425e-01	1.3262229566e+02
9.9537326142e+06	1.8262310011e-01	1.3261748627e+02
9.9537326142e+06	1.8264338213e-01	1.3261287426e+02
9.9537326142e+06	1.8266244950e-01	1.3260846187e+02
9.9537326142e+06	1.8268029106e-01	1.3260425148e+02
9.9537326142e+06	1.8269689545e-01	1.3260024553e+02
9.9537326142e+06	1.8271221286e-01	1.3259645299e+02
9.9537326142e+06	1.8272606008e-01	1.3259290517e+02
9.9537326142e+06	1.8273863328e-01	1.3258957008e+02
9.9537326142e+06	1.8274991318e-01	1.3258645185e+02
9.9537326142e+06	1.8275988259e-01	1.3258355438e+02
9.9537326142e+06	1.8276852723e-01	1.3258088114e+02
9.9537326142e+06	1.8277583218e-01	1.3257843587e+02
9.9537326142e+06	1.8278178183e-01	1.3257622255e+02
9.9537326142e+06	1.8278635981e-01	1.3257424545e+02
9.9537326142e+06	1.8278954894e-01	1.3257250916e+02
9.9537326142e+06	1.8279133109e-01	1.3257101859e+02
9.9537326142e+06	1.8279167754e-01	1.3256978067e+02
9.9537326142e+06	1.8279057535e-01	1.3256879992e+02
9.9537326142e+06	1.8278801286e-01	1.3256808176e+02
9.9537326142e+06	1.8278396909e-01	1.3256763901e+02
9.9537326142e+06	1.8277841972e-01	1.3256747157e+02
9.9537326142e+06	1.8277133880e-01	1.3256758734e+02
9.9537326142e+06	1.8276269852e-01	1.3256799497e+02
9.9537326142e+06	1.8275246903e-01	1.3256870387e+02
9.9537326142e+06	1.8274061825e-01	1.3256972433e+02
9.9537326142e+06	1.8272711155e-01	1.3257106760e+02
9.9537326142e+06	1.8271184206e-01	1.3257275762e+02
9.9537326142e+06	1.8269469506e-01	1.3257482038e+02
9.9537326142e+06	1.8267576499e-01	1.3257724853e+02
9.9537326142e+06	1.8265493822e-01	1.3258008210e+02
9.9537326142e+06	1.8263132361e-01	1.3258364733e+02
9.9537326142e+06	1.8271103425e-01	1.3257068268e+02
9.9537326142e+06	1.8276738901e-01	1.3256219333e+02
9.9537326142e+06	1.8281586788e-01	1.3255632655e+02
9.9537326142e+06	1.8285115130e-01	1.3255575701e+02
9.9537326142e+06	1.8285450233e-01	1.3256614709e+02
9.9537326142e+06	1.8280902347e-01	1.3259239137e+02
9.9537326142e+06	1.8273050523e-01	1.3262755384e+02
9.9537326142e+06	1.8271031499e-01	1.3264212619e+02
9.9537326142e+06	1.8275677846e-01	1.3263594150e+02
9.9537326142e+06	1.8280685100e-01	1.3262802142e+02
9.9537326142e+06	1.8284485544e-01	1.3262198824e+02
9.9537326142e+06	1.8285268149e-01	1.3262075370e+02
9.9537326142e+06	1.8282203101e-01	1.3262565044e+02
9.9537326142e+06	1.8274593834e-01	1.3263779598e+02
9.9537326142e+06	1.8260330697e-01	1.3266056323e+02
9.9537326142e+06	1.8235698206e-01	1.3269990348e+02
9.9537326142e+06	1.8194694108e-01	1.3276544806e+02
9.9537326142e+06	1.8127742372e-01	1.3287260652e+02
9.9537326142e+06	1.8019715520e-01	1.3304586143e+02
9.9537326142e+06	1.7865817130e-01	1.3329335189e+02
9.9537326142e+06	1.7713555999e-01	1.3353896398e+02
9.9537326142e+06	1.7563096454e-01	1.3378240939e+02
9.9537326142e+06	1.7414673923e-01	1.3402328211e+02
9.9433612356e+06	1.7268310107e-01	1.3470683822e+02
9.9433612356e+06	1.6873274496e-01	1.3561501727e+02
9.9433612356e+06	1.6875065142e-01	1.3561071204e+02
9.9433612356e+06	1.6876724028e-01	1.3560662936e+02
9.9433612356e+06	1.6878250200e-01	1.3560277566e+02
9.9433612356e+06	1.6879642664e-01	1.3559915282e+02
9.9433612356e+06	1.6880900423e-01	1.3559576275e+02
9.9433612356e+06	1.6882022456e-01	1.3559260740e+02
9.9433612356e+06	1.6883007720e-01	1.3558968880e+02
9.9433612356e+06	1.6883855535e-01	1.3558700839e+02
9.9433612356e+06	1.6884564447e-01	1.3558456898e+02
9.9433612356e+06	1.6885133319e-01	1.3558237286e+02
9.9433612356e+06	1.6885561001e-01	1.3558042241e+02
9.9433612356e+06	1.6885846326e-01	1.3557872007e+02
9.9433612356e+06	1.6885988097e-01	1.3557726835e+02
9.9433612356e+06	1.6885985081e-01	1.3557606992e+02
9.9433612356e+06	1.6885836011e-01	1.3557512755e+02
9.9433612356e+06	1.6885539582e-01	1.3557444414e+02
9.9433612356e+06	1.6885091631e-01	1.3557402865e+02
9.9433612356e+06	1.6884470983e-01	1.3557392520e+02
9.9433612356e+06	1.6883698812e-01	1.3557409040e+02
9.9433612356e+06	1.6882772926e-01	1.3557452910e+02
9.9433612356e+06	1.6881691443e-01	1.3557524569e+02
9.9433612356e+06	1.6880452755e-01	1.3557624416e+02
9.9433612356e+06	1.6879055184e-01	1.3557752878e+02
9.9433612356e+06	1.6877496978e-01	1.3557910408e+02
9.9433612356e+06	1.6875776302e-01	1.3558097492e+02
9.9433612356e+06	1.6873891229e-01	1.3558314647e+02
9.9433612356e+06	1.6871839498e-01	1.3558562475e+02
9.9433612356e+06	1.6869618154e-01	1.3558841720e+02
9.9433612356e+06	1.6867226345e-01	1.3559152775e+02
9.9433612356e+06	1.6864662307e-01	1.3559496224e+02
9.9433612356e+06	1.6861923505e-01	1.3559872821e+02
9.9433612356e+06	1.6859007223e-01	1.3560283387e+02
9.9433612356e+06	1.6855910562e-01	1.3560728817e+02
9.9433612356e+06	1.6852630418e-01	1.3561210082e+02
9.9433612356e+06	1.6849163458e-01	1.3561728244e+02
9.9433612356e+06	1.6845506089e-01	1.3562284463e+02
9.9433612356e+06	1.6841651662e-01	1.3562880515e+02
9.9433612356e+06	1.6837578984e-01	1.3563520950e+02
9.9433612356e+06	1.6833292156e-01	1.3564207474e+02
9.9433612356e+06	1.6832916344e-01	1.3564228172e+02
9.9433612356e+06	1.6838755362e-01	1.3563204233e+02
9.9433612356e+06	1.6844302015e-01	1.3562288687e+02
9.9433612356e+06	1.6849298732e-01	1.3561603690e+02
9.9433612356e+06	1.6852811129e-01	1.3561484465e+02
9.9433612356e+06	1.6853026301e-01	1.3562487110e+02
9.9433612356e+06	1.6848655935e-01	1.3565000993e+02
9.9433612356e+06	1.6843443041e-01	1.3567597207e+02
9.9433612356e+06	1.6845211937e-01	1.3567842720e+02
9.9433612356e+06	1.6850518187e-01	1.3566969073e+02
9.9433612356e+06	1.6855187817e-01	1.3566179434e+02
9.9433612356e+06	1.6858061760e-01	1.3565692784e+02
9.9433612356e+06	1.6857202567e-01	1.3565839912e+02
9.9433612356e+06	1.6852831123e-01	1.3566584305e+02
9.9433612356e+06	1.6843623569e-01	1.3568151638e+02
9.9433612356e+06	1.6827034183e-01	1.3570976188e+02
9.9433612356e+06	1.6798836402e-01	1.3575780168e+02
9.9433612356e+06	1.6752265194e-01	1.3583722060e+02
9.9433612356e+06	1.6676511859e-01	1.3596660587e+02
9.9433612356e+06	1.6554809281e-01	1.3617497677e+02
9.9433612356e+06	1.6410002086e-01	1.3642361774e+02
9.9433612356e+06	1.6266857179e-01	1.3667021948e+02
9.9433612356e+06	1.6125592663e-01	1.3691433262e+02
9.9433612356e+06	1.5986291120e-01	1.3715581339e+02
9.9359216135e+06	1.5848784717e-01	1.3772628314e+02
9.9359216135e+06	1.5776510498e-01	1.3787808316e+02
9.9359216135e+06	1.5778614306e-01	1.3787278501e+02
9.9359216135e+06	1.5780585063e-01	1.3786772666e+02
9.9359216135e+06	1.5782409658e-01	1.3786293341e+02
9.9359216135e+06	1.5784084099e-01	1.3785841292e+02
9.9359216135e+06	1.5785622471e-01	1.3785413902e+02
9.9359216135e+06	1.5787023719e-01	1.3785011393e+02
9.9359216135e+06	1.5788286753e-01	1.3784633998e+02
9.9359216135e+06	1.5789410461e-01	1.3784281958e+02
9.9359216135e+06	1.5790393699e-01	1.3783955525e+02
9.9359216135e+06	1.5791235303e-01	1.3783654959e+02
9.9359216135e+06	1.5791934074e-01	1.3783380534e+02
9.9359216135e+06	1.5792489061e-01	1.3783132480e+02
9.9359216135e+06	1.5792898882e-01	1.3782911119e+02
9.9359216135e+06	1.5793162053e-01	1.3782716796e+02
9.9359216135e+06	1.5793277218e-01	1.3782549842e+02
9.9359216135e+06	1.5793242982e-01	1.3782410602e+02
9.9359216135e+06	1.5793057905e-01	1.3782300242e+02
9.9359216135e+06	1.5792720490e-01	1.3782218616e+02
9.9359216135e+06	1.5792229188e-01	1.3782165872e+02
9.9359216135e+06	1.5791582389e-01	1.3782142442e+02
9.9359216135e+06	1.5790758140e-01	1.3782152583e+02
9.9359216135e+06	1.5789766842e-01	1.3782194509e+02
9.9359216135e+06	1.5788614191e-01	1.3782267334e+02
9.9359216135e+06	1.5787297601e-01	1.3782371746e+02
9.9359216135e+06	1.5785815069e-01	1.3782508341e+02
9.9359216135e+06	1.5784164474e-01	1.3782677759e+02
9.9359216135e+06	1.5782343591e-01	1.3782880687e+02
9.9359216135e+06	1.5780350058e-01	1.3783117869e+02
9.9359216135e+06	1.5778181379e-01	1.3783390103e+02
9.9359216135e+06	1.5775833855e-01	1.3783698452e+02
9.9359216135e+06	1.5773305472e-01	1.3784043700e+02
9.9359216135e+06	1.5770594535e-01	1.3784426609e+02
9.9359216135e+06	1.5767697959e-01	1.3784848257e+02
9.9359216135e+06	1.5764612285e-01	1.3785309849e+02
9.9359216135e+06	1.5761333796e-01	1.3785812694e+02
9.9359216135e+06	1.5757858490e-01	1.3786358223e+02
9.9359216135e+06	1.5754182043e-01	1.3786948001e+02
9.9359216135e+06	1.5750299682e-01	1.3787584043e+02
9.9359216135e+06	1.5746190052e-01	1.3788271500e+02
9.9359216135e+06	1.5741836307e-01	1.3789017422e+02
9.9359216135e+06	1.5743469429e-01	1.3788695398e+02
9.9359216135e+06	1.5749306995e-01	1.3787656925e+02
9.9359216135e+06	1.5754619447e-01	1.3786827263e+02
9.9359216135e+06	1.5758877723e-01	1.3786473294e+02
9.9359216135e+06	1.5760125609e-01	1.3787263437e+02
9.9359216135e+06	1.5755799217e-01	1.3790044619e+02
9.9359216135e+06	1.5744966688e-01	1.3794876883e+02
9.9359216135e+06	1.5738017575e-01	1.3798002754e+02
9.9359216135e+06	1.5741594402e-01	1.3797658660e+02
9.9359216135e+06	1.5746871955e-01	1.3796723945e+02
9.9359216135e+06	1.5751084251e-01	1.3795973379e+02
9.9359216135e+06	1.5752293062e-01	1.3795758515e+02
9.9359216135e+06	1.5749769548e-01	1.3796211074e+02
9.9359216135e+06	1.5743034559e-01	1.3797417501e+02
9.9359216135e+06	1.5730194052e-01	1.3799717633e+02
9.9359216135e+06	1.5707874993e-01	1.3803717623e+02
9.9359216135e+06	1.5670614210e-01	1.3810400956e+02
9.9359216135e+06	1.5609634355e-01	1.3821353122e+02
9.9359216135e+06	1.5511278768e-01	1.3839057410e+02
9.9359216135e+06	1.5371882738e-01	1.3864217479e+02
9.9359216135e+06	1.5234007713e-01	1.3889189228e+02
9.9359216135e+06	1.5097971882e-01	1.3913906494e+02
9.9359216135e+06	1.4963980205e-01	1.3938331409e+02
9.9273641490e+06	1.4831726299e-01	1.4001674444e+02
9.9273641490e+06	1.4723039438e-01	1.4024663433e+02
9.9273641490e+06	1.4725345145e-01	1.4024056999e+02
9.9273641490e+06	1.4727519912e-01	1.4023475282e+02
9.9273641490e+06	1.4729562815e-01	1.4022918543e+02
9.9273641490e+06	1.4731450543e-01	1.4022391417e+02
9.9273641490e+06	1.4733196097e-01	1.4021891345e+02
9.9273641490e+06	1.4734806788e-01	1.4021416904e+02
9.9273641490e+06	1.4736281544e-01	1.4020968331e+02
9.9273641490e+06	1.4737619294e-01	1.4020545869e+02
9.9273641490e+06	1.4738818918e-01	1.4020149775e+02
9.9273641490e+06	1.4739879292e-01	1.4019780310e+02
9.9273641490e+06	1.4740799244e-01	1.4019437873e+02
9.9273641490e+06	1.4741578010e-01	1.4019123600e+02
9.9273641490e+06	1.4742214023e-01	1.4018836821e+02
9.9273641490e+06	1.4742705928e-01	1.4018577865e+02
9.9273641490e+06	1.4743052416e-01	1.4018347066e+02
9.9273641490e+06	1.4743252150e-01	1.4018144768e+02
9.9273641490e+06	1.4743303756e-01	1.4017971330e+02
9.9273641490e+06	1.4743205807e-01	1.4017827135e+02
9.9273641490e+06	1.4742956831e-01	1.4017712583e+02
9.9273641490e+06	1.4742527372e-01	1.4017633628e+02
9.9273641490e+06	1.4741939516e-01	1.4017586033e+02
9.9273641490e+06	1.4741194652e-01	1.4017569681e+02
9.9273641490e+06	1.4740290709e-01	1.4017585151e+02
9.9273641490e+06	1.4739225910e-01	1.4017632975e+02
9.9273641490e+06	1.4737998398e-01	1.4017713725e+02
9.9273641490e+06	1.4736606230e-01	1.4017828006e+02
9.9273641490e+06	1.4735047368e-01	1.4017976468e+02
9.9273641490e+06	1.4733318269e-01	1.4018160457e+02
9.9273641490e+06	1.4731418334e-01	1.4018380625e+02
9.9273641490e+06	1.4729346456e-01	1.4018636893e+02
9.9273641490e+06	1.4727100155e-01	1.4018930112e+02
9.9273641490e+06	1.4724676765e-01	1.4019261206e+02
9.9273641490e+06	1.4722073461e-01	1.4019631174e+02
9.9273641490e+06	1.4719287239e-01	1.4020041092e+02
9.9273641490e+06	1.4716314898e-01	1.4020492126e+02
9.9273641490e+06	1.4713131604e-01	1.4020989787e+02
9.9273641490e+06	1.4709749050e-01	1.4021532400e+02
9.9273641490e+06	1.4706169420e-01	1.4022120239e+02
9.9273641490e+06	1.4702388519e-01	1.4022754914e+02
9.9273641490e+06	1.4698401813e-01	1.4023438181e+02
9.9273641490e+06	1.4694204415e-01	1.4024171948e+02
9.9273641490e+06	1.4689790941e-01	1.4024958336e+02
9.9273641490e+06	1.4685154252e-01	1.4025800171e+02
9.9273641490e+06	1.4680265399e-01	1.4026708276e+02
9.9273641490e+06	1.4681651483e-01	1.4026438705e+02
9.9273641490e+06	1.4687522410e-01	1.4025355191e+02
9.9273641490e+06	1.4692725226e-01	1.4024552317e+02
9.9273641490e+06	1.4696469919e-01	1.4024425752e+02
9.9273641490e+06	1.4696057648e-01	1.4025932709e+02
9.9273641490e+06	1.4687630152e-01	1.4030388280e+02
9.9273641490e+06	1.4670151777e-01	1.4037540691e+02
9.9273641490e+06	1.4658961300e-01	1.4041899498e+02
9.9273641490e+06	1.4662145472e-01	1.4041607865e+02
9.9273641490e+06	1.4667216346e-01	1.4040666416e+02
9.9273641490e+06	1.4671096022e-01	1.4039943791e+02
9.9273641490e+06	1.4671601768e-01	1.4039851299e+02
9.9273641490e+06	1.4668996453e-01	1.4040340813e+02
9.9273641490e+06	1.4662518941e-01	1.4041557337e+02
9.9273641490e+06	1.4650241352e-01	1.4043869099e+02
9.9273641490e+06	1.4628849304e-01	1.4047912696e+02
9.9273641490e+06	1.4592964696e-01	1.4054725692e+02
9.9273641490e+06	1.4534121495e-01	1.4065941172e+02
9.9273641490e+06	1.4439094480e-01	1.4084111020e+02
9.9273641490e+06	1.4304796670e-01	1.4109882063e+02
9.9273641490e+06	1.4172225857e-01	1.4135413456e+02
9.9273641490e+06	1.4041387175e-01	1.4160703445e+02
9.9273641490e+06	1.3912601981e-01	1.4185684491e+02
9.9208090656e+06	1.3785819999e-01	1.4241208305e+02
9.9208090656e+06	1.3698792086e-01	1.4257614914e+02
9.9208090656e+06	1.3700688310e-01	1.4257048081e+02
9.9208090656e+06	1.3702447296e-01	1.4256508656e+02
9.9208090656e+06	1.3704067928e-01	1.4255996891e+02
9.9208090656e+06	1.3705549047e-01	1.4255513056e+02
9.9208090656e+06	1.3706889478e-01	1.4255057583e+02
9.9208090656e+06	1.3708088014e-01	1.4254631733e+02
9.9208090656e+06	1.3709143388e-01	1.4254234713e+02
9.9208090656e+06	1.3710053190e-01	1.4253867078e+02
9.9208090656e+06	1.3710817284e-01	1.4253528912e+02
9.9208090656e+06	1.3711434325e-01	1.4253220558e+02
9.9208090656e+06	1.3711902938e-01	1.4252942376e+02
9.9208090656e+06	1.3712221712e-01	1.4252694740e+02
9.9208090656e+06	1.3712389192e-01	1.4252478043e+02
9.9208090656e+06	1.3712403878e-01	1.4252292699e+02
9.9208090656e+06	1.3712230817e-01	1.4252146166e+02
9.9208090656e+06	1.3711900450e-01	1.4252032169e+02
9.9208090656e+06	1.3711410590e-01	1.4251951317e+02
9.9208090656e+06	1.3710759367e-01	1.4251904153e+02
9.9208090656e+06	1.3709945007e-01	1.4251891216e+02
9.9208090656e+06	1.3708965660e-01	1.4251913793e+02
9.9208090656e+06	1.3707819407e-01	1.4251972219e+02
9.9208090656e+06	1.3706501081e-01	1.4252067367e+02
9.9208090656e+06	1.3705012181e-01	1.4252199158e+02
9.9208090656e+06	1.3703352079e-01	1.4252367982e+02
9.9208090656e+06	1.3701518468e-01	1.4252574620e+02
9.9208090656e+06	1.3699508927e-01	1.4252819908e+02
9.9208090656e+06	1.3697320909e-01	1.4253104741e+02
9.9208090656e+06	1.3694951727e-01	1.4253430080e+02
9.9208090656e+06	1.3692376410e-01	1.4253801617e+02
9.9208090656e+06	1.3689606565e-01	1.4254217388e+02
9.9208090656e+06	1.3686646567e-01	1.4254676997e+02
9.9208090656e+06	1.3683493052e-01	1.4255181729e+02
9.9208090656e+06	1.3680142424e-01	1.4255732976e+02
9.9208090656e+06	1.3676590855e-01	1.4256332239e+02
9.9208090656e+06	1.3672834258e-01	1.4256981142e+02
9.9208090656e+06	1.3668863127e-01	1.4257682526e+02
9.9208090656e+06	1.3664673831e-01	1.4258438075e+02
9.9208090656e+06	1.3660265396e-01	1.4259249285e+02
9.9208090656e+06	1.3655632396e-01	1.4260118585e+02
9.9208090656e+06	1.3650768910e-01	1.4261047886e+02
9.9208090656e+06	1.3645667403e-01	1.4262040326e+02
9.9208090656e+06	1.3640304593e-01	1.4263105727e+02
9.9208090656e+06	1.3640986736e-01	1.4262961419e+02
9.9208090656e+06	1.3656450472e-01	1.4260410703e+02
9.9208090656e+06	1.3657341106e-01	1.4261471302e+02
9.9208090656e+06	1.3650238553e-01	1.4265677736e+02
9.9208090656e+06	1.3629857074e-01	1.4274324127e+02
9.9208090656e+06	1.3607933652e-01	1.4282207352e+02
9.9208090656e+06	1.3584940798e-01	1.4289425119e+02
9.9208090656e+06	1.3566788242e-01	1.4294989210e+02
9.9208090656e+06	1.3549235165e-01	1.4299694762e+02
9.9208090656e+06	1.3529127012e-01	1.4304381412e+02
9.9208090656e+06	1.3502871415e-01	1.4310005077e+02
9.9208090656e+06	1.3468729851e-01	1.4317120632e+02
9.9208090656e+06	1.3429770099e-01	1.4325209091e+02
9.9208090656e+06	1.3389868748e-01	1.4333527054e+02
9.9208090656e+06	1.3352062917e-01	1.4341511246e+02
9.9208090656e+06	1.3352081455e-01	1.4341515211e+02
9.9208090656e+06	1.3356621719e-01	1.4340548102e+02
9.9208090656e+06	1.3358390740e-01	1.4340170032e+02
9.9208090656e+06	1.3355340434e-01	1.4340816843e+02
9.9208090656e+06	1.3347566579e-01	1.4342468379e+02
9.9208090656e+06	1.3333071711e-01	1.4345551818e+02
9.9208090656e+06	1.3308192532e-01	1.4350854105e+02
9.9208090656e+06	1.3267034850e-01	1.4359651137e+02
9.9208090656e+06	1.3200288753e-01	1.4373982854e+02
9.9208090656e+06	1.3093236844e-01	1.4397132815e+02
9.9208090656e+06	1.2951002219e-01	1.4428213433e+02
9.9208090656e+06	1.2935506356e-01	1.4431842305e+02
9.9208090656e+06	1.2958218013e-01	1.4427094205e+02
9.9208090656e+06	1.2977440460e-01	1.4422914341e+02
9.9208090656e+06	1.3023644817e-01	1.4412620488e+02
9.9185624649e+06	1.3052397719e-01	1.4416558982e+02
9.9185624649e+06	1.3263422713e-01	1.4348613843e+02
9.9185624649e+06	1.3265887398e-01	1.4348049979e+02
9.9185624649e+06	1.3268216900e-01	1.4347514687e+02
9.9185624649e+06	1.3270408656e-01	1.4347008002e+02
9.9185624649e+06	1.3272463978e-01	1.4346529618e+02
9.9185624649e+06	1.3274384114e-01	1.4346079241e+02
9.9185624649e+06	1.3276168099e-01	1.4345657055e+02
9.9185624649e+06	1.3277815023e-01	1.4345263231e+02
9.9185624649e+06	1.3279323985e-01	1.4344897939e+02
9.9185624649e+06	1.3280671367e-01	1.4344566318e+02
9.9185624649e+06	1.3281864127e-01	1.4344266948e+02
9.9185624649e+06	1.3282918549e-01	1.4343996047e+02
9.9185624649e+06	1.3283840948e-01	1.4343751958e+02
9.9185624649e+06	1.3286150170e-01	1.4343143929e+02
9.9185624649e+06	1.3290901356e-01	1.4341911096e+02
9.9185624649e+06	1.3295475038e-01	1.4340697781e+02
9.9185624649e+06	1.3299916994e-01	1.4339489686e+02
9.9185624649e+06	1.3304069530e-01	1.4338328015e+02
9.9185624649e+06	1.3284491204e-01	1.4343861452e+02
9.9185624649e+06	1.3265975564e-01	1.4348555052e+02
9.9185624649e+06	1.3244100675e-01	1.4353485005e+02
9.9185624649e+06	1.3215082545e-01	1.4359657966e+02
9.9178820086e+06	1.3177929005e-01	1.4370724423e+02
9.9178820086e+06	1.2889630549e-01	1.4457731229e+02
9.9178820086e+06	1.2850357791e-01	1.4466205188e+02
9.9178820086e+06	1.2831367158e-01	1.4470353587e+02
9.9178820086e+06	1.2826995472e-01	1.4471317169e+02
9.9178820086e+06	1.2822590484e-01	1.4472290154e+02
9.9178820086e+06	1.2818023481e-01	1.4473300946e+02
9.9178820086e+06	1.2813305706e-01	1.4474347176e+02
9.9178820086e+06	1.2808435964e-01	1.4475429214e+02
9.9178820086e+06	1.2803413032e-01	1.4476547436e+02
9.9178820086e+06	1.2798235690e-01	1.4477702220e+02
9.9178820086e+06	1.2792902704e-01	1.4478893951e+02
9.9178820086e+06	1.2787387394e-01	1.4480128684e+02
9.9178820086e+06	1.2781686378e-01	1.4481407417e+02
9.9178820086e+06	1.2775825935e-01	1.4482724345e+02
9.9178820086e+06	1.2769804765e-01	1.4484079879e+02
9.9178820086e+06	1.2763621553e-01	1.4485474438e+02
9.9178820086e+06	1.2757274952e-01	1.4486908450e+02
9.9178820086e+06	1.2750763637e-01	1.4488382341e+02
9.9178820086e+06	1.2744064446e-01	1.4489901537e+02
9.9178820086e+06	1.2737188588e-01	1.4491463761e+02
9.9178820086e+06	1.2730143829e-01	1.4493067276e+02
9.9178820086e+06	1.2722928734e-01	1.4494712549e+02
9.9178820086e+06	1.2715541883e-01	1.4496400046e+02
9.9178820086e+06	1.2707981784e-01	1.4498130255e+02
9.9178820086e+06	1.2700246968e-01	1.4499903659e+02
9.9178820086e+06	1.2692296870e-01	1.4501729924e+02
9.9178820086e+06	1.2684163361e-01	1.4503601940e+02
9.9178820086e+06	1.2675850523e-01	1.4505518780e+02
9.9178820086e+06	1.2667356217e-01	1.4507481113e+02
9.9178820086e+06	1.2658671843e-01	1.4509491228e+02
9.9178820086e+06	1.2649726699e-01	1.4511567118e+02
9.9178820086e+06	1.2664108153e-01	1.4508439117e+02
9.9178820086e+06	1.2669886220e-01	1.4507183479e+02
9.9178820086e+06	1.2675533803e-01	1.4505956218e+02
9.9178820086e+06	1.2681307463e-01	1.4504701873e+02
9.9178820086e+06	1.2686993226e-01	1.4503467441e+02
9.9178820086e+06	1.2692626306e-01	1.4502245424e+02
9.9178820086e+06	1.2698092206e-01	1.4501060723e+02
9.9178820086e+06	1.2702864096e-01	1.4500027474e+02
9.9178820086e+06	1.2705423946e-01	1.4499473933e+02
9.9178820086e+06	1.2703437361e-01	1.4499904770e+02
9.9178820086e+06	1.2697213085e-01	1.4501253935e+02
9.9178820086e+06	1.2685196285e-01	1.4503862044e+02
9.9178820086e+06	1.2664355287e-01	1.4508396815e+02
9.9178820086e+06	1.2629646026e-01	1.4515983202e+02
9.9178820086e+06	1.2573195699e-01	1.4528405693e+02
9.9178820086e+06	1.2482591256e-01	1.4548553107e+02
9.9178820086e+06	1.2361760357e-01	1.4575793532e+02
9.9178820086e+06	1.2240047930e-01	1.4603629276e+02
9.9178820086e+06	1.2117516605e-01	1.4632025215e+02
9.9178820086e+06	1.1994035381e-01	1.4660997757e+02
9.9178820086e+06	1.1870977988e-01	1.4690242717e+02
9.9178820086e+06	1.1861423645e-01	1.4692866633e+02
9.9119500943e+06	1.1884510801e-01	1.4717174986e+02
9.9119500943e+06	1.2042792013e-01	1.4650977512e+02
9.9119500943e+06	1.2086899641e-01	1.4640601555e+02
9.9119500943e+06	1.2088380030e-01	1.4640244533e+02
9.9119500943e+06	1.2089727466e-01	1.4639917564e+02
9.9119500943e+06	1.2090967899e-01	1.4639614277e+02
9.9119500943e+06	1.2095312889e-01	1.4638549424e+02
9.9119500943e+06	1.2101186967e-01	1.4637094125e+02
9.9119500943e+06	1.2106881664e-01	1.4635667238e+02
9.9119500943e+06	1.2112499484e-01	1.4634229907e+02
9.9119500943e+06	1.2117891039e-01	1.4632824521e+02
9.9119500943e+06	1.2123107116e-01	1.4631432255e+02
9.9119500943e+06	1.2128137650e-01	1.4630065631e+02
9.9119500943e+06	1.2133072627e-01	1.4628688241e+02
9.9108350785e+06	1.2137785489e-01	1.4632828293e+02
9.9108350785e+06	1.1759820865e-01	1.4757031908e+02
9.9108350785e+06	1.1741147312e-01	1.4761815702e+02
9.9108350785e+06	1.1718194470e-01	1.4767247234e+02
9.9108350785e+06	1.1687292838e-01	1.4774412787e+02
9.9108350785e+06	1.1649038857e-01	1.4783324178e+02
9.9108350785e+06	1.1608848288e-01	1.4792745303e+02
9.9108350785e+06	1.1575094333e-01	1.4800732345e+02
9.9108350785e+06	1.1569568747e-01	1.4802061719e+02
9.9108350785e+06	1.1564063531e-01	1.4803389834e+02
9.9108350785e+06	1.1558409005e-01	1.4804757140e+02
9.9108350785e+06	1.1552586893e-01	1.4806168245e+02
9.9108350785e+06	1.1546592528e-01	1.4807624377e+02
9.9108350785e+06	1.1540441944e-01	1.4809121906e+02
9.9108350785e+06	1.1534133869e-01	1.4810661313e+02
9.9108350785e+06	1.1527666998e-01	1.4812243096e+02
9.9108350785e+06	1.1521040043e-01	1.4813867751e+02
9.9108350785e+06	1.1514229567e-01	1.4815541223e+02
9.9108350785e+06	1.1507227198e-01	1.4817265832e+02
9.9108350785e+06	1.1500060754e-01	1.4819034948e+02
9.9108350785e+06	1.1492728867e-01	1.4820849109e+02
9.9108350785e+06	1.1485230151e-01	1.4822708866e+02
9.9108350785e+06	1.1477563198e-01	1.4824614777e+02
9.9108350785e+06	1.1469703670e-01	1.4826573133e+02
9.9108350785e+06	1.1461656557e-01	1.4828583076e+02
9.9108350785e+06	1.1453436847e-01	1.4830641014e+02
9.9108350785e+06	1.1445043041e-01	1.4832747557e+02
9.9108350785e+06	1.1436473667e-01	1.4834903311e+02
9.9108350785e+06	1.1427727178e-01	1.4837108912e+02
9.9108350785e+06	1.1418774456e-01	1.4839372093e+02
9.9108350785e+06	1.1409624517e-01	1.4841691059e+02
9.9108350785e+06	1.1400292753e-01	1.4844061972e+02
9.9108350785e+06	1.1390777551e-01	1.4846485517e+02
9.9108350785e+06	1.1381077257e-01	1.4848962397e+02
9.9108350785e+06	1.1371190105e-01	1.4851493353e+02
9.9108350785e+06	1.1361080382e-01	1.4854088150e+02
9.9108350785e+06	1.1350749228e-01	1.4856747351e+02
9.9108350785e+06	1.1348659725e-01	1.4857368100e+02
9.9108350785e+06	1.1360603185e-01	1.4854490247e+02
9.9108350785e+06	1.1366145073e-01	1.4853157543e+02
9.9108350785e+06	1.1371789862e-01	1.4851800297e+02
9.9108350785e+06	1.1377382056e-01	1.4850456706e+02
9.9108350785e+06	1.1382939095e-01	1.4849122950e+02
9.9108350785e+06	1.1388386371e-01	1.4847817114e+02
9.9108350785e+06	1.1393349136e-01	1.4846629076e+02
9.9108350785e+06	1.1396656268e-01	1.4845839189e+02
9.9108350785e+06	1.1395555158e-01	1.4846104049e+02
9.9108350785e+06	1.1390130820e-01	1.4847404124e+02
9.9108350785e+06	1.1379280956e-01	1.4850009103e+02
9.9108350785e+06	1.1360320944e-01	1.4854575587e+02
9.9108350785e+06	1.1328743311e-01	1.4862221907e+02
9.9108350785e+06	1.1277321882e-01	1.4874781396e+02
9.9108350785e+06	1.1194851378e-01	1.4895187874e+02
9.9108350785e+06	1.1094530437e-01	1.4920413239e+02
9.9108350785e+06	1.0993437267e-01	1.4946239497e+02
9.9108350785e+06	1.0891525227e-01	1.4972655362e+02
9.9108350785e+06	1.0788811608e-01	1.4999639969e+02
9.9108350785e+06	1.0685531323e-01	1.5027128866e+02
9.9108350785e+06	1.0635018724e-01	1.5040983182e+02
9.9108350785e+06	1.0660926897e-01	1.5034635201e+02
9.9053407822e+06	1.0681047909e-01	1.5057909150e+02
9.9053407822e+06	1.0573350863e-01	1.5090317502e+02
9.9053407822e+06	1.0604023006e-01	1.5082066545e+02
9.9053407822e+06	1.0604345290e-01	1.5081978885e+02
9.9053407822e+06	1.0604531803e-01	1.5081926418e+02
9.9053407822e+06	1.0608422671e-01	1.5080862244e+02
9.9053407822e+06	1.0614174493e-01	1.5079265761e+02
9.9053407822e+06	1.0619980459e-01	1.5077625053e+02
9.9053407822e+06	1.0625403039e-01	1.5076053645e+02
9.9053407822e+06	1.0630788503e-01	1.5074463350e+02
9.9053407822e+06	1.0635934596e-01	1.5072894388e+02
9.9053407822e+06	1.0640860869e-01	1.5071344718e+02
9.9053407822e+06	1.0645432080e-01	1.5069856508e+02
9.9053407822e+06	1.0625652151e-01	1.5075998790e+02
9.9053407822e+06	1.0607130027e-01	1.5081230233e+02
9.9053407822e+06	1.0585340490e-01	1.5086914388e+02
9.9053407822e+06	1.0556491941e-01	1.5094276765e+02
9.9053407822e+06	1.0519408032e-01	1.5103813768e+02
9.9053407822e+06	1.0478747767e-01	1.5114359331e+02
9.9053407822e+06	1.0439805917e-01	1.5124535390e+02
9.9053407822e+06	1.0427103082e-01	1.5127898260e+02
9.9053407822e+06	1.0420743145e-01	1.5129602782e+02
9.9053407822e+06	1.0414311792e-01	1.5131331690e+02
9.9053407822e+06	1.0407699677e-01	1.5133114303e+02
9.9053407822e+06	1.0400913833e-01	1.5134948817e+02
9.9053407822e+06	1.0393971484e-01	1.5136831014e+02
9.9053407822e+06	1.0386871326e-01	1.5138761533e+02
9.9053407822e+06	1.0379612036e-01	1.5140741026e+02
9.9053407822e+06	1.0372175572e-01	1.5142774739e+02
9.9053407822e+06	1.0364546186e-01	1.5144867300e+02
9.9053407822e+06	1.0356753601e-01	1.5147010992e+02
9.9053407822e+06	1.0348796431e-01	1.5149206523e+02
9.9053407822e+06	1.0340673246e-01	1.5151454626e+02
9.9053407822e+06	1.0332359727e-01	1.5153762383e+02
9.9053407822e+06	1.0323848227e-01	1.5156132451e+02
9.9053407822e+06	1.0315166330e-01	1.5158557508e+02
9.9053407822e+06	1.0306312609e-01	1.5161038334e+02
9.9053407822e+06	1.0297285531e-01	1.5163575746e+02
9.9053407822e+06	1.0288070861e-01	1.5166174165e+02
9.9053407822e+06	1.0278649128e-01	1.5168839938e+02
9.9053407822e+06	1.0269049374e-01	1.5171565041e+02
9.9053407822e+06	1.0259269966e-01	1.5174350379e+02
9.9053407822e+06	1.0249309372e-01	1.5177196842e+02
9.9053407822e+06	1.0239148328e-01	1.5180110388e+02
9.9053407822e+06	1.0228765328e-01	1.5183098389e+02
9.9053407822e+06	1.0218196071e-01	1.5186150645e+02
9.9053407822e+06	1.0207438848e-01	1.5189268164e+02
9.9053407822e+06	1.0196491913e-01	1.5192451984e+02
9.9053407822e+06	1.0185344167e-01	1.5195705954e+02
9.9053407822e+06	1.0173973416e-01	1.5199038379e+02
9.9053407822e+06	1.0162406435e-01	1.5202441028e+02
9.9053407822e+06	1.0150627548e-01	1.5205919588e+02
9.9053407822e+06	1.0145164664e-01	1.5207640444e+02
9.9053407822e+06	1.0154903590e-01	1.5205050128e+02
9.9053407822e+06	1.0160117661e-01	1.5203669674e+02
9.9053407822e+06	1.0165470216e-01	1.5202251483e+02
9.9053407822e+06	1.0170751877e-01	1.5200852995e+02
9.9053407822e+06	1.0176063924e-01	1.5199448401e+02
9.9053407822e+06	1.0181241412e-01	1.5198082131e+02
9.9053407822e+06	1.0186123319e-01	1.5196796745e+02
9.9053407822e+06	1.0189624730e-01	1.5195878089e+02
9.9053407822e+06	1.0189037387e-01	1.5196037171e+02
9.9053407822e+06	1.0184226490e-01	1.5197309993e+02
9.9053407822e+06	1.0174470337e-01	1.5199895172e+02
9.9053407822e+06	1.0157389600e-01	1.5204442491e+02
9.9053407822e+06	1.0128881317e-01	1.5212099043e+02
9.9053407822e+06	1.0082491533e-01	1.5224720541e+02
9.9053407822e+06	1.0008159884e-01	1.5245334752e+02
9.9053407822e+06	9.9287310152e-02	1.5267836268e+02
9.9053407822e+06	9.8486104660e-02	1.5290974000e+02
9.9053407822e+06	9.7677516603e-02	1.5314727839e+02
9.9053407822e+06	9.6861660738e-02	1.5339069654e+02
9.9053407822e+06	9.6038418904e-02	1.5363985680e+02
9.9007811369e+06	9.5210082071e-02	1.5413538950e+02
9.9007811369e+06	9.5376338279e-02	1.5394223352e+02
9.9007811369e+06	9.5310943196e-02	1.5396140998e+02
9.9007811369e+06	9.5244150217e-02	1.5398105701e+02
9.9007811369e+06	9.5176024590e-02	1.5400115517e+02
9.9007811369e+06	9.5106453126e-02	1.5402174100e+02
9.9007811369e+06	9.5035366288e-02	1.5404283834e+02
9.9007811369e+06	9.4962269285e-02	1.5406459845e+02
9.9007811369e+06	9.4887481510e-02	1.5408692833e+02
9.9007811369e+06	9.4811127468e-02	1.5410979711e+02
9.9007811369e+06	9.4733194421e-02	1.5413321267e+02
9.9007811369e+06	9.4653273649e-02	1.5415730405e+02
9.9007811369e+06	9.4571589219e-02	1.5418200496e+02
9.9007811369e+06	9.4488286891e-02	1.5420727842e+02
9.9007811369e+06	9.4403353071e-02	1.5423313310e+02
9.9007811369e+06	9.4316720580e-02	1.5425959439e+02
9.9007811369e+06	9.4227911268e-02	1.5428681310e+02
9.9007811369e+06	9.4137430693e-02	1.5431464092e+02
9.9007811369e+06	9.4045265121e-02	1.5434308768e+02
9.9007811369e+06	9.3951396837e-02	1.5437216415e+02
9.9007811369e+06	9.3855288488e-02	1.5440204305e+02
9.9007811369e+06	9.3757368211e-02	1.5443259853e+02
9.9007811369e+06	9.3657705661e-02	1.5446381483e+02
9.9007811369e+06	9.3556285704e-02	1.5449570268e+02
9.9007811369e+06	9.3452916361e-02	1.5452832878e+02
9.9007811369e+06	9.3347420896e-02	1.5456176002e+02
9.9007811369e+06	9.3240123224e-02	1.5459589870e+02
9.9007811369e+06	9.3131007891e-02	1.5463075659e+02
9.9007811369e+06	9.3020004600e-02	1.5466636288e+02
9.9007811369e+06	9.2906595515e-02	1.5470289573e+02
9.9007811369e+06	9.2791283055e-02	1.5474020239e+02
9.9007811369e+06	9.2674088585e-02	1.5477828171e+02
9.9007811369e+06	9.2554994659e-02	1.5481714742e+02
9.9007811369e+06	9.2433728856e-02	1.5485690074e+02
9.9007811369e+06	9.2310325054e-02	1.5489754752e+02
9.9007811369e+06	9.2184970567e-02	1.5493902721e+02
9.9007811369e+06	9.2057647916e-02	1.5498135483e+02
9.9007811369e+06	9.1928223871e-02	1.5502458261e+02
9.9007811369e+06	9.1796240071e-02	1.5506889698e+02
9.9007811369e+06	9.1662232874e-02	1.5511411356e+02
9.9007811369e+06	9.1526182767e-02	1.5516024871e+02
9.9007811369e+06	9.1388069071e-02	1.5520732043e+02
9.9007811369e+06	9.1247594593e-02	1.5525545878e+02
9.9007811369e+06	9.1104902913e-02	1.5530462902e+02
9.9007811369e+06	9.0960050309e-02	1.5535481190e+02
9.9007811369e+06	9.0812716843e-02	1.5540614959e+02
9.9007811369e+06	9.0819020240e-02	1.5540822980e+02
9.9007811369e+06	9.0863676274e-02	1.5539583010e+02
9.9007811369e+06	9.0910176014e-02	1.5538287220e+02
9.9007811369e+06	9.0955734088e-02	1.5537021642e+02
9.9007811369e+06	9.0982111830e-02	1.5536375577e+02
9.9007811369e+06	9.0995290563e-02	1.5536160065e+02
9.9007811369e+06	9.1007975619e-02	1.5535959940e+02
9.9007811369e+06	9.1019137783e-02	1.5535796316e+02
9.9007811369e+06	9.1023614228e-02	1.5535767601e+02
9.9007811369e+06	9.1016686153e-02	1.5535932452e+02
9.9007811369e+06	9.0999828211e-02	1.5536287308e+02
9.9007811369e+06	9.0968829533e-02	1.5536934052e+02
9.9007811369e+06	9.0864346319e-02	1.5539737067e+02
9.9007811369e+06	9.0612691311e-02	1.5547046970e+02
9.9007811369e+06	9.0203559918e-02	1.5559241356e+02
9.9007811369e+06	8.9617399469e-02	1.5577295766e+02
9.9007811369e+06	8.9024612765e-02	1.5596152669e+02
9.9007811369e+06	8.8425749206e-02	1.5615720782e+02
9.9007811369e+06	8.7820169997e-02	1.5635965424e+02
9.9007811369e+06	8.7208088057e-02	1.5656836468e+02
9.9007811369e+06	8.6589241911e-02	1.5678309952e+02
9.9007811369e+06	8.5963749838e-02	1.5700357456e+02
9.9007811369e+06	8.5331542309e-02	1.5722964208e+02
9.8932655819e+06	8.4706128647e-02	1.5786657940e+02
9.8932655819e+06	8.2421422630e-02	1.5871926224e+02
9.8932655819e+06	8.2322825525e-02	1.5875498472e+02
9.8932655819e+06	8.2224432931e-02	1.5879078335e+02
9.8932655819e+06	8.2124838102e-02	1.5882714304e+02
9.8932655819e+06	8.2023828883e-02	1.5886414825e+02
9.8932655819e+06	8.1921257620e-02	1.5890185888e+02
9.8932655819e+06	8.1816491143e-02	1.5894051614e+02
9.8932655819e+06	8.1709889722e-02	1.5897999333e+02
9.8932655819e+06	8.1601641188e-02	1.5902023355e+02
9.8932655819e+06	8.1491497229e-02	1.5906134015e+02
9.8932655819e+06	8.1379324318e-02	1.5910336818e+02
9.8932655819e+06	8.1265458287e-02	1.5914620588e+02
9.8932655819e+06	8.1149885941e-02	1.5918986857e+02
9.8932655819e+06	8.1032123385e-02	1.5923455026e+02
9.8932655819e+06	8.0912352885e-02	1.5928019267e+02
9.8932655819e+06	8.0790829753e-02	1.5932671288e+02
9.8932655819e+06	8.0667424186e-02	1.5937417251e+02
9.8932655819e+06	8.0541692454e-02	1.5942275529e+02
9.8932655819e+06	8.0414156865e-02	1.5947227443e+02
9.8932655819e+06	8.0284805813e-02	1.5952274759e+02
9.8932655819e+06	8.0153296212e-02	1.5957432314e+02
9.8932655819e+06	8.0019601222e-02	1.5962703041e+02
9.8932655819e+06	7.9884041101e-02	1.5968075746e+02
9.8932655819e+06	7.9746560668e-02	1.5973554109e+02
9.8932655819e+06	7.9606567332e-02	1.5979163889e+02
9.8932655819e+06	7.9464595633e-02	1.5984885632e+02
9.8932655819e+06	7.9320688432e-02	1.5990719099e+02
9.8932655819e+06	7.9174618801e-02	1.5996675405e+02
9.8932655819e+06	7.9026197005e-02	1.6002765739e+02
9.8932655819e+06	7.8875784820e-02	1.6008976229e+02
9.8932655819e+06	7.8723363006e-02	1.6015309674e+02
9.8932655819e+06	7.8568319593e-02	1.6021794944e+02
9.8932655819e+06	7.8411074482e-02	1.6028417373e+02
9.8932655819e+06	7.8251759058e-02	1.6035172747e+02
9.8932655819e+06	7.8090244516e-02	1.6042068935e+02
9.8932655819e+06	7.7926224077e-02	1.6049125619e+02
9.8932655819e+06	7.7760048645e-02	1.6056327320e+02
9.8932655819e+06	7.7591665554e-02	1.6063679078e+02
9.8932655819e+06	7.7420518431e-02	1.6071210968e+02
9.8932655819e+06	7.7246625064e-02	1.6078927171e+02
9.8932655819e+06	7.7069811267e-02	1.6086836543e+02
9.8932655819e+06	7.6888658363e-02	1.6095012269e+02
9.8932655819e+06	7.6881890127e-02	1.6095640544e+02
9.8932655819e+06	7.6873448333e-02	1.6096363590e+02
9.8932655819e+06	7.6864039698e-02	1.6097164783e+02
9.8932655819e+06	7.6864398196e-02	1.6097554635e+02
9.8932655819e+06	7.6862679075e-02	1.6098059589e+02
9.8932655819e+06	7.6856850227e-02	1.6098761941e+02
9.8932655819e+06	7.6844492945e-02	1.6099803104e+02
9.8932655819e+06	7.6824303180e-02	1.6101206931e+02
9.8932655819e+06	7.6807199751e-02	1.6102255551e+02
9.8932655819e+06	7.6815324299e-02	1.6101649965e+02
9.8932655819e+06	7.6831808219e-02	1.6100337043e+02
9.8932655819e+06	7.6839850517e-02	1.6099080541e+02
9.8932655819e+06	7.6831670760e-02	1.6098203058e+02
9.8932655819e+06	7.6703018056e-02	1.6102010545e+02
9.8932655819e+06	7.6333116985e-02	1.6115663061e+02
9.8932655819e+06	7.5942894705e-02	1.6130823012e+02
9.8932655819e+06	7.5547334813e-02	1.6146828819e+02
9.8932655819e+06	7.5146302813e-02	1.6163599021e+02
9.8932655819e+06	7.4739604289e-02	1.6181073593e+02
9.8932655819e+06	7.4327191835e-02	1.6199202005e+02
9.8932655819e+06	7.3908826335e-02	1.6217953973e+02
9.8932655819e+06	7.3484555533e-02	1.6237296570e+02
9.8932655819e+06	7.3054623135e-02	1.6257196298e+02
9.8932655819e+06	7.2621602405e-02	1.6277534092e+02
9.8862526464e+06	7.2464846020e-02	1.6325130626e+02
9.8862526464e+06	7.0573502651e-02	1.6411133154e+02
9.8862526464e+06	7.0426143292e-02	1.6418121826e+02
9.8862526464e+06	7.0282697860e-02	1.6424971192e+02
9.8862526464e+06	7.0138333495e-02	1.6431901094e+02
9.8862526464e+06	6.9992510772e-02	1.6438936696e+02
9.8862526464e+06	6.9844901665e-02	1.6446095667e+02
9.8862526464e+06	6.9694543578e-02	1.6453426625e+02
9.8862526464e+06	6.9542317672e-02	1.6460889063e+02
9.8862526464e+06	6.9388078693e-02	1.6468492912e+02
9.8862526464e+06	6.9231540552e-02	1.6476254222e+02
9.8862526464e+06	6.9073130688e-02	1.6484154851e+02
9.8862526464e+06	6.8912598674e-02	1.6492210160e+02
9.8862526464e+06	6.8749412174e-02	1.6500449326e+02
9.8862526464e+06	6.8584300021e-02	1.6508839213e+02
9.8862526464e+06	6.8416947565e-02	1.6517398859e+02
9.8862526464e+06	6.8247197971e-02	1.6526139423e+02
9.8862526464e+06	6.8075466868e-02	1.6535043167e+02
9.8862526464e+06	6.7901359402e-02	1.6544133990e+02
9.8862526464e+06	6.7724738568e-02	1.6553423211e+02
9.8862526464e+06	6.7546074998e-02	1.6562889884e+02
9.8862526464e+06	6.7364906741e-02	1.6572562522e+02
9.8862526464e+06	6.7181292582e-02	1.6582443065e+02
9.8862526464e+06	6.6995573089e-02	1.6592517041e+02
9.8862526464e+06	6.6807256656e-02	1.6602816120e+02
9.8862526464e+06	6.6616504192e-02	1.6613337526e+02
9.8862526464e+06	6.6423581242e-02	1.6624070528e+02
9.8862526464e+06	6.6227865046e-02	1.6635056216e+02
9.8862526464e+06	6.6029677350e-02	1.6646283438e+02
9.8862526464e+06	6.5829246380e-02	1.6657743398e+02
9.8862526464e+06	6.5626039056e-02	1.6669475015e+02
9.8862526464e+06	6.5420388105e-02	1.6681466089e+02
9.8862526464e+06	6.5212341823e-02	1.6693718409e+02
9.8862526464e+06	6.5001039564e-02	1.6706294985e+02
9.8862526464e+06	6.4786674311e-02	1.6719191802e+02
9.8862526464e+06	6.4568314140e-02	1.6732471800e+02
9.8862526464e+06	6.4313614199e-02	1.6748044992e+02
9.8862526464e+06	6.3995013586e-02	1.6767613196e+02
9.8862526464e+06	6.3660408569e-02	1.6788554601e+02
9.8862526464e+06	6.3271902569e-02	1.6813493550e+02
9.8862526464e+06	6.2777714219e-02	1.6846426695e+02
9.8862526464e+06	6.2166487203e-02	1.6889324390e+02
9.8862526464e+06	6.1720161196e-02	1.6924060413e+02
9.8862526464e+06	6.1600340096e-02	1.6935142985e+02
9.8862526464e+06	6.1504854814e-02	1.6944520424e+02
9.8862526464e+06	6.1436113400e-02	1.6951770711e+02
9.8862526464e+06	6.1387125572e-02	1.6957423452e+02
9.8862526464e+06	6.1350762947e-02	1.6962082880e+02
9.8862526464e+06	6.1322121989e-02	1.6966107531e+02
9.8862526464e+06	6.1303833596e-02	1.6968756008e+02
9.8862526464e+06	6.1305605904e-02	1.6968249552e+02
9.8862526464e+06	6.1320994298e-02	1.6965608560e+02
9.8862526464e+06	6.1361201381e-02	1.6959730793e+02
9.8862526464e+06	6.1492356589e-02	1.6944986133e+02
9.8862526464e+06	6.1835621299e-02	1.6913852781e+02
9.8862526464e+06	6.2218419611e-02	1.6882912338e+02
9.8862526464e+06	6.2549813021e-02	1.6857281937e+02
9.8862526464e+06	6.2703592452e-02	1.6844571681e+02
9.8862526464e+06	6.2583242076e-02	1.6849284377e+02
9.8862526464e+06	6.2387899682e-02	1.6859513803e+02
9.8862526464e+06	6.2188076560e-02	1.6870685278e+02
9.8862526464e+06	6.1983281489e-02	1.6882713924e+02
9.8862526464e+06	6.1773891877e-02	1.6895484713e+02
9.8841792931e+06	6.1559752565e-02	1.6921004996e+02
9.8841792931e+06	6.1592790628e-02	1.6915231402e+02
9.8841792931e+06	6.1751923188e-02	1.6905152903e+02
9.8841792931e+06	6.1779721660e-02	1.6903446674e+02
9.8841792931e+06	6.1738954760e-02	1.6906050669e+02
9.8841792931e+06	6.1673971189e-02	1.6910221450e+02
9.8841792931e+06	6.1570102373e-02	1.6916935177e+02
9.8841792931e+06	6.1403937229e-02	1.6927784369e+02
9.8841792931e+06	6.1172613162e-02	1.6943083595e+02
9.8841792931e+06	6.0937425913e-02	1.6958848773e+02
9.8841792931e+06	6.0830551074e-02	1.6966605661e+02
9.8814515962e+06	6.1067312372e-02	1.6968318508e+02
9.8814515962e+06	6.0476013513e-02	1.7002021425e+02
9.8814515962e+06	6.0814898533e-02	1.6980860739e+02
9.8814515962e+06	6.1246231170e-02	1.6953809989e+02
9.8814515962e+06	6.1518565543e-02	1.6937211491e+02
9.8808150236e+06	6.1788363564e-02	1.6924296565e+02
9.8808150236e+06	6.1959209427e-02	1.6912266594e+02
9.8808150236e+06	6.2223594418e-02	1.6895180507e+02
9.8808150236e+06	6.2360201581e-02	1.6886009733e+02
9.8808150236e+06	6.2348786188e-02	1.6886693071e+02
9.8808150236e+06	6.2330544909e-02	1.6887785069e+02
9.8808150236e+06	6.2301297801e-02	1.6889536168e+02
9.8808150236e+06	6.2254555863e-02	1.6892335456e+02
9.8808150236e+06	6.2179927163e-02	1.6896804735e+02
9.8808150236e+06	6.2060532652e-02	1.6903954928e+02
9.8808150236e+06	6.1868931427e-02	1.6915431882e+02
9.8801096275e+06	6.1590944793e-02	1.6936188535e+02
9.8801096275e+06	6.1247624694e-02	1.6956348891e+02
9.8801096275e+06	6.0961429370e-02	1.6973501272e+02
9.8801096275e+06	6.0671005337e-02	1.6990885231e+02
9.8801096275e+06	6.0376720290e-02	1.7008427700e+02
9.8801096275e+06	6.0078626134e-02	1.7026163567e+02
9.8801096275e+06	5.9776255947e-02	1.7044113766e+02
9.8801096275e+06	5.9470088820e-02	1.7062219030e+02
9.8801096275e+06	5.9159763413e-02	1.7080491911e+02
9.8794151751e+06	5.8845685629e-02	1.7102942922e+02
9.8794151751e+06	5.8350184853e-02	1.7135277913e+02
9.8794151751e+06	5.8028590734e-02	1.7153878060e+02
9.8794151751e+06	5.7703111101e-02	1.7172464071e+02
9.8794151751e+06	5.7365409346e-02	1.7191708362e+02
9.8794151751e+06	5.6952790734e-02	1.7216360267e+02
9.8794151751e+06	5.6535368769e-02	1.7241250348e+02
9.8794151751e+06	5.5514740958e-02	1.7325212296e+02
9.8792576833e+06	5.4827354241e-02	1.7389326552e+02
9.8792576833e+06	5.4960181229e-02	1.7377475900e+02
9.8792576833e+06	5.5208306041e-02	1.7354556703e+02
9.8792576833e+06	5.5281393262e-02	1.7345971846e+02
9.8792576833e+06	5.5126770670e-02	1.7355923566e+02
9.8792576833e+06	5.4994427937e-02	1.7364073749e+02
9.8792576833e+06	5.4887406440e-02	1.7370186935e+02
9.8792576833e+06	5.4729940038e-02	1.7380641504e+02
9.8792576833e+06	5.4558931393e-02	1.7392511224e+02
9.8792576833e+06	5.4383174325e-02	1.7405009531e+02
9.8792576833e+06	5.4202699641e-02	1.7418163543e+02
9.8792576833e+06	5.4017357337e-02	1.7432023202e+02
9.8792576833e+06	5.3826980442e-02	1.7446641062e+02
9.8792576833e+06	5.3631632493e-02	1.7462050432e+02
9.8792576833e+06	5.3430803802e-02	1.7478335227e+02
9.8792576833e+06	5.3224663961e-02	1.7495520217e+02
9.8792576833e+06	5.3012802996e-02	1.7513681115e+02
9.8792576833e+06	5.2795429663e-02	1.7532837782e+02
9.8792576833e+06	5.2572005835e-02	1.7553076327e+02
9.8792576833e+06	5.2342799879e-02	1.7574408034e+02
9.8792576833e+06	5.2107361188e-02	1.7596907852e+02
9.8792576833e+06	5.1865820096e-02	1.7620594285e+02
9.8792576833e+06	5.1617544882e-02	1.7645554410e+02
9.8792576833e+06	5.1362877602e-02	1.7671779297e+02
9.8792576833e+06	5.1101491560e-02	1.7699319058e+02
9.8792576833e+06	5.0833218598e-02	1.7728204128e+02
9.8792576833e+06	5.0557903458e-02	1.7758458719e+02
9.8792576833e+06	5.0275347279e-02	1.7790106522e+02
9.8792576833e+06	4.9985655806e-02	1.7823137915e+02
9.8792576833e+06	4.9803557594e-02	1.7845640137e+02
9.8792576833e+06	4.9800232125e-02	1.7848800027e+02
9.8792576833e+06	4.9756804601e-02	1.7859241354e+02
9.8792576833e+06	4.9585246915e-02	1.7890635713e+02
9.8792576833e+06	4.9395497105e-02	1.7920696893e+02
9.8792576833e+06	4.9201569500e-02	1.7948491706e+02
9.8772388050e+06	4.9067675707e-02	1.7979113796e+02
9.8772388050e+06	4.9189779059e-02	1.7963337513e+02
9.8772388050e+06	4.9204543975e-02	1.7961868702e+02
9.8772388050e+06	4.9204074570e-02	1.7961937682e+02
9.8772388050e+06	4.9199558067e-02	1.7962324064e+02
9.8772388050e+06	4.9189902964e-02	1.7963117601e+02
9.8772388050e+06	4.9172413109e-02	1.7964528815e+02
9.8772388050e+06	4.9142648055e-02	1.7966893521e+02
9.8772388050e+06	4.9093627463e-02	1.7970701325e+02
9.8772388050e+06	4.9013997316e-02	1.7976689249e+02
9.8772388050e+06	4.8931922402e-02	1.7982608016e+02
9.8772388050e+06	4.8847602191e-02	1.7988373276e+02
9.8772388050e+06	4.8760804466e-02	1.7994262847e+02
9.8772388050e+06	4.8671636547e-02	1.7999376978e+02
9.8772388050e+06	4.8580084161e-02	1.8004408757e+02
9.8766961422e+06	4.8437304580e-02	1.8017825568e+02
9.8766961422e+06	4.8031121056e-02	1.8058623546e+02
9.8766961422e+06	4.6997023655e-02	1.8172262077e+02
9.8766961422e+06	4.6268031874e-02	1.8275482710e+02
9.8766961422e+06	4.5375982414e-02	1.8399744022e+02
9.8766961422e+06	4.4763514565e-02	1.8485884724e+02
9.8766961422e+06	4.4907061940e-02	1.8463488071e+02
9.8766961422e+06	4.5236980943e-02	1.8416485662e+02
9.8766961422e+06	4.5571009225e-02	1.8369419486e+02
9.8766961422e+06	4.5738899183e-02	1.8344014414e+02
9.8766961422e+06	4.5454205339e-02	1.8377109957e+02
9.8766961422e+06	4.5082637518e-02	1.8422981292e+02
9.8766961422e+06	4.4699430512e-02	1.8472293899e+02
9.8766961422e+06	4.4316485564e-02	1.8523581681e+02
9.8766961422e+06	4.3933750879e-02	1.8576881226e+02
9.8766961422e+06	4.3551399537e-02	1.8632150272e+02
9.8766961422e+06	4.3169544121e-02	1.8689319610e+02
9.8766961422e+06	4.2788036169e-02	1.8748336835e+02
9.8766961422e+06	4.2406527180e-02	1.8809172802e+02
9.8766961422e+06	4.2025619475e-02	1.8871651064e+02
9.8766961422e+06	4.1644900372e-02	1.8935759613e+02
9.8766961422e+06	4.1264500674e-02	1.9001414772e+02
9.8766961422e+06	4.0884151518e-02	1.9068616484e+02
9.8766961422e+06	4.0504181104e-02	1.9137284728e+02
9.8766961422e+06	4.0124095535e-02	1.9207523936e+02
9.8766961422e+06	3.9744230184e-02	1.9279386181e+02
9.8766961422e+06	3.9364331844e-02	1.9352349623e+02
9.8766961422e+06	3.8984640049e-02	1.9427270015e+02
9.8766961422e+06	3.8604552538e-02	1.9503884196e+02
9.8766961422e+06	3.8224790722e-02	1.9582210023e+02
9.8766961422e+06	3.7844933575e-02	1.9662415003e+02
9.8766961422e+06	3.7464729862e-02	1.9744649728e+02
9.8755664433e+06	3.7084350569e-02	1.9836016681e+02
9.8755664433e+06	3.6759427521e-02	1.9911419474e+02
9.8755664433e+06	3.6698189906e-02	1.9925642796e+02
9.8755664433e+06	3.6635509113e-02	1.9940529815e+02
9.8755664433e+06	3.6575866286e-02	1.9955765718e+02
9.8755664433e+06	3.6515156611e-02	1.9970022852e+02
9.8755664433e+06	3.6505887076e-02	1.9972189449e+02
9.8755664433e+06	3.6508797179e-02	1.9971502664e+02
9.8755664433e+06	3.6523545975e-02	1.9968042678e+02
9.8755664433e+06	3.6554597541e-02	1.9960771676e+02
9.8755664433e+06	3.6610216076e-02	1.9947780788e+02
9.8755664433e+06	3.6704066049e-02	1.9925948768e+02
9.8755664433e+06	3.6856436652e-02	1.9890722135e+02
9.8755664433e+06	3.7077452156e-02	1.9840052318e+02
9.8755664433e+06	3.7295922581e-02	1.9790444938e+02
9.8755664433e+06	3.7511795480e-02	1.9741835397e+02
9.8755664433e+06	3.7725115237e-02	1.9694125813e+02
9.8755664433e+06	3.7935934862e-02	1.9647225664e+02
9.8755664433e+06	3.8144196977e-02	1.9600960756e+02
9.8755664433e+06	3.8349890561e-02	1.9555557216e+02
9.8737059941e+06	3.8553300143e-02	1.9521844981e+02
9.8737059941e+06	3.8234361704e-02	1.9585160667e+02
9.8737059941e+06	3.8263165504e-02	1.9574968000e+02
9.8737059941e+06	3.7720138165e-02	1.9682203382e+02
9.8737059941e+06	3.7118877494e-02	1.9813979420e+02
9.8737059941e+06	3.6417130249e-02	1.9985088143e+02
9.8737059941e+06	3.5717832697e-02	2.0160468379e+02
9.8737059941e+06	3.5027055660e-02	2.0339953482e+02
9.8737059941e+06	3.4781706917e-02	2.0405181961e+02
9.8737059941e+06	3.4666292508e-02	2.0435737092e+02
9.8737059941e+06	3.4560945484e-02	2.0463366774e+02
9.8737059941e+06	3.4402469303e-02	2.0505237880e+02
9.8737059941e+06	3.4157634627e-02	2.0570820551e+02
9.8737059941e+06	3.3780035982e-02	2.0674194410e+02
9.8737059941e+06	3.2980841399e-02	2.0905366979e+02
9.8737059941e+06	3.1849764337e-02	2.1261664738e+02
9.8737059941e+06	3.1008603173e-02	2.1549183928e+02
9.8737059941e+06	3.0374644408e-02	2.1779809786e+02
9.8737059941e+06	2.9890261888e-02	2.1964683513e+02
9.8737059941e+06	2.9516505129e-02	2.2112748881e+02
9.8737059941e+06	2.9225742987e-02	2.2231336308e+02
9.8737059941e+06	2.8769756815e-02	2.2423550188e+02
9.8737059941e+06	2.8063545116e-02	2.2737116211e+02
9.8737059941e+06	2.7529006558e-02	2.2988111394e+02
9.8737059941e+06	2.7119607698e-02	2.3188792651e+02
9.8737059941e+06	2.6803070221e-02	2.3349212821e+02
9.8737059941e+06	2.6556531989e-02	2.3477448761e+02
9.8737059941e+06	2.6169977938e-02	2.3684514966e+02
9.8737059941e+06	2.5571073984e-02	2.4020481832e+02
9.8737059941e+06	2.5116350086e-02	2.4288533912e+02
9.8737059941e+06	2.4767356987e-02	2.4502240483e+02
9.8737059941e+06	2.4497216180e-02	2.4672608025e+02
9.8737059941e+06	2.4286680738e-02	2.4808467953e+02
9.8737059941e+06	2.3956291615e-02	2.5027269449e+02
9.8737059941e+06	2.3444112485e-02	2.5380516207e+02
9.8737059941e+06	2.3055366900e-02	2.5660555987e+02
9.8737059941e+06	2.2757004021e-02	2.5882763553e+02
9.8737059941e+06	2.2525406231e-02	2.6059745763e+02
9.8737059941e+06	2.2163280558e-02	2.6344597328e+02
9.8737059941e+06	2.1604810872e-02	2.6804134133e+02
9.8737059941e+06	2.1184396755e-02	2.7167052957e+02
9.8737059941e+06	2.0863553334e-02	2.7454270807e+02
9.8737059941e+06	2.0616281492e-02	2.7681890587e+02
9.8737059941e+06	2.0424560891e-02	2.7862224615e+02
9.8737059941e+06	2.0125005241e-02	2.8150879609e+02
9.8737059941e+06	1.9663332539e-02	2.8612766383e+02
9.8737059941e+06	1.9314833021e-02	2.8975623515e+02
9.8737059941e+06	1.9048157675e-02	2.9261823808e+02
9.8737059941e+06	1.8842093801e-02	2.9488183169e+02
9.8737059941e+06	1.8681851593e-02	2.9667411962e+02
9.8737059941e+06	1.8430985743e-02	2.9953733852e+02
9.8737059941e+06	1.8043456869e-02	3.0410169423e+02
9.8737059941e+06	1.7750648950e-02	3.0766784028e+02
9.8737059941e+06	1.7526513967e-02	3.1046781038e+02
9.8737059941e+06	1.7353265774e-02	3.1267471807e+02
9.8737059941e+06	1.7218366428e-02	3.1441929903e+02
9.8737059941e+06	1.7006783906e-02	3.1720238672e+02
9.8737059941e+06	1.6678988467e-02	3.2162968308e+02
9.8737059941e+06	1.6430255508e-02	3.2508536571e+02
9.8737059941e+06	1.6239371754e-02	3.2779491181e+02
9.8737059941e+06	1.6091501130e-02	3.2992888473e+02
9.8737059941e+06	1.5860446511e-02	3.3332539291e+02
9.8737059941e+06	1.5567678024e-02	3.3774041128e+02
9.8737059941e+06	1.5345274554e-02	3.4117946410e+02
9.8737059941e+06	1.5174275935e-02	3.4387460169e+02
9.8737059941e+06	1.5041634757e-02	3.4599617900e+02
9.8737059941e+06	1.4834364660e-02	3.4936634755e+02
9.8737059941e+06	1.4590804650e-02	3.5341396687e+02
9.8737059941e+06	1.4404884172e-02	3.5656852429e+02
9.8737059941e+06	1.4261478059e-02	3.5904065946e+02
9.8737059941e+06	1.4150021428e-02	3.6098574866e+02
9.8737059941e+06	1.3975543815e-02	3.6407269258e+02
9.8737059941e+06	1.3770004093e-02	3.6777627287e+02
9.8737059941e+06	1.3573074518e-02	3.7139391648e+02
9.8737059941e+06	1.3422016145e-02	3.7421556070e+02
9.8737059941e+06	1.3305045724e-02	3.7642864282e+02
9.8737059941e+06	1.3126749678e-02	3.7984976896e+02
9.8737059941e+06	1.2955418689e-02	3.8319262097e+02
9.8737059941e+06	1.2823626370e-02	3.8580145784e+02
9.8737059941e+06	1.2721324251e-02	3.8784919514e+02
9.8737059941e+06	1.2565160425e-02	3.9101354019e+02
9.8737059941e+06	1.2415039748e-02	3.9410005915e+02
9.8737059941e+06	1.2270710632e-02	3.9710918641e+02
9.8737059941e+06	1.2159662830e-02	3.9945261423e+02
9.8737059941e+06	1.2073494344e-02	4.0128803637e+02
9.8737059941e+06	1.1941965003e-02	4.0411846347e+02
9.8737059941e+06	1.1815233867e-02	4.0687913543e+02
9.8737059941e+06	1.1693081274e-02	4.0957144135e+02
9.8737059941e+06	1.1598827331e-02	4.1167013898e+02
9.8737059941e+06	1.1484212345e-02	4.1424727177e+02
9.8737059941e+06	1.1374008860e-02	4.1675156476e+02
9.8737059941e+06	1.1266971895e-02	4.1920874247e+02
9.8737059941e+06	1.1163466556e-02	4.2160841596e+02
9.8737059941e+06	1.1063326513e-02	4.2395228844e+02
9.8737059941e+06	1.0966402131e-02	4.2624188040e+02
9.8737059941e+06	1.0872558095e-02	4.2847853463e+02
9.8737059941e+06	1.0781660178e-02	4.3066371449e+02
9.8737059941e+06	1.0693589887e-02	4.3279864320e+02
9.8737059941e+06	1.0608230035e-02	4.3488463589e+02
9.8737059941e+06	1.0525478701e-02	4.3692275105e+02
9.8737059941e+06	1.0445238060e-02	4.3891404903e+02
9.8737059941e+06	1.0367405940e-02	4.4085979714e+02
9.8737059941e+06	1.0291944342e-02	4.4275974400e+02
9.8737059941e+06	1.0218785942e-02	4.4461442884e+02
9.8737059941e+06	1.0147840779e-02	4.4642504080e+02
9.8737059941e+06	1.0079030503e-02	4.4819255500e+02
9.8737059941e+06	1.0012274276e-02	4.4991808268e+02
9.8737059941e+06	9.9474975851e-03	4.5160264234e+02
