R_int	Phi_global	P_surf
9.6104854861e+06	1.0000000000e+00	9.9330273051e+03
9.6104854861e+06	1.0000000000e+00	9.9329419571e+03
9.6104854861e+06	1.0000000000e+00	9.9329419519e+03
9.6104854861e+06	1.0000000000e+00	9.9329419519e+03
9.6104854861e+06	1.0000000000e+00	1.0164290276e+04
9.6104854861e+06	1.0000000000e+00	1.0162508569e+04
9.6104854861e+06	1.0000000000e+00	1.0160746567e+04
9.6104854861e+06	1.0000000000e+00	1.0143138657e+04
9.6104854861e+06	1.0000000000e+00	1.0114788043e+04
9.6104854861e+06	1.0000000000e+00	1.0069564892e+04
9.6104854861e+06	1.0000000000e+00	9.9975451619e+03
9.6104854861e+06	1.0000000000e+00	9.8831692526e+03
9.6104854861e+06	1.0000000000e+00	9.7023500127e+03
9.6104854861e+06	1.0000000000e+00	9.4206221334e+03
9.6104854861e+06	1.0000000000e+00	8.9763320298e+03
9.6104854861e+06	1.0000000000e+00	8.2841647926e+03
9.6104854861e+06	1.0000000000e+00	7.2349682904e+03
9.6104854861e+06	1.0000000000e+00	5.8935570833e+03
9.6104854861e+06	1.0000000000e+00	5.0735845450e+03
9.5221421215e+06	1.0000000000e+00	4.5242184931e+03
9.5221421215e+06	1.0000000000e+00	4.1965668544e+03
9.5221421215e+06	1.0000000000e+00	4.0569401978e+03
9.5221421215e+06	1.0000000000e+00	3.9499392038e+03
9.5221421215e+06	1.0000000000e+00	3.7873916912e+03
9.5221421215e+06	1.0000000000e+00	3.5432108889e+03
9.5221421215e+06	1.0000000000e+00	3.1887514274e+03
9.4610057988e+06	1.0000000000e+00	2.9360236922e+03
9.4610057988e+06	1.0000000000e+00	2.7023419555e+03
9.4610057988e+06	9.9983272356e-01	2.5572793061e+03
9.4610057988e+06	9.9976558536e-01	2.5534168864e+03
9.4610057988e+06	9.9971164177e-01	2.5536807212e+03
9.4610057988e+06	9.9965730387e-01	2.5541066884e+03
9.4610057988e+06	9.9960228335e-01	2.5547177682e+03
9.4610057988e+06	9.9954705700e-01	2.5555036273e+03
9.4610057988e+06	9.9949169961e-01	2.5564410967e+03
9.4610057988e+06	9.9943551745e-01	2.5575075855e+03
9.4610057988e+06	9.9937909861e-01	2.5586839621e+03
9.4610057988e+06	9.9932248662e-01	2.5599553648e+03
9.4610057988e+06	9.9926541871e-01	2.5613102684e+03
9.4610057988e+06	9.9920761258e-01	2.5627395627e+03
9.4610057988e+06	9.9914958761e-01	2.5642355702e+03
9.4610057988e+06	9.9909133867e-01	2.5657921759e+03
9.4610057988e+06	9.9903268595e-01	2.5674043359e+03
9.4610057988e+06	9.9897316256e-01	2.5690679090e+03
9.4610057988e+06	9.9891236691e-01	2.5707793269e+03
9.4610057988e+06	9.9885125609e-01	2.5725349252e+03
9.4610057988e+06	9.9878989959e-01	2.5743317973e+03
9.4610057988e+06	9.9872755420e-01	2.5761676869e+03
9.4610057988e+06	9.9866484068e-01	2.5780400147e+03
9.4610057988e+06	9.9860187191e-01	2.5799466048e+03
9.4610057988e+06	9.9853864562e-01	2.5818854949e+03
9.4610057988e+06	9.9847464791e-01	2.5838550708e+03
9.4610057988e+06	9.9840947050e-01	2.5858537936e+03
9.4610057988e+06	9.9834344256e-01	2.5878798660e+03
9.4610057988e+06	9.9827714611e-01	2.5899314822e+03
9.4610057988e+06	9.9821003365e-01	2.5920073634e+03
9.4610057988e+06	9.9814224659e-01	2.5941059993e+03
9.4610057988e+06	9.9807339603e-01	2.5962261568e+03
9.4610057988e+06	9.9800316824e-01	2.5983666745e+03
9.4610057988e+06	9.9793250146e-01	2.6005259219e+03
9.4610057988e+06	9.9786155391e-01	2.6027027516e+03
9.4610057988e+06	9.9779032404e-01	2.6048962607e+03
9.4610057988e+06	9.9771881012e-01	2.6071058003e+03
9.4610057988e+06	9.9764701046e-01	2.6093310542e+03
9.4610057988e+06	9.9757492339e-01	2.6115721464e+03
9.4610057988e+06	9.9750254717e-01	2.6138297608e+03
9.4610057988e+06	9.9742988007e-01	2.6161052795e+03
9.4610057988e+06	9.9735692061e-01	2.6184009232e+03
9.4610057988e+06	9.9728366647e-01	2.6207199302e+03
9.4610057988e+06	9.9721011639e-01	2.6230666332e+03
9.4610057988e+06	9.9713626827e-01	2.6254466295e+03
9.4610057988e+06	9.9706211994e-01	2.6278668193e+03
9.4610057988e+06	9.9698766980e-01	2.6303354086e+03
9.4610057988e+06	9.9691291623e-01	2.6328618827e+03
9.4610057988e+06	9.9683785695e-01	2.6354569126e+03
9.4610057988e+06	9.9676248999e-01	2.6381321631e+03
9.4610057988e+06	9.9668681331e-01	2.6409000802e+03
9.4610057988e+06	9.9661082488e-01	2.6437736237e+03
9.4610057988e+06	9.9653452265e-01	2.6467659613e+03
9.4610057988e+06	9.9645790435e-01	2.6498901357e+03
9.4610057988e+06	9.9638096744e-01	2.6531587070e+03
9.4610057988e+06	9.9630371085e-01	2.6565833034e+03
9.4610057988e+06	9.9622613195e-01	2.6601742687e+03
9.4610057988e+06	9.9614822880e-01	2.6639401807e+03
9.4610057988e+06	9.9606999963e-01	2.6678874470e+03
9.4610057988e+06	9.9599144199e-01	2.6720199647e+03
9.4610057988e+06	9.9591255421e-01	2.6763388695e+03
9.4610057988e+06	9.9583333405e-01	2.6808424281e+03
9.4610057988e+06	9.9575377945e-01	2.6855260773e+03
9.4610057988e+06	9.9567388905e-01	2.6903826383e+03
9.4610057988e+06	9.9559366004e-01	2.6954027168e+03
9.4610057988e+06	9.9551309085e-01	2.7005750998e+03
9.4610057988e+06	9.9543217872e-01	2.7058872841e+03
9.4610057988e+06	9.9535092244e-01	2.7113259147e+03
9.4610057988e+06	9.9526931908e-01	2.7168773490e+03
9.4610057988e+06	9.9518736686e-01	2.7225280031e+03
9.4610057988e+06	9.9510506328e-01	2.7282647152e+03
9.4610057988e+06	9.9502240625e-01	2.7340749423e+03
9.4610057988e+06	9.9493939342e-01	2.7399470128e+03
9.4610057988e+06	9.9485602239e-01	2.7458701751e+03
9.4610057988e+06	9.9477229073e-01	2.7518346527e+03
9.4610057988e+06	9.9468819580e-01	2.7578316397e+03
9.4610057988e+06	9.9460373504e-01	2.7638532611e+03
9.4610057988e+06	9.9451890579e-01	2.7698925086e+03
9.4610057988e+06	9.9443370514e-01	2.7759431635e+03
9.4610057988e+06	9.9434812996e-01	2.7819997122e+03
9.4610057988e+06	9.9426217697e-01	2.7880572623e+03
9.4610057988e+06	9.9417584393e-01	2.7941114800e+03
9.4610057988e+06	9.9408913013e-01	2.8001587472e+03
9.4610057988e+06	9.9400203376e-01	2.8061985037e+03
9.4610057988e+06	9.9391455119e-01	2.8122598027e+03
9.4610057988e+06	9.9382667679e-01	2.8186897422e+03
9.4610057988e+06	9.9376440309e-01	2.8291952649e+03
9.4610057988e+06	9.9375970418e-01	2.8339919455e+03
9.4610057988e+06	9.9375498896e-01	2.8409179279e+03
9.4610057988e+06	9.9375026160e-01	2.8507101109e+03
9.4610057988e+06	9.9374553551e-01	2.8629306638e+03
9.4610057988e+06	9.9374083283e-01	2.8753225398e+03
9.4610057988e+06	9.9373615355e-01	2.8841172107e+03
9.4610057988e+06	9.9373149356e-01	2.8891637958e+03
9.4610057988e+06	9.9372684885e-01	2.8919549924e+03
9.4610057988e+06	9.9372221883e-01	2.8937229561e+03
9.4610057988e+06	9.9371759203e-01	2.8950169380e+03
9.4610057988e+06	9.9371296736e-01	2.8960929157e+03
9.4610057988e+06	9.9370835713e-01	2.8970915700e+03
9.4610057988e+06	9.9370375299e-01	2.8980108597e+03
9.4610057988e+06	9.9369915097e-01	2.8988489860e+03
9.4610057988e+06	9.9369455794e-01	2.8996186714e+03
9.4610057988e+06	9.9368997912e-01	2.9002729790e+03
9.4610057988e+06	9.9368541299e-01	2.9006679046e+03
9.4610057988e+06	9.9368087728e-01	2.9005564531e+03
9.4610057988e+06	9.9367640967e-01	2.8993052349e+03
9.4610057988e+06	9.9367229363e-01	2.8959236131e+03
9.4610057988e+06	9.9366907286e-01	2.8898945049e+03
9.4610057988e+06	9.9366656164e-01	2.8798065195e+03
9.4610057988e+06	9.9366451759e-01	2.8633329461e+03
9.4610057988e+06	9.9366283505e-01	2.8367687878e+03
9.4610057988e+06	9.9366178959e-01	2.7942990453e+03
9.4610057988e+06	9.9366195507e-01	2.7269660574e+03
9.4610057988e+06	9.9362926750e-01	2.6212575927e+03
9.4610057988e+06	9.9343548006e-01	2.5561531781e+03
9.4610057988e+06	9.9338069738e-01	2.5564867033e+03
9.4610057988e+06	9.9332530127e-01	2.5570012863e+03
9.4610057988e+06	9.9326912800e-01	2.5577261114e+03
9.4610057988e+06	9.9321282731e-01	2.5586428859e+03
9.4610057988e+06	9.9315616444e-01	2.5597218221e+03
9.4610057988e+06	9.9309876315e-01	2.5609360429e+03
9.4610057988e+06	9.9304116325e-01	2.5622640862e+03
9.4610057988e+06	9.9298335474e-01	2.5636897741e+03
9.4610057988e+06	9.9292460763e-01	2.5652009962e+03
9.4610057988e+06	9.9286553233e-01	2.5667877566e+03
9.4610057988e+06	9.9280622555e-01	2.5684422323e+03
9.4610057988e+06	9.9274668300e-01	2.5701580670e+03
9.4610057988e+06	9.9268605760e-01	2.5719303401e+03
9.4610057988e+06	9.9262427079e-01	2.5737546171e+03
9.4610057988e+06	9.9256197382e-01	2.5756267683e+03
9.4610057988e+06	9.9249942413e-01	2.5775433442e+03
9.4610057988e+06	9.9243584992e-01	2.5795017363e+03
9.4610057988e+06	9.9237188659e-01	2.5814990327e+03
9.4610057988e+06	9.9230766121e-01	2.5835328014e+03
9.4610057988e+06	9.9224317170e-01	2.5856008629e+03
9.4610057988e+06	9.9217768448e-01	2.5877015382e+03
9.4610057988e+06	9.9211085886e-01	2.5898330948e+03
9.4610057988e+06	9.9204344947e-01	2.5919934380e+03
9.4610057988e+06	9.9197576556e-01	2.5941807443e+03
9.4610057988e+06	9.9190683916e-01	2.5963938252e+03
9.4610057988e+06	9.9183733727e-01	2.5986308425e+03
9.4610057988e+06	9.9176634354e-01	2.6008907075e+03
9.4610057988e+06	9.9169439972e-01	2.6031717573e+03
9.4610057988e+06	9.9162217078e-01	2.6054723650e+03
9.4610057988e+06	9.9154965545e-01	2.6077912809e+03
9.4610057988e+06	9.9147685174e-01	2.6101274253e+03
9.4610057988e+06	9.9140375767e-01	2.6124799185e+03
9.4610057988e+06	9.9133037166e-01	2.6148481400e+03
9.4610057988e+06	9.9125669257e-01	2.6172318229e+03
9.4610057988e+06	9.9118271791e-01	2.6196312251e+03
9.4610057988e+06	9.9110844586e-01	2.6220471912e+03
9.4610057988e+06	9.9103387504e-01	2.6244813103e+03
9.4610057988e+06	9.9095900389e-01	2.6269361022e+03
9.4610057988e+06	9.9088382971e-01	2.6294151839e+03
9.4610057988e+06	9.9080835121e-01	2.6319233431e+03
9.4610057988e+06	9.9073256569e-01	2.6344667303e+03
9.4610057988e+06	9.9065647143e-01	2.6370528397e+03
9.4610057988e+06	9.9058006661e-01	2.6396905516e+03
9.4610057988e+06	9.9050334837e-01	2.6423900985e+03
9.4610057988e+06	9.9042631516e-01	2.6451628393e+03
9.4610057988e+06	9.9034896435e-01	2.6480211422e+03
9.4610057988e+06	9.9027129367e-01	2.6509780703e+03
9.4610057988e+06	9.9019329897e-01	2.6540470867e+03
9.4610057988e+06	9.9011497986e-01	2.6572416381e+03
9.4610057988e+06	9.9003633361e-01	2.6605748385e+03
9.4610057988e+06	9.8995735723e-01	2.6640589978e+03
9.4610057988e+06	9.8987805039e-01	2.6677051232e+03
9.4610057988e+06	9.8979840939e-01	2.6715225419e+03
9.4610057988e+06	9.8971843344e-01	2.6755184033e+03
9.4610057988e+06	9.8963812006e-01	2.6796973095e+03
9.4610057988e+06	9.8955746725e-01	2.6840610577e+03
9.4610057988e+06	9.8947647366e-01	2.6886084893e+03
9.4610057988e+06	9.8939513649e-01	2.6933355223e+03
9.4610057988e+06	9.8931345455e-01	2.6982353834e+03
9.4610057988e+06	9.8923142547e-01	2.7032988640e+03
9.4610057988e+06	9.8914904776e-01	2.7085149055e+03
9.4610057988e+06	9.8906631854e-01	2.7138710578e+03
9.4610057988e+06	9.8898323627e-01	2.7193539392e+03
9.4610057988e+06	9.8889979882e-01	2.7249498566e+03
9.4610057988e+06	9.8881600379e-01	2.7306451587e+03
9.4610057988e+06	9.8873184851e-01	2.7364266086e+03
9.4610057988e+06	9.8864733077e-01	2.7422816522e+03
9.4610057988e+06	9.8856244809e-01	2.7481986005e+03
9.4610057988e+06	9.8847719735e-01	2.7541667378e+03
9.4610057988e+06	9.8839157591e-01	2.7601763734e+03
9.4610057988e+06	9.8830558098e-01	2.7662188016e+03
9.4610057988e+06	9.8821920938e-01	2.7722862799e+03
9.4610057988e+06	9.8813245707e-01	2.7783719872e+03
9.4610057988e+06	9.8804532022e-01	2.7844699001e+03
9.4610057988e+06	9.8795779595e-01	2.7905747250e+03
9.4610057988e+06	9.8786988573e-01	2.7966817719e+03
9.4610057988e+06	9.8778158788e-01	2.8027868924e+03
9.4610057988e+06	9.8769290021e-01	2.8088864394e+03
9.4610057988e+06	9.8760382168e-01	2.8149773425e+03
9.4610057988e+06	9.8751434677e-01	2.8210590597e+03
9.4610057988e+06	9.8742447603e-01	2.8271552449e+03
9.4610057988e+06	9.8733419547e-01	2.8335497957e+03
9.4610057988e+06	9.8726332521e-01	2.8432890909e+03
9.4610057988e+06	9.8725838328e-01	2.8483840972e+03
9.4610057988e+06	9.8725343688e-01	2.8548440377e+03
9.4610057988e+06	9.8724846567e-01	2.8640210908e+03
9.4610057988e+06	9.8724349294e-01	2.8755849873e+03
9.4610057988e+06	9.8723855113e-01	2.8877739367e+03
9.4610057988e+06	9.8723365391e-01	2.8967919121e+03
9.4610057988e+06	9.8722879459e-01	2.9021051711e+03
9.4610057988e+06	9.8722395939e-01	2.9050438077e+03
9.4610057988e+06	9.8721914426e-01	2.9069202492e+03
9.4610057988e+06	9.8721433507e-01	2.9082796992e+03
9.4610057988e+06	9.8720953039e-01	2.9094053402e+03
9.4610057988e+06	9.8720473558e-01	2.9104376496e+03
9.4610057988e+06	9.8719994908e-01	2.9113993920e+03
9.4610057988e+06	9.8719516751e-01	2.9122785396e+03
9.4610057988e+06	9.8719039675e-01	2.9130837404e+03
9.4610057988e+06	9.8718564886e-01	2.9137902067e+03
9.4610057988e+06	9.8718092576e-01	2.9142513069e+03
9.4610057988e+06	9.8717625437e-01	2.9142411934e+03
9.4610057988e+06	9.8717170659e-01	2.9131723748e+03
9.4610057988e+06	9.8716741272e-01	2.9098546337e+03
9.4610057988e+06	9.8716429878e-01	2.9038497022e+03
9.4610057988e+06	9.8716218746e-01	2.8937634871e+03
9.4610057988e+06	9.8716088202e-01	2.8772678055e+03
9.4610057988e+06	9.8716041516e-01	2.8506545235e+03
9.4610057988e+06	9.8716094894e-01	2.8081004050e+03
9.4610057988e+06	9.8716370622e-01	2.7406087866e+03
9.4610057988e+06	9.8714981481e-01	2.6346767631e+03
9.4050638781e+06	9.8702272346e-01	2.5699387201e+03
9.4050638781e+06	9.8297036878e-01	2.5601247511e+03
9.4050638781e+06	9.8296488672e-01	2.5601158877e+03
9.4050638781e+06	9.8296304614e-01	2.5600255573e+03
9.4050638781e+06	9.8296305944e-01	2.5601088213e+03
9.4050638781e+06	9.8296276985e-01	2.5609856452e+03
9.4050638781e+06	9.8296160990e-01	2.5634364576e+03
9.4050638781e+06	9.8296003559e-01	2.5663097008e+03
9.4050638781e+06	9.8295842634e-01	2.5685191643e+03
9.4050638781e+06	9.8295704494e-01	2.5701788946e+03
9.4050638781e+06	9.8295574511e-01	2.5714543052e+03
9.4050638781e+06	9.8295447451e-01	2.5725338451e+03
9.4050638781e+06	9.8295378782e-01	2.5735289048e+03
9.4050638781e+06	9.8295420271e-01	2.5744695752e+03
9.4050638781e+06	9.8295619465e-01	2.5752641940e+03
9.4050638781e+06	9.8295879485e-01	2.5757299737e+03
9.4050638781e+06	9.8296172753e-01	2.5760428722e+03
9.4050638781e+06	9.8296488391e-01	2.5762836399e+03
9.4050638781e+06	9.8296813654e-01	2.5764732301e+03
9.4050638781e+06	9.8297147656e-01	2.5766233051e+03
9.4050638781e+06	9.8297485678e-01	2.5767507878e+03
9.4050638781e+06	9.8297827604e-01	2.5768591761e+03
9.4050638781e+06	9.8298175390e-01	2.5769481385e+03
9.4050638781e+06	9.8298525189e-01	2.5770263097e+03
9.4050638781e+06	9.8298876767e-01	2.5770951554e+03
9.4050638781e+06	9.8299232387e-01	2.5771527393e+03
9.4050638781e+06	9.8299589914e-01	2.5772031107e+03
9.4050638781e+06	9.8299948608e-01	2.5772477683e+03
9.4050638781e+06	9.8300308913e-01	2.5772867245e+03
9.4050638781e+06	9.8300672389e-01	2.5773191586e+03
9.4050638781e+06	9.8301036734e-01	2.5773476942e+03
9.4050638781e+06	9.8301401926e-01	2.5773725613e+03
9.4050638781e+06	9.8301768764e-01	2.5773935068e+03
9.4050638781e+06	9.8302138052e-01	2.5774104842e+03
9.4050638781e+06	9.8302508051e-01	2.5774247091e+03
9.4050638781e+06	9.8302878777e-01	2.5774362680e+03
9.4050638781e+06	9.8307398079e-01	2.5774447952e+03
9.4050638781e+06	9.8314944169e-01	2.5773989900e+03
9.4050638781e+06	9.8322479775e-01	2.5773212050e+03
9.4050638781e+06	9.8330001136e-01	2.5772169118e+03
9.4050638781e+06	9.8337508279e-01	2.5770895488e+03
9.4050638781e+06	9.8345002609e-01	2.5769412673e+03
9.4050638781e+06	9.8352483145e-01	2.5767742110e+03
9.4050638781e+06	9.8359951987e-01	2.5765972485e+03
9.4050638781e+06	9.8367415085e-01	2.5764145596e+03
9.4050638781e+06	9.8374896018e-01	2.5762272482e+03
9.4050638781e+06	9.8382395238e-01	2.5760355956e+03
9.4050638781e+06	9.8389932799e-01	2.5758390022e+03
9.4050638781e+06	9.8396541077e-01	2.5756632506e+03
9.4050638781e+06	9.8401808621e-01	2.5755207491e+03
9.4050638781e+06	9.8406283293e-01	2.5753972777e+03
9.4050638781e+06	9.8410048497e-01	2.5752911031e+03
9.4050638781e+06	9.8413107267e-01	2.5752028075e+03
9.4050638781e+06	9.8415682268e-01	2.5751256192e+03
9.4050638781e+06	9.8417815841e-01	2.5750583753e+03
9.4050638781e+06	9.8419493385e-01	2.5750028168e+03
9.4050638781e+06	9.8420868226e-01	2.5749540053e+03
9.4050638781e+06	9.8421993386e-01	2.5749104759e+03
9.4050638781e+06	9.8422897097e-01	2.5748720572e+03
9.4050638781e+06	9.8423612896e-01	2.5748386891e+03
9.4050638781e+06	9.8424188098e-01	2.5748080661e+03
9.4050638781e+06	9.8424638936e-01	2.5747798047e+03
9.4050638781e+06	9.8424982752e-01	2.5747542797e+03
9.4050638781e+06	9.8425240175e-01	2.5747312193e+03
9.4050638781e+06	9.8425417603e-01	2.5747095436e+03
9.4050638781e+06	9.8425521883e-01	2.5746891296e+03
9.4050638781e+06	9.8428418012e-01	2.5745989193e+03
9.4050638781e+06	9.8433403543e-01	2.5745139526e+03
9.4050638781e+06	9.8437788395e-01	2.5744417411e+03
9.4050638781e+06	9.8441716923e-01	2.5743790169e+03
9.4050638781e+06	9.8445281779e-01	2.5743236788e+03
9.4050638781e+06	9.8448546474e-01	2.5742742964e+03
9.4050638781e+06	9.8451554941e-01	2.5742298353e+03
9.4050638781e+06	9.8454339072e-01	2.5741895520e+03
9.4050638781e+06	9.8456922575e-01	2.5741529041e+03
9.4050638781e+06	9.8459323025e-01	2.5741194982e+03
9.4050638781e+06	9.8459747117e-01	2.5740965681e+03
9.4050638781e+06	9.8459513018e-01	2.5740782761e+03
9.4050638781e+06	9.8459167247e-01	2.5740614973e+03
9.4050638781e+06	9.8458701268e-01	2.5740467893e+03
9.4050638781e+06	9.8458104382e-01	2.5740350230e+03
9.4050638781e+06	9.8457359810e-01	2.5740276395e+03
9.4050638781e+06	9.8456444136e-01	2.5740272282e+03
9.4050638781e+06	9.8455289670e-01	2.5740393390e+03
9.4050638781e+06	9.8453760886e-01	2.5740791206e+03
9.4050638781e+06	9.8451736518e-01	2.5741983907e+03
9.4050638781e+06	9.8451725060e-01	2.5744679587e+03
9.4050638781e+06	9.8451155031e-01	2.5749612716e+03
9.4050638781e+06	9.8449251618e-01	2.5763679559e+03
9.4050638781e+06	9.8445028655e-01	2.5796518823e+03
9.4050638781e+06	9.8438447082e-01	2.5845355856e+03
9.4050638781e+06	9.8431783959e-01	2.5890714388e+03
9.4050638781e+06	9.8425085475e-01	2.5932750927e+03
9.4050638781e+06	9.8418260312e-01	2.5971771909e+03
9.4050638781e+06	9.8411348350e-01	2.6008327516e+03
9.4050638781e+06	9.8404345416e-01	2.6042626274e+03
9.4050638781e+06	9.8397269185e-01	2.6074342013e+03
9.4050638781e+06	9.8390107101e-01	2.6102791868e+03
9.4050638781e+06	9.8382849091e-01	2.6127171114e+03
9.4050638781e+06	9.8375481635e-01	2.6146759937e+03
9.4050638781e+06	9.8367977733e-01	2.6161083568e+03
9.4050638781e+06	9.8360372145e-01	2.6169940996e+03
9.4050638781e+06	9.8352658702e-01	2.6173118298e+03
9.4050638781e+06	9.8344839209e-01	2.6170973296e+03
9.4050638781e+06	9.8336868705e-01	2.6162073934e+03
9.4050638781e+06	9.8328709065e-01	2.6144170425e+03
9.4050638781e+06	9.8320250355e-01	2.6114384937e+03
9.4050638781e+06	9.8316157980e-01	2.6076891172e+03
9.4050638781e+06	9.8315505112e-01	2.6064609795e+03
9.4050638781e+06	9.8314833713e-01	2.6051358269e+03
9.4050638781e+06	9.8314142881e-01	2.6037090267e+03
9.4050638781e+06	9.8313414043e-01	2.6020819263e+03
9.4050638781e+06	9.8313134404e-01	2.6005249870e+03
9.4050638781e+06	9.8313503062e-01	2.6004845827e+03
9.4050638781e+06	9.8313873605e-01	2.6004446756e+03
9.4050638781e+06	9.8314244419e-01	2.6004037302e+03
9.4050638781e+06	9.8314615560e-01	2.6003617718e+03
9.4050638781e+06	9.8319133657e-01	2.6001545565e+03
9.4050638781e+06	9.8326670034e-01	2.5999248390e+03
9.4050638781e+06	9.8334189580e-01	2.5996908045e+03
9.4050638781e+06	9.8341697696e-01	2.5994586672e+03
9.4050638781e+06	9.8349201015e-01	2.5992276496e+03
9.4050638781e+06	9.8356710615e-01	2.5989965176e+03
9.4050638781e+06	9.8364238753e-01	2.5987636142e+03
9.4050638781e+06	9.8371811058e-01	2.5985266513e+03
9.4050638781e+06	9.8379476458e-01	2.5982823677e+03
9.4050638781e+06	9.8385615793e-01	2.5980817578e+03
9.4050638781e+06	9.8390360195e-01	2.5979220944e+03
9.4050638781e+06	9.8394167269e-01	2.5977896581e+03
9.4050638781e+06	9.8405144992e-01	2.5974444112e+03
9.4050638781e+06	9.8415383803e-01	2.5971941308e+03
9.4050638781e+06	9.8422569472e-01	2.5970292240e+03
9.4050638781e+06	9.8428200258e-01	2.5969075396e+03
9.4050638781e+06	9.8432890292e-01	2.5968119406e+03
9.4050638781e+06	9.8436941347e-01	2.5967340314e+03
9.4050638781e+06	9.8440520452e-01	2.5966690434e+03
9.4050638781e+06	9.8443729249e-01	2.5966141948e+03
9.4050638781e+06	9.8446633438e-01	2.5965677997e+03
9.4050638781e+06	9.8446754685e-01	2.5965392857e+03
9.4050638781e+06	9.8446391936e-01	2.5965182377e+03
9.4050638781e+06	9.8445887937e-01	2.5965038181e+03
9.4050638781e+06	9.8445230487e-01	2.5964996130e+03
9.4050638781e+06	9.8444390007e-01	2.5965118570e+03
9.4050638781e+06	9.8443333612e-01	2.5965517173e+03
9.4050638781e+06	9.8442002846e-01	2.5966412198e+03
9.4050638781e+06	9.8440208673e-01	2.5968435711e+03
9.4050638781e+06	9.8438837482e-01	2.5976381593e+03
9.4050638781e+06	9.8438236920e-01	2.5983811222e+03
9.4050638781e+06	9.8436307086e-01	2.5999427415e+03
9.4050638781e+06	9.8431886903e-01	2.6030449380e+03
9.4050638781e+06	9.8424857633e-01	2.6074211196e+03
9.4050638781e+06	9.8417878923e-01	2.6113515745e+03
9.4050638781e+06	9.8410865865e-01	2.6149871943e+03
9.4050638781e+06	9.8403735288e-01	2.6183594851e+03
9.4050638781e+06	9.8396536552e-01	2.6214298553e+03
9.4050638781e+06	9.8389258458e-01	2.6241265346e+03
9.4050638781e+06	9.8381893169e-01	2.6263725160e+03
9.4050638781e+06	9.8374390760e-01	2.6281069286e+03
9.4050638781e+06	9.8366800319e-01	2.6292971577e+03
9.4050638781e+06	9.8359122380e-01	2.6299287509e+03
9.4050638781e+06	9.8351362101e-01	2.6299992448e+03
9.4050638781e+06	9.8343491704e-01	2.6295017222e+03
9.4050638781e+06	9.8335483229e-01	2.6282283162e+03
9.4050638781e+06	9.8327271558e-01	2.6259368698e+03
9.4050638781e+06	9.8319269099e-01	2.6222822702e+03
9.4050638781e+06	9.8318491648e-01	2.6202303817e+03
9.4050638781e+06	9.8317865038e-01	2.6189877667e+03
9.4050638781e+06	9.8317222017e-01	2.6176476823e+03
9.4050638781e+06	9.8316561786e-01	2.6162051581e+03
9.4050638781e+06	9.8315862803e-01	2.6145519253e+03
9.4050638781e+06	9.8316005428e-01	2.6139883960e+03
9.4050638781e+06	9.8316369050e-01	2.6139341593e+03
9.4050638781e+06	9.8316733451e-01	2.6138788634e+03
9.4050638781e+06	9.8317098181e-01	2.6138219260e+03
9.4050638781e+06	9.8317463326e-01	2.6137633942e+03
9.4050638781e+06	9.8322611663e-01	2.6134748112e+03
9.4050638781e+06	9.8330124989e-01	2.6131574035e+03
9.4050638781e+06	9.8337629262e-01	2.6128306097e+03
9.4050638781e+06	9.8345133008e-01	2.6124990442e+03
9.4050638781e+06	9.8352649487e-01	2.6121599324e+03
9.4050638781e+06	9.8360201517e-01	2.6118087670e+03
9.4050638781e+06	9.8367830632e-01	2.6114382926e+03
9.4050638781e+06	9.8374620022e-01	2.6110895974e+03
9.4050638781e+06	9.8379403425e-01	2.6108277135e+03
9.4050638781e+06	9.8383071963e-01	2.6106141322e+03
9.4050638781e+06	9.8390133035e-01	2.6101763426e+03
9.4050638781e+06	9.8401886877e-01	2.6096796886e+03
9.4050638781e+06	9.8409980459e-01	2.6093571563e+03
9.4050638781e+06	9.8416033746e-01	2.6091341983e+03
9.4050638781e+06	9.8420878139e-01	2.6089719223e+03
9.4050638781e+06	9.8424945223e-01	2.6088500515e+03
9.4050638781e+06	9.8428468909e-01	2.6087571399e+03
9.4050638781e+06	9.8431582848e-01	2.6086871017e+03
9.4050638781e+06	9.8432173258e-01	2.6086456071e+03
9.4050638781e+06	9.8431608523e-01	2.6086280209e+03
9.4050638781e+06	9.8430850512e-01	2.6086350363e+03
9.4050638781e+06	9.8429853819e-01	2.6086831528e+03
9.4050638781e+06	9.8428555046e-01	2.6088027705e+03
9.4050638781e+06	9.8426855036e-01	2.6090522415e+03
9.4050638781e+06	9.8424491397e-01	2.6095758089e+03
9.4050638781e+06	9.8421463971e-01	2.6114802436e+03
9.4050638781e+06	9.8419709112e-01	2.6128803568e+03
9.4050638781e+06	9.8415508028e-01	2.6154989923e+03
9.4050638781e+06	9.8408243244e-01	2.6193528093e+03
9.4050638781e+06	9.8400993236e-01	2.6227411715e+03
9.4050638781e+06	9.8393696996e-01	2.6257215967e+03
9.4050638781e+06	9.8386282419e-01	2.6282489753e+03
9.4050638781e+06	9.8378771169e-01	2.6302662230e+03
9.4050638781e+06	9.8371164732e-01	2.6317352762e+03
9.4050638781e+06	9.8363496596e-01	2.6326436713e+03
9.4050638781e+06	9.8355758826e-01	2.6329758543e+03
9.4050638781e+06	9.8347951822e-01	2.6327716176e+03
9.4050638781e+06	9.8340035067e-01	2.6318985276e+03
9.4050638781e+06	9.8331987359e-01	2.6301315825e+03
9.4050638781e+06	9.8323699184e-01	2.6271858825e+03
9.4050638781e+06	9.8319323325e-01	2.6232524191e+03
9.4050638781e+06	9.8318697699e-01	2.6220161575e+03
9.4050638781e+06	9.8318055712e-01	2.6206824536e+03
9.4050638781e+06	9.8317396571e-01	2.6192466891e+03
9.4050638781e+06	9.8317362840e-01	2.6182698844e+03
9.4050638781e+06	9.8317715882e-01	2.6181867872e+03
9.4050638781e+06	9.8318069218e-01	2.6181003833e+03
9.4050638781e+06	9.8318422977e-01	2.6180107788e+03
9.4050638781e+06	9.8323275480e-01	2.6175670115e+03
9.4050638781e+06	9.8330748973e-01	2.6170625751e+03
9.4050638781e+06	9.8338227634e-01	2.6165191423e+03
9.4050638781e+06	9.8345730309e-01	2.6159328961e+03
9.4050638781e+06	9.8353294322e-01	2.6152821300e+03
9.4050638781e+06	9.8361030942e-01	2.6145201303e+03
9.4050638781e+06	9.8365552352e-01	2.6139975550e+03
9.4050638781e+06	9.8368658747e-01	2.6135837331e+03
9.4050638781e+06	9.8370943741e-01	2.6132345778e+03
9.4050638781e+06	9.8380054098e-01	2.6120951599e+03
9.4050638781e+06	9.8387692428e-01	2.6113104941e+03
9.4050638781e+06	9.8393630820e-01	2.6107439173e+03
9.4050638781e+06	9.8398516462e-01	2.6103514460e+03
9.4050638781e+06	9.8402653236e-01	2.6101110982e+03
9.4050638781e+06	9.8405937050e-01	2.6100009629e+03
9.4050638781e+06	9.8404383288e-01	2.6100204389e+03
9.4050638781e+06	9.8402390548e-01	2.6101583732e+03
9.4050638781e+06	9.8399812117e-01	2.6104827908e+03
9.4050638781e+06	9.8396415425e-01	2.6110967431e+03
9.4050638781e+06	9.8391535036e-01	2.6122291152e+03
9.4050638781e+06	9.8381433165e-01	2.6156810615e+03
9.4050638781e+06	9.8373677351e-01	2.6176505843e+03
9.4050638781e+06	9.8365976172e-01	2.6188910967e+03
9.4050638781e+06	9.8358235343e-01	2.6195128059e+03
9.4050638781e+06	9.8350434597e-01	2.6195586173e+03
9.4050638781e+06	9.8342525273e-01	2.6190271225e+03
9.4050638781e+06	9.8334464308e-01	2.6177124368e+03
9.4050638781e+06	9.8326199594e-01	2.6153694135e+03
9.4050638781e+06	9.8318562054e-01	2.6116419497e+03
9.4050638781e+06	9.8317792993e-01	2.6098615696e+03
9.4050638781e+06	9.8317138477e-01	2.6086249215e+03
9.4050638781e+06	9.8317112381e-01	2.6078130325e+03
9.4050638781e+06	9.8317421197e-01	2.6076493373e+03
9.4050638781e+06	9.8322047723e-01	2.6067912886e+03
9.4050638781e+06	9.8329303945e-01	2.6056862978e+03
9.4050638781e+06	9.8336581794e-01	2.6042206669e+03
9.4050638781e+06	9.8343975399e-01	2.6018079709e+03
9.4050638781e+06	9.8346680935e-01	2.6000442555e+03
9.4050638781e+06	9.8347702124e-01	2.5985513959e+03
9.4050638781e+06	9.8347298895e-01	2.5962745638e+03
9.4050638781e+06	9.8348019554e-01	2.5929146565e+03
9.4050638781e+06	9.8345548479e-01	2.5881172470e+03
9.4050638781e+06	9.8336612667e-01	2.5807689621e+03
9.4050638781e+06	9.8322949318e-01	2.5679975029e+03
9.4050638781e+06	9.8320036155e-01	2.5643396926e+03
9.4050638781e+06	9.8316797579e-01	2.5601635951e+03
9.4050638781e+06	9.8313181461e-01	2.5553740124e+03
9.4050638781e+06	9.8306147117e-01	2.5527060117e+03
9.4050638781e+06	9.8301302642e-01	2.5532082438e+03
9.4050638781e+06	9.8296452849e-01	2.5539590797e+03
9.4050638781e+06	9.8291555455e-01	2.5549596829e+03
9.4050638781e+06	9.8286644635e-01	2.5561706074e+03
9.4050638781e+06	9.8281633071e-01	2.5575511695e+03
9.4050638781e+06	9.8276603155e-01	2.5590692300e+03
9.4050638781e+06	9.8271553832e-01	2.5607016987e+03
9.4050638781e+06	9.8266401924e-01	2.5624320356e+03
9.4050638781e+06	9.8261222565e-01	2.5642472033e+03
9.4050638781e+06	9.8255938526e-01	2.5661377129e+03
9.4050638781e+06	9.8250540700e-01	2.5680957966e+03
9.4050638781e+06	9.8245060523e-01	2.5701149513e+03
9.4050638781e+06	9.8239557422e-01	2.5721896295e+03
9.4050638781e+06	9.8234031126e-01	2.5743153686e+03
9.4050638781e+06	9.8228421398e-01	2.5764885939e+03
9.4050638781e+06	9.8222750025e-01	2.5787058690e+03
9.4050638781e+06	9.8217054588e-01	2.5809640686e+03
9.4050638781e+06	9.8211285450e-01	2.5832607690e+03
9.4050638781e+06	9.8205321048e-01	2.5855941312e+03
9.4050638781e+06	9.8199317748e-01	2.5879612604e+03
9.4050638781e+06	9.8193289462e-01	2.5903600639e+03
9.4050638781e+06	9.8187193220e-01	2.5927888268e+03
9.4050638781e+06	9.8181005583e-01	2.5952458544e+03
9.4050638781e+06	9.8174681647e-01	2.5977296213e+03
9.4050638781e+06	9.8168261143e-01	2.6002383226e+03
9.4050638781e+06	9.8161680830e-01	2.6027706308e+03
9.4050638781e+06	9.8155023560e-01	2.6053246848e+03
9.4050638781e+06	9.8148340137e-01	2.6078987723e+03
9.4050638781e+06	9.8141630341e-01	2.6104915646e+03
9.4050638781e+06	9.8134894045e-01	2.6131018202e+03
9.4050638781e+06	9.8128131092e-01	2.6157284816e+03
9.4050638781e+06	9.8121341331e-01	2.6183707275e+03
9.4050638781e+06	9.8114524630e-01	2.6210280541e+03
9.4050638781e+06	9.8107680769e-01	2.6237004255e+03
9.4050638781e+06	9.8100809600e-01	2.6263883441e+03
9.4050638781e+06	9.8093910943e-01	2.6290930323e+03
9.4050638781e+06	9.8086984694e-01	2.6318165676e+03
9.4050638781e+06	9.8080030574e-01	2.6345621478e+03
9.4050638781e+06	9.8073048457e-01	2.6373341288e+03
9.4050638781e+06	9.8066038067e-01	2.6401382751e+03
9.4050638781e+06	9.8058999228e-01	2.6429817805e+03
9.4050638781e+06	9.8051931750e-01	2.6458733344e+03
9.4050638781e+06	9.8044835367e-01	2.6488231215e+03
9.4050638781e+06	9.8037709838e-01	2.6518426695e+03
9.4050638781e+06	9.8030554921e-01	2.6549446498e+03
9.4050638781e+06	9.8023370127e-01	2.6581425953e+03
9.4050638781e+06	9.8016155411e-01	2.6614505397e+03
9.4050638781e+06	9.8008910277e-01	2.6648825942e+03
9.4050638781e+06	9.8001634747e-01	2.6684524737e+03
9.4050638781e+06	9.7994328378e-01	2.6721730074e+03
9.4050638781e+06	9.7986991269e-01	2.6760555357e+03
9.4050638781e+06	9.7979622992e-01	2.6801094982e+03
9.4050638781e+06	9.7972223599e-01	2.6843419028e+03
9.4050638781e+06	9.7964792688e-01	2.6887568819e+03
9.4050638781e+06	9.7957330352e-01	2.6933555564e+03
9.4050638781e+06	9.7949836272e-01	2.6981358623e+03
9.4050638781e+06	9.7942310305e-01	2.7030927222e+03
9.4050638781e+06	9.7934752355e-01	2.7082182503e+03
9.4050638781e+06	9.7927162202e-01	2.7135022291e+03
9.4050638781e+06	9.7919539640e-01	2.7189326294e+03
9.4050638781e+06	9.7911884495e-01	2.7244962610e+03
9.4050638781e+06	9.7904196579e-01	2.7301791984e+03
9.4050638781e+06	9.7896475630e-01	2.7359674314e+03
9.4050638781e+06	9.7888721344e-01	2.7418472230e+03
9.4050638781e+06	9.7880933417e-01	2.7478054673e+03
9.4050638781e+06	9.7873111608e-01	2.7538299284e+03
9.4050638781e+06	9.7865255475e-01	2.7599094089e+03
9.4050638781e+06	9.7857364613e-01	2.7660337525e+03
9.4050638781e+06	9.7849438521e-01	2.7721939545e+03
9.4050638781e+06	9.7841477285e-01	2.7783820524e+03
9.4050638781e+06	9.7833481192e-01	2.7845910714e+03
9.4050638781e+06	9.7825450287e-01	2.7908149349e+03
9.4050638781e+06	9.7817384007e-01	2.7970483886e+03
9.4050638781e+06	9.7809282625e-01	2.8032867904e+03
9.4050638781e+06	9.7801145675e-01	2.8095261660e+03
9.4050638781e+06	9.7792972957e-01	2.8157630119e+03
9.4050638781e+06	9.7784764311e-01	2.8219942402e+03
9.4050638781e+06	9.7776519284e-01	2.8282171153e+03
9.4050638781e+06	9.7768238012e-01	2.8344294115e+03
9.4050638781e+06	9.7759919573e-01	2.8406318913e+03
9.4050638781e+06	9.7751564038e-01	2.8468556011e+03
9.4050638781e+06	9.7743169094e-01	2.8534585521e+03
9.4050638781e+06	9.7737196599e-01	2.8642512336e+03
9.4050638781e+06	9.7736730279e-01	2.8691866041e+03
9.4050638781e+06	9.7736259519e-01	2.8762612956e+03
9.4050638781e+06	9.7735786856e-01	2.8859555443e+03
9.4050638781e+06	9.7735316013e-01	2.8973476138e+03
9.4050638781e+06	9.7734849916e-01	2.9081531467e+03
9.4050638781e+06	9.7734390445e-01	2.9155280150e+03
9.4050638781e+06	9.7733935953e-01	2.9197799091e+03
9.4050638781e+06	9.7733484308e-01	2.9222945499e+03
9.4050638781e+06	9.7733034282e-01	2.9240184681e+03
9.4050638781e+06	9.7732585073e-01	2.9253553613e+03
9.4050638781e+06	9.7732136271e-01	2.9264998551e+03
9.4050638781e+06	9.7731687787e-01	2.9275819929e+03
9.4050638781e+06	9.7731238782e-01	2.9285859048e+03
9.4050638781e+06	9.7730788083e-01	2.9295065881e+03
9.4050638781e+06	9.7730333453e-01	2.9303567921e+03
9.4050638781e+06	9.7729869683e-01	2.9310769920e+03
9.4050638781e+06	9.7729386741e-01	2.9315067696e+03
9.4050638781e+06	9.7728861283e-01	2.9313638119e+03
9.4050638781e+06	9.7728213426e-01	2.9298266444e+03
9.4050638781e+06	9.7727528564e-01	2.9264535173e+03
9.4050638781e+06	9.7726785195e-01	2.9212870058e+03
9.4050638781e+06	9.7725841675e-01	2.9133798200e+03
9.4050638781e+06	9.7724487602e-01	2.9008785588e+03
9.4050638781e+06	9.7723084666e-01	2.8813376894e+03
9.4050638781e+06	9.7722890988e-01	2.8506110870e+03
9.4050638781e+06	9.7722425971e-01	2.8272015205e+03
9.4050638781e+06	9.7721938666e-01	2.7973299167e+03
9.4050638781e+06	9.7721535695e-01	2.7580963713e+03
9.4050638781e+06	9.7721333982e-01	2.7010829227e+03
9.4050638781e+06	9.7716741099e-01	2.6193057488e+03
9.4050638781e+06	9.7695920199e-01	2.5554644262e+03
9.4050638781e+06	9.7690381303e-01	2.5560467290e+03
9.4050638781e+06	9.7684824136e-01	2.5568935804e+03
9.4050638781e+06	9.7679216876e-01	2.5580108659e+03
9.4050638781e+06	9.7673575764e-01	2.5593512317e+03
9.4050638781e+06	9.7667841453e-01	2.5608683227e+03
9.4050638781e+06	9.7662084838e-01	2.5625270647e+03
9.4050638781e+06	9.7656282985e-01	2.5643029147e+03
9.4050638781e+06	9.7650386783e-01	2.5661783451e+03
9.4050638781e+06	9.7644463256e-01	2.5681398558e+03
9.4050638781e+06	9.7638374019e-01	2.5701779241e+03
9.4050638781e+06	9.7632173906e-01	2.5722842793e+03
9.4050638781e+06	9.7625931984e-01	2.5744520918e+03
9.4050638781e+06	9.7619663774e-01	2.5766759028e+03
9.4050638781e+06	9.7613346215e-01	2.5789512614e+03
9.4050638781e+06	9.7606922969e-01	2.5812745095e+03
9.4050638781e+06	9.7600472545e-01	2.5836418937e+03
9.4050638781e+06	9.7593977116e-01	2.5860504934e+03
9.4050638781e+06	9.7587269631e-01	2.5884983830e+03
9.4050638781e+06	9.7580492990e-01	2.5909824796e+03
9.4050638781e+06	9.7573688246e-01	2.5935003790e+03
9.4050638781e+06	9.7566822424e-01	2.5960501766e+03
9.4050638781e+06	9.7559847921e-01	2.5986301415e+03
9.4050638781e+06	9.7552735025e-01	2.6012385973e+03
9.4050638781e+06	9.7545512905e-01	2.6038736613e+03
9.4050638781e+06	9.7538118308e-01	2.6065339461e+03
9.4050638781e+06	9.7530647575e-01	2.6092174061e+03
9.4050638781e+06	9.7523147441e-01	2.6119222840e+03
9.4050638781e+06	9.7515617748e-01	2.6146471068e+03
9.4050638781e+06	9.7508058323e-01	2.6173904979e+03
9.4050638781e+06	9.7500468996e-01	2.6201512069e+03
9.4050638781e+06	9.7492849627e-01	2.6229281516e+03
9.4050638781e+06	9.7485199954e-01	2.6257205360e+03
9.4050638781e+06	9.7477519868e-01	2.6285278466e+03
9.4050638781e+06	9.7469809164e-01	2.6313500495e+03
9.4050638781e+06	9.7462067690e-01	2.6341876787e+03
9.4050638781e+06	9.7454295209e-01	2.6370420291e+03
9.4050638781e+06	9.7446491514e-01	2.6399153019e+03
9.4050638781e+06	9.7438656387e-01	2.6428107922e+03
9.4050638781e+06	9.7430789558e-01	2.6457330759e+03
9.4050638781e+06	9.7422890868e-01	2.6486880912e+03
9.4050638781e+06	9.7414959979e-01	2.6516833624e+03
9.4050638781e+06	9.7406996710e-01	2.6547278984e+03
9.4050638781e+06	9.7399000740e-01	2.6578322804e+03
9.4050638781e+06	9.7390971524e-01	2.6610084776e+03
9.4050638781e+06	9.7382908820e-01	2.6642695873e+03
9.4050638781e+06	9.7374812179e-01	2.6676295697e+03
9.4050638781e+06	9.7366681548e-01	2.6711028187e+03
9.4050638781e+06	9.7358516343e-01	2.6747037669e+03
9.4050638781e+06	9.7350316711e-01	2.6784462545e+03
9.4050638781e+06	9.7342082068e-01	2.6823430323e+03
9.4050638781e+06	9.7333812521e-01	2.6864052294e+03
9.4050638781e+06	9.7325507632e-01	2.6906417808e+03
9.4050638781e+06	9.7317167246e-01	2.6950589251e+03
9.4050638781e+06	9.7308791427e-01	2.6996598037e+03
9.4050638781e+06	9.7300379764e-01	2.7044444260e+03
9.4050638781e+06	9.7291932112e-01	2.7094095081e+03
9.4050638781e+06	9.7283448342e-01	2.7145487263e+03
9.4050638781e+06	9.7274928235e-01	2.7198530501e+03
9.4050638781e+06	9.7266371524e-01	2.7253112934e+03
9.4050638781e+06	9.7257778015e-01	2.7309105820e+03
9.4050638781e+06	9.7249147413e-01	2.7366371238e+03
9.4050638781e+06	9.7240479426e-01	2.7424766812e+03
9.4050638781e+06	9.7231773692e-01	2.7484150981e+03
9.4050638781e+06	9.7223029838e-01	2.7544387077e+03
9.4050638781e+06	9.7214247386e-01	2.7605346404e+03
9.4050638781e+06	9.7205425874e-01	2.7666910255e+03
9.4050638781e+06	9.7196564739e-01	2.7728971040e+03
9.4050638781e+06	9.7187664451e-01	2.7791432629e+03
9.4050638781e+06	9.7178725132e-01	2.7854210205e+03
9.4050638781e+06	9.7169746846e-01	2.7917229611e+03
9.4050638781e+06	9.7160729396e-01	2.7980426481e+03
9.4050638781e+06	9.7151672242e-01	2.8043745185e+03
9.4050638781e+06	9.7142575779e-01	2.8107137670e+03
9.4050638781e+06	9.7133438778e-01	2.8170562474e+03
9.4050638781e+06	9.7124261957e-01	2.8233983492e+03
9.4050638781e+06	9.7115044309e-01	2.8297369171e+03
9.4050638781e+06	9.7105785907e-01	2.8360691569e+03
9.4050638781e+06	9.7096486449e-01	2.8423926027e+03
9.4050638781e+06	9.7087145044e-01	2.8487052047e+03
9.4050638781e+06	9.7077761623e-01	2.8550074220e+03
9.4050638781e+06	9.7068335230e-01	2.8613246868e+03
9.4050638781e+06	9.7058862468e-01	2.8679524064e+03
9.4050638781e+06	9.7051409090e-01	2.8780515179e+03
9.4050638781e+06	9.7050869560e-01	2.8833190017e+03
9.4050638781e+06	9.7050331284e-01	2.8899912240e+03
9.4050638781e+06	9.7049790436e-01	2.8992396809e+03
9.4050638781e+06	9.7049251457e-01	2.9103044288e+03
9.4050638781e+06	9.7048718030e-01	2.9212974660e+03
9.4050638781e+06	9.7048192735e-01	2.9291759933e+03
9.4050638781e+06	9.7047673876e-01	2.9338200980e+03
9.4050638781e+06	9.7047158844e-01	2.9365069542e+03
9.4050638781e+06	9.7046645966e-01	2.9383483378e+03
9.4050638781e+06	9.7046134518e-01	2.9397587252e+03
9.4050638781e+06	9.7045624208e-01	2.9409597694e+03
9.4050638781e+06	9.7045115141e-01	2.9420809720e+03
9.4050638781e+06	9.7044607713e-01	2.9431328223e+03
9.4050638781e+06	9.7044102703e-01	2.9440996784e+03
9.4050638781e+06	9.7043602062e-01	2.9449902058e+03
9.4050638781e+06	9.7043110378e-01	2.9457683211e+03
9.4050638781e+06	9.7042635629e-01	2.9462706439e+03
9.4050638781e+06	9.7042196390e-01	2.9462375925e+03
9.4050638781e+06	9.7041839518e-01	2.9449958223e+03
9.4050638781e+06	9.7041656985e-01	2.9416253913e+03
9.4050638781e+06	9.7041703308e-01	2.9355816132e+03
9.4050638781e+06	9.7042009488e-01	2.9255241113e+03
9.4050638781e+06	9.7042604064e-01	2.9094177938e+03
9.4050638781e+06	9.7043503049e-01	2.8838301008e+03
9.4050638781e+06	9.7044632715e-01	2.8434576151e+03
9.4050638781e+06	9.7045896861e-01	2.7800837172e+03
9.4050638781e+06	9.7047507367e-01	2.6811619623e+03
9.4050638781e+06	9.7023384909e-01	2.5585404794e+03
9.4050638781e+06	9.7017209852e-01	2.5592039857e+03
9.4050638781e+06	9.7011004558e-01	2.5601473460e+03
9.4050638781e+06	9.7004745929e-01	2.5613816942e+03
9.4050638781e+06	9.6998434529e-01	2.5628516381e+03
9.4050638781e+06	9.6992036586e-01	2.5645051374e+03
9.4050638781e+06	9.6985612656e-01	2.5663042474e+03
9.4050638781e+06	9.6979113086e-01	2.5682230703e+03
9.4050638781e+06	9.6972538956e-01	2.5702430534e+03
9.4050638781e+06	9.6965879689e-01	2.5723505837e+03
9.4050638781e+06	9.6959073867e-01	2.5745355098e+03
9.4050638781e+06	9.6952160473e-01	2.5767894213e+03
9.4050638781e+06	9.6945217964e-01	2.5791053015e+03
9.4050638781e+06	9.6938246074e-01	2.5814776501e+03
9.4050638781e+06	9.6931163272e-01	2.5839022017e+03
9.4050638781e+06	9.6924026329e-01	2.5863747151e+03
9.4050638781e+06	9.6916859117e-01	2.5888916377e+03
9.4050638781e+06	9.6909515413e-01	2.5914505923e+03
9.4050638781e+06	9.6902034762e-01	2.5940486674e+03
9.4050638781e+06	9.6894523163e-01	2.5966829182e+03
9.4050638781e+06	9.6886968660e-01	2.5993511534e+03
9.4050638781e+06	9.6879277469e-01	2.6020517083e+03
9.4050638781e+06	9.6871459273e-01	2.6047825806e+03
9.4050638781e+06	9.6863518388e-01	2.6075419001e+03
9.4050638781e+06	9.6855392952e-01	2.6103281751e+03
9.4050638781e+06	9.6847180237e-01	2.6131392801e+03
9.4050638781e+06	9.6838935215e-01	2.6159733188e+03
9.4050638781e+06	9.6830657741e-01	2.6188287127e+03
9.4050638781e+06	9.6822347565e-01	2.6217039919e+03
9.4050638781e+06	9.6814004566e-01	2.6245977352e+03
9.4050638781e+06	9.6805628490e-01	2.6275086998e+03
9.4050638781e+06	9.6797219217e-01	2.6304357746e+03
9.4050638781e+06	9.6788776515e-01	2.6333781386e+03
9.4050638781e+06	9.6780300184e-01	2.6363353026e+03
9.4050638781e+06	9.6771789976e-01	2.6393072529e+03
9.4050638781e+06	9.6763245758e-01	2.6422945354e+03
9.4050638781e+06	9.6754667182e-01	2.6452985244e+03
9.4050638781e+06	9.6746054129e-01	2.6483214566e+03
9.4050638781e+06	9.6737406361e-01	2.6513667365e+03
9.4050638781e+06	9.6728723568e-01	2.6544390922e+03
9.4050638781e+06	9.6720005423e-01	2.6575447132e+03
9.4050638781e+06	9.6711251724e-01	2.6606913098e+03
9.4050638781e+06	9.6702462113e-01	2.6638882464e+03
9.4050638781e+06	9.6693635671e-01	2.6671464445e+03
9.4050638781e+06	9.6684772439e-01	2.6704782431e+03
9.4050638781e+06	9.6675871728e-01	2.6738971661e+03
9.4050638781e+06	9.6666933258e-01	2.6774176080e+03
9.4050638781e+06	9.6657957037e-01	2.6810542752e+03
9.4050638781e+06	9.6648942327e-01	2.6848218469e+03
9.4050638781e+06	9.6639889318e-01	2.6887342889e+03
9.4050638781e+06	9.6630797558e-01	2.6928043464e+03
9.4050638781e+06	9.6621666626e-01	2.6970429022e+03
9.4050638781e+06	9.6612496654e-01	2.7014583464e+03
9.4050638781e+06	9.6603287349e-01	2.7060562419e+03
9.4050638781e+06	9.6594038293e-01	2.7108389075e+03
9.4050638781e+06	9.6584749432e-01	2.7158052916e+03
9.4050638781e+06	9.6575420590e-01	2.7209510178e+03
9.4050638781e+06	9.6566051501e-01	2.7262686844e+03
9.4050638781e+06	9.6556641898e-01	2.7317482599e+03
9.4050638781e+06	9.6547191451e-01	2.7373777016e+03
9.4050638781e+06	9.6537699782e-01	2.7431434624e+03
9.4050638781e+06	9.6528166612e-01	2.7490312790e+03
9.4050638781e+06	9.6518591421e-01	2.7550266559e+03
9.4050638781e+06	9.6508973666e-01	2.7611154138e+03
9.4050638781e+06	9.6499312778e-01	2.7672839269e+03
9.4050638781e+06	9.6489608452e-01	2.7735195626e+03
9.4050638781e+06	9.6479861325e-01	2.7798108115e+03
9.4050638781e+06	9.6470071463e-01	2.7861473295e+03
9.4050638781e+06	9.6460238689e-01	2.7925199859e+03
9.4050638781e+06	9.6450363287e-01	2.7989207376e+03
9.4050638781e+06	9.6440444202e-01	2.8053426933e+03
9.4050638781e+06	9.6430481916e-01	2.8117798415e+03
9.4050638781e+06	9.6420475677e-01	2.8182270810e+03
9.4050638781e+06	9.6410425307e-01	2.8246800075e+03
9.4050638781e+06	9.6400330784e-01	2.8311348298e+03
9.4050638781e+06	9.6390190889e-01	2.8375882814e+03
9.4050638781e+06	9.6380006030e-01	2.8440374558e+03
9.4050638781e+06	9.6369775429e-01	2.8504798345e+03
9.4050638781e+06	9.6359498210e-01	2.8569131811e+03
9.4050638781e+06	9.6349173480e-01	2.8633356036e+03
9.4050638781e+06	9.6338800474e-01	2.8697473284e+03
9.4050638781e+06	9.6328381567e-01	2.8761692842e+03
9.4050638781e+06	9.6317914482e-01	2.8828469650e+03
9.4050638781e+06	9.6308802013e-01	2.8924197702e+03
9.4050638781e+06	9.6308179923e-01	2.8991095915e+03
9.4050638781e+06	9.6307577616e-01	2.9059238531e+03
9.4050638781e+06	9.6306972818e-01	2.9152921750e+03
9.4050638781e+06	9.6306370705e-01	2.9263032707e+03
9.4050638781e+06	9.6305774466e-01	2.9371482671e+03
9.4050638781e+06	9.6305187823e-01	2.9447176359e+03
9.4050638781e+06	9.6304608626e-01	2.9491565679e+03
9.4050638781e+06	9.6304033867e-01	2.9517681165e+03
9.4050638781e+06	9.6303461813e-01	2.9535974818e+03
9.4050638781e+06	9.6302891443e-01	2.9550244677e+03
9.4050638781e+06	9.6302322413e-01	2.9562507805e+03
9.4050638781e+06	9.6301754621e-01	2.9574054663e+03
9.4050638781e+06	9.6301188541e-01	2.9584876241e+03
9.4050638781e+06	9.6300625031e-01	2.9594832180e+03
9.4050638781e+06	9.6300065961e-01	2.9604028535e+03
9.4050638781e+06	9.6299515789e-01	2.9611957431e+03
9.4050638781e+06	9.6298982845e-01	2.9616897564e+03
9.4050638781e+06	9.6298487347e-01	2.9615949019e+03
9.4050638781e+06	9.6298080640e-01	2.9601627291e+03
9.4050638781e+06	9.6297869537e-01	2.9567495489e+03
9.4050638781e+06	9.6297879326e-01	2.9506578423e+03
9.4050638781e+06	9.6298162517e-01	2.9404956856e+03
9.4050638781e+06	9.6298765362e-01	2.9240395570e+03
9.4050638781e+06	9.6299746547e-01	2.8979885949e+03
9.4050638781e+06	9.6301140152e-01	2.8567558730e+03
9.4050638781e+06	9.6302814489e-01	2.7918874559e+03
9.4050638781e+06	9.6305154113e-01	2.6906523051e+03
9.4050638781e+06	9.6282188156e-01	2.5620278557e+03
9.4050638781e+06	9.6276152225e-01	2.5627714811e+03
9.4050638781e+06	9.6270068228e-01	2.5638168376e+03
9.4050638781e+06	9.6263935410e-01	2.5651685802e+03
9.4050638781e+06	9.6257727755e-01	2.5667635220e+03
9.4050638781e+06	9.6251449186e-01	2.5685455092e+03
9.4050638781e+06	9.6245143943e-01	2.5704750191e+03
9.4050638781e+06	9.6238729654e-01	2.5725256012e+03
9.4050638781e+06	9.6232269683e-01	2.5746780760e+03
9.4050638781e+06	9.6225660699e-01	2.5769190687e+03
9.4050638781e+06	9.6218914381e-01	2.5792379677e+03
9.4050638781e+06	9.6212104968e-01	2.5816261167e+03
9.4050638781e+06	9.6205266430e-01	2.5840766315e+03
9.4050638781e+06	9.6198361761e-01	2.5865841333e+03
9.4050638781e+06	9.6191355022e-01	2.5891441078e+03
9.4050638781e+06	9.6184318339e-01	2.5917522071e+03
9.4050638781e+06	9.6177182695e-01	2.5944052708e+03
9.4050638781e+06	9.6169824397e-01	2.5971008002e+03
9.4050638781e+06	9.6162435517e-01	2.5998351519e+03
9.4050638781e+06	9.6155015835e-01	2.6026058507e+03
9.4050638781e+06	9.6147454995e-01	2.6054111232e+03
9.4050638781e+06	9.6139773037e-01	2.6082487840e+03
9.4050638781e+06	9.6131957935e-01	2.6111169036e+03
9.4050638781e+06	9.6123949627e-01	2.6140138952e+03
9.4050638781e+06	9.6115844399e-01	2.6169375074e+03
9.4050638781e+06	9.6107707310e-01	2.6198857293e+03
9.4050638781e+06	9.6099538186e-01	2.6228569109e+03
9.4050638781e+06	9.6091336812e-01	2.6258494799e+03
9.4050638781e+06	9.6083103036e-01	2.6288619137e+03
9.4050638781e+06	9.6074836721e-01	2.6318927845e+03
9.4050638781e+06	9.6066537600e-01	2.6349408388e+03
9.4050638781e+06	9.6058205525e-01	2.6380049660e+03
9.4050638781e+06	9.6049840277e-01	2.6410843349e+03
9.4050638781e+06	9.6041441746e-01	2.6441784251e+03
9.4050638781e+06	9.6033009603e-01	2.6472872635e+03
9.4050638781e+06	9.6024543737e-01	2.6504114115e+03
9.4050638781e+06	9.6016043863e-01	2.6535522652e+03
9.4050638781e+06	9.6007509740e-01	2.6567121691e+03
9.4050638781e+06	9.5998941104e-01	2.6598946307e+03
9.4050638781e+06	9.5990337629e-01	2.6631045115e+03
9.4050638781e+06	9.5981699113e-01	2.6663481217e+03
9.4050638781e+06	9.5973024751e-01	2.6696334454e+03
9.4050638781e+06	9.5964314318e-01	2.6729700937e+03
9.4050638781e+06	9.5955566694e-01	2.6763693164e+03
9.4050638781e+06	9.5946782258e-01	2.6798437530e+03
9.4050638781e+06	9.5937960409e-01	2.6834073253e+03
9.4050638781e+06	9.5929100668e-01	2.6870747033e+03
9.4050638781e+06	9.5920202963e-01	2.6908610180e+03
9.4050638781e+06	9.5911267005e-01	2.6947811623e+03
9.4050638781e+06	9.5902292197e-01	2.6988492562e+03
9.4050638781e+06	9.5893278576e-01	2.7030780859e+03
9.4050638781e+06	9.5884225904e-01	2.7074783412e+03
9.4050638781e+06	9.5875133952e-01	2.7120581131e+03
9.4050638781e+06	9.5866002444e-01	2.7168224757e+03
9.4050638781e+06	9.5856831159e-01	2.7217731016e+03
9.4050638781e+06	9.5847619865e-01	2.7269082262e+03
9.4050638781e+06	9.5838368265e-01	2.7322226816e+03
9.4050638781e+06	9.5829076078e-01	2.7377082758e+03
9.4050638781e+06	9.5819743063e-01	2.7433542583e+03
9.4050638781e+06	9.5810368674e-01	2.7491479679e+03
9.4050638781e+06	9.5800952635e-01	2.7550753628e+03
9.4050638781e+06	9.5791494112e-01	2.7611218669e+03
9.4050638781e+06	9.5781992574e-01	2.7672727323e+03
9.4050638781e+06	9.5772447931e-01	2.7735137195e+03
9.4050638781e+06	9.5762861169e-01	2.7798312833e+03
9.4050638781e+06	9.5753232602e-01	2.7862129097e+03
9.4050638781e+06	9.5743561334e-01	2.7926473125e+03
9.4050638781e+06	9.5733847968e-01	2.7991244306e+03
9.4050638781e+06	9.5724092060e-01	2.8056353632e+03
9.4050638781e+06	9.5714292984e-01	2.8121724400e+03
9.4050638781e+06	9.5704451236e-01	2.8187290287e+03
9.4050638781e+06	9.5694565282e-01	2.8252994532e+03
9.4050638781e+06	9.5684635926e-01	2.8318788480e+03
9.4050638781e+06	9.5674662274e-01	2.8384630587e+03
9.4050638781e+06	9.5664643542e-01	2.8450485183e+03
9.4050638781e+06	9.5654579472e-01	2.8516321762e+03
9.4050638781e+06	9.5644469100e-01	2.8582112783e+03
9.4050638781e+06	9.5634310453e-01	2.8647835058e+03
9.4050638781e+06	9.5624105973e-01	2.8713467012e+03
9.4050638781e+06	9.5613856834e-01	2.8778991270e+03
9.4050638781e+06	9.5603562742e-01	2.8844410847e+03
9.4050638781e+06	9.5593223182e-01	2.8909936327e+03
9.4050638781e+06	9.5582835456e-01	2.8978022147e+03
9.4050638781e+06	9.5573694390e-01	2.9075068331e+03
9.4050638781e+06	9.5573058004e-01	2.9144917532e+03
9.4050638781e+06	9.5572448109e-01	2.9214832765e+03
9.4050638781e+06	9.5571835598e-01	2.9310492776e+03
9.4050638781e+06	9.5571226509e-01	2.9422531486e+03
9.4050638781e+06	9.5570623955e-01	2.9530028854e+03
9.4050638781e+06	9.5570032472e-01	2.9604054007e+03
9.4050638781e+06	9.5569449419e-01	2.9647384718e+03
9.4050638781e+06	9.5568871133e-01	2.9673223771e+03
9.4050638781e+06	9.5568295142e-01	2.9691604215e+03
9.4050638781e+06	9.5567721098e-01	2.9706129455e+03
9.4050638781e+06	9.5567148615e-01	2.9718694814e+03
9.4050638781e+06	9.5566577558e-01	2.9730613096e+03
9.4050638781e+06	9.5566008461e-01	2.9741763920e+03
9.4050638781e+06	9.5565442239e-01	2.9752030548e+03
9.4050638781e+06	9.5564880745e-01	2.9761546484e+03
9.4050638781e+06	9.5564328762e-01	2.9769657967e+03
9.4050638781e+06	9.5563795635e-01	2.9774569436e+03
9.4050638781e+06	9.5563302932e-01	2.9773087593e+03
9.4050638781e+06	9.5562901947e-01	2.9757029379e+03
9.4050638781e+06	9.5562711008e-01	2.9722547403e+03
9.4050638781e+06	9.5562740356e-01	2.9661352217e+03
9.4050638781e+06	9.5563044881e-01	2.9559051056e+03
9.4050638781e+06	9.5563681660e-01	2.9392806244e+03
9.4050638781e+06	9.5564763835e-01	2.9128458842e+03
9.4050638781e+06	9.5566377414e-01	2.8710629235e+03
9.4050638781e+06	9.5568364251e-01	2.8052801872e+03
9.4050638781e+06	9.5571256432e-01	2.7025617560e+03
9.3965527577e+06	9.5549183683e-01	2.5661010035e+03
9.3965527577e+06	9.5997312610e-01	2.5652400838e+03
9.3965527577e+06	9.5989225508e-01	2.5652926194e+03
9.3965527577e+06	9.5981820664e-01	2.5653434259e+03
9.3965527577e+06	9.5974923459e-01	2.5653934576e+03
9.3965527577e+06	9.5968156374e-01	2.5654447670e+03
9.3965527577e+06	9.5961308785e-01	2.5654971519e+03
9.3965527577e+06	9.5954376560e-01	2.5655363477e+03
9.3965527577e+06	9.5947305339e-01	2.5655037336e+03
9.3965527577e+06	9.5939928547e-01	2.5653391346e+03
9.3965527577e+06	9.5932483584e-01	2.5651640183e+03
9.3965527577e+06	9.5924904262e-01	2.5652981605e+03
9.3965527577e+06	9.5917218198e-01	2.5660534340e+03
9.3965527577e+06	9.5909476800e-01	2.5675983154e+03
9.3965527577e+06	9.5901641249e-01	2.5699594485e+03
9.3965527577e+06	9.5893686234e-01	2.5730751840e+03
9.3965527577e+06	9.5885542000e-01	2.5768448536e+03
9.3965527577e+06	9.5877341604e-01	2.5811579764e+03
9.3965527577e+06	9.5868983995e-01	2.5859117220e+03
9.3965527577e+06	9.5860583980e-01	2.5910150715e+03
9.3965527577e+06	9.5852142038e-01	2.5963919002e+03
9.3965527577e+06	9.5843451647e-01	2.6019806331e+03
9.3965527577e+06	9.5834667846e-01	2.6077299279e+03
9.3965527577e+06	9.5825784581e-01	2.6135993412e+03
9.3965527577e+06	9.5816661299e-01	2.6195574868e+03
9.3965527577e+06	9.5807497870e-01	2.6255793880e+03
9.3965527577e+06	9.5798293961e-01	2.6316601306e+03
9.3965527577e+06	9.5789047546e-01	2.6379492548e+03
9.3965527577e+06	9.5779737863e-01	2.6462214151e+03
9.3965527577e+06	9.5779003894e-01	2.6546352744e+03
9.3965527577e+06	9.5778447792e-01	2.6612235971e+03
9.3965527577e+06	9.5777887060e-01	2.6701068635e+03
9.3965527577e+06	9.5777330929e-01	2.6801642288e+03
9.3965527577e+06	9.5776784925e-01	2.6895688630e+03
9.3965527577e+06	9.5776254341e-01	2.6959400921e+03
9.3965527577e+06	9.5775735010e-01	2.6996852115e+03
9.3965527577e+06	9.5775221851e-01	2.7019817214e+03
9.3965527577e+06	9.5774711859e-01	2.7036702477e+03
9.3965527577e+06	9.5774203891e-01	2.7050315442e+03
9.3965527577e+06	9.5773697364e-01	2.7062204616e+03
9.3965527577e+06	9.5773192307e-01	2.7073552220e+03
9.3965527577e+06	9.5772688843e-01	2.7084197425e+03
9.3965527577e+06	9.5772187465e-01	2.7094021889e+03
9.3965527577e+06	9.5771689706e-01	2.7103156820e+03
9.3965527577e+06	9.5771198936e-01	2.7110958946e+03
9.3965527577e+06	9.5770721426e-01	2.7115729497e+03
9.3965527577e+06	9.5770272651e-01	2.7114430331e+03
9.3965527577e+06	9.5769888893e-01	2.7099278057e+03
9.3965527577e+06	9.5769673854e-01	2.7066703136e+03
9.3965527577e+06	9.5769607151e-01	2.7009011314e+03
9.3965527577e+06	9.5769721485e-01	2.6912841526e+03
9.3965527577e+06	9.5770045756e-01	2.6756537118e+03
9.3965527577e+06	9.5769150637e-01	2.6505909812e+03
9.3965527577e+06	9.5763682903e-01	2.6107745724e+03
9.3965527577e+06	9.5747055859e-01	2.5664198011e+03
9.3965527577e+06	9.5740908949e-01	2.5672902853e+03
9.3965527577e+06	9.5734678215e-01	2.5685032153e+03
9.3965527577e+06	9.5728413008e-01	2.5700298731e+03
9.3965527577e+06	9.5722036176e-01	2.5717980219e+03
9.3965527577e+06	9.5715615538e-01	2.5737497548e+03
9.3965527577e+06	9.5709099844e-01	2.5758465192e+03
9.3965527577e+06	9.5702356014e-01	2.5780628162e+03
9.3965527577e+06	9.5695583040e-01	2.5803793527e+03
9.3965527577e+06	9.5688755862e-01	2.5827827752e+03
9.3965527577e+06	9.5681810452e-01	2.5852630944e+03
9.3965527577e+06	9.5674835026e-01	2.5878117620e+03
9.3965527577e+06	9.5667829368e-01	2.5904221927e+03
9.3965527577e+06	9.5660681303e-01	2.5930894636e+03
9.3965527577e+06	9.5653392653e-01	2.5958089579e+03
9.3965527577e+06	9.5646033163e-01	2.5985763864e+03
9.3965527577e+06	9.5638545600e-01	2.6013885768e+03
9.3965527577e+06	9.5630999284e-01	2.6042421529e+03
9.3965527577e+06	9.5623421423e-01	2.6071342493e+03
9.3965527577e+06	9.5615621768e-01	2.6100633138e+03
9.3965527577e+06	9.5607706872e-01	2.6130265794e+03
9.3965527577e+06	9.5599687554e-01	2.6160218783e+03
9.3965527577e+06	9.5591434026e-01	2.6190478537e+03
9.3965527577e+06	9.5583148052e-01	2.6221016648e+03
9.3965527577e+06	9.5574829454e-01	2.6251815196e+03
9.3965527577e+06	9.5566478091e-01	2.6282856817e+03
9.3965527577e+06	9.5558093709e-01	2.6314125204e+03
9.3965527577e+06	9.5549676202e-01	2.6345604145e+03
9.3965527577e+06	9.5541225348e-01	2.6377278651e+03
9.3965527577e+06	9.5532740909e-01	2.6409134785e+03
9.3965527577e+06	9.5524222739e-01	2.6441159718e+03
9.3965527577e+06	9.5515670640e-01	2.6473342783e+03
9.3965527577e+06	9.5507084412e-01	2.6505676091e+03
9.3965527577e+06	9.5498463886e-01	2.6538155377e+03
9.3965527577e+06	9.5489808751e-01	2.6570782002e+03
9.3965527577e+06	9.5481118821e-01	2.6603563401e+03
9.3965527577e+06	9.5472393844e-01	2.6636515516e+03
9.3965527577e+06	9.5463633576e-01	2.6669664509e+03
9.3965527577e+06	9.5454837722e-01	2.6703048939e+03
9.3965527577e+06	9.5446006023e-01	2.6736721255e+03
9.3965527577e+06	9.5437136743e-01	2.6770750308e+03
9.3965527577e+06	9.5428230304e-01	2.6805220812e+03
9.3965527577e+06	9.5419286199e-01	2.6840235363e+03
9.3965527577e+06	9.5410303635e-01	2.6875912336e+03
9.3965527577e+06	9.5401282707e-01	2.6912384647e+03
9.3965527577e+06	9.5392223114e-01	2.6949796601e+03
9.3965527577e+06	9.5383124261e-01	2.6988300572e+03
9.3965527577e+06	9.5373985739e-01	2.7028050180e+03
9.3965527577e+06	9.5364807484e-01	2.7069196020e+03
9.3965527577e+06	9.5355589141e-01	2.7111878202e+03
9.3965527577e+06	9.5346330400e-01	2.7156219902e+03
9.3965527577e+06	9.5337031013e-01	2.7202320918e+03
9.3965527577e+06	9.5327690719e-01	2.7250252068e+03
9.3965527577e+06	9.5318309213e-01	2.7300050941e+03
9.3965527577e+06	9.5308886243e-01	2.7351719590e+03
9.3965527577e+06	9.5299421406e-01	2.7405225075e+03
9.3965527577e+06	9.5289914473e-01	2.7460499346e+03
9.3965527577e+06	9.5280364962e-01	2.7517446296e+03
9.3965527577e+06	9.5270772368e-01	2.7575946466e+03
9.3965527577e+06	9.5261136080e-01	2.7635863440e+03
9.3965527577e+06	9.5251455332e-01	2.7697050744e+03
9.3965527577e+06	9.5241730677e-01	2.7759358711e+03
9.3965527577e+06	9.5231962890e-01	2.7822638819e+03
9.3965527577e+06	9.5222152218e-01	2.7886749864e+03
9.3965527577e+06	9.5212298315e-01	2.7951560513e+03
9.3965527577e+06	9.5202400759e-01	2.8016949988e+03
9.3965527577e+06	9.5192460273e-01	2.8082810251e+03
9.3965527577e+06	9.5182475159e-01	2.8149047110e+03
9.3965527577e+06	9.5172446319e-01	2.8215578132e+03
9.3965527577e+06	9.5162372949e-01	2.8282332694e+03
9.3965527577e+06	9.5152254287e-01	2.8349249621e+03
9.3965527577e+06	9.5142090499e-01	2.8416277588e+03
9.3965527577e+06	9.5131880646e-01	2.8483373027e+03
9.3965527577e+06	9.5121623686e-01	2.8550498476e+03
9.3965527577e+06	9.5111318364e-01	2.8617622095e+03
9.3965527577e+06	9.5100964574e-01	2.8684716164e+03
9.3965527577e+06	9.5090565582e-01	2.8751756844e+03
9.3965527577e+06	9.5080121161e-01	2.8818722468e+03
9.3965527577e+06	9.5069630986e-01	2.8885594415e+03
9.3965527577e+06	9.5059094829e-01	2.8952357348e+03
9.3965527577e+06	9.5048512327e-01	2.9019023656e+03
9.3965527577e+06	9.5037882977e-01	2.9085886168e+03
9.3965527577e+06	9.5027202933e-01	2.9156285907e+03
9.3965527577e+06	9.5019062320e-01	2.9265854395e+03
9.3965527577e+06	9.5018429198e-01	2.9317659735e+03
9.3965527577e+06	9.5017792073e-01	2.9389903461e+03
9.3965527577e+06	9.5017152562e-01	2.9488154897e+03
9.3965527577e+06	9.5016517081e-01	2.9600160608e+03
9.3965527577e+06	9.5015889186e-01	2.9705328604e+03
9.3965527577e+06	9.5015273107e-01	2.9776544407e+03
9.3965527577e+06	9.5014665834e-01	2.9818155180e+03
9.3965527577e+06	9.5014063377e-01	2.9843448342e+03
9.3965527577e+06	9.5013463165e-01	2.9861810907e+03
9.3965527577e+06	9.5012865045e-01	2.9876557915e+03
9.3965527577e+06	9.5012268627e-01	2.9889417800e+03
9.3965527577e+06	9.5011673164e-01	2.9901727754e+03
9.3965527577e+06	9.5011079681e-01	2.9913213029e+03
9.3965527577e+06	9.5010489234e-01	2.9923787404e+03
9.3965527577e+06	9.5009903641e-01	2.9933611075e+03
9.3965527577e+06	9.5009327886e-01	2.9941810056e+03
9.3965527577e+06	9.5008771693e-01	2.9946458605e+03
9.3965527577e+06	9.5008258308e-01	2.9943856522e+03
9.3965527577e+06	9.5007841023e-01	2.9924672742e+03
9.3965527577e+06	9.5007645368e-01	2.9884958668e+03
9.3965527577e+06	9.5007674974e-01	2.9815220449e+03
9.3965527577e+06	9.5008011813e-01	2.9698939659e+03
9.3965527577e+06	9.5008749773e-01	2.9510172201e+03
9.3965527577e+06	9.5010033367e-01	2.9209534765e+03
9.3965527577e+06	9.5011960690e-01	2.8735568083e+03
9.3965527577e+06	9.5014334031e-01	2.7989947259e+03
9.3965527577e+06	9.5017948127e-01	2.6828215604e+03
9.3965527577e+06	9.4995796197e-01	2.5700264095e+03
9.3965527577e+06	9.4989033668e-01	2.5709821562e+03
9.3965527577e+06	9.4982178357e-01	2.5722930417e+03
9.3965527577e+06	9.4975282846e-01	2.5739381054e+03
9.3965527577e+06	9.4968260152e-01	2.5758368381e+03
9.3965527577e+06	9.4961197464e-01	2.5779258089e+03
9.3965527577e+06	9.4953984914e-01	2.5801640167e+03
9.3965527577e+06	9.4946582342e-01	2.5825241464e+03
9.3965527577e+06	9.4939147488e-01	2.5849863242e+03
9.3965527577e+06	9.4931621146e-01	2.5875369144e+03
9.3965527577e+06	9.4924003817e-01	2.5901653229e+03
9.3965527577e+06	9.4916353445e-01	2.5928629409e+03
9.3965527577e+06	9.4908624261e-01	2.5956232493e+03
9.3965527577e+06	9.4900763060e-01	2.5984409363e+03
9.3965527577e+06	9.4892741792e-01	2.6013114412e+03
9.3965527577e+06	9.4884649334e-01	2.6042302949e+03
9.3965527577e+06	9.4876431707e-01	2.6071942752e+03
9.3965527577e+06	9.4868179762e-01	2.6101998380e+03
9.3965527577e+06	9.4859804264e-01	2.6132446534e+03
9.3965527577e+06	9.4851200841e-01	2.6163267147e+03
9.3965527577e+06	9.4842553610e-01	2.6194428466e+03
9.3965527577e+06	9.4833615238e-01	2.6225921013e+03
9.3965527577e+06	9.4824623430e-01	2.6257713410e+03
9.3965527577e+06	9.4815596214e-01	2.6289785676e+03
9.3965527577e+06	9.4806533413e-01	2.6322119621e+03
9.3965527577e+06	9.4797434822e-01	2.6354697847e+03
9.3965527577e+06	9.4788300246e-01	2.6387503563e+03
9.3965527577e+06	9.4779129487e-01	2.6420520642e+03
9.3965527577e+06	9.4769922390e-01	2.6453733577e+03
9.3965527577e+06	9.4760678705e-01	2.6487128222e+03
9.3965527577e+06	9.4751398221e-01	2.6520691703e+03
9.3965527577e+06	9.4742080670e-01	2.6554413341e+03
9.3965527577e+06	9.4732725930e-01	2.6588284690e+03
9.3965527577e+06	9.4723333721e-01	2.6622301701e+03
9.3965527577e+06	9.4713903799e-01	2.6656465263e+03
9.3965527577e+06	9.4704435820e-01	2.6690783314e+03
9.3965527577e+06	9.4694929630e-01	2.6725271417e+03
9.3965527577e+06	9.4685384962e-01	2.6759955975e+03
9.3965527577e+06	9.4675801130e-01	2.6794876517e+03
9.3965527577e+06	9.4666176728e-01	2.6830086336e+03
9.3965527577e+06	9.4656511579e-01	2.6865655038e+03
9.3965527577e+06	9.4646805506e-01	2.6901669461e+03
9.3965527577e+06	9.4637058074e-01	2.6938233905e+03
9.3965527577e+06	9.4627268452e-01	2.6975469579e+03
9.3965527577e+06	9.4617436635e-01	2.7013512183e+03
9.3965527577e+06	9.4607562178e-01	2.7052509809e+03
9.3965527577e+06	9.4597644609e-01	2.7092617854e+03
9.3965527577e+06	9.4587683584e-01	2.7133993133e+03
9.3965527577e+06	9.4577678665e-01	2.7176788279e+03
9.3965527577e+06	9.4567629614e-01	2.7221144275e+03
9.3965527577e+06	9.4557536054e-01	2.7267184337e+03
9.3965527577e+06	9.4547397591e-01	2.7315006369e+03
9.3965527577e+06	9.4537213939e-01	2.7364677552e+03
9.3965527577e+06	9.4526984688e-01	2.7416230511e+03
9.3965527577e+06	9.4516709583e-01	2.7469659965e+03
9.3965527577e+06	9.4506387915e-01	2.7524925589e+03
9.3965527577e+06	9.4496019300e-01	2.7581952515e+03
9.3965527577e+06	9.4485603031e-01	2.7640637078e+03
9.3965527577e+06	9.4475138254e-01	2.7700853052e+03
9.3965527577e+06	9.4464625592e-01	2.7762458866e+03
9.3965527577e+06	9.4454066059e-01	2.7825303327e+03
9.3965527577e+06	9.4443459979e-01	2.7889234277e+03
9.3965527577e+06	9.4432807164e-01	2.7954102731e+03
9.3965527577e+06	9.4422106918e-01	2.8019767451e+03
9.3965527577e+06	9.4411360071e-01	2.8086097817e+03
9.3965527577e+06	9.4400565052e-01	2.8152975809e+03
9.3965527577e+06	9.4389722441e-01	2.8220296535e+03
9.3965527577e+06	9.4378832004e-01	2.8287968279e+03
9.3965527577e+06	9.4367892001e-01	2.8355911912e+03
9.3965527577e+06	9.4356903081e-01	2.8424059678e+03
9.3965527577e+06	9.4345864125e-01	2.8492354413e+03
9.3965527577e+06	9.4334774037e-01	2.8560747140e+03
9.3965527577e+06	9.4323630437e-01	2.8629197482e+03
9.3965527577e+06	9.4312435770e-01	2.8697670196e+03
9.3965527577e+06	9.4301192327e-01	2.8766136272e+03
9.3965527577e+06	9.4289899887e-01	2.8834569814e+03
9.3965527577e+06	9.4278558204e-01	2.8902948396e+03
9.3965527577e+06	9.4267166922e-01	2.8971252687e+03
9.3965527577e+06	9.4255725749e-01	2.9039465088e+03
9.3965527577e+06	9.4244234432e-01	2.9107571329e+03
9.3965527577e+06	9.4232692596e-01	2.9175579176e+03
9.3965527577e+06	9.4221099628e-01	2.9243722916e+03
9.3965527577e+06	9.4209451795e-01	2.9314698678e+03
9.3965527577e+06	9.4199452054e-01	2.9417808495e+03
9.3965527577e+06	9.4198721259e-01	2.9488289480e+03
9.3965527577e+06	9.4198019363e-01	2.9562527158e+03
9.3965527577e+06	9.4197315330e-01	2.9662149736e+03
9.3965527577e+06	9.4196616253e-01	2.9773967622e+03
9.3965527577e+06	9.4195925240e-01	2.9876877168e+03
9.3965527577e+06	9.4195247373e-01	2.9945707615e+03
9.3965527577e+06	9.4194579137e-01	2.9985964399e+03
9.3965527577e+06	9.4193916203e-01	3.0010901385e+03
9.3965527577e+06	9.4193256043e-01	3.0029342360e+03
9.3965527577e+06	9.4192598256e-01	3.0044350576e+03
9.3965527577e+06	9.4191942440e-01	3.0057525699e+03
9.3965527577e+06	9.4191287487e-01	3.0070230756e+03
9.3965527577e+06	9.4190634895e-01	3.0082062221e+03
9.3965527577e+06	9.4189985881e-01	3.0092957140e+03
9.3965527577e+06	9.4189342347e-01	3.0103097613e+03
9.3965527577e+06	9.4188710376e-01	3.0111424070e+03
9.3965527577e+06	9.4188101670e-01	3.0115890713e+03
9.3965527577e+06	9.4187544441e-01	3.0112337335e+03
9.3965527577e+06	9.4187102130e-01	3.0090427922e+03
9.3965527577e+06	9.4186914763e-01	3.0046023335e+03
9.3965527577e+06	9.4186994829e-01	2.9968594765e+03
9.3965527577e+06	9.4187432155e-01	2.9839841578e+03
9.3965527577e+06	9.4188346792e-01	2.9631041695e+03
9.3965527577e+06	9.4189939363e-01	2.9298108425e+03
9.3965527577e+06	9.4192327385e-01	2.8774813608e+03
9.3965527577e+06	9.4195261592e-01	2.7952793194e+03
9.3965527577e+06	9.4199257295e-01	2.6675177455e+03
9.3855146351e+06	9.4177539903e-01	2.5748734573e+03
9.3855146351e+06	9.4318913949e-01	2.5735405851e+03
9.3855146351e+06	9.4312991738e-01	2.5736357118e+03
9.3855146351e+06	9.4307050626e-01	2.5737101779e+03
9.3855146351e+06	9.4300901405e-01	2.5737039783e+03
9.3855146351e+06	9.4294663687e-01	2.5737274604e+03
9.3855146351e+06	9.4288285532e-01	2.5740865913e+03
9.3855146351e+06	9.4281721091e-01	2.5749662846e+03
9.3855146351e+06	9.4275028892e-01	2.5763720438e+03
9.3855146351e+06	9.4268184145e-01	2.5782273806e+03
9.3855146351e+06	9.4261292964e-01	2.5804406515e+03
9.3855146351e+06	9.4254366705e-01	2.5829319557e+03
9.3855146351e+06	9.4247293080e-01	2.5856386631e+03
9.3855146351e+06	9.4240176812e-01	2.5885122187e+03
9.3855146351e+06	9.4232889905e-01	2.5915171983e+03
9.3855146351e+06	9.4225426007e-01	2.5946266066e+03
9.3855146351e+06	9.4217918850e-01	2.5978193839e+03
9.3855146351e+06	9.4210363748e-01	2.6010799623e+03
9.3855146351e+06	9.4202606299e-01	2.6043971389e+03
9.3855146351e+06	9.4194709034e-01	2.6077612190e+03
9.3855146351e+06	9.4186627535e-01	2.6111650384e+03
9.3855146351e+06	9.4178372446e-01	2.6146026906e+03
9.3855146351e+06	9.4170084582e-01	2.6180688317e+03
9.3855146351e+06	9.4161763656e-01	2.6215599266e+03
9.3855146351e+06	9.4153409525e-01	2.6250733274e+03
9.3855146351e+06	9.4145021963e-01	2.6286073498e+03
9.3855146351e+06	9.4136600774e-01	2.6321612732e+03
9.3855146351e+06	9.4128145752e-01	2.6357354489e+03
9.3855146351e+06	9.4119656573e-01	2.6393314846e+03
9.3855146351e+06	9.4111132884e-01	2.6429523701e+03
9.3855146351e+06	9.4102574379e-01	2.6466026166e+03
9.3855146351e+06	9.4093980857e-01	2.6502883838e+03
9.3855146351e+06	9.4085351777e-01	2.6540177773e+03
9.3855146351e+06	9.4076686861e-01	2.6578006373e+03
9.3855146351e+06	9.4067985622e-01	2.6616486797e+03
9.3855146351e+06	9.4059247567e-01	2.6655752373e+03
9.3855146351e+06	9.4050472324e-01	2.6695949083e+03
9.3855146351e+06	9.4041659366e-01	2.6737231375e+03
9.3855146351e+06	9.4032807142e-01	2.6779757647e+03
9.3855146351e+06	9.4023916056e-01	2.6823682703e+03
9.3855146351e+06	9.4014985664e-01	2.6869149721e+03
9.3855146351e+06	9.4006015577e-01	2.6916285018e+03
9.3855146351e+06	9.3997006172e-01	2.6965188410e+03
9.3855146351e+06	9.3987956493e-01	2.7015929870e+03
9.3855146351e+06	9.3978866935e-01	2.7068542703e+03
9.3855146351e+06	9.3969737465e-01	2.7123022375e+03
9.3855146351e+06	9.3960567713e-01	2.7179327887e+03
9.3855146351e+06	9.3951357387e-01	2.7237383366e+03
9.3855146351e+06	9.3942106416e-01	2.7297083418e+03
9.3855146351e+06	9.3932814676e-01	2.7358298992e+03
9.3855146351e+06	9.3923481800e-01	2.7420886348e+03
9.3855146351e+06	9.3914107289e-01	2.7484693300e+03
9.3855146351e+06	9.3904690591e-01	2.7549565154e+03
9.3855146351e+06	9.3895231456e-01	2.7615352227e+03
9.3855146351e+06	9.3885728785e-01	2.7681912847e+03
9.3855146351e+06	9.3876181936e-01	2.7749116962e+03
9.3855146351e+06	9.3866589664e-01	2.7816846946e+03
9.3855146351e+06	9.3856951460e-01	2.7884998882e+03
9.3855146351e+06	9.3847268913e-01	2.7953482928e+03
9.3855146351e+06	9.3837542941e-01	2.8022221820e+03
9.3855146351e+06	9.3827772896e-01	2.8091150077e+03
9.3855146351e+06	9.3817959480e-01	2.8160212538e+03
9.3855146351e+06	9.3808102326e-01	2.8229363300e+03
9.3855146351e+06	9.3798200149e-01	2.8298563305e+03
9.3855146351e+06	9.3788254020e-01	2.8367780322e+03
9.3855146351e+06	9.3778262595e-01	2.8436986918e+03
9.3855146351e+06	9.3768225415e-01	2.8506159495e+03
9.3855146351e+06	9.3758142414e-01	2.8575277464e+03
9.3855146351e+06	9.3748012424e-01	2.8644322936e+03
9.3855146351e+06	9.3737834250e-01	2.8713278846e+03
9.3855146351e+06	9.3727605393e-01	2.8782131165e+03
9.3855146351e+06	9.3717328290e-01	2.8850874144e+03
9.3855146351e+06	9.3707005912e-01	2.8919586613e+03
9.3855146351e+06	9.3696636618e-01	2.8989267626e+03
9.3855146351e+06	9.3686206346e-01	2.9070861049e+03
9.3855146351e+06	9.3682712998e-01	2.9191437795e+03
9.3855146351e+06	9.3682071668e-01	2.9264221139e+03
9.3855146351e+06	9.3681428592e-01	2.9361317708e+03
9.3855146351e+06	9.3680791026e-01	2.9469963122e+03
9.3855146351e+06	9.3680161144e-01	2.9570193424e+03
9.3855146351e+06	9.3679544869e-01	2.9637325003e+03
9.3855146351e+06	9.3678938591e-01	2.9676895350e+03
9.3855146351e+06	9.3678337628e-01	2.9701707694e+03
9.3855146351e+06	9.3677738942e-01	2.9720347167e+03
9.3855146351e+06	9.3677142819e-01	2.9735626309e+03
9.3855146351e+06	9.3676548831e-01	2.9749089548e+03
9.3855146351e+06	9.3675955512e-01	2.9762081170e+03
9.3855146351e+06	9.3675364604e-01	2.9774222416e+03
9.3855146351e+06	9.3674777438e-01	2.9785421245e+03
9.3855146351e+06	9.3674195531e-01	2.9795857367e+03
9.3855146351e+06	9.3673625146e-01	2.9804488153e+03
9.3855146351e+06	9.3673078406e-01	2.9809232410e+03
9.3855146351e+06	9.3672583361e-01	2.9805914299e+03
9.3855146351e+06	9.3672204561e-01	2.9784098043e+03
9.3855146351e+06	9.3672070559e-01	2.9739577346e+03
9.3855146351e+06	9.3672200030e-01	2.9661788732e+03
9.3855146351e+06	9.3672689979e-01	2.9532271183e+03
9.3855146351e+06	9.3673671109e-01	2.9322903668e+03
9.3855146351e+06	9.3675251355e-01	2.8990033535e+03
9.3855146351e+06	9.3677417186e-01	2.8462366949e+03
9.3855146351e+06	9.3680564931e-01	2.7632924526e+03
9.3855146351e+06	9.3679952442e-01	2.6344794534e+03
9.3855146351e+06	9.3661584394e-01	2.5767940204e+03
9.3855146351e+06	9.3655200904e-01	2.5780053702e+03
9.3855146351e+06	9.3648702598e-01	2.5796300124e+03
9.3855146351e+06	9.3642134892e-01	2.5816068696e+03
9.3855146351e+06	9.3635459612e-01	2.5838399785e+03
9.3855146351e+06	9.3628751230e-01	2.5862622546e+03
9.3855146351e+06	9.3621884850e-01	2.5888324151e+03
9.3855146351e+06	9.3614813204e-01	2.5915234387e+03
9.3855146351e+06	9.3607671389e-01	2.5943158307e+03
9.3855146351e+06	9.3600409377e-01	2.5971961298e+03
9.3855146351e+06	9.3593115000e-01	2.6001534362e+03
9.3855146351e+06	9.3585736546e-01	2.6031797862e+03
9.3855146351e+06	9.3578250867e-01	2.6062686152e+03
9.3855146351e+06	9.3570644601e-01	2.6094144587e+03
9.3855146351e+06	9.3562855492e-01	2.6126129611e+03
9.3855146351e+06	9.3554968107e-01	2.6158596830e+03
9.3855146351e+06	9.3547047466e-01	2.6191507877e+03
9.3855146351e+06	9.3538953048e-01	2.6224839178e+03
9.3855146351e+06	9.3530661955e-01	2.6258563967e+03
9.3855146351e+06	9.3522222833e-01	2.6292654755e+03
9.3855146351e+06	9.3513560383e-01	2.6327092258e+03
9.3855146351e+06	9.3504863910e-01	2.6361845531e+03
9.3855146351e+06	9.3496133273e-01	2.6396894224e+03
9.3855146351e+06	9.3487368331e-01	2.6432218980e+03
9.3855146351e+06	9.3478568822e-01	2.6467801750e+03
9.3855146351e+06	9.3469734577e-01	2.6503624781e+03
9.3855146351e+06	9.3460865501e-01	2.6539670661e+03
9.3855146351e+06	9.3451961290e-01	2.6575923505e+03
9.3855146351e+06	9.3443021796e-01	2.6612367610e+03
9.3855146351e+06	9.3434046821e-01	2.6648988577e+03
9.3855146351e+06	9.3425036217e-01	2.6685773358e+03
9.3855146351e+06	9.3415989666e-01	2.6722711760e+03
9.3855146351e+06	9.3406907049e-01	2.6759795785e+03
9.3855146351e+06	9.3397788028e-01	2.6797022554e+03
9.3855146351e+06	9.3388632416e-01	2.6834394102e+03
9.3855146351e+06	9.3379439942e-01	2.6871920031e+03
9.3855146351e+06	9.3370210386e-01	2.6909618843e+03
9.3855146351e+06	9.3360942661e-01	2.6947521262e+03
9.3855146351e+06	9.3351635432e-01	2.6985670802e+03
9.3855146351e+06	9.3342287978e-01	2.7024126746e+03
9.3855146351e+06	9.3332900162e-01	2.7062965587e+03
9.3855146351e+06	9.3323471551e-01	2.7102282170e+03
9.3855146351e+06	9.3314001642e-01	2.7142189608e+03
9.3855146351e+06	9.3304490080e-01	2.7182818141e+03
9.3855146351e+06	9.3294936305e-01	2.7224313519e+03
9.3855146351e+06	9.3285339792e-01	2.7266832310e+03
9.3855146351e+06	9.3275700156e-01	2.7310536930e+03
9.3855146351e+06	9.3266016881e-01	2.7355589394e+03
9.3855146351e+06	9.3256289055e-01	2.7402144663e+03
9.3855146351e+06	9.3246516815e-01	2.7450340136e+03
9.3855146351e+06	9.3236699401e-01	2.7500292245e+03
9.3855146351e+06	9.3226836081e-01	2.7552087192e+03
9.3855146351e+06	9.3216926362e-01	2.7605774889e+03
9.3855146351e+06	9.3206969467e-01	2.7661367792e+03
9.3855146351e+06	9.3196964450e-01	2.7718838756e+03
9.3855146351e+06	9.3186912537e-01	2.7778124371e+03
9.3855146351e+06	9.3176814811e-01	2.7839127022e+03
9.3855146351e+06	9.3166671802e-01	2.7901723690e+03
9.3855146351e+06	9.3156484107e-01	2.7965770975e+03
9.3855146351e+06	9.3146250221e-01	2.8031116334e+03
9.3855146351e+06	9.3135971031e-01	2.8097601237e+03
9.3855146351e+06	9.3125646465e-01	2.8165070944e+03
9.3855146351e+06	9.3115274733e-01	2.8233376652e+03
9.3855146351e+06	9.3104856918e-01	2.8302381197e+03
9.3855146351e+06	9.3094392063e-01	2.8371960482e+03
9.3855146351e+06	9.3083879156e-01	2.8442003458e+03
9.3855146351e+06	9.3073316710e-01	2.8512414269e+03
9.3855146351e+06	9.3062703320e-01	2.8583110312e+03
9.3855146351e+06	9.3052038198e-01	2.8654021483e+03
9.3855146351e+06	9.3041327231e-01	2.8725088502e+03
9.3855146351e+06	9.3030570141e-01	2.8796262124e+03
9.3855146351e+06	9.3019766619e-01	2.8867501590e+03
9.3855146351e+06	9.3008916482e-01	2.8938772155e+03
9.3855146351e+06	9.2998019412e-01	2.9010045344e+03
9.3855146351e+06	9.2987075170e-01	2.9081296824e+03
9.3855146351e+06	9.2976083486e-01	2.9152505862e+03
9.3855146351e+06	9.2965044045e-01	2.9223653844e+03
9.3855146351e+06	9.2953956569e-01	2.9294724103e+03
9.3855146351e+06	9.2942820548e-01	2.9365702158e+03
9.3855146351e+06	9.2931635624e-01	2.9436577130e+03
9.3855146351e+06	9.2920401495e-01	2.9508050466e+03
9.3855146351e+06	9.2909117365e-01	2.9579858141e+03
9.3855146351e+06	9.2897778122e-01	2.9655311384e+03
9.3855146351e+06	9.2888888290e-01	2.9771004155e+03
9.3855146351e+06	9.2888178812e-01	2.9830962615e+03
9.3855146351e+06	9.2887473994e-01	2.9908432407e+03
9.3855146351e+06	9.2886767834e-01	3.0010418078e+03
9.3855146351e+06	9.2886068143e-01	3.0121619393e+03
9.3855146351e+06	9.2885377516e-01	3.0220637510e+03
9.3855146351e+06	9.2884701683e-01	3.0285726017e+03
9.3855146351e+06	9.2884036416e-01	3.0324076837e+03
9.3855146351e+06	9.2883376314e-01	3.0348707424e+03
9.3855146351e+06	9.2882718479e-01	3.0367511243e+03
9.3855146351e+06	9.2882063456e-01	3.0383135371e+03
9.3855146351e+06	9.2881410832e-01	3.0396996104e+03
9.3855146351e+06	9.2880758696e-01	3.0410512306e+03
9.3855146351e+06	9.2880109590e-01	3.0423070353e+03
9.3855146351e+06	9.2879464904e-01	3.0434638907e+03
9.3855146351e+06	9.2878826551e-01	3.0445433176e+03
9.3855146351e+06	9.2878202482e-01	3.0454082118e+03
9.3855146351e+06	9.2877607260e-01	3.0458308376e+03
9.3855146351e+06	9.2877076733e-01	3.0453107244e+03
9.3855146351e+06	9.2876690327e-01	3.0426349075e+03
9.3855146351e+06	9.2876592066e-01	3.0373524302e+03
9.3855146351e+06	9.2876817883e-01	3.0282244908e+03
9.3855146351e+06	9.2877478447e-01	3.0131114111e+03
9.3855146351e+06	9.2878766493e-01	2.9886332202e+03
9.3855146351e+06	9.2880976544e-01	2.9495407889e+03
9.3855146351e+06	9.2884325384e-01	2.8883486316e+03
9.3855146351e+06	9.2888412907e-01	2.7925779092e+03
9.3855146351e+06	9.2890309509e-01	2.6444531045e+03
9.3855146351e+06	9.2871133987e-01	2.5809047870e+03
9.3855146351e+06	9.2864348286e-01	2.5822350536e+03
9.3855146351e+06	9.2857444000e-01	2.5839998747e+03
9.3855146351e+06	9.2850449691e-01	2.5861279964e+03
9.3855146351e+06	9.2843357026e-01	2.5885163553e+03
9.3855146351e+06	9.2836203168e-01	2.5910955830e+03
9.3855146351e+06	9.2828863262e-01	2.5938236190e+03
9.3855146351e+06	9.2821356450e-01	2.5966728320e+03
9.3855146351e+06	9.2813736671e-01	2.5996240237e+03
9.3855146351e+06	9.2806031094e-01	2.6026632681e+03
9.3855146351e+06	9.2798291032e-01	2.6057797992e+03
9.3855146351e+06	9.2790411338e-01	2.6089659025e+03
9.3855146351e+06	9.2782471844e-01	2.6122144559e+03
9.3855146351e+06	9.2774325182e-01	2.6155206667e+03
9.3855146351e+06	9.2766003707e-01	2.6188796771e+03
9.3855146351e+06	9.2757647101e-01	2.6222867352e+03
9.3855146351e+06	9.2749193984e-01	2.6257386475e+03
9.3855146351e+06	9.2740497070e-01	2.6292330720e+03
9.3855146351e+06	9.2731682067e-01	2.6327665746e+03
9.3855146351e+06	9.2722584717e-01	2.6363374924e+03
9.3855146351e+06	9.2713424534e-01	2.6399423257e+03
9.3855146351e+06	9.2704228317e-01	2.6435788159e+03
9.3855146351e+06	9.2694995961e-01	2.6472448968e+03
9.3855146351e+06	9.2685727190e-01	2.6509386709e+03
9.3855146351e+06	9.2676421901e-01	2.6546582513e+03
9.3855146351e+06	9.2667079789e-01	2.6584019007e+03
9.3855146351e+06	9.2657700786e-01	2.6621678506e+03
9.3855146351e+06	9.2648284573e-01	2.6659545003e+03
9.3855146351e+06	9.2638830998e-01	2.6697602669e+03
9.3855146351e+06	9.2629339850e-01	2.6735837020e+03
9.3855146351e+06	9.2619810914e-01	2.6774235179e+03
9.3855146351e+06	9.2610243967e-01	2.6812786530e+03
9.3855146351e+06	9.2600638773e-01	2.6851483616e+03
9.3855146351e+06	9.2590995145e-01	2.6890323044e+03
9.3855146351e+06	9.2581312750e-01	2.6929307704e+03
9.3855146351e+06	9.2571591304e-01	2.6968447783e+03
9.3855146351e+06	9.2561829394e-01	2.7007763406e+03
9.3855146351e+06	9.2552025701e-01	2.7047285280e+03
9.3855146351e+06	9.2542179779e-01	2.7087058585e+03
9.3855146351e+06	9.2532291080e-01	2.7127145144e+03
9.3855146351e+06	9.2522359010e-01	2.7167623633e+03
9.3855146351e+06	9.2512383176e-01	2.7208591780e+03
9.3855146351e+06	9.2502363085e-01	2.7250166047e+03
9.3855146351e+06	9.2492298191e-01	2.7292480274e+03
9.3855146351e+06	9.2482187813e-01	2.7335684375e+03
9.3855146351e+06	9.2472031700e-01	2.7379937784e+03
9.3855146351e+06	9.2461829105e-01	2.7425406784e+03
9.3855146351e+06	9.2451579220e-01	2.7472254953e+03
9.3855146351e+06	9.2441281514e-01	2.7520637878e+03
9.3855146351e+06	9.2430935247e-01	2.7570693709e+03
9.3855146351e+06	9.2420539830e-01	2.7622535658e+03
9.3855146351e+06	9.2410094165e-01	2.7676245136e+03
9.3855146351e+06	9.2399597227e-01	2.7731866516e+03
9.3855146351e+06	9.2389049784e-01	2.7789404616e+03
9.3855146351e+06	9.2378453787e-01	2.7848822605e+03
9.3855146351e+06	9.2367809847e-01	2.7910048370e+03
9.3855146351e+06	9.2357118478e-01	2.7972976501e+03
9.3855146351e+06	9.2346377924e-01	2.8037476290e+03
9.3855146351e+06	9.2335589749e-01	2.8103399432e+03
9.3855146351e+06	9.2324753552e-01	2.8170588088e+03
9.3855146351e+06	9.2313867539e-01	2.8238882030e+03
9.3855146351e+06	9.2302932776e-01	2.8308125149e+03
9.3855146351e+06	9.2291948404e-01	2.8378168905e+03
9.3855146351e+06	9.2280913141e-01	2.8448877818e+03
9.3855146351e+06	9.2269825429e-01	2.8520129909e+03
9.3855146351e+06	9.2258683144e-01	2.8591818229e+03
9.3855146351e+06	9.2247487099e-01	2.8663849158e+03
9.3855146351e+06	9.2236242989e-01	2.8736143915e+03
9.3855146351e+06	9.2224950629e-01	2.8808635201e+03
9.3855146351e+06	9.2213609698e-01	2.8881267744e+03
9.3855146351e+06	9.2202219924e-01	2.8953995421e+03
9.3855146351e+06	9.2190780968e-01	2.9026780338e+03
9.3855146351e+06	9.2179292674e-01	2.9099590243e+03
9.3855146351e+06	9.2167754763e-01	2.9172398941e+03
9.3855146351e+06	9.2156166832e-01	2.9245184301e+03
9.3855146351e+06	9.2144528628e-01	2.9317926519e+03
9.3855146351e+06	9.2132839565e-01	2.9390609346e+03
9.3855146351e+06	9.2121099342e-01	2.9463217655e+03
9.3855146351e+06	9.2109307673e-01	2.9536263360e+03
9.3855146351e+06	9.2097464139e-01	2.9609508513e+03
9.3855146351e+06	9.2085568420e-01	2.9682670927e+03
9.3855146351e+06	9.2073619645e-01	2.9756055259e+03
9.3855146351e+06	9.2061612240e-01	2.9833096475e+03
9.3855146351e+06	9.2052092519e-01	2.9950444799e+03
9.3855146351e+06	9.2051327565e-01	3.0013609969e+03
9.3855146351e+06	9.2050572614e-01	3.0092997756e+03
9.3855146351e+06	9.2049816779e-01	3.0196475824e+03
9.3855146351e+06	9.2049068363e-01	3.0307659302e+03
9.3855146351e+06	9.2048330334e-01	3.0404882814e+03
9.3855146351e+06	9.2047608184e-01	3.0468182817e+03
9.3855146351e+06	9.2046897211e-01	3.0505631640e+03
9.3855146351e+06	9.2046191471e-01	3.0530170333e+03
9.3855146351e+06	9.2045488167e-01	3.0549186566e+03
9.3855146351e+06	9.2044787965e-01	3.0565147689e+03
9.3855146351e+06	9.2044090453e-01	3.0579383108e+03
9.3855146351e+06	9.2043392910e-01	3.0593355441e+03
9.3855146351e+06	9.2042698993e-01	3.0606303863e+03
9.3855146351e+06	9.2042010200e-01	3.0618226500e+03
9.3855146351e+06	9.2041328436e-01	3.0629361786e+03
9.3855146351e+06	9.2040663588e-01	3.0638102467e+03
9.3855146351e+06	9.2040032897e-01	3.0642006002e+03
9.3855146351e+06	9.2039480456e-01	3.0635393597e+03
9.3855146351e+06	9.2039100800e-01	3.0604790819e+03
9.3855146351e+06	9.2039050598e-01	3.0545451635e+03
9.3855146351e+06	9.2039383199e-01	3.0443563687e+03
9.3855146351e+06	9.2040226289e-01	3.0275371743e+03
9.3855146351e+06	9.2041821181e-01	3.0003342508e+03
9.3842246546e+06	9.2044524150e-01	2.9570665231e+03
9.3842246546e+06	9.2335204068e-01	2.8950436630e+03
9.3842246546e+06	9.2339964618e-01	2.7880950794e+03
9.3842246546e+06	9.2338901481e-01	2.6371384410e+03
9.3842246546e+06	9.2323125060e-01	2.5924469127e+03
9.3842246546e+06	9.2316790152e-01	2.5939116280e+03
9.3842246546e+06	9.2310339944e-01	2.5958353926e+03
9.3842246546e+06	9.2303779827e-01	2.5981295716e+03
9.3842246546e+06	9.2297138920e-01	2.6006851123e+03
9.3842246546e+06	9.2290408191e-01	2.6034316807e+03
9.3842246546e+06	9.2283383605e-01	2.6063275695e+03
9.3842246546e+06	9.2276322895e-01	2.6093439754e+03
9.3842246546e+06	9.2269108405e-01	2.6124626651e+03
9.3842246546e+06	9.2261851050e-01	2.6156693280e+03
9.3842246546e+06	9.2254531015e-01	2.6189535865e+03
9.3842246546e+06	9.2247072018e-01	2.6223075994e+03
9.3842246546e+06	9.2239492878e-01	2.6257245583e+03
9.3842246546e+06	9.2231719320e-01	2.6291993014e+03
9.3842246546e+06	9.2223844508e-01	2.6327266406e+03
9.3842246546e+06	9.2215934535e-01	2.6363021838e+03
9.3842246546e+06	9.2207810876e-01	2.6399233502e+03
9.3842246546e+06	9.2199513574e-01	2.6435868386e+03
9.3842246546e+06	9.2190993652e-01	2.6472900899e+03
9.3842246546e+06	9.2182309164e-01	2.6510302871e+03
9.3842246546e+06	9.2173590626e-01	2.6548043870e+03
9.3842246546e+06	9.2164837904e-01	2.6586101982e+03
9.3842246546e+06	9.2156050784e-01	2.6624456905e+03
9.3842246546e+06	9.2147229088e-01	2.6663089177e+03
9.3842246546e+06	9.2138372588e-01	2.6701980349e+03
9.3842246546e+06	9.2129481105e-01	2.6741112446e+03
9.3842246546e+06	9.2120554585e-01	2.6780467571e+03
9.3842246546e+06	9.2111592748e-01	2.6820029505e+03
9.3842246546e+06	9.2102595349e-01	2.6859782747e+03
9.3842246546e+06	9.2093562295e-01	2.6899712266e+03
9.3842246546e+06	9.2084493330e-01	2.6939805410e+03
9.3842246546e+06	9.2075388238e-01	2.6980051637e+03
9.3842246546e+06	9.2066246794e-01	2.7020443696e+03
9.3842246546e+06	9.2057068749e-01	2.7060978827e+03
9.3842246546e+06	9.2047853839e-01	2.7101660270e+03
9.3842246546e+06	9.2038600448e-01	2.7142499447e+03
9.3842246546e+06	9.2029307200e-01	2.7183516675e+03
9.3842246546e+06	9.2019973531e-01	2.7224745240e+03
9.3842246546e+06	9.2010599025e-01	2.7266232559e+03
9.3842246546e+06	9.2001183073e-01	2.7308042878e+03
9.3842246546e+06	9.1991725255e-01	2.7350257719e+03
9.3842246546e+06	9.1982224999e-01	2.7392979245e+03
9.3842246546e+06	9.1972681854e-01	2.7436327408e+03
9.3842246546e+06	9.1963095153e-01	2.7480441545e+03
9.3842246546e+06	9.1953464039e-01	2.7525474644e+03
9.3842246546e+06	9.1943788073e-01	2.7571591413e+03
9.3842246546e+06	9.1934066439e-01	2.7618960875e+03
9.3842246546e+06	9.1924298273e-01	2.7667750036e+03
9.3842246546e+06	9.1914482673e-01	2.7718114512e+03
9.3842246546e+06	9.1904618972e-01	2.7770191237e+03
9.3842246546e+06	9.1894706125e-01	2.7824089668e+03
9.3842246546e+06	9.1884743730e-01	2.7879886048e+03
9.3842246546e+06	9.1874734466e-01	2.7937617110e+03
9.3842246546e+06	9.1864679304e-01	2.7997278281e+03
9.3842246546e+06	9.1854578229e-01	2.8058824540e+03
9.3842246546e+06	9.1844430677e-01	2.8122172875e+03
9.3842246546e+06	9.1834237665e-01	2.8187209518e+03
9.3842246546e+06	9.1823998606e-01	2.8253795557e+03
9.3842246546e+06	9.1813712173e-01	2.8321776711e+03
9.3842246546e+06	9.1803379429e-01	2.8390990288e+03
9.3842246546e+06	9.1792999315e-01	2.8461273903e+03
9.3842246546e+06	9.1782570507e-01	2.8532470327e+03
9.3842246546e+06	9.1772091466e-01	2.8604432875e+03
9.3842246546e+06	9.1761559703e-01	2.8677026785e+03
9.3842246546e+06	9.1750977158e-01	2.8750132959e+03
9.3842246546e+06	9.1740349462e-01	2.8823646917e+03
9.3842246546e+06	9.1729676364e-01	2.8897479303e+03
9.3842246546e+06	9.1718957615e-01	2.8971554578e+03
9.3842246546e+06	9.1708192985e-01	2.9045809630e+03
9.3842246546e+06	9.1697382161e-01	2.9120192507e+03
9.3842246546e+06	9.1686525017e-01	2.9194659500e+03
9.3842246546e+06	9.1675621285e-01	2.9269175510e+03
9.3842246546e+06	9.1664670627e-01	2.9343711303e+03
9.3842246546e+06	9.1653672726e-01	2.9418242496e+03
9.3842246546e+06	9.1642627125e-01	2.9492748576e+03
9.3842246546e+06	9.1631533462e-01	2.9567212244e+03
9.3842246546e+06	9.1620391410e-01	2.9641970526e+03
9.3842246546e+06	9.1609200633e-01	2.9717151594e+03
9.3842246546e+06	9.1597960878e-01	2.9792247694e+03
9.3842246546e+06	9.1586671782e-01	2.9867249338e+03
9.3842246546e+06	9.1575332962e-01	2.9942176106e+03
9.3842246546e+06	9.1563943537e-01	3.0017362184e+03
9.3842246546e+06	9.1552497301e-01	3.0096561191e+03
9.3842246546e+06	9.1543701681e-01	3.0219742789e+03
9.3842246546e+06	9.1542970128e-01	3.0279427859e+03
9.3842246546e+06	9.1542236416e-01	3.0360807035e+03
9.3842246546e+06	9.1541502596e-01	3.0465823616e+03
9.3842246546e+06	9.1540776808e-01	3.0577122447e+03
9.3842246546e+06	9.1540061014e-01	3.0672995289e+03
9.3842246546e+06	9.1539361202e-01	3.0734995805e+03
9.3842246546e+06	9.1538672500e-01	3.0771888232e+03
9.3842246546e+06	9.1537988892e-01	3.0796514884e+03
9.3842246546e+06	9.1537307863e-01	3.0815852981e+03
9.3842246546e+06	9.1536630088e-01	3.0832220139e+03
9.3842246546e+06	9.1535955027e-01	3.0846924449e+03
9.3842246546e+06	9.1535279705e-01	3.0861348202e+03
9.3842246546e+06	9.1534608308e-01	3.0874731994e+03
9.3842246546e+06	9.1533942478e-01	3.0887054126e+03
9.3842246546e+06	9.1533283837e-01	3.0898574064e+03
9.3842246546e+06	9.1532643782e-01	3.0907485787e+03
9.3842246546e+06	9.1532041199e-01	3.0911195875e+03
9.3842246546e+06	9.1531524927e-01	3.0903435179e+03
9.3842246546e+06	9.1531207528e-01	3.0871886859e+03
9.3842246546e+06	9.1531206217e-01	3.0811324648e+03
9.3842246546e+06	9.1531591996e-01	3.0707472406e+03
9.3842246546e+06	9.1532504473e-01	3.0536069215e+03
9.3842246546e+06	9.1534215171e-01	3.0258618410e+03
9.3842246546e+06	9.1537116276e-01	2.9816114263e+03
9.3842246546e+06	9.1541593597e-01	2.9123405985e+03
9.3842246546e+06	9.1547015961e-01	2.8044637896e+03
9.3842246546e+06	9.1548841285e-01	2.6529487445e+03
9.3842246546e+06	9.1530757127e-01	2.5967648494e+03
9.3842246546e+06	9.1523277702e-01	2.5983579719e+03
9.3842246546e+06	9.1515675778e-01	2.6004295615e+03
9.3842246546e+06	9.1507941840e-01	2.6028823179e+03
9.3842246546e+06	9.1500132349e-01	2.6056005158e+03
9.3842246546e+06	9.1492166735e-01	2.6085118886e+03
9.3842246546e+06	9.1483949195e-01	2.6115733916e+03
9.3842246546e+06	9.1475668437e-01	2.6147562642e+03
9.3842246546e+06	9.1467239784e-01	2.6180419678e+03
9.3842246546e+06	9.1458772993e-01	2.6214160820e+03
9.3842246546e+06	9.1450189069e-01	2.6248685122e+03
9.3842246546e+06	9.1441506341e-01	2.6283908305e+03
9.3842246546e+06	9.1432623215e-01	2.6319768600e+03
9.3842246546e+06	9.1423545284e-01	2.6356209707e+03
9.3842246546e+06	9.1414422133e-01	2.6393176500e+03
9.3842246546e+06	9.1405179595e-01	2.6430632329e+03
9.3842246546e+06	9.1395696289e-01	2.6468548415e+03
9.3842246546e+06	9.1386052779e-01	2.6506889068e+03
9.3842246546e+06	9.1376128065e-01	2.6545632640e+03
9.3842246546e+06	9.1366150750e-01	2.6584741492e+03
9.3842246546e+06	9.1356134233e-01	2.6624191073e+03
9.3842246546e+06	9.1346078221e-01	2.6663959884e+03
9.3842246546e+06	9.1335982555e-01	2.6704027149e+03
9.3842246546e+06	9.1325847080e-01	2.6744373073e+03
9.3842246546e+06	9.1315671480e-01	2.6784979295e+03
9.3842246546e+06	9.1305455599e-01	2.6825827501e+03
9.3842246546e+06	9.1295199271e-01	2.6866900045e+03
9.3842246546e+06	9.1284902162e-01	2.6908180658e+03
9.3842246546e+06	9.1274564171e-01	2.6949652993e+03
9.3842246546e+06	9.1264184938e-01	2.6991302920e+03
9.3842246546e+06	9.1253764360e-01	2.7033116956e+03
9.3842246546e+06	9.1243302050e-01	2.7075085096e+03
9.3842246546e+06	9.1232797814e-01	2.7117199872e+03
9.3842246546e+06	9.1222251437e-01	2.7159458379e+03
9.3842246546e+06	9.1211661077e-01	2.7201864822e+03
9.3842246546e+06	9.1201024859e-01	2.7244430713e+03
9.3842246546e+06	9.1190342356e-01	2.7287177163e+03
9.3842246546e+06	9.1179613122e-01	2.7330138085e+03
9.3842246546e+06	9.1168836480e-01	2.7373362530e+03
9.3842246546e+06	9.1158011761e-01	2.7416916474e+03
9.3842246546e+06	9.1147138660e-01	2.7460883546e+03
9.3842246546e+06	9.1136216062e-01	2.7505368583e+03
9.3842246546e+06	9.1125243114e-01	2.7550495216e+03
9.3842246546e+06	9.1114219877e-01	2.7596404313e+03
9.3842246546e+06	9.1103144546e-01	2.7643254181e+03
9.3842246546e+06	9.1092016934e-01	2.7691211628e+03
9.3842246546e+06	9.1080835338e-01	2.7740449437e+03
9.3842246546e+06	9.1069599220e-01	2.7791135428e+03
9.3842246546e+06	9.1058307297e-01	2.7843426878e+03
9.3842246546e+06	9.1046958288e-01	2.7897460107e+03
9.3842246546e+06	9.1035554556e-01	2.7953342444e+03
9.3842246546e+06	9.1024097645e-01	2.8011146439e+03
9.3842246546e+06	9.1012587699e-01	2.8070901532e+03
9.3842246546e+06	9.1001025371e-01	2.8132597208e+03
9.3842246546e+06	9.0989410934e-01	2.8196180512e+03
9.3842246546e+06	9.0977742742e-01	2.8261561805e+03
9.3842246546e+06	9.0966021198e-01	2.8328619607e+03
9.3842246546e+06	9.0954246365e-01	2.8397209666e+03
9.3842246546e+06	9.0942417321e-01	2.8467171989e+03
9.3842246546e+06	9.0930532450e-01	2.8538341986e+03
9.3842246546e+06	9.0918590281e-01	2.8610554118e+03
9.3842246546e+06	9.0906588117e-01	2.8683651224e+03
9.3842246546e+06	9.0894527457e-01	2.8757486748e+03
9.3842246546e+06	9.0882415277e-01	2.8831927832e+03
9.3842246546e+06	9.0870251232e-01	2.8906857817e+03
9.3842246546e+06	9.0858035179e-01	2.8982174475e+03
9.3842246546e+06	9.0845766732e-01	2.9057792208e+03
9.3842246546e+06	9.0833445721e-01	2.9133637747e+03
9.3842246546e+06	9.0821071815e-01	2.9209651325e+03
9.3842246546e+06	9.0808644791e-01	2.9285783459e+03
9.3842246546e+06	9.0796164260e-01	2.9361993672e+03
9.3842246546e+06	9.0783629875e-01	2.9438248872e+03
9.3842246546e+06	9.0771041157e-01	2.9514521892e+03
9.3842246546e+06	9.0758397649e-01	2.9590790524e+03
9.3842246546e+06	9.0745698910e-01	2.9667130477e+03
9.3842246546e+06	9.0732944732e-01	2.9744203588e+03
9.3842246546e+06	9.0720134681e-01	2.9821223278e+03
9.3842246546e+06	9.0707268336e-01	2.9898176518e+03
9.3842246546e+06	9.0694345380e-01	2.9975050649e+03
9.3842246546e+06	9.0681365463e-01	3.0051836321e+03
9.3842246546e+06	9.0668328107e-01	3.0128553397e+03
9.3842246546e+06	9.0655232291e-01	3.0205531167e+03
9.3842246546e+06	9.0642071503e-01	3.0286462097e+03
9.3842246546e+06	9.0631756263e-01	3.0410682799e+03
9.3842246546e+06	9.0630907481e-01	3.0475332211e+03
9.3842246546e+06	9.0630066487e-01	3.0558731587e+03
9.3842246546e+06	9.0629225970e-01	3.0665259958e+03
9.3842246546e+06	9.0628394456e-01	3.0776597252e+03
9.3842246546e+06	9.0627573988e-01	3.0870947652e+03
9.3842246546e+06	9.0626770597e-01	3.0931512831e+03
9.3842246546e+06	9.0625978931e-01	3.0967774386e+03
9.3842246546e+06	9.0625192137e-01	3.0992470087e+03
9.3842246546e+06	9.0624407906e-01	3.1012109927e+03
9.3842246546e+06	9.0623627265e-01	3.1028871741e+03
9.3842246546e+06	9.0622849498e-01	3.1044056394e+03
9.3842246546e+06	9.0622072292e-01	3.1058925350e+03
9.3842246546e+06	9.0621299584e-01	3.1072737212e+03
9.3842246546e+06	9.0620533311e-01	3.1085444474e+03
9.3842246546e+06	9.0619775446e-01	3.1097328464e+03
9.3842246546e+06	9.0619039730e-01	3.1106319722e+03
9.3842246546e+06	9.0618348367e-01	3.1109628542e+03
9.3842246546e+06	9.0617761062e-01	3.1100155441e+03
9.3842246546e+06	9.0617423898e-01	3.1068035530e+03
9.3842246546e+06	9.0617409824e-01	3.1007224604e+03
9.3842246546e+06	9.0617809823e-01	3.0903119865e+03
9.3842246546e+06	9.0618777090e-01	3.0731307790e+03
9.3842246546e+06	9.0620610259e-01	3.0453004192e+03
9.3738043695e+06	9.0623762162e-01	3.0015818643e+03
9.3738043695e+06	9.0687468508e-01	3.0013638512e+03
9.3738043695e+06	9.0678703229e-01	3.0014115991e+03
9.3738043695e+06	9.0669879077e-01	3.0014358280e+03
9.3738043695e+06	9.0661008939e-01	3.0011866356e+03
9.3738043695e+06	9.0652098407e-01	3.0010137621e+03
9.3738043695e+06	9.0643149896e-01	3.0016081091e+03
9.3738043695e+06	9.0634164588e-01	3.0031005958e+03
9.3738043695e+06	9.0625143068e-01	3.0053386898e+03
9.3738043695e+06	9.0616085615e-01	3.0081360772e+03
9.3738043695e+06	9.0606992317e-01	3.0113422768e+03
9.3738043695e+06	9.0597863236e-01	3.0148479167e+03
9.3738043695e+06	9.0588698211e-01	3.0185759532e+03
9.3738043695e+06	9.0579497251e-01	3.0224721828e+03
9.3738043695e+06	9.0570260200e-01	3.0264982516e+03
9.3738043695e+06	9.0560986912e-01	3.0306266162e+03
9.3738043695e+06	9.0551677224e-01	3.0348371795e+03
9.3738043695e+06	9.0542330960e-01	3.0391150148e+03
9.3738043695e+06	9.0532947989e-01	3.0434488019e+03
9.3738043695e+06	9.0523528011e-01	3.0478298825e+03
9.3738043695e+06	9.0514070880e-01	3.0522514042e+03
9.3738043695e+06	9.0504576389e-01	3.0567079429e+03
9.3738043695e+06	9.0495044269e-01	3.0611951954e+03
9.3738043695e+06	9.0485474478e-01	3.0657096518e+03
9.3738043695e+06	9.0475866605e-01	3.0702487881e+03
9.3738043695e+06	9.0466220476e-01	3.0748107637e+03
9.3738043695e+06	9.0456535840e-01	3.0793946227e+03
9.3738043695e+06	9.0446812435e-01	3.0840003785e+03
9.3738043695e+06	9.0437050054e-01	3.0886291415e+03
9.3738043695e+06	9.0427248323e-01	3.0932834195e+03
9.3738043695e+06	9.0417406822e-01	3.0979673070e+03
9.3738043695e+06	9.0407525395e-01	3.1026865573e+03
9.3738043695e+06	9.0397603488e-01	3.1074491166e+03
9.3738043695e+06	9.0387640784e-01	3.1122649677e+03
9.3738043695e+06	9.0377636862e-01	3.1171463735e+03
9.3738043695e+06	9.0367591375e-01	3.1221077235e+03
9.3738043695e+06	9.0357503801e-01	3.1271654286e+03
9.3738043695e+06	9.0347373624e-01	3.1323374603e+03
9.3738043695e+06	9.0337200604e-01	3.1376426139e+03
9.3738043695e+06	9.0326984234e-01	3.1431000728e+03
9.3738043695e+06	9.0316724261e-01	3.1487282517e+03
9.3738043695e+06	9.0306420262e-01	3.1545440680e+03
9.3738043695e+06	9.0296072162e-01	3.1605617013e+03
9.3738043695e+06	9.0285679671e-01	3.1667920248e+03
9.3738043695e+06	9.0275242621e-01	3.1732417146e+03
9.3738043695e+06	9.0264760869e-01	3.1799128521e+03
9.3738043695e+06	9.0254234204e-01	3.1868028510e+03
9.3738043695e+06	9.0243662537e-01	3.1939045908e+03
9.3738043695e+06	9.0233045830e-01	3.2012069199e+03
9.3738043695e+06	9.0222383985e-01	3.2086955135e+03
9.3738043695e+06	9.0211676776e-01	3.2163538573e+03
9.3738043695e+06	9.0200924033e-01	3.2241640121e+03
9.3738043695e+06	9.0190125565e-01	3.2321075900e+03
9.3738043695e+06	9.0179281114e-01	3.2401665401e+03
9.3738043695e+06	9.0168390519e-01	3.2483236359e+03
9.3738043695e+06	9.0157453605e-01	3.2565629868e+03
9.3738043695e+06	9.0146470056e-01	3.2648703930e+03
9.3738043695e+06	9.0135439515e-01	3.2732333842e+03
9.3738043695e+06	9.0124361881e-01	3.2816409974e+03
9.3738043695e+06	9.0113236779e-01	3.2900840975e+03
9.3738043695e+06	9.0102063908e-01	3.2985549719e+03
9.3738043695e+06	9.0090842959e-01	3.3070472219e+03
9.3738043695e+06	9.0079573568e-01	3.3155556172e+03
9.3738043695e+06	9.0068255539e-01	3.3240757619e+03
9.3738043695e+06	9.0056888457e-01	3.3326041835e+03
9.3738043695e+06	9.0045472078e-01	3.3411378828e+03
9.3738043695e+06	9.0034006011e-01	3.3496744492e+03
9.3738043695e+06	9.0022489946e-01	3.3582118014e+03
9.3738043695e+06	9.0010923532e-01	3.3667481818e+03
9.3738043695e+06	8.9999306664e-01	3.3752818646e+03
9.3738043695e+06	8.9987639036e-01	3.3838114733e+03
9.3738043695e+06	8.9975920390e-01	3.3923358803e+03
9.3738043695e+06	8.9964150380e-01	3.4008573180e+03
9.3738043695e+06	8.9952327922e-01	3.4094131600e+03
9.3738043695e+06	8.9940445667e-01	3.4184232654e+03
9.3738043695e+06	8.9931197797e-01	3.4324500074e+03
9.3738043695e+06	8.9930410098e-01	3.4395953279e+03
9.3738043695e+06	8.9929624532e-01	3.4491066086e+03
9.3738043695e+06	8.9928838163e-01	3.4613573975e+03
9.3738043695e+06	8.9928060775e-01	3.4743043378e+03
9.3738043695e+06	8.9927295730e-01	3.4853548998e+03
9.3738043695e+06	8.9926550524e-01	3.4924600631e+03
9.3738043695e+06	8.9925819072e-01	3.4966798742e+03
9.3738043695e+06	8.9925093005e-01	3.4995207181e+03
9.3738043695e+06	8.9924369790e-01	3.5017557206e+03
9.3738043695e+06	8.9923650564e-01	3.5036560535e+03
9.3738043695e+06	8.9922934227e-01	3.5053787786e+03
9.3738043695e+06	8.9922217795e-01	3.5070587805e+03
9.3738043695e+06	8.9921506362e-01	3.5086168405e+03
9.3738043695e+06	8.9920802134e-01	3.5100460955e+03
9.3738043695e+06	8.9920107374e-01	3.5113770908e+03
9.3738043695e+06	8.9919437971e-01	3.5123561643e+03
9.3738043695e+06	8.9918819382e-01	3.5126483540e+03
9.3738043695e+06	8.9918320280e-01	3.5113732117e+03
9.3738043695e+06	8.9918092396e-01	3.5075283534e+03
9.3738043695e+06	8.9918190606e-01	3.5003627336e+03
9.3738043695e+06	8.9918728110e-01	3.4881591998e+03
9.3738043695e+06	8.9919883380e-01	3.4680812334e+03
9.3738043695e+06	8.9921990704e-01	3.4356529916e+03
9.3738043695e+06	8.9925559276e-01	3.3845321676e+03
9.3738043695e+06	8.9931355918e-01	3.3044418319e+03
9.3738043695e+06	8.9940609792e-01	3.1802815340e+03
9.3738043695e+06	8.9953893827e-01	3.0076438956e+03
9.3738043695e+06	8.9964847321e-01	2.8458485738e+03
9.3738043695e+06	8.9972147175e-01	2.6926599854e+03
9.3738043695e+06	8.9951907949e-01	2.6063188850e+03
9.3738043695e+06	8.9944514592e-01	2.6081619358e+03
9.3738043695e+06	8.9936990204e-01	2.6105209208e+03
9.3738043695e+06	8.9929301433e-01	2.6132834496e+03
9.3738043695e+06	8.9921555176e-01	2.6163203168e+03
9.3738043695e+06	8.9913638657e-01	2.6195546269e+03
9.3738043695e+06	8.9905596541e-01	2.6229408837e+03
9.3738043695e+06	8.9897286088e-01	2.6264514700e+03
9.3738043695e+06	8.9888887235e-01	2.6300660062e+03
9.3738043695e+06	8.9880419805e-01	2.6337703282e+03
9.3738043695e+06	8.9871791270e-01	2.6375542652e+03
9.3738043695e+06	8.9863123663e-01	2.6414086830e+03
9.3738043695e+06	8.9854130421e-01	2.6453283942e+03
9.3738043695e+06	8.9845038073e-01	2.6493064240e+03
9.3738043695e+06	8.9835829408e-01	2.6533381117e+03
9.3738043695e+06	8.9826435927e-01	2.6574197239e+03
9.3738043695e+06	8.9816788905e-01	2.6615480681e+03
9.3738043695e+06	8.9806866040e-01	2.6657201022e+03
9.3738043695e+06	8.9796874066e-01	2.6699318088e+03
9.3738043695e+06	8.9786842469e-01	2.6741804433e+03
9.3738043695e+06	8.9776771125e-01	2.6784635969e+03
9.3738043695e+06	8.9766659718e-01	2.6827791036e+03
9.3738043695e+06	8.9756508145e-01	2.6871248330e+03
9.3738043695e+06	8.9746316144e-01	2.6914988222e+03
9.3738043695e+06	8.9736083501e-01	2.6958991671e+03
9.3738043695e+06	8.9725809940e-01	2.7003240585e+03
9.3738043695e+06	8.9715495294e-01	2.7047717039e+03
9.3738043695e+06	8.9705139409e-01	2.7092403754e+03
9.3738043695e+06	8.9694741922e-01	2.7137285225e+03
9.3738043695e+06	8.9684302663e-01	2.7182346314e+03
9.3738043695e+06	8.9673821461e-01	2.7227573596e+03
9.3738043695e+06	8.9663297912e-01	2.7272957084e+03
9.3738043695e+06	8.9652731816e-01	2.7318489310e+03
9.3738043695e+06	8.9642121826e-01	2.7364167591e+03
9.3738043695e+06	8.9631464355e-01	2.7409996418e+03
9.3738043695e+06	8.9620758873e-01	2.7455988468e+03
9.3738043695e+06	8.9610004987e-01	2.7502165730e+03
9.3738043695e+06	8.9599201819e-01	2.7548564735e+03
9.3738043695e+06	8.9588348146e-01	2.7595236010e+03
9.3738043695e+06	8.9577443734e-01	2.7642248566e+03
9.3738043695e+06	8.9566487641e-01	2.7689690227e+03
9.3738043695e+06	8.9555478757e-01	2.7737670508e+03
9.3738043695e+06	8.9544415475e-01	2.7786317913e+03
9.3738043695e+06	8.9533297096e-01	2.7835780492e+03
9.3738043695e+06	8.9522121982e-01	2.7886222427e+03
9.3738043695e+06	8.9510888477e-01	2.7937818279e+03
9.3738043695e+06	8.9499595118e-01	2.7990744521e+03
9.3738043695e+06	8.9488244858e-01	2.8045174216e+03
9.3738043695e+06	8.9476840351e-01	2.8101265912e+03
9.3738043695e+06	8.9465381621e-01	2.8159154944e+03
9.3738043695e+06	8.9453867918e-01	2.8218945244e+03
9.3738043695e+06	8.9442300319e-01	2.8280700697e+03
9.3738043695e+06	8.9430678739e-01	2.8344441906e+03
9.3738043695e+06	8.9419001114e-01	2.8410146622e+03
9.3738043695e+06	8.9407267577e-01	2.8477747584e+03
9.3738043695e+06	8.9395477678e-01	2.8547140951e+03
9.3738043695e+06	8.9383629821e-01	2.8618193520e+03
9.3738043695e+06	8.9371719611e-01	2.8690749818e+03
9.3738043695e+06	8.9359745152e-01	2.8764642930e+03
9.3738043695e+06	8.9347717223e-01	2.8839700422e+03
9.3738043695e+06	8.9335637574e-01	2.8915754530e+03
9.3738043695e+06	8.9323506105e-01	2.8992646124e+03
9.3738043695e+06	8.9311322497e-01	2.9070230804e+03
9.3738043695e+06	8.9299086371e-01	2.9148379994e+03
9.3738043695e+06	8.9286797663e-01	2.9226979559e+03
9.3738043695e+06	8.9274456127e-01	2.9305933352e+03
9.3738043695e+06	8.9262061524e-01	2.9385159817e+03
9.3738043695e+06	8.9249613351e-01	2.9464592647e+03
9.3738043695e+06	8.9237111334e-01	2.9544176434e+03
9.3738043695e+06	8.9224554943e-01	2.9623866298e+03
9.3738043695e+06	8.9211943734e-01	2.9703627181e+03
9.3738043695e+06	8.9199277329e-01	2.9783761379e+03
9.3738043695e+06	8.9186555313e-01	2.9864492014e+03
9.3738043695e+06	8.9173777404e-01	2.9945222876e+03
9.3738043695e+06	8.9160943212e-01	3.0025937509e+03
9.3738043695e+06	8.9148052406e-01	3.0106621205e+03
9.3738043695e+06	8.9135104551e-01	3.0187261448e+03
9.3738043695e+06	8.9122099258e-01	3.0267846405e+03
9.3738043695e+06	8.9109036138e-01	3.0348365083e+03
9.3738043695e+06	8.9095914791e-01	3.0428809278e+03
9.3738043695e+06	8.9082734762e-01	3.0509197810e+03
9.3738043695e+06	8.9069495037e-01	3.0589842028e+03
9.3738043695e+06	8.9056188687e-01	3.0674236719e+03
9.3738043695e+06	8.9045183254e-01	3.0799693712e+03
9.3738043695e+06	8.9044267704e-01	3.0876673284e+03
9.3738043695e+06	8.9043392211e-01	3.0964127869e+03
9.3738043695e+06	8.9042518181e-01	3.1073568585e+03
9.3738043695e+06	8.9041654736e-01	3.1184995569e+03
9.3738043695e+06	8.9040804008e-01	3.1276769288e+03
9.3738043695e+06	8.9039972245e-01	3.1335067158e+03
9.3738043695e+06	8.9039153259e-01	3.1370511313e+03
9.3738043695e+06	8.9038338943e-01	3.1395577499e+03
9.3738043695e+06	8.9037527659e-01	3.1415947320e+03
9.3738043695e+06	8.9036720591e-01	3.1433574739e+03
9.3738043695e+06	8.9035916308e-01	3.1449770550e+03
9.3738043695e+06	8.9035112134e-01	3.1465584193e+03
9.3738043695e+06	8.9034313558e-01	3.1480298003e+03
9.3738043695e+06	8.9033522816e-01	3.1493873641e+03
9.3738043695e+06	8.9032742675e-01	3.1506446532e+03
9.3738043695e+06	8.9031991581e-01	3.1515601851e+03
9.3738043695e+06	8.9031299442e-01	3.1518033243e+03
9.3738043695e+06	8.9030746584e-01	3.1504925814e+03
9.3738043695e+06	8.9030513850e-01	3.1471516459e+03
9.3738043695e+06	8.9030591658e-01	3.1409707918e+03
9.3738043695e+06	8.9031110778e-01	3.1304268748e+03
9.3738043695e+06	8.9032257781e-01	3.1130317249e+03
9.3738043695e+06	8.9034375639e-01	3.0848420679e+03
9.3738043695e+06	8.9038008376e-01	3.0397824330e+03
9.3593438702e+06	8.9043937559e-01	2.9697296162e+03
9.3593438702e+06	8.9006439717e-01	2.9690584161e+03
9.3593438702e+06	8.8996982114e-01	2.9691128395e+03
9.3593438702e+06	8.8987454485e-01	2.9691564213e+03
9.3593438702e+06	8.8977874120e-01	2.9689594427e+03
9.3593438702e+06	8.8968248223e-01	2.9686518646e+03
9.3593438702e+06	8.8958580059e-01	2.9689913878e+03
9.3593438702e+06	8.8948871167e-01	2.9702775321e+03
9.3593438702e+06	8.8939122269e-01	2.9724199437e+03
9.3593438702e+06	8.8929333834e-01	2.9752312036e+03
9.3593438702e+06	8.8919506011e-01	2.9785565840e+03
9.3593438702e+06	8.8909638874e-01	2.9822751644e+03
9.3593438702e+06	8.8899732350e-01	2.9862691878e+03
9.3593438702e+06	8.8889786365e-01	2.9904697415e+03
9.3593438702e+06	8.8879800964e-01	2.9948273695e+03
9.3593438702e+06	8.8869775834e-01	2.9993064676e+03
9.3593438702e+06	8.8859710925e-01	3.0038809111e+03
9.3593438702e+06	8.8849605927e-01	3.0085314571e+03
9.3593438702e+06	8.8839460766e-01	3.0132435781e+03
9.3593438702e+06	8.8829275164e-01	3.0180063449e+03
9.3593438702e+06	8.8819048823e-01	3.0228114498e+03
9.3593438702e+06	8.8808781575e-01	3.0276525498e+03
9.3593438702e+06	8.8798473249e-01	3.0325249621e+03
9.3593438702e+06	8.8788123427e-01	3.0374255802e+03
9.3593438702e+06	8.8777731907e-01	3.0423525846e+03
9.3593438702e+06	8.8767298390e-01	3.0473056222e+03
9.3593438702e+06	8.8756822644e-01	3.0522858311e+03
9.3593438702e+06	8.8746304238e-01	3.0572961365e+03
9.3593438702e+06	8.8735742800e-01	3.0623413286e+03
9.3593438702e+06	8.8725137835e-01	3.0674283397e+03
9.3593438702e+06	8.8714489097e-01	3.0725662420e+03
9.3593438702e+06	8.8703796038e-01	3.0777665977e+03
9.3593438702e+06	8.8693058086e-01	3.0830432920e+03
9.3593438702e+06	8.8682274852e-01	3.0884122607e+03
9.3593438702e+06	8.8671445854e-01	3.0938912706e+03
9.3593438702e+06	8.8660570730e-01	3.0994992462e+03
9.3593438702e+06	8.8649648946e-01	3.1052556602e+03
9.3593438702e+06	8.8638680111e-01	3.1111795234e+03
9.3593438702e+06	8.8627663788e-01	3.1172884468e+03
9.3593438702e+06	8.8616599883e-01	3.1235973996e+03
9.3593438702e+06	8.8605488064e-01	3.1301180802e+03
9.3593438702e+06	8.8594328044e-01	3.1368579771e+03
9.3593438702e+06	8.8583119697e-01	3.1438197805e+03
9.3593438702e+06	8.8571863005e-01	3.1510012254e+03
9.3593438702e+06	8.8560557866e-01	3.1583953874e+03
9.3593438702e+06	8.8549204064e-01	3.1659912980e+03
9.3593438702e+06	8.8537801457e-01	3.1737745494e+03
9.3593438702e+06	8.8526349893e-01	3.1817282570e+03
9.3593438702e+06	8.8514849116e-01	3.1898342136e+03
9.3593438702e+06	8.8503299093e-01	3.1980735502e+03
9.3593438702e+06	8.8491699454e-01	3.2064279366e+03
9.3593438702e+06	8.8480050113e-01	3.2148798015e+03
9.3593438702e+06	8.8468350670e-01	3.2234132065e+03
9.3593438702e+06	8.8456600997e-01	3.2320136860e+03
9.3593438702e+06	8.8444800735e-01	3.2406687328e+03
9.3593438702e+06	8.8432949570e-01	3.2493675788e+03
9.3593438702e+06	8.8421047199e-01	3.2581011511e+03
9.3593438702e+06	8.8409093289e-01	3.2668619193e+03
9.3593438702e+06	8.8397087514e-01	3.2756437060e+03
9.3593438702e+06	8.8385029534e-01	3.2844414901e+03
9.3593438702e+06	8.8372919001e-01	3.2932512111e+03
9.3593438702e+06	8.8360755507e-01	3.3020696230e+03
9.3593438702e+06	8.8348538750e-01	3.3108940122e+03
9.3593438702e+06	8.8336268360e-01	3.3197221773e+03
9.3593438702e+06	8.8323944014e-01	3.3285522294e+03
9.3593438702e+06	8.8311565233e-01	3.3373826400e+03
9.3593438702e+06	8.8299131716e-01	3.3462119467e+03
9.3593438702e+06	8.8286643138e-01	3.3550388126e+03
9.3593438702e+06	8.8274099047e-01	3.3638621153e+03
9.3593438702e+06	8.8261498975e-01	3.3726816435e+03
9.3593438702e+06	8.8248842425e-01	3.3815067213e+03
9.3593438702e+06	8.8236127037e-01	3.3904508708e+03
9.3593438702e+06	8.8223331154e-01	3.4007576074e+03
9.3593438702e+06	8.8218226637e-01	3.4171033743e+03
9.3593438702e+06	8.8217369104e-01	3.4266313537e+03
9.3593438702e+06	8.8216511560e-01	3.4387865269e+03
9.3593438702e+06	8.8215664790e-01	3.4514954098e+03
9.3593438702e+06	8.8214830662e-01	3.4622133758e+03
9.3593438702e+06	8.8214018229e-01	3.4690818934e+03
9.3593438702e+06	8.8213220693e-01	3.4732224607e+03
9.3593438702e+06	8.8212428887e-01	3.4760910884e+03
9.3593438702e+06	8.8211640282e-01	3.4783988095e+03
9.3593438702e+06	8.8210856361e-01	3.4803836452e+03
9.3593438702e+06	8.8210075632e-01	3.4821978568e+03
9.3593438702e+06	8.8209294548e-01	3.4839700098e+03
9.3593438702e+06	8.8208519545e-01	3.4856172575e+03
9.3593438702e+06	8.8207753117e-01	3.4871339025e+03
9.3593438702e+06	8.8206997574e-01	3.4885405776e+03
9.3593438702e+06	8.8206273400e-01	3.4895643618e+03
9.3593438702e+06	8.8205612737e-01	3.4898343075e+03
9.3593438702e+06	8.8205101859e-01	3.4883607335e+03
9.3593438702e+06	8.8204918353e-01	3.4845388538e+03
9.3593438702e+06	8.8205070649e-01	3.4774739751e+03
9.3593438702e+06	8.8205700922e-01	3.4654388953e+03
9.3593438702e+06	8.8207018051e-01	3.4456176517e+03
9.3593438702e+06	8.8209402195e-01	3.4138147315e+03
9.3593438702e+06	8.8213450234e-01	3.3633323377e+03
9.3593438702e+06	8.8220047214e-01	3.2839489403e+03
9.3593438702e+06	8.8230588644e-01	3.1608696407e+03
9.3593438702e+06	8.8245715467e-01	2.9900464351e+03
9.3593438702e+06	8.8257335224e-01	2.8302446823e+03
9.3593438702e+06	8.8262190939e-01	2.6787567137e+03
9.3593438702e+06	8.8243467015e-01	2.6165746068e+03
9.3593438702e+06	8.8235393968e-01	2.6187195062e+03
9.3593438702e+06	8.8227172143e-01	2.6214199446e+03
9.3593438702e+06	8.8218776944e-01	2.6245327801e+03
9.3593438702e+06	8.8210289262e-01	2.6279207902e+03
9.3593438702e+06	8.8201653662e-01	2.6315057821e+03
9.3593438702e+06	8.8192951506e-01	2.6352422828e+03
9.3593438702e+06	8.8183893278e-01	2.6391038643e+03
9.3593438702e+06	8.8174761714e-01	2.6430696463e+03
9.3593438702e+06	8.8165451477e-01	2.6471262977e+03
9.3593438702e+06	8.8156072246e-01	2.6512625241e+03
9.3593438702e+06	8.8146560460e-01	2.6554702700e+03
9.3593438702e+06	8.8136724347e-01	2.6597438612e+03
9.3593438702e+06	8.8126776467e-01	2.6640763645e+03
9.3593438702e+06	8.8116676987e-01	2.6684632280e+03
9.3593438702e+06	8.8106265960e-01	2.6729012902e+03
9.3593438702e+06	8.8095567915e-01	2.6773867945e+03
9.3593438702e+06	8.8084771127e-01	2.6819154760e+03
9.3593438702e+06	8.8073931594e-01	2.6864841276e+03
9.3593438702e+06	8.8063049103e-01	2.6910901549e+03
9.3593438702e+06	8.8052123434e-01	2.6957311689e+03
9.3593438702e+06	8.8041154426e-01	2.7004049147e+03
9.3593438702e+06	8.8030141732e-01	2.7051093415e+03
9.3593438702e+06	8.8019085127e-01	2.7098424442e+03
9.3593438702e+06	8.8007984553e-01	2.7146022256e+03
9.3593438702e+06	8.7996839585e-01	2.7193869124e+03
9.3593438702e+06	8.7985650047e-01	2.7241946895e+03
9.3593438702e+06	8.7974415694e-01	2.7290238412e+03
9.3593438702e+06	8.7963136355e-01	2.7338727116e+03
9.3593438702e+06	8.7951811613e-01	2.7387398767e+03
9.3593438702e+06	8.7940441277e-01	2.7436239933e+03
9.3593438702e+06	8.7929025153e-01	2.7485239761e+03
9.3593438702e+06	8.7917562765e-01	2.7534392194e+03
9.3593438702e+06	8.7906051944e-01	2.7583694786e+03
9.3593438702e+06	8.7894488312e-01	2.7633153087e+03
9.3593438702e+06	8.7882870174e-01	2.7682781425e+03
9.3593438702e+06	8.7871197311e-01	2.7732603380e+03
9.3593438702e+06	8.7859468388e-01	2.7782658302e+03
9.3593438702e+06	8.7847682867e-01	2.7832999782e+03
9.3593438702e+06	8.7835838204e-01	2.7883702063e+03
9.3593438702e+06	8.7823933470e-01	2.7934857281e+03
9.3593438702e+06	8.7811966422e-01	2.7986581624e+03
9.3593438702e+06	8.7799935005e-01	2.8039010210e+03
9.3593438702e+06	8.7787837459e-01	2.8092298897e+03
9.3593438702e+06	8.7775676861e-01	2.8146618863e+03
9.3593438702e+06	8.7763456622e-01	2.8202149933e+03
9.3593438702e+06	8.7751177755e-01	2.8259074783e+03
9.3593438702e+06	8.7738838981e-01	2.8317568390e+03
9.3593438702e+06	8.7726441163e-01	2.8377790443e+03
9.3593438702e+06	8.7713983806e-01	2.8439873290e+03
9.3593438702e+06	8.7701465791e-01	2.8503914375e+03
9.3593438702e+06	8.7688886063e-01	2.8569967046e+03
9.3593438702e+06	8.7676242310e-01	2.8638040273e+03
9.3593438702e+06	8.7663532613e-01	2.8708095880e+03
9.3593438702e+06	8.7650750812e-01	2.8780052594e+03
9.3593438702e+06	8.7637897211e-01	2.8853792214e+03
9.3593438702e+06	8.7624988286e-01	2.8929166987e+03
9.3593438702e+06	8.7612023706e-01	2.9006011750e+03
9.3593438702e+06	8.7599003635e-01	2.9084149534e+03
9.3593438702e+06	8.7585927741e-01	2.9163405506e+03
9.3593438702e+06	8.7572795797e-01	2.9243610227e+03
9.3593438702e+06	8.7559607624e-01	2.9324606127e+03
9.3593438702e+06	8.7546363046e-01	2.9406250919e+03
9.3593438702e+06	8.7533061586e-01	2.9488419896e+03
9.3593438702e+06	8.7519703105e-01	2.9571004756e+03
9.3593438702e+06	8.7506287058e-01	2.9653914627e+03
9.3593438702e+06	8.7492812802e-01	2.9737074833e+03
9.3593438702e+06	8.7479280125e-01	2.9820423598e+03
9.3593438702e+06	8.7465688638e-01	2.9904435150e+03
9.3593438702e+06	8.7452037902e-01	2.9988973964e+03
9.3593438702e+06	8.7438327521e-01	3.0073583298e+03
9.3593438702e+06	8.7424556985e-01	3.0158238338e+03
9.3593438702e+06	8.7410726054e-01	3.0242917469e+03
9.3593438702e+06	8.7396834332e-01	3.0327603731e+03
9.3593438702e+06	8.7382881342e-01	3.0412283296e+03
9.3593438702e+06	8.7368866608e-01	3.0496944117e+03
9.3593438702e+06	8.7354789827e-01	3.0581574266e+03
9.3593438702e+06	8.7340650513e-01	3.0666163612e+03
9.3593438702e+06	8.7326448239e-01	3.0750702269e+03
9.3593438702e+06	8.7312182564e-01	3.0835183289e+03
9.3593438702e+06	8.7297852981e-01	3.0919630316e+03
9.3593438702e+06	8.7283458209e-01	3.1004400354e+03
9.3593438702e+06	8.7268989681e-01	3.1093475111e+03
9.3593438702e+06	8.7257475459e-01	3.1229207815e+03
9.3593438702e+06	8.7256488681e-01	3.1303203252e+03
9.3593438702e+06	8.7255523387e-01	3.1394761975e+03
9.3593438702e+06	8.7254560998e-01	3.1507028466e+03
9.3593438702e+06	8.7253610915e-01	3.1618617459e+03
9.3593438702e+06	8.7252674716e-01	3.1708340381e+03
9.3593438702e+06	8.7251759254e-01	3.1764999178e+03
9.3593438702e+06	8.7250857552e-01	3.1800082374e+03
9.3593438702e+06	8.7249959761e-01	3.1825773807e+03
9.3593438702e+06	8.7249065340e-01	3.1847026043e+03
9.3593438702e+06	8.7248175862e-01	3.1865626293e+03
9.3593438702e+06	8.7247289211e-01	3.1882921716e+03
9.3593438702e+06	8.7246403469e-01	3.1899763998e+03
9.3593438702e+06	8.7245524638e-01	3.1915456558e+03
9.3593438702e+06	8.7244654988e-01	3.1930022057e+03
9.3593438702e+06	8.7243799575e-01	3.1943295946e+03
9.3593438702e+06	8.7242981432e-01	3.1952660678e+03
9.3593438702e+06	8.7242240429e-01	3.1954180810e+03
9.3593438702e+06	8.7241682009e-01	3.1937268866e+03
9.3593438702e+06	8.7241509873e-01	3.1896838754e+03
9.3593438702e+06	8.7241731210e-01	3.1823246887e+03
9.3593438702e+06	8.7242520534e-01	3.1698610493e+03
9.3593438702e+06	8.7244119582e-01	3.1493873319e+03
9.3593438702e+06	8.7246984508e-01	3.1163211897e+03
9.3593438702e+06	8.7251836154e-01	3.0636355238e+03
9.3475438440e+06	8.7259717113e-01	2.9816584036e+03
9.3475438440e+06	8.7324585956e-01	2.9817659291e+03
9.3475438440e+06	8.7314886039e-01	2.9818245947e+03
9.3475438440e+06	8.7305115738e-01	2.9817899650e+03
9.3475438440e+06	8.7295292826e-01	2.9814216005e+03
9.3475438440e+06	8.7285424341e-01	2.9815900932e+03
9.3475438440e+06	8.7275513298e-01	2.9828954769e+03
9.3475438440e+06	8.7265560967e-01	2.9852441548e+03
9.3475438440e+06	8.7255568168e-01	2.9883735195e+03
9.3475438440e+06	8.7245535196e-01	2.9920973331e+03
9.3475438440e+06	8.7235462314e-01	2.9962160949e+03
9.3475438440e+06	8.7225349521e-01	3.0006163412e+03
9.3475438440e+06	8.7215196726e-01	3.0052214817e+03
9.3475438440e+06	8.7205003882e-01	3.0099791620e+03
9.3475438440e+06	8.7194770854e-01	3.0148531257e+03
9.3475438440e+06	8.7184497481e-01	3.0198178236e+03
9.3475438440e+06	8.7174183641e-01	3.0248548759e+03
9.3475438440e+06	8.7163829072e-01	3.0299508714e+03
9.3475438440e+06	8.7153433491e-01	3.0350958004e+03
9.3475438440e+06	8.7142996814e-01	3.0402819449e+03
9.3475438440e+06	8.7132518741e-01	3.0455034310e+03
9.3475438440e+06	8.7121999030e-01	3.0507556683e+03
9.3475438440e+06	8.7111437433e-01	3.0560351309e+03
9.3475438440e+06	8.7100833688e-01	3.0613392289e+03
9.3475438440e+06	8.7090187436e-01	3.0666663230e+03
9.3475438440e+06	8.7079498473e-01	3.0720156496e+03
9.3475438440e+06	8.7068766492e-01	3.0773875707e+03
9.3475438440e+06	8.7057991147e-01	3.0827837189e+03
9.3475438440e+06	8.7047172217e-01	3.0882071328e+03
9.3475438440e+06	8.7036309207e-01	3.0936627207e+03
9.3475438440e+06	8.7025401704e-01	3.0991573243e+03
9.3475438440e+06	8.7014449262e-01	3.1046999989e+03
9.3475438440e+06	8.7003451409e-01	3.1103021545e+03
9.3475438440e+06	8.6992407646e-01	3.1159776079e+03
9.3475438440e+06	8.6981317353e-01	3.1217425104e+03
9.3475438440e+06	8.6970180232e-01	3.1276147965e+03
9.3475438440e+06	8.6958995674e-01	3.1336140168e+03
9.3475438440e+06	8.6947763209e-01	3.1397603504e+03
9.3475438440e+06	8.6936482235e-01	3.1460738626e+03
9.3475438440e+06	8.6925152717e-01	3.1525730506e+03
9.3475438440e+06	8.6913773956e-01	3.1592744381e+03
9.3475438440e+06	8.6902346012e-01	3.1661907121e+03
9.3475438440e+06	8.6890868571e-01	3.1733304963e+03
9.3475438440e+06	8.6879341468e-01	3.1806974438e+03
9.3475438440e+06	8.6867764663e-01	3.1882899863e+03
9.3475438440e+06	8.6856137933e-01	3.1961016801e+03
9.3475438440e+06	8.6844461089e-01	3.2041216188e+03
9.3475438440e+06	8.6832734136e-01	3.2123350858e+03
9.3475438440e+06	8.6820956863e-01	3.2207248401e+03
9.3475438440e+06	8.6809128981e-01	3.2292721288e+03
9.3475438440e+06	8.6797250558e-01	3.2379573299e+03
9.3475438440e+06	8.6785321168e-01	3.2467614815e+03
9.3475438440e+06	8.6773340650e-01	3.2556663945e+03
9.3475438440e+06	8.6761308829e-01	3.2646553848e+03
9.3475438440e+06	8.6749225267e-01	3.2737137367e+03
9.3475438440e+06	8.6737089827e-01	3.2828284034e+03
9.3475438440e+06	8.6724902122e-01	3.2919884171e+03
9.3475438440e+06	8.6712661821e-01	3.3011845505e+03
9.3475438440e+06	8.6700368519e-01	3.3104092516e+03
9.3475438440e+06	8.6688021933e-01	3.3196562898e+03
9.3475438440e+06	8.6675621766e-01	3.3289206477e+03
9.3475438440e+06	8.6663167599e-01	3.3381984057e+03
9.3475438440e+06	8.6650659086e-01	3.3474863958e+03
9.3475438440e+06	8.6638095843e-01	3.3567820768e+03
9.3475438440e+06	8.6625477405e-01	3.3660834252e+03
9.3475438440e+06	8.6612803442e-01	3.3753886913e+03
9.3475438440e+06	8.6600073744e-01	3.3846963369e+03
9.3475438440e+06	8.6587287933e-01	3.3940051445e+03
9.3475438440e+06	8.6574445959e-01	3.4033138330e+03
9.3475438440e+06	8.6561547433e-01	3.4126213250e+03
9.3475438440e+06	8.6548592085e-01	3.4219268888e+03
9.3475438440e+06	8.6535579156e-01	3.4312337499e+03
9.3475438440e+06	8.6522507064e-01	3.4405876225e+03
9.3475438440e+06	8.6509365406e-01	3.4505387071e+03
9.3475438440e+06	8.6499554784e-01	3.4665874605e+03
9.3475438440e+06	8.6498653930e-01	3.4743198431e+03
9.3475438440e+06	8.6497745164e-01	3.4849876061e+03
9.3475438440e+06	8.6496839929e-01	3.4978899891e+03
9.3475438440e+06	8.6495947402e-01	3.5105475556e+03
9.3475438440e+06	8.6495071964e-01	3.5204192501e+03
9.3475438440e+06	8.6494218901e-01	3.5265714013e+03
9.3475438440e+06	8.6493380360e-01	3.5303861355e+03
9.3475438440e+06	8.6492544392e-01	3.5332319046e+03
9.3475438440e+06	8.6491712859e-01	3.5355830350e+03
9.3475438440e+06	8.6490886618e-01	3.5376499488e+03
9.3475438440e+06	8.6490062022e-01	3.5395947855e+03
9.3475438440e+06	8.6489239007e-01	3.5414702542e+03
9.3475438440e+06	8.6488423864e-01	3.5432143358e+03
9.3475438440e+06	8.6487618613e-01	3.5448391719e+03
9.3475438440e+06	8.6486832146e-01	3.5462731288e+03
9.3475438440e+06	8.6486090926e-01	3.5472092896e+03
9.3475438440e+06	8.6485445884e-01	3.5471180276e+03
9.3475438440e+06	8.6485028229e-01	3.5445906121e+03
9.3475438440e+06	8.6485031630e-01	3.5390510043e+03
9.3475438440e+06	8.6485506020e-01	3.5292031527e+03
9.3475438440e+06	8.6486653758e-01	3.5127085247e+03
9.3475438440e+06	8.6488800399e-01	3.4858051141e+03
9.3475438440e+06	8.6492515420e-01	3.4426730546e+03
9.3475438440e+06	8.6498671061e-01	3.3751410733e+03
9.3475438440e+06	8.6508570562e-01	3.2699076216e+03
9.3475438440e+06	8.6524280349e-01	3.1085138926e+03
9.3475438440e+06	8.6540638553e-01	2.9423010976e+03
9.3475438440e+06	8.6552265981e-01	2.7862275914e+03
9.3475438440e+06	8.6545815435e-01	2.6383585309e+03
9.3475438440e+06	8.6535747747e-01	2.6286136570e+03
9.3475438440e+06	8.6527914613e-01	2.6310951135e+03
9.3475438440e+06	8.6519908616e-01	2.6341678783e+03
9.3475438440e+06	8.6511755204e-01	2.6376522504e+03
9.3475438440e+06	8.6503452256e-01	2.6414081592e+03
9.3475438440e+06	8.6495051672e-01	2.6453582406e+03
9.3475438440e+06	8.6486505597e-01	2.6494591017e+03
9.3475438440e+06	8.6477668221e-01	2.6536842601e+03
9.3475438440e+06	8.6468674129e-01	2.6580140936e+03
9.3475438440e+06	8.6459546509e-01	2.6624347242e+03
9.3475438440e+06	8.6450325506e-01	2.6669353858e+03
9.3475438440e+06	8.6440851750e-01	2.6715087489e+03
9.3475438440e+06	8.6431148800e-01	2.6761478890e+03
9.3475438440e+06	8.6421268812e-01	2.6808468292e+03
9.3475438440e+06	8.6411123124e-01	2.6856013762e+03
9.3475438440e+06	8.6400635062e-01	2.6904079311e+03
9.3475438440e+06	8.6390026105e-01	2.6952614968e+03
9.3475438440e+06	8.6379375389e-01	2.7001583779e+03
9.3475438440e+06	8.6368682612e-01	2.7050957675e+03
9.3475438440e+06	8.6357947618e-01	2.7100710438e+03
9.3475438440e+06	8.6347170252e-01	2.7150817823e+03
9.3475438440e+06	8.6336350174e-01	2.7201258013e+03
9.3475438440e+06	8.6325487289e-01	2.7252009276e+03
9.3475438440e+06	8.6314581307e-01	2.7303051749e+03
9.3475438440e+06	8.6303631926e-01	2.7354366402e+03
9.3475438440e+06	8.6292639057e-01	2.7405933864e+03
9.3475438440e+06	8.6281602312e-01	2.7457736815e+03
9.3475438440e+06	8.6270521545e-01	2.7509757527e+03
9.3475438440e+06	8.6259396549e-01	2.7561979508e+03
9.3475438440e+06	8.6248226920e-01	2.7614388517e+03
9.3475438440e+06	8.6237012474e-01	2.7666971176e+03
9.3475438440e+06	8.6225752928e-01	2.7719717288e+03
9.3475438440e+06	8.6214448077e-01	2.7772620105e+03
9.3475438440e+06	8.6203090746e-01	2.7825679538e+03
9.3475438440e+06	8.6191678043e-01	2.7878902392e+03
9.3475438440e+06	8.6180207742e-01	2.7932303327e+03
9.3475438440e+06	8.6168679195e-01	2.7985910515e+03
9.3475438440e+06	8.6157090451e-01	2.8039764398e+03
9.3475438440e+06	8.6145439168e-01	2.8093924222e+03
9.3475438440e+06	8.6133721879e-01	2.8148468706e+03
9.3475438440e+06	8.6121936606e-01	2.8203496857e+03
9.3475438440e+06	8.6110084669e-01	2.8259130276e+03
9.3475438440e+06	8.6098172527e-01	2.8315511992e+03
9.3475438440e+06	8.6086201058e-01	2.8372804928e+03
9.3475438440e+06	8.6074170643e-01	2.8431187531e+03
9.3475438440e+06	8.6062081388e-01	2.8490845950e+03
9.3475438440e+06	8.6049932226e-01	2.8551969077e+03
9.3475438440e+06	8.6037722127e-01	2.8614733889e+03
9.3475438440e+06	8.6025449183e-01	2.8679299346e+03
9.3475438440e+06	8.6013110949e-01	2.8745793366e+03
9.3475438440e+06	8.6000703115e-01	2.8814304727e+03
9.3475438440e+06	8.5988216017e-01	2.8884876875e+03
9.3475438440e+06	8.5975664328e-01	2.8957503753e+03
9.3475438440e+06	8.5963058601e-01	2.9032129598e+03
9.3475438440e+06	8.5950398624e-01	2.9108657909e+03
9.3475438440e+06	8.5937684322e-01	2.9186956104e+03
9.3475438440e+06	8.5924915596e-01	2.9266865153e+03
9.3475438440e+06	8.5912092141e-01	2.9348210462e+03
9.3475438440e+06	8.5899214256e-01	2.9430808401e+03
9.3475438440e+06	8.5886281608e-01	2.9514480892e+03
9.3475438440e+06	8.5873293930e-01	2.9599057902e+03
9.3475438440e+06	8.5860250959e-01	2.9684383566e+03
9.3475438440e+06	8.5847152158e-01	2.9770319112e+03
9.3475438440e+06	8.5833996957e-01	2.9856744924e+03
9.3475438440e+06	8.5820785118e-01	2.9943558684e+03
9.3475438440e+06	8.5807516294e-01	3.0031314463e+03
9.3475438440e+06	8.5794190228e-01	3.0119658553e+03
9.3475438440e+06	8.5780806465e-01	3.0208183830e+03
9.3475438440e+06	8.5767364625e-01	3.0296845301e+03
9.3475438440e+06	8.5753864321e-01	3.0385607454e+03
9.3475438440e+06	8.5740305097e-01	3.0474442796e+03
9.3475438440e+06	8.5726686680e-01	3.0563328504e+03
9.3475438440e+06	8.5713008602e-01	3.0652247392e+03
9.3475438440e+06	8.5699270390e-01	3.0741185510e+03
9.3475438440e+06	8.5685471687e-01	3.0830130304e+03
9.3475438440e+06	8.5671612100e-01	3.0919070899e+03
9.3475438440e+06	8.5657691257e-01	3.1007997105e+03
9.3475438440e+06	8.5643708615e-01	3.1096900274e+03
9.3475438440e+06	8.5629663861e-01	3.1185770711e+03
9.3475438440e+06	8.5615556442e-01	3.1274603633e+03
9.3475438440e+06	8.5601385936e-01	3.1363431118e+03
9.3475438440e+06	8.5587150818e-01	3.1452703971e+03
9.3475438440e+06	8.5572839823e-01	3.1547420496e+03
9.3475438440e+06	8.5562291803e-01	3.1700298716e+03
9.3475438440e+06	8.5561310530e-01	3.1774256717e+03
9.3475438440e+06	8.5560323660e-01	3.1874367984e+03
9.3475438440e+06	8.5559343136e-01	3.1990957256e+03
9.3475438440e+06	8.5558376117e-01	3.2100866582e+03
9.3475438440e+06	8.5557426571e-01	3.2183305863e+03
9.3475438440e+06	8.5556498032e-01	3.2234546691e+03
9.3475438440e+06	8.5555582881e-01	3.2267462541e+03
9.3475438440e+06	8.5554669039e-01	3.2293278800e+03
9.3475438440e+06	8.5553760476e-01	3.2315036617e+03
9.3475438440e+06	8.5552857506e-01	3.2334419376e+03
9.3475438440e+06	8.5551955284e-01	3.2352928168e+03
9.3475438440e+06	8.5551055816e-01	3.2370711318e+03
9.3475438440e+06	8.5550165224e-01	3.2387272247e+03
9.3475438440e+06	8.5549284969e-01	3.2402799993e+03
9.3475438440e+06	8.5548427533e-01	3.2416233287e+03
9.3475438440e+06	8.5547623264e-01	3.2424599341e+03
9.3475438440e+06	8.5546935021e-01	3.2422254187e+03
9.3475438440e+06	8.5546520224e-01	3.2394405057e+03
9.3475438440e+06	8.5546593115e-01	3.2335535385e+03
9.3475438440e+06	8.5547229740e-01	3.2231984400e+03
9.3475438440e+06	8.5548658587e-01	3.2059347313e+03
9.3475438440e+06	8.5551280564e-01	3.1778411716e+03
9.3475438440e+06	8.5555776247e-01	3.1327973319e+03
9.3392932297e+06	8.5563187835e-01	3.0621732194e+03
9.3392932297e+06	8.5619362408e-01	3.0638511342e+03
9.3392932297e+06	8.5609106137e-01	3.0638486015e+03
9.3392932297e+06	8.5598784551e-01	3.0635356501e+03
9.3392932297e+06	8.5588413298e-01	3.0644370978e+03
9.3392932297e+06	8.5577997379e-01	3.0668911125e+03
9.3392932297e+06	8.5567538765e-01	3.0703946194e+03
9.3392932297e+06	8.5557038239e-01	3.0745437623e+03
9.3392932297e+06	8.5546496223e-01	3.0790970238e+03
9.3392932297e+06	8.5535912860e-01	3.0839150277e+03
9.3392932297e+06	8.5525288134e-01	3.0889159139e+03
9.3392932297e+06	8.5514621992e-01	3.0940500441e+03
9.3392932297e+06	8.5503914330e-01	3.0992862526e+03
9.3392932297e+06	8.5493164923e-01	3.1046042873e+03
9.3392932297e+06	8.5482373517e-01	3.1099904778e+03
9.3392932297e+06	8.5471539952e-01	3.1154351760e+03
9.3392932297e+06	8.5460664006e-01	3.1209313464e+03
9.3392932297e+06	8.5449745446e-01	3.1264736283e+03
9.3392932297e+06	8.5438784034e-01	3.1320577640e+03
9.3392932297e+06	8.5427779528e-01	3.1376802366e+03
9.3392932297e+06	8.5416731755e-01	3.1433380003e+03
9.3392932297e+06	8.5405640316e-01	3.1490284840e+03
9.3392932297e+06	8.5394505031e-01	3.1547492748e+03
9.3392932297e+06	8.5383325723e-01	3.1604981825e+03
9.3392932297e+06	8.5372101964e-01	3.1662733646e+03
9.3392932297e+06	8.5360833565e-01	3.1720730934e+03
9.3392932297e+06	8.5349520249e-01	3.1778959855e+03
9.3392932297e+06	8.5338161826e-01	3.1837410030e+03
9.3392932297e+06	8.5326757805e-01	3.1896077820e+03
9.3392932297e+06	8.5315308069e-01	3.1954964580e+03
9.3392932297e+06	8.5303812082e-01	3.2014082869e+03
9.3392932297e+06	8.5292269697e-01	3.2073454790e+03
9.3392932297e+06	8.5280680306e-01	3.2133119056e+03
9.3392932297e+06	8.5269043626e-01	3.2193130233e+03
9.3392932297e+06	8.5257359196e-01	3.2253564060e+03
9.3392932297e+06	8.5245626538e-01	3.2314519258e+03
9.3392932297e+06	8.5233845141e-01	3.2376119224e+03
9.3392932297e+06	8.5222014395e-01	3.2438513155e+03
9.3392932297e+06	8.5210133888e-01	3.2501872955e+03
9.3392932297e+06	8.5198202966e-01	3.2566392204e+03
9.3392932297e+06	8.5186221044e-01	3.2632279183e+03
9.3392932297e+06	8.5174187809e-01	3.2699747422e+03
9.3392932297e+06	8.5162102455e-01	3.2769010068e+03
9.3392932297e+06	8.5149964939e-01	3.2840261136e+03
9.3392932297e+06	8.5137774527e-01	3.2913671907e+03
9.3392932297e+06	8.5125531338e-01	3.2989370678e+03
9.3392932297e+06	8.5113234822e-01	3.3067442537e+03
9.3392932297e+06	8.5100885045e-01	3.3147915607e+03
9.3392932297e+06	8.5088481747e-01	3.3230764821e+03
9.3392932297e+06	8.5076024772e-01	3.3315911323e+03
9.3392932297e+06	8.5063513860e-01	3.3403230541e+03
9.3392932297e+06	8.5050949088e-01	3.3492558990e+03
9.3392932297e+06	8.5038330229e-01	3.3583708656e+03
9.3392932297e+06	8.5025657164e-01	3.3676477025e+03
9.3392932297e+06	8.5012929652e-01	3.3770658472e+03
9.3392932297e+06	8.5000147725e-01	3.3866051526e+03
9.3392932297e+06	8.4987311242e-01	3.3962467852e+03
9.3392932297e+06	8.4974419914e-01	3.4059736500e+03
9.3392932297e+06	8.4961473641e-01	3.4157705734e+03
9.3392932297e+06	8.4948472022e-01	3.4256246019e+03
9.3392932297e+06	8.4935414494e-01	3.4355247482e+03
9.3392932297e+06	8.4922300399e-01	3.4454619251e+03
9.3392932297e+06	8.4909129452e-01	3.4554288259e+03
9.3392932297e+06	8.4895901232e-01	3.4654799190e+03
9.3392932297e+06	8.4882615463e-01	3.4756043424e+03
9.3392932297e+06	8.4869271757e-01	3.4857444248e+03
9.3392932297e+06	8.4855869725e-01	3.4958971823e+03
9.3392932297e+06	8.4842408971e-01	3.5060602387e+03
9.3392932297e+06	8.4828889092e-01	3.5162316714e+03
9.3392932297e+06	8.4815309683e-01	3.5264098840e+03
9.3392932297e+06	8.4801670268e-01	3.5365935469e+03
9.3392932297e+06	8.4787970471e-01	3.5467813942e+03
9.3392932297e+06	8.4774209944e-01	3.5569722220e+03
9.3392932297e+06	8.4760388283e-01	3.5671649490e+03
9.3392932297e+06	8.4746504993e-01	3.5773591109e+03
9.3392932297e+06	8.4732559509e-01	3.5875602192e+03
9.3392932297e+06	8.4718549857e-01	3.5978395340e+03
9.3392932297e+06	8.4704460514e-01	3.6089829969e+03
9.3392932297e+06	8.4695386578e-01	3.6291447471e+03
9.3392932297e+06	8.4694397071e-01	3.6393675558e+03
9.3392932297e+06	8.4693406726e-01	3.6524507274e+03
9.3392932297e+06	8.4692429557e-01	3.6661111363e+03
9.3392932297e+06	8.4691464558e-01	3.6778768820e+03
9.3392932297e+06	8.4690525362e-01	3.6855994367e+03
9.3392932297e+06	8.4689605205e-01	3.6903395797e+03
9.3392932297e+06	8.4688692640e-01	3.6936606689e+03
9.3392932297e+06	8.4687782409e-01	3.6963878612e+03
9.3392932297e+06	8.4686878648e-01	3.6987485332e+03
9.3392932297e+06	8.4685979709e-01	3.7009076349e+03
9.3392932297e+06	8.4685079275e-01	3.7030306542e+03
9.3392932297e+06	8.4684187281e-01	3.7050093106e+03
9.3392932297e+06	8.4683307047e-01	3.7068367917e+03
9.3392932297e+06	8.4682440863e-01	3.7085365007e+03
9.3392932297e+06	8.4681618414e-01	3.7097800604e+03
9.3392932297e+06	8.4680885759e-01	3.7101114369e+03
9.3392932297e+06	8.4680367019e-01	3.7082956650e+03
9.3392932297e+06	8.4680275682e-01	3.7037073057e+03
9.3392932297e+06	8.4680631023e-01	3.6952584028e+03
9.3392932297e+06	8.4681637431e-01	3.6808927523e+03
9.3392932297e+06	8.4683589057e-01	3.6572720682e+03
9.3392932297e+06	8.4687018982e-01	3.6191580839e+03
9.3392932297e+06	8.4692779525e-01	3.5585343498e+03
9.3392932297e+06	8.4702143585e-01	3.4636630876e+03
9.3392932297e+06	8.4717078287e-01	3.3192976555e+03
9.3392932297e+06	8.4736223231e-01	3.1414359445e+03
9.3392932297e+06	8.4754657019e-01	2.9745716967e+03
9.3392932297e+06	8.4768063734e-01	2.8183170846e+03
9.3392932297e+06	8.4767773216e-01	2.6703903138e+03
9.3392932297e+06	8.4753836309e-01	2.6426770546e+03
9.3392932297e+06	8.4745175399e-01	2.6454704004e+03
9.3392932297e+06	8.4736240234e-01	2.6488893945e+03
9.3392932297e+06	8.4727165843e-01	2.6527357463e+03
9.3392932297e+06	8.4717894410e-01	2.6568602260e+03
9.3392932297e+06	8.4708555813e-01	2.6611820921e+03
9.3392932297e+06	8.4699001273e-01	2.6656577272e+03
9.3392932297e+06	8.4689187150e-01	2.6702596111e+03
9.3392932297e+06	8.4679130605e-01	2.6749685982e+03
9.3392932297e+06	8.4669018546e-01	2.6797695283e+03
9.3392932297e+06	8.4658693292e-01	2.6846528006e+03
9.3392932297e+06	8.4648125704e-01	2.6896101673e+03
9.3392932297e+06	8.4637257450e-01	2.6946351701e+03
9.3392932297e+06	8.4626225175e-01	2.6997211749e+03
9.3392932297e+06	8.4614759491e-01	2.7048651284e+03
9.3392932297e+06	8.4603115290e-01	2.7100612355e+03
9.3392932297e+06	8.4591425224e-01	2.7153049648e+03
9.3392932297e+06	8.4579689070e-01	2.7205931077e+03
9.3392932297e+06	8.4567906600e-01	2.7259227804e+03
9.3392932297e+06	8.4556077578e-01	2.7312913578e+03
9.3392932297e+06	8.4544201763e-01	2.7366964193e+03
9.3392932297e+06	8.4532278907e-01	2.7421357036e+03
9.3392932297e+06	8.4520308759e-01	2.7476070748e+03
9.3392932297e+06	8.4508291065e-01	2.7531084957e+03
9.3392932297e+06	8.4496225565e-01	2.7586380075e+03
9.3392932297e+06	8.4484112083e-01	2.7641936805e+03
9.3392932297e+06	8.4471950269e-01	2.7697737294e+03
9.3392932297e+06	8.4459739758e-01	2.7753764488e+03
9.3392932297e+06	8.4447480357e-01	2.7810001512e+03
9.3392932297e+06	8.4435171779e-01	2.7866433268e+03
9.3392932297e+06	8.4422813723e-01	2.7923046658e+03
9.3392932297e+06	8.4410405874e-01	2.7979831443e+03
9.3392932297e+06	8.4397944712e-01	2.8036781597e+03
9.3392932297e+06	8.4385419732e-01	2.8093896543e+03
9.3392932297e+06	8.4372828771e-01	2.8151184304e+03
9.3392932297e+06	8.4360169563e-01	2.8208660645e+03
9.3392932297e+06	8.4347438037e-01	2.8266353314e+03
9.3392932297e+06	8.4334632059e-01	2.8324305410e+03
9.3392932297e+06	8.4321747729e-01	2.8382578451e+03
9.3392932297e+06	8.4308790568e-01	2.8441253546e+03
9.3392932297e+06	8.4295768061e-01	2.8500432710e+03
9.3392932297e+06	8.4282680950e-01	2.8560242513e+03
9.3392932297e+06	8.4269529344e-01	2.8620830685e+03
9.3392932297e+06	8.4256312242e-01	2.8682366027e+03
9.3392932297e+06	8.4243027510e-01	2.8745034478e+03
9.3392932297e+06	8.4229673091e-01	2.8809028614e+03
9.3392932297e+06	8.4216246099e-01	2.8874540424e+03
9.3392932297e+06	8.4202741150e-01	2.8941753626e+03
9.3392932297e+06	8.4189145888e-01	2.9010827411e+03
9.3392932297e+06	8.4175479590e-01	2.9081888104e+03
9.3392932297e+06	8.4161753881e-01	2.9155020632e+03
9.3392932297e+06	8.4147968872e-01	2.9230260176e+03
9.3392932297e+06	8.4134124320e-01	2.9307593348e+03
9.3392932297e+06	8.4120220119e-01	2.9386956613e+03
9.3392932297e+06	8.4106256173e-01	2.9468242334e+03
9.3392932297e+06	8.4092232488e-01	2.9551307814e+03
9.3392932297e+06	8.4078148795e-01	2.9635985584e+03
9.3392932297e+06	8.4064005029e-01	2.9722091786e+03
9.3392932297e+06	8.4049800851e-01	2.9809440037e+03
9.3392932297e+06	8.4035536024e-01	2.9897845798e+03
9.3392932297e+06	8.4021209756e-01	2.9987139892e+03
9.3392932297e+06	8.4006821858e-01	3.0077166590e+03
9.3392932297e+06	8.3992372085e-01	3.0168327346e+03
9.3392932297e+06	8.3977859999e-01	3.0260462497e+03
9.3392932297e+06	8.3963285220e-01	3.0352982341e+03
9.3392932297e+06	8.3948647352e-01	3.0445804578e+03
9.3392932297e+06	8.3933945899e-01	3.0538863242e+03
9.3392932297e+06	8.3919180631e-01	3.0632104277e+03
9.3392932297e+06	8.3904351026e-01	3.0725486843e+03
9.3392932297e+06	8.3889456651e-01	3.0818978712e+03
9.3392932297e+06	8.3874497063e-01	3.0912554929e+03
9.3392932297e+06	8.3859471731e-01	3.1006196571e+03
9.3392932297e+06	8.3844380369e-01	3.1099887226e+03
9.3392932297e+06	8.3829222437e-01	3.1193614888e+03
9.3392932297e+06	8.3813997470e-01	3.1287368951e+03
9.3392932297e+06	8.3798705007e-01	3.1381139928e+03
9.3392932297e+06	8.3783344574e-01	3.1474918994e+03
9.3392932297e+06	8.3767915698e-01	3.1568697577e+03
9.3392932297e+06	8.3752417898e-01	3.1662467398e+03
9.3392932297e+06	8.3736850618e-01	3.1756223867e+03
9.3392932297e+06	8.3721213398e-01	3.1849999097e+03
9.3392932297e+06	8.3705504541e-01	3.1944241227e+03
9.3392932297e+06	8.3689712318e-01	3.2043912806e+03
9.3392932297e+06	8.3677765033e-01	3.2201369199e+03
9.3392932297e+06	8.3676670099e-01	3.2277192121e+03
9.3392932297e+06	8.3675569233e-01	3.2379657478e+03
9.3392932297e+06	8.3674475279e-01	3.2498985142e+03
9.3392932297e+06	8.3673396598e-01	3.2611142538e+03
9.3392932297e+06	8.3672335619e-01	3.2695928390e+03
9.3392932297e+06	8.3671297651e-01	3.2748989292e+03
9.3392932297e+06	8.3670274482e-01	3.2783500747e+03
9.3392932297e+06	8.3669251955e-01	3.2810853632e+03
9.3392932297e+06	8.3668234999e-01	3.2834119024e+03
9.3392932297e+06	8.3667224555e-01	3.2854925416e+03
9.3392932297e+06	8.3666214883e-01	3.2874846280e+03
9.3392932297e+06	8.3665208446e-01	3.2894012066e+03
9.3392932297e+06	8.3664212464e-01	3.2911880824e+03
9.3392932297e+06	8.3663228590e-01	3.2928679947e+03
9.3392932297e+06	8.3662272360e-01	3.2943157865e+03
9.3375681302e+06	8.3661379685e-01	3.2953329520e+03
9.3375681302e+06	8.4017417776e-01	3.3003299125e+03
9.3375681302e+06	8.4007220531e-01	3.3035403425e+03
9.3375681302e+06	8.3996979207e-01	3.3075175188e+03
9.3375681302e+06	8.3986696139e-01	3.3119113715e+03
9.3375681302e+06	8.3976372149e-01	3.3165924517e+03
9.3375681302e+06	8.3966007585e-01	3.3214930531e+03
9.3375681302e+06	8.3955602590e-01	3.3265715681e+03
9.3375681302e+06	8.3945157155e-01	3.3317998502e+03
9.3375681302e+06	8.3934671229e-01	3.3371575903e+03
9.3375681302e+06	8.3924144736e-01	3.3426294578e+03
9.3375681302e+06	8.3913577477e-01	3.3482035403e+03
9.3375681302e+06	8.3902969319e-01	3.3538702543e+03
9.3375681302e+06	8.3892320076e-01	3.3596217712e+03
9.3375681302e+06	8.3881629573e-01	3.3654515447e+03
9.3375681302e+06	8.3870897474e-01	3.3713540498e+03
9.3375681302e+06	8.3860123541e-01	3.3773244766e+03
9.3375681302e+06	8.3849307494e-01	3.3833586627e+03
9.3375681302e+06	8.3838449185e-01	3.3894528714e+03
9.3375681302e+06	8.3827548316e-01	3.3956038331e+03
9.3375681302e+06	8.3816604661e-01	3.4018084811e+03
9.3375681302e+06	8.3805617970e-01	3.4080640125e+03
9.3375681302e+06	8.3794588205e-01	3.4143677656e+03
9.3375681302e+06	8.3783515208e-01	3.4207172944e+03
9.3375681302e+06	8.3772398867e-01	3.4271102676e+03
9.3375681302e+06	8.3761239116e-01	3.4335443162e+03
9.3375681302e+06	8.3750035603e-01	3.4400173172e+03
9.3375681302e+06	8.3738788246e-01	3.4465270476e+03
9.3375681302e+06	8.3727496412e-01	3.4530715556e+03
9.3375681302e+06	8.3716159763e-01	3.4596488158e+03
9.3375681302e+06	8.3704777882e-01	3.4662571977e+03
9.3375681302e+06	8.3693350429e-01	3.4728952077e+03
9.3375681302e+06	8.3681877345e-01	3.4796103733e+03
9.3375681302e+06	8.3670358242e-01	3.4863810389e+03
9.3375681302e+06	8.3658792877e-01	3.4931797661e+03
9.3375681302e+06	8.3647180885e-01	3.5000074660e+03
9.3375681302e+06	8.3635521914e-01	3.5068662144e+03
9.3375681302e+06	8.3623815587e-01	3.5137595694e+03
9.3375681302e+06	8.3612061497e-01	3.5206929309e+03
9.3375681302e+06	8.3600259323e-01	3.5276738093e+03
9.3375681302e+06	8.3588408230e-01	3.5347124884e+03
9.3375681302e+06	8.3576508071e-01	3.5418215748e+03
9.3375681302e+06	8.3564558261e-01	3.5490167568e+03
9.3375681302e+06	8.3552558100e-01	3.5563165727e+03
9.3375681302e+06	8.3540507226e-01	3.5637418398e+03
9.3375681302e+06	8.3528404955e-01	3.5713155136e+03
9.3375681302e+06	8.3516250622e-01	3.5790616335e+03
9.3375681302e+06	8.3504043872e-01	3.5870040324e+03
9.3375681302e+06	8.3491784403e-01	3.5951652697e+03
9.3375681302e+06	8.3479471585e-01	3.6035654651e+03
9.3375681302e+06	8.3467105372e-01	3.6122203610e+03
9.3375681302e+06	8.3454685266e-01	3.6211408916e+03
9.3375681302e+06	8.3442211203e-01	3.6303317656e+03
9.3375681302e+06	8.3429683146e-01	3.6397913902e+03
9.3375681302e+06	8.3417100840e-01	3.6495122153e+03
9.3375681302e+06	8.3404464153e-01	3.6594811017e+03
9.3375681302e+06	8.3391772953e-01	3.6696804967e+03
9.3375681302e+06	8.3379026931e-01	3.6800897568e+03
9.3375681302e+06	8.3366226232e-01	3.6906859240e+03
9.3375681302e+06	8.3353370395e-01	3.7014459684e+03
9.3375681302e+06	8.3340459306e-01	3.7123470156e+03
9.3375681302e+06	8.3327492815e-01	3.7233675357e+03
9.3375681302e+06	8.3314470544e-01	3.7344880790e+03
9.3375681302e+06	8.3301392098e-01	3.7456914561e+03
9.3375681302e+06	8.3288257282e-01	3.7569626696e+03
9.3375681302e+06	8.3275065799e-01	3.7682891352e+03
9.3375681302e+06	8.3261817143e-01	3.7796606227e+03
9.3375681302e+06	8.3248511124e-01	3.7910685739e+03
9.3375681302e+06	8.3235147280e-01	3.8025063491e+03
9.3375681302e+06	8.3221725225e-01	3.8139686482e+03
9.3375681302e+06	8.3208244568e-01	3.8254513214e+03
9.3375681302e+06	8.3194704909e-01	3.8369511256e+03
9.3375681302e+06	8.3181105770e-01	3.8484655747e+03
9.3375681302e+06	8.3167446778e-01	3.8599925657e+03
9.3375681302e+06	8.3153727549e-01	3.8715303649e+03
9.3375681302e+06	8.3139947509e-01	3.8830776552e+03
9.3375681302e+06	8.3126106328e-01	3.8946330421e+03
9.3375681302e+06	8.3112203362e-01	3.9061954844e+03
9.3375681302e+06	8.3098238358e-01	3.9177636859e+03
9.3375681302e+06	8.3084210663e-01	3.9293373743e+03
9.3375681302e+06	8.3070119855e-01	3.9409234980e+03
9.3375681302e+06	8.3055964023e-01	3.9526101040e+03
9.3375681302e+06	8.3041725443e-01	3.9653672429e+03
9.3375681302e+06	8.3032859370e-01	3.9891611740e+03
9.3375681302e+06	8.3031825636e-01	4.0013422640e+03
9.3375681302e+06	8.3030793609e-01	4.0165066295e+03
9.3375681302e+06	8.3029776524e-01	4.0317265557e+03
9.3375681302e+06	8.3028773220e-01	4.0441702687e+03
9.3375681302e+06	8.3027797393e-01	4.0521001645e+03
9.3375681302e+06	8.3026840372e-01	4.0570645495e+03
9.3375681302e+06	8.3025887893e-01	4.0607446055e+03
9.3375681302e+06	8.3024939811e-01	4.0638127778e+03
9.3375681302e+06	8.3023998991e-01	4.0665098464e+03
9.3375681302e+06	8.3023060755e-01	4.0690385776e+03
9.3375681302e+06	8.3022123433e-01	4.0714894943e+03
9.3375681302e+06	8.3021196833e-01	4.0737713653e+03
9.3375681302e+06	8.3020283086e-01	4.0759005711e+03
9.3375681302e+06	8.3019394027e-01	4.0777803842e+03
9.3375681302e+06	8.3018567723e-01	4.0790013790e+03
9.3375681302e+06	8.3017872496e-01	4.0788265641e+03
9.3375681302e+06	8.3017486642e-01	4.0750230370e+03
9.3375681302e+06	8.3017668073e-01	4.0669265221e+03
9.3375681302e+06	8.3018464922e-01	4.0527799772e+03
9.3375681302e+06	8.3020139478e-01	4.0293311725e+03
9.3375681302e+06	8.3023151014e-01	3.9914831539e+03
9.3375681302e+06	8.3028365544e-01	3.9311539948e+03
9.3375681302e+06	8.3037258380e-01	3.8356028367e+03
9.3375681302e+06	8.3052001419e-01	3.6871188309e+03
9.3375681302e+06	8.3073459050e-01	3.4842983155e+03
9.3375681302e+06	8.3094539296e-01	3.2976218967e+03
9.3375681302e+06	8.3115138371e-01	3.1230208147e+03
9.3375681302e+06	8.3134394183e-01	2.9595308998e+03
9.3104757964e+06	8.3148430819e-01	2.8080521098e+03
9.3104757964e+06	8.2572320926e-01	2.8022093408e+03
9.3104757964e+06	8.2561169942e-01	2.8022890094e+03
9.3104757964e+06	8.2549863731e-01	2.8023682594e+03
9.3104757964e+06	8.2538454362e-01	2.8023546914e+03
9.3104757964e+06	8.2526965101e-01	2.8019606875e+03
9.3104757964e+06	8.2515408090e-01	2.8015677011e+03
9.3104757964e+06	8.2503790088e-01	2.8018850455e+03
9.3104757964e+06	8.2492115000e-01	2.8032322767e+03
9.3104757964e+06	8.2480385306e-01	2.8055892107e+03
9.3104757964e+06	8.2468602391e-01	2.8088034800e+03
9.3104757964e+06	8.2456767372e-01	2.8127043345e+03
9.3104757964e+06	8.2444876033e-01	2.8171440974e+03
9.3104757964e+06	8.2432915557e-01	2.8220069076e+03
9.3104757964e+06	8.2420883017e-01	2.8272066096e+03
9.3104757964e+06	8.2408775842e-01	2.8326818933e+03
9.3104757964e+06	8.2396589765e-01	2.8383913020e+03
9.3104757964e+06	8.2384321941e-01	2.8443087992e+03
9.3104757964e+06	8.2371979114e-01	2.8504206481e+03
9.3104757964e+06	8.2359570038e-01	2.8567217544e+03
9.3104757964e+06	8.2347095034e-01	2.8632142101e+03
9.3104757964e+06	8.2334554362e-01	2.8699041975e+03
9.3104757964e+06	8.2321947286e-01	2.8768001955e+03
9.3104757964e+06	8.2309271936e-01	2.8839112112e+03
9.3104757964e+06	8.2296525615e-01	2.8912449561e+03
9.3104757964e+06	8.2283705258e-01	2.8988060078e+03
9.3104757964e+06	8.2270798499e-01	2.9065954115e+03
9.3104757964e+06	8.2257801189e-01	2.9146095800e+03
9.3104757964e+06	8.2244744824e-01	2.9228403825e+03
9.3104757964e+06	8.2231632606e-01	2.9312753750e+03
9.3104757964e+06	8.2218464376e-01	2.9398989530e+03
9.3104757964e+06	8.2205240095e-01	2.9486930111e+03
9.3104757964e+06	8.2191959682e-01	2.9576379680e+03
9.3104757964e+06	8.2178623190e-01	2.9667139253e+03
9.3104757964e+06	8.2165230418e-01	2.9759015894e+03
9.3104757964e+06	8.2151781377e-01	2.9851826691e+03
9.3104757964e+06	8.2138275488e-01	2.9945409000e+03
9.3104757964e+06	8.2124712281e-01	3.0039617082e+03
9.3104757964e+06	8.2111091194e-01	3.0134328770e+03
9.3104757964e+06	8.2097411865e-01	3.0229441284e+03
9.3104757964e+06	8.2083673867e-01	3.0325910689e+03
9.3104757964e+06	8.2069876944e-01	3.0422678936e+03
9.3104757964e+06	8.2056020803e-01	3.0519646709e+03
9.3104757964e+06	8.2042104858e-01	3.0616773525e+03
9.3104757964e+06	8.2028128884e-01	3.0714026063e+03
9.3104757964e+06	8.2014092384e-01	3.0811380465e+03
9.3104757964e+06	8.1999994936e-01	3.0908818061e+03
9.3104757964e+06	8.1985836004e-01	3.1006325130e+03
9.3104757964e+06	8.1971615304e-01	3.1103889098e+03
9.3104757964e+06	8.1957332449e-01	3.1201499998e+03
9.3104757964e+06	8.1942986840e-01	3.1299150411e+03
9.3104757964e+06	8.1928578203e-01	3.1396831259e+03
9.3104757964e+06	8.1914106006e-01	3.1494535362e+03
9.3104757964e+06	8.1899569807e-01	3.1592254916e+03
9.3104757964e+06	8.1884969142e-01	3.1689983182e+03
9.3104757964e+06	8.1870303468e-01	3.1787726436e+03
9.3104757964e+06	8.1855572045e-01	3.1885632168e+03
9.3104757964e+06	8.1840770155e-01	3.1985403293e+03
9.3104757964e+06	8.1825857326e-01	3.2105548324e+03
9.3104757964e+06	8.1821585781e-01	3.2270926609e+03
9.3104757964e+06	8.1820506685e-01	3.2374426246e+03
9.3104757964e+06	8.1819434848e-01	3.2494425610e+03
9.3104757964e+06	8.1818379658e-01	3.2606521436e+03
9.3104757964e+06	8.1817341149e-01	3.2691783399e+03
9.3104757964e+06	8.1816327689e-01	3.2745620056e+03
9.3104757964e+06	8.1815330477e-01	3.2781201619e+03
9.3104757964e+06	8.1814333966e-01	3.2809754032e+03
9.3104757964e+06	8.1813343331e-01	3.2834284513e+03
9.3104757964e+06	8.1812360161e-01	3.2856314802e+03
9.3104757964e+06	8.1811377346e-01	3.2877454078e+03
9.3104757964e+06	8.1810397657e-01	3.2897840704e+03
9.3104757964e+06	8.1809429966e-01	3.2916878817e+03
9.3104757964e+06	8.1808475111e-01	3.2934828643e+03
9.3104757964e+06	8.1807551292e-01	3.2950326055e+03
9.3104757964e+06	8.1806700577e-01	3.2959948450e+03
9.3104757964e+06	8.1806012031e-01	3.2956872730e+03
9.3104757964e+06	8.1805712047e-01	3.2928529148e+03
9.3104757964e+06	8.1805929774e-01	3.2868906495e+03
9.3104757964e+06	8.1806800716e-01	3.2763568472e+03
9.3104757964e+06	8.1808618339e-01	3.2587438084e+03
9.3104757964e+06	8.1811878926e-01	3.2300438100e+03
9.3104757964e+06	8.1817413046e-01	3.1840065114e+03
9.3104757964e+06	8.1826525672e-01	3.1111591719e+03
9.3104757964e+06	8.1840918587e-01	2.9980507354e+03
9.3104757964e+06	8.1856508459e-01	2.8435961063e+03
9.3104757964e+06	8.1859639335e-01	2.6975174867e+03
9.3104757964e+06	8.1844623744e-01	2.6616879190e+03
9.3104757964e+06	8.1836075804e-01	2.6649785986e+03
9.3104757964e+06	8.1827121094e-01	2.6689436054e+03
9.3104757964e+06	8.1817860030e-01	2.6733547576e+03
9.3104757964e+06	8.1808413248e-01	2.6780504233e+03
9.3104757964e+06	8.1798821922e-01	2.6829478602e+03
9.3104757964e+06	8.1789088969e-01	2.6880017849e+03
9.3104757964e+06	8.1779104534e-01	2.6931849001e+03
9.3104757964e+06	8.1768824074e-01	2.6984782939e+03
9.3104757964e+06	8.1758340054e-01	2.7038671897e+03
9.3104757964e+06	8.1747755041e-01	2.7093400777e+03
9.3104757964e+06	8.1736736771e-01	2.7148908174e+03
9.3104757964e+06	8.1725487263e-01	2.7205109833e+03
9.3104757964e+06	8.1713813354e-01	2.7261962017e+03
9.3104757964e+06	8.1701882490e-01	2.7319403684e+03
9.3104757964e+06	8.1689905007e-01	2.7377377427e+03
9.3104757964e+06	8.1677880689e-01	2.7435846576e+03
9.3104757964e+06	8.1665809304e-01	2.7494778693e+03
9.3104757964e+06	8.1653690619e-01	2.7554144617e+03
9.3104757964e+06	8.1641524389e-01	2.7613917818e+03
9.3104757964e+06	8.1629310364e-01	2.7674073824e+03
9.3104757964e+06	8.1617048288e-01	2.7734589781e+03
9.3104757964e+06	8.1604737986e-01	2.7795443667e+03
9.3104757964e+06	8.1592379025e-01	2.7856615705e+03
9.3104757964e+06	8.1579971309e-01	2.7918085234e+03
9.3104757964e+06	8.1567514325e-01	2.7979834312e+03
9.3104757964e+06	8.1555008100e-01	2.8041842954e+03
9.3104757964e+06	8.1542452097e-01	2.8104094743e+03
9.3104757964e+06	8.1529846126e-01	2.8166572494e+03
9.3104757964e+06	8.1517189990e-01	2.8229260460e+03
9.3104757964e+06	8.1504483155e-01	2.8292146552e+03
9.3104757964e+06	8.1491717928e-01	2.8355220556e+03
9.3104757964e+06	8.1478878321e-01	2.8418476970e+03
9.3104757964e+06	8.1465957771e-01	2.8481917155e+03
9.3104757964e+06	8.1452951883e-01	2.8545548153e+03
9.3104757964e+06	8.1439856312e-01	2.8609386972e+03
9.3104757964e+06	8.1426686274e-01	2.8673463073e+03
9.3104757964e+06	8.1413446736e-01	2.8737821652e+03
9.3104757964e+06	8.1400138602e-01	2.8802527460e+03
9.3104757964e+06	8.1386761427e-01	2.8867665360e+03
9.3104757964e+06	8.1373314246e-01	2.8933343551e+03
9.3104757964e+06	8.1359793454e-01	2.8999694764e+03
9.3104757964e+06	8.1346193891e-01	2.9066877796e+03
9.3104757964e+06	8.1332507889e-01	2.9135069322e+03
9.3104757964e+06	8.1318719470e-01	2.9204463280e+03
9.3104757964e+06	8.1304862531e-01	2.9275259717e+03
9.3104757964e+06	8.1290946150e-01	2.9347657900e+03
9.3104757964e+06	8.1276969917e-01	2.9421845177e+03
9.3104757964e+06	8.1262933335e-01	2.9497984684e+03
9.3104757964e+06	8.1248836273e-01	2.9576201292e+03
9.3104757964e+06	8.1234678738e-01	2.9656573908e+03
9.3104757964e+06	8.1220460594e-01	2.9739131213e+03
9.3104757964e+06	8.1206181606e-01	2.9823847115e+03
9.3104757964e+06	8.1191841670e-01	2.9910644133e+03
9.3104757964e+06	8.1177440474e-01	2.9999399987e+03
9.3104757964e+06	8.1162977373e-01	3.0089958737e+03
9.3104757964e+06	8.1148452247e-01	3.0182139157e+03
9.3104757964e+06	8.1133864799e-01	3.0275749111e+03
9.3104757964e+06	8.1119215093e-01	3.0371341955e+03
9.3104757964e+06	8.1104502542e-01	3.0468323986e+03
9.3104757964e+06	8.1089727113e-01	3.0566192076e+03
9.3104757964e+06	8.1074888348e-01	3.0664790312e+03
9.3104757964e+06	8.1059985775e-01	3.0763983257e+03
9.3104757964e+06	8.1045019263e-01	3.0863653934e+03
9.3104757964e+06	8.1029988297e-01	3.0963707808e+03
9.3104757964e+06	8.1014892356e-01	3.1064068497e+03
9.3104757964e+06	8.0999731239e-01	3.1164673376e+03
9.3104757964e+06	8.0984504399e-01	3.1265475539e+03
9.3104757964e+06	8.0969211286e-01	3.1366439102e+03
9.3104757964e+06	8.0953851652e-01	3.1467534910e+03
9.3104757964e+06	8.0938424834e-01	3.1568743220e+03
9.3104757964e+06	8.0922930560e-01	3.1670046704e+03
9.3104757964e+06	8.0907368257e-01	3.1771433480e+03
9.3104757964e+06	8.0891737449e-01	3.1872893405e+03
9.3104757964e+06	8.0876037654e-01	3.1974417813e+03
9.3104757964e+06	8.0860268383e-01	3.2075998832e+03
9.3104757964e+06	8.0844429144e-01	3.2177628898e+03
9.3104757964e+06	8.0828519443e-01	3.2279300456e+03
9.3104757964e+06	8.0812538777e-01	3.2381006035e+03
9.3104757964e+06	8.0796486634e-01	3.2482741494e+03
9.3104757964e+06	8.0780362322e-01	3.2584542926e+03
9.3104757964e+06	8.0764164253e-01	3.2686882281e+03
9.3104757964e+06	8.0747879179e-01	3.2794997544e+03
9.3104757964e+06	8.0735356783e-01	3.2964000269e+03
9.3104757964e+06	8.0734183074e-01	3.3045548507e+03
9.3104757964e+06	8.0733003404e-01	3.3154474223e+03
9.3104757964e+06	8.0731832513e-01	3.3278806101e+03
9.3104757964e+06	8.0730679058e-01	3.3393153375e+03
9.3104757964e+06	8.0729544510e-01	3.3478372386e+03
9.3104757964e+06	8.0728435847e-01	3.3532096411e+03
9.3104757964e+06	8.0727343821e-01	3.3568122538e+03
9.3104757964e+06	8.0726250378e-01	3.3597640723e+03
9.3104757964e+06	8.0725164165e-01	3.3623079184e+03
9.3104757964e+06	8.0724085987e-01	3.3646033321e+03
9.3104757964e+06	8.0723007332e-01	3.3668264935e+03
9.3104757964e+06	8.0721934060e-01	3.3689572723e+03
9.3104757964e+06	8.0720874312e-01	3.3709450847e+03
9.3104757964e+06	8.0719828527e-01	3.3728245887e+03
9.3104757964e+06	8.0718821316e-01	3.3744054042e+03
9.3104757964e+06	8.0717900589e-01	3.3753119681e+03
9.3104757964e+06	8.0717177152e-01	3.3747187368e+03
9.3104757964e+06	8.0716913651e-01	3.3716844020e+03
9.3104757964e+06	8.0717153524e-01	3.3655329159e+03
9.3104757964e+06	8.0718068773e-01	3.3547270342e+03
9.3104757964e+06	8.0719975218e-01	3.3366795630e+03
9.3104757964e+06	8.0723404405e-01	3.3072774992e+03
9.3104757964e+06	8.0729229327e-01	3.2601366814e+03
9.3104757964e+06	8.0738829831e-01	3.1856183787e+03
9.3104757964e+06	8.0754293976e-01	3.0696771414e+03
9.2996926590e+06	8.0772991353e-01	2.9127124222e+03
9.2996926590e+06	8.0776946042e-01	2.9150804238e+03
9.2996926590e+06	8.0765970130e-01	2.9151271896e+03
9.2996926590e+06	8.0754872870e-01	2.9147032657e+03
9.2996926590e+06	8.0743686943e-01	2.9151329119e+03
9.2996926590e+06	8.0732380477e-01	2.9174064413e+03
9.2996926590e+06	8.0720953413e-01	2.9211366828e+03
9.2996926590e+06	8.0709446961e-01	2.9258142430e+03
9.2996926590e+06	8.0697874766e-01	2.9310908676e+03
9.2996926590e+06	8.0686239079e-01	2.9367528706e+03
9.2996926590e+06	8.0674539676e-01	2.9426708467e+03
9.2996926590e+06	8.0662773889e-01	2.9487654860e+03
9.2996926590e+06	8.0650934082e-01	2.9549870056e+03
9.2996926590e+06	8.0639007603e-01	2.9613034459e+03
9.2996926590e+06	8.0626985738e-01	2.9676937759e+03
9.2996926590e+06	8.0614915316e-01	2.9741432788e+03
9.2996926590e+06	8.0602797788e-01	2.9806419532e+03
9.2996926590e+06	8.0590633250e-01	2.9871824060e+03
9.2996926590e+06	8.0578421598e-01	2.9937591995e+03
9.2996926590e+06	8.0566162900e-01	3.0003680576e+03
9.2996926590e+06	8.0553856595e-01	3.0070057682e+03
9.2996926590e+06	8.0541502569e-01	3.0136695812e+03
9.2996926590e+06	8.0529099893e-01	3.0203575928e+03
9.2996926590e+06	8.0516648175e-01	3.0270683623e+03
9.2996926590e+06	8.0504147189e-01	3.0338011336e+03
9.2996926590e+06	8.0491596524e-01	3.0405791856e+03
9.2996926590e+06	8.0478995854e-01	3.0474338877e+03
9.2996926590e+06	8.0466344765e-01	3.0543143598e+03
9.2996926590e+06	8.0453642837e-01	3.0612244085e+03
9.2996926590e+06	8.0440889584e-01	3.0681696921e+03
9.2996926590e+06	8.0428084700e-01	3.0751578860e+03
9.2996926590e+06	8.0415227479e-01	3.0821992585e+03
9.2996926590e+06	8.0402317343e-01	3.0893065637e+03
9.2996926590e+06	8.0389353685e-01	3.0964951831e+03
9.2996926590e+06	8.0376335579e-01	3.1037831214e+03
9.2996926590e+06	8.0363262831e-01	3.1111900630e+03
9.2996926590e+06	8.0350134839e-01	3.1187373468e+03
9.2996926590e+06	8.0336950873e-01	3.1264469170e+03
9.2996926590e+06	8.0323710401e-01	3.1343399957e+03
9.2996926590e+06	8.0310412805e-01	3.1424359985e+03
9.2996926590e+06	8.0297057858e-01	3.1507509388e+03
9.2996926590e+06	8.0283645406e-01	3.1592964452e+03
9.2996926590e+06	8.0270175048e-01	3.1680790735e+03
9.2996926590e+06	8.0256646446e-01	3.1770996289e+03
9.2996926590e+06	8.0243059745e-01	3.1863528513e+03
9.2996926590e+06	8.0229414662e-01	3.1958284682e+03
9.2996926590e+06	8.0215711065e-01	3.2055116596e+03
9.2996926590e+06	8.0201948812e-01	3.2153843840e+03
9.2996926590e+06	8.0188127740e-01	3.2254265132e+03
9.2996926590e+06	8.0174247528e-01	3.2356171549e+03
9.2996926590e+06	8.0160308219e-01	3.2459354377e+03
9.2996926590e+06	8.0146309305e-01	3.2563619787e+03
9.2996926590e+06	8.0132250753e-01	3.2668787264e+03
9.2996926590e+06	8.0118132129e-01	3.2774699994e+03
9.2996926590e+06	8.0103952984e-01	3.2881223319e+03
9.2996926590e+06	8.0089713190e-01	3.2988242074e+03
9.2996926590e+06	8.0075412256e-01	3.3095664316e+03
9.2996926590e+06	8.0061049790e-01	3.3203415708e+03
9.2996926590e+06	8.0046625387e-01	3.3311437837e+03
9.2996926590e+06	8.0032138467e-01	3.3419686779e+03
9.2996926590e+06	8.0017588876e-01	3.3528125694e+03
9.2996926590e+06	8.0002975857e-01	3.3636730433e+03
9.2996926590e+06	7.9988299032e-01	3.3745480524e+03
9.2996926590e+06	7.9973557995e-01	3.3854360149e+03
9.2996926590e+06	7.9958752242e-01	3.3963357981e+03
9.2996926590e+06	7.9943881304e-01	3.4072464070e+03
9.2996926590e+06	7.9928944620e-01	3.4181669663e+03
9.2996926590e+06	7.9913941689e-01	3.4290967099e+03
9.2996926590e+06	7.9898872354e-01	3.4400347824e+03
9.2996926590e+06	7.9883736672e-01	3.4509803486e+03
9.2996926590e+06	7.9868534483e-01	3.4619327263e+03
9.2996926590e+06	7.9853265333e-01	3.4728935309e+03
9.2996926590e+06	7.9837927661e-01	3.4838881319e+03
9.2996926590e+06	7.9822513541e-01	3.4952036496e+03
9.2996926590e+06	7.9806961836e-01	3.5100798202e+03
9.2996926590e+06	7.9805071636e-01	3.5260120877e+03
9.2996926590e+06	7.9803917892e-01	3.5379559815e+03
9.2996926590e+06	7.9802773129e-01	3.5515922299e+03
9.2996926590e+06	7.9801646579e-01	3.5641244159e+03
9.2996926590e+06	7.9800540433e-01	3.5734345175e+03
9.2996926590e+06	7.9799461665e-01	3.5792972048e+03
9.2996926590e+06	7.9798400485e-01	3.5832349892e+03
9.2996926590e+06	7.9797336853e-01	3.5864743296e+03
9.2996926590e+06	7.9796281300e-01	3.5892645623e+03
9.2996926590e+06	7.9795234344e-01	3.5917843722e+03
9.2996926590e+06	7.9794185564e-01	3.5942328033e+03
9.2996926590e+06	7.9793142983e-01	3.5965723177e+03
9.2996926590e+06	7.9792115198e-01	3.5987526146e+03
9.2996926590e+06	7.9791102429e-01	3.6008148170e+03
9.2996926590e+06	7.9790133761e-01	3.6025226102e+03
9.2996926590e+06	7.9789262371e-01	3.6034480929e+03
9.2996926590e+06	7.9788616344e-01	3.6026030683e+03
9.2996926590e+06	7.9788458061e-01	3.5991748065e+03
9.2996926590e+06	7.9788803370e-01	3.5923637567e+03
9.2996926590e+06	7.9789852240e-01	3.5804538467e+03
9.2996926590e+06	7.9791946528e-01	3.5605995523e+03
9.2996926590e+06	7.9795656037e-01	3.5283013815e+03
9.2996926590e+06	7.9801913410e-01	3.4768845267e+03
9.2996926590e+06	7.9812191802e-01	3.3962979571e+03
9.2996926590e+06	7.9828694711e-01	3.2714511280e+03
9.2996926590e+06	7.9852064443e-01	3.1011434209e+03
9.2996926590e+06	7.9872373479e-01	2.9421052167e+03
9.2996926590e+06	7.9888668338e-01	2.7925690751e+03
9.2996926590e+06	7.9872251124e-01	2.6794284858e+03
9.2996926590e+06	7.9863961580e-01	2.6830092132e+03
9.2996926590e+06	7.9855267682e-01	2.6873032360e+03
9.2996926590e+06	7.9846193737e-01	2.6920803674e+03
9.2996926590e+06	7.9836943608e-01	2.6971594367e+03
9.2996926590e+06	7.9827505972e-01	2.7024503385e+03
9.2996926590e+06	7.9817961442e-01	2.7079040403e+03
9.2996926590e+06	7.9808038261e-01	2.7134930132e+03
9.2996926590e+06	7.9797884104e-01	2.7191959656e+03
9.2996926590e+06	7.9787501622e-01	2.7249982451e+03
9.2996926590e+06	7.9776922691e-01	2.7308883632e+03
9.2996926590e+06	7.9765941503e-01	2.7368590980e+03
9.2996926590e+06	7.9754618141e-01	2.7429028294e+03
9.2996926590e+06	7.9742826787e-01	2.7490145728e+03
9.2996926590e+06	7.9730989704e-01	2.7551860062e+03
9.2996926590e+06	7.9719106689e-01	2.7614128246e+03
9.2996926590e+06	7.9707177529e-01	2.7676912777e+03
9.2996926590e+06	7.9695201999e-01	2.7740180504e+03
9.2996926590e+06	7.9683179863e-01	2.7803901719e+03
9.2996926590e+06	7.9671110879e-01	2.7868049425e+03
9.2996926590e+06	7.9658994878e-01	2.7932598333e+03
9.2996926590e+06	7.9646831528e-01	2.7997525664e+03
9.2996926590e+06	7.9634620569e-01	2.8062809539e+03
9.2996926590e+06	7.9622361641e-01	2.8128429597e+03
9.2996926590e+06	7.9610054565e-01	2.8194365308e+03
9.2996926590e+06	7.9597699169e-01	2.8260596769e+03
9.2996926590e+06	7.9585295079e-01	2.8327105820e+03
9.2996926590e+06	7.9572841900e-01	2.8393875124e+03
9.2996926590e+06	7.9560339446e-01	2.8460887190e+03
9.2996926590e+06	7.9547787416e-01	2.8528126494e+03
9.2996926590e+06	7.9535180162e-01	2.8595579968e+03
9.2996926590e+06	7.9522490670e-01	2.8663239143e+03
9.2996926590e+06	7.9509709362e-01	2.8731097630e+03
9.2996926590e+06	7.9496830737e-01	2.8799156458e+03
9.2996926590e+06	7.9483871322e-01	2.8867420522e+03
9.2996926590e+06	7.9470840549e-01	2.8935906615e+03
9.2996926590e+06	7.9457738892e-01	2.9004643276e+03
9.2996926590e+06	7.9444566693e-01	2.9073675260e+03
9.2996926590e+06	7.9431321461e-01	2.9143068005e+03
9.2996926590e+06	7.9417999309e-01	2.9212908518e+03
9.2996926590e+06	7.9404594144e-01	2.9283305419e+03
9.2996926590e+06	7.9391086857e-01	2.9354396613e+03
9.2996926590e+06	7.9377481470e-01	2.9426339478e+03
9.2996926590e+06	7.9363818968e-01	2.9499313104e+03
9.2996926590e+06	7.9350098621e-01	2.9573516802e+03
9.2996926590e+06	7.9336320284e-01	2.9649156367e+03
9.2996926590e+06	7.9322483111e-01	2.9726440287e+03
9.2996926590e+06	7.9308587058e-01	2.9805560440e+03
9.2996926590e+06	7.9294631600e-01	2.9886686985e+03
9.2996926590e+06	7.9280616524e-01	2.9969949680e+03
9.2996926590e+06	7.9266541893e-01	3.0055429777e+03
9.2996926590e+06	7.9252407158e-01	3.0143157277e+03
9.2996926590e+06	7.9238211762e-01	3.0233104867e+03
9.2996926590e+06	7.9223955331e-01	3.0325192110e+03
9.2996926590e+06	7.9209637749e-01	3.0419292782e+03
9.2996926590e+06	7.9195258820e-01	3.0515573034e+03
9.2996926590e+06	7.9180818234e-01	3.0614297798e+03
9.2996926590e+06	7.9166316182e-01	3.0714504646e+03
9.2996926590e+06	7.9151752243e-01	3.0815993057e+03
9.2996926590e+06	7.9137126159e-01	3.0918569221e+03
9.2996926590e+06	7.9122437640e-01	3.1022054632e+03
9.2996926590e+06	7.9107686365e-01	3.1126290172e+03
9.2996926590e+06	7.9092871857e-01	3.1231139316e+03
9.2996926590e+06	7.9077994003e-01	3.1336484619e+03
9.2996926590e+06	7.9063052282e-01	3.1442232128e+03
9.2996926590e+06	7.9048046284e-01	3.1548305778e+03
9.2996926590e+06	7.9032975583e-01	3.1654645840e+03
9.2996926590e+06	7.9017839744e-01	3.1761206303e+03
9.2996926590e+06	7.9002638208e-01	3.1867953077e+03
9.2996926590e+06	7.8987370738e-01	3.1974858512e+03
9.2996926590e+06	7.8972036760e-01	3.2081903922e+03
9.2996926590e+06	7.8956635801e-01	3.2189074725e+03
9.2996926590e+06	7.8941167394e-01	3.2296359649e+03
9.2996926590e+06	7.8925631054e-01	3.2403749718e+03
9.2996926590e+06	7.8910026297e-01	3.2511237212e+03
9.2996926590e+06	7.8894352520e-01	3.2618815847e+03
9.2996926590e+06	7.8878609457e-01	3.2726477167e+03
9.2996926590e+06	7.8862796453e-01	3.2834215210e+03
9.2996926590e+06	7.8846913013e-01	3.2942022828e+03
9.2996926590e+06	7.8830958736e-01	3.3049894715e+03
9.2996926590e+06	7.8814932868e-01	3.3157859664e+03
9.2996926590e+06	7.8798834040e-01	3.3266301075e+03
9.2996926590e+06	7.8782651090e-01	3.3379495284e+03
9.2996926590e+06	7.8768531932e-01	3.3542873192e+03
9.2996926590e+06	7.8767157880e-01	3.3659010031e+03
9.2996926590e+06	7.8765942084e-01	3.3773979332e+03
9.2996926590e+06	7.8764737168e-01	3.3902678777e+03
9.2996926590e+06	7.8763550742e-01	3.4018694795e+03
9.2996926590e+06	7.8762384436e-01	3.4103603055e+03
9.2996926590e+06	7.8761245161e-01	3.4157432527e+03
9.2996926590e+06	7.8760123264e-01	3.4194458572e+03
9.2996926590e+06	7.8758997869e-01	3.4225642749e+03
9.2996926590e+06	7.8757881783e-01	3.4252702660e+03
9.2996926590e+06	7.8756774852e-01	3.4277283194e+03
9.2996926590e+06	7.8755664823e-01	3.4301358612e+03
9.2996926590e+06	7.8754562828e-01	3.4324290416e+03
9.2996926590e+06	7.8753477136e-01	3.4345665233e+03
9.2996926590e+06	7.8752406899e-01	3.4365948650e+03
9.2996926590e+06	7.8751387863e-01	3.4382454226e+03
9.2996926590e+06	7.8750479496e-01	3.4390860611e+03
9.2996926590e+06	7.8749833090e-01	3.4380516705e+03
9.2996926590e+06	7.8749726003e-01	3.4344409118e+03
9.2996926590e+06	7.8750169000e-01	3.4274001196e+03
9.2996926590e+06	7.8751398038e-01	3.4151623905e+03
9.2996926590e+06	7.8753789587e-01	3.3948171850e+03
9.2996926590e+06	7.8757986478e-01	3.3617804091e+03
9.2996926590e+06	7.8765033949e-01	3.3089592016e+03
9.2996926590e+06	7.8776587444e-01	3.2257025413e+03
9.2996926590e+06	7.8795107507e-01	3.0967959164e+03
9.2996926590e+06	7.8815666835e-01	2.9392334326e+03
9.2996926590e+06	7.8832282466e-01	2.7909884265e+03
9.2996926590e+06	7.8815275644e-01	2.6879872805e+03
9.2996926590e+06	7.8806425806e-01	2.6917680372e+03
9.2996926590e+06	7.8797123664e-01	2.6962783519e+03
9.2996926590e+06	7.8787451547e-01	2.7012741381e+03
9.2996926590e+06	7.8777618981e-01	2.7065722731e+03
9.2996926590e+06	7.8767561362e-01	2.7120832716e+03
9.2996926590e+06	7.8757394353e-01	2.7177579983e+03
9.2996926590e+06	7.8746791174e-01	2.7235695624e+03
9.2996926590e+06	7.8735968436e-01	2.7294961013e+03
9.2996926590e+06	7.8724969031e-01	2.7355226088e+03
9.2996926590e+06	7.8713611275e-01	2.7416393191e+03
9.2996926590e+06	7.8701909448e-01	2.7478372842e+03
9.2996926590e+06	7.8689747678e-01	2.7541102162e+03
9.2996926590e+06	7.8677298959e-01	2.7604507736e+03
9.2996926590e+06	7.8664801892e-01	2.7668519920e+03
9.2996926590e+06	7.8652256259e-01	2.7733095577e+03
9.2996926590e+06	7.8639661827e-01	2.7798197126e+03
9.2996926590e+06	7.8627018353e-01	2.7863791358e+03
9.2996926590e+06	7.8614325663e-01	2.7929848097e+03
9.2996926590e+06	7.8601583334e-01	2.7996341131e+03
9.2996926590e+06	7.8588791177e-01	2.8063245143e+03
9.2996926590e+06	7.8575949010e-01	2.8130536414e+03
9.2996926590e+06	7.8563056366e-01	2.8198193994e+03
9.2996926590e+06	7.8550113156e-01	2.8266195943e+03
9.2996926590e+06	7.8537118887e-01	2.8334523244e+03
9.2996926590e+06	7.8524073476e-01	2.8403155375e+03
9.2996926590e+06	7.8510976518e-01	2.8472074166e+03
9.2996926590e+06	7.8497827592e-01	2.8541262269e+03
9.2996926590e+06	7.8484626506e-01	2.8610702098e+03
9.2996926590e+06	7.8471372897e-01	2.8680378328e+03
9.2996926590e+06	7.8458043410e-01	2.8750278424e+03
9.2996926590e+06	7.8444615641e-01	2.8820394464e+03
9.2996926590e+06	7.8431082058e-01	2.8890720737e+03
9.2996926590e+06	7.8417461146e-01	2.8961255198e+03
9.2996926590e+06	7.8403763842e-01	2.9032004183e+03
9.2996926590e+06	7.8389990822e-01	2.9102985120e+03
9.2996926590e+06	7.8376142376e-01	2.9174229214e+03
9.2996926590e+06	7.8362216090e-01	2.9245781411e+03
9.2996926590e+06	7.8348207868e-01	2.9317709340e+03
9.2996926590e+06	7.8334106641e-01	2.9390099719e+03
9.2996926590e+06	7.8319889451e-01	2.9463068080e+03
9.2996926590e+06	7.8305583393e-01	2.9536748600e+03
9.2996926590e+06	7.8291217749e-01	2.9611300336e+03
9.2996926590e+06	7.8276791589e-01	2.9686910038e+03
9.2996926590e+06	7.8262304445e-01	2.9763779123e+03
9.2996926590e+06	7.8247756159e-01	2.9842116338e+03
9.2996926590e+06	7.8233145807e-01	2.9922133861e+03
9.2996926590e+06	7.8218473533e-01	3.0004025254e+03
9.2996926590e+06	7.8203738431e-01	3.0087961948e+03
9.2996926590e+06	7.8188940551e-01	3.0174071954e+03
9.2996926590e+06	7.8174079155e-01	3.0262437508e+03
9.2996926590e+06	7.8159153602e-01	3.0353084421e+03
9.2996926590e+06	7.8144163438e-01	3.0445982975e+03
9.2996926590e+06	7.8129108820e-01	3.0541046066e+03
9.2996926590e+06	7.8113989415e-01	3.0638874492e+03
9.2996926590e+06	7.8098805078e-01	3.0738961027e+03
9.2996926590e+06	7.8083555452e-01	3.0840745250e+03
9.2996926590e+06	7.8068240485e-01	3.0944021162e+03
9.2996926590e+06	7.8052860084e-01	3.1048583252e+03
9.2996926590e+06	7.8037413806e-01	3.1154237329e+03
9.2996926590e+06	7.8021901336e-01	3.1260804299e+03
9.2996926590e+06	7.8006322182e-01	3.1368126246e+03
9.2996926590e+06	7.7990676258e-01	3.1476064510e+03
9.2996926590e+06	7.7974963020e-01	3.1584505681e+03
9.2996926590e+06	7.7959182047e-01	3.1693356383e+03
9.2996926590e+06	7.7943332898e-01	3.1802542141e+03
9.2996926590e+06	7.7927415117e-01	3.1912004860e+03
9.2996926590e+06	7.7911428091e-01	3.2021701076e+03
9.2996926590e+06	7.7895371634e-01	3.2131595347e+03
9.2996926590e+06	7.7879244987e-01	3.2241664692e+03
9.2996926590e+06	7.7863047792e-01	3.2351889824e+03
9.2996926590e+06	7.7846779645e-01	3.2462256415e+03
9.2996926590e+06	7.7830439825e-01	3.2572755465e+03
9.2996926590e+06	7.7814028027e-01	3.2683377188e+03
9.2996926590e+06	7.7797543630e-01	3.2794115077e+03
9.2996926590e+06	7.7780985980e-01	3.2904963337e+03
9.2996926590e+06	7.7764354721e-01	3.3015914232e+03
9.2996926590e+06	7.7747649375e-01	3.3126960607e+03
9.2996926590e+06	7.7730869311e-01	3.3238096164e+03
9.2996926590e+06	7.7714013982e-01	3.3349316700e+03
9.2996926590e+06	7.7697082743e-01	3.3460652458e+03
9.2996926590e+06	7.7680073969e-01	3.3572513948e+03
9.2996926590e+06	7.7662975820e-01	3.3689460784e+03
9.2996926590e+06	7.7648280834e-01	3.3859808099e+03
9.2996926590e+06	7.7646844630e-01	3.3976101819e+03
9.2996926590e+06	7.7645555096e-01	3.4094402367e+03
9.2996926590e+06	7.7644277715e-01	3.4225458351e+03
9.2996926590e+06	7.7643019659e-01	3.4342355598e+03
9.2996926590e+06	7.7641783058e-01	3.4427080070e+03
9.2996926590e+06	7.7640574202e-01	3.4480997137e+03
9.2996926590e+06	7.7639383204e-01	3.4518589997e+03
9.2996926590e+06	7.7638186478e-01	3.4550698957e+03
9.2996926590e+06	7.7637000441e-01	3.4578639208e+03
9.2996926590e+06	7.7635824228e-01	3.4604102499e+03
9.2996926590e+06	7.7634643843e-01	3.4629194869e+03
9.2996926590e+06	7.7633473581e-01	3.4653003188e+03
9.2996926590e+06	7.7632321360e-01	3.4675177873e+03
9.2996926590e+06	7.7631186160e-01	3.4696249559e+03
9.2996926590e+06	7.7630110773e-01	3.4713038250e+03
9.2996926590e+06	7.7629162504e-01	3.4720860945e+03
9.2996926590e+06	7.7628520183e-01	3.4707416075e+03
9.2996926590e+06	7.7628480001e-01	3.4665505242e+03
9.2996926590e+06	7.7629066742e-01	3.4585362275e+03
9.2996926590e+06	7.7630561771e-01	3.4447159675e+03
9.2996926590e+06	7.7633390083e-01	3.4218398555e+03
9.2996926590e+06	7.7638304032e-01	3.3847983938e+03
9.2996926590e+06	7.7646507756e-01	3.3257756871e+03
9.2996926590e+06	7.7659906363e-01	3.2330876783e+03
9.2867488387e+06	7.7681315604e-01	3.0912616982e+03
9.2867488387e+06	7.7761599524e-01	3.0958637663e+03
9.2867488387e+06	7.7749481421e-01	3.0959492451e+03
9.2867488387e+06	7.7737266382e-01	3.0955366516e+03
9.2867488387e+06	7.7724982613e-01	3.0955670477e+03
9.2867488387e+06	7.7712640381e-01	3.0975716642e+03
9.2867488387e+06	7.7700244266e-01	3.1013981337e+03
9.2867488387e+06	7.7687796499e-01	3.1064868421e+03
9.2867488387e+06	7.7675298262e-01	3.1123974666e+03
9.2867488387e+06	7.7662750200e-01	3.1188432114e+03
9.2867488387e+06	7.7650152631e-01	3.1256445544e+03
9.2867488387e+06	7.7637505758e-01	3.1326889997e+03
9.2867488387e+06	7.7624809353e-01	3.1399052564e+03
9.2867488387e+06	7.7612063493e-01	3.1472470256e+03
9.2867488387e+06	7.7599267780e-01	3.1546839360e+03
9.2867488387e+06	7.7586422204e-01	3.1621952816e+03
9.2867488387e+06	7.7573526283e-01	3.1697669892e+03
9.2867488387e+06	7.7560579969e-01	3.1773888997e+03
9.2867488387e+06	7.7547582703e-01	3.1850539704e+03
9.2867488387e+06	7.7534534264e-01	3.1927569462e+03
9.2867488387e+06	7.7521434451e-01	3.2004940619e+03
9.2867488387e+06	7.7508282785e-01	3.2082629694e+03
9.2867488387e+06	7.7495079182e-01	3.2160622596e+03
9.2867488387e+06	7.7481823056e-01	3.2238920428e+03
9.2867488387e+06	7.7468513902e-01	3.2317537564e+03
9.2867488387e+06	7.7455151471e-01	3.2396502748e+03
9.2867488387e+06	7.7441735207e-01	3.2475865326e+03
9.2867488387e+06	7.7428264426e-01	3.2555697405e+03
9.2867488387e+06	7.7414738904e-01	3.2636093241e+03
9.2867488387e+06	7.7401157709e-01	3.2717178656e+03
9.2867488387e+06	7.7387520377e-01	3.2799105157e+03
9.2867488387e+06	7.7373826187e-01	3.2882054016e+03
9.2867488387e+06	7.7360074774e-01	3.2966229552e+03
9.2867488387e+06	7.7346265226e-01	3.3051858728e+03
9.2867488387e+06	7.7332396718e-01	3.3139179020e+03
9.2867488387e+06	7.7318468838e-01	3.3228424383e+03
9.2867488387e+06	7.7304480953e-01	3.3319816013e+03
9.2867488387e+06	7.7290432696e-01	3.3413543862e+03
9.2867488387e+06	7.7276323726e-01	3.3509755271e+03
9.2867488387e+06	7.7262153364e-01	3.3608546095e+03
9.2867488387e+06	7.7247921772e-01	3.3709945124e+03
9.2867488387e+06	7.7233628416e-01	3.3813922140e+03
9.2867488387e+06	7.7219273442e-01	3.3920380965e+03
9.2867488387e+06	7.7204856283e-01	3.4029177981e+03
9.2867488387e+06	7.7190377271e-01	3.4140123117e+03
9.2867488387e+06	7.7175836021e-01	3.4253005641e+03
9.2867488387e+06	7.7161232711e-01	3.4367597055e+03
9.2867488387e+06	7.7146567370e-01	3.4483670989e+03
9.2867488387e+06	7.7131840094e-01	3.4601008816e+03
9.2867488387e+06	7.7117050559e-01	3.4719411945e+03
9.2867488387e+06	7.7102198782e-01	3.4838703444e+03
9.2867488387e+06	7.7087283877e-01	3.4958730602e+03
9.2867488387e+06	7.7072304929e-01	3.5079366080e+03
9.2867488387e+06	7.7057261631e-01	3.5200505781e+03
9.2867488387e+06	7.7042153311e-01	3.5322633341e+03
9.2867488387e+06	7.7026979589e-01	3.5445950873e+03
9.2867488387e+06	7.7011740404e-01	3.5569580616e+03
9.2867488387e+06	7.6996434996e-01	3.5693487093e+03
9.2867488387e+06	7.6981063024e-01	3.5817640936e+03
9.2867488387e+06	7.6965624015e-01	3.5942021068e+03
9.2867488387e+06	7.6950117494e-01	3.6066611655e+03
9.2867488387e+06	7.6934543078e-01	3.6191399692e+03
9.2867488387e+06	7.6918900180e-01	3.6316376065e+03
9.2867488387e+06	7.6903188307e-01	3.6441532185e+03
9.2867488387e+06	7.6887406963e-01	3.6566860028e+03
9.2867488387e+06	7.6871555647e-01	3.6692351626e+03
9.2867488387e+06	7.6855633855e-01	3.6817998847e+03
9.2867488387e+06	7.6839641074e-01	3.6943794225e+03
9.2867488387e+06	7.6823576759e-01	3.7069742126e+03
9.2867488387e+06	7.6807440039e-01	3.7195981588e+03
9.2867488387e+06	7.6791226562e-01	3.7324127008e+03
9.2867488387e+06	7.6774899071e-01	3.7471790508e+03
9.2867488387e+06	7.6767951914e-01	3.7709759302e+03
9.2867488387e+06	7.6766686610e-01	3.7843681134e+03
9.2867488387e+06	7.6765432612e-01	3.7994131828e+03
9.2867488387e+06	7.6764198941e-01	3.8129901941e+03
9.2867488387e+06	7.6762987135e-01	3.8229437474e+03
9.2867488387e+06	7.6761805532e-01	3.8292659272e+03
9.2867488387e+06	7.6760643488e-01	3.8336338666e+03
9.2867488387e+06	7.6759475804e-01	3.8373312183e+03
9.2867488387e+06	7.6758319171e-01	3.8405409489e+03
9.2867488387e+06	7.6757173061e-01	3.8434600609e+03
9.2867488387e+06	7.6756021998e-01	3.8463315461e+03
9.2867488387e+06	7.6754881407e-01	3.8490557554e+03
9.2867488387e+06	7.6753760086e-01	3.8515911702e+03
9.2867488387e+06	7.6752656769e-01	3.8539975064e+03
9.2867488387e+06	7.6751617796e-01	3.8559054502e+03
9.2867488387e+06	7.6750716082e-01	3.8567673674e+03
9.2867488387e+06	7.6750146336e-01	3.8551320241e+03
9.2867488387e+06	7.6750200044e-01	3.8501800815e+03
9.2867488387e+06	7.6750919693e-01	3.8407673552e+03
9.2867488387e+06	7.6752611397e-01	3.8245807928e+03
9.2867488387e+06	7.6755739831e-01	3.7978361510e+03
9.2867488387e+06	7.6761119995e-01	3.7546203770e+03
9.2867488387e+06	7.6770053710e-01	3.6859249784e+03
9.2867488387e+06	7.6784576339e-01	3.5785809192e+03
9.2867488387e+06	7.6807716564e-01	3.4156772852e+03
9.2867488387e+06	7.6833947746e-01	3.2394372662e+03
9.2867488387e+06	7.6859538090e-01	3.0744816723e+03
9.2867488387e+06	7.6879608023e-01	2.9211299322e+03
9.2651071562e+06	7.6892739067e-01	2.7781812375e+03
9.2651071562e+06	7.6604763415e-01	2.7734317602e+03
9.2651071562e+06	7.6597221985e-01	2.7730779501e+03
9.2651071562e+06	7.6596204973e-01	2.7752140967e+03
9.2651071562e+06	7.6595168521e-01	2.7807342867e+03
9.2651071562e+06	7.6594140770e-01	2.7876094833e+03
9.2651071562e+06	7.6593162532e-01	2.7935658272e+03
9.2651071562e+06	7.6592246031e-01	2.7977847919e+03
9.2651071562e+06	7.6591326793e-01	2.8009200042e+03
9.2651071562e+06	7.6590406842e-01	2.8036760947e+03
9.2651071562e+06	7.6589498437e-01	2.8061180314e+03
9.2651071562e+06	7.6588597691e-01	2.8083621950e+03
9.2651071562e+06	7.6587657354e-01	2.8105822833e+03
9.2651071562e+06	7.6586709672e-01	2.8127019011e+03
9.2651071562e+06	7.6585770811e-01	2.8146858115e+03
9.2651071562e+06	7.6584841326e-01	2.8165864416e+03
9.2651071562e+06	7.6583896956e-01	2.8181397790e+03
9.2651071562e+06	7.6583014811e-01	2.8189624962e+03
9.2651071562e+06	7.6582336178e-01	2.8180586749e+03
9.2651071562e+06	7.6582022396e-01	2.8147908902e+03
9.2651071562e+06	7.6581959869e-01	2.8083953373e+03
9.2651071562e+06	7.6581924344e-01	2.7972679363e+03
9.2651071562e+06	7.6581302623e-01	2.7787616742e+03
9.2651071562e+06	7.6578796812e-01	2.7486983360e+03
9.2651071562e+06	7.6563430374e-01	2.7078083271e+03
9.2651071562e+06	7.6554131695e-01	2.7120398101e+03
9.2651071562e+06	7.6544369727e-01	2.7170250871e+03
9.2651071562e+06	7.6534182243e-01	2.7224857678e+03
9.2651071562e+06	7.6523832788e-01	2.7282427016e+03
9.2651071562e+06	7.6513270453e-01	2.7342104627e+03
9.2651071562e+06	7.6502520129e-01	2.7403426406e+03
9.2651071562e+06	7.6491336341e-01	2.7466127403e+03
9.2651071562e+06	7.6479864531e-01	2.7529998227e+03
9.2651071562e+06	7.6468223348e-01	2.7594884356e+03
9.2651071562e+06	7.6456094856e-01	2.7660702569e+03
9.2651071562e+06	7.6443541565e-01	2.7727359849e+03
9.2651071562e+06	7.6430536935e-01	2.7794787243e+03
9.2651071562e+06	7.6417481983e-01	2.7862890318e+03
9.2651071562e+06	7.6404376491e-01	2.7931619105e+03
9.2651071562e+06	7.6391220222e-01	2.8000930712e+03
9.2651071562e+06	7.6378012926e-01	2.8070787749e+03
9.2651071562e+06	7.6364754423e-01	2.8141156712e+03
9.2651071562e+06	7.6351444358e-01	2.8212008381e+03
9.2651071562e+06	7.6338082271e-01	2.8283316758e+03
9.2651071562e+06	7.6324668130e-01	2.8355055632e+03
9.2651071562e+06	7.6311201457e-01	2.8427202795e+03
9.2651071562e+06	7.6297682255e-01	2.8499734702e+03
9.2651071562e+06	7.6284109906e-01	2.8572632138e+03
9.2651071562e+06	7.6270484202e-01	2.8645874444e+03
9.2651071562e+06	7.6256804952e-01	2.8719441549e+03
9.2651071562e+06	7.6243071589e-01	2.8793316039e+03
9.2651071562e+06	7.6229284040e-01	2.8867478606e+03
9.2651071562e+06	7.6215441447e-01	2.8941913075e+03
9.2651071562e+06	7.6201505086e-01	2.9016607448e+03
9.2651071562e+06	7.6187448896e-01	2.9091550779e+03
9.2651071562e+06	7.6173291699e-01	2.9166732059e+03
9.2651071562e+06	7.6159050933e-01	2.9242142406e+03
9.2651071562e+06	7.6144727727e-01	2.9317782859e+03
9.2651071562e+06	7.6130322951e-01	2.9393661876e+03
9.2651071562e+06	7.6115832808e-01	2.9469799976e+03
9.2651071562e+06	7.6101249136e-01	2.9546229642e+03
9.2651071562e+06	7.6086555571e-01	2.9623001704e+03
9.2651071562e+06	7.6071729025e-01	2.9700187495e+03
9.2651071562e+06	7.6056831808e-01	2.9777872727e+03
9.2651071562e+06	7.6041873062e-01	2.9856176181e+03
9.2651071562e+06	7.6026852693e-01	2.9935239704e+03
9.2651071562e+06	7.6011769716e-01	3.0015235254e+03
9.2651071562e+06	7.5996623795e-01	3.0096354276e+03
9.2651071562e+06	7.5981414798e-01	3.0178804902e+03
9.2651071562e+06	7.5966141804e-01	3.0262805979e+03
9.2651071562e+06	7.5950804004e-01	3.0348573685e+03
9.2651071562e+06	7.5935400924e-01	3.0436305052e+03
9.2651071562e+06	7.5919931554e-01	3.0526169822e+03
9.2651071562e+06	7.5904395556e-01	3.0618294308e+03
9.2651071562e+06	7.5888792390e-01	3.0712755441e+03
9.2651071562e+06	7.5873121765e-01	3.0810058846e+03
9.2651071562e+06	7.5857383307e-01	3.0910308649e+03
9.2651071562e+06	7.5841577018e-01	3.1012800215e+03
9.2651071562e+06	7.5825702713e-01	3.1117388356e+03
9.2651071562e+06	7.5809760384e-01	3.1223891410e+03
9.2651071562e+06	7.5793749628e-01	3.1332108715e+03
9.2651071562e+06	7.5777670205e-01	3.1441828577e+03
9.2651071562e+06	7.5761521671e-01	3.1552843444e+03
9.2651071562e+06	7.5745304063e-01	3.1664953768e+03
9.2651071562e+06	7.5729016865e-01	3.1777981719e+03
9.2651071562e+06	7.5712659545e-01	3.1891771110e+03
9.2651071562e+06	7.5696232018e-01	3.2006185885e+03
9.2651071562e+06	7.5679733689e-01	3.2121116341e+03
9.2651071562e+06	7.5663163938e-01	3.2236474199e+03
9.2651071562e+06	7.5646522357e-01	3.2352188564e+03
9.2651071562e+06	7.5629808713e-01	3.2468203417e+03
9.2651071562e+06	7.5613022496e-01	3.2584477967e+03
9.2651071562e+06	7.5596163065e-01	3.2700982856e+03
9.2651071562e+06	7.5579229896e-01	3.2817696041e+03
9.2651071562e+06	7.5562222459e-01	3.2934601490e+03
9.2651071562e+06	7.5545140103e-01	3.3051688256e+03
9.2651071562e+06	7.5527982405e-01	3.3168946600e+03
9.2651071562e+06	7.5510748821e-01	3.3286369321e+03
9.2651071562e+06	7.5493438911e-01	3.3403949386e+03
9.2651071562e+06	7.5476051808e-01	3.3521682898e+03
9.2651071562e+06	7.5458587243e-01	3.3639561786e+03
9.2651071562e+06	7.5441044523e-01	3.3757580459e+03
9.2651071562e+06	7.5423423148e-01	3.3875731856e+03
9.2651071562e+06	7.5405722497e-01	3.3994013252e+03
9.2651071562e+06	7.5387941946e-01	3.4112466322e+03
9.2651071562e+06	7.5370079337e-01	3.4231632835e+03
9.2651071562e+06	7.5352119675e-01	3.4357486940e+03
9.2651071562e+06	7.5338093135e-01	3.4552426471e+03
9.2651071562e+06	7.5336703106e-01	3.4650803153e+03
9.2651071562e+06	7.5335322248e-01	3.4775816398e+03
9.2651071562e+06	7.5333956014e-01	3.4911521878e+03
9.2651071562e+06	7.5332609763e-01	3.5030228286e+03
9.2651071562e+06	7.5331286292e-01	3.5114923397e+03
9.2651071562e+06	7.5329991727e-01	3.5169393858e+03
9.2651071562e+06	7.5328714132e-01	3.5208581806e+03
9.2651071562e+06	7.5327431147e-01	3.5242516874e+03
9.2651071562e+06	7.5326160121e-01	3.5272357702e+03
9.2651071562e+06	7.5324900288e-01	3.5299709518e+03
9.2651071562e+06	7.5323632947e-01	3.5326957914e+03
9.2651071562e+06	7.5322380032e-01	3.5352637174e+03
9.2651071562e+06	7.5321148826e-01	3.5376839103e+03
9.2651071562e+06	7.5319937630e-01	3.5399808695e+03
9.2651071562e+06	7.5318803967e-01	3.5417448471e+03
9.2651071562e+06	7.5317833548e-01	3.5424140557e+03
9.2651071562e+06	7.5317265115e-01	3.5403989655e+03
9.2651071562e+06	7.5317419712e-01	3.5349373152e+03
9.2651071562e+06	7.5318373865e-01	3.5248892715e+03
9.2651071562e+06	7.5320475717e-01	3.5077655809e+03
9.2651071562e+06	7.5324294027e-01	3.4796187426e+03
9.2651071562e+06	7.5330806101e-01	3.4342927740e+03
9.2651071562e+06	7.5341563109e-01	3.3624595311e+03
9.2651071562e+06	7.5358933172e-01	3.2506587368e+03
9.2651071562e+06	7.5385236766e-01	3.0877876410e+03
9.2651071562e+06	7.5406212580e-01	2.9362293645e+03
9.2651071562e+06	7.5421634173e-01	2.7933578572e+03
9.2651071562e+06	7.5404447562e-01	2.7182194025e+03
9.2651071562e+06	7.5394314121e-01	2.7227254046e+03
9.2651071562e+06	7.5383693259e-01	2.7280009512e+03
9.2651071562e+06	7.5372633468e-01	2.7337613172e+03
9.2651071562e+06	7.5361397749e-01	2.7398201565e+03
9.2651071562e+06	7.5349956870e-01	2.7460902649e+03
9.2651071562e+06	7.5338258617e-01	2.7525256601e+03
9.2651071562e+06	7.5326140332e-01	2.7590991872e+03
9.2651071562e+06	7.5313760645e-01	2.7657897798e+03
9.2651071562e+06	7.5301115605e-01	2.7725830900e+03
9.2651071562e+06	7.5287982773e-01	2.7794701422e+03
9.2651071562e+06	7.5274349729e-01	2.7864422963e+03
9.2651071562e+06	7.5260394906e-01	2.7934908494e+03
9.2651071562e+06	7.5246385931e-01	2.8006074725e+03
9.2651071562e+06	7.5232322551e-01	2.8077872117e+03
9.2651071562e+06	7.5218204515e-01	2.8150258078e+03
9.2651071562e+06	7.5204031535e-01	2.8223195602e+03
9.2651071562e+06	7.5189803412e-01	2.8296651473e+03
9.2651071562e+06	7.5175519660e-01	2.8370597271e+03
9.2651071562e+06	7.5161180058e-01	2.8445005836e+03
9.2651071562e+06	7.5146784392e-01	2.8519852009e+03
9.2651071562e+06	7.5132332124e-01	2.8595113914e+03
9.2651071562e+06	7.5117823030e-01	2.8670769282e+03
9.2651071562e+06	7.5103256773e-01	2.8746797368e+03
9.2651071562e+06	7.5088633009e-01	2.8823178249e+03
9.2651071562e+06	7.5073951283e-01	2.8899893228e+03
9.2651071562e+06	7.5059211596e-01	2.8976921902e+03
9.2651071562e+06	7.5044413205e-01	2.9054248518e+03
9.2651071562e+06	7.5029546727e-01	2.9131856573e+03
9.2651071562e+06	7.5014556194e-01	2.9209736181e+03
9.2651071562e+06	7.4999445954e-01	2.9287874179e+03
9.2651071562e+06	7.4984244187e-01	2.9366258653e+03
9.2651071562e+06	7.4968953207e-01	2.9444883540e+03
9.2651071562e+06	7.4953572305e-01	2.9523752506e+03
9.2651071562e+06	7.4938099757e-01	2.9602874388e+03
9.2651071562e+06	7.4922527527e-01	2.9682272495e+03
9.2651071562e+06	7.4906835433e-01	2.9761984411e+03
9.2651071562e+06	7.4890998563e-01	2.9842067389e+03
9.2651071562e+06	7.4875086694e-01	2.9922585960e+03
9.2651071562e+06	7.4859109173e-01	3.0003639887e+03
9.2651071562e+06	7.4843065949e-01	3.0085351134e+03
9.2651071562e+06	7.4826956118e-01	3.0167872204e+03
9.2651071562e+06	7.4810779266e-01	3.0251379484e+03
9.2651071562e+06	7.4794535267e-01	3.0336069717e+03
9.2651071562e+06	7.4778222813e-01	3.0422158768e+03
9.2651071562e+06	7.4761841850e-01	3.0509863476e+03
9.2651071562e+06	7.4745390888e-01	3.0599397698e+03
9.2651071562e+06	7.4728868942e-01	3.0690954260e+03
9.2651071562e+06	7.4712275560e-01	3.0784692432e+03
9.2651071562e+06	7.4695610222e-01	3.0880789928e+03
9.2651071562e+06	7.4678872660e-01	3.0980283739e+03
9.2651071562e+06	7.4662062575e-01	3.1082153239e+03
9.2651071562e+06	7.4645179721e-01	3.1186335018e+03
9.2651071562e+06	7.4628223869e-01	3.1292711433e+03
9.2651071562e+06	7.4611194800e-01	3.1401121081e+03
9.2651071562e+06	7.4594092282e-01	3.1511372163e+03
9.2651071562e+06	7.4576916064e-01	3.1623255579e+03
9.2651071562e+06	7.4559665860e-01	3.1736558133e+03
9.2651071562e+06	7.4542341177e-01	3.1851074960e+03
9.2651071562e+06	7.4524942006e-01	3.1966612715e+03
9.2651071562e+06	7.4507467785e-01	3.2083002238e+03
9.2651071562e+06	7.4489917918e-01	3.2200097673e+03
9.2651071562e+06	7.4472292292e-01	3.2317773828e+03
9.2651071562e+06	7.4454590257e-01	3.2435931845e+03
9.2651071562e+06	7.4436811073e-01	3.2554494075e+03
9.2651071562e+06	7.4418954702e-01	3.2673396104e+03
9.2651071562e+06	7.4401020116e-01	3.2792595063e+03
9.2651071562e+06	7.4383007266e-01	3.2912053608e+03
9.2651071562e+06	7.4364915354e-01	3.3031748738e+03
9.2651071562e+06	7.4346743670e-01	3.3151663861e+03
9.2651071562e+06	7.4328491911e-01	3.3271784693e+03
9.2651071562e+06	7.4310159359e-01	3.3392103084e+03
9.2651071562e+06	7.4291745303e-01	3.3512612959e+03
9.2651071562e+06	7.4273249277e-01	3.3633307762e+03
9.2651071562e+06	7.4254670798e-01	3.3754181515e+03
9.2651071562e+06	7.4236009032e-01	3.3875230473e+03
9.2651071562e+06	7.4217263592e-01	3.3996447615e+03
9.2651071562e+06	7.4198433755e-01	3.4117827591e+03
9.2651071562e+06	7.4179518897e-01	3.4239364087e+03
9.2651071562e+06	7.4160518251e-01	3.4361054847e+03
9.2651071562e+06	7.4141431196e-01	3.4482936344e+03
9.2651071562e+06	7.4122255431e-01	3.4605503068e+03
9.2651071562e+06	7.4102977067e-01	3.4734216574e+03
9.2651071562e+06	7.4087073785e-01	3.4926214327e+03
9.2651071562e+06	7.4085492295e-01	3.5041821504e+03
9.2651071562e+06	7.4084015642e-01	3.5167610299e+03
9.2651071562e+06	7.4082555757e-01	3.5300993514e+03
9.2651071562e+06	7.4081117139e-01	3.5415363841e+03
9.2651071562e+06	7.4079702181e-01	3.5496576171e+03
9.2651071562e+06	7.4078315184e-01	3.5550185588e+03
9.2651071562e+06	7.4076943765e-01	3.5590001761e+03
9.2651071562e+06	7.4075566665e-01	3.5625006185e+03
9.2651071562e+06	7.4074202170e-01	3.5656079660e+03
9.2651071562e+06	7.4072849201e-01	3.5684746408e+03
9.2651071562e+06	7.4071487840e-01	3.5713415517e+03
9.2651071562e+06	7.4070143669e-01	3.5740359174e+03
9.2651071562e+06	7.4068822012e-01	3.5765542177e+03
9.2651071562e+06	7.4067528667e-01	3.5789027266e+03
9.2651071562e+06	7.4066327919e-01	3.5806351768e+03
9.2651071562e+06	7.4065326689e-01	3.5810704068e+03
9.2651071562e+06	7.4064829292e-01	3.5786176147e+03
9.2651071562e+06	7.4065071870e-01	3.5725680553e+03
9.2651071562e+06	7.4066181194e-01	3.5614859662e+03
9.2651071562e+06	7.4068553862e-01	3.5427497250e+03
9.2651071562e+06	7.4072828355e-01	3.5123175289e+03
9.2651071562e+06	7.4080087775e-01	3.4634139656e+03
9.2651071562e+06	7.4092050124e-01	3.3860840016e+03
9.2651071562e+06	7.4111405711e-01	3.2659655463e+03
9.2651071562e+06	7.4138624139e-01	3.1036550110e+03
9.2651071562e+06	7.4160589545e-01	2.9527272063e+03
9.2651071562e+06	7.4177610653e-01	2.8106028688e+03
9.2651071562e+06	7.4161589394e-01	2.7299705346e+03
9.2651071562e+06	7.4151926187e-01	2.7347156494e+03
9.2651071562e+06	7.4141755892e-01	2.7402446094e+03
9.2651071562e+06	7.4131145380e-01	2.7462627593e+03
9.2651071562e+06	7.4120349749e-01	2.7525806829e+03
9.2651071562e+06	7.4109372285e-01	2.7591106036e+03
9.2651071562e+06	7.4098043832e-01	2.7658077600e+03
9.2651071562e+06	7.4086330816e-01	2.7726438529e+03
9.2651071562e+06	7.4074403474e-01	2.7795977120e+03
9.2651071562e+06	7.4062070991e-01	2.7866567739e+03
9.2651071562e+06	7.4049304141e-01	2.7938103115e+03
9.2651071562e+06	7.4035932761e-01	2.8010512216e+03
9.2651071562e+06	7.4022407314e-01	2.8083681282e+03
9.2651071562e+06	7.4008829772e-01	2.8157541875e+03
9.2651071562e+06	7.3995199900e-01	2.8232044539e+03
9.2651071562e+06	7.3981517443e-01	2.8307146873e+03
9.2651071562e+06	7.3967782130e-01	2.8382811960e+03
9.2651071562e+06	7.3953993598e-01	2.8459007609e+03
9.2651071562e+06	7.3940151710e-01	2.8535703708e+03
9.2651071562e+06	7.3926256088e-01	2.8612874088e+03
9.2651071562e+06	7.3912306418e-01	2.8690494250e+03
9.2651071562e+06	7.3898302492e-01	2.8768540692e+03
9.2651071562e+06	7.3884243886e-01	2.8846992352e+03
9.2651071562e+06	7.3870130152e-01	2.8925829227e+03
9.2651071562e+06	7.3855961072e-01	2.9005030817e+03
9.2651071562e+06	7.3841736200e-01	2.9084578523e+03
9.2651071562e+06	7.3827455405e-01	2.9164452677e+03
9.2651071562e+06	7.3813118229e-01	2.9244636232e+03
9.2651071562e+06	7.3798681970e-01	2.9325116769e+03
9.2651071562e+06	7.3784113866e-01	2.9405881743e+03
9.2651071562e+06	7.3769449719e-01	2.9486915973e+03
9.2651071562e+06	7.3754698172e-01	2.9568209547e+03
9.2651071562e+06	7.3739854530e-01	2.9649759634e+03
9.2651071562e+06	7.3724918793e-01	2.9731566974e+03
9.2651071562e+06	7.3709882538e-01	2.9813645050e+03
9.2651071562e+06	7.3694722901e-01	2.9896018144e+03
9.2651071562e+06	7.3679413602e-01	2.9978727678e+03
9.2651071562e+06	7.3664034099e-01	3.0061819547e+03
9.2651071562e+06	7.3648592076e-01	3.0145371011e+03
9.2651071562e+06	7.3633086937e-01	3.0229484641e+03
9.2651071562e+06	7.3617518588e-01	3.0314286273e+03
9.2651071562e+06	7.3601886523e-01	3.0399932129e+03
9.2651071562e+06	7.3586190003e-01	3.0486604375e+03
9.2651071562e+06	7.3570428535e-01	3.0574504517e+03
9.2651071562e+06	7.3554601175e-01	3.0663849698e+03
9.2651071562e+06	7.3538706623e-01	3.0754861575e+03
9.2651071562e+06	7.3522744257e-01	3.0847752575e+03
9.2651071562e+06	7.3506713007e-01	3.0942717479e+03
9.2651071562e+06	7.3490612717e-01	3.1040476518e+03
9.2651071562e+06	7.3474443172e-01	3.1141124456e+03
9.2651071562e+06	7.3458203397e-01	3.1244185269e+03
9.2651071562e+06	7.3441893968e-01	3.1349640253e+03
9.2651071562e+06	7.3425514230e-01	3.1457418217e+03
9.2651071562e+06	7.3409063980e-01	3.1567391749e+03
9.2651071562e+06	7.3392543015e-01	3.1679391035e+03
9.2651071562e+06	7.3375950929e-01	3.1793219163e+03
9.2651071562e+06	7.3359287495e-01	3.1908662867e+03
9.2651071562e+06	7.3342552810e-01	3.2025504595e+03
9.2651071562e+06	7.3325746574e-01	3.2143538569e+03
9.2651071562e+06	7.3308868253e-01	3.2262577192e+03
9.2651071562e+06	7.3291917473e-01	3.2382453551e+03
9.2651071562e+06	7.3274893651e-01	3.2503026105e+03
9.2651071562e+06	7.3257796680e-01	3.2624174234e+03
9.2651071562e+06	7.3240625927e-01	3.2745803839e+03
9.2651071562e+06	7.3223380903e-01	3.2867840192e+03
9.2651071562e+06	7.3206061104e-01	3.2990226223e+03
9.2651071562e+06	7.3188666006e-01	3.3112919421e+03
9.2651071562e+06	7.3171195075e-01	3.3235888875e+03
9.2651071562e+06	7.3153647507e-01	3.3359114371e+03
9.2651071562e+06	7.3136023270e-01	3.3482576787e+03
9.2651071562e+06	7.3118321413e-01	3.3606268003e+03
9.2651071562e+06	7.3100541505e-01	3.3730179280e+03
9.2651071562e+06	7.3082682971e-01	3.3854304656e+03
9.2651071562e+06	7.3064745234e-01	3.3978639092e+03
9.2651071562e+06	7.3046727825e-01	3.4103177063e+03
9.2651071562e+06	7.3028630038e-01	3.4227914455e+03
9.2651071562e+06	7.3010451282e-01	3.4352845918e+03
9.2651071562e+06	7.2992190954e-01	3.4477965552e+03
9.2651071562e+06	7.2973848178e-01	3.4603267171e+03
9.2651071562e+06	7.2955422250e-01	3.4728747811e+03
9.2651071562e+06	7.2936912408e-01	3.4854446239e+03
9.2651071562e+06	7.2918316543e-01	3.4980862065e+03
9.2651071562e+06	7.2899621106e-01	3.5113521448e+03
9.2651071562e+06	7.2884029938e-01	3.5310134132e+03
9.2651071562e+06	7.2882434105e-01	3.5431697900e+03
9.2651071562e+06	7.2880966036e-01	3.5560069207e+03
9.2651071562e+06	7.2879515815e-01	3.5695340488e+03
9.2651071562e+06	7.2878085550e-01	3.5810105634e+03
9.2651071562e+06	7.2876678187e-01	3.5890791709e+03
9.2651071562e+06	7.2875299078e-01	3.5944331299e+03
9.2651071562e+06	7.2873934602e-01	3.5984959891e+03
9.2651071562e+06	7.2872565392e-01	3.6020959971e+03
9.2651071562e+06	7.2871209525e-01	3.6053110599e+03
9.2651071562e+06	7.2869864288e-01	3.6083006408e+03
9.2651071562e+06	7.2868511375e-01	3.6112808822e+03
9.2651071562e+06	7.2867177392e-01	3.6140820508e+03
9.2651071562e+06	7.2865866671e-01	3.6167092912e+03
9.2651071562e+06	7.2864590795e-01	3.6191217418e+03
9.2651071562e+06	7.2863422090e-01	3.6208398616e+03
9.2651071562e+06	7.2862489430e-01	3.6210631119e+03
9.2651071562e+06	7.2862137398e-01	3.6184379993e+03
9.2651071562e+06	7.2862473980e-01	3.6123056732e+03
9.2651071562e+06	7.2863678487e-01	3.6011325399e+03
9.2651071562e+06	7.2866173947e-01	3.5822012711e+03
9.2651071562e+06	7.2870628615e-01	3.5512516244e+03
9.2651071562e+06	7.2878166536e-01	3.5019535959e+03
9.2651071562e+06	7.2890557890e-01	3.4240220430e+03
9.2651071562e+06	7.2910584654e-01	3.3029538652e+03
9.2651071562e+06	7.2938670813e-01	3.1398273875e+03
9.2651071562e+06	7.2962442722e-01	2.9880779624e+03
9.2651071562e+06	7.2982670857e-01	2.8455694919e+03
9.2651071562e+06	7.2968197388e-01	2.7416150458e+03
9.2651071562e+06	7.2958039393e-01	2.7465571290e+03
9.2651071562e+06	7.2947347378e-01	2.7523032981e+03
9.2651071562e+06	7.2936204146e-01	2.7585536468e+03
9.2651071562e+06	7.2924861478e-01	2.7651110582e+03
9.2651071562e+06	7.2913347634e-01	2.7718848070e+03
9.2651071562e+06	7.2901401845e-01	2.7788300478e+03
9.2651071562e+06	7.2889092368e-01	2.7859169991e+03
9.2651071562e+06	7.2876571984e-01	2.7931241860e+03
9.2651071562e+06	7.2863580250e-01	2.8004396458e+03
9.2651071562e+06	7.2850106479e-01	2.8078523509e+03
9.2651071562e+06	7.2836035104e-01	2.8153546053e+03
9.2651071562e+06	7.2821909484e-01	2.8229338120e+03
9.2651071562e+06	7.2807729384e-01	2.8305840518e+03
9.2651071562e+06	7.2793494530e-01	2.8383003441e+03
9.2651071562e+06	7.2779204705e-01	2.8460783855e+03
9.2651071562e+06	7.2764859587e-01	2.8539144741e+03
9.2651071562e+06	7.2750458877e-01	2.8618053282e+03
9.2651071562e+06	7.2736002260e-01	2.8697480091e+03
9.2651071562e+06	7.2721489411e-01	2.8777398484e+03
9.2651071562e+06	7.2706920003e-01	2.8857783875e+03
9.2651071562e+06	7.2692293697e-01	2.8938613323e+03
9.2651071562e+06	7.2677610149e-01	2.9019865163e+03
9.2651071562e+06	7.2662869014e-01	2.9101518699e+03
9.2651071562e+06	7.2648069931e-01	2.9183554076e+03
9.2651071562e+06	7.2633212441e-01	2.9265952667e+03
9.2651071562e+06	7.2618296528e-01	2.9348694023e+03
9.2651071562e+06	7.2603308984e-01	2.9431763092e+03
9.2651071562e+06	7.2588183528e-01	2.9515150850e+03
9.2651071562e+06	7.2572947633e-01	2.9598838780e+03
9.2651071562e+06	7.2557618891e-01	2.9682812824e+03
9.2651071562e+06	7.2542195597e-01	2.9767063472e+03
9.2651071562e+06	7.2526671637e-01	2.9851587395e+03
9.2651071562e+06	7.2511042269e-01	2.9936387406e+03
9.2651071562e+06	7.2495280508e-01	3.0021477412e+03
9.2651071562e+06	7.2479359077e-01	3.0106881979e+03
9.2651071562e+06	7.2463364583e-01	3.0192631903e+03
9.2651071562e+06	7.2447305232e-01	3.0278781024e+03
9.2651071562e+06	7.2431180895e-01	3.0365405642e+03
9.2651071562e+06	7.2414990925e-01	3.0452609029e+03
9.2651071562e+06	7.2398734921e-01	3.0540521454e+03
9.2651071562e+06	7.2382412660e-01	3.0629297114e+03
9.2651071562e+06	7.2366023243e-01	3.0719120238e+03
9.2651071562e+06	7.2349565247e-01	3.0810197410e+03
9.2651071562e+06	7.2333037545e-01	3.0902747677e+03
9.2651071562e+06	7.2316439184e-01	3.0996997692e+03
9.2651071562e+06	7.2299769594e-01	3.1093163874e+03
9.2651071562e+06	7.2283028590e-01	3.1192358693e+03
9.2651071562e+06	7.2266215289e-01	3.1294038877e+03
9.2651071562e+06	7.2249329248e-01	3.1398125559e+03
9.2651071562e+06	7.2232369851e-01	3.1504670583e+03
9.2651071562e+06	7.2215337312e-01	3.1613657578e+03
9.2651071562e+06	7.2198231124e-01	3.1725013424e+03
9.2651071562e+06	7.2181051062e-01	3.1838608828e+03
9.2651071562e+06	7.2163796693e-01	3.1954272763e+03
9.2651071562e+06	7.2146468001e-01	3.2071802223e+03
9.2651071562e+06	7.2129064932e-01	3.2190979842e+03
9.2651071562e+06	7.2111586989e-01	3.2311588781e+03
9.2651071562e+06	7.2094033844e-01	3.2433420735e+03
9.2651071562e+06	7.2076405132e-01	3.2556284652e+03
9.2651071562e+06	7.2058700450e-01	3.2680012120e+03
9.2651071562e+06	7.2040919181e-01	3.2804460679e+03
9.2651071562e+06	7.2023060876e-01	3.2929511436e+03
9.2651071562e+06	7.2005125370e-01	3.3055066716e+03
9.2651071562e+06	7.1987112149e-01	3.3181051980e+03
9.2651071562e+06	7.1969020507e-01	3.3307411761e+03
9.2651071562e+06	7.1950849894e-01	3.3434104062e+03
9.2651071562e+06	7.1932599593e-01	3.3561099613e+03
9.2651071562e+06	7.1914269335e-01	3.3688374835e+03
9.2651071562e+06	7.1895858383e-01	3.3815915883e+03
9.2651071562e+06	7.1877366148e-01	3.3943712398e+03
9.2651071562e+06	7.1858792028e-01	3.4071757033e+03
9.2651071562e+06	7.1840135425e-01	3.4200044152e+03
9.2651071562e+06	7.1821395601e-01	3.4328569904e+03
9.2651071562e+06	7.1802572192e-01	3.4457328056e+03
9.2651071562e+06	7.1783664265e-01	3.4586315554e+03
9.2651071562e+06	7.1764671113e-01	3.4715525607e+03
9.2651071562e+06	7.1745591881e-01	3.4844954181e+03
9.2651071562e+06	7.1726426024e-01	3.4974593199e+03
9.2651071562e+06	7.1707172677e-01	3.5104441189e+03
9.2651071562e+06	7.1687832131e-01	3.5234533346e+03
9.2651071562e+06	7.1668403487e-01	3.5365347600e+03
9.2651071562e+06	7.1648874077e-01	3.5502160870e+03
9.2651071562e+06	7.1631997590e-01	3.5700255833e+03
9.2651071562e+06	7.1630249124e-01	3.5837795170e+03
9.2651071562e+06	7.1628706863e-01	3.5971578914e+03
9.2651071562e+06	7.1627184478e-01	3.6109806087e+03
9.2651071562e+06	7.1625682395e-01	3.6225749070e+03
9.2651071562e+06	7.1624204412e-01	3.6306828638e+03
9.2651071562e+06	7.1622755372e-01	3.6361112834e+03
9.2651071562e+06	7.1621319870e-01	3.6402950944e+03
9.2651071562e+06	7.1619879493e-01	3.6440181308e+03
9.2651071562e+06	7.1618453299e-01	3.6473569974e+03
9.2651071562e+06	7.1617036830e-01	3.6504831854e+03
9.2651071562e+06	7.1615614907e-01	3.6535881775e+03
9.2651071562e+06	7.1614213641e-01	3.6565068633e+03
9.2651071562e+06	7.1612836233e-01	3.6592551612e+03
9.2651071562e+06	7.1611501265e-01	3.6617445797e+03
9.2651071562e+06	7.1610287677e-01	3.6634654559e+03
9.2651071562e+06	7.1609346483e-01	3.6634976289e+03
9.2651071562e+06	7.1609053008e-01	3.6607389464e+03
9.2651071562e+06	7.1609423014e-01	3.6545345547e+03
9.2651071562e+06	7.1610671900e-01	3.6432760894e+03
9.2651071562e+06	7.1613243209e-01	3.6242045530e+03
9.2651071562e+06	7.1617829406e-01	3.5929287840e+03
9.2651071562e+06	7.1625594983e-01	3.5429892382e+03
9.2651071562e+06	7.1638364276e-01	3.4644553945e+03
9.2565391610e+06	7.1659008181e-01	3.3431985451e+03
9.2565391610e+06	7.2337907219e-01	3.3538408311e+03
9.2565391610e+06	7.2324881181e-01	3.3534165324e+03
9.2565391610e+06	7.2311770768e-01	3.3553023964e+03
9.2565391610e+06	7.2298598512e-01	3.3606221243e+03
9.2565391610e+06	7.2285370986e-01	3.3677657525e+03
9.2565391610e+06	7.2272090670e-01	3.3758057886e+03
9.2565391610e+06	7.2258758803e-01	3.3843182554e+03
9.2565391610e+06	7.2245375657e-01	3.3931062976e+03
9.2565391610e+06	7.2231941361e-01	3.4020737411e+03
9.2565391610e+06	7.2218455798e-01	3.4111710464e+03
9.2565391610e+06	7.2204918764e-01	3.4203711795e+03
9.2565391610e+06	7.2191330005e-01	3.4296584352e+03
9.2565391610e+06	7.2177689239e-01	3.4390230321e+03
9.2565391610e+06	7.2163996168e-01	3.4484583967e+03
9.2565391610e+06	7.2150250490e-01	3.4579597494e+03
9.2565391610e+06	7.2136451724e-01	3.4675234097e+03
9.2565391610e+06	7.2122599318e-01	3.4771461581e+03
9.2565391610e+06	7.2108692868e-01	3.4868253149e+03
9.2565391610e+06	7.2094731904e-01	3.4965583507e+03
9.2565391610e+06	7.2080716302e-01	3.5063429438e+03
9.2565391610e+06	7.2066646100e-01	3.5161769454e+03
9.2565391610e+06	7.2052521749e-01	3.5260580832e+03
9.2565391610e+06	7.2038342939e-01	3.5359846125e+03
9.2565391610e+06	7.2024109921e-01	3.5459548691e+03
9.2565391610e+06	7.2009821563e-01	3.5559676497e+03
9.2565391610e+06	7.1995476824e-01	3.5660220239e+03
9.2565391610e+06	7.1981075337e-01	3.5761177330e+03
9.2565391610e+06	7.1966616284e-01	3.5862558299e+03
9.2565391610e+06	7.1952099479e-01	3.5965418600e+03
9.2565391610e+06	7.1937524636e-01	3.6068889302e+03
9.2565391610e+06	7.1922891389e-01	3.6172897929e+03
9.2565391610e+06	7.1908199013e-01	3.6277524757e+03
9.2565391610e+06	7.1893446726e-01	3.6382878257e+03
9.2565391610e+06	7.1878634097e-01	3.6489095147e+03
9.2565391610e+06	7.1863760439e-01	3.6596347342e+03
9.2565391610e+06	7.1848825315e-01	3.6704838086e+03
9.2565391610e+06	7.1833827564e-01	3.6814806023e+03
9.2565391610e+06	7.1818766900e-01	3.6926507410e+03
9.2565391610e+06	7.1803642195e-01	3.7040218570e+03
9.2565391610e+06	7.1788453018e-01	3.7156210614e+03
9.2565391610e+06	7.1773198747e-01	3.7274739024e+03
9.2565391610e+06	7.1757879164e-01	3.7396022180e+03
9.2565391610e+06	7.1742493593e-01	3.7520230240e+03
9.2565391610e+06	7.1727041482e-01	3.7647467021e+03
9.2565391610e+06	7.1711522986e-01	3.7777756221e+03
9.2565391610e+06	7.1695937453e-01	3.7911051837e+03
9.2565391610e+06	7.1680284948e-01	3.8047230274e+03
9.2565391610e+06	7.1664565282e-01	3.8186109213e+03
9.2565391610e+06	7.1648778477e-01	3.8327458866e+03
9.2565391610e+06	7.1632924141e-01	3.8471025754e+03
9.2565391610e+06	7.1617001774e-01	3.8616545906e+03
9.2565391610e+06	7.1601011664e-01	3.8763751744e+03
9.2565391610e+06	7.1584953242e-01	3.8912399893e+03
9.2565391610e+06	7.1568825997e-01	3.9062270261e+03
9.2565391610e+06	7.1552629737e-01	3.9213168529e+03
9.2565391610e+06	7.1536364225e-01	3.9364930881e+03
9.2565391610e+06	7.1520028703e-01	3.9517427844e+03
9.2565391610e+06	7.1503622796e-01	3.9670552572e+03
9.2565391610e+06	7.1487145678e-01	3.9824223573e+03
9.2565391610e+06	7.1470596721e-01	3.9978379330e+03
9.2565391610e+06	7.1453975607e-01	4.0132973150e+03
9.2565391610e+06	7.1437282022e-01	4.0287973617e+03
9.2565391610e+06	7.1420515943e-01	4.0443357390e+03
9.2565391610e+06	7.1403677364e-01	4.0599107914e+03
9.2565391610e+06	7.1386766395e-01	4.0755214972e+03
9.2565391610e+06	7.1369782509e-01	4.0911666128e+03
9.2565391610e+06	7.1352723719e-01	4.1068456100e+03
9.2565391610e+06	7.1335589106e-01	4.1225579609e+03
9.2565391610e+06	7.1318378238e-01	4.1384721388e+03
9.2565391610e+06	7.1301090627e-01	4.1544245938e+03
9.2565391610e+06	7.1283725920e-01	4.1704089565e+03
9.2565391610e+06	7.1266283433e-01	4.1864245682e+03
9.2565391610e+06	7.1248762465e-01	4.2024718068e+03
9.2565391610e+06	7.1231162162e-01	4.2185631756e+03
9.2565391610e+06	7.1213479123e-01	4.2348451399e+03
9.2565391610e+06	7.1195682217e-01	4.2529222609e+03
9.2565391610e+06	7.1185431560e-01	4.2860247659e+03
9.2565391610e+06	7.1183964954e-01	4.3024642069e+03
9.2565391610e+06	7.1182517053e-01	4.3198370639e+03
9.2565391610e+06	7.1181089977e-01	4.3346477691e+03
9.2565391610e+06	7.1179685073e-01	4.3451355525e+03
9.2565391610e+06	7.1178310555e-01	4.3520928675e+03
9.2565391610e+06	7.1176951746e-01	4.3573605499e+03
9.2565391610e+06	7.1175586175e-01	4.3620176430e+03
9.2565391610e+06	7.1174235649e-01	4.3661706275e+03
9.2565391610e+06	7.1172896147e-01	4.3700377078e+03
9.2565391610e+06	7.1171548842e-01	4.3738797612e+03
9.2565391610e+06	7.1170223309e-01	4.3774860276e+03
9.2565391610e+06	7.1168923590e-01	4.3808718908e+03
9.2565391610e+06	7.1167668534e-01	4.3839346226e+03
9.2565391610e+06	7.1166542641e-01	4.3860288616e+03
9.2565391610e+06	7.1165707449e-01	4.3859851181e+03
9.2565391610e+06	7.1165533873e-01	4.3822450636e+03
9.2565391610e+06	7.1166087853e-01	4.3739543731e+03
9.2565391610e+06	7.1167610598e-01	4.3590205746e+03
9.2565391610e+06	7.1170588092e-01	4.3338436119e+03
9.2565391610e+06	7.1175795537e-01	4.2927064900e+03
9.2565391610e+06	7.1184519600e-01	4.2267821936e+03
9.2565391610e+06	7.1198777550e-01	4.1230258829e+03
9.2565391610e+06	7.1221715808e-01	3.9648137404e+03
9.2565391610e+06	7.1253664833e-01	3.7546658518e+03
9.2565391610e+06	7.1284759664e-01	3.5606765376e+03
9.2565391610e+06	7.1315031426e-01	3.3823518808e+03
9.2565391610e+06	7.1344503757e-01	3.2162080420e+03
9.2316640927e+06	7.1371290868e-01	3.0636441503e+03
9.2316640927e+06	7.0610885570e-01	3.0633026766e+03
9.2316640927e+06	7.0595912035e-01	3.0634668518e+03
9.2316640927e+06	7.0580682894e-01	3.0634688834e+03
9.2316640927e+06	7.0565264604e-01	3.0628171557e+03
9.2316640927e+06	7.0549660396e-01	3.0628372263e+03
9.2316640927e+06	7.0533849841e-01	3.0647837713e+03
9.2316640927e+06	7.0517957585e-01	3.0686995254e+03
9.2316640927e+06	7.0501996019e-01	3.0741752120e+03
9.2316640927e+06	7.0485966451e-01	3.0807902343e+03
9.2316640927e+06	7.0469870188e-01	3.0882204228e+03
9.2316640927e+06	7.0453707516e-01	3.0962382301e+03
9.2316640927e+06	7.0437479145e-01	3.1046896969e+03
9.2316640927e+06	7.0421183384e-01	3.1134750239e+03
9.2316640927e+06	7.0404819917e-01	3.1225312720e+03
9.2316640927e+06	7.0388388234e-01	3.1318224406e+03
9.2316640927e+06	7.0371886941e-01	3.1413317348e+03
9.2316640927e+06	7.0355316129e-01	3.1511525390e+03
9.2316640927e+06	7.0338674919e-01	3.1612060796e+03
9.2316640927e+06	7.0321962905e-01	3.1714903196e+03
9.2316640927e+06	7.0305178983e-01	3.1820174292e+03
9.2316640927e+06	7.0288322843e-01	3.1927985920e+03
9.2316640927e+06	7.0271394312e-01	3.2038420986e+03
9.2316640927e+06	7.0254392745e-01	3.2151521000e+03
9.2316640927e+06	7.0237317359e-01	3.2267273699e+03
9.2316640927e+06	7.0220168606e-01	3.2385600339e+03
9.2316640927e+06	7.0202946016e-01	3.2506373613e+03
9.2316640927e+06	7.0185649408e-01	3.2629418398e+03
9.2316640927e+06	7.0168278771e-01	3.2754525120e+03
9.2316640927e+06	7.0150833641e-01	3.2881469542e+03
9.2316640927e+06	7.0133313539e-01	3.3010022348e+03
9.2316640927e+06	7.0115718371e-01	3.3139958382e+03
9.2316640927e+06	7.0098047990e-01	3.3271069826e+03
9.2316640927e+06	7.0080301802e-01	3.3403174612e+03
9.2316640927e+06	7.0062479386e-01	3.3536115161e+03
9.2316640927e+06	7.0044579980e-01	3.3669762728e+03
9.2316640927e+06	7.0026603699e-01	3.3804007203e+03
9.2316640927e+06	7.0008549732e-01	3.3938768077e+03
9.2316640927e+06	6.9990417544e-01	3.4073982320e+03
9.2316640927e+06	6.9972206587e-01	3.4209603232e+03
9.2316640927e+06	6.9953916133e-01	3.4345598349e+03
9.2316640927e+06	6.9935545932e-01	3.4481941617e+03
9.2316640927e+06	6.9917095236e-01	3.4618618004e+03
9.2316640927e+06	6.9898563414e-01	3.4755616468e+03
9.2316640927e+06	6.9879949504e-01	3.4892929454e+03
9.2316640927e+06	6.9861252712e-01	3.5030552482e+03
9.2316640927e+06	6.9842472508e-01	3.5168479068e+03
9.2316640927e+06	6.9823608134e-01	3.5306707027e+03
9.2316640927e+06	6.9804660000e-01	3.5445230048e+03
9.2316640927e+06	6.9785628482e-01	3.5584044128e+03
9.2316640927e+06	6.9766513514e-01	3.5723143705e+03
9.2316640927e+06	6.9747313689e-01	3.5862523597e+03
9.2316640927e+06	6.9728026960e-01	3.6002177889e+03
9.2316640927e+06	6.9708652474e-01	3.6143241544e+03
9.2316640927e+06	6.9689189448e-01	3.6285258694e+03
9.2316640927e+06	6.9669632022e-01	3.6429912730e+03
9.2316640927e+06	6.9649930745e-01	3.6600542755e+03
9.2316640927e+06	6.9642841019e-01	3.6851479453e+03
9.2316640927e+06	6.9641248015e-01	3.6992782451e+03
9.2316640927e+06	6.9639676839e-01	3.7137487429e+03
9.2316640927e+06	6.9638126664e-01	3.7257942731e+03
9.2316640927e+06	6.9636600429e-01	3.7342392750e+03
9.2316640927e+06	6.9635104613e-01	3.7399778872e+03
9.2316640927e+06	6.9633622428e-01	3.7444778741e+03
9.2316640927e+06	6.9632135440e-01	3.7485111752e+03
9.2316640927e+06	6.9630664190e-01	3.7521459670e+03
9.2316640927e+06	6.9629202013e-01	3.7555705979e+03
9.2316640927e+06	6.9627734121e-01	3.7589654548e+03
9.2316640927e+06	6.9626289595e-01	3.7621589880e+03
9.2316640927e+06	6.9624870153e-01	3.7651794682e+03
9.2316640927e+06	6.9623502049e-01	3.7678881072e+03
9.2316640927e+06	6.9622275225e-01	3.7697210160e+03
9.2316640927e+06	6.9621371903e-01	3.7695904135e+03
9.2316640927e+06	6.9621184001e-01	3.7665462077e+03
9.2316640927e+06	6.9621677923e-01	3.7598773501e+03
9.2316640927e+06	6.9623114596e-01	3.7478232854e+03
9.2316640927e+06	6.9625978894e-01	3.7274225604e+03
9.2316640927e+06	6.9631036399e-01	3.6939853763e+03
9.2316640927e+06	6.9639548195e-01	3.6403128366e+03
9.2316640927e+06	6.9653515641e-01	3.5561751297e+03
9.2316640927e+06	6.9676054143e-01	3.4265259511e+03
9.2316640927e+06	6.9706258834e-01	3.2602070311e+03
9.2316640927e+06	6.9734887433e-01	3.1052012030e+03
9.2316640927e+06	6.9757680904e-01	2.9609318393e+03
9.2316640927e+06	6.9768726163e-01	2.8252922180e+03
9.2120652474e+06	6.9742270734e-01	2.7002691059e+03
9.2120652474e+06	6.9399076471e-01	2.6963473575e+03
9.2120652474e+06	6.9390254822e-01	2.6964130876e+03
9.2120652474e+06	6.9380669204e-01	2.6958501006e+03
9.2120652474e+06	6.9370727801e-01	2.6959087567e+03
9.2120652474e+06	6.9360509361e-01	2.6982342386e+03
9.2120652474e+06	6.9350018325e-01	2.7026517585e+03
9.2120652474e+06	6.9338871656e-01	2.7085387327e+03
9.2120652474e+06	6.9327168263e-01	2.7153870202e+03
9.2120652474e+06	6.9315203730e-01	2.7228558786e+03
9.2120652474e+06	6.9302982250e-01	2.7307312494e+03
9.2120652474e+06	6.9290563981e-01	2.7388779020e+03
9.2120652474e+06	6.9277639399e-01	2.7472144602e+03
9.2120652474e+06	6.9264394307e-01	2.7556852197e+03
9.2120652474e+06	6.9250955559e-01	2.7643289229e+03
9.2120652474e+06	6.9237117161e-01	2.7730783984e+03
9.2120652474e+06	6.9222823321e-01	2.7818993060e+03
9.2120652474e+06	6.9208079709e-01	2.7907868146e+03
9.2120652474e+06	6.9192582570e-01	2.7997455433e+03
9.2120652474e+06	6.9176878631e-01	2.8087743412e+03
9.2120652474e+06	6.9161109387e-01	2.8178811443e+03
9.2120652474e+06	6.9145273774e-01	2.8270790103e+03
9.2120652474e+06	6.9129370381e-01	2.8363843186e+03
9.2120652474e+06	6.9113398368e-01	2.8458156090e+03
9.2120652474e+06	6.9097356818e-01	2.8553931002e+03
9.2120652474e+06	6.9081244184e-01	2.8651379538e+03
9.2120652474e+06	6.9065060039e-01	2.8750698730e+03
9.2120652474e+06	6.9048803376e-01	2.8852067128e+03
9.2120652474e+06	6.9032473383e-01	2.8955625944e+03
9.2120652474e+06	6.9016070174e-01	2.9061462246e+03
9.2120652474e+06	6.8999593306e-01	2.9169610277e+03
9.2120652474e+06	6.8983042720e-01	2.9280042457e+03
9.2120652474e+06	6.8966418457e-01	2.9392673885e+03
9.2120652474e+06	6.8949720228e-01	2.9507372962e+03
9.2120652474e+06	6.8932933726e-01	2.9623965988e+03
9.2120652474e+06	6.8916024078e-01	2.9742263648e+03
9.2120652474e+06	6.8899000902e-01	2.9862056486e+03
9.2120652474e+06	6.8881869470e-01	2.9983144818e+03
9.2120652474e+06	6.8864629429e-01	3.0105336151e+03
9.2120652474e+06	6.8847272873e-01	3.0228458347e+03
9.2120652474e+06	6.8829782080e-01	3.0352365703e+03
9.2120652474e+06	6.8812111282e-01	3.0476938348e+03
9.2120652474e+06	6.8794278993e-01	3.0602072379e+03
9.2120652474e+06	6.8776369813e-01	3.0727678901e+03
9.2120652474e+06	6.8758384022e-01	3.0853693943e+03
9.2120652474e+06	6.8740321428e-01	3.0980073214e+03
9.2120652474e+06	6.8722182544e-01	3.1106783809e+03
9.2120652474e+06	6.8703967141e-01	3.1233802810e+03
9.2120652474e+06	6.8685673439e-01	3.1361114882e+03
9.2120652474e+06	6.8667299772e-01	3.1488711921e+03
9.2120652474e+06	6.8648845825e-01	3.1617402456e+03
9.2120652474e+06	6.8630310823e-01	3.1746999534e+03
9.2120652474e+06	6.8611694346e-01	3.1876873395e+03
9.2120652474e+06	6.8592995834e-01	3.2007020878e+03
9.2120652474e+06	6.8574214563e-01	3.2137439739e+03
9.2120652474e+06	6.8555349910e-01	3.2268126640e+03
9.2120652474e+06	6.8536401118e-01	3.2399078572e+03
9.2120652474e+06	6.8517367676e-01	3.2530290155e+03
9.2120652474e+06	6.8498248938e-01	3.2661756324e+03
9.2120652474e+06	6.8479044362e-01	3.2793471971e+03
9.2120652474e+06	6.8459753029e-01	3.2925448529e+03
9.2120652474e+06	6.8440374022e-01	3.3057855955e+03
9.2120652474e+06	6.8420901573e-01	3.3192632649e+03
9.2120652474e+06	6.8401288195e-01	3.3350743048e+03
9.2120652474e+06	6.8393905579e-01	3.3585177694e+03
9.2120652474e+06	6.8392292560e-01	3.3713310965e+03
9.2120652474e+06	6.8390703135e-01	3.3841871070e+03
9.2120652474e+06	6.8389133470e-01	3.3947403790e+03
9.2120652474e+06	6.8387586701e-01	3.4021417003e+03
9.2120652474e+06	6.8386069614e-01	3.4072814668e+03
9.2120652474e+06	6.8384563980e-01	3.4114111557e+03
9.2120652474e+06	6.8383053044e-01	3.4151465718e+03
9.2120652474e+06	6.8381558593e-01	3.4185355528e+03
9.2120652474e+06	6.8380071908e-01	3.4217541299e+03
9.2120652474e+06	6.8378581711e-01	3.4249381364e+03
9.2120652474e+06	6.8377116525e-01	3.4279372777e+03
9.2120652474e+06	6.8375675966e-01	3.4307894829e+03
9.2120652474e+06	6.8374293706e-01	3.4333272129e+03
9.2120652474e+06	6.8373065662e-01	3.4350234325e+03
9.2120652474e+06	6.8372195573e-01	3.4348025558e+03
9.2120652474e+06	6.8372085970e-01	3.4317501434e+03
9.2120652474e+06	6.8372719830e-01	3.4251728095e+03
9.2120652474e+06	6.8374395854e-01	3.4133537930e+03
9.2120652474e+06	6.8377635562e-01	3.3934170465e+03
9.2120652474e+06	6.8383296048e-01	3.3607994686e+03
9.2120652474e+06	6.8392773637e-01	3.3084875700e+03
9.2120652474e+06	6.8408266807e-01	3.2260149346e+03
9.2120652474e+06	6.8431707872e-01	3.0991718574e+03
9.2120652474e+06	6.8454449065e-01	2.9578277715e+03
9.2120652474e+06	6.8462727688e-01	2.8249487657e+03
9.2120652474e+06	6.8436673906e-01	2.7009538573e+03
9.2120652474e+06	6.8403731176e-01	2.5848796349e+03
9.1981790540e+06	6.8368401144e-01	2.4767446129e+03
9.1981790540e+06	6.8082655108e-01	2.4754685822e+03
9.1981790540e+06	6.8073594323e-01	2.4752570365e+03
9.1981790540e+06	6.8063893592e-01	2.4750612386e+03
9.1981790540e+06	6.8053881824e-01	2.4774578311e+03
9.1981790540e+06	6.8043682316e-01	2.4822216738e+03
9.1981790540e+06	6.8033352047e-01	2.4884377094e+03
9.1981790540e+06	6.8022922527e-01	2.4954909889e+03
9.1981790540e+06	6.8012412006e-01	2.5030331032e+03
9.1981790540e+06	6.8001672654e-01	2.5108723278e+03
9.1981790540e+06	6.7990644671e-01	2.5189009808e+03
9.1981790540e+06	6.7979558635e-01	2.5270535040e+03
9.1981790540e+06	6.7968416122e-01	2.5352933374e+03
9.1981790540e+06	6.7957218241e-01	2.5435980880e+03
9.1981790540e+06	6.7945965325e-01	2.5519540723e+03
9.1981790540e+06	6.7934657511e-01	2.5603526762e+03
9.1981790540e+06	6.7923294814e-01	2.5687881805e+03
9.1981790540e+06	6.7911849046e-01	2.5772573071e+03
9.1981790540e+06	6.7900006129e-01	2.5857615686e+03
9.1981790540e+06	6.7888107484e-01	2.5942960657e+03
9.1981790540e+06	6.7876152053e-01	2.6028612012e+03
9.1981790540e+06	6.7864138382e-01	2.6114587973e+03
9.1981790540e+06	6.7852064838e-01	2.6200918294e+03
9.1981790540e+06	6.7839929309e-01	2.6287653912e+03
9.1981790540e+06	6.7827728896e-01	2.6374867024e+03
9.1981790540e+06	6.7815116435e-01	2.6462692095e+03
9.1981790540e+06	6.7802421397e-01	2.6551205898e+03
9.1981790540e+06	6.7789652429e-01	2.6640551779e+03
9.1981790540e+06	6.7776746798e-01	2.6730905575e+03
9.1981790540e+06	6.7763635798e-01	2.6822459465e+03
9.1981790540e+06	6.7750156372e-01	2.6915431126e+03
9.1981790540e+06	6.7736041033e-01	2.7010052734e+03
9.1981790540e+06	6.7721696691e-01	2.7106461720e+03
9.1981790540e+06	6.7707062498e-01	2.7204833170e+03
9.1981790540e+06	6.7692222778e-01	2.7305283586e+03
9.1981790540e+06	6.7677037787e-01	2.7407908364e+03
9.1981790540e+06	6.7661383525e-01	2.7512745161e+03
9.1981790540e+06	6.7645541311e-01	2.7619725115e+03
9.1981790540e+06	6.7629439817e-01	2.7728774221e+03
9.1981790540e+06	6.7612728569e-01	2.7841037648e+03
9.1981790540e+06	6.7595741211e-01	2.7955124555e+03
9.1981790540e+06	6.7578103449e-01	2.8070864322e+03
9.1981790540e+06	6.7559988972e-01	2.8188041457e+03
9.1981790540e+06	6.7541796392e-01	2.8306411390e+03
9.1981790540e+06	6.7523525058e-01	2.8425797951e+03
9.1981790540e+06	6.7505175167e-01	2.8546037948e+03
9.1981790540e+06	6.7486745938e-01	2.8666996344e+03
9.1981790540e+06	6.7468237194e-01	2.8788556757e+03
9.1981790540e+06	6.7449648479e-01	2.8910626589e+03
9.1981790540e+06	6.7430979489e-01	2.9033132071e+03
9.1981790540e+06	6.7412229474e-01	2.9156019564e+03
9.1981790540e+06	6.7393397664e-01	2.9279249782e+03
9.1981790540e+06	6.7374483842e-01	2.9402791217e+03
9.1981790540e+06	6.7355486932e-01	2.9526626684e+03
9.1981790540e+06	6.7336406825e-01	2.9650739166e+03
9.1981790540e+06	6.7317242438e-01	2.9775122479e+03
9.1981790540e+06	6.7297993290e-01	2.9899769532e+03
9.1981790540e+06	6.7278658610e-01	3.0024676907e+03
9.1981790540e+06	6.7259237934e-01	3.0149840116e+03
9.1981790540e+06	6.7239696532e-01	3.0275261246e+03
9.1981790540e+06	6.7220021452e-01	3.0400938907e+03
9.1981790540e+06	6.7200215997e-01	3.0526869408e+03
9.1981790540e+06	6.7180282414e-01	3.0653048391e+03
9.1981790540e+06	6.7160207584e-01	3.0779471968e+03
9.1981790540e+06	6.7139970866e-01	3.0906138923e+03
9.1981790540e+06	6.7119492091e-01	3.1033053364e+03
9.1981790540e+06	6.7098860222e-01	3.1160205692e+03
9.1981790540e+06	6.7078134581e-01	3.1287682711e+03
9.1981790540e+06	6.7057313141e-01	3.1416573651e+03
9.1981790540e+06	6.7036367439e-01	3.1558748278e+03
9.1981790540e+06	6.7023865958e-01	3.1819975764e+03
9.1981790540e+06	6.7022152374e-01	3.1942150591e+03
9.1981790540e+06	6.7020462033e-01	3.2063985522e+03
9.1981790540e+06	6.7018790788e-01	3.2163487118e+03
9.1981790540e+06	6.7017141348e-01	3.2233580550e+03
9.1981790540e+06	6.7015521674e-01	3.2282947799e+03
9.1981790540e+06	6.7013913093e-01	3.2323142611e+03
9.1981790540e+06	6.7012299087e-01	3.2359723978e+03
9.1981790540e+06	6.7010702476e-01	3.2393043596e+03
9.1981790540e+06	6.7009112741e-01	3.2424825976e+03
9.1981790540e+06	6.7007519511e-01	3.2456250413e+03
9.1981790540e+06	6.7005952887e-01	3.2485883055e+03
9.1981790540e+06	6.7004411363e-01	3.2514174287e+03
9.1981790540e+06	6.7002934243e-01	3.2539265417e+03
9.1981790540e+06	6.7001622717e-01	3.2555999561e+03
9.1981790540e+06	6.7000700254e-01	3.2553479904e+03
9.1981790540e+06	6.7000599655e-01	3.2522535368e+03
9.1981790540e+06	6.7001303705e-01	3.2456289247e+03
9.1981790540e+06	6.7003140271e-01	3.2337558924e+03
9.1981790540e+06	6.7006664392e-01	3.2137498727e+03
9.1981790540e+06	6.7012808310e-01	3.1810511950e+03
9.1981790540e+06	6.7022098212e-01	3.1291296032e+03
9.1981790540e+06	6.7035240853e-01	3.0475989235e+03
9.1981790540e+06	6.7056301851e-01	2.9216653421e+03
9.1981790540e+06	6.7050346567e-01	2.7938897956e+03
9.1981790540e+06	6.7023141372e-01	2.6749601217e+03
9.1981790540e+06	6.6992002398e-01	2.5630771715e+03
9.1904818857e+06	6.6958629188e-01	2.4583280976e+03
9.1904818857e+06	6.7083392892e-01	2.4565108944e+03
9.1904818857e+06	6.7071680729e-01	2.4565695679e+03
9.1904818857e+06	6.7059007241e-01	2.4560365305e+03
9.1904818857e+06	6.7045855824e-01	2.4579742523e+03
9.1904818857e+06	6.7032411979e-01	2.4634312740e+03
9.1904818857e+06	6.7018764747e-01	2.4712236802e+03
9.1904818857e+06	6.7004966917e-01	2.4803283965e+03
9.1904818857e+06	6.6991051829e-01	2.4901404212e+03
9.1904818857e+06	6.6977038490e-01	2.5003306293e+03
9.1904818857e+06	6.6962931947e-01	2.5107367702e+03
9.1904818857e+06	6.6948676959e-01	2.5214165373e+03
9.1904818857e+06	6.6933428579e-01	2.5339364615e+03
9.1904818857e+06	6.6927676934e-01	2.5523829207e+03
9.1904818857e+06	6.6926500264e-01	2.5618505328e+03
9.1904818857e+06	6.6925470554e-01	2.5709515204e+03
9.1904818857e+06	6.6924696319e-01	2.5782602232e+03
9.1904818857e+06	6.6924158544e-01	2.5834709608e+03
9.1904818857e+06	6.6923749393e-01	2.5872882402e+03
9.1904818857e+06	6.6923413631e-01	2.5904994286e+03
9.1904818857e+06	6.6923133275e-01	2.5934588233e+03
9.1904818857e+06	6.6922860554e-01	2.5961778917e+03
9.1904818857e+06	6.6922601252e-01	2.5987933069e+03
9.1904818857e+06	6.6922360622e-01	2.6013793956e+03
9.1904818857e+06	6.6922097133e-01	2.6038247388e+03
9.1904818857e+06	6.6921819449e-01	2.6061752856e+03
9.1904818857e+06	6.6921479510e-01	2.6082664436e+03
9.1904818857e+06	6.6920964520e-01	2.6096951990e+03
9.1904818857e+06	6.6920046701e-01	2.6095990032e+03
9.1904818857e+06	6.6918746224e-01	2.6072099152e+03
9.1904818857e+06	6.6916781451e-01	2.6020034033e+03
9.1904818857e+06	6.6913776816e-01	2.5926196727e+03
9.1904818857e+06	6.6909089251e-01	2.5767621602e+03
9.1904818857e+06	6.6901066061e-01	2.5508118714e+03
9.1904818857e+06	6.6888088035e-01	2.5091977144e+03
9.1904818857e+06	6.6866868241e-01	2.4437611190e+03
9.1904818857e+06	6.6831034602e-01	2.3471388893e+03
9.1904818857e+06	6.6794053087e-01	2.2559640682e+03
9.1904818857e+06	6.6755463602e-01	2.1700756626e+03
9.1904818857e+06	6.6714112775e-01	2.0901469520e+03
9.1703952172e+06	6.6672387338e-01	2.0166273349e+03
9.1703952172e+06	6.6275626873e-01	2.0159473967e+03
9.1703952172e+06	6.6268656612e-01	2.0157886977e+03
9.1703952172e+06	6.6260945802e-01	2.0153363194e+03
9.1703952172e+06	6.6252834325e-01	2.0165633817e+03
9.1703952172e+06	6.6244411814e-01	2.0198030695e+03
9.1703952172e+06	6.6235393795e-01	2.0244851827e+03
9.1703952172e+06	6.6226247492e-01	2.0300813705e+03
9.1703952172e+06	6.6216998489e-01	2.0362482606e+03
9.1703952172e+06	6.6207663572e-01	2.0427756638e+03
9.1703952172e+06	6.6198253308e-01	2.0495363830e+03
9.1703952172e+06	6.6188773611e-01	2.0564535823e+03
9.1703952172e+06	6.6179227535e-01	2.0634808460e+03
9.1703952172e+06	6.6169616585e-01	2.0705910370e+03
9.1703952172e+06	6.6159940011e-01	2.0777692857e+03
9.1703952172e+06	6.6150195962e-01	2.0850089835e+03
9.1703952172e+06	6.6140383299e-01	2.0923093492e+03
9.1703952172e+06	6.6130498775e-01	2.0996746589e+03
9.1703952172e+06	6.6120415539e-01	2.1071137909e+03
9.1703952172e+06	6.6109891771e-01	2.1146405176e+03
9.1703952172e+06	6.6099189464e-01	2.1222640210e+03
9.1703952172e+06	6.6088402433e-01	2.1299973328e+03
9.1703952172e+06	6.6077527286e-01	2.1378554103e+03
9.1703952172e+06	6.6066561027e-01	2.1458527489e+03
9.1703952172e+06	6.6055499463e-01	2.1540022405e+03
9.1703952172e+06	6.6044341066e-01	2.1623145785e+03
9.1703952172e+06	6.6033086219e-01	2.1708002677e+03
9.1703952172e+06	6.6021736008e-01	2.1795558596e+03
9.1703952172e+06	6.6010292182e-01	2.1884836231e+03
9.1703952172e+06	6.5998757392e-01	2.1975770483e+03
9.1703952172e+06	6.5987134675e-01	2.2068258977e+03
9.1703952172e+06	6.5975427182e-01	2.2162171531e+03
9.1703952172e+06	6.5963241356e-01	2.2257412833e+03
9.1703952172e+06	6.5950963092e-01	2.2353779415e+03
9.1703952172e+06	6.5938609228e-01	2.2451119944e+03
9.1703952172e+06	6.5926181733e-01	2.2549294872e+03
9.1703952172e+06	6.5913682307e-01	2.2648176728e+03
9.1703952172e+06	6.5901111986e-01	2.2747656682e+03
9.1703952172e+06	6.5888471246e-01	2.2847645557e+03
9.1703952172e+06	6.5875760399e-01	2.2948070615e+03
9.1703952172e+06	6.5862979242e-01	2.3048875016e+03
9.1703952172e+06	6.5850127518e-01	2.3150015909e+03
9.1703952172e+06	6.5837204658e-01	2.3251462176e+03
9.1703952172e+06	6.5824210556e-01	2.3353192646e+03
9.1703952172e+06	6.5810824422e-01	2.3455234337e+03
9.1703952172e+06	6.5797296343e-01	2.3557543101e+03
9.1703952172e+06	6.5783695963e-01	2.3660101043e+03
9.1703952172e+06	6.5770022960e-01	2.3762901835e+03
9.1703952172e+06	6.5756276794e-01	2.3865941112e+03
9.1703952172e+06	6.5742456540e-01	2.3969215178e+03
9.1703952172e+06	6.5728449022e-01	2.4072732289e+03
9.1703952172e+06	6.5714302560e-01	2.4176483687e+03
9.1703952172e+06	6.5700081696e-01	2.4280456767e+03
9.1703952172e+06	6.5685787655e-01	2.4384644162e+03
9.1703952172e+06	6.5671418875e-01	2.4489041008e+03
9.1703952172e+06	6.5656632387e-01	2.4593685783e+03
9.1703952172e+06	6.5641688298e-01	2.4699736318e+03
9.1703952172e+06	6.5626665685e-01	2.4806014162e+03
9.1703952172e+06	6.5611564004e-01	2.4912487167e+03
9.1703952172e+06	6.5596380556e-01	2.5019198811e+03
9.1703952172e+06	6.5581092198e-01	2.5126691657e+03
9.1703952172e+06	6.5565474387e-01	2.5240931545e+03
9.1703952172e+06	6.5553451527e-01	2.5419663419e+03
9.1703952172e+06	6.5552243700e-01	2.5504441925e+03
9.1703952172e+06	6.5551044764e-01	2.5600550898e+03
9.1703952172e+06	6.5550031385e-01	2.5688236823e+03
9.1703952172e+06	6.5549296130e-01	2.5757005432e+03
9.1703952172e+06	6.5548786939e-01	2.5805405112e+03
9.1703952172e+06	6.5548394220e-01	2.5842003387e+03
9.1703952172e+06	6.5548082523e-01	2.5874088275e+03
9.1703952172e+06	6.5547813417e-01	2.5903598940e+03
9.1703952172e+06	6.5547549156e-01	2.5930955522e+03
9.1703952172e+06	6.5547311437e-01	2.5957856172e+03
9.1703952172e+06	6.5547012835e-01	2.5984035462e+03
9.1703952172e+06	6.5546657485e-01	2.6008740122e+03
9.1703952172e+06	6.5546294651e-01	2.6032684630e+03
9.1703952172e+06	6.5545845576e-01	2.6052908557e+03
9.1703952172e+06	6.5545199880e-01	2.6064983512e+03
9.1703952172e+06	6.5544238127e-01	2.6059492312e+03
9.1703952172e+06	6.5542901004e-01	2.6031611983e+03
9.1703952172e+06	6.5540913652e-01	2.5974090538e+03
9.1703952172e+06	6.5537539792e-01	2.5871947255e+03
9.1703952172e+06	6.5532217359e-01	2.5700426095e+03
9.1703952172e+06	6.5523897437e-01	2.5420636063e+03
9.1703952172e+06	6.5510558070e-01	2.4973296686e+03
9.1703952172e+06	6.5486957450e-01	2.4275786062e+03
9.1703952172e+06	6.5451725959e-01	2.3347507879e+03
9.1703952172e+06	6.5415334575e-01	2.2471122442e+03
9.1703952172e+06	6.5378083217e-01	2.1646206315e+03
9.1703952172e+06	6.5339146737e-01	2.0876183906e+03
9.1645473755e+06	6.5298712207e-01	2.0155430301e+03
9.1645473755e+06	6.5258679129e-01	2.0165648983e+03
9.1645473755e+06	6.5251175683e-01	2.0167048149e+03
9.1645473755e+06	6.5243177507e-01	2.0201985237e+03
9.1645473755e+06	6.5234958459e-01	2.0256840340e+03
9.1645473755e+06	6.5226612653e-01	2.0319948083e+03
9.1645473755e+06	6.5218179933e-01	2.0386705743e+03
9.1645473755e+06	6.5209647278e-01	2.0455308439e+03
9.1645473755e+06	6.5200595579e-01	2.0525063010e+03
9.1645473755e+06	6.5191485822e-01	2.0595575576e+03
9.1645473755e+06	6.5182318788e-01	2.0666686440e+03
9.1645473755e+06	6.5173095485e-01	2.0738312114e+03
9.1645473755e+06	6.5163816216e-01	2.0810404548e+03
9.1645473755e+06	6.5154480786e-01	2.0882932178e+03
9.1645473755e+06	6.5145088967e-01	2.0955870229e+03
9.1645473755e+06	6.5135641052e-01	2.1029201308e+03
9.1645473755e+06	6.5126135991e-01	2.1102909856e+03
9.1645473755e+06	6.5116573909e-01	2.1176978943e+03
9.1645473755e+06	6.5106955273e-01	2.1251398487e+03
9.1645473755e+06	6.5097227671e-01	2.1326161841e+03
9.1645473755e+06	6.5087321285e-01	2.1401264593e+03
9.1645473755e+06	6.5076927479e-01	2.1476733075e+03
9.1645473755e+06	6.5066479805e-01	2.1552497108e+03
9.1645473755e+06	6.5055978541e-01	2.1628546645e+03
9.1645473755e+06	6.5045421982e-01	2.1704875868e+03
9.1645473755e+06	6.5034807983e-01	2.1781480529e+03
9.1645473755e+06	6.5024135577e-01	2.1858467468e+03
9.1645473755e+06	6.5013404166e-01	2.1936548365e+03
9.1645473755e+06	6.5002612234e-01	2.2014945377e+03
9.1645473755e+06	6.4991757874e-01	2.2093690628e+03
9.1645473755e+06	6.4980839056e-01	2.2172827931e+03
9.1645473755e+06	6.4969853063e-01	2.2252419895e+03
9.1645473755e+06	6.4958796644e-01	2.2332548837e+03
9.1645473755e+06	6.4947271038e-01	2.2413372642e+03
9.1645473755e+06	6.4935622703e-01	2.2494966132e+03
9.1645473755e+06	6.4923893159e-01	2.2577469651e+03
9.1645473755e+06	6.4912077853e-01	2.2661045616e+03
9.1645473755e+06	6.4900173015e-01	2.2745859710e+03
9.1645473755e+06	6.4888174751e-01	2.2832081043e+03
9.1645473755e+06	6.4876080165e-01	2.2919865351e+03
9.1645473755e+06	6.4863887155e-01	2.3009344899e+03
9.1645473755e+06	6.4851594826e-01	2.3100617286e+03
9.1645473755e+06	6.4839203321e-01	2.3193737125e+03
9.1645473755e+06	6.4826714305e-01	2.3288711332e+03
9.1645473755e+06	6.4813905309e-01	2.3385529404e+03
9.1645473755e+06	6.4800821633e-01	2.3484099269e+03
9.1645473755e+06	6.4787650175e-01	2.3584272751e+03
9.1645473755e+06	6.4774393883e-01	2.3685903042e+03
9.1645473755e+06	6.4761055909e-01	2.3788825735e+03
9.1645473755e+06	6.4747638102e-01	2.3892878370e+03
9.1645473755e+06	6.4733993170e-01	2.3997924665e+03
9.1645473755e+06	6.4720228470e-01	2.4103804825e+03
9.1645473755e+06	6.4706389614e-01	2.4210386001e+03
9.1645473755e+06	6.4692478621e-01	2.4317560116e+03
9.1645473755e+06	6.4678487706e-01	2.4425238403e+03
9.1645473755e+06	6.4664003367e-01	2.4533410672e+03
9.1645473755e+06	6.4649446733e-01	2.4641962033e+03
9.1645473755e+06	6.4634816921e-01	2.4750916229e+03
9.1645473755e+06	6.4620113621e-01	2.4861401840e+03
9.1645473755e+06	6.4605336282e-01	2.4972187078e+03
9.1645473755e+06	6.4590484134e-01	2.5083258203e+03
9.1645473755e+06	6.4575556827e-01	2.5194602257e+03
9.1645473755e+06	6.4560553252e-01	2.5306214419e+03
9.1645473755e+06	6.4545472916e-01	2.5418086498e+03
9.1645473755e+06	6.4530074954e-01	2.5530249842e+03
9.1645473755e+06	6.4514470824e-01	2.5642685489e+03
9.1645473755e+06	6.4498788415e-01	2.5755371454e+03
9.1645473755e+06	6.4483026992e-01	2.5868303377e+03
9.1645473755e+06	6.4467185703e-01	2.5981476556e+03
9.1645473755e+06	6.4451263575e-01	2.6094887684e+03
9.1645473755e+06	6.4435260437e-01	2.6208528406e+03
9.1645473755e+06	6.4419175320e-01	2.6322394208e+03
9.1645473755e+06	6.4402857911e-01	2.6436499433e+03
9.1645473755e+06	6.4386251628e-01	2.6550847213e+03
9.1645473755e+06	6.4369560469e-01	2.6665428412e+03
9.1645473755e+06	6.4352772927e-01	2.6780525759e+03
9.1645473755e+06	6.4335777575e-01	2.6899286537e+03
9.1645473755e+06	6.4317756551e-01	2.7054756575e+03
9.1645473755e+06	6.4316175426e-01	2.7207036393e+03
9.1645473755e+06	6.4314784339e-01	2.7311016284e+03
9.1645473755e+06	6.4313554439e-01	2.7409061604e+03
9.1645473755e+06	6.4312580833e-01	2.7486784600e+03
9.1645473755e+06	6.4311832556e-01	2.7541590159e+03
9.1645473755e+06	6.4311205521e-01	2.7582152355e+03
9.1645473755e+06	6.4310651610e-01	2.7616902017e+03
9.1645473755e+06	6.4310142818e-01	2.7648801899e+03
9.1645473755e+06	6.4309643186e-01	2.7678216330e+03
9.1645473755e+06	6.4309136803e-01	2.7706923215e+03
9.1645473755e+06	6.4308575846e-01	2.7735109257e+03
9.1645473755e+06	6.4308002104e-01	2.7761854334e+03
9.1645473755e+06	6.4307427093e-01	2.7787838849e+03
9.1645473755e+06	6.4306796628e-01	2.7810058590e+03
9.1645473755e+06	6.4306031988e-01	2.7823754330e+03
9.1645473755e+06	6.4305065384e-01	2.7818595111e+03
9.1645473755e+06	6.4303900326e-01	2.7788881742e+03
9.1645473755e+06	6.4302305745e-01	2.7727147857e+03
9.1645473755e+06	6.4299737258e-01	2.7617361329e+03
9.1645473755e+06	6.4295675025e-01	2.7432957222e+03
9.1645473755e+06	6.4289434982e-01	2.7132131027e+03
9.1645473755e+06	6.4278738829e-01	2.6651450378e+03
9.1645473755e+06	6.4260661809e-01	2.5897126698e+03
9.1645473755e+06	6.4233157445e-01	2.4889158806e+03
9.1645473755e+06	6.4201866930e-01	2.3947806617e+03
9.1645473755e+06	6.4169236861e-01	2.3060177692e+03
9.1645473755e+06	6.4135430207e-01	2.2222323110e+03
9.1615464062e+06	6.4099321516e-01	2.1441137898e+03
9.1615464062e+06	6.4113225093e-01	2.1457955990e+03
9.1615464062e+06	6.4105268558e-01	2.1475964633e+03
9.1615464062e+06	6.4096954099e-01	2.1530057734e+03
9.1615464062e+06	6.4088488498e-01	2.1596350141e+03
9.1615464062e+06	6.4079934473e-01	2.1666889137e+03
9.1615464062e+06	6.4071238207e-01	2.1739335729e+03
9.1615464062e+06	6.4062397495e-01	2.1812909884e+03
9.1615464062e+06	6.4053041797e-01	2.1887366735e+03
9.1615464062e+06	6.4043615463e-01	2.1962510236e+03
9.1615464062e+06	6.4034135153e-01	2.2038584282e+03
9.1615464062e+06	6.4024600815e-01	2.2115810180e+03
9.1615464062e+06	6.4015011845e-01	2.2193580576e+03
9.1615464062e+06	6.4005368455e-01	2.2271870429e+03
9.1615464062e+06	6.3995671101e-01	2.2350657332e+03
9.1615464062e+06	6.3985919757e-01	2.2429919742e+03
9.1615464062e+06	6.3976114242e-01	2.2509638463e+03
9.1615464062e+06	6.3966254329e-01	2.2589796072e+03
9.1615464062e+06	6.3956339964e-01	2.2670374753e+03
9.1615464062e+06	6.3946233765e-01	2.2751376990e+03
9.1615464062e+06	6.3935751290e-01	2.2832814259e+03
9.1615464062e+06	6.3925214791e-01	2.2914625590e+03
9.1615464062e+06	6.3914624326e-01	2.2996797831e+03
9.1615464062e+06	6.3903979687e-01	2.3079316949e+03
9.1615464062e+06	6.3893280606e-01	2.3162169028e+03
9.1615464062e+06	6.3882526478e-01	2.3245343684e+03
9.1615464062e+06	6.3871717161e-01	2.3328827306e+03
9.1615464062e+06	6.3860851830e-01	2.3412613521e+03
9.1615464062e+06	6.3849929503e-01	2.3496699531e+03
9.1615464062e+06	6.3838949839e-01	2.3581087594e+03
9.1615464062e+06	6.3827654541e-01	2.3665827206e+03
9.1615464062e+06	6.3816116574e-01	2.3750928344e+03
9.1615464062e+06	6.3804517948e-01	2.3836398645e+03
9.1615464062e+06	6.3792856929e-01	2.3922285300e+03
9.1615464062e+06	6.3781131135e-01	2.4008652945e+03
9.1615464062e+06	6.3769261927e-01	2.4095603334e+03
9.1615464062e+06	6.3757181542e-01	2.4183253311e+03
9.1615464062e+06	6.3745025866e-01	2.4271719528e+03
9.1615464062e+06	6.3732791290e-01	2.4361156786e+03
9.1615464062e+06	6.3720475064e-01	2.4451731979e+03
9.1615464062e+06	6.3707675427e-01	2.4543686323e+03
9.1615464062e+06	6.3694726769e-01	2.4637153353e+03
9.1615464062e+06	6.3681686473e-01	2.4732294636e+03
9.1615464062e+06	6.3668551985e-01	2.4829259295e+03
9.1615464062e+06	6.3655322953e-01	2.4928347926e+03
9.1615464062e+06	6.3641999303e-01	2.5030421471e+03
9.1615464062e+06	6.3628582150e-01	2.5134528147e+03
9.1615464062e+06	6.3615072956e-01	2.5240627808e+03
9.1615464062e+06	6.3601448985e-01	2.5348631334e+03
9.1615464062e+06	6.3587378843e-01	2.5458454777e+03
9.1615464062e+06	6.3573226383e-01	2.5569887745e+03
9.1615464062e+06	6.3558993914e-01	2.5682754607e+03
9.1615464062e+06	6.3544683358e-01	2.5796876411e+03
9.1615464062e+06	6.3530296192e-01	2.5912081607e+03
9.1615464062e+06	6.3515833797e-01	2.6028211385e+03
9.1615464062e+06	6.3501297449e-01	2.6145123192e+03
9.1615464062e+06	6.3486634060e-01	2.6262707538e+03
9.1615464062e+06	6.3471582578e-01	2.6380905337e+03
9.1615464062e+06	6.3456458569e-01	2.6499591406e+03
9.1615464062e+06	6.3441261160e-01	2.6618710905e+03
9.1615464062e+06	6.3425990674e-01	2.6738214135e+03
9.1615464062e+06	6.3410646051e-01	2.6858071546e+03
9.1615464062e+06	6.3395226615e-01	2.6978261777e+03
9.1615464062e+06	6.3379707683e-01	2.7098771739e+03
9.1615464062e+06	6.3363784977e-01	2.7219634622e+03
9.1615464062e+06	6.3347785967e-01	2.7340796703e+03
9.1615464062e+06	6.3331709854e-01	2.7462252953e+03
9.1615464062e+06	6.3315495206e-01	2.7584008488e+03
9.1615464062e+06	6.3299060112e-01	2.7706071981e+03
9.1615464062e+06	6.3282543785e-01	2.7828419491e+03
9.1615464062e+06	6.3265546079e-01	2.7951107408e+03
9.1615464062e+06	6.3248471114e-01	2.8074069951e+03
9.1615464062e+06	6.3231209739e-01	2.8197319801e+03
9.1615464062e+06	6.3213743694e-01	2.8321051767e+03
9.1615464062e+06	6.3195888999e-01	2.8446301674e+03
9.1615464062e+06	6.3177579961e-01	2.8571870548e+03
9.1615464062e+06	6.3159060032e-01	2.8697722924e+03
9.1615464062e+06	6.3140231069e-01	2.8823921143e+03
9.1615464062e+06	6.3120766490e-01	2.8951120404e+03
9.1615464062e+06	6.3100888521e-01	2.9085941907e+03
9.1615464062e+06	6.3085111707e-01	2.9293830254e+03
9.1615464062e+06	6.3083342044e-01	2.9394758800e+03
9.1615464062e+06	6.3081584105e-01	2.9511506676e+03
9.1615464062e+06	6.3079878381e-01	2.9619671380e+03
9.1615464062e+06	6.3078183281e-01	2.9704517353e+03
9.1615464062e+06	6.3076537489e-01	2.9763742325e+03
9.1615464062e+06	6.3074930560e-01	2.9807971653e+03
9.1615464062e+06	6.3073330326e-01	2.9846440756e+03
9.1615464062e+06	6.3071739128e-01	2.9881620341e+03
9.1615464062e+06	6.3070167045e-01	2.9914138333e+03
9.1615464062e+06	6.3068591801e-01	2.9946169918e+03
9.1615464062e+06	6.3067028259e-01	2.9977158899e+03
9.1615464062e+06	6.3065493735e-01	3.0006328245e+03
9.1615464062e+06	6.3063978828e-01	3.0034609366e+03
9.1615464062e+06	6.3062559420e-01	3.0057845667e+03
9.1615464062e+06	6.3061349241e-01	3.0070251541e+03
9.1615464062e+06	6.3060740105e-01	3.0061119105e+03
9.1615464062e+06	6.3060764646e-01	3.0026451136e+03
9.1615464062e+06	6.3061533571e-01	2.9956688072e+03
9.1615464062e+06	6.3063406192e-01	2.9833572330e+03
9.1615464062e+06	6.3066198242e-01	2.9627464812e+03
9.1615464062e+06	6.3067560174e-01	2.9292302140e+03
9.1615464062e+06	6.3064824880e-01	2.8758103228e+03
9.1615464062e+06	6.3054505969e-01	2.7926336511e+03
9.1615464062e+06	6.3034735402e-01	2.6825827177e+03
9.1615464062e+06	6.3012193775e-01	2.5786775769e+03
9.1615464062e+06	6.2986612617e-01	2.4808793445e+03
9.1615464062e+06	6.2957525773e-01	2.3894775756e+03
9.1579031333e+06	6.2927209825e-01	2.3034865409e+03
9.1579031333e+06	6.2936505290e-01	2.3062037097e+03
9.1579031333e+06	6.2927885353e-01	2.3078352986e+03
9.1579031333e+06	6.2918902989e-01	2.3135695585e+03
9.1579031333e+06	6.2909573816e-01	2.3207904491e+03
9.1579031333e+06	6.2899869204e-01	2.3285343279e+03
9.1579031333e+06	6.2890098910e-01	2.3365044152e+03
9.1579031333e+06	6.2880270370e-01	2.3446026309e+03
9.1579031333e+06	6.2870386310e-01	2.3527916085e+03
9.1579031333e+06	6.2860447854e-01	2.3610550256e+03
9.1579031333e+06	6.2850455487e-01	2.3693844955e+03
9.1579031333e+06	6.2840409266e-01	2.3777748424e+03
9.1579031333e+06	6.2830308940e-01	2.3862225555e+03
9.1579031333e+06	6.2820154321e-01	2.3947248886e+03
9.1579031333e+06	6.2809883654e-01	2.4032805475e+03
9.1579031333e+06	6.2799161821e-01	2.4118924547e+03
9.1579031333e+06	6.2788386880e-01	2.4205526335e+03
9.1579031333e+06	6.2777558575e-01	2.4292593377e+03
9.1579031333e+06	6.2766677274e-01	2.4380105080e+03
9.1579031333e+06	6.2755721542e-01	2.4468048813e+03
9.1579031333e+06	6.2744506801e-01	2.4556435552e+03
9.1579031333e+06	6.2733234548e-01	2.4645219418e+03
9.1579031333e+06	6.2721910438e-01	2.4734383786e+03
9.1579031333e+06	6.2710534920e-01	2.4823914439e+03
9.1579031333e+06	6.2698736347e-01	2.4913851334e+03
9.1579031333e+06	6.2686768921e-01	2.5004145421e+03
9.1579031333e+06	6.2674746920e-01	2.5094786304e+03
9.1579031333e+06	6.2662669838e-01	2.5186808893e+03
9.1579031333e+06	6.2650537180e-01	2.5279163239e+03
9.1579031333e+06	6.2638348010e-01	2.5371855774e+03
9.1579031333e+06	6.2626100866e-01	2.5464903810e+03
9.1579031333e+06	6.2613793862e-01	2.5558337107e+03
9.1579031333e+06	6.2601233392e-01	2.5652226947e+03
9.1579031333e+06	6.2588383399e-01	2.5746639272e+03
9.1579031333e+06	6.2575467824e-01	2.5841626290e+03
9.1579031333e+06	6.2562483421e-01	2.5937294988e+03
9.1579031333e+06	6.2549427051e-01	2.6033773500e+03
9.1579031333e+06	6.2536294380e-01	2.6131221565e+03
9.1579031333e+06	6.2523081232e-01	2.6229817550e+03
9.1579031333e+06	6.2509723431e-01	2.6329765949e+03
9.1579031333e+06	6.2495938588e-01	2.6431307132e+03
9.1579031333e+06	6.2482064330e-01	2.6534583380e+03
9.1579031333e+06	6.2468098618e-01	2.6639767021e+03
9.1579031333e+06	6.2454039702e-01	2.6747002008e+03
9.1579031333e+06	6.2439887137e-01	2.6856384784e+03
9.1579031333e+06	6.2425640894e-01	2.6967961168e+03
9.1579031333e+06	6.2411102409e-01	2.7081743325e+03
9.1579031333e+06	6.2396305575e-01	2.7197653717e+03
9.1579031333e+06	6.2381422453e-01	2.7315551857e+03
9.1579031333e+06	6.2366434412e-01	2.7435282568e+03
9.1579031333e+06	6.2351184542e-01	2.7556687564e+03
9.1579031333e+06	6.2335841445e-01	2.7679552516e+03
9.1579031333e+06	6.2320086134e-01	2.7803740958e+03
9.1579031333e+06	6.2304171160e-01	2.7929031586e+03
9.1579031333e+06	6.2288183016e-01	2.8055253174e+03
9.1579031333e+06	6.2272021920e-01	2.8182281847e+03
9.1579031333e+06	6.2255529929e-01	2.8310031418e+03
9.1579031333e+06	6.2238511927e-01	2.8438437593e+03
9.1579031333e+06	6.2221272519e-01	2.8568222257e+03
9.1579031333e+06	6.2203698219e-01	2.8699148580e+03
9.1579031333e+06	6.2185543322e-01	2.8830585938e+03
9.1579031333e+06	6.2166901816e-01	2.8962495832e+03
9.1579031333e+06	6.2147471929e-01	2.9094903429e+03
9.1579031333e+06	6.2127833696e-01	2.9227707895e+03
9.1579031333e+06	6.2108109413e-01	2.9360882527e+03
9.1579031333e+06	6.2088298015e-01	2.9494425161e+03
9.1579031333e+06	6.2068399517e-01	2.9628328083e+03
9.1579031333e+06	6.2048412831e-01	2.9762591894e+03
9.1579031333e+06	6.2028337229e-01	2.9897214972e+03
9.1579031333e+06	6.2008171979e-01	3.0032195546e+03
9.1579031333e+06	6.1987916339e-01	3.0167531401e+03
9.1579031333e+06	6.1967569400e-01	3.0303220830e+03
9.1579031333e+06	6.1947130742e-01	3.0439258189e+03
9.1579031333e+06	6.1926599442e-01	3.0575640496e+03
9.1579031333e+06	6.1905974587e-01	3.0712364282e+03
9.1579031333e+06	6.1885255684e-01	3.0849425250e+03
9.1579031333e+06	6.1864441601e-01	3.0986850735e+03
9.1579031333e+06	6.1843529098e-01	3.1124986132e+03
9.1579031333e+06	6.1822494572e-01	3.1267637283e+03
9.1579031333e+06	6.1801285849e-01	3.1454819124e+03
9.1579031333e+06	6.1798720439e-01	3.1638235419e+03
9.1579031333e+06	6.1796884901e-01	3.1765420466e+03
9.1579031333e+06	6.1795100371e-01	3.1884399843e+03
9.1579031333e+06	6.1793358794e-01	3.1977938935e+03
9.1579031333e+06	6.1791660565e-01	3.2043427751e+03
9.1579031333e+06	6.1790001996e-01	3.2092243990e+03
9.1579031333e+06	6.1788347527e-01	3.2134610062e+03
9.1579031333e+06	6.1786692607e-01	3.2173380572e+03
9.1579031333e+06	6.1785058250e-01	3.2209211151e+03
9.1579031333e+06	6.1783407475e-01	3.2244514993e+03
9.1579031333e+06	6.1781768892e-01	3.2278644921e+03
9.1579031333e+06	6.1780151472e-01	3.2310742797e+03
9.1579031333e+06	6.1778552965e-01	3.2341811374e+03
9.1579031333e+06	6.1777064276e-01	3.2366992847e+03
9.1579031333e+06	6.1775830364e-01	3.2379518256e+03
9.1579031333e+06	6.1775307521e-01	3.2368247147e+03
9.1579031333e+06	6.1775463614e-01	3.2329524275e+03
9.1579031333e+06	6.1776422162e-01	3.2252451066e+03
9.1579031333e+06	6.1778531527e-01	3.2116905341e+03
9.1579031333e+06	6.1782288768e-01	3.1890327465e+03
9.1579031333e+06	6.1788747617e-01	3.1522091023e+03
9.1579031333e+06	6.1799510736e-01	3.0935064005e+03
9.1579031333e+06	6.1817096364e-01	3.0016851875e+03
9.1579031333e+06	6.1818356393e-01	2.8803343745e+03
9.1579031333e+06	6.1804680354e-01	2.7671985733e+03
9.1579031333e+06	6.1787181157e-01	2.6608285559e+03
9.1579031333e+06	6.1766488118e-01	2.5605138651e+03
9.1543784953e+06	6.1742366878e-01	2.4669053897e+03
9.1543784953e+06	6.1743516821e-01	2.4698685531e+03
9.1543784953e+06	6.1733349834e-01	2.4734458064e+03
9.1543784953e+06	6.1722926631e-01	2.4805918974e+03
9.1543784953e+06	6.1712393273e-01	2.4886787819e+03
9.1543784953e+06	6.1701753767e-01	2.4970883772e+03
9.1543784953e+06	6.1690835113e-01	2.5056649320e+03
9.1543784953e+06	6.1679861684e-01	2.5143548389e+03
9.1543784953e+06	6.1668834245e-01	2.5231378508e+03
9.1543784953e+06	6.1657750298e-01	2.5320425058e+03
9.1543784953e+06	6.1646144716e-01	2.5410971980e+03
9.1543784953e+06	6.1634440813e-01	2.5502248240e+03
9.1543784953e+06	6.1622682134e-01	2.5594208908e+03
9.1543784953e+06	6.1610868713e-01	2.5686820564e+03
9.1543784953e+06	6.1599000357e-01	2.5780053851e+03
9.1543784953e+06	6.1587076809e-01	2.5873882742e+03
9.1543784953e+06	6.1575097828e-01	2.5968282952e+03
9.1543784953e+06	6.1563062945e-01	2.6063233935e+03
9.1543784953e+06	6.1550597938e-01	2.6158775785e+03
9.1543784953e+06	6.1538015813e-01	2.6254839875e+03
9.1543784953e+06	6.1525377959e-01	2.6351398239e+03
9.1543784953e+06	6.1512683751e-01	2.6448434574e+03
9.1543784953e+06	6.1499932919e-01	2.6545931023e+03
9.1543784953e+06	6.1487125027e-01	2.6643871504e+03
9.1543784953e+06	6.1474259756e-01	2.6742239220e+03
9.1543784953e+06	6.1461001721e-01	2.6841075715e+03
9.1543784953e+06	6.1447598857e-01	2.6940326915e+03
9.1543784953e+06	6.1434137839e-01	2.7039966515e+03
9.1543784953e+06	6.1420617377e-01	2.7139990934e+03
9.1543784953e+06	6.1407037166e-01	2.7240392980e+03
9.1543784953e+06	6.1393395954e-01	2.7341177068e+03
9.1543784953e+06	6.1379461204e-01	2.7442390425e+03
9.1543784953e+06	6.1365292232e-01	2.7544047720e+03
9.1543784953e+06	6.1351058725e-01	2.7646159979e+03
9.1543784953e+06	6.1336615542e-01	2.7748800863e+03
9.1543784953e+06	6.1322005255e-01	2.7852040025e+03
9.1543784953e+06	6.1307151194e-01	2.7955990369e+03
9.1543784953e+06	6.1291935284e-01	2.8060792164e+03
9.1543784953e+06	6.1276644805e-01	2.8166552717e+03
9.1543784953e+06	6.1261276873e-01	2.8273450024e+03
9.1543784953e+06	6.1245562901e-01	2.8381726366e+03
9.1543784953e+06	6.1229362359e-01	2.8491617509e+03
9.1543784953e+06	6.1212808526e-01	2.8603320801e+03
9.1543784953e+06	6.1195673377e-01	2.8717291577e+03
9.1543784953e+06	6.1178018227e-01	2.8834586507e+03
9.1543784953e+06	6.1159441332e-01	2.8954339739e+03
9.1543784953e+06	6.1140512357e-01	2.9076551085e+03
9.1543784953e+06	6.1121498778e-01	2.9201208984e+03
9.1543784953e+06	6.1102401239e-01	2.9328274294e+03
9.1543784953e+06	6.1083219225e-01	2.9457657200e+03
9.1543784953e+06	6.1063952359e-01	2.9589217811e+03
9.1543784953e+06	6.1044601252e-01	2.9722772909e+03
9.1543784953e+06	6.1025165154e-01	2.9858126705e+03
9.1543784953e+06	6.1005644126e-01	2.9995070785e+03
9.1543784953e+06	6.0986038631e-01	3.0133398479e+03
9.1543784953e+06	6.0966347590e-01	3.0272928156e+03
9.1543784953e+06	6.0946570764e-01	3.0413493455e+03
9.1543784953e+06	6.0926708356e-01	3.0554948766e+03
9.1543784953e+06	6.0906759130e-01	3.0697183508e+03
9.1543784953e+06	6.0886723074e-01	3.0840101849e+03
9.1543784953e+06	6.0866599314e-01	3.0983635223e+03
9.1543784953e+06	6.0846387207e-01	3.1127731379e+03
9.1543784953e+06	6.0826084620e-01	3.1272355135e+03
9.1543784953e+06	6.0805631615e-01	3.1417486798e+03
9.1543784953e+06	6.0784999113e-01	3.1563116181e+03
9.1543784953e+06	6.0764091356e-01	3.1709248508e+03
9.1543784953e+06	6.0742940781e-01	3.1855871977e+03
9.1543784953e+06	6.0721696323e-01	3.2002957994e+03
9.1543784953e+06	6.0700358208e-01	3.2150505530e+03
9.1543784953e+06	6.0678928192e-01	3.2298509794e+03
9.1543784953e+06	6.0657405660e-01	3.2446970743e+03
9.1543784953e+06	6.0635786752e-01	3.2595889412e+03
9.1543784953e+06	6.0614070680e-01	3.2745940628e+03
9.1543784953e+06	6.0592256563e-01	3.2897444656e+03
9.1543784953e+06	6.0570343650e-01	3.3049407251e+03
9.1543784953e+06	6.0548331159e-01	3.3201824096e+03
9.1543784953e+06	6.0526218106e-01	3.3354692824e+03
9.1543784953e+06	6.0504004019e-01	3.3508024506e+03
9.1543784953e+06	6.0481687378e-01	3.3662029750e+03
9.1543784953e+06	6.0459261753e-01	3.3819057521e+03
9.1543784953e+06	6.0436675043e-01	3.4004372990e+03
9.1543784953e+06	6.0428452376e-01	3.4270412253e+03
9.1543784953e+06	6.0426493504e-01	3.4413602427e+03
9.1543784953e+06	6.0424568792e-01	3.4548203342e+03
9.1543784953e+06	6.0422655739e-01	3.4654031771e+03
9.1543784953e+06	6.0420769464e-01	3.4728065646e+03
9.1543784953e+06	6.0418914882e-01	3.4783204901e+03
9.1543784953e+06	6.0417058314e-01	3.4831093847e+03
9.1543784953e+06	6.0415207541e-01	3.4874875381e+03
9.1543784953e+06	6.0413379565e-01	3.4915345291e+03
9.1543784953e+06	6.0411542440e-01	3.4955317938e+03
9.1543784953e+06	6.0409722341e-01	3.4993852920e+03
9.1543784953e+06	6.0407941776e-01	3.5030116076e+03
9.1543784953e+06	6.0406190271e-01	3.5065094404e+03
9.1543784953e+06	6.0404585421e-01	3.5092988911e+03
9.1543784953e+06	6.0403304698e-01	3.5105579206e+03
9.1543784953e+06	6.0402859081e-01	3.5091320688e+03
9.1543784953e+06	6.0403159438e-01	3.5046869769e+03
9.1543784953e+06	6.0404427226e-01	3.4959428656e+03
9.1543784953e+06	6.0407156844e-01	3.4806159786e+03
9.1543784953e+06	6.0412102983e-01	3.4550370335e+03
9.1543784953e+06	6.0420534046e-01	3.4135268995e+03
9.1543784953e+06	6.0434459574e-01	3.3475031664e+03
9.1543784953e+06	6.0456393527e-01	3.2449012011e+03
9.1543784953e+06	6.0482157582e-01	3.1110560947e+03
9.1543784953e+06	6.0503268521e-01	2.9853918227e+03
9.1543784953e+06	6.0499204396e-01	2.8677832710e+03
9.1543784953e+06	6.0487132297e-01	2.7583521583e+03
9.1510474673e+06	6.0471414813e-01	2.6555361232e+03
9.1510474673e+06	6.0505858530e-01	2.6590835513e+03
9.1510474673e+06	6.0495350159e-01	2.6607773085e+03
9.1510474673e+06	6.0484215954e-01	2.6674562257e+03
9.1510474673e+06	6.0472798915e-01	2.6760008967e+03
9.1510474673e+06	6.0461302429e-01	2.6851948723e+03
9.1510474673e+06	6.0449743119e-01	2.6946691242e+03
9.1510474673e+06	6.0438126697e-01	2.7043002810e+03
9.1510474673e+06	6.0426455165e-01	2.7140420548e+03
9.1510474673e+06	6.0414729178e-01	2.7238746006e+03
9.1510474673e+06	6.0402605170e-01	2.7337937424e+03
9.1510474673e+06	6.0390332323e-01	2.7437893795e+03
9.1510474673e+06	6.0378006073e-01	2.7538557375e+03
9.1510474673e+06	6.0365625782e-01	2.7639898517e+03
9.1510474673e+06	6.0353191252e-01	2.7741889147e+03
9.1510474673e+06	6.0340701605e-01	2.7844509233e+03
9.1510474673e+06	6.0327855493e-01	2.7947786546e+03
9.1510474673e+06	6.0314836824e-01	2.8051671286e+03
9.1510474673e+06	6.0301722349e-01	2.8156132082e+03
9.1510474673e+06	6.0288343021e-01	2.8261179779e+03
9.1510474673e+06	6.0274906572e-01	2.8366760694e+03
9.1510474673e+06	6.0261055928e-01	2.8472921053e+03
9.1510474673e+06	6.0247029424e-01	2.8579601825e+03
9.1510474673e+06	6.0232948338e-01	2.8686770161e+03
9.1510474673e+06	6.0218792571e-01	2.8794414691e+03
9.1510474673e+06	6.0204184684e-01	2.8902590400e+03
9.1510474673e+06	6.0189269789e-01	2.9012374376e+03
9.1510474673e+06	6.0173844661e-01	2.9122816308e+03
9.1510474673e+06	6.0157777108e-01	2.9233819302e+03
9.1510474673e+06	6.0140716489e-01	2.9345452962e+03
9.1510474673e+06	6.0123295173e-01	2.9457631448e+03
9.1510474673e+06	6.0105804850e-01	2.9570340694e+03
9.1510474673e+06	6.0088244724e-01	2.9683633906e+03
9.1510474673e+06	6.0070613915e-01	2.9797586067e+03
9.1510474673e+06	6.0052911781e-01	2.9912295046e+03
9.1510474673e+06	6.0035136621e-01	3.0027892853e+03
9.1510474673e+06	6.0017287957e-01	3.0144532405e+03
9.1510474673e+06	5.9999363916e-01	3.0262403822e+03
9.1510474673e+06	5.9981363948e-01	3.0381713610e+03
9.1510474673e+06	5.9963286141e-01	3.0502695473e+03
9.1510474673e+06	5.9945130027e-01	3.0625581478e+03
9.1510474673e+06	5.9926894204e-01	3.0750604728e+03
9.1510474673e+06	5.9908577312e-01	3.0877976738e+03
9.1510474673e+06	5.9890179549e-01	3.1007861583e+03
9.1510474673e+06	5.9871699407e-01	3.1140383790e+03
9.1510474673e+06	5.9853123461e-01	3.1275595162e+03
9.1510474673e+06	5.9834374703e-01	3.1413494475e+03
9.1510474673e+06	5.9815374187e-01	3.1554018870e+03
9.1510474673e+06	5.9796093419e-01	3.1697036972e+03
9.1510474673e+06	5.9776724849e-01	3.1842336809e+03
9.1510474673e+06	5.9757274513e-01	3.1989705314e+03
9.1510474673e+06	5.9737742604e-01	3.2138921257e+03
9.1510474673e+06	5.9718130925e-01	3.2289757856e+03
9.1510474673e+06	5.9698439358e-01	3.2442011615e+03
9.1510474673e+06	5.9678666404e-01	3.2595496549e+03
9.1510474673e+06	5.9658809641e-01	3.2750052769e+03
9.1510474673e+06	5.9638868396e-01	3.2905548913e+03
9.1510474673e+06	5.9618842172e-01	3.3063601223e+03
9.1510474673e+06	5.9598730457e-01	3.3222449824e+03
9.1510474673e+06	5.9578532373e-01	3.3382002183e+03
9.1510474673e+06	5.9558247801e-01	3.3542208536e+03
9.1510474673e+06	5.9537875541e-01	3.3703041351e+03
9.1510474673e+06	5.9517415266e-01	3.3864476554e+03
9.1510474673e+06	5.9496866488e-01	3.4026498915e+03
9.1510474673e+06	5.9476228283e-01	3.4189101866e+03
9.1510474673e+06	5.9455499953e-01	3.4352280389e+03
9.1510474673e+06	5.9434680802e-01	3.4516031380e+03
9.1510474673e+06	5.9413770118e-01	3.4680352725e+03
9.1510474673e+06	5.9392767186e-01	3.4845242452e+03
9.1510474673e+06	5.9371671284e-01	3.5010698253e+03
9.1510474673e+06	5.9350481683e-01	3.5176717190e+03
9.1510474673e+06	5.9329197648e-01	3.5343295506e+03
9.1510474673e+06	5.9307818437e-01	3.5510428567e+03
9.1510474673e+06	5.9286343301e-01	3.5678111111e+03
9.1510474673e+06	5.9264771477e-01	3.5846339590e+03
9.1510474673e+06	5.9243102132e-01	3.6015137681e+03
9.1510474673e+06	5.9221333731e-01	3.6184833545e+03
9.1510474673e+06	5.9199457417e-01	3.6359084821e+03
9.1510474673e+06	5.9177403260e-01	3.6576806724e+03
9.1510474673e+06	5.9171910064e-01	3.6837743271e+03
9.1510474673e+06	5.9169414784e-01	3.6999949944e+03
9.1510474673e+06	5.9166958152e-01	3.7149067555e+03
9.1510474673e+06	5.9164924060e-01	3.7262756162e+03
9.1510474673e+06	5.9163031114e-01	3.7341478169e+03
9.1510474673e+06	5.9161170418e-01	3.7401105750e+03
9.1510474673e+06	5.9159299452e-01	3.7453950070e+03
9.1510474673e+06	5.9157440659e-01	3.7502125681e+03
9.1510474673e+06	5.9155606615e-01	3.7547018384e+03
9.1510474673e+06	5.9153756580e-01	3.7592195002e+03
9.1510474673e+06	5.9151933835e-01	3.7635272163e+03
9.1510474673e+06	5.9150147849e-01	3.7676153811e+03
9.1510474673e+06	5.9148411440e-01	3.7714590106e+03
9.1510474673e+06	5.9146853185e-01	3.7743857315e+03
9.1510474673e+06	5.9145704001e-01	3.7752475033e+03
9.1510474673e+06	5.9145489274e-01	3.7727671254e+03
9.1510474673e+06	5.9146127994e-01	3.7664573493e+03
9.1510474673e+06	5.9147934242e-01	3.7545862694e+03
9.1510474673e+06	5.9151496529e-01	3.7343767658e+03
9.1510474673e+06	5.9157759778e-01	3.7010428927e+03
9.1510474673e+06	5.9168277292e-01	3.6473480171e+03
9.1510474673e+06	5.9185485335e-01	3.5626130769e+03
9.1510474673e+06	5.9213164614e-01	3.4318873920e+03
9.1510474673e+06	5.9245211498e-01	3.2865737655e+03
9.1510474673e+06	5.9271851516e-01	3.1522192804e+03
9.1510474673e+06	5.9295854180e-01	3.0263481355e+03
9.1510474673e+06	5.9296252398e-01	2.9085385255e+03
9.1451204843e+06	5.9288171945e-01	2.7996839936e+03
9.1451204843e+06	5.9212164296e-01	2.8045088264e+03
9.1451204843e+06	5.9199821912e-01	2.8056371999e+03
9.1451204843e+06	5.9187169809e-01	2.8122238301e+03
9.1451204843e+06	5.9174378873e-01	2.8211935565e+03
9.1451204843e+06	5.9161500730e-01	2.8310230473e+03
9.1451204843e+06	5.9148347578e-01	2.8412212510e+03
9.1451204843e+06	5.9134901514e-01	2.8516174581e+03
9.1451204843e+06	5.9121305886e-01	2.8621445064e+03
9.1451204843e+06	5.9107455247e-01	2.8727770595e+03
9.1451204843e+06	5.9093549609e-01	2.8834985371e+03
9.1451204843e+06	5.9079227105e-01	2.8943085043e+03
9.1451204843e+06	5.9064711572e-01	2.9051983649e+03
9.1451204843e+06	5.9050138249e-01	2.9161675027e+03
9.1451204843e+06	5.9035422408e-01	2.9273303903e+03
9.1451204843e+06	5.9020305440e-01	2.9385699050e+03
9.1451204843e+06	5.9005100144e-01	2.9498786428e+03
9.1451204843e+06	5.8989170160e-01	2.9612659131e+03
9.1451204843e+06	5.8972499408e-01	2.9727303476e+03
9.1451204843e+06	5.8954899636e-01	2.9842737797e+03
9.1451204843e+06	5.8937197273e-01	2.9958793758e+03
9.1451204843e+06	5.8919428516e-01	3.0075451688e+03
9.1451204843e+06	5.8901593358e-01	3.0192693386e+03
9.1451204843e+06	5.8883691078e-01	3.0310506544e+03
9.1451204843e+06	5.8865721179e-01	3.0428879202e+03
9.1451204843e+06	5.8847683148e-01	3.0547802247e+03
9.1451204843e+06	5.8829576172e-01	3.0667272547e+03
9.1451204843e+06	5.8811399701e-01	3.0787290939e+03
9.1451204843e+06	5.8793153663e-01	3.0907862958e+03
9.1451204843e+06	5.8774837122e-01	3.1029010406e+03
9.1451204843e+06	5.8756449781e-01	3.1150764629e+03
9.1451204843e+06	5.8737990211e-01	3.1273181735e+03
9.1451204843e+06	5.8719457896e-01	3.1396332934e+03
9.1451204843e+06	5.8700851919e-01	3.1520317317e+03
9.1451204843e+06	5.8682157735e-01	3.1645265218e+03
9.1451204843e+06	5.8663245943e-01	3.1771356538e+03
9.1451204843e+06	5.8643984813e-01	3.1898810411e+03
9.1451204843e+06	5.8624591628e-01	3.2027800260e+03
9.1451204843e+06	5.8605120618e-01	3.2158555956e+03
9.1451204843e+06	5.8585571644e-01	3.2291327655e+03
9.1451204843e+06	5.8565945326e-01	3.2426360491e+03
9.1451204843e+06	5.8546241252e-01	3.2563888478e+03
9.1451204843e+06	5.8526459566e-01	3.2704101524e+03
9.1451204843e+06	5.8506597711e-01	3.2847140022e+03
9.1451204843e+06	5.8486654610e-01	3.2993076988e+03
9.1451204843e+06	5.8466629536e-01	3.3141920506e+03
9.1451204843e+06	5.8446522167e-01	3.3295019480e+03
9.1451204843e+06	5.8426331928e-01	3.3451147587e+03
9.1451204843e+06	5.8406059249e-01	3.3609832412e+03
9.1451204843e+06	5.8385703469e-01	3.3770856898e+03
9.1451204843e+06	5.8365264265e-01	3.3933983494e+03
9.1451204843e+06	5.8344740945e-01	3.4098976294e+03
9.1451204843e+06	5.8324133780e-01	3.4265602160e+03
9.1451204843e+06	5.8303442001e-01	3.4433657396e+03
9.1451204843e+06	5.8282664818e-01	3.4602965338e+03
9.1451204843e+06	5.8261802157e-01	3.4773372263e+03
9.1451204843e+06	5.8240853520e-01	3.4944756471e+03
9.1451204843e+06	5.8219818158e-01	3.5117024565e+03
9.1451204843e+06	5.8198694967e-01	3.5290109056e+03
9.1451204843e+06	5.8177484331e-01	3.5463949404e+03
9.1451204843e+06	5.8156185117e-01	3.5638512799e+03
9.1451204843e+06	5.8134796675e-01	3.5813774180e+03
9.1451204843e+06	5.8113318346e-01	3.5989717178e+03
9.1451204843e+06	5.8091749462e-01	3.6166331511e+03
9.1451204843e+06	5.8070089347e-01	3.6343610881e+03
9.1451204843e+06	5.8048337318e-01	3.6521551369e+03
9.1451204843e+06	5.8026492483e-01	3.6700150286e+03
9.1451204843e+06	5.8004553015e-01	3.6879405418e+03
9.1451204843e+06	5.7982518702e-01	3.7059315873e+03
9.1451204843e+06	5.7960391511e-01	3.7239874062e+03
9.1451204843e+06	5.7938172664e-01	3.7421077354e+03
9.1451204843e+06	5.7915860641e-01	3.7602920752e+03
9.1451204843e+06	5.7893451106e-01	3.7785400908e+03
9.1451204843e+06	5.7870943462e-01	3.7970237551e+03
9.1451204843e+06	5.7848337349e-01	3.8156110800e+03
9.1451204843e+06	5.7825630820e-01	3.8343251032e+03
9.1451204843e+06	5.7802810606e-01	3.8537979046e+03
9.1451204843e+06	5.7781628270e-01	3.8805516152e+03
9.1451204843e+06	5.7778996995e-01	3.9025775873e+03
9.1451204843e+06	5.7776955511e-01	3.9201528166e+03
9.1451204843e+06	5.7774952605e-01	3.9362985533e+03
9.1451204843e+06	5.7770754488e-01	3.9495903502e+03
9.1451204843e+06	5.7765984172e-01	3.9588056130e+03
9.1451204843e+06	5.7761294362e-01	3.9657862763e+03
9.1451204843e+06	5.7758949263e-01	3.9716296863e+03
9.1451204843e+06	5.7756630795e-01	3.9769262471e+03
9.1451204843e+06	5.7754407488e-01	3.9819262952e+03
9.1451204843e+06	5.7752462929e-01	3.9868500794e+03
9.1451204843e+06	5.7750556531e-01	3.9915036835e+03
9.1451204843e+06	5.7748680904e-01	3.9959799896e+03
9.1451204843e+06	5.7746899257e-01	3.9999560696e+03
9.1451204843e+06	5.7745362638e-01	4.0026280704e+03
9.1451204843e+06	5.7744451039e-01	4.0021658676e+03
9.1451204843e+06	5.7744646216e-01	3.9972595945e+03
9.1451204843e+06	5.7745982688e-01	3.9868963704e+03
9.1451204843e+06	5.7748949250e-01	3.9684497971e+03
9.1451204843e+06	5.7754345712e-01	3.9375386746e+03
9.1451204843e+06	5.7763545605e-01	3.8873280530e+03
9.1451204843e+06	5.7778715255e-01	3.8076099055e+03
9.1451204843e+06	5.7803286909e-01	3.6848584724e+03
9.1451204843e+06	5.7836804090e-01	3.5253462859e+03
9.1451204843e+06	5.7869570609e-01	3.3766108176e+03
9.1451204843e+06	5.7898784649e-01	3.2388948249e+03
9.1451204843e+06	5.7925577253e-01	3.1106656238e+03
9.1408939184e+06	5.7938302788e-01	2.9910876297e+03
9.1408939184e+06	5.7947372399e-01	2.9958132296e+03
9.1408939184e+06	5.7933241358e-01	2.9978401322e+03
9.1408939184e+06	5.7918535852e-01	3.0058547269e+03
9.1408939184e+06	5.7903727223e-01	3.0160875569e+03
9.1408939184e+06	5.7888193757e-01	3.0270973049e+03
9.1408939184e+06	5.7871643852e-01	3.0384560866e+03
9.1408939184e+06	5.7854587586e-01	3.0500121439e+03
9.1408939184e+06	5.7837468626e-01	3.0617050364e+03
9.1408939184e+06	5.7820287123e-01	3.0735126010e+03
9.1408939184e+06	5.7803042550e-01	3.0854241746e+03
9.1408939184e+06	5.7785734391e-01	3.0974335247e+03
9.1408939184e+06	5.7768362549e-01	3.1095361007e+03
9.1408939184e+06	5.7750926240e-01	3.1217288114e+03
9.1408939184e+06	5.7733425328e-01	3.1340086626e+03
9.1408939184e+06	5.7715859329e-01	3.1463732385e+03
9.1408939184e+06	5.7698228001e-01	3.1588201714e+03
9.1408939184e+06	5.7680530730e-01	3.1713475076e+03
9.1408939184e+06	5.7662767076e-01	3.1839532714e+03
9.1408939184e+06	5.7644936598e-01	3.1966355631e+03
9.1408939184e+06	5.7627038453e-01	3.2093928247e+03
9.1408939184e+06	5.7609067731e-01	3.2222228071e+03
9.1408939184e+06	5.7590827407e-01	3.2351280242e+03
9.1408939184e+06	5.7572267788e-01	3.2481076446e+03
9.1408939184e+06	5.7553638448e-01	3.2611551634e+03
9.1408939184e+06	5.7534939451e-01	3.2742697526e+03
9.1408939184e+06	5.7516173094e-01	3.2874498256e+03
9.1408939184e+06	5.7497338919e-01	3.3006954077e+03
9.1408939184e+06	5.7478434803e-01	3.3140067182e+03
9.1408939184e+06	5.7459459280e-01	3.3273844184e+03
9.1408939184e+06	5.7440411222e-01	3.3408314709e+03
9.1408939184e+06	5.7421289705e-01	3.3544881989e+03
9.1408939184e+06	5.7402094575e-01	3.3682408341e+03
9.1408939184e+06	5.7382825590e-01	3.3820826031e+03
9.1408939184e+06	5.7363480999e-01	3.3960258028e+03
9.1408939184e+06	5.7344061377e-01	3.4100842712e+03
9.1408939184e+06	5.7324565294e-01	3.4242766905e+03
9.1408939184e+06	5.7304991942e-01	3.4386246208e+03
9.1408939184e+06	5.7285340493e-01	3.4531525941e+03
9.1408939184e+06	5.7265610124e-01	3.4678872971e+03
9.1408939184e+06	5.7245799629e-01	3.4828566329e+03
9.1408939184e+06	5.7225908284e-01	3.4980874996e+03
9.1408939184e+06	5.7205936506e-01	3.5136033705e+03
9.1408939184e+06	5.7185882925e-01	3.5294246758e+03
9.1408939184e+06	5.7165746570e-01	3.5455654169e+03
9.1408939184e+06	5.7145527378e-01	3.5620315110e+03
9.1408939184e+06	5.7125225494e-01	3.5788207670e+03
9.1408939184e+06	5.7104840099e-01	3.5959241005e+03
9.1408939184e+06	5.7084370466e-01	3.6133256686e+03
9.1408939184e+06	5.7063816686e-01	3.6310037465e+03
9.1408939184e+06	5.7043178421e-01	3.6489335109e+03
9.1408939184e+06	5.7022454620e-01	3.6670886237e+03
9.1408939184e+06	5.7001644867e-01	3.6854435740e+03
9.1408939184e+06	5.6980749723e-01	3.7039740738e+03
9.1408939184e+06	5.6959770337e-01	3.7226583972e+03
9.1408939184e+06	5.6938707195e-01	3.7414778978e+03
9.1408939184e+06	5.6917560485e-01	3.7604171253e+03
9.1408939184e+06	5.6896326690e-01	3.7794640826e+03
9.1408939184e+06	5.6875004098e-01	3.7986091713e+03
9.1408939184e+06	5.6853591941e-01	3.8179527555e+03
9.1408939184e+06	5.6832090400e-01	3.8374938594e+03
9.1408939184e+06	5.6810499022e-01	3.8571187853e+03
9.1408939184e+06	5.6788816866e-01	3.8768253674e+03
9.1408939184e+06	5.6767043000e-01	3.8966122571e+03
9.1408939184e+06	5.6745177001e-01	3.9164782305e+03
9.1408939184e+06	5.6723218414e-01	3.9364224698e+03
9.1408939184e+06	5.6701166059e-01	3.9564450234e+03
9.1408939184e+06	5.6679019471e-01	3.9765453857e+03
9.1408939184e+06	5.6656778150e-01	3.9967230850e+03
9.1408939184e+06	5.6634441151e-01	4.0169780058e+03
9.1408939184e+06	5.6612007747e-01	4.0373097543e+03
9.1408939184e+06	5.6589477202e-01	4.0577178424e+03
9.1408939184e+06	5.6566848583e-01	4.0782018868e+03
9.1408939184e+06	5.6544121519e-01	4.0987612254e+03
9.1408939184e+06	5.6521294981e-01	4.1193994302e+03
9.1408939184e+06	5.6498367063e-01	4.1401616217e+03
9.1408939184e+06	5.6475328335e-01	4.1615463533e+03
9.1408939184e+06	5.6452101571e-01	4.1888396524e+03
9.1408939184e+06	5.6447982652e-01	4.2187950589e+03
9.1408939184e+06	5.6445882391e-01	4.2384032898e+03
9.1408939184e+06	5.6443822505e-01	4.2563740730e+03
9.1408939184e+06	5.6441770996e-01	4.2702789583e+03
9.1408939184e+06	5.6439755408e-01	4.2799516766e+03
9.1408939184e+06	5.6437774805e-01	4.2873242779e+03
9.1408939184e+06	5.6435735735e-01	4.2939281668e+03
9.1408939184e+06	5.6433704664e-01	4.2999398695e+03
9.1408939184e+06	5.6431642764e-01	4.3055443314e+03
9.1408939184e+06	5.6426343965e-01	4.3117526812e+03
9.1408939184e+06	5.6421093403e-01	4.3175924663e+03
9.1408939184e+06	5.6417725322e-01	4.3228744804e+03
9.1408939184e+06	5.6415572241e-01	4.3273363184e+03
9.1408939184e+06	5.6413760994e-01	4.3302121355e+03
9.1408939184e+06	5.6412958492e-01	4.3294135667e+03
9.1408939184e+06	5.6413237603e-01	4.3238297980e+03
9.1408939184e+06	5.6414693683e-01	4.3121940741e+03
9.1408939184e+06	5.6417845586e-01	4.2915431693e+03
9.1408939184e+06	5.6423542315e-01	4.2569753572e+03
9.1408939184e+06	5.6433226094e-01	4.2008657741e+03
9.1408939184e+06	5.6449169188e-01	4.1118483449e+03
9.1408939184e+06	5.6474934590e-01	3.9736940283e+03
9.1408939184e+06	5.6509950447e-01	3.7948669955e+03
9.1408939184e+06	5.6544198208e-01	3.6302304717e+03
9.1408939184e+06	5.6577542989e-01	3.4771144432e+03
9.1408939184e+06	5.6609459688e-01	3.3347495111e+03
9.1364653897e+06	5.6637150299e-01	3.2035676415e+03
9.1364653897e+06	5.6603357018e-01	3.2095388640e+03
9.1364653897e+06	5.6585940593e-01	3.2123280677e+03
9.1364653897e+06	5.6568415936e-01	3.2216230746e+03
9.1364653897e+06	5.6550813745e-01	3.2331369597e+03
9.1364653897e+06	5.6533142069e-01	3.2453994246e+03
9.1364653897e+06	5.6515403507e-01	3.2579919198e+03
9.1364653897e+06	5.6497598525e-01	3.2707817054e+03
9.1364653897e+06	5.6479727098e-01	3.2837207853e+03
9.1364653897e+06	5.6461678192e-01	3.2967912340e+03
9.1364653897e+06	5.6443256159e-01	3.3099866295e+03
9.1364653897e+06	5.6424767015e-01	3.3232943803e+03
9.1364653897e+06	5.6406214251e-01	3.3367098496e+03
9.1364653897e+06	5.6387597659e-01	3.3502292684e+03
9.1364653897e+06	5.6368912600e-01	3.3638499482e+03
9.1364653897e+06	5.6350158533e-01	3.3776540261e+03
9.1364653897e+06	5.6331335441e-01	3.3916238871e+03
9.1364653897e+06	5.6312442467e-01	3.4056890689e+03
9.1364653897e+06	5.6293479387e-01	3.4198471761e+03
9.1364653897e+06	5.6274445687e-01	3.4340960834e+03
9.1364653897e+06	5.6255341261e-01	3.4484334235e+03
9.1364653897e+06	5.6236164895e-01	3.4628577130e+03
9.1364653897e+06	5.6216917064e-01	3.4773662578e+03
9.1364653897e+06	5.6197596431e-01	3.4919578169e+03
9.1364653897e+06	5.6178203022e-01	3.5066302521e+03
9.1364653897e+06	5.6158736231e-01	3.5213821113e+03
9.1364653897e+06	5.6139195871e-01	3.5362119448e+03
9.1364653897e+06	5.6119581059e-01	3.5511193065e+03
9.1364653897e+06	5.6099890933e-01	3.5661044118e+03
9.1364653897e+06	5.6080125506e-01	3.5811677536e+03
9.1364653897e+06	5.6060284148e-01	3.5963115787e+03
9.1364653897e+06	5.6040366436e-01	3.6115396349e+03
9.1364653897e+06	5.6020371117e-01	3.6268583931e+03
9.1364653897e+06	5.6000298259e-01	3.6422758652e+03
9.1364653897e+06	5.5980146784e-01	3.6578039949e+03
9.1364653897e+06	5.5959915906e-01	3.6734579014e+03
9.1364653897e+06	5.5939603298e-01	3.6892568352e+03
9.1364653897e+06	5.5919209208e-01	3.7052225652e+03
9.1364653897e+06	5.5898733368e-01	3.7213814221e+03
9.1364653897e+06	5.5878175957e-01	3.7377622784e+03
9.1364653897e+06	5.5857537057e-01	3.7543950277e+03
9.1364653897e+06	5.5836817121e-01	3.7713090401e+03
9.1364653897e+06	5.5816014608e-01	3.7885315982e+03
9.1364653897e+06	5.5795126664e-01	3.8060855950e+03
9.1364653897e+06	5.5774151568e-01	3.8239885826e+03
9.1364653897e+06	5.5753088988e-01	3.8422952054e+03
9.1364653897e+06	5.5731939525e-01	3.8611238834e+03
9.1364653897e+06	5.5710701620e-01	3.8803071761e+03
9.1364653897e+06	5.5689376541e-01	3.8998273543e+03
9.1364653897e+06	5.5667963145e-01	3.9196626558e+03
9.1364653897e+06	5.5646461082e-01	3.9397864430e+03
9.1364653897e+06	5.5624869984e-01	3.9601700427e+03
9.1364653897e+06	5.5603189073e-01	3.9807851782e+03
9.1364653897e+06	5.5581418283e-01	4.0016042857e+03
9.1364653897e+06	5.5559557124e-01	4.0226027796e+03
9.1364653897e+06	5.5537605070e-01	4.0437594352e+03
9.1364653897e+06	5.5515561893e-01	4.0650562336e+03
9.1364653897e+06	5.5493426320e-01	4.0864796107e+03
9.1364653897e+06	5.5471198061e-01	4.1080181925e+03
9.1364653897e+06	5.5448876461e-01	4.1296636907e+03
9.1364653897e+06	5.5426460851e-01	4.1514100896e+03
9.1364653897e+06	5.5403950539e-01	4.1732531822e+03
9.1364653897e+06	5.5381344821e-01	4.1951901383e+03
9.1364653897e+06	5.5358642771e-01	4.2172193340e+03
9.1364653897e+06	5.5335844166e-01	4.2393389685e+03
9.1364653897e+06	5.5312946335e-01	4.2615491084e+03
9.1364653897e+06	5.5289949786e-01	4.2838490514e+03
9.1364653897e+06	5.5266855795e-01	4.3062384509e+03
9.1364653897e+06	5.5243666074e-01	4.3287169772e+03
9.1364653897e+06	5.5220379081e-01	4.3512841121e+03
9.1364653897e+06	5.5196989571e-01	4.3739401584e+03
9.1364653897e+06	5.5173497524e-01	4.3968746776e+03
9.1364653897e+06	5.5149902191e-01	4.4199580982e+03
9.1364653897e+06	5.5126203485e-01	4.4431312372e+03
9.1364653897e+06	5.5102399839e-01	4.4664059766e+03
9.1364653897e+06	5.5078488559e-01	4.4899142445e+03
9.1364653897e+06	5.5054445656e-01	4.5151075753e+03
9.1364653897e+06	5.5037131468e-01	4.5557840966e+03
9.1364653897e+06	5.5034918812e-01	4.5763427932e+03
9.1364653897e+06	5.5032733557e-01	4.5984766328e+03
9.1364653897e+06	5.5030586151e-01	4.6172379823e+03
9.1364653897e+06	5.5028447289e-01	4.6310640778e+03
9.1364653897e+06	5.5026352062e-01	4.6408139478e+03
9.1364653897e+06	5.5024278905e-01	4.6487179855e+03
9.1364653897e+06	5.5022194055e-01	4.6559662301e+03
9.1364653897e+06	5.5020138305e-01	4.6625864806e+03
9.1364653897e+06	5.5018088774e-01	4.6689705260e+03
9.1364653897e+06	5.5016044641e-01	4.6752332323e+03
9.1364653897e+06	5.5014046766e-01	4.6811381513e+03
9.1364653897e+06	5.5012058326e-01	4.6868642792e+03
9.1364653897e+06	5.5010214446e-01	4.6916724641e+03
9.1364653897e+06	5.5007463753e-01	4.6944217381e+03
9.1364653897e+06	5.5004784392e-01	4.6927385238e+03
9.1364653897e+06	5.5003458209e-01	4.6861534918e+03
9.1364653897e+06	5.5003824399e-01	4.6728701319e+03
9.1364653897e+06	5.5006904594e-01	4.6494404562e+03
9.1364653897e+06	5.5012645034e-01	4.6103167598e+03
9.1364653897e+06	5.5022554816e-01	4.5468878878e+03
9.1364653897e+06	5.5039007423e-01	4.4463714652e+03
9.1364653897e+06	5.5065680559e-01	4.2916214598e+03
9.1364653897e+06	5.5101975033e-01	4.0927911557e+03
9.1364653897e+06	5.5137560927e-01	3.9083008106e+03
9.1364653897e+06	5.5172270793e-01	3.7383664517e+03
9.1364653897e+06	5.5206082126e-01	3.5809873812e+03
9.1314098685e+06	5.5239000274e-01	3.4349907690e+03
9.1314098685e+06	5.5234356387e-01	3.4412037410e+03
9.1314098685e+06	5.5216834686e-01	3.4482076642e+03
9.1314098685e+06	5.5199235588e-01	3.4603886901e+03
9.1314098685e+06	5.5181570008e-01	3.4737698266e+03
9.1314098685e+06	5.5163839967e-01	3.4875720048e+03
9.1314098685e+06	5.5146045953e-01	3.5016154299e+03
9.1314098685e+06	5.5128187656e-01	3.5158461546e+03
9.1314098685e+06	5.5110264919e-01	3.5302417529e+03
9.1314098685e+06	5.5092277434e-01	3.5447897259e+03
9.1314098685e+06	5.5074224994e-01	3.5594813550e+03
9.1314098685e+06	5.5056106976e-01	3.5743102029e+03
9.1314098685e+06	5.5037923295e-01	3.5892705792e+03
9.1314098685e+06	5.5019673175e-01	3.6043581795e+03
9.1314098685e+06	5.5001356712e-01	3.6195685806e+03
9.1314098685e+06	5.4982973076e-01	3.6348985826e+03
9.1314098685e+06	5.4964522023e-01	3.6503448452e+03
9.1314098685e+06	5.4946003136e-01	3.6659044378e+03
9.1314098685e+06	5.4927415989e-01	3.6815746355e+03
9.1314098685e+06	5.4908760147e-01	3.6973528686e+03
9.1314098685e+06	5.4890035405e-01	3.7132364851e+03
9.1314098685e+06	5.4871241096e-01	3.7292232970e+03
9.1314098685e+06	5.4852376442e-01	3.7453112137e+03
9.1314098685e+06	5.4833439825e-01	3.7614978229e+03
9.1314098685e+06	5.4814431801e-01	3.7777809383e+03
9.1314098685e+06	5.4795354803e-01	3.7941582095e+03
9.1314098685e+06	5.4776209094e-01	3.8106282089e+03
9.1314098685e+06	5.4756994786e-01	3.8271890788e+03
9.1314098685e+06	5.4737708029e-01	3.8438394378e+03
9.1314098685e+06	5.4718347088e-01	3.8605794150e+03
9.1314098685e+06	5.4698912005e-01	3.8775070165e+03
9.1314098685e+06	5.4679402183e-01	3.8946197034e+03
9.1314098685e+06	5.4659817257e-01	3.9118280679e+03
9.1314098685e+06	5.4640156879e-01	3.9291368770e+03
9.1314098685e+06	5.4620420664e-01	3.9465533453e+03
9.1314098685e+06	5.4600607073e-01	3.9640887590e+03
9.1314098685e+06	5.4580715642e-01	3.9817569730e+03
9.1314098685e+06	5.4560746660e-01	3.9995751024e+03
9.1314098685e+06	5.4540698562e-01	4.0175660515e+03
9.1314098685e+06	5.4520570527e-01	4.0357560991e+03
9.1314098685e+06	5.4500361717e-01	4.0541750988e+03
9.1314098685e+06	5.4480071292e-01	4.0728554451e+03
9.1314098685e+06	5.4459697853e-01	4.0918310443e+03
9.1314098685e+06	5.4439241783e-01	4.1111331544e+03
9.1314098685e+06	5.4418701787e-01	4.1307912733e+03
9.1314098685e+06	5.4398076804e-01	4.1508290795e+03
9.1314098685e+06	5.4377366502e-01	4.1712618539e+03
9.1314098685e+06	5.4356571226e-01	4.1920950658e+03
9.1314098685e+06	5.4335689511e-01	4.2133263073e+03
9.1314098685e+06	5.4314720500e-01	4.2349424408e+03
9.1314098685e+06	5.4293664261e-01	4.2569223562e+03
9.1314098685e+06	5.4272520751e-01	4.2792400832e+03
9.1314098685e+06	5.4251291365e-01	4.3018646976e+03
9.1314098685e+06	5.4229977208e-01	4.3247648616e+03
9.1314098685e+06	5.4208578491e-01	4.3479096949e+03
9.1314098685e+06	5.4187091960e-01	4.3712709889e+03
9.1314098685e+06	5.4165515774e-01	4.3948228193e+03
9.1314098685e+06	5.4143849148e-01	4.4186228965e+03
9.1314098685e+06	5.4122091774e-01	4.4427595770e+03
9.1314098685e+06	5.4100243812e-01	4.4670364578e+03
9.1314098685e+06	5.4078304295e-01	4.4914432369e+03
9.1314098685e+06	5.4056272561e-01	4.5159720212e+03
9.1314098685e+06	5.4034147936e-01	4.5406172074e+03
9.1314098685e+06	5.4011929726e-01	4.5653749833e+03
9.1314098685e+06	5.3989616943e-01	4.5902431772e+03
9.1314098685e+06	5.3967208969e-01	4.6152201367e+03
9.1314098685e+06	5.3944705726e-01	4.6403042316e+03
9.1314098685e+06	5.3922105757e-01	4.6654957519e+03
9.1314098685e+06	5.3899408587e-01	4.6907940944e+03
9.1314098685e+06	5.3876613707e-01	4.7161987623e+03
9.1314098685e+06	5.3853719879e-01	4.7417100574e+03
9.1314098685e+06	5.3830726577e-01	4.7673274073e+03
9.1314098685e+06	5.3807633251e-01	4.7930501672e+03
9.1314098685e+06	5.3784438591e-01	4.8188784940e+03
9.1314098685e+06	5.3761142196e-01	4.8448123481e+03
9.1314098685e+06	5.3737742891e-01	4.8708628193e+03
9.1314098685e+06	5.3714238145e-01	4.8971565399e+03
9.1314098685e+06	5.3690606967e-01	4.9250890448e+03
9.1314098685e+06	5.3672589815e-01	4.9682556449e+03
9.1314098685e+06	5.3670350177e-01	4.9903477753e+03
9.1314098685e+06	5.3668136200e-01	5.0151286984e+03
9.1314098685e+06	5.3665968733e-01	5.0368249058e+03
9.1314098685e+06	5.3663796723e-01	5.0534879734e+03
9.1314098685e+06	5.3661671317e-01	5.0651006943e+03
9.1314098685e+06	5.3659577583e-01	5.0742882551e+03
9.1314098685e+06	5.3657464437e-01	5.0827195436e+03
9.1314098685e+06	5.3655382050e-01	5.0903862572e+03
9.1314098685e+06	5.3653311886e-01	5.0977095057e+03
9.1314098685e+06	5.3651239136e-01	5.1049439935e+03
9.1314098685e+06	5.3649213664e-01	5.1117717480e+03
9.1314098685e+06	5.3647223340e-01	5.1183748225e+03
9.1314098685e+06	5.3645375112e-01	5.1240267603e+03
9.1314098685e+06	5.3643870420e-01	5.1274039763e+03
9.1314098685e+06	5.3643280802e-01	5.1258318421e+03
9.1314098685e+06	5.3643753345e-01	5.1183815370e+03
9.1314098685e+06	5.3645481370e-01	5.1031829046e+03
9.1314098685e+06	5.3649046127e-01	5.0763485733e+03
9.1314098685e+06	5.3655398107e-01	5.0315873450e+03
9.1314098685e+06	5.3666138699e-01	4.9597530010e+03
9.1314098685e+06	5.3683753382e-01	4.8459965622e+03
9.1314098685e+06	5.3712140798e-01	4.6699263364e+03
9.1314098685e+06	5.3750420593e-01	4.4437398077e+03
9.1314098685e+06	5.3787787854e-01	4.2363445027e+03
9.1314098685e+06	5.3824113084e-01	4.0445626827e+03
9.1314098685e+06	5.3859442109e-01	3.8669607633e+03
9.1283507207e+06	5.3893850778e-01	3.7040071930e+03
9.1283507207e+06	5.3906648318e-01	3.7188904290e+03
9.1283507207e+06	5.3888366723e-01	3.7321313126e+03
9.1283507207e+06	5.3870013688e-01	3.7461957422e+03
9.1283507207e+06	5.3851591697e-01	3.7607763448e+03
9.1283507207e+06	5.3833101457e-01	3.7757458282e+03
9.1283507207e+06	5.3814543443e-01	3.7910315336e+03
9.1283507207e+06	5.3795917524e-01	3.8065871671e+03
9.1283507207e+06	5.3777223629e-01	3.8223807446e+03
9.1283507207e+06	5.3758461379e-01	3.8383891018e+03
9.1283507207e+06	5.3739629226e-01	3.8545948753e+03
9.1283507207e+06	5.3720733281e-01	3.8709844061e+03
9.1283507207e+06	5.3701773027e-01	3.8875468348e+03
9.1283507207e+06	5.3682742409e-01	3.9043116246e+03
9.1283507207e+06	5.3663641669e-01	3.9213880136e+03
9.1283507207e+06	5.3644470566e-01	3.9386181519e+03
9.1283507207e+06	5.3625228831e-01	3.9559966905e+03
9.1283507207e+06	5.3605915887e-01	3.9735191767e+03
9.1283507207e+06	5.3586531596e-01	3.9911812889e+03
9.1283507207e+06	5.3567075204e-01	4.0089796739e+03
9.1283507207e+06	5.3547546785e-01	4.0269105309e+03
9.1283507207e+06	5.3527945158e-01	4.0449714493e+03
9.1283507207e+06	5.3508270578e-01	4.0631588715e+03
9.1283507207e+06	5.3488521849e-01	4.0814707109e+03
9.1283507207e+06	5.3468699214e-01	4.0999036405e+03
9.1283507207e+06	5.3448801562e-01	4.1184556643e+03
9.1283507207e+06	5.3428828929e-01	4.1371237830e+03
9.1283507207e+06	5.3408780115e-01	4.1559062288e+03
9.1283507207e+06	5.3388655196e-01	4.1748001544e+03
9.1283507207e+06	5.3368453508e-01	4.1938035716e+03
9.1283507207e+06	5.3348174843e-01	4.2129143348e+03
9.1283507207e+06	5.3327818039e-01	4.2321316087e+03
9.1283507207e+06	5.3307382549e-01	4.2514545868e+03
9.1283507207e+06	5.3286868201e-01	4.2708829761e+03
9.1283507207e+06	5.3266273618e-01	4.2904179270e+03
9.1283507207e+06	5.3245597904e-01	4.3100626066e+03
9.1283507207e+06	5.3224841905e-01	4.3298220530e+03
9.1283507207e+06	5.3204006425e-01	4.3497039812e+03
9.1283507207e+06	5.3183092602e-01	4.3697193766e+03
9.1283507207e+06	5.3162099012e-01	4.3898831854e+03
9.1283507207e+06	5.3141021296e-01	4.4102151306e+03
9.1283507207e+06	5.3119859035e-01	4.4307386591e+03
9.1283507207e+06	5.3098610538e-01	4.4515426038e+03
9.1283507207e+06	5.3077276559e-01	4.4727701041e+03
9.1283507207e+06	5.3055855572e-01	4.4942905489e+03
9.1283507207e+06	5.3034346263e-01	4.5161421087e+03
9.1283507207e+06	5.3012748090e-01	4.5383614259e+03
9.1283507207e+06	5.2991060454e-01	4.5609818903e+03
9.1283507207e+06	5.2969283266e-01	4.5840303863e+03
9.1283507207e+06	5.2947415294e-01	4.6075266220e+03
9.1283507207e+06	5.2925455992e-01	4.6314794538e+03
9.1283507207e+06	5.2903404885e-01	4.6558867315e+03
9.1283507207e+06	5.2881261021e-01	4.6807362145e+03
9.1283507207e+06	5.2859025018e-01	4.7060046414e+03
9.1283507207e+06	5.2836695964e-01	4.7316633556e+03
9.1283507207e+06	5.2814272906e-01	4.7576792537e+03
9.1283507207e+06	5.2791756075e-01	4.7840160089e+03
9.1283507207e+06	5.2769145258e-01	4.8106383597e+03
9.1283507207e+06	5.2746439542e-01	4.8375140948e+03
9.1283507207e+06	5.2723638371e-01	4.8646141648e+03
9.1283507207e+06	5.2700740063e-01	4.8919143057e+03
9.1283507207e+06	5.2677743949e-01	4.9193940566e+03
9.1283507207e+06	5.2654651849e-01	4.9470363521e+03
9.1283507207e+06	5.2631464562e-01	4.9748300673e+03
9.1283507207e+06	5.2608183039e-01	5.0027655278e+03
9.1283507207e+06	5.2584804644e-01	5.0308360816e+03
9.1283507207e+06	5.2561324578e-01	5.0590383834e+03
9.1283507207e+06	5.2537742573e-01	5.0875070023e+03
9.1283507207e+06	5.2514059057e-01	5.1162774198e+03
9.1283507207e+06	5.2490273009e-01	5.1451763787e+03
9.1283507207e+06	5.2466383637e-01	5.1742033604e+03
9.1283507207e+06	5.2442389868e-01	5.2033583725e+03
9.1283507207e+06	5.2418291426e-01	5.2326405507e+03
9.1283507207e+06	5.2394086975e-01	5.2620503104e+03
9.1283507207e+06	5.2369775947e-01	5.2915870542e+03
9.1283507207e+06	5.2345357438e-01	5.3212505135e+03
9.1283507207e+06	5.2320830735e-01	5.3510405092e+03
9.1283507207e+06	5.2296195045e-01	5.3809619678e+03
9.1283507207e+06	5.2271448251e-01	5.4110779990e+03
9.1283507207e+06	5.2246580646e-01	5.4420850972e+03
9.1283507207e+06	5.2221517481e-01	5.4813955590e+03
9.1283507207e+06	5.2217095480e-01	5.5243133851e+03
9.1283507207e+06	5.2214756493e-01	5.5529514151e+03
9.1283507207e+06	5.2212462741e-01	5.5789470036e+03
9.1283507207e+06	5.2210171142e-01	5.5989208235e+03
9.1283507207e+06	5.2207923429e-01	5.6127919637e+03
9.1283507207e+06	5.2205714410e-01	5.6235405758e+03
9.1283507207e+06	5.2203480193e-01	5.6333647447e+03
9.1283507207e+06	5.2201277987e-01	5.6422661255e+03
9.1283507207e+06	5.2199092626e-01	5.6507185994e+03
9.1283507207e+06	5.2196901209e-01	5.6590968480e+03
9.1283507207e+06	5.2194758173e-01	5.6670121258e+03
9.1283507207e+06	5.2192650597e-01	5.6746773845e+03
9.1283507207e+06	5.2190681486e-01	5.6813328206e+03
9.1283507207e+06	5.2189052496e-01	5.6855256201e+03
9.1283507207e+06	5.2188351607e-01	5.6841370847e+03
9.1283507207e+06	5.2188784442e-01	5.6759954101e+03
9.1283507207e+06	5.2190518797e-01	5.6591377787e+03
9.1283507207e+06	5.2194133658e-01	5.6292721091e+03
9.1283507207e+06	5.2200588816e-01	5.5793767396e+03
9.1283507207e+06	5.2211501925e-01	5.4984871763e+03
9.1283507207e+06	5.2229387405e-01	5.3705366506e+03
9.1283507207e+06	5.2258145717e-01	5.1730104618e+03
9.1283507207e+06	5.2298529105e-01	4.9112399047e+03
9.1283507207e+06	5.2337876156e-01	4.6704075074e+03
9.1283507207e+06	5.2376102942e-01	4.4481566011e+03
9.1283507207e+06	5.2413266423e-01	4.2448090412e+03
9.1250572107e+06	5.2449382170e-01	4.0567468439e+03
9.1250572107e+06	5.2655968646e-01	3.8841557985e+03
9.1250572107e+06	5.2642451331e-01	3.8731346120e+03
9.1250572107e+06	5.2624392716e-01	3.8871825520e+03
9.1250572107e+06	5.2606262692e-01	3.9022315406e+03
9.1250572107e+06	5.2588063623e-01	3.9178980772e+03
9.1250572107e+06	5.2569804684e-01	3.9340148570e+03
9.1250572107e+06	5.2551479814e-01	3.9505986613e+03
9.1250572107e+06	5.2533088224e-01	3.9675701017e+03
9.1250572107e+06	5.2514630091e-01	3.9848105649e+03
9.1250572107e+06	5.2496105055e-01	4.0022929623e+03
9.1250572107e+06	5.2477512940e-01	4.0199969654e+03
9.1250572107e+06	5.2458853559e-01	4.0379069273e+03
9.1250572107e+06	5.2440126235e-01	4.0560109295e+03
9.1250572107e+06	5.2421331073e-01	4.0742986512e+03
9.1250572107e+06	5.2402467306e-01	4.0927623545e+03
9.1250572107e+06	5.2383534834e-01	4.1113949633e+03
9.1250572107e+06	5.2364532927e-01	4.1301910218e+03
9.1250572107e+06	5.2345461329e-01	4.1491453791e+03
9.1250572107e+06	5.2326319586e-01	4.1682536803e+03
9.1250572107e+06	5.2307107470e-01	4.1875118084e+03
9.1250572107e+06	5.2287824338e-01	4.2069164167e+03
9.1250572107e+06	5.2268469733e-01	4.2264642453e+03
9.1250572107e+06	5.2249043193e-01	4.2461522448e+03
9.1250572107e+06	5.2229544247e-01	4.2659775211e+03
9.1250572107e+06	5.2209972419e-01	4.2859372947e+03
9.1250572107e+06	5.2190327227e-01	4.3060288727e+03
9.1250572107e+06	5.2170607908e-01	4.3262499160e+03
9.1250572107e+06	5.2150813781e-01	4.3465976262e+03
9.1250572107e+06	5.2130943800e-01	4.3670692852e+03
9.1250572107e+06	5.2110998711e-01	4.3876631794e+03
9.1250572107e+06	5.2090980747e-01	4.4083771021e+03
9.1250572107e+06	5.2070891223e-01	4.4292089853e+03
9.1250572107e+06	5.2050726699e-01	4.4501576821e+03
9.1250572107e+06	5.2030483779e-01	4.4712234822e+03
9.1250572107e+06	5.2010162155e-01	4.4924593417e+03
9.1250572107e+06	5.1989761781e-01	4.5139985478e+03
9.1250572107e+06	5.1969281795e-01	4.5356655571e+03
9.1250572107e+06	5.1948722315e-01	4.5574669500e+03
9.1250572107e+06	5.1928081879e-01	4.5794141457e+03
9.1250572107e+06	5.1907360161e-01	4.6015213191e+03
9.1250572107e+06	5.1886556301e-01	4.6238077204e+03
9.1250572107e+06	5.1865670155e-01	4.6462966712e+03
9.1250572107e+06	5.1844699488e-01	4.6690187767e+03
9.1250572107e+06	5.1823644874e-01	4.6920062640e+03
9.1250572107e+06	5.1802504748e-01	4.7152974183e+03
9.1250572107e+06	5.1781278889e-01	4.7389312830e+03
9.1250572107e+06	5.1759965991e-01	4.7629481775e+03
9.1250572107e+06	5.1738564820e-01	4.7873857827e+03
9.1250572107e+06	5.1717075579e-01	4.8122746278e+03
9.1250572107e+06	5.1695497165e-01	4.8376386408e+03
9.1250572107e+06	5.1673828558e-01	4.8634913429e+03
9.1250572107e+06	5.1652070062e-01	4.8898330595e+03
9.1250572107e+06	5.1630219768e-01	4.9166541541e+03
9.1250572107e+06	5.1608278032e-01	4.9439339650e+03
9.1250572107e+06	5.1586246341e-01	4.9716434633e+03
9.1250572107e+06	5.1564125551e-01	4.9997487878e+03
9.1250572107e+06	5.1541916623e-01	5.0282114871e+03
9.1250572107e+06	5.1519617904e-01	5.0569939434e+03
9.1250572107e+06	5.1497224418e-01	5.0860619033e+03
9.1250572107e+06	5.1474736572e-01	5.1153828901e+03
9.1250572107e+06	5.1452153641e-01	5.1452186986e+03
9.1250572107e+06	5.1429475221e-01	5.1752985018e+03
9.1250572107e+06	5.1406701024e-01	5.2055669545e+03
9.1250572107e+06	5.1383830714e-01	5.2360095164e+03
9.1250572107e+06	5.1360863230e-01	5.2666162105e+03
9.1250572107e+06	5.1337797516e-01	5.2973800225e+03
9.1250572107e+06	5.1314633481e-01	5.3282949803e+03
9.1250572107e+06	5.1291369734e-01	5.3593586048e+03
9.1250572107e+06	5.1268005820e-01	5.3905684270e+03
9.1250572107e+06	5.1244541250e-01	5.4219228796e+03
9.1250572107e+06	5.1220974928e-01	5.4534218116e+03
9.1250572107e+06	5.1197305796e-01	5.4850651694e+03
9.1250572107e+06	5.1173533321e-01	5.5168524411e+03
9.1250572107e+06	5.1149656686e-01	5.5487834822e+03
9.1250572107e+06	5.1125675319e-01	5.5808577492e+03
9.1250572107e+06	5.1101588129e-01	5.6130753527e+03
9.1250572107e+06	5.1077394266e-01	5.6454368214e+03
9.1250572107e+06	5.1053092388e-01	5.6779532895e+03
9.1250572107e+06	5.1028680103e-01	5.7107474232e+03
9.1250572107e+06	5.1004141045e-01	5.7451881854e+03
9.1250572107e+06	5.0983875119e-01	5.7950835098e+03
9.1250572107e+06	5.0981317350e-01	5.8248088459e+03
9.1250572107e+06	5.0978946344e-01	5.8560805447e+03
9.1250572107e+06	5.0976621068e-01	5.8845787643e+03
9.1250572107e+06	5.0974292238e-01	5.9064384293e+03
9.1250572107e+06	5.0972010159e-01	5.9216097178e+03
9.1250572107e+06	5.0969764358e-01	5.9334733801e+03
9.1250572107e+06	5.0967495790e-01	5.9443195001e+03
9.1250572107e+06	5.0965261495e-01	5.9541647522e+03
9.1250572107e+06	5.0963038785e-01	5.9635832203e+03
9.1250572107e+06	5.0960815484e-01	5.9728648215e+03
9.1250572107e+06	5.0958644651e-01	5.9816276187e+03
9.1250572107e+06	5.0956508206e-01	5.9901440966e+03
9.1250572107e+06	5.0954537771e-01	5.9973707886e+03
9.1250572107e+06	5.0952963365e-01	6.0015798945e+03
9.1250572107e+06	5.0952438436e-01	5.9994859692e+03
9.1250572107e+06	5.0952987864e-01	5.9903526467e+03
9.1250572107e+06	5.0954858099e-01	5.9717725478e+03
9.1250572107e+06	5.0958661498e-01	5.9389778238e+03
9.1250572107e+06	5.0965408080e-01	5.8842652847e+03
9.1250572107e+06	5.0976778023e-01	5.7962429886e+03
9.1250572107e+06	5.0995372498e-01	5.6579230935e+03
9.1250572107e+06	5.1025189159e-01	5.4449289352e+03
9.1250572107e+06	5.1064979912e-01	5.1741587203e+03
9.1250572107e+06	5.1105356825e-01	4.9161531266e+03
9.1250572107e+06	5.1144551009e-01	4.6786019496e+03
9.1219880526e+06	5.1182618874e-01	4.4600605910e+03
9.1219880526e+06	5.1427681478e-01	4.2615523847e+03
9.1219880526e+06	5.1465091677e-01	4.0676441262e+03
9.1219880526e+06	5.1501463557e-01	3.8893644409e+03
9.1219880526e+06	5.1536849551e-01	3.7249776775e+03
9.1219880526e+06	5.1571268176e-01	3.5723435424e+03
9.1219880526e+06	5.1604289561e-01	3.4314971265e+03
9.0899692526e+06	5.1636182930e-01	3.3042817601e+03
9.0899692526e+06	5.0489661086e-01	3.3024569337e+03
9.0899692526e+06	5.0469500868e-01	3.3022340398e+03
9.0899692526e+06	5.0449208516e-01	3.3084603870e+03
9.0899692526e+06	5.0428827101e-01	3.3201459807e+03
9.0899692526e+06	5.0408364391e-01	3.3340276194e+03
9.0899692526e+06	5.0387822549e-01	3.3488168348e+03
9.0899692526e+06	5.0367203169e-01	3.3640377467e+03
9.0899692526e+06	5.0346505730e-01	3.3795080534e+03
9.0899692526e+06	5.0325730397e-01	3.3951535485e+03
9.0899692526e+06	5.0304876541e-01	3.4109427275e+03
9.0899692526e+06	5.0283940793e-01	3.4268610189e+03
9.0899692526e+06	5.0262814312e-01	3.4429041588e+03
9.0899692526e+06	5.0241607529e-01	3.4590643030e+03
9.0899692526e+06	5.0220323664e-01	3.4753380798e+03
9.0899692526e+06	5.0198964309e-01	3.4917234455e+03
9.0899692526e+06	5.0177525546e-01	3.5082178281e+03
9.0899692526e+06	5.0156004410e-01	3.5248198038e+03
9.0899692526e+06	5.0134400431e-01	3.5416736134e+03
9.0899692526e+06	5.0112712658e-01	3.5586732687e+03
9.0899692526e+06	5.0090941598e-01	3.5757772168e+03
9.0899692526e+06	5.0069085743e-01	3.5929851564e+03
9.0899692526e+06	5.0047144852e-01	3.6102962859e+03
9.0899692526e+06	5.0025118307e-01	3.6277108304e+03
9.0899692526e+06	5.0003005468e-01	3.6452300413e+03
9.0899692526e+06	4.9980806101e-01	3.6628562087e+03
9.0899692526e+06	4.9958518674e-01	3.6805944373e+03
9.0899692526e+06	4.9936142887e-01	3.6984510946e+03
9.0899692526e+06	4.9913677994e-01	3.7164356455e+03
9.0899692526e+06	4.9891122801e-01	3.7345611890e+03
9.0899692526e+06	4.9868477750e-01	3.7528431649e+03
9.0899692526e+06	4.9845740141e-01	3.7713034660e+03
9.0899692526e+06	4.9822910214e-01	3.7899654673e+03
9.0899692526e+06	4.9799987670e-01	3.8088564719e+03
9.0899692526e+06	4.9776970150e-01	3.8280079298e+03
9.0899692526e+06	4.9753855833e-01	3.8474512085e+03
9.0899692526e+06	4.9730644646e-01	3.8672171526e+03
9.0899692526e+06	4.9707338628e-01	3.8873326710e+03
9.0899692526e+06	4.9683938299e-01	3.9078212428e+03
9.0899692526e+06	4.9660443601e-01	3.9286988619e+03
9.0899692526e+06	4.9636853151e-01	3.9499720452e+03
9.0899692526e+06	4.9613162438e-01	3.9716387938e+03
9.0899692526e+06	4.9589371289e-01	3.9936880252e+03
9.0899692526e+06	4.9565479563e-01	4.0162687481e+03
9.0899692526e+06	4.9541486870e-01	4.0392775981e+03
9.0899692526e+06	4.9517392702e-01	4.0626024489e+03
9.0899692526e+06	4.9493196517e-01	4.0862137212e+03
9.0899692526e+06	4.9468897729e-01	4.1100825766e+03
9.0899692526e+06	4.9444495284e-01	4.1341827039e+03
9.0899692526e+06	4.9419989404e-01	4.1584896463e+03
9.0899692526e+06	4.9395378535e-01	4.1829843822e+03
9.0899692526e+06	4.9370662789e-01	4.2076499216e+03
9.0899692526e+06	4.9345840990e-01	4.2324740541e+03
9.0899692526e+06	4.9320912357e-01	4.2574472689e+03
9.0899692526e+06	4.9295875588e-01	4.2825631743e+03
9.0899692526e+06	4.9270730486e-01	4.3078163644e+03
9.0899692526e+06	4.9245476456e-01	4.3332034402e+03
9.0899692526e+06	4.9220111930e-01	4.3587231667e+03
9.0899692526e+06	4.9194636141e-01	4.3843743361e+03
9.0899692526e+06	4.9169048346e-01	4.4101558759e+03
9.0899692526e+06	4.9143346643e-01	4.4360678574e+03
9.0899692526e+06	4.9117533416e-01	4.4621098355e+03
9.0899692526e+06	4.9091610503e-01	4.4882823394e+03
9.0899692526e+06	4.9065577333e-01	4.5145847541e+03
9.0899692526e+06	4.9039426496e-01	4.5410179493e+03
9.0899692526e+06	4.9013157900e-01	4.5678034748e+03
9.0899692526e+06	4.8986771075e-01	4.5947890614e+03
9.0899692526e+06	4.8960264786e-01	4.6219097667e+03
9.0899692526e+06	4.8933638218e-01	4.6491895115e+03
9.0899692526e+06	4.8906885954e-01	4.6769047916e+03
9.0899692526e+06	4.8879969794e-01	4.7080761879e+03
9.0899692526e+06	4.8866708412e-01	4.7576816202e+03
9.0899692526e+06	4.8864170703e-01	4.7826698685e+03
9.0899692526e+06	4.8861680348e-01	4.8053249720e+03
9.0899692526e+06	4.8859185759e-01	4.8227851891e+03
9.0899692526e+06	4.8856735724e-01	4.8350963568e+03
9.0899692526e+06	4.8854321451e-01	4.8448600256e+03
9.0899692526e+06	4.8851882845e-01	4.8538419100e+03
9.0899692526e+06	4.8849480254e-01	4.8620308140e+03
9.0899692526e+06	4.8847087178e-01	4.8699077672e+03
9.0899692526e+06	4.8844696550e-01	4.8776634871e+03
9.0899692526e+06	4.8842360223e-01	4.8850030712e+03
9.0899692526e+06	4.8840054328e-01	4.8921928603e+03
9.0899692526e+06	4.8837922236e-01	4.8983182054e+03
9.0899692526e+06	4.8836193958e-01	4.9020281554e+03
9.0899692526e+06	4.8835591376e-01	4.9009658256e+03
9.0899692526e+06	4.8835899961e-01	4.8951358639e+03
9.0899692526e+06	4.8837370094e-01	4.8827459424e+03
9.0899692526e+06	4.8840555580e-01	4.8604253304e+03
9.0899692526e+06	4.8846353933e-01	4.8227261198e+03
9.0899692526e+06	4.8856258972e-01	4.7612023236e+03
9.0899692526e+06	4.8872627440e-01	4.6632197402e+03
9.0899692526e+06	4.8899137576e-01	4.5113576843e+03
9.0899692526e+06	4.8934686285e-01	4.3187472768e+03
9.0899692526e+06	4.8969460281e-01	4.1392151941e+03
9.0899692526e+06	4.9003334428e-01	3.9725852458e+03
9.0899692526e+06	4.9036365669e-01	3.8185244702e+03
9.0899692526e+06	4.9068552172e-01	3.6747024239e+03
9.0899692526e+06	4.9099823473e-01	3.5405365305e+03
9.0899692526e+06	4.9129695859e-01	3.4162528231e+03
9.0899692526e+06	4.9158833998e-01	3.2998086565e+03
9.0899692526e+06	4.9183877593e-01	3.1906409634e+03
9.0899692526e+06	4.9200109366e-01	3.0891788990e+03
9.0899692526e+06	4.9210732955e-01	2.9941635181e+03
9.0686249405e+06	4.9218209261e-01	2.9071051648e+03
9.0686249405e+06	4.8770143665e-01	2.9137342049e+03
9.0686249405e+06	4.8753085597e-01	2.9137048856e+03
9.0686249405e+06	4.8735509100e-01	2.9136021887e+03
9.0686249405e+06	4.8717677087e-01	2.9179517051e+03
9.0686249405e+06	4.8699676840e-01	2.9263645886e+03
9.0686249405e+06	4.8681545245e-01	2.9372341326e+03
9.0686249405e+06	4.8662767053e-01	2.9495144735e+03
9.0686249405e+06	4.8643871174e-01	2.9626014515e+03
9.0686249405e+06	4.8624884507e-01	2.9761779530e+03
9.0686249405e+06	4.8605808812e-01	2.9900755228e+03
9.0686249405e+06	4.8586640901e-01	3.0042061966e+03
9.0686249405e+06	4.8566855195e-01	3.0185427585e+03
9.0686249405e+06	4.8546980951e-01	3.0330530053e+03
9.0686249405e+06	4.8527016344e-01	3.0477368382e+03
9.0686249405e+06	4.8506881928e-01	3.0626061105e+03
9.0686249405e+06	4.8485773415e-01	3.0777027131e+03
9.0686249405e+06	4.8464504429e-01	3.0930216537e+03
9.0686249405e+06	4.8443145898e-01	3.1085826467e+03
9.0686249405e+06	4.8421349995e-01	3.1244183737e+03
9.0686249405e+06	4.8399184488e-01	3.1405457027e+03
9.0686249405e+06	4.8376928929e-01	3.1569713173e+03
9.0686249405e+06	4.8354580797e-01	3.1737049230e+03
9.0686249405e+06	4.8332140522e-01	3.1908211493e+03
9.0686249405e+06	4.8309606730e-01	3.2083650397e+03
9.0686249405e+06	4.8286979931e-01	3.2262074721e+03
9.0686249405e+06	4.8264258630e-01	3.2443330272e+03
9.0686249405e+06	4.8241443008e-01	3.2627212418e+03
9.0686249405e+06	4.8218532502e-01	3.2813503256e+03
9.0686249405e+06	4.8195527043e-01	3.3001978335e+03
9.0686249405e+06	4.8172425622e-01	3.3192431759e+03
9.0686249405e+06	4.8149227669e-01	3.3384674015e+03
9.0686249405e+06	4.8125931876e-01	3.3578547936e+03
9.0686249405e+06	4.8102538915e-01	3.3773908078e+03
9.0686249405e+06	4.8079047035e-01	3.3970656689e+03
9.0686249405e+06	4.8055456073e-01	3.4168707850e+03
9.0686249405e+06	4.8031764972e-01	3.4368004627e+03
9.0686249405e+06	4.8007973484e-01	3.4568500991e+03
9.0686249405e+06	4.7984080217e-01	3.4770172401e+03
9.0686249405e+06	4.7960083186e-01	3.4973002047e+03
9.0686249405e+06	4.7935983362e-01	3.5176982503e+03
9.0686249405e+06	4.7911784225e-01	3.5382102454e+03
9.0686249405e+06	4.7887486460e-01	3.5588366670e+03
9.0686249405e+06	4.7863084294e-01	3.5795770115e+03
9.0686249405e+06	4.7838575331e-01	3.6005346987e+03
9.0686249405e+06	4.7813959032e-01	3.6217374293e+03
9.0686249405e+06	4.7789234078e-01	3.6430579325e+03
9.0686249405e+06	4.7764400641e-01	3.6644953865e+03
9.0686249405e+06	4.7739457314e-01	3.6860501864e+03
9.0686249405e+06	4.7714403214e-01	3.7077221998e+03
9.0686249405e+06	4.7689236982e-01	3.7295118267e+03
9.0686249405e+06	4.7663958572e-01	3.7514206863e+03
9.0686249405e+06	4.7638566065e-01	3.7734792697e+03
9.0686249405e+06	4.7613052591e-01	3.7960262584e+03
9.0686249405e+06	4.7587365050e-01	3.8227197662e+03
9.0686249405e+06	4.7579416100e-01	3.8558927342e+03
9.0686249405e+06	4.7576887242e-01	3.8749981098e+03
9.0686249405e+06	4.7574407796e-01	3.8919483852e+03
9.0686249405e+06	4.7571914740e-01	3.9050535424e+03
9.0686249405e+06	4.7569470315e-01	3.9145192411e+03
9.0686249405e+06	4.7567056259e-01	3.9222695426e+03
9.0686249405e+06	4.7564621766e-01	3.9294578784e+03
9.0686249405e+06	4.7562225159e-01	3.9360651028e+03
9.0686249405e+06	4.7559830169e-01	3.9424957077e+03
9.0686249405e+06	4.7557445451e-01	3.9487980296e+03
9.0686249405e+06	4.7555115522e-01	3.9547875061e+03
9.0686249405e+06	4.7552812576e-01	3.9606784326e+03
9.0686249405e+06	4.7550703407e-01	3.9656525427e+03
9.0686249405e+06	4.7549034086e-01	3.9686077701e+03
9.0686249405e+06	4.7548545836e-01	3.9675771136e+03
9.0686249405e+06	4.7549002616e-01	3.9626501170e+03
9.0686249405e+06	4.7550699012e-01	3.9523247240e+03
9.0686249405e+06	4.7554209406e-01	3.9338176053e+03
9.0686249405e+06	4.7560509539e-01	3.9026588889e+03
9.0686249405e+06	4.7571197240e-01	3.8519273006e+03
9.0686249405e+06	4.7588786635e-01	3.7713776050e+03
9.0686249405e+06	4.7617145904e-01	3.6467452884e+03
9.0686249405e+06	4.7647423479e-01	3.5204667222e+03
9.0686249405e+06	4.7677120301e-01	3.4023277468e+03
9.0686249405e+06	4.7706143063e-01	3.2913644451e+03
9.0664631839e+06	4.7730004046e-01	3.1876241580e+03
9.0664631839e+06	4.7768279453e-01	3.0925295749e+03
9.0664631839e+06	4.7766967900e-01	3.0081860040e+03
9.0664631839e+06	4.7750003464e-01	3.0201392635e+03
9.0664631839e+06	4.7732929681e-01	3.0327637279e+03
9.0664631839e+06	4.7715763607e-01	3.0458394004e+03
9.0664631839e+06	4.7697919182e-01	3.0592706696e+03
9.0664631839e+06	4.7679989971e-01	3.0729760492e+03
9.0664631839e+06	4.7661984039e-01	3.0869164890e+03
9.0664631839e+06	4.7643902004e-01	3.1010661979e+03
9.0664631839e+06	4.7625523564e-01	3.1154138251e+03
9.0664631839e+06	4.7606716961e-01	3.1299500817e+03
9.0664631839e+06	4.7587836586e-01	3.1446531333e+03
9.0664631839e+06	4.7568853067e-01	3.1595156866e+03
9.0664631839e+06	4.7549025426e-01	3.1745555625e+03
9.0664631839e+06	4.7528809835e-01	3.1897525514e+03
9.0664631839e+06	4.7508528607e-01	3.2050917661e+03
9.0664631839e+06	4.7488173809e-01	3.2205959419e+03
9.0664631839e+06	4.7467745190e-01	3.2363846204e+03
9.0664631839e+06	4.7447241776e-01	3.2523086862e+03
9.0664631839e+06	4.7426663280e-01	3.2683655763e+03
9.0664631839e+06	4.7406009468e-01	3.2845528523e+03
9.0664631839e+06	4.7385279596e-01	3.3008686573e+03
9.0664631839e+06	4.7364472880e-01	3.3173112985e+03
9.0664631839e+06	4.7343589346e-01	3.3338785356e+03
9.0664631839e+06	4.7322627659e-01	3.3505692733e+03
9.0664631839e+06	4.7301588370e-01	3.3673809608e+03
9.0664631839e+06	4.7280470406e-01	3.3843123820e+03
9.0664631839e+06	4.7259273224e-01	3.4013619425e+03
9.0664631839e+06	4.7237996275e-01	3.4185281243e+03
9.0664631839e+06	4.7216638646e-01	3.4358098199e+03
9.0664631839e+06	4.7195200116e-01	3.4532055492e+03
9.0664631839e+06	4.7173680108e-01	3.4707144144e+03
9.0664631839e+06	4.7152078434e-01	3.4883356495e+03
9.0664631839e+06	4.7130392806e-01	3.5060704580e+03
9.0664631839e+06	4.7108622881e-01	3.5239192094e+03
9.0664631839e+06	4.7086770330e-01	3.5418842030e+03
9.0664631839e+06	4.7064837928e-01	3.5599691824e+03
9.0664631839e+06	4.7042826066e-01	3.5781806116e+03
9.0664631839e+06	4.7020729482e-01	3.5965277293e+03
9.0664631839e+06	4.6998545890e-01	3.6150222371e+03
9.0664631839e+06	4.6976274336e-01	3.6337483281e+03
9.0664631839e+06	4.6953914598e-01	3.6527963183e+03
9.0664631839e+06	4.6931466180e-01	3.6720519574e+03
9.0664631839e+06	4.6908927696e-01	3.6915424259e+03
9.0664631839e+06	4.6886298262e-01	3.7112970608e+03
9.0664631839e+06	4.6863577003e-01	3.7313465522e+03
9.0664631839e+06	4.6840762541e-01	3.7517215986e+03
9.0664631839e+06	4.6817855141e-01	3.7724488318e+03
9.0664631839e+06	4.6794853544e-01	3.7935514247e+03
9.0664631839e+06	4.6771757071e-01	3.8150452128e+03
9.0664631839e+06	4.6748565121e-01	3.8369376657e+03
9.0664631839e+06	4.6725276615e-01	3.8592277814e+03
9.0664631839e+06	4.6701891563e-01	3.8819048790e+03
9.0664631839e+06	4.6678409153e-01	3.9049516104e+03
9.0664631839e+06	4.6654830007e-01	3.9283435765e+03
9.0664631839e+06	4.6631151211e-01	3.9520553940e+03
9.0664631839e+06	4.6607373318e-01	3.9760586006e+03
9.0664631839e+06	4.6583498989e-01	4.0003254121e+03
9.0664631839e+06	4.6559529947e-01	4.0248310702e+03
9.0664631839e+06	4.6535466264e-01	4.0495534678e+03
9.0664631839e+06	4.6511301157e-01	4.0744743342e+03
9.0664631839e+06	4.6487033206e-01	4.0995792337e+03
9.0664631839e+06	4.6462661726e-01	4.1251266882e+03
9.0664631839e+06	4.6438187363e-01	4.1508542843e+03
9.0664631839e+06	4.6413608919e-01	4.1767426381e+03
9.0664631839e+06	4.6388925591e-01	4.2027875092e+03
9.0664631839e+06	4.6364136560e-01	4.2289861924e+03
9.0664631839e+06	4.6339240995e-01	4.2553371036e+03
9.0664631839e+06	4.6314238053e-01	4.2818394421e+03
9.0664631839e+06	4.6289126546e-01	4.3084932745e+03
9.0664631839e+06	4.6263905924e-01	4.3352982807e+03
9.0664631839e+06	4.6238575319e-01	4.3622546208e+03
9.0664631839e+06	4.6213134243e-01	4.3893620791e+03
9.0664631839e+06	4.6187581433e-01	4.4166212270e+03
9.0664631839e+06	4.6161915700e-01	4.4440324715e+03
9.0664631839e+06	4.6136136395e-01	4.4715955571e+03
9.0664631839e+06	4.6110242672e-01	4.4993106205e+03
9.0664631839e+06	4.6084233750e-01	4.5271810468e+03
9.0664631839e+06	4.6058106576e-01	4.5552502734e+03
9.0664631839e+06	4.6031858136e-01	4.5839999158e+03
9.0664631839e+06	4.6005438211e-01	4.6186457410e+03
9.0664631839e+06	4.5998733054e-01	4.6585047823e+03
9.0664631839e+06	4.5996112460e-01	4.6837529067e+03
9.0664631839e+06	4.5993540952e-01	4.7063284213e+03
9.0664631839e+06	4.5990955310e-01	4.7236907259e+03
9.0664631839e+06	4.5988421711e-01	4.7361042264e+03
9.0664631839e+06	4.5985913973e-01	4.7462739760e+03
9.0664631839e+06	4.5983391149e-01	4.7556436957e+03
9.0664631839e+06	4.5980908215e-01	4.7642540003e+03
9.0664631839e+06	4.5978419142e-01	4.7726893476e+03
9.0664631839e+06	4.5975950194e-01	4.7808925821e+03
9.0664631839e+06	4.5973531835e-01	4.7887407812e+03
9.0664631839e+06	4.5971163010e-01	4.7963327280e+03
9.0664631839e+06	4.5969022601e-01	4.8025785345e+03
9.0664631839e+06	4.5967424740e-01	4.8057149965e+03
9.0664631839e+06	4.5967151642e-01	4.8030834673e+03
9.0664631839e+06	4.5967997530e-01	4.7946085492e+03
9.0664631839e+06	4.5970357293e-01	4.7779131560e+03
9.0664631839e+06	4.5974922608e-01	4.7487192930e+03
9.0664631839e+06	4.5982915897e-01	4.7002236907e+03
9.0664631839e+06	4.5996301902e-01	4.6223440107e+03
9.0664631839e+06	4.6018182816e-01	4.5007666829e+03
9.0664631839e+06	4.6052049531e-01	4.3206844009e+03
9.0664631839e+06	4.6085302501e-01	4.1521016753e+03
9.0664631839e+06	4.6117827430e-01	3.9959973283e+03
9.0664631839e+06	4.6149558778e-01	3.8505030032e+03
9.0664631839e+06	4.6180501042e-01	3.7143990104e+03
9.0664631839e+06	4.6210702718e-01	3.5877687139e+03
9.0664631839e+06	4.6240199697e-01	3.4696532817e+03
9.0664631839e+06	4.6268997397e-01	3.3587326549e+03
9.0664631839e+06	4.6296458171e-01	3.2545343521e+03
9.0528323530e+06	4.6316450878e-01	3.1593933657e+03
9.0528323530e+06	4.5948863944e-01	3.1723364509e+03
9.0528323530e+06	4.5929089621e-01	3.1719286007e+03
9.0528323530e+06	4.5908598231e-01	3.1772159088e+03
9.0528323530e+06	4.5888000621e-01	3.1883769490e+03
9.0528323530e+06	4.5867038649e-01	3.2023423309e+03
9.0528323530e+06	4.5845814397e-01	3.2175866456e+03
9.0528323530e+06	4.5824515332e-01	3.2334546372e+03
9.0528323530e+06	4.5803143268e-01	3.2496682265e+03
9.0528323530e+06	4.5781692331e-01	3.2661044896e+03
9.0528323530e+06	4.5760160716e-01	3.2827484962e+03
9.0528323530e+06	4.5738547687e-01	3.2996796961e+03
9.0528323530e+06	4.5716852736e-01	3.3167414380e+03
9.0528323530e+06	4.5695075297e-01	3.3339271987e+03
9.0528323530e+06	4.5673214788e-01	3.3512335404e+03
9.0528323530e+06	4.5651270193e-01	3.3686591529e+03
9.0528323530e+06	4.5629240926e-01	3.3862036530e+03
9.0528323530e+06	4.5607127542e-01	3.4038669298e+03
9.0528323530e+06	4.5584928131e-01	3.4216521679e+03
9.0528323530e+06	4.5562642459e-01	3.4395628473e+03
9.0528323530e+06	4.5540270307e-01	3.4576044666e+03
9.0528323530e+06	4.5517810466e-01	3.4757857444e+03
9.0528323530e+06	4.5495261452e-01	3.4941186138e+03
9.0528323530e+06	4.5472622877e-01	3.5126174677e+03
9.0528323530e+06	4.5449895184e-01	3.5312995911e+03
9.0528323530e+06	4.5427075357e-01	3.5501883025e+03
9.0528323530e+06	4.5404162247e-01	3.5693089203e+03
9.0528323530e+06	4.5381157853e-01	3.5886887126e+03
9.0528323530e+06	4.5358063728e-01	3.6083570284e+03
9.0528323530e+06	4.5334881507e-01	3.6283422983e+03
9.0528323530e+06	4.5311606061e-01	3.6486724503e+03
9.0528323530e+06	4.5288234621e-01	3.6693682849e+03
9.0528323530e+06	4.5264766713e-01	3.6904517240e+03
9.0528323530e+06	4.5241200730e-01	3.7121556681e+03
9.0528323530e+06	4.5217537333e-01	3.7342526313e+03
9.0528323530e+06	4.5193774881e-01	3.7567342769e+03
9.0528323530e+06	4.5169913337e-01	3.7795834675e+03
9.0528323530e+06	4.5145952825e-01	3.8027774699e+03
9.0528323530e+06	4.5121891698e-01	3.8262919424e+03
9.0528323530e+06	4.5097730381e-01	3.8500993158e+03
9.0528323530e+06	4.5073467357e-01	3.8741746050e+03
9.0528323530e+06	4.5049102195e-01	3.8984937468e+03
9.0528323530e+06	4.5024635210e-01	3.9230348331e+03
9.0528323530e+06	4.5000064963e-01	3.9477811095e+03
9.0528323530e+06	4.4975390268e-01	3.9727189707e+03
9.0528323530e+06	4.4950611255e-01	3.9978366771e+03
9.0528323530e+06	4.4925726468e-01	4.0231266788e+03
9.0528323530e+06	4.4900733758e-01	4.0485837713e+03
9.0528323530e+06	4.4875635764e-01	4.0742032409e+03
9.0528323530e+06	4.4850435970e-01	4.0999829688e+03
9.0528323530e+06	4.4825133426e-01	4.1259216507e+03
9.0528323530e+06	4.4799720201e-01	4.1520191297e+03
9.0528323530e+06	4.4774195004e-01	4.1784312846e+03
9.0528323530e+06	4.4748558261e-01	4.2051427701e+03
9.0528323530e+06	4.4722809127e-01	4.2320169456e+03
9.0528323530e+06	4.4696946382e-01	4.2590545460e+03
9.0528323530e+06	4.4670969568e-01	4.2862554083e+03
9.0528323530e+06	4.4644877497e-01	4.3136200614e+03
9.0528323530e+06	4.4618669364e-01	4.3411485588e+03
9.0528323530e+06	4.4592344498e-01	4.3688410823e+03
9.0528323530e+06	4.4565901593e-01	4.3967027566e+03
9.0528323530e+06	4.4539338916e-01	4.4247884844e+03
9.0528323530e+06	4.4512647306e-01	4.4537163886e+03
9.0528323530e+06	4.4485917425e-01	4.4900862736e+03
9.0528323530e+06	4.4482050667e-01	4.5236149925e+03
9.0528323530e+06	4.4479343272e-01	4.5482700005e+03
9.0528323530e+06	4.4476683429e-01	4.5702979965e+03
9.0528323530e+06	4.4474012981e-01	4.5871620838e+03
9.0528323530e+06	4.4471396962e-01	4.5993187857e+03
9.0528323530e+06	4.4468801413e-01	4.6094105541e+03
9.0528323530e+06	4.4466195521e-01	4.6187043177e+03
9.0528323530e+06	4.4463631822e-01	4.6272717560e+03
9.0528323530e+06	4.4461054544e-01	4.6357359445e+03
9.0528323530e+06	4.4458508187e-01	4.6439172618e+03
9.0528323530e+06	4.4456005396e-01	4.6518136249e+03
9.0528323530e+06	4.4453568209e-01	4.6593669128e+03
9.0528323530e+06	4.4451381124e-01	4.6655274903e+03
9.0528323530e+06	4.4449825807e-01	4.6683296347e+03
9.0528323530e+06	4.4449670090e-01	4.6652032040e+03
9.0528323530e+06	4.4450744036e-01	4.6559849817e+03
9.0528323530e+06	4.4453470826e-01	4.6381564817e+03
9.0528323530e+06	4.4458634571e-01	4.6072279381e+03
9.0528323530e+06	4.4467589014e-01	4.5561157692e+03
9.0528323530e+06	4.4482498333e-01	4.4740718094e+03
9.0528323530e+06	4.4506756903e-01	4.3456854726e+03
9.0528323530e+06	4.4538947817e-01	4.1825944726e+03
9.0528323530e+06	4.4570603766e-01	4.0312716522e+03
9.0528323530e+06	4.4601536133e-01	3.8896407024e+03
9.0528323530e+06	4.4631696279e-01	3.7570373640e+03
9.0528323530e+06	4.4661174189e-01	3.6335805470e+03
9.0528323530e+06	4.4689973781e-01	3.5181019574e+03
9.0528323530e+06	4.4718096740e-01	3.4095497667e+03
9.0528323530e+06	4.4745352734e-01	3.3075258233e+03
9.0528323530e+06	4.4768076800e-01	3.2125229331e+03
9.0528323530e+06	4.4786849168e-01	3.1230376179e+03
9.0528323530e+06	4.4802433646e-01	3.0386301050e+03
9.0336226681e+06	4.4814902121e-01	2.9615448986e+03
9.0336226681e+06	4.4166564659e-01	2.9797199344e+03
9.0336226681e+06	4.4147313740e-01	2.9802096790e+03
9.0336226681e+06	4.4127823307e-01	2.9879001729e+03
9.0336226681e+06	4.4108193616e-01	3.0000830272e+03
9.0336226681e+06	4.4088458478e-01	3.0142172983e+03
9.0336226681e+06	4.4068632495e-01	3.0291187564e+03
9.0336226681e+06	4.4048482651e-01	3.0444057611e+03
9.0336226681e+06	4.4027864217e-01	3.0599347797e+03
9.0336226681e+06	4.4007164082e-01	3.0756305847e+03
9.0336226681e+06	4.3986382122e-01	3.0914682094e+03
9.0336226681e+06	4.3965517081e-01	3.1074372688e+03
9.0336226681e+06	4.3944461136e-01	3.1235363123e+03
9.0336226681e+06	4.3922807108e-01	3.1397787276e+03
9.0336226681e+06	4.3901069769e-01	3.1561419077e+03
9.0336226681e+06	4.3879248724e-01	3.1726244077e+03
9.0336226681e+06	4.3857342400e-01	3.1892260620e+03
9.0336226681e+06	4.3835350927e-01	3.2059458074e+03
9.0336226681e+06	4.3813273562e-01	3.2227837377e+03
9.0336226681e+06	4.3791093264e-01	3.2397415292e+03
9.0336226681e+06	4.3768522196e-01	3.2568315463e+03
9.0336226681e+06	4.3745861776e-01	3.2740454508e+03
9.0336226681e+06	4.3723117704e-01	3.2913868404e+03
9.0336226681e+06	4.3700290662e-01	3.3088630696e+03
9.0336226681e+06	4.3677377767e-01	3.3264823547e+03
9.0336226681e+06	4.3654373812e-01	3.3442575425e+03
9.0336226681e+06	4.3631277340e-01	3.3622774102e+03
9.0336226681e+06	4.3608088685e-01	3.3806151459e+03
9.0336226681e+06	4.3584805818e-01	3.3991688584e+03
9.0336226681e+06	4.3561428351e-01	3.4179633641e+03
9.0336226681e+06	4.3537955913e-01	3.4370252694e+03
9.0336226681e+06	4.3514387010e-01	3.4563825800e+03
9.0336226681e+06	4.3490720099e-01	3.4760620868e+03
9.0336226681e+06	4.3466955634e-01	3.4960856044e+03
9.0336226681e+06	4.3443092195e-01	3.5164712672e+03
9.0336226681e+06	4.3419129090e-01	3.5372297564e+03
9.0336226681e+06	4.3395065682e-01	3.5583638993e+03
9.0336226681e+06	4.3370900824e-01	3.5798690445e+03
9.0336226681e+06	4.3346635100e-01	3.6017317728e+03
9.0336226681e+06	4.3322267085e-01	3.6239343748e+03
9.0336226681e+06	4.3297794931e-01	3.6464552445e+03
9.0336226681e+06	4.3273221618e-01	3.6692691873e+03
9.0336226681e+06	4.3248549348e-01	3.6923524693e+03
9.0336226681e+06	4.3223779670e-01	3.7156827806e+03
9.0336226681e+06	4.3198907726e-01	3.7392391403e+03
9.0336226681e+06	4.3173929794e-01	3.7630052594e+03
9.0336226681e+06	4.3148845230e-01	3.7871834988e+03
9.0336226681e+06	4.3123653135e-01	3.8115978044e+03
9.0336226681e+06	4.3098352780e-01	3.8361926958e+03
9.0336226681e+06	4.3072943680e-01	3.8609619869e+03
9.0336226681e+06	4.3047425468e-01	3.8859012529e+03
9.0336226681e+06	4.3021797251e-01	3.9110080517e+03
9.0336226681e+06	4.2996057728e-01	3.9362814271e+03
9.0336226681e+06	4.2970206005e-01	3.9617207928e+03
9.0336226681e+06	4.2944241173e-01	3.9873260825e+03
9.0336226681e+06	4.2918162312e-01	4.0130975482e+03
9.0336226681e+06	4.2891968494e-01	4.0390356113e+03
9.0336226681e+06	4.2865658777e-01	4.0651407557e+03
9.0336226681e+06	4.2839232215e-01	4.0914134518e+03
9.0336226681e+06	4.2812687526e-01	4.1178544350e+03
9.0336226681e+06	4.2786023470e-01	4.1444637384e+03
9.0336226681e+06	4.2759239714e-01	4.1712417894e+03
9.0336226681e+06	4.2732343554e-01	4.1981888805e+03
9.0336226681e+06	4.2705331211e-01	4.2253178352e+03
9.0336226681e+06	4.2678191903e-01	4.2528660753e+03
9.0336226681e+06	4.2650904997e-01	4.2825245245e+03
9.0336226681e+06	4.2632038804e-01	4.3282367311e+03
9.0336226681e+06	4.2629218861e-01	4.3512290288e+03
9.0336226681e+06	4.2626447114e-01	4.3738120779e+03
9.0336226681e+06	4.2623680956e-01	4.3919352617e+03
9.0336226681e+06	4.2620956742e-01	4.4050293741e+03
9.0336226681e+06	4.2618283776e-01	4.4153560463e+03
9.0336226681e+06	4.2615577470e-01	4.4248801869e+03
9.0336226681e+06	4.2612916591e-01	4.4335780950e+03
9.0336226681e+06	4.2610262549e-01	4.4419907883e+03
9.0336226681e+06	4.2607615063e-01	4.4502607805e+03
9.0336226681e+06	4.2605025812e-01	4.4581536066e+03
9.0336226681e+06	4.2602461644e-01	4.4659470203e+03
9.0336226681e+06	4.2600104437e-01	4.4726439502e+03
9.0336226681e+06	4.2598220007e-01	4.4769195397e+03
9.0336226681e+06	4.2597670109e-01	4.4760458964e+03
9.0336226681e+06	4.2598145030e-01	4.4704199113e+03
9.0336226681e+06	4.2599955476e-01	4.4583095414e+03
9.0336226681e+06	4.2603687423e-01	4.4364187979e+03
9.0336226681e+06	4.2610389162e-01	4.3994392200e+03
9.0336226681e+06	4.2621753885e-01	4.3391902888e+03
9.0336226681e+06	4.2640444775e-01	4.2437016264e+03
9.0336226681e+06	4.2670508434e-01	4.0983588642e+03
9.0336226681e+06	4.2700154261e-01	3.9612742557e+03
9.0336226681e+06	4.2729238028e-01	3.8322639133e+03
9.0336226681e+06	4.2757711682e-01	3.7118541026e+03
9.0336226681e+06	4.2785562291e-01	3.5990437661e+03
9.0336226681e+06	4.2812767182e-01	3.4928487998e+03
9.0336226681e+06	4.2839344075e-01	3.3928126660e+03
9.0336226681e+06	4.2863871657e-01	3.2994774468e+03
9.0336226681e+06	4.2886279328e-01	3.2113766552e+03
9.0336226681e+06	4.2905620085e-01	3.1281705400e+03
9.0336226681e+06	4.2922615381e-01	3.0495290185e+03
9.0186230277e+06	4.2934264084e-01	2.9780914341e+03
9.0186230277e+06	4.2560001099e-01	2.9961102086e+03
9.0186230277e+06	4.2540789489e-01	2.9959413598e+03
9.0186230277e+06	4.2521248144e-01	3.0018274396e+03
9.0186230277e+06	4.2501243575e-01	3.0131977168e+03
9.0186230277e+06	4.2480234007e-01	3.0271102778e+03
9.0186230277e+06	4.2459043331e-01	3.0421479032e+03
9.0186230277e+06	4.2437770304e-01	3.0577336394e+03
9.0186230277e+06	4.2416411365e-01	3.0736274908e+03
9.0186230277e+06	4.2394966363e-01	3.0898997135e+03
9.0186230277e+06	4.2373381911e-01	3.1063471768e+03
9.0186230277e+06	4.2351127102e-01	3.1229624600e+03
9.0186230277e+06	4.2328786653e-01	3.1397097625e+03
9.0186230277e+06	4.2306359360e-01	3.1565852629e+03
9.0186230277e+06	4.2283843840e-01	3.1735880141e+03
9.0186230277e+06	4.2261240886e-01	3.1907171852e+03
9.0186230277e+06	4.2238548563e-01	3.2079755028e+03
9.0186230277e+06	4.2215766618e-01	3.2253659944e+03
9.0186230277e+06	4.2192894274e-01	3.2428939431e+03
9.0186230277e+06	4.2169931254e-01	3.2605664080e+03
9.0186230277e+06	4.2146876164e-01	3.2783939565e+03
9.0186230277e+06	4.2123728085e-01	3.2963897569e+03
9.0186230277e+06	4.2100345373e-01	3.3145765531e+03
9.0186230277e+06	4.2076838495e-01	3.3329691068e+03
9.0186230277e+06	4.2053238767e-01	3.3515891842e+03
9.0186230277e+06	4.2029549493e-01	3.3704608302e+03
9.0186230277e+06	4.2005769258e-01	3.3896108974e+03
9.0186230277e+06	4.1981891459e-01	3.4090657856e+03
9.0186230277e+06	4.1957914282e-01	3.4288498136e+03
9.0186230277e+06	4.1933836925e-01	3.4491692734e+03
9.0186230277e+06	4.1909657612e-01	3.4698940643e+03
9.0186230277e+06	4.1885377878e-01	3.4909936507e+03
9.0186230277e+06	4.1860995974e-01	3.5124683946e+03
9.0186230277e+06	4.1836510705e-01	3.5343107457e+03
9.0186230277e+06	4.1811921804e-01	3.5565059347e+03
9.0186230277e+06	4.1787229142e-01	3.5790342529e+03
9.0186230277e+06	4.1762432199e-01	3.6018734305e+03
9.0186230277e+06	4.1737530757e-01	3.6249999071e+03
9.0186230277e+06	4.1712523083e-01	3.6483922100e+03
9.0186230277e+06	4.1687409055e-01	3.6720291911e+03
9.0186230277e+06	4.1662187966e-01	3.6958928907e+03
9.0186230277e+06	4.1636859098e-01	3.7199679489e+03
9.0186230277e+06	4.1611421473e-01	3.7442429763e+03
9.0186230277e+06	4.1585878139e-01	3.7687087744e+03
9.0186230277e+06	4.1560232912e-01	3.7933585641e+03
9.0186230277e+06	4.1534480854e-01	3.8181880183e+03
9.0186230277e+06	4.1508616303e-01	3.8431947976e+03
9.0186230277e+06	4.1482637788e-01	3.8686313084e+03
9.0186230277e+06	4.1456545551e-01	3.8942688647e+03
9.0186230277e+06	4.1430338860e-01	3.9200845192e+03
9.0186230277e+06	4.1404016905e-01	3.9460783952e+03
9.0186230277e+06	4.1377578327e-01	3.9722513730e+03
9.0186230277e+06	4.1351022161e-01	3.9986040516e+03
9.0186230277e+06	4.1324347069e-01	4.0251374141e+03
9.0186230277e+06	4.1297552782e-01	4.0518513350e+03
9.0186230277e+06	4.1270637621e-01	4.0787470180e+03
9.0186230277e+06	4.1243600900e-01	4.1058246324e+03
9.0186230277e+06	4.1216441914e-01	4.1330849444e+03
9.0186230277e+06	4.1189158873e-01	4.1605376589e+03
9.0186230277e+06	4.1161749569e-01	4.1882834117e+03
9.0186230277e+06	4.1134197220e-01	4.2174641773e+03
9.0186230277e+06	4.1112779742e-01	4.2590724428e+03
9.0186230277e+06	4.1109865280e-01	4.2806980882e+03
9.0186230277e+06	4.1106992478e-01	4.3040476631e+03
9.0186230277e+06	4.1104150098e-01	4.3239389393e+03
9.0186230277e+06	4.1101327971e-01	4.3387262550e+03
9.0186230277e+06	4.1098564685e-01	4.3499304727e+03
9.0186230277e+06	4.1095787736e-01	4.3598725737e+03
9.0186230277e+06	4.1093037310e-01	4.3689875750e+03
9.0186230277e+06	4.1090314667e-01	4.3776212080e+03
9.0186230277e+06	4.1087575082e-01	4.3862222908e+03
9.0186230277e+06	4.1084897182e-01	4.3944139506e+03
9.0186230277e+06	4.1082235258e-01	4.4025482204e+03
9.0186230277e+06	4.1079732932e-01	4.4098627735e+03
9.0186230277e+06	4.1077595743e-01	4.4153490572e+03
9.0186230277e+06	4.1076717969e-01	4.4162429735e+03
9.0186230277e+06	4.1076696073e-01	4.4133495447e+03
9.0186230277e+06	4.1077717441e-01	4.4055221232e+03
9.0186230277e+06	4.1080231522e-01	4.3903525672e+03
9.0186230277e+06	4.1085012865e-01	4.3638713370e+03
9.0186230277e+06	4.1093350762e-01	4.3198695755e+03
9.0186230277e+06	4.1107308978e-01	4.2497588611e+03
9.0186230277e+06	4.1130069678e-01	4.1397002770e+03
9.0186230277e+06	4.1158538650e-01	4.0075287891e+03
9.0186230277e+06	4.1186560895e-01	3.8827239158e+03
9.0186230277e+06	4.1214080335e-01	3.7661786173e+03
9.0186230277e+06	4.1241010148e-01	3.6565934307e+03
9.0186230277e+06	4.1267345631e-01	3.5532559262e+03
9.0186230277e+06	4.1293061527e-01	3.4557749706e+03
9.0186230277e+06	4.1317556813e-01	3.3646553949e+03
9.0186230277e+06	4.1341534957e-01	3.2784638472e+03
9.0186230277e+06	4.1363315973e-01	3.1969496542e+03
9.0186230277e+06	4.1382604669e-01	3.1198163738e+03
9.0186230277e+06	4.1397245325e-01	3.0476660279e+03
9.0048971400e+06	4.1409819171e-01	2.9810763964e+03
9.0048971400e+06	4.1135683946e-01	2.9967083638e+03
9.0048971400e+06	4.1116378963e-01	2.9983029182e+03
9.0048971400e+06	4.1096340354e-01	3.0080626169e+03
9.0048971400e+06	4.1075881675e-01	3.0217807147e+03
9.0048971400e+06	4.1055322955e-01	3.0369431922e+03
9.0048971400e+06	4.1034674664e-01	3.0527011141e+03
9.0048971400e+06	4.1013940244e-01	3.0687645831e+03
9.0048971400e+06	4.0992795843e-01	3.0850464071e+03
9.0048971400e+06	4.0971349326e-01	3.1015032460e+03
9.0048971400e+06	4.0949058479e-01	3.1181464561e+03
9.0048971400e+06	4.0926687768e-01	3.1349329060e+03
9.0048971400e+06	4.0904231322e-01	3.1518952660e+03
9.0048971400e+06	4.0881688859e-01	3.1691550558e+03
9.0048971400e+06	4.0859059351e-01	3.1865553479e+03
9.0048971400e+06	4.0836342838e-01	3.2040948247e+03
9.0048971400e+06	4.0813537689e-01	3.2217736099e+03
9.0048971400e+06	4.0790643315e-01	3.2395913097e+03
9.0048971400e+06	4.0767660244e-01	3.2575470444e+03
9.0048971400e+06	4.0744586972e-01	3.2756420762e+03
9.0048971400e+06	4.0721422802e-01	3.2938778228e+03
9.0048971400e+06	4.0698167008e-01	3.3122567911e+03
9.0048971400e+06	4.0674818308e-01	3.3307833505e+03
9.0048971400e+06	4.0651377008e-01	3.3494624395e+03
9.0048971400e+06	4.0627841763e-01	3.3683025248e+03
9.0048971400e+06	4.0604211313e-01	3.3873144368e+03
9.0048971400e+06	4.0580484526e-01	3.4065121242e+03
9.0048971400e+06	4.0556663614e-01	3.4259131909e+03
9.0048971400e+06	4.0532752606e-01	3.4455371792e+03
9.0048971400e+06	4.0508749723e-01	3.4654089006e+03
9.0048971400e+06	4.0484648047e-01	3.4855546832e+03
9.0048971400e+06	4.0460446824e-01	3.5060012374e+03
9.0048971400e+06	4.0436143557e-01	3.5269808991e+03
9.0048971400e+06	4.0411738744e-01	3.5483429580e+03
9.0048971400e+06	4.0387230226e-01	3.5700848231e+03
9.0048971400e+06	4.0362618311e-01	3.5922199376e+03
9.0048971400e+06	4.0337900735e-01	3.6147565696e+03
9.0048971400e+06	4.0313079168e-01	3.6376914314e+03
9.0048971400e+06	4.0288151693e-01	3.6610168794e+03
9.0048971400e+06	4.0263117685e-01	3.6847176208e+03
9.0048971400e+06	4.0237975564e-01	3.7087745225e+03
9.0048971400e+06	4.0212726605e-01	3.7331629305e+03
9.0048971400e+06	4.0187369199e-01	3.7578601201e+03
9.0048971400e+06	4.0161902450e-01	3.7828433853e+03
9.0048971400e+06	4.0136325142e-01	3.8080920676e+03
9.0048971400e+06	4.0110640127e-01	3.8335881346e+03
9.0048971400e+06	4.0084851410e-01	3.8593166562e+03
9.0048971400e+06	4.0058957080e-01	3.8852666070e+03
9.0048971400e+06	4.0032950038e-01	3.9114288408e+03
9.0048971400e+06	4.0006828410e-01	3.9379564848e+03
9.0048971400e+06	3.9980591130e-01	3.9648205824e+03
9.0048971400e+06	3.9954238763e-01	3.9918880294e+03
9.0048971400e+06	3.9927769161e-01	4.0191587930e+03
9.0048971400e+06	3.9901182253e-01	4.0466314947e+03
9.0048971400e+06	3.9874476613e-01	4.0743067520e+03
9.0048971400e+06	3.9847650838e-01	4.1021855374e+03
9.0048971400e+06	3.9820703953e-01	4.1302685839e+03
9.0048971400e+06	3.9793636110e-01	4.1585555337e+03
9.0048971400e+06	3.9766445124e-01	4.1870484734e+03
9.0048971400e+06	3.9739130703e-01	4.2157474526e+03
9.0048971400e+06	3.9711691419e-01	4.2446536508e+03
9.0048971400e+06	3.9684126225e-01	4.2737680393e+03
9.0048971400e+06	3.9656433352e-01	4.3030953798e+03
9.0048971400e+06	3.9628612783e-01	4.3326794592e+03
9.0048971400e+06	3.9600666308e-01	4.3630258577e+03
9.0048971400e+06	3.9572532410e-01	4.3996660970e+03
9.0048971400e+06	3.9567028773e-01	4.4337584415e+03
9.0048971400e+06	3.9564060435e-01	4.4590138350e+03
9.0048971400e+06	3.9561136145e-01	4.4819737511e+03
9.0048971400e+06	3.9558209834e-01	4.4995470718e+03
9.0048971400e+06	3.9555347345e-01	4.5124444793e+03
9.0048971400e+06	3.9552490987e-01	4.5234548990e+03
9.0048971400e+06	3.9549642298e-01	4.5335620065e+03
9.0048971400e+06	3.9546840858e-01	4.5429606216e+03
9.0048971400e+06	3.9544003580e-01	4.5524135346e+03
9.0048971400e+06	3.9541227947e-01	4.5614211929e+03
9.0048971400e+06	3.9538472356e-01	4.5703213719e+03
9.0048971400e+06	3.9535841099e-01	4.5785675246e+03
9.0048971400e+06	3.9533520906e-01	4.5852005250e+03
9.0048971400e+06	3.9532362802e-01	4.5872746971e+03
9.0048971400e+06	3.9532150174e-01	4.5851736025e+03
9.0048971400e+06	3.9532970158e-01	4.5780811317e+03
9.0048971400e+06	3.9535222854e-01	4.5637453103e+03
9.0048971400e+06	3.9539623820e-01	4.5383179037e+03
9.0048971400e+06	3.9547381844e-01	4.4957232602e+03
9.0048971400e+06	3.9560411025e-01	4.4267796521e+03
9.0048971400e+06	3.9581777826e-01	4.3190640430e+03
9.0048971400e+06	3.9609831957e-01	4.1835709619e+03
9.0048971400e+06	3.9637472582e-01	4.0554776070e+03
9.0048971400e+06	3.9664578145e-01	3.9347642039e+03
9.0048971400e+06	3.9691162154e-01	3.8221977446e+03
9.0048971400e+06	3.9717164252e-01	3.7159963891e+03
9.0048971400e+06	3.9742616038e-01	3.6156634246e+03
9.0048971400e+06	3.9767559882e-01	3.5210362878e+03
9.0048971400e+06	3.9792031922e-01	3.4322871055e+03
9.0048971400e+06	3.9815991217e-01	3.3482529872e+03
9.0048971400e+06	3.9839470429e-01	3.2685701342e+03
9.0048971400e+06	3.9860310762e-01	3.1931332786e+03
8.9965870418e+06	3.9877732468e-01	3.1235620267e+03
8.9965870418e+06	3.9731065069e-01	3.1370726208e+03
8.9965870418e+06	3.9709943458e-01	3.1511653092e+03
8.9965870418e+06	3.9688731391e-01	3.1673779099e+03
8.9965870418e+06	3.9667313827e-01	3.1840117457e+03
8.9965870418e+06	3.9645503368e-01	3.2009142867e+03
8.9965870418e+06	3.9623626497e-01	3.2180382950e+03
8.9965870418e+06	3.9601669727e-01	3.2355564786e+03
8.9965870418e+06	3.9579632397e-01	3.2532916929e+03
8.9965870418e+06	3.9557514348e-01	3.2712255063e+03
8.9965870418e+06	3.9535314536e-01	3.2893534523e+03
8.9965870418e+06	3.9513033090e-01	3.3076710780e+03
8.9965870418e+06	3.9490669087e-01	3.3261755246e+03
8.9965870418e+06	3.9468221599e-01	3.3448645004e+03
8.9965870418e+06	3.9445690773e-01	3.3637352426e+03
8.9965870418e+06	3.9423075098e-01	3.3827867042e+03
8.9965870418e+06	3.9400374514e-01	3.4020168688e+03
8.9965870418e+06	3.9377588713e-01	3.4214241085e+03
8.9965870418e+06	3.9354716802e-01	3.4410074265e+03
8.9965870418e+06	3.9331758162e-01	3.4607656892e+03
8.9965870418e+06	3.9308712166e-01	3.4806978322e+03
8.9965870418e+06	3.9285577341e-01	3.5008030188e+03
8.9965870418e+06	3.9262358337e-01	3.5210793800e+03
8.9965870418e+06	3.9239060388e-01	3.5415264286e+03
8.9965870418e+06	3.9215677332e-01	3.5621428818e+03
8.9965870418e+06	3.9192202954e-01	3.5829624217e+03
8.9965870418e+06	3.9168637898e-01	3.6041475190e+03
8.9965870418e+06	3.9144980966e-01	3.6255041023e+03
8.9965870418e+06	3.9121231465e-01	3.6470322177e+03
8.9965870418e+06	3.9097388691e-01	3.6687323331e+03
8.9965870418e+06	3.9073451391e-01	3.6906061936e+03
8.9965870418e+06	3.9049419339e-01	3.7126556854e+03
8.9965870418e+06	3.9025291774e-01	3.7348846323e+03
8.9965870418e+06	3.9001068492e-01	3.7572982499e+03
8.9965870418e+06	3.8976748121e-01	3.7799052030e+03
8.9965870418e+06	3.8952329217e-01	3.8027171655e+03
8.9965870418e+06	3.8927811142e-01	3.8257485038e+03
8.9965870418e+06	3.8903193365e-01	3.8490171082e+03
8.9965870418e+06	3.8878474141e-01	3.8725459203e+03
8.9965870418e+06	3.8853656843e-01	3.8963603342e+03
8.9965870418e+06	3.8828743837e-01	3.9204905193e+03
8.9965870418e+06	3.8803735560e-01	3.9449672286e+03
8.9965870418e+06	3.8778622850e-01	3.9698238594e+03
8.9965870418e+06	3.8753405448e-01	3.9950897606e+03
8.9965870418e+06	3.8728080782e-01	4.0210396594e+03
8.9965870418e+06	3.8702648983e-01	4.0474858781e+03
8.9965870418e+06	3.8677109936e-01	4.0744068931e+03
8.9965870418e+06	3.8651461535e-01	4.1018069401e+03
8.9965870418e+06	3.8625704408e-01	4.1296781160e+03
8.9965870418e+06	3.8599837191e-01	4.1580064079e+03
8.9965870418e+06	3.8573859197e-01	4.1867706294e+03
8.9965870418e+06	3.8547769730e-01	4.2159453996e+03
8.9965870418e+06	3.8521568072e-01	4.2455034952e+03
8.9965870418e+06	3.8495252877e-01	4.2754187083e+03
8.9965870418e+06	3.8468824571e-01	4.3056647076e+03
8.9965870418e+06	3.8442281219e-01	4.3362202287e+03
8.9965870418e+06	3.8415622840e-01	4.3670676125e+03
8.9965870418e+06	3.8388856029e-01	4.3981902891e+03
8.9965870418e+06	3.8361980822e-01	4.4295777787e+03
8.9965870418e+06	3.8334985952e-01	4.4612236863e+03
8.9965870418e+06	3.8307871040e-01	4.4932635290e+03
8.9965870418e+06	3.8280635869e-01	4.5257652484e+03
8.9965870418e+06	3.8253279751e-01	4.5585187666e+03
8.9965870418e+06	3.8225801214e-01	4.5915240121e+03
8.9965870418e+06	3.8198200170e-01	4.6247799261e+03
8.9965870418e+06	3.8170474686e-01	4.6582882021e+03
8.9965870418e+06	3.8142623781e-01	4.6920496925e+03
8.9965870418e+06	3.8114647579e-01	4.7260640538e+03
8.9965870418e+06	3.8086544206e-01	4.7603333990e+03
8.9965870418e+06	3.8058312581e-01	4.7948588508e+03
8.9965870418e+06	3.8029951157e-01	4.8296421735e+03
8.9965870418e+06	3.8001459718e-01	4.8646852496e+03
8.9965870418e+06	3.7972836448e-01	4.9000135226e+03
8.9965870418e+06	3.7944077249e-01	4.9359064267e+03
8.9965870418e+06	3.7915160429e-01	4.9755311844e+03
8.9965870418e+06	3.7900844805e-01	5.0286269720e+03
8.9965870418e+06	3.7897775841e-01	5.0589331479e+03
8.9965870418e+06	3.7894749874e-01	5.0871907325e+03
8.9965870418e+06	3.7891717971e-01	5.1089302093e+03
8.9965870418e+06	3.7888751231e-01	5.1247649273e+03
8.9965870418e+06	3.7885788353e-01	5.1382351817e+03
8.9965870418e+06	3.7882837769e-01	5.1505469505e+03
8.9965870418e+06	3.7879930344e-01	5.1620369323e+03
8.9965870418e+06	3.7876991528e-01	5.1735393776e+03
8.9965870418e+06	3.7874118166e-01	5.1844969761e+03
8.9965870418e+06	3.7871260055e-01	5.1953726844e+03
8.9965870418e+06	3.7868550315e-01	5.2053333219e+03
8.9965870418e+06	3.7866190611e-01	5.2131904659e+03
8.9965870418e+06	3.7865142226e-01	5.2151580354e+03
8.9965870418e+06	3.7865008490e-01	5.2123109639e+03
8.9965870418e+06	3.7865935252e-01	5.2034656311e+03
8.9965870418e+06	3.7868345144e-01	5.1858236020e+03
8.9965870418e+06	3.7873003207e-01	5.1546604241e+03
8.9965870418e+06	3.7881178266e-01	5.1025771442e+03
8.9965870418e+06	3.7894890113e-01	5.0186063034e+03
8.9965870418e+06	3.7917319042e-01	4.8877747097e+03
8.9965870418e+06	3.7946574570e-01	4.7240131322e+03
8.9965870418e+06	3.7975351617e-01	4.5696839457e+03
8.9965870418e+06	3.8003573222e-01	4.4253641392e+03
8.9965870418e+06	3.8031185604e-01	4.2903870752e+03
8.9965870418e+06	3.8058159827e-01	4.1633808778e+03
8.9965870418e+06	3.8084521041e-01	4.0437406739e+03
8.9965870418e+06	3.8110378855e-01	3.9320338424e+03
8.9965870418e+06	3.8135688695e-01	3.8265710857e+03
8.9965870418e+06	3.8160455290e-01	3.7268842604e+03
8.9965870418e+06	3.8184693675e-01	3.6326557157e+03
8.9965870418e+06	3.8208496725e-01	3.5444004486e+03
8.9936609389e+06	3.8231829644e-01	3.4611138581e+03
8.9936609389e+06	3.8237241970e-01	3.3847428351e+03
8.9936609389e+06	3.8260727081e-01	3.3049241558e+03
8.9936609389e+06	3.8283009603e-01	3.2301143295e+03
8.9936609389e+06	3.8304827270e-01	3.1591526615e+03
8.9936609389e+06	3.8325792499e-01	3.0916950194e+03
8.9936609389e+06	3.8344015699e-01	3.0276483863e+03
8.9753640086e+06	3.8360805818e-01	2.9699458566e+03
8.9753640086e+06	3.7717586900e-01	2.9989802289e+03
8.9753640086e+06	3.7699347224e-01	3.0000173855e+03
8.9753640086e+06	3.7677177206e-01	3.0001788109e+03
8.9753640086e+06	3.7654576996e-01	3.0064911558e+03
8.9753640086e+06	3.7631838891e-01	3.0185728015e+03
8.9753640086e+06	3.7608985320e-01	3.0333316555e+03
8.9753640086e+06	3.7586027607e-01	3.0493630775e+03
8.9753640086e+06	3.7562971269e-01	3.0661089666e+03
8.9753640086e+06	3.7539426341e-01	3.0832225068e+03
8.9753640086e+06	3.7515385467e-01	3.1005949612e+03
8.9753640086e+06	3.7491248626e-01	3.1181564602e+03
8.9753640086e+06	3.7467014464e-01	3.1358896944e+03
8.9753640086e+06	3.7442682929e-01	3.1537894507e+03
8.9753640086e+06	3.7418253709e-01	3.1718576369e+03
8.9753640086e+06	3.7393724662e-01	3.1901020326e+03
8.9753640086e+06	3.7369096095e-01	3.2085322482e+03
8.9753640086e+06	3.7344365698e-01	3.2271631986e+03
8.9753640086e+06	3.7319446441e-01	3.2460164321e+03
8.9753640086e+06	3.7294270347e-01	3.2651171938e+03
8.9753640086e+06	3.7268994793e-01	3.2844774094e+03
8.9753640086e+06	3.7243623186e-01	3.3041213502e+03
8.9753640086e+06	3.7218153245e-01	3.3240738069e+03
8.9753640086e+06	3.7192577078e-01	3.3443577512e+03
8.9753640086e+06	3.7166894488e-01	3.3650592696e+03
8.9753640086e+06	3.7141102084e-01	3.3862955047e+03
8.9753640086e+06	3.7115201859e-01	3.4079101915e+03
8.9753640086e+06	3.7089191634e-01	3.4299060236e+03
8.9753640086e+06	3.7063070689e-01	3.4522775847e+03
8.9753640086e+06	3.7036837628e-01	3.4750140895e+03
8.9753640086e+06	3.7010493123e-01	3.4980984292e+03
8.9753640086e+06	3.6984034662e-01	3.5215134558e+03
8.9753640086e+06	3.6957463087e-01	3.5452379866e+03
8.9753640086e+06	3.6930777818e-01	3.5692525697e+03
8.9753640086e+06	3.6903976795e-01	3.5935406684e+03
8.9753640086e+06	3.6877059567e-01	3.6180858891e+03
8.9753640086e+06	3.6850027819e-01	3.6428759804e+03
8.9753640086e+06	3.6822886556e-01	3.6679013435e+03
8.9753640086e+06	3.6795636801e-01	3.6931531713e+03
8.9753640086e+06	3.6768266871e-01	3.7186283814e+03
8.9753640086e+06	3.6740776767e-01	3.7445535730e+03
8.9753640086e+06	3.6713165132e-01	3.7707495562e+03
8.9753640086e+06	3.6685430959e-01	3.7971669232e+03
8.9753640086e+06	3.6657572390e-01	3.8238064970e+03
8.9753640086e+06	3.6629590032e-01	3.8506672504e+03
8.9753640086e+06	3.6601482011e-01	3.8777508730e+03
8.9753640086e+06	3.6573247258e-01	3.9050584821e+03
8.9753640086e+06	3.6544883828e-01	3.9325921304e+03
8.9753640086e+06	3.6516391766e-01	3.9603519504e+03
8.9753640086e+06	3.6487770283e-01	3.9883388336e+03
8.9753640086e+06	3.6459017678e-01	4.0165545026e+03
8.9753640086e+06	3.6430132413e-01	4.0450005455e+03
8.9753640086e+06	3.6401114825e-01	4.0736789407e+03
8.9753640086e+06	3.6371972853e-01	4.1026114800e+03
8.9753640086e+06	3.6342701459e-01	4.1320464068e+03
8.9753640086e+06	3.6313259438e-01	4.1650134055e+03
8.9753640086e+06	3.6300494953e-01	4.2041833713e+03
8.9753640086e+06	3.6297321535e-01	4.2276806367e+03
8.9753640086e+06	3.6294188757e-01	4.2494900287e+03
8.9753640086e+06	3.6291053395e-01	4.2663701917e+03
8.9753640086e+06	3.6287985600e-01	4.2789525836e+03
8.9753640086e+06	3.6284913538e-01	4.2898789612e+03
8.9753640086e+06	3.6281861995e-01	4.2999037254e+03
8.9753640086e+06	3.6278845141e-01	4.3093695854e+03
8.9753640086e+06	3.6275806219e-01	4.3188074264e+03
8.9753640086e+06	3.6272835948e-01	4.3278190338e+03
8.9753640086e+06	3.6269867531e-01	4.3368537262e+03
8.9753640086e+06	3.6267066167e-01	4.3450837505e+03
8.9753640086e+06	3.6264619014e-01	4.3516686285e+03
8.9753640086e+06	3.6263582233e-01	4.3533117878e+03
8.9753640086e+06	3.6263432019e-01	4.3512763212e+03
8.9753640086e+06	3.6264338849e-01	4.3446124430e+03
8.9753640086e+06	3.6266704543e-01	4.3311520080e+03
8.9753640086e+06	3.6271298648e-01	4.3072559043e+03
8.9753640086e+06	3.6279381518e-01	4.2672132349e+03
8.9753640086e+06	3.6292950870e-01	4.2024662567e+03
8.9753640086e+06	3.6315147904e-01	4.1011551836e+03
8.9753640086e+06	3.6339166279e-01	3.9965062516e+03
8.9753640086e+06	3.6362874587e-01	3.8969201078e+03
8.9753640086e+06	3.6386160615e-01	3.8024393696e+03
8.9753640086e+06	3.6409066520e-01	3.7130393672e+03
8.9753640086e+06	3.6431578029e-01	3.6287430988e+03
8.9753640086e+06	3.6453657471e-01	3.5486430471e+03
8.9753640086e+06	3.6475319046e-01	3.4724725754e+03
8.9753640086e+06	3.6496557497e-01	3.4000049014e+03
8.9753640086e+06	3.6516690056e-01	3.3317170746e+03
8.9753640086e+06	3.6536488335e-01	3.2665256605e+03
8.9714249364e+06	3.6555074266e-01	3.2049821440e+03
8.9714249364e+06	3.6652304202e-01	3.1444785378e+03
8.9714249364e+06	3.6672260525e-01	3.0843754038e+03
8.9714249364e+06	3.6688389129e-01	3.0275354133e+03
8.9714249364e+06	3.6674846244e-01	3.0161571462e+03
8.9714249364e+06	3.6654478876e-01	3.0306933360e+03
8.9714249364e+06	3.6634008245e-01	3.0458722727e+03
8.9714249364e+06	3.6613444537e-01	3.0614883948e+03
8.9714249364e+06	3.6592236112e-01	3.0774837508e+03
8.9714249364e+06	3.6570401926e-01	3.0938070793e+03
8.9714249364e+06	3.6548188984e-01	3.1104121877e+03
8.9714249364e+06	3.6525903201e-01	3.1273704436e+03
8.9714249364e+06	3.6503535568e-01	3.1446370052e+03
8.9714249364e+06	3.6481085488e-01	3.1621262304e+03
8.9714249364e+06	3.6458552287e-01	3.1798308585e+03
8.9714249364e+06	3.6435935416e-01	3.1977452887e+03
8.9714249364e+06	3.6413233935e-01	3.2158655309e+03
8.9714249364e+06	3.6390447594e-01	3.2341880034e+03
8.9714249364e+06	3.6367575823e-01	3.2527100917e+03
8.9714249364e+06	3.6344618148e-01	3.2714296472e+03
8.9714249364e+06	3.6321573574e-01	3.2903453615e+03
8.9714249364e+06	3.6298442238e-01	3.3094553142e+03
8.9714249364e+06	3.6275222558e-01	3.3287592442e+03
8.9714249364e+06	3.6251914718e-01	3.3482556051e+03
8.9714249364e+06	3.6228517137e-01	3.3679443505e+03
8.9714249364e+06	3.6205035164e-01	3.3878243205e+03
8.9714249364e+06	3.6181477236e-01	3.4078937851e+03
8.9714249364e+06	3.6157830612e-01	3.4281539341e+03
8.9714249364e+06	3.6134092248e-01	3.4487742321e+03
8.9714249364e+06	3.6110261754e-01	3.4696466120e+03
8.9714249364e+06	3.6086337991e-01	3.4907120967e+03
8.9714249364e+06	3.6062319266e-01	3.5119712601e+03
8.9714249364e+06	3.6038206806e-01	3.5334221513e+03
8.9714249364e+06	3.6013998904e-01	3.5550655905e+03
8.9714249364e+06	3.5989694819e-01	3.5769018256e+03
8.9714249364e+06	3.5965293040e-01	3.5989322322e+03
8.9714249364e+06	3.5940794301e-01	3.6211567902e+03
8.9714249364e+06	3.5916197065e-01	3.6435784322e+03
8.9714249364e+06	3.5891500530e-01	3.6662006592e+03
8.9714249364e+06	3.5866703325e-01	3.6890286656e+03
8.9714249364e+06	3.5841807387e-01	3.7120695428e+03
8.9714249364e+06	3.5816818007e-01	3.7353332969e+03
8.9714249364e+06	3.5791735177e-01	3.7588325294e+03
8.9714249364e+06	3.5766550377e-01	3.7825833444e+03
8.9714249364e+06	3.5741260070e-01	3.8066792645e+03
8.9714249364e+06	3.5715864869e-01	3.8312651692e+03
8.9714249364e+06	3.5690363107e-01	3.8561809687e+03
8.9714249364e+06	3.5664752872e-01	3.8814578639e+03
8.9714249364e+06	3.5639034960e-01	3.9071252159e+03
8.9714249364e+06	3.5613206717e-01	3.9332148543e+03
8.9714249364e+06	3.5587267579e-01	3.9597533362e+03
8.9714249364e+06	3.5561217342e-01	3.9867613921e+03
8.9714249364e+06	3.5535055521e-01	4.0142527104e+03
8.9714249364e+06	3.5508779773e-01	4.0422344479e+03
8.9714249364e+06	3.5482390653e-01	4.0707018161e+03
8.9714249364e+06	3.5455887070e-01	4.0996451700e+03
8.9714249364e+06	3.5429274869e-01	4.1290445310e+03
8.9714249364e+06	3.5402557239e-01	4.1588785341e+03
8.9714249364e+06	3.5375725881e-01	4.1891235561e+03
8.9714249364e+06	3.5348776583e-01	4.2197547079e+03
8.9714249364e+06	3.5321708051e-01	4.2510489021e+03
8.9714249364e+06	3.5294519122e-01	4.2827298922e+03
8.9714249364e+06	3.5267209587e-01	4.3147437714e+03
8.9714249364e+06	3.5239779060e-01	4.3470762928e+03
8.9714249364e+06	3.5212225332e-01	4.3797186396e+03
8.9714249364e+06	3.5184547995e-01	4.4126628139e+03
8.9714249364e+06	3.5156746579e-01	4.4459033487e+03
8.9714249364e+06	3.5128819312e-01	4.4794383148e+03
8.9714249364e+06	3.5100765391e-01	4.5132661361e+03
8.9714249364e+06	3.5072583070e-01	4.5473874925e+03
8.9714249364e+06	3.5044271556e-01	4.5818024833e+03
8.9714249364e+06	3.5015832466e-01	4.6165114453e+03
8.9714249364e+06	3.4987273764e-01	4.6515158419e+03
8.9714249364e+06	3.4958587932e-01	4.6868187680e+03
8.9714249364e+06	3.4929766189e-01	4.7225432056e+03
8.9714249364e+06	3.4900809076e-01	4.7588416150e+03
8.9714249364e+06	3.4871716557e-01	4.7954495655e+03
8.9714249364e+06	3.4842486957e-01	4.8323742100e+03
8.9714249364e+06	3.4813118170e-01	4.8696747118e+03
8.9714249364e+06	3.4783604079e-01	4.9080244877e+03
8.9714249364e+06	3.4754187947e-01	4.9548498330e+03
8.9714249364e+06	3.4750235855e-01	4.9871597892e+03
8.9714249364e+06	3.4746977383e-01	5.0179303085e+03
8.9714249364e+06	3.4743751699e-01	5.0467884047e+03
8.9714249364e+06	3.4740531071e-01	5.0688290741e+03
8.9714249364e+06	3.4737379525e-01	5.0851502953e+03
8.9714249364e+06	3.4734209429e-01	5.0994059863e+03
8.9714249364e+06	3.4731074644e-01	5.1123843521e+03
8.9714249364e+06	3.4727959022e-01	5.1247735466e+03
8.9714249364e+06	3.4724840970e-01	5.1369936645e+03
8.9714249364e+06	3.4721784370e-01	5.1487433253e+03
8.9714249364e+06	3.4718744404e-01	5.1604315625e+03
8.9714249364e+06	3.4715914801e-01	5.1708596164e+03
8.9714249364e+06	3.4713549937e-01	5.1786052072e+03
8.9714249364e+06	3.4712768841e-01	5.1791703026e+03
8.9714249364e+06	3.4713081595e-01	5.1740451315e+03
8.9714249364e+06	3.4714721564e-01	5.1615039418e+03
8.9714249364e+06	3.4718259632e-01	5.1379451264e+03
8.9714249364e+06	3.4724724057e-01	5.0974642794e+03
8.9714249364e+06	3.4735770210e-01	5.0309738586e+03
8.9714249364e+06	3.4754014425e-01	4.9251564559e+03
8.9714249364e+06	3.4780114060e-01	4.7795543508e+03
8.9714249364e+06	3.4805946503e-01	4.6423176447e+03
8.9714249364e+06	3.4831352622e-01	4.5131183654e+03
8.9714249364e+06	3.4856237978e-01	4.3910518697e+03
8.9714249364e+06	3.4880593874e-01	4.2757131153e+03
8.9714249364e+06	3.4904497756e-01	4.1676547960e+03
8.9714249364e+06	3.4927920081e-01	4.0655333177e+03
8.9714249364e+06	3.4950871020e-01	3.9687202871e+03
8.9714249364e+06	3.4973373262e-01	3.8768422253e+03
8.9714249364e+06	3.4995490995e-01	3.7903356302e+03
8.9714249364e+06	3.5017212946e-01	3.7083065789e+03
8.9690438091e+06	3.5038514951e-01	3.6307176519e+03
8.9690438091e+06	3.5130002505e-01	3.5568886619e+03
8.9690438091e+06	3.5151772220e-01	3.4815620487e+03
8.9690438091e+06	3.5173202087e-01	3.4103897648e+03
8.9690438091e+06	3.5194264564e-01	3.3426039445e+03
8.9690438091e+06	3.5214977203e-01	3.2779833759e+03
8.9690438091e+06	3.5235377207e-01	3.2162618407e+03
8.9515926745e+06	3.5254718600e-01	3.1609977174e+03
8.9515926745e+06	3.4557812838e-01	3.1980271963e+03
8.9515926745e+06	3.4534909013e-01	3.2055343734e+03
8.9515926745e+06	3.4511775562e-01	3.2216836126e+03
8.9515926745e+06	3.4488283042e-01	3.2394640616e+03
8.9515926745e+06	3.4464723199e-01	3.2576748696e+03
8.9515926745e+06	3.4441080759e-01	3.2762891093e+03
8.9515926745e+06	3.4417352354e-01	3.2951500363e+03
8.9515926745e+06	3.4393538066e-01	3.3142094326e+03
8.9515926745e+06	3.4369637053e-01	3.3334640834e+03
8.9515926745e+06	3.4345649001e-01	3.3529117584e+03
8.9515926745e+06	3.4321572415e-01	3.3725517086e+03
8.9515926745e+06	3.4297407705e-01	3.3923818932e+03
8.9515926745e+06	3.4273153281e-01	3.4124020763e+03
8.9515926745e+06	3.4248808829e-01	3.4326110874e+03
8.9515926745e+06	3.4224373535e-01	3.4530082390e+03
8.9515926745e+06	3.4199846963e-01	3.4735925715e+03
8.9515926745e+06	3.4175228255e-01	3.4943634817e+03
8.9515926745e+06	3.4150518136e-01	3.5153197887e+03
8.9515926745e+06	3.4125724003e-01	3.5364609269e+03
8.9515926745e+06	3.4100847654e-01	3.5577857532e+03
8.9515926745e+06	3.4075877356e-01	3.5792948987e+03
8.9515926745e+06	3.4050812421e-01	3.6011960879e+03
8.9515926745e+06	3.4025650080e-01	3.6233160223e+03
8.9515926745e+06	3.4000391476e-01	3.6456224517e+03
8.9515926745e+06	3.3975033837e-01	3.6681176838e+03
8.9515926745e+06	3.3949578544e-01	3.6908010172e+03
8.9515926745e+06	3.3924023020e-01	3.7136762530e+03
8.9515926745e+06	3.3898367064e-01	3.7367463965e+03
8.9515926745e+06	3.3872609827e-01	3.7600167793e+03
8.9515926745e+06	3.3846750430e-01	3.7834949782e+03
8.9515926745e+06	3.3820788702e-01	3.8071906012e+03
8.9515926745e+06	3.3794722802e-01	3.8311178320e+03
8.9515926745e+06	3.3768553613e-01	3.8552936329e+03
8.9515926745e+06	3.3742286591e-01	3.8797383275e+03
8.9515926745e+06	3.3715922921e-01	3.9044768517e+03
8.9515926745e+06	3.3689454282e-01	3.9295358981e+03
8.9515926745e+06	3.3662875649e-01	3.9549555839e+03
8.9515926745e+06	3.3636186930e-01	3.9810245490e+03
8.9515926745e+06	3.3609387233e-01	4.0075086649e+03
8.9515926745e+06	3.3582476428e-01	4.0344315564e+03
8.9515926745e+06	3.3555451196e-01	4.0618137385e+03
8.9515926745e+06	3.3528313735e-01	4.0896624143e+03
8.9515926745e+06	3.3501060817e-01	4.1179817198e+03
8.9515926745e+06	3.3473692444e-01	4.1467640156e+03
8.9515926745e+06	3.3446208596e-01	4.1759942244e+03
8.9515926745e+06	3.3418606861e-01	4.2056541761e+03
8.9515926745e+06	3.3390887047e-01	4.2357196809e+03
8.9515926745e+06	3.3363049921e-01	4.2661661859e+03
8.9515926745e+06	3.3335100988e-01	4.2969686095e+03
8.9515926745e+06	3.3307044151e-01	4.3281040279e+03
8.9515926745e+06	3.3278866759e-01	4.3595559988e+03
8.9515926745e+06	3.3250567099e-01	4.3913991514e+03
8.9515926745e+06	3.3222143799e-01	4.4237817110e+03
8.9515926745e+06	3.3193596025e-01	4.4564481888e+03
8.9515926745e+06	3.3164922724e-01	4.4893920004e+03
8.9515926745e+06	3.3136122824e-01	4.5226086002e+03
8.9515926745e+06	3.3107195228e-01	4.5560952076e+03
8.9515926745e+06	3.3078138821e-01	4.5898503603e+03
8.9515926745e+06	3.3048952477e-01	4.6238735405e+03
8.9515926745e+06	3.3019634766e-01	4.6581652042e+03
8.9515926745e+06	3.2990184482e-01	4.6927259392e+03
8.9515926745e+06	3.2960601408e-01	4.7275553734e+03
8.9515926745e+06	3.2930883812e-01	4.7626550770e+03
8.9515926745e+06	3.2901034776e-01	4.7980260978e+03
8.9515926745e+06	3.2871062511e-01	4.8336676183e+03
8.9515926745e+06	3.2840952759e-01	4.8695858651e+03
8.9515926745e+06	3.2810700852e-01	4.9061211150e+03
8.9515926745e+06	3.2780304093e-01	4.9435287923e+03
8.9515926745e+06	3.2749725361e-01	4.9869999500e+03
8.9515926745e+06	3.2742378766e-01	5.0233054542e+03
8.9515926745e+06	3.2739072118e-01	5.0541550803e+03
8.9515926745e+06	3.2735747605e-01	5.0840029181e+03
8.9515926745e+06	3.2732415608e-01	5.1067609187e+03
8.9515926745e+06	3.2729152516e-01	5.1236480609e+03
8.9515926745e+06	3.2725862401e-01	5.1385050646e+03
8.9515926745e+06	3.2722615951e-01	5.1520177435e+03
8.9515926745e+06	3.2719379861e-01	5.1650150941e+03
8.9515926745e+06	3.2716153318e-01	5.1777721554e+03
8.9515926745e+06	3.2712976955e-01	5.1901456616e+03
8.9515926745e+06	3.2709833345e-01	5.2023554263e+03
8.9515926745e+06	3.2706899586e-01	5.2133264460e+03
8.9515926745e+06	3.2704571766e-01	5.2210225514e+03
8.9515926745e+06	3.2703797242e-01	5.2215928224e+03
8.9515926745e+06	3.2704134510e-01	5.2163878917e+03
8.9515926745e+06	3.2705805577e-01	5.2036498187e+03
8.9515926745e+06	3.2709405393e-01	5.1796946512e+03
8.9515926745e+06	3.2715979036e-01	5.1385265811e+03
8.9515926745e+06	3.2727220301e-01	5.0709109199e+03
8.9515926745e+06	3.2745776927e-01	4.9633607299e+03
8.9515926745e+06	3.2769686487e-01	4.8307382949e+03
8.9515926745e+06	3.2793375815e-01	4.7053156050e+03
8.9515926745e+06	3.2816675366e-01	4.5863067640e+03
8.9515926745e+06	3.2839515471e-01	4.4735622022e+03
8.9515926745e+06	3.2861938761e-01	4.3672367624e+03
8.9515926745e+06	3.2883965825e-01	4.2669074002e+03
8.9515926745e+06	3.2905574264e-01	4.1715656298e+03
8.9515926745e+06	3.2926777045e-01	4.0809010812e+03
8.9515926745e+06	3.2947589444e-01	3.9948927040e+03
8.9515926745e+06	3.2968088003e-01	3.9136655757e+03
8.9515926745e+06	3.2988235479e-01	3.8361683083e+03
8.9515926745e+06	3.3008040876e-01	3.7621926066e+03
8.9515926745e+06	3.3027520103e-01	3.6915174262e+03
8.9515926745e+06	3.3046713389e-01	3.6244908492e+03
8.9515926745e+06	3.3065655702e-01	3.5605597487e+03
8.9515926745e+06	3.3084332335e-01	3.4992506052e+03
8.9515926745e+06	3.3102731915e-01	3.4404885216e+03
8.9515926745e+06	3.3120860761e-01	3.3841451002e+03
8.9419559476e+06	3.3138100291e-01	3.3323390856e+03
8.9419559476e+06	3.3046695731e-01	3.3504377055e+03
8.9419559476e+06	3.3023647859e-01	3.3683283518e+03
8.9419559476e+06	3.3000492847e-01	3.3873682241e+03
8.9419559476e+06	3.2977257677e-01	3.4069106325e+03
8.9419559476e+06	3.2953939498e-01	3.4267295550e+03
8.9419559476e+06	3.2930537779e-01	3.4468092896e+03
8.9419559476e+06	3.2907051752e-01	3.4671401575e+03
8.9419559476e+06	3.2883480831e-01	3.4877150108e+03
8.9419559476e+06	3.2859824763e-01	3.5085281641e+03
8.9419559476e+06	3.2836083011e-01	3.5295754287e+03
8.9419559476e+06	3.2812254692e-01	3.5508538433e+03
8.9419559476e+06	3.2788338615e-01	3.5723614165e+03
8.9419559476e+06	3.2764334745e-01	3.5940956393e+03
8.9419559476e+06	3.2740242431e-01	3.6160549456e+03
8.9419559476e+06	3.2716061155e-01	3.6382378817e+03
8.9419559476e+06	3.2691795011e-01	3.6606434968e+03
8.9419559476e+06	3.2667455231e-01	3.6832699491e+03
8.9419559476e+06	3.2643027963e-01	3.7061176258e+03
8.9419559476e+06	3.2618508697e-01	3.7294293140e+03
8.9419559476e+06	3.2593897350e-01	3.7529775193e+03
8.9419559476e+06	3.2569192575e-01	3.7767501118e+03
8.9419559476e+06	3.2544393125e-01	3.8007470694e+03
8.9419559476e+06	3.2519498729e-01	3.8249674377e+03
8.9419559476e+06	3.2494508635e-01	3.8494107505e+03
8.9419559476e+06	3.2469421733e-01	3.8740769537e+03
8.9419559476e+06	3.2444237900e-01	3.8989651349e+03
8.9419559476e+06	3.2418955690e-01	3.9240758963e+03
8.9419559476e+06	3.2393575011e-01	3.9494088362e+03
8.9419559476e+06	3.2368095397e-01	3.9749644945e+03
8.9419559476e+06	3.2342519157e-01	4.0007453943e+03
8.9419559476e+06	3.2316854695e-01	4.0267528282e+03
8.9419559476e+06	3.2291094724e-01	4.0529919425e+03
8.9419559476e+06	3.2265232675e-01	4.0794683612e+03
8.9419559476e+06	3.2239266630e-01	4.1064576687e+03
8.9419559476e+06	3.2213195048e-01	4.1337317788e+03
8.9419559476e+06	3.2187017459e-01	4.1612854507e+03
8.9419559476e+06	3.2160733701e-01	4.1891373610e+03
8.9419559476e+06	3.2134342811e-01	4.2173111731e+03
8.9419559476e+06	3.2107842686e-01	4.2458357657e+03
8.9419559476e+06	3.2081232445e-01	4.2747420216e+03
8.9419559476e+06	3.2054512412e-01	4.3040615025e+03
8.9419559476e+06	3.2027680617e-01	4.3338284592e+03
8.9419559476e+06	3.2000735159e-01	4.3640749685e+03
8.9419559476e+06	3.1973679163e-01	4.3948269160e+03
8.9419559476e+06	3.1946520270e-01	4.4261005621e+03
8.9419559476e+06	3.1919256277e-01	4.4579083511e+03
8.9419559476e+06	3.1891876003e-01	4.4902525212e+03
8.9419559476e+06	3.1864376691e-01	4.5232286879e+03
8.9419559476e+06	3.1836759918e-01	4.5569713543e+03
8.9419559476e+06	3.1809023967e-01	4.5912126951e+03
8.9419559476e+06	3.1781167922e-01	4.6259271297e+03
8.9419559476e+06	3.1753190064e-01	4.6610887152e+03
8.9419559476e+06	3.1725091001e-01	4.6966694918e+03
8.9419559476e+06	3.1696868489e-01	4.7326475090e+03
8.9419559476e+06	3.1668522445e-01	4.7690013468e+03
8.9419559476e+06	3.1640051361e-01	4.8057150730e+03
8.9419559476e+06	3.1611453457e-01	4.8427767993e+03
8.9419559476e+06	3.1582730036e-01	4.8801751383e+03
8.9419559476e+06	3.1553885115e-01	4.9179049147e+03
8.9419559476e+06	3.1524923819e-01	4.9559596107e+03
8.9419559476e+06	3.1495831321e-01	4.9943395511e+03
8.9419559476e+06	3.1466604758e-01	5.0332850844e+03
8.9419559476e+06	3.1437245837e-01	5.0727354070e+03
8.9419559476e+06	3.1407752839e-01	5.1125166956e+03
8.9419559476e+06	3.1378124556e-01	5.1526300546e+03
8.9419559476e+06	3.1348359761e-01	5.1930766887e+03
8.9419559476e+06	3.1318456363e-01	5.2338591122e+03
8.9419559476e+06	3.1288414802e-01	5.2749768984e+03
8.9419559476e+06	3.1258232914e-01	5.3164396299e+03
8.9419559476e+06	3.1227908386e-01	5.3583357518e+03
8.9419559476e+06	3.1197434536e-01	5.4017050145e+03
8.9419559476e+06	3.1170542668e-01	5.4575070499e+03
8.9419559476e+06	3.1167163275e-01	5.4881687745e+03
8.9419559476e+06	3.1163785967e-01	5.5241859260e+03
8.9419559476e+06	3.1160358521e-01	5.5566517518e+03
8.9419559476e+06	3.1156973897e-01	5.5802523947e+03
8.9419559476e+06	3.1153628056e-01	5.5989355240e+03
8.9419559476e+06	3.1150262656e-01	5.6157895708e+03
8.9419559476e+06	3.1146962246e-01	5.6312173365e+03
8.9419559476e+06	3.1143621142e-01	5.6465937912e+03
8.9419559476e+06	3.1140347142e-01	5.6613172980e+03
8.9419559476e+06	3.1137079113e-01	5.6759997767e+03
8.9419559476e+06	3.1133939943e-01	5.6898265979e+03
8.9419559476e+06	3.1131088619e-01	5.7018082025e+03
8.9419559476e+06	3.1129680399e-01	5.7065330811e+03
8.9419559476e+06	3.1129193682e-01	5.7060457429e+03
8.9419559476e+06	3.1129675465e-01	5.6997180303e+03
8.9419559476e+06	3.1131431153e-01	5.6851107288e+03
8.9419559476e+06	3.1135100437e-01	5.6579494371e+03
8.9419559476e+06	3.1141747558e-01	5.6114159978e+03
8.9419559476e+06	3.1153106699e-01	5.5355344033e+03
8.9419559476e+06	3.1171852407e-01	5.4155080176e+03
8.9419559476e+06	3.1195780055e-01	5.2680257201e+03
8.9419559476e+06	3.1219433078e-01	5.1277407607e+03
8.9419559476e+06	3.1242711748e-01	4.9951793406e+03
8.9419559476e+06	3.1265568187e-01	4.8706831612e+03
8.9419559476e+06	3.1287955273e-01	4.7527553472e+03
8.9419559476e+06	3.1309906158e-01	4.6408642030e+03
8.9419559476e+06	3.1331440687e-01	4.5350417321e+03
8.9419559476e+06	3.1352629738e-01	4.4352313953e+03
8.9419559476e+06	3.1373407500e-01	4.3403505963e+03
8.9419559476e+06	3.1393790768e-01	4.2500779854e+03
8.9419559476e+06	3.1413816618e-01	4.1640281762e+03
8.9419559476e+06	3.1433564284e-01	4.0828236490e+03
8.9419559476e+06	3.1452986825e-01	4.0053155696e+03
8.9419559476e+06	3.1472078357e-01	3.9312898887e+03
8.9419559476e+06	3.1490874892e-01	3.8604527133e+03
8.9419559476e+06	3.1509412658e-01	3.7927943979e+03
8.9419559476e+06	3.1527742275e-01	3.7284905758e+03
8.9419559476e+06	3.1545800328e-01	3.6668430316e+03
8.9343675529e+06	3.1563587252e-01	3.6092977517e+03
8.9343675529e+06	3.1477333710e-01	3.6375696590e+03
8.9343675529e+06	3.1454050887e-01	3.6586203524e+03
8.9343675529e+06	3.1430684157e-01	3.6802555712e+03
8.9343675529e+06	3.1407233547e-01	3.7023457148e+03
8.9343675529e+06	3.1383698661e-01	3.7248278584e+03
8.9343675529e+06	3.1360078923e-01	3.7476647433e+03
8.9343675529e+06	3.1336373948e-01	3.7708321111e+03
8.9343675529e+06	3.1312583151e-01	3.7943135104e+03
8.9343675529e+06	3.1288716000e-01	3.8180963822e+03
8.9343675529e+06	3.1264780156e-01	3.8421729440e+03
8.9343675529e+06	3.1240756905e-01	3.8668058192e+03
8.9343675529e+06	3.1216645235e-01	3.8917272442e+03
8.9343675529e+06	3.1192444608e-01	3.9169337087e+03
8.9343675529e+06	3.1168154572e-01	3.9424222236e+03
8.9343675529e+06	3.1143773801e-01	3.9681913651e+03
8.9343675529e+06	3.1119301891e-01	3.9942392242e+03
8.9343675529e+06	3.1094738017e-01	4.0205647000e+03
8.9343675529e+06	3.1070082050e-01	4.0471662163e+03
8.9343675529e+06	3.1045332358e-01	4.0740440150e+03
8.9343675529e+06	3.1020488582e-01	4.1011971080e+03
8.9343675529e+06	3.0995549910e-01	4.1286251563e+03
8.9343675529e+06	3.0970521850e-01	4.1563268985e+03
8.9343675529e+06	3.0945414801e-01	4.1843010041e+03
8.9343675529e+06	3.0920214334e-01	4.2125480614e+03
8.9343675529e+06	3.0894914878e-01	4.2413107745e+03
8.9343675529e+06	3.0869516772e-01	4.2704168775e+03
8.9343675529e+06	3.0844019406e-01	4.2998013635e+03
8.9343675529e+06	3.0818421350e-01	4.3294649000e+03
8.9343675529e+06	3.0792723168e-01	4.3594059879e+03
8.9343675529e+06	3.0766923010e-01	4.3896262800e+03
8.9343675529e+06	3.0741018970e-01	4.4201280583e+03
8.9343675529e+06	3.0715011078e-01	4.4509121339e+03
8.9343675529e+06	3.0688898972e-01	4.4819809146e+03
8.9343675529e+06	3.0662681555e-01	4.5133393299e+03
8.9343675529e+06	3.0636362894e-01	4.5449929250e+03
8.9343675529e+06	3.0609949020e-01	4.5769521454e+03
8.9343675529e+06	3.0583436998e-01	4.6092291535e+03
8.9343675529e+06	3.0556814650e-01	4.6418427010e+03
8.9343675529e+06	3.0530081804e-01	4.6750344565e+03
8.9343675529e+06	3.0503238625e-01	4.7087435908e+03
8.9343675529e+06	3.0476283242e-01	4.7428747083e+03
8.9343675529e+06	3.0449213686e-01	4.7774645613e+03
8.9343675529e+06	3.0422030742e-01	4.8125490899e+03
8.9343675529e+06	3.0394732446e-01	4.8481685409e+03
8.9343675529e+06	3.0367316827e-01	4.8843614278e+03
8.9343675529e+06	3.0339784681e-01	4.9211578780e+03
8.9343675529e+06	3.0312134087e-01	4.9585840527e+03
8.9343675529e+06	3.0284363816e-01	4.9966575281e+03
8.9343675529e+06	3.0256481560e-01	5.0353786604e+03
8.9343675529e+06	3.0228492183e-01	5.0747390131e+03
8.9343675529e+06	3.0200380725e-01	5.1147264115e+03
8.9343675529e+06	3.0172143550e-01	5.1553171326e+03
8.9343675529e+06	3.0143780763e-01	5.1969276187e+03
8.9343675529e+06	3.0115293448e-01	5.2390905875e+03
8.9343675529e+06	3.0086678894e-01	5.2817782978e+03
8.9343675529e+06	3.0057936857e-01	5.3249621048e+03
8.9343675529e+06	3.0029067021e-01	5.3686170383e+03
8.9343675529e+06	3.0000067473e-01	5.4127248313e+03
8.9343675529e+06	2.9970936313e-01	5.4572714970e+03
8.9343675529e+06	2.9941672895e-01	5.5022450717e+03
8.9343675529e+06	2.9912277242e-01	5.5476359344e+03
8.9343675529e+06	2.9882748133e-01	5.5934421879e+03
8.9343675529e+06	2.9853096660e-01	5.6396564513e+03
8.9343675529e+06	2.9823318884e-01	5.6862795578e+03
8.9343675529e+06	2.9793399383e-01	5.7333304188e+03
8.9343675529e+06	2.9763339763e-01	5.7812743969e+03
8.9343675529e+06	2.9733138893e-01	5.8296404341e+03
8.9343675529e+06	2.9702796727e-01	5.8784287553e+03
8.9343675529e+06	2.9672310751e-01	5.9276446758e+03
8.9343675529e+06	2.9641680654e-01	5.9773074993e+03
8.9343675529e+06	2.9610902968e-01	6.0276554577e+03
8.9343675529e+06	2.9579965916e-01	6.0815125959e+03
8.9343675529e+06	2.9561309593e-01	6.1468602474e+03
8.9343675529e+06	2.9557837118e-01	6.1887581716e+03
8.9343675529e+06	2.9554334232e-01	6.2316388983e+03
8.9343675529e+06	2.9550819305e-01	6.2646851341e+03
8.9343675529e+06	2.9547373861e-01	6.2888649319e+03
8.9343675529e+06	2.9543883502e-01	6.3100975379e+03
8.9343675529e+06	2.9540457230e-01	6.3292154161e+03
8.9343675529e+06	2.9537017747e-01	6.3478259842e+03
8.9343675529e+06	2.9533616007e-01	6.3658603090e+03
8.9343675529e+06	2.9530240611e-01	6.3836762585e+03
8.9343675529e+06	2.9526949551e-01	6.4010592482e+03
8.9343675529e+06	2.9523883831e-01	6.4167516248e+03
8.9343675529e+06	2.9521912532e-01	6.4255424581e+03
8.9343675529e+06	2.9521212615e-01	6.4263205627e+03
8.9343675529e+06	2.9521572501e-01	6.4198145643e+03
8.9343675529e+06	2.9523224759e-01	6.4035558000e+03
8.9343675529e+06	2.9526777310e-01	6.3728867838e+03
8.9343675529e+06	2.9533296920e-01	6.3203152779e+03
8.9343675529e+06	2.9545004159e-01	6.2297457374e+03
8.9343675529e+06	2.9564265542e-01	6.0859961466e+03
8.9343675529e+06	2.9588630397e-01	5.9111083900e+03
8.9343675529e+06	2.9612685064e-01	5.7452349256e+03
8.9343675529e+06	2.9636389363e-01	5.5898848100e+03
8.9343675529e+06	2.9659608678e-01	5.4430096672e+03
8.9343675529e+06	2.9682329349e-01	5.3041732483e+03
8.9343675529e+06	2.9704571811e-01	5.1732731137e+03
8.9343675529e+06	2.9726413068e-01	5.0502466588e+03
8.9343675529e+06	2.9747813734e-01	4.9335511595e+03
8.9343675529e+06	2.9768795487e-01	4.8227415237e+03
8.9343675529e+06	2.9789378396e-01	4.7176629820e+03
8.9343675529e+06	2.9809626564e-01	4.6187025923e+03
8.9343675529e+06	2.9829518151e-01	4.5243851067e+03
8.9343675529e+06	2.9849055653e-01	4.4344771935e+03
8.9343675529e+06	2.9868247508e-01	4.3487308335e+03
8.9343675529e+06	2.9887173810e-01	4.2674962998e+03
8.9343675529e+06	2.9905815810e-01	4.1900645649e+03
8.9343675529e+06	2.9924177849e-01	4.1159161110e+03
8.9343675529e+06	2.9942262682e-01	4.0448973140e+03
8.9271510234e+06	2.9960085762e-01	3.9784499987e+03
8.9271510234e+06	2.9949188948e-01	3.9225672524e+03
8.9271510234e+06	2.9967514989e-01	3.8559151377e+03
8.9271510234e+06	2.9985622657e-01	3.7919530530e+03
8.9271510234e+06	3.0003507246e-01	3.7305761941e+03
8.9271510234e+06	3.0021181263e-01	3.6718357282e+03
8.9271510234e+06	3.0038718720e-01	3.6159026530e+03
8.9133076788e+06	3.0056117181e-01	3.5650738552e+03
8.9133076788e+06	2.9352612385e-01	3.6282079877e+03
8.9133076788e+06	2.9331190287e-01	3.6305616038e+03
8.9133076788e+06	2.9306146017e-01	3.6333240501e+03
8.9133076788e+06	2.9280345279e-01	3.6346864608e+03
8.9133076788e+06	2.9254406798e-01	3.6451580784e+03
8.9133076788e+06	2.9228355453e-01	3.6635261018e+03
8.9133076788e+06	2.9202194610e-01	3.6848806118e+03
8.9133076788e+06	2.9175929339e-01	3.7074086595e+03
8.9133076788e+06	2.9149572849e-01	3.7304956439e+03
8.9133076788e+06	2.9123119367e-01	3.7539334758e+03
8.9133076788e+06	2.9096560083e-01	3.7776887106e+03
8.9133076788e+06	2.9069891521e-01	3.8019218127e+03
8.9133076788e+06	2.9043111132e-01	3.8264161273e+03
8.9133076788e+06	2.9016218679e-01	3.8511755810e+03
8.9133076788e+06	2.8989213978e-01	3.8762085803e+03
8.9133076788e+06	2.8962094057e-01	3.9015299528e+03
8.9133076788e+06	2.8934859112e-01	3.9271552089e+03
8.9133076788e+06	2.8907508719e-01	3.9531039597e+03
8.9133076788e+06	2.8880040855e-01	3.9794006245e+03
8.9133076788e+06	2.8852456333e-01	4.0060712323e+03
8.9133076788e+06	2.8824760682e-01	4.0331436397e+03
8.9133076788e+06	2.8796960428e-01	4.0606430786e+03
8.9133076788e+06	2.8769042122e-01	4.0885976548e+03
8.9133076788e+06	2.8740999347e-01	4.1171084500e+03
8.9133076788e+06	2.8712834064e-01	4.1463487629e+03
8.9133076788e+06	2.8684543533e-01	4.1760999183e+03
8.9133076788e+06	2.8656126687e-01	4.2063631305e+03
8.9133076788e+06	2.8627581894e-01	4.2371325621e+03
8.9133076788e+06	2.8598909252e-01	4.2683942723e+03
8.9133076788e+06	2.8570107130e-01	4.3001317306e+03
8.9133076788e+06	2.8541173197e-01	4.3323267533e+03
8.9133076788e+06	2.8512108122e-01	4.3649574454e+03
8.9133076788e+06	2.8482915400e-01	4.3980037284e+03
8.9133076788e+06	2.8453602573e-01	4.4314498166e+03
8.9133076788e+06	2.8424166550e-01	4.4652793174e+03
8.9133076788e+06	2.8394593184e-01	4.4995259292e+03
8.9133076788e+06	2.8364882122e-01	4.5344641369e+03
8.9133076788e+06	2.8335033009e-01	4.5697700928e+03
8.9133076788e+06	2.8305042753e-01	4.6054427522e+03
8.9133076788e+06	2.8274912100e-01	4.6414779362e+03
8.9133076788e+06	2.8244638689e-01	4.6778765118e+03
8.9133076788e+06	2.8214221172e-01	4.7146391150e+03
8.9133076788e+06	2.8183657407e-01	4.7517680324e+03
8.9133076788e+06	2.8152946672e-01	4.7892642631e+03
8.9133076788e+06	2.8122088664e-01	4.8271286879e+03
8.9133076788e+06	2.8091088788e-01	4.8653636418e+03
8.9133076788e+06	2.8059955998e-01	4.9039702893e+03
8.9133076788e+06	2.8028672194e-01	4.9429780643e+03
8.9133076788e+06	2.7997233558e-01	4.9827934303e+03
8.9133076788e+06	2.7965636413e-01	5.0234965621e+03
8.9133076788e+06	2.7933853155e-01	5.0704817391e+03
8.9133076788e+06	2.7924863617e-01	5.1472368831e+03
8.9133076788e+06	2.7921176013e-01	5.1760582810e+03
8.9133076788e+06	2.7917566806e-01	5.1969817900e+03
8.9133076788e+06	2.7913955149e-01	5.2143819023e+03
8.9133076788e+06	2.7910371542e-01	5.2300771418e+03
8.9133076788e+06	2.7906812463e-01	5.2449642542e+03
8.9133076788e+06	2.7903251340e-01	5.2596144816e+03
8.9133076788e+06	2.7899742715e-01	5.2738591483e+03
8.9133076788e+06	2.7896255776e-01	5.2880180278e+03
8.9133076788e+06	2.7892942718e-01	5.3011997187e+03
8.9133076788e+06	2.7890205689e-01	5.3114112952e+03
8.9133076788e+06	2.7889100651e-01	5.3142236200e+03
8.9133076788e+06	2.7889015895e-01	5.3119609101e+03
8.9133076788e+06	2.7890051252e-01	5.3034892091e+03
8.9133076788e+06	2.7892676063e-01	5.2859911634e+03
8.9133076788e+06	2.7897736182e-01	5.2546827682e+03
8.9133076788e+06	2.7906608476e-01	5.2021935882e+03
8.9133076788e+06	2.7921445251e-01	5.1174875451e+03
8.9133076788e+06	2.7940256482e-01	5.0137756708e+03
8.9133076788e+06	2.7959038978e-01	4.9142387896e+03
8.9133076788e+06	2.7977666751e-01	4.8195027951e+03
8.9133076788e+06	2.7996012254e-01	4.7289388934e+03
8.9133076788e+06	2.8014065118e-01	4.6423670576e+03
8.9133076788e+06	2.8031859485e-01	4.5594365123e+03
8.9133076788e+06	2.8049462603e-01	4.4806070645e+03
8.9133076788e+06	2.8066825316e-01	4.4052576203e+03
8.9133076788e+06	2.8083931525e-01	4.3330142480e+03
8.9133076788e+06	2.8100809271e-01	4.2636297857e+03
8.9133076788e+06	2.8117494000e-01	4.1968461885e+03
8.9126724750e+06	2.8134037126e-01	4.1333599520e+03
8.9126724750e+06	2.8355004406e-01	4.1267778889e+03
8.9126724750e+06	2.8355603304e-01	4.1224815800e+03
8.9126724750e+06	2.8358185707e-01	4.1111548899e+03
8.9126724750e+06	2.8363463371e-01	4.0900395099e+03
8.9126724750e+06	2.8372848712e-01	4.0542238337e+03
8.9126724750e+06	2.8388381369e-01	3.9970287920e+03
8.9126724750e+06	2.8404142557e-01	3.9408441335e+03
8.9126724750e+06	2.8419970931e-01	3.8860113274e+03
8.9126724750e+06	2.8435817843e-01	3.8331669259e+03
8.9031269367e+06	2.8451581363e-01	3.7846308350e+03
8.9031269367e+06	2.7988601347e-01	3.8361755747e+03
8.9031269367e+06	2.7963645550e-01	3.8590638558e+03
8.9031269367e+06	2.7938595267e-01	3.8831763837e+03
8.9031269367e+06	2.7913462273e-01	3.9076794383e+03
8.9031269367e+06	2.7888256696e-01	3.9326094023e+03
8.9031269367e+06	2.7862956035e-01	3.9580631476e+03
8.9031269367e+06	2.7837558300e-01	3.9838537998e+03
8.9031269367e+06	2.7812062712e-01	4.0099774201e+03
8.9031269367e+06	2.7786468474e-01	4.0364311789e+03
8.9031269367e+06	2.7760775117e-01	4.0632128389e+03
8.9031269367e+06	2.7734981509e-01	4.0903215477e+03
8.9031269367e+06	2.7709086433e-01	4.1177570749e+03
8.9031269367e+06	2.7683089229e-01	4.1455190023e+03
8.9031269367e+06	2.7656989831e-01	4.1736065605e+03
8.9031269367e+06	2.7630789050e-01	4.2020211601e+03
8.9031269367e+06	2.7604505895e-01	4.2307591799e+03
8.9031269367e+06	2.7578126586e-01	4.2598238334e+03
8.9031269367e+06	2.7551640716e-01	4.2895123491e+03
8.9031269367e+06	2.7525047756e-01	4.3195606863e+03
8.9031269367e+06	2.7498347325e-01	4.3499453080e+03
8.9031269367e+06	2.7471537346e-01	4.3806683613e+03
8.9031269367e+06	2.7444618079e-01	4.4117293058e+03
8.9031269367e+06	2.7417587331e-01	4.4431304567e+03
8.9031269367e+06	2.7390445437e-01	4.4748712559e+03
8.9031269367e+06	2.7363189541e-01	4.5069550218e+03
8.9031269367e+06	2.7335820815e-01	4.5393811041e+03
8.9031269367e+06	2.7308347050e-01	4.5721497013e+03
8.9031269367e+06	2.7280776883e-01	4.6052636114e+03
8.9031269367e+06	2.7253094035e-01	4.6387275620e+03
8.9031269367e+06	2.7225292551e-01	4.6727700702e+03
8.9031269367e+06	2.7197373528e-01	4.7073118320e+03
8.9031269367e+06	2.7169334640e-01	4.7422317035e+03
8.9031269367e+06	2.7141173326e-01	4.7775436786e+03
8.9031269367e+06	2.7112891389e-01	4.8132597906e+03
8.9031269367e+06	2.7084485156e-01	4.8494032671e+03
8.9031269367e+06	2.7055954643e-01	4.8859973625e+03
8.9031269367e+06	2.7027299533e-01	4.9230705371e+03
8.9031269367e+06	2.6998518902e-01	4.9606590894e+03
8.9031269367e+06	2.6969623342e-01	4.9987966177e+03
8.9031269367e+06	2.6940612379e-01	5.0375247298e+03
8.9031269367e+06	2.6911471974e-01	5.0768831130e+03
8.9031269367e+06	2.6882200303e-01	5.1170790598e+03
8.9031269367e+06	2.6852795766e-01	5.1582232404e+03
8.9031269367e+06	2.6823257280e-01	5.2000943911e+03
8.9031269367e+06	2.6793583652e-01	5.2427028546e+03
8.9031269367e+06	2.6763772314e-01	5.2860497759e+03
8.9031269367e+06	2.6733824817e-01	5.3301201740e+03
8.9031269367e+06	2.6703738588e-01	5.3748969067e+03
8.9031269367e+06	2.6673512419e-01	5.4203553592e+03
8.9031269367e+06	2.6643148637e-01	5.4664677428e+03
8.9031269367e+06	2.6612654869e-01	5.5132070199e+03
8.9031269367e+06	2.6582030615e-01	5.5605446671e+03
8.9031269367e+06	2.6551257501e-01	5.6084648100e+03
8.9031269367e+06	2.6520335895e-01	5.6573956459e+03
8.9031269367e+06	2.6489267495e-01	5.7069529394e+03
8.9031269367e+06	2.6458049211e-01	5.7570613983e+03
8.9031269367e+06	2.6426681289e-01	5.8077119350e+03
8.9031269367e+06	2.6395161144e-01	5.8589028314e+03
8.9031269367e+06	2.6363487989e-01	5.9106317114e+03
8.9031269367e+06	2.6331660016e-01	5.9628995532e+03
8.9031269367e+06	2.6299675730e-01	6.0157080411e+03
8.9031269367e+06	2.6267534667e-01	6.0690609942e+03
8.9031269367e+06	2.6235250777e-01	6.1229576273e+03
8.9031269367e+06	2.6202817174e-01	6.1774043952e+03
8.9031269367e+06	2.6170217144e-01	6.2327070031e+03
8.9031269367e+06	2.6137450702e-01	6.2893855346e+03
8.9031269367e+06	2.6104500385e-01	6.3527812067e+03
8.9031269367e+06	2.6092532276e-01	6.4561035707e+03
8.9031269367e+06	2.6088336523e-01	6.5073112891e+03
8.9031269367e+06	2.6084617814e-01	6.5387909790e+03
8.9031269367e+06	2.6080892394e-01	6.5643839061e+03
8.9031269367e+06	2.6077202490e-01	6.5871465100e+03
8.9031269367e+06	2.6073528633e-01	6.6087342519e+03
8.9031269367e+06	2.6069865534e-01	6.6298286568e+03
8.9031269367e+06	2.6066243056e-01	6.6504593378e+03
8.9031269367e+06	2.6062663712e-01	6.6707832505e+03
8.9031269367e+06	2.6059259545e-01	6.6897594531e+03
8.9031269367e+06	2.6056584280e-01	6.7035610030e+03
8.9031269367e+06	2.6055581961e-01	6.7067488336e+03
8.9031269367e+06	2.6055653602e-01	6.7023833680e+03
8.9031269367e+06	2.6056937720e-01	6.6886031100e+03
8.9031269367e+06	2.6059964740e-01	6.6610410648e+03
8.9031269367e+06	2.6065661002e-01	6.6124564924e+03
8.9031269367e+06	2.6075552231e-01	6.5316492945e+03
8.9031269367e+06	2.6091964846e-01	6.4021849553e+03
8.9031269367e+06	2.6112504885e-01	6.2460587292e+03
8.9031269367e+06	2.6132931500e-01	6.0981363989e+03
8.9031269367e+06	2.6153053993e-01	5.9576509781e+03
8.9031269367e+06	2.6172811905e-01	5.8241066815e+03
8.9031269367e+06	2.6192189349e-01	5.6972204174e+03
8.9031269367e+06	2.6211251904e-01	5.5775277803e+03
8.9031269367e+06	2.6229998676e-01	5.4637777996e+03
8.9031269367e+06	2.6248413531e-01	5.3553334172e+03
8.9031269367e+06	2.6266503501e-01	5.2518990513e+03
8.9031269367e+06	2.6284310466e-01	5.1535246170e+03
8.9031269367e+06	2.6301878625e-01	5.0601346049e+03
8.9031269367e+06	2.6319181624e-01	4.9707021240e+03
8.9031269367e+06	2.6336220941e-01	4.8850473219e+03
8.9031269367e+06	2.6353011427e-01	4.8029338090e+03
8.9031269367e+06	2.6369594866e-01	4.7247852009e+03
8.9031269367e+06	2.6385999581e-01	4.6499663134e+03
8.9031269367e+06	2.6402203044e-01	4.5779921071e+03
8.9031269367e+06	2.6418216036e-01	4.5087048688e+03
8.9004766206e+06	2.6434028032e-01	4.4428166058e+03
8.9004766206e+06	2.6721657915e-01	4.3562647551e+03
8.9004766206e+06	2.6738546107e-01	4.2886362869e+03
8.9004766206e+06	2.6755280507e-01	4.2234965175e+03
8.9004766206e+06	2.6771854972e-01	4.1607681515e+03
8.9004766206e+06	2.6788272451e-01	4.1003461069e+03
8.9004766206e+06	2.6804603201e-01	4.0426704451e+03
8.8880967469e+06	2.6820875131e-01	3.9904855826e+03
8.8880967469e+06	2.6279115884e-01	4.0537555470e+03
8.8880967469e+06	2.6253601646e-01	4.0762798389e+03
8.8880967469e+06	2.6227986427e-01	4.1023873773e+03
8.8880967469e+06	2.6202271979e-01	4.1289828607e+03
8.8880967469e+06	2.6176480019e-01	4.1559788710e+03
8.8880967469e+06	2.6150604802e-01	4.1835361624e+03
8.8880967469e+06	2.6124628298e-01	4.2115994723e+03
8.8880967469e+06	2.6098549924e-01	4.2400476112e+03
8.8880967469e+06	2.6072368340e-01	4.2688780144e+03
8.8880967469e+06	2.6046082679e-01	4.2980887027e+03
8.8880967469e+06	2.6019691702e-01	4.3276790231e+03
8.8880967469e+06	2.5993195237e-01	4.3576477994e+03
8.8880967469e+06	2.5966591278e-01	4.3879964401e+03
8.8880967469e+06	2.5939879911e-01	4.4187243544e+03
8.8880967469e+06	2.5913063922e-01	4.4498316084e+03
8.8880967469e+06	2.5886162368e-01	4.4813173037e+03
8.8880967469e+06	2.5859159124e-01	4.5132130708e+03
8.8880967469e+06	2.5832044699e-01	4.5458124442e+03
8.8880967469e+06	2.5804817653e-01	4.5788056791e+03
8.8880967469e+06	2.5777477558e-01	4.6121939850e+03
8.8880967469e+06	2.5750023796e-01	4.6459784604e+03
8.8880967469e+06	2.5722453868e-01	4.6801625441e+03
8.8880967469e+06	2.5694767847e-01	4.7147465082e+03
8.8880967469e+06	2.5666965149e-01	4.7497314483e+03
8.8880967469e+06	2.5639043418e-01	4.7851208615e+03
8.8880967469e+06	2.5611009622e-01	4.8209138618e+03
8.8880967469e+06	2.5582877744e-01	4.8571117090e+03
8.8880967469e+06	2.5554630128e-01	4.8937197380e+03
8.8880967469e+06	2.5526259128e-01	4.9309954444e+03
8.8880967469e+06	2.5497764183e-01	4.9688308096e+03
8.8880967469e+06	2.5469145775e-01	5.0070979428e+03
8.8880967469e+06	2.5440401383e-01	5.0458071571e+03
8.8880967469e+06	2.5411529840e-01	5.0849695391e+03
8.8880967469e+06	2.5382529955e-01	5.1245995574e+03
8.8880967469e+06	2.5353399285e-01	5.1647175614e+03
8.8880967469e+06	2.5324138459e-01	5.2053448668e+03
8.8880967469e+06	2.5294755182e-01	5.2465088757e+03
8.8880967469e+06	2.5265257521e-01	5.2882417041e+03
8.8880967469e+06	2.5235629871e-01	5.3305838453e+03
8.8880967469e+06	2.5205865300e-01	5.3736909490e+03
8.8880967469e+06	2.5175964358e-01	5.4178314029e+03
8.8880967469e+06	2.5145923869e-01	5.4627217841e+03
8.8880967469e+06	2.5115744343e-01	5.5083969713e+03
8.8880967469e+06	2.5085424079e-01	5.5548870444e+03
8.8880967469e+06	2.5054960715e-01	5.6022130914e+03
8.8880967469e+06	2.5024353254e-01	5.6503825962e+03
8.8880967469e+06	2.4993602697e-01	5.6993895305e+03
8.8880967469e+06	2.4962713738e-01	5.7492223031e+03
8.8880967469e+06	2.4931694875e-01	5.7998563878e+03
8.8880967469e+06	2.4900530686e-01	5.8512665796e+03
8.8880967469e+06	2.4869212473e-01	5.9036195696e+03
8.8880967469e+06	2.4837741722e-01	5.9570689611e+03
8.8880967469e+06	2.4806116917e-01	6.0112331502e+03
8.8880967469e+06	2.4774337490e-01	6.0660904961e+03
8.8880967469e+06	2.4742402186e-01	6.1216245723e+03
8.8880967469e+06	2.4710310290e-01	6.1778223529e+03
8.8880967469e+06	2.4678059361e-01	6.2346777905e+03
8.8880967469e+06	2.4645647473e-01	6.2921873818e+03
8.8880967469e+06	2.4613079323e-01	6.3503485623e+03
8.8880967469e+06	2.4580367955e-01	6.4091587921e+03
8.8880967469e+06	2.4547494028e-01	6.4686237670e+03
8.8880967469e+06	2.4514450052e-01	6.5291927421e+03
8.8880967469e+06	2.4481237513e-01	6.5906083364e+03
8.8880967469e+06	2.4447854678e-01	6.6527243082e+03
8.8880967469e+06	2.4414298481e-01	6.7157784178e+03
8.8880967469e+06	2.4380560763e-01	6.7826971333e+03
8.8880967469e+06	2.4360711540e-01	6.8788321309e+03
8.8880967469e+06	2.4354812750e-01	6.9685786971e+03
8.8880967469e+06	2.4350955768e-01	7.0056554614e+03
8.8880967469e+06	2.4347088621e-01	7.0353959885e+03
8.8880967469e+06	2.4343267958e-01	7.0615511009e+03
8.8880967469e+06	2.4339452942e-01	7.0864207318e+03
8.8880967469e+06	2.4335664799e-01	7.1105596764e+03
8.8880967469e+06	2.4331900627e-01	7.1343640923e+03
8.8880967469e+06	2.4328204973e-01	7.1577442872e+03
8.8880967469e+06	2.4324671905e-01	7.1799712018e+03
8.8880967469e+06	2.4322090392e-01	7.1950715927e+03
8.8880967469e+06	2.4321041966e-01	7.1993643006e+03
8.8880967469e+06	2.4320982247e-01	7.1958668571e+03
8.8880967469e+06	2.4322043193e-01	7.1827202699e+03
8.8880967469e+06	2.4324705637e-01	7.1555247840e+03
8.8880967469e+06	2.4329834378e-01	7.1073969200e+03
8.8880967469e+06	2.4338800532e-01	7.0270329715e+03
8.8880967469e+06	2.4354438963e-01	6.8918211869e+03
8.8880967469e+06	2.4373878043e-01	6.7298004612e+03
8.8880967469e+06	2.4393178343e-01	6.5746486274e+03
8.8880967469e+06	2.4412228744e-01	6.4277714384e+03
8.8880967469e+06	2.4430959651e-01	6.2887848677e+03
8.8880967469e+06	2.4449351361e-01	6.1564831506e+03
8.8880967469e+06	2.4467420583e-01	6.0304073661e+03
8.8880967469e+06	2.4485191791e-01	5.9107139776e+03
8.8880967469e+06	2.4502692546e-01	5.7973519170e+03
8.8880967469e+06	2.4519886981e-01	5.6891457576e+03
8.8880967469e+06	2.4536808674e-01	5.5856526277e+03
8.8880967469e+06	2.4553471199e-01	5.4865808049e+03
8.8880967469e+06	2.4569937547e-01	5.3925796604e+03
8.8880967469e+06	2.4586174409e-01	5.3026237857e+03
8.8880967469e+06	2.4602161714e-01	5.2164092729e+03
8.8880967469e+06	2.4617953930e-01	5.1334940674e+03
8.8880967469e+06	2.4633548059e-01	5.0537626219e+03
8.8880967469e+06	2.4649030900e-01	4.9778486319e+03
8.8880967469e+06	2.4664316858e-01	4.9048344377e+03
8.8863808589e+06	2.4679413461e-01	4.8351244655e+03
8.8863808589e+06	2.5005927859e-01	4.7469642622e+03
8.8863808589e+06	2.5020483792e-01	4.6819275038e+03
8.8863808589e+06	2.5035253468e-01	4.6186709644e+03
8.8863808589e+06	2.5050069580e-01	4.5571999124e+03
8.8863808589e+06	2.5064805885e-01	4.4976280606e+03
8.8863808589e+06	2.5079465253e-01	4.4398451417e+03
8.8780452810e+06	2.5094085126e-01	4.3863967593e+03
8.8780452810e+06	2.4699340587e-01	4.3776926510e+03
8.8780452810e+06	2.4714542115e-01	4.3211629014e+03
8.8780452810e+06	2.4729762967e-01	4.2660650529e+03
8.8780452810e+06	2.4744999786e-01	4.2123753750e+03
8.8780452810e+06	2.4760274968e-01	4.1599850627e+03
8.8780452810e+06	2.4775634993e-01	4.1091402989e+03
8.8661407919e+06	2.4791082552e-01	4.0638709759e+03
8.8661407919e+06	2.4371779792e-01	4.1276304303e+03
8.8661407919e+06	2.4346666434e-01	4.1318077647e+03
8.8661407919e+06	2.4320635290e-01	4.1352417638e+03
8.8661407919e+06	2.4294384400e-01	4.1528491632e+03
8.8661407919e+06	2.4268035870e-01	4.1779667353e+03
8.8661407919e+06	2.4241612721e-01	4.2046017109e+03
8.8661407919e+06	2.4215092401e-01	4.2318842331e+03
8.8661407919e+06	2.4188463292e-01	4.2597405748e+03
8.8661407919e+06	2.4161724012e-01	4.2879683496e+03
8.8661407919e+06	2.4134874125e-01	4.3165641459e+03
8.8661407919e+06	2.4107912062e-01	4.3455298440e+03
8.8661407919e+06	2.4080836796e-01	4.3748675823e+03
8.8661407919e+06	2.4053646634e-01	4.4045804080e+03
8.8661407919e+06	2.4026341874e-01	4.4346692439e+03
8.8661407919e+06	2.3998927245e-01	4.4651368435e+03
8.8661407919e+06	2.3971420619e-01	4.4959819732e+03
8.8661407919e+06	2.3943804903e-01	4.5272102339e+03
8.8661407919e+06	2.3916071902e-01	4.5591279098e+03
8.8661407919e+06	2.3888217692e-01	4.5914716793e+03
8.8661407919e+06	2.3860242065e-01	4.6242194697e+03
8.8661407919e+06	2.3832143607e-01	4.6573773073e+03
8.8661407919e+06	2.3803921159e-01	4.6909524155e+03
8.8661407919e+06	2.3775574489e-01	4.7249529056e+03
8.8661407919e+06	2.3747100092e-01	4.7593935383e+03
8.8661407919e+06	2.3718508891e-01	4.7942838483e+03
8.8661407919e+06	2.3689810926e-01	4.8296431084e+03
8.8661407919e+06	2.3660992788e-01	4.8654941816e+03
8.8661407919e+06	2.3632042766e-01	4.9020556399e+03
8.8661407919e+06	2.3602961430e-01	4.9393736517e+03
8.8661407919e+06	2.3573746405e-01	4.9772890285e+03
8.8661407919e+06	2.3544395282e-01	5.0158393814e+03
8.8661407919e+06	2.3514908966e-01	5.0550572704e+03
8.8661407919e+06	2.3485283322e-01	5.0949790016e+03
8.8661407919e+06	2.3455520286e-01	5.1356276575e+03
8.8661407919e+06	2.3425623653e-01	5.1770248396e+03
8.8661407919e+06	2.3395608849e-01	5.2191747645e+03
8.8661407919e+06	2.3365460540e-01	5.2620819763e+03
8.8661407919e+06	2.3335167523e-01	5.3058985772e+03
8.8661407919e+06	2.3304727304e-01	5.3507609877e+03
8.8661407919e+06	2.3274140542e-01	5.3963573858e+03
8.8661407919e+06	2.3243406394e-01	5.4426673101e+03
8.8661407919e+06	2.3212522378e-01	5.4896726591e+03
8.8661407919e+06	2.3181485334e-01	5.5373584276e+03
8.8661407919e+06	2.3150296133e-01	5.5857062211e+03
8.8661407919e+06	2.3118957930e-01	5.6347040641e+03
8.8661407919e+06	2.3087484971e-01	5.6843420511e+03
8.8661407919e+06	2.3055863567e-01	5.7346181163e+03
8.8661407919e+06	2.3024081680e-01	5.7858349047e+03
8.8661407919e+06	2.2992140261e-01	5.8379164873e+03
8.8661407919e+06	2.2960036705e-01	5.8906512619e+03
8.8661407919e+06	2.2927769371e-01	5.9440431489e+03
8.8661407919e+06	2.2895335810e-01	5.9980981737e+03
8.8661407919e+06	2.2862735870e-01	6.0528197035e+03
8.8661407919e+06	2.2829965905e-01	6.1082243949e+03
8.8661407919e+06	2.2797028146e-01	6.1644140902e+03
8.8661407919e+06	2.2763936522e-01	6.2226971269e+03
8.8661407919e+06	2.2738650257e-01	6.2961939925e+03
8.8661407919e+06	2.2731503025e-01	6.3896011798e+03
8.8661407919e+06	2.2727559765e-01	6.4238759212e+03
8.8661407919e+06	2.2723595526e-01	6.4512602677e+03
8.8661407919e+06	2.2719685570e-01	6.4751670053e+03
8.8661407919e+06	2.2715769414e-01	6.4979736850e+03
8.8661407919e+06	2.2711894192e-01	6.5200055554e+03
8.8661407919e+06	2.2708025750e-01	6.5418997192e+03
8.8661407919e+06	2.2704238655e-01	6.5632001004e+03
8.8661407919e+06	2.2700581998e-01	6.5836374515e+03
8.8661407919e+06	2.2698067392e-01	6.5969086926e+03
8.8661407919e+06	2.2696929892e-01	6.6017914582e+03
8.8661407919e+06	2.2696668436e-01	6.6007150784e+03
8.8661407919e+06	2.2697390781e-01	6.5924145915e+03
8.8661407919e+06	2.2699509245e-01	6.5736632565e+03
8.8661407919e+06	2.2703768819e-01	6.5389902901e+03
8.8661407919e+06	2.2711367397e-01	6.4798419990e+03
8.8661407919e+06	2.2724168927e-01	6.3835279200e+03
8.8661407919e+06	2.2740059426e-01	6.2682511037e+03
8.8661407919e+06	2.2756005588e-01	6.1576536695e+03
8.8661407919e+06	2.2771788647e-01	6.0513321725e+03
8.8661407919e+06	2.2787360778e-01	5.9493276295e+03
8.8661407919e+06	2.2802711149e-01	5.8514986134e+03
8.8661407919e+06	2.2817916186e-01	5.7578650731e+03
8.8661407919e+06	2.2832978601e-01	5.6682938458e+03
8.8661407919e+06	2.2847857952e-01	5.5821032538e+03
8.8661407919e+06	2.2862559090e-01	5.4991319280e+03
8.8661407919e+06	2.2877068674e-01	5.4193255098e+03
8.8661407919e+06	2.2891482086e-01	5.3426377996e+03
8.8661407919e+06	2.2905805985e-01	5.2689667190e+03
8.8661407919e+06	2.2920010096e-01	5.1977160526e+03
8.8661407919e+06	2.2934081781e-01	5.1288647396e+03
8.8661407919e+06	2.2948032289e-01	5.0622755744e+03
8.8661407919e+06	2.2961951799e-01	4.9976971703e+03
8.8661407919e+06	2.2975870642e-01	4.9355177682e+03
8.8661407919e+06	2.2989724721e-01	4.8751173820e+03
8.8661407919e+06	2.3003520393e-01	4.8164192582e+03
8.8661407919e+06	2.3017295550e-01	4.7592207223e+03
8.8661407919e+06	2.3031081757e-01	4.7033608547e+03
8.8661407919e+06	2.3044960719e-01	4.6492661791e+03
8.8661407919e+06	2.3058881605e-01	4.5964678137e+03
8.8661407919e+06	2.3072829908e-01	4.5448500037e+03
8.8661407919e+06	2.3086829401e-01	4.4943093002e+03
8.8579808219e+06	2.3100910797e-01	4.4479555606e+03
8.8579808219e+06	2.3050052968e-01	4.4163629028e+03
8.8579808219e+06	2.3065360828e-01	4.3642930725e+03
8.8579808219e+06	2.3080762393e-01	4.3133732980e+03
8.8579808219e+06	2.3096252791e-01	4.2636014327e+03
8.8579808219e+06	2.3111828128e-01	4.2149769000e+03
8.8579808219e+06	2.3127574360e-01	4.1679347643e+03
8.8459458660e+06	2.3143414372e-01	4.1269002850e+03
8.8459458660e+06	2.2608364135e-01	4.2194790053e+03
8.8459458660e+06	2.2582468736e-01	4.2244338536e+03
8.8459458660e+06	2.2555700996e-01	4.2338283005e+03
8.8459458660e+06	2.2528845940e-01	4.2571878030e+03
8.8459458660e+06	2.2501885083e-01	4.2830115085e+03
8.8459458660e+06	2.2474843440e-01	4.3094442540e+03
8.8459458660e+06	2.2447713292e-01	4.3363511282e+03
8.8459458660e+06	2.2420472081e-01	4.3638441645e+03
8.8459458660e+06	2.2393117628e-01	4.3917268064e+03
8.8459458660e+06	2.2365648349e-01	4.4200025374e+03
8.8459458660e+06	2.2338063187e-01	4.4486745327e+03
8.8459458660e+06	2.2310360439e-01	4.4777467486e+03
8.8459458660e+06	2.2282540297e-01	4.5072211704e+03
8.8459458660e+06	2.2254602422e-01	4.5371015316e+03
8.8459458660e+06	2.2226566097e-01	4.5673877266e+03
8.8459458660e+06	2.2198432440e-01	4.5980815270e+03
8.8459458660e+06	2.2170179242e-01	4.6294172341e+03
8.8459458660e+06	2.2141803337e-01	4.6612642595e+03
8.8459458660e+06	2.2113302791e-01	4.6935440832e+03
8.8459458660e+06	2.2084676431e-01	4.7262612066e+03
8.8459458660e+06	2.2055923066e-01	4.7594206087e+03
8.8459458660e+06	2.2027041483e-01	4.7930281101e+03
8.8459458660e+06	2.1998031656e-01	4.8270904388e+03
8.8459458660e+06	2.1968908926e-01	4.8616127128e+03
8.8459458660e+06	2.1939678769e-01	4.8966050748e+03
8.8459458660e+06	2.1910319952e-01	4.9321521156e+03
8.8459458660e+06	2.1880828936e-01	4.9685008626e+03
8.8459458660e+06	2.1851202302e-01	5.0053837865e+03
8.8459458660e+06	2.1821438730e-01	5.0428255510e+03
8.8459458660e+06	2.1791535750e-01	5.0808559076e+03
8.8459458660e+06	2.1761493127e-01	5.1195053081e+03
8.8459458660e+06	2.1731311257e-01	5.1588064977e+03
8.8459458660e+06	2.1700999458e-01	5.1987950310e+03
8.8459458660e+06	2.1670570231e-01	5.2394993339e+03
8.8459458660e+06	2.1640001269e-01	5.2809563195e+03
8.8459458660e+06	2.1609286227e-01	5.3235246500e+03
8.8459458660e+06	2.1578423331e-01	5.3670077123e+03
8.8459458660e+06	2.1547411142e-01	5.4113094338e+03
8.8459458660e+06	2.1516247034e-01	5.4564318719e+03
8.8459458660e+06	2.1484930687e-01	5.5023663307e+03
8.8459458660e+06	2.1453460633e-01	5.5491004236e+03
8.8459458660e+06	2.1421844917e-01	5.5966151397e+03
8.8459458660e+06	2.1390096543e-01	5.6448922590e+03
8.8459458660e+06	2.1358198140e-01	5.6939202208e+03
8.8459458660e+06	2.1326138250e-01	5.7440436113e+03
8.8459458660e+06	2.1293917864e-01	5.7950580842e+03
8.8459458660e+06	2.1261533319e-01	5.8468110523e+03
8.8459458660e+06	2.1228984910e-01	5.8992958717e+03
8.8459458660e+06	2.1196269974e-01	5.9525132689e+03
8.8459458660e+06	2.1163386796e-01	6.0064648306e+03
8.8459458660e+06	2.1130335710e-01	6.0611536095e+03
8.8459458660e+06	2.1097135264e-01	6.1165811748e+03
8.8459458660e+06	2.1063777771e-01	6.1727528705e+03
8.8459458660e+06	2.1030243533e-01	6.2301056153e+03
8.8459458660e+06	2.0996531207e-01	6.2884095367e+03
8.8459458660e+06	2.0962640628e-01	6.3478220686e+03
8.8459458660e+06	2.0928564761e-01	6.4122729608e+03
8.8459458660e+06	2.0915154749e-01	6.5059928787e+03
8.8459458660e+06	2.0911028751e-01	6.5515056787e+03
8.8459458660e+06	2.0906972583e-01	6.5856712959e+03
8.8459458660e+06	2.0902872928e-01	6.6136346752e+03
8.8459458660e+06	2.0898864543e-01	6.6380707220e+03
8.8459458660e+06	2.0894798299e-01	6.6620122811e+03
8.8459458660e+06	2.0890825995e-01	6.6848151786e+03
8.8459458660e+06	2.0886819468e-01	6.7079608686e+03
8.8459458660e+06	2.0882945154e-01	6.7304080155e+03
8.8459458660e+06	2.0879252253e-01	6.7516221357e+03
8.8459458660e+06	2.0877387696e-01	6.7616637437e+03
8.8459458660e+06	2.0876385138e-01	6.7662652500e+03
8.8459458660e+06	2.0876066303e-01	6.7659597720e+03
8.8459458660e+06	2.0876593785e-01	6.7593031380e+03
8.8459458660e+06	2.0878348164e-01	6.7433084051e+03
8.8459458660e+06	2.0882011030e-01	6.7129686014e+03
8.8459458660e+06	2.0888665717e-01	6.6609428272e+03
8.8459458660e+06	2.0900014405e-01	6.5754038593e+03
8.8459458660e+06	2.0914019272e-01	6.4732111159e+03
8.8459458660e+06	2.0928086424e-01	6.3736509663e+03
8.8459458660e+06	2.0942062013e-01	6.2774329452e+03
8.8459458660e+06	2.0955911139e-01	6.1850050493e+03
8.8459458660e+06	2.0969670789e-01	6.0965329239e+03
8.8459458660e+06	2.0983325802e-01	6.0109354847e+03
8.8459458660e+06	2.0996872216e-01	5.9281351280e+03
8.8459458660e+06	2.1010298942e-01	5.8480985790e+03
8.8459458660e+06	2.1023613163e-01	5.7708864281e+03
8.8459458660e+06	2.1036928646e-01	5.6965796736e+03
8.8459458660e+06	2.1050189720e-01	5.6243667670e+03
8.8459458660e+06	2.1063391129e-01	5.5542172128e+03
8.8459458660e+06	2.1076539162e-01	5.4860395627e+03
8.8459458660e+06	2.1089645708e-01	5.4197194811e+03
8.8459458660e+06	2.1102833909e-01	5.3555637219e+03
8.8459458660e+06	2.1116051123e-01	5.2929580386e+03
8.8459458660e+06	2.1129297065e-01	5.2317334775e+03
8.8459458660e+06	2.1142571769e-01	5.1718686498e+03
8.8459458660e+06	2.1155879204e-01	5.1133250959e+03
8.8459458660e+06	2.1169312686e-01	5.0562577377e+03
8.8459458660e+06	2.1182857510e-01	5.0005617014e+03
8.8459458660e+06	2.1196473284e-01	4.9459628623e+03
8.8459458660e+06	2.1210156873e-01	4.8924659294e+03
8.8459458660e+06	2.1223913168e-01	4.8400435491e+03
8.8459458660e+06	2.1237779151e-01	4.7889042775e+03
8.8409055254e+06	2.1251772156e-01	4.7415468075e+03
8.8409055254e+06	2.1412805610e-01	4.6716733789e+03
8.8409055254e+06	2.1428100897e-01	4.6184273493e+03
8.8409055254e+06	2.1443473872e-01	4.5664901074e+03
8.8409055254e+06	2.1459003353e-01	4.5162744305e+03
8.8409055254e+06	2.1474627492e-01	4.4674704721e+03
8.8409055254e+06	2.1490313225e-01	4.4199309886e+03
8.8297906732e+06	2.1506055806e-01	4.3788952846e+03
8.8297906732e+06	2.1046494461e-01	4.4723624130e+03
8.8297906732e+06	2.1020480585e-01	4.4977663691e+03
8.8297906732e+06	2.0994363780e-01	4.5241342368e+03
8.8297906732e+06	2.0968142369e-01	4.5511170309e+03
8.8297906732e+06	2.0941815456e-01	4.5786483584e+03
8.8297906732e+06	2.0915382236e-01	4.6066952473e+03
8.8297906732e+06	2.0888841374e-01	4.6352403465e+03
8.8297906732e+06	2.0862200840e-01	4.6642716765e+03
8.8297906732e+06	2.0835499118e-01	4.6938710225e+03
8.8297906732e+06	2.0808690925e-01	4.7241564716e+03
8.8297906732e+06	2.0781771833e-01	4.7549314954e+03
8.8297906732e+06	2.0754740455e-01	4.7861979720e+03
8.8297906732e+06	2.0727595237e-01	4.8179586932e+03
8.8297906732e+06	2.0700335611e-01	4.8502160329e+03
8.8297906732e+06	2.0672960422e-01	4.8829735878e+03
8.8297906732e+06	2.0645471468e-01	4.9162339013e+03
8.8297906732e+06	2.0617900298e-01	4.9499948639e+03
8.8297906732e+06	2.0590226735e-01	4.9844292358e+03
8.8297906732e+06	2.0562434890e-01	5.0195632879e+03
8.8297906732e+06	2.0534521632e-01	5.0552309946e+03
8.8297906732e+06	2.0506486386e-01	5.0914370548e+03
8.8297906732e+06	2.0478328630e-01	5.1281859001e+03
8.8297906732e+06	2.0450045905e-01	5.1654845444e+03
8.8297906732e+06	2.0421638607e-01	5.2033365382e+03
8.8297906732e+06	2.0393124703e-01	5.2417442183e+03
8.8297906732e+06	2.0364512854e-01	5.2807091063e+03
8.8297906732e+06	2.0335776407e-01	5.3205268129e+03
8.8297906732e+06	2.0306908962e-01	5.3610505256e+03
8.8297906732e+06	2.0277910027e-01	5.4021686443e+03
8.8297906732e+06	2.0248778324e-01	5.4438876985e+03
8.8297906732e+06	2.0219513469e-01	5.4862132533e+03
8.8297906732e+06	2.0190112266e-01	5.5291556856e+03
8.8297906732e+06	2.0160584054e-01	5.5727186025e+03
8.8297906732e+06	2.0130948997e-01	5.6169080421e+03
8.8297906732e+06	2.0101183253e-01	5.6617424102e+03
8.8297906732e+06	2.0071276279e-01	5.7076797699e+03
8.8297906732e+06	2.0041227043e-01	5.7543419758e+03
8.8297906732e+06	2.0011034606e-01	5.8017205315e+03
8.8297906732e+06	1.9980698546e-01	5.8498411549e+03
8.8297906732e+06	1.9950216313e-01	5.8987379027e+03
8.8297906732e+06	1.9919587666e-01	5.9484494034e+03
8.8297906732e+06	1.9888831703e-01	5.9990104663e+03
8.8297906732e+06	1.9857944983e-01	6.0504663024e+03
8.8297906732e+06	1.9826908031e-01	6.1029796517e+03
8.8297906732e+06	1.9795716229e-01	6.1569108445e+03
8.8297906732e+06	1.9764370741e-01	6.2118864664e+03
8.8297906732e+06	1.9732868221e-01	6.2679421217e+03
8.8297906732e+06	1.9701208152e-01	6.3250980602e+03
8.8297906732e+06	1.9669387145e-01	6.3833689436e+03
8.8297906732e+06	1.9637414399e-01	6.4427513264e+03
8.8297906732e+06	1.9605307208e-01	6.5032321077e+03
8.8297906732e+06	1.9573041287e-01	6.5648044647e+03
8.8297906732e+06	1.9540608919e-01	6.6279441460e+03
8.8297906732e+06	1.9508008506e-01	6.6922955205e+03
8.8297906732e+06	1.9475238270e-01	6.7577091906e+03
8.8297906732e+06	1.9442296417e-01	6.8241724078e+03
8.8297906732e+06	1.9409181136e-01	6.8916760692e+03
8.8297906732e+06	1.9375890691e-01	6.9602170060e+03
8.8297906732e+06	1.9342445259e-01	7.0297843241e+03
8.8297906732e+06	1.9308837158e-01	7.1003864860e+03
8.8297906732e+06	1.9275044601e-01	7.1724187923e+03
8.8297906732e+06	1.9241067175e-01	7.2458704353e+03
8.8297906732e+06	1.9206905156e-01	7.3204160177e+03
8.8297906732e+06	1.9172557834e-01	7.3962444917e+03
8.8297906732e+06	1.9138021492e-01	7.4758538098e+03
8.8297906732e+06	1.9117832709e-01	7.5810878653e+03
8.8297906732e+06	1.9113537732e-01	7.6451581448e+03
8.8297906732e+06	1.9109367257e-01	7.6986092021e+03
8.8297906732e+06	1.9105158453e-01	7.7395508609e+03
8.8297906732e+06	1.9101034747e-01	7.7739401483e+03
8.8297906732e+06	1.9096879798e-01	7.8065557719e+03
8.8297906732e+06	1.9092802893e-01	7.8375480922e+03
8.8297906732e+06	1.9088692376e-01	7.8687649656e+03
8.8297906732e+06	1.9084692890e-01	7.8989065687e+03
8.8297906732e+06	1.9080797122e-01	7.9282586965e+03
8.8297906732e+06	1.9078259582e-01	7.9465615722e+03
8.8297906732e+06	1.9077067386e-01	7.9541019600e+03
8.8297906732e+06	1.9076677789e-01	7.9544214183e+03
8.8297906732e+06	1.9077181620e-01	7.9462385090e+03
8.8297906732e+06	1.9078946429e-01	7.9258970361e+03
8.8297906732e+06	1.9082630387e-01	7.8870931539e+03
8.8297906732e+06	1.9089280026e-01	7.8199656090e+03
8.8297906732e+06	1.9100604235e-01	7.7100038307e+03
8.8297906732e+06	1.9114415262e-01	7.5815564115e+03
8.8297906732e+06	1.9128235633e-01	7.4569315728e+03
8.8297906732e+06	1.9141954365e-01	7.3366389353e+03
8.8297906732e+06	1.9155526372e-01	7.2208148977e+03
8.8297906732e+06	1.9168973312e-01	7.1100307298e+03
8.8297906732e+06	1.9182292606e-01	7.0038693519e+03
8.8297906732e+06	1.9195464737e-01	6.9015495174e+03
8.8297906732e+06	1.9208523649e-01	6.8026700322e+03
8.8297906732e+06	1.9221468794e-01	6.7071126859e+03
8.8297906732e+06	1.9234344775e-01	6.6153498259e+03
8.8297906732e+06	1.9247125331e-01	6.5270788463e+03
8.8297906732e+06	1.9259846803e-01	6.4413636748e+03
8.8297906732e+06	1.9272522217e-01	6.3580468880e+03
8.8297906732e+06	1.9285137814e-01	6.2771497212e+03
8.8297906732e+06	1.9297723843e-01	6.1990186156e+03
8.8297906732e+06	1.9310337445e-01	6.1232891619e+03
8.8297906732e+06	1.9322964351e-01	6.0493168276e+03
8.8297906732e+06	1.9335602981e-01	5.9770800133e+03
8.8297906732e+06	1.9348275084e-01	5.9064265702e+03
8.8297906732e+06	1.9360999660e-01	5.8375652824e+03
8.8297906732e+06	1.9373834883e-01	5.7706684733e+03
8.8297906732e+06	1.9386746607e-01	5.7050372205e+03
8.8297906732e+06	1.9399731538e-01	5.6406831382e+03
8.8297906732e+06	1.9412787591e-01	5.5776089951e+03
8.8297906732e+06	1.9425930398e-01	5.5159468323e+03
8.8296094897e+06	1.9439214400e-01	5.4561944907e+03
8.8296094897e+06	1.9788940747e-01	5.3407031200e+03
8.8296094897e+06	1.9802531163e-01	5.2828471295e+03
8.8296094897e+06	1.9816193913e-01	5.2262203940e+03
8.8296094897e+06	1.9829945416e-01	5.1709895667e+03
8.8296094897e+06	1.9843840721e-01	5.1173980130e+03
8.8296094897e+06	1.9857799119e-01	5.0649933246e+03
8.8235938587e+06	1.9871817021e-01	5.0171504001e+03
8.8235938587e+06	1.9593386549e-01	5.0196269744e+03
8.8235938587e+06	1.9608411979e-01	4.9656880344e+03
8.8235938587e+06	1.9623537558e-01	4.9134504287e+03
8.8235938587e+06	1.9638710821e-01	4.8626623423e+03
8.8235938587e+06	1.9653926063e-01	4.8133126227e+03
8.8235938587e+06	1.9669230372e-01	4.7655953249e+03
8.8115236848e+06	1.9684646446e-01	4.7265290252e+03
8.8115236848e+06	1.9178369064e-01	4.8537864008e+03
8.8115236848e+06	1.9151056370e-01	4.8601430121e+03
8.8115236848e+06	1.9123146403e-01	4.8804154429e+03
8.8115236848e+06	1.9095143007e-01	4.9097240850e+03
8.8115236848e+06	1.9067073034e-01	4.9400423932e+03
8.8115236848e+06	1.9038900297e-01	4.9711691461e+03
8.8115236848e+06	1.9010605600e-01	5.0028514053e+03
8.8115236848e+06	1.8982187267e-01	5.0350606486e+03
8.8115236848e+06	1.8953644097e-01	5.0678030467e+03
8.8115236848e+06	1.8924974885e-01	5.1010850407e+03
8.8115236848e+06	1.8896178445e-01	5.1349132012e+03
8.8115236848e+06	1.8867277736e-01	5.1692875744e+03
8.8115236848e+06	1.8838284782e-01	5.2042186055e+03
8.8115236848e+06	1.8809164242e-01	5.2400566001e+03
8.8115236848e+06	1.8779911596e-01	5.2764794689e+03
8.8115236848e+06	1.8750525422e-01	5.3134949887e+03
8.8115236848e+06	1.8721004647e-01	5.3511101094e+03
8.8115236848e+06	1.8691348671e-01	5.3893312617e+03
8.8115236848e+06	1.8661560272e-01	5.4281665972e+03
8.8115236848e+06	1.8631672755e-01	5.4676123225e+03
8.8115236848e+06	1.8601659668e-01	5.5077516687e+03
8.8115236848e+06	1.8571507109e-01	5.5488595630e+03
8.8115236848e+06	1.8541211018e-01	5.5906310836e+03
8.8115236848e+06	1.8510771374e-01	5.6330761359e+03
8.8115236848e+06	1.8480186225e-01	5.6762085543e+03
8.8115236848e+06	1.8449455263e-01	5.7200422959e+03
8.8115236848e+06	1.8418594489e-01	5.7645917556e+03
8.8115236848e+06	1.8387617478e-01	5.8098750989e+03
8.8115236848e+06	1.8356494471e-01	5.8560737901e+03
8.8115236848e+06	1.8325220895e-01	5.9033901904e+03
8.8115236848e+06	1.8293792945e-01	5.9515560768e+03
8.8115236848e+06	1.8262209062e-01	6.0006108558e+03
8.8115236848e+06	1.8230466378e-01	6.0505984157e+03
8.8115236848e+06	1.8198569470e-01	6.1015572941e+03
8.8115236848e+06	1.8166540020e-01	6.1535237419e+03
8.8115236848e+06	1.8134366090e-01	6.2065382551e+03
8.8115236848e+06	1.8102029140e-01	6.2609558426e+03
8.8115236848e+06	1.8069526673e-01	6.3167317812e+03
8.8115236848e+06	1.8036858243e-01	6.3736483751e+03
8.8115236848e+06	1.8004019466e-01	6.4317162849e+03
8.8115236848e+06	1.7971009831e-01	6.4909317272e+03
8.8115236848e+06	1.7937837870e-01	6.5512845401e+03
8.8115236848e+06	1.7904525274e-01	6.6127581729e+03
8.8115236848e+06	1.7871041832e-01	6.6753931667e+03
8.8115236848e+06	1.7837379843e-01	6.7397357545e+03
8.8115236848e+06	1.7803538896e-01	6.8052043607e+03
8.8115236848e+06	1.7769515870e-01	6.8717994029e+03
8.8115236848e+06	1.7735308774e-01	6.9395218092e+03
8.8115236848e+06	1.7700915709e-01	7.0083757634e+03
8.8115236848e+06	1.7666353494e-01	7.0783646230e+03
8.8115236848e+06	1.7631629499e-01	7.1494909277e+03
8.8115236848e+06	1.7596711570e-01	7.2222377796e+03
8.8115236848e+06	1.7561598930e-01	7.2965111063e+03
8.8115236848e+06	1.7526291379e-01	7.3730663578e+03
8.8115236848e+06	1.7497685728e-01	7.4623748042e+03
8.8115236848e+06	1.7492123903e-01	7.5365870759e+03
8.8115236848e+06	1.7487774345e-01	7.5916197335e+03
8.8115236848e+06	1.7483374466e-01	7.6342730158e+03
8.8115236848e+06	1.7479064290e-01	7.6687460178e+03
8.8115236848e+06	1.7474708137e-01	7.7012188497e+03
8.8115236848e+06	1.7470454777e-01	7.7321155717e+03
8.8115236848e+06	1.7466165986e-01	7.7633876590e+03
8.8115236848e+06	1.7461974101e-01	7.7938140022e+03
8.8115236848e+06	1.7457908382e-01	7.8233003816e+03
8.8115236848e+06	1.7455326034e-01	7.8415115668e+03
8.8115236848e+06	1.7454035341e-01	7.8498087357e+03
8.8115236848e+06	1.7453488581e-01	7.8518076453e+03
8.8115236848e+06	1.7453742090e-01	7.8466400170e+03
8.8115236848e+06	1.7455119663e-01	7.8313587557e+03
8.8115236848e+06	1.7458171290e-01	7.8007778492e+03
8.8115236848e+06	1.7463832018e-01	7.7466226915e+03
8.8115236848e+06	1.7473625420e-01	7.6570203744e+03
8.8115236848e+06	1.7485530912e-01	7.5521074192e+03
8.8115236848e+06	1.7497517122e-01	7.4495096448e+03
8.8115236848e+06	1.7509497346e-01	7.3496188104e+03
8.8115236848e+06	1.7521468330e-01	7.2523373625e+03
8.8115236848e+06	1.7533438252e-01	7.1582874446e+03
8.8115236848e+06	1.7545395886e-01	7.0674045843e+03
8.8115236848e+06	1.7557349523e-01	6.9787860116e+03
8.8115236848e+06	1.7569325248e-01	6.8921945035e+03
8.8115236848e+06	1.7581317288e-01	6.8076337872e+03
8.8115236848e+06	1.7593379188e-01	6.7253232157e+03
8.8115236848e+06	1.7605518918e-01	6.6453059006e+03
8.8115236848e+06	1.7617721531e-01	6.5668802904e+03
8.8115236848e+06	1.7630004625e-01	6.4899278969e+03
8.8115236848e+06	1.7642366319e-01	6.4144542287e+03
8.8115236848e+06	1.7654841576e-01	6.3408539385e+03
8.8115236848e+06	1.7667432566e-01	6.2691587886e+03
8.8115236848e+06	1.7680091938e-01	6.1989384901e+03
8.8115236848e+06	1.7692817743e-01	6.1301931480e+03
8.8115236848e+06	1.7705606816e-01	6.0629270391e+03
8.8115236848e+06	1.7718517289e-01	5.9975935641e+03
8.8115236848e+06	1.7731519619e-01	5.9339697764e+03
8.8115236848e+06	1.7744575577e-01	5.8717895867e+03
8.8115236848e+06	1.7757681615e-01	5.8110520685e+03
8.8115236848e+06	1.7770834344e-01	5.7517532482e+03
8.8115236848e+06	1.7784122469e-01	5.6944411670e+03
8.8072954494e+06	1.7797458739e-01	5.6415676471e+03
8.8072954494e+06	1.7999520182e-01	5.5428367269e+03
8.8072954494e+06	1.8013425833e-01	5.4823441712e+03
8.8072954494e+06	1.8027445906e-01	5.4240352511e+03
8.8072954494e+06	1.8041544836e-01	5.3677048283e+03
8.8072954494e+06	1.8055669228e-01	5.3130841977e+03
8.8072954494e+06	1.8069813864e-01	5.2601548177e+03
8.7985061476e+06	1.8084060751e-01	5.2153411279e+03
8.7985061476e+06	1.7711962856e-01	5.2659711030e+03
8.7985061476e+06	1.7726717566e-01	5.2152086991e+03
8.7985061476e+06	1.7741330992e-01	5.1699113559e+03
8.7985061476e+06	1.7756054519e-01	5.1264793808e+03
8.7985061476e+06	1.7770788413e-01	5.0845613454e+03
8.7985061476e+06	1.7785503068e-01	5.0440531182e+03
8.7866673515e+06	1.7800191924e-01	5.0134774995e+03
8.7866673515e+06	1.6600760877e-01	5.3516729807e+03
8.7866673515e+06	1.6571853736e-01	5.3613279316e+03
8.7866673515e+06	1.6542607026e-01	5.3704059411e+03
8.7866673515e+06	1.6513045748e-01	5.3914098579e+03
8.7866673515e+06	1.6483432783e-01	5.4209377023e+03
8.7866673515e+06	1.6453695216e-01	5.4514841030e+03
8.7866673515e+06	1.6423827077e-01	5.4825794565e+03
8.7866673515e+06	1.6393826132e-01	5.5142004671e+03
8.7866673515e+06	1.6363696493e-01	5.5463504550e+03
8.7866673515e+06	1.6333481793e-01	5.5790196513e+03
8.7866673515e+06	1.6303150076e-01	5.6124399537e+03
8.7866673515e+06	1.6272680509e-01	5.6464999771e+03
8.7866673515e+06	1.6242071270e-01	5.6811299022e+03
8.7866673515e+06	1.6211320470e-01	5.7163377861e+03
8.7866673515e+06	1.6180428573e-01	5.7521288835e+03
8.7866673515e+06	1.6149402863e-01	5.7885095020e+03
8.7866673515e+06	1.6118283741e-01	5.8254708362e+03
8.7866673515e+06	1.6087034731e-01	5.8632394446e+03
8.7866673515e+06	1.6055638513e-01	5.9017795856e+03
8.7866673515e+06	1.6024093472e-01	5.9409560365e+03
8.7866673515e+06	1.5992397002e-01	5.9807796582e+03
8.7866673515e+06	1.5960546074e-01	6.0212625719e+03
8.7866673515e+06	1.5928555081e-01	6.0624088894e+03
8.7866673515e+06	1.5896449136e-01	6.1042220693e+03
8.7866673515e+06	1.5864194349e-01	6.1468869992e+03
8.7866673515e+06	1.5831780552e-01	6.1905110745e+03
8.7866673515e+06	1.5799206681e-01	6.2348845591e+03
8.7866673515e+06	1.5766471675e-01	6.2800318495e+03
8.7866673515e+06	1.5733571182e-01	6.3259853881e+03
8.7866673515e+06	1.5700519005e-01	6.3727705740e+03
8.7866673515e+06	1.5667337348e-01	6.4204114935e+03
8.7866673515e+06	1.5633993963e-01	6.4690587448e+03
8.7866673515e+06	1.5600482835e-01	6.5190038974e+03
8.7866673515e+06	1.5566798863e-01	6.5699486984e+03
8.7866673515e+06	1.5532941243e-01	6.6219234601e+03
8.7866673515e+06	1.5498907575e-01	6.6749541739e+03
8.7866673515e+06	1.5464709325e-01	6.7290535114e+03
8.7866673515e+06	1.5430368727e-01	6.7842240068e+03
8.7866673515e+06	1.5395859085e-01	6.8405683195e+03
8.7866673515e+06	1.5361166783e-01	6.8984492284e+03
8.7866673515e+06	1.5326288214e-01	6.9574317870e+03
8.7866673515e+06	1.5291219797e-01	7.0175128402e+03
8.7866673515e+06	1.5255959645e-01	7.0786862308e+03
8.7866673515e+06	1.5220518259e-01	7.1409383576e+03
8.7866673515e+06	1.5184918825e-01	7.2042605154e+03
8.7866673515e+06	1.5149129307e-01	7.2688128078e+03
8.7866673515e+06	1.5113141626e-01	7.3349467252e+03
8.7866673515e+06	1.5076951284e-01	7.4022012586e+03
8.7866673515e+06	1.5040557009e-01	7.4705848202e+03
8.7866673515e+06	1.5003955452e-01	7.5401201901e+03
8.7866673515e+06	1.4967149752e-01	7.6109640834e+03
8.7866673515e+06	1.4930176798e-01	7.6853434790e+03
8.7866673515e+06	1.4910493973e-01	7.7791198743e+03
8.7866673515e+06	1.4906208548e-01	7.8334464433e+03
8.7866673515e+06	1.4901776836e-01	7.8784493002e+03
8.7866673515e+06	1.4897406310e-01	7.9134517815e+03
8.7866673515e+06	1.4892968879e-01	7.9458883570e+03
8.7866673515e+06	1.4888615583e-01	7.9764338099e+03
8.7866673515e+06	1.4884244139e-01	8.0069490761e+03
8.7866673515e+06	1.4879940481e-01	8.0369555127e+03
8.7866673515e+06	1.4875779465e-01	8.0659409011e+03
8.7866673515e+06	1.4873095790e-01	8.0843459160e+03
8.7866673515e+06	1.4871745141e-01	8.0929547053e+03
8.7866673515e+06	1.4871105371e-01	8.0959050483e+03
8.7866673515e+06	1.4871206931e-01	8.0926936599e+03
8.7866673515e+06	1.4872310581e-01	8.0809285130e+03
8.7866673515e+06	1.4874909195e-01	8.0562512138e+03
8.7866673515e+06	1.4879852469e-01	8.0115702659e+03
8.7866673515e+06	1.4888531162e-01	7.9358399829e+03
8.7866673515e+06	1.4899085159e-01	7.8466690443e+03
8.7866673515e+06	1.4909861942e-01	7.7582109574e+03
8.7866673515e+06	1.4920813645e-01	7.6717141160e+03
8.7866673515e+06	1.4931886978e-01	7.5869562450e+03
8.7866673515e+06	1.4943045817e-01	7.5037426736e+03
8.7866673515e+06	1.4954281466e-01	7.4221262188e+03
8.7862995265e+06	1.4965587808e-01	7.3425005377e+03
8.7862995265e+06	1.6113272816e-01	6.9099258084e+03
8.7862995265e+06	1.6126055017e-01	6.8196897028e+03
8.7862995265e+06	1.6138907394e-01	6.7318360837e+03
8.7862995265e+06	1.6151825966e-01	6.6464060953e+03
8.7862995265e+06	1.6164916791e-01	6.5642574037e+03
8.7862995265e+06	1.6178068957e-01	6.4844937746e+03
8.7862995265e+06	1.6191272750e-01	6.4070618774e+03
8.7862995265e+06	1.6204537009e-01	6.3320442522e+03
8.7862995265e+06	1.6217943824e-01	6.2600001371e+03
8.7862995265e+06	1.6231385903e-01	6.1901786783e+03
8.7862995265e+06	1.6244857859e-01	6.1225576242e+03
8.7862995265e+06	1.6258395923e-01	6.0573579040e+03
8.7862995265e+06	1.6272023346e-01	5.9949901913e+03
8.7862995265e+06	1.6285199616e-01	5.9424019283e+03
8.7862995265e+06	1.6298386264e-01	5.8912867203e+03
8.7862995265e+06	1.6311600266e-01	5.8417243285e+03
8.7862995265e+06	1.6324926471e-01	5.7940311881e+03
8.7862995265e+06	1.6338250333e-01	5.7477282685e+03
8.7862995265e+06	1.6351567965e-01	5.7027943887e+03
8.7862995265e+06	1.6364875528e-01	5.6592066104e+03
8.7790473404e+06	1.6378277690e-01	5.6235184492e+03
8.7790473404e+06	1.5193695064e-01	5.9439048588e+03
8.7790473404e+06	1.5207013467e-01	5.9003803517e+03
8.7790473404e+06	1.5220305925e-01	5.8584452258e+03
8.7790473404e+06	1.5233670044e-01	5.8183084521e+03
8.7790473404e+06	1.5247024000e-01	5.7796614601e+03
8.7790473404e+06	1.5260338053e-01	5.7423823452e+03
8.7603650725e+06	1.5273609157e-01	5.7245701659e+03
8.7603650725e+06	1.5523200884e-01	5.6764376080e+03
8.7603650725e+06	1.5496765544e-01	5.6863961157e+03
8.7603650725e+06	1.5468989859e-01	5.7002010090e+03
8.7603650725e+06	1.5441051282e-01	5.7290090745e+03
8.7603650725e+06	1.5412999016e-01	5.7596717736e+03
8.7603650725e+06	1.5384824122e-01	5.7909648287e+03
8.7603650725e+06	1.5356525405e-01	5.8228473229e+03
8.7603650725e+06	1.5328116683e-01	5.8553205411e+03
8.7603650725e+06	1.5299651383e-01	5.8884071642e+03
8.7603650725e+06	1.5271069938e-01	5.9223678667e+03
8.7603650725e+06	1.5242359964e-01	5.9569662900e+03
8.7603650725e+06	1.5213519827e-01	5.9922132813e+03
8.7603650725e+06	1.5184548902e-01	6.0281181468e+03
8.7603650725e+06	1.5155457223e-01	6.0646881545e+03
8.7603650725e+06	1.5126291425e-01	6.1019138444e+03
8.7603650725e+06	1.5097008820e-01	6.1401038772e+03
8.7603650725e+06	1.5067589995e-01	6.1790665117e+03
8.7603650725e+06	1.5038032546e-01	6.2187559936e+03
8.7603650725e+06	1.5008333934e-01	6.2591854904e+03
8.7603650725e+06	1.4978502091e-01	6.3003624945e+03
8.7603650725e+06	1.4948581806e-01	6.3422812344e+03
8.7603650725e+06	1.4918540006e-01	6.3851742635e+03
8.7603650725e+06	1.4888354410e-01	6.4290713048e+03
8.7603650725e+06	1.4858021056e-01	6.4737955411e+03
8.7603650725e+06	1.4827536951e-01	6.5193690739e+03
8.7603650725e+06	1.4796908638e-01	6.5658082190e+03
8.7603650725e+06	1.4766173751e-01	6.6131248650e+03
8.7603650725e+06	1.4735305055e-01	6.6614398144e+03
8.7603650725e+06	1.4704283246e-01	6.7111042823e+03
8.7603650725e+06	1.4673105319e-01	6.7617823558e+03
8.7603650725e+06	1.4641768208e-01	6.8135170069e+03
8.7603650725e+06	1.4610272069e-01	6.8663490825e+03
8.7603650725e+06	1.4578649311e-01	6.9203070180e+03
8.7603650725e+06	1.4546891457e-01	6.9754287087e+03
8.7603650725e+06	1.4514971558e-01	7.0322262495e+03
8.7603650725e+06	1.4482883602e-01	7.0903458134e+03
8.7603650725e+06	1.4450625638e-01	7.1497482962e+03
8.7603650725e+06	1.4418195717e-01	7.2104473484e+03
8.7603650725e+06	1.4385616943e-01	7.2724416784e+03
8.7603650725e+06	1.4352897551e-01	7.3357283365e+03
8.7603650725e+06	1.4320006876e-01	7.4007595154e+03
8.7603650725e+06	1.4286936006e-01	7.4673076381e+03
8.7603650725e+06	1.4253682065e-01	7.5351947185e+03
8.7603650725e+06	1.4220244264e-01	7.6044221573e+03
8.7603650725e+06	1.4186630877e-01	7.6749950683e+03
8.7603650725e+06	1.4152874299e-01	7.7469032388e+03
8.7603650725e+06	1.4118930540e-01	7.8205954014e+03
8.7603650725e+06	1.4084793596e-01	7.8960549129e+03
8.7603650725e+06	1.4050461345e-01	7.9736775040e+03
8.7603650725e+06	1.4022449123e-01	8.0602011907e+03
8.7603650725e+06	1.4016375139e-01	8.1379352172e+03
8.7603650725e+06	1.4011713147e-01	8.1931639378e+03
8.7603650725e+06	1.4007149169e-01	8.2348181816e+03
8.7603650725e+06	1.4002549791e-01	8.2720541993e+03
8.7603650725e+06	1.3998017670e-01	8.3069323262e+03
8.7603650725e+06	1.3993496518e-01	8.3413408028e+03
8.7603650725e+06	1.3989009161e-01	8.3755396305e+03
8.7603650725e+06	1.3984681013e-01	8.4085289995e+03
8.7603650725e+06	1.3981585102e-01	8.4319753204e+03
8.7603650725e+06	1.3980176894e-01	8.4419787490e+03
8.7603650725e+06	1.3979560263e-01	8.4453436282e+03
8.7603650725e+06	1.3979728693e-01	8.4418081503e+03
8.7603650725e+06	1.3980934629e-01	8.4288386938e+03
8.7603650725e+06	1.3983701212e-01	8.4016929573e+03
8.7603650725e+06	1.3988913609e-01	8.3526577849e+03
8.7603650725e+06	1.3998026434e-01	8.2697923548e+03
8.7603650725e+06	1.4008929862e-01	8.1746572175e+03
8.7603650725e+06	1.4020048656e-01	8.0811949574e+03
8.7603650725e+06	1.4031286129e-01	7.9893771494e+03
8.7603650725e+06	1.4042618532e-01	7.8993802002e+03
8.7603650725e+06	1.4054037996e-01	7.8113555520e+03
8.7603650725e+06	1.4065610133e-01	7.7261815751e+03
8.7603650725e+06	1.4077244985e-01	7.6429663831e+03
8.7603650725e+06	1.4088936499e-01	7.5617307714e+03
8.7603650725e+06	1.4100679148e-01	7.4824865714e+03
8.7603650725e+06	1.4112538807e-01	7.4058286099e+03
8.7603650725e+06	1.4124467104e-01	7.3313554903e+03
8.7603650725e+06	1.4136431983e-01	7.2588258407e+03
8.7603650725e+06	1.4148428199e-01	7.1882368512e+03
8.7603650725e+06	1.4160498583e-01	7.1198943873e+03
8.7603650725e+06	1.4172649310e-01	7.0538242581e+03
8.7603650725e+06	1.4184818197e-01	6.9896077332e+03
8.7603650725e+06	1.4197001026e-01	6.9272270697e+03
8.7603650725e+06	1.4209218131e-01	6.8667996180e+03
8.7603650725e+06	1.4221527881e-01	6.8086394886e+03
8.7603650725e+06	1.4233838587e-01	6.7522058242e+03
8.7603650725e+06	1.4246146349e-01	6.6974735691e+03
8.7603650725e+06	1.4258447306e-01	6.6444154087e+03
8.7603650725e+06	1.4270865938e-01	6.5935358403e+03
8.7603650725e+06	1.4283270392e-01	6.5442302804e+03
8.7603650725e+06	1.4295657040e-01	6.4964693410e+03
8.7603650725e+06	1.4308022461e-01	6.4502217644e+03
8.7603650725e+06	1.4320466482e-01	6.4057897563e+03
8.7603650725e+06	1.4332913286e-01	6.3628746990e+03
8.7603650725e+06	1.4345329194e-01	6.3213405582e+03
8.7603650725e+06	1.4357711453e-01	6.2811540267e+03
8.7603650725e+06	1.4370127719e-01	6.2424665322e+03
8.7562886976e+06	1.4382572356e-01	6.2097595222e+03
8.7562886976e+06	1.3875649268e-01	6.3689365958e+03
8.7562886976e+06	1.3887633576e-01	6.3290126582e+03
8.7562886976e+06	1.3899646533e-01	6.2909514762e+03
8.7562886976e+06	1.3911649819e-01	6.2545313505e+03
8.7562886976e+06	1.3923577659e-01	6.2195563722e+03
8.7562886976e+06	1.3935411526e-01	6.1860197567e+03
8.7408983061e+06	1.3947160397e-01	6.1725123285e+03
8.7408983061e+06	1.3595423503e-01	6.3409865984e+03
8.7408983061e+06	1.3566213643e-01	6.3637899301e+03
8.7408983061e+06	1.3537083487e-01	6.3958448786e+03
8.7408983061e+06	1.3507863294e-01	6.4287498049e+03
8.7408983061e+06	1.3478509141e-01	6.4623475739e+03
8.7408983061e+06	1.3449019853e-01	6.4966491287e+03
8.7408983061e+06	1.3419393822e-01	6.5316666323e+03
8.7408983061e+06	1.3389671098e-01	6.5673931618e+03
8.7408983061e+06	1.3359871467e-01	6.6040887043e+03
8.7408983061e+06	1.3329931914e-01	6.6416229228e+03
8.7408983061e+06	1.3299850271e-01	6.6799439212e+03
8.7408983061e+06	1.3269623819e-01	6.7190683369e+03
8.7408983061e+06	1.3239267223e-01	6.7590036993e+03
8.7408983061e+06	1.3208834687e-01	6.7998362352e+03
8.7408983061e+06	1.3178262645e-01	6.8417749778e+03
8.7408983061e+06	1.3147539386e-01	6.8845984221e+03
8.7408983061e+06	1.3116663898e-01	6.9283229216e+03
8.7408983061e+06	1.3085636931e-01	6.9729644662e+03
8.7408983061e+06	1.3054518882e-01	7.0185102494e+03
8.7408983061e+06	1.3023274714e-01	7.0653059233e+03
8.7408983061e+06	1.2991871255e-01	7.1131833334e+03
8.7408983061e+06	1.2960306771e-01	7.1620704889e+03
8.7408983061e+06	1.2928580463e-01	7.2119846736e+03
8.7408983061e+06	1.2896726884e-01	7.2629276829e+03
8.7408983061e+06	1.2864761165e-01	7.3150308620e+03
8.7408983061e+06	1.2832632500e-01	7.3685921331e+03
8.7408983061e+06	1.2800335076e-01	7.4232820603e+03
8.7408983061e+06	1.2767864185e-01	7.4791278997e+03
8.7408983061e+06	1.2735232853e-01	7.5361429500e+03
8.7408983061e+06	1.2702480214e-01	7.5943302247e+03
8.7408983061e+06	1.2669560461e-01	7.6541429093e+03
8.7408983061e+06	1.2636458817e-01	7.7153963868e+03
8.7408983061e+06	1.2603178062e-01	7.7779644745e+03
8.7408983061e+06	1.2569713771e-01	7.8418920187e+03
8.7408983061e+06	1.2536111333e-01	7.9071930409e+03
8.7408983061e+06	1.2502344615e-01	7.9740451228e+03
8.7408983061e+06	1.2468390719e-01	8.0429094542e+03
8.7408983061e+06	1.2434246754e-01	8.1133566409e+03
8.7408983061e+06	1.2399907209e-01	8.1854535704e+03
8.7408983061e+06	1.2365395200e-01	8.2592427051e+03
8.7408983061e+06	1.2330735149e-01	8.3347647478e+03
8.7408983061e+06	1.2295881645e-01	8.4126035339e+03
8.7408983061e+06	1.2260823906e-01	8.4925620410e+03
8.7408983061e+06	1.2225561075e-01	8.5744533479e+03
8.7408983061e+06	1.2190095239e-01	8.6583018856e+03
8.7408983061e+06	1.2154462699e-01	8.7441108593e+03
8.7408983061e+06	1.2118629650e-01	8.8321511029e+03
8.7408983061e+06	1.2082581066e-01	8.9228529449e+03
8.7408983061e+06	1.2046312489e-01	9.0156285328e+03
8.7408983061e+06	1.2009822520e-01	9.1104906275e+03
8.7408983061e+06	1.1973130854e-01	9.2074508859e+03
8.7408983061e+06	1.1936251095e-01	9.3066906150e+03
8.7408983061e+06	1.1899156351e-01	9.4119355683e+03
8.7408983061e+06	1.1885117419e-01	9.5390332949e+03
8.7408983061e+06	1.1880494422e-01	9.6173143661e+03
8.7408983061e+06	1.1875832249e-01	9.6785370185e+03
8.7408983061e+06	1.1871192115e-01	9.7288919841e+03
8.7408983061e+06	1.1866520305e-01	9.7764906176e+03
8.7408983061e+06	1.1861928302e-01	9.8224736648e+03
8.7408983061e+06	1.1857365835e-01	9.8689535011e+03
8.7408983061e+06	1.1852921646e-01	9.9144270036e+03
8.7408983061e+06	1.1849984582e-01	9.9441094588e+03
8.7408983061e+06	1.1848657505e-01	9.9569144484e+03
8.7408983061e+06	1.1848066893e-01	9.9614354849e+03
8.7408983061e+06	1.1848198221e-01	9.9573946982e+03
8.7408983061e+06	1.1849297453e-01	9.9416667834e+03
8.7408983061e+06	1.1851857514e-01	9.9083972353e+03
8.7408983061e+06	1.1856701618e-01	9.8481070175e+03
8.7408983061e+06	1.1865101819e-01	9.7480588720e+03
8.7408983061e+06	1.1874919001e-01	9.6352253774e+03
8.7408983061e+06	1.1884907939e-01	9.5237761999e+03
8.7408983061e+06	1.1895018621e-01	9.4142132490e+03
8.7408983061e+06	1.1905246189e-01	9.3070655879e+03
8.7408983061e+06	1.1915613736e-01	9.2030060342e+03
8.7408983061e+06	1.1926054005e-01	9.1012400946e+03
8.7408983061e+06	1.1936558020e-01	9.0018339854e+03
8.7408983061e+06	1.1947123293e-01	8.9048792821e+03
8.7408983061e+06	1.1957813923e-01	8.8113217196e+03
8.7408983061e+06	1.1968548462e-01	8.7201508973e+03
8.7408983061e+06	1.1979321889e-01	8.6313729290e+03
8.7408983061e+06	1.1990129282e-01	8.5449874521e+03
8.7408983061e+06	1.2001063894e-01	8.4618111646e+03
8.7408983061e+06	1.2012029691e-01	8.3810102468e+03
8.7408983061e+06	1.2023015625e-01	8.3025129575e+03
8.7408983061e+06	1.2034017450e-01	8.2263000309e+03
8.7408983061e+06	1.2045116988e-01	8.1530054527e+03
8.7408983061e+06	1.2056236376e-01	8.0820030820e+03
8.7408983061e+06	1.2067358286e-01	8.0131618314e+03
8.7408983061e+06	1.2078478773e-01	7.9464512262e+03
8.7408983061e+06	1.2089677280e-01	7.8823937135e+03
8.7408983061e+06	1.2100885372e-01	7.8204790115e+03
8.7402742211e+06	1.2112080438e-01	7.7614757023e+03
8.7402742211e+06	1.2595196136e-01	7.4825185305e+03
8.7402742211e+06	1.2607362127e-01	7.4146380650e+03
8.7402742211e+06	1.2619238297e-01	7.3569821660e+03
8.7402742211e+06	1.2630957615e-01	7.3048695021e+03
8.7402742211e+06	1.2642692850e-01	7.2546506674e+03
8.7402742211e+06	1.2654495296e-01	7.2064705307e+03
8.7402742211e+06	1.2666260765e-01	7.1599367377e+03
8.7402742211e+06	1.2677985323e-01	7.1150104914e+03
8.7402742211e+06	1.2689702111e-01	7.0717591299e+03
8.7402742211e+06	1.2701471556e-01	7.0303350175e+03
8.7402742211e+06	1.2713182225e-01	6.9903807566e+03
8.7402742211e+06	1.2724816380e-01	6.9519015095e+03
8.7402742211e+06	1.2736318327e-01	6.9151300072e+03
8.7359806243e+06	1.2747751402e-01	6.8863215368e+03
8.7359806243e+06	1.2114390884e-01	7.1420171338e+03
8.7359806243e+06	1.2124936184e-01	7.1048468564e+03
8.7359806243e+06	1.2135456508e-01	7.0694274703e+03
8.7359806243e+06	1.2145986331e-01	7.0356838858e+03
8.7359806243e+06	1.2156424504e-01	7.0033607444e+03
8.7359806243e+06	1.2166770723e-01	6.9723986139e+03
8.7165189363e+06	1.2177125508e-01	6.9721238098e+03
8.7165189363e+06	1.0145119209e-01	8.1282806144e+03
8.6965847254e+06	1.0115224899e-01	8.1873765243e+03
8.6965847254e+06	1.0063036376e-01	8.2453112869e+03
8.6965847254e+06	1.0039781151e-01	8.2609424568e+03
8.6965847254e+06	1.0007016224e-01	8.2829947298e+03
8.6965847254e+06	9.9741594817e-02	8.3051859439e+03
8.6965847254e+06	9.9412095792e-02	8.3275181405e+03
8.6965847254e+06	9.9081712431e-02	8.3499890487e+03
8.6965847254e+06	9.8750331545e-02	8.3726073312e+03
8.6965847254e+06	9.8418141098e-02	8.3953611023e+03
8.6965847254e+06	9.8085016631e-02	8.4182598163e+03
8.6965847254e+06	9.7751017283e-02	8.4413003675e+03
8.6965847254e+06	9.7415979949e-02	8.4644950141e+03
8.6965847254e+06	9.7075056578e-02	8.4881822285e+03
8.6965847254e+06	9.6734173197e-02	8.5279600871e+03
8.6965847254e+06	9.6392043147e-02	8.5727462408e+03
8.6965847254e+06	9.6048002076e-02	8.6189536375e+03
8.6965847254e+06	9.5701972073e-02	8.6662478053e+03
8.6965847254e+06	9.5354290073e-02	8.7145944450e+03
8.6965847254e+06	9.5005255037e-02	8.7640821477e+03
8.6965847254e+06	9.4654262474e-02	8.8149423491e+03
8.6965847254e+06	9.4301206145e-02	8.8669605382e+03
8.6965847254e+06	9.3946085751e-02	8.9201561934e+03
8.6965847254e+06	9.3589471784e-02	8.9745049141e+03
8.6965847254e+06	9.3231088631e-02	9.0303308387e+03
8.6965847254e+06	9.2870522711e-02	9.0875623885e+03
8.6965847254e+06	9.2507749714e-02	9.1460850966e+03
8.6965847254e+06	9.2142865113e-02	9.2059165095e+03
8.6965847254e+06	9.1776372807e-02	9.2670853385e+03
8.6965847254e+06	9.1407756183e-02	9.3304406667e+03
8.6965847254e+06	9.1185935787e-02	9.3897498948e+03
8.6965847254e+06	9.1139317550e-02	9.4248762708e+03
8.6965847254e+06	9.1091315342e-02	9.4598735062e+03
8.6965847254e+06	9.1043723194e-02	9.4880794489e+03
8.6965847254e+06	9.0996581956e-02	9.5141179013e+03
8.6965847254e+06	9.0949609985e-02	9.5396920561e+03
8.6965847254e+06	9.0903386577e-02	9.5648994563e+03
8.6965847254e+06	9.0857893605e-02	9.5899562555e+03
8.6965847254e+06	9.0826157982e-02	9.6074745296e+03
8.6965847254e+06	9.0812561872e-02	9.6147753832e+03
8.6965847254e+06	9.0806090931e-02	9.6178708223e+03
8.6965847254e+06	9.0806294342e-02	9.6169182386e+03
8.6965847254e+06	9.0815122537e-02	9.6106124138e+03
8.6965847254e+06	9.0836659728e-02	9.5964171644e+03
8.6965847254e+06	9.0876960596e-02	9.5707322542e+03
8.6965847254e+06	9.0945672547e-02	9.5281472780e+03
8.6965847254e+06	9.1024696470e-02	9.4809893457e+03
8.6965847254e+06	9.1105232286e-02	9.4349770125e+03
8.6965847254e+06	9.1186160235e-02	9.3900602172e+03
8.6965847254e+06	9.1267220389e-02	9.3463451176e+03
8.6965847254e+06	9.1348255049e-02	9.3038773665e+03
8.6965847254e+06	9.1429969513e-02	9.2629917547e+03
8.6965847254e+06	9.1511662008e-02	9.2234091064e+03
8.6965847254e+06	9.1593089898e-02	9.1850410380e+03
8.6965847254e+06	9.1674219842e-02	9.1478632435e+03
8.6965847254e+06	9.1755283769e-02	9.1119278095e+03
8.6942755325e+06	9.1836823513e-02	9.0826322757e+03
8.6942755325e+06	8.6556092254e-02	9.4465735369e+03
8.6942755325e+06	8.6630452445e-02	9.4066080945e+03
8.6942755325e+06	8.6704519925e-02	9.3685581288e+03
8.6942755325e+06	8.6778759040e-02	9.3323338012e+03
8.6942755325e+06	8.6852334088e-02	9.2976414680e+03
8.6942755325e+06	8.6925256912e-02	9.2644098433e+03
8.6806553404e+06	8.6998174431e-02	9.2660867512e+03
8.6806553404e+06	8.7022464560e-02	9.2410067632e+03
8.6806553404e+06	8.7107775744e-02	9.2081750453e+03
8.6806553404e+06	8.7193012152e-02	9.1800207716e+03
8.6806553404e+06	8.7278830125e-02	9.1531483472e+03
8.6806553404e+06	8.7364148121e-02	9.1272911336e+03
8.6806553404e+06	8.7448946147e-02	9.1023995765e+03
8.6753867794e+06	8.7533278915e-02	9.0913348424e+03
8.6753867794e+06	8.7581165543e-02	9.0697339174e+03
8.6753867794e+06	8.7663388066e-02	9.0441463637e+03
8.6753867794e+06	8.7744742712e-02	9.0197845768e+03
8.6753867794e+06	8.7826189577e-02	8.9966659198e+03
8.6753867794e+06	8.7907232150e-02	8.9746553124e+03
8.6753867794e+06	8.7988691469e-02	8.9532890170e+03
8.6728739898e+06	8.8069573133e-02	8.9390207084e+03
8.6728739898e+06	8.9585798826e-02	8.8279036297e+03
8.6728739898e+06	8.9286950515e-02	8.8567153215e+03
8.6728739898e+06	8.8986253650e-02	8.8927028723e+03
8.6728739898e+06	8.8684096359e-02	8.9294599773e+03
8.6728739898e+06	8.8380462049e-02	8.9670111904e+03
8.6728739898e+06	8.8076239669e-02	9.0054041538e+03
8.6728739898e+06	8.7771175106e-02	9.0447225539e+03
8.6728739898e+06	8.7464581052e-02	9.0849214213e+03
8.6728739898e+06	8.7156438327e-02	9.1260260900e+03
8.6728739898e+06	8.6847823553e-02	9.1681176497e+03
8.6728739898e+06	8.6538061846e-02	9.2112684505e+03
8.6728739898e+06	8.6226695054e-02	9.2554250250e+03
8.6728739898e+06	8.5913712382e-02	9.3006150720e+03
8.6728739898e+06	8.5600137859e-02	9.3470016545e+03
8.6728739898e+06	8.5285054328e-02	9.3946157286e+03
8.6728739898e+06	8.4968292255e-02	9.4433795052e+03
8.6728739898e+06	8.4649887881e-02	9.4933207307e+03
8.6728739898e+06	8.4330851621e-02	9.5446476392e+03
8.6728739898e+06	8.4010145650e-02	9.5973447033e+03
8.6728739898e+06	8.3687672271e-02	9.6513518613e+03
8.6728739898e+06	8.3363549392e-02	9.7066930970e+03
8.6728739898e+06	8.3038784746e-02	9.7636416678e+03
8.6728739898e+06	8.2712240993e-02	9.8221269011e+03
8.6728739898e+06	8.2383840755e-02	9.8820995690e+03
8.6728739898e+06	8.2053772023e-02	9.9435815439e+03
8.6728739898e+06	8.1722651782e-02	1.0006973649e+04
8.6728739898e+06	8.1389625222e-02	1.0072105812e+04
8.6728739898e+06	8.1054659131e-02	1.0138926287e+04
8.6728739898e+06	8.0717961423e-02	1.0207462735e+04
8.6728739898e+06	8.0379995117e-02	1.0278208827e+04
8.6728739898e+06	8.0040016428e-02	1.0350932216e+04
8.6728739898e+06	7.9697994528e-02	1.0425587271e+04
8.6728739898e+06	7.9354192769e-02	1.0502207237e+04
8.6728739898e+06	7.9009091070e-02	1.0581334948e+04
8.6728739898e+06	7.8661875645e-02	1.0662729840e+04
8.6728739898e+06	7.8312503083e-02	1.0746351795e+04
8.6728739898e+06	7.7961228431e-02	1.0832242574e+04
8.6728739898e+06	7.7608420508e-02	1.0921050713e+04
8.6728739898e+06	7.7253382850e-02	1.1012469432e+04
8.6728739898e+06	7.6896086684e-02	1.1106422057e+04
8.6728739898e+06	7.6536725117e-02	1.1202949711e+04
8.6728739898e+06	7.6175611404e-02	1.1302820086e+04
8.6728739898e+06	7.5812147223e-02	1.1405632947e+04
8.6728739898e+06	7.5446291371e-02	1.1511269288e+04
8.6728739898e+06	7.5078230861e-02	1.1619763997e+04
8.6728739898e+06	7.4708328608e-02	1.1731907854e+04
8.6728739898e+06	7.4335950837e-02	1.1847314676e+04
8.6728739898e+06	7.3961056753e-02	1.1965951165e+04
8.6728739898e+06	7.3643932346e-02	1.2084231065e+04
8.6728739898e+06	7.3580337289e-02	1.2177900176e+04
8.6728739898e+06	7.3535373654e-02	1.2246105781e+04
8.6728739898e+06	7.3490566077e-02	1.2307677959e+04
8.6728739898e+06	7.3445731375e-02	1.2366665891e+04
8.6728739898e+06	7.3401545395e-02	1.2424532606e+04
8.6728739898e+06	7.3358049245e-02	1.2482052558e+04
8.6728739898e+06	7.3319636312e-02	1.2533517694e+04
8.6728739898e+06	7.3306746115e-02	1.2550539075e+04
8.6728739898e+06	7.3301228516e-02	1.2557045087e+04
8.6728739898e+06	7.3302058518e-02	1.2554025943e+04
8.6728739898e+06	7.3311036194e-02	1.2538578628e+04
8.6728739898e+06	7.3331891802e-02	1.2505404354e+04
8.6728739898e+06	7.3370300767e-02	1.2446842985e+04
8.6728739898e+06	7.3435743126e-02	1.2350011302e+04
8.6728739898e+06	7.3510214817e-02	1.2243452426e+04
8.6728739898e+06	7.3585854396e-02	1.2138832571e+04
8.6728739898e+06	7.3662737778e-02	1.2037556088e+04
8.6728739898e+06	7.3740235205e-02	1.1939479891e+04
8.6728739898e+06	7.3817847010e-02	1.1844476766e+04
8.6728739898e+06	7.3895298819e-02	1.1752780473e+04
8.6728739898e+06	7.3972406906e-02	1.1666196626e+04
8.6728739898e+06	7.4049586749e-02	1.1582481666e+04
8.6728739898e+06	7.4126693804e-02	1.1501546181e+04
8.6728739898e+06	7.4203729242e-02	1.1423424446e+04
8.6728739898e+06	7.4281368177e-02	1.1348789930e+04
8.6728739898e+06	7.4358784148e-02	1.1276758127e+04
8.6728739898e+06	7.4435936395e-02	1.1207280472e+04
8.6728739898e+06	7.4512976212e-02	1.1140430334e+04
8.6728739898e+06	7.4590468175e-02	1.1076531195e+04
8.6728739898e+06	7.4667597285e-02	1.1014951966e+04
8.6728739898e+06	7.4744341524e-02	1.0955626920e+04
8.6728739898e+06	7.4820955730e-02	1.0898620869e+04
8.6728739898e+06	7.4897966000e-02	1.0844097625e+04
8.6728739898e+06	7.4974539749e-02	1.0791575377e+04
8.6728739898e+06	7.5050663715e-02	1.0740988546e+04
8.6728739898e+06	7.5126543548e-02	1.0692378420e+04
8.6728739898e+06	7.5202694372e-02	1.0645915229e+04
8.6728739898e+06	7.5278373340e-02	1.0601144480e+04
8.6725830719e+06	7.5353574928e-02	1.0558861746e+04
8.6725830719e+06	6.8877550742e-02	1.1127322024e+04
8.6592441298e+06	6.8944114668e-02	1.1130507703e+04
8.6592441298e+06	6.8726294943e-02	1.1114011727e+04
8.6592441298e+06	6.8802521646e-02	1.1067286169e+04
8.6592441298e+06	6.8879505281e-02	1.1023152950e+04
8.6592441298e+06	6.8956240300e-02	1.0981157591e+04
8.6592441298e+06	6.9032526749e-02	1.0941138678e+04
8.6592441298e+06	6.9108868753e-02	1.0903159959e+04
8.6495976409e+06	6.9185242207e-02	1.0898384097e+04
8.6495976409e+06	6.6842623805e-02	1.1088205076e+04
8.6495976409e+06	6.6909677591e-02	1.1048709072e+04
8.6495976409e+06	6.6976502584e-02	1.1011862602e+04
8.6495976409e+06	6.7043513952e-02	1.0976711859e+04
8.6495976409e+06	6.7110720662e-02	1.0943855834e+04
8.6495976409e+06	6.7177400942e-02	1.0913023500e+04
8.6458742242e+06	6.7243190810e-02	1.0896513594e+04
8.6458742242e+06	6.6935469971e-02	1.0903575644e+04
8.6458742242e+06	6.6999339342e-02	1.0878267782e+04
8.6458742242e+06	6.7061892364e-02	1.0854535566e+04
8.6458742242e+06	6.7124282295e-02	1.0832390824e+04
8.6458742242e+06	6.7185512545e-02	1.0811546497e+04
8.6458742242e+06	6.7245608707e-02	1.0791863677e+04
8.6430728717e+06	6.7305529094e-02	1.0782695818e+04
8.6430728717e+06	6.6615312683e-02	1.0849536356e+04
8.6430728717e+06	6.6307475453e-02	1.0879863981e+04
8.6430728717e+06	6.6000517821e-02	1.0916672631e+04
8.6430728717e+06	6.5695585068e-02	1.0960543040e+04
8.6430728717e+06	6.5389712771e-02	1.1005311225e+04
8.6430728717e+06	6.5082731812e-02	1.1050987888e+04
8.6430728717e+06	6.4775482371e-02	1.1097666784e+04
8.6430728717e+06	6.4467632083e-02	1.1145397719e+04
8.6430728717e+06	6.4158630839e-02	1.1194141488e+04
8.6430728717e+06	6.3848817553e-02	1.1243945979e+04
8.6430728717e+06	6.3538749135e-02	1.1294973121e+04
8.6430728717e+06	6.3227486356e-02	1.1347125045e+04
8.6430728717e+06	6.2915013277e-02	1.1400432481e+04
8.6430728717e+06	6.2602574082e-02	1.1455050529e+04
8.6430728717e+06	6.2289046846e-02	1.1510962032e+04
8.6430728717e+06	6.1974263291e-02	1.1568150442e+04
8.6430728717e+06	6.1658735934e-02	1.1626729787e+04
8.6430728717e+06	6.1342530799e-02	1.1686879387e+04
8.6430728717e+06	6.1025021159e-02	1.1748439940e+04
8.6430728717e+06	6.0706208481e-02	1.1811444381e+04
8.6430728717e+06	6.0387027692e-02	1.1876210614e+04
8.6430728717e+06	6.0066534049e-02	1.1942600448e+04
8.6430728717e+06	5.9744667435e-02	1.2010580376e+04
8.6430728717e+06	5.9421913362e-02	1.2080264183e+04
8.6430728717e+06	5.9098404846e-02	1.2151922880e+04
8.6430728717e+06	5.8773474546e-02	1.2225321199e+04
8.6430728717e+06	5.8447103800e-02	1.2300498570e+04
8.6430728717e+06	5.8120059819e-02	1.2377793775e+04
8.6430728717e+06	5.7791700547e-02	1.2457176412e+04
8.6430728717e+06	5.7461848346e-02	1.2538505368e+04
8.6430728717e+06	5.7130646485e-02	1.2621806844e+04
8.6430728717e+06	5.6798615280e-02	1.2707747973e+04
8.6430728717e+06	5.6465036434e-02	1.2795846132e+04
8.6430728717e+06	5.6129893437e-02	1.2886127117e+04
8.6430728717e+06	5.5793550695e-02	1.2978762541e+04
8.6430728717e+06	5.5456056865e-02	1.3074226671e+04
8.6430728717e+06	5.5116939072e-02	1.3172074170e+04
8.6430728717e+06	5.4776173860e-02	1.3272353226e+04
8.6430728717e+06	5.4434253728e-02	1.3375408532e+04
8.6430728717e+06	5.4090923556e-02	1.3481476164e+04
8.6430728717e+06	5.3745888917e-02	1.3590157346e+04
8.6430728717e+06	5.3399126115e-02	1.3701491626e+04
8.6430728717e+06	5.3051178569e-02	1.3816032034e+04
8.6430728717e+06	5.2701604005e-02	1.3933893656e+04
8.6430728717e+06	5.2419637758e-02	1.4048674819e+04
8.6430728717e+06	5.2382758700e-02	1.4110601210e+04
8.6430728717e+06	5.2348113416e-02	1.4168471941e+04
8.6430728717e+06	5.2313406403e-02	1.4225204468e+04
8.6430728717e+06	5.2278763988e-02	1.4281524934e+04
8.6430728717e+06	5.2244837715e-02	1.4337246489e+04
8.6430728717e+06	5.2213417575e-02	1.4389364600e+04
8.6430728717e+06	5.2204139684e-02	1.4404581104e+04
8.6430728717e+06	5.2200587880e-02	1.4409772559e+04
8.6430728717e+06	5.2202073828e-02	1.4405907316e+04
8.6430728717e+06	5.2209879665e-02	1.4390564574e+04
8.6430728717e+06	5.2226495720e-02	1.4359291398e+04
8.6429940595e+06	5.2256422767e-02	1.4304811554e+04
8.6429940595e+06	5.2377803478e-02	1.4270261729e+04
8.6429940595e+06	5.2436268257e-02	1.4170721594e+04
8.6429940595e+06	5.2495789977e-02	1.4073757313e+04
8.6429940595e+06	5.2555708617e-02	1.3979558244e+04
8.6429940595e+06	5.2615802824e-02	1.3888395336e+04
8.6429940595e+06	5.2676819578e-02	1.3801337465e+04
8.6406915071e+06	5.2737773520e-02	1.3727042903e+04
8.6406915071e+06	5.2982555512e-02	1.3578093865e+04
8.6406915071e+06	5.3040481372e-02	1.3469481078e+04
8.6406915071e+06	5.3097923332e-02	1.3367667659e+04
8.6406915071e+06	5.3155381107e-02	1.3272767404e+04
8.6406915071e+06	5.3212665360e-02	1.3184357541e+04
8.6406915071e+06	5.3269259217e-02	1.3101720160e+04
8.6379914763e+06	5.3325649388e-02	1.3037034690e+04
8.6379914763e+06	5.3652363146e-02	1.2923137386e+04
8.6379914763e+06	5.3707551704e-02	1.2857697874e+04
8.6379914763e+06	5.3762328454e-02	1.2796748743e+04
8.6379914763e+06	5.3816176417e-02	1.2739650411e+04
8.6379914763e+06	5.3870011728e-02	1.2686568070e+04
8.6379914763e+06	5.3923130470e-02	1.2636826499e+04
8.6347830337e+06	5.3975455053e-02	1.2603384419e+04
8.6347830337e+06	5.4381216603e-02	1.2507508619e+04
8.6347830337e+06	5.4433931976e-02	1.2466710050e+04
8.6347830337e+06	5.4486013045e-02	1.2428551476e+04
8.6347830337e+06	5.4537778956e-02	1.2392901320e+04
8.6347830337e+06	5.4588518127e-02	1.2359374565e+04
8.6347830337e+06	5.4638709830e-02	1.2327903556e+04
8.6310987575e+06	5.4688695440e-02	1.2313459524e+04
8.6310987575e+06	5.5165291585e-02	1.2224039127e+04
8.6310987575e+06	5.5213721366e-02	1.2198959952e+04
8.6310987575e+06	5.5261096020e-02	1.2175478463e+04
8.6310987575e+06	5.5307195854e-02	1.2153367552e+04
8.6310987575e+06	5.5352417974e-02	1.2132537746e+04
8.6310987575e+06	5.5397385889e-02	1.2112925574e+04
8.6271915014e+06	5.5441353967e-02	1.2110174449e+04
8.6271915014e+06	5.5965451699e-02	1.2029848799e+04
8.6271915014e+06	5.6007543086e-02	1.2008469620e+04
8.6271915014e+06	5.6050114833e-02	1.1993225811e+04
8.6271915014e+06	5.6091715957e-02	1.1978711473e+04
8.6271915014e+06	5.6133162248e-02	1.1964885703e+04
8.6271915014e+06	5.6174137662e-02	1.1951682832e+04
8.6235030864e+06	5.6214277935e-02	1.1953868179e+04
8.6235030864e+06	5.5997297053e-02	1.1964043067e+04
8.6235030864e+06	5.6051471130e-02	1.1947582798e+04
8.6235030864e+06	5.6104856650e-02	1.1932303758e+04
8.6235030864e+06	5.6158825264e-02	1.1920433208e+04
8.6235030864e+06	5.6213370392e-02	1.1908774117e+04
8.6235030864e+06	5.6268212653e-02	1.1897394076e+04
8.6206448667e+06	5.6322697839e-02	1.1897790090e+04
8.6206448667e+06	5.5567548677e-02	1.1972714426e+04
8.6206448667e+06	5.5617035477e-02	1.1960680558e+04
8.6206448667e+06	5.5666342168e-02	1.1949257394e+04
8.6206448667e+06	5.5705419486e-02	1.1941515284e+04
8.6206448667e+06	5.5754027731e-02	1.1932634206e+04
8.6206448667e+06	5.5802166783e-02	1.1923972084e+04
8.6188091940e+06	5.5850565640e-02	1.1922927624e+04
8.6188091940e+06	5.5418151862e-02	1.1965678799e+04
8.6188091940e+06	5.5463467970e-02	1.1956479809e+04
8.6188091940e+06	5.5508278829e-02	1.1947945845e+04
8.6188091940e+06	5.5553181994e-02	1.1940533285e+04
8.6188091940e+06	5.5598147024e-02	1.1933247130e+04
8.6188091940e+06	5.5642794825e-02	1.1926089742e+04
8.6172441872e+06	5.5687130381e-02	1.1925417742e+04
8.6172441872e+06	5.5340014887e-02	1.1960213849e+04
8.6172441872e+06	5.5381918373e-02	1.1952668753e+04
8.6172441872e+06	5.5424843097e-02	1.1945461857e+04
8.6172441872e+06	5.5466642698e-02	1.1939166307e+04
8.6172441872e+06	5.5508166180e-02	1.1932964386e+04
8.6172441872e+06	5.5549393171e-02	1.1926855827e+04
8.6158115283e+06	5.5590334840e-02	1.1926673258e+04
8.6158115283e+06	5.5294332103e-02	1.1956784978e+04
8.6158115283e+06	5.5334379954e-02	1.1950335253e+04
8.6158115283e+06	5.5374148817e-02	1.1944071425e+04
8.6158115283e+06	5.5413162678e-02	1.1938543210e+04
8.6158115283e+06	5.5452288819e-02	1.1933031195e+04
8.6158115283e+06	5.5491336207e-02	1.1927562414e+04
8.6145073626e+06	5.5530265319e-02	1.1927463545e+04
8.6145073626e+06	5.5273657859e-02	1.1953807689e+04
8.6145073626e+06	5.5312483047e-02	1.1947973899e+04
8.6145073626e+06	5.5350779211e-02	1.1942315577e+04
8.6145073626e+06	5.5388014908e-02	1.1937270758e+04
8.6145073626e+06	5.5425009244e-02	1.1932284093e+04
8.6145073626e+06	5.5461775370e-02	1.1927352037e+04
8.6133157331e+06	5.5498300563e-02	1.1927343406e+04
8.6133157331e+06	5.5272191563e-02	1.1950758356e+04
8.6133157331e+06	5.5309270299e-02	1.1945512491e+04
8.6133157331e+06	5.5346048837e-02	1.1940351391e+04
8.6133157331e+06	5.5381559566e-02	1.1935717502e+04
8.6133157331e+06	5.5416886110e-02	1.1931129514e+04
8.6133157331e+06	5.5452046615e-02	1.1926579805e+04
8.6122216556e+06	5.5487105389e-02	1.1926531852e+04
8.6122216556e+06	5.5285524380e-02	1.1947538326e+04
8.6122216556e+06	5.5320954972e-02	1.1942732234e+04
8.6122216556e+06	5.5356165289e-02	1.1937986616e+04
8.6122216556e+06	5.5390143646e-02	1.1933665996e+04
8.6122216556e+06	5.5423937413e-02	1.1929392160e+04
8.6122216556e+06	5.5457629337e-02	1.1925143464e+04
8.6111909783e+06	5.5491265142e-02	1.1925128999e+04
8.6111909783e+06	5.5306425373e-02	1.1944496836e+04
8.6111909783e+06	5.5340030963e-02	1.1940060982e+04
8.6111909783e+06	5.5374083575e-02	1.1935617560e+04
8.6111909783e+06	5.5406908080e-02	1.1931524449e+04
8.6111909783e+06	5.5439264579e-02	1.1927519540e+04
8.6111909783e+06	5.5471319671e-02	1.1923562045e+04
8.6102183620e+06	5.5503338776e-02	1.1923596789e+04
8.6102183620e+06	5.5332780384e-02	1.1941557402e+04
8.6102183620e+06	5.5364821482e-02	1.1937444759e+04
8.6102183620e+06	5.5396653980e-02	1.1933377030e+04
8.6102183620e+06	5.5427621903e-02	1.1929561003e+04
8.6102183620e+06	5.5458743340e-02	1.1925778112e+04
8.6102183620e+06	5.5489757939e-02	1.1922015329e+04
8.6092898815e+06	5.5520830965e-02	1.1922051039e+04
8.6092898815e+06	5.5362090221e-02	1.1938827546e+04
8.6092898815e+06	5.5393319488e-02	1.1934914350e+04
8.6092898815e+06	5.5424240263e-02	1.1931054278e+04
8.6092898815e+06	5.5454112602e-02	1.1927415018e+04
8.6092898815e+06	5.5483496751e-02	1.1923882027e+04
8.6092898815e+06	5.5512787499e-02	1.1920365998e+04
8.6084228836e+06	5.5542016055e-02	1.1920410875e+04
8.6084228836e+06	5.5397725937e-02	1.1935686669e+04
8.6084228836e+06	5.5428010051e-02	1.1931956486e+04
8.6084228836e+06	5.5458211812e-02	1.1928247325e+04
8.6084228836e+06	5.5487342276e-02	1.1924745293e+04
8.6084228836e+06	5.5515849669e-02	1.1921354952e+04
8.6084228836e+06	5.5544426376e-02	1.1917960598e+04
8.6076021953e+06	5.5572946642e-02	1.1917935636e+04
8.6076021953e+06	5.5058257495e-02	1.1975835084e+04
8.6076021953e+06	5.4702659972e-02	1.2017011430e+04
8.6076021953e+06	5.4348334679e-02	1.2058314294e+04
8.6076021953e+06	5.3993653482e-02	1.2099910550e+04
8.6076021953e+06	5.3641519755e-02	1.2141507401e+04
8.6076021953e+06	5.3289784623e-02	1.2183336141e+04
8.6076021953e+06	5.2938703561e-02	1.2225381479e+04
8.6076021953e+06	5.2588795776e-02	1.2267604027e+04
8.6076021953e+06	5.2238514234e-02	1.2310166016e+04
8.6076021953e+06	5.1889800446e-02	1.2352900183e+04
8.6076021953e+06	5.1540778617e-02	1.2395992532e+04
8.6076021953e+06	5.1193330972e-02	1.2439261288e+04
8.6076021953e+06	5.0847374250e-02	1.2482732346e+04
8.6076021953e+06	5.0501066661e-02	1.2526601201e+04
8.6076021953e+06	5.0156233257e-02	1.2570727253e+04
8.6076021953e+06	4.9810992408e-02	1.2615289057e+04
8.6076021953e+06	4.9466418837e-02	1.2660213138e+04
8.6076021953e+06	4.9122479144e-02	1.2705529350e+04
8.6076021953e+06	4.8778116485e-02	1.2751334104e+04
8.6076021953e+06	4.8436378034e-02	1.2797369283e+04
8.6076021953e+06	4.8094357121e-02	1.2843925590e+04
8.6076021953e+06	4.7752467747e-02	1.2890993086e+04
8.6076021953e+06	4.7411134116e-02	1.2938580491e+04
8.6076021953e+06	4.7069343699e-02	1.2986765790e+04
8.6076021953e+06	4.6728636431e-02	1.3035477672e+04
8.6076021953e+06	4.6387981619e-02	1.3084821081e+04
8.6076021953e+06	4.6047009900e-02	1.3134823987e+04
8.6076021953e+06	4.5707685677e-02	1.3185416340e+04
8.6076021953e+06	4.5367867407e-02	1.3236747948e+04
8.6076021953e+06	4.5028120139e-02	1.3288821578e+04
8.6076021953e+06	4.4688819654e-02	1.3341686779e+04
8.6076021953e+06	4.4349004937e-02	1.3395385937e+04
8.6076021953e+06	4.4009783218e-02	1.3449928642e+04
8.6076021953e+06	4.3670679303e-02	1.3505396429e+04
8.6076021953e+06	4.3331038858e-02	1.3561809070e+04
8.6076021953e+06	4.2992173847e-02	1.3619211443e+04
8.6076021953e+06	4.2653034954e-02	1.3677666862e+04
8.6076021953e+06	4.2313364746e-02	1.3737185268e+04
8.6076021953e+06	4.1974507442e-02	1.3797861852e+04
8.6076021953e+06	4.1635110905e-02	1.3859715784e+04
8.6076021953e+06	4.1295285358e-02	1.3922752781e+04
8.6076021953e+06	4.0956128804e-02	1.3987191842e+04
8.6076021953e+06	4.0616373891e-02	1.4052932654e+04
8.6076021953e+06	4.0276191358e-02	1.4120018366e+04
8.6076021953e+06	3.9936351129e-02	1.4188717807e+04
8.6076021953e+06	3.9685665745e-02	1.4247118590e+04
8.6076021953e+06	3.9628351682e-02	1.4280832947e+04
8.6076021953e+06	3.9593734053e-02	1.4301736906e+04
8.6076021953e+06	3.9559237323e-02	1.4322653625e+04
8.6076021953e+06	3.9524374475e-02	1.4344198428e+04
8.6076021953e+06	3.9494417481e-02	1.4363074778e+04
8.6076021953e+06	3.9484953262e-02	1.4369090634e+04
8.6076021953e+06	3.9480477297e-02	1.4371872649e+04
8.6076021953e+06	3.9479914965e-02	1.4372067363e+04
8.6076021953e+06	3.9483765521e-02	1.4369317963e+04
8.6076021953e+06	3.9493652103e-02	1.4362550932e+04
8.6076021953e+06	3.9512623654e-02	1.4349850833e+04
8.6076021953e+06	3.9545840130e-02	1.4328173690e+04
8.6076021953e+06	3.9581966181e-02	1.4305254855e+04
8.6076021953e+06	3.9618507202e-02	1.4282716928e+04
8.6076021953e+06	3.9655781737e-02	1.4260874620e+04
8.6076021953e+06	3.9693057797e-02	1.4239710106e+04
8.6076021953e+06	3.9730092801e-02	1.4219230655e+04
8.6076021953e+06	3.9766827204e-02	1.4199440879e+04
8.6076021953e+06	3.9803249135e-02	1.4180336380e+04
8.6076021953e+06	3.9839964900e-02	1.4162012572e+04
8.6076021953e+06	3.9876307280e-02	1.4144311502e+04
8.6076021953e+06	3.9912270122e-02	1.4127210253e+04
8.6076021953e+06	3.9947851092e-02	1.4110685559e+04
8.6076021953e+06	3.9983035996e-02	1.4094725622e+04
8.6076021953e+06	4.0018536059e-02	1.4079404373e+04
8.6076021953e+06	4.0053574848e-02	1.4064609132e+04
8.6076021953e+06	4.0088159222e-02	1.4050315631e+04
8.6076021953e+06	4.0122294501e-02	1.4036501814e+04
8.6076021953e+06	4.0155979663e-02	1.4023149207e+04
8.6076021953e+06	4.0189700733e-02	1.4010256681e+04
8.6076021953e+06	4.0223234862e-02	1.3997788833e+04
8.6076021953e+06	4.0256329560e-02	1.3985716374e+04
8.6076021953e+06	4.0288973091e-02	1.3974028680e+04
8.6076021953e+06	4.0321121092e-02	1.3962726886e+04
8.6076021953e+06	4.0352533735e-02	1.3951878228e+04
8.6076021953e+06	4.0384071510e-02	1.3941396799e+04
8.6076021953e+06	4.0415333429e-02	1.3931211297e+04
8.6076021953e+06	4.0446465612e-02	1.3921232135e+04
8.6076021953e+06	4.0477677878e-02	1.3911388153e+04
8.6076021953e+06	4.0508692687e-02	1.3901761802e+04
8.6076021953e+06	4.0539267569e-02	1.3892419860e+04
8.6076021953e+06	4.0570254003e-02	1.3883240225e+04
8.6076021953e+06	4.0601056948e-02	1.3874326488e+04
8.6076021953e+06	4.0631248154e-02	1.3865713737e+04
8.6076021953e+06	4.0660823954e-02	1.3857392945e+04
8.6076021953e+06	4.0689822279e-02	1.3849344143e+04
8.6076021953e+06	4.0718302911e-02	1.3841542444e+04
8.6076021953e+06	4.0746298255e-02	1.3833971522e+04
8.6076021953e+06	4.0774374650e-02	1.3826598551e+04
8.6076021953e+06	4.0802083945e-02	1.3819419930e+04
8.6076021953e+06	4.0829388966e-02	1.3812427500e+04
8.6076021953e+06	4.0856329040e-02	1.3805606269e+04
8.6076021953e+06	4.0882885094e-02	1.3798956384e+04
8.6076021953e+06	4.0909050323e-02	1.3792474963e+04
8.6076021953e+06	4.0934841775e-02	1.3786153427e+04
8.6076021953e+06	4.0960548260e-02	1.3779966303e+04
8.6076021953e+06	4.0986405271e-02	1.3773889993e+04
8.6076021953e+06	4.1011926056e-02	1.3767949463e+04
8.6076021953e+06	4.1037121430e-02	1.3762138964e+04
8.6076021953e+06	4.1062002283e-02	1.3756453009e+04
8.6076021953e+06	4.1086576892e-02	1.3750886900e+04
8.6076021953e+06	4.1110855675e-02	1.3745435626e+04
8.6076021953e+06	4.1134846355e-02	1.3740094948e+04
8.6076021953e+06	4.1158556151e-02	1.3734860883e+04
8.6076021953e+06	4.1182577629e-02	1.3729691727e+04
8.6076021953e+06	4.1206363292e-02	1.3724617636e+04
8.6076021953e+06	4.1229886150e-02	1.3719637353e+04
8.6076021953e+06	4.1253147015e-02	1.3714748854e+04
8.6076021953e+06	4.1276143839e-02	1.3709950781e+04
8.6076009478e+06	4.1298859738e-02	1.3705251215e+04
8.6076009478e+06	4.1437417607e-02	1.3691408575e+04
8.6076009478e+06	4.1460426961e-02	1.3686695417e+04
8.6076009478e+06	4.1483089649e-02	1.3682069391e+04
8.6076009478e+06	4.1505442784e-02	1.3677578922e+04
8.6076009478e+06	4.1527743495e-02	1.3673147855e+04
8.6076009478e+06	4.1549822930e-02	1.3668787491e+04
8.6068243940e+06	4.1571686100e-02	1.3668426859e+04
8.6068243940e+06	4.2139961990e-02	1.3587956361e+04
8.6068243940e+06	4.2161683371e-02	1.3582454399e+04
8.6068243940e+06	4.2182835029e-02	1.3577180617e+04
8.6068243940e+06	4.2204327605e-02	1.3572030605e+04
8.6068243940e+06	4.2225567226e-02	1.3567190931e+04
8.6068243940e+06	4.2245882115e-02	1.3563514267e+04
8.6059351001e+06	4.2265999774e-02	1.3564347912e+04
8.6059351001e+06	4.1952710036e-02	1.3604960506e+04
8.6059351001e+06	4.1972936712e-02	1.3600382700e+04
8.6059351001e+06	4.1993138918e-02	1.3595864966e+04
8.6059351001e+06	4.2013621841e-02	1.3591424694e+04
8.6059351001e+06	4.2033568821e-02	1.3587139525e+04
8.6059351001e+06	4.2052995530e-02	1.3583002547e+04
8.6042821004e+06	4.2071630749e-02	1.3587713138e+04
8.6042821004e+06	4.2728048426e-02	1.3497216553e+04
8.6042821004e+06	4.2747040684e-02	1.3493314406e+04
8.6042821004e+06	4.2766253532e-02	1.3489486103e+04
8.6042821004e+06	4.2785175805e-02	1.3485756145e+04
8.6042821004e+06	4.2803618987e-02	1.3482144645e+04
8.6042821004e+06	4.2821714290e-02	1.3478626353e+04
8.6030732793e+06	4.2839453747e-02	1.3481213688e+04
8.6030732793e+06	4.3068948575e-02	1.3448993686e+04
8.6030732793e+06	4.3086675557e-02	1.3445671389e+04
8.6030732793e+06	4.3104869793e-02	1.3442346399e+04
8.6030732793e+06	4.3122738427e-02	1.3439099133e+04
8.6030732793e+06	4.3140208337e-02	1.3435940672e+04
8.6030732793e+06	4.3157372831e-02	1.3432854352e+04
8.6018387507e+06	4.3174270285e-02	1.3435945495e+04
8.6018387507e+06	4.3351984535e-02	1.3411148018e+04
8.6018387507e+06	4.3369045099e-02	1.3408167623e+04
8.6018387507e+06	4.3386019866e-02	1.3405244733e+04
8.6018387507e+06	4.3402186911e-02	1.3402466365e+04
8.6018387507e+06	4.3418158774e-02	1.3399733988e+04
8.6018387507e+06	4.3433888882e-02	1.3397054444e+04
8.6006194385e+06	4.3449285924e-02	1.3400456932e+04
8.6006194385e+06	4.3616214705e-02	1.3377355108e+04
8.6006194385e+06	4.3631350182e-02	1.3374821745e+04
8.6006194385e+06	4.3646624733e-02	1.3372305780e+04
8.6006194385e+06	4.3661787165e-02	1.3369826778e+04
8.6006194385e+06	4.3676711828e-02	1.3367394460e+04
8.6006194385e+06	4.3691277172e-02	1.3365026838e+04
8.5995047948e+06	4.3705557816e-02	1.3368192648e+04
8.5995047948e+06	4.3858606772e-02	1.3347161763e+04
8.5995047948e+06	4.3872634397e-02	1.3344912385e+04
8.5995047948e+06	4.3886371005e-02	1.3342718665e+04
8.5995047948e+06	4.3900028424e-02	1.3340551912e+04
8.5995047948e+06	4.3914053751e-02	1.3338357734e+04
8.5995047948e+06	4.3927754616e-02	1.3336218374e+04
8.5985234864e+06	4.3941336295e-02	1.3338913376e+04
8.5985234864e+06	4.4078019679e-02	1.3320235881e+04
8.5985234864e+06	4.4091605072e-02	1.3318141214e+04
8.5985234864e+06	4.4104972911e-02	1.3316087741e+04
8.5985234864e+06	4.4118224345e-02	1.3314056953e+04
8.5985234864e+06	4.4131643848e-02	1.3312007753e+04
8.5985234864e+06	4.4145021695e-02	1.3309971298e+04
8.5976487102e+06	4.4158691553e-02	1.3312187909e+04
8.5976487102e+06	4.4282357021e-02	1.3295375538e+04
8.5976487102e+06	4.4295870403e-02	1.3293355023e+04
8.5976487102e+06	4.4309110471e-02	1.3291381392e+04
8.5976487102e+06	4.4322069770e-02	1.3289452222e+04
8.5976487102e+06	4.4334748291e-02	1.3287567320e+04
8.5976487102e+06	4.4347159066e-02	1.3285724643e+04
8.5968522754e+06	4.4359309868e-02	1.3287804972e+04
8.5968522754e+06	4.4471727200e-02	1.3272585818e+04
8.5968522754e+06	4.4483897016e-02	1.3270800983e+04
8.5968522754e+06	4.4496050896e-02	1.3269031168e+04
8.5968522754e+06	4.4507953599e-02	1.3267299557e+04
8.5968522754e+06	4.4519615087e-02	1.3265604642e+04
8.5968522754e+06	4.4531048031e-02	1.3263944588e+04
8.5961482090e+06	4.4542261006e-02	1.3265741539e+04
8.5961482090e+06	4.4642627045e-02	1.3252217553e+04
8.5961482090e+06	4.4653625251e-02	1.3250629240e+04
8.5961482090e+06	4.4664393938e-02	1.3249077671e+04
8.5961482090e+06	4.4674947925e-02	1.3247558101e+04
8.5961482090e+06	4.4685296122e-02	1.3246069225e+04
8.5961482090e+06	4.4695577637e-02	1.3244594355e+04
8.5955116593e+06	4.4705992595e-02	1.3246197875e+04
8.5955116593e+06	4.4797158530e-02	1.3233964359e+04
8.5955116593e+06	4.4807410752e-02	1.3232507795e+04
8.5955116593e+06	4.4817472556e-02	1.3231081343e+04
8.5955116593e+06	4.4827375086e-02	1.3229678385e+04
8.5955116593e+06	4.4837085851e-02	1.3228303278e+04
8.5955116593e+06	4.4846659695e-02	1.3226948543e+04
8.5949411249e+06	4.4855639891e-02	1.3228438367e+04
8.5949411249e+06	4.4936935347e-02	1.3217561769e+04
8.5949411249e+06	4.4945757832e-02	1.3216314967e+04
8.5949411249e+06	4.4954562976e-02	1.3215073999e+04
8.5949411249e+06	4.4963096580e-02	1.3213870999e+04
8.5949411249e+06	4.4971582152e-02	1.3212679452e+04
