Phi_global	fO2_shift_IW_derived
1.0000000000e+00	-2.0187314619e+00
1.0000000000e+00	-2.0187314619e+00
1.0000000000e+00	-2.0187314619e+00
1.0000000000e+00	-2.0187314619e+00
1.0000000000e+00	-2.0178762789e+00
1.0000000000e+00	-2.0179517614e+00
1.0000000000e+00	-2.0180268898e+00
1.0000000000e+00	-2.0187722854e+00
1.0000000000e+00	-2.0199592286e+00
1.0000000000e+00	-2.0218435816e+00
1.0000000000e+00	-2.0247969008e+00
1.0000000000e+00	-2.0293841212e+00
1.0000000000e+00	-2.0363530707e+00
1.0000000000e+00	-2.0477401475e+00
1.0000000000e+00	-2.0526973650e+00
9.9991402041e-01	-2.0545802523e+00
9.9979644774e-01	-2.0547385325e+00
9.9973985095e-01	-2.0547306159e+00
9.9968371964e-01	-2.0547217606e+00
9.9962761286e-01	-2.0547116254e+00
9.9957124287e-01	-2.0547001531e+00
9.9951447425e-01	-2.0546874452e+00
9.9945762946e-01	-2.0546736847e+00
9.9939996124e-01	-2.0546589317e+00
9.9934171447e-01	-2.0546433278e+00
9.9928252914e-01	-2.0546269301e+00
9.9922247189e-01	-2.0546098232e+00
9.9916210368e-01	-2.0545921293e+00
9.9910154187e-01	-2.0545739138e+00
9.9904038525e-01	-2.0545551798e+00
9.9897852408e-01	-2.0545359546e+00
9.9891603992e-01	-2.0545162798e+00
9.9885265356e-01	-2.0544961557e+00
9.9878832788e-01	-2.0544756043e+00
9.9872359428e-01	-2.0544547044e+00
9.9865863014e-01	-2.0544334956e+00
9.9859272915e-01	-2.0544119236e+00
9.9852523992e-01	-2.0543899381e+00
9.9845747514e-01	-2.0543676929e+00
9.9838752087e-01	-2.0543450039e+00
9.9831728974e-01	-2.0543220857e+00
9.9824681067e-01	-2.0542989555e+00
9.9817608234e-01	-2.0542756269e+00
9.9810510349e-01	-2.0542521128e+00
9.9803387278e-01	-2.0542284257e+00
9.9796238889e-01	-2.0542045770e+00
9.9789065053e-01	-2.0541805777e+00
9.9781865633e-01	-2.0541564372e+00
9.9774640492e-01	-2.0541321634e+00
9.9767389428e-01	-2.0541077622e+00
9.9760112242e-01	-2.0540832364e+00
9.9752808776e-01	-2.0540585853e+00
9.9745478918e-01	-2.0540338036e+00
9.9738122567e-01	-2.0540088801e+00
9.9730739589e-01	-2.0539837972e+00
9.9723329820e-01	-2.0539585291e+00
9.9715893152e-01	-2.0539330412e+00
9.9708429395e-01	-2.0539072893e+00
9.9700938425e-01	-2.0538812195e+00
9.9693420093e-01	-2.0538547677e+00
9.9685874199e-01	-2.0538278606e+00
9.9678300654e-01	-2.0538004163e+00
9.9670699209e-01	-2.0537723457e+00
9.9663069755e-01	-2.0537435540e+00
9.9655412147e-01	-2.0537139428e+00
9.9647726115e-01	-2.0536834112e+00
9.9640011610e-01	-2.0536518587e+00
9.9632268374e-01	-2.0536191863e+00
9.9624496265e-01	-2.0535852996e+00
9.9616695150e-01	-2.0535501106e+00
9.9608864761e-01	-2.0535135409e+00
9.9601005056e-01	-2.0534755244e+00
9.9593115695e-01	-2.0534360099e+00
9.9585196657e-01	-2.0533949645e+00
9.9577247644e-01	-2.0533523746e+00
9.9569268519e-01	-2.0533082480e+00
9.9561259088e-01	-2.0532626136e+00
9.9553219099e-01	-2.0532155201e+00
9.9545148305e-01	-2.0531670344e+00
9.9537046387e-01	-2.0531172389e+00
9.9528913095e-01	-2.0530662279e+00
9.9520748709e-01	-2.0530141055e+00
9.9512553142e-01	-2.0529609803e+00
9.9504326226e-01	-2.0529069633e+00
9.9496067791e-01	-2.0528521649e+00
9.9487777666e-01	-2.0527966927e+00
9.9479455680e-01	-2.0527406500e+00
9.9471101657e-01	-2.0526841344e+00
9.9462715427e-01	-2.0526272371e+00
9.9454296811e-01	-2.0525700424e+00
9.9445845629e-01	-2.0525126277e+00
9.9437361690e-01	-2.0524550637e+00
9.9428844810e-01	-2.0523974147e+00
9.9420294807e-01	-2.0523397384e+00
9.9411711493e-01	-2.0522819090e+00
9.9403094681e-01	-2.0522237477e+00
9.9394444181e-01	-2.0521656915e+00
9.9385759775e-01	-2.0521076531e+00
9.9377040991e-01	-2.0520483000e+00
9.9368284666e-01	-2.0519730709e+00
9.9368211984e-01	-2.0517547232e+00
9.9367864896e-01	-2.0515889464e+00
9.9367528394e-01	-2.0514968494e+00
9.9367194332e-01	-2.0514319570e+00
9.9366862171e-01	-2.0513929173e+00
9.9366531347e-01	-2.0513703333e+00
9.9366201534e-01	-2.0513562989e+00
9.9365872119e-01	-2.0513465819e+00
9.9365542992e-01	-2.0513388511e+00
9.9365214152e-01	-2.0513322998e+00
9.9364886283e-01	-2.0513263273e+00
9.9364558982e-01	-2.0513214953e+00
9.9364232590e-01	-2.0513182092e+00
9.9363907717e-01	-2.0513173416e+00
9.9363586629e-01	-2.0513210101e+00
9.9363271048e-01	-2.0513331135e+00
9.9362965480e-01	-2.0513605657e+00
9.9362679363e-01	-2.0514174925e+00
9.9362435117e-01	-2.0515375923e+00
9.9362267693e-01	-2.0517760712e+00
9.9362239459e-01	-2.0521656147e+00
9.9362349069e-01	-2.0527954036e+00
9.9356616239e-01	-2.0538240439e+00
9.9342357563e-01	-2.0540709668e+00
9.9336604693e-01	-2.0540623134e+00
9.9330875208e-01	-2.0540524527e+00
9.9325155546e-01	-2.0540410848e+00
9.9319373905e-01	-2.0540281799e+00
9.9313575465e-01	-2.0540139648e+00
9.9307729804e-01	-2.0539985974e+00
9.9301823238e-01	-2.0539822248e+00
9.9295783982e-01	-2.0539649009e+00
9.9289671957e-01	-2.0539467915e+00
9.9283504181e-01	-2.0539279969e+00
9.9277316447e-01	-2.0539086219e+00
9.9271072487e-01	-2.0538886836e+00
9.9264748247e-01	-2.0538682034e+00
9.9258351509e-01	-2.0538472291e+00
9.9251866952e-01	-2.0538257790e+00
9.9245270022e-01	-2.0538038573e+00
9.9238644206e-01	-2.0537815784e+00
9.9231994663e-01	-2.0537589716e+00
9.9225172700e-01	-2.0537359020e+00
9.9218257595e-01	-2.0537124729e+00
9.9211217429e-01	-2.0536886690e+00
9.9204040150e-01	-2.0536644947e+00
9.9196837587e-01	-2.0536400838e+00
9.9189609608e-01	-2.0536154516e+00
9.9182356083e-01	-2.0535906127e+00
9.9175076879e-01	-2.0535655808e+00
9.9167771864e-01	-2.0535403695e+00
9.9160440901e-01	-2.0535149912e+00
9.9153083856e-01	-2.0534894579e+00
9.9145700593e-01	-2.0534637804e+00
9.9138290725e-01	-2.0534379681e+00
9.9130853837e-01	-2.0534120282e+00
9.9123389741e-01	-2.0533859661e+00
9.9115898482e-01	-2.0533597839e+00
9.9108380042e-01	-2.0533334797e+00
9.9100834389e-01	-2.0533070463e+00
9.9093261221e-01	-2.0532804699e+00
9.9085660618e-01	-2.0532537295e+00
9.9078032178e-01	-2.0532267951e+00
9.9070376014e-01	-2.0531996275e+00
9.9062691707e-01	-2.0531721765e+00
9.9054979279e-01	-2.0531443821e+00
9.9047238522e-01	-2.0531161735e+00
9.9039469102e-01	-2.0530874700e+00
9.9031671102e-01	-2.0530581832e+00
9.9023844077e-01	-2.0530282169e+00
9.9015987985e-01	-2.0529974704e+00
9.9008102698e-01	-2.0529658400e+00
9.9000187736e-01	-2.0529332212e+00
9.8992243281e-01	-2.0528995117e+00
9.8984268797e-01	-2.0528646128e+00
9.8976264373e-01	-2.0528284335e+00
9.8968229599e-01	-2.0527908924e+00
9.8960164472e-01	-2.0527519215e+00
9.8952068556e-01	-2.0527114684e+00
9.8943941890e-01	-2.0526694998e+00
9.8935784109e-01	-2.0526260027e+00
9.8927594903e-01	-2.0525809858e+00
9.8919373995e-01	-2.0525344796e+00
9.8911120933e-01	-2.0524865349e+00
9.8902835218e-01	-2.0524372208e+00
9.8894517398e-01	-2.0523866231e+00
9.8886167920e-01	-2.0523348390e+00
9.8877786628e-01	-2.0522819739e+00
9.8869373359e-01	-2.0522281375e+00
9.8860927951e-01	-2.0521734413e+00
9.8852450238e-01	-2.0521179952e+00
9.8843940053e-01	-2.0520619061e+00
9.8835397232e-01	-2.0520052755e+00
9.8826821602e-01	-2.0519481985e+00
9.8818212985e-01	-2.0518907638e+00
9.8809571197e-01	-2.0518330523e+00
9.8800896037e-01	-2.0517751379e+00
9.8792187329e-01	-2.0517170876e+00
9.8783444884e-01	-2.0516589616e+00
9.8774668515e-01	-2.0516005226e+00
9.8765858034e-01	-2.0515418174e+00
9.8757013251e-01	-2.0514831849e+00
9.8748133973e-01	-2.0514246643e+00
9.8739220002e-01	-2.0513662803e+00
9.8730271091e-01	-2.0513079437e+00
9.8721286498e-01	-2.0512483701e+00
9.8712260344e-01	-2.0511735738e+00
9.8712000109e-01	-2.0509618624e+00
9.8711622004e-01	-2.0507952842e+00
9.8711266020e-01	-2.0507088882e+00
9.8710914496e-01	-2.0506489103e+00
9.8710566361e-01	-2.0506129441e+00
9.8710220348e-01	-2.0505918537e+00
9.8709875670e-01	-2.0505783861e+00
9.8709531730e-01	-2.0505687733e+00
9.8709188354e-01	-2.0505609912e+00
9.8708845569e-01	-2.0505543218e+00
9.8708503915e-01	-2.0505482381e+00
9.8708163470e-01	-2.0505433230e+00
9.8707824968e-01	-2.0505400265e+00
9.8707489777e-01	-2.0505392963e+00
9.8707161835e-01	-2.0505434434e+00
9.8706845808e-01	-2.0505566462e+00
9.8706551591e-01	-2.0505863881e+00
9.8706300319e-01	-2.0506484762e+00
9.8706139871e-01	-2.0507790734e+00
9.8706148795e-01	-2.0510389824e+00
9.8706415013e-01	-2.0514635780e+00
9.8706946299e-01	-2.0521506535e+00
9.8697498650e-01	-2.0532708724e+00
9.8693953183e-01	-2.0533756461e+00
9.8694118048e-01	-2.0533796943e+00
9.8694281956e-01	-2.0533837796e+00
9.8694426255e-01	-2.0533879476e+00
9.8688529360e-01	-2.0533799559e+00
9.8682682833e-01	-2.0533704371e+00
9.8676829423e-01	-2.0533594043e+00
9.8670977575e-01	-2.0533466389e+00
9.8665059607e-01	-2.0533322072e+00
9.8659133226e-01	-2.0533164115e+00
9.8653110965e-01	-2.0532993812e+00
9.8646997218e-01	-2.0532812984e+00
9.8640786051e-01	-2.0532622945e+00
9.8634484489e-01	-2.0532424838e+00
9.8628162413e-01	-2.0532220254e+00
9.8621799716e-01	-2.0532009663e+00
9.8615335016e-01	-2.0531792979e+00
9.8608803577e-01	-2.0531571046e+00
9.8602171259e-01	-2.0531343903e+00
9.8595421840e-01	-2.0531111727e+00
9.8588642125e-01	-2.0530875741e+00
9.8581837022e-01	-2.0530636267e+00
9.8574816319e-01	-2.0530391525e+00
9.8567734417e-01	-2.0530143374e+00
9.8560461144e-01	-2.0529890632e+00
9.8553105177e-01	-2.0529634638e+00
9.8545723302e-01	-2.0529376169e+00
9.8538315391e-01	-2.0529115388e+00
9.8530881305e-01	-2.0528852450e+00
9.8523420912e-01	-2.0528587503e+00
9.8515934076e-01	-2.0528320688e+00
9.8508420661e-01	-2.0528052141e+00
9.8500880528e-01	-2.0527781989e+00
9.8493313348e-01	-2.0527510351e+00
9.8485718178e-01	-2.0527237328e+00
9.8478094786e-01	-2.0526963011e+00
9.8470443322e-01	-2.0526687478e+00
9.8462763956e-01	-2.0526410778e+00
9.8455056740e-01	-2.0526132924e+00
9.8447321293e-01	-2.0525853879e+00
9.8439557827e-01	-2.0525573555e+00
9.8431765848e-01	-2.0525291787e+00
9.8423945635e-01	-2.0525008336e+00
9.8416096459e-01	-2.0524722860e+00
9.8408218692e-01	-2.0524434923e+00
9.8400311822e-01	-2.0524143973e+00
9.8392375725e-01	-2.0523849348e+00
9.8384410477e-01	-2.0523550285e+00
9.8376415264e-01	-2.0523245909e+00
9.8368390513e-01	-2.0522935274e+00
9.8360335666e-01	-2.0522617362e+00
9.8352250524e-01	-2.0522291113e+00
9.8344135133e-01	-2.0521955450e+00
9.8335988760e-01	-2.0521609299e+00
9.8327811836e-01	-2.0521251633e+00
9.8319603388e-01	-2.0520881479e+00
9.8311363890e-01	-2.0520497976e+00
9.8303092584e-01	-2.0520100384e+00
9.8294789466e-01	-2.0519688130e+00
9.8286454247e-01	-2.0519260832e+00
9.8278086461e-01	-2.0518818318e+00
9.8269685668e-01	-2.0518360640e+00
9.8261251151e-01	-2.0517888073e+00
9.8252782591e-01	-2.0517401111e+00
9.8244281573e-01	-2.0516900462e+00
9.8235748237e-01	-2.0516386981e+00
9.8227182435e-01	-2.0515861643e+00
9.8218584020e-01	-2.0515325510e+00
9.8209952836e-01	-2.0514779695e+00
9.8201288729e-01	-2.0514225325e+00
9.8192591536e-01	-2.0513663511e+00
9.8183861100e-01	-2.0513095328e+00
9.8175097257e-01	-2.0512521796e+00
9.8166299825e-01	-2.0511943868e+00
9.8157468612e-01	-2.0511362422e+00
9.8148603421e-01	-2.0510778261e+00
9.8139704071e-01	-2.0510192111e+00
9.8130770374e-01	-2.0509604625e+00
9.8121802143e-01	-2.0509012935e+00
9.8112799190e-01	-2.0508418570e+00
9.8103761322e-01	-2.0507824459e+00
9.8094688345e-01	-2.0507231025e+00
9.8085580066e-01	-2.0506638647e+00
9.8076436285e-01	-2.0506047655e+00
9.8067256794e-01	-2.0505458228e+00
9.8058041310e-01	-2.0504869283e+00
9.8048788719e-01	-2.0504266400e+00
9.8039733620e-01	-2.0503496209e+00
9.8039595019e-01	-2.0501234767e+00
9.8039197107e-01	-2.0499804195e+00
9.8038823363e-01	-2.0498983983e+00
9.8038456577e-01	-2.0498421992e+00
9.8038095637e-01	-2.0498085785e+00
9.8037739648e-01	-2.0497885936e+00
9.8037389341e-01	-2.0497755146e+00
9.8037046689e-01	-2.0497659454e+00
9.8036716068e-01	-2.0497581043e+00
9.8036405663e-01	-2.0497513444e+00
9.8036138744e-01	-2.0497452305e+00
9.8035947792e-01	-2.0497403993e+00
9.8035880216e-01	-2.0497373958e+00
9.8035953155e-01	-2.0497369529e+00
9.8036105689e-01	-2.0497379350e+00
9.8036306548e-01	-2.0497396428e+00
9.8036530898e-01	-2.0497418154e+00
9.8036770222e-01	-2.0497443556e+00
9.8037020882e-01	-2.0497471926e+00
9.8037283947e-01	-2.0497501363e+00
9.8037554767e-01	-2.0497532242e+00
9.8037830920e-01	-2.0497564882e+00
9.8038111673e-01	-2.0497599152e+00
9.8038397717e-01	-2.0497634045e+00
9.8038688943e-01	-2.0497668888e+00
9.8038982979e-01	-2.0497704975e+00
9.8039279602e-01	-2.0497742263e+00
9.8039578629e-01	-2.0497780714e+00
9.8039587319e-01	-2.0497960196e+00
9.8046655892e-01	-2.0498225796e+00
9.8055328563e-01	-2.0498518067e+00
9.8063998892e-01	-2.0498819273e+00
9.8072659875e-01	-2.0499129174e+00
9.8081313631e-01	-2.0499447569e+00
9.8089955857e-01	-2.0499774329e+00
9.8098583951e-01	-2.0500101628e+00
9.8107199681e-01	-2.0500422238e+00
9.8115809970e-01	-2.0500737168e+00
9.8124427161e-01	-2.0501047979e+00
9.8133069134e-01	-2.0501356709e+00
9.8141244674e-01	-2.0501647131e+00
9.8147668591e-01	-2.0501875563e+00
9.8152974359e-01	-2.0502065303e+00
9.8157428729e-01	-2.0502226028e+00
9.8161026314e-01	-2.0502357041e+00
9.8164119430e-01	-2.0502471798e+00
9.8166751567e-01	-2.0502572103e+00
9.8168952839e-01	-2.0502659070e+00
9.8170698953e-01	-2.0502730669e+00
9.8172158762e-01	-2.0502793914e+00
9.8173367964e-01	-2.0502849985e+00
9.8174358975e-01	-2.0502899927e+00
9.8175139866e-01	-2.0502942541e+00
9.8175767780e-01	-2.0502980596e+00
9.8176267242e-01	-2.0503015266e+00
9.8176651822e-01	-2.0503046963e+00
9.8175929505e-01	-2.0503150929e+00
9.8179706980e-01	-2.0503277308e+00
9.8185307021e-01	-2.0503407199e+00
9.8190227811e-01	-2.0503518959e+00
9.8194629187e-01	-2.0503617259e+00
9.8198614311e-01	-2.0503705086e+00
9.8202252836e-01	-2.0503784472e+00
9.8205592575e-01	-2.0503856867e+00
9.8208668485e-01	-2.0503923333e+00
9.8211506252e-01	-2.0503984671e+00
9.8213959763e-01	-2.0504039744e+00
9.8213813709e-01	-2.0504065209e+00
9.8213529957e-01	-2.0504089463e+00
9.8213099690e-01	-2.0504112477e+00
9.8212512578e-01	-2.0504134207e+00
9.8211755987e-01	-2.0504154589e+00
9.8210811312e-01	-2.0504173496e+00
9.8209643754e-01	-2.0504190627e+00
9.8208188820e-01	-2.0504205517e+00
9.8206220914e-01	-2.0504217984e+00
9.8204770750e-01	-2.0504232529e+00
9.8205550941e-01	-2.0504262557e+00
9.8205009592e-01	-2.0504265963e+00
9.8202126077e-01	-2.0504192354e+00
9.8193604569e-01	-2.0503912804e+00
9.8184723169e-01	-2.0503711605e+00
9.8175898611e-01	-2.0503636264e+00
9.8167161146e-01	-2.0503698146e+00
9.8158465000e-01	-2.0503909821e+00
9.8149787894e-01	-2.0504307662e+00
9.8141129414e-01	-2.0504957125e+00
9.8132506874e-01	-2.0505947970e+00
9.8123947095e-01	-2.0507382794e+00
9.8115477567e-01	-2.0509354278e+00
9.8107061512e-01	-2.0511890464e+00
9.8098701739e-01	-2.0515025601e+00
9.8090369244e-01	-2.0518774720e+00
9.8079775527e-01	-2.0523026682e+00
9.8054558570e-01	-2.0527044394e+00
9.8048590911e-01	-2.0526941134e+00
9.8042614744e-01	-2.0526820598e+00
9.8036621886e-01	-2.0526680536e+00
9.8030571935e-01	-2.0526522587e+00
9.8024490164e-01	-2.0526349979e+00
9.8018321141e-01	-2.0526164667e+00
9.8012011122e-01	-2.0525968030e+00
9.8005606521e-01	-2.0525762041e+00
9.7999148695e-01	-2.0525548275e+00
9.7992669260e-01	-2.0525327954e+00
9.7986086182e-01	-2.0525100910e+00
9.7979451793e-01	-2.0524868286e+00
9.7972671249e-01	-2.0524629549e+00
9.7965795779e-01	-2.0524385660e+00
9.7958862016e-01	-2.0524137367e+00
9.7951903261e-01	-2.0523885335e+00
9.7944744115e-01	-2.0523627960e+00
9.7937495766e-01	-2.0523366679e+00
9.7930051341e-01	-2.0523100568e+00
9.7922517422e-01	-2.0522830974e+00
9.7914956992e-01	-2.0522558761e+00
9.7907369912e-01	-2.0522284105e+00
9.7899756045e-01	-2.0522007170e+00
9.7892115256e-01	-2.0521728115e+00
9.7884447407e-01	-2.0521447091e+00
9.7876752356e-01	-2.0521164241e+00
9.7869029965e-01	-2.0520879703e+00
9.7861279343e-01	-2.0520593601e+00
9.7853499423e-01	-2.0520306046e+00
9.7845690169e-01	-2.0520017149e+00
9.7837852117e-01	-2.0519727013e+00
9.7829985356e-01	-2.0519435712e+00
9.7822089817e-01	-2.0519143292e+00
9.7814165664e-01	-2.0518849764e+00
9.7806212215e-01	-2.0518555081e+00
9.7798229974e-01	-2.0518259148e+00
9.7790218189e-01	-2.0517961786e+00
9.7782177178e-01	-2.0517662738e+00
9.7774106505e-01	-2.0517361643e+00
9.7766005913e-01	-2.0517058031e+00
9.7757875690e-01	-2.0516751326e+00
9.7749714720e-01	-2.0516440818e+00
9.7741523692e-01	-2.0516125705e+00
9.7733301861e-01	-2.0515805071e+00
9.7725049068e-01	-2.0515477916e+00
9.7716765355e-01	-2.0515143184e+00
9.7708449873e-01	-2.0514799764e+00
9.7700103126e-01	-2.0514446555e+00
9.7691723977e-01	-2.0514082454e+00
9.7683312931e-01	-2.0513706429e+00
9.7674869208e-01	-2.0513317523e+00
9.7666392609e-01	-2.0512914905e+00
9.7657882886e-01	-2.0512497900e+00
9.7649339453e-01	-2.0512066015e+00
9.7640761767e-01	-2.0511618975e+00
9.7632148686e-01	-2.0511156726e+00
9.7623500281e-01	-2.0510679462e+00
9.7614818832e-01	-2.0510187633e+00
9.7606104371e-01	-2.0509681871e+00
9.7597356774e-01	-2.0509162990e+00
9.7588575901e-01	-2.0508631944e+00
9.7579761612e-01	-2.0508089790e+00
9.7570913762e-01	-2.0507537647e+00
9.7562032201e-01	-2.0506976659e+00
9.7553116783e-01	-2.0506407959e+00
9.7544167348e-01	-2.0505832650e+00
9.7535183716e-01	-2.0505251777e+00
9.7526165698e-01	-2.0504666317e+00
9.7517113089e-01	-2.0504077172e+00
9.7508025711e-01	-2.0503485158e+00
9.7498903374e-01	-2.0502891018e+00
9.7489745892e-01	-2.0502292738e+00
9.7480553076e-01	-2.0501690296e+00
9.7471324734e-01	-2.0501087510e+00
9.7462060669e-01	-2.0500484855e+00
9.7452760682e-01	-2.0499882750e+00
9.7443424576e-01	-2.0499281568e+00
9.7434052146e-01	-2.0498681642e+00
9.7424643190e-01	-2.0498083261e+00
9.7415197493e-01	-2.0497486585e+00
9.7405714753e-01	-2.0496890712e+00
9.7396193748e-01	-2.0496283491e+00
9.7386623803e-01	-2.0495533174e+00
9.7385992719e-01	-2.0493500282e+00
9.7385551568e-01	-2.0491797539e+00
9.7385157895e-01	-2.0491013631e+00
9.7384771725e-01	-2.0490482701e+00
9.7384390903e-01	-2.0490165401e+00
9.7384012836e-01	-2.0489974000e+00
9.7383635809e-01	-2.0489845673e+00
9.7383258931e-01	-2.0489749539e+00
9.7382881165e-01	-2.0489669654e+00
9.7382501082e-01	-2.0489599902e+00
9.7382115468e-01	-2.0489536295e+00
9.7381720620e-01	-2.0489485000e+00
9.7381309073e-01	-2.0489451347e+00
9.7380866629e-01	-2.0489446374e+00
9.7380359101e-01	-2.0489496858e+00
9.7379741164e-01	-2.0489650435e+00
9.7378927857e-01	-2.0489993675e+00
9.7377709139e-01	-2.0490735862e+00
9.7376139110e-01	-2.0491964319e+00
9.7374556285e-01	-2.0493434054e+00
9.7372971153e-01	-2.0495143060e+00
9.7371351965e-01	-2.0497161976e+00
9.7369575683e-01	-2.0499733968e+00
9.7367488963e-01	-2.0503255649e+00
9.7364717348e-01	-2.0508826787e+00
9.7355387421e-01	-2.0517877679e+00
9.7343758438e-01	-2.0519391922e+00
9.7337667266e-01	-2.0519278325e+00
9.7331568302e-01	-2.0519144712e+00
9.7325419886e-01	-2.0518989440e+00
9.7319232688e-01	-2.0518815651e+00
9.7312972602e-01	-2.0518626437e+00
9.7306605328e-01	-2.0518424190e+00
9.7300112483e-01	-2.0518210753e+00
9.7293514361e-01	-2.0517987860e+00
9.7286894146e-01	-2.0517757558e+00
9.7280205919e-01	-2.0517520242e+00
9.7273430287e-01	-2.0517276417e+00
9.7266528917e-01	-2.0517026250e+00
9.7259521489e-01	-2.0516770442e+00
9.7252429218e-01	-2.0516509633e+00
9.7245311321e-01	-2.0516244820e+00
9.7238007567e-01	-2.0515974581e+00
9.7230588461e-01	-2.0515699953e+00
9.7222966259e-01	-2.0515420233e+00
9.7215250263e-01	-2.0515136827e+00
9.7207507128e-01	-2.0514850662e+00
9.7199736716e-01	-2.0514561928e+00
9.7191938890e-01	-2.0514270801e+00
9.7184113509e-01	-2.0513977449e+00
9.7176260436e-01	-2.0513682031e+00
9.7168379527e-01	-2.0513384699e+00
9.7160470539e-01	-2.0513085599e+00
9.7152531670e-01	-2.0512784850e+00
9.7144562014e-01	-2.0512482577e+00
9.7136562102e-01	-2.0512178910e+00
9.7128532590e-01	-2.0511873967e+00
9.7120473687e-01	-2.0511567845e+00
9.7112385155e-01	-2.0511260612e+00
9.7104266928e-01	-2.0510952310e+00
9.7096119022e-01	-2.0510642937e+00
9.7087941102e-01	-2.0510332441e+00
9.7079733132e-01	-2.0510020704e+00
9.7071495044e-01	-2.0509707533e+00
9.7063226198e-01	-2.0509392636e+00
9.7054927231e-01	-2.0509075630e+00
9.7046596794e-01	-2.0508755996e+00
9.7038235728e-01	-2.0508433120e+00
9.7029843177e-01	-2.0508106247e+00
9.7021419000e-01	-2.0507774517e+00
9.7012963229e-01	-2.0507436967e+00
9.7004474924e-01	-2.0507092539e+00
9.6995954624e-01	-2.0506740135e+00
9.6987401086e-01	-2.0506378602e+00
9.6978814738e-01	-2.0506006808e+00
9.6970194908e-01	-2.0505623645e+00
9.6961541010e-01	-2.0505228078e+00
9.6952852892e-01	-2.0504819185e+00
9.6944129826e-01	-2.0504396188e+00
9.6935370913e-01	-2.0503958487e+00
9.6926574968e-01	-2.0503505694e+00
9.6917742375e-01	-2.0503037672e+00
9.6908876138e-01	-2.0502554558e+00
9.6899976146e-01	-2.0502056696e+00
9.6891042284e-01	-2.0501544658e+00
9.6882074436e-01	-2.0501019212e+00
9.6873072486e-01	-2.0500481288e+00
9.6864036303e-01	-2.0499931936e+00
9.6854965751e-01	-2.0499372281e+00
9.6845860701e-01	-2.0498803483e+00
9.6836721000e-01	-2.0498226702e+00
9.6827546480e-01	-2.0497643066e+00
9.6818336951e-01	-2.0497053650e+00
9.6809092204e-01	-2.0496459460e+00
9.6799812065e-01	-2.0495861420e+00
9.6790496352e-01	-2.0495260372e+00
9.6781144875e-01	-2.0494654891e+00
9.6771757445e-01	-2.0494043987e+00
9.6762333872e-01	-2.0493432106e+00
9.6752873957e-01	-2.0492819783e+00
9.6743377502e-01	-2.0492207493e+00
9.6733844306e-01	-2.0491595654e+00
9.6724274161e-01	-2.0490984635e+00
9.6714666867e-01	-2.0490374763e+00
9.6705022212e-01	-2.0489766329e+00
9.6695339984e-01	-2.0489159581e+00
9.6685619962e-01	-2.0488554637e+00
9.6675861797e-01	-2.0487950417e+00
9.6666063839e-01	-2.0487333207e+00
9.6656211230e-01	-2.0486555007e+00
9.6655962589e-01	-2.0484374533e+00
9.6655504433e-01	-2.0482888249e+00
9.6655091929e-01	-2.0482135498e+00
9.6654688512e-01	-2.0481630835e+00
9.6654291611e-01	-2.0481329122e+00
9.6653898253e-01	-2.0481144254e+00
9.6653506859e-01	-2.0481017450e+00
9.6653117149e-01	-2.0480920543e+00
9.6652728960e-01	-2.0480839175e+00
9.6652342468e-01	-2.0480767531e+00
9.6651958333e-01	-2.0480702195e+00
9.6651578553e-01	-2.0480649443e+00
9.6651206030e-01	-2.0480614937e+00
9.6650846458e-01	-2.0480610403e+00
9.6650513140e-01	-2.0480664157e+00
9.6650226749e-01	-2.0480826368e+00
9.6650026804e-01	-2.0481188628e+00
9.6650005039e-01	-2.0481964137e+00
9.6650341128e-01	-2.0483585480e+00
9.6651349329e-01	-2.0486864292e+00
9.6653183606e-01	-2.0492218805e+00
9.6655331046e-01	-2.0500272715e+00
9.6655802892e-01	-2.0506607045e+00
9.6648667272e-01	-2.0510284447e+00
9.6648829440e-01	-2.0510335509e+00
9.6648243171e-01	-2.0510574507e+00
9.6654044215e-01	-2.0510890653e+00
9.6661816201e-01	-2.0511236515e+00
9.6669568682e-01	-2.0511581348e+00
9.6677266308e-01	-2.0511919164e+00
9.6684932418e-01	-2.0512251373e+00
9.6679280145e-01	-2.0512168059e+00
9.6673067150e-01	-2.0512043821e+00
9.6666844009e-01	-2.0511896892e+00
9.6660540505e-01	-2.0511726356e+00
9.6654214525e-01	-2.0511536773e+00
9.6647776883e-01	-2.0511331070e+00
9.6641202301e-01	-2.0511111913e+00
9.6634506367e-01	-2.0510881589e+00
9.6627745543e-01	-2.0510642259e+00
9.6620961343e-01	-2.0510395537e+00
9.6614042850e-01	-2.0510141111e+00
9.6607041461e-01	-2.0509880260e+00
9.6599914729e-01	-2.0509613106e+00
9.6592663966e-01	-2.0509340150e+00
9.6585386898e-01	-2.0509062874e+00
9.6577967549e-01	-2.0508780368e+00
9.6570377640e-01	-2.0508492635e+00
9.6562606083e-01	-2.0508199830e+00
9.6554707943e-01	-2.0507902801e+00
9.6546782009e-01	-2.0507602854e+00
9.6538828140e-01	-2.0507300193e+00
9.6530846200e-01	-2.0506995008e+00
9.6522836051e-01	-2.0506687480e+00
9.6514797551e-01	-2.0506377775e+00
9.6506730557e-01	-2.0506066055e+00
9.6498634581e-01	-2.0505752471e+00
9.6490507028e-01	-2.0505437141e+00
9.6482347304e-01	-2.0505120203e+00
9.6474156483e-01	-2.0504801803e+00
9.6465935094e-01	-2.0504482069e+00
9.6457683336e-01	-2.0504161117e+00
9.6449401525e-01	-2.0503839042e+00
9.6441088703e-01	-2.0503515903e+00
9.6432745775e-01	-2.0503191746e+00
9.6424371571e-01	-2.0502866551e+00
9.6415967131e-01	-2.0502540269e+00
9.6407530747e-01	-2.0502212750e+00
9.6399063744e-01	-2.0501883798e+00
9.6390564854e-01	-2.0501553090e+00
9.6382034478e-01	-2.0501220212e+00
9.6373472225e-01	-2.0500884620e+00
9.6364877458e-01	-2.0500545646e+00
9.6356250704e-01	-2.0500202506e+00
9.6347590502e-01	-2.0499854278e+00
9.6338897850e-01	-2.0499499962e+00
9.6330171023e-01	-2.0499138448e+00
9.6321410762e-01	-2.0498768595e+00
9.6312616099e-01	-2.0498389220e+00
9.6303786432e-01	-2.0497999158e+00
9.6294921523e-01	-2.0497597299e+00
9.6286020484e-01	-2.0497182615e+00
9.6277082161e-01	-2.0496754212e+00
9.6268105151e-01	-2.0496311361e+00
9.6259090126e-01	-2.0495853567e+00
9.6250040661e-01	-2.0495380599e+00
9.6240956657e-01	-2.0494892439e+00
9.6231838015e-01	-2.0494389324e+00
9.6222684637e-01	-2.0493871732e+00
9.6213496421e-01	-2.0493340364e+00
9.6204273258e-01	-2.0492796102e+00
9.6195015038e-01	-2.0492239972e+00
9.6185721650e-01	-2.0491673095e+00
9.6176392960e-01	-2.0491096645e+00
9.6167028805e-01	-2.0490511806e+00
9.6157629004e-01	-2.0489919740e+00
9.6148193355e-01	-2.0489321561e+00
9.6138721689e-01	-2.0488718310e+00
9.6129213824e-01	-2.0488110950e+00
9.6119669575e-01	-2.0487499161e+00
9.6110088759e-01	-2.0486880033e+00
9.6100471185e-01	-2.0486259146e+00
9.6090816653e-01	-2.0485637129e+00
9.6081124970e-01	-2.0485014534e+00
9.6071395932e-01	-2.0484391845e+00
9.6061629333e-01	-2.0483769484e+00
9.6051824968e-01	-2.0483147825e+00
9.6041982623e-01	-2.0482527192e+00
9.6032102093e-01	-2.0481907877e+00
9.6022183161e-01	-2.0481290134e+00
9.6012225611e-01	-2.0480674183e+00
9.6002229208e-01	-2.0480060101e+00
9.5992193565e-01	-2.0479446683e+00
9.5982116648e-01	-2.0478819074e+00
9.5972241797e-01	-2.0478020346e+00
9.5971970969e-01	-2.0475738905e+00
9.5971500725e-01	-2.0474397125e+00
9.5971075365e-01	-2.0473672013e+00
9.5970663863e-01	-2.0473190287e+00
9.5970265568e-01	-2.0472902013e+00
9.5969881999e-01	-2.0472722742e+00
9.5969520510e-01	-2.0472597463e+00
9.5969193854e-01	-2.0472500514e+00
9.5968925296e-01	-2.0472419146e+00
9.5968760003e-01	-2.0472348278e+00
9.5968801130e-01	-2.0472286265e+00
9.5969193326e-01	-2.0472241129e+00
9.5970212278e-01	-2.0472222036e+00
9.5972423716e-01	-2.0472247918e+00
9.5977103327e-01	-2.0472363318e+00
9.5985446587e-01	-2.0472618732e+00
9.5993975571e-01	-2.0472901711e+00
9.6002405612e-01	-2.0473199041e+00
9.6010733073e-01	-2.0473511058e+00
9.6019068432e-01	-2.0473849978e+00
9.6033737936e-01	-2.0474287211e+00
9.6043762680e-01	-2.0474563374e+00
9.6051241801e-01	-2.0474762768e+00
9.6057297911e-01	-2.0474920205e+00
9.6062431640e-01	-2.0475051174e+00
9.6066903833e-01	-2.0475163783e+00
9.6070865599e-01	-2.0475262803e+00
9.6074411147e-01	-2.0475351271e+00
9.6077229891e-01	-2.0475427182e+00
9.6076947399e-01	-2.0475465430e+00
9.6076478494e-01	-2.0475502504e+00
9.6075802228e-01	-2.0475538446e+00
9.6074887528e-01	-2.0475573271e+00
9.6073676342e-01	-2.0475606834e+00
9.6072050921e-01	-2.0475638639e+00
9.6070211562e-01	-2.0475663624e+00
9.6068487792e-01	-2.0475680102e+00
9.6066825929e-01	-2.0475691944e+00
9.6065213859e-01	-2.0475701082e+00
9.6058725656e-01	-2.0475738227e+00
9.6058589955e-01	-2.0475832912e+00
9.6060152154e-01	-2.0475942987e+00
9.6061196943e-01	-2.0476046814e+00
9.6061923595e-01	-2.0476147868e+00
9.6062417034e-01	-2.0476247438e+00
9.6062708137e-01	-2.0476345550e+00
9.6062810079e-01	-2.0476443111e+00
9.6062719837e-01	-2.0476540796e+00
9.6062424772e-01	-2.0476638551e+00
9.6061903612e-01	-2.0476736468e+00
9.6061122946e-01	-2.0476835284e+00
9.6060042376e-01	-2.0476936054e+00
9.6058594901e-01	-2.0477040273e+00
9.6056664684e-01	-2.0477150523e+00
9.6054800712e-01	-2.0477240367e+00
9.6053036198e-01	-2.0477318431e+00
9.6051478563e-01	-2.0477385990e+00
9.6051612551e-01	-2.0477468801e+00
9.6051296296e-01	-2.0477544847e+00
9.6050666954e-01	-2.0477616584e+00
9.6049891227e-01	-2.0477682178e+00
9.6048988767e-01	-2.0477745491e+00
9.6047972034e-01	-2.0477808104e+00
9.6046860517e-01	-2.0477870474e+00
9.6039414833e-01	-2.0478150739e+00
9.6042518108e-01	-2.0478460282e+00
9.6051770219e-01	-2.0478843713e+00
9.6060776781e-01	-2.0479219987e+00
9.6069582364e-01	-2.0479589877e+00
9.6078219248e-01	-2.0479955359e+00
9.6086717340e-01	-2.0480319046e+00
9.6095101664e-01	-2.0480684318e+00
9.6103392435e-01	-2.0481055753e+00
9.6111615102e-01	-2.0481440162e+00
9.6121885788e-01	-2.0481873037e+00
9.6137614158e-01	-2.0482443228e+00
9.6149355489e-01	-2.0482850438e+00
9.6157613040e-01	-2.0483125708e+00
9.6164125976e-01	-2.0483336145e+00
9.6169638341e-01	-2.0483509962e+00
9.6174504799e-01	-2.0483660574e+00
9.6178936979e-01	-2.0483795854e+00
9.6183106264e-01	-2.0483921841e+00
9.6183350769e-01	-2.0483993161e+00
9.6183103141e-01	-2.0484061939e+00
9.6182783377e-01	-2.0484140409e+00
9.6182385229e-01	-2.0484238573e+00
9.6181766949e-01	-2.0484384839e+00
9.6180901103e-01	-2.0484524533e+00
9.6179851368e-01	-2.0484627445e+00
9.6178485501e-01	-2.0484715776e+00
9.6176649556e-01	-2.0484798445e+00
9.6174513785e-01	-2.0484867891e+00
9.6172546041e-01	-2.0484917432e+00
9.6170786291e-01	-2.0484955281e+00
9.6169108695e-01	-2.0484987681e+00
9.6168193881e-01	-2.0485024652e+00
9.6167661004e-01	-2.0485062946e+00
9.6166895807e-01	-2.0485094680e+00
9.6165932510e-01	-2.0485123343e+00
9.6164818190e-01	-2.0485149746e+00
9.6163583040e-01	-2.0485174429e+00
9.6155246914e-01	-2.0485257347e+00
9.6153616934e-01	-2.0485405369e+00
9.6153620587e-01	-2.0485567426e+00
9.6153280642e-01	-2.0485724320e+00
9.6152663174e-01	-2.0485878445e+00
9.6151803259e-01	-2.0486031332e+00
9.6150875667e-01	-2.0486186033e+00
9.6150725118e-01	-2.0486351510e+00
9.6150402119e-01	-2.0486516250e+00
9.6150396919e-01	-2.0486685031e+00
9.6150086263e-01	-2.0486852672e+00
9.6149425507e-01	-2.0487020737e+00
9.6148337548e-01	-2.0487190852e+00
9.6146691334e-01	-2.0487366588e+00
9.6143851486e-01	-2.0487577738e+00
9.6140952392e-01	-2.0488030492e+00
9.6132332490e-01	-2.0488577726e+00
9.6123047606e-01	-2.0489272928e+00
9.6113514766e-01	-2.0490156560e+00
9.6103601466e-01	-2.0491244788e+00
9.6092411004e-01	-2.0492705500e+00
9.6076779794e-01	-2.0495452977e+00
9.6060203115e-01	-2.0499701670e+00
9.6024008789e-01	-2.0504987374e+00
9.6017658073e-01	-2.0504854174e+00
9.6011296042e-01	-2.0504696346e+00
9.6004842171e-01	-2.0504512925e+00
9.5998361587e-01	-2.0504309264e+00
9.5991765076e-01	-2.0504088788e+00
9.5985000344e-01	-2.0503854140e+00
9.5978113066e-01	-2.0503608086e+00
9.5971186337e-01	-2.0503353168e+00
9.5964195348e-01	-2.0503090319e+00
9.5957100746e-01	-2.0502820038e+00
9.5949860044e-01	-2.0502542594e+00
9.5942495144e-01	-2.0502258830e+00
9.5935058679e-01	-2.0501969824e+00
9.5927568347e-01	-2.0501676195e+00
9.5919822466e-01	-2.0501376083e+00
9.5911959805e-01	-2.0501071335e+00
9.5903879658e-01	-2.0500761122e+00
9.5895771117e-01	-2.0500447781e+00
9.5887634041e-01	-2.0500131539e+00
9.5879468287e-01	-2.0499812604e+00
9.5871273712e-01	-2.0499491169e+00
9.5863050173e-01	-2.0499167416e+00
9.5854797519e-01	-2.0498841516e+00
9.5846515247e-01	-2.0498513628e+00
9.5838200085e-01	-2.0498183872e+00
9.5829851200e-01	-2.0497852392e+00
9.5821469987e-01	-2.0497519347e+00
9.5813057553e-01	-2.0497184884e+00
9.5804613607e-01	-2.0496849128e+00
9.5796138722e-01	-2.0496512197e+00
9.5787632299e-01	-2.0496174180e+00
9.5779094520e-01	-2.0495835148e+00
9.5770525100e-01	-2.0495495134e+00
9.5761924047e-01	-2.0495154131e+00
9.5753290789e-01	-2.0494812070e+00
9.5744625912e-01	-2.0494468823e+00
9.5735928046e-01	-2.0494124157e+00
9.5727198520e-01	-2.0493777770e+00
9.5718435127e-01	-2.0493429204e+00
9.5709639520e-01	-2.0493077925e+00
9.5700809845e-01	-2.0492723226e+00
9.5691947098e-01	-2.0492364305e+00
9.5683049574e-01	-2.0492000207e+00
9.5674118259e-01	-2.0491629899e+00
9.5665151141e-01	-2.0491252232e+00
9.5656148771e-01	-2.0490866031e+00
9.5647110272e-01	-2.0490470082e+00
9.5638034567e-01	-2.0490063194e+00
9.5628920671e-01	-2.0489644233e+00
9.5619766559e-01	-2.0489212163e+00
9.5610572278e-01	-2.0488766121e+00
9.5601342348e-01	-2.0488305483e+00
9.5592077053e-01	-2.0487829805e+00
9.5582776291e-01	-2.0487338890e+00
9.5573439982e-01	-2.0486832805e+00
9.5564068039e-01	-2.0486311880e+00
9.5554660370e-01	-2.0485776688e+00
9.5545216885e-01	-2.0485228018e+00
9.5535737498e-01	-2.0484666832e+00
9.5526222099e-01	-2.0484094222e+00
9.5516670544e-01	-2.0483511357e+00
9.5507082689e-01	-2.0482919445e+00
9.5497458309e-01	-2.0482319682e+00
9.5487797253e-01	-2.0481713232e+00
9.5478099350e-01	-2.0481101191e+00
9.5468364412e-01	-2.0480484582e+00
9.5458592267e-01	-2.0479859147e+00
9.5448782724e-01	-2.0479229933e+00
9.5438935590e-01	-2.0478598650e+00
9.5429050666e-01	-2.0477965967e+00
9.5419127749e-01	-2.0477332467e+00
9.5409166633e-01	-2.0476698662e+00
9.5399167104e-01	-2.0476064995e+00
9.5389128953e-01	-2.0475431853e+00
9.5379051970e-01	-2.0474799573e+00
9.5368935933e-01	-2.0474168451e+00
9.5358780623e-01	-2.0473538748e+00
9.5348585815e-01	-2.0472910693e+00
9.5338351289e-01	-2.0472284486e+00
9.5328076797e-01	-2.0471660211e+00
9.5317761961e-01	-2.0471036924e+00
9.5307404857e-01	-2.0470402766e+00
9.5296987997e-01	-2.0469629633e+00
9.5295937168e-01	-2.0467626327e+00
9.5295400006e-01	-2.0465913488e+00
9.5294949647e-01	-2.0465212780e+00
9.5294510263e-01	-2.0464750863e+00
9.5294078302e-01	-2.0464473670e+00
9.5293649553e-01	-2.0464298255e+00
9.5293221701e-01	-2.0464172887e+00
9.5292793910e-01	-2.0464073838e+00
9.5292364538e-01	-2.0463989237e+00
9.5291930729e-01	-2.0463913640e+00
9.5291486755e-01	-2.0463844853e+00
9.5291026417e-01	-2.0463789411e+00
9.5290536149e-01	-2.0463753820e+00
9.5289987072e-01	-2.0463751596e+00
9.5289317698e-01	-2.0463815012e+00
9.5288432790e-01	-2.0464000874e+00
9.5287130571e-01	-2.0464419125e+00
9.5285529009e-01	-2.0465070388e+00
9.5283998441e-01	-2.0465772043e+00
9.5282516259e-01	-2.0466501461e+00
9.5280975961e-01	-2.0467291567e+00
9.5279363582e-01	-2.0468148547e+00
9.5277732531e-01	-2.0469051898e+00
9.5276095932e-01	-2.0469998297e+00
9.5274361777e-01	-2.0471037486e+00
9.5272515099e-01	-2.0472190223e+00
9.5270571041e-01	-2.0473466667e+00
9.5268612416e-01	-2.0474840106e+00
9.5266474894e-01	-2.0476437664e+00
9.5264095419e-01	-2.0478360705e+00
9.5261221064e-01	-2.0480796759e+00
9.5257414223e-01	-2.0484731413e+00
9.5251830661e-01	-2.0491113902e+00
9.5229256999e-01	-2.0496176156e+00
9.5222770240e-01	-2.0496031372e+00
9.5216260333e-01	-2.0495859386e+00
9.5209654942e-01	-2.0495660324e+00
9.5202997771e-01	-2.0495440155e+00
9.5196204494e-01	-2.0495202726e+00
9.5189247920e-01	-2.0494951102e+00
9.5182175883e-01	-2.0494688133e+00
9.5175079071e-01	-2.0494416478e+00
9.5167860410e-01	-2.0494136274e+00
9.5160537368e-01	-2.0493848652e+00
9.5153066790e-01	-2.0493553872e+00
9.5145467800e-01	-2.0493252751e+00
9.5137841066e-01	-2.0492946912e+00
9.5129989517e-01	-2.0492634583e+00
9.5122021251e-01	-2.0492317334e+00
9.5113758615e-01	-2.0491993501e+00
9.5105464298e-01	-2.0491666298e+00
9.5097140815e-01	-2.0491336005e+00
9.5088788025e-01	-2.0491002852e+00
9.5080405783e-01	-2.0490667047e+00
9.5071993941e-01	-2.0490328785e+00
9.5063552348e-01	-2.0489988248e+00
9.5055080422e-01	-2.0489645603e+00
9.5046573970e-01	-2.0489300971e+00
9.5038031869e-01	-2.0488954498e+00
9.5029456382e-01	-2.0488606359e+00
9.5020848805e-01	-2.0488256717e+00
9.5012208699e-01	-2.0487905702e+00
9.5003536495e-01	-2.0487553448e+00
9.4994832374e-01	-2.0492207657e+00
9.4949605021e-01	-2.0495450117e+00
9.4947267286e-01	-2.0495334352e+00
9.4939375108e-01	-2.0495129204e+00
9.4931445012e-01	-2.0494895690e+00
9.4923489691e-01	-2.0494636637e+00
9.4915507657e-01	-2.0494358316e+00
9.4907495918e-01	-2.0494068302e+00
9.4899453662e-01	-2.0493772753e+00
9.4891378572e-01	-2.0493474849e+00
9.4883271721e-01	-2.0493174938e+00
9.4875131237e-01	-2.0492871319e+00
9.4866957966e-01	-2.0492561188e+00
9.4858751263e-01	-2.0492241277e+00
9.4850510160e-01	-2.0491908331e+00
9.4842235011e-01	-2.0491559419e+00
9.4833924830e-01	-2.0491192073e+00
9.4825578605e-01	-2.0490804392e+00
9.4817194773e-01	-2.0490395077e+00
9.4808770854e-01	-2.0489963419e+00
9.4800309651e-01	-2.0489509339e+00
9.4791816113e-01	-2.0489033304e+00
9.4783290220e-01	-2.0488536169e+00
9.4774731957e-01	-2.0488019155e+00
9.4766141280e-01	-2.0487483756e+00
9.4757518140e-01	-2.0486931652e+00
9.4748862491e-01	-2.0486364626e+00
9.4740174254e-01	-2.0485784487e+00
9.4731453338e-01	-2.0485193011e+00
9.4722699624e-01	-2.0484591892e+00
9.4713912967e-01	-2.0483982712e+00
9.4705093166e-01	-2.0483366916e+00
9.4696240086e-01	-2.0482745804e+00
9.4687353566e-01	-2.0482120530e+00
9.4678433445e-01	-2.0481489420e+00
9.4669479563e-01	-2.0480852356e+00
9.4660491753e-01	-2.0480213771e+00
9.4651469838e-01	-2.0479574315e+00
9.4642413634e-01	-2.0478934561e+00
9.4633322962e-01	-2.0478294989e+00
9.4624197633e-01	-2.0477656008e+00
9.4615037457e-01	-2.0477017968e+00
9.4605842242e-01	-2.0476381170e+00
9.4596611794e-01	-2.0475745877e+00
9.4587345914e-01	-2.0475112317e+00
9.4578044403e-01	-2.0474480686e+00
9.4568707048e-01	-2.0473851094e+00
9.4559333523e-01	-2.0473222946e+00
9.4549922308e-01	-2.0472588223e+00
9.4540459682e-01	-2.0471859545e+00
9.4537844000e-01	-2.0470248801e+00
9.4537261034e-01	-2.0467996900e+00
9.4536847118e-01	-2.0467348654e+00
9.4536444541e-01	-2.0466923241e+00
9.4536049741e-01	-2.0466663778e+00
9.4535658509e-01	-2.0466493986e+00
9.4535268877e-01	-2.0466367822e+00
9.4534881062e-01	-2.0466265881e+00
9.4534494565e-01	-2.0466177769e+00
9.4534108689e-01	-2.0466098553e+00
9.4533722186e-01	-2.0466025409e+00
9.4533336460e-01	-2.0465965196e+00
9.4532951337e-01	-2.0465924023e+00
9.4532566059e-01	-2.0465914330e+00
9.4535300085e-01	-2.0466000905e+00
9.4540760235e-01	-2.0466232933e+00
9.4547913705e-01	-2.0466569033e+00
9.4555133052e-01	-2.0466922211e+00
9.4562379513e-01	-2.0467285966e+00
9.4569627294e-01	-2.0467660443e+00
9.4576863702e-01	-2.0468049719e+00
9.4585224103e-01	-2.0468475263e+00
9.4595823763e-01	-2.0468967706e+00
9.4609715975e-01	-2.0469599646e+00
9.4620067834e-01	-2.0470057745e+00
9.4627299293e-01	-2.0470369953e+00
9.4632798940e-01	-2.0470603670e+00
9.4637229341e-01	-2.0470791175e+00
9.4640918219e-01	-2.0470948849e+00
9.4644039114e-01	-2.0471085855e+00
9.4644474155e-01	-2.0471182642e+00
9.4644436585e-01	-2.0471273291e+00
9.4644347226e-01	-2.0471370163e+00
9.4644228872e-01	-2.0471477240e+00
9.4644128414e-01	-2.0471602891e+00
9.4644154533e-01	-2.0471770787e+00
9.4644350955e-01	-2.0471927346e+00
9.4644594040e-01	-2.0472067260e+00
9.4644816883e-01	-2.0472202434e+00
9.4644988697e-01	-2.0472339998e+00
9.4645090484e-01	-2.0472477252e+00
9.4645128453e-01	-2.0472617187e+00
9.4645116800e-01	-2.0472764985e+00
9.4645080988e-01	-2.0472930060e+00
9.4645075093e-01	-2.0473132030e+00
9.4645187518e-01	-2.0473379915e+00
9.4645347891e-01	-2.0473587293e+00
9.4645490571e-01	-2.0473782552e+00
9.4645586829e-01	-2.0473981520e+00
9.4645623300e-01	-2.0474179707e+00
9.4645612046e-01	-2.0474381018e+00
9.4645579229e-01	-2.0474601068e+00
9.4645576906e-01	-2.0474866059e+00
9.4645697571e-01	-2.0475199548e+00
9.4645873283e-01	-2.0475482795e+00
9.4646033590e-01	-2.0475756514e+00
9.4646139411e-01	-2.0476043977e+00
9.4646166118e-01	-2.0476330163e+00
9.4646116618e-01	-2.0476641091e+00
9.4645958801e-01	-2.0477022174e+00
9.4645597313e-01	-2.0477430763e+00
9.4644933061e-01	-2.0477785273e+00
9.4643730774e-01	-2.0478130160e+00
9.4641778964e-01	-2.0478467709e+00
9.4639665808e-01	-2.0478803215e+00
9.4639552256e-01	-2.0479199832e+00
9.4639432547e-01	-2.0479692863e+00
9.4639332533e-01	-2.0480237109e+00
9.4639219820e-01	-2.0480719636e+00
9.4639007028e-01	-2.0481184687e+00
9.4638573805e-01	-2.0481658174e+00
9.4637849901e-01	-2.0482130206e+00
9.4636775456e-01	-2.0482603582e+00
9.4635210234e-01	-2.0483096882e+00
9.4633664342e-01	-2.0483478912e+00
9.4632115612e-01	-2.0483800902e+00
9.4630540886e-01	-2.0484087924e+00
9.4628944262e-01	-2.0484351175e+00
9.4627397793e-01	-2.0484589981e+00
9.4625901051e-01	-2.0484811504e+00
9.4624385581e-01	-2.0485028022e+00
9.4622848610e-01	-2.0485242493e+00
9.4621288269e-01	-2.0485457258e+00
9.4614899047e-01	-2.0486505360e+00
9.4614672917e-01	-2.0487722385e+00
9.4614572227e-01	-2.0488990897e+00
9.4613542894e-01	-2.0490374429e+00
9.4611584018e-01	-2.0491971514e+00
9.4607265459e-01	-2.0493910294e+00
9.4597847636e-01	-2.0496244224e+00
9.4576240248e-01	-2.0498993530e+00
9.4570665003e-01	-2.0498838065e+00
9.4564908420e-01	-2.0498648774e+00
9.4559030440e-01	-2.0498429808e+00
9.4553041627e-01	-2.0498188345e+00
9.4547007875e-01	-2.0497930491e+00
9.4540845772e-01	-2.0497658864e+00
9.4534637867e-01	-2.0497376755e+00
9.4528209159e-01	-2.0497083874e+00
9.4521650759e-01	-2.0496782459e+00
9.4515042911e-01	-2.0496474343e+00
9.4508295542e-01	-2.0496159263e+00
9.4501453194e-01	-2.0495838320e+00
9.4494388867e-01	-2.0495510598e+00
9.4487254894e-01	-2.0495178222e+00
9.4479868661e-01	-2.0494839520e+00
9.4472224939e-01	-2.0494494753e+00
9.4464546486e-01	-2.0494146692e+00
9.4456841238e-01	-2.0493795681e+00
9.4449109065e-01	-2.0493441950e+00
9.4441349832e-01	-2.0493085710e+00
9.4433563401e-01	-2.0492727159e+00
9.4425746575e-01	-2.0492366445e+00
9.4417894687e-01	-2.0492003694e+00
9.4410011034e-01	-2.0491639110e+00
9.4402097446e-01	-2.0491272875e+00
9.4394154173e-01	-2.0490905144e+00
9.4386180662e-01	-2.0490536061e+00
9.4378178028e-01	-2.0490165776e+00
9.4370144887e-01	-2.0489794400e+00
9.4362082235e-01	-2.0489422057e+00
9.4353989227e-01	-2.0489048830e+00
9.4345866198e-01	-2.0488674784e+00
9.4337712484e-01	-2.0488299938e+00
9.4329528369e-01	-2.0487924269e+00
9.4321313207e-01	-2.0487547680e+00
9.4313066989e-01	-2.0487170005e+00
9.4304789412e-01	-2.0486790973e+00
9.4296479618e-01	-2.0486410200e+00
9.4288138329e-01	-2.0486027188e+00
9.4279763443e-01	-2.0485641273e+00
9.4271355287e-01	-2.0485251673e+00
9.4262912899e-01	-2.0484857451e+00
9.4254434963e-01	-2.0484457540e+00
9.4245919020e-01	-2.0484050747e+00
9.4237362920e-01	-2.0483635808e+00
9.4228769921e-01	-2.0483211476e+00
9.4220144268e-01	-2.0482776526e+00
9.4211485744e-01	-2.0482329739e+00
9.4202794172e-01	-2.0481870005e+00
9.4194069415e-01	-2.0481396380e+00
9.4185311365e-01	-2.0480908132e+00
9.4176519942e-01	-2.0480404781e+00
9.4167695097e-01	-2.0479886131e+00
9.4158836765e-01	-2.0479352275e+00
9.4149944910e-01	-2.0478803602e+00
9.4141019453e-01	-2.0478240762e+00
9.4132060311e-01	-2.0477664635e+00
9.4123067347e-01	-2.0477076281e+00
9.4114040481e-01	-2.0476476884e+00
9.4104979610e-01	-2.0475867697e+00
9.4095884607e-01	-2.0475250001e+00
9.4086755362e-01	-2.0474619383e+00
9.4077591739e-01	-2.0473982029e+00
9.4068393589e-01	-2.0473339678e+00
9.4059160756e-01	-2.0472693359e+00
9.4049893077e-01	-2.0472043999e+00
9.4040590378e-01	-2.0471392418e+00
9.4031252483e-01	-2.0470739329e+00
9.4021879210e-01	-2.0470085353e+00
9.4012470370e-01	-2.0469431022e+00
9.4003025773e-01	-2.0468776790e+00
9.3993545223e-01	-2.0468123047e+00
9.3984028523e-01	-2.0467470123e+00
9.3974475471e-01	-2.0466818303e+00
9.3964885866e-01	-2.0466167833e+00
9.3955259500e-01	-2.0465518925e+00
9.3945596167e-01	-2.0464871769e+00
9.3935895656e-01	-2.0464226531e+00
9.3926157754e-01	-2.0463583352e+00
9.3916382226e-01	-2.0462942252e+00
9.3906568632e-01	-2.0462302060e+00
9.3896714337e-01	-2.0461648909e+00
9.3886795129e-01	-2.0460833759e+00
9.3886144106e-01	-2.0458640642e+00
9.3885620899e-01	-2.0457184233e+00
9.3885181433e-01	-2.0456547743e+00
9.3884754000e-01	-2.0456131890e+00
9.3884334639e-01	-2.0455877491e+00
9.3883918512e-01	-2.0455708817e+00
9.3883503360e-01	-2.0455581958e+00
9.3883089021e-01	-2.0455478445e+00
9.3882674136e-01	-2.0455388502e+00
9.3882256141e-01	-2.0455307110e+00
9.3881830220e-01	-2.0455232176e+00
9.3881392780e-01	-2.0455170580e+00
9.3880933867e-01	-2.0455128855e+00
9.3880432925e-01	-2.0455120395e+00
9.3879846851e-01	-2.0455177392e+00
9.3879108920e-01	-2.0455357014e+00
9.3878088682e-01	-2.0455765736e+00
9.3876526350e-01	-2.0456634537e+00
9.3875041808e-01	-2.0457619264e+00
9.3873605238e-01	-2.0458678984e+00
9.3872216652e-01	-2.0459803683e+00
9.3870785633e-01	-2.0461061952e+00
9.3869301314e-01	-2.0462491673e+00
9.3867814642e-01	-2.0464093098e+00
9.3866325842e-01	-2.0465917030e+00
9.3864815157e-01	-2.0468157570e+00
9.3863478135e-01	-2.0471095422e+00
9.3861684759e-01	-2.0475375226e+00
9.3859069132e-01	-2.0482291570e+00
9.3834655854e-01	-2.0490673893e+00
9.3828258255e-01	-2.0490500867e+00
9.3821658525e-01	-2.0490291852e+00
9.3814932714e-01	-2.0490051249e+00
9.3808077303e-01	-2.0489786873e+00
9.3801182834e-01	-2.0489505616e+00
9.3794130235e-01	-2.0489209930e+00
9.3787049271e-01	-2.0488903775e+00
9.3779659527e-01	-2.0488585714e+00
9.3772209903e-01	-2.0488259821e+00
9.3764658113e-01	-2.0487926581e+00
9.3757007598e-01	-2.0487586794e+00
9.3749168867e-01	-2.0487240067e+00
9.3741139946e-01	-2.0486886891e+00
9.3733008082e-01	-2.0486528682e+00
9.3724523417e-01	-2.0486162993e+00
9.3715924182e-01	-2.0485792837e+00
9.3707294904e-01	-2.0485419459e+00
9.3698635440e-01	-2.0485043114e+00
9.3689945633e-01	-2.0484664036e+00
9.3681225334e-01	-2.0484282438e+00
9.3672472691e-01	-2.0483898500e+00
9.3663680338e-01	-2.0483512327e+00
9.3654850949e-01	-2.0483124127e+00
9.3645987547e-01	-2.0482734103e+00
9.3637090383e-01	-2.0482342421e+00
9.3628159445e-01	-2.0481949238e+00
9.3619195630e-01	-2.0481554711e+00
9.3610197418e-01	-2.0481158964e+00
9.3601165916e-01	-2.0480762140e+00
9.3592100439e-01	-2.0480364343e+00
9.3583000831e-01	-2.0479965665e+00
9.3573867149e-01	-2.0479566172e+00
9.3564698651e-01	-2.0479165881e+00
9.3555495965e-01	-2.0478764774e+00
9.3546257411e-01	-2.0478362745e+00
9.3536984611e-01	-2.0477959642e+00
9.3527674441e-01	-2.0477555162e+00
9.3518328682e-01	-2.0477148945e+00
9.3508946186e-01	-2.0476740466e+00
9.3499525549e-01	-2.0476329057e+00
9.3490065400e-01	-2.0475913902e+00
9.3480564245e-01	-2.0475494042e+00
9.3471019382e-01	-2.0475068368e+00
9.3461429710e-01	-2.0474635679e+00
9.3451802909e-01	-2.0474194794e+00
9.3442139621e-01	-2.0473744414e+00
9.3432439573e-01	-2.0473283239e+00
9.3422702537e-01	-2.0472810035e+00
9.3412928309e-01	-2.0472323687e+00
9.3403116728e-01	-2.0471823255e+00
9.3393267697e-01	-2.0471308028e+00
9.3383381103e-01	-2.0470777560e+00
9.3373456880e-01	-2.0470231702e+00
9.3363494954e-01	-2.0469670609e+00
9.3353495269e-01	-2.0469094726e+00
9.3343457654e-01	-2.0468504772e+00
9.3333382023e-01	-2.0467901688e+00
9.3323268300e-01	-2.0467286585e+00
9.3313116363e-01	-2.0466660693e+00
9.3302926102e-01	-2.0466022734e+00
9.3292697391e-01	-2.0465372813e+00
9.3282430087e-01	-2.0464715873e+00
9.3272124030e-01	-2.0464053126e+00
9.3261779052e-01	-2.0463385688e+00
9.3251394972e-01	-2.0462714572e+00
9.3240971603e-01	-2.0462040678e+00
9.3230508749e-01	-2.0461364799e+00
9.3220006201e-01	-2.0460687618e+00
9.3209463754e-01	-2.0460009726e+00
9.3198881202e-01	-2.0459331625e+00
9.3188258321e-01	-2.0458653742e+00
9.3177594884e-01	-2.0457976437e+00
9.3166890676e-01	-2.0457300017e+00
9.3156145462e-01	-2.0456624744e+00
9.3145359012e-01	-2.0455950844e+00
9.3134531093e-01	-2.0455278510e+00
9.3123661468e-01	-2.0454607916e+00
9.3112749898e-01	-2.0453939214e+00
9.3101796142e-01	-2.0453272535e+00
9.3090799938e-01	-2.0452607911e+00
9.3079760840e-01	-2.0451944421e+00
9.3068676468e-01	-2.0451270981e+00
9.3057525003e-01	-2.0450468004e+00
9.3055718103e-01	-2.0448522688e+00
9.3055076946e-01	-2.0446704932e+00
9.3054581117e-01	-2.0446083899e+00
9.3054098443e-01	-2.0445679828e+00
9.3053624659e-01	-2.0445431178e+00
9.3053154610e-01	-2.0445263399e+00
9.3052686447e-01	-2.0445135203e+00
9.3052220642e-01	-2.0445029422e+00
9.3051756767e-01	-2.0444936990e+00
9.3051293887e-01	-2.0444852874e+00
9.3050831395e-01	-2.0444775769e+00
9.3050371741e-01	-2.0444712762e+00
9.3049916149e-01	-2.0444671082e+00
9.3049466290e-01	-2.0444665652e+00
9.3049027749e-01	-2.0444732030e+00
9.3048612059e-01	-2.0444932970e+00
9.3048239774e-01	-2.0445384862e+00
9.3047966367e-01	-2.0446387785e+00
9.3047917048e-01	-2.0448550030e+00
9.3048295215e-01	-2.0452094921e+00
9.3049314689e-01	-2.0457475583e+00
9.3052256732e-01	-2.0465433113e+00
9.3053235204e-01	-2.0478381896e+00
9.3036531864e-01	-2.0481601913e+00
9.3029582568e-01	-2.0481407753e+00
9.3022363903e-01	-2.0481174432e+00
9.3015052543e-01	-2.0480909650e+00
9.3007604483e-01	-2.0480621349e+00
9.3000085655e-01	-2.0480316163e+00
9.2992442749e-01	-2.0479997199e+00
9.2984670385e-01	-2.0479666821e+00
9.2976643834e-01	-2.0479325290e+00
9.2968585636e-01	-2.0478976379e+00
9.2960349055e-01	-2.0478619358e+00
9.2952013430e-01	-2.0478255878e+00
9.2943428549e-01	-2.0477884832e+00
9.2934765721e-01	-2.0477508682e+00
9.2925755883e-01	-2.0477124781e+00
9.2916532463e-01	-2.0476735022e+00
9.2907276799e-01	-2.0476341800e+00
9.2897988734e-01	-2.0475945399e+00
9.2888668109e-01	-2.0475546074e+00
9.2879314760e-01	-2.0475144057e+00
9.2869927383e-01	-2.0474739548e+00
9.2860496697e-01	-2.0474332640e+00
9.2851025092e-01	-2.0473923549e+00
9.2841516366e-01	-2.0473512496e+00
9.2831971173e-01	-2.0473099658e+00
9.2822389359e-01	-2.0472685197e+00
9.2812771921e-01	-2.0472269280e+00
9.2803117726e-01	-2.0471852043e+00
9.2793427049e-01	-2.0471433630e+00
9.2783700378e-01	-2.0471014174e+00
9.2773935954e-01	-2.0470593767e+00
9.2764135787e-01	-2.0470172522e+00
9.2754296806e-01	-2.0469750463e+00
9.2744421743e-01	-2.0469327641e+00
9.2734507398e-01	-2.0468903984e+00
9.2724555347e-01	-2.0468479409e+00
9.2714564896e-01	-2.0468053719e+00
9.2704533819e-01	-2.0467626600e+00
9.2694462786e-01	-2.0467197650e+00
9.2684350308e-01	-2.0466766308e+00
9.2674194587e-01	-2.0466331862e+00
9.2663991988e-01	-2.0465893431e+00
9.2653739738e-01	-2.0465449993e+00
9.2643445782e-01	-2.0465000520e+00
9.2633113134e-01	-2.0464543815e+00
9.2622741445e-01	-2.0464078570e+00
9.2612330380e-01	-2.0463603451e+00
9.2601879650e-01	-2.0463117142e+00
9.2591388998e-01	-2.0462618415e+00
9.2580858246e-01	-2.0462106178e+00
9.2570287242e-01	-2.0461579541e+00
9.2559675839e-01	-2.0461037861e+00
9.2549023944e-01	-2.0460480781e+00
9.2538331478e-01	-2.0459908258e+00
9.2527598287e-01	-2.0459320555e+00
9.2516824263e-01	-2.0458718235e+00
9.2506009343e-01	-2.0458102121e+00
9.2495153432e-01	-2.0457473243e+00
9.2484256425e-01	-2.0456832258e+00
9.2473318223e-01	-2.0456175220e+00
9.2462338695e-01	-2.0455509114e+00
9.2451317696e-01	-2.0454835264e+00
9.2440255067e-01	-2.0454154940e+00
9.2429150634e-01	-2.0453469330e+00
9.2418004210e-01	-2.0452779518e+00
9.2406815599e-01	-2.0452086476e+00
9.2395584594e-01	-2.0451391059e+00
9.2384310980e-01	-2.0450694012e+00
9.2372994535e-01	-2.0449995973e+00
9.2361635032e-01	-2.0449297485e+00
9.2350232236e-01	-2.0448599008e+00
9.2338785911e-01	-2.0447900930e+00
9.2327295814e-01	-2.0447203576e+00
9.2315761699e-01	-2.0446507223e+00
9.2304183313e-01	-2.0445812102e+00
9.2292560413e-01	-2.0445118417e+00
9.2280892742e-01	-2.0444426341e+00
9.2269180042e-01	-2.0443736028e+00
9.2257422053e-01	-2.0443047615e+00
9.2245618509e-01	-2.0442361218e+00
9.2233769126e-01	-2.0441676831e+00
9.2221873357e-01	-2.0440993248e+00
9.2209927964e-01	-2.0440296395e+00
9.2197903355e-01	-2.0439435161e+00
9.2197003881e-01	-2.0437217825e+00
9.2196357836e-01	-2.0435764492e+00
9.2195819388e-01	-2.0435157669e+00
9.2195295118e-01	-2.0434764171e+00
9.2194780410e-01	-2.0434520469e+00
9.2194269684e-01	-2.0434353190e+00
9.2193761360e-01	-2.0434223529e+00
9.2193256247e-01	-2.0434115487e+00
9.2192754352e-01	-2.0434020621e+00
9.2192255370e-01	-2.0433933855e+00
9.2191760774e-01	-2.0433854696e+00
9.2191276129e-01	-2.0433790462e+00
9.2190808199e-01	-2.0433749136e+00
9.2190370819e-01	-2.0433747373e+00
9.2189994239e-01	-2.0433824366e+00
9.2189730672e-01	-2.0434049064e+00
9.2189678404e-01	-2.0434550293e+00
9.2190098757e-01	-2.0435671133e+00
9.2191427461e-01	-2.0437996626e+00
9.2193913726e-01	-2.0441806572e+00
9.2198139757e-01	-2.0448018986e+00
9.2204597570e-01	-2.0458141740e+00
9.2189013950e-01	-2.0471880883e+00
9.2181937755e-01	-2.0471681068e+00
9.2174599972e-01	-2.0471440791e+00
9.2167138912e-01	-2.0471166003e+00
9.2159531254e-01	-2.0470865745e+00
9.2151845114e-01	-2.0470547436e+00
9.2144035234e-01	-2.0470214681e+00
9.2136055806e-01	-2.0469869601e+00
9.2127849166e-01	-2.0469513339e+00
9.2119581203e-01	-2.0469149130e+00
9.2111157687e-01	-2.0468776880e+00
9.2102586546e-01	-2.0468397466e+00
9.2093761902e-01	-2.0468010298e+00
9.2084827379e-01	-2.0467617566e+00
9.2075503078e-01	-2.0467216473e+00
9.2066061230e-01	-2.0466810553e+00
9.2056586357e-01	-2.0466401118e+00
9.2047078292e-01	-2.0465988460e+00
9.2037536876e-01	-2.0465572842e+00
9.2027961939e-01	-2.0465154503e+00
9.2018346323e-01	-2.0464733579e+00
9.2008684263e-01	-2.0464310208e+00
9.1998982736e-01	-2.0463884664e+00
9.1989243119e-01	-2.0463457144e+00
9.1979466154e-01	-2.0463027830e+00
9.1969652507e-01	-2.0462596896e+00
9.1959800004e-01	-2.0462164477e+00
9.1949910813e-01	-2.0461730750e+00
9.1939983962e-01	-2.0461295846e+00
9.1930018769e-01	-2.0460859890e+00
9.1920016499e-01	-2.0460423011e+00
9.1909974416e-01	-2.0459985271e+00
9.1899895170e-01	-2.0459546764e+00
9.1889775473e-01	-2.0459107474e+00
9.1879616738e-01	-2.0458667387e+00
9.1869418528e-01	-2.0458226397e+00
9.1859178579e-01	-2.0457784293e+00
9.1848896814e-01	-2.0457340785e+00
9.1838572062e-01	-2.0456895448e+00
9.1828200667e-01	-2.0456447691e+00
9.1817780138e-01	-2.0455996787e+00
9.1807308567e-01	-2.0455541860e+00
9.1796796684e-01	-2.0455082030e+00
9.1786245513e-01	-2.0454616167e+00
9.1775654649e-01	-2.0454143010e+00
9.1765023746e-01	-2.0453661224e+00
9.1754352447e-01	-2.0453169442e+00
9.1743640451e-01	-2.0452666323e+00
9.1732887512e-01	-2.0452150613e+00
9.1722093427e-01	-2.0451621206e+00
9.1711258020e-01	-2.0451077204e+00
9.1700381146e-01	-2.0450517971e+00
9.1689462709e-01	-2.0449943167e+00
9.1678502527e-01	-2.0449352777e+00
9.1667500540e-01	-2.0448747106e+00
9.1656456682e-01	-2.0448126754e+00
9.1645370861e-01	-2.0447492595e+00
9.1634243021e-01	-2.0446843442e+00
9.1623073069e-01	-2.0446178724e+00
9.1611860889e-01	-2.0445503716e+00
9.1600606368e-01	-2.0444819784e+00
9.1589309355e-01	-2.0444128275e+00
9.1577969689e-01	-2.0443430468e+00
9.1566587196e-01	-2.0442727557e+00
9.1555161679e-01	-2.0442020624e+00
9.1543692951e-01	-2.0441310633e+00
9.1532180793e-01	-2.0440598428e+00
9.1520624982e-01	-2.0439884741e+00
9.1509025298e-01	-2.0439170195e+00
9.1497381501e-01	-2.0438455316e+00
9.1485693355e-01	-2.0437740550e+00
9.1473960612e-01	-2.0437026268e+00
9.1462183022e-01	-2.0436312781e+00
9.1450360335e-01	-2.0435600352e+00
9.1438492293e-01	-2.0434889202e+00
9.1426578634e-01	-2.0434179520e+00
9.1414619102e-01	-2.0433471472e+00
9.1402613426e-01	-2.0432765203e+00
9.1390561347e-01	-2.0432060844e+00
9.1378462588e-01	-2.0431358505e+00
9.1366316862e-01	-2.0430658220e+00
9.1354123696e-01	-2.0429959236e+00
9.1341880710e-01	-2.0429252431e+00
9.1329566223e-01	-2.0428439121e+00
9.1326380100e-01	-2.0426671219e+00
9.1325580818e-01	-2.0424542187e+00
9.1325020022e-01	-2.0423944795e+00
9.1324474398e-01	-2.0423558502e+00
9.1323938937e-01	-2.0423317866e+00
9.1323407380e-01	-2.0423150184e+00
9.1322878328e-01	-2.0423018698e+00
9.1322352776e-01	-2.0422908259e+00
9.1321830756e-01	-2.0422810889e+00
9.1321311688e-01	-2.0422721373e+00
9.1320797446e-01	-2.0422639989e+00
9.1320294120e-01	-2.0422574187e+00
9.1319809146e-01	-2.0422532549e+00
9.1319357882e-01	-2.0422533202e+00
9.1318973777e-01	-2.0422618349e+00
9.1318715215e-01	-2.0422862261e+00
9.1318692440e-01	-2.0423404556e+00
9.1319208447e-01	-2.0424629043e+00
9.1320751262e-01	-2.0427164517e+00
9.1323571563e-01	-2.0431316143e+00
9.1328402830e-01	-2.0438091570e+00
9.1335936968e-01	-2.0449145084e+00
9.1320402088e-01	-2.0461765261e+00
9.1313179573e-01	-2.0461550417e+00
9.1305648354e-01	-2.0461292280e+00
9.1297999626e-01	-2.0460998891e+00
9.1290221288e-01	-2.0460680102e+00
9.1282326253e-01	-2.0460342863e+00
9.1274337639e-01	-2.0459991598e+00
9.1266068807e-01	-2.0459626762e+00
9.1257669791e-01	-2.0459251919e+00
9.1249147313e-01	-2.0458868456e+00
9.1240513489e-01	-2.0458477508e+00
9.1231597601e-01	-2.0458077858e+00
9.1222555163e-01	-2.0457671962e+00
9.1213214335e-01	-2.0457258331e+00
9.1203574385e-01	-2.0456837400e+00
9.1193900726e-01	-2.0456412665e+00
9.1184193202e-01	-2.0455984456e+00
9.1174451645e-01	-2.0455553068e+00
9.1164675890e-01	-2.0455118762e+00
9.1154861747e-01	-2.0454681731e+00
9.1144997364e-01	-2.0454242055e+00
9.1135090234e-01	-2.0453800028e+00
9.1125143613e-01	-2.0453355879e+00
9.1115158356e-01	-2.0452909803e+00
9.1105135114e-01	-2.0452461979e+00
9.1095071548e-01	-2.0452012550e+00
9.1084970327e-01	-2.0451561704e+00
9.1074830289e-01	-2.0451109582e+00
9.1064650524e-01	-2.0450656317e+00
9.1054432979e-01	-2.0450202062e+00
9.1044173734e-01	-2.0449746886e+00
9.1033876037e-01	-2.0449290920e+00
9.1023537528e-01	-2.0448834196e+00
9.1013157524e-01	-2.0448376726e+00
9.1002736582e-01	-2.0447918479e+00
9.0992273156e-01	-2.0447459327e+00
9.0981765425e-01	-2.0446999055e+00
9.0971211576e-01	-2.0446537337e+00
9.0960608583e-01	-2.0446073709e+00
9.0949950944e-01	-2.0445607534e+00
9.0939245968e-01	-2.0445138175e+00
9.0928501496e-01	-2.0444664842e+00
9.0917717099e-01	-2.0444186495e+00
9.0906892387e-01	-2.0443701952e+00
9.0896026934e-01	-2.0443209919e+00
9.0885120368e-01	-2.0442709032e+00
9.0874172332e-01	-2.0442197899e+00
9.0863182534e-01	-2.0441675166e+00
9.0852150692e-01	-2.0441139580e+00
9.0841076593e-01	-2.0440590052e+00
9.0829960062e-01	-2.0440025716e+00
9.0818800866e-01	-2.0439445989e+00
9.0807598880e-01	-2.0438850599e+00
9.0796354056e-01	-2.0438239609e+00
9.0785066309e-01	-2.0437613407e+00
9.0773735584e-01	-2.0436972688e+00
9.0762361831e-01	-2.0436312552e+00
9.0750944977e-01	-2.0435639464e+00
9.0739484928e-01	-2.0434955117e+00
9.0727981577e-01	-2.0434260886e+00
9.0716434795e-01	-2.0433558158e+00
9.0704844436e-01	-2.0432848282e+00
9.0693210336e-01	-2.0432132533e+00
9.0681532315e-01	-2.0431412082e+00
9.0669810171e-01	-2.0430687986e+00
9.0658043705e-01	-2.0429961176e+00
9.0646232697e-01	-2.0429232461e+00
9.0634376919e-01	-2.0428502535e+00
9.0622476143e-01	-2.0427771984e+00
9.0610530117e-01	-2.0427041303e+00
9.0598538597e-01	-2.0426310902e+00
9.0586501328e-01	-2.0425581123e+00
9.0574418050e-01	-2.0424852252e+00
9.0562288505e-01	-2.0424124526e+00
9.0550112418e-01	-2.0423398148e+00
9.0537889538e-01	-2.0422673288e+00
9.0525619586e-01	-2.0421950096e+00
9.0513302285e-01	-2.0421228704e+00
9.0500937366e-01	-2.0420509230e+00
9.0488524546e-01	-2.0419791777e+00
9.0476063519e-01	-2.0419076363e+00
9.0463553783e-01	-2.0418362170e+00
9.0450992628e-01	-2.0417639440e+00
9.0438355296e-01	-2.0416802775e+00
9.0435297398e-01	-2.0414959823e+00
9.0434467601e-01	-2.0412911241e+00
9.0433883938e-01	-2.0412325733e+00
9.0433316334e-01	-2.0411947957e+00
9.0432759417e-01	-2.0411710895e+00
9.0432206286e-01	-2.0411542933e+00
9.0431655836e-01	-2.0411409620e+00
9.0431109258e-01	-2.0411296751e+00
9.0430566670e-01	-2.0411196837e+00
9.0430027264e-01	-2.0411104526e+00
9.0429493671e-01	-2.0411020941e+00
9.0428972894e-01	-2.0410953703e+00
9.0428473805e-01	-2.0410912103e+00
9.0428015075e-01	-2.0410916027e+00
9.0427636774e-01	-2.0411011157e+00
9.0427409442e-01	-2.0411278036e+00
9.0427471539e-01	-2.0411874099e+00
9.0428189195e-01	-2.0413215897e+00
9.0430166720e-01	-2.0415999154e+00
9.0433746681e-01	-2.0420554552e+00
9.0439826784e-01	-2.0427992787e+00
9.0448836477e-01	-2.0440134974e+00
9.0432735693e-01	-2.0451286649e+00
9.0425354995e-01	-2.0451055765e+00
9.0417633324e-01	-2.0450779012e+00
9.0409793368e-01	-2.0450466385e+00
9.0401841952e-01	-2.0450128556e+00
9.0393734448e-01	-2.0449771905e+00
9.0385554131e-01	-2.0449401571e+00
9.0377001233e-01	-2.0449016620e+00
9.0368407473e-01	-2.0448622783e+00
9.0359626666e-01	-2.0448219623e+00
9.0350707991e-01	-2.0447808714e+00
9.0341508475e-01	-2.0447389135e+00
9.0332170593e-01	-2.0446963212e+00
9.0322411259e-01	-2.0446528104e+00
9.0312537696e-01	-2.0446087906e+00
9.0302629586e-01	-2.0445643947e+00
9.0292686761e-01	-2.0445196560e+00
9.0282709051e-01	-2.0444746037e+00
9.0272695109e-01	-2.0444292626e+00
9.0262629615e-01	-2.0443836387e+00
9.0252516111e-01	-2.0443377581e+00
9.0242361411e-01	-2.0442916494e+00
9.0232166743e-01	-2.0442453336e+00
9.0221932148e-01	-2.0441988288e+00
9.0211656529e-01	-2.0441521513e+00
9.0201341971e-01	-2.0441053202e+00
9.0190987118e-01	-2.0440583502e+00
9.0180591358e-01	-2.0440112556e+00
9.0170156657e-01	-2.0439640532e+00
9.0159678899e-01	-2.0439167513e+00
9.0149161106e-01	-2.0438693649e+00
9.0138601988e-01	-2.0438219014e+00
9.0127998888e-01	-2.0437743634e+00
9.0117353262e-01	-2.0437267542e+00
9.0106663387e-01	-2.0436790674e+00
9.0095927310e-01	-2.0436312890e+00
9.0085142576e-01	-2.0435833953e+00
9.0074303294e-01	-2.0435353476e+00
9.0063406558e-01	-2.0434870974e+00
9.0052467157e-01	-2.0434386033e+00
9.0041487666e-01	-2.0433897934e+00
9.0030467662e-01	-2.0433405762e+00
9.0019406727e-01	-2.0432908441e+00
9.0008304430e-01	-2.0432404758e+00
8.9997160352e-01	-2.0431893386e+00
8.9985974106e-01	-2.0433490483e+00
9.0247517815e-01	-2.0435597276e+00
9.0240864003e-01	-2.0434851082e+00
9.0234260328e-01	-2.0434026637e+00
9.0227702703e-01	-2.0433190080e+00
9.0221193528e-01	-2.0432389549e+00
9.0214739440e-01	-2.0431646012e+00
9.0208349975e-01	-2.0430967098e+00
9.0202036986e-01	-2.0430347420e+00
9.0195814416e-01	-2.0429779257e+00
9.0189698226e-01	-2.0429255054e+00
9.0183706415e-01	-2.0428768333e+00
9.0177859076e-01	-2.0428313906e+00
9.0172178454e-01	-2.0427887823e+00
9.0166688997e-01	-2.0427487212e+00
9.0161417380e-01	-2.0427110114e+00
9.0156392489e-01	-2.0426755315e+00
9.0151645499e-01	-2.0426422203e+00
9.0147210404e-01	-2.0426110647e+00
9.0143126113e-01	-2.0425820907e+00
9.0139432500e-01	-2.0425553487e+00
9.0134552423e-01	-2.0425289727e+00
9.0123841791e-01	-2.0424973211e+00
9.0113033250e-01	-2.0424667932e+00
9.0102144823e-01	-2.0424376354e+00
9.0091188996e-01	-2.0424099985e+00
9.0080169735e-01	-2.0423811762e+00
9.0070371251e-01	-2.0423375535e+00
9.0069735535e-01	-2.0421396901e+00
9.0069192266e-01	-2.0420686321e+00
9.0068668583e-01	-2.0420159872e+00
9.0068158887e-01	-2.0419811436e+00
9.0067658722e-01	-2.0419585451e+00
9.0067161551e-01	-2.0419419622e+00
9.0066666714e-01	-2.0419284784e+00
9.0066175841e-01	-2.0419169323e+00
9.0065689157e-01	-2.0419066580e+00
9.0065205726e-01	-2.0418971439e+00
9.0064728358e-01	-2.0418885266e+00
9.0064264766e-01	-2.0418816241e+00
9.0063824514e-01	-2.0418774299e+00
9.0063427521e-01	-2.0418780615e+00
9.0063117008e-01	-2.0418883644e+00
9.0062969026e-01	-2.0419168833e+00
9.0063132338e-01	-2.0419802994e+00
9.0064001521e-01	-2.0421229289e+00
9.0066228912e-01	-2.0424189614e+00
9.0070173656e-01	-2.0429045229e+00
9.0075946785e-01	-2.0436916773e+00
9.0060953909e-01	-2.0449176997e+00
9.0054574288e-01	-2.0448946017e+00
9.0047938293e-01	-2.0448668209e+00
9.0041054916e-01	-2.0448351935e+00
9.0034075434e-01	-2.0448010271e+00
9.0026914928e-01	-2.0447649368e+00
9.0019691915e-01	-2.0447274869e+00
9.0012156779e-01	-2.0446886458e+00
9.0004487498e-01	-2.0446488064e+00
8.9996656265e-01	-2.0446080664e+00
8.9988701027e-01	-2.0445665705e+00
8.9980426487e-01	-2.0445241644e+00
8.9971997903e-01	-2.0444811086e+00
8.9963157559e-01	-2.0444371487e+00
8.9954222757e-01	-2.0443927074e+00
8.9945256874e-01	-2.0443478990e+00
8.9936259768e-01	-2.0443027566e+00
8.9927231289e-01	-2.0442573098e+00
8.9918160860e-01	-2.0442115726e+00
8.9909040186e-01	-2.0441655591e+00
8.9899879530e-01	-2.0441193039e+00
8.9890682052e-01	-2.0440728312e+00
8.9881446886e-01	-2.0440261595e+00
8.9872175442e-01	-2.0439793088e+00
8.9862868412e-01	-2.0439322976e+00
8.9853523601e-01	-2.0438851399e+00
8.9844142082e-01	-2.0438378534e+00
8.9834724928e-01	-2.0437904545e+00
8.9825267991e-01	-2.0437429528e+00
8.9815774603e-01	-2.0436953655e+00
8.9806243654e-01	-2.0436477026e+00
8.9796671967e-01	-2.0435999694e+00
8.9787061020e-01	-2.0435521733e+00
8.9777408989e-01	-2.0435043135e+00
8.9767713953e-01	-2.0434563829e+00
8.9757971078e-01	-2.0434083638e+00
8.9748175585e-01	-2.0433602289e+00
8.9738327768e-01	-2.0433119461e+00
8.9728444220e-01	-2.0432634893e+00
8.9718524954e-01	-2.0432147979e+00
8.9708569619e-01	-2.0431657949e+00
8.9698577836e-01	-2.0431163865e+00
8.9688549197e-01	-2.0430664629e+00
8.9678483340e-01	-2.0430158999e+00
8.9668379848e-01	-2.0429645622e+00
8.9658238335e-01	-2.0429123078e+00
8.9648058423e-01	-2.0428589934e+00
8.9637839835e-01	-2.0428044812e+00
8.9627582154e-01	-2.0427486457e+00
8.9617285169e-01	-2.0426913811e+00
8.9606948751e-01	-2.0426326071e+00
8.9596572788e-01	-2.0425722748e+00
8.9586157211e-01	-2.0425103498e+00
8.9575702006e-01	-2.0424462811e+00
8.9565207146e-01	-2.0423806971e+00
8.9554672603e-01	-2.0423136827e+00
8.9544098345e-01	-2.0422453481e+00
8.9533484311e-01	-2.0421758214e+00
8.9522830465e-01	-2.0421052417e+00
8.9512136699e-01	-2.0420337522e+00
8.9501402920e-01	-2.0419614946e+00
8.9490628990e-01	-2.0418886039e+00
8.9479814769e-01	-2.0418152057e+00
8.9468960101e-01	-2.0417414135e+00
8.9458064796e-01	-2.0416673275e+00
8.9447128678e-01	-2.0415930351e+00
8.9436151532e-01	-2.0415186108e+00
8.9425133153e-01	-2.0414441176e+00
8.9414073328e-01	-2.0413696080e+00
8.9402971825e-01	-2.0412951252e+00
8.9391828413e-01	-2.0412207050e+00
8.9380642856e-01	-2.0411463765e+00
8.9369414910e-01	-2.0410721639e+00
8.9358144338e-01	-2.0409980871e+00
8.9346830890e-01	-2.0409241627e+00
8.9335474315e-01	-2.0408504051e+00
8.9324074364e-01	-2.0407768267e+00
8.9312630781e-01	-2.0407034385e+00
8.9301143308e-01	-2.0406302505e+00
8.9289611687e-01	-2.0405572715e+00
8.9278035630e-01	-2.0404845013e+00
8.9266414620e-01	-2.0404118526e+00
8.9254745642e-01	-2.0403382961e+00
8.9243000990e-01	-2.0402527333e+00
8.9240127944e-01	-2.0400614824e+00
8.9239298820e-01	-2.0398613384e+00
8.9238736657e-01	-2.0398050237e+00
8.9238190945e-01	-2.0397686964e+00
8.9237656114e-01	-2.0397455243e+00
8.9237124491e-01	-2.0397286278e+00
8.9236595597e-01	-2.0397149432e+00
8.9236071053e-01	-2.0397032209e+00
8.9235551129e-01	-2.0396927846e+00
8.9235034582e-01	-2.0396830857e+00
8.9234525146e-01	-2.0396743452e+00
8.9234031188e-01	-2.0396673724e+00
8.9233563586e-01	-2.0396632119e+00
8.9233145488e-01	-2.0396641321e+00
8.9232826313e-01	-2.0396752519e+00
8.9232693734e-01	-2.0397056312e+00
8.9232927198e-01	-2.0397737760e+00
8.9233978341e-01	-2.0399263400e+00
8.9236455747e-01	-2.0402249274e+00
8.9240802019e-01	-2.0407129585e+00
8.9248137752e-01	-2.0415095639e+00
8.9259343572e-01	-2.0428118007e+00
8.9243643320e-01	-2.0439366990e+00
8.9236167698e-01	-2.0439108166e+00
8.9228384620e-01	-2.0438799899e+00
8.9220358021e-01	-2.0438452659e+00
8.9212222869e-01	-2.0438079873e+00
8.9203918594e-01	-2.0437688058e+00
8.9195508010e-01	-2.0437282201e+00
8.9186754968e-01	-2.0436862094e+00
8.9177863256e-01	-2.0436431997e+00
8.9168857420e-01	-2.0435993507e+00
8.9159568254e-01	-2.0435545573e+00
8.9150098392e-01	-2.0435090218e+00
8.9140265229e-01	-2.0434625870e+00
8.9130139689e-01	-2.0434153911e+00
8.9119978787e-01	-2.0433677894e+00
8.9109782368e-01	-2.0433198199e+00
8.9099550267e-01	-2.0432715161e+00
8.9089278344e-01	-2.0432229026e+00
8.9078947156e-01	-2.0431739824e+00
8.9068568041e-01	-2.0431247935e+00
8.9058145642e-01	-2.0430753635e+00
8.9047680979e-01	-2.0430257145e+00
8.9037174911e-01	-2.0429758668e+00
8.9026628138e-01	-2.0429258397e+00
8.9016037377e-01	-2.0428756469e+00
8.9005405706e-01	-2.0428253089e+00
8.8994732766e-01	-2.0427748416e+00
8.8984015073e-01	-2.0427242561e+00
8.8973255555e-01	-2.0426735704e+00
8.8962453143e-01	-2.0426227963e+00
8.8951604617e-01	-2.0425719412e+00
8.8940710859e-01	-2.0425210152e+00
8.8929770099e-01	-2.0424700215e+00
8.8918779371e-01	-2.0424189574e+00
8.8907733552e-01	-2.0423678115e+00
8.8896624246e-01	-2.0423165608e+00
8.8885462938e-01	-2.0422651968e+00
8.8874261518e-01	-2.0422137002e+00
8.8863019677e-01	-2.0421620232e+00
8.8851737043e-01	-2.0421101028e+00
8.8840413245e-01	-2.0420578595e+00
8.8829047853e-01	-2.0420051965e+00
8.8817640465e-01	-2.0419520013e+00
8.8806190599e-01	-2.0418981462e+00
8.8794697821e-01	-2.0418434931e+00
8.8783161678e-01	-2.0417878972e+00
8.8771581689e-01	-2.0417312132e+00
8.8759957415e-01	-2.0416733023e+00
8.8748288587e-01	-2.0416140394e+00
8.8736574969e-01	-2.0415533205e+00
8.8724816380e-01	-2.0414910696e+00
8.8713012721e-01	-2.0414268853e+00
8.8701163910e-01	-2.0413608623e+00
8.8689269890e-01	-2.0412932653e+00
8.8677330615e-01	-2.0412241569e+00
8.8665346036e-01	-2.0411536292e+00
8.8653316096e-01	-2.0410817988e+00
8.8641240729e-01	-2.0410087993e+00
8.8629119841e-01	-2.0409347732e+00
8.8616953316e-01	-2.0408598661e+00
8.8604741022e-01	-2.0407842204e+00
8.8592482800e-01	-2.0407079709e+00
8.8580178472e-01	-2.0406312414e+00
8.8567827844e-01	-2.0405541432e+00
8.8555430692e-01	-2.0404767737e+00
8.8542986813e-01	-2.0403992172e+00
8.8530495959e-01	-2.0403215450e+00
8.8517957876e-01	-2.0402438167e+00
8.8505372321e-01	-2.0401660818e+00
8.8492739026e-01	-2.0400883808e+00
8.8480057720e-01	-2.0400107466e+00
8.8467328130e-01	-2.0399332063e+00
8.8454549978e-01	-2.0398557816e+00
8.8441722980e-01	-2.0397784908e+00
8.8428846853e-01	-2.0397013490e+00
8.8415921306e-01	-2.0396243692e+00
8.8402946050e-01	-2.0395475624e+00
8.8389920790e-01	-2.0394709390e+00
8.8376845229e-01	-2.0393945080e+00
8.8363719067e-01	-2.0393182773e+00
8.8350541976e-01	-2.0392422458e+00
8.8337313363e-01	-2.0391663191e+00
8.8324029843e-01	-2.0390894014e+00
8.8310660490e-01	-2.0389996846e+00
8.8307646589e-01	-2.0388006879e+00
8.8306737114e-01	-2.0386076908e+00
8.8306100762e-01	-2.0385521667e+00
8.8305481674e-01	-2.0385163489e+00
8.8304873959e-01	-2.0384932879e+00
8.8304269293e-01	-2.0384761917e+00
8.8303667697e-01	-2.0384622052e+00
8.8303070931e-01	-2.0384501444e+00
8.8302479420e-01	-2.0384393718e+00
8.8301891715e-01	-2.0384293224e+00
8.8301312896e-01	-2.0384203273e+00
8.8300752597e-01	-2.0384132329e+00
8.8300224096e-01	-2.0384092030e+00
8.8299756606e-01	-2.0384108210e+00
8.8299410423e-01	-2.0384237677e+00
8.8299293857e-01	-2.0384581709e+00
8.8299638248e-01	-2.0385356157e+00
8.8300998801e-01	-2.0387080459e+00
8.8303837909e-01	-2.0390143955e+00
8.8308770757e-01	-2.0395143752e+00
8.8317032188e-01	-2.0403300320e+00
8.8329433730e-01	-2.0416633679e+00
8.8314195376e-01	-2.0428061180e+00
8.8306311363e-01	-2.0427782499e+00
8.8298078643e-01	-2.0427451642e+00
8.8289604179e-01	-2.0427080726e+00
8.8281006659e-01	-2.0426683563e+00
8.8272262060e-01	-2.0426267260e+00
8.8263316998e-01	-2.0425835421e+00
8.8254100171e-01	-2.0425389823e+00
8.8244691336e-01	-2.0424933241e+00
8.8235213525e-01	-2.0424468487e+00
8.8225299306e-01	-2.0423992048e+00
8.8215255271e-01	-2.0423508465e+00
8.8204735526e-01	-2.0423014131e+00
8.8194099505e-01	-2.0422513982e+00
8.8183426012e-01	-2.0422009430e+00
8.8172714876e-01	-2.0421500857e+00
8.8161965320e-01	-2.0420988590e+00
8.8151156261e-01	-2.0420472666e+00
8.8140288999e-01	-2.0419953366e+00
8.8129375033e-01	-2.0419431075e+00
8.8118415727e-01	-2.0418906031e+00
8.8107411951e-01	-2.0418378452e+00
8.8096364168e-01	-2.0417848538e+00
8.8085269490e-01	-2.0417316439e+00
8.8074130815e-01	-2.0416782368e+00
8.8062948078e-01	-2.0416246494e+00
8.8051717390e-01	-2.0415708931e+00
8.8040440988e-01	-2.0415169864e+00
8.8029118153e-01	-2.0414629427e+00
8.8017747221e-01	-2.0414087733e+00
8.8006325849e-01	-2.0413544866e+00
8.7994851516e-01	-2.0413000881e+00
8.7983321392e-01	-2.0412455798e+00
8.7971724710e-01	-2.0411909485e+00
8.7960061261e-01	-2.0411361880e+00
8.7948353956e-01	-2.0410813129e+00
8.7936604343e-01	-2.0410263010e+00
8.7924812133e-01	-2.0409711160e+00
8.7912976979e-01	-2.0409157070e+00
8.7901098505e-01	-2.0408600067e+00
8.7889176337e-01	-2.0408039307e+00
8.7877209997e-01	-2.0407473762e+00
8.7865198972e-01	-2.0406902234e+00
8.7853142768e-01	-2.0406323373e+00
8.7841040732e-01	-2.0405735718e+00
8.7828892336e-01	-2.0405137741e+00
8.7816697195e-01	-2.0404527927e+00
8.7804454910e-01	-2.0403904837e+00
8.7792165171e-01	-2.0403267006e+00
8.7779827760e-01	-2.0402607789e+00
8.7767442491e-01	-2.0401932094e+00
8.7755009265e-01	-2.0401239563e+00
8.7742527989e-01	-2.0400530228e+00
8.7729998608e-01	-2.0399804509e+00
8.7717421076e-01	-2.0399063185e+00
8.7704795347e-01	-2.0398307332e+00
8.7692121351e-01	-2.0397538263e+00
8.7679399033e-01	-2.0396757437e+00
8.7666628284e-01	-2.0395966382e+00
8.7653808980e-01	-2.0395166629e+00
8.7640940973e-01	-2.0394359646e+00
8.7628024091e-01	-2.0393546799e+00
8.7615058136e-01	-2.0392729323e+00
8.7602042901e-01	-2.0391908308e+00
8.7588978152e-01	-2.0391084691e+00
8.7575863642e-01	-2.0390259268e+00
8.7562699114e-01	-2.0389432700e+00
8.7549484297e-01	-2.0388605530e+00
8.7536218914e-01	-2.0387778196e+00
8.7522902679e-01	-2.0386951051e+00
8.7509535300e-01	-2.0386124377e+00
8.7496116474e-01	-2.0385298396e+00
8.7482645907e-01	-2.0384473289e+00
8.7469123299e-01	-2.0383649201e+00
8.7455548335e-01	-2.0382826251e+00
8.7441920705e-01	-2.0382004541e+00
8.7428240089e-01	-2.0381184160e+00
8.7414506179e-01	-2.0380365187e+00
8.7400718651e-01	-2.0379547698e+00
8.7386877179e-01	-2.0378731755e+00
8.7372981409e-01	-2.0377917326e+00
8.7359030690e-01	-2.0377103387e+00
8.7345021224e-01	-2.0376278229e+00
8.7330918594e-01	-2.0375315902e+00
8.7327645556e-01	-2.0373244876e+00
8.7326673262e-01	-2.0371358107e+00
8.7325997890e-01	-2.0370818474e+00
8.7325340355e-01	-2.0370466729e+00
8.7324694687e-01	-2.0370236937e+00
8.7324051816e-01	-2.0370063716e+00
8.7323412369e-01	-2.0369920844e+00
8.7322778223e-01	-2.0369796993e+00
8.7322149911e-01	-2.0369686066e+00
8.7321525554e-01	-2.0369582139e+00
8.7320911585e-01	-2.0369489562e+00
8.7320318665e-01	-2.0369416991e+00
8.7319762072e-01	-2.0369376973e+00
8.7319276143e-01	-2.0369397913e+00
8.7318930486e-01	-2.0369541084e+00
8.7318851493e-01	-2.0369916569e+00
8.7319320056e-01	-2.0370768623e+00
8.7320979671e-01	-2.0372658612e+00
8.7324121523e-01	-2.0375775290e+00
8.7329531127e-01	-2.0380854168e+00
8.7338591327e-01	-2.0389130715e+00
8.7352895787e-01	-2.0402678413e+00
8.7340363952e-01	-2.0416038407e+00
8.7332324112e-01	-2.0415744171e+00
8.7323912963e-01	-2.0415395510e+00
8.7315249852e-01	-2.0415005434e+00
8.7306450191e-01	-2.0414588443e+00
8.7297519567e-01	-2.0414152291e+00
8.7288305832e-01	-2.0413699446e+00
8.7278872413e-01	-2.0413233392e+00
8.7269229512e-01	-2.0412756078e+00
8.7259423177e-01	-2.0412269394e+00
8.7249284960e-01	-2.0411772245e+00
8.7238869082e-01	-2.0411266097e+00
8.7228035347e-01	-2.0410749842e+00
8.7217157866e-01	-2.0410228674e+00
8.7206242018e-01	-2.0409703110e+00
8.7195287631e-01	-2.0409173534e+00
8.7184285900e-01	-2.0408640175e+00
8.7173214690e-01	-2.0408103056e+00
8.7162090763e-01	-2.0407562651e+00
8.7150919625e-01	-2.0407019274e+00
8.7139702431e-01	-2.0406473161e+00
8.7128437140e-01	-2.0405924496e+00
8.7117125943e-01	-2.0405373503e+00
8.7105769195e-01	-2.0404820369e+00
8.7094365280e-01	-2.0404265255e+00
8.7082912725e-01	-2.0403708311e+00
8.7071413188e-01	-2.0403149722e+00
8.7059865336e-01	-2.0402589628e+00
8.7048267414e-01	-2.0402028151e+00
8.7036616844e-01	-2.0401465393e+00
8.7024910844e-01	-2.0400901431e+00
8.7013145939e-01	-2.0400336310e+00
8.7001309914e-01	-2.0399769928e+00
8.6989403945e-01	-2.0399202303e+00
8.6977454252e-01	-2.0398633704e+00
8.6965461559e-01	-2.0398064001e+00
8.6953425637e-01	-2.0397492949e+00
8.6941346144e-01	-2.0396920177e+00
8.6929222764e-01	-2.0396345168e+00
8.6917055109e-01	-2.0395767239e+00
8.6904842723e-01	-2.0395185531e+00
8.6892585073e-01	-2.0394598998e+00
8.6880281619e-01	-2.0394006422e+00
8.6867931666e-01	-2.0393406429e+00
8.6855534693e-01	-2.0392797532e+00
8.6843090205e-01	-2.0392178184e+00
8.6830597743e-01	-2.0391546851e+00
8.6818056942e-01	-2.0390898995e+00
8.6805467488e-01	-2.0390233510e+00
8.6792829138e-01	-2.0389552122e+00
8.6780141703e-01	-2.0388854130e+00
8.6767405084e-01	-2.0388139208e+00
8.6754619193e-01	-2.0387407433e+00
8.6741783977e-01	-2.0386659274e+00
8.6728899396e-01	-2.0385895564e+00
8.6715965407e-01	-2.0385117429e+00
8.6702981957e-01	-2.0384326224e+00
8.6689948962e-01	-2.0383523444e+00
8.6676866333e-01	-2.0382710644e+00
8.6663733955e-01	-2.0381889366e+00
8.6650551669e-01	-2.0381061083e+00
8.6637319299e-01	-2.0380227156e+00
8.6624036634e-01	-2.0379388807e+00
8.6610703475e-01	-2.0378547107e+00
8.6597319573e-01	-2.0377702973e+00
8.6583884674e-01	-2.0376857177e+00
8.6570398502e-01	-2.0376010356e+00
8.6556860797e-01	-2.0375163030e+00
8.6543271259e-01	-2.0374315614e+00
8.6529629598e-01	-2.0373468441e+00
8.6515935510e-01	-2.0372621773e+00
8.6502188687e-01	-2.0371775818e+00
8.6488388818e-01	-2.0370930740e+00
8.6474535588e-01	-2.0370086671e+00
8.6460628678e-01	-2.0369243720e+00
8.6446667765e-01	-2.0368401980e+00
8.6432652526e-01	-2.0367561532e+00
8.6418582632e-01	-2.0366722449e+00
8.6404457754e-01	-2.0365884800e+00
8.6390277556e-01	-2.0365048644e+00
8.6376041673e-01	-2.0364213950e+00
8.6361749448e-01	-2.0363379759e+00
8.6347397126e-01	-2.0362535075e+00
8.6332950624e-01	-2.0361561533e+00
8.6329077910e-01	-2.0359536004e+00
8.6328021486e-01	-2.0357531760e+00
8.6327319471e-01	-2.0356998181e+00
8.6326636141e-01	-2.0356650188e+00
8.6325965198e-01	-2.0356420773e+00
8.6325296701e-01	-2.0356245236e+00
8.6324632007e-01	-2.0356099308e+00
8.6323973126e-01	-2.0355972140e+00
8.6323320744e-01	-2.0355857933e+00
8.6322672545e-01	-2.0355750484e+00
8.6322036648e-01	-2.0355655275e+00
8.6321424984e-01	-2.0355581200e+00
8.6320855394e-01	-2.0355541842e+00
8.6320369004e-01	-2.0355568588e+00
8.6320047236e-01	-2.0355727729e+00
8.6320039877e-01	-2.0356139485e+00
8.6320691267e-01	-2.0357081251e+00
8.6322756404e-01	-2.0359162623e+00
8.6326569441e-01	-2.0362589815e+00
8.6338354713e-01	-2.0366459351e+00
8.6346297807e-01	-2.0366939211e+00
8.6354403109e-01	-2.0367426573e+00
8.6362796881e-01	-2.0367929072e+00
8.6371690782e-01	-2.0368459055e+00
8.6381475516e-01	-2.0369038718e+00
8.6393027241e-01	-2.0369716942e+00
8.6408342647e-01	-2.0370601133e+00
8.6418621658e-01	-2.0371180018e+00
8.6426214220e-01	-2.0371596499e+00
8.6432245574e-01	-2.0371918946e+00
8.6437347798e-01	-2.0372185450e+00
8.6441007058e-01	-2.0372407637e+00
8.6441196261e-01	-2.0372560905e+00
8.6441347738e-01	-2.0372728596e+00
8.6441488710e-01	-2.0372920535e+00
8.6441670043e-01	-2.0373158202e+00
8.6441932908e-01	-2.0373460167e+00
8.6442081145e-01	-2.0373709715e+00
8.6442413634e-01	-2.0373944495e+00
8.6442800843e-01	-2.0374181546e+00
8.6443131974e-01	-2.0374422513e+00
8.6443405148e-01	-2.0374664727e+00
8.6443650951e-01	-2.0374924315e+00
8.6443911039e-01	-2.0375224523e+00
8.6444249520e-01	-2.0375611888e+00
8.6444553044e-01	-2.0376002759e+00
8.6444655625e-01	-2.0376347486e+00
8.6444436056e-01	-2.0376679836e+00
8.6443721156e-01	-2.0377023527e+00
8.6445815468e-01	-2.0377398781e+00
8.6451841481e-01	-2.0377844246e+00
8.6458674299e-01	-2.0378354545e+00
8.6466979441e-01	-2.0378980729e+00
8.6475744013e-01	-2.0379651228e+00
8.6483548614e-01	-2.0380265009e+00
8.6490893542e-01	-2.0380870563e+00
8.6498010362e-01	-2.0381502474e+00
8.6504312588e-01	-2.0382122209e+00
8.6513271388e-01	-2.0382816109e+00
8.6521883065e-01	-2.0383461937e+00
8.6528851648e-01	-2.0383976255e+00
8.6534834888e-01	-2.0384409566e+00
8.6536608953e-01	-2.0384748559e+00
8.6536845006e-01	-2.0385050261e+00
8.6537073647e-01	-2.0385413205e+00
8.6537313201e-01	-2.0385894653e+00
8.6537438016e-01	-2.0386363739e+00
8.6537377748e-01	-2.0386802998e+00
8.6537047677e-01	-2.0387268099e+00
8.6536421446e-01	-2.0387718019e+00
8.6535384579e-01	-2.0388184389e+00
8.6533682975e-01	-2.0388727625e+00
8.6533152114e-01	-2.0389475968e+00
8.6533799083e-01	-2.0390177796e+00
8.6534431762e-01	-2.0390948869e+00
8.6535283229e-01	-2.0391687106e+00
8.6543079162e-01	-2.0392447296e+00
8.6551043741e-01	-2.0393257524e+00
8.6559337871e-01	-2.0394149512e+00
8.6568297971e-01	-2.0395198051e+00
8.6576428332e-01	-2.0396346783e+00
8.6582583032e-01	-2.0397490724e+00
8.6590004279e-01	-2.0398552114e+00
8.6598104311e-01	-2.0399463626e+00
8.6605352453e-01	-2.0400286009e+00
8.6605775597e-01	-2.0400864536e+00
8.6605200773e-01	-2.0401471544e+00
8.6603858149e-01	-2.0402236659e+00
8.6601577521e-01	-2.0403165912e+00
8.6598363562e-01	-2.0404017318e+00
8.6595287965e-01	-2.0404668771e+00
8.6592310791e-01	-2.0405205138e+00
8.6584196648e-01	-2.0406226288e+00
8.6572188397e-01	-2.0406367536e+00
8.6563922558e-01	-2.0406043021e+00
8.6555224156e-01	-2.0405662859e+00
8.6546351292e-01	-2.0405245307e+00
8.6537291163e-01	-2.0404802344e+00
8.6528113783e-01	-2.0404341628e+00
8.6518556387e-01	-2.0403863723e+00
8.6508815925e-01	-2.0403373553e+00
8.6498955135e-01	-2.0402873589e+00
8.6488688607e-01	-2.0402361467e+00
8.6478243135e-01	-2.0401840991e+00
8.6467275446e-01	-2.0401308583e+00
8.6456183048e-01	-2.0400769871e+00
8.6445051486e-01	-2.0400226448e+00
8.6433880583e-01	-2.0399678745e+00
8.6422666498e-01	-2.0399127090e+00
8.6411379318e-01	-2.0398571433e+00
8.6400034724e-01	-2.0398012262e+00
8.6388639521e-01	-2.0397449926e+00
8.6377195628e-01	-2.0396884688e+00
8.6365703008e-01	-2.0396316766e+00
8.6354162740e-01	-2.0395746380e+00
8.6342575192e-01	-2.0395173728e+00
8.6330938844e-01	-2.0394598975e+00
8.6319251979e-01	-2.0394022275e+00
8.6307516212e-01	-2.0393443820e+00
8.6295730133e-01	-2.0392863752e+00
8.6283891784e-01	-2.0392282201e+00
8.6271998393e-01	-2.0391699275e+00
8.6260047089e-01	-2.0391115065e+00
8.6248030350e-01	-2.0390529584e+00
8.6235934377e-01	-2.0389942736e+00
8.6223775344e-01	-2.0389354765e+00
8.6211572759e-01	-2.0388765908e+00
8.6199326394e-01	-2.0388176085e+00
8.6187036011e-01	-2.0387585124e+00
8.6174701302e-01	-2.0386992744e+00
8.6162321979e-01	-2.0386398531e+00
8.6149897666e-01	-2.0385801918e+00
8.6137427888e-01	-2.0385202162e+00
8.6124912153e-01	-2.0384598340e+00
8.6112349692e-01	-2.0383989337e+00
8.6099739961e-01	-2.0383373870e+00
8.6087082445e-01	-2.0382750510e+00
8.6074376556e-01	-2.0382117724e+00
8.6061621835e-01	-2.0381472318e+00
8.6048817837e-01	-2.0380810085e+00
8.6035964182e-01	-2.0380133749e+00
8.6023060562e-01	-2.0379442084e+00
8.6010106745e-01	-2.0378734153e+00
8.5997102566e-01	-2.0378009376e+00
8.5984047913e-01	-2.0377267568e+00
8.5970942716e-01	-2.0376508957e+00
8.5957786916e-01	-2.0375734164e+00
8.5944580497e-01	-2.0374944155e+00
8.5931323402e-01	-2.0374140173e+00
8.5918015572e-01	-2.0373323658e+00
8.5904656913e-01	-2.0372496157e+00
8.5891247338e-01	-2.0371659249e+00
8.5877786701e-01	-2.0370814471e+00
8.5864274838e-01	-2.0369963272e+00
8.5850711560e-01	-2.0369106968e+00
8.5837096654e-01	-2.0368246727e+00
8.5823429883e-01	-2.0367383561e+00
8.5809711001e-01	-2.0366518326e+00
8.5795939737e-01	-2.0365651735e+00
8.5782115809e-01	-2.0364784367e+00
8.5768238921e-01	-2.0363916691e+00
8.5754308787e-01	-2.0363049079e+00
8.5740325090e-01	-2.0362181825e+00
8.5726287516e-01	-2.0361315156e+00
8.5712195747e-01	-2.0360449253e+00
8.5698049457e-01	-2.0359584257e+00
8.5683848313e-01	-2.0358720284e+00
8.5669591997e-01	-2.0357857428e+00
8.5655280169e-01	-2.0356995768e+00
8.5640912492e-01	-2.0356135378e+00
8.5626488626e-01	-2.0355276324e+00
8.5612008228e-01	-2.0354418667e+00
8.5597470949e-01	-2.0353562456e+00
8.5582876386e-01	-2.0352707581e+00
8.5568223601e-01	-2.0351852277e+00
8.5553505988e-01	-2.0350976881e+00
8.5538927782e-01	-2.0349874939e+00
8.5537926218e-01	-2.0347266303e+00
8.5537064750e-01	-2.0346128283e+00
8.5536335350e-01	-2.0345599911e+00
8.5535624346e-01	-2.0345254948e+00
8.5534924628e-01	-2.0345025378e+00
8.5534224063e-01	-2.0344847123e+00
8.5533522653e-01	-2.0344697801e+00
8.5532818788e-01	-2.0344566919e+00
8.5532106603e-01	-2.0344448874e+00
8.5531366833e-01	-2.0344336950e+00
8.5530582115e-01	-2.0344237499e+00
8.5529716310e-01	-2.0344159065e+00
8.5528694552e-01	-2.0344115179e+00
8.5527297910e-01	-2.0344137289e+00
8.5525296443e-01	-2.0344293149e+00
8.5525214539e-01	-2.0344744758e+00
8.5525675482e-01	-2.0345785262e+00
8.5526358382e-01	-2.0347071935e+00
8.5526862557e-01	-2.0348484671e+00
8.5526937576e-01	-2.0349937553e+00
8.5526643306e-01	-2.0351080651e+00
8.5528736734e-01	-2.0352037240e+00
8.5534787369e-01	-2.0352923932e+00
8.5539644763e-01	-2.0353705938e+00
8.5543609439e-01	-2.0354408819e+00
8.5550044835e-01	-2.0355901499e+00
8.5557122644e-01	-2.0357757132e+00
8.5568439219e-01	-2.0359563196e+00
8.5577952457e-01	-2.0361152360e+00
8.5585234138e-01	-2.0362915571e+00
8.5585569070e-01	-2.0364058709e+00
8.5585580861e-01	-2.0365394380e+00
8.5585244585e-01	-2.0366523953e+00
8.5584670377e-01	-2.0367491265e+00
8.5583972525e-01	-2.0368309319e+00
8.5583143101e-01	-2.0369057631e+00
8.5582208988e-01	-2.0369754497e+00
8.5581191621e-01	-2.0370414179e+00
8.5574418746e-01	-2.0373215715e+00
8.5574870428e-01	-2.0376127815e+00
8.5576140466e-01	-2.0378870040e+00
8.5576806345e-01	-2.0381388063e+00
8.5577065103e-01	-2.0383673081e+00
8.5576937747e-01	-2.0385844253e+00
8.5575797121e-01	-2.0387955335e+00
8.5571695230e-01	-2.0390014408e+00
8.5565527702e-01	-2.0391985137e+00
8.5550476402e-01	-2.0393377385e+00
8.5542033748e-01	-2.0393034997e+00
8.5533147072e-01	-2.0392635002e+00
8.5524092303e-01	-2.0392196895e+00
8.5514822305e-01	-2.0391732715e+00
8.5505409992e-01	-2.0391250340e+00
8.5495615251e-01	-2.0390750622e+00
8.5485622165e-01	-2.0390238387e+00
8.5475494090e-01	-2.0389716143e+00
8.5464936622e-01	-2.0389181355e+00
8.5454116513e-01	-2.0388637115e+00
8.5442830721e-01	-2.0388081574e+00
8.5431492045e-01	-2.0387520648e+00
8.5420113282e-01	-2.0386955017e+00
8.5408694242e-01	-2.0386385115e+00
8.5397215473e-01	-2.0385811070e+00
8.5385661246e-01	-2.0385233011e+00
8.5374052706e-01	-2.0384651499e+00
8.5362393109e-01	-2.0384066841e+00
8.5350683404e-01	-2.0383479287e+00
8.5338924328e-01	-2.0382889068e+00
8.5327115710e-01	-2.0382296387e+00
8.5315254449e-01	-2.0381701400e+00
8.5303343366e-01	-2.0381104326e+00
8.5291381519e-01	-2.0380505332e+00
8.5279367227e-01	-2.0379904564e+00
8.5267298483e-01	-2.0379302161e+00
8.5255172226e-01	-2.0378698235e+00
8.5242985273e-01	-2.0378092890e+00
8.5230730169e-01	-2.0377486157e+00
8.5218390304e-01	-2.0376877929e+00
8.5205983685e-01	-2.0376268519e+00
8.5193532772e-01	-2.0375658258e+00
8.5181037365e-01	-2.0375047132e+00
8.5168497242e-01	-2.0374435058e+00
8.5155912156e-01	-2.0373821861e+00
8.5143281859e-01	-2.0373207256e+00
8.5130605951e-01	-2.0372590820e+00
8.5117883982e-01	-2.0371971974e+00
8.5105115414e-01	-2.0371349962e+00
8.5092299541e-01	-2.0370723842e+00
8.5079435827e-01	-2.0370092483e+00
8.5066523705e-01	-2.0369454577e+00
8.5053562574e-01	-2.0368808677e+00
8.5040551918e-01	-2.0368148756e+00
8.5027491204e-01	-2.0367476194e+00
8.5014379996e-01	-2.0366790800e+00
8.5001217887e-01	-2.0366091135e+00
8.4988004561e-01	-2.0365375976e+00
8.4974739764e-01	-2.0366624834e+00
8.5491494524e-01	-2.0370282050e+00
8.5480116026e-01	-2.0369716293e+00
8.5468692181e-01	-2.0369110812e+00
8.5457223106e-01	-2.0368475128e+00
8.5445708861e-01	-2.0367813762e+00
8.5434149436e-01	-2.0367128690e+00
8.5422544865e-01	-2.0366421032e+00
8.5410895196e-01	-2.0365691850e+00
8.5399200463e-01	-2.0364942415e+00
8.5387460713e-01	-2.0364174267e+00
8.5375675979e-01	-2.0363389158e+00
8.5363846275e-01	-2.0362588994e+00
8.5351971579e-01	-2.0361775736e+00
8.5340051860e-01	-2.0360951345e+00
8.5328087053e-01	-2.0360117650e+00
8.5316077042e-01	-2.0359276376e+00
8.5304021693e-01	-2.0358429069e+00
8.5291920845e-01	-2.0357577092e+00
8.5279774313e-01	-2.0356721612e+00
8.5267581892e-01	-2.0355863615e+00
8.5255343359e-01	-2.0355003915e+00
8.5243058460e-01	-2.0354143174e+00
8.5230726977e-01	-2.0353281927e+00
8.5218348632e-01	-2.0352420591e+00
8.5205923161e-01	-2.0351559498e+00
8.5193450289e-01	-2.0350698904e+00
8.5180929734e-01	-2.0349839011e+00
8.5168361203e-01	-2.0348979973e+00
8.5155744371e-01	-2.0348121915e+00
8.5143078939e-01	-2.0347264939e+00
8.5130364590e-01	-2.0346409131e+00
8.5117601010e-01	-2.0345554564e+00
8.5104787855e-01	-2.0344701306e+00
8.5091924792e-01	-2.0343849423e+00
8.5079011470e-01	-2.0342998964e+00
8.5066047590e-01	-2.0342149880e+00
8.5053032473e-01	-2.0341300989e+00
8.5039961478e-01	-2.0340438956e+00
8.5026792411e-01	-2.0339420535e+00
8.5023877394e-01	-2.0337180511e+00
8.5022881680e-01	-2.0335396972e+00
8.5022208304e-01	-2.0334863560e+00
8.5021554569e-01	-2.0334514940e+00
8.5020913699e-01	-2.0334281731e+00
8.5020273940e-01	-2.0334099317e+00
8.5019637783e-01	-2.0333946088e+00
8.5019006889e-01	-2.0333811669e+00
8.5018381143e-01	-2.0333690594e+00
8.5017754571e-01	-2.0333576066e+00
8.5017133983e-01	-2.0333475604e+00
8.5016524950e-01	-2.0333398786e+00
8.5015933209e-01	-2.0333361733e+00
8.5015367193e-01	-2.0333405018e+00
8.5014861129e-01	-2.0333622400e+00
8.5014480690e-01	-2.0334254788e+00
8.5014536607e-01	-2.0336453556e+00
8.5014888453e-01	-2.0338886733e+00
8.5015068162e-01	-2.0341094913e+00
8.5014979227e-01	-2.0343033547e+00
8.5014629314e-01	-2.0344728052e+00
8.5012489459e-01	-2.0347795706e+00
8.5009126452e-01	-2.0352214386e+00
8.5011600172e-01	-2.0355982748e+00
8.5013545768e-01	-2.0359374217e+00
8.5015183427e-01	-2.0362516969e+00
8.5016649903e-01	-2.0365549001e+00
8.5018072916e-01	-2.0368648933e+00
8.5018966855e-01	-2.0371890450e+00
8.5019627836e-01	-2.0375327061e+00
8.5019994490e-01	-2.0379022649e+00
8.5015335875e-01	-2.0383319217e+00
8.4997275416e-01	-2.0386446966e+00
8.4989524577e-01	-2.0386098888e+00
8.4981409289e-01	-2.0385692421e+00
8.4973124178e-01	-2.0385246906e+00
8.4964623343e-01	-2.0384774956e+00
8.4955851331e-01	-2.0384282995e+00
8.4946817979e-01	-2.0383775153e+00
8.4937546357e-01	-2.0383254228e+00
8.4928033021e-01	-2.0382721889e+00
8.4918225638e-01	-2.0382178714e+00
8.4907924878e-01	-2.0381623087e+00
8.4897354615e-01	-2.0381058666e+00
8.4886747145e-01	-2.0380489081e+00
8.4876102302e-01	-2.0379914849e+00
8.4865417386e-01	-2.0379336376e+00
8.4854655063e-01	-2.0378753559e+00
8.4843831285e-01	-2.0378166934e+00
8.4832956172e-01	-2.0377576927e+00
8.4822033338e-01	-2.0376983848e+00
8.4811062083e-01	-2.0376387930e+00
8.4800041915e-01	-2.0375789388e+00
8.4788974337e-01	-2.0375188448e+00
8.4777859088e-01	-2.0374585301e+00
8.4766695160e-01	-2.0373980120e+00
8.4755479514e-01	-2.0373373042e+00
8.4744212063e-01	-2.0372764238e+00
8.4732890845e-01	-2.0372153844e+00
8.4721509320e-01	-2.0371541930e+00
8.4710062139e-01	-2.0370928569e+00
8.4698530585e-01	-2.0370313648e+00
8.4686930411e-01	-2.0369697479e+00
8.4675289217e-01	-2.0369080503e+00
8.4663606881e-01	-2.0368462761e+00
8.4651883235e-01	-2.0367844241e+00
8.4640118057e-01	-2.0367224858e+00
8.4628311192e-01	-2.0366604434e+00
8.4616462344e-01	-2.0365982679e+00
8.4604571042e-01	-2.0365359165e+00
8.4592636685e-01	-2.0364733302e+00
8.4580658704e-01	-2.0364104324e+00
8.4568636601e-01	-2.0363471273e+00
8.4556569846e-01	-2.0362833004e+00
8.4544457856e-01	-2.0362186960e+00
8.4532300126e-01	-2.0361528203e+00
8.4520096105e-01	-2.0360859754e+00
8.4507845289e-01	-2.0360179985e+00
8.4495547241e-01	-2.0359487313e+00
8.4483201553e-01	-2.0358780287e+00
8.4470807953e-01	-2.0358057688e+00
8.4458366203e-01	-2.0357318604e+00
8.4445876157e-01	-2.0356562502e+00
8.4433337723e-01	-2.0355789270e+00
8.4420750843e-01	-2.0354999220e+00
8.4408115522e-01	-2.0354193068e+00
8.4395431733e-01	-2.0353371875e+00
8.4382699460e-01	-2.0352536970e+00
8.4369918669e-01	-2.0351689866e+00
8.4357089301e-01	-2.0350832167e+00
8.4344211270e-01	-2.0349965485e+00
8.4331284461e-01	-2.0349091376e+00
8.4318308729e-01	-2.0348211284e+00
8.4305283900e-01	-2.0347326510e+00
8.4292209777e-01	-2.0346438194e+00
8.4279086129e-01	-2.0345547312e+00
8.4265912736e-01	-2.0344654680e+00
8.4252689331e-01	-2.0343760966e+00
8.4239415634e-01	-2.0342866709e+00
8.4226091384e-01	-2.0341972337e+00
8.4212716280e-01	-2.0341078183e+00
8.4199290025e-01	-2.0340184506e+00
8.4185812313e-01	-2.0339291505e+00
8.4172282835e-01	-2.0338399332e+00
8.4158701278e-01	-2.0337508107e+00
8.4145067322e-01	-2.0336617925e+00
8.4131380651e-01	-2.0335728863e+00
8.4117640939e-01	-2.0334840989e+00
8.4103847851e-01	-2.0333954363e+00
8.4090001030e-01	-2.0333069042e+00
8.4076100095e-01	-2.0332185079e+00
8.4062144688e-01	-2.0331302517e+00
8.4048134369e-01	-2.0330421254e+00
8.4034068193e-01	-2.0329539665e+00
8.4019939792e-01	-2.0328639650e+00
8.4005693204e-01	-2.0327527750e+00
8.4004110855e-01	-2.0324975892e+00
8.4003174910e-01	-2.0323648548e+00
8.4002445945e-01	-2.0323129666e+00
8.4001737173e-01	-2.0322789517e+00
8.4001041607e-01	-2.0322558934e+00
8.4000346593e-01	-2.0322375371e+00
8.3999655825e-01	-2.0322219859e+00
8.3998971224e-01	-2.0322081515e+00
8.3998292970e-01	-2.0321956284e+00
8.3997614957e-01	-2.0321837402e+00
8.3996947369e-01	-2.0321733905e+00
8.3996299293e-01	-2.0321655849e+00
8.3995683837e-01	-2.0321620705e+00
8.3995130639e-01	-2.0321671122e+00
8.3994707851e-01	-2.0321891706e+00
8.3994539130e-01	-2.0322437194e+00
8.3994946379e-01	-2.0323701832e+00
8.3996617660e-01	-2.0326471366e+00
8.4000049934e-01	-2.0331015666e+00
8.4006257673e-01	-2.0338409765e+00
8.4016032032e-01	-2.0348777658e+00
8.4027768431e-01	-2.0361920482e+00
8.4011634314e-01	-2.0373629609e+00
8.4002939471e-01	-2.0373260488e+00
8.3993829656e-01	-2.0372829307e+00
8.3984533467e-01	-2.0372355669e+00
8.3975007332e-01	-2.0371853741e+00
8.3965187992e-01	-2.0371330632e+00
8.3955094519e-01	-2.0370790948e+00
8.3944767700e-01	-2.0370237895e+00
8.3934133758e-01	-2.0369672309e+00
8.3923242734e-01	-2.0369096164e+00
8.3911737377e-01	-2.0368505758e+00
8.3900066375e-01	-2.0367907788e+00
8.3888354783e-01	-2.0367304542e+00
8.3876602425e-01	-2.0366696554e+00
8.3864797864e-01	-2.0366084126e+00
8.3852904580e-01	-2.0365467164e+00
8.3840950094e-01	-2.0364846371e+00
8.3828941622e-01	-2.0364222140e+00
8.3816880366e-01	-2.0363594756e+00
8.3804766891e-01	-2.0362964471e+00
8.3792601453e-01	-2.0362331513e+00
8.3780382118e-01	-2.0361696065e+00
8.3768108303e-01	-2.0361058316e+00
8.3755780506e-01	-2.0360418459e+00
8.3743396887e-01	-2.0359776650e+00
8.3730954626e-01	-2.0359133022e+00
8.3718450428e-01	-2.0358487696e+00
8.3705874270e-01	-2.0357840694e+00
8.3693210685e-01	-2.0357191958e+00
8.3680459824e-01	-2.0356541620e+00
8.3667663496e-01	-2.0355890349e+00
8.3654822563e-01	-2.0355238242e+00
8.3641936894e-01	-2.0354585348e+00
8.3629006290e-01	-2.0353931658e+00
8.3616030626e-01	-2.0353277096e+00
8.3603009628e-01	-2.0352621495e+00
8.3589942811e-01	-2.0351964573e+00
8.3576829566e-01	-2.0351305912e+00
8.3563669364e-01	-2.0350644935e+00
8.3550461721e-01	-2.0349980885e+00
8.3537206097e-01	-2.0349312823e+00
8.3523901923e-01	-2.0348636601e+00
8.3510548688e-01	-2.0347950878e+00
8.3497145750e-01	-2.0347257121e+00
8.3483692548e-01	-2.0346553724e+00
8.3470188572e-01	-2.0345839042e+00
8.3456633306e-01	-2.0345111462e+00
8.3443026334e-01	-2.0344369505e+00
8.3429367321e-01	-2.0343611911e+00
8.3415656016e-01	-2.0342837738e+00
8.3401892244e-01	-2.0342046422e+00
8.3388075882e-01	-2.0341237826e+00
8.3374206881e-01	-2.0340412247e+00
8.3360285209e-01	-2.0339570395e+00
8.3346310845e-01	-2.0338713336e+00
8.3332283775e-01	-2.0337842408e+00
8.3318203946e-01	-2.0336959139e+00
8.3304071279e-01	-2.0336065153e+00
8.3289885705e-01	-2.0335162084e+00
8.3275647083e-01	-2.0334251501e+00
8.3261355259e-01	-2.0333334867e+00
8.3247010043e-01	-2.0332413493e+00
8.3232611223e-01	-2.0331488528e+00
8.3218158562e-01	-2.0330560950e+00
8.3203651790e-01	-2.0329631576e+00
8.3189090652e-01	-2.0328701074e+00
8.3174474848e-01	-2.0327769976e+00
8.3159804076e-01	-2.0326838704e+00
8.3145078021e-01	-2.0325907585e+00
8.3130296366e-01	-2.0324976870e+00
8.3115458783e-01	-2.0324046749e+00
8.3100564940e-01	-2.0323117369e+00
8.3085614499e-01	-2.0322188842e+00
8.3070607121e-01	-2.0321261254e+00
8.3055542448e-01	-2.0320334679e+00
8.3040420071e-01	-2.0319409176e+00
8.3025239616e-01	-2.0318484802e+00
8.3010000684e-01	-2.0317561608e+00
8.2994702885e-01	-2.0316639645e+00
8.2979345791e-01	-2.0315718954e+00
8.2963928998e-01	-2.0314799479e+00
8.2948451817e-01	-2.0313880077e+00
8.2932909469e-01	-2.0312947884e+00
8.2917258662e-01	-2.0311864709e+00
8.2913310104e-01	-2.0310932969e+00
8.2912455374e-01	-2.0310374370e+00
8.2911594635e-01	-2.0309663571e+00
8.2910739215e-01	-2.0308860923e+00
8.2909898586e-01	-2.0308077808e+00
8.2909080450e-01	-2.0307438766e+00
8.2908287109e-01	-2.0307002789e+00
8.2907511524e-01	-2.0306715082e+00
8.2906744719e-01	-2.0306505551e+00
8.2905977321e-01	-2.0306328582e+00
8.2905217243e-01	-2.0306175731e+00
8.2904464657e-01	-2.0306038592e+00
8.2903718102e-01	-2.0305911786e+00
8.2902978379e-01	-2.0305794020e+00
8.2902261563e-01	-2.0305697280e+00
8.2901583846e-01	-2.0305634445e+00
8.2900977838e-01	-2.0305633329e+00
8.2900521625e-01	-2.0305759971e+00
8.2900357303e-01	-2.0306134861e+00
8.2900788835e-01	-2.0307016114e+00
8.2902572428e-01	-2.0309026217e+00
8.2906030316e-01	-2.0312338649e+00
8.2912068233e-01	-2.0317733750e+00
8.2922301098e-01	-2.0326504256e+00
8.2939512598e-01	-2.0340877456e+00
8.2932763277e-01	-2.0359341121e+00
8.2923735798e-01	-2.0358956602e+00
8.2914242429e-01	-2.0358506960e+00
8.2904547165e-01	-2.0358011695e+00
8.2894613511e-01	-2.0357486485e+00
8.2884355485e-01	-2.0356938877e+00
8.2873817719e-01	-2.0356374145e+00
8.2863058490e-01	-2.0355795892e+00
8.2851916596e-01	-2.0355203847e+00
8.2840492575e-01	-2.0354600723e+00
8.2828467238e-01	-2.0353983275e+00
8.2816324371e-01	-2.0353358805e+00
8.2804139189e-01	-2.0352728985e+00
8.2791911486e-01	-2.0352094359e+00
8.2779611817e-01	-2.0351454996e+00
8.2767224241e-01	-2.0350811077e+00
8.2754776824e-01	-2.0350163324e+00
8.2742272031e-01	-2.0349512075e+00
8.2729710842e-01	-2.0348857615e+00
8.2717093695e-01	-2.0348200197e+00
8.2704421159e-01	-2.0347540057e+00
8.2691692837e-01	-2.0346877398e+00
8.2678907474e-01	-2.0346212404e+00
8.2666063102e-01	-2.0345545236e+00
8.2653156821e-01	-2.0344876033e+00
8.2640184797e-01	-2.0344204917e+00
8.2627141445e-01	-2.0343531977e+00
8.2614009168e-01	-2.0342857133e+00
8.2600773366e-01	-2.0342180335e+00
8.2587485450e-01	-2.0341502411e+00
8.2574151260e-01	-2.0340823559e+00
8.2560770685e-01	-2.0340143868e+00
8.2547343556e-01	-2.0339463389e+00
8.2533869762e-01	-2.0338782119e+00
8.2520349096e-01	-2.0338099989e+00
8.2506781036e-01	-2.0337416832e+00
8.2493164950e-01	-2.0336732374e+00
8.2479500333e-01	-2.0336046204e+00
8.2465786770e-01	-2.0335357754e+00
8.2452023686e-01	-2.0334666282e+00
8.2438210638e-01	-2.0333966068e+00
8.2424346998e-01	-2.0333259380e+00
8.2410432162e-01	-2.0332546207e+00
8.2396465537e-01	-2.0331825053e+00
8.2382446528e-01	-2.0331094298e+00
8.2368374538e-01	-2.0330352276e+00
8.2354249016e-01	-2.0329597350e+00
8.2340069579e-01	-2.0328828013e+00
8.2325835833e-01	-2.0328042977e+00
8.2311547479e-01	-2.0327241270e+00
8.2297204372e-01	-2.0326422310e+00
8.2282806363e-01	-2.0325585941e+00
8.2268353385e-01	-2.0324732456e+00
8.2253845397e-01	-2.0323862564e+00
8.2239282375e-01	-2.0322977340e+00
8.2224664290e-01	-2.0322078139e+00
8.2209991098e-01	-2.0321166505e+00
8.2195262719e-01	-2.0320244082e+00
8.2180479081e-01	-2.0319312524e+00
8.2165640021e-01	-2.0318373416e+00
8.2150745411e-01	-2.0317428235e+00
8.2135795036e-01	-2.0316478300e+00
8.2120788673e-01	-2.0315524765e+00
8.2105726072e-01	-2.0314568609e+00
8.2090606949e-01	-2.0313610646e+00
8.2075431038e-01	-2.0312651538e+00
8.2060198010e-01	-2.0311691812e+00
8.2044907557e-01	-2.0310731882e+00
8.2029559361e-01	-2.0309772068e+00
8.2014153072e-01	-2.0308812610e+00
8.1998688348e-01	-2.0307853691e+00
8.1983164838e-01	-2.0306895450e+00
8.1967582171e-01	-2.0305937990e+00
8.1951939913e-01	-2.0304981393e+00
8.1936237654e-01	-2.0304025722e+00
8.1920475006e-01	-2.0303071035e+00
8.1904651536e-01	-2.0302117381e+00
8.1888766811e-01	-2.0301164808e+00
8.1872820524e-01	-2.0300213365e+00
8.1856812337e-01	-2.0299263094e+00
8.1840741829e-01	-2.0298313962e+00
8.1824608206e-01	-2.0297365190e+00
8.1808407647e-01	-2.0296406857e+00
8.1792105295e-01	-2.0295333430e+00
8.1785969183e-01	-2.0294223011e+00
8.1785079163e-01	-2.0293652669e+00
8.1784183197e-01	-2.0292929814e+00
8.1783292833e-01	-2.0292114483e+00
8.1782413062e-01	-2.0291320063e+00
8.1781551203e-01	-2.0290679229e+00
8.1780715394e-01	-2.0290245396e+00
8.1779898100e-01	-2.0289957259e+00
8.1779089550e-01	-2.0289744530e+00
8.1778280717e-01	-2.0289563590e+00
8.1777480065e-01	-2.0289406530e+00
8.1776688126e-01	-2.0289265361e+00
8.1775903267e-01	-2.0289134491e+00
8.1775128985e-01	-2.0289014225e+00
8.1774384235e-01	-2.0288917305e+00
8.1773690800e-01	-2.0288858744e+00
8.1773094997e-01	-2.0288871876e+00
8.1772701945e-01	-2.0289033355e+00
8.1772704325e-01	-2.0289483845e+00
8.1773534874e-01	-2.0290538975e+00
8.1776218027e-01	-2.0292937425e+00
8.1781148601e-01	-2.0296854214e+00
8.1789561205e-01	-2.0303225169e+00
8.1803610454e-01	-2.0313588524e+00
8.1825841497e-01	-2.0330570992e+00
8.1815094956e-01	-2.0344197869e+00
8.1805828559e-01	-2.0343786144e+00
8.1796120177e-01	-2.0343308368e+00
8.1786194525e-01	-2.0342786039e+00
8.1776066050e-01	-2.0342235169e+00
8.1765479321e-01	-2.0341660534e+00
8.1754666129e-01	-2.0341069757e+00
8.1743661049e-01	-2.0340466025e+00
8.1732151233e-01	-2.0339846891e+00
8.1720279751e-01	-2.0339215642e+00
8.1707926255e-01	-2.0338571646e+00
8.1695529822e-01	-2.0337921712e+00
8.1683090113e-01	-2.0337266486e+00
8.1670600513e-01	-2.0336606420e+00
8.1658009101e-01	-2.0335941259e+00
8.1645344445e-01	-2.0335271787e+00
8.1632620038e-01	-2.0334598530e+00
8.1619837159e-01	-2.0333921806e+00
8.1606996277e-01	-2.0333241893e+00
8.1594097685e-01	-2.0332559041e+00
8.1581141103e-01	-2.0331873469e+00
8.1568125033e-01	-2.0331185368e+00
8.1555046509e-01	-2.0330494895e+00
8.1541905064e-01	-2.0329802230e+00
8.1528693855e-01	-2.0329107459e+00
8.1515409671e-01	-2.0328410707e+00
8.1502030639e-01	-2.0327711840e+00
8.1488540790e-01	-2.0327010792e+00
8.1474995150e-01	-2.0326308470e+00
8.1461402472e-01	-2.0325605130e+00
8.1447762683e-01	-2.0324900889e+00
8.1434075632e-01	-2.0324195830e+00
8.1420341213e-01	-2.0323489999e+00
8.1406559239e-01	-2.0322783384e+00
8.1392729172e-01	-2.0322075898e+00
8.1378850276e-01	-2.0321367359e+00
8.1364922195e-01	-2.0320657475e+00
8.1350944476e-01	-2.0319945813e+00
8.1336916636e-01	-2.0319230365e+00
8.1322838192e-01	-2.0318506909e+00
8.1308708577e-01	-2.0317779297e+00
8.1294527175e-01	-2.0317046343e+00
8.1280293398e-01	-2.0316306675e+00
8.1266006578e-01	-2.0315558753e+00
8.1251666086e-01	-2.0314800932e+00
8.1237271332e-01	-2.0314031521e+00
8.1222821763e-01	-2.0313248879e+00
8.1208316967e-01	-2.0312451508e+00
8.1193756558e-01	-2.0311638149e+00
8.1179140243e-01	-2.0310807878e+00
8.1164467870e-01	-2.0309960178e+00
8.1149739300e-01	-2.0309094971e+00
8.1134954470e-01	-2.0308212632e+00
8.1120113343e-01	-2.0307313955e+00
8.1105215900e-01	-2.0306400091e+00
8.1090262113e-01	-2.0305472455e+00
8.1075251940e-01	-2.0304532638e+00
8.1060185287e-01	-2.0303582314e+00
8.1045062095e-01	-2.0302623147e+00
8.1029882205e-01	-2.0301656719e+00
8.1014645445e-01	-2.0300684487e+00
8.0999351610e-01	-2.0299707747e+00
8.0984000466e-01	-2.0298727621e+00
8.0968591739e-01	-2.0297745052e+00
8.0953125172e-01	-2.0296760822e+00
8.0937600451e-01	-2.0295775557e+00
8.0922017256e-01	-2.0294789754e+00
8.0906375258e-01	-2.0293803796e+00
8.0890674116e-01	-2.0292817977e+00
8.0874913468e-01	-2.0291832518e+00
8.0859092927e-01	-2.0290847583e+00
8.0843212051e-01	-2.0289863293e+00
8.0827270423e-01	-2.0288879740e+00
8.0811267633e-01	-2.0287896996e+00
8.0795203243e-01	-2.0286915116e+00
8.0779076847e-01	-2.0285934151e+00
8.0762888172e-01	-2.0284954149e+00
8.0746636833e-01	-2.0283975154e+00
8.0730322381e-01	-2.0282997211e+00
8.0713944396e-01	-2.0282020356e+00
8.0697502580e-01	-2.0281044532e+00
8.0680996407e-01	-2.0280068640e+00
8.0664421344e-01	-2.0279080264e+00
8.0647733196e-01	-2.0277945923e+00
8.0642916773e-01	-2.0276915985e+00
8.0641991297e-01	-2.0276321023e+00
8.0641060353e-01	-2.0275570531e+00
8.0640136581e-01	-2.0274740182e+00
8.0639223791e-01	-2.0273946357e+00
8.0638330842e-01	-2.0273317425e+00
8.0637464796e-01	-2.0272893567e+00
8.0636617606e-01	-2.0272609333e+00
8.0635778053e-01	-2.0272394724e+00
8.0634938914e-01	-2.0272210779e+00
8.0634108669e-01	-2.0272049928e+00
8.0633288162e-01	-2.0271904855e+00
8.0632474719e-01	-2.0271769372e+00
8.0631675605e-01	-2.0271646269e+00
8.0630911616e-01	-2.0271548444e+00
8.0630209320e-01	-2.0271492795e+00
8.0629627830e-01	-2.0271518094e+00
8.0629295761e-01	-2.0271710483e+00
8.0629451674e-01	-2.0272229518e+00
8.0630664582e-01	-2.0273455440e+00
8.0634189672e-01	-2.0276226003e+00
8.0640492369e-01	-2.0280731697e+00
8.0651105973e-01	-2.0288045870e+00
8.0668693901e-01	-2.0299952716e+00
8.0694563568e-01	-2.0319465497e+00
8.0679298849e-01	-2.0328492372e+00
8.0669798276e-01	-2.0328052829e+00
8.0659873010e-01	-2.0327546641e+00
8.0649715233e-01	-2.0326996880e+00
8.0639355338e-01	-2.0326419389e+00
8.0628472765e-01	-2.0325817581e+00
8.0617382004e-01	-2.0325200107e+00
8.0606002564e-01	-2.0324568465e+00
8.0594248475e-01	-2.0323923236e+00
8.0581850371e-01	-2.0323261961e+00
8.0569241545e-01	-2.0322591687e+00
8.0556588821e-01	-2.0321915533e+00
8.0543891856e-01	-2.0321234140e+00
8.0531114984e-01	-2.0320547543e+00
8.0518238377e-01	-2.0319855917e+00
8.0505295091e-01	-2.0319160112e+00
8.0492290179e-01	-2.0318460538e+00
8.0479225185e-01	-2.0317757514e+00
8.0466099955e-01	-2.0317051307e+00
8.0452911987e-01	-2.0316342125e+00
8.0439662478e-01	-2.0315630211e+00
8.0426350052e-01	-2.0314915752e+00
8.0412972311e-01	-2.0314198912e+00
8.0399524645e-01	-2.0313479813e+00
8.0385996838e-01	-2.0312758488e+00
8.0372373546e-01	-2.0312034894e+00
8.0358628960e-01	-2.0311308832e+00
8.0344822481e-01	-2.0310581293e+00
8.0330968169e-01	-2.0309852625e+00
8.0317065990e-01	-2.0309122964e+00
8.0303115831e-01	-2.0308392422e+00
8.0289117633e-01	-2.0307661079e+00
8.0275071197e-01	-2.0306928974e+00
8.0260975852e-01	-2.0306196079e+00
8.0246830936e-01	-2.0305462295e+00
8.0232636123e-01	-2.0304727427e+00
8.0218390969e-01	-2.0303991167e+00
8.0204095052e-01	-2.0303249095e+00
8.0189747904e-01	-2.0302502062e+00
8.0175348995e-01	-2.0301751733e+00
8.0160897687e-01	-2.0300997090e+00
8.0146393401e-01	-2.0300236914e+00
8.0131835487e-01	-2.0299469791e+00
8.0117223245e-01	-2.0298694150e+00
8.0102556067e-01	-2.0297908315e+00
8.0087833302e-01	-2.0297110577e+00
8.0073054435e-01	-2.0296299289e+00
8.0058219020e-01	-2.0295472964e+00
8.0043326667e-01	-2.0294630372e+00
8.0028377103e-01	-2.0293770636e+00
8.0013370139e-01	-2.0292893298e+00
7.9998305628e-01	-2.0291998355e+00
7.9983183576e-01	-2.0291086265e+00
7.9968003901e-01	-2.0293036767e+00
8.0086166128e-01	-2.0295847898e+00
8.0075094455e-01	-2.0294291473e+00
8.0063925710e-01	-2.0292872219e+00
8.0052613633e-01	-2.0291646137e+00
8.0041130365e-01	-2.0290574023e+00
8.0029452280e-01	-2.0289607656e+00
8.0017555230e-01	-2.0288709178e+00
8.0005412152e-01	-2.0287851385e+00
7.9992991177e-01	-2.0287014973e+00
7.9980253686e-01	-2.0286185997e+00
7.9967151940e-01	-2.0285353942e+00
7.9953625904e-01	-2.0284510300e+00
7.9939598854e-01	-2.0283647458e+00
7.9924971043e-01	-2.0282757760e+00
7.9909610323e-01	-2.0281832584e+00
7.9893337644e-01	-2.0280861263e+00
7.9875903768e-01	-2.0279829619e+00
7.9856948971e-01	-2.0278717589e+00
7.9835917639e-01	-2.0277494321e+00
7.9811730439e-01	-2.0276098687e+00
7.9788125589e-01	-2.0274741354e+00
7.9769558885e-01	-2.0273671663e+00
7.9753649247e-01	-2.0272756412e+00
7.9741143579e-01	-2.0271950525e+00
7.9728484765e-01	-2.0271177596e+00
7.9715869954e-01	-2.0270426999e+00
7.9703282017e-01	-2.0269690826e+00
7.9690699553e-01	-2.0268962518e+00
7.9678109373e-01	-2.0268235553e+00
7.9665502668e-01	-2.0267512548e+00
7.9652873300e-01	-2.0266791982e+00
7.9640216832e-01	-2.0266072796e+00
7.9627529952e-01	-2.0265354251e+00
7.9614810078e-01	-2.0264635826e+00
7.9602055205e-01	-2.0263917160e+00
7.9589263664e-01	-2.0263198000e+00
7.9576434111e-01	-2.0262478176e+00
7.9563565402e-01	-2.0261757572e+00
7.9550656520e-01	-2.0261036100e+00
7.9537706600e-01	-2.0260313689e+00
7.9524714855e-01	-2.0259590264e+00
7.9511680577e-01	-2.0258865722e+00
7.9498603045e-01	-2.0258139913e+00
7.9485481647e-01	-2.0257412620e+00
7.9472315746e-01	-2.0256683528e+00
7.9459104670e-01	-2.0255952197e+00
7.9445847782e-01	-2.0255218036e+00
7.9432544411e-01	-2.0254480280e+00
7.9419193880e-01	-2.0253737964e+00
7.9405795443e-01	-2.0252989916e+00
7.9392348388e-01	-2.0252234761e+00
7.9378852007e-01	-2.0251470941e+00
7.9365305576e-01	-2.0250696755e+00
7.9351708430e-01	-2.0249910423e+00
7.9338059966e-01	-2.0249110172e+00
7.9324359668e-01	-2.0248294330e+00
7.9310607113e-01	-2.0247461438e+00
7.9296801963e-01	-2.0246610345e+00
7.9282944027e-01	-2.0245740300e+00
7.9269033127e-01	-2.0244851009e+00
7.9255069218e-01	-2.0243942658e+00
7.9241052237e-01	-2.0243015896e+00
7.9226982189e-01	-2.0242071786e+00
7.9212858981e-01	-2.0241111716e+00
7.9198682513e-01	-2.0240137305e+00
7.9184452695e-01	-2.0239150300e+00
7.9170169412e-01	-2.0238152474e+00
7.9155832502e-01	-2.0237145551e+00
7.9141441748e-01	-2.0236131137e+00
7.9126996906e-01	-2.0235110680e+00
7.9112497761e-01	-2.0234085452e+00
7.9097944117e-01	-2.0233056534e+00
7.9083335871e-01	-2.0232024832e+00
7.9068672878e-01	-2.0230991083e+00
7.9053954992e-01	-2.0229955875e+00
7.9039182247e-01	-2.0228919677e+00
7.9024354570e-01	-2.0227882849e+00
7.9009471554e-01	-2.0226845662e+00
7.8994532214e-01	-2.0225808314e+00
7.8979536120e-01	-2.0224770956e+00
7.8964482832e-01	-2.0223730228e+00
7.8949372204e-01	-2.0222683734e+00
7.8934203902e-01	-2.0221637545e+00
7.8918977565e-01	-2.0220591733e+00
7.8903692839e-01	-2.0219546363e+00
7.8888349363e-01	-2.0218501501e+00
7.8872946777e-01	-2.0217457206e+00
7.8857484703e-01	-2.0216413501e+00
7.8841962601e-01	-2.0215370001e+00
7.8826378416e-01	-2.0214321882e+00
7.8810713991e-01	-2.0213216468e+00
7.8799355938e-01	-2.0211573898e+00
7.8798440947e-01	-2.0210937649e+00
7.8797519518e-01	-2.0210128201e+00
7.8796604226e-01	-2.0209215436e+00
7.8795699729e-01	-2.0208327811e+00
7.8794812405e-01	-2.0207604207e+00
7.8793954177e-01	-2.0207110152e+00
7.8793117442e-01	-2.0206780572e+00
7.8792290411e-01	-2.0206535889e+00
7.8791462951e-01	-2.0206328438e+00
7.8790645412e-01	-2.0206148695e+00
7.8789838031e-01	-2.0205987318e+00
7.8789036117e-01	-2.0205836822e+00
7.8788243548e-01	-2.0205699219e+00
7.8787477019e-01	-2.0205588430e+00
7.8786752516e-01	-2.0205524791e+00
7.8786109678e-01	-2.0205572320e+00
7.8785774118e-01	-2.0206031933e+00
7.8786049034e-01	-2.0206683535e+00
7.8786611699e-01	-2.0207459812e+00
7.8787387818e-01	-2.0208352225e+00
7.8788387461e-01	-2.0209379621e+00
7.8789710514e-01	-2.0210610626e+00
7.8791458598e-01	-2.0212109715e+00
7.8793652413e-01	-2.0213882533e+00
7.8796388851e-01	-2.0215993286e+00
7.8799996209e-01	-2.0218647275e+00
7.8804721253e-01	-2.0221990462e+00
7.8810767501e-01	-2.0226105076e+00
7.8818595616e-01	-2.0231295081e+00
7.8829805632e-01	-2.0238525478e+00
7.8845121435e-01	-2.0248201748e+00
7.8866716310e-01	-2.0261472366e+00
7.8900196153e-01	-2.0281509145e+00
7.8916446379e-01	-2.0309383978e+00
7.8906944447e-01	-2.0308928212e+00
7.8896881639e-01	-2.0308398770e+00
7.8886442012e-01	-2.0307814767e+00
7.8875772922e-01	-2.0307198004e+00
7.8864667270e-01	-2.0306555719e+00
7.8853193725e-01	-2.0305894139e+00
7.8841469901e-01	-2.0305218029e+00
7.8829278062e-01	-2.0304526293e+00
7.8816459681e-01	-2.0303818108e+00
7.8803369680e-01	-2.0303099666e+00
7.8790234278e-01	-2.0302375078e+00
7.8777051749e-01	-2.0301645017e+00
7.8763760434e-01	-2.0300909168e+00
7.8750381859e-01	-2.0300168324e+00
7.8736935623e-01	-2.0299423177e+00
7.8723422905e-01	-2.0298674099e+00
7.8709843923e-01	-2.0297921409e+00
7.8696199125e-01	-2.0297165392e+00
7.8682487363e-01	-2.0296406283e+00
7.8668706946e-01	-2.0295644289e+00
7.8654854943e-01	-2.0294879581e+00
7.8640924648e-01	-2.0294112263e+00
7.8626906245e-01	-2.0293342384e+00
7.8612771183e-01	-2.0292569709e+00
7.8598504706e-01	-2.0291794203e+00
7.8584183918e-01	-2.0291017147e+00
7.8569813905e-01	-2.0290238782e+00
7.8555394678e-01	-2.0289459263e+00
7.8540926209e-01	-2.0288678730e+00
7.8526408305e-01	-2.0287897300e+00
7.8511840423e-01	-2.0287115056e+00
7.8497221856e-01	-2.0286332042e+00
7.8482552302e-01	-2.0285548249e+00
7.8467831399e-01	-2.0284763605e+00
7.8453058771e-01	-2.0283973163e+00
7.8438234041e-01	-2.0283179341e+00
7.8423356760e-01	-2.0282383811e+00
7.8408426452e-01	-2.0281585994e+00
7.8393442537e-01	-2.0280785121e+00
7.8378404465e-01	-2.0279980222e+00
7.8363311585e-01	-2.0279170114e+00
7.8348163206e-01	-2.0278353411e+00
7.8332958668e-01	-2.0277528550e+00
7.8317697344e-01	-2.0276693846e+00
7.8302378560e-01	-2.0275847547e+00
7.8287001735e-01	-2.0274987937e+00
7.8271566346e-01	-2.0274113431e+00
7.8256072022e-01	-2.0273222688e+00
7.8240518429e-01	-2.0272314704e+00
7.8224905345e-01	-2.0271388893e+00
7.8209232607e-01	-2.0270445136e+00
7.8193500167e-01	-2.0269483787e+00
7.8177707958e-01	-2.0268505647e+00
7.8161855936e-01	-2.0267511891e+00
7.8145944083e-01	-2.0266503985e+00
7.8129972332e-01	-2.0265483576e+00
7.8113940581e-01	-2.0264452396e+00
7.8097848743e-01	-2.0263412165e+00
7.8081696642e-01	-2.0262364518e+00
7.8065484084e-01	-2.0261310951e+00
7.8049210834e-01	-2.0260252788e+00
7.8032876621e-01	-2.0259191168e+00
7.8016481183e-01	-2.0258127042e+00
7.8000024149e-01	-2.0257061186e+00
7.7983505069e-01	-2.0255994215e+00
7.7966923533e-01	-2.0254926609e+00
7.7950279123e-01	-2.0253858734e+00
7.7933571377e-01	-2.0252790862e+00
7.7916799982e-01	-2.0251723194e+00
7.7899964589e-01	-2.0250655875e+00
7.7883064756e-01	-2.0249589008e+00
7.7866099989e-01	-2.0248522668e+00
7.7849069849e-01	-2.0247456909e+00
7.7831974255e-01	-2.0246391782e+00
7.7814813214e-01	-2.0245327330e+00
7.7797586676e-01	-2.0244263595e+00
7.7780294294e-01	-2.0243200614e+00
7.7762934837e-01	-2.0242138413e+00
7.7745507769e-01	-2.0241076662e+00
7.7728012734e-01	-2.0240006762e+00
7.7710449143e-01	-2.0238937053e+00
7.7692813882e-01	-2.0237860360e+00
7.7675079311e-01	-2.0236699068e+00
7.7665194097e-01	-2.0235223448e+00
7.7664176182e-01	-2.0234584181e+00
7.7663155317e-01	-2.0233790958e+00
7.7662144963e-01	-2.0232931066e+00
7.7661146402e-01	-2.0232125988e+00
7.7660168050e-01	-2.0231499131e+00
7.7659216971e-01	-2.0231076033e+00
7.7658284935e-01	-2.0230785439e+00
7.7657358609e-01	-2.0230557680e+00
7.7656433355e-01	-2.0230359425e+00
7.7655519143e-01	-2.0230184132e+00
7.7654617851e-01	-2.0230025364e+00
7.7653725289e-01	-2.0229876033e+00
7.7652857741e-01	-2.0229743620e+00
7.7652043605e-01	-2.0229643151e+00
7.7651325584e-01	-2.0229597742e+00
7.7650806620e-01	-2.0229664152e+00
7.7650692544e-01	-2.0229958888e+00
7.7651380201e-01	-2.0230705224e+00
7.7653911172e-01	-2.0232488447e+00
7.7659773905e-01	-2.0236122546e+00
7.7669825620e-01	-2.0242033211e+00
7.7686457600e-01	-2.0251546229e+00
7.7713736843e-01	-2.0267045730e+00
7.7732160431e-01	-2.0292207780e+00
7.7722074932e-01	-2.0291893157e+00
7.7711937490e-01	-2.0291372998e+00
7.7701210770e-01	-2.0290782375e+00
7.7690201843e-01	-2.0290149599e+00
7.7678877245e-01	-2.0289488798e+00
7.7667076056e-01	-2.0288804806e+00
7.7655059704e-01	-2.0288105390e+00
7.7642492470e-01	-2.0287388079e+00
7.7629404566e-01	-2.0286655018e+00
7.7615864942e-01	-2.0285908474e+00
7.7602278355e-01	-2.0285155363e+00
7.7588644310e-01	-2.0284396452e+00
7.7574902556e-01	-2.0283631485e+00
7.7561060810e-01	-2.0282861101e+00
7.7547146792e-01	-2.0282086153e+00
7.7533162430e-01	-2.0281307049e+00
7.7519107833e-01	-2.0280524126e+00
7.7504983400e-01	-2.0279737685e+00
7.7490787765e-01	-2.0278947970e+00
7.7476519116e-01	-2.0278155195e+00
7.7462174219e-01	-2.0277359533e+00
7.7447740897e-01	-2.0276561013e+00
7.7433211393e-01	-2.0275759712e+00
7.7418543901e-01	-2.0274955197e+00
7.7403756135e-01	-2.0274147908e+00
7.7388917464e-01	-2.0273339045e+00
7.7374027903e-01	-2.0272528781e+00
7.7359087432e-01	-2.0271717273e+00
7.7344096132e-01	-2.0270904673e+00
7.7329053559e-01	-2.0270091100e+00
7.7313958939e-01	-2.0269276649e+00
7.7298811786e-01	-2.0268461382e+00
7.7283611792e-01	-2.0267645314e+00
7.7268358593e-01	-2.0266825776e+00
7.7253051852e-01	-2.0266000811e+00
7.7237691163e-01	-2.0265174661e+00
7.7222276077e-01	-2.0264346978e+00
7.7206806094e-01	-2.0263517255e+00
7.7191280694e-01	-2.0262684807e+00
7.7175699272e-01	-2.0261848753e+00
7.7160061224e-01	-2.0261007996e+00
7.7144365815e-01	-2.0260161225e+00
7.7128612389e-01	-2.0259306943e+00
7.7112800252e-01	-2.0258443491e+00
7.7096928698e-01	-2.0257569117e+00
7.7080997089e-01	-2.0256682056e+00
7.7065004858e-01	-2.0255780633e+00
7.7048951498e-01	-2.0254863365e+00
7.7032836687e-01	-2.0253929078e+00
7.7016660116e-01	-2.0252976986e+00
7.7000421592e-01	-2.0252006761e+00
7.6984120997e-01	-2.0251018558e+00
7.6967758258e-01	-2.0250013005e+00
7.6951333331e-01	-2.0248991142e+00
7.6934846157e-01	-2.0247954346e+00
7.6918296701e-01	-2.0246904219e+00
7.6901684907e-01	-2.0245842490e+00
7.6885010642e-01	-2.0244770917e+00
7.6868273754e-01	-2.0243691191e+00
7.6851474054e-01	-2.0242604885e+00
7.6834611296e-01	-2.0241513403e+00
7.6817685253e-01	-2.0240417968e+00
7.6800695517e-01	-2.0239319605e+00
7.6783641660e-01	-2.0238219155e+00
7.6766523274e-01	-2.0237117294e+00
7.6749339901e-01	-2.0236014546e+00
7.6732091191e-01	-2.0234911317e+00
7.6714776806e-01	-2.0233807907e+00
7.6697396352e-01	-2.0232704537e+00
7.6679949312e-01	-2.0231601364e+00
7.6662435210e-01	-2.0230498498e+00
7.6644853835e-01	-2.0229396021e+00
7.6627205171e-01	-2.0228293998e+00
7.6609489234e-01	-2.0227192479e+00
7.6591705848e-01	-2.0226091503e+00
7.6573854094e-01	-2.0224991097e+00
7.6555932993e-01	-2.0223891279e+00
7.6537942076e-01	-2.0222787396e+00
7.6519881122e-01	-2.0221679295e+00
7.6501749672e-01	-2.0220571895e+00
7.6483547214e-01	-2.0219465028e+00
7.6465272406e-01	-2.0218356421e+00
7.6446915440e-01	-2.0217221089e+00
7.6428806915e-01	-2.0215799836e+00
7.6427520305e-01	-2.0215029462e+00
7.6426450603e-01	-2.0214353717e+00
7.6425379844e-01	-2.0213529456e+00
7.6424322372e-01	-2.0212660307e+00
7.6423275805e-01	-2.0211864400e+00
7.6422253527e-01	-2.0211265093e+00
7.6421258537e-01	-2.0210861693e+00
7.6420282299e-01	-2.0210578992e+00
7.6419308290e-01	-2.0210349405e+00
7.6418338234e-01	-2.0210148648e+00
7.6417380224e-01	-2.0209969664e+00
7.6416436759e-01	-2.0209807058e+00
7.6415501252e-01	-2.0209652640e+00
7.6414599357e-01	-2.0209519208e+00
7.6413761763e-01	-2.0209422182e+00
7.6413042386e-01	-2.0209389604e+00
7.6412573561e-01	-2.0209492112e+00
7.6412610028e-01	-2.0209867617e+00
7.6413654965e-01	-2.0210787402e+00
7.6417128744e-01	-2.0213016016e+00
7.6423454539e-01	-2.0216714240e+00
7.6434149013e-01	-2.0222718456e+00
7.6451775044e-01	-2.0232350264e+00
7.6480632275e-01	-2.0248025638e+00
7.6503545137e-01	-2.0273476784e+00
7.6491978492e-01	-2.0273618373e+00
7.6481647367e-01	-2.0273073131e+00
7.6470719851e-01	-2.0272455720e+00
7.6459494283e-01	-2.0271795370e+00
7.6447890122e-01	-2.0271105803e+00
7.6435832305e-01	-2.0270393160e+00
7.6423510137e-01	-2.0269664243e+00
7.6410655688e-01	-2.0268917495e+00
7.6397124225e-01	-2.0268152447e+00
7.6383324640e-01	-2.0267376514e+00
7.6369477149e-01	-2.0266593987e+00
7.6355571189e-01	-2.0265805486e+00
7.6341531361e-01	-2.0265010508e+00
7.6327406069e-01	-2.0264210310e+00
7.6313203825e-01	-2.0263405465e+00
7.6298928940e-01	-2.0262596422e+00
7.6284581215e-01	-2.0261783513e+00
7.6270159791e-01	-2.0260967019e+00
7.6255662110e-01	-2.0260147168e+00
7.6241084986e-01	-2.0259324152e+00
7.6226423654e-01	-2.0258498120e+00
7.6211662006e-01	-2.0257669034e+00
7.6196770938e-01	-2.0256836648e+00
7.6181723079e-01	-2.0256000731e+00
7.6166616547e-01	-2.0255162950e+00
7.6151458299e-01	-2.0254323591e+00
7.6136248383e-01	-2.0253482822e+00
7.6120986869e-01	-2.0252640806e+00
7.6105673463e-01	-2.0251797682e+00
7.6090307258e-01	-2.0250953564e+00
7.6074887739e-01	-2.0250108545e+00
7.6059414619e-01	-2.0249262687e+00
7.6043887535e-01	-2.0248412483e+00
7.6028306132e-01	-2.0247557599e+00
7.6012670072e-01	-2.0246701729e+00
7.5996978919e-01	-2.0245844645e+00
7.5981232200e-01	-2.0244985989e+00
7.5965429436e-01	-2.0244125251e+00
7.5949570049e-01	-2.0243261735e+00
7.5933653450e-01	-2.0242394549e+00
7.5917678998e-01	-2.0241522581e+00
7.5901645953e-01	-2.0240644506e+00
7.5885553639e-01	-2.0239758803e+00
7.5869401308e-01	-2.0238863794e+00
7.5853188229e-01	-2.0237957704e+00
7.5836913766e-01	-2.0237038748e+00
7.5820577327e-01	-2.0236105237e+00
7.5804178452e-01	-2.0235155680e+00
7.5787716720e-01	-2.0234188897e+00
7.5771191839e-01	-2.0233204112e+00
7.5754603611e-01	-2.0232201013e+00
7.5737951912e-01	-2.0231179783e+00
7.5721236669e-01	-2.0230141078e+00
7.5704457836e-01	-2.0229085976e+00
7.5687615372e-01	-2.0228015887e+00
7.5670709223e-01	-2.0226932443e+00
7.5653739310e-01	-2.0225837399e+00
7.5636705497e-01	-2.0224732527e+00
7.5619607668e-01	-2.0223619535e+00
7.5602445607e-01	-2.0222499996e+00
7.5585218999e-01	-2.0221375311e+00
7.5567927418e-01	-2.0220246691e+00
7.5550570494e-01	-2.0219115151e+00
7.5533147794e-01	-2.0217981520e+00
7.5515659018e-01	-2.0216846460e+00
7.5498103841e-01	-2.0215710483e+00
7.5480481833e-01	-2.0214573979e+00
7.5462792496e-01	-2.0213437233e+00
7.5445035364e-01	-2.0212300454e+00
7.5427210283e-01	-2.0211163792e+00
7.5409317251e-01	-2.0210027358e+00
7.5391356262e-01	-2.0208891230e+00
7.5373327148e-01	-2.0207755464e+00
7.5355228987e-01	-2.0206620090e+00
7.5337060754e-01	-2.0205485127e+00
7.5318821921e-01	-2.0204346855e+00
7.5300512296e-01	-2.0203202946e+00
7.5282131438e-01	-2.0202059561e+00
7.5263678892e-01	-2.0200916734e+00
7.5245154191e-01	-2.0199774486e+00
7.5226556791e-01	-2.0198632645e+00
7.5207885320e-01	-2.0197488923e+00
7.5189129726e-01	-2.0196318181e+00
7.5170478533e-01	-2.0194857651e+00
7.5169121707e-01	-2.0194048504e+00
7.5168011515e-01	-2.0193351781e+00
7.5166901035e-01	-2.0192508133e+00
7.5165805344e-01	-2.0191628466e+00
7.5164720359e-01	-2.0190830938e+00
7.5163661334e-01	-2.0190236795e+00
7.5162630341e-01	-2.0189835976e+00
7.5161618559e-01	-2.0189551506e+00
7.5160607366e-01	-2.0189316443e+00
7.5159601564e-01	-2.0189110182e+00
7.5158608791e-01	-2.0188925514e+00
7.5157631979e-01	-2.0188757452e+00
7.5156662937e-01	-2.0188597073e+00
7.5155733613e-01	-2.0188460212e+00
7.5154877316e-01	-2.0188362924e+00
7.5154157442e-01	-2.0188336977e+00
7.5153729296e-01	-2.0188462472e+00
7.5153889624e-01	-2.0188893817e+00
7.5155263408e-01	-2.0189954938e+00
7.5159507348e-01	-2.0192503618e+00
7.5167098608e-01	-2.0196718648e+00
7.5179843193e-01	-2.0203553105e+00
7.5200814356e-01	-2.0214507770e+00
7.5235426811e-01	-2.0232369784e+00
7.5246338849e-01	-2.0254791966e+00
7.5236058252e-01	-2.0254252929e+00
7.5225072874e-01	-2.0253632058e+00
7.5213748666e-01	-2.0252957728e+00
7.5202115432e-01	-2.0252250314e+00
7.5189921065e-01	-2.0251515635e+00
7.5177480571e-01	-2.0250763511e+00
7.5164456510e-01	-2.0249991682e+00
7.5150807097e-01	-2.0249201469e+00
7.5136765684e-01	-2.0248397896e+00
7.5122675564e-01	-2.0247587341e+00
7.5108528670e-01	-2.0246770533e+00
7.5094238948e-01	-2.0245946832e+00
7.5079857527e-01	-2.0245117594e+00
7.5065395155e-01	-2.0244283463e+00
7.5050856554e-01	-2.0243444918e+00
7.5036241497e-01	-2.0242602311e+00
7.5021548830e-01	-2.0241755933e+00
7.5006775888e-01	-2.0240906018e+00
7.4991919124e-01	-2.0240052762e+00
7.4976968281e-01	-2.0239196233e+00
7.4961907300e-01	-2.0241691135e+00
7.4721252450e-01	-2.0241098247e+00
7.4715652116e-01	-2.0240635095e+00
7.4710284080e-01	-2.0240115681e+00
7.4705165507e-01	-2.0239587249e+00
7.4700310702e-01	-2.0239080583e+00
7.4695736564e-01	-2.0238608085e+00
7.4691461819e-01	-2.0238172905e+00
7.4687506401e-01	-2.0237774582e+00
7.4683892271e-01	-2.0237411598e+00
7.4680647555e-01	-2.0237082445e+00
7.4677788392e-01	-2.0236785669e+00
7.4666530473e-01	-2.0236383454e+00
7.4651438461e-01	-2.0235941316e+00
7.4636161832e-01	-2.0235521670e+00
7.4620760150e-01	-2.0235124378e+00
7.4605262391e-01	-2.0234683955e+00
7.4589683824e-01	-2.0234124568e+00
7.4574032694e-01	-2.0233420240e+00
7.4558313637e-01	-2.0232585949e+00
7.4542529395e-01	-2.0231654528e+00
7.4526681692e-01	-2.0230653881e+00
7.4510771640e-01	-2.0229605823e+00
7.4494799917e-01	-2.0228526161e+00
7.4478766892e-01	-2.0227425919e+00
7.4462672700e-01	-2.0226312632e+00
7.4446517315e-01	-2.0225191372e+00
7.4430300586e-01	-2.0224065521e+00
7.4414022277e-01	-2.0222937310e+00
7.4397682095e-01	-2.0221808201e+00
7.4381279692e-01	-2.0220679117e+00
7.4364814562e-01	-2.0219550344e+00
7.4348284880e-01	-2.0218418719e+00
7.4331675084e-01	-2.0217246080e+00
7.4317616597e-01	-2.0215676064e+00
7.4316592404e-01	-2.0215124184e+00
7.4315560452e-01	-2.0214420101e+00
7.4314532934e-01	-2.0213599949e+00
7.4313523768e-01	-2.0212784124e+00
7.4312522707e-01	-2.0212069080e+00
7.4311547797e-01	-2.0211549612e+00
7.4310597743e-01	-2.0211192089e+00
7.4309664870e-01	-2.0210926803e+00
7.4308728538e-01	-2.0210697712e+00
7.4307799510e-01	-2.0210494014e+00
7.4306884410e-01	-2.0210309821e+00
7.4305986989e-01	-2.0210141622e+00
7.4305097461e-01	-2.0209980482e+00
7.4304256124e-01	-2.0209846015e+00
7.4303500128e-01	-2.0209755508e+00
7.4302906136e-01	-2.0209746083e+00
7.4302659061e-01	-2.0209909561e+00
7.4303109368e-01	-2.0210420828e+00
7.4305027111e-01	-2.0211663792e+00
7.4310365300e-01	-2.0214614279e+00
7.4319667739e-01	-2.0219499204e+00
7.4335196310e-01	-2.0227489683e+00
7.4355784478e-01	-2.0240389208e+00
7.4340982908e-01	-2.0248170202e+00
7.4331644713e-01	-2.0247604908e+00
7.4321689806e-01	-2.0246961257e+00
7.4311281245e-01	-2.0246268485e+00
7.4300572851e-01	-2.0245545947e+00
7.4289262680e-01	-2.0244796999e+00
7.4277657683e-01	-2.0244030704e+00
7.4265455062e-01	-2.0243244965e+00
7.4252557164e-01	-2.0242440056e+00
7.4239434580e-01	-2.0241624649e+00
7.4226266924e-01	-2.0240802566e+00
7.4213007674e-01	-2.0239973888e+00
7.4199631352e-01	-2.0239138871e+00
7.4186176301e-01	-2.0238298660e+00
7.4172643630e-01	-2.0237453729e+00
7.4159035588e-01	-2.0236604505e+00
7.4145351069e-01	-2.0235751314e+00
7.4131588008e-01	-2.0234894423e+00
7.4117742073e-01	-2.0234034033e+00
7.4103807235e-01	-2.0233170293e+00
7.4089759258e-01	-2.0232303045e+00
7.4075552416e-01	-2.0231431778e+00
7.4061189430e-01	-2.0230556731e+00
7.4046777099e-01	-2.0229679773e+00
7.4032316723e-01	-2.0228801113e+00
7.4017808412e-01	-2.0227920931e+00
7.4003252121e-01	-2.0227039394e+00
7.3988647084e-01	-2.0226156649e+00
7.3973992531e-01	-2.0225272825e+00
7.3959288241e-01	-2.0224388039e+00
7.3944533909e-01	-2.0223498815e+00
7.3929729249e-01	-2.0222604523e+00
7.3914873950e-01	-2.0221709458e+00
7.3899967666e-01	-2.0220813581e+00
7.3885010035e-01	-2.0219916777e+00
7.3870000633e-01	-2.0219018821e+00
7.3854939015e-01	-2.0218119365e+00
7.3839824685e-01	-2.0217217906e+00
7.3824657092e-01	-2.0216313755e+00
7.3809435658e-01	-2.0215406023e+00
7.3794159670e-01	-2.0214493597e+00
7.3778828474e-01	-2.0213575146e+00
7.3763441349e-01	-2.0212649136e+00
7.3747997534e-01	-2.0211713861e+00
7.3732496306e-01	-2.0210767511e+00
7.3716936957e-01	-2.0209808256e+00
7.3701318926e-01	-2.0208834355e+00
7.3685641697e-01	-2.0207844264e+00
7.3669904899e-01	-2.0206836753e+00
7.3654108221e-01	-2.0205811002e+00
7.3638251481e-01	-2.0204766671e+00
7.3622334555e-01	-2.0203703926e+00
7.3606357447e-01	-2.0202623432e+00
7.3590320105e-01	-2.0201526282e+00
7.3574222573e-01	-2.0200413919e+00
7.3558064800e-01	-2.0199288014e+00
7.3541846788e-01	-2.0198150368e+00
7.3525568256e-01	-2.0197002788e+00
7.3509228959e-01	-2.0195847016e+00
7.3492828615e-01	-2.0194684654e+00
7.3476367052e-01	-2.0193517124e+00
7.3459844072e-01	-2.0192345654e+00
7.3443259356e-01	-2.0191171265e+00
7.3426612489e-01	-2.0189994783e+00
7.3409903091e-01	-2.0188816863e+00
7.3393131081e-01	-2.0187638013e+00
7.3376296505e-01	-2.0186458617e+00
7.3359399514e-01	-2.0185278959e+00
7.3342440105e-01	-2.0184099243e+00
7.3325417524e-01	-2.0182919598e+00
7.3308330451e-01	-2.0181740103e+00
7.3291178490e-01	-2.0180560806e+00
7.3273961296e-01	-2.0179372063e+00
7.3256678590e-01	-2.0178182860e+00
7.3239329949e-01	-2.0176993983e+00
7.3221914950e-01	-2.0175805465e+00
7.3204433166e-01	-2.0174617326e+00
7.3186884156e-01	-2.0173429598e+00
7.3169267489e-01	-2.0172242316e+00
7.3151582752e-01	-2.0171055505e+00
7.3133829419e-01	-2.0169869042e+00
7.3116006313e-01	-2.0168681183e+00
7.3098105193e-01	-2.0167472664e+00
7.3080054105e-01	-2.0166037751e+00
7.3076489665e-01	-2.0164939644e+00
7.3075375300e-01	-2.0164211430e+00
7.3074261661e-01	-2.0163339661e+00
7.3073165039e-01	-2.0162443604e+00
7.3072079511e-01	-2.0161640943e+00
7.3071021898e-01	-2.0161046419e+00
7.3069994145e-01	-2.0160641805e+00
7.3068986922e-01	-2.0160349041e+00
7.3067978551e-01	-2.0160102354e+00
7.3066976924e-01	-2.0159884489e+00
7.3065990123e-01	-2.0159688514e+00
7.3065021737e-01	-2.0159509802e+00
7.3064061298e-01	-2.0159338548e+00
7.3063149341e-01	-2.0159193885e+00
7.3062324443e-01	-2.0159093220e+00
7.3061664592e-01	-2.0159073226e+00
7.3061360028e-01	-2.0159226014e+00
7.3061773909e-01	-2.0159728311e+00
7.3063710952e-01	-2.0160970443e+00
7.3069200881e-01	-2.0163935468e+00
7.3078787819e-01	-2.0168823602e+00
7.3094726524e-01	-2.0176747005e+00
7.3120807318e-01	-2.0189413600e+00
7.3163355490e-01	-2.0210055050e+00
7.3169841871e-01	-2.0229752863e+00
7.3159980500e-01	-2.0229171516e+00
7.3149536584e-01	-2.0228506964e+00
7.3138542310e-01	-2.0227785734e+00
7.3127239558e-01	-2.0227031731e+00
7.3115333645e-01	-2.0226249729e+00
7.3103089670e-01	-2.0225448806e+00
7.3090223999e-01	-2.0224627321e+00
7.3076625628e-01	-2.0223785440e+00
7.3062812863e-01	-2.0222932871e+00
7.3048952496e-01	-2.0222073361e+00
7.3034981965e-01	-2.0221206759e+00
7.3020893774e-01	-2.0220333632e+00
7.3006718403e-01	-2.0219455033e+00
7.2992461807e-01	-2.0218571535e+00
7.2978124582e-01	-2.0217683553e+00
7.2963704950e-01	-2.0216791409e+00
7.2949200155e-01	-2.0215895369e+00
7.2934604702e-01	-2.0214995618e+00
7.2919901491e-01	-2.0214092129e+00
7.2905064921e-01	-2.0213184715e+00
7.2890025946e-01	-2.0212272476e+00
7.2874888907e-01	-2.0211357289e+00
7.2859701056e-01	-2.0210440116e+00
7.2844462620e-01	-2.0209521147e+00
7.2829173733e-01	-2.0208600563e+00
7.2813833806e-01	-2.0207678523e+00
7.2798441877e-01	-2.0206755169e+00
7.2782997625e-01	-2.0205830635e+00
7.2767500657e-01	-2.0204903106e+00
7.2751950764e-01	-2.0203968442e+00
7.2736347615e-01	-2.0203032896e+00
7.2720690868e-01	-2.0202096499e+00
7.2704980159e-01	-2.0201159224e+00
7.2689215096e-01	-2.0200220967e+00
7.2673395258e-01	-2.0199281527e+00
7.2657520180e-01	-2.0198340577e+00
7.2641589374e-01	-2.0197397645e+00
7.2625602233e-01	-2.0196452071e+00
7.2609558162e-01	-2.0195503000e+00
7.2593456513e-01	-2.0194549355e+00
7.2577296519e-01	-2.0193589833e+00
7.2561077447e-01	-2.0192622920e+00
7.2544798527e-01	-2.0191646922e+00
7.2528458978e-01	-2.0190660021e+00
7.2512058149e-01	-2.0189660367e+00
7.2495595343e-01	-2.0188646168e+00
7.2479070001e-01	-2.0187615813e+00
7.2462481652e-01	-2.0186567987e+00
7.2445830010e-01	-2.0185501784e+00
7.2429114824e-01	-2.0184416767e+00
7.2412335933e-01	-2.0183313016e+00
7.2395493313e-01	-2.0182191119e+00
7.2378586912e-01	-2.0181052117e+00
7.2361616713e-01	-2.0179897419e+00
7.2344582635e-01	-2.0178728689e+00
7.2327484378e-01	-2.0177547726e+00
7.2310321710e-01	-2.0176356368e+00
7.2293094515e-01	-2.0175156390e+00
7.2275802638e-01	-2.0173949434e+00
7.2258445898e-01	-2.0172736968e+00
7.2241023902e-01	-2.0171520253e+00
7.2223536293e-01	-2.0170300342e+00
7.2205982924e-01	-2.0169078096e+00
7.2188363861e-01	-2.0167854198e+00
7.2170679242e-01	-2.0166629180e+00
7.2152929066e-01	-2.0165403435e+00
7.2135113159e-01	-2.0164177252e+00
7.2117229932e-01	-2.0162950815e+00
7.2099278787e-01	-2.0161724247e+00
7.2081259196e-01	-2.0160492247e+00
7.2063171024e-01	-2.0159254911e+00
7.2045013822e-01	-2.0158017658e+00
7.2026787145e-01	-2.0156780522e+00
7.2008490541e-01	-2.0155543526e+00
7.1990123559e-01	-2.0154306695e+00
7.1971685732e-01	-2.0153070054e+00
7.1953176612e-01	-2.0151833630e+00
7.1934595740e-01	-2.0150597457e+00
7.1915942655e-01	-2.0149361564e+00
7.1897216840e-01	-2.0148125887e+00
7.1878417354e-01	-2.0146889367e+00
7.1859538866e-01	-2.0145640107e+00
7.1840533382e-01	-2.0144250148e+00
7.1832713915e-01	-2.0142765757e+00
7.1831533635e-01	-2.0142020827e+00
7.1830354369e-01	-2.0141131450e+00
7.1829193069e-01	-2.0140220830e+00
7.1828043188e-01	-2.0139408850e+00
7.1826921811e-01	-2.0138808023e+00
7.1825831281e-01	-2.0138397312e+00
7.1824762023e-01	-2.0138097358e+00
7.1823690635e-01	-2.0137842196e+00
7.1822626962e-01	-2.0137616165e+00
7.1821579164e-01	-2.0137412295e+00
7.1820550795e-01	-2.0137225891e+00
7.1819531191e-01	-2.0137047154e+00
7.1818565444e-01	-2.0136896928e+00
7.1817695576e-01	-2.0136793671e+00
7.1817009897e-01	-2.0136777772e+00
7.1816722641e-01	-2.0136950260e+00
7.1817243688e-01	-2.0137504932e+00
7.1819521324e-01	-2.0138888728e+00
7.1825851232e-01	-2.0142181852e+00
7.1836835754e-01	-2.0147599572e+00
7.1855049958e-01	-2.0156370365e+00
7.1884826706e-01	-2.0170385914e+00
7.1932971510e-01	-2.0193223930e+00
7.1932963432e-01	-2.0209688877e+00
7.1922217761e-01	-2.0209063599e+00
7.1910804448e-01	-2.0208352666e+00
7.1898882625e-01	-2.0207586628e+00
7.1886614662e-01	-2.0206787728e+00
7.1873671656e-01	-2.0205959701e+00
7.1860353634e-01	-2.0205112165e+00
7.1846389305e-01	-2.0204243490e+00
7.1831666466e-01	-2.0203353741e+00
7.1816873302e-01	-2.0202455626e+00
7.1802021348e-01	-2.0201550402e+00
7.1787017530e-01	-2.0200637380e+00
7.1771907110e-01	-2.0199717987e+00
7.1756708734e-01	-2.0198793090e+00
7.1741423243e-01	-2.0197863176e+00
7.1726048323e-01	-2.0196928611e+00
7.1710578959e-01	-2.0195989659e+00
7.1695013002e-01	-2.0195046591e+00
7.1679343365e-01	-2.0194099563e+00
7.1663538381e-01	-2.0193148295e+00
7.1647533769e-01	-2.0192191950e+00
7.1631369104e-01	-2.0191231393e+00
7.1615149715e-01	-2.0190268569e+00
7.1598875945e-01	-2.0189303682e+00
7.1582547974e-01	-2.0188336921e+00
7.1566165364e-01	-2.0187368454e+00
7.1549726964e-01	-2.0186398427e+00
7.1533232351e-01	-2.0185426981e+00
7.1516681166e-01	-2.0184452082e+00
7.1500073179e-01	-2.0183469802e+00
7.1483408009e-01	-2.0182486458e+00
7.1466685336e-01	-2.0181502120e+00
7.1449904767e-01	-2.0180516812e+00
7.1433065886e-01	-2.0179530499e+00
7.1416168289e-01	-2.0178543070e+00
7.1399211514e-01	-2.0177554311e+00
7.1382195075e-01	-2.0176563883e+00
7.1365118446e-01	-2.0175571294e+00
7.1347980976e-01	-2.0174575867e+00
7.1330782060e-01	-2.0173576722e+00
7.1313520934e-01	-2.0172572752e+00
7.1296196890e-01	-2.0171562628e+00
7.1278809071e-01	-2.0170544800e+00
7.1261356706e-01	-2.0169517546e+00
7.1243839015e-01	-2.0168479023e+00
7.1226255214e-01	-2.0167427354e+00
7.1208604617e-01	-2.0166360736e+00
7.1190886633e-01	-2.0165277560e+00
7.1173100785e-01	-2.0164176525e+00
7.1155246713e-01	-2.0163056749e+00
7.1137324164e-01	-2.0161917838e+00
7.1119332979e-01	-2.0160759923e+00
7.1101273065e-01	-2.0159583645e+00
7.1083144335e-01	-2.0158390097e+00
7.1064946552e-01	-2.0157180739e+00
7.1046679415e-01	-2.0155957269e+00
7.1028342836e-01	-2.0154721522e+00
7.1009936776e-01	-2.0153475357e+00
7.0991461034e-01	-2.0152220553e+00
7.0972915307e-01	-2.0150958749e+00
7.0954299283e-01	-2.0149691398e+00
7.0935612844e-01	-2.0148419748e+00
7.0916856076e-01	-2.0147144840e+00
7.0898029168e-01	-2.0145867521e+00
7.0879132190e-01	-2.0144588453e+00
7.0860164961e-01	-2.0143308142e+00
7.0841125972e-01	-2.0142026938e+00
7.0822014446e-01	-2.0140745096e+00
7.0802829766e-01	-2.0139459325e+00
7.0783571832e-01	-2.0138165621e+00
7.0764240173e-01	-2.0136871688e+00
7.0744834305e-01	-2.0135577583e+00
7.0725353773e-01	-2.0134283344e+00
7.0705798076e-01	-2.0132988996e+00
7.0686166711e-01	-2.0131694560e+00
7.0666459212e-01	-2.0130400058e+00
7.0646675072e-01	-2.0129105512e+00
7.0626813778e-01	-2.0127810950e+00
7.0606874855e-01	-2.0126516404e+00
7.0586857778e-01	-2.0125221897e+00
7.0566761988e-01	-2.0123927350e+00
7.0546586411e-01	-2.0122631497e+00
7.0526324726e-01	-2.0121320256e+00
7.0505920562e-01	-2.0119842481e+00
7.0498729082e-01	-2.0118397069e+00
7.0497465734e-01	-2.0117624995e+00
7.0496204638e-01	-2.0116711756e+00
7.0494963500e-01	-2.0115789055e+00
7.0493733267e-01	-2.0114974870e+00
7.0492533886e-01	-2.0114378690e+00
7.0491365913e-01	-2.0113968656e+00
7.0490219632e-01	-2.0113664585e+00
7.0489068585e-01	-2.0113401355e+00
7.0487927801e-01	-2.0113167752e+00
7.0486804168e-01	-2.0112956230e+00
7.0485699274e-01	-2.0112761195e+00
7.0484607994e-01	-2.0112575965e+00
7.0483577397e-01	-2.0112421576e+00
7.0482655798e-01	-2.0112318885e+00
7.0481948329e-01	-2.0112314732e+00
7.0481704958e-01	-2.0112524116e+00
7.0482405694e-01	-2.0113167624e+00
7.0485229322e-01	-2.0114786180e+00
7.0492435196e-01	-2.0118400739e+00
7.0504837010e-01	-2.0124328299e+00
7.0525351187e-01	-2.0133910748e+00
7.0558928034e-01	-2.0149216174e+00
7.0612065618e-01	-2.0174124490e+00
7.0607667417e-01	-2.0187584928e+00
7.0597403461e-01	-2.0186935492e+00
7.0586388185e-01	-2.0186198063e+00
7.0574909753e-01	-2.0185407080e+00
7.0563014283e-01	-2.0184582467e+00
7.0550513649e-01	-2.0183729871e+00
7.0537498988e-01	-2.0182855394e+00
7.0523720485e-01	-2.0181957578e+00
7.0509410732e-01	-2.0181042243e+00
7.0495051824e-01	-2.0180118930e+00
7.0480599590e-01	-2.0179187950e+00
7.0465997439e-01	-2.0178249181e+00
7.0451298289e-01	-2.0177304194e+00
7.0436505414e-01	-2.0176353604e+00
7.0421623245e-01	-2.0175397955e+00
7.0406649562e-01	-2.0174437610e+00
7.0391580918e-01	-2.0173472855e+00
7.0376401910e-01	-2.0172503733e+00
7.0361100083e-01	-2.0171530301e+00
7.0345618116e-01	-2.0170551828e+00
7.0329913701e-01	-2.0169567816e+00
7.0314147460e-01	-2.0168581215e+00
7.0298328907e-01	-2.0167592395e+00
7.0282458319e-01	-2.0166601554e+00
7.0266535557e-01	-2.0165608874e+00
7.0250559250e-01	-2.0164614503e+00
7.0234528912e-01	-2.0163618588e+00
7.0218444180e-01	-2.0162618797e+00
7.0202304888e-01	-2.0161611534e+00
7.0186110654e-01	-2.0160603124e+00
7.0169861175e-01	-2.0159593665e+00
7.0153556071e-01	-2.0158583221e+00
7.0137194973e-01	-2.0157571810e+00
7.0120777522e-01	-2.0156559394e+00
7.0104303255e-01	-2.0155545849e+00
7.0087771762e-01	-2.0154530956e+00
7.0071182503e-01	-2.0153514359e+00
7.0054534981e-01	-2.0152495553e+00
7.0037828574e-01	-2.0151473841e+00
7.0021062625e-01	-2.0150448318e+00
7.0004236397e-01	-2.0149417854e+00
6.9987349179e-01	-2.0148381090e+00
6.9970400112e-01	-2.0147336447e+00
6.9953388430e-01	-2.0148826518e+00
7.0131300450e-01	-2.0147233602e+00
7.0115504220e-01	-2.0146294588e+00
7.0099648470e-01	-2.0145308141e+00
7.0083732563e-01	-2.0144285309e+00
7.0067755985e-01	-2.0143231424e+00
7.0051718426e-01	-2.0142149467e+00
7.0035619699e-01	-2.0141041418e+00
7.0019459709e-01	-2.0139908920e+00
7.0003238152e-01	-2.0138753603e+00
6.9986954826e-01	-2.0137577253e+00
6.9970609731e-01	-2.0136381832e+00
6.9954202940e-01	-2.0135169461e+00
6.9937734492e-01	-2.0133942337e+00
6.9921204227e-01	-2.0132702645e+00
6.9904612037e-01	-2.0131452484e+00
6.9887957946e-01	-2.0130193791e+00
6.9871242312e-01	-2.0128928310e+00
6.9854465442e-01	-2.0127657543e+00
6.9837627647e-01	-2.0126382756e+00
6.9820728856e-01	-2.0125104980e+00
6.9803767586e-01	-2.0123825009e+00
6.9786743019e-01	-2.0122543455e+00
6.9769654771e-01	-2.0121259560e+00
6.9752502687e-01	-2.0119964700e+00
6.9735286438e-01	-2.0118669329e+00
6.9718005633e-01	-2.0117373622e+00
6.9700659836e-01	-2.0116077693e+00
6.9683248623e-01	-2.0114781616e+00
6.9665771566e-01	-2.0113485442e+00
6.9648228233e-01	-2.0112189202e+00
6.9630618193e-01	-2.0110892976e+00
6.9612941002e-01	-2.0109596703e+00
6.9595196216e-01	-2.0108300424e+00
6.9577383398e-01	-2.0107004171e+00
6.9559502099e-01	-2.0105707976e+00
6.9541551866e-01	-2.0104411873e+00
6.9523532239e-01	-2.0103115881e+00
6.9505442659e-01	-2.0101819787e+00
6.9487281555e-01	-2.0100520885e+00
6.9469036792e-01	-2.0099189489e+00
6.9451041976e-01	-2.0097519569e+00
6.9449532866e-01	-2.0096597449e+00
6.9448328204e-01	-2.0095792508e+00
6.9447128194e-01	-2.0094853828e+00
6.9445950221e-01	-2.0093924331e+00
6.9444779939e-01	-2.0093115853e+00
6.9443642255e-01	-2.0092533731e+00
6.9442534824e-01	-2.0092130601e+00
6.9441448569e-01	-2.0091826548e+00
6.9440353033e-01	-2.0091557947e+00
6.9439271616e-01	-2.0091319915e+00
6.9438209054e-01	-2.0091103912e+00
6.9437164369e-01	-2.0090903274e+00
6.9436141929e-01	-2.0090716307e+00
6.9435192214e-01	-2.0090564814e+00
6.9434375012e-01	-2.0090474379e+00
6.9433827776e-01	-2.0090505234e+00
6.9433861932e-01	-2.0090797714e+00
6.9435083268e-01	-2.0091623682e+00
6.9439088242e-01	-2.0093697832e+00
6.9447130044e-01	-2.0097536095e+00
6.9460668417e-01	-2.0103792291e+00
6.9482843569e-01	-2.0113871909e+00
6.9518850645e-01	-2.0129945092e+00
6.9575391750e-01	-2.0156035957e+00
6.9570481752e-01	-2.0169027501e+00
6.9560290449e-01	-2.0168352375e+00
6.9549311663e-01	-2.0167587059e+00
6.9537863479e-01	-2.0166767722e+00
6.9525961205e-01	-2.0165913941e+00
6.9513445729e-01	-2.0165031789e+00
6.9500367515e-01	-2.0164126690e+00
6.9486417575e-01	-2.0163196067e+00
6.9472092505e-01	-2.0162250400e+00
6.9457718428e-01	-2.0161296720e+00
6.9443205002e-01	-2.0160334525e+00
6.9428556559e-01	-2.0159364726e+00
6.9413807871e-01	-2.0158388605e+00
6.9398967483e-01	-2.0157406868e+00
6.9384032866e-01	-2.0156419941e+00
6.9368995327e-01	-2.0155428072e+00
6.9353854222e-01	-2.0154431596e+00
6.9338592970e-01	-2.0153430526e+00
6.9323174482e-01	-2.0152424488e+00
6.9307506654e-01	-2.0151412120e+00
6.9291730375e-01	-2.0150396100e+00
6.9275901787e-01	-2.0149377627e+00
6.9260021385e-01	-2.0148356915e+00
6.9244089145e-01	-2.0147334155e+00
6.9228103745e-01	-2.0146309503e+00
6.9212064554e-01	-2.0145283115e+00
6.9195971183e-01	-2.0144253461e+00
6.9179823427e-01	-2.0143215059e+00
6.9163620977e-01	-2.0142175346e+00
6.9147363491e-01	-2.0141134439e+00
6.9131050625e-01	-2.0140092431e+00
6.9114682022e-01	-2.0139049385e+00
6.9098257308e-01	-2.0138005317e+00
6.9081776088e-01	-2.0136960183e+00
6.9065237940e-01	-2.0135913859e+00
6.9048642408e-01	-2.0134866118e+00
6.9031988997e-01	-2.0133816600e+00
6.9015277144e-01	-2.0132764789e+00
6.8998506293e-01	-2.0131709982e+00
6.8981675774e-01	-2.0130651263e+00
6.8964784906e-01	-2.0129587488e+00
6.8947832911e-01	-2.0128517278e+00
6.8930818969e-01	-2.0127439035e+00
6.8913742339e-01	-2.0126350987e+00
6.8896602199e-01	-2.0125251240e+00
6.8879397748e-01	-2.0124137869e+00
6.8862128418e-01	-2.0123009051e+00
6.8844793545e-01	-2.0121863156e+00
6.8827392690e-01	-2.0120698893e+00
6.8809925529e-01	-2.0119515411e+00
6.8792391729e-01	-2.0118312364e+00
6.8774790764e-01	-2.0117089949e+00
6.8757122328e-01	-2.0115848881e+00
6.8739386525e-01	-2.0114590347e+00
6.8721583288e-01	-2.0113315885e+00
6.8703712441e-01	-2.0112027267e+00
6.8685773880e-01	-2.0110726381e+00
6.8667767597e-01	-2.0109415130e+00
6.8649693890e-01	-2.0108095320e+00
6.8631553069e-01	-2.0106768605e+00
6.8613345616e-01	-2.0105436441e+00
6.8595071590e-01	-2.0104100064e+00
6.8576729726e-01	-2.0102760466e+00
6.8558318716e-01	-2.0101418433e+00
6.8539838373e-01	-2.0100074581e+00
6.8521288304e-01	-2.0098719456e+00
6.8502668264e-01	-2.0097361519e+00
6.8483977810e-01	-2.0096002840e+00
6.8465216490e-01	-2.0094643588e+00
6.8446383844e-01	-2.0093283875e+00
6.8427479404e-01	-2.0091923775e+00
6.8408502681e-01	-2.0090563330e+00
6.8389453231e-01	-2.0089202572e+00
6.8370330557e-01	-2.0087841520e+00
6.8351134175e-01	-2.0086480193e+00
6.8331863599e-01	-2.0085118610e+00
6.8312518337e-01	-2.0083756793e+00
6.8293097899e-01	-2.0082394769e+00
6.8273601786e-01	-2.0081032569e+00
6.8254029494e-01	-2.0079670219e+00
6.8234380460e-01	-2.0078307609e+00
6.8214653529e-01	-2.0076943177e+00
6.8194841337e-01	-2.0075559591e+00
6.8174879165e-01	-2.0073971471e+00
6.8168980135e-01	-2.0072544778e+00
6.8167683195e-01	-2.0071719873e+00
6.8166391471e-01	-2.0070761077e+00
6.8165122906e-01	-2.0069815851e+00
6.8163862041e-01	-2.0068997375e+00
6.8162634389e-01	-2.0068407903e+00
6.8161437780e-01	-2.0067996852e+00
6.8160263054e-01	-2.0067683636e+00
6.8159077384e-01	-2.0067404487e+00
6.8157907511e-01	-2.0067156513e+00
6.8156757797e-01	-2.0066930929e+00
6.8155625895e-01	-2.0066720390e+00
6.8154520270e-01	-2.0066525117e+00
6.8153494203e-01	-2.0066367587e+00
6.8152614043e-01	-2.0066275685e+00
6.8152036319e-01	-2.0066316536e+00
6.8152109873e-01	-2.0066644093e+00
6.8153520769e-01	-2.0067559403e+00
6.8158147880e-01	-2.0069884825e+00
6.8166502949e-01	-2.0073777712e+00
6.8180544486e-01	-2.0080116499e+00
6.8203603332e-01	-2.0090335195e+00
6.8241224705e-01	-2.0106642270e+00
6.8300753390e-01	-2.0133051577e+00
6.8297020735e-01	-2.0146688603e+00
6.8285601995e-01	-2.0145964476e+00
6.8273347848e-01	-2.0145147056e+00
6.8260619337e-01	-2.0144274507e+00
6.8247362365e-01	-2.0143365651e+00
6.8233510831e-01	-2.0142428263e+00
6.8218999506e-01	-2.0141465780e+00
6.8203573954e-01	-2.0140476457e+00
6.8187904440e-01	-2.0139474149e+00
6.8172174292e-01	-2.0138463524e+00
6.8156259975e-01	-2.0137443447e+00
6.8140219302e-01	-2.0136415794e+00
6.8124075717e-01	-2.0135381663e+00
6.8107823889e-01	-2.0134341522e+00
6.8091467825e-01	-2.0133295912e+00
6.8075003579e-01	-2.0132245163e+00
6.8058411547e-01	-2.0131189268e+00
6.8041673784e-01	-2.0130128210e+00
6.8024705897e-01	-2.0129060741e+00
6.8007518571e-01	-2.0127987298e+00
6.7990273294e-01	-2.0126911008e+00
6.7972970688e-01	-2.0125832102e+00
6.7955611091e-01	-2.0124750791e+00
6.7938193310e-01	-2.0123667242e+00
6.7920716270e-01	-2.0122581608e+00
6.7903179613e-01	-2.0121493675e+00
6.7885583067e-01	-2.0120395048e+00
6.7867926311e-01	-2.0119294781e+00
6.7850208961e-01	-2.0118193006e+00
6.7832430620e-01	-2.0117089834e+00
6.7814590925e-01	-2.0115985360e+00
6.7796689478e-01	-2.0114879642e+00
6.7778725889e-01	-2.0113772695e+00
6.7760699700e-01	-2.0112664471e+00
6.7742610446e-01	-2.0111554844e+00
6.7724457604e-01	-2.0110443579e+00
6.7706240662e-01	-2.0109330317e+00
6.7687959033e-01	-2.0108214536e+00
6.7669612108e-01	-2.0107095529e+00
6.7651199161e-01	-2.0105972368e+00
6.7632719402e-01	-2.0104843896e+00
6.7614172099e-01	-2.0103708728e+00
6.7595556362e-01	-2.0102565246e+00
6.7576871359e-01	-2.0101411655e+00
6.7558116281e-01	-2.0100246044e+00
6.7539290263e-01	-2.0099066465e+00
6.7520392641e-01	-2.0097871065e+00
6.7501422749e-01	-2.0096658198e+00
6.7482380070e-01	-2.0095426554e+00
6.7463263982e-01	-2.0094175267e+00
6.7444073759e-01	-2.0092903987e+00
6.7424809262e-01	-2.0091612923e+00
6.7405470383e-01	-2.0090302813e+00
6.7386056962e-01	-2.0088974857e+00
6.7366568852e-01	-2.0087630617e+00
6.7347005977e-01	-2.0086271899e+00
6.7327368673e-01	-2.0084900619e+00
6.7307657293e-01	-2.0083518703e+00
6.7287872421e-01	-2.0082127984e+00
6.7268014278e-01	-2.0080730126e+00
6.7248082096e-01	-2.0079326567e+00
6.7228074219e-01	-2.0077918510e+00
6.7207990378e-01	-2.0076506952e+00
6.7187830004e-01	-2.0075086699e+00
6.7167592998e-01	-2.0073658266e+00
6.7147278863e-01	-2.0072228216e+00
6.7126887193e-01	-2.0070796897e+00
6.7106417456e-01	-2.0069364545e+00
6.7085869149e-01	-2.0067931323e+00
6.7065241759e-01	-2.0066497337e+00
6.7044534759e-01	-2.0065062652e+00
6.7023747617e-01	-2.0063627308e+00
6.7002879831e-01	-2.0062191332e+00
6.6981930833e-01	-2.0060754740e+00
6.6960900098e-01	-2.0059317547e+00
6.6939787082e-01	-2.0057879770e+00
6.6918591242e-01	-2.0056441430e+00
6.6897312056e-01	-2.0055002554e+00
6.6875948932e-01	-2.0053563171e+00
6.6854501334e-01	-2.0052123303e+00
6.6832968630e-01	-2.0050682843e+00
6.6811349600e-01	-2.0049240220e+00
6.6789636759e-01	-2.0047778064e+00
6.6767764738e-01	-2.0046110596e+00
6.6761074794e-01	-2.0044604259e+00
6.6759670780e-01	-2.0043750586e+00
6.6758273303e-01	-2.0042766582e+00
6.6756900938e-01	-2.0041807148e+00
6.6755535444e-01	-2.0040983000e+00
6.6754205279e-01	-2.0040392404e+00
6.6752906779e-01	-2.0039976686e+00
6.6751630788e-01	-2.0039655430e+00
6.6750340919e-01	-2.0039365235e+00
6.6749070048e-01	-2.0039107180e+00
6.6747820967e-01	-2.0038871730e+00
6.6746588989e-01	-2.0038650476e+00
6.6745390138e-01	-2.0038447125e+00
6.6744280475e-01	-2.0038284699e+00
6.6743335672e-01	-2.0038194266e+00
6.6742741734e-01	-2.0038253869e+00
6.6742899164e-01	-2.0038635854e+00
6.6744609268e-01	-2.0039682860e+00
6.6750175605e-01	-2.0042377028e+00
6.6760122083e-01	-2.0046869323e+00
6.6776773037e-01	-2.0054167584e+00
6.6804074082e-01	-2.0065914787e+00
6.6848482804e-01	-2.0084634900e+00
6.6913226143e-01	-2.0114909189e+00
6.6896929459e-01	-2.0121272767e+00
6.6885169586e-01	-2.0120500592e+00
6.6872516048e-01	-2.0119635543e+00
6.6859447222e-01	-2.0118719193e+00
6.6845720192e-01	-2.0117765227e+00
6.6831457148e-01	-2.0116784084e+00
6.6816372134e-01	-2.0115774794e+00
6.6800417615e-01	-2.0114739135e+00
6.6784406776e-01	-2.0113693937e+00
6.6768286130e-01	-2.0112639571e+00
6.6751980101e-01	-2.0111575683e+00
6.6735551951e-01	-2.0110504264e+00
6.6719015769e-01	-2.0109426241e+00
6.6702371037e-01	-2.0108342154e+00
6.6685605292e-01	-2.0107252232e+00
6.6668718478e-01	-2.0106156868e+00
6.6651684807e-01	-2.0105055920e+00
6.6634446113e-01	-2.0103948608e+00
6.6616918749e-01	-2.0102833643e+00
6.6599308775e-01	-2.0101715092e+00
6.6581640214e-01	-2.0100593636e+00
6.6563913617e-01	-2.0099469501e+00
6.6546128010e-01	-2.0098342866e+00
6.6528282009e-01	-2.0097213887e+00
6.6510375238e-01	-2.0096082695e+00
6.6492407406e-01	-2.0094939900e+00
6.6474378144e-01	-2.0093795215e+00
6.6456287117e-01	-2.0092648783e+00
6.6438133900e-01	-2.0091500728e+00
6.6419918147e-01	-2.0090351162e+00
6.6401639408e-01	-2.0089200166e+00
6.6383297299e-01	-2.0088047795e+00
6.6364891382e-01	-2.0086894052e+00
6.6346421233e-01	-2.0085738880e+00
6.6327886341e-01	-2.0084582136e+00
6.6309286137e-01	-2.0083423565e+00
6.6290620164e-01	-2.0082262789e+00
6.6271887760e-01	-2.0081099255e+00
6.6253088232e-01	-2.0079932217e+00
6.6234220886e-01	-2.0078760715e+00
6.6215284944e-01	-2.0077583551e+00
6.6196279561e-01	-2.0076399289e+00
6.6177203943e-01	-2.0075206276e+00
6.6158057129e-01	-2.0074002670e+00
6.6138838326e-01	-2.0072786529e+00
6.6119546682e-01	-2.0071555888e+00
6.6100181459e-01	-2.0070308889e+00
6.6080741973e-01	-2.0069043904e+00
6.6061227133e-01	-2.0067759654e+00
6.6041636414e-01	-2.0066455331e+00
6.6021969648e-01	-2.0065130672e+00
6.6002226565e-01	-2.0063785965e+00
6.5982406963e-01	-2.0062422030e+00
6.5962510662e-01	-2.0061040144e+00
6.5942538084e-01	-2.0059641950e+00
6.5922489643e-01	-2.0058229306e+00
6.5902366021e-01	-2.0056804171e+00
6.5882167538e-01	-2.0055368483e+00
6.5861893949e-01	-2.0053924057e+00
6.5841543392e-01	-2.0052472501e+00
6.5821115489e-01	-2.0051015227e+00
6.5800609651e-01	-2.0049550211e+00
6.5780025927e-01	-2.0048072432e+00
6.5759363892e-01	-2.0046591871e+00
6.5738623053e-01	-2.0045109124e+00
6.5717802998e-01	-2.0043624641e+00
6.5696903195e-01	-2.0042138737e+00
6.5675923130e-01	-2.0040651635e+00
6.5654862280e-01	-2.0039163482e+00
6.5633720114e-01	-2.0037674371e+00
6.5612496091e-01	-2.0036184362e+00
6.5591189667e-01	-2.0034693487e+00
6.5569800292e-01	-2.0033201768e+00
6.5548327395e-01	-2.0031709219e+00
6.5526770453e-01	-2.0030215856e+00
6.5505128889e-01	-2.0028721694e+00
6.5483402136e-01	-2.0027226753e+00
6.5461589628e-01	-2.0025731060e+00
6.5439690791e-01	-2.0024234644e+00
6.5417705026e-01	-2.0022737522e+00
6.5395631696e-01	-2.0021239529e+00
6.5373469275e-01	-2.0019738459e+00
6.5351207550e-01	-2.0018210074e+00
6.5328760003e-01	-2.0016397204e+00
6.5324702320e-01	-2.0015096412e+00
6.5323244895e-01	-2.0014209061e+00
6.5321795958e-01	-2.0013198517e+00
6.5320374632e-01	-2.0012228704e+00
6.5318958205e-01	-2.0011404306e+00
6.5317580173e-01	-2.0010818385e+00
6.5316234206e-01	-2.0010401378e+00
6.5314908223e-01	-2.0010072255e+00
6.5313570409e-01	-2.0009773902e+00
6.5312253400e-01	-2.0009507311e+00
6.5310960894e-01	-2.0009263794e+00
6.5309685797e-01	-2.0009033973e+00
6.5308456618e-01	-2.0008827195e+00
6.5307335918e-01	-2.0008668551e+00
6.5306419686e-01	-2.0008596883e+00
6.5305951799e-01	-2.0008713396e+00
6.5306435391e-01	-2.0009229953e+00
6.5308957008e-01	-2.0010601688e+00
6.5316477405e-01	-2.0014064945e+00
6.5329597897e-01	-2.0019791121e+00
6.5351363795e-01	-2.0029055380e+00
6.5386918479e-01	-2.0043911499e+00
6.5444704748e-01	-2.0067626992e+00
6.5475711262e-01	-2.0094831672e+00
6.5464296417e-01	-2.0094066683e+00
6.5451993688e-01	-2.0093198643e+00
6.5439109457e-01	-2.0092264131e+00
6.5425649979e-01	-2.0091287846e+00
6.5411549503e-01	-2.0090279516e+00
6.5396694540e-01	-2.0089242341e+00
6.5380846291e-01	-2.0088174901e+00
6.5364863918e-01	-2.0087095705e+00
6.5348782371e-01	-2.0086006940e+00
6.5332497958e-01	-2.0084907775e+00
6.5316084617e-01	-2.0083800522e+00
6.5299556795e-01	-2.0082686181e+00
6.5282914963e-01	-2.0081565350e+00
6.5266145179e-01	-2.0080438254e+00
6.5249249485e-01	-2.0079305347e+00
6.5232189142e-01	-2.0078166242e+00
6.5214891331e-01	-2.0077019848e+00
6.5197307138e-01	-2.0075865500e+00
6.5179657708e-01	-2.0074707704e+00
6.5161950171e-01	-2.0073546839e+00
6.5144185034e-01	-2.0072383134e+00
6.5126360546e-01	-2.0071216754e+00
6.5108475755e-01	-2.0070047857e+00
6.5090530275e-01	-2.0068872265e+00
6.5072523852e-01	-2.0067688891e+00
6.5054456135e-01	-2.0066503463e+00
6.5036326726e-01	-2.0065316121e+00
6.5018135252e-01	-2.0064126996e+00
6.4999881338e-01	-2.0062936202e+00
6.4981564514e-01	-2.0061743829e+00
6.4963184426e-01	-2.0060549941e+00
6.4944740650e-01	-2.0063157426e+00
6.4653712520e-01	-2.0054293542e+00
6.4640668998e-01	-2.0052857875e+00
6.4627591579e-01	-2.0051478324e+00
6.4614453020e-01	-2.0050219704e+00
6.4601246503e-01	-2.0049055388e+00
6.4587971604e-01	-2.0047953473e+00
6.4574630885e-01	-2.0046890849e+00
6.4561228812e-01	-2.0045852539e+00
6.4547771477e-01	-2.0044829294e+00
6.4534266603e-01	-2.0043815629e+00
6.4520723594e-01	-2.0042808493e+00
6.4507153824e-01	-2.0041806418e+00
6.4493570875e-01	-2.0040808983e+00
6.4479990994e-01	-2.0039816494e+00
6.4466433498e-01	-2.0038829799e+00
6.4452921447e-01	-2.0037850198e+00
6.4439482269e-01	-2.0036879402e+00
6.4426148588e-01	-2.0035919540e+00
6.4412959240e-01	-2.0034973191e+00
6.4399960359e-01	-2.0034043438e+00
6.4387206652e-01	-2.0033133930e+00
6.4374762822e-01	-2.0032248964e+00
6.4362705007e-01	-2.0031393551e+00
6.4351121433e-01	-2.0030573398e+00
6.4340105051e-01	-2.0029794034e+00
6.4329673474e-01	-2.0029051737e+00
6.4319056031e-01	-2.0028247738e+00
6.4316860853e-01	-2.0027635376e+00
6.4315028829e-01	-2.0027229390e+00
6.4310485732e-01	-2.0026633360e+00
6.4299569551e-01	-2.0025654662e+00
6.4282980156e-01	-2.0024429689e+00
6.4266721104e-01	-2.0023295383e+00
6.4250558097e-01	-2.0022178733e+00
6.4234420286e-01	-2.0021060010e+00
6.4218276919e-01	-2.0019939148e+00
6.4202111787e-01	-2.0018813822e+00
6.4185915357e-01	-2.0017683088e+00
6.4169681533e-01	-2.0016546597e+00
6.4153406161e-01	-2.0015404272e+00
6.4137086257e-01	-2.0014256175e+00
6.4120719587e-01	-2.0013102426e+00
6.4104304414e-01	-2.0011943182e+00
6.4087839351e-01	-2.0010778607e+00
6.4071323223e-01	-2.0009608871e+00
6.4054755065e-01	-2.0008434145e+00
6.4038134017e-01	-2.0007254595e+00
6.4021459335e-01	-2.0006070386e+00
6.4004730358e-01	-2.0004881682e+00
6.3987946425e-01	-2.0003688639e+00
6.3971107013e-01	-2.0002491422e+00
6.3954211565e-01	-2.0001290187e+00
6.3937259598e-01	-2.0000085094e+00
6.3920250583e-01	-1.9998876296e+00
6.3903184100e-01	-1.9997663952e+00
6.3886059708e-01	-1.9996448213e+00
6.3868876923e-01	-1.9995229278e+00
6.3851635340e-01	-1.9994007185e+00
6.3834334541e-01	-1.9992782062e+00
6.3816974044e-01	-1.9991553984e+00
6.3799553451e-01	-1.9990322985e+00
6.3782071505e-01	-1.9989089009e+00
6.3764526968e-01	-1.9987851919e+00
6.3746919512e-01	-1.9986611481e+00
6.3729249094e-01	-1.9985367320e+00
6.3711515695e-01	-1.9984118898e+00
6.3693719201e-01	-1.9982865456e+00
6.3675859541e-01	-1.9981606010e+00
6.3657936457e-01	-1.9980339315e+00
6.3639948928e-01	-1.9979063861e+00
6.3621894574e-01	-1.9977777865e+00
6.3603772597e-01	-1.9976479378e+00
6.3585582414e-01	-1.9975166327e+00
6.3567323049e-01	-1.9973831789e+00
6.3548994172e-01	-1.9972472146e+00
6.3530595155e-01	-1.9971091944e+00
6.3512125486e-01	-1.9969689830e+00
6.3493584872e-01	-1.9968264972e+00
6.3474973000e-01	-1.9966817118e+00
6.3456289786e-01	-1.9965346642e+00
6.3437535071e-01	-1.9963854492e+00
6.3418708888e-01	-1.9962342128e+00
6.3399811130e-01	-1.9960811381e+00
6.3380841804e-01	-1.9959264330e+00
6.3361800769e-01	-1.9957703137e+00
6.3342687955e-01	-1.9956129948e+00
6.3323503157e-01	-1.9954546778e+00
6.3304246149e-01	-1.9952955439e+00
6.3284916629e-01	-1.9951357504e+00
6.3265514326e-01	-1.9949754298e+00
6.3246038854e-01	-1.9948146897e+00
6.3226489818e-01	-1.9946536150e+00
6.3206866796e-01	-1.9944922709e+00
6.3187169342e-01	-1.9943307061e+00
6.3167396993e-01	-1.9941689558e+00
6.3147549271e-01	-1.9940070449e+00
6.3127625226e-01	-1.9938449895e+00
6.3107623191e-01	-1.9936827987e+00
6.3087542782e-01	-1.9935204802e+00
6.3067384398e-01	-1.9933580413e+00
6.3047148436e-01	-1.9931954874e+00
6.3026835669e-01	-1.9930328243e+00
6.3006445517e-01	-1.9928700552e+00
6.2985975181e-01	-1.9927071785e+00
6.2965424226e-01	-1.9925439463e+00
6.2944792542e-01	-1.9923794869e+00
6.2924079775e-01	-1.9922149290e+00
6.2903285284e-01	-1.9920502453e+00
6.2882407126e-01	-1.9918850751e+00
6.2861430384e-01	-1.9917154672e+00
6.2841230440e-01	-1.9915020086e+00
6.2839454306e-01	-1.9913914312e+00
6.2837994662e-01	-1.9912891681e+00
6.2836545284e-01	-1.9911736138e+00
6.2835126308e-01	-1.9910640695e+00
6.2833708011e-01	-1.9909716736e+00
6.2832332943e-01	-1.9909065680e+00
6.2830991685e-01	-1.9908598425e+00
6.2829667337e-01	-1.9908223019e+00
6.2828333160e-01	-1.9907883185e+00
6.2827020934e-01	-1.9907578530e+00
6.2825732112e-01	-1.9907299363e+00
6.2824444677e-01	-1.9907031291e+00
6.2823179019e-01	-1.9906787516e+00
6.2821947402e-01	-1.9906590886e+00
6.2820736671e-01	-1.9906512499e+00
6.2820147008e-01	-1.9906701828e+00
6.2820147998e-01	-1.9907076230e+00
6.2820562537e-01	-1.9907614871e+00
6.2821440421e-01	-1.9908354396e+00
6.2822995519e-01	-1.9909394147e+00
6.2825572310e-01	-1.9910886023e+00
6.2829485591e-01	-1.9912962803e+00
6.2835436767e-01	-1.9915921471e+00
6.2845173961e-01	-1.9920518892e+00
6.2860437622e-01	-1.9927441406e+00
6.2885079762e-01	-1.9938264694e+00
6.2925710243e-01	-1.9955644062e+00
6.2992072859e-01	-1.9983053736e+00
6.3100410732e-01	-2.0026303006e+00
6.3120730382e-01	-2.0052954123e+00
6.3110552555e-01	-2.0052142672e+00
6.3098983718e-01	-2.0051214463e+00
6.3086776080e-01	-2.0050218331e+00
6.3073936175e-01	-2.0049179103e+00
6.3060344292e-01	-2.0048105090e+00
6.3046185716e-01	-2.0047005269e+00
6.3031276832e-01	-2.0045879013e+00
6.3015268722e-01	-2.0044721329e+00
6.2998754324e-01	-2.0043545700e+00
6.2982164941e-01	-2.0042361991e+00
6.2965398630e-01	-2.0041169033e+00
6.2948487093e-01	-2.0039968182e+00
6.2931453121e-01	-2.0038760487e+00
6.2914281385e-01	-2.0037546124e+00
6.2896976121e-01	-2.0036325589e+00
6.2879509886e-01	-2.0035098676e+00
6.2861842464e-01	-2.0033864870e+00
6.2843826390e-01	-2.0032621439e+00
6.2825614140e-01	-2.0031371727e+00
6.2807341356e-01	-2.0030118731e+00
6.2789009149e-01	-2.0028862690e+00
6.2770616777e-01	-2.0027603790e+00
6.2752162052e-01	-2.0026342166e+00
6.2733644645e-01	-2.0025077577e+00
6.2715064279e-01	-2.0023800305e+00
6.2696420566e-01	-2.0022520749e+00
6.2677713146e-01	-2.0021239048e+00
6.2658941587e-01	-2.0019955325e+00
6.2640105445e-01	-2.0018669687e+00
6.2621204315e-01	-2.0017382221e+00
6.2602237758e-01	-2.0016092983e+00
6.2583205295e-01	-2.0014801984e+00
6.2564106472e-01	-2.0013509181e+00
6.2544940800e-01	-2.0012214450e+00
6.2525707754e-01	-2.0010917568e+00
6.2506406697e-01	-2.0009618177e+00
6.2487037034e-01	-2.0008315766e+00
6.2467598120e-01	-2.0007009638e+00
6.2448089153e-01	-2.0005698866e+00
6.2428509406e-01	-2.0004382300e+00
6.2408857997e-01	-2.0003058532e+00
6.2389133970e-01	-2.0001725916e+00
6.2369336545e-01	-2.0000382613e+00
6.2349464743e-01	-1.9999026634e+00
6.2329517662e-01	-1.9997655940e+00
6.2309493778e-01	-1.9996268547e+00
6.2289392190e-01	-1.9994862683e+00
6.2269212340e-01	-1.9993436921e+00
6.2248953621e-01	-1.9991990282e+00
6.2228615616e-01	-1.9990522334e+00
6.2208198693e-01	-1.9989033242e+00
6.2187703347e-01	-1.9987523742e+00
6.2167130431e-01	-1.9985995078e+00
6.2146480931e-01	-1.9984448891e+00
6.2125754230e-01	-1.9982887051e+00
6.2104947913e-01	-1.9981311513e+00
6.2084062073e-01	-1.9979724277e+00
6.2063096225e-01	-1.9978124470e+00
6.2042050547e-01	-1.9976505864e+00
6.2020924851e-01	-1.9974880656e+00
6.1999718716e-01	-1.9973250132e+00
6.1978431721e-01	-1.9971615339e+00
6.1957063413e-01	-1.9969977103e+00
6.1935613310e-01	-1.9968336056e+00
6.1914080900e-01	-1.9966692664e+00
6.1892465663e-01	-1.9965047259e+00
6.1870767050e-01	-1.9963400069e+00
6.1848984513e-01	-1.9961751244e+00
6.1827117484e-01	-1.9960100878e+00
6.1805165388e-01	-1.9958449025e+00
6.1783127630e-01	-1.9956795714e+00
6.1761003666e-01	-1.9955140965e+00
6.1738792867e-01	-1.9953484786e+00
6.1716494681e-01	-1.9951827188e+00
6.1694108491e-01	-1.9950168184e+00
6.1671633699e-01	-1.9948507790e+00
6.1649069698e-01	-1.9946846030e+00
6.1626415880e-01	-1.9945182932e+00
6.1603671629e-01	-1.9943518522e+00
6.1580836285e-01	-1.9941852736e+00
6.1557908726e-01	-1.9940184488e+00
6.1534882125e-01	-1.9938501614e+00
6.1511708146e-01	-1.9936673652e+00
6.1499753021e-01	-1.9934527601e+00
6.1498175366e-01	-1.9933562950e+00
6.1496610491e-01	-1.9932483321e+00
6.1495076904e-01	-1.9931465078e+00
6.1493544524e-01	-1.9930604974e+00
6.1492053607e-01	-1.9929992325e+00
6.1490596496e-01	-1.9929544225e+00
6.1489156429e-01	-1.9929177660e+00
6.1487705856e-01	-1.9928842043e+00
6.1486279764e-01	-1.9928539158e+00
6.1484885460e-01	-1.9928263350e+00
6.1483509010e-01	-1.9927999585e+00
6.1482203361e-01	-1.9927768695e+00
6.1481046694e-01	-1.9927600964e+00
6.1480182076e-01	-1.9927552835e+00
6.1479976317e-01	-1.9927773015e+00
6.1481172509e-01	-1.9928564032e+00
6.1485598042e-01	-1.9930666609e+00
6.1495830261e-01	-1.9935050548e+00
6.1513206146e-01	-1.9942215646e+00
6.1541781037e-01	-1.9953758426e+00
6.1588287682e-01	-1.9972185573e+00
6.1663818158e-01	-2.0001560403e+00
6.1613976481e-01	-2.0039510903e+00
6.1431512246e-01	-2.0071930078e+00
6.1220545242e-01	-2.0101025759e+00
6.1050635789e-01	-2.0131941958e+00
5.8850770711e-01	-2.0102123351e+00
5.8850799489e-01	-2.0101261097e+00
5.8850814951e-01	-2.0100420289e+00
5.8850954413e-01	-2.0099652545e+00
5.8851288995e-01	-2.0099028701e+00
5.8851899937e-01	-2.0098529553e+00
5.8852638048e-01	-2.0098151279e+00
5.8853431998e-01	-2.0097841235e+00
5.8854277367e-01	-2.0097564316e+00
5.8855189670e-01	-2.0097302101e+00
5.8856068032e-01	-2.0097059669e+00
5.8856886364e-01	-2.0096834071e+00
5.8857696621e-01	-2.0096615103e+00
5.8858319351e-01	-2.0096423445e+00
5.8858562658e-01	-2.0096281695e+00
5.8858055024e-01	-2.0096236006e+00
5.8855817630e-01	-2.0096409256e+00
5.8849887797e-01	-2.0097048998e+00
5.8835163501e-01	-2.0098802311e+00
5.8810938895e-01	-2.0101791582e+00
5.8770389457e-01	-2.0106644208e+00
5.8701027274e-01	-2.0114249001e+00
5.8591564244e-01	-2.0126239190e+00
5.8429283404e-01	-2.0142695149e+00
5.8424677786e-01	-2.0144055058e+00
5.8416881282e-01	-2.0145830242e+00
5.8401792735e-01	-2.0148583703e+00
5.8388143868e-01	-2.0150784470e+00
5.8374739239e-01	-2.0152859200e+00
5.8358699012e-01	-2.0154372989e+00
5.8336499227e-01	-2.0156307234e+00
5.8304019704e-01	-2.0158993615e+00
5.8270679408e-01	-2.0161514382e+00
5.8226481041e-01	-2.0164780519e+00
5.8180860417e-01	-2.0168087996e+00
5.8112050726e-01	-2.0172962236e+00
5.8027946780e-01	-2.0184368329e+00
5.7012860282e-01	-2.0172243289e+00
5.7007040381e-01	-2.0171877838e+00
5.7001028767e-01	-2.0171211071e+00
5.6994827054e-01	-2.0170411098e+00
5.6988480537e-01	-2.0169543757e+00
5.6981918228e-01	-2.0168636852e+00
5.6975233475e-01	-2.0167707329e+00
5.6968473142e-01	-2.0166763974e+00
5.6961639461e-01	-2.0165810863e+00
5.6954732475e-01	-2.0164850007e+00
5.6947751717e-01	-2.0163872496e+00
5.6940695244e-01	-2.0162887342e+00
5.6933560773e-01	-2.0161894979e+00
5.6926345261e-01	-2.0160894681e+00
5.6919045052e-01	-2.0159885443e+00
5.6911656106e-01	-2.0158866059e+00
5.6904171237e-01	-2.0157835149e+00
5.6896584371e-01	-2.0156791236e+00
5.6888892894e-01	-2.0155732730e+00
5.6881096395e-01	-2.0154658480e+00
5.6873194386e-01	-2.0153567763e+00
5.6865186592e-01	-2.0152460322e+00
5.6857073561e-01	-2.0151336280e+00
5.6848856707e-01	-2.0150196126e+00
5.6839752915e-01	-2.0149022468e+00
5.6830441876e-01	-2.0147832077e+00
5.6821039141e-01	-2.0146628820e+00
5.6811549209e-01	-2.0145414086e+00
5.6801971889e-01	-2.0144189142e+00
5.6792309843e-01	-2.0142950284e+00
5.6782563335e-01	-2.0141695195e+00
5.6772733945e-01	-2.0140433178e+00
5.6762822934e-01	-2.0139165092e+00
5.6752831168e-01	-2.0137891631e+00
5.6742759180e-01	-2.0136613348e+00
5.6732607163e-01	-2.0135330661e+00
5.6722375056e-01	-2.0134043884e+00
5.6712062572e-01	-2.0132753239e+00
5.6701665162e-01	-2.0131458802e+00
5.6691178685e-01	-2.0130160330e+00
5.6680608322e-01	-2.0128857462e+00
5.6669954547e-01	-2.0127550482e+00
5.6659217018e-01	-2.0126239682e+00
5.6648395354e-01	-2.0124925228e+00
5.6637423082e-01	-2.0123605684e+00
5.6626328261e-01	-2.0122281776e+00
5.6615151912e-01	-2.0120954436e+00
5.6603890805e-01	-2.0119623614e+00
5.6592542506e-01	-2.0118275152e+00
5.6581105287e-01	-2.0116923111e+00
5.6569578551e-01	-2.0115567554e+00
5.6557961746e-01	-2.0114208534e+00
5.6546254363e-01	-2.0112846115e+00
5.6534455915e-01	-2.0111480370e+00
5.6522565921e-01	-2.0110111378e+00
5.6510583914e-01	-2.0108739224e+00
5.6498509244e-01	-2.0107363947e+00
5.6486186703e-01	-2.0105981545e+00
5.6473120115e-01	-2.0104575470e+00
5.6459749900e-01	-2.0103102289e+00
5.6449992314e-01	-2.0101182010e+00
5.6450369124e-01	-2.0100565116e+00
5.6450727592e-01	-2.0099912853e+00
5.6451182294e-01	-2.0099317921e+00
5.6451833967e-01	-2.0098825283e+00
5.6452679321e-01	-2.0098433867e+00
5.6453595977e-01	-2.0098120219e+00
5.6454534393e-01	-2.0097850734e+00
5.6455566180e-01	-2.0097596060e+00
5.6456597497e-01	-2.0097358168e+00
5.6457577199e-01	-2.0097136112e+00
5.6458518652e-01	-2.0096924299e+00
5.6459384503e-01	-2.0096724441e+00
5.6459962220e-01	-2.0096557520e+00
5.6459994509e-01	-2.0096449767e+00
5.6458826780e-01	-2.0096470088e+00
5.6454963935e-01	-2.0096776136e+00
5.6445117334e-01	-2.0097714703e+00
5.6425420701e-01	-2.0099703666e+00
5.6391661748e-01	-2.0102966628e+00
5.6334378536e-01	-2.0108155163e+00
5.6243557373e-01	-2.0116301495e+00
5.6097534259e-01	-2.0128691704e+00
5.5864652344e-01	-2.0144923536e+00
5.5630000799e-01	-2.0158551638e+00
5.5437160768e-01	-2.0167596100e+00
5.5298788828e-01	-2.0173428225e+00
5.5176365484e-01	-2.0176980295e+00
5.5082760054e-01	-2.0179261261e+00
5.4943199827e-01	-2.0186192424e+00
5.4920518655e-01	-2.0164641346e+00
5.4915896166e-01	-2.0164148406e+00
5.4911188609e-01	-2.0163555934e+00
5.4906375792e-01	-2.0162923594e+00
5.4901474619e-01	-2.0162260122e+00
5.4896500811e-01	-2.0161580035e+00
5.4891466217e-01	-2.0160887809e+00
5.4886378362e-01	-2.0160186374e+00
5.4881241734e-01	-2.0159477759e+00
5.4876058436e-01	-2.0158763392e+00
5.4870828751e-01	-2.0158044270e+00
5.4865551454e-01	-2.0157321053e+00
5.4860224074e-01	-2.0156594111e+00
5.4854843161e-01	-2.0155863573e+00
5.4849404483e-01	-2.0155129361e+00
5.4843903218e-01	-2.0154391219e+00
5.4838334163e-01	-2.0153648756e+00
5.4832692973e-01	-2.0152901499e+00
5.4826979926e-01	-2.0152149026e+00
5.4821190169e-01	-2.0151390739e+00
5.4815316518e-01	-2.0150622695e+00
5.4809350220e-01	-2.0149842103e+00
5.4803286589e-01	-2.0149053581e+00
5.4797118514e-01	-2.0148256551e+00
5.4790837507e-01	-2.0147449991e+00
5.4784449384e-01	-2.0146633290e+00
5.4777954993e-01	-2.0145806708e+00
5.4771354825e-01	-2.0144970452e+00
5.4764649753e-01	-2.0144124686e+00
5.4757841221e-01	-2.0143269622e+00
5.4750927731e-01	-2.0142405457e+00
5.4743912022e-01	-2.0141532185e+00
5.4736799642e-01	-2.0140650402e+00
5.4729594347e-01	-2.0139760880e+00
5.4722299644e-01	-2.0138864321e+00
5.4714923544e-01	-2.0137961506e+00
5.4707475299e-01	-2.0137053226e+00
5.4699953065e-01	-2.0136133087e+00
5.4692352601e-01	-2.0135205059e+00
5.4684675529e-01	-2.0134272829e+00
5.4676737771e-01	-2.0133332144e+00
5.4667917136e-01	-2.0132367588e+00
5.4659018842e-01	-2.0131398206e+00
5.4649981046e-01	-2.0130408446e+00
5.4640300342e-01	-2.0129247778e+00
5.4641322675e-01	-2.0128537959e+00
5.4642429991e-01	-2.0128175601e+00
5.4643580933e-01	-2.0127838542e+00
5.4644835047e-01	-2.0127559050e+00
5.4646312731e-01	-2.0127326091e+00
5.4647834590e-01	-2.0127137654e+00
5.4649360625e-01	-2.0126975488e+00
5.4650932956e-01	-2.0126825895e+00
5.4652561790e-01	-2.0126682808e+00
5.4654131765e-01	-2.0126548684e+00
5.4655616810e-01	-2.0126422292e+00
5.4657116245e-01	-2.0126297400e+00
5.4658358101e-01	-2.0126186125e+00
5.4659121618e-01	-2.0126098242e+00
5.4658943655e-01	-2.0126055343e+00
5.4656536729e-01	-2.0126118009e+00
5.4649343985e-01	-2.0126406351e+00
5.4631421664e-01	-2.0127199878e+00
5.4601570575e-01	-2.0128558223e+00
5.4550573929e-01	-2.0130700703e+00
5.4465698451e-01	-2.0133909740e+00
5.4328186351e-01	-2.0138218735e+00
5.4112535219e-01	-2.0143880078e+00
5.3955104359e-01	-2.0146762197e+00
5.3813674953e-01	-2.0147507053e+00
5.3713622030e-01	-2.0147945074e+00
5.3637892001e-01	-2.0148376619e+00
5.3578906121e-01	-2.0148655495e+00
5.3488850522e-01	-2.0148522033e+00
5.3334683766e-01	-2.0146918664e+00
5.3217373368e-01	-2.0145162163e+00
5.3045259570e-01	-2.0150187353e+00
5.2128777575e-01	-2.0117480257e+00
5.2123864638e-01	-2.0117163640e+00
5.2119514543e-01	-2.0116897208e+00
5.2115481109e-01	-2.0116651204e+00
5.2111601035e-01	-2.0116413435e+00
5.2107801268e-01	-2.0116179431e+00
5.2104041952e-01	-2.0115946255e+00
5.2100298806e-01	-2.0115712327e+00
5.2096555110e-01	-2.0115476728e+00
5.2092797875e-01	-2.0115238854e+00
5.2089016066e-01	-2.0114998240e+00
5.2085199745e-01	-2.0114754478e+00
5.2081339603e-01	-2.0114507167e+00
5.2077426808e-01	-2.0114255905e+00
5.2073452828e-01	-2.0114000272e+00
5.2069409398e-01	-2.0113739824e+00
5.2064618849e-01	-2.0113455817e+00
5.2059484241e-01	-2.0113158980e+00
5.2054198787e-01	-2.0112854288e+00
5.2048819201e-01	-2.0112542966e+00
5.2043335646e-01	-2.0112223137e+00
5.2037729787e-01	-2.0111893558e+00
5.2031991398e-01	-2.0111555018e+00
5.2026111603e-01	-2.0111206832e+00
5.2020081703e-01	-2.0110848299e+00
5.2013893252e-01	-2.0110478696e+00
5.2007538142e-01	-2.0110097292e+00
5.2001008740e-01	-2.0109703352e+00
5.1994298053e-01	-2.0109296155e+00
5.1987399944e-01	-2.0108875005e+00
5.1980309382e-01	-2.0108439254e+00
5.1973022737e-01	-2.0107988332e+00
5.1965538088e-01	-2.0107521772e+00
5.1957855553e-01	-2.0107039253e+00
5.1949952583e-01	-2.0106539709e+00
5.1941761490e-01	-2.0106019932e+00
5.1933293796e-01	-2.0105481170e+00
5.1924665938e-01	-2.0104923456e+00
5.1915876177e-01	-2.0104349780e+00
5.1906913953e-01	-2.0103758517e+00
5.1897550655e-01	-2.0103113195e+00
5.1895986532e-01	-2.0102606519e+00
5.1897437924e-01	-2.0102482051e+00
5.1898923887e-01	-2.0102370515e+00
5.1900478277e-01	-2.0102281228e+00
5.1902241354e-01	-2.0102209196e+00
5.1904019748e-01	-2.0102152049e+00
5.1905785568e-01	-2.0102103815e+00
5.1907594678e-01	-2.0102060418e+00
5.1909463591e-01	-2.0102019881e+00
5.1911269867e-01	-2.0101981890e+00
5.1912995419e-01	-2.0101945694e+00
5.1914755091e-01	-2.0101910095e+00
5.1916274418e-01	-2.0101876468e+00
5.1917353113e-01	-2.0101845786e+00
5.1917596967e-01	-2.0101820327e+00
5.1915792441e-01	-2.0101807258e+00
5.1909581618e-01	-2.0101820559e+00
5.1896382329e-01	-2.0101878241e+00
5.1874134664e-01	-2.0101981143e+00
5.1837580947e-01	-2.0102099380e+00
5.1776319335e-01	-2.0101997475e+00
5.1671383565e-01	-2.0101041433e+00
5.1490391701e-01	-2.0098201468e+00
5.1254122920e-01	-2.0093720338e+00
5.1086166742e-01	-2.0089121245e+00
5.0944575824e-01	-2.0084618494e+00
5.0828313987e-01	-2.0080739746e+00
5.0740595773e-01	-2.0077676219e+00
5.0606057430e-01	-2.0072547727e+00
5.0515755991e-01	-2.0068257978e+00
5.0401176060e-01	-2.0064483307e+00
4.9900385657e-01	-2.0039843319e+00
4.9894334075e-01	-2.0040415670e+00
4.9888603900e-01	-2.0040822423e+00
4.9883092617e-01	-2.0041176469e+00
4.9877779670e-01	-2.0041495382e+00
4.9872683626e-01	-2.0041783669e+00
4.9867820729e-01	-2.0042043014e+00
4.9863213622e-01	-2.0042275557e+00
4.9858864792e-01	-2.0042485189e+00
4.9854727215e-01	-2.0042676100e+00
4.9850764367e-01	-2.0042845088e+00
4.9846950982e-01	-2.0042994425e+00
4.9843262209e-01	-2.0043126177e+00
4.9839674580e-01	-2.0043242172e+00
4.9836166469e-01	-2.0043343995e+00
4.9832718234e-01	-2.0043433003e+00
4.9829312174e-01	-2.0043510352e+00
4.9825932398e-01	-2.0043577018e+00
4.9822564654e-01	-2.0043633829e+00
4.9819196146e-01	-2.0043681482e+00
4.9815815591e-01	-2.0043720569e+00
4.9812412621e-01	-2.0043751580e+00
4.9808988729e-01	-2.0043775266e+00
4.9805551551e-01	-2.0043793284e+00
4.9802072406e-01	-2.0043806033e+00
4.9798536450e-01	-2.0043811807e+00
4.9794936954e-01	-2.0043810818e+00
4.9791267611e-01	-2.0043803241e+00
4.9787522441e-01	-2.0043789218e+00
4.9783695760e-01	-2.0043768856e+00
4.9779446337e-01	-2.0043732249e+00
4.9774642373e-01	-2.0043675684e+00
4.9769740465e-01	-2.0043612923e+00
4.9764734117e-01	-2.0043543932e+00
4.9759616846e-01	-2.0043468654e+00
4.9754382105e-01	-2.0043387010e+00
4.9749023021e-01	-2.0043298897e+00
4.9743530055e-01	-2.0043204208e+00
4.9737867070e-01	-2.0043102953e+00
4.9731777980e-01	-2.0042996637e+00
4.9735101872e-01	-2.0043151227e+00
4.9737452651e-01	-2.0043246688e+00
4.9739793243e-01	-2.0043339177e+00
4.9742160195e-01	-2.0043429081e+00
4.9744714218e-01	-2.0043522613e+00
4.9747236394e-01	-2.0043613007e+00
4.9749710218e-01	-2.0043700517e+00
4.9752236216e-01	-2.0043789005e+00
4.9754802746e-01	-2.0043878302e+00
4.9757279971e-01	-2.0043964201e+00
4.9759622616e-01	-2.0044045679e+00
4.9761988345e-01	-2.0044127711e+00
4.9764078522e-01	-2.0044200321e+00
4.9765678820e-01	-2.0044256399e+00
4.9766390679e-01	-2.0044282672e+00
4.9764843935e-01	-2.0044233383e+00
4.9758388802e-01	-2.0044019621e+00
4.9745955673e-01	-2.0043604253e+00
4.9724351589e-01	-2.0042877709e+00
4.9688351855e-01	-2.0041653270e+00
4.9629277067e-01	-2.0039608263e+00
4.9530866811e-01	-2.0036106455e+00
4.9372267002e-01	-2.0030044317e+00
4.9183716492e-01	-2.0019975459e+00
4.9171770847e-01	-2.0018723098e+00
4.9170659953e-01	-2.0018237464e+00
4.9167577261e-01	-2.0017725123e+00
4.9159919796e-01	-2.0016849929e+00
4.9146599154e-01	-2.0015613704e+00
4.9127346691e-01	-2.0014344935e+00
4.9092941491e-01	-2.0012286402e+00
4.9036827883e-01	-2.0009165513e+00
4.8942501771e-01	-2.0004302631e+00
4.8792133023e-01	-1.9996930947e+00
4.8555402035e-01	-1.9985297936e+00
4.8377752649e-01	-1.9975889778e+00
4.8250013826e-01	-1.9967649196e+00
4.8175008992e-01	-1.9958848855e+00
4.8158365834e-01	-1.9947543502e+00
4.8122693452e-01	-1.9947553164e+00
4.7029960685e-01	-1.9936968328e+00
4.7017701183e-01	-1.9938859401e+00
4.7004939545e-01	-1.9940575961e+00
4.6993734389e-01	-1.9942224033e+00
4.6984458202e-01	-1.9943657380e+00
4.6976803676e-01	-1.9944890382e+00
4.6970325483e-01	-1.9945935804e+00
4.6964719506e-01	-1.9946827749e+00
4.6959762592e-01	-1.9947602351e+00
4.6955293894e-01	-1.9948286126e+00
4.6951196402e-01	-1.9948898217e+00
4.6947384738e-01	-1.9949452548e+00
4.6943790789e-01	-1.9949959281e+00
4.6940364698e-01	-1.9950426438e+00
4.6937077340e-01	-1.9950860483e+00
4.6933899400e-01	-1.9951270244e+00
4.6930789083e-01	-1.9951661482e+00
4.6927720964e-01	-1.9952030048e+00
4.6924676684e-01	-1.9952378506e+00
4.6921640673e-01	-1.9952708975e+00
4.6918599594e-01	-1.9953023223e+00
4.6915541930e-01	-1.9953322736e+00
4.6912457653e-01	-1.9953608772e+00
4.6909337954e-01	-1.9953882405e+00
4.6906175041e-01	-1.9954144552e+00
4.6902961954e-01	-1.9954396010e+00
4.6899692460e-01	-1.9954637464e+00
4.6896360908e-01	-1.9954869515e+00
4.6892962151e-01	-1.9955092688e+00
4.6889491466e-01	-1.9955307443e+00
4.6885944480e-01	-1.9955514191e+00
4.6882317131e-01	-1.9955713292e+00
4.6878605582e-01	-1.9955905072e+00
4.6874806230e-01	-1.9956089822e+00
4.6870916215e-01	-1.9956267822e+00
4.6866946644e-01	-1.9956439791e+00
4.6862899434e-01	-1.9956612105e+00
4.6858751257e-01	-1.9956779952e+00
4.6854499015e-01	-1.9956941766e+00
4.6850139626e-01	-1.9957097733e+00
4.6845669996e-01	-1.9957248033e+00
4.6841086991e-01	-1.9957392836e+00
4.6836387409e-01	-1.9957532310e+00
4.6831567958e-01	-1.9957666618e+00
4.6826625218e-01	-1.9957795925e+00
4.6821555554e-01	-1.9957920408e+00
4.6816354454e-01	-1.9958040365e+00
4.6811009902e-01	-1.9958157390e+00
4.6805438987e-01	-1.9958285991e+00
4.6806912160e-01	-1.9958733202e+00
4.6809718283e-01	-1.9958943625e+00
4.6812494441e-01	-1.9959142942e+00
4.6815267833e-01	-1.9959329117e+00
4.6818232220e-01	-1.9959515373e+00
4.6821143720e-01	-1.9959691312e+00
4.6823991243e-01	-1.9959859459e+00
4.6826899561e-01	-1.9960028220e+00
4.6829842762e-01	-1.9960197182e+00
4.6832686795e-01	-1.9960359998e+00
4.6835459072e-01	-1.9960518554e+00
4.6838246031e-01	-1.9960677620e+00
4.6840733525e-01	-1.9960821029e+00
4.6842706153e-01	-1.9960937676e+00
4.6843687605e-01	-1.9961002799e+00
4.6842158046e-01	-1.9960937303e+00
4.6835001332e-01	-1.9960579499e+00
4.6821166117e-01	-1.9959873011e+00
4.6797325794e-01	-1.9958651994e+00
4.6757708792e-01	-1.9956626460e+00
4.6692908952e-01	-1.9953318710e+00
4.6587997311e-01	-1.9947930820e+00
4.6420961593e-01	-1.9939114062e+00
4.6170911212e-01	-1.9923052761e+00
4.6104771468e-01	-1.9909367225e+00
4.6060680548e-01	-1.9897970284e+00
4.6003013686e-01	-1.9892086453e+00
4.5953405595e-01	-1.9888034814e+00
4.5912834708e-01	-1.9885017231e+00
4.5847076902e-01	-1.9880412510e+00
4.5741054710e-01	-1.9873373939e+00
4.5572554886e-01	-1.9862621383e+00
4.5522759942e-01	-1.9859255872e+00
4.5491016450e-01	-1.9856814714e+00
4.5421989750e-01	-1.9852277451e+00
4.5302422713e-01	-1.9844682823e+00
4.5113749181e-01	-1.9832640428e+00
4.4847138215e-01	-1.9818069139e+00
4.4559557258e-01	-1.9806891189e+00
4.4559654607e-01	-1.9807321962e+00
4.4559470777e-01	-1.9807775671e+00
4.4559139806e-01	-1.9808267245e+00
4.4558698822e-01	-1.9808775355e+00
4.4558164847e-01	-1.9809288880e+00
4.4557545638e-01	-1.9809802406e+00
4.4556844514e-01	-1.9810313257e+00
4.4556062702e-01	-1.9810820056e+00
4.4555200458e-01	-1.9811322040e+00
4.4554257552e-01	-1.9811818759e+00
4.4553233509e-01	-1.9812309932e+00
4.4552127714e-01	-1.9812795373e+00
4.4550939454e-01	-1.9813274970e+00
4.4549667952e-01	-1.9813748657e+00
4.4548312372e-01	-1.9814216409e+00
4.4546871840e-01	-1.9814678231e+00
4.4545345448e-01	-1.9815134150e+00
4.4543732285e-01	-1.9815584203e+00
4.4542031424e-01	-1.9816028438e+00
4.4540241923e-01	-1.9816466911e+00
4.4538362842e-01	-1.9816899677e+00
4.4536393434e-01	-1.9817326794e+00
4.4534336525e-01	-1.9817748453e+00
4.4532197383e-01	-1.9818164920e+00
4.4529970357e-01	-1.9818589780e+00
4.4527649040e-01	-1.9819009498e+00
4.4525232477e-01	-1.9819423681e+00
4.4522719706e-01	-1.9819832371e+00
4.4520109752e-01	-1.9820235605e+00
4.4517401624e-01	-1.9820633418e+00
4.4514594308e-01	-1.9821025846e+00
4.4511686759e-01	-1.9821412924e+00
4.4508677910e-01	-1.9821794689e+00
4.4505566657e-01	-1.9822171178e+00
4.4502351848e-01	-1.9822542431e+00
4.4499032284e-01	-1.9822908494e+00
4.4495606727e-01	-1.9823269413e+00
4.4492073868e-01	-1.9823625240e+00
4.4488432337e-01	-1.9823976035e+00
4.4484680687e-01	-1.9824321863e+00
4.4480817403e-01	-1.9824662796e+00
4.4476840863e-01	-1.9824998916e+00
4.4472749362e-01	-1.9825330315e+00
4.4468541066e-01	-1.9825657094e+00
4.4464214036e-01	-1.9825979368e+00
4.4459766180e-01	-1.9826297267e+00
4.4455195257e-01	-1.9826610934e+00
4.4450499114e-01	-1.9826920541e+00
4.4445694843e-01	-1.9827229485e+00
4.4440773209e-01	-1.9827549421e+00
4.4435716484e-01	-1.9827866408e+00
4.4430508837e-01	-1.9828185675e+00
4.4425038239e-01	-1.9828552896e+00
4.4428724462e-01	-1.9829178799e+00
4.4431700897e-01	-1.9829477862e+00
4.4434634905e-01	-1.9829759450e+00
4.4437571053e-01	-1.9830024077e+00
4.4440666533e-01	-1.9830286866e+00
4.4443698364e-01	-1.9830535283e+00
4.4446659608e-01	-1.9830772757e+00
4.4449712332e-01	-1.9831013101e+00
4.4452768379e-01	-1.9831251419e+00
4.4455723839e-01	-1.9831481438e+00
4.4458648208e-01	-1.9831708653e+00
4.4461556994e-01	-1.9831934543e+00
4.4464176993e-01	-1.9832140404e+00
4.4466338017e-01	-1.9832314562e+00
4.4467514770e-01	-1.9832420559e+00
4.4466253961e-01	-1.9832357363e+00
4.4461399016e-01	-1.9832040459e+00
4.4451823917e-01	-1.9831394683e+00
4.4435060648e-01	-1.9830256419e+00
4.4407002458e-01	-1.9828354571e+00
4.4361042757e-01	-1.9825258630e+00
4.4286878844e-01	-1.9820332275e+00
4.4168446333e-01	-1.9812552015e+00
4.3981741982e-01	-1.9800194037e+00
4.3716757632e-01	-1.9782328429e+00
4.3531279889e-01	-1.9768690611e+00
4.3382319515e-01	-1.9757033813e+00
4.3272844142e-01	-1.9746026041e+00
4.3241260720e-01	-1.9733428963e+00
4.3262286947e-01	-1.9734233286e+00
4.3281964212e-01	-1.9730817839e+00
4.3289398051e-01	-1.9724501629e+00
4.3300989390e-01	-1.9714418038e+00
4.3318943232e-01	-1.9698659089e+00
4.3308781442e-01	-1.9695799905e+00
4.3298200677e-01	-1.9694523819e+00
4.3280954175e-01	-1.9692580523e+00
4.3252785122e-01	-1.9689656889e+00
4.3206377697e-01	-1.9685280228e+00
4.3128274716e-01	-1.9682388171e+00
4.3029508205e-01	-1.9668343856e+00
4.3031610473e-01	-1.9668707494e+00
4.3032617441e-01	-1.9669099256e+00
4.3033067756e-01	-1.9669787821e+00
4.3033116364e-01	-1.9670632456e+00
4.3032817286e-01	-1.9671565283e+00
4.3032162176e-01	-1.9672563216e+00
4.3031101838e-01	-1.9673624980e+00
4.3029549122e-01	-1.9674761623e+00
4.3027364533e-01	-1.9675994818e+00
4.3024315776e-01	-1.9677360884e+00
4.3019972792e-01	-1.9678923422e+00
4.3013380945e-01	-1.9680809800e+00
4.3001451424e-01	-1.9683381776e+00
4.2956110246e-01	-1.9688475203e+00
4.2888760338e-01	-1.9703398132e+00
4.2859893148e-01	-1.9716198515e+00
4.2853152571e-01	-1.9719518810e+00
4.2849896832e-01	-1.9721169721e+00
4.2847570111e-01	-1.9722355116e+00
4.2845624645e-01	-1.9723357481e+00
4.2843884529e-01	-1.9724261907e+00
4.2842271286e-01	-1.9725099674e+00
4.2840739107e-01	-1.9725885922e+00
4.2839227607e-01	-1.9726628766e+00
4.2837049144e-01	-1.9727308708e+00
4.2834875653e-01	-1.9727957756e+00
4.2832692161e-01	-1.9728579817e+00
4.2830486316e-01	-1.9729178036e+00
4.2828247775e-01	-1.9729754982e+00
4.2825967776e-01	-1.9730312779e+00
4.2823459980e-01	-1.9730846187e+00
4.2820754050e-01	-1.9731358111e+00
4.2817993747e-01	-1.9731855659e+00
4.2815178031e-01	-1.9732350183e+00
4.2812291497e-01	-1.9732835871e+00
4.2809330285e-01	-1.9733309435e+00
4.2806290958e-01	-1.9733771578e+00
4.2803170406e-01	-1.9734222906e+00
4.2799965808e-01	-1.9734663945e+00
4.2796674603e-01	-1.9735095147e+00
4.2793294429e-01	-1.9735516910e+00
4.2789823116e-01	-1.9735929577e+00
4.2786258649e-01	-1.9736333449e+00
4.2782599149e-01	-1.9736728787e+00
4.2778842857e-01	-1.9737115817e+00
4.2774988116e-01	-1.9737494738e+00
4.2771033354e-01	-1.9737865724e+00
4.2766977058e-01	-1.9738228935e+00
4.2762817555e-01	-1.9738584598e+00
4.2758550940e-01	-1.9738933859e+00
4.2754150475e-01	-1.9739287384e+00
4.2750680190e-01	-1.9739771626e+00
4.2755392229e-01	-1.9740223830e+00
4.2758537819e-01	-1.9740534043e+00
4.2761641231e-01	-1.9740825482e+00
4.2764765015e-01	-1.9741101684e+00
4.2768031099e-01	-1.9741375683e+00
4.2771229107e-01	-1.9741635781e+00
4.2774352970e-01	-1.9741885088e+00
4.2777598038e-01	-1.9742139661e+00
4.2780819694e-01	-1.9742390264e+00
4.2783938002e-01	-1.9742632085e+00
4.2787057446e-01	-1.9742873032e+00
4.2790126438e-01	-1.9743109783e+00
4.2792891229e-01	-1.9743324757e+00
4.2795190637e-01	-1.9743506821e+00
4.2796377740e-01	-1.9743610742e+00
4.2794892778e-01	-1.9743527300e+00
4.2789895521e-01	-1.9743192551e+00
4.2780135104e-01	-1.9742520830e+00
4.2763100740e-01	-1.9741335525e+00
4.2734674223e-01	-1.9739342150e+00
4.2688309771e-01	-1.9736063487e+00
4.2613833049e-01	-1.9730729337e+00
4.2495742850e-01	-1.9722056925e+00
4.2311492075e-01	-1.9707628900e+00
4.2125852460e-01	-1.9682822906e+00
4.2149911436e-01	-1.9681385340e+00
4.2172101471e-01	-1.9682283862e+00
4.2179442146e-01	-1.9678575171e+00
4.2186799317e-01	-1.9672535428e+00
4.2198261569e-01	-1.9662879297e+00
4.2216050474e-01	-1.9647826081e+00
4.2209154076e-01	-1.9643838114e+00
4.2198671353e-01	-1.9642534084e+00
4.2181550404e-01	-1.9640546823e+00
4.2153546186e-01	-1.9637556085e+00
4.2107837509e-01	-1.9633095720e+00
4.2033665697e-01	-1.9626479454e+00
4.1914853744e-01	-1.9619297521e+00
4.1876930485e-01	-1.9616482794e+00
4.1879689257e-01	-1.9616791013e+00
4.1881460714e-01	-1.9617107653e+00
4.1882767845e-01	-1.9617686869e+00
4.1883789952e-01	-1.9618386353e+00
4.1884603427e-01	-1.9619139780e+00
4.1885234052e-01	-1.9619922370e+00
4.1885680725e-01	-1.9620731176e+00
4.1885928146e-01	-1.9621579146e+00
4.1885954873e-01	-1.9622451275e+00
4.1885733161e-01	-1.9623352294e+00
4.1885226670e-01	-1.9624288636e+00
4.1884387231e-01	-1.9625268738e+00
4.1883149183e-01	-1.9626303741e+00
4.1881208817e-01	-1.9627400245e+00
4.1878092510e-01	-1.9628566441e+00
4.1874143811e-01	-1.9629859228e+00
4.1868969555e-01	-1.9631335359e+00
4.1861733289e-01	-1.9633103449e+00
4.1849990107e-01	-1.9635435358e+00
4.1818291557e-01	-1.9639408176e+00
4.1757647904e-01	-1.9648621365e+00
4.1710685051e-01	-1.9665798707e+00
4.1698916570e-01	-1.9670805245e+00
4.1693442132e-01	-1.9672950824e+00
4.1689617047e-01	-1.9674330708e+00
4.1686403850e-01	-1.9675407049e+00
4.1683486301e-01	-1.9676339461e+00
4.1680736862e-01	-1.9677185607e+00
4.1678090574e-01	-1.9677970576e+00
4.1675507342e-01	-1.9678707689e+00
4.1672959007e-01	-1.9679405334e+00
4.1670424193e-01	-1.9680069454e+00
4.1667885965e-01	-1.9680704553e+00
4.1665330503e-01	-1.9681314189e+00
4.1662746337e-01	-1.9681901235e+00
4.1660091151e-01	-1.9682466688e+00
4.1657144930e-01	-1.9683003717e+00
4.1654146852e-01	-1.9683524158e+00
4.1651100514e-01	-1.9684030017e+00
4.1647994515e-01	-1.9684536570e+00
4.1644818339e-01	-1.9685029681e+00
4.1641567867e-01	-1.9685510230e+00
4.1638239442e-01	-1.9685978967e+00
4.1634829788e-01	-1.9686436533e+00
4.1631335933e-01	-1.9686883485e+00
4.1627755190e-01	-1.9687320301e+00
4.1624085107e-01	-1.9687747391e+00
4.1620323434e-01	-1.9688165113e+00
4.1616468096e-01	-1.9688573774e+00
4.1612517168e-01	-1.9688973639e+00
4.1608468856e-01	-1.9689364936e+00
4.1604321475e-01	-1.9689747865e+00
4.1600073438e-01	-1.9690122593e+00
4.1595723235e-01	-1.9690489269e+00
4.1591269427e-01	-1.9690848018e+00
4.1586710632e-01	-1.9691198949e+00
4.1582045512e-01	-1.9691542155e+00
4.1577272768e-01	-1.9691877717e+00
4.1572391134e-01	-1.9692205704e+00
4.1567399357e-01	-1.9692526177e+00
4.1562296991e-01	-1.9692839223e+00
4.1557099924e-01	-1.9693151588e+00
4.1551792811e-01	-1.9693466030e+00
4.1546363271e-01	-1.9693775884e+00
4.1540747570e-01	-1.9694106656e+00
4.1542777211e-01	-1.9694871839e+00
4.1545908786e-01	-1.9695200805e+00
4.1548998098e-01	-1.9695510732e+00
4.1552097967e-01	-1.9695803309e+00
4.1555356168e-01	-1.9696094053e+00
4.1558547910e-01	-1.9696369524e+00
4.1561665880e-01	-1.9696633236e+00
4.1564904696e-01	-1.9696902274e+00
4.1568120813e-01	-1.9697167101e+00
4.1571232368e-01	-1.9697422565e+00
4.1574353418e-01	-1.9697677736e+00
4.1577412877e-01	-1.9697927667e+00
4.1580162540e-01	-1.9698154212e+00
4.1582445315e-01	-1.9698345858e+00
4.1583551787e-01	-1.9698450107e+00
4.1581855687e-01	-1.9698346474e+00
4.1576524453e-01	-1.9697967513e+00
4.1566238553e-01	-1.9697218063e+00
4.1548383212e-01	-1.9695903934e+00
4.1518665527e-01	-1.9693702072e+00
4.1470269415e-01	-1.9690091555e+00
4.1392711440e-01	-1.9684294099e+00
4.1269909582e-01	-1.9674982859e+00
4.1078649545e-01	-1.9659812352e+00
4.0870996734e-01	-1.9640290287e+00
4.0822779076e-01	-1.9624853763e+00
4.0844954027e-01	-1.9625812697e+00
4.0867159697e-01	-1.9622933269e+00
4.0874697547e-01	-1.9617191184e+00
4.0886457680e-01	-1.9607970444e+00
4.0904779257e-01	-1.9593614781e+00
4.0902363327e-01	-1.9588604453e+00
4.0892740053e-01	-1.9587300166e+00
4.0876884160e-01	-1.9585310622e+00
4.0850855641e-01	-1.9582318521e+00
4.0808210011e-01	-1.9577857560e+00
4.0738869971e-01	-1.9571244472e+00
4.0627487872e-01	-1.9561433764e+00
4.0470202799e-01	-1.9551723713e+00
4.0491976270e-01	-1.9534215467e+00
4.0493786234e-01	-1.9534607670e+00
4.0495082435e-01	-1.9535161383e+00
4.0496109735e-01	-1.9535834814e+00
4.0496955857e-01	-1.9536562736e+00
4.0497659120e-01	-1.9537315675e+00
4.0498234110e-01	-1.9538081132e+00
4.0498684689e-01	-1.9538854013e+00
4.0499009788e-01	-1.9539632399e+00
4.0499205809e-01	-1.9540415790e+00
4.0499267521e-01	-1.9541204390e+00
4.0499188283e-01	-1.9541998837e+00
4.0498959979e-01	-1.9542800147e+00
4.0498572778e-01	-1.9543609692e+00
4.0498015084e-01	-1.9544429286e+00
4.0497276589e-01	-1.9545261392e+00
4.0496340091e-01	-1.9546123588e+00
4.0495178680e-01	-1.9547016118e+00
4.0493764509e-01	-1.9547932998e+00
4.0492061778e-01	-1.9548880363e+00
4.0490023349e-01	-1.9549866232e+00
4.0487585273e-01	-1.9550901353e+00
4.0484657333e-01	-1.9552000630e+00
4.0481105595e-01	-1.9553185658e+00
4.0476716879e-01	-1.9554489656e+00
4.0471115493e-01	-1.9555968349e+00
4.0463523804e-01	-1.9557728441e+00
4.0451775828e-01	-1.9560042750e+00
4.0421550164e-01	-1.9564056112e+00
4.0358837127e-01	-1.9570643606e+00
4.0300488816e-01	-1.9588598205e+00
4.0285370707e-01	-1.9594320061e+00
4.0279472148e-01	-1.9596112149e+00
4.0275021514e-01	-1.9597344212e+00
4.0271103600e-01	-1.9598381554e+00
4.0267493239e-01	-1.9599310711e+00
4.0264087597e-01	-1.9600161886e+00
4.0260821817e-01	-1.9600951566e+00
4.0257649458e-01	-1.9601690870e+00
4.0254535442e-01	-1.9602387942e+00
4.0251452437e-01	-1.9603048979e+00
4.0248378692e-01	-1.9603678804e+00
4.0245296554e-01	-1.9604281252e+00
4.0242191491e-01	-1.9604859408e+00
4.0239051392e-01	-1.9605415787e+00
4.0235866021e-01	-1.9605952463e+00
4.0232626849e-01	-1.9606471161e+00
4.0229341289e-01	-1.9606977293e+00
4.0225995581e-01	-1.9607480377e+00
4.0222575852e-01	-1.9607968826e+00
4.0219077141e-01	-1.9608443541e+00
4.0215495027e-01	-1.9608905293e+00
4.0211825562e-01	-1.9609354748e+00
4.0208065000e-01	-1.9609792555e+00
4.0204207957e-01	-1.9610220088e+00
4.0200229273e-01	-1.9610646882e+00
4.0195962165e-01	-1.9611144062e+00
4.0201798900e-01	-1.9611788924e+00
4.0205212726e-01	-1.9612153464e+00
4.0208582280e-01	-1.9612496740e+00
4.0211990799e-01	-1.9612825642e+00
4.0215530994e-01	-1.9613152136e+00
4.0218997212e-01	-1.9613463337e+00
4.0222383169e-01	-1.9613762341e+00
4.0225934500e-01	-1.9614070916e+00
4.0229421885e-01	-1.9614371861e+00
4.0232797022e-01	-1.9614662267e+00
4.0236223065e-01	-1.9614955554e+00
4.0239531642e-01	-1.9615238748e+00
4.0242494884e-01	-1.9615494158e+00
4.0244952550e-01	-1.9615709256e+00
4.0245997797e-01	-1.9615812729e+00
4.0243781042e-01	-1.9615658888e+00
4.0237396263e-01	-1.9615170184e+00
4.0225275732e-01	-1.9614224951e+00
4.0204403412e-01	-1.9612580781e+00
4.0169851291e-01	-1.9609832220e+00
4.0113919389e-01	-1.9605317351e+00
4.0024875220e-01	-1.9597918514e+00
3.9887445892e-01	-1.9585615831e+00
3.9756578718e-01	-1.9562186721e+00
3.9780964320e-01	-1.9562258166e+00
3.9802112837e-01	-1.9563233753e+00
3.9809039535e-01	-1.9559880358e+00
3.9817706777e-01	-1.9554479402e+00
3.9831212680e-01	-1.9545782837e+00
3.9852308074e-01	-1.9532256092e+00
3.9854575309e-01	-1.9526274069e+00
3.9845797006e-01	-1.9524972247e+00
3.9831325701e-01	-1.9522989743e+00
3.9807421278e-01	-1.9520008788e+00
3.9768025092e-01	-1.9515565512e+00
3.9703599580e-01	-1.9508968710e+00
3.9599661797e-01	-1.9499196511e+00
3.9452763794e-01	-1.9485930195e+00
3.9309316043e-01	-1.9476107133e+00
3.9010081860e-01	-1.9463461560e+00
3.9011350333e-01	-1.9463854206e+00
3.9012108610e-01	-1.9464412206e+00
3.9012606943e-01	-1.9465093066e+00
3.9012934847e-01	-1.9465824351e+00
3.9013131768e-01	-1.9466576513e+00
3.9013213732e-01	-1.9467336951e+00
3.9013186523e-01	-1.9468100324e+00
3.9013051483e-01	-1.9468864350e+00
3.9012807931e-01	-1.9469628036e+00
3.9012454107e-01	-1.9470390993e+00
3.9011987530e-01	-1.9471153136e+00
3.9011405081e-01	-1.9471914615e+00
3.9010703002e-01	-1.9472675759e+00
3.9009876837e-01	-1.9473437077e+00
3.9008921338e-01	-1.9474199265e+00
3.9007830358e-01	-1.9474963202e+00
3.9006596683e-01	-1.9475729986e+00
3.9005211815e-01	-1.9476500961e+00
3.9003665711e-01	-1.9477277751e+00
3.9001946408e-01	-1.9478062321e+00
3.9000040965e-01	-1.9478857121e+00
3.8997936610e-01	-1.9479665783e+00
3.8995609096e-01	-1.9480517499e+00
3.8993028550e-01	-1.9481391223e+00
3.8990160718e-01	-1.9482292859e+00
3.8986960898e-01	-1.9483230047e+00
3.8983368969e-01	-1.9484212968e+00
3.8979301124e-01	-1.9485255609e+00
3.8974634831e-01	-1.9486378035e+00
3.8969179060e-01	-1.9487610708e+00
3.8962607350e-01	-1.9489003732e+00
3.8954276131e-01	-1.9490650174e+00
3.8942553132e-01	-1.9492764389e+00
3.8919377481e-01	-1.9496212726e+00
3.8857986188e-01	-1.9501648678e+00
3.8792567377e-01	-1.9518331584e+00
3.8769772986e-01	-1.9526350973e+00
3.8762106706e-01	-1.9528093496e+00
3.8756002666e-01	-1.9529304490e+00
3.8750485721e-01	-1.9530326831e+00
3.8745329493e-01	-1.9531233741e+00
3.8740417206e-01	-1.9532054770e+00
3.8735671470e-01	-1.9532808026e+00
3.8731036772e-01	-1.9533506088e+00
3.8726471568e-01	-1.9534158149e+00
3.8721943874e-01	-1.9534771136e+00
3.8717428482e-01	-1.9535350397e+00
3.8712905132e-01	-1.9535900139e+00
3.8708357292e-01	-1.9536423722e+00
3.8703771256e-01	-1.9536923867e+00
3.8699135530e-01	-1.9537402800e+00
3.8694441094e-01	-1.9537862410e+00
3.8689698960e-01	-1.9538313676e+00
3.8684878583e-01	-1.9538758961e+00
3.8679910662e-01	-1.9539216568e+00
3.8682219161e-01	-1.9540174779e+00
3.8685642432e-01	-1.9540575225e+00
3.8689021500e-01	-1.9540953406e+00
3.8692413118e-01	-1.9541313712e+00
3.8695964947e-01	-1.9541674052e+00
3.8699443168e-01	-1.9542017377e+00
3.8702841285e-01	-1.9542347078e+00
3.8706389948e-01	-1.9542685717e+00
3.8709891524e-01	-1.9543017253e+00
3.8713281724e-01	-1.9543337129e+00
3.8716720263e-01	-1.9543659737e+00
3.8720052469e-01	-1.9543972089e+00
3.8723048048e-01	-1.9544254688e+00
3.8725559065e-01	-1.9544494953e+00
3.8726682351e-01	-1.9544615455e+00
3.8724656668e-01	-1.9544464506e+00
3.8718628957e-01	-1.9543962203e+00
3.8707106177e-01	-1.9542981567e+00
3.8687219942e-01	-1.9541268048e+00
3.8654301444e-01	-1.9538392209e+00
3.8601122333e-01	-1.9533637568e+00
3.8517344760e-01	-1.9525827765e+00
3.8393591641e-01	-1.9511777905e+00
3.8363866000e-01	-1.9497709710e+00
3.8387204115e-01	-1.9498869454e+00
3.8407195408e-01	-1.9496360564e+00
3.8415600662e-01	-1.9491249781e+00
3.8428694125e-01	-1.9483003926e+00
3.8449199655e-01	-1.9470202888e+00
3.8455528647e-01	-1.9463226631e+00
3.8447404934e-01	-1.9461914960e+00
3.8433965722e-01	-1.9459920095e+00
3.8411670442e-01	-1.9456922414e+00
3.8374772434e-01	-1.9452455510e+00
3.8314204448e-01	-1.9445815251e+00
3.8216188339e-01	-1.9435984399e+00
3.8077844039e-01	-1.9422679316e+00
3.7942848444e-01	-1.9411242419e+00
3.7904879722e-01	-1.9408035201e+00
3.7905983347e-01	-1.9408448118e+00
3.7906683979e-01	-1.9409058459e+00
3.7907160394e-01	-1.9409766381e+00
3.7907486088e-01	-1.9410513108e+00
3.7907689333e-01	-1.9411272219e+00
3.7907779534e-01	-1.9412035741e+00
3.7907758531e-01	-1.9412800962e+00
3.7907625125e-01	-1.9413567208e+00
3.7907376859e-01	-1.9414334547e+00
3.7907010701e-01	-1.9415103282e+00
3.7906523281e-01	-1.9415873764e+00
3.7905910928e-01	-1.9416646315e+00
3.7905169601e-01	-1.9417421240e+00
3.7904294723e-01	-1.9418198881e+00
3.7903281039e-01	-1.9418979638e+00
3.7902122361e-01	-1.9419764060e+00
3.7900811296e-01	-1.9420552916e+00
3.7899338982e-01	-1.9421347233e+00
3.7897694670e-01	-1.9422148402e+00
3.7895865272e-01	-1.9422958232e+00
3.7893836763e-01	-1.9423779169e+00
3.7891593062e-01	-1.9424614373e+00
3.7889107171e-01	-1.9425493728e+00
3.7886344210e-01	-1.9426398537e+00
3.7883263189e-01	-1.9427333572e+00
3.7879809560e-01	-1.9428307526e+00
3.7875908366e-01	-1.9429332195e+00
3.7871452144e-01	-1.9430424159e+00
3.7866278042e-01	-1.9431607854e+00
3.7860119363e-01	-1.9432921730e+00
3.7852485411e-01	-1.9434432434e+00
3.7842283921e-01	-1.9436274651e+00
3.7825917211e-01	-1.9438846186e+00
3.7764104222e-01	-1.9444379084e+00
3.7692468676e-01	-1.9459814282e+00
3.7663988507e-01	-1.9469774706e+00
3.7655125035e-01	-1.9472013881e+00
3.7648672119e-01	-1.9473350508e+00
3.7642976059e-01	-1.9474424030e+00
3.7637690018e-01	-1.9475361173e+00
3.7632669344e-01	-1.9476204438e+00
3.7627827409e-01	-1.9476975444e+00
3.7623104142e-01	-1.9477688178e+00
3.7618455221e-01	-1.9478352602e+00
3.7613846707e-01	-1.9478976145e+00
3.7609252013e-01	-1.9479564493e+00
3.7604649837e-01	-1.9480122096e+00
3.7600022855e-01	-1.9480652488e+00
3.7595356757e-01	-1.9481158520e+00
3.7590639646e-01	-1.9481642505e+00
3.7585870773e-01	-1.9482106823e+00
3.7581049205e-01	-1.9482568007e+00
3.7576150073e-01	-1.9483013640e+00
3.7571166989e-01	-1.9483442760e+00
3.7566094374e-01	-1.9483856324e+00
3.7560927313e-01	-1.9484255141e+00
3.7555661445e-01	-1.9484639896e+00
3.7550292860e-01	-1.9485011174e+00
3.7544817908e-01	-1.9485369519e+00
3.7539231993e-01	-1.9485715886e+00
3.7533517261e-01	-1.9486056249e+00
3.7527544380e-01	-1.9486440629e+00
3.7531772598e-01	-1.9487238189e+00
3.7535176333e-01	-1.9487644460e+00
3.7538537966e-01	-1.9488027291e+00
3.7541956746e-01	-1.9488395836e+00
3.7545507544e-01	-1.9488761807e+00
3.7549000453e-01	-1.9489112452e+00
3.7552430334e-01	-1.9489451295e+00
3.7556070677e-01	-1.9489805110e+00
3.7559610114e-01	-1.9490147276e+00
3.7563034261e-01	-1.9490477524e+00
3.7566563582e-01	-1.9490815891e+00
3.7569897377e-01	-1.9491136125e+00
3.7572842507e-01	-1.9491421435e+00
3.7575220903e-01	-1.9491656116e+00
3.7575811959e-01	-1.9491732526e+00
3.7573373518e-01	-1.9491536862e+00
3.7567255136e-01	-1.9491010899e+00
3.7555782097e-01	-1.9490007860e+00
3.7536050280e-01	-1.9488266464e+00
3.7503367803e-01	-1.9485356684e+00
3.7450407656e-01	-1.9480582459e+00
3.7366019274e-01	-1.9472795860e+00
3.7235097391e-01	-1.9460003442e+00
3.7080623809e-01	-1.9436542440e+00
3.7102024916e-01	-1.9432407714e+00
3.7124723173e-01	-1.9433620801e+00
3.7135463478e-01	-1.9430849663e+00
3.7143560219e-01	-1.9426009914e+00
3.7156198616e-01	-1.9418197644e+00
3.7176000261e-01	-1.9406046161e+00
3.7185966045e-01	-1.9398195400e+00
3.7178407987e-01	-1.9396868075e+00
3.7165828031e-01	-1.9394848242e+00
3.7144859644e-01	-1.9391815469e+00
3.7110015636e-01	-1.9387299228e+00
3.7052645781e-01	-1.9380583100e+00
3.6959602581e-01	-1.9370648585e+00
3.6828631980e-01	-1.9357256952e+00
3.6700439095e-01	-1.9346400402e+00
3.6626429731e-01	-1.9341929798e+00
3.6627631752e-01	-1.9342433267e+00
3.6628436923e-01	-1.9343125089e+00
3.6629022764e-01	-1.9343900158e+00
3.6629457226e-01	-1.9344706206e+00
3.6629765644e-01	-1.9345523945e+00
3.6629955959e-01	-1.9346346254e+00
3.6630029274e-01	-1.9347170670e+00
3.6629983941e-01	-1.9347996449e+00
3.6629817115e-01	-1.9348823485e+00
3.6629525263e-01	-1.9349651872e+00
3.6629104257e-01	-1.9350481821e+00
3.6628549290e-01	-1.9351313615e+00
3.6627854681e-01	-1.9352147689e+00
3.6627013667e-01	-1.9352984645e+00
3.6626018090e-01	-1.9353825349e+00
3.6624858080e-01	-1.9354670975e+00
3.6623521613e-01	-1.9355523091e+00
3.6621993983e-01	-1.9356383722e+00
3.6620258720e-01	-1.9357255560e+00
3.6618298016e-01	-1.9358142200e+00
3.6616080993e-01	-1.9359074936e+00
3.6613567381e-01	-1.9360035073e+00
3.6610709154e-01	-1.9361027917e+00
3.6607441444e-01	-1.9362063429e+00
3.6603673363e-01	-1.9363155353e+00
3.6599271532e-01	-1.9364323381e+00
3.6594027044e-01	-1.9365597364e+00
3.6587580939e-01	-1.9367026211e+00
3.6579220999e-01	-1.9368700004e+00
3.6567125621e-01	-1.9370821409e+00
3.6542355486e-01	-1.9374164597e+00
3.6479700258e-01	-1.9379365089e+00
3.6414810085e-01	-1.9395841538e+00
3.6393677181e-01	-1.9403056739e+00
3.6385654747e-01	-1.9405031557e+00
3.6379567675e-01	-1.9406362586e+00
3.6374201001e-01	-1.9407461466e+00
3.6369256517e-01	-1.9408428973e+00
3.6364592096e-01	-1.9409302652e+00
3.6360118028e-01	-1.9410103540e+00
3.6355771288e-01	-1.9410845687e+00
3.6351505289e-01	-1.9411539166e+00
3.6347284456e-01	-1.9412191479e+00
3.6343080947e-01	-1.9412808363e+00
3.6338872565e-01	-1.9413394289e+00
3.6334641278e-01	-1.9413952802e+00
3.6330372253e-01	-1.9414486746e+00
3.6326057069e-01	-1.9414998643e+00
3.6321702752e-01	-1.9415501381e+00
3.6317281541e-01	-1.9415992593e+00
3.6312782964e-01	-1.9416465881e+00
3.6308200518e-01	-1.9416922362e+00
3.6303528511e-01	-1.9417362972e+00
3.6298761941e-01	-1.9417788499e+00
3.6293896412e-01	-1.9418199604e+00
3.6288927948e-01	-1.9418596858e+00
3.6283852667e-01	-1.9418980857e+00
3.6278663753e-01	-1.9419353316e+00
3.6273321709e-01	-1.9419728006e+00
3.6270271546e-01	-1.9420346719e+00
3.6274403628e-01	-1.9420862164e+00
3.6277881604e-01	-1.9421295570e+00
3.6281317329e-01	-1.9421704265e+00
3.6284833638e-01	-1.9422101077e+00
3.6288443746e-01	-1.9422492221e+00
3.6291976317e-01	-1.9422865994e+00
3.6295463110e-01	-1.9423229378e+00
3.6299110042e-01	-1.9423604127e+00
3.6302650202e-01	-1.9423966187e+00
3.6306078470e-01	-1.9424316056e+00
3.6309624718e-01	-1.9424675836e+00
3.6312919370e-01	-1.9425011162e+00
3.6315816849e-01	-1.9425308614e+00
3.6317995544e-01	-1.9425538042e+00
3.6318060577e-01	-1.9425568685e+00
3.6315113837e-01	-1.9425309946e+00
3.6308439931e-01	-1.9424697135e+00
3.6296193762e-01	-1.9423557028e+00
3.6275288754e-01	-1.9421594024e+00
3.6240784668e-01	-1.9418325937e+00
3.6185003158e-01	-1.9412974154e+00
3.6096346694e-01	-1.9404253119e+00
3.5959872034e-01	-1.9389901777e+00
3.5831084211e-01	-1.9365119678e+00
3.5856414970e-01	-1.9364278116e+00
3.5878401739e-01	-1.9365544168e+00
3.5885776951e-01	-1.9362779536e+00
3.5893619235e-01	-1.9358201557e+00
3.5905870212e-01	-1.9350818614e+00
3.5925057943e-01	-1.9339318863e+00
3.5938549256e-01	-1.9330700233e+00
3.5931558181e-01	-1.9329354448e+00
3.5919869094e-01	-1.9327311710e+00
3.5900260987e-01	-1.9324245974e+00
3.5867495517e-01	-1.9319681976e+00
3.5813315558e-01	-1.9312892281e+00
3.5725222574e-01	-1.9302851603e+00
3.5601185795e-01	-1.9289339960e+00
3.5479789388e-01	-1.9278819876e+00
3.5349031928e-01	-1.9270485843e+00
3.5349616874e-01	-1.9271040390e+00
3.5349805289e-01	-1.9271762110e+00
3.5349773278e-01	-1.9272558440e+00
3.5349585213e-01	-1.9273382933e+00
3.5349264294e-01	-1.9274217844e+00
3.5348817204e-01	-1.9275056677e+00
3.5348244119e-01	-1.9275897183e+00
3.5347542533e-01	-1.9276738666e+00
3.5346708559e-01	-1.9277581044e+00
3.5345737315e-01	-1.9278424510e+00
3.5344622921e-01	-1.9279269429e+00
3.5343358268e-01	-1.9280116402e+00
3.5341934777e-01	-1.9280966262e+00
3.5340341984e-01	-1.9281820187e+00
3.5338567100e-01	-1.9282679743e+00
3.5336594361e-01	-1.9283546998e+00
3.5334404653e-01	-1.9284424635e+00
3.5331979059e-01	-1.9285316409e+00
3.5329287177e-01	-1.9286246905e+00
3.5326282695e-01	-1.9287212891e+00
3.5322912471e-01	-1.9288211792e+00
3.5319104120e-01	-1.9289254196e+00
3.5314755155e-01	-1.9290354828e+00
3.5309712863e-01	-1.9291535079e+00
3.5303733535e-01	-1.9292827840e+00
3.5296386354e-01	-1.9294288191e+00
3.5286775593e-01	-1.9296021087e+00
3.5272382779e-01	-1.9298285916e+00
3.5235760491e-01	-1.9302152242e+00
3.5168510759e-01	-1.9308901001e+00
3.5109606745e-01	-1.9326248796e+00
3.5096660439e-01	-1.9329874955e+00
3.5088997328e-01	-1.9331469109e+00
3.5082613989e-01	-1.9332694450e+00
3.5076850530e-01	-1.9333735469e+00
3.5071478159e-01	-1.9334657735e+00
3.5066368957e-01	-1.9335491780e+00
3.5061437774e-01	-1.9336256437e+00
3.5056623717e-01	-1.9336964668e+00
3.5051881432e-01	-1.9337625859e+00
3.5047176126e-01	-1.9338247038e+00
3.5042480464e-01	-1.9338833591e+00
3.5037772576e-01	-1.9339389725e+00
3.5033034747e-01	-1.9339918767e+00
3.5028255940e-01	-1.9340423600e+00
3.5023443268e-01	-1.9340917228e+00
3.5018566886e-01	-1.9341398978e+00
3.5013614290e-01	-1.9341861246e+00
3.5008578056e-01	-1.9342305281e+00
3.5003451766e-01	-1.9342732118e+00
3.4998229824e-01	-1.9343142619e+00
3.4992907320e-01	-1.9343537504e+00
3.4987479909e-01	-1.9343917377e+00
3.4981943689e-01	-1.9344282751e+00
3.4976294815e-01	-1.9344634180e+00
3.4970526157e-01	-1.9344973395e+00
3.4964594725e-01	-1.9345314774e+00
3.4961397477e-01	-1.9345944583e+00
3.4965269816e-01	-1.9346460953e+00
3.4968775665e-01	-1.9346925117e+00
3.4972240715e-01	-1.9347363109e+00
3.4975802372e-01	-1.9347790261e+00
3.4979445654e-01	-1.9348210233e+00
3.4983010475e-01	-1.9348611849e+00
3.4986554893e-01	-1.9349005180e+00
3.4990232741e-01	-1.9349408074e+00
3.4993801067e-01	-1.9349797288e+00
3.4997291730e-01	-1.9350177013e+00
3.5000856377e-01	-1.9350562967e+00
3.5004153786e-01	-1.9350921288e+00
3.5007056058e-01	-1.9351239368e+00
3.5009077156e-01	-1.9351468537e+00
3.5008712311e-01	-1.9351458052e+00
3.5005077908e-01	-1.9351112071e+00
3.4997309080e-01	-1.9350347096e+00
3.4983345476e-01	-1.9348955590e+00
3.4959744798e-01	-1.9346584625e+00
3.4921030185e-01	-1.9342660633e+00
3.4858715843e-01	-1.9336257213e+00
3.4760205256e-01	-1.9325841586e+00
3.4610946500e-01	-1.9308580809e+00
3.4523915501e-01	-1.9285652134e+00
3.4548095508e-01	-1.9286752120e+00
3.4569393071e-01	-1.9288084197e+00
3.4574802027e-01	-1.9285399052e+00
3.4582391728e-01	-1.9281103974e+00
3.4594253346e-01	-1.9274187720e+00
3.4612855183e-01	-1.9263375576e+00
3.4626994393e-01	-1.9254963652e+00
3.4623784792e-01	-1.9252657380e+00
3.4618516861e-01	-1.9251612006e+00
3.4609794231e-01	-1.9250000545e+00
3.4595275197e-01	-1.9247545030e+00
3.4571067009e-01	-1.9243838089e+00
3.4530919805e-01	-1.9238272570e+00
3.4465166964e-01	-1.9229978097e+00
3.4359173952e-01	-1.9217429621e+00
3.4244327145e-01	-1.9206781260e+00
3.3473974648e-01	-1.9193435776e+00
3.3473970270e-01	-1.9194036323e+00
3.3473609203e-01	-1.9194793475e+00
3.3473037102e-01	-1.9195616917e+00
3.3472303490e-01	-1.9196465044e+00
3.3471423555e-01	-1.9197322820e+00
3.3470398922e-01	-1.9198185264e+00
3.3469225640e-01	-1.9199051095e+00
3.3467896998e-01	-1.9199920423e+00
3.3466404241e-01	-1.9200794009e+00
3.3464736608e-01	-1.9201673000e+00
3.3462880884e-01	-1.9202558954e+00
3.3460820674e-01	-1.9203453951e+00
3.3458535893e-01	-1.9204360759e+00
3.3456005006e-01	-1.9205283292e+00
3.3453195125e-01	-1.9206245252e+00
3.3450056860e-01	-1.9207248341e+00
3.3446530680e-01	-1.9208288215e+00
3.3442533595e-01	-1.9209377254e+00
3.3437944826e-01	-1.9210533119e+00
3.3432577811e-01	-1.9211782235e+00
3.3426119244e-01	-1.9213166875e+00
3.3417971405e-01	-1.9214761775e+00
3.3406717548e-01	-1.9216722825e+00
3.3386896121e-01	-1.9219540993e+00
3.3327373059e-01	-1.9224362784e+00
3.3263244005e-01	-1.9239800350e+00
3.3240214406e-01	-1.9247929921e+00
3.3231077303e-01	-1.9250195467e+00
3.3224209014e-01	-1.9251626390e+00
3.3218178864e-01	-1.9252782564e+00
3.3212622710e-01	-1.9253781057e+00
3.3207371547e-01	-1.9254670905e+00
3.3202322278e-01	-1.9255478193e+00
3.3197404098e-01	-1.9256219716e+00
3.3192565607e-01	-1.9256907214e+00
3.3187768021e-01	-1.9257549286e+00
3.3182981322e-01	-1.9258152407e+00
3.3178181838e-01	-1.9258721555e+00
3.3173350469e-01	-1.9259260636e+00
3.3168478638e-01	-1.9259773192e+00
3.3163565192e-01	-1.9260274324e+00
3.3158581919e-01	-1.9260760257e+00
3.3153318083e-01	-1.9261211456e+00
3.3146788065e-01	-1.9261563743e+00
3.3140162528e-01	-1.9261897114e+00
3.3133435927e-01	-1.9262212525e+00
3.3126603411e-01	-1.9262510765e+00
3.3119660698e-01	-1.9262792484e+00
3.3112603967e-01	-1.9263058222e+00
3.3105429825e-01	-1.9263308421e+00
3.3098135153e-01	-1.9263543448e+00
3.3090717154e-01	-1.9263763600e+00
3.3083173189e-01	-1.9263969129e+00
3.3075500648e-01	-1.9264160294e+00
3.3067695331e-01	-1.9264337917e+00
3.3059735510e-01	-1.9264509072e+00
3.3051486194e-01	-1.9264735151e+00
3.3055733765e-01	-1.9265598849e+00
3.3059074695e-01	-1.9266095395e+00
3.3062374208e-01	-1.9266563426e+00
3.3065779013e-01	-1.9267020573e+00
3.3069247563e-01	-1.9267467648e+00
3.3072638659e-01	-1.9267894666e+00
3.3076040907e-01	-1.9268316278e+00
3.3079535629e-01	-1.9268744082e+00
3.3082921262e-01	-1.9269156992e+00
3.3086277140e-01	-1.9269564891e+00
3.3089641844e-01	-1.9269972590e+00
3.3092725433e-01	-1.9270348184e+00
3.3095418483e-01	-1.9270679621e+00
3.3097019331e-01	-1.9270888794e+00
3.3095928444e-01	-1.9270796779e+00
3.3091382976e-01	-1.9270310304e+00
3.3082288912e-01	-1.9269312097e+00
3.3066332190e-01	-1.9267542299e+00
3.3039671830e-01	-1.9264563292e+00
3.2996677653e-01	-1.9259745956e+00
3.2927911499e-01	-1.9251947373e+00
3.2819608052e-01	-1.9239327355e+00
3.2658657592e-01	-1.9219741927e+00
3.2556515856e-01	-1.9201158235e+00
3.2571465473e-01	-1.9194710793e+00
3.2594996344e-01	-1.9196352512e+00
3.2606704134e-01	-1.9194346106e+00
3.2612295224e-01	-1.9190284977e+00
3.2621061143e-01	-1.9183746662e+00
3.2634797763e-01	-1.9173498253e+00
3.2645304060e-01	-1.9165496846e+00
3.2646460237e-01	-1.9161645878e+00
3.2641488846e-01	-1.9160572893e+00
3.2633247006e-01	-1.9158919648e+00
3.2619507602e-01	-1.9156400808e+00
3.2596585265e-01	-1.9152600743e+00
3.2558573297e-01	-1.9146900474e+00
3.2496223672e-01	-1.9138382716e+00
3.2395732281e-01	-1.9125524243e+00
3.2287124927e-01	-1.9111962502e+00
3.2181021494e-01	-1.9098817944e+00
3.2077665845e-01	-1.9085998816e+00
3.1976890646e-01	-1.9073391434e+00
3.1878649355e-01	-1.9061027225e+00
3.1782823787e-01	-1.9048915848e+00
3.1689345528e-01	-1.9038898933e+00
3.2484049090e-01	-1.9051560554e+00
3.2485992456e-01	-1.9052255824e+00
3.2487516033e-01	-1.9053167853e+00
3.2488821930e-01	-1.9054161065e+00
3.2489988156e-01	-1.9055180480e+00
3.2491042830e-01	-1.9056206234e+00
3.2491995480e-01	-1.9057231302e+00
3.2492849081e-01	-1.9058253185e+00
3.2493604403e-01	-1.9059270878e+00
3.2494261610e-01	-1.9060283818e+00
3.2494820784e-01	-1.9061291518e+00
3.2495282091e-01	-1.9062293445e+00
3.2495646051e-01	-1.9063289056e+00
3.2495912967e-01	-1.9064278431e+00
3.2496082839e-01	-1.9065280975e+00
3.2496155571e-01	-1.9066275389e+00
3.2496131128e-01	-1.9067261182e+00
3.2496009328e-01	-1.9068237962e+00
3.2495789828e-01	-1.9069205405e+00
3.2495472119e-01	-1.9070163269e+00
3.2495055549e-01	-1.9071111361e+00
3.2494539312e-01	-1.9072049567e+00
3.2493922463e-01	-1.9072977824e+00
3.2493203936e-01	-1.9073896088e+00
3.2492382521e-01	-1.9074804377e+00
3.2491456875e-01	-1.9075702729e+00
3.2490425503e-01	-1.9076591219e+00
3.2489286766e-01	-1.9077469938e+00
3.2488038840e-01	-1.9078339010e+00
3.2486679952e-01	-1.9079198606e+00
3.2485208430e-01	-1.9080048951e+00
3.2483621212e-01	-1.9080909764e+00
3.2481915136e-01	-1.9081765187e+00
3.2480086974e-01	-1.9082612056e+00
3.2478133061e-01	-1.9083450770e+00
3.2476049203e-01	-1.9084281804e+00
3.2473830576e-01	-1.9085105725e+00
3.2471471596e-01	-1.9085923210e+00
3.2468965758e-01	-1.9086735072e+00
3.2466305456e-01	-1.9087542278e+00
3.2463481715e-01	-1.9088345995e+00
3.2460483868e-01	-1.9089147636e+00
3.2457299148e-01	-1.9089948911e+00
3.2453912097e-01	-1.9090751918e+00
3.2450303836e-01	-1.9091559239e+00
3.2446451010e-01	-1.9092374087e+00
3.2442328955e-01	-1.9093200846e+00
3.2437905232e-01	-1.9094074583e+00
3.2433121970e-01	-1.9094976768e+00
3.2427913889e-01	-1.9095913106e+00
3.2422190606e-01	-1.9096896458e+00
3.2415821524e-01	-1.9097945191e+00
3.2408606581e-01	-1.9099086982e+00
3.2400213210e-01	-1.9100366748e+00
3.2390014918e-01	-1.9101866067e+00
3.2376545507e-01	-1.9103764606e+00
3.2354014848e-01	-1.9106747840e+00
3.2286685551e-01	-1.9111476190e+00
3.2215659109e-01	-1.9128154760e+00
3.1533281955e-01	-1.9118234743e+00
3.1522090224e-01	-1.9119651072e+00
3.1512483238e-01	-1.9120777817e+00
3.1503726579e-01	-1.9121704661e+00
3.1495508180e-01	-1.9122487553e+00
3.1487633988e-01	-1.9123167890e+00
3.1479909606e-01	-1.9123802739e+00
3.1479644099e-01	-1.9125123060e+00
3.1482607046e-01	-1.9125739880e+00
3.1485540389e-01	-1.9126317209e+00
3.1488825528e-01	-1.9126890167e+00
3.1492450931e-01	-1.9127465387e+00
3.1496006837e-01	-1.9128014298e+00
3.1499583641e-01	-1.9128554912e+00
3.1503267018e-01	-1.9129101844e+00
3.1506847770e-01	-1.9129628617e+00
3.1510419497e-01	-1.9130149324e+00
3.1514001049e-01	-1.9130667249e+00
3.1517303645e-01	-1.9131144802e+00
3.1520233411e-01	-1.9131570309e+00
3.1522014711e-01	-1.9131842489e+00
3.1521320209e-01	-1.9131782914e+00
3.1517704954e-01	-1.9131329653e+00
3.1510166443e-01	-1.9130350045e+00
3.1496751067e-01	-1.9128567057e+00
3.1474353218e-01	-1.9125499156e+00
3.1438584084e-01	-1.9120294790e+00
3.1385849230e-01	-1.9111114000e+00
3.1371133410e-01	-1.9097313531e+00
3.1395585295e-01	-1.9099186276e+00
3.1414024373e-01	-1.9097939809e+00
3.1419686750e-01	-1.9094178752e+00
3.1428564816e-01	-1.9088131392e+00
3.1442465969e-01	-1.9078626586e+00
3.1456798194e-01	-1.9065980147e+00
3.1445539319e-01	-1.9063388043e+00
3.1436016388e-01	-1.9061429967e+00
3.1420097047e-01	-1.9058440045e+00
3.1393505744e-01	-1.9053909932e+00
3.1349424692e-01	-1.9047063607e+00
3.1277383649e-01	-1.9036795049e+00
3.1176542622e-01	-1.9023023652e+00
3.1077447149e-01	-1.9009660866e+00
3.0980564808e-01	-1.8997606799e+00
3.0879425009e-01	-1.8996637677e+00
3.0879954210e-01	-1.8997306648e+00
3.0880111584e-01	-1.8998170532e+00
3.0880074792e-01	-1.8999095813e+00
3.0879903794e-01	-1.9000036473e+00
3.0879616272e-01	-1.9000978047e+00
3.0879215218e-01	-1.9001927203e+00
3.0878698745e-01	-1.9002884717e+00
3.0878063338e-01	-1.9003838355e+00
3.0877304589e-01	-1.9004788734e+00
3.0876417435e-01	-1.9005736577e+00
3.0875396174e-01	-1.9006682616e+00
3.0874234312e-01	-1.9007627598e+00
3.0872924413e-01	-1.9008572249e+00
3.0871457636e-01	-1.9009517442e+00
3.0869823459e-01	-1.9010464163e+00
3.0868008945e-01	-1.9011413720e+00
3.0865998065e-01	-1.9012367826e+00
3.0863770707e-01	-1.9013328747e+00
3.0861301300e-01	-1.9014299541e+00
3.0858561066e-01	-1.9015284604e+00
3.0855509263e-01	-1.9016302455e+00
3.0852082337e-01	-1.9017371376e+00
3.0848198136e-01	-1.9018479107e+00
3.0843740344e-01	-1.9019640653e+00
3.0838532631e-01	-1.9020878061e+00
3.0832286726e-01	-1.9022225756e+00
3.0824476264e-01	-1.9023742239e+00
3.0813948283e-01	-1.9025541037e+00
3.0797073148e-01	-1.9027918911e+00
3.0737721595e-01	-1.9032237974e+00
3.0667947241e-01	-1.9045893479e+00
3.0641650791e-01	-1.9054493800e+00
3.0631492046e-01	-1.9056845616e+00
3.0623991422e-01	-1.9058337831e+00
3.0617550661e-01	-1.9059556442e+00
3.0611721622e-01	-1.9060601291e+00
3.0606289809e-01	-1.9061526448e+00
3.0601123471e-01	-1.9062361694e+00
3.0596133340e-01	-1.9063126135e+00
3.0591255668e-01	-1.9063832932e+00
3.0586443087e-01	-1.9064491568e+00
3.0581659509e-01	-1.9065109072e+00
3.0576876808e-01	-1.9065690769e+00
3.0572079961e-01	-1.9066241351e+00
3.0567266251e-01	-1.9066777849e+00
3.0562400375e-01	-1.9067297202e+00
3.0557467742e-01	-1.9067792059e+00
3.0552458327e-01	-1.9068264120e+00
3.0547363701e-01	-1.9068714755e+00
3.0541992589e-01	-1.9069130112e+00
3.0535144397e-01	-1.9069413935e+00
3.0528191964e-01	-1.9069678907e+00
3.0521130818e-01	-1.9069925627e+00
3.0513957065e-01	-1.9070154572e+00
3.0506667175e-01	-1.9070366128e+00
3.0499258024e-01	-1.9070560603e+00
3.0491726692e-01	-1.9070738239e+00
3.0484070508e-01	-1.9070899236e+00
3.0476286751e-01	-1.9071043796e+00
3.0468637118e-01	-1.9071197295e+00
3.0460855432e-01	-1.9071362516e+00
3.0452764259e-01	-1.9071575066e+00
3.0456518255e-01	-1.9072573313e+00
3.0459949913e-01	-1.9073158777e+00
3.0463341613e-01	-1.9073712077e+00
3.0466874402e-01	-1.9074259033e+00
3.0470441123e-01	-1.9074791317e+00
3.0473927813e-01	-1.9075300852e+00
3.0477487889e-01	-1.9075812950e+00
3.0481074891e-01	-1.9076324083e+00
3.0484545472e-01	-1.9076817183e+00
3.0487300669e-01	-1.9077261501e+00
3.0489526002e-01	-1.9077659123e+00
3.0491419676e-01	-1.9078009452e+00
3.0493013602e-01	-1.9078297355e+00
3.0492461692e-01	-1.9078303103e+00
3.0489456310e-01	-1.9077946089e+00
3.0483163069e-01	-1.9077138480e+00
3.0471621480e-01	-1.9075637389e+00
3.0451948849e-01	-1.9073059713e+00
3.0419522726e-01	-1.9068782270e+00
3.0367466249e-01	-1.9061862907e+00
3.0285769056e-01	-1.9050856697e+00
3.0149479092e-01	-1.9032292487e+00
3.0016630137e-01	-1.9012135572e+00
2.9967603787e-01	-1.8991586289e+00
2.9991896086e-01	-1.8993651227e+00
3.0014985464e-01	-1.8993124035e+00
3.0020219278e-01	-1.8989639552e+00
3.0028437307e-01	-1.8984043295e+00
3.0041319807e-01	-1.8975199286e+00
3.0059210544e-01	-1.8961960767e+00
3.0048994054e-01	-1.8959304633e+00
3.0040265901e-01	-1.8957302222e+00
3.0025581778e-01	-1.8954248103e+00
3.0000898312e-01	-1.8949621134e+00
2.9959798500e-01	-1.8942629950e+00
2.9892536782e-01	-1.8933333423e+00
3.0684261275e-01	-1.8954292801e+00
3.0684460768e-01	-1.8955224724e+00
3.0684147350e-01	-1.8956310841e+00
3.0683451827e-01	-1.8957456844e+00
3.0682360131e-01	-1.8958665093e+00
3.0680792301e-01	-1.8959919305e+00
3.0678626366e-01	-1.8961219903e+00
3.0675673493e-01	-1.8962584033e+00
3.0671627300e-01	-1.8964038359e+00
3.0665939350e-01	-1.8965626065e+00
3.0657453980e-01	-1.8967423882e+00
3.0642884978e-01	-1.8969587538e+00
3.0602324904e-01	-1.8972484762e+00
3.0527945153e-01	-1.8980181782e+00
3.0482689867e-01	-1.8993098371e+00
3.0469760560e-01	-1.8997208862e+00
3.0462934005e-01	-1.8999346965e+00
3.0458145118e-01	-1.9000983553e+00
3.0454329444e-01	-1.9002355049e+00
3.0451098582e-01	-1.9003574323e+00
3.0448252947e-01	-1.9004689833e+00
3.0445670060e-01	-1.9005727724e+00
3.0443266854e-01	-1.9006704313e+00
3.0440983323e-01	-1.9007630798e+00
3.0438774527e-01	-1.9008515245e+00
3.0436606458e-01	-1.9009363727e+00
3.0434466961e-01	-1.9010182080e+00
3.0432344433e-01	-1.9010988727e+00
3.0430195672e-01	-1.9011778837e+00
3.0428005709e-01	-1.9012545478e+00
3.0425762911e-01	-1.9013290504e+00
3.0423457633e-01	-1.9017573445e+00
2.9403212635e-01	-1.8973705336e+00
2.9395178753e-01	-1.8974489860e+00
2.9386710764e-01	-1.8975279538e+00
2.9377578594e-01	-1.8976130470e+00
2.9369051505e-01	-1.8976980393e+00
2.9361466485e-01	-1.8977790213e+00
2.9354456028e-01	-1.8978554344e+00
2.9347864892e-01	-1.8979268499e+00
2.9341584987e-01	-1.8979941553e+00
2.9335533774e-01	-1.8980579914e+00
2.9329645196e-01	-1.8981188412e+00
2.9323863906e-01	-1.8981770848e+00
2.9318141478e-01	-1.8982330334e+00
2.9312401827e-01	-1.8982866659e+00
2.9306434818e-01	-1.8983367090e+00
2.9300450235e-01	-1.8983865026e+00
2.9294366332e-01	-1.8984376557e+00
2.9288120919e-01	-1.8984875618e+00
2.9281660804e-01	-1.8985364176e+00
2.9274924636e-01	-1.8985844192e+00
2.9267838860e-01	-1.8986317690e+00
2.9260312276e-01	-1.8986786842e+00
2.9252227934e-01	-1.8987254070e+00
2.9243430943e-01	-1.8987722209e+00
2.9233730195e-01	-1.8988196591e+00
2.9222853763e-01	-1.8988697634e+00
2.9210332326e-01	-1.8989237227e+00
2.9195520380e-01	-1.8989804472e+00
2.9177549989e-01	-1.8990415982e+00
2.9155421148e-01	-1.8991096672e+00
2.9130065180e-01	-1.8992024603e+00
2.9105113825e-01	-1.8993120787e+00
2.9083507509e-01	-1.8994100136e+00
2.9065654617e-01	-1.8994879081e+00
2.9050597557e-01	-1.8995472466e+00
2.9037516187e-01	-1.8995892624e+00
2.9025839775e-01	-1.8996187507e+00
2.9015173578e-01	-1.8996390039e+00
2.9005244143e-01	-1.8996522624e+00
2.8995893590e-01	-1.8996609301e+00
2.8986937331e-01	-1.8996664611e+00
2.8978252711e-01	-1.8996679293e+00
2.8969757942e-01	-1.8996658780e+00
2.8961388997e-01	-1.8996607019e+00
2.8953094919e-01	-1.8996526912e+00
2.8944834454e-01	-1.8996420613e+00
2.8936573315e-01	-1.8996289727e+00
2.8928282520e-01	-1.8996135443e+00
2.8919936916e-01	-1.8995958638e+00
2.8911517530e-01	-1.8995760245e+00
2.8903055808e-01	-1.8995548036e+00
2.8894499907e-01	-1.8995328616e+00
2.8885808885e-01	-1.8995087755e+00
2.8876964066e-01	-1.8994825516e+00
2.8867946126e-01	-1.8994541834e+00
2.8858734504e-01	-1.8994236515e+00
2.8849306728e-01	-1.8993909233e+00
2.8839637686e-01	-1.8993559512e+00
2.8829698786e-01	-1.8993186702e+00
2.8819456961e-01	-1.8992789943e+00
2.8808873639e-01	-1.8992368115e+00
2.8797905719e-01	-1.8991919980e+00
2.8786572971e-01	-1.8991456899e+00
2.8774757338e-01	-1.8990972422e+00
2.8762369737e-01	-1.8990454896e+00
2.8749315661e-01	-1.8989901624e+00
2.8735374546e-01	-1.8989318962e+00
2.8727036884e-01	-1.8989450858e+00
2.8728671583e-01	-1.8989911430e+00
2.8730243030e-01	-1.8990347355e+00
2.8731784445e-01	-1.8990764769e+00
2.8733216092e-01	-1.8991171771e+00
2.8734126537e-01	-1.8991539905e+00
2.8733445118e-01	-1.8991846860e+00
2.8720514725e-01	-1.8991649075e+00
2.8706008273e-01	-1.8991116092e+00
2.8691382874e-01	-1.8990513041e+00
2.8677058271e-01	-1.8989863729e+00
2.8663294202e-01	-1.8989184955e+00
2.8647986843e-01	-1.8988290047e+00
2.8633244522e-01	-1.8987375482e+00
2.8619249985e-01	-1.8986468847e+00
2.8605893528e-01	-1.8985570395e+00
2.8593062351e-01	-1.8984679244e+00
2.8580705938e-01	-1.8983800139e+00
2.8568792608e-01	-1.8982937571e+00
2.8556784867e-01	-1.8982033561e+00
2.8543496452e-01	-1.8980967374e+00
2.8529502893e-01	-1.8979804187e+00
2.8527491232e-01	-1.8979739707e+00
2.8529401400e-01	-1.8979965097e+00
2.8531137712e-01	-1.8980170475e+00
2.8532760374e-01	-1.8980362655e+00
2.8534130574e-01	-1.8980526417e+00
2.8535112863e-01	-1.8980647002e+00
2.8535646158e-01	-1.8980717899e+00
2.8535483453e-01	-1.8980712104e+00
2.8534318672e-01	-1.8980596027e+00
2.8531607141e-01	-1.8980309487e+00
2.8526519465e-01	-1.8979759595e+00
2.8517766873e-01	-1.8978798566e+00
2.8502183671e-01	-1.8977055239e+00
2.8475667570e-01	-1.8974004735e+00
2.8435176522e-01	-1.8968978626e+00
2.8384649119e-01	-1.8960771404e+00
2.8346573038e-01	-1.8953428103e+00
2.8308467915e-01	-1.8947285882e+00
2.8274609495e-01	-1.8942315365e+00
2.8246606730e-01	-1.8938376390e+00
2.8200645238e-01	-1.8932052421e+00
2.8126520997e-01	-1.8921912377e+00
2.8012759824e-01	-1.8905819872e+00
2.7935549406e-01	-1.8893135715e+00
2.7900919779e-01	-1.8882677945e+00
2.7909218150e-01	-1.8873352932e+00
2.7899999377e-01	-1.8866630857e+00
2.7882773995e-01	-1.8861699764e+00
2.7866079218e-01	-1.8857931925e+00
2.7836557325e-01	-1.8852146218e+00
2.7785705595e-01	-1.8843145650e+00
2.7701461000e-01	-1.8829117218e+00
2.7577453414e-01	-1.8809030476e+00
2.7482871177e-01	-1.8793516607e+00
2.7411023774e-01	-1.8781532437e+00
2.7355580762e-01	-1.8772061120e+00
2.7262785489e-01	-1.8756014629e+00
2.7163045599e-01	-1.8735361340e+00
2.7707059256e-01	-1.8777593777e+00
2.7702100184e-01	-1.8778896494e+00
2.7697792134e-01	-1.8780003445e+00
2.7693865073e-01	-1.8781000645e+00
2.7690181515e-01	-1.8781921992e+00
2.7686654715e-01	-1.8782785458e+00
2.7683224082e-01	-1.8783602495e+00
2.7679846443e-01	-1.8784381336e+00
2.7676503014e-01	-1.8785129469e+00
2.7673170877e-01	-1.8785864331e+00
2.7669808057e-01	-1.8786586466e+00
2.7666397026e-01	-1.8787285392e+00
2.7662925308e-01	-1.8787962918e+00
2.7659383236e-01	-1.8788620308e+00
2.7655763254e-01	-1.8789258417e+00
2.7652059513e-01	-1.8789877783e+00
2.7648267189e-01	-1.8790478757e+00
2.7644382397e-01	-1.8791061525e+00
2.7640401648e-01	-1.8791626212e+00
2.7636321868e-01	-1.8792172874e+00
2.7632143074e-01	-1.8792701861e+00
2.7627883173e-01	-1.8793215363e+00
2.7623541873e-01	-1.8793732900e+00
2.7619089448e-01	-1.8794240380e+00
2.7614522530e-01	-1.8794729610e+00
2.7609837322e-01	-1.8795200638e+00
2.7605029611e-01	-1.8795653510e+00
2.7600094572e-01	-1.8796088277e+00
2.7595026733e-01	-1.8796504989e+00
2.7589819726e-01	-1.8796903703e+00
2.7584465986e-01	-1.8797284493e+00
2.7578956677e-01	-1.8797647433e+00
2.7573281274e-01	-1.8797992615e+00
2.7567428078e-01	-1.8798320252e+00
2.7561424597e-01	-1.8798634969e+00
2.7555254218e-01	-1.8798967107e+00
2.7548850083e-01	-1.8799284969e+00
2.7542184472e-01	-1.8799586159e+00
2.7535223146e-01	-1.8799871089e+00
2.7527923005e-01	-1.8800140245e+00
2.7520229399e-01	-1.8800394201e+00
2.7512072196e-01	-1.8800633620e+00
2.7503359943e-01	-1.8800859263e+00
2.7493971202e-01	-1.8801071979e+00
2.7483747403e-01	-1.8801273256e+00
2.7472527374e-01	-1.8801486203e+00
2.7459941246e-01	-1.8801709766e+00
2.7445518544e-01	-1.8801927773e+00
2.7428608647e-01	-1.8802140841e+00
2.7408386653e-01	-1.8802349243e+00
2.7384072335e-01	-1.8802581389e+00
2.7357015538e-01	-1.8804472566e+00
2.7084185755e-01	-1.8787503316e+00
2.7058172719e-01	-1.8788225102e+00
2.7039792820e-01	-1.8788719433e+00
2.7025802710e-01	-1.8789062748e+00
2.7014508269e-01	-1.8789321944e+00
2.7005043910e-01	-1.8789547277e+00
2.6996769251e-01	-1.8789751770e+00
2.6989310156e-01	-1.8789924417e+00
2.6982431767e-01	-1.8790071017e+00
2.6975968822e-01	-1.8790194896e+00
2.6969800135e-01	-1.8790297933e+00
2.6963833102e-01	-1.8790381111e+00
2.6957994431e-01	-1.8790444854e+00
2.6952247519e-01	-1.8790491831e+00
2.6946579800e-01	-1.8790530889e+00
2.6940898321e-01	-1.8790563245e+00
2.6935142869e-01	-1.8790573914e+00
2.6929271393e-01	-1.8790561988e+00
2.6923240695e-01	-1.8790526243e+00
2.6917004416e-01	-1.8790465090e+00
2.6910511264e-01	-1.8790376491e+00
2.6903702473e-01	-1.8790257853e+00
2.6896510148e-01	-1.8790105908e+00
2.6888880668e-01	-1.8789919437e+00
2.6880765987e-01	-1.8789700168e+00
2.6872020455e-01	-1.8789450092e+00
2.6862498199e-01	-1.8789144803e+00
2.6850891482e-01	-1.8788643796e+00
2.6836968146e-01	-1.8787924032e+00
2.6821369790e-01	-1.8787055102e+00
2.6803730530e-01	-1.8785990763e+00
2.6785430985e-01	-1.8784872438e+00
2.6766971421e-01	-1.8783719195e+00
2.6748905617e-01	-1.8782551215e+00
2.6731621619e-01	-1.8781389245e+00
2.6715182928e-01	-1.8780231648e+00
2.6699842875e-01	-1.8779112685e+00
2.6685448387e-01	-1.8778027974e+00
2.6671844236e-01	-1.8776962059e+00
2.6658891104e-01	-1.8775910360e+00
2.6646455466e-01	-1.8774867625e+00
2.6634416913e-01	-1.8773828457e+00
2.6622671530e-01	-1.8772787779e+00
2.6611165539e-01	-1.8771744892e+00
2.6599837960e-01	-1.8770700427e+00
2.6588552084e-01	-1.8769640125e+00
2.6577239244e-01	-1.8768556916e+00
2.6565837719e-01	-1.8767445849e+00
2.6554288394e-01	-1.8766301740e+00
2.6542532456e-01	-1.8765118991e+00
2.6530510338e-01	-1.8763891499e+00
2.6518160629e-01	-1.8762612544e+00
2.6505426356e-01	-1.8761275497e+00
2.6492288558e-01	-1.8759877956e+00
2.6478652440e-01	-1.8758408926e+00
2.6464437384e-01	-1.8756855588e+00
2.6449593786e-01	-1.8755209828e+00
2.6434093628e-01	-1.8753465355e+00
2.6417942340e-01	-1.8751619221e+00
2.6401110814e-01	-1.8749664216e+00
2.6383794265e-01	-1.8747619312e+00
2.6366214866e-01	-1.8745507147e+00
2.6348483675e-01	-1.8743339755e+00
2.6330772035e-01	-1.8741138867e+00
2.6313225475e-01	-1.8738924697e+00
2.6295945851e-01	-1.8736713369e+00
2.6278980107e-01	-1.8734514729e+00
2.6262373349e-01	-1.8732337831e+00
2.6246094207e-01	-1.8730176136e+00
2.6229745004e-01	-1.8727969446e+00
2.6226100468e-01	-1.8727247704e+00
2.6227757258e-01	-1.8727320536e+00
2.6229511262e-01	-1.8727416065e+00
2.6231511838e-01	-1.8727547638e+00
2.6233579637e-01	-1.8727695801e+00
2.6235642452e-01	-1.8727849377e+00
2.6237859392e-01	-1.8728019326e+00
2.6239996617e-01	-1.8728182182e+00
2.6242006806e-01	-1.8728329330e+00
2.6243666114e-01	-1.8728427122e+00
2.6243251064e-01	-1.8728254446e+00
2.6228641691e-01	-1.8726249829e+00
2.6230218233e-01	-1.8726325668e+00
2.6231405480e-01	-1.8726403434e+00
2.6232352222e-01	-1.8726459581e+00
2.6233076601e-01	-1.8726495880e+00
2.6233398585e-01	-1.8726496994e+00
2.6233192629e-01	-1.8726452406e+00
2.6232282473e-01	-1.8726347055e+00
2.6230349582e-01	-1.8726153539e+00
2.6226980477e-01	-1.8725835529e+00
2.6221229694e-01	-1.8725308941e+00
2.6212088548e-01	-1.8724480324e+00
2.6197039389e-01	-1.8723114717e+00
2.6172184776e-01	-1.8720843094e+00
2.6135535474e-01	-1.8717477706e+00
2.6089372796e-01	-1.8712781363e+00
2.6046702401e-01	-1.8707442540e+00
2.6007191248e-01	-1.8702235213e+00
2.5974741247e-01	-1.8697843886e+00
2.5949323311e-01	-1.8694312159e+00
2.5911557728e-01	-1.8688810155e+00
2.5868664710e-01	-1.8681194612e+00
2.5855971640e-01	-1.8676387950e+00
2.5841144385e-01	-1.8671789562e+00
2.5816969390e-01	-1.8666916073e+00
2.5794808487e-01	-1.8662833559e+00
2.5757147295e-01	-1.8656231528e+00
2.5694580204e-01	-1.8645576432e+00
2.5596253113e-01	-1.8628616967e+00
2.5526986326e-01	-1.8615540912e+00
2.5487026361e-01	-1.8605536860e+00
2.5481476988e-01	-1.8597845849e+00
2.5493432481e-01	-1.8591681521e+00
2.5491286756e-01	-1.8592630738e+00
2.5934682032e-01	-1.8604658275e+00
2.5910218296e-01	-1.8605060790e+00
2.5887057666e-01	-1.8605420334e+00
2.5867153603e-01	-1.8605763564e+00
2.5851026838e-01	-1.8606107299e+00
2.5837796360e-01	-1.8606420697e+00
2.5826671144e-01	-1.8606672162e+00
2.5817081086e-01	-1.8606876275e+00
2.5808609551e-01	-1.8607043156e+00
2.5800991047e-01	-1.8607184487e+00
2.5794029920e-01	-1.8607320561e+00
2.5787488297e-01	-1.8607438780e+00
2.5781240422e-01	-1.8607531789e+00
2.5775191102e-01	-1.8607600693e+00
2.5769265126e-01	-1.8607645981e+00
2.5763402046e-01	-1.8607667697e+00
2.5757552156e-01	-1.8607665552e+00
2.5751673546e-01	-1.8607639002e+00
2.5745743195e-01	-1.8607588996e+00
2.5739791547e-01	-1.8607522610e+00
2.5733754723e-01	-1.8607451774e+00
2.5727557284e-01	-1.8607351980e+00
2.5721166418e-01	-1.8607221350e+00
2.5714545790e-01	-1.8607057834e+00
2.5707654063e-01	-1.8606858892e+00
2.5700442673e-01	-1.8606621345e+00
2.5692853706e-01	-1.8606341217e+00
2.5684817170e-01	-1.8606013501e+00
2.5676283762e-01	-1.8605636361e+00
2.5667230716e-01	-1.8605219411e+00
2.5657461063e-01	-1.8604745153e+00
2.5646825405e-01	-1.8604190597e+00
2.5635196997e-01	-1.8603544077e+00
2.5622479834e-01	-1.8602794875e+00
2.5608631232e-01	-1.8601932961e+00
2.5593808044e-01	-1.8600972170e+00
2.5578438260e-01	-1.8599952647e+00
2.5562912773e-01	-1.8598870269e+00
2.5547695357e-01	-1.8597754782e+00
2.5533114296e-01	-1.8596630832e+00
2.5519406334e-01	-1.8595525493e+00
2.5506590478e-01	-1.8594458732e+00
2.5494486154e-01	-1.8593404807e+00
2.5482985121e-01	-1.8592361883e+00
2.5471970390e-01	-1.8591326052e+00
2.5461330156e-01	-1.8590292382e+00
2.5450963766e-01	-1.8589255615e+00
2.5440814178e-01	-1.8588214577e+00
2.5430880253e-01	-1.8587178260e+00
2.5420980720e-01	-1.8586123097e+00
2.5411052981e-01	-1.8585042745e+00
2.5401040385e-01	-1.8583932119e+00
2.5390889077e-01	-1.8582785882e+00
2.5380546233e-01	-1.8581598302e+00
2.5369958291e-01	-1.8580363076e+00
2.5359066089e-01	-1.8579072814e+00
2.5347776067e-01	-1.8577716321e+00
2.5335660126e-01	-1.8576248381e+00
2.5336765297e-01	-1.8576473775e+00
2.5338212088e-01	-1.8576702781e+00
2.5339700773e-01	-1.8576930013e+00
2.5341367088e-01	-1.8577175861e+00
2.5343027124e-01	-1.8577416049e+00
2.5344642521e-01	-1.8577646767e+00
2.5346326360e-01	-1.8577884365e+00
2.5347908324e-01	-1.8578105622e+00
2.5349432507e-01	-1.8578316823e+00
2.5350890984e-01	-1.8578516956e+00
2.5352107819e-01	-1.8578682485e+00
2.5352958538e-01	-1.8578797309e+00
2.5352666763e-01	-1.8578759046e+00
2.5350640104e-01	-1.8578488809e+00
2.5346459718e-01	-1.8577925288e+00
2.5338774062e-01	-1.8576871068e+00
2.5324925041e-01	-1.8574928828e+00
2.5294465975e-01	-1.8570617676e+00
2.5243657046e-01	-1.8563226513e+00
2.5166835325e-01	-1.8551341541e+00
2.5122530768e-01	-1.8543054986e+00
2.5102448962e-01	-1.8537386982e+00
2.5085339485e-01	-1.8532537423e+00
2.5067209347e-01	-1.8528302652e+00
2.5050478129e-01	-1.8524754398e+00
2.5021190250e-01	-1.8518917417e+00
2.4971455648e-01	-1.8509426393e+00
2.4891488209e-01	-1.8494179819e+00
2.4833620132e-01	-1.8482473335e+00
2.4795884253e-01	-1.8473521353e+00
2.4778396918e-01	-1.8466902807e+00
2.4780733948e-01	-1.8462041711e+00
2.4793218468e-01	-1.8458360426e+00
2.4800074804e-01	-1.8455317075e+00
2.4800979192e-01	-1.8452894682e+00
2.4795772552e-01	-1.8448865273e+00
2.4777337090e-01	-1.8454180834e+00
2.3373675749e-01	-1.8305479391e+00
2.3357548450e-01	-1.8305316469e+00
2.3338228792e-01	-1.8304767692e+00
2.3314792651e-01	-1.8303973565e+00
2.3289219408e-01	-1.8303269786e+00
2.3264873974e-01	-1.8302739950e+00
2.3243839433e-01	-1.8302310652e+00
2.3226260725e-01	-1.8301957145e+00
2.3211300948e-01	-1.8301618379e+00
2.3198258394e-01	-1.8301252720e+00
2.3186609632e-01	-1.8300863327e+00
2.3175974841e-01	-1.8300453118e+00
2.3166118845e-01	-1.8300031854e+00
2.3156794066e-01	-1.8299612475e+00
2.3147821475e-01	-1.8299166414e+00
2.3139085123e-01	-1.8298692918e+00
2.3130495008e-01	-1.8298190896e+00
2.3121979859e-01	-1.8297659059e+00
2.3113481321e-01	-1.8297095940e+00
2.3104950412e-01	-1.8296499934e+00
2.3096367721e-01	-1.8295873045e+00
2.3087740152e-01	-1.8295225760e+00
2.3078981112e-01	-1.8294556339e+00
2.3070033814e-01	-1.8293844824e+00
2.3060858395e-01	-1.8293088112e+00
2.3051410762e-01	-1.8292282400e+00
2.3041639706e-01	-1.8291422928e+00
2.3031484859e-01	-1.8290503761e+00
2.3020873740e-01	-1.8289517450e+00
2.3009732951e-01	-1.8288456956e+00
2.2998038946e-01	-1.8287330366e+00
2.2985605331e-01	-1.8286118312e+00
2.2972279231e-01	-1.8284789970e+00
2.2957932925e-01	-1.8283328661e+00
2.2942477410e-01	-1.8281720108e+00
2.2925884862e-01	-1.8279952897e+00
2.2908376828e-01	-1.8278057817e+00
2.2890348842e-01	-1.8276070471e+00
2.2872242403e-01	-1.8274012024e+00
2.2851736086e-01	-1.8271468278e+00
2.2831596641e-01	-1.8268881866e+00
2.2812140897e-01	-1.8266310926e+00
2.2793702805e-01	-1.8263820317e+00
2.2776136690e-01	-1.8261391412e+00
2.2759290457e-01	-1.8259012351e+00
2.2743008831e-01	-1.8256669110e+00
2.2727147629e-01	-1.8254347417e+00
2.2711388741e-01	-1.8252001617e+00
2.2695790134e-01	-1.8249651258e+00
2.2680281429e-01	-1.8247286815e+00
2.2664761166e-01	-1.8244892687e+00
2.2649139596e-01	-1.8242456701e+00
2.2633276194e-01	-1.8239959812e+00
2.2616639092e-01	-1.8237334115e+00
2.2619356214e-01	-1.8237896838e+00
2.2621142159e-01	-1.8238269687e+00
2.2622973384e-01	-1.8238639879e+00
2.2624999265e-01	-1.8239036955e+00
2.2626999099e-01	-1.8239422636e+00
2.2628987567e-01	-1.8239802231e+00
2.2631047447e-01	-1.8240192403e+00
2.2633008381e-01	-1.8240562439e+00
2.2634961453e-01	-1.8240929301e+00
2.2636791354e-01	-1.8241272157e+00
2.2638349086e-01	-1.8241564148e+00
2.2639340327e-01	-1.8241752122e+00
2.2638593299e-01	-1.8241624120e+00
2.2635706042e-01	-1.8241103948e+00
2.2630000870e-01	-1.8240066183e+00
2.2619843408e-01	-1.8238201767e+00
2.2602401611e-01	-1.8234961779e+00
2.2573368780e-01	-1.8229454424e+00
2.2529517866e-01	-1.8220693134e+00
2.2488105434e-01	-1.8209555705e+00
2.2454698113e-01	-1.8198911827e+00
2.2415955441e-01	-1.8189034699e+00
2.2381364346e-01	-1.8180862747e+00
2.2352996081e-01	-1.8174285682e+00
2.2307381502e-01	-1.8163700850e+00
2.2238231842e-01	-1.8147135901e+00
2.2192288721e-01	-1.8134681031e+00
2.2170751385e-01	-1.8125876188e+00
2.2174301562e-01	-1.8120070118e+00
2.2185466317e-01	-1.8115814492e+00
2.2187155657e-01	-1.8112134725e+00
2.2183679697e-01	-1.8108967950e+00
2.2172448826e-01	-1.8103641518e+00
2.2146945471e-01	-1.8094926418e+00
2.2098535282e-01	-1.8080851042e+00
2.2024121226e-01	-1.8060550432e+00
2.1966105319e-01	-1.8044873114e+00
2.1921011194e-01	-1.8032574212e+00
2.1886218140e-01	-1.8023032384e+00
2.1832029368e-01	-1.8007883561e+00
2.1769154138e-01	-1.7989547914e+00
2.1708479092e-01	-1.7976135362e+00
2.2317496605e-01	-1.8031933053e+00
2.2310860750e-01	-1.8032877614e+00
2.2305073300e-01	-1.8033556375e+00
2.2299137001e-01	-1.8034052995e+00
2.2293211862e-01	-1.8034468238e+00
2.2287386690e-01	-1.8034858577e+00
2.2281580987e-01	-1.8035233210e+00
2.2275751097e-01	-1.8035572159e+00
2.2269871385e-01	-1.8035877492e+00
2.2263923237e-01	-1.8036150436e+00
2.2257892966e-01	-1.8036391641e+00
2.2251770280e-01	-1.8036601346e+00
2.2245547115e-01	-1.8036779510e+00
2.2239219354e-01	-1.8036926370e+00
2.2232811951e-01	-1.8037047218e+00
2.2226326427e-01	-1.8037169119e+00
2.2219714956e-01	-1.8037267760e+00
2.2212969826e-01	-1.8037331976e+00
2.2206082162e-01	-1.8037361018e+00
2.2199040849e-01	-1.8037353987e+00
2.2191832204e-01	-1.8037309781e+00
2.2184438790e-01	-1.8037227022e+00
2.2176838574e-01	-1.8037103965e+00
2.2169008041e-01	-1.8036939244e+00
2.2160999062e-01	-1.8036753266e+00
2.2152708303e-01	-1.8036561765e+00
2.2144038883e-01	-1.8036316674e+00
2.2134908697e-01	-1.8036011652e+00
2.2125207733e-01	-1.8035638040e+00
2.2114786423e-01	-1.8035183849e+00
2.2103438625e-01	-1.8034632201e+00
2.2090879202e-01	-1.8033959653e+00
2.2076785604e-01	-1.8033161010e+00
2.2060522617e-01	-1.8032193053e+00
2.2041264279e-01	-1.8030954466e+00
2.2018101707e-01	-1.8029366683e+00
2.1990543438e-01	-1.8027407672e+00
2.1960729623e-01	-1.8027621538e+00
2.2101115813e-01	-1.8031034952e+00
2.2068097719e-01	-1.8028757548e+00
2.2040059233e-01	-1.8026688543e+00
2.2015053494e-01	-1.8024724008e+00
2.1996021780e-01	-1.8023205914e+00
2.1980373888e-01	-1.8021901589e+00
2.1966696563e-01	-1.8020718032e+00
2.1954238448e-01	-1.8019601666e+00
2.1942637815e-01	-1.8018535109e+00
2.1931621269e-01	-1.8017525671e+00
2.1920824842e-01	-1.8016498530e+00
2.1910057295e-01	-1.8015434264e+00
2.1899139913e-01	-1.8014313115e+00
2.1887890624e-01	-1.8013113015e+00
2.1876131385e-01	-1.8011811904e+00
2.1863795108e-01	-1.8010415439e+00
2.1850553057e-01	-1.8008879104e+00
2.1836160678e-01	-1.8007148510e+00
2.1820508850e-01	-1.8005204006e+00
2.1803615317e-01	-1.8003039703e+00
2.1785988491e-01	-1.8000737005e+00
2.1768215336e-01	-1.7998377704e+00
2.1750855760e-01	-1.7996011545e+00
2.1734354497e-01	-1.7993700352e+00
2.1718973710e-01	-1.7991489324e+00
2.1704770892e-01	-1.7989405529e+00
2.1691492393e-01	-1.7987408452e+00
2.1678970269e-01	-1.7985475918e+00
2.1667037401e-01	-1.7983589823e+00
2.1655538467e-01	-1.7981731964e+00
2.1644376092e-01	-1.7979893037e+00
2.1633488434e-01	-1.7978070724e+00
2.1622683875e-01	-1.7976234521e+00
2.1611836468e-01	-1.7974359389e+00
2.1600854448e-01	-1.7972430410e+00
2.1589649755e-01	-1.7970432298e+00
2.1578136227e-01	-1.7968349143e+00
2.1566234610e-01	-1.7966165426e+00
2.1553922188e-01	-1.7963875840e+00
2.1541118325e-01	-1.7961464354e+00
2.1527725058e-01	-1.7958905900e+00
2.1512335739e-01	-1.7955915355e+00
2.1495299391e-01	-1.7952556049e+00
2.1477220368e-01	-1.7948942749e+00
2.1458002680e-01	-1.7945051063e+00
2.1438696916e-01	-1.7941087982e+00
2.1419436455e-01	-1.7937080901e+00
2.1400401840e-01	-1.7933069729e+00
2.1381715835e-01	-1.7929084337e+00
2.1363410616e-01	-1.7925136884e+00
2.1345560805e-01	-1.7921247831e+00
2.1328150039e-01	-1.7917413072e+00
2.1311036199e-01	-1.7913610973e+00
2.1294135057e-01	-1.7909826221e+00
2.1277354877e-01	-1.7906040562e+00
2.1260601596e-01	-1.7902234085e+00
2.1243784166e-01	-1.7898386487e+00
2.1226857745e-01	-1.7894486152e+00
2.1209758247e-01	-1.7890510306e+00
2.1192358845e-01	-1.7886434263e+00
2.1174605240e-01	-1.7882243688e+00
2.1156462129e-01	-1.7877927661e+00
2.1137918012e-01	-1.7873480833e+00
2.1118965066e-01	-1.7868899381e+00
2.1099678011e-01	-1.7864197067e+00
2.1080182638e-01	-1.7859394087e+00
2.1060489143e-01	-1.7854502750e+00
2.1040668684e-01	-1.7849542818e+00
2.1020689610e-01	-1.7844496453e+00
2.1003533643e-01	-1.7839863085e+00
2.1003992119e-01	-1.7839541441e+00
2.1004530169e-01	-1.7839237541e+00
2.1005325406e-01	-1.7839021353e+00
2.1006403877e-01	-1.7838892543e+00
2.1007579202e-01	-1.7838814124e+00
2.1008854133e-01	-1.7838764220e+00
2.1010114697e-01	-1.7838715419e+00
2.1011155126e-01	-1.7838619387e+00
2.1011491203e-01	-1.7838328344e+00
2.1007615760e-01	-1.7836962152e+00
2.0991123972e-01	-1.7832528727e+00
2.0973272634e-01	-1.7827993033e+00
2.0954237291e-01	-1.7823354650e+00
2.0934291243e-01	-1.7818615396e+00
2.0926783308e-01	-1.7816747487e+00
2.0926421239e-01	-1.7816617533e+00
2.0925706098e-01	-1.7816459743e+00
2.0924517171e-01	-1.7816265533e+00
2.0922715505e-01	-1.7816023572e+00
2.0920103250e-01	-1.7815717794e+00
2.0916301623e-01	-1.7815318436e+00
2.0911005420e-01	-1.7814797710e+00
2.0903375631e-01	-1.7814088523e+00
2.0892612329e-01	-1.7813140900e+00
2.0877722238e-01	-1.7811941373e+00
2.0856777749e-01	-1.7810448119e+00
2.0823561933e-01	-1.7807132635e+00
2.0793964517e-01	-1.7802799185e+00
2.0771663611e-01	-1.7799198701e+00
2.0756891309e-01	-1.7796804220e+00
2.0747959986e-01	-1.7795393477e+00
2.0737796724e-01	-1.7793761029e+00
2.0729190923e-01	-1.7792055173e+00
2.0718194078e-01	-1.7789623138e+00
2.0706068493e-01	-1.7786866364e+00
2.0685202813e-01	-1.7782018185e+00
2.0650304325e-01	-1.7773704911e+00
2.0597654935e-01	-1.7760495843e+00
2.0568637153e-01	-1.7751985347e+00
2.0557470006e-01	-1.7747003526e+00
2.0550388501e-01	-1.7743091472e+00
2.0541961105e-01	-1.7739451653e+00
2.0533021348e-01	-1.7736147105e+00
2.0515515058e-01	-1.7730296134e+00
2.0483463889e-01	-1.7720327046e+00
2.0429052660e-01	-1.7703764721e+00
2.0389148016e-01	-1.7691154723e+00
2.0362614831e-01	-1.7681789635e+00
2.0348857617e-01	-1.7675336514e+00
2.0346418757e-01	-1.7671248945e+00
2.0352125621e-01	-1.7668834491e+00
2.0369370401e-01	-1.7665527654e+00
2.0377822105e-01	-1.7675716880e+00
1.9969988133e-01	-1.7582660821e+00
1.9944478263e-01	-1.7580179663e+00
1.9920643484e-01	-1.7577374013e+00
1.9900515877e-01	-1.7575013315e+00
1.9883171264e-01	-1.7572919585e+00
1.9867933669e-01	-1.7571010817e+00
1.9854242198e-01	-1.7569233153e+00
1.9841744274e-01	-1.7567563913e+00
1.9830068280e-01	-1.7565984453e+00
1.9818907094e-01	-1.7564425806e+00
1.9808077148e-01	-1.7562866973e+00
1.9797437346e-01	-1.7561291794e+00
1.9786876095e-01	-1.7559686648e+00
1.9776304340e-01	-1.7558040077e+00
1.9765703442e-01	-1.7556355554e+00
1.9755064315e-01	-1.7554652224e+00
1.9744201569e-01	-1.7552882500e+00
1.9733042342e-01	-1.7551025158e+00
1.9721506774e-01	-1.7549065476e+00
1.9709501353e-01	-1.7546985536e+00
1.9696913635e-01	-1.7544763194e+00
1.9683637713e-01	-1.7542378413e+00
1.9669644568e-01	-1.7539838236e+00
1.9654669348e-01	-1.7537088757e+00
1.9638525214e-01	-1.7534073161e+00
1.9621126821e-01	-1.7530768378e+00
1.9602487308e-01	-1.7527166821e+00
1.9582933335e-01	-1.7523335798e+00
1.9562960109e-01	-1.7519376338e+00
1.9543006237e-01	-1.7515342325e+00
1.9523533684e-01	-1.7511324354e+00
1.9504866653e-01	-1.7507393726e+00
1.9487237495e-01	-1.7503620803e+00
1.9470459115e-01	-1.7499963492e+00
1.9454406387e-01	-1.7496399175e+00
1.9438938326e-01	-1.7492906410e+00
1.9423907552e-01	-1.7489460276e+00
1.9409213025e-01	-1.7486045365e+00
1.9394831169e-01	-1.7482668581e+00
1.9380506373e-01	-1.7479266777e+00
1.9366125708e-01	-1.7475813395e+00
1.9351592059e-01	-1.7472286579e+00
1.9336812685e-01	-1.7468664287e+00
1.9321696860e-01	-1.7464923795e+00
1.9306168130e-01	-1.7461044900e+00
1.9290230593e-01	-1.7457028499e+00
1.9273734641e-01	-1.7452831673e+00
1.9256620116e-01	-1.7448433647e+00
1.9238872842e-01	-1.7443825715e+00
1.9220480421e-01	-1.7438999088e+00
1.9198661368e-01	-1.7433210136e+00
1.9191792042e-01	-1.7431326672e+00
1.9191399922e-01	-1.7431171379e+00
1.9191161535e-01	-1.7431050573e+00
1.9191126620e-01	-1.7430978733e+00
1.9191200518e-01	-1.7430934479e+00
1.9191374192e-01	-1.7430912734e+00
1.9191620740e-01	-1.7430906339e+00
1.9191899815e-01	-1.7430906407e+00
1.9192262791e-01	-1.7430922995e+00
1.9192615240e-01	-1.7430937754e+00
1.9192936421e-01	-1.7430947528e+00
1.9192927059e-01	-1.7430895241e+00
1.9192231554e-01	-1.7430724830e+00
1.9190803510e-01	-1.7430426306e+00
1.9188454284e-01	-1.7429956967e+00
1.9184962742e-01	-1.7429261738e+00
1.9179777288e-01	-1.7428142443e+00
1.9162949799e-01	-1.7423750779e+00
1.9124634548e-01	-1.7413051730e+00
1.9092287553e-01	-1.7403668925e+00
1.9068184876e-01	-1.7396398048e+00
1.9052035056e-01	-1.7391235017e+00
1.9041704561e-01	-1.7387624711e+00
1.9031049095e-01	-1.7382989194e+00
1.9022519518e-01	-1.7376897671e+00
1.9009748350e-01	-1.7370534627e+00
1.8994315200e-01	-1.7364287342e+00
1.8980290861e-01	-1.7358979302e+00
1.8956025170e-01	-1.7350081577e+00
1.8916344427e-01	-1.7335571009e+00
1.8863797785e-01	-1.7314288492e+00
1.8860752866e-01	-1.7304093655e+00
1.8885083347e-01	-1.7299514388e+00
1.8873564595e-01	-1.7301859291e+00
1.7666164585e-01	-1.7044656628e+00
1.7640867739e-01	-1.7039909145e+00
1.7613033383e-01	-1.7034612547e+00
1.7585381180e-01	-1.7029379018e+00
1.7560301375e-01	-1.7024583518e+00
1.7538758700e-01	-1.7020450337e+00
1.7520188575e-01	-1.7016834426e+00
1.7503915921e-01	-1.7013578453e+00
1.7489345232e-01	-1.7010583718e+00
1.7476061437e-01	-1.7007790510e+00
1.7463668825e-01	-1.7005153818e+00
1.7451833268e-01	-1.7002575430e+00
1.7440348375e-01	-1.7000017373e+00
1.7429054623e-01	-1.6997449791e+00
1.7417825376e-01	-1.6994847943e+00
1.7406576355e-01	-1.6992196903e+00
1.7395302224e-01	-1.6989507572e+00
1.7383855346e-01	-1.6986758412e+00
1.7372109991e-01	-1.6983893103e+00
1.7359972867e-01	-1.6980887658e+00
1.7347335716e-01	-1.6977713072e+00
1.7334070783e-01	-1.6974334088e+00
1.7320063675e-01	-1.6970720056e+00
1.7305238928e-01	-1.6966860499e+00
1.7289347765e-01	-1.6962686627e+00
1.7272239268e-01	-1.6958133939e+00
1.7253901000e-01	-1.6953190976e+00
1.7234438264e-01	-1.6947875544e+00
1.7214397798e-01	-1.6942348472e+00
1.7194199433e-01	-1.6936708346e+00
1.7174302868e-01	-1.6931062530e+00
1.7155064468e-01	-1.6925512060e+00
1.7136769190e-01	-1.6920152284e+00
1.7119350772e-01	-1.6914978892e+00
1.7101961553e-01	-1.6909706458e+00
1.7083556398e-01	-1.6903995479e+00
1.7065652045e-01	-1.6898371946e+00
1.7047612204e-01	-1.6892631929e+00
1.7029904472e-01	-1.6886947982e+00
1.7012265988e-01	-1.6881235618e+00
1.6994539051e-01	-1.6875443100e+00
1.6976586410e-01	-1.6869526757e+00
1.6958276637e-01	-1.6863443006e+00
1.6939266411e-01	-1.6857073222e+00
1.6919362767e-01	-1.6850348482e+00
1.6898796508e-01	-1.6843345896e+00
1.6877472134e-01	-1.6836024266e+00
1.6855390646e-01	-1.6828377306e+00
1.6832585559e-01	-1.6820409649e+00
1.6809213927e-01	-1.6812169773e+00
1.6785606253e-01	-1.6803768718e+00
1.6761886506e-01	-1.6795248324e+00
1.6738241057e-01	-1.6786677421e+00
1.6714829299e-01	-1.6778117646e+00
1.6691746551e-01	-1.6769609441e+00
1.6669110665e-01	-1.6761200406e+00
1.6646865861e-01	-1.6752872332e+00
1.6624887733e-01	-1.6744588780e+00
1.6603073960e-01	-1.6736314132e+00
1.6581191508e-01	-1.6727952089e+00
1.6569690970e-01	-1.6723208263e+00
1.6572478848e-01	-1.6723598524e+00
1.6573452721e-01	-1.6723734500e+00
1.6574511943e-01	-1.6723908225e+00
1.6575611933e-01	-1.6724097876e+00
1.6576676605e-01	-1.6724277892e+00
1.6577770531e-01	-1.6724461609e+00
1.6578746816e-01	-1.6724610490e+00
1.6579602049e-01	-1.6724724970e+00
1.6579906107e-01	-1.6724706305e+00
1.6579267876e-01	-1.6724497955e+00
1.6577621994e-01	-1.6724069496e+00
1.6574534626e-01	-1.6723293537e+00
1.6569151803e-01	-1.6721918333e+00
1.6560185520e-01	-1.6719538300e+00
1.6546634549e-01	-1.6715822826e+00
1.6531668317e-01	-1.6711863411e+00
1.6526225351e-01	-1.6710539485e+00
1.6521759824e-01	-1.6709052155e+00
1.6516119693e-01	-1.6706908350e+00
1.6510228192e-01	-1.6704594945e+00
1.6498178827e-01	-1.6699800548e+00
1.6477364062e-01	-1.6691256843e+00
1.6448852101e-01	-1.6678257619e+00
1.6438158807e-01	-1.6670821494e+00
1.6430048944e-01	-1.6664611624e+00
1.6418147479e-01	-1.6657874532e+00
1.6405994457e-01	-1.6651663334e+00
1.6395444205e-01	-1.6646472165e+00
1.6377468403e-01	-1.6637794289e+00
1.6348112374e-01	-1.6623632571e+00
1.6307626611e-01	-1.6602839643e+00
1.6293008511e-01	-1.6591100890e+00
1.6307137199e-01	-1.6588502426e+00
1.6325052974e-01	-1.6587992173e+00
1.6330159828e-01	-1.6586478613e+00
1.7268187345e-01	-1.6816431789e+00
1.7251357530e-01	-1.6806520192e+00
1.7218513428e-01	-1.6789792499e+00
1.7176988345e-01	-1.6769750612e+00
1.7136219720e-01	-1.6750261611e+00
1.7104621092e-01	-1.6735036952e+00
1.7080358019e-01	-1.6723275147e+00
1.7043735438e-01	-1.6705200558e+00
1.7009969108e-01	-1.6712450864e+00
1.5544618183e-01	-1.6247848554e+00
1.5534094601e-01	-1.6246055692e+00
1.5524461175e-01	-1.6244047789e+00
1.5514886953e-01	-1.6241935943e+00
1.5505220035e-01	-1.6239736705e+00
1.5495479471e-01	-1.6237474324e+00
1.5485626062e-01	-1.6235188493e+00
1.5475606014e-01	-1.6232806329e+00
1.5465403019e-01	-1.6230323401e+00
1.5454996000e-01	-1.6227733880e+00
1.5443251192e-01	-1.6224562953e+00
1.5429439788e-01	-1.6220505540e+00
1.5414965882e-01	-1.6216174082e+00
1.5400034014e-01	-1.6211699934e+00
1.5384446187e-01	-1.6206966600e+00
1.5367986247e-01	-1.6201904094e+00
1.5350347592e-01	-1.6196412421e+00
1.5330675271e-01	-1.6190167603e+00
1.5308503496e-01	-1.6183051495e+00
1.5283378898e-01	-1.6174934415e+00
1.5254708091e-01	-1.6165581245e+00
1.5222588788e-01	-1.6155011218e+00
1.5188996494e-01	-1.6143993640e+00
1.5156285203e-01	-1.6133112250e+00
1.5126351058e-01	-1.6122984394e+00
1.5099615203e-01	-1.6113811599e+00
1.5075509741e-01	-1.6105344344e+00
1.5053448583e-01	-1.6097424129e+00
1.5032937981e-01	-1.6089923716e+00
1.5013529968e-01	-1.6082740262e+00
1.4994783886e-01	-1.6075693931e+00
1.4976440809e-01	-1.6068705426e+00
1.4958305578e-01	-1.6061713148e+00
1.4940227177e-01	-1.6054667737e+00
1.4922153379e-01	-1.6047561239e+00
1.4904017400e-01	-1.6040397324e+00
1.4885609391e-01	-1.6033062552e+00
1.4866824611e-01	-1.6025516835e+00
1.4847519266e-01	-1.6017707133e+00
1.4827261975e-01	-1.6009506349e+00
1.4830287665e-01	-1.6012235488e+00
1.4831499326e-01	-1.6013287639e+00
1.4832702890e-01	-1.6014285354e+00
1.4833896261e-01	-1.6015260948e+00
1.4835003765e-01	-1.6016186048e+00
1.4835977776e-01	-1.6017041188e+00
1.4836843623e-01	-1.6017850740e+00
1.4837517417e-01	-1.6018557552e+00
1.4838033433e-01	-1.6019182741e+00
1.4838221535e-01	-1.6019577828e+00
1.4838082894e-01	-1.6019603795e+00
1.4837660805e-01	-1.6019355045e+00
1.4836821805e-01	-1.6018740757e+00
1.4835216001e-01	-1.6017523371e+00
1.4832038213e-01	-1.6015207005e+00
1.4825455429e-01	-1.6010763655e+00
1.4812204231e-01	-1.6002450768e+00
1.4787467367e-01	-1.5987577324e+00
1.4767634617e-01	-1.5975599712e+00
1.4753267399e-01	-1.5966598238e+00
1.4743391869e-01	-1.5959971589e+00
1.4733161549e-01	-1.5951354301e+00
1.4744900430e-01	-1.5947498687e+00
1.4769358212e-01	-1.5949481023e+00
1.4775095100e-01	-1.5946374673e+00
1.4771935146e-01	-1.5941268995e+00
1.4766078280e-01	-1.5936065209e+00
1.4753971331e-01	-1.5926837835e+00
1.4732481990e-01	-1.5911792843e+00
1.4703961741e-01	-1.5893837535e+00
1.4674101176e-01	-1.5875292517e+00
1.4650961089e-01	-1.5860818186e+00
1.4623064433e-01	-1.5843237961e+00
1.4596473966e-01	-1.5826156694e+00
1.4571824468e-01	-1.5811009835e+00
1.4563818700e-01	-1.5823234923e+00
1.4556427608e-01	-1.5821799536e+00
1.4548947880e-01	-1.5820376367e+00
1.4541480426e-01	-1.5818903540e+00
1.4533979099e-01	-1.5817364745e+00
1.4526406421e-01	-1.5815750263e+00
1.4518749057e-01	-1.5814059428e+00
1.4511054879e-01	-1.5812344409e+00
1.4503239147e-01	-1.5810572278e+00
1.4495266010e-01	-1.5808698174e+00
1.4485685051e-01	-1.5806028824e+00
1.4474729198e-01	-1.5802678570e+00
1.4462793160e-01	-1.5798842005e+00
1.4449915465e-01	-1.5794555503e+00
1.4436520432e-01	-1.5790082465e+00
1.4422337181e-01	-1.5785255548e+00
1.4407055801e-01	-1.5779952829e+00
1.4390151381e-01	-1.5773958615e+00
1.4370700321e-01	-1.5766874787e+00
1.4348452460e-01	-1.5758690880e+00
1.4322760070e-01	-1.5749102074e+00
1.4293697391e-01	-1.5738123698e+00
1.4263105735e-01	-1.5726577734e+00
1.4233187231e-01	-1.5715259453e+00
1.4205662264e-01	-1.5704738807e+00
1.4181243428e-01	-1.5695341482e+00
1.4159463577e-01	-1.5686845387e+00
1.4139786533e-01	-1.5679033436e+00
1.4121717450e-01	-1.5671741535e+00
1.4104833476e-01	-1.5664850922e+00
1.4088650635e-01	-1.5658157205e+00
1.4072878000e-01	-1.5651541214e+00
1.4057295006e-01	-1.5644920710e+00
1.4041738772e-01	-1.5638234154e+00
1.4026199168e-01	-1.5631498173e+00
1.4010455285e-01	-1.5624629574e+00
1.3994327502e-01	-1.5617520176e+00
1.3977671829e-01	-1.5610104326e+00
1.3960322484e-01	-1.5602304321e+00
1.3942155993e-01	-1.5594063186e+00
1.3923096346e-01	-1.5585365173e+00
1.3902859489e-01	-1.5576050264e+00
1.3881410623e-01	-1.5566082364e+00
1.3858851526e-01	-1.5555493513e+00
1.3835647871e-01	-1.5544508006e+00
1.3812190413e-01	-1.5533295679e+00
1.3788898459e-01	-1.5522032799e+00
1.3766150772e-01	-1.5510904126e+00
1.3744319132e-01	-1.5500112951e+00
1.3723316104e-01	-1.5489623187e+00
1.3703035625e-01	-1.5479385174e+00
1.3683335400e-01	-1.5469340700e+00
1.3662568712e-01	-1.5458619436e+00
1.3641223141e-01	-1.5447496639e+00
1.3619972992e-01	-1.5436339688e+00
1.3598617468e-01	-1.5425043401e+00
1.3576985084e-01	-1.5413517826e+00
1.3554721990e-01	-1.5401569950e+00
1.3530709331e-01	-1.5388583200e+00
1.3506059156e-01	-1.5375158272e+00
1.3480684880e-01	-1.5361237519e+00
1.3454621004e-01	-1.5346831373e+00
1.3427919904e-01	-1.5331960543e+00
1.3400847355e-01	-1.5316764659e+00
1.3375856878e-01	-1.5302594502e+00
1.3373831351e-01	-1.5301134716e+00
1.3372838849e-01	-1.5300439160e+00
1.3372027265e-01	-1.5299846247e+00
1.3371352572e-01	-1.5299326779e+00
1.3370782012e-01	-1.5298864261e+00
1.3370315392e-01	-1.5298452225e+00
1.3369987733e-01	-1.5298115771e+00
1.3369737004e-01	-1.5297820152e+00
1.3369467640e-01	-1.5297540622e+00
1.3369173455e-01	-1.5297336639e+00
1.3368761831e-01	-1.5297145131e+00
1.3368174053e-01	-1.5296939255e+00
1.3367423317e-01	-1.5296753048e+00
1.3366840907e-01	-1.5296797353e+00
1.3367016386e-01	-1.5297398868e+00
1.3368280412e-01	-1.5298574549e+00
1.3365801218e-01	-1.5297080573e+00
1.3355668025e-01	-1.5290792928e+00
1.3347205017e-01	-1.5285295455e+00
1.3338956014e-01	-1.5279879425e+00
1.3333368887e-01	-1.5275963996e+00
1.3328448343e-01	-1.5271592645e+00
1.3327731018e-01	-1.5269619517e+00
1.3327660145e-01	-1.5268178527e+00
1.3327197009e-01	-1.5266757752e+00
1.3324874057e-01	-1.5263618344e+00
1.3316278816e-01	-1.5255954132e+00
1.3295584962e-01	-1.5240084916e+00
1.3277873339e-01	-1.5226750863e+00
1.3265454258e-01	-1.5216959542e+00
1.3257623929e-01	-1.5210091003e+00
1.3253694695e-01	-1.5205685936e+00
1.3254484678e-01	-1.5201939264e+00
1.3276722195e-01	-1.5205563455e+00
1.3296198297e-01	-1.5209060995e+00
1.3302009327e-01	-1.5207519691e+00
1.3301461959e-01	-1.5203981263e+00
1.3298593298e-01	-1.5201827989e+00
1.4252118079e-01	-1.5568025188e+00
1.4231018942e-01	-1.5552361363e+00
1.4208968155e-01	-1.5536434734e+00
1.4186963133e-01	-1.5520579734e+00
1.4165477728e-01	-1.5504985636e+00
1.4145038824e-01	-1.5489984194e+00
1.4125729429e-01	-1.5497978433e+00
1.2719702118e-01	-1.4833676552e+00
1.2707401473e-01	-1.4828825093e+00
1.2695541069e-01	-1.4823872920e+00
1.2683692398e-01	-1.4818863966e+00
1.2671700223e-01	-1.4813764290e+00
1.2659502728e-01	-1.4808501453e+00
1.2647058908e-01	-1.4803056408e+00
1.2634311844e-01	-1.4797401686e+00
1.2621265401e-01	-1.4791550684e+00
1.2607818485e-01	-1.4785525906e+00
1.2592078255e-01	-1.4778114926e+00
1.2573205108e-01	-1.4768817111e+00
1.2551355483e-01	-1.4757769440e+00
1.2526070992e-01	-1.4744754217e+00
1.2497715797e-01	-1.4730065788e+00
1.2466192134e-01	-1.4713584906e+00
1.2432560978e-01	-1.4695897319e+00
1.2398755584e-01	-1.4678059723e+00
1.2366390125e-01	-1.4660777123e+00
1.2336721150e-01	-1.4644774823e+00
1.2309700214e-01	-1.4630029552e+00
1.2284928073e-01	-1.4616305331e+00
1.2261947743e-01	-1.4603395753e+00
1.2240308193e-01	-1.4591121653e+00
1.2219432003e-01	-1.4579143110e+00
1.2198981094e-01	-1.4567280585e+00
1.2178696187e-01	-1.4555398637e+00
1.2158459359e-01	-1.4543444051e+00
1.2138140371e-01	-1.4531381292e+00
1.2117452305e-01	-1.4518998814e+00
1.2096228628e-01	-1.4506195551e+00
1.2074286961e-01	-1.4492857947e+00
1.2051543289e-01	-1.4478937047e+00
1.2027864732e-01	-1.4464369068e+00
1.2003033575e-01	-1.4448972827e+00
1.1977093690e-01	-1.4432758976e+00
1.1950263286e-01	-1.4415848224e+00
1.1923020957e-01	-1.4398553141e+00
1.1895643764e-01	-1.4381005490e+00
1.1868521311e-01	-1.4363451270e+00
1.1842057113e-01	-1.4346164917e+00
1.1816380655e-01	-1.4329249161e+00
1.1791390097e-01	-1.4312635535e+00
1.1766977396e-01	-1.4296268243e+00
1.1742952157e-01	-1.4280037191e+00
1.1727253270e-01	-1.4269539393e+00
1.1728833737e-01	-1.4270973269e+00
1.1729630181e-01	-1.4271663059e+00
1.1730632301e-01	-1.4272474661e+00
1.1731703306e-01	-1.4273317414e+00
1.1732811506e-01	-1.4274174756e+00
1.1732921749e-01	-1.4274326294e+00
1.1732825238e-01	-1.4274324146e+00
1.1732636169e-01	-1.4274246776e+00
1.1731979677e-01	-1.4273828694e+00
1.1731631127e-01	-1.4273594778e+00
1.1731392007e-01	-1.4273421321e+00
1.1731234627e-01	-1.4273284923e+00
1.1730852256e-01	-1.4272956984e+00
1.1729737482e-01	-1.4272048044e+00
1.1724497718e-01	-1.4268106504e+00
1.1715692875e-01	-1.4261307041e+00
1.1706327532e-01	-1.4253155223e+00
1.1705180503e-01	-1.4250454205e+00
1.1707046660e-01	-1.4249881102e+00
1.1708328755e-01	-1.4249130366e+00
1.1708584516e-01	-1.4247990528e+00
1.1706734996e-01	-1.4244590915e+00
1.1699154573e-01	-1.4236042408e+00
1.1691128595e-01	-1.4227917071e+00
1.1684442902e-01	-1.4221198441e+00
1.1679595963e-01	-1.4216158573e+00
1.1673218864e-01	-1.4208873994e+00
1.1670525351e-01	-1.4202462910e+00
1.1677543471e-01	-1.4202810842e+00
1.1689854346e-01	-1.4206991281e+00
1.1702105042e-01	-1.4211708748e+00
1.1711394141e-01	-1.4215097173e+00
1.1722974693e-01	-1.4218626659e+00
1.1730668966e-01	-1.4218100742e+00
1.1728072880e-01	-1.4212424898e+00
1.1721966463e-01	-1.4205384962e+00
1.1707195714e-01	-1.4190983355e+00
1.1692152678e-01	-1.4176632976e+00
1.1677247645e-01	-1.4162488171e+00
1.1662575101e-01	-1.4148519688e+00
1.1648302809e-01	-1.4134849155e+00
1.1634631551e-01	-1.4122506383e+00
1.1756606227e-01	-1.4206480291e+00
1.1743120492e-01	-1.4193514764e+00
1.1729874944e-01	-1.4180796375e+00
1.1722110209e-01	-1.4171581636e+00
1.1723437383e-01	-1.4165652285e+00
1.1731029494e-01	-1.4163813174e+00
1.1758601948e-01	-1.4182160307e+00
1.1345756040e-01	-1.3917772877e+00
1.1322141605e-01	-1.3906015819e+00
1.1303408883e-01	-1.3896680415e+00
1.1287488671e-01	-1.3888715782e+00
1.1273151483e-01	-1.3881433537e+00
1.1259681615e-01	-1.3874487960e+00
1.1246697987e-01	-1.3867739659e+00
1.1233893408e-01	-1.3861020573e+00
1.1221111123e-01	-1.3854217574e+00
1.1208270493e-01	-1.3847290811e+00
1.1195357112e-01	-1.3840241034e+00
1.1182405235e-01	-1.3833152189e+00
1.1169274433e-01	-1.3825893932e+00
1.1155915015e-01	-1.3818414625e+00
1.1142258894e-01	-1.3810672630e+00
1.1128263793e-01	-1.3802650084e+00
1.1113817537e-01	-1.3794361998e+00
1.1098566535e-01	-1.3785501169e+00
1.1082167751e-01	-1.3775847393e+00
1.1064253861e-01	-1.3765176942e+00
1.1044532592e-01	-1.3753370113e+00
1.1022780319e-01	-1.3740221822e+00
1.0996417629e-01	-1.3723671313e+00
1.0967169915e-01	-1.3704935824e+00
1.0937959693e-01	-1.3685983792e+00
1.0907429328e-01	-1.3665609112e+00
1.0879291632e-01	-1.3646699303e+00
1.0853297196e-01	-1.3629012604e+00
1.0829097726e-01	-1.3612350177e+00
1.0806305671e-01	-1.3596515593e+00
1.0784311172e-01	-1.3581084298e+00
1.0762725632e-01	-1.3565788350e+00
1.0741268213e-01	-1.3550444581e+00
1.0719858758e-01	-1.3535029012e+00
1.0698205112e-01	-1.3519337601e+00
1.0676071107e-01	-1.3503169145e+00
1.0653269095e-01	-1.3486382391e+00
1.0629698592e-01	-1.3468901212e+00
1.0605294162e-01	-1.3450700884e+00
1.0579909943e-01	-1.3431620238e+00
1.0553650931e-01	-1.3411722159e+00
1.0526874194e-01	-1.3391276019e+00
1.0499880419e-01	-1.3370508514e+00
1.0472898712e-01	-1.3349565677e+00
1.0446230559e-01	-1.3328683605e+00
1.0420227873e-01	-1.3308161307e+00
1.0394819344e-01	-1.3287943304e+00
1.0369947733e-01	-1.3267991001e+00
1.0345502126e-01	-1.3248229314e+00
1.0321457890e-01	-1.3228658041e+00
1.0297504971e-01	-1.3209026640e+00
1.0273450399e-01	-1.3189177002e+00
1.0249156003e-01	-1.3168995836e+00
1.0224617846e-01	-1.3148479307e+00
1.0199761733e-01	-1.3127561367e+00
1.0174458404e-01	-1.3106124975e+00
1.0152090853e-01	-1.3087032098e+00
1.0149304326e-01	-1.3084522934e+00
1.0147111992e-01	-1.3082545145e+00
1.0145055491e-01	-1.3080673534e+00
1.0143120698e-01	-1.3078899812e+00
1.0141230503e-01	-1.3077152547e+00
1.0139399863e-01	-1.3075446983e+00
1.0137602166e-01	-1.3073757087e+00
1.0135901482e-01	-1.3072146681e+00
1.0134393577e-01	-1.3070712847e+00
1.0133836584e-01	-1.3070193184e+00
1.0133704265e-01	-1.3070091188e+00
1.0134019985e-01	-1.3070432940e+00
1.0134957704e-01	-1.3071386271e+00
1.0136874142e-01	-1.3073276248e+00
1.0140350431e-01	-1.3076596762e+00
1.0144942200e-01	-1.3080872533e+00
1.0140765650e-01	-1.3077354727e+00
1.0136095898e-01	-1.3073001007e+00
1.0132664878e-01	-1.3069556746e+00
1.0130677056e-01	-1.3067307793e+00
1.0129952075e-01	-1.3066158694e+00
1.0130379637e-01	-1.3065469779e+00
1.0134876277e-01	-1.3067092611e+00
1.0139391701e-01	-1.3068828381e+00
1.0142159394e-01	-1.3069415416e+00
1.0143288132e-01	-1.3068947624e+00
1.0143462636e-01	-1.3067953834e+00
1.0142728601e-01	-1.3065514764e+00
1.0139917630e-01	-1.3060220659e+00
1.0136457367e-01	-1.3054157307e+00
1.0134798221e-01	-1.3050153618e+00
1.0134816818e-01	-1.3047923490e+00
1.0139492695e-01	-1.3047872622e+00
1.0151917767e-01	-1.3053511493e+00
1.0162806112e-01	-1.3058256179e+00
1.0171054074e-01	-1.3061488823e+00
1.0174321036e-01	-1.3061308212e+00
1.0174945756e-01	-1.3057488941e+00
1.0171855604e-01	-1.3050149258e+00
1.0165775418e-01	-1.3040919669e+00
1.0159608949e-01	-1.3032713097e+00
1.0151036203e-01	-1.3021887500e+00
1.0142223642e-01	-1.3011030981e+00
1.0133415352e-01	-1.3000339673e+00
1.0765689078e-01	-1.3417579091e+00
1.0757404791e-01	-1.3407464187e+00
1.0749578473e-01	-1.3397789964e+00
1.0741837057e-01	-1.3388190026e+00
1.0734120545e-01	-1.3378630193e+00
1.0726833429e-01	-1.3369408601e+00
1.0719712435e-01	-1.3378883609e+00
1.0548185423e-01	-1.3208044111e+00
1.0531328868e-01	-1.3197621550e+00
1.0514760226e-01	-1.3187279277e+00
1.0498227775e-01	-1.3176835195e+00
1.0481629621e-01	-1.3166229511e+00
1.0465045222e-01	-1.3155564274e+00
1.0448333437e-01	-1.3144763530e+00
1.0431384625e-01	-1.3133685514e+00
1.0414113148e-01	-1.3122269948e+00
1.0396590497e-01	-1.3110604574e+00
1.0378524691e-01	-1.3098540552e+00
1.0359470597e-01	-1.3085660489e+00
1.0339060742e-01	-1.3071700432e+00
1.0317143056e-01	-1.3056594518e+00
1.0293517139e-01	-1.3040188630e+00
1.0268416597e-01	-1.3022577148e+00
1.0242807898e-01	-1.3004517101e+00
1.0217210038e-01	-1.2986336887e+00
1.0191261668e-01	-1.2967565435e+00
1.0162765181e-01	-1.2946312537e+00
1.0135919965e-01	-1.2926105604e+00
1.0109240869e-01	-1.2905673101e+00
1.0082789115e-01	-1.2885129998e+00
1.0057236963e-01	-1.2865121933e+00
1.0032126369e-01	-1.2845274231e+00
1.0007182495e-01	-1.2825387760e+00
9.9824059417e-02	-1.2805508032e+00
9.9573986117e-02	-1.2785306153e+00
9.9319497515e-02	-1.2764583599e+00
9.9059535922e-02	-1.2743251765e+00
9.8795589011e-02	-1.2721457110e+00
9.8525428122e-02	-1.2698993468e+00
9.8249285302e-02	-1.2675851428e+00
9.7968927384e-02	-1.2652172425e+00
9.7687596049e-02	-1.2628248600e+00
9.7405105663e-02	-1.2604033312e+00
9.7123163281e-02	-1.2579668813e+00
9.6845030987e-02	-1.2555451611e+00
9.6570803794e-02	-1.2531400829e+00
9.6299652986e-02	-1.2507436445e+00
9.6031217388e-02	-1.2483535935e+00
9.5766853241e-02	-1.2459837439e+00
9.5504027476e-02	-1.2436118476e+00
9.5241034723e-02	-1.2412222986e+00
9.4977179402e-02	-1.2388090462e+00
9.4713339469e-02	-1.2363804302e+00
9.4448559219e-02	-1.2339276087e+00
9.4181983986e-02	-1.2314424549e+00
9.3913514489e-02	-1.2289239715e+00
9.3643815825e-02	-1.2263782526e+00
9.3372535361e-02	-1.2238011086e+00
9.3269940625e-02	-1.2227940115e+00
9.3256881832e-02	-1.2226454908e+00
9.3245569746e-02	-1.2225119001e+00
9.3236914397e-02	-1.2224044324e+00
9.3230209166e-02	-1.2223150958e+00
9.3215531310e-02	-1.2221497236e+00
9.3189761245e-02	-1.2218784137e+00
9.3164640300e-02	-1.2216125599e+00
9.3140503843e-02	-1.2213558632e+00
9.3125007938e-02	-1.2211914853e+00
9.3120668962e-02	-1.2211470077e+00
9.3123320649e-02	-1.2211787265e+00
9.3134306164e-02	-1.2213013742e+00
9.3157344992e-02	-1.2215543118e+00
9.3197315127e-02	-1.2219883860e+00
9.3198553227e-02	-1.2220787626e+00
9.3202613973e-02	-1.2222052713e+00
9.3208072960e-02	-1.2222930061e+00
9.3213465093e-02	-1.2223533720e+00
9.3218009155e-02	-1.2223924651e+00
9.3229392072e-02	-1.2224744344e+00
9.3258312068e-02	-1.2226587864e+00
9.3303745501e-02	-1.2229776352e+00
9.3352023134e-02	-1.2233193890e+00
9.3398496107e-02	-1.2236526643e+00
9.3437376910e-02	-1.2239270474e+00
9.3498268886e-02	-1.2243385943e+00
9.3583886089e-02	-1.2248699952e+00
9.3634118598e-02	-1.2251133267e+00
9.3667516128e-02	-1.2252437990e+00
9.3690241859e-02	-1.2253083580e+00
9.3723318409e-02	-1.2253719101e+00
9.3773047548e-02	-1.2255236967e+00
9.3843307735e-02	-1.2258374581e+00
9.3906191766e-02	-1.2261206234e+00
9.3966517180e-02	-1.2264152459e+00
9.4050129108e-02	-1.2267245298e+00
9.4103514308e-02	-1.2268252050e+00
9.4144853616e-02	-1.2268882042e+00
9.4174494376e-02	-1.2269152597e+00
9.4209856176e-02	-1.2269599784e+00
8.8337654892e-02	-1.1805765223e+00
8.8322338748e-02	-1.1801497200e+00
8.8304663658e-02	-1.1797634538e+00
8.8288136721e-02	-1.1794350522e+00
8.8258616900e-02	-1.1788829612e+00
8.8220913831e-02	-1.1782029602e+00
8.8182787810e-02	-1.1775262281e+00
8.8144411745e-02	-1.1771154485e+00
8.7443386168e-02	-1.1704226701e+00
8.7265604651e-02	-1.1689550853e+00
8.7085715713e-02	-1.1674612646e+00
8.6901597553e-02	-1.1659231069e+00
8.6710020254e-02	-1.1643041357e+00
8.6509477853e-02	-1.1625916263e+00
8.6299881207e-02	-1.1607911076e+00
8.6080830748e-02	-1.1588883379e+00
8.5855647979e-02	-1.1569130358e+00
8.5629108555e-02	-1.1549166332e+00
8.5379933581e-02	-1.1526645616e+00
8.5095689673e-02	-1.1500237141e+00
8.4820853246e-02	-1.1474539739e+00
8.4555761585e-02	-1.1449526475e+00
8.4283291834e-02	-1.1423436848e+00
8.4019062378e-02	-1.1397966451e+00
8.3759079753e-02	-1.1372690979e+00
8.3501122964e-02	-1.1347409341e+00
8.3245472547e-02	-1.1322202018e+00
8.2989318896e-02	-1.1296764011e+00
8.2732034256e-02	-1.1271017645e+00
8.2474715890e-02	-1.1245085532e+00
8.2217294510e-02	-1.1218985377e+00
8.1958391245e-02	-1.1192538477e+00
8.1698308625e-02	-1.1165777079e+00
8.1438520535e-02	-1.1138871835e+00
8.1177438187e-02	-1.1111646959e+00
8.0914779167e-02	-1.1084060503e+00
8.0651543598e-02	-1.1056220863e+00
8.0387994637e-02	-1.1028170079e+00
8.0122792839e-02	-1.0999745037e+00
7.9856111474e-02	-1.0970963180e+00
7.9589517852e-02	-1.0941999847e+00
7.9321770843e-02	-1.0912716924e+00
7.9052295912e-02	-1.0883043398e+00
7.8781924727e-02	-1.0853070568e+00
7.8511071459e-02	-1.0822843719e+00
7.8238431277e-02	-1.0792213244e+00
7.7954743428e-02	-1.0760134744e+00
7.7639208634e-02	-1.0724244628e+00
7.7322408244e-02	-1.0687967850e+00
7.7003163157e-02	-1.0651172089e+00
7.6666235325e-02	-1.0612113552e+00
7.6329082305e-02	-1.0572761956e+00
7.5990217909e-02	-1.0532949727e+00
7.5649650638e-02	-1.0492679470e+00
7.5308537433e-02	-1.0452080374e+00
7.4966178075e-02	-1.0411057473e+00
7.4621972021e-02	-1.0369552992e+00
7.4276380270e-02	-1.0327619275e+00
7.3930195355e-02	-1.0285333021e+00
7.3582197451e-02	-1.0242554102e+00
7.3232286251e-02	-1.0199276725e+00
7.2881329395e-02	-1.0155599909e+00
7.2529023238e-02	-1.0111461119e+00
7.2174723572e-02	-1.0066806330e+00
7.1818602216e-02	-1.0021653990e+00
7.1461752498e-02	-9.9761151105e-01
7.1103062670e-02	-9.9300527789e-01
7.0742282072e-02	-9.8834515027e-01
7.0380032412e-02	-9.8363835044e-01
7.0016542797e-02	-9.7888102300e-01
6.9847576782e-02	-9.7646193561e-01
6.9790858366e-02	-9.7550292230e-01
6.9745138392e-02	-9.7475229880e-01
6.9699223363e-02	-9.7401400140e-01
6.9654111353e-02	-9.7329580166e-01
6.9608913302e-02	-9.7257697081e-01
6.9564381654e-02	-9.7186753172e-01
6.9522573215e-02	-9.7120040177e-01
6.9496713598e-02	-9.7078935896e-01
6.9493639930e-02	-9.7074578626e-01
6.9504749960e-02	-9.7093312403e-01
6.9533464160e-02	-9.7140685315e-01
6.9587814789e-02	-9.7229576802e-01
6.9681211169e-02	-9.7380940076e-01
6.9835335157e-02	-9.7626277666e-01
7.0079128629e-02	-9.8005812526e-01
7.0266174568e-02	-9.8289534544e-01
7.0410367881e-02	-9.8504200448e-01
7.0522916561e-02	-9.8669103430e-01
7.0610549376e-02	-9.8796259826e-01
7.0749112483e-02	-9.8994623683e-01
7.0965347654e-02	-9.9298234329e-01
7.1131554842e-02	-9.9526565182e-01
7.1259868178e-02	-9.9700149787e-01
7.1359759728e-02	-9.9833712008e-01
7.1518280610e-02	-1.0004244520e+00
7.1744754191e-02	-1.0033568516e+00
7.1895027218e-02	-1.0052724837e+00
7.1980065426e-02	-1.0063504858e+00
7.2026333801e-02	-1.0069337961e+00
7.2062306554e-02	-1.0073784253e+00
7.2118746753e-02	-1.0080601999e+00
7.2205959438e-02	-1.0090785219e+00
7.2272194374e-02	-1.0098236962e+00
7.2326040519e-02	-1.0104159458e+00
7.2367833539e-02	-1.0108658145e+00
7.2433242142e-02	-1.0115523358e+00
7.2513925328e-02	-1.0123793348e+00
7.2591473062e-02	-1.0131470084e+00
7.2652895818e-02	-1.0137420395e+00
7.2701381581e-02	-1.0142033481e+00
7.2775369977e-02	-1.0148887592e+00
7.2849748775e-02	-1.0155675619e+00
7.2923448044e-02	-1.0162259733e+00
7.2997294276e-02	-1.0168735138e+00
7.3076418440e-02	-1.0175751580e+00
7.3161479463e-02	-1.0183307966e+00
7.3249292698e-02	-1.0191008786e+00
7.3337499547e-02	-1.0200188093e+00
7.4817404999e-02	-1.0343864537e+00
7.4514686674e-02	-1.0311091056e+00
7.4208019579e-02	-1.0277622521e+00
7.3897886417e-02	-1.0243516729e+00
7.3586527124e-02	-1.0208997185e+00
7.3275622710e-02	-1.0174280153e+00
7.2965550190e-02	-1.0139421140e+00
7.2654227898e-02	-1.0104137952e+00
7.2343151266e-02	-1.0068622622e+00
7.2032517659e-02	-1.0032906484e+00
7.1720605925e-02	-9.9967575000e-01
7.1409106718e-02	-9.9603888454e-01
7.1097873842e-02	-9.9237881105e-01
7.0785324478e-02	-9.8867461103e-01
7.0473008545e-02	-9.8494578703e-01
7.0160815907e-02	-9.8119131506e-01
6.9847268635e-02	-9.7739186922e-01
6.9533929498e-02	-9.7356703181e-01
6.9220790458e-02	-9.6971680656e-01
6.8906257195e-02	-9.6582071855e-01
6.8591833556e-02	-9.6189754652e-01
6.8277302342e-02	-9.5794440228e-01
6.7961330012e-02	-9.5394449256e-01
6.7645115658e-02	-9.4991277746e-01
6.7328664586e-02	-9.4584872675e-01
6.7010724219e-02	-9.4173694371e-01
6.6692411830e-02	-9.3759142072e-01
6.6374024360e-02	-9.3341470506e-01
6.6054098289e-02	-9.2918924346e-01
6.5733619693e-02	-9.2492756013e-01
6.5412960708e-02	-9.2063249475e-01
6.5090711617e-02	-9.1628763656e-01
6.4767606432e-02	-9.1190250934e-01
6.4444246148e-02	-9.0748216052e-01
6.4119235387e-02	-9.0301075487e-01
6.3793034002e-02	-8.9849432523e-01
6.3466430995e-02	-8.9394027525e-01
6.3138114526e-02	-8.8933342586e-01
6.2808480433e-02	-8.8467937512e-01
6.2478715631e-02	-8.7999068956e-01
6.2147270307e-02	-8.7524834976e-01
6.1814270211e-02	-8.7045498566e-01
6.1480786018e-02	-8.6562219081e-01
6.1145575525e-02	-8.6073362925e-01
6.0808617559e-02	-8.5579062431e-01
6.0470956307e-02	-8.5080504774e-01
6.0131584896e-02	-8.4576213691e-01
5.9790302170e-02	-8.4066166531e-01
5.9448194442e-02	-8.3551691755e-01
5.9104424271e-02	-8.3031344748e-01
5.8758652199e-02	-8.2505040524e-01
5.8411698109e-02	-8.1973841443e-01
5.8063247038e-02	-8.1436770598e-01
5.7712712347e-02	-8.0893560058e-01
5.7360620552e-02	-8.0344940452e-01
5.7007080312e-02	-7.9790417940e-01
5.6651367300e-02	-7.9229510289e-01
5.6293748749e-02	-7.8662630227e-01
5.5934681127e-02	-7.8089885592e-01
5.5573377846e-02	-7.7510438793e-01
5.5209884076e-02	-7.6924524083e-01
5.4844925529e-02	-7.6332767174e-01
5.4477715600e-02	-7.5733873948e-01
5.4234387225e-02	-7.5311497659e-01
5.4194225076e-02	-7.5211432842e-01
5.4153657094e-02	-7.5105528671e-01
5.4112879987e-02	-7.5004751863e-01
5.4071037666e-02	-7.4904857479e-01
5.4029887996e-02	-7.4807619428e-01
5.3989484316e-02	-7.4712197890e-01
5.3952308339e-02	-7.4624070873e-01
5.3938105704e-02	-7.4591061958e-01
5.3941932886e-02	-7.4601817511e-01
5.3959967903e-02	-7.4647570322e-01
5.3997438169e-02	-7.4740183816e-01
5.4063408255e-02	-7.4901565663e-01
5.4172399167e-02	-7.5165040128e-01
5.4346995006e-02	-7.5576068477e-01
5.4480948943e-02	-7.5884067177e-01
5.4584294052e-02	-7.6117283386e-01
5.4664538692e-02	-7.6296070500e-01
5.4727749974e-02	-7.6434694117e-01
5.4826923504e-02	-7.6650149030e-01
5.4982126426e-02	-7.6980326924e-01
5.5100765315e-02	-7.7227835767e-01
5.5193172002e-02	-7.7416853422e-01
5.5265108840e-02	-7.7562248519e-01
5.5377817152e-02	-7.7787393581e-01
5.5554940859e-02	-7.8132445772e-01
5.5689691495e-02	-7.8389040173e-01
5.5793639798e-02	-7.8583491851e-01
5.5874057531e-02	-7.8732219737e-01
5.5937928219e-02	-7.8848488884e-01
5.6038131590e-02	-7.9029134287e-01
5.6195155865e-02	-7.9306993116e-01
5.6316173015e-02	-7.9516699226e-01
5.6409704252e-02	-7.9676567741e-01
5.6483595177e-02	-7.9801035087e-01
5.6599115349e-02	-7.9993461228e-01
5.6780715638e-02	-8.0289713857e-01
5.6918949717e-02	-8.0510589857e-01
5.7026951640e-02	-8.0680114301e-01
5.7111131322e-02	-8.0810662737e-01
5.7243068097e-02	-8.1012615001e-01
5.7419669196e-02	-8.1277473968e-01
5.7554515116e-02	-8.1476019867e-01
5.7660107915e-02	-8.1629217246e-01
5.7742067383e-02	-8.1746866553e-01
5.7871446734e-02	-8.1930329450e-01
5.8026450618e-02	-8.2146660004e-01
5.8176553242e-02	-8.2352676373e-01
5.8294047987e-02	-8.2511759002e-01
5.8385252495e-02	-8.2633853277e-01
5.8526638937e-02	-8.2830075443e-01
5.7253752298e-02	-8.1279374394e-01
5.7354383315e-02	-8.1411005982e-01
5.7433836913e-02	-8.1514168209e-01
5.7496082903e-02	-8.1594390689e-01
5.7594118124e-02	-8.1719668514e-01
5.7712999949e-02	-8.1870456166e-01
5.7829261152e-02	-8.2016431733e-01
5.7942142908e-02	-8.2280134977e-01
5.7358349012e-02	-8.1224069879e-01
5.7467649298e-02	-8.1355292746e-01
5.7553516354e-02	-8.1457387085e-01
5.7622591199e-02	-8.1539468469e-01
5.7731728153e-02	-8.1667905548e-01
5.7862318760e-02	-8.1819680034e-01
5.7992889685e-02	-8.1971052921e-01
5.8120220083e-02	-8.2244719936e-01
5.6705912492e-02	-8.0004650854e-01
5.6357188566e-02	-7.9540497998e-01
5.6009911093e-02	-7.9074648024e-01
5.5663706373e-02	-7.8606508174e-01
5.5317414104e-02	-7.8134094985e-01
5.4973546262e-02	-7.7661546269e-01
5.4629006574e-02	-7.7183824092e-01
5.4286774261e-02	-7.6705720188e-01
5.3945004117e-02	-7.6224311948e-01
5.3603529354e-02	-7.5739296895e-01
5.3264103930e-02	-7.5253514987e-01
5.2923964369e-02	-7.4762564191e-01
5.2585901643e-02	-7.4270836735e-01
5.2247847043e-02	-7.3775130171e-01
5.1909935174e-02	-7.3275648501e-01
5.1573712007e-02	-7.2774838139e-01
5.1236716784e-02	-7.2268871340e-01
5.0901384442e-02	-7.1761532166e-01
5.0566272398e-02	-7.1250607657e-01
5.0230758921e-02	-7.0735160166e-01
4.9896983057e-02	-7.0218476398e-01
4.9562370686e-02	-6.9696638968e-01
4.9228277810e-02	-6.9171742045e-01
4.8894636006e-02	-6.8643668201e-01
4.8560116199e-02	-6.8110443135e-01
4.8226906928e-02	-6.7575379227e-01
4.7893247037e-02	-6.7035811923e-01
4.7558998825e-02	-6.6491611140e-01
4.7225896871e-02	-6.5945284003e-01
4.6891845521e-02	-6.5393782521e-01
4.6557713657e-02	-6.4838445129e-01
4.6223973062e-02	-6.4279873659e-01
4.5889239433e-02	-6.3716109088e-01
4.5554506194e-02	-6.3148612869e-01
4.5219473421e-02	-6.2576853135e-01
4.4883405194e-02	-6.1999867805e-01
4.4547772572e-02	-6.1419802289e-01
4.4211618507e-02	-6.0835169417e-01
4.3874382767e-02	-6.0245267369e-01
4.3537468584e-02	-5.9652093203e-01
4.3199686316e-02	-5.9053858504e-01
4.2860774517e-02	-5.8450307754e-01
4.2521924576e-02	-5.7843057989e-01
4.2182060201e-02	-5.7230551431e-01
4.1841018503e-02	-5.6612679372e-01
4.1499973375e-02	-5.5991012471e-01
4.1157863806e-02	-5.5364013433e-01
4.0814528292e-02	-5.4731591300e-01
4.0470982173e-02	-5.4095058139e-01
4.0126421076e-02	-5.3453234532e-01
3.9780583105e-02	-5.2805914434e-01
3.9436129281e-02	-5.2157328248e-01
3.9384207957e-02	-5.2013558259e-01
3.9352819406e-02	-5.1925676738e-01
3.9321032096e-02	-5.1836746614e-01
3.9288849947e-02	-5.1747811930e-01
3.9256988504e-02	-5.1659406830e-01
3.9226398995e-02	-5.1574371932e-01
3.9207194375e-02	-5.1521139189e-01
3.9206471508e-02	-5.1519788139e-01
3.9215016998e-02	-5.1544691390e-01
3.9234675017e-02	-5.1601129704e-01
3.9270329299e-02	-5.1702641532e-01
3.9330666930e-02	-5.1871464627e-01
3.9428073178e-02	-5.2138967021e-01
3.9581494180e-02	-5.2547199398e-01
3.9698004940e-02	-5.2847065178e-01
3.9787116454e-02	-5.3071167637e-01
3.9856689590e-02	-5.3242280538e-01
3.9910837641e-02	-5.3373657134e-01
3.9953106238e-02	-5.3475342332e-01
4.0020247634e-02	-5.3634446930e-01
4.0125498517e-02	-5.3879035409e-01
4.0206712440e-02	-5.4063759993e-01
4.0270109145e-02	-5.4205448740e-01
4.0319421868e-02	-5.4314574306e-01
4.0397980213e-02	-5.4485523759e-01
4.0520952875e-02	-5.4747400463e-01
4.0615621513e-02	-5.4944208995e-01
4.0688759236e-02	-5.5093796469e-01
4.0745406454e-02	-5.5208352364e-01
4.0836697248e-02	-5.5389426878e-01
4.0963790083e-02	-5.5636752955e-01
4.1062922237e-02	-5.5825132427e-01
4.1139025216e-02	-5.5967658961e-01
4.1199137339e-02	-5.6078669938e-01
4.1294265903e-02	-5.6251929799e-01
4.1406792217e-02	-5.6453328029e-01
4.1494808306e-02	-5.6608110071e-01
4.1562767417e-02	-5.6726155742e-01
4.1616067801e-02	-5.6817825478e-01
4.1701808891e-02	-5.6963657473e-01
4.1803157500e-02	-5.7133584025e-01
4.1903070582e-02	-5.7298660709e-01
4.1981106888e-02	-5.7425978805e-01
4.2075952839e-02	-5.7578750363e-01
4.2170631508e-02	-5.7738994795e-01
4.1659878001e-02	-5.6993409569e-01
4.1730155236e-02	-5.7099720212e-01
4.1783848142e-02	-5.7182600629e-01
4.1825973773e-02	-5.7247191926e-01
4.1892379617e-02	-5.7348239951e-01
4.1974423066e-02	-5.7472631189e-01
4.2054140908e-02	-5.7592220078e-01
4.2131689746e-02	-5.7781711346e-01
4.2641044432e-02	-5.8549064965e-01
4.2722314830e-02	-5.8655156083e-01
4.2802172470e-02	-5.8757800087e-01
4.2863817022e-02	-5.8835375885e-01
4.2911451499e-02	-5.8894088421e-01
4.2987425859e-02	-5.8988079828e-01
4.3060459958e-02	-5.9164341336e-01
4.4393948986e-02	-6.1143021871e-01
4.4469346922e-02	-6.1231179165e-01
4.4542741287e-02	-6.1315706734e-01
4.4614637873e-02	-6.1397664523e-01
4.4683915172e-02	-6.1474832396e-01
4.4752561466e-02	-6.1551294480e-01
4.4819831203e-02	-6.1702329923e-01
4.4478756744e-02	-6.0930857159e-01
4.4552993483e-02	-6.1011257790e-01
4.4611371924e-02	-6.1084528237e-01
4.4702253772e-02	-6.1198052869e-01
4.4793385876e-02	-6.1312428559e-01
4.4883683025e-02	-6.1425257003e-01
4.4972985925e-02	-6.1582557827e-01
4.4126444998e-02	-6.0090804678e-01
4.4209180220e-02	-6.0179750260e-01
4.4274145680e-02	-6.0260447099e-01
4.4355214040e-02	-6.0361098247e-01
4.4436058840e-02	-6.0461658042e-01
4.4516247673e-02	-6.0561027619e-01
4.4595812183e-02	-6.0686398504e-01
4.4172800868e-02	-5.9904420203e-01
4.4247879945e-02	-5.9997394936e-01
4.4322594274e-02	-6.0089703110e-01
4.4396889150e-02	-6.0181248184e-01
4.4470827355e-02	-6.0272317800e-01
4.4544515056e-02	-6.0363383941e-01
4.4617756752e-02	-6.0474148748e-01
4.4728596701e-02	-6.0526709109e-01
4.4799177064e-02	-6.0612490323e-01
4.4869791318e-02	-6.0699014475e-01
4.4940068451e-02	-6.0784969446e-01
4.5010019156e-02	-6.0870334304e-01
4.5079582977e-02	-6.0955039566e-01
4.5148794520e-02	-6.1055408125e-01
4.4698432165e-02	-6.0288033824e-01
4.4764118265e-02	-6.0368130394e-01
4.4829622164e-02	-6.0447904076e-01
4.4894925204e-02	-6.0527303762e-01
4.4959959093e-02	-6.0606245135e-01
4.5024759510e-02	-6.0684931936e-01
4.5089299609e-02	-6.0778583538e-01
4.4832384280e-02	-6.0308395487e-01
4.4894295466e-02	-6.0383331702e-01
4.4956118220e-02	-6.0458090824e-01
4.5017763280e-02	-6.0532550979e-01
4.5079179810e-02	-6.0606937005e-01
4.5140370739e-02	-6.0681204078e-01
4.5201340616e-02	-6.0768048721e-01
4.4988543094e-02	-6.0375208396e-01
4.5047355437e-02	-6.0446098407e-01
4.5106110075e-02	-6.0516873700e-01
4.5164742081e-02	-6.0587512939e-01
4.5223146257e-02	-6.0658117006e-01
4.5281410597e-02	-6.0728473057e-01
4.5339495418e-02	-6.0809452200e-01
4.5180229240e-02	-6.0507651551e-01
4.5236607386e-02	-6.0575313520e-01
4.5292916646e-02	-6.0642869422e-01
4.5349094753e-02	-6.0710323552e-01
4.5405028752e-02	-6.0777742125e-01
4.5460824049e-02	-6.0844940219e-01
4.5516499940e-02	-6.0921528010e-01
4.5389389072e-02	-6.0675206252e-01
4.5443609834e-02	-6.0740156022e-01
4.5497809767e-02	-6.0805060397e-01
4.5551954544e-02	-6.0869859862e-01
4.5605898170e-02	-6.0934567693e-01
4.5659706050e-02	-6.0999155821e-01
4.5713419821e-02	-6.1072114223e-01
4.5606061613e-02	-6.0861463498e-01
4.5658526794e-02	-6.0924139213e-01
4.5710985030e-02	-6.0986793015e-01
4.5763376716e-02	-6.1049345891e-01
4.5815708729e-02	-6.1111789899e-01
4.5867866727e-02	-6.1174118258e-01
4.5919817715e-02	-6.1244060415e-01
4.5825324616e-02	-6.1057705804e-01
4.5876186444e-02	-6.1118399570e-01
4.5927055018e-02	-6.1179093030e-01
4.5977871747e-02	-6.1239710565e-01
4.6028645793e-02	-6.1300246406e-01
4.6079363069e-02	-6.1360680609e-01
4.6130017244e-02	-6.1427890985e-01
4.6050650346e-02	-6.1268635247e-01
4.6100186001e-02	-6.1327649623e-01
4.6149734447e-02	-6.1386674100e-01
4.6199265604e-02	-6.1445659162e-01
4.6248737538e-02	-6.1504558015e-01
4.6298166773e-02	-6.1563376302e-01
4.6347546073e-02	-6.1628506142e-01
4.6279960942e-02	-6.1490308479e-01
4.6328501067e-02	-6.1547867603e-01
4.6377055285e-02	-6.1605443989e-01
4.6425376984e-02	-6.1662953619e-01
4.6473675269e-02	-6.1720414176e-01
4.6521919471e-02	-6.1777794179e-01
4.6570123288e-02	-6.1840948848e-01
4.6513163157e-02	-6.1722090536e-01
4.6560654922e-02	-6.1778390139e-01
4.6608148610e-02	-6.1834699738e-01
4.6655637070e-02	-6.1890990466e-01
4.6703105249e-02	-6.1947238747e-01
4.6750546045e-02	-6.2003431816e-01
4.6797834620e-02	-6.2064876903e-01
4.6748817680e-02	-6.1960791017e-01
4.6795390229e-02	-6.2015962572e-01
4.6841988513e-02	-6.2071164566e-01
4.6888588999e-02	-6.2126357092e-01
4.6935156565e-02	-6.2181502917e-01
4.6981702509e-02	-6.2236603075e-01
4.7028220458e-02	-6.2296644882e-01
4.6984681616e-02	-6.2202865689e-01
4.7030602831e-02	-6.2257080917e-01
4.7076551543e-02	-6.2311328405e-01
4.7122432454e-02	-6.2365547094e-01
4.7168174649e-02	-6.2419700625e-01
4.7213901611e-02	-6.2473817782e-01
4.7259591943e-02	-6.2532366357e-01
4.7224343482e-02	-6.2453664899e-01
4.7269528690e-02	-6.2507010778e-01
4.7314740310e-02	-6.2560387954e-01
4.7359956727e-02	-6.2613761019e-01
4.7405150145e-02	-6.2667100576e-01
4.7450331380e-02	-6.2720407351e-01
4.7480380413e-02	-6.2758597997e-01
4.7452239043e-02	-6.2692375752e-01
4.7476731387e-02	-6.2719422714e-01
4.7476265283e-02	-6.2714898667e-01
4.7477037940e-02	-6.2711930208e-01
4.7477278437e-02	-6.2708319604e-01
4.7477451237e-02	-6.2704623452e-01
4.7476835057e-02	-6.2702206416e-01
4.7473194245e-02	-6.2679255754e-01
4.7470179291e-02	-6.2671549398e-01
4.7471873913e-02	-6.2669800568e-01
4.7472649218e-02	-6.2666891624e-01
4.7473946712e-02	-6.2664646110e-01
4.7469740606e-02	-6.2655444481e-01
4.7474362897e-02	-6.2659403685e-01
4.7470526708e-02	-6.2638238349e-01
4.7471026384e-02	-6.2635023962e-01
4.7470765368e-02	-6.2630854870e-01
4.7470188936e-02	-6.2626292874e-01
4.7470019983e-02	-6.2622250714e-01
4.7469316645e-02	-6.2617538683e-01
4.7471818223e-02	-6.2618805808e-01
4.7466325468e-02	-6.2596046825e-01
4.7468580401e-02	-6.2595119133e-01
4.7468425749e-02	-6.2591159492e-01
4.7468146460e-02	-6.2587050835e-01
4.7469071307e-02	-6.2584465826e-01
4.7469084350e-02	-6.2580739915e-01
4.7467263391e-02	-6.2576577871e-01
4.7466107661e-02	-6.2559736181e-01
4.7465268576e-02	-6.2554981254e-01
4.7466396289e-02	-6.2552709271e-01
4.7466237764e-02	-6.2548826588e-01
4.7465807877e-02	-6.2544610347e-01
4.7463177070e-02	-6.2537632015e-01
4.7466099881e-02	-6.2539539224e-01
4.7463571359e-02	-6.2520872995e-01
4.7458976421e-02	-6.2511474964e-01
4.7464030638e-02	-6.2514211362e-01
4.7463101056e-02	-6.2509439158e-01
4.7464376835e-02	-6.2507445195e-01
4.7462306709e-02	-6.2501256995e-01
4.7462976790e-02	-6.2500330442e-01
4.7460961459e-02	-6.2482832303e-01
4.7461114307e-02	-6.2479490569e-01
4.7460641955e-02	-6.2475372591e-01
4.7461643610e-02	-6.2473111733e-01
4.7461583975e-02	-6.2469527698e-01
4.7462394029e-02	-6.2467043463e-01
4.7462505009e-02	-6.2465473508e-01
4.7459173568e-02	-6.2446762054e-01
4.7459345778e-02	-6.2443551019e-01
4.7872143145e-02	-6.3232583678e-01
4.8284462615e-02	-6.4017026900e-01
4.8632395833e-02	-6.4673318304e-01
4.8633316420e-02	-6.4672887380e-01
4.8634786390e-02	-6.4672195411e-01
4.8637131157e-02	-6.4671082211e-01
4.8640865973e-02	-6.4669286714e-01
4.8646803921e-02	-6.4666380861e-01
4.8656223942e-02	-6.4661658368e-01
4.8671132254e-02	-6.4653945429e-01
4.8694650665e-02	-6.4641285411e-01
4.8722642427e-02	-6.4625895385e-01
4.8750146790e-02	-6.4617645988e-01
4.8744314690e-02	-6.4560798624e-01
4.8770957809e-02	-6.4544848899e-01
4.8797029348e-02	-6.4528476244e-01
4.8822743724e-02	-6.4512376244e-01
4.8848117858e-02	-6.4496060807e-01
4.8873178357e-02	-6.4479524276e-01
4.8897923879e-02	-6.4468344499e-01
4.8891558523e-02	-6.4416378692e-01
4.8915736236e-02	-6.4399946241e-01
4.8939517520e-02	-6.4383123176e-01
4.8963030185e-02	-6.4366146656e-01
4.8986293837e-02	-6.4349159485e-01
4.9009287346e-02	-6.4332395662e-01
4.9032000180e-02	-6.4319796977e-01
4.9032949608e-02	-6.4281812195e-01
4.9055238069e-02	-6.4264603217e-01
4.9064962198e-02	-6.4256352139e-01
4.9064834787e-02	-6.4255311429e-01
4.9064707559e-02	-6.4254245661e-01
4.9064580442e-02	-6.4253159115e-01
4.9064453402e-02	-6.4254249887e-01
4.9062901078e-02	-6.4237684136e-01
4.9062775808e-02	-6.4236570789e-01
4.9062650531e-02	-6.4235445795e-01
4.9062525252e-02	-6.4234309604e-01
4.9062399970e-02	-6.4233162781e-01
4.9062274682e-02	-6.4232005909e-01
4.9062149386e-02	-6.4232171488e-01
4.9060982289e-02	-6.4222141366e-01
4.9060849335e-02	-6.4220964266e-01
4.9060716252e-02	-6.4219780181e-01
4.9060583049e-02	-6.4218589164e-01
4.9060449732e-02	-6.4217391390e-01
4.9060316303e-02	-6.4216187094e-01
4.9060182768e-02	-6.4216257066e-01
4.9059120535e-02	-6.4206600655e-01
4.9058987925e-02	-6.4205390868e-01
4.9058855207e-02	-6.4204176672e-01
4.9058722390e-02	-6.4202957946e-01
4.9058589480e-02	-6.4201734755e-01
4.9058456473e-02	-6.4200507076e-01
4.9058323375e-02	-6.4200524524e-01
4.9057237266e-02	-6.4191001549e-01
4.9057105101e-02	-6.4189773548e-01
4.9056972843e-02	-6.4188542691e-01
4.9056840499e-02	-6.4187308774e-01
4.9056708074e-02	-6.4186071777e-01
4.9056575565e-02	-6.4184831600e-01
4.9056442979e-02	-6.4184830802e-01
4.9055333157e-02	-6.4175303698e-01
4.9055201596e-02	-6.4174066398e-01
4.9055069948e-02	-6.4172827226e-01
4.9054938220e-02	-6.4171585923e-01
4.9054806417e-02	-6.4170342420e-01
4.9054674534e-02	-6.4169096571e-01
4.9054542576e-02	-6.4169077350e-01
4.9053440028e-02	-6.4159603821e-01
4.9053309602e-02	-6.4158373737e-01
4.9053179119e-02	-6.4157142952e-01
4.9053048561e-02	-6.4155910695e-01
4.9052917920e-02	-6.4154676687e-01
4.9052787199e-02	-6.4153440837e-01
4.9052656399e-02	-6.4153418095e-01
4.9051566352e-02	-6.4144036505e-01
4.9051436405e-02	-6.4142805736e-01
4.9051306460e-02	-6.4141575726e-01
4.9051176440e-02	-6.4140344683e-01
4.9051046343e-02	-6.4139112343e-01
4.9050916169e-02	-6.4137878615e-01
4.9050785919e-02	-6.4137850738e-01
4.9049695941e-02	-6.4128514051e-01
4.9049566530e-02	-6.4127286318e-01
4.9049437047e-02	-6.4126058324e-01
4.9049307498e-02	-6.4124829748e-01
4.9049177887e-02	-6.4123600457e-01
4.9049048209e-02	-6.4122370245e-01
4.9048918467e-02	-6.4122339681e-01
4.9047833801e-02	-6.4113050226e-01
4.9047705046e-02	-6.4111828446e-01
4.9047576222e-02	-6.4110606702e-01
4.9047447335e-02	-6.4109384666e-01
4.9047318389e-02	-6.4108162197e-01
4.9047189380e-02	-6.4106939076e-01
4.9047060310e-02	-6.4106924425e-01
4.9045959007e-02	-6.4097561264e-01
4.9045830961e-02	-6.4096347440e-01
4.9045702846e-02	-6.4095133890e-01
4.9045574670e-02	-6.4093920270e-01
4.9045446437e-02	-6.4092706429e-01
4.9045318142e-02	-6.4091492141e-01
4.9045189787e-02	-6.4091471619e-01
4.9044127094e-02	-6.4082233551e-01
4.9043999652e-02	-6.4081028889e-01
4.9043872145e-02	-6.4079824658e-01
4.9043744576e-02	-6.4078620514e-01
4.9043616951e-02	-6.4077416297e-01
4.9043489265e-02	-6.4076211781e-01
4.9043361519e-02	-6.4076177144e-01
4.9042305914e-02	-6.4067124670e-01
4.9042179061e-02	-6.4065929954e-01
4.9042052142e-02	-6.4064735767e-01
4.9041925161e-02	-6.4063541764e-01
4.9041798121e-02	-6.4062347733e-01
4.9041671024e-02	-6.4061153594e-01
4.9041543865e-02	-6.4061143106e-01
4.9040487698e-02	-6.4052025801e-01
4.9040361435e-02	-6.4050841708e-01
4.9040235108e-02	-6.4049658266e-01
4.9040108721e-02	-6.4048475122e-01
4.9039982276e-02	-6.4047292060e-01
4.9039855804e-02	-6.4046109039e-01
4.9039729314e-02	-6.4046090851e-01
4.9038705665e-02	-6.4037125536e-01
4.9038580063e-02	-6.4035952843e-01
4.9038454396e-02	-6.4034780858e-01
4.9038328669e-02	-6.4033609233e-01
4.9038202883e-02	-6.4032437749e-01
4.9038077128e-02	-6.4031266369e-01
4.9037951323e-02	-6.4031274465e-01
4.9036934870e-02	-6.4022207097e-01
4.9036809933e-02	-6.4021045695e-01
4.9036684930e-02	-6.4019885079e-01
4.9036559867e-02	-6.4018724869e-01
4.9036434743e-02	-6.4017564837e-01
4.9036309604e-02	-6.4016405633e-01
4.9036184505e-02	-6.4016385995e-01
4.9035151492e-02	-6.4007644460e-01
4.9035027627e-02	-6.4006504206e-01
4.9034903719e-02	-6.4005365165e-01
4.9034779750e-02	-6.4004226565e-01
4.9034655720e-02	-6.4003088170e-01
4.9034531630e-02	-6.4001949839e-01
4.9034407478e-02	-6.4002000333e-01
4.9033494214e-02	-6.3992925940e-01
4.9033370865e-02	-6.3991796632e-01
4.9033247490e-02	-6.3990668938e-01
4.9033124041e-02	-6.3989541480e-01
4.9033000515e-02	-6.3988413992e-01
4.9032876913e-02	-6.3987286331e-01
4.9032753235e-02	-6.3987337881e-01
4.9031684710e-02	-6.3978275466e-01
4.9031561864e-02	-6.3977157347e-01
4.9031438945e-02	-6.3976040022e-01
4.9031315961e-02	-6.3974923121e-01
4.9031192912e-02	-6.3973806418e-01
4.9031069797e-02	-6.3972689766e-01
4.9030946617e-02	-6.3972733771e-01
4.9029983880e-02	-6.3963885511e-01
4.9029861643e-02	-6.3962779063e-01
4.9029739333e-02	-6.3961673395e-01
4.9029616955e-02	-6.3960568141e-01
4.9029494511e-02	-6.3959463075e-01
4.9029372001e-02	-6.3958358054e-01
4.9029249424e-02	-6.3958444726e-01
4.9028303243e-02	-6.3949357014e-01
4.9028181532e-02	-6.3948262360e-01
4.9028059749e-02	-6.3947168512e-01
4.9027937897e-02	-6.3946075093e-01
4.9027815977e-02	-6.3944981870e-01
4.9027693991e-02	-6.3943888701e-01
4.9027571938e-02	-6.3943971182e-01
4.9026567494e-02	-6.3934984019e-01
4.9026446292e-02	-6.3933901126e-01
4.9026325016e-02	-6.3932819032e-01
4.9026203726e-02	-6.3931737448e-01
4.9026082406e-02	-6.3930656118e-01
4.9025961018e-02	-6.3929574834e-01
4.9025839562e-02	-6.3929665794e-01
4.9024853751e-02	-6.3920716235e-01
4.9024733146e-02	-6.3919645226e-01
4.9024612465e-02	-6.3918575001e-01
4.9024491715e-02	-6.3917505184e-01
4.9024370896e-02	-6.3916435547e-01
4.9024250008e-02	-6.3915365940e-01
4.9024129051e-02	-6.3915488144e-01
4.9023186123e-02	-6.3906407827e-01
4.9023066138e-02	-6.3905348896e-01
4.9022946077e-02	-6.3904290738e-01
4.9022825944e-02	-6.3903232970e-01
4.9022705741e-02	-6.3902175357e-01
4.9022585466e-02	-6.3901117750e-01
4.9022465121e-02	-6.3901245822e-01
4.9021414787e-02	-6.3892206983e-01
4.9021295281e-02	-6.3891159431e-01
4.9021175698e-02	-6.3890112640e-01
4.9021056065e-02	-6.3889066264e-01
4.9020936433e-02	-6.3888020145e-01
4.9020816729e-02	-6.3886974022e-01
4.9020695528e-02	-6.3887083485e-01
4.9019722214e-02	-6.3878342996e-01
4.9019600357e-02	-6.3877306755e-01
4.9019478423e-02	-6.3876271164e-01
4.9019356414e-02	-6.3875235847e-01
4.9019234330e-02	-6.3874200573e-01
4.9019112170e-02	-6.3873165191e-01
4.9018989934e-02	-6.3873302750e-01
4.9018078462e-02	-6.3864487775e-01
4.9017957697e-02	-6.3863472177e-01
4.9017836870e-02	-6.3862457522e-01
4.9017715968e-02	-6.3861443130e-01
4.9017594983e-02	-6.3860428670e-01
4.9017473915e-02	-6.3859413986e-01
4.9017352837e-02	-6.3859543610e-01
4.9016426273e-02	-6.3850990827e-01
4.9016305972e-02	-6.3849984035e-01
4.9016185658e-02	-6.3848978972e-01
4.9016065271e-02	-6.3847974197e-01
4.9015944809e-02	-6.3846969436e-01
4.9015824269e-02	-6.3845964540e-01
4.9015703651e-02	-6.3846102685e-01
4.9014825388e-02	-6.3837602951e-01
4.9014705451e-02	-6.3836604700e-01
4.9014585430e-02	-6.3835606938e-01
4.9014465327e-02	-6.3834609305e-01
4.9014345144e-02	-6.3833611589e-01
4.9014224879e-02	-6.3832613660e-01
4.9014104533e-02	-6.3832763861e-01
4.9013215814e-02	-6.3824233631e-01
4.9013096263e-02	-6.3823244150e-01
4.9012976629e-02	-6.3822255184e-01
4.9012856915e-02	-6.3821266355e-01
4.9012737119e-02	-6.3820277435e-01
4.9012617242e-02	-6.3819288275e-01
4.9012497283e-02	-6.3819435173e-01
4.9011661866e-02	-6.3811016784e-01
4.9011542698e-02	-6.3810036037e-01
4.9011423445e-02	-6.3809055762e-01
4.9011304171e-02	-6.3808075678e-01
4.9011184854e-02	-6.3807095523e-01
4.9011065453e-02	-6.3806115091e-01
4.9010945969e-02	-6.3806276383e-01
4.9010060770e-02	-6.3797800202e-01
4.9009942066e-02	-6.3796827925e-01
4.9009823277e-02	-6.3795856094e-01
4.9009704405e-02	-6.3794884331e-01
4.9009585542e-02	-6.3793912552e-01
4.9009466601e-02	-6.3792940476e-01
4.9009347576e-02	-6.3793107546e-01
4.9008510154e-02	-6.3784669886e-01
4.9008391910e-02	-6.3783705953e-01
4.9008273581e-02	-6.3782742433e-01
4.9008155167e-02	-6.3781778950e-01
4.9008036669e-02	-6.3780815277e-01
4.9007918085e-02	-6.3779851264e-01
4.9007799416e-02	-6.3779994122e-01
4.9006969468e-02	-6.3771798834e-01
4.9006851557e-02	-6.3770842690e-01
4.9006733558e-02	-6.3769886909e-01
4.9006615475e-02	-6.3768931123e-01
4.9006497306e-02	-6.3767975110e-01
4.9006379052e-02	-6.3767018724e-01
4.9006260788e-02	-6.3767198778e-01
4.9005426606e-02	-6.3758828357e-01
4.9005309138e-02	-6.3757880066e-01
4.9005191572e-02	-6.3756931971e-01
4.9005073930e-02	-6.3755984007e-01
4.9004956202e-02	-6.3755035803e-01
4.9004838387e-02	-6.3754087205e-01
4.9004720485e-02	-6.3754282843e-01
4.9003905308e-02	-6.3745829739e-01
4.9003788197e-02	-6.3744889262e-01
4.9003670987e-02	-6.3743948964e-01
4.9003553700e-02	-6.3743008770e-01
4.9003436326e-02	-6.3742068309e-01
4.9003318864e-02	-6.3741127426e-01
4.9003201313e-02	-6.3741302629e-01
4.9002377694e-02	-6.3733067666e-01
4.9002260907e-02	-6.3732134566e-01
4.9002144030e-02	-6.3731201745e-01
4.9002027065e-02	-6.3730268833e-01
4.9001910012e-02	-6.3729335604e-01
4.9001792870e-02	-6.3728401907e-01
4.9001675636e-02	-6.3728592641e-01
4.9000861092e-02	-6.3720336495e-01
4.9000744682e-02	-6.3719409981e-01
4.9000628181e-02	-6.3718483731e-01
4.9000511590e-02	-6.3717557342e-01
4.9000394909e-02	-6.3716630586e-01
4.9000278136e-02	-6.3715703318e-01
4.9000161272e-02	-6.3715882781e-01
4.8999401306e-02	-6.3707748954e-01
4.8999285770e-02	-6.3706838982e-01
4.8999170152e-02	-6.3705929396e-01
4.8999054439e-02	-6.3705019585e-01
4.8998938633e-02	-6.3704109362e-01
4.8998822735e-02	-6.3703198589e-01
4.8998706744e-02	-6.3703417231e-01
4.8997900913e-02	-6.3695134528e-01
4.8997785594e-02	-6.3694229725e-01
4.8997670261e-02	-6.3693326437e-01
4.8997554837e-02	-6.3692422936e-01
4.8997439314e-02	-6.3691518895e-01
4.8997323691e-02	-6.3690614166e-01
4.8997207969e-02	-6.3690807718e-01
4.8996435255e-02	-6.3682784479e-01
4.8996320191e-02	-6.3681884648e-01
4.8996205069e-02	-6.3680984926e-01
4.8996089929e-02	-6.3680084894e-01
4.8995974716e-02	-6.3679184481e-01
4.8995859407e-02	-6.3678283400e-01
4.8995743993e-02	-6.3678509337e-01
4.8994965267e-02	-6.3670270715e-01
4.8994850580e-02	-6.3669376214e-01
4.8994735788e-02	-6.3668481663e-01
4.8994620909e-02	-6.3667586946e-01
4.8994505935e-02	-6.3666691718e-01
4.8994390857e-02	-6.3665795686e-01
4.8994275691e-02	-6.3665996686e-01
4.8993546559e-02	-6.3657993611e-01
4.8993432096e-02	-6.3657104183e-01
4.8993317536e-02	-6.3656214789e-01
4.8993202880e-02	-6.3655325059e-01
4.8993088120e-02	-6.3654434636e-01
4.8992973271e-02	-6.3653543645e-01
4.8992858326e-02	-6.3653766314e-01
4.8992078784e-02	-6.3645630858e-01
4.8991964630e-02	-6.3644746293e-01
4.8991850378e-02	-6.3643861742e-01
4.8991736030e-02	-6.3642976831e-01
4.8991621673e-02	-6.3642091349e-01
4.8991507235e-02	-6.3641205283e-01
4.8991392699e-02	-6.3641402884e-01
4.8990658432e-02	-6.3633519592e-01
4.8990544576e-02	-6.3632639552e-01
4.8990430620e-02	-6.3631759475e-01
4.8990316567e-02	-6.3630878996e-01
4.8990202409e-02	-6.3629997762e-01
4.8990088160e-02	-6.3629115894e-01
4.8989973812e-02	-6.3629354836e-01
4.8989262287e-02	-6.3621188932e-01
4.8989148649e-02	-6.3620313331e-01
4.8989034912e-02	-6.3619437696e-01
4.8988921077e-02	-6.3618561653e-01
4.8988807136e-02	-6.3617684845e-01
4.8988693103e-02	-6.3616807387e-01
4.8988579002e-02	-6.3617018442e-01
4.8987792125e-02	-6.3609083313e-01
4.8987678754e-02	-6.3608211781e-01
4.8987565285e-02	-6.3607340168e-01
4.8987451711e-02	-6.3606467979e-01
4.8987338046e-02	-6.3605595250e-01
4.8987224282e-02	-6.3604721720e-01
4.8987110412e-02	-6.3604925147e-01
4.8986400131e-02	-6.3597112172e-01
4.8986286941e-02	-6.3596244409e-01
4.8986173651e-02	-6.3595376535e-01
4.8986060263e-02	-6.3594508189e-01
4.8985946769e-02	-6.3593639022e-01
4.8985833183e-02	-6.3592769152e-01
4.8985719499e-02	-6.3593004041e-01
4.8985007353e-02	-6.3584961828e-01
4.8984894367e-02	-6.3584097977e-01
4.8984781273e-02	-6.3583233888e-01
4.8984668169e-02	-6.3582369563e-01
4.8984555035e-02	-6.3581504650e-01
4.8984441836e-02	-6.3580638826e-01
4.8984328544e-02	-6.3580862665e-01
4.8983574132e-02	-6.3572919165e-01
4.8983461516e-02	-6.3572059163e-01
4.8983348798e-02	-6.3571198991e-01
4.8983235972e-02	-6.3570338165e-01
4.8983123052e-02	-6.3569476692e-01
4.8983010031e-02	-6.3568614328e-01
4.8982896901e-02	-6.3568839307e-01
4.8982217600e-02	-6.3560921669e-01
4.8982105202e-02	-6.3560065767e-01
4.8981992751e-02	-6.3559210538e-01
4.8981880266e-02	-6.3558355895e-01
4.8981767730e-02	-6.3557501348e-01
4.8981655158e-02	-6.3556647020e-01
4.8981542534e-02	-6.3556863821e-01
4.8980838821e-02	-6.3549083554e-01
4.8980727096e-02	-6.3548238941e-01
4.8980615336e-02	-6.3547394647e-01
4.8980503476e-02	-6.3546549797e-01
4.8980391514e-02	-6.3545704156e-01
4.8980279450e-02	-6.3544857583e-01
4.8980167284e-02	-6.3545098300e-01
4.8979443940e-02	-6.3537221346e-01
4.8979332353e-02	-6.3536378686e-01
4.8979220733e-02	-6.3535537002e-01
4.8979109009e-02	-6.3534694685e-01
4.8978997178e-02	-6.3533851465e-01
4.8978885238e-02	-6.3533007201e-01
4.8978773191e-02	-6.3533251518e-01
4.8978102556e-02	-6.3525344586e-01
4.8977986690e-02	-6.3524500519e-01
4.8977870156e-02	-6.3523655708e-01
4.8977753503e-02	-6.3522810118e-01
4.8977636768e-02	-6.3521963790e-01
4.8977519967e-02	-6.3521116416e-01
4.8977403054e-02	-6.3521341026e-01
4.8976630048e-02	-6.3513477234e-01
4.8976513832e-02	-6.3512634667e-01
4.8976397508e-02	-6.3511791787e-01
4.8976281065e-02	-6.3510948112e-01
4.8976164516e-02	-6.3510103651e-01
4.8976047842e-02	-6.3509258041e-01
4.8975931058e-02	-6.3509488762e-01
4.8975113113e-02	-6.3501605531e-01
4.8974997005e-02	-6.3500764427e-01
4.8974880790e-02	-6.3499922995e-01
4.8974764456e-02	-6.3499080753e-01
4.8974648015e-02	-6.3498237710e-01
4.8974531489e-02	-6.3497393563e-01
4.8974414917e-02	-6.3497630345e-01
4.8973675113e-02	-6.3489728282e-01
4.8973559317e-02	-6.3488889068e-01
4.8973443413e-02	-6.3488049514e-01
4.8973327390e-02	-6.3487209137e-01
4.8973211259e-02	-6.3486367941e-01
4.8973095003e-02	-6.3485525567e-01
4.8972978636e-02	-6.3485743424e-01
4.8972201632e-02	-6.3477973026e-01
4.8972085934e-02	-6.3477135055e-01
4.8971970127e-02	-6.3476296710e-01
4.8971854201e-02	-6.3475457514e-01
4.8971738166e-02	-6.3474617477e-01
4.8971622007e-02	-6.3473776241e-01
4.8971505735e-02	-6.3474025021e-01
4.8970756275e-02	-6.3466051147e-01
4.8970640705e-02	-6.3465214600e-01
4.8970525103e-02	-6.3464377809e-01
4.8970409384e-02	-6.3463540175e-01
4.8970293557e-02	-6.3462701705e-01
4.8970177604e-02	-6.3461862032e-01
4.8970061541e-02	-6.3462104413e-01
4.8969252299e-02	-6.3454146127e-01
4.8969136925e-02	-6.3453311029e-01
4.8969021442e-02	-6.3452475552e-01
4.8968905865e-02	-6.3451639254e-01
4.8968790264e-02	-6.3450802235e-01
4.8968674538e-02	-6.3449964003e-01
4.8968558700e-02	-6.3450191639e-01
4.8967798419e-02	-6.3442381336e-01
4.8967683262e-02	-6.3441547588e-01
4.8967567996e-02	-6.3440713433e-01
4.8967452673e-02	-6.3439878497e-01
4.8967337255e-02	-6.3439042709e-01
4.8967221711e-02	-6.3438205691e-01
4.8967106055e-02	-6.3438440670e-01
4.8966290568e-02	-6.3430593626e-01
4.8966175661e-02	-6.3429761014e-01
4.8966060652e-02	-6.3428927998e-01
4.8965945523e-02	-6.3428094091e-01
4.8965830286e-02	-6.3427259301e-01
4.8965714923e-02	-6.3426423270e-01
4.8965599448e-02	-6.3426650619e-01
4.8964847395e-02	-6.3418878931e-01
4.8964732595e-02	-6.3418047258e-01
4.8964617685e-02	-6.3417215152e-01
4.8964502677e-02	-6.3416382174e-01
4.8964387661e-02	-6.3415548455e-01
4.8964272575e-02	-6.3414713568e-01
4.8964157376e-02	-6.3414956223e-01
4.8963392928e-02	-6.3407036828e-01
4.8963278403e-02	-6.3406206185e-01
4.8963163767e-02	-6.3405375088e-01
4.8963049009e-02	-6.3404543062e-01
4.8962934141e-02	-6.3403710108e-01
4.8962819148e-02	-6.3402875895e-01
4.8962704040e-02	-6.3403134754e-01
4.8961952004e-02	-6.3395082635e-01
4.8961838302e-02	-6.3394263153e-01
4.8961724509e-02	-6.3393443512e-01
4.8961610637e-02	-6.3392623232e-01
4.8961496699e-02	-6.3391802077e-01
4.8961382628e-02	-6.3390979558e-01
4.8961268453e-02	-6.3391225970e-01
4.8960477430e-02	-6.3383345681e-01
4.8960363816e-02	-6.3382525963e-01
4.8960250147e-02	-6.3381706578e-01
4.8960136366e-02	-6.3380886384e-01
4.8960022466e-02	-6.3380065132e-01
4.8959908445e-02	-6.3379242690e-01
4.8959794304e-02	-6.3379506090e-01
4.8959009748e-02	-6.3371514414e-01
4.8958896169e-02	-6.3370694407e-01
4.8958782535e-02	-6.3369874721e-01
4.8958668849e-02	-6.3369054219e-01
4.8958555038e-02	-6.3368232546e-01
4.8958441098e-02	-6.3367409560e-01
4.8958327029e-02	-6.3367653617e-01
4.8957567405e-02	-6.3359803685e-01
4.8957453919e-02	-6.3358983384e-01
4.8957340313e-02	-6.3358162459e-01
4.8957226596e-02	-6.3357340732e-01
4.8957112753e-02	-6.3356517807e-01
4.8956998793e-02	-6.3355693731e-01
4.8956884704e-02	-6.3355940216e-01
4.8956083093e-02	-6.3348060647e-01
4.8955969663e-02	-6.3347240118e-01
4.8955856174e-02	-6.3346419154e-01
4.8955742562e-02	-6.3345597208e-01
4.8955628839e-02	-6.3344774267e-01
4.8955514987e-02	-6.3343949992e-01
4.8955401019e-02	-6.3344206499e-01
4.8954662346e-02	-6.3336254047e-01
4.8954549134e-02	-6.3335433723e-01
4.8954435811e-02	-6.3334612878e-01
4.8954322365e-02	-6.3333791045e-01
4.8954208807e-02	-6.3332968208e-01
4.8954095120e-02	-6.3332144032e-01
4.8953981318e-02	-6.3332405588e-01
4.8953203756e-02	-6.3324365337e-01
4.8953090677e-02	-6.3323545064e-01
4.8952977486e-02	-6.3322724269e-01
4.8952864172e-02	-6.3321902483e-01
4.8952750747e-02	-6.3321079690e-01
4.8952637193e-02	-6.3320255553e-01
4.8952523524e-02	-6.3320511352e-01
4.8951757890e-02	-6.3312517972e-01
4.8951644871e-02	-6.3311697554e-01
4.8951531741e-02	-6.3310876597e-01
4.8951418489e-02	-6.3310054638e-01
4.8951305140e-02	-6.3309231680e-01
4.8951191713e-02	-6.3308407444e-01
4.8951078171e-02	-6.3308685607e-01
4.8950294412e-02	-6.3300503913e-01
4.8950181529e-02	-6.3299683392e-01
4.8950068529e-02	-6.3298862247e-01
4.8949955420e-02	-6.3298040300e-01
4.8949842186e-02	-6.3297217141e-01
4.8949728839e-02	-6.3296392823e-01
4.8949615363e-02	-6.3296656794e-01
4.8948772803e-02	-6.3288567291e-01
4.8948659969e-02	-6.3287746322e-01
4.8948547079e-02	-6.3286924811e-01
4.8948434082e-02	-6.3286102487e-01
4.8948321056e-02	-6.3285279092e-01
4.8948207931e-02	-6.3284454555e-01
4.8948094677e-02	-6.3284717283e-01
4.8947394964e-02	-6.3276666349e-01
4.8947282383e-02	-6.3275845549e-01
4.8947169683e-02	-6.3275024106e-01
4.8947056876e-02	-6.3274201842e-01
4.8946943944e-02	-6.3273378352e-01
4.8946830913e-02	-6.3272553714e-01
4.8946717800e-02	-6.3272814389e-01
4.8945898227e-02	-6.3264714148e-01
4.8945785867e-02	-6.3263893200e-01
4.8945673389e-02	-6.3263071603e-01
4.8945560804e-02	-6.3262249180e-01
4.8945448094e-02	-6.3261425525e-01
4.8945335271e-02	-6.3260600696e-01
4.8945222320e-02	-6.3260847762e-01
4.8944452635e-02	-6.3252892308e-01
4.8944340329e-02	-6.3252070879e-01
4.8944227960e-02	-6.3251248868e-01
4.8944115487e-02	-6.3250426029e-01
4.8944002890e-02	-6.3249601949e-01
4.8943890180e-02	-6.3248776691e-01
4.8943777342e-02	-6.3249004857e-01
4.8943044544e-02	-6.3241162712e-01
4.8942932325e-02	-6.3240340531e-01
4.8942819993e-02	-6.3239517745e-01
4.8942707544e-02	-6.3238693964e-01
4.8942594979e-02	-6.3237869044e-01
4.8942482293e-02	-6.3237042818e-01
4.8942369487e-02	-6.3237269329e-01
4.8941587096e-02	-6.3229433655e-01
4.8941475591e-02	-6.3228620614e-01
4.8941363990e-02	-6.3227807212e-01
4.8941252282e-02	-6.3226992961e-01
4.8941140460e-02	-6.3226177611e-01
4.8941028521e-02	-6.3225361021e-01
4.8940916409e-02	-6.3225572814e-01
4.8940166795e-02	-6.3217950478e-01
4.8940055208e-02	-6.3217135032e-01
4.8939943571e-02	-6.3216319860e-01
4.8939831822e-02	-6.3215503751e-01
4.8939719955e-02	-6.3214686463e-01
4.8939607968e-02	-6.3213867864e-01
4.8939495860e-02	-6.3214105671e-01
4.8938802326e-02	-6.3206300683e-01
4.8938690726e-02	-6.3205483578e-01
4.8938579064e-02	-6.3204666560e-01
4.8938467280e-02	-6.3203848479e-01
4.8938355371e-02	-6.3203029099e-01
4.8938243334e-02	-6.3202208281e-01
4.8938131342e-02	-6.3202435042e-01
4.8937415180e-02	-6.3194644072e-01
4.8937303658e-02	-6.3193825348e-01
4.8937192015e-02	-6.3193005868e-01
4.8937080262e-02	-6.3192185458e-01
4.8936968383e-02	-6.3191363734e-01
4.8936856389e-02	-6.3190540746e-01
4.8936744264e-02	-6.3190757174e-01
4.8935975175e-02	-6.3183027519e-01
4.8935863632e-02	-6.3182207034e-01
4.8935751970e-02	-6.3181385799e-01
4.8935640200e-02	-6.3180563656e-01
4.8935528306e-02	-6.3179740213e-01
4.8935416298e-02	-6.3178915530e-01
4.8935304168e-02	-6.3179115813e-01
4.8934597881e-02	-6.3171497638e-01
4.8934486334e-02	-6.3170675634e-01
4.8934374702e-02	-6.3169852997e-01
4.8934262955e-02	-6.3169029256e-01
4.8934151098e-02	-6.3168204393e-01
4.8934039122e-02	-6.3167378185e-01
4.8933927018e-02	-6.3167584645e-01
4.8933278303e-02	-6.3159945603e-01
4.8933166789e-02	-6.3159122024e-01
4.8933055156e-02	-6.3158297677e-01
4.8932943417e-02	-6.3157472409e-01
4.8932831555e-02	-6.3156645831e-01
4.8932719581e-02	-6.3155818002e-01
4.8932607487e-02	-6.3156019521e-01
4.8931893044e-02	-6.3148350708e-01
4.8931781527e-02	-6.3147525446e-01
4.8931669899e-02	-6.3146699507e-01
4.8931558150e-02	-6.3145872452e-01
4.8931446292e-02	-6.3145044273e-01
4.8931334317e-02	-6.3144214748e-01
4.8931222214e-02	-6.3144416719e-01
4.8930522397e-02	-6.3136747200e-01
4.8930409685e-02	-6.3135921024e-01
4.8930296938e-02	-6.3135094201e-01
4.8930184205e-02	-6.3134266641e-01
4.8930071346e-02	-6.3133437764e-01
4.8929958372e-02	-6.3132607629e-01
4.8929845274e-02	-6.3132801436e-01
4.8929125355e-02	-6.3125181562e-01
4.8929012831e-02	-6.3124353805e-01
4.8928900194e-02	-6.3123525360e-01
4.8928787435e-02	-6.3122695792e-01
4.8928674564e-02	-6.3121865096e-01
4.8928561571e-02	-6.3121033049e-01
4.8928448447e-02	-6.3121215432e-01
4.8927773641e-02	-6.3113661705e-01
4.8927661098e-02	-6.3112832058e-01
4.8927548437e-02	-6.3112001620e-01
4.8927435666e-02	-6.3111170243e-01
4.8927322770e-02	-6.3110337544e-01
4.8927209759e-02	-6.3109503584e-01
4.8927096625e-02	-6.3109695755e-01
4.8926288647e-02	-6.3102050684e-01
4.8926176065e-02	-6.3101218770e-01
4.8926063372e-02	-6.3100386163e-01
4.8925950557e-02	-6.3099552432e-01
4.8925837630e-02	-6.3098717570e-01
4.8925724582e-02	-6.3097881356e-01
4.8925611404e-02	-6.3098060711e-01
4.8925011418e-02	-6.3090526960e-01
4.8924898828e-02	-6.3089693211e-01
4.8924786119e-02	-6.3088858668e-01
4.8924673303e-02	-6.3088023188e-01
4.8924560361e-02	-6.3087186385e-01
4.8924447306e-02	-6.3086348323e-01
4.8924334129e-02	-6.3086521045e-01
4.8923574125e-02	-6.3078975038e-01
4.8923461498e-02	-6.3078139050e-01
4.8923348759e-02	-6.3077302339e-01
4.8923235912e-02	-6.3076464507e-01
4.8923123034e-02	-6.3075625631e-01
4.8923010033e-02	-6.3074785376e-01
4.8922896903e-02	-6.3074961383e-01
4.8922240202e-02	-6.3067412968e-01
4.8922127949e-02	-6.3066579270e-01
4.8922015605e-02	-6.3065745142e-01
4.8921903243e-02	-6.3064911345e-01
4.8921790835e-02	-6.3064077342e-01
4.8921678362e-02	-6.3063242756e-01
4.8921565837e-02	-6.3063423283e-01
4.8920866306e-02	-6.3055882412e-01
4.8920754322e-02	-6.3055050758e-01
4.8920642264e-02	-6.3054218909e-01
4.8920530092e-02	-6.3053386044e-01
4.8920417803e-02	-6.3052551943e-01
4.8920305394e-02	-6.3051716478e-01
4.8920192863e-02	-6.3051875879e-01
4.8919540118e-02	-6.3044517966e-01
4.8919428121e-02	-6.3043683248e-01
4.8919316096e-02	-6.3042848987e-01
4.8919203955e-02	-6.3042013647e-01
4.8919091692e-02	-6.3041176987e-01
4.8918979304e-02	-6.3040338882e-01
4.8918866788e-02	-6.3040502266e-01
4.8918187932e-02	-6.3033071273e-01
4.8918075843e-02	-6.3032233426e-01
4.8917963642e-02	-6.3031394819e-01
4.8917851319e-02	-6.3030555047e-01
4.8917738884e-02	-6.3029714108e-01
4.8917626329e-02	-6.3028871784e-01
4.8917513644e-02	-6.3029037556e-01
4.8916918008e-02	-6.3021539761e-01
4.8916805868e-02	-6.3020699276e-01
4.8916693611e-02	-6.3019857965e-01
4.8916581283e-02	-6.3019015730e-01
4.8916468893e-02	-6.3018172325e-01
4.8916356377e-02	-6.3017327440e-01
4.8916243746e-02	-6.3017468481e-01
4.8915497738e-02	-6.3010113209e-01
4.8915385618e-02	-6.3009269995e-01
4.8915273387e-02	-6.3008426046e-01
4.8915161044e-02	-6.3007581044e-01
4.8915048578e-02	-6.3006734694e-01
4.8914936000e-02	-6.3005887073e-01
4.8914823303e-02	-6.3006047010e-01
4.8914225625e-02	-6.2998567179e-01
4.8914113532e-02	-6.2997721671e-01
4.8914001378e-02	-6.2996875434e-01
4.8913889118e-02	-6.2996028251e-01
4.8913776743e-02	-6.2995179840e-01
4.8913664244e-02	-6.2994329965e-01
4.8913551632e-02	-6.2994475534e-01
4.8912870273e-02	-6.2987020945e-01
4.8912758187e-02	-6.2986172920e-01
4.8912645992e-02	-6.2985324166e-01
4.8912533685e-02	-6.2984474367e-01
4.8912421256e-02	-6.2983623226e-01
4.8912308716e-02	-6.2982770820e-01
4.8912196057e-02	-6.2982927938e-01
4.8911556717e-02	-6.2975364771e-01
4.8911444602e-02	-6.2974514298e-01
4.8911332372e-02	-6.2973663013e-01
4.8911220037e-02	-6.2972810781e-01
4.8911107589e-02	-6.2971957325e-01
4.8910995016e-02	-6.2971102408e-01
4.8910882331e-02	-6.2971250450e-01
4.8910178385e-02	-6.2963713829e-01
4.8910066239e-02	-6.2962860760e-01
4.8909954066e-02	-6.2962007098e-01
4.8909841782e-02	-6.2961152402e-01
4.8909729378e-02	-6.2960296377e-01
4.8909616863e-02	-6.2959439097e-01
4.8909504231e-02	-6.2959561969e-01
4.8908866947e-02	-6.2952226672e-01
4.8908754833e-02	-6.2951371106e-01
4.8908642612e-02	-6.2950514809e-01
4.8908530281e-02	-6.2949657469e-01
4.8908417830e-02	-6.2948798796e-01
4.8908305270e-02	-6.2947938867e-01
4.8908192594e-02	-6.2948084687e-01
4.8907488854e-02	-6.2940509268e-01
4.8907376709e-02	-6.2939651098e-01
4.8907264451e-02	-6.2938792122e-01
4.8907152091e-02	-6.2937932216e-01
4.8907039620e-02	-6.2937071098e-01
4.8906927027e-02	-6.2936208534e-01
4.8906814324e-02	-6.2936327382e-01
4.8906181551e-02	-6.2928935955e-01
4.8906069376e-02	-6.2928075314e-01
4.8905957089e-02	-6.2927213853e-01
4.8905844700e-02	-6.2926351456e-01
4.8905732201e-02	-6.2925487844e-01
4.8905619587e-02	-6.2924622889e-01
4.8905506851e-02	-6.2924734171e-01
4.8904843303e-02	-6.2917376647e-01
4.8904731091e-02	-6.2916513371e-01
4.8904618766e-02	-6.2915649272e-01
4.8904506341e-02	-6.2914784238e-01
4.8904393805e-02	-6.2913917990e-01
4.8904281180e-02	-6.2913050437e-01
4.8904168498e-02	-6.2913182642e-01
4.8903504929e-02	-6.2905644261e-01
4.8903392776e-02	-6.2904778448e-01
4.8903280518e-02	-6.2903911918e-01
4.8903168154e-02	-6.2903044373e-01
4.8903055678e-02	-6.2902175606e-01
4.8902943088e-02	-6.2901305491e-01
4.8902830383e-02	-6.2901402494e-01
4.8902165009e-02	-6.2894086917e-01
4.8902053487e-02	-6.2893228074e-01
4.8901941885e-02	-6.2892368859e-01
4.8901830184e-02	-6.2891508743e-01
4.8901718378e-02	-6.2890647477e-01
4.8901606405e-02	-6.2889784104e-01
4.8901494365e-02	-6.2889875309e-01
4.8900857047e-02	-6.2882710836e-01
4.8900745369e-02	-6.2881847716e-01
4.8900633648e-02	-6.2880984736e-01
4.8900521822e-02	-6.2880120743e-01
4.8900409886e-02	-6.2879255519e-01
4.8900297836e-02	-6.2878388943e-01
4.8900185672e-02	-6.2878521033e-01
4.8899548497e-02	-6.2870973861e-01
4.8899436755e-02	-6.2870107235e-01
4.8899325049e-02	-6.2869240787e-01
4.8899213229e-02	-6.2868373217e-01
4.8899101291e-02	-6.2867504303e-01
4.8898989231e-02	-6.2866633921e-01
4.8898877048e-02	-6.2866726926e-01
4.8898207850e-02	-6.2859430641e-01
4.8898096147e-02	-6.2858560573e-01
4.8897984367e-02	-6.2857689785e-01
4.8897872471e-02	-6.2856817833e-01
4.8897760471e-02	-6.2855944727e-01
4.8897648357e-02	-6.2855070255e-01
4.8897536128e-02	-6.2855165421e-01
4.8896921320e-02	-6.2847823341e-01
4.8896809565e-02	-6.2846949919e-01
4.8896697707e-02	-6.2846075765e-01
4.8896585742e-02	-6.2845200577e-01
4.8896473669e-02	-6.2844324173e-01
4.8896361478e-02	-6.2843446324e-01
4.8896249180e-02	-6.2843543892e-01
4.8895585866e-02	-6.2836082577e-01
4.8895474069e-02	-6.2835206270e-01
4.8895362164e-02	-6.2834329146e-01
4.8895250160e-02	-6.2833451104e-01
4.8895138050e-02	-6.2832571865e-01
4.8895025829e-02	-6.2831691303e-01
4.8894913496e-02	-6.2831764905e-01
4.8894231496e-02	-6.2824467681e-01
4.8894119646e-02	-6.2823588404e-01
4.8894007693e-02	-6.2822708395e-01
4.8893895636e-02	-6.2821827359e-01
4.8893783472e-02	-6.2820945112e-01
4.8893671197e-02	-6.2820061537e-01
4.8893558811e-02	-6.2820126930e-01
4.8892900994e-02	-6.2812874740e-01
4.8892789083e-02	-6.2811992357e-01
4.8892677098e-02	-6.2811109279e-01
4.8892565067e-02	-6.2810225256e-01
4.8892452928e-02	-6.2809340017e-01
4.8892340679e-02	-6.2808453447e-01
4.8892228318e-02	-6.2808518068e-01
4.8891655995e-02	-6.2801227899e-01
4.8891544129e-02	-6.2800342767e-01
4.8891432154e-02	-6.2799456797e-01
4.8891320083e-02	-6.2798569898e-01
4.8891207905e-02	-6.2797681796e-01
4.8891095618e-02	-6.2796792369e-01
4.8890983220e-02	-6.2796847189e-01
4.8890244672e-02	-6.2789564406e-01
4.8890132735e-02	-6.2788675984e-01
4.8890020697e-02	-6.2787786827e-01
4.8889908556e-02	-6.2786896646e-01
4.8889796309e-02	-6.2786005262e-01
4.8889683954e-02	-6.2785112559e-01
4.8889571489e-02	-6.2785144782e-01
4.8888979562e-02	-6.2778070644e-01
4.8888867565e-02	-6.2777179132e-01
4.8888755468e-02	-6.2776286875e-01
4.8888643268e-02	-6.2775393592e-01
4.8888530963e-02	-6.2774499107e-01
4.8888418550e-02	-6.2773603305e-01
4.8888306029e-02	-6.2773644596e-01
4.8887611700e-02	-6.2766423209e-01
4.8887499642e-02	-6.2765528479e-01
4.8887387496e-02	-6.2764633035e-01
4.8887275321e-02	-6.2763736688e-01
4.8887163041e-02	-6.2762839150e-01
4.8887050655e-02	-6.2761940303e-01
4.8886938160e-02	-6.2761972723e-01
4.8886343304e-02	-6.2754824921e-01
4.8886231287e-02	-6.2753927376e-01
4.8886119163e-02	-6.2753028993e-01
4.8886006946e-02	-6.2752129704e-01
4.8885894677e-02	-6.2751229314e-01
4.8885782354e-02	-6.2750327706e-01
4.8885669924e-02	-6.2750374146e-01
4.8884948899e-02	-6.2742996373e-01
4.8884831001e-02	-6.2742091078e-01
4.8884712988e-02	-6.2741184951e-01
4.8884594871e-02	-6.2740277915e-01
4.8884476637e-02	-6.2739369693e-01
4.8884358282e-02	-6.2738460163e-01
4.8884239803e-02	-6.2738449400e-01
4.8883516283e-02	-6.2731455610e-01
4.8883398248e-02	-6.2730546722e-01
4.8883280112e-02	-6.2729637134e-01
4.8883161905e-02	-6.2728727041e-01
4.8883043669e-02	-6.2727816838e-01
4.8882925467e-02	-6.2726906449e-01
4.8882807245e-02	-6.2726932201e-01
4.8882065118e-02	-6.2719659086e-01
4.8881947820e-02	-6.2718756218e-01
4.8881830511e-02	-6.2717852930e-01
4.8881713090e-02	-6.2716948612e-01
4.8881595550e-02	-6.2716043098e-01
4.8881477890e-02	-6.2715136273e-01
4.8881360106e-02	-6.2715130948e-01
4.8880717534e-02	-6.2708097016e-01
4.8880600153e-02	-6.2707190287e-01
4.8880482747e-02	-6.2706283815e-01
4.8880365232e-02	-6.2705376349e-01
4.8880247600e-02	-6.2704467678e-01
4.8880129847e-02	-6.2703557690e-01
4.8880011971e-02	-6.2703540135e-01
4.8879248248e-02	-6.2696568016e-01
4.8879130676e-02	-6.2695656935e-01
4.8879013027e-02	-6.2694745448e-01
4.8878895258e-02	-6.2693832816e-01
4.8878777363e-02	-6.2692918848e-01
4.8878659380e-02	-6.2692003965e-01
4.8878541224e-02	-6.2691997246e-01
4.8877927881e-02	-6.2684891819e-01
4.8877810163e-02	-6.2683976774e-01
4.8877692338e-02	-6.2683060949e-01
4.8877574401e-02	-6.2682144065e-01
4.8877456345e-02	-6.2681225948e-01
4.8877338167e-02	-6.2680306483e-01
4.8877219856e-02	-6.2680298284e-01
4.8876447032e-02	-6.2673083994e-01
4.8876329230e-02	-6.2672164892e-01
4.8876211323e-02	-6.2671245026e-01
4.8876093304e-02	-6.2670324123e-01
4.8875975170e-02	-6.2669402025e-01
4.8875856919e-02	-6.2668478624e-01
4.8875738546e-02	-6.2668438902e-01
4.8875010269e-02	-6.2661506920e-01
4.8874892332e-02	-6.2660584096e-01
4.8874774291e-02	-6.2659660516e-01
4.8874656141e-02	-6.2658735911e-01
4.8874537877e-02	-6.2657810112e-01
4.8874419495e-02	-6.2656883009e-01
4.8874300993e-02	-6.2656848533e-01
4.8873594290e-02	-6.2649834243e-01
4.8873476239e-02	-6.2648907855e-01
4.8873358085e-02	-6.2647980723e-01
4.8873239823e-02	-6.2647052575e-01
4.8873121448e-02	-6.2646123244e-01
4.8873002956e-02	-6.2645192618e-01
4.8872884346e-02	-6.2645144527e-01
4.8872188021e-02	-6.2638181551e-01
4.8872069859e-02	-6.2637251666e-01
4.8871951595e-02	-6.2636321036e-01
4.8871833307e-02	-6.2635389520e-01
4.8871714989e-02	-6.2634456953e-01
4.8871596569e-02	-6.2633523118e-01
4.8871478030e-02	-6.2633472898e-01
4.8870778192e-02	-6.2626485817e-01
4.8870660096e-02	-6.2625552645e-01
4.8870541899e-02	-6.2624618725e-01
4.8870423595e-02	-6.2623683789e-01
4.8870305178e-02	-6.2622747671e-01
4.8870186645e-02	-6.2621810262e-01
4.8870067994e-02	-6.2621747715e-01
4.8869378701e-02	-6.2614808750e-01
4.8869260485e-02	-6.2613871931e-01
4.8869142168e-02	-6.2612934360e-01
4.8869023744e-02	-6.2611995774e-01
4.8868905208e-02	-6.2611056007e-01
4.8868786557e-02	-6.2610114951e-01
4.8868667788e-02	-6.2610060225e-01
4.8867958961e-02	-6.2603012758e-01
4.8867840635e-02	-6.2602072343e-01
4.8867722208e-02	-6.2601131192e-01
4.8867603676e-02	-6.2600189040e-01
4.8867485034e-02	-6.2599245721e-01
4.8867366277e-02	-6.2598301126e-01
4.8867247404e-02	-6.2598234704e-01
4.8866522423e-02	-6.2591249621e-01
4.8866404060e-02	-6.2590305733e-01
4.8866285598e-02	-6.2589361112e-01
4.8866167031e-02	-6.2588415495e-01
4.8866048354e-02	-6.2587468719e-01
4.8865929565e-02	-6.2586520674e-01
4.8865810659e-02	-6.2586438861e-01
4.8865104730e-02	-6.2579543476e-01
4.8864986253e-02	-6.2578596002e-01
4.8864867678e-02	-6.2577647794e-01
4.8864748998e-02	-6.2576698591e-01
4.8864630210e-02	-6.2575748232e-01
4.8864511309e-02	-6.2574796610e-01
4.8864392293e-02	-6.2574721635e-01
4.8863663135e-02	-6.2567729525e-01
4.8863544552e-02	-6.2566778486e-01
4.8863425872e-02	-6.2565826728e-01
4.8863307088e-02	-6.2564873989e-01
4.8863188196e-02	-6.2563920106e-01
4.8863069194e-02	-6.2562964973e-01
4.8862950077e-02	-6.2562866202e-01
4.8862283356e-02	-6.2556015764e-01
4.8862164662e-02	-6.2555061166e-01
4.8862045902e-02	-6.2554105922e-01
4.8861927084e-02	-6.2553149749e-01
4.8861808178e-02	-6.2552192673e-01
4.8861689246e-02	-6.2551235418e-01
4.8861570289e-02	-6.2551139262e-01
4.8860836332e-02	-6.2544260233e-01
4.8860718334e-02	-6.2543311361e-01
4.8860600249e-02	-6.2542361885e-01
4.8860482053e-02	-6.2541411334e-01
4.8860363743e-02	-6.2540459559e-01
4.8860245320e-02	-6.2539506516e-01
4.8860126785e-02	-6.2539406397e-01
4.8859463537e-02	-6.2532590851e-01
4.8859345351e-02	-6.2531637446e-01
4.8859227146e-02	-6.2530684296e-01
4.8859108881e-02	-6.2529730261e-01
4.8858990568e-02	-6.2528775178e-01
4.8858872144e-02	-6.2527818850e-01
4.8858753609e-02	-6.2527713563e-01
4.8858019097e-02	-6.2520895360e-01
4.8857900830e-02	-6.2519937682e-01
4.8857782512e-02	-6.2518979850e-01
4.8857664083e-02	-6.2518020918e-01
4.8857545605e-02	-6.2517060806e-01
4.8857427009e-02	-6.2516099307e-01
4.8857308289e-02	-6.2515985586e-01
4.8856632419e-02	-6.2509187607e-01
4.8856514052e-02	-6.2508225666e-01
4.8856395587e-02	-6.2507262960e-01
4.8856277017e-02	-6.2506299238e-01
4.8856158340e-02	-6.2505334344e-01
4.8856039550e-02	-6.2504368172e-01
4.8855920646e-02	-6.2504245221e-01
4.8855192575e-02	-6.2497466231e-01
4.8855074036e-02	-6.2496499898e-01
