R_int	Phi_global	P_surf
9.6141831340e+06	1.0000000000e+00	1.0740414341e+04
9.6141831340e+06	1.0000000000e+00	1.0740627993e+04
9.6141831340e+06	1.0000000000e+00	1.0740628086e+04
9.6141831340e+06	1.0000000000e+00	1.0740628086e+04
9.6141831340e+06	1.0000000000e+00	1.0974897763e+04
9.6141831340e+06	1.0000000000e+00	1.0973410775e+04
9.6141831340e+06	1.0000000000e+00	1.0971847754e+04
9.6141831340e+06	1.0000000000e+00	1.0956233310e+04
9.6141831340e+06	1.0000000000e+00	1.0931306846e+04
9.6141831340e+06	1.0000000000e+00	1.0891578912e+04
9.6141831340e+06	1.0000000000e+00	1.0828408392e+04
9.6141831340e+06	1.0000000000e+00	1.0728335172e+04
9.6141831340e+06	1.0000000000e+00	1.0570732150e+04
9.6141831340e+06	1.0000000000e+00	1.0326699108e+04
9.6141831340e+06	1.0000000000e+00	9.9527612856e+03
9.6141831340e+06	1.0000000000e+00	9.3912848604e+03
9.6141831340e+06	1.0000000000e+00	8.5632095510e+03
9.6141831340e+06	1.0000000000e+00	7.3273351271e+03
9.6141831340e+06	1.0000000000e+00	5.7914513414e+03
9.5167872632e+06	1.0000000000e+00	4.9343216133e+03
9.5167872632e+06	1.0000000000e+00	4.5253146500e+03
9.5167872632e+06	1.0000000000e+00	4.3225548870e+03
9.5167872632e+06	1.0000000000e+00	4.1696936921e+03
9.5167872632e+06	1.0000000000e+00	3.9396253630e+03
9.4598465330e+06	1.0000000000e+00	3.6161452247e+03
9.4598465330e+06	9.9978586299e-01	3.3534881977e+03
9.4598465330e+06	9.9973127291e-01	3.3536632094e+03
9.4598465330e+06	9.9967715305e-01	3.3540317380e+03
9.4598465330e+06	9.9962173092e-01	3.3545828473e+03
9.4598465330e+06	9.9956606943e-01	3.3553147753e+03
9.4598465330e+06	9.9951028872e-01	3.3562063928e+03
9.4598465330e+06	9.9945370606e-01	3.3572342148e+03
9.4598465330e+06	9.9939687846e-01	3.3583776332e+03
9.4598465330e+06	9.9933985963e-01	3.3596205012e+03
9.4598465330e+06	9.9928235350e-01	3.3609503502e+03
9.4598465330e+06	9.9922413637e-01	3.3623573363e+03
9.4598465330e+06	9.9916570022e-01	3.3638332514e+03
9.4598465330e+06	9.9910703985e-01	3.3653715835e+03
9.4598465330e+06	9.9904792043e-01	3.3669670266e+03
9.4598465330e+06	9.9898799305e-01	3.3686151711e+03
9.4598465330e+06	9.9892722989e-01	3.3703121221e+03
9.4598465330e+06	9.9886567992e-01	3.3720544558e+03
9.4598465330e+06	9.9880388301e-01	3.3738389357e+03
9.4598465330e+06	9.9874102564e-01	3.3756632810e+03
9.4598465330e+06	9.9867786293e-01	3.3775247426e+03
9.4598465330e+06	9.9861444357e-01	3.3794211224e+03
9.4598465330e+06	9.9855076535e-01	3.3813504108e+03
9.4598465330e+06	9.9848627104e-01	3.3833110042e+03
9.4598465330e+06	9.9842073742e-01	3.3853012527e+03
9.4598465330e+06	9.9835428672e-01	3.3873194423e+03
9.4598465330e+06	9.9828756604e-01	3.3893636791e+03
9.4598465330e+06	9.9822001617e-01	3.3914326899e+03
9.4598465330e+06	9.9815179542e-01	3.3935249491e+03
9.4598465330e+06	9.9808240328e-01	3.3956392781e+03
9.4598465330e+06	9.9801160567e-01	3.3977744409e+03
9.4598465330e+06	9.9794049203e-01	3.3999286916e+03
9.4598465330e+06	9.9786909590e-01	3.4021008734e+03
9.4598465330e+06	9.9779741525e-01	3.4042900336e+03
9.4598465330e+06	9.9772544907e-01	3.4064954121e+03
9.4598465330e+06	9.9765319488e-01	3.4087165974e+03
9.4598465330e+06	9.9758065128e-01	3.4109535483e+03
9.4598465330e+06	9.9750781653e-01	3.4132067500e+03
9.4598465330e+06	9.9743468863e-01	3.4154773495e+03
9.4598465330e+06	9.9736126631e-01	3.4177672635e+03
9.4598465330e+06	9.9728754755e-01	3.4200793787e+03
9.4598465330e+06	9.9721353041e-01	3.4224176651e+03
9.4598465330e+06	9.9713921326e-01	3.4247872816e+03
9.4598465330e+06	9.9706459448e-01	3.4271946768e+03
9.4598465330e+06	9.9698967145e-01	3.4296476554e+03
9.4598465330e+06	9.9691444296e-01	3.4321552705e+03
9.4598465330e+06	9.9683890618e-01	3.4347278426e+03
9.4598465330e+06	9.9676306008e-01	3.4373766939e+03
9.4598465330e+06	9.9668690176e-01	3.4401140685e+03
9.4598465330e+06	9.9661042897e-01	3.4429527791e+03
9.4598465330e+06	9.9653364050e-01	3.4459059384e+03
9.4598465330e+06	9.9645653359e-01	3.4489867010e+03
9.4598465330e+06	9.9637910598e-01	3.4522078085e+03
9.4598465330e+06	9.9630135652e-01	3.4555812410e+03
9.4598465330e+06	9.9622328264e-01	3.4591178316e+03
9.4598465330e+06	9.9614488207e-01	3.4628267886e+03
9.4598465330e+06	9.9606615286e-01	3.4667152995e+03
9.4598465330e+06	9.9598709298e-01	3.4707881132e+03
9.4598465330e+06	9.9590770080e-01	3.4750472897e+03
9.4598465330e+06	9.9582797424e-01	3.4794920616e+03
9.4598465330e+06	9.9574791037e-01	3.4841188203e+03
9.4598465330e+06	9.9566750833e-01	3.4889212064e+03
9.4598465330e+06	9.9558676511e-01	3.4938905605e+03
9.4598465330e+06	9.9550567941e-01	3.4990161916e+03
9.4598465330e+06	9.9542424871e-01	3.5042859918e+03
9.4598465330e+06	9.9534247098e-01	3.5096868672e+03
9.4598465330e+06	9.9526034346e-01	3.5152052642e+03
9.4598465330e+06	9.9517786495e-01	3.5208275039e+03
9.4598465330e+06	9.9509503257e-01	3.5265402852e+03
9.4598465330e+06	9.9501184415e-01	3.5323308673e+03
9.4598465330e+06	9.9492829740e-01	3.5381872905e+03
9.4598465330e+06	9.9484438988e-01	3.5440985006e+03
9.4598465330e+06	9.9476011914e-01	3.5500544089e+03
9.4598465330e+06	9.9467548266e-01	3.5560459012e+03
9.4598465330e+06	9.9459047778e-01	3.5620648088e+03
9.4598465330e+06	9.9450510181e-01	3.5681038513e+03
9.4598465330e+06	9.9441935167e-01	3.5741565771e+03
9.4598465330e+06	9.9433322478e-01	3.5802172242e+03
9.4598465330e+06	9.9424671752e-01	3.5862807192e+03
9.4598465330e+06	9.9415982690e-01	3.5923425583e+03
9.4598465330e+06	9.9407255263e-01	3.5983987986e+03
9.4598465330e+06	9.9398489250e-01	3.6044471640e+03
9.4598465330e+06	9.9389684394e-01	3.6104989783e+03
9.4598465330e+06	9.9380840340e-01	3.6167100822e+03
9.4598465330e+06	9.9371954583e-01	3.6247886909e+03
9.4598465330e+06	9.9371250014e-01	3.6330777021e+03
9.4598465330e+06	9.9370773463e-01	3.6394857831e+03
9.4598465330e+06	9.9370295545e-01	3.6486609936e+03
9.4598465330e+06	9.9369817327e-01	3.6604728825e+03
9.4598465330e+06	9.9369341150e-01	3.6732690044e+03
9.4598465330e+06	9.9368867356e-01	3.6829542495e+03
9.4598465330e+06	9.9368395640e-01	3.6886938503e+03
9.4598465330e+06	9.9367925337e-01	3.6918191401e+03
9.4598465330e+06	9.9367456848e-01	3.6937579360e+03
9.4598465330e+06	9.9366988717e-01	3.6951245296e+03
9.4598465330e+06	9.9366520812e-01	3.6962402303e+03
9.4598465330e+06	9.9366053950e-01	3.6972539778e+03
9.4598465330e+06	9.9365587946e-01	3.6981978395e+03
9.4598465330e+06	9.9365122125e-01	3.6990616968e+03
9.4598465330e+06	9.9364656956e-01	3.6998569767e+03
9.4598465330e+06	9.9364193460e-01	3.7005743010e+03
9.4598465330e+06	9.9363730964e-01	3.7010859757e+03
9.4598465330e+06	9.9363270617e-01	3.7012112830e+03
9.4598465330e+06	9.9362815983e-01	3.7004813800e+03
9.4598465330e+06	9.9362370702e-01	3.6979018150e+03
9.4598465330e+06	9.9362025208e-01	3.6930917823e+03
9.4598465330e+06	9.9361757155e-01	3.6849243565e+03
9.4598465330e+06	9.9361533468e-01	3.6714963043e+03
9.4598465330e+06	9.9361350423e-01	3.6497558484e+03
9.4598465330e+06	9.9361211886e-01	3.6148286291e+03
9.4598465330e+06	9.9361174397e-01	3.5592218142e+03
9.4598465330e+06	9.9361277385e-01	3.4713241804e+03
9.4598465330e+06	9.9339103397e-01	3.3565046128e+03
9.4598465330e+06	9.9333498717e-01	3.3567980294e+03
9.4598465330e+06	9.9327883746e-01	3.3572989276e+03
9.4598465330e+06	9.9322147144e-01	3.3580107649e+03
9.4598465330e+06	9.9316399678e-01	3.3589166055e+03
9.4598465330e+06	9.9310598806e-01	3.3599867705e+03
9.4598465330e+06	9.9304741172e-01	3.3611937892e+03
9.4598465330e+06	9.9298863314e-01	3.3625158347e+03
9.4598465330e+06	9.9292951300e-01	3.3639364685e+03
9.4598465330e+06	9.9286947041e-01	3.3654433155e+03
9.4598465330e+06	9.9280919715e-01	3.3670261643e+03
9.4598465330e+06	9.9274868814e-01	3.3686771248e+03
9.4598465330e+06	9.9268768868e-01	3.3703898829e+03
9.4598465330e+06	9.9262584751e-01	3.3721592607e+03
9.4598465330e+06	9.9256300085e-01	3.3739808198e+03
9.4598465330e+06	9.9249945625e-01	3.3758505453e+03
9.4598465330e+06	9.9243549859e-01	3.3777649420e+03
9.4598465330e+06	9.9237053059e-01	3.3797213183e+03
9.4598465330e+06	9.9230529796e-01	3.3817166824e+03
9.4598465330e+06	9.9223979853e-01	3.3837486422e+03
9.4598465330e+06	9.9217397273e-01	3.3858150555e+03
9.4598465330e+06	9.9210698495e-01	3.3879142947e+03
9.4598465330e+06	9.9203869920e-01	3.3900445476e+03
9.4598465330e+06	9.9197003051e-01	3.3922036076e+03
9.4598465330e+06	9.9190085576e-01	3.3943898501e+03
9.4598465330e+06	9.9183062624e-01	3.3966019129e+03
9.4598465330e+06	9.9175947513e-01	3.3988381988e+03
9.4598465330e+06	9.9168679846e-01	3.4010974946e+03
9.4598465330e+06	9.9161355416e-01	3.4033779269e+03
9.4598465330e+06	9.9154001966e-01	3.4056780100e+03
9.4598465330e+06	9.9146619265e-01	3.4079965215e+03
9.4598465330e+06	9.9139207201e-01	3.4103323437e+03
9.4598465330e+06	9.9131765543e-01	3.4126845924e+03
9.4598465330e+06	9.9124294142e-01	3.4150526243e+03
9.4598465330e+06	9.9116792797e-01	3.4174361721e+03
9.4598465330e+06	9.9109261356e-01	3.4198354249e+03
9.4598465330e+06	9.9101699636e-01	3.4222511821e+03
9.4598465330e+06	9.9094107453e-01	3.4246849889e+03
9.4598465330e+06	9.9086484627e-01	3.4271393029e+03
9.4598465330e+06	9.9078830986e-01	3.4296176299e+03
9.4598465330e+06	9.9071146253e-01	3.4321247149e+03
9.4598465330e+06	9.9063430299e-01	3.4346665663e+03
9.4598465330e+06	9.9055682826e-01	3.4372506203e+03
9.4598465330e+06	9.9047903711e-01	3.4398856395e+03
9.4598465330e+06	9.9040092684e-01	3.4425817602e+03
9.4598465330e+06	9.9032249470e-01	3.4453502871e+03
9.4598465330e+06	9.9024373681e-01	3.4482035303e+03
9.4598465330e+06	9.9016465330e-01	3.4511544817e+03
9.4598465330e+06	9.9008523953e-01	3.4542166051e+03
9.4598465330e+06	9.9000549475e-01	3.4574033664e+03
9.4598465330e+06	9.8992541698e-01	3.4607278903e+03
9.4598465330e+06	9.8984500248e-01	3.4642025821e+03
9.4598465330e+06	9.8976425135e-01	3.4678385349e+03
9.4598465330e+06	9.8968315962e-01	3.4716452216e+03
9.4598465330e+06	9.8960172643e-01	3.4756299591e+03
9.4598465330e+06	9.8951994893e-01	3.4797975609e+03
9.4598465330e+06	9.8943782539e-01	3.4841500152e+03
9.4598465330e+06	9.8935535481e-01	3.4886863613e+03
9.4598465330e+06	9.8927253397e-01	3.4934027444e+03
9.4598465330e+06	9.8918936165e-01	3.4982925853e+03
9.4598465330e+06	9.8910583541e-01	3.5033468405e+03
9.4598465330e+06	9.8902195345e-01	3.5085546052e+03
9.4598465330e+06	9.8893771370e-01	3.5139034690e+03
9.4598465330e+06	9.8885311372e-01	3.5193801731e+03
9.4598465330e+06	9.8876815162e-01	3.5249710354e+03
9.4598465330e+06	9.8868282459e-01	3.5306624307e+03
9.4598465330e+06	9.8859713054e-01	3.5364410535e+03
9.4598465330e+06	9.8851106698e-01	3.5422943362e+03
9.4598465330e+06	9.8842463130e-01	3.5482105412e+03
9.4598465330e+06	9.8833782038e-01	3.5541788973e+03
9.4598465330e+06	9.8825063143e-01	3.5601896566e+03
9.4598465330e+06	9.8816306171e-01	3.5662340527e+03
9.4598465330e+06	9.8807510792e-01	3.5723042843e+03
9.4598465330e+06	9.8798676584e-01	3.5783934960e+03
9.4598465330e+06	9.8789803184e-01	3.5844955842e+03
9.4598465330e+06	9.8780890277e-01	3.5906052169e+03
9.4598465330e+06	9.8771937979e-01	3.5967176871e+03
9.4598465330e+06	9.8762946169e-01	3.6028288034e+03
9.4598465330e+06	9.8753914543e-01	3.6089349018e+03
9.4598465330e+06	9.8744843103e-01	3.6150328171e+03
9.4598465330e+06	9.8735731237e-01	3.6211216243e+03
9.4598465330e+06	9.8726578972e-01	3.6272208619e+03
9.4598465330e+06	9.8717385145e-01	3.6335698617e+03
9.4598465330e+06	9.8709514956e-01	3.6427500099e+03
9.4598465330e+06	9.8709005157e-01	3.6489184781e+03
9.4598465330e+06	9.8708499464e-01	3.6554035492e+03
9.4598465330e+06	9.8707991289e-01	3.6646196914e+03
9.4598465330e+06	9.8707483036e-01	3.6762247688e+03
9.4598465330e+06	9.8706978139e-01	3.6884354182e+03
9.4598465330e+06	9.8706477721e-01	3.6974361225e+03
9.4598465330e+06	9.8705981078e-01	3.7027254983e+03
9.4598465330e+06	9.8705486841e-01	3.7056522136e+03
9.4598465330e+06	9.8704994524e-01	3.7075236065e+03
9.4598465330e+06	9.8704502884e-01	3.7088838324e+03
9.4598465330e+06	9.8704011691e-01	3.7100123166e+03
9.4598465330e+06	9.8703521517e-01	3.7110502828e+03
9.4598465330e+06	9.8703032149e-01	3.7120177584e+03
9.4598465330e+06	9.8702543243e-01	3.7129053052e+03
9.4598465330e+06	9.8702055301e-01	3.7137257845e+03
9.4598465330e+06	9.8701569488e-01	3.7144577063e+03
9.4598465330e+06	9.8701085938e-01	3.7149672460e+03
9.4598465330e+06	9.8700607219e-01	3.7150531185e+03
9.4598465330e+06	9.8700139935e-01	3.7141908487e+03
9.4598465330e+06	9.8699704403e-01	3.7113901624e+03
9.4598465330e+06	9.8699381327e-01	3.7062275299e+03
9.4598465330e+06	9.8699153062e-01	3.6974911645e+03
9.4598465330e+06	9.8698998735e-01	3.6831501366e+03
9.4598465330e+06	9.8698935008e-01	3.6599220488e+03
9.4598465330e+06	9.8698941336e-01	3.6226806047e+03
9.4598465330e+06	9.8699145603e-01	3.5634442777e+03
9.4598465330e+06	9.8699642528e-01	3.4699415905e+03
9.4082147028e+06	9.8685693761e-01	3.3868570714e+03
9.4082147028e+06	9.8068001265e-01	3.3822515121e+03
9.4082147028e+06	9.8060980291e-01	3.3822842700e+03
9.4082147028e+06	9.8054035484e-01	3.3823177324e+03
9.4082147028e+06	9.8047726373e-01	3.3823481054e+03
9.4082147028e+06	9.8041792678e-01	3.3823765077e+03
9.4082147028e+06	9.8035974006e-01	3.3824033360e+03
9.4082147028e+06	9.8030222899e-01	3.3824265996e+03
9.4082147028e+06	9.8024443206e-01	3.3824432228e+03
9.4082147028e+06	9.8018606141e-01	3.3824466516e+03
9.4082147028e+06	9.8012751305e-01	3.3824219892e+03
9.4082147028e+06	9.8006835022e-01	3.3823463973e+03
9.4082147028e+06	9.8000687779e-01	3.3822050199e+03
9.4082147028e+06	9.7994486909e-01	3.3820138924e+03
9.4082147028e+06	9.7988256256e-01	3.3818339396e+03
9.4082147028e+06	9.7981889371e-01	3.3817596446e+03
9.4082147028e+06	9.7975486992e-01	3.3818947454e+03
9.4082147028e+06	9.7969052690e-01	3.3823336417e+03
9.4082147028e+06	9.7962519038e-01	3.3831499460e+03
9.4082147028e+06	9.7955767975e-01	3.3843931632e+03
9.4082147028e+06	9.7948971021e-01	3.3860886224e+03
9.4082147028e+06	9.7942098212e-01	3.3882435779e+03
9.4082147028e+06	9.7935114541e-01	3.3908504168e+03
9.4082147028e+06	9.7928054982e-01	3.3938901045e+03
9.4082147028e+06	9.7920793459e-01	3.3973366102e+03
9.4082147028e+06	9.7913381271e-01	3.4011580119e+03
9.4082147028e+06	9.7905867874e-01	3.4053194965e+03
9.4082147028e+06	9.7898322612e-01	3.4097851429e+03
9.4082147028e+06	9.7890745379e-01	3.4145196588e+03
9.4082147028e+06	9.7883136004e-01	3.4194891126e+03
9.4082147028e+06	9.7875494312e-01	3.4246616152e+03
9.4082147028e+06	9.7867820198e-01	3.4300077209e+03
9.4082147028e+06	9.7860113474e-01	3.4355007820e+03
9.4082147028e+06	9.7852373943e-01	3.4411169755e+03
9.4082147028e+06	9.7844601477e-01	3.4468352044e+03
9.4082147028e+06	9.7836795870e-01	3.4526370675e+03
9.4082147028e+06	9.7828956933e-01	3.4585065950e+03
9.4082147028e+06	9.7821084475e-01	3.4644300371e+03
9.4082147028e+06	9.7813178298e-01	3.4703956210e+03
9.4082147028e+06	9.7805238201e-01	3.4763933042e+03
9.4082147028e+06	9.7797263980e-01	3.4824145439e+03
9.4082147028e+06	9.7789255428e-01	3.4884520751e+03
9.4082147028e+06	9.7781212332e-01	3.4944997149e+03
9.4082147028e+06	9.7773134480e-01	3.5005521856e+03
9.4082147028e+06	9.7765021637e-01	3.5066049756e+03
9.4082147028e+06	9.7756873618e-01	3.5126541809e+03
9.4082147028e+06	9.7748690183e-01	3.5186967187e+03
9.4082147028e+06	9.7740471095e-01	3.5247329129e+03
9.4082147028e+06	9.7732215961e-01	3.5307961014e+03
9.4082147028e+06	9.7723922926e-01	3.5372746158e+03
9.4082147028e+06	9.7718319046e-01	3.5482889443e+03
9.4082147028e+06	9.7717859220e-01	3.5534400009e+03
9.4082147028e+06	9.7717393256e-01	3.5607851916e+03
9.4082147028e+06	9.7716924794e-01	3.5705374168e+03
9.4082147028e+06	9.7716459402e-01	3.5814799306e+03
9.4082147028e+06	9.7716002321e-01	3.5910345820e+03
9.4082147028e+06	9.7715555640e-01	3.5972374642e+03
9.4082147028e+06	9.7715117800e-01	3.6007777718e+03
9.4082147028e+06	9.7714688908e-01	3.6029468014e+03
9.4082147028e+06	9.7714272487e-01	3.6044949513e+03
9.4082147028e+06	9.7713875985e-01	3.6057388921e+03
9.4082147028e+06	9.7713516404e-01	3.6068219633e+03
9.4082147028e+06	9.7713245306e-01	3.6078679676e+03
9.4082147028e+06	9.7713123238e-01	3.6088314279e+03
9.4082147028e+06	9.7713190507e-01	3.6094655424e+03
9.4082147028e+06	9.7713359259e-01	3.6098696482e+03
9.4082147028e+06	9.7713584015e-01	3.6101629599e+03
9.4082147028e+06	9.7713839550e-01	3.6103953976e+03
9.4082147028e+06	9.7714117945e-01	3.6105782375e+03
9.4082147028e+06	9.7714410859e-01	3.6107293934e+03
9.4082147028e+06	9.7714712913e-01	3.6108595707e+03
9.4082147028e+06	9.7715025307e-01	3.6109691582e+03
9.4082147028e+06	9.7715346083e-01	3.6110625811e+03
9.4082147028e+06	9.7715671516e-01	3.6111456171e+03
9.4082147028e+06	9.7716001664e-01	3.6112189636e+03
9.4082147028e+06	9.7716338993e-01	3.6112808527e+03
9.4082147028e+06	9.7716679187e-01	3.6113365823e+03
9.4082147028e+06	9.7717022019e-01	3.6113867211e+03
9.4082147028e+06	9.7717369098e-01	3.6114301958e+03
9.4082147028e+06	9.7717719840e-01	3.6114680458e+03
9.4082147028e+06	9.7718072464e-01	3.6115020868e+03
9.4082147028e+06	9.7718426888e-01	3.6115325486e+03
9.4082147028e+06	9.7718784896e-01	3.6115584422e+03
9.4082147028e+06	9.7719145357e-01	3.6115808536e+03
9.4082147028e+06	9.7719507265e-01	3.6116005688e+03
9.4082147028e+06	9.7719870621e-01	3.6116176643e+03
9.4082147028e+06	9.7724808343e-01	3.6116475246e+03
9.4082147028e+06	9.7732342642e-01	3.6116240392e+03
9.4082147028e+06	9.7739874663e-01	3.6115688229e+03
9.4082147028e+06	9.7747399778e-01	3.6114874545e+03
9.4082147028e+06	9.7754916760e-01	3.6113835012e+03
9.4082147028e+06	9.7762426395e-01	3.6112592559e+03
9.4082147028e+06	9.7769927100e-01	3.6111168958e+03
9.4082147028e+06	9.7777418749e-01	3.6109640132e+03
9.4082147028e+06	9.7784905038e-01	3.6108044943e+03
9.4082147028e+06	9.7792404587e-01	3.6106396821e+03
9.4082147028e+06	9.7799927764e-01	3.6104700841e+03
9.4082147028e+06	9.7807488341e-01	3.6102954503e+03
9.4082147028e+06	9.7814531942e-01	3.6101286888e+03
9.4082147028e+06	9.7819960337e-01	3.6099975525e+03
9.4082147028e+06	9.7824547651e-01	3.6098841652e+03
9.4082147028e+06	9.7828440909e-01	3.6097853679e+03
9.4082147028e+06	9.7831558189e-01	3.6097041582e+03
9.4082147028e+06	9.7834151932e-01	3.6096338739e+03
9.4082147028e+06	9.7836294440e-01	3.6095727202e+03
9.4082147028e+06	9.7838003281e-01	3.6095210830e+03
9.4082147028e+06	9.7839373696e-01	3.6094768441e+03
9.4082147028e+06	9.7840495883e-01	3.6094373682e+03
9.4082147028e+06	9.7841406224e-01	3.6094018773e+03
9.4082147028e+06	9.7842120123e-01	3.6093714976e+03
9.4082147028e+06	9.7842693825e-01	3.6093437147e+03
9.4082147028e+06	9.7843144998e-01	3.6093180526e+03
9.4082147028e+06	9.7843487507e-01	3.6092943486e+03
9.4082147028e+06	9.7843745695e-01	3.6092733945e+03
9.4082147028e+06	9.7843925065e-01	3.6092536771e+03
9.4082147028e+06	9.7844032152e-01	3.6092350816e+03
9.4082147028e+06	9.7844073149e-01	3.6092175256e+03
9.4082147028e+06	9.7847634950e-01	3.6091323378e+03
9.4082147028e+06	9.7852487448e-01	3.6090523211e+03
9.4082147028e+06	9.7856779234e-01	3.6089830717e+03
9.4082147028e+06	9.7860639325e-01	3.6089219127e+03
9.4082147028e+06	9.7864151853e-01	3.6088670887e+03
9.4082147028e+06	9.7867374788e-01	3.6088173845e+03
9.4082147028e+06	9.7870351346e-01	3.6087719205e+03
9.4082147028e+06	9.7873112114e-01	3.6087300422e+03
9.4082147028e+06	9.7875678236e-01	3.6086912427e+03
9.4082147028e+06	9.7878067116e-01	3.6086551229e+03
9.4082147028e+06	9.7878345752e-01	3.6086301191e+03
9.4082147028e+06	9.7878140550e-01	3.6086082178e+03
9.4082147028e+06	9.7877833621e-01	3.6085864658e+03
9.4082147028e+06	9.7877417997e-01	3.6085648425e+03
9.4082147028e+06	9.7876885520e-01	3.6085433207e+03
9.4082147028e+06	9.7876226254e-01	3.6085218651e+03
9.4082147028e+06	9.7875425534e-01	3.6085004361e+03
9.4082147028e+06	9.7874454747e-01	3.6084789651e+03
9.4082147028e+06	9.7873240641e-01	3.6084568437e+03
9.4082147028e+06	9.7871423826e-01	3.6084271011e+03
9.4082147028e+06	9.7872548424e-01	3.6083907707e+03
9.4082147028e+06	9.7872426443e-01	3.6083630992e+03
9.4082147028e+06	9.7871928124e-01	3.6083400103e+03
9.4082147028e+06	9.7871225380e-01	3.6083190731e+03
9.4082147028e+06	9.7870375075e-01	3.6082993546e+03
9.4082147028e+06	9.7869475691e-01	3.6082812361e+03
9.4082147028e+06	9.7868525867e-01	3.6082640836e+03
9.4082147028e+06	9.7867505519e-01	3.6082473767e+03
9.4082147028e+06	9.7866454041e-01	3.6082313136e+03
9.4082147028e+06	9.7865417934e-01	3.6082161325e+03
9.4082147028e+06	9.7864332192e-01	3.6082011176e+03
9.4082147028e+06	9.7863198972e-01	3.6081862198e+03
9.4082147028e+06	9.7862098809e-01	3.6081720064e+03
9.4082147028e+06	9.7860985502e-01	3.6081580275e+03
9.4082147028e+06	9.7859831686e-01	3.6081440240e+03
9.4082147028e+06	9.7858637661e-01	3.6081299605e+03
9.4082147028e+06	9.7857503504e-01	3.6081165145e+03
9.4082147028e+06	9.7856344783e-01	3.6081030199e+03
9.4082147028e+06	9.7855151756e-01	3.6080893869e+03
9.4082147028e+06	9.7853927690e-01	3.6080756101e+03
9.4082147028e+06	9.7852256898e-01	3.6079956139e+03
9.4082147028e+06	9.7852776380e-01	3.6079052179e+03
9.4082147028e+06	9.7853154891e-01	3.6078154052e+03
9.4082147028e+06	9.7853405599e-01	3.6077260219e+03
9.4082147028e+06	9.7853534443e-01	3.6076372085e+03
9.4082147028e+06	9.7853545163e-01	3.6075493741e+03
9.4082147028e+06	9.7853431744e-01	3.6074632618e+03
9.4082147028e+06	9.7853181184e-01	3.6073802696e+03
9.4082147028e+06	9.7852779649e-01	3.6073035081e+03
9.4082147028e+06	9.7852206798e-01	3.6072379535e+03
9.4082147028e+06	9.7851428353e-01	3.6071911955e+03
9.4082147028e+06	9.7850398959e-01	3.6071779318e+03
9.4082147028e+06	9.7849050680e-01	3.6072281333e+03
9.4082147028e+06	9.7847247822e-01	3.6074070961e+03
9.4082147028e+06	9.7844577527e-01	3.6079128373e+03
9.4082147028e+06	9.7840752410e-01	3.6104702079e+03
9.4082147028e+06	9.7837092288e-01	3.6127352343e+03
9.4082147028e+06	9.7828892127e-01	3.6170811484e+03
9.4082147028e+06	9.7820836198e-01	3.6208886129e+03
9.4082147028e+06	9.7812813732e-01	3.6242993056e+03
9.4082147028e+06	9.7804803094e-01	3.6272864417e+03
9.4082147028e+06	9.7796804657e-01	3.6297952104e+03
9.4082147028e+06	9.7788816437e-01	3.6317829427e+03
9.4082147028e+06	9.7780833534e-01	3.6332327506e+03
9.4082147028e+06	9.7772846255e-01	3.6341345767e+03
9.4082147028e+06	9.7764861378e-01	3.6345082456e+03
9.4082147028e+06	9.7756843840e-01	3.6343021805e+03
9.4082147028e+06	9.7748798328e-01	3.6333081206e+03
9.4082147028e+06	9.7740722995e-01	3.6312801776e+03
9.4082147028e+06	9.7734998496e-01	3.6278483593e+03
9.4082147028e+06	9.7734573503e-01	3.6268279980e+03
9.4082147028e+06	9.7734148996e-01	3.6257162448e+03
9.4082147028e+06	9.7733724934e-01	3.6245088161e+03
9.4082147028e+06	9.7733301468e-01	3.6231894875e+03
9.4082147028e+06	9.7732870859e-01	3.6216353002e+03
9.4082147028e+06	9.7732874031e-01	3.6201481438e+03
9.4082147028e+06	9.7733248176e-01	3.6201129285e+03
9.4082147028e+06	9.7733622744e-01	3.6200770693e+03
9.4082147028e+06	9.7733997783e-01	3.6200403579e+03
9.4082147028e+06	9.7738792378e-01	3.6198554731e+03
9.4082147028e+06	9.7746350207e-01	3.6196501222e+03
9.4082147028e+06	9.7753891464e-01	3.6194447372e+03
9.4082147028e+06	9.7761420457e-01	3.6192411954e+03
9.4082147028e+06	9.7768948410e-01	3.6190386129e+03
9.4082147028e+06	9.7776489644e-01	3.6188357636e+03
9.4082147028e+06	9.7784058784e-01	3.6186310438e+03
9.4082147028e+06	9.7791680700e-01	3.6184222625e+03
9.4082147028e+06	9.7799390900e-01	3.6182063413e+03
9.4082147028e+06	9.7805167429e-01	3.6180397344e+03
9.4082147028e+06	9.7813236885e-01	3.6177958901e+03
9.4082147028e+06	9.7827912595e-01	3.6174544540e+03
9.4082147028e+06	9.7837414055e-01	3.6172412381e+03
9.4082147028e+06	9.7844269547e-01	3.6170922738e+03
9.4082147028e+06	9.7849725999e-01	3.6169767969e+03
9.4082147028e+06	9.7854308342e-01	3.6168817844e+03
9.4082147028e+06	9.7858279788e-01	3.6168006088e+03
9.4082147028e+06	9.7861789116e-01	3.6167294406e+03
9.4082147028e+06	9.7864927488e-01	3.6166658573e+03
9.4082147028e+06	9.7866522349e-01	3.6166137290e+03
9.4082147028e+06	9.7866116800e-01	3.6165743816e+03
9.4082147028e+06	9.7865530419e-01	3.6165346616e+03
9.4082147028e+06	9.7864727368e-01	3.6164943680e+03
9.4082147028e+06	9.7863637312e-01	3.6164532863e+03
9.4082147028e+06	9.7862137568e-01	3.6164110670e+03
9.4082147028e+06	9.7860602443e-01	3.6163785111e+03
9.4082147028e+06	9.7859098694e-01	3.6163532525e+03
9.4082147028e+06	9.7857614925e-01	3.6163325364e+03
9.4082147028e+06	9.7854828475e-01	3.6162594510e+03
9.4082147028e+06	9.7855043131e-01	3.6161806755e+03
9.4082147028e+06	9.7856658060e-01	3.6161014989e+03
9.4082147028e+06	9.7857588275e-01	3.6160283814e+03
9.4082147028e+06	9.7858052529e-01	3.6159592428e+03
9.4082147028e+06	9.7858291338e-01	3.6158939509e+03
9.4082147028e+06	9.7858349848e-01	3.6158327192e+03
9.4082147028e+06	9.7858240866e-01	3.6157763149e+03
9.4082147028e+06	9.7857962580e-01	3.6157268172e+03
9.4082147028e+06	9.7857505684e-01	3.6156880129e+03
9.4082147028e+06	9.7856849000e-01	3.6156656011e+03
9.4082147028e+06	9.7855967177e-01	3.6156700498e+03
9.4082147028e+06	9.7854805584e-01	3.6157214709e+03
9.4082147028e+06	9.7853281681e-01	3.6158600410e+03
9.4082147028e+06	9.7851209183e-01	3.6161806935e+03
9.4082147028e+06	9.7848033231e-01	3.6172383194e+03
9.4082147028e+06	9.7846907450e-01	3.6188462699e+03
9.4082147028e+06	9.7848919003e-01	3.6209499378e+03
9.4082147028e+06	9.7852946196e-01	3.6229811364e+03
9.4082147028e+06	9.7857088813e-01	3.6248253884e+03
9.4082147028e+06	9.7861427376e-01	3.6264964609e+03
9.4082147028e+06	9.7865975026e-01	3.6280246198e+03
9.4082147028e+06	9.7870732103e-01	3.6294429537e+03
9.4082147028e+06	9.7875711436e-01	3.6307870686e+03
9.4082147028e+06	9.7880971566e-01	3.6321003006e+03
9.4082147028e+06	9.7885594634e-01	3.6331932977e+03
9.4082147028e+06	9.7892507142e-01	3.6346776284e+03
9.4082147028e+06	9.7908737514e-01	3.6373023692e+03
9.4082147028e+06	9.7918210718e-01	3.6394377062e+03
9.4082147028e+06	9.7922478269e-01	3.6413661982e+03
9.4082147028e+06	9.7925550726e-01	3.6465903462e+03
9.4082147028e+06	9.7920855119e-01	3.6690898677e+03
9.4082147028e+06	9.7906757237e-01	3.6908759153e+03
9.4082147028e+06	9.7891671460e-01	3.7085643849e+03
9.4082147028e+06	9.7876793353e-01	3.7236111169e+03
9.4082147028e+06	9.7862598815e-01	3.7359724673e+03
9.4082147028e+06	9.7848963737e-01	3.7457532120e+03
9.4082147028e+06	9.7836180747e-01	3.7529748541e+03
9.4082147028e+06	9.7824429104e-01	3.7578931429e+03
9.4082147028e+06	9.7813779427e-01	3.7609200178e+03
9.4082147028e+06	9.7804213745e-01	3.7624428345e+03
9.4082147028e+06	9.7795738851e-01	3.7628584650e+03
9.4082147028e+06	9.7788182758e-01	3.7623358292e+03
9.4082147028e+06	9.7781357573e-01	3.7607882922e+03
9.4082147028e+06	9.7773788548e-01	3.7574411225e+03
9.4082147028e+06	9.7761940223e-01	3.7502400682e+03
9.4082147028e+06	9.7758782832e-01	3.7473441915e+03
9.4082147028e+06	9.7755862238e-01	3.7444658773e+03
9.4082147028e+06	9.7753532073e-01	3.7412914752e+03
9.4082147028e+06	9.7753540604e-01	3.7377245391e+03
9.4082147028e+06	9.7751813737e-01	3.7330259004e+03
9.4082147028e+06	9.7748904486e-01	3.7270431406e+03
9.4082147028e+06	9.7745261546e-01	3.7196561358e+03
9.4082147028e+06	9.7741730235e-01	3.7106832218e+03
9.4082147028e+06	9.7739263031e-01	3.6990130113e+03
9.4082147028e+06	9.7737180233e-01	3.6895563966e+03
9.4082147028e+06	9.7734973875e-01	3.6787091289e+03
9.4082147028e+06	9.7732673364e-01	3.6663720956e+03
9.4082147028e+06	9.7731249578e-01	3.6520230418e+03
9.4082147028e+06	9.7730602571e-01	3.6350091705e+03
9.4082147028e+06	9.7729837668e-01	3.6166847970e+03
9.4082147028e+06	9.7729118705e-01	3.5940842525e+03
9.4082147028e+06	9.7728495130e-01	3.5652061702e+03
9.4082147028e+06	9.7728032496e-01	3.5254421718e+03
9.4082147028e+06	9.7726845356e-01	3.4669636365e+03
9.4082147028e+06	9.7709589544e-01	3.3831235855e+03
9.4082147028e+06	9.7702122272e-01	3.3758772486e+03
9.4082147028e+06	9.7696985541e-01	3.3764683172e+03
9.4082147028e+06	9.7691806349e-01	3.3773375296e+03
9.4082147028e+06	9.7686599619e-01	3.3784743900e+03
9.4082147028e+06	9.7681330855e-01	3.3798304187e+03
9.4082147028e+06	9.7676000364e-01	3.3813597246e+03
9.4082147028e+06	9.7670649131e-01	3.3830282493e+03
9.4082147028e+06	9.7665218604e-01	3.3848122989e+03
9.4082147028e+06	9.7659730981e-01	3.3866944599e+03
9.4082147028e+06	9.7654220315e-01	3.3886616710e+03
9.4082147028e+06	9.7648627306e-01	3.3907042928e+03
9.4082147028e+06	9.7642824648e-01	3.3928150768e+03
9.4082147028e+06	9.7636997634e-01	3.3949867119e+03
9.4082147028e+06	9.7631145977e-01	3.3972139000e+03
9.4082147028e+06	9.7625203981e-01	3.3994924728e+03
9.4082147028e+06	9.7619200842e-01	3.4018184343e+03
9.4082147028e+06	9.7613172213e-01	3.4041882462e+03
9.4082147028e+06	9.7607114220e-01	3.4065989749e+03
9.4082147028e+06	9.7600841638e-01	3.4090488689e+03
9.4082147028e+06	9.7594491146e-01	3.4115348536e+03
9.4082147028e+06	9.7588114253e-01	3.4140544718e+03
9.4082147028e+06	9.7581636693e-01	3.4166060339e+03
9.4082147028e+06	9.7575093756e-01	3.4191874758e+03
9.4082147028e+06	9.7568443248e-01	3.4217971621e+03
9.4082147028e+06	9.7561622620e-01	3.4244336647e+03
9.4082147028e+06	9.7554663509e-01	3.4270951849e+03
9.4082147028e+06	9.7547632241e-01	3.4297797861e+03
9.4082147028e+06	9.7540573361e-01	3.4324857014e+03
9.4082147028e+06	9.7533486686e-01	3.4352114802e+03
9.4082147028e+06	9.7526372055e-01	3.4379557567e+03
9.4082147028e+06	9.7519229274e-01	3.4407173098e+03
9.4082147028e+06	9.7512058215e-01	3.4434950746e+03
9.4082147028e+06	9.7504858745e-01	3.4462882374e+03
9.4082147028e+06	9.7497630624e-01	3.4490963719e+03
9.4082147028e+06	9.7490373704e-01	3.4519194731e+03
9.4082147028e+06	9.7483087866e-01	3.4547581212e+03
9.4082147028e+06	9.7475772832e-01	3.4576137022e+03
9.4082147028e+06	9.7468428403e-01	3.4604885041e+03
9.4082147028e+06	9.7461054501e-01	3.4633858723e+03
9.4082147028e+06	9.7453650780e-01	3.4663105320e+03
9.4082147028e+06	9.7446217043e-01	3.4692685638e+03
9.4082147028e+06	9.7438753124e-01	3.4722675616e+03
9.4082147028e+06	9.7431258710e-01	3.4753167243e+03
9.4082147028e+06	9.7423733540e-01	3.4784267362e+03
9.4082147028e+06	9.7416177296e-01	3.4816096820e+03
9.4082147028e+06	9.7408589750e-01	3.4848787445e+03
9.4082147028e+06	9.7400970222e-01	3.4882479253e+03
9.4082147028e+06	9.7393318726e-01	3.4917316805e+03
9.4082147028e+06	9.7385634632e-01	3.4953443913e+03
9.4082147028e+06	9.7377918131e-01	3.4990998553e+03
9.4082147028e+06	9.7370168683e-01	3.5030107369e+03
9.4082147028e+06	9.7362386308e-01	3.5070879952e+03
9.4082147028e+06	9.7354570767e-01	3.5113403492e+03
9.4082147028e+06	9.7346721771e-01	3.5157738069e+03
9.4082147028e+06	9.7338839315e-01	3.5203913458e+03
9.4082147028e+06	9.7330923222e-01	3.5251926307e+03
9.4082147028e+06	9.7322973187e-01	3.5301741465e+03
9.4082147028e+06	9.7314989120e-01	3.5353293663e+03
9.4082147028e+06	9.7306970856e-01	3.5406490458e+03
9.4082147028e+06	9.7298918211e-01	3.5461218053e+03
9.4082147028e+06	9.7290830896e-01	3.5517347487e+03
9.4082147028e+06	9.7282708665e-01	3.5574740162e+03
9.4082147028e+06	9.7274551242e-01	3.5633253695e+03
9.4082147028e+06	9.7266358189e-01	3.5692746894e+03
9.4082147028e+06	9.7258129276e-01	3.5753083753e+03
9.4082147028e+06	9.7249863989e-01	3.5814136415e+03
9.4082147028e+06	9.7241561773e-01	3.5875787150e+03
9.4082147028e+06	9.7233222283e-01	3.5937929594e+03
9.4082147028e+06	9.7224845967e-01	3.6000468403e+03
9.4082147028e+06	9.7216432909e-01	3.6063319812e+03
9.4082147028e+06	9.7207983106e-01	3.6126410361e+03
9.4082147028e+06	9.7199496649e-01	3.6189676555e+03
9.4082147028e+06	9.7190972691e-01	3.6253063287e+03
9.4082147028e+06	9.7182411652e-01	3.6316523450e+03
9.4082147028e+06	9.7173812789e-01	3.6380015701e+03
9.4082147028e+06	9.7165176171e-01	3.6443504521e+03
9.4082147028e+06	9.7156501425e-01	3.6506958786e+03
9.4082147028e+06	9.7147788015e-01	3.6570350666e+03
9.4082147028e+06	9.7139036051e-01	3.6633655460e+03
9.4082147028e+06	9.7130244866e-01	3.6696853677e+03
9.4082147028e+06	9.7121413834e-01	3.6759955384e+03
9.4082147028e+06	9.7112542097e-01	3.6823272806e+03
9.4082147028e+06	9.7103626130e-01	3.6890390493e+03
9.4082147028e+06	9.7097226664e-01	3.6999447727e+03
9.4082147028e+06	9.7096723448e-01	3.7049362189e+03
9.4082147028e+06	9.7096215629e-01	3.7120755850e+03
9.4082147028e+06	9.7095706031e-01	3.7217906864e+03
9.4082147028e+06	9.7095199022e-01	3.7330529296e+03
9.4082147028e+06	9.7094697993e-01	3.7436094460e+03
9.4082147028e+06	9.7094204811e-01	3.7508411275e+03
9.4082147028e+06	9.7093717426e-01	3.7550216469e+03
9.4082147028e+06	9.7093233344e-01	3.7575037199e+03
9.4082147028e+06	9.7092751142e-01	3.7592405574e+03
9.4082147028e+06	9.7092270250e-01	3.7606064002e+03
9.4082147028e+06	9.7091790445e-01	3.7617843629e+03
9.4082147028e+06	9.7091311842e-01	3.7629047633e+03
9.4082147028e+06	9.7090834873e-01	3.7639476017e+03
9.4082147028e+06	9.7090360399e-01	3.7649092353e+03
9.4082147028e+06	9.7089890654e-01	3.7658076451e+03
9.4082147028e+06	9.7089430277e-01	3.7665852441e+03
9.4082147028e+06	9.7088987804e-01	3.7670918254e+03
9.4082147028e+06	9.7088584067e-01	3.7670672486e+03
9.4082147028e+06	9.7088267340e-01	3.7658422812e+03
9.4082147028e+06	9.7088133443e-01	3.7629330452e+03
9.4082147028e+06	9.7088189183e-01	3.7577215932e+03
9.4082147028e+06	9.7088473584e-01	3.7490309409e+03
9.4082147028e+06	9.7089016447e-01	3.7350600261e+03
9.4082147028e+06	9.7089827205e-01	3.7129121443e+03
9.4082147028e+06	9.7090884389e-01	3.6778882845e+03
9.4082147028e+06	9.7091971514e-01	3.6228144812e+03
9.4082147028e+06	9.7093308259e-01	3.5364532547e+03
9.4082147028e+06	9.7083942992e-01	3.4128077974e+03
9.4082147028e+06	9.7068899407e-01	3.3790458505e+03
9.4082147028e+06	9.7062861993e-01	3.3797210993e+03
9.4082147028e+06	9.7056762976e-01	3.3807041993e+03
9.4082147028e+06	9.7050635960e-01	3.3819725437e+03
9.4082147028e+06	9.7044422442e-01	3.3834692832e+03
9.4082147028e+06	9.7038157275e-01	3.3851437209e+03
9.4082147028e+06	9.7031866650e-01	3.3869597470e+03
9.4082147028e+06	9.7025460571e-01	3.3888928475e+03
9.4082147028e+06	9.7019020840e-01	3.3909248327e+03
9.4082147028e+06	9.7012553719e-01	3.3930425100e+03
9.4082147028e+06	9.7005884879e-01	3.3952366523e+03
9.4082147028e+06	9.6999107553e-01	3.3974988083e+03
9.4082147028e+06	9.6992301683e-01	3.3998221124e+03
9.4082147028e+06	9.6985443230e-01	3.4022013158e+03
9.4082147028e+06	9.6978474292e-01	3.4046321769e+03
9.4082147028e+06	9.6971475922e-01	3.4071103960e+03
9.4082147028e+06	9.6964447880e-01	3.4096325901e+03
9.4082147028e+06	9.6957255129e-01	3.4121964333e+03
9.4082147028e+06	9.6949914058e-01	3.4147991668e+03
9.4082147028e+06	9.6942542618e-01	3.4174377808e+03
9.4082147028e+06	9.6935081738e-01	3.4201103416e+03
9.4082147028e+06	9.6927532203e-01	3.4228147800e+03
9.4082147028e+06	9.6919878257e-01	3.4255492361e+03
9.4082147028e+06	9.6912040315e-01	3.4283122677e+03
9.4082147028e+06	9.6904050537e-01	3.4311019509e+03
9.4082147028e+06	9.6895982720e-01	3.4339162607e+03
9.4082147028e+06	9.6887883185e-01	3.4367533361e+03
9.4082147028e+06	9.6879751754e-01	3.4396116225e+03
9.4082147028e+06	9.6871588287e-01	3.4424896270e+03
9.4082147028e+06	9.6863392520e-01	3.4453859976e+03
9.4082147028e+06	9.6855164313e-01	3.4482994754e+03
9.4082147028e+06	9.6846903471e-01	3.4512290064e+03
9.4082147028e+06	9.6838609806e-01	3.4541737971e+03
9.4082147028e+06	9.6830283120e-01	3.4571334129e+03
9.4082147028e+06	9.6821923211e-01	3.4601078965e+03
9.4082147028e+06	9.6813529857e-01	3.4630979170e+03
9.4082147028e+06	9.6805102857e-01	3.4661049109e+03
9.4082147028e+06	9.6796642021e-01	3.4691312786e+03
9.4082147028e+06	9.6788147002e-01	3.4721806243e+03
9.4082147028e+06	9.6779617649e-01	3.4752578072e+03
9.4082147028e+06	9.6771053635e-01	3.4783692144e+03
9.4082147028e+06	9.6762454612e-01	3.4815228231e+03
9.4082147028e+06	9.6753820392e-01	3.4847281493e+03
9.4082147028e+06	9.6745150600e-01	3.4879963261e+03
9.4082147028e+06	9.6736444545e-01	3.4913398707e+03
9.4082147028e+06	9.6727701827e-01	3.4947724381e+03
9.4082147028e+06	9.6718921992e-01	3.4983084701e+03
9.4082147028e+06	9.6710105077e-01	3.5019627521e+03
9.4082147028e+06	9.6701250442e-01	3.5057498969e+03
9.4082147028e+06	9.6692358058e-01	3.5096837714e+03
9.4082147028e+06	9.6683427744e-01	3.5137769002e+03
9.4082147028e+06	9.6674458933e-01	3.5180398701e+03
9.4082147028e+06	9.6665451686e-01	3.5224808014e+03
9.4082147028e+06	9.6656405826e-01	3.5271048164e+03
9.4082147028e+06	9.6647321138e-01	3.5319137878e+03
9.4082147028e+06	9.6638197194e-01	3.5369062947e+03
9.4082147028e+06	9.6629034060e-01	3.5420775026e+03
9.4082147028e+06	9.6619831366e-01	3.5474197093e+03
9.4082147028e+06	9.6610588949e-01	3.5529225434e+03
9.4082147028e+06	9.6601306344e-01	3.5585737856e+03
9.4082147028e+06	9.6591983297e-01	3.5643597567e+03
9.4082147028e+06	9.6582619504e-01	3.5702661812e+03
9.4082147028e+06	9.6573214318e-01	3.5762785578e+03
9.4082147028e+06	9.6563767410e-01	3.5823827149e+03
9.4082147028e+06	9.6554278063e-01	3.5885652609e+03
9.4082147028e+06	9.6544745951e-01	3.5948136844e+03
9.4082147028e+06	9.6535172014e-01	3.6011165873e+03
9.4082147028e+06	9.6525556397e-01	3.6074638121e+03
9.4082147028e+06	9.6515898379e-01	3.6138463699e+03
9.4082147028e+06	9.6506198372e-01	3.6202564277e+03
9.4082147028e+06	9.6496455959e-01	3.6266871430e+03
9.4082147028e+06	9.6486670636e-01	3.6331326876e+03
9.4082147028e+06	9.6476842638e-01	3.6395880371e+03
9.4082147028e+06	9.6466970846e-01	3.6460488805e+03
9.4082147028e+06	9.6457055824e-01	3.6525114917e+03
9.4082147028e+06	9.6447096474e-01	3.6589726640e+03
9.4082147028e+06	9.6437092663e-01	3.6654295351e+03
9.4082147028e+06	9.6427043955e-01	3.6718796230e+03
9.4082147028e+06	9.6416949540e-01	3.6783207103e+03
9.4082147028e+06	9.6406808101e-01	3.6847510259e+03
9.4082147028e+06	9.6396619237e-01	3.6911715207e+03
9.4082147028e+06	9.6386385157e-01	3.6976112367e+03
9.4082147028e+06	9.6376103008e-01	3.7044033057e+03
9.4082147028e+06	9.6368424011e-01	3.7150991154e+03
9.4082147028e+06	9.6367839035e-01	3.7199164689e+03
9.4082147028e+06	9.6367248602e-01	3.7267964232e+03
9.4082147028e+06	9.6366655871e-01	3.7362287652e+03
9.4082147028e+06	9.6366065911e-01	3.7472598791e+03
9.4082147028e+06	9.6365481853e-01	3.7580688205e+03
9.4082147028e+06	9.6364907182e-01	3.7655640676e+03
9.4082147028e+06	9.6364339695e-01	3.7699538211e+03
9.4082147028e+06	9.6363776452e-01	3.7725461970e+03
9.4082147028e+06	9.6363215726e-01	3.7743679135e+03
9.4082147028e+06	9.6362656624e-01	3.7757937684e+03
9.4082147028e+06	9.6362098810e-01	3.7770213909e+03
9.4082147028e+06	9.6361542157e-01	3.7781802678e+03
9.4082147028e+06	9.6360987101e-01	3.7792675081e+03
9.4082147028e+06	9.6360434413e-01	3.7802717552e+03
9.4082147028e+06	9.6359885759e-01	3.7812082330e+03
9.4082147028e+06	9.6359345122e-01	3.7820335240e+03
9.4082147028e+06	9.6358819965e-01	3.7825928008e+03
9.4082147028e+06	9.6358327894e-01	3.7826350560e+03
9.4082147028e+06	9.6357916210e-01	3.7815076807e+03
9.4082147028e+06	9.6357687221e-01	3.7786300743e+03
9.4082147028e+06	9.6357663268e-01	3.7733931202e+03
9.4082147028e+06	9.6357892795e-01	3.7645928557e+03
9.4082147028e+06	9.6358412750e-01	3.7502781382e+03
9.4082147028e+06	9.6359284456e-01	3.7275918719e+03
9.4082147028e+06	9.6360549553e-01	3.6916136345e+03
9.4082147028e+06	9.6362049580e-01	3.6349054386e+03
9.4082147028e+06	9.6364055486e-01	3.5460118961e+03
9.4082147028e+06	9.6356310534e-01	3.4192426128e+03
9.4082147028e+06	9.6340792816e-01	3.3827159224e+03
9.4082147028e+06	9.6334659045e-01	3.3834747416e+03
9.4082147028e+06	9.6328444241e-01	3.3845645662e+03
9.4082147028e+06	9.6322206220e-01	3.3859534344e+03
9.4082147028e+06	9.6315858100e-01	3.3875772387e+03
9.4082147028e+06	9.6309473893e-01	3.3893816519e+03
9.4082147028e+06	9.6303039263e-01	3.3913293776e+03
9.4082147028e+06	9.6296500815e-01	3.3933951363e+03
9.4082147028e+06	9.6289934173e-01	3.3955604863e+03
9.4082147028e+06	9.6283308591e-01	3.3978122642e+03
9.4082147028e+06	9.6276420830e-01	3.4001412944e+03
9.4082147028e+06	9.6269503834e-01	3.4025383554e+03
9.4082147028e+06	9.6262557351e-01	3.4049969229e+03
9.4082147028e+06	9.6255495664e-01	3.4075120132e+03
9.4082147028e+06	9.6248380495e-01	3.4100787429e+03
9.4082147028e+06	9.6241234985e-01	3.4126930893e+03
9.4082147028e+06	9.6233999050e-01	3.4153519212e+03
9.4082147028e+06	9.6226530376e-01	3.4180529471e+03
9.4082147028e+06	9.6219030755e-01	3.4207924433e+03
9.4082147028e+06	9.6211462619e-01	3.4235681588e+03
9.4082147028e+06	9.6203779636e-01	3.4263780898e+03
9.4082147028e+06	9.6196006575e-01	3.4292200187e+03
9.4082147028e+06	9.6188038387e-01	3.4320925133e+03
9.4082147028e+06	9.6179908632e-01	3.4349935523e+03
9.4082147028e+06	9.6171691445e-01	3.4379209823e+03
9.4082147028e+06	9.6163441970e-01	3.4408728388e+03
9.4082147028e+06	9.6155160028e-01	3.4438474845e+03
9.4082147028e+06	9.6146845398e-01	3.4468433618e+03
9.4082147028e+06	9.6138497973e-01	3.4498589459e+03
9.4082147028e+06	9.6130117488e-01	3.4528928724e+03
9.4082147028e+06	9.6121703790e-01	3.4559438688e+03
9.4082147028e+06	9.6113256741e-01	3.4590108535e+03
9.4082147028e+06	9.6104776094e-01	3.4620930470e+03
9.4082147028e+06	9.6096261598e-01	3.4651900376e+03
9.4082147028e+06	9.6087713139e-01	3.4683018475e+03
9.4082147028e+06	9.6079130449e-01	3.4714291921e+03
9.4082147028e+06	9.6070513199e-01	3.4745735991e+03
9.4082147028e+06	9.6061861276e-01	3.4777375139e+03
9.4082147028e+06	9.6053174348e-01	3.4809246359e+03
9.4082147028e+06	9.6044452188e-01	3.4841399884e+03
9.4082147028e+06	9.6035694477e-01	3.4873901328e+03
9.4082147028e+06	9.6026900956e-01	3.4906832350e+03
9.4082147028e+06	9.6018071091e-01	3.4940291503e+03
9.4082147028e+06	9.6009203728e-01	3.4974393174e+03
9.4082147028e+06	9.6000298889e-01	3.5009265969e+03
9.4082147028e+06	9.5991356336e-01	3.5045050077e+03
9.4082147028e+06	9.5982375311e-01	3.5081893501e+03
9.4082147028e+06	9.5973355851e-01	3.5119947182e+03
9.4082147028e+06	9.5964297676e-01	3.5159359671e+03
9.4082147028e+06	9.5955200238e-01	3.5200271242e+03
9.4082147028e+06	9.5946063472e-01	3.5242806461e+03
9.4082147028e+06	9.5936887179e-01	3.5287069635e+03
9.4082147028e+06	9.5927671093e-01	3.5333138155e+03
9.4082147028e+06	9.5918414982e-01	3.5381058250e+03
9.4082147028e+06	9.5909118630e-01	3.5430842226e+03
9.4082147028e+06	9.5899781697e-01	3.5482468024e+03
9.4082147028e+06	9.5890403992e-01	3.5535879508e+03
9.4082147028e+06	9.5880985267e-01	3.5590990945e+03
9.4082147028e+06	9.5871525177e-01	3.5647692557e+03
9.4082147028e+06	9.5862023092e-01	3.5705854915e+03
9.4082147028e+06	9.5852478759e-01	3.5765337624e+03
9.4082147028e+06	9.5842891489e-01	3.5825993861e+03
9.4082147028e+06	9.5833260570e-01	3.5887677097e+03
9.4082147028e+06	9.5823586334e-01	3.5950245113e+03
9.4082147028e+06	9.5813869366e-01	3.6013564674e+03
9.4082147028e+06	9.5804109950e-01	3.6077512220e+03
9.4082147028e+06	9.5794307815e-01	3.6141976097e+03
9.4082147028e+06	9.5784462559e-01	3.6206857530e+03
9.4082147028e+06	9.5774574682e-01	3.6272069591e+03
9.4082147028e+06	9.5764642529e-01	3.6337537107e+03
9.4082147028e+06	9.5754667225e-01	3.6403194812e+03
9.4082147028e+06	9.5744647617e-01	3.6468987273e+03
9.4082147028e+06	9.5734583478e-01	3.6534867131e+03
9.4082147028e+06	9.5724474742e-01	3.6600793398e+03
9.4082147028e+06	9.5714320541e-01	3.6666731011e+03
9.4082147028e+06	9.5704120150e-01	3.6732649889e+03
9.4082147028e+06	9.5693872403e-01	3.6798523627e+03
9.4082147028e+06	9.5683575952e-01	3.6864328866e+03
9.4082147028e+06	9.5673232919e-01	3.6930044670e+03
9.4082147028e+06	9.5662844579e-01	3.6995654718e+03
9.4082147028e+06	9.5652410728e-01	3.7061169270e+03
9.4082147028e+06	9.5641930695e-01	3.7126883583e+03
9.4082147028e+06	9.5631401008e-01	3.7196165327e+03
9.4082147028e+06	9.5623492810e-01	3.7304922836e+03
9.4082147028e+06	9.5622883761e-01	3.7354064592e+03
9.4082147028e+06	9.5622268540e-01	3.7424213657e+03
9.4082147028e+06	9.5621650823e-01	3.7520111962e+03
9.4082147028e+06	9.5621036541e-01	3.7632208192e+03
9.4082147028e+06	9.5620428745e-01	3.7739639822e+03
9.4082147028e+06	9.5619831811e-01	3.7813538466e+03
9.4082147028e+06	9.5619243115e-01	3.7856812083e+03
9.4082147028e+06	9.5618659096e-01	3.7882653225e+03
9.4082147028e+06	9.5618077404e-01	3.7901059044e+03
9.4082147028e+06	9.5617497613e-01	3.7915618906e+03
9.4082147028e+06	9.5616919338e-01	3.7928223623e+03
9.4082147028e+06	9.5616342444e-01	3.7940189659e+03
9.4082147028e+06	9.5615767401e-01	3.7951408206e+03
9.4082147028e+06	9.5615195022e-01	3.7961779982e+03
9.4082147028e+06	9.5614626937e-01	3.7971482674e+03
9.4082147028e+06	9.5614067422e-01	3.7979972621e+03
9.4082147028e+06	9.5613524867e-01	3.7985643794e+03
9.4082147028e+06	9.5613018475e-01	3.7985777315e+03
9.4082147028e+06	9.5612593989e-01	3.7973313022e+03
9.4082147028e+06	9.5612368396e-01	3.7944240933e+03
9.4082147028e+06	9.5612348365e-01	3.7891584861e+03
9.4082147028e+06	9.5612584676e-01	3.7802835242e+03
9.4082147028e+06	9.5613121003e-01	3.7658143687e+03
9.4082147028e+06	9.5614067157e-01	3.7426899983e+03
9.4082147028e+06	9.5615490670e-01	3.7061551065e+03
9.4082147028e+06	9.5617314814e-01	3.6484660709e+03
9.4082147028e+06	9.5619814391e-01	3.5579430045e+03
9.4021827599e+06	9.5614393362e-01	3.4314030420e+03
9.4021827599e+06	9.6022290150e-01	3.4312009966e+03
9.4021827599e+06	9.6014256936e-01	3.4312414794e+03
9.4021827599e+06	9.6006719253e-01	3.4312791173e+03
9.4021827599e+06	9.5999397319e-01	3.4313156784e+03
9.4021827599e+06	9.5992140228e-01	3.4313519193e+03
9.4021827599e+06	9.5984791682e-01	3.4313886213e+03
9.4021827599e+06	9.5977330473e-01	3.4314250645e+03
9.4021827599e+06	9.5969686049e-01	3.4314317281e+03
9.4021827599e+06	9.5961831922e-01	3.4312785975e+03
9.4021827599e+06	9.5953885542e-01	3.4309409322e+03
9.4021827599e+06	9.5945886233e-01	3.4307056124e+03
9.4021827599e+06	9.5937670949e-01	3.4309618425e+03
9.4021827599e+06	9.5929289870e-01	3.4319694755e+03
9.4021827599e+06	9.5920783813e-01	3.4338169069e+03
9.4021827599e+06	9.5912041808e-01	3.4364748327e+03
9.4021827599e+06	9.5903260825e-01	3.4398534084e+03
9.4021827599e+06	9.5894440881e-01	3.4438439896e+03
9.4021827599e+06	9.5885581950e-01	3.4483390577e+03
9.4021827599e+06	9.5876683945e-01	3.4532416340e+03
9.4021827599e+06	9.5867746843e-01	3.4584683615e+03
9.4021827599e+06	9.5858770507e-01	3.4639496917e+03
9.4021827599e+06	9.5849754775e-01	3.4696285804e+03
9.4021827599e+06	9.5840699553e-01	3.4754587225e+03
9.4021827599e+06	9.5831604643e-01	3.4814029145e+03
9.4021827599e+06	9.5822469824e-01	3.4874314291e+03
9.4021827599e+06	9.5813294963e-01	3.4935207230e+03
9.4021827599e+06	9.5804079746e-01	3.4996543392e+03
9.4021827599e+06	9.5794823765e-01	3.5058425108e+03
9.4021827599e+06	9.5785523818e-01	3.5123482384e+03
9.4021827599e+06	9.5777934912e-01	3.5221003589e+03
9.4021827599e+06	9.5777372577e-01	3.5278088753e+03
9.4021827599e+06	9.5776814489e-01	3.5344747522e+03
9.4021827599e+06	9.5776251413e-01	3.5434837563e+03
9.4021827599e+06	9.5775692726e-01	3.5537287939e+03
9.4021827599e+06	9.5775144204e-01	3.5633546503e+03
9.4021827599e+06	9.5774611418e-01	3.5698948317e+03
9.4021827599e+06	9.5774090190e-01	3.5737363087e+03
9.4021827599e+06	9.5773575315e-01	3.5760803191e+03
9.4021827599e+06	9.5773063694e-01	3.5777941169e+03
9.4021827599e+06	9.5772554120e-01	3.5791712691e+03
9.4021827599e+06	9.5772045985e-01	3.5803723996e+03
9.4021827599e+06	9.5771539347e-01	3.5815182686e+03
9.4021827599e+06	9.5771034265e-01	3.5825946198e+03
9.4021827599e+06	9.5770531154e-01	3.5835912916e+03
9.4021827599e+06	9.5770031395e-01	3.5845254571e+03
9.4021827599e+06	9.5769538072e-01	3.5853420946e+03
9.4021827599e+06	9.5769056928e-01	3.5858868423e+03
9.4021827599e+06	9.5768602081e-01	3.5858954690e+03
9.4021827599e+06	9.5768206714e-01	3.5846819591e+03
9.4021827599e+06	9.5767974263e-01	3.5819012212e+03
9.4021827599e+06	9.5767882626e-01	3.5768854034e+03
9.4021827599e+06	9.5767960060e-01	3.5684633119e+03
9.4021827599e+06	9.5768227426e-01	3.5547285332e+03
9.4021827599e+06	9.5768754267e-01	3.5326549497e+03
9.4021827599e+06	9.5769648916e-01	3.4974309172e+03
9.4021827599e+06	9.5764634775e-01	3.4417253740e+03
9.4021827599e+06	9.5746751278e-01	3.3898535321e+03
9.4021827599e+06	9.5740589510e-01	3.3907052949e+03
9.4021827599e+06	9.5734336628e-01	3.3919154146e+03
9.4021827599e+06	9.5728054870e-01	3.3934400178e+03
9.4021827599e+06	9.5721652237e-01	3.3952067400e+03
9.4021827599e+06	9.5715221683e-01	3.3971572640e+03
9.4021827599e+06	9.5708711135e-01	3.3992528991e+03
9.4021827599e+06	9.5702027718e-01	3.4014678955e+03
9.4021827599e+06	9.5695245259e-01	3.4037834996e+03
9.4021827599e+06	9.5688375962e-01	3.4061861632e+03
9.4021827599e+06	9.5681421115e-01	3.4086655745e+03
9.4021827599e+06	9.5674436266e-01	3.4112133369e+03
9.4021827599e+06	9.5667389017e-01	3.4138230275e+03
9.4021827599e+06	9.5660231179e-01	3.4164894338e+03
9.4021827599e+06	9.5652997426e-01	3.4192077780e+03
9.4021827599e+06	9.5645621902e-01	3.4219744417e+03
9.4021827599e+06	9.5638098589e-01	3.4247860145e+03
9.4021827599e+06	9.5630543912e-01	3.4276388703e+03
9.4021827599e+06	9.5622952354e-01	3.4305303056e+03
9.4021827599e+06	9.5615150842e-01	3.4334587363e+03
9.4021827599e+06	9.5607228546e-01	3.4364214617e+03
9.4021827599e+06	9.5599183181e-01	3.4394163803e+03
9.4021827599e+06	9.5590923195e-01	3.4424419795e+03
9.4021827599e+06	9.5582630752e-01	3.4454954701e+03
9.4021827599e+06	9.5574305715e-01	3.4485750492e+03
9.4021827599e+06	9.5565947815e-01	3.4516790316e+03
9.4021827599e+06	9.5557556931e-01	3.4548057407e+03
9.4021827599e+06	9.5549132916e-01	3.4579535736e+03
9.4021827599e+06	9.5540675495e-01	3.4611210538e+03
9.4021827599e+06	9.5532184512e-01	3.4643067593e+03
9.4021827599e+06	9.5523659794e-01	3.4675094187e+03
9.4021827599e+06	9.5515101136e-01	3.4707279685e+03
9.4021827599e+06	9.5506508337e-01	3.4739616196e+03
9.4021827599e+06	9.5497881238e-01	3.4772099410e+03
9.4021827599e+06	9.5489219570e-01	3.4804730493e+03
9.4021827599e+06	9.5480523097e-01	3.4837517017e+03
9.4021827599e+06	9.5471791580e-01	3.4870474822e+03
9.4021827599e+06	9.5463024691e-01	3.4903630306e+03
9.4021827599e+06	9.5454222206e-01	3.4937021660e+03
9.4021827599e+06	9.5445383845e-01	3.4970701195e+03
9.4021827599e+06	9.5436507939e-01	3.5004737702e+03
9.4021827599e+06	9.5427594776e-01	3.5039215975e+03
9.4021827599e+06	9.5418644063e-01	3.5074237768e+03
9.4021827599e+06	9.5409654846e-01	3.5109922090e+03
9.4021827599e+06	9.5400627217e-01	3.5146401592e+03
9.4021827599e+06	9.5391560828e-01	3.5183820856e+03
9.4021827599e+06	9.5382455352e-01	3.5222331306e+03
9.4021827599e+06	9.5373310092e-01	3.5262087521e+03
9.4021827599e+06	9.5364125025e-01	3.5303240288e+03
9.4021827599e+06	9.5354899860e-01	3.5345929627e+03
9.4021827599e+06	9.5345634283e-01	3.5390278972e+03
9.4021827599e+06	9.5336328109e-01	3.5436388113e+03
9.4021827599e+06	9.5326981013e-01	3.5484328543e+03
9.4021827599e+06	9.5317592630e-01	3.5534138572e+03
9.4021827599e+06	9.5308162772e-01	3.5585820367e+03
9.4021827599e+06	9.5298691201e-01	3.5639340428e+03
9.4021827599e+06	9.5289177365e-01	3.5694632658e+03
9.4021827599e+06	9.5279620990e-01	3.5751600621e+03
9.4021827599e+06	9.5270021482e-01	3.5810125204e+03
9.4021827599e+06	9.5260378270e-01	3.5870070228e+03
9.4021827599e+06	9.5250690566e-01	3.5931289429e+03
9.4021827599e+06	9.5240958923e-01	3.5993633275e+03
9.4021827599e+06	9.5231184034e-01	3.6056953601e+03
9.4021827599e+06	9.5221366185e-01	3.6121108958e+03
9.4021827599e+06	9.5211505444e-01	3.6185967492e+03
9.4021827599e+06	9.5201600777e-01	3.6251408718e+03
9.4021827599e+06	9.5191653006e-01	3.6317325611e+03
9.4021827599e+06	9.5181661001e-01	3.6383622839e+03
9.4021827599e+06	9.5171624916e-01	3.6450218270e+03
9.4021827599e+06	9.5161544637e-01	3.6517041253e+03
9.4021827599e+06	9.5151418674e-01	3.6584030750e+03
9.4021827599e+06	9.5141247669e-01	3.6651134905e+03
9.4021827599e+06	9.5131030661e-01	3.6718310151e+03
9.4021827599e+06	9.5120766601e-01	3.6785519210e+03
9.4021827599e+06	9.5110454082e-01	3.6852730210e+03
9.4021827599e+06	9.5100093360e-01	3.6919915570e+03
9.4021827599e+06	9.5089687458e-01	3.6987051012e+03
9.4021827599e+06	9.5079236061e-01	3.7054115402e+03
9.4021827599e+06	9.5068738959e-01	3.7121089314e+03
9.4021827599e+06	9.5058195840e-01	3.7187957836e+03
9.4021827599e+06	9.5047606400e-01	3.7254732250e+03
9.4021827599e+06	9.5036970081e-01	3.7321698235e+03
9.4021827599e+06	9.5026283155e-01	3.7392115582e+03
9.4021827599e+06	9.5018024469e-01	3.7500776515e+03
9.4021827599e+06	9.5017388448e-01	3.7554558264e+03
9.4021827599e+06	9.5016751556e-01	3.7626875331e+03
9.4021827599e+06	9.5016112236e-01	3.7725190597e+03
9.4021827599e+06	9.5015476928e-01	3.7837283375e+03
9.4021827599e+06	9.5014849133e-01	3.7942621531e+03
9.4021827599e+06	9.5014233202e-01	3.8014014816e+03
9.4021827599e+06	9.5013626119e-01	3.8055758591e+03
9.4021827599e+06	9.5013023879e-01	3.8081135640e+03
9.4021827599e+06	9.5012423883e-01	3.8099567026e+03
9.4021827599e+06	9.5011825972e-01	3.8114371744e+03
9.4021827599e+06	9.5011229742e-01	3.8127286977e+03
9.4021827599e+06	9.5010634419e-01	3.8139655381e+03
9.4021827599e+06	9.5010040963e-01	3.8151222894e+03
9.4021827599e+06	9.5009450334e-01	3.8161919883e+03
9.4021827599e+06	9.5008864131e-01	3.8171956400e+03
9.4021827599e+06	9.5008286794e-01	3.8180582935e+03
9.4021827599e+06	9.5007727000e-01	3.8186085637e+03
9.4021827599e+06	9.5007205307e-01	3.8185318949e+03
9.4021827599e+06	9.5006769189e-01	3.8170198718e+03
9.4021827599e+06	9.5006543128e-01	3.8136954040e+03
9.4021827599e+06	9.5006523717e-01	3.8077515379e+03
9.4021827599e+06	9.5006783163e-01	3.7977612150e+03
9.4021827599e+06	9.5007396943e-01	3.7814846099e+03
9.4021827599e+06	9.5008507113e-01	3.7553628971e+03
9.4021827599e+06	9.5010217676e-01	3.7142568304e+03
9.4021827599e+06	9.5012411683e-01	3.6493729320e+03
9.4021827599e+06	9.5015541941e-01	3.5476786293e+03
9.4021827599e+06	9.5006774640e-01	3.4176467968e+03
9.4021827599e+06	9.4993831137e-01	3.3937641927e+03
9.4021827599e+06	9.4987063825e-01	3.3947438123e+03
9.4021827599e+06	9.4980203692e-01	3.3961014100e+03
9.4021827599e+06	9.4973287136e-01	3.3977831675e+03
9.4021827599e+06	9.4966263342e-01	3.3997089254e+03
9.4021827599e+06	9.4959207941e-01	3.4018183113e+03
9.4021827599e+06	9.4952034813e-01	3.4040724419e+03
9.4021827599e+06	9.4944655344e-01	3.4064456077e+03
9.4021827599e+06	9.4937228379e-01	3.4089187322e+03
9.4021827599e+06	9.4929661342e-01	3.4114788941e+03
9.4021827599e+06	9.4922052030e-01	3.4141153656e+03
9.4021827599e+06	9.4914409778e-01	3.4168200217e+03
9.4021827599e+06	9.4906640080e-01	3.4195867929e+03
9.4021827599e+06	9.4898815158e-01	3.4224098813e+03
9.4021827599e+06	9.4890817923e-01	3.4252852952e+03
9.4021827599e+06	9.4882682435e-01	3.4282089209e+03
9.4021827599e+06	9.4874474302e-01	3.4311769903e+03
9.4021827599e+06	9.4866231927e-01	3.4341862710e+03
9.4021827599e+06	9.4857828274e-01	3.4372346767e+03
9.4021827599e+06	9.4849235507e-01	3.4403199041e+03
9.4021827599e+06	9.4840557349e-01	3.4434391325e+03
9.4021827599e+06	9.4831614875e-01	3.4465911759e+03
9.4021827599e+06	9.4822634924e-01	3.4497729137e+03
9.4021827599e+06	9.4813619669e-01	3.4529824240e+03
9.4021827599e+06	9.4804568831e-01	3.4562179396e+03
9.4021827599e+06	9.4795482307e-01	3.4594776974e+03
9.4021827599e+06	9.4786359856e-01	3.4627600474e+03
9.4021827599e+06	9.4777201280e-01	3.4660633903e+03
9.4021827599e+06	9.4768006324e-01	3.4693862271e+03
9.4021827599e+06	9.4758774835e-01	3.4727271274e+03
9.4021827599e+06	9.4749506658e-01	3.4760848085e+03
9.4021827599e+06	9.4740201523e-01	3.4794582374e+03
9.4021827599e+06	9.4730859099e-01	3.4828466902e+03
9.4021827599e+06	9.4721479302e-01	3.4862497520e+03
9.4021827599e+06	9.4712061910e-01	3.4896675815e+03
9.4021827599e+06	9.4702606604e-01	3.4931010628e+03
9.4021827599e+06	9.4693113001e-01	3.4965519600e+03
9.4021827599e+06	9.4683581015e-01	3.5000229975e+03
9.4021827599e+06	9.4674009730e-01	3.5035182982e+03
9.4021827599e+06	9.4664398200e-01	3.5070434164e+03
9.4021827599e+06	9.4654745630e-01	3.5106055569e+03
9.4021827599e+06	9.4645052261e-01	3.5142135755e+03
9.4021827599e+06	9.4635317498e-01	3.5178781835e+03
9.4021827599e+06	9.4625540926e-01	3.5216116470e+03
9.4021827599e+06	9.4615721862e-01	3.5254277752e+03
9.4021827599e+06	9.4605860207e-01	3.5293414703e+03
9.4021827599e+06	9.4595955563e-01	3.5333683079e+03
9.4021827599e+06	9.4586007508e-01	3.5375239817e+03
9.4021827599e+06	9.4576015623e-01	3.5418236529e+03
9.4021827599e+06	9.4565979520e-01	3.5462812951e+03
9.4021827599e+06	9.4555899032e-01	3.5509088542e+03
9.4021827599e+06	9.4545773717e-01	3.5557157958e+03
9.4021827599e+06	9.4535603274e-01	3.5607084169e+03
9.4021827599e+06	9.4525387268e-01	3.5658895423e+03
9.4021827599e+06	9.4515125169e-01	3.5712581763e+03
9.4021827599e+06	9.4504816931e-01	3.5768097911e+03
9.4021827599e+06	9.4494461522e-01	3.5825365326e+03
9.4021827599e+06	9.4484058510e-01	3.5884277404e+03
9.4021827599e+06	9.4473607028e-01	3.5944705500e+03
9.4021827599e+06	9.4463107959e-01	3.6006506772e+03
9.4021827599e+06	9.4452562042e-01	3.6069529491e+03
9.4021827599e+06	9.4441969492e-01	3.6133622226e+03
9.4021827599e+06	9.4431330716e-01	3.6198636185e+03
9.4021827599e+06	9.4420644357e-01	3.6264432228e+03
9.4021827599e+06	9.4409911122e-01	3.6330881106e+03
9.4021827599e+06	9.4399130628e-01	3.6397866103e+03
9.4021827599e+06	9.4388301860e-01	3.6465284599e+03
9.4021827599e+06	9.4377425449e-01	3.6533046566e+03
9.4021827599e+06	9.4366500058e-01	3.6601074467e+03
9.4021827599e+06	9.4355525151e-01	3.6669302574e+03
9.4021827599e+06	9.4344500411e-01	3.6737673680e+03
9.4021827599e+06	9.4333424508e-01	3.6806140905e+03
9.4021827599e+06	9.4322294904e-01	3.6874664313e+03
9.4021827599e+06	9.4311115351e-01	3.6943210032e+03
9.4021827599e+06	9.4299887208e-01	3.7011748548e+03
9.4021827599e+06	9.4288610080e-01	3.7080255500e+03
9.4021827599e+06	9.4277283792e-01	3.7148708380e+03
9.4021827599e+06	9.4265907985e-01	3.7217088118e+03
9.4021827599e+06	9.4254482372e-01	3.7285377353e+03
9.4021827599e+06	9.4243006673e-01	3.7353562873e+03
9.4021827599e+06	9.4231480574e-01	3.7421660077e+03
9.4021827599e+06	9.4219903276e-01	3.7489992096e+03
9.4021827599e+06	9.4208269939e-01	3.7562213314e+03
9.4021827599e+06	9.4199670384e-01	3.7677854846e+03
9.4021827599e+06	9.4198976663e-01	3.7731613896e+03
9.4021827599e+06	9.4198276121e-01	3.7808104854e+03
9.4021827599e+06	9.4197573972e-01	3.7909641238e+03
9.4021827599e+06	9.4196877074e-01	3.8021998584e+03
9.4021827599e+06	9.4196189018e-01	3.8122462189e+03
9.4021827599e+06	9.4195513983e-01	3.8188556225e+03
9.4021827599e+06	9.4194848243e-01	3.8227094176e+03
9.4021827599e+06	9.4194187448e-01	3.8251348873e+03
9.4021827599e+06	9.4193529342e-01	3.8269446050e+03
9.4021827599e+06	9.4192873544e-01	3.8284310764e+03
9.4021827599e+06	9.4192219674e-01	3.8297421119e+03
9.4021827599e+06	9.4191566513e-01	3.8310168347e+03
9.4021827599e+06	9.4190915746e-01	3.8322007487e+03
9.4021827599e+06	9.4190268420e-01	3.8332949420e+03
9.4021827599e+06	9.4189626241e-01	3.8343256809e+03
9.4021827599e+06	9.4188995110e-01	3.8351825461e+03
9.4021827599e+06	9.4188386037e-01	3.8356801563e+03
9.4021827599e+06	9.4187826225e-01	3.8354332270e+03
9.4021827599e+06	9.4187375216e-01	3.8334819926e+03
9.4021827599e+06	9.4187172183e-01	3.8294241625e+03
9.4021827599e+06	9.4187229297e-01	3.8222907377e+03
9.4021827599e+06	9.4187623070e-01	3.8103907986e+03
9.4021827599e+06	9.4188462528e-01	3.7910748361e+03
9.4021827599e+06	9.4189938655e-01	3.7601295485e+03
9.4021827599e+06	9.4192188335e-01	3.7115387213e+03
9.4021827599e+06	9.4194994866e-01	3.6350141459e+03
9.3924539020e+06	9.4199206277e-01	3.5192378362e+03
9.3924539020e+06	9.4370285660e-01	3.5193754954e+03
9.3924539020e+06	9.4362598941e-01	3.5194145439e+03
9.3924539020e+06	9.4354852894e-01	3.5194462081e+03
9.3924539020e+06	9.4347062801e-01	3.5193125240e+03
9.3924539020e+06	9.4339235343e-01	3.5190952562e+03
9.3924539020e+06	9.4331373453e-01	3.5193225209e+03
9.3924539020e+06	9.4323478542e-01	3.5202055034e+03
9.3924539020e+06	9.4315551316e-01	3.5216835586e+03
9.3924539020e+06	9.4307592127e-01	3.5236291677e+03
9.3924539020e+06	9.4299601173e-01	3.5259265763e+03
9.3924539020e+06	9.4291578449e-01	3.5284871228e+03
9.3924539020e+06	9.4283523974e-01	3.5312463051e+03
9.3924539020e+06	9.4275437693e-01	3.5341578186e+03
9.3924539020e+06	9.4267319517e-01	3.5371883098e+03
9.3924539020e+06	9.4259169328e-01	3.5403134941e+03
9.3924539020e+06	9.4250987039e-01	3.5435154131e+03
9.3924539020e+06	9.4242772474e-01	3.5467806005e+03
9.3924539020e+06	9.4234525485e-01	3.5500987419e+03
9.3924539020e+06	9.4226245870e-01	3.5534618132e+03
9.3924539020e+06	9.4217932789e-01	3.5568634164e+03
9.3924539020e+06	9.4209584760e-01	3.5602983779e+03
9.3924539020e+06	9.4201201517e-01	3.5637624945e+03
9.3924539020e+06	9.4192782751e-01	3.5672523121e+03
9.3924539020e+06	9.4184328230e-01	3.5707649452e+03
9.3924539020e+06	9.4175837294e-01	3.5742981793e+03
9.3924539020e+06	9.4167309837e-01	3.5778503158e+03
9.3924539020e+06	9.4158745592e-01	3.5814203177e+03
9.3924539020e+06	9.4150143760e-01	3.5850078724e+03
9.3924539020e+06	9.4141504111e-01	3.5886135401e+03
9.3924539020e+06	9.4132826003e-01	3.5922388973e+03
9.3924539020e+06	9.4124108789e-01	3.5958867233e+03
9.3924539020e+06	9.4115351749e-01	3.5995612637e+03
9.3924539020e+06	9.4106554031e-01	3.6032683423e+03
9.3924539020e+06	9.4097715239e-01	3.6070155534e+03
9.3924539020e+06	9.4088836754e-01	3.6108122444e+03
9.3924539020e+06	9.4079919506e-01	3.6146697146e+03
9.3924539020e+06	9.4070962621e-01	3.6186009351e+03
9.3924539020e+06	9.4061966930e-01	3.6226202683e+03
9.3924539020e+06	9.4052932215e-01	3.6267433720e+03
9.3924539020e+06	9.4043856445e-01	3.6309863964e+03
9.3924539020e+06	9.4034741061e-01	3.6353654706e+03
9.3924539020e+06	9.4025585222e-01	3.6398961389e+03
9.3924539020e+06	9.4016387444e-01	3.6445923674e+03
9.3924539020e+06	9.4007148321e-01	3.6494660387e+03
9.3924539020e+06	9.3997866859e-01	3.6545261587e+03
9.3924539020e+06	9.3988541991e-01	3.6597783413e+03
9.3924539020e+06	9.3979171528e-01	3.6652244960e+03
9.3924539020e+06	9.3969757604e-01	3.6708625532e+03
9.3924539020e+06	9.3960303565e-01	3.6766868772e+03
9.3924539020e+06	9.3950809477e-01	3.6826883496e+03
9.3924539020e+06	9.3941275141e-01	3.6888552531e+03
9.3924539020e+06	9.3931700412e-01	3.6951737626e+03
9.3924539020e+06	9.3922085078e-01	3.7016288035e+03
9.3924539020e+06	9.3912429074e-01	3.7082045927e+03
9.3924539020e+06	9.3902732109e-01	3.7148855695e+03
9.3924539020e+06	9.3892994078e-01	3.7216566359e+03
9.3924539020e+06	9.3883214792e-01	3.7285036934e+03
9.3924539020e+06	9.3873394058e-01	3.7354138227e+03
9.3924539020e+06	9.3863531571e-01	3.7423755252e+03
9.3924539020e+06	9.3853627012e-01	3.7493786880e+03
9.3924539020e+06	9.3843680062e-01	3.7564145164e+03
9.3924539020e+06	9.3833690581e-01	3.7634754389e+03
9.3924539020e+06	9.3823658173e-01	3.7705751348e+03
9.3924539020e+06	9.3813582669e-01	3.7777492497e+03
9.3924539020e+06	9.3803463752e-01	3.7849324464e+03
9.3924539020e+06	9.3793301145e-01	3.7921208548e+03
9.3924539020e+06	9.3783094568e-01	3.7993112164e+03
9.3924539020e+06	9.3772843738e-01	3.8065007528e+03
9.3924539020e+06	9.3762548370e-01	3.8136870671e+03
9.3924539020e+06	9.3752208173e-01	3.8208680575e+03
9.3924539020e+06	9.3741822856e-01	3.8280418487e+03
9.3924539020e+06	9.3731392122e-01	3.8352067767e+03
9.3924539020e+06	9.3720915668e-01	3.8423617792e+03
9.3924539020e+06	9.3710393121e-01	3.8495111054e+03
9.3924539020e+06	9.3699823367e-01	3.8567158967e+03
9.3924539020e+06	9.3689197898e-01	3.8646538650e+03
9.3924539020e+06	9.3683333338e-01	3.8791294032e+03
9.3924539020e+06	9.3682680899e-01	3.8866328842e+03
9.3924539020e+06	9.3682025761e-01	3.8967593735e+03
9.3924539020e+06	9.3681375527e-01	3.9082492790e+03
9.3924539020e+06	9.3680733030e-01	3.9190007022e+03
9.3924539020e+06	9.3680104527e-01	3.9263298428e+03
9.3924539020e+06	9.3679486697e-01	3.9306461443e+03
9.3924539020e+06	9.3678874701e-01	3.9333005966e+03
9.3924539020e+06	9.3678265138e-01	3.9352618087e+03
9.3924539020e+06	9.3677658191e-01	3.9368517515e+03
9.3924539020e+06	9.3677053372e-01	3.9382458537e+03
9.3924539020e+06	9.3676449260e-01	3.9395845342e+03
9.3924539020e+06	9.3675847335e-01	3.9408397557e+03
9.3924539020e+06	9.3675248845e-01	3.9420019862e+03
9.3924539020e+06	9.3674655020e-01	3.9430940746e+03
9.3924539020e+06	9.3674071195e-01	3.9440302176e+03
9.3924539020e+06	9.3673508002e-01	3.9446214149e+03
9.3924539020e+06	9.3672989278e-01	3.9445130903e+03
9.3924539020e+06	9.3672570892e-01	3.9427947695e+03
9.3924539020e+06	9.3672382269e-01	3.9390577339e+03
9.3924539020e+06	9.3672429616e-01	3.9324018338e+03
9.3924539020e+06	9.3672797000e-01	3.9212243349e+03
9.3924539020e+06	9.3673603773e-01	3.9029876792e+03
9.3924539020e+06	9.3675041330e-01	3.8736793431e+03
9.3924539020e+06	9.3677416662e-01	3.8271152092e+03
9.3924539020e+06	9.3681197522e-01	3.7538905801e+03
9.3924539020e+06	9.3685906811e-01	3.6403876501e+03
9.3924539020e+06	9.3690795442e-01	3.5059264653e+03
9.3924539020e+06	9.3668872829e-01	3.4053297269e+03
9.3924539020e+06	9.3662137260e-01	3.4064912881e+03
9.3924539020e+06	9.3655296894e-01	3.4080932682e+03
9.3924539020e+06	9.3648371116e-01	3.4100537746e+03
9.3924539020e+06	9.3641352517e-01	3.4122753963e+03
9.3924539020e+06	9.3634278592e-01	3.4146893402e+03
9.3924539020e+06	9.3627076989e-01	3.4172529071e+03
9.3924539020e+06	9.3619750320e-01	3.4199381804e+03
9.3924539020e+06	9.3612236345e-01	3.4227263041e+03
9.3924539020e+06	9.3604627313e-01	3.4256028636e+03
9.3924539020e+06	9.3596984637e-01	3.4285569437e+03
9.3924539020e+06	9.3589230082e-01	3.4315806256e+03
9.3924539020e+06	9.3581394084e-01	3.4346670204e+03
9.3924539020e+06	9.3573498375e-01	3.4378104295e+03
9.3924539020e+06	9.3565329832e-01	3.4410072544e+03
9.3924539020e+06	9.3557089511e-01	3.4442524045e+03
9.3924539020e+06	9.3548812294e-01	3.4475422073e+03
9.3924539020e+06	9.3540363735e-01	3.4508742447e+03
9.3924539020e+06	9.3531728624e-01	3.4542458154e+03
9.3924539020e+06	9.3522925185e-01	3.4576543040e+03
9.3924539020e+06	9.3513906375e-01	3.4610976228e+03
9.3924539020e+06	9.3504852126e-01	3.4645727176e+03
9.3924539020e+06	9.3495762293e-01	3.4680775502e+03
9.3924539020e+06	9.3486636681e-01	3.4716102031e+03
9.3924539020e+06	9.3477475163e-01	3.4751688131e+03
9.3924539020e+06	9.3468277439e-01	3.4787516543e+03
9.3924539020e+06	9.3459043363e-01	3.4823570030e+03
9.3924539020e+06	9.3449772692e-01	3.4859832401e+03
9.3924539020e+06	9.3440465371e-01	3.4896287539e+03
9.3924539020e+06	9.3431121033e-01	3.4932921631e+03
9.3924539020e+06	9.3421739526e-01	3.4969721529e+03
9.3924539020e+06	9.3412320695e-01	3.5006676222e+03
9.3924539020e+06	9.3402864173e-01	3.5043778481e+03
9.3924539020e+06	9.3393369792e-01	3.5081024442e+03
9.3924539020e+06	9.3383837371e-01	3.5118415737e+03
9.3924539020e+06	9.3374266563e-01	3.5155961782e+03
9.3924539020e+06	9.3364657001e-01	3.5193681055e+03
9.3924539020e+06	9.3355007840e-01	3.5231602837e+03
9.3924539020e+06	9.3345317585e-01	3.5269770175e+03
9.3924539020e+06	9.3335585538e-01	3.5308241032e+03
9.3924539020e+06	9.3325811707e-01	3.5347090811e+03
9.3924539020e+06	9.3315995517e-01	3.5386413644e+03
9.3924539020e+06	9.3306136441e-01	3.5426321697e+03
9.3924539020e+06	9.3296233952e-01	3.5466944998e+03
9.3924539020e+06	9.3286287644e-01	3.5508428014e+03
9.3924539020e+06	9.3276296976e-01	3.5550926895e+03
9.3924539020e+06	9.3266261572e-01	3.5594603960e+03
9.3924539020e+06	9.3256180880e-01	3.5639621967e+03
9.3924539020e+06	9.3246054103e-01	3.5686135618e+03
9.3924539020e+06	9.3235881056e-01	3.5734285337e+03
9.3924539020e+06	9.3225661243e-01	3.5784188196e+03
9.3924539020e+06	9.3215393849e-01	3.5835932336e+03
9.3924539020e+06	9.3205078332e-01	3.5889570710e+03
9.3924539020e+06	9.3194714011e-01	3.5945117434e+03
9.3924539020e+06	9.3184299829e-01	3.6002548160e+03
9.3924539020e+06	9.3173836851e-01	3.6061801658e+03
9.3924539020e+06	9.3163326289e-01	3.6122781811e+03
9.3924539020e+06	9.3152768658e-01	3.6185367001e+03
9.3924539020e+06	9.3142164323e-01	3.6249416285e+03
9.3924539020e+06	9.3131512423e-01	3.6314775749e+03
9.3924539020e+06	9.3120813035e-01	3.6381288111e+03
9.3924539020e+06	9.3110066616e-01	3.6448798099e+03
9.3924539020e+06	9.3099271242e-01	3.6517156297e+03
9.3924539020e+06	9.3088427806e-01	3.6586224934e+03
9.3924539020e+06	9.3077535607e-01	3.6655878798e+03
9.3924539020e+06	9.3066593465e-01	3.6726007077e+03
9.3924539020e+06	9.3055600012e-01	3.6796512406e+03
9.3924539020e+06	9.3044553898e-01	3.6867311074e+03
9.3924539020e+06	9.3033453751e-01	3.6938333019e+03
9.3924539020e+06	9.3022305704e-01	3.7009517670e+03
9.3924539020e+06	9.3011109567e-01	3.7080815902e+03
9.3924539020e+06	9.2999865158e-01	3.7152185607e+03
9.3924539020e+06	9.2988572153e-01	3.7223592508e+03
9.3924539020e+06	9.2977230209e-01	3.7295007870e+03
9.3924539020e+06	9.2965839162e-01	3.7366406525e+03
9.3924539020e+06	9.2954398685e-01	3.7437767853e+03
9.3924539020e+06	9.2942908503e-01	3.7509072778e+03
9.3924539020e+06	9.2931368241e-01	3.7580304969e+03
9.3924539020e+06	9.2919777419e-01	3.7651449570e+03
9.3924539020e+06	9.2908135658e-01	3.7722495232e+03
9.3924539020e+06	9.2896442659e-01	3.7794118064e+03
9.3924539020e+06	9.2884697667e-01	3.7866058845e+03
9.3924539020e+06	9.2872896142e-01	3.7941140788e+03
9.3924539020e+06	9.2862945398e-01	3.8051152235e+03
9.3924539020e+06	9.2862185096e-01	3.8122209845e+03
9.3924539020e+06	9.2861455408e-01	3.8199834507e+03
9.3924539020e+06	9.2860724394e-01	3.8302015217e+03
9.3924539020e+06	9.2859999900e-01	3.8413431845e+03
9.3924539020e+06	9.2859284558e-01	3.8512667806e+03
9.3924539020e+06	9.2858584041e-01	3.8577922044e+03
9.3924539020e+06	9.2857894101e-01	3.8616385208e+03
9.3924539020e+06	9.2857209363e-01	3.8641096643e+03
9.3924539020e+06	9.2856526930e-01	3.8659972665e+03
9.3924539020e+06	9.2855847297e-01	3.8675663854e+03
9.3924539020e+06	9.2855170036e-01	3.8689592051e+03
9.3924539020e+06	9.2854493294e-01	3.8703185668e+03
9.3924539020e+06	9.2853819435e-01	3.8715845294e+03
9.3924539020e+06	9.2853149692e-01	3.8727563479e+03
9.3924539020e+06	9.2852485626e-01	3.8738622777e+03
9.3924539020e+06	9.2851834377e-01	3.8747786605e+03
9.3924539020e+06	9.2851208920e-01	3.8753040184e+03
9.3924539020e+06	9.2850640875e-01	3.8750096408e+03
9.3924539020e+06	9.2850200757e-01	3.8728309987e+03
9.3924539020e+06	9.2850035950e-01	3.8683385327e+03
9.3924539020e+06	9.2850169649e-01	3.8604662513e+03
9.3924539020e+06	9.2850694585e-01	3.8473473397e+03
9.3924539020e+06	9.2851779955e-01	3.8260236775e+03
9.3924539020e+06	9.2853681847e-01	3.7918338110e+03
9.3924539020e+06	9.2856690579e-01	3.7380078483e+03
9.3924539020e+06	9.2860489881e-01	3.6536812409e+03
9.3812497470e+06	9.2866064680e-01	3.5265610273e+03
9.3812497470e+06	9.2906666767e-01	3.5272332067e+03
9.3812497470e+06	9.2898703729e-01	3.5272748126e+03
9.3812497470e+06	9.2890668018e-01	3.5273127710e+03
9.3812497470e+06	9.2882581012e-01	3.5272122010e+03
9.3812497470e+06	9.2874452026e-01	3.5269315953e+03
9.3812497470e+06	9.2866285297e-01	3.5270012060e+03
9.3812497470e+06	9.2858082867e-01	3.5277548758e+03
9.3812497470e+06	9.2849845924e-01	3.5291908699e+03
9.3812497470e+06	9.2841575016e-01	3.5311865655e+03
9.3812497470e+06	9.2833270544e-01	3.5336118441e+03
9.3812497470e+06	9.2824932604e-01	3.5363606609e+03
9.3812497470e+06	9.2816561343e-01	3.5393532873e+03
9.3812497470e+06	9.2808156684e-01	3.5425314319e+03
9.3812497470e+06	9.2799718619e-01	3.5458526048e+03
9.3812497470e+06	9.2791247071e-01	3.5492857013e+03
9.3812497470e+06	9.2782741975e-01	3.5528076863e+03
9.3812497470e+06	9.2774203108e-01	3.5564013464e+03
9.3812497470e+06	9.2765630373e-01	3.5600535445e+03
9.3812497470e+06	9.2757022360e-01	3.5637541509e+03
9.3812497470e+06	9.2748377376e-01	3.5674953271e+03
9.3812497470e+06	9.2739695187e-01	3.5712708439e+03
9.3812497470e+06	9.2730975552e-01	3.5750758257e+03
9.3812497470e+06	9.2722217650e-01	3.5789064830e+03
9.3812497470e+06	9.2713421398e-01	3.5827600984e+03
9.3812497470e+06	9.2704586627e-01	3.5866348097e+03
9.3812497470e+06	9.2695712090e-01	3.5905298492e+03
9.3812497470e+06	9.2686797975e-01	3.5944455181e+03
9.3812497470e+06	9.2677843050e-01	3.5983833935e+03
9.3812497470e+06	9.2668846608e-01	3.6023464167e+03
9.3812497470e+06	9.2659808021e-01	3.6063391307e+03
9.3812497470e+06	9.2650726150e-01	3.6103679946e+03
9.3812497470e+06	9.2641599734e-01	3.6144411767e+03
9.3812497470e+06	9.2632429718e-01	3.6185689476e+03
9.3812497470e+06	9.2623217988e-01	3.6227634319e+03
9.3812497470e+06	9.2613964872e-01	3.6270386263e+03
9.3812497470e+06	9.2604670714e-01	3.6314098744e+03
9.3812497470e+06	9.2595334657e-01	3.6358934959e+03
9.3812497470e+06	9.2585956019e-01	3.6405063204e+03
9.3812497470e+06	9.2576535597e-01	3.6452646794e+03
9.3812497470e+06	9.2567072037e-01	3.6501839089e+03
9.3812497470e+06	9.2557564503e-01	3.6552773630e+03
9.3812497470e+06	9.2548013169e-01	3.6605556760e+03
9.3812497470e+06	9.2538416802e-01	3.6660261618e+03
9.3812497470e+06	9.2528774277e-01	3.6716921620e+03
9.3812497470e+06	9.2519082260e-01	3.6775530968e+03
9.3812497470e+06	9.2509343994e-01	3.6836043312e+03
9.3812497470e+06	9.2499564343e-01	3.6898375558e+03
9.3812497470e+06	9.2489743142e-01	3.6962414160e+03
9.3812497470e+06	9.2479880286e-01	3.7028021603e+03
9.3812497470e+06	9.2469975811e-01	3.7095043403e+03
9.3812497470e+06	9.2460029377e-01	3.7163319709e+03
9.3812497470e+06	9.2450040937e-01	3.7232687708e+03
9.3812497470e+06	9.2440010207e-01	3.7302991610e+03
9.3812497470e+06	9.2429937110e-01	3.7374083948e+03
9.3812497470e+06	9.2419821469e-01	3.7445829880e+03
9.3812497470e+06	9.2409662905e-01	3.7518110057e+03
9.3812497470e+06	9.2399461298e-01	3.7590818312e+03
9.3812497470e+06	9.2389216197e-01	3.7663864234e+03
9.3812497470e+06	9.2378927327e-01	3.7737170856e+03
9.3812497470e+06	9.2368594357e-01	3.7810673593e+03
9.3812497470e+06	9.2358217123e-01	3.7885096284e+03
9.3812497470e+06	9.2347795251e-01	3.7959681200e+03
9.3812497470e+06	9.2337328550e-01	3.8034327049e+03
9.3812497470e+06	9.2326816685e-01	3.8109002649e+03
9.3812497470e+06	9.2316259309e-01	3.8183681938e+03
9.3812497470e+06	9.2305656234e-01	3.8258341647e+03
9.3812497470e+06	9.2295007108e-01	3.8332962670e+03
9.3812497470e+06	9.2284311591e-01	3.8407528023e+03
9.3812497470e+06	9.2273569454e-01	3.8482021606e+03
9.3812497470e+06	9.2262780351e-01	3.8556429904e+03
9.3812497470e+06	9.2251943960e-01	3.8630746875e+03
9.3812497470e+06	9.2241059790e-01	3.8705043151e+03
9.3812497470e+06	9.2230126289e-01	3.8780213181e+03
9.3812497470e+06	9.2219129228e-01	3.8866089866e+03
9.3812497470e+06	9.2214550142e-01	3.9004649906e+03
9.3812497470e+06	9.2213855307e-01	3.9083605346e+03
9.3812497470e+06	9.2213158648e-01	3.9187807948e+03
9.3812497470e+06	9.2212468855e-01	3.9301698479e+03
9.3812497470e+06	9.2211788308e-01	3.9404291893e+03
9.3812497470e+06	9.2211123963e-01	3.9472212675e+03
9.3812497470e+06	9.2210471335e-01	3.9512395204e+03
9.3812497470e+06	9.2209824451e-01	3.9538178916e+03
9.3812497470e+06	9.2209179714e-01	3.9557932591e+03
9.3812497470e+06	9.2208538078e-01	3.9574357181e+03
9.3812497470e+06	9.2207899061e-01	3.9588942111e+03
9.3812497470e+06	9.2207259975e-01	3.9603157687e+03
9.3812497470e+06	9.2206623899e-01	3.9616427536e+03
9.3812497470e+06	9.2205992268e-01	3.9628718609e+03
9.3812497470e+06	9.2205366411e-01	3.9640319479e+03
9.3812497470e+06	9.2204754055e-01	3.9649970436e+03
9.3812497470e+06	9.2204169163e-01	3.9655559985e+03
9.3812497470e+06	9.2203645016e-01	3.9652631537e+03
9.3812497470e+06	9.2203257030e-01	3.9630067263e+03
9.3812497470e+06	9.2203146171e-01	3.9583404385e+03
9.3812497470e+06	9.2203343272e-01	3.9501589330e+03
9.3812497470e+06	9.2203952323e-01	3.9365239998e+03
9.3812497470e+06	9.2205163095e-01	3.9143480394e+03
9.3812497470e+06	9.2207261832e-01	3.8787857412e+03
9.3812497470e+06	9.2210701944e-01	3.8224256645e+03
9.3812497470e+06	9.2216003197e-01	3.7343113755e+03
9.3812497470e+06	9.2222235471e-01	3.5979832540e+03
9.3812497470e+06	9.2220549422e-01	3.4648958573e+03
9.3812497470e+06	9.2203444944e-01	3.4184817386e+03
9.3812497470e+06	9.2196274904e-01	3.4199297234e+03
9.3812497470e+06	9.2189000387e-01	3.4218514471e+03
9.3812497470e+06	9.2181592195e-01	3.4241429064e+03
9.3812497470e+06	9.2174121749e-01	3.4266949166e+03
9.3812497470e+06	9.2166529631e-01	3.4294375296e+03
9.3812497470e+06	9.2158859681e-01	3.4323278310e+03
9.3812497470e+06	9.2151034467e-01	3.4353388851e+03
9.3812497470e+06	9.2142968404e-01	3.4384523608e+03
9.3812497470e+06	9.2134866002e-01	3.4416535096e+03
9.3812497470e+06	9.2126662427e-01	3.4449322330e+03
9.3812497470e+06	9.2118350376e-01	3.4482803576e+03
9.3812497470e+06	9.2110001662e-01	3.4516908443e+03
9.3812497470e+06	9.2101383509e-01	3.4551593934e+03
9.3812497470e+06	9.2092640560e-01	3.4586805500e+03
9.3812497470e+06	9.2083826351e-01	3.4622500405e+03
9.3812497470e+06	9.2074858586e-01	3.4658647892e+03
9.3812497470e+06	9.2065696830e-01	3.4695219127e+03
9.3812497470e+06	9.2056275499e-01	3.4732189822e+03
9.3812497470e+06	9.2046701549e-01	3.4769529044e+03
9.3812497470e+06	9.2037090058e-01	3.4807207253e+03
9.3812497470e+06	9.2027440737e-01	3.4845203212e+03
9.3812497470e+06	9.2017753492e-01	3.4883496157e+03
9.3812497470e+06	9.2008028018e-01	3.4922067147e+03
9.3812497470e+06	9.1998264223e-01	3.4960897183e+03
9.3812497470e+06	9.1988461790e-01	3.4999968848e+03
9.3812497470e+06	9.1978620630e-01	3.5039264430e+03
9.3812497470e+06	9.1968740410e-01	3.5078767893e+03
9.3812497470e+06	9.1958821043e-01	3.5118463051e+03
9.3812497470e+06	9.1948862177e-01	3.5158335952e+03
9.3812497470e+06	9.1938863722e-01	3.5198373205e+03
9.3812497470e+06	9.1928825375e-01	3.5238564597e+03
9.3812497470e+06	9.1918746810e-01	3.5278903224e+03
9.3812497470e+06	9.1908627775e-01	3.5319386278e+03
9.3812497470e+06	9.1898468174e-01	3.5360016237e+03
9.3812497470e+06	9.1888266138e-01	3.5400805100e+03
9.3812497470e+06	9.1878020254e-01	3.5441773426e+03
9.3812497470e+06	9.1867729980e-01	3.5482954144e+03
9.3812497470e+06	9.1857394886e-01	3.5524394596e+03
9.3812497470e+06	9.1847014418e-01	3.5566158589e+03
9.3812497470e+06	9.1836587963e-01	3.5608328169e+03
9.3812497470e+06	9.1826115173e-01	3.5651004248e+03
9.3812497470e+06	9.1815595321e-01	3.5694307659e+03
9.3812497470e+06	9.1805027850e-01	3.5738376806e+03
9.3812497470e+06	9.1794411664e-01	3.5783365163e+03
9.3812497470e+06	9.1783746420e-01	3.5829437263e+03
9.3812497470e+06	9.1773031266e-01	3.5876761038e+03
9.3812497470e+06	9.1762265464e-01	3.5925503284e+03
9.3812497470e+06	9.1751447740e-01	3.5975819810e+03
9.3812497470e+06	9.1740577395e-01	3.6027847879e+03
9.3812497470e+06	9.1729653322e-01	3.6081696831e+03
9.3812497470e+06	9.1718675087e-01	3.6137442017e+03
9.3812497470e+06	9.1707645544e-01	3.6195120680e+03
9.3812497470e+06	9.1696565432e-01	3.6254728904e+03
9.3812497470e+06	9.1685435498e-01	3.6316220943e+03
9.3812497470e+06	9.1674254005e-01	3.6379514508e+03
9.3812497470e+06	9.1663022445e-01	3.6444496298e+03
9.3812497470e+06	9.1651740842e-01	3.6511027724e+03
9.3812497470e+06	9.1640406758e-01	3.6578955005e+03
9.3812497470e+06	9.1629021631e-01	3.6648116295e+03
9.3812497470e+06	9.1617584610e-01	3.6718348768e+03
9.3812497470e+06	9.1606094256e-01	3.6789496099e+03
9.3812497470e+06	9.1594549008e-01	3.6861411617e+03
9.3812497470e+06	9.1582945912e-01	3.6933961745e+03
9.3812497470e+06	9.1571285997e-01	3.7007027378e+03
9.3812497470e+06	9.1559575965e-01	3.7080504270e+03
9.3812497470e+06	9.1547815812e-01	3.7154303306e+03
9.3812497470e+06	9.1536005202e-01	3.7228349549e+03
9.3812497470e+06	9.1524143985e-01	3.7302579270e+03
9.3812497470e+06	9.1512231797e-01	3.7376940729e+03
9.3812497470e+06	9.1500268383e-01	3.7451390971e+03
9.3812497470e+06	9.1488253515e-01	3.7525894647e+03
9.3812497470e+06	9.1476186828e-01	3.7600422582e+03
9.3812497470e+06	9.1464067966e-01	3.7674950440e+03
9.3812497470e+06	9.1451896441e-01	3.7749457730e+03
9.3812497470e+06	9.1439671862e-01	3.7823927135e+03
9.3812497470e+06	9.1427393870e-01	3.7898719941e+03
9.3812497470e+06	9.1415062086e-01	3.7973917569e+03
9.3812497470e+06	9.1402676244e-01	3.8049034974e+03
9.3812497470e+06	9.1390235894e-01	3.8124062755e+03
9.3812497470e+06	9.1377740702e-01	3.8199019758e+03
9.3812497470e+06	9.1365189666e-01	3.8274238284e+03
9.3812497470e+06	9.1352576486e-01	3.8353446802e+03
9.3812497470e+06	9.1342864227e-01	3.8476353342e+03
9.3812497470e+06	9.1342067865e-01	3.8536517811e+03
9.3812497470e+06	9.1341270312e-01	3.8617780820e+03
9.3812497470e+06	9.1340472260e-01	3.8722647647e+03
9.3812497470e+06	9.1339682349e-01	3.8833825199e+03
9.3812497470e+06	9.1338903128e-01	3.8929724255e+03
9.3812497470e+06	9.1338140723e-01	3.8991819031e+03
9.3812497470e+06	9.1337390039e-01	3.9028794231e+03
9.3812497470e+06	9.1336644814e-01	3.9053465390e+03
9.3812497470e+06	9.1335902329e-01	3.9072843921e+03
9.3812497470e+06	9.1335163185e-01	3.9089246111e+03
9.3812497470e+06	9.1334426828e-01	3.9103977579e+03
9.3812497470e+06	9.1333690246e-01	3.9118452082e+03
9.3812497470e+06	9.1332957464e-01	3.9131913888e+03
9.3812497470e+06	9.1332229934e-01	3.9144372755e+03
9.3812497470e+06	9.1331508911e-01	3.9156163643e+03
9.3812497470e+06	9.1330804724e-01	3.9165659604e+03
9.3812497470e+06	9.1330134333e-01	3.9170589551e+03
9.3812497470e+06	9.1329541108e-01	3.9165638870e+03
9.3812497470e+06	9.1329127850e-01	3.9139438432e+03
9.3812497470e+06	9.1329028856e-01	3.9087212081e+03
9.3812497470e+06	9.1329297455e-01	3.8996551217e+03
9.3812497470e+06	9.1330050531e-01	3.8846124851e+03
9.3812497470e+06	9.1331531436e-01	3.8601987887e+03
9.3812497470e+06	9.1334102841e-01	3.8210982121e+03
9.3812497470e+06	9.1338215818e-01	3.7595040083e+03
9.3812497470e+06	9.1343362043e-01	3.6633756811e+03
9.3698567675e+06	9.1350111182e-01	3.5321433897e+03
9.3698567675e+06	9.1384920941e-01	3.5325680944e+03
9.3698567675e+06	9.1376417276e-01	3.5326137902e+03
9.3698567675e+06	9.1367832419e-01	3.5326275485e+03
9.3698567675e+06	9.1359192986e-01	3.5323712533e+03
9.3698567675e+06	9.1350509069e-01	3.5322574330e+03
9.3698567675e+06	9.1341785099e-01	3.5329051730e+03
9.3698567675e+06	9.1333023229e-01	3.5343915084e+03
9.3698567675e+06	9.1324224567e-01	3.5365569465e+03
9.3698567675e+06	9.1315389768e-01	3.5392249186e+03
9.3698567675e+06	9.1306519178e-01	3.5422569267e+03
9.3698567675e+06	9.1297613010e-01	3.5455537770e+03
9.3698567675e+06	9.1288671249e-01	3.5490462095e+03
9.3698567675e+06	9.1279693985e-01	3.5526857994e+03
9.3698567675e+06	9.1270681065e-01	3.5564384605e+03
9.3698567675e+06	9.1261632500e-01	3.5602797315e+03
9.3698567675e+06	9.1252548120e-01	3.5641918566e+03
9.3698567675e+06	9.1243427787e-01	3.5681616522e+03
9.3698567675e+06	9.1234271339e-01	3.5721791498e+03
9.3698567675e+06	9.1225077701e-01	3.5762366718e+03
9.3698567675e+06	9.1215844612e-01	3.5803282377e+03
9.3698567675e+06	9.1206571110e-01	3.5844490058e+03
9.3698567675e+06	9.1197256403e-01	3.5885952009e+03
9.3698567675e+06	9.1187900042e-01	3.5927638595e+03
9.3698567675e+06	9.1178502024e-01	3.5969527215e+03
9.3698567675e+06	9.1169060830e-01	3.6011602511e+03
9.3698567675e+06	9.1159576779e-01	3.6053857205e+03
9.3698567675e+06	9.1150048823e-01	3.6096293240e+03
9.3698567675e+06	9.1140475452e-01	3.6138924166e+03
9.3698567675e+06	9.1130855909e-01	3.6181775090e+03
9.3698567675e+06	9.1121188796e-01	3.6224886274e+03
9.3698567675e+06	9.1111472995e-01	3.6268314878e+03
9.3698567675e+06	9.1101707993e-01	3.6312136969e+03
9.3698567675e+06	9.1091897634e-01	3.6356447286e+03
9.3698567675e+06	9.1082042622e-01	3.6401362495e+03
9.3698567675e+06	9.1072143252e-01	3.6447018478e+03
9.3698567675e+06	9.1062198829e-01	3.6493567517e+03
9.3698567675e+06	9.1052208451e-01	3.6541173959e+03
9.3698567675e+06	9.1042172632e-01	3.6590011314e+03
9.3698567675e+06	9.1032090676e-01	3.6640251765e+03
9.3698567675e+06	9.1021960916e-01	3.6692059739e+03
9.3698567675e+06	9.1011782802e-01	3.6745582065e+03
9.3698567675e+06	9.1001555081e-01	3.6800941498e+03
9.3698567675e+06	9.0991274666e-01	3.6858225669e+03
9.3698567675e+06	9.0980937641e-01	3.6917485229e+03
9.3698567675e+06	9.0970552561e-01	3.6978725781e+03
9.3698567675e+06	9.0960123273e-01	3.7041912033e+03
9.3698567675e+06	9.0949649514e-01	3.7106969913e+03
9.3698567675e+06	9.0939131405e-01	3.7173788528e+03
9.3698567675e+06	9.0928568868e-01	3.7242230809e+03
9.3698567675e+06	9.0917961669e-01	3.7312142337e+03
9.3698567675e+06	9.0907309592e-01	3.7383358484e+03
9.3698567675e+06	9.0896612617e-01	3.7455711524e+03
9.3698567675e+06	9.0885870552e-01	3.7529038794e+03
9.3698567675e+06	9.0875083203e-01	3.7603186691e+03
9.3698567675e+06	9.0864250371e-01	3.7678014699e+03
9.3698567675e+06	9.0853371587e-01	3.7753398548e+03
9.3698567675e+06	9.0842446543e-01	3.7829228420e+03
9.3698567675e+06	9.0831475038e-01	3.7905410274e+03
9.3698567675e+06	9.0820456715e-01	3.7982237725e+03
9.3698567675e+06	9.0809391304e-01	3.8059775139e+03
9.3698567675e+06	9.0798278508e-01	3.8137467516e+03
9.3698567675e+06	9.0787118025e-01	3.8215269132e+03
9.3698567675e+06	9.0775909546e-01	3.8293142641e+03
9.3698567675e+06	9.0764652766e-01	3.8371057345e+03
9.3698567675e+06	9.0753347367e-01	3.8448987904e+03
9.3698567675e+06	9.0741993029e-01	3.8526913059e+03
9.3698567675e+06	9.0730589385e-01	3.8604814953e+03
9.3698567675e+06	9.0719136158e-01	3.8682677316e+03
9.3698567675e+06	9.0707633063e-01	3.8760485522e+03
9.3698567675e+06	9.0696079682e-01	3.8838227047e+03
9.3698567675e+06	9.0684475762e-01	3.8915890234e+03
9.3698567675e+06	9.0672820890e-01	3.8993479448e+03
9.3698567675e+06	9.0661114436e-01	3.9071158607e+03
9.3698567675e+06	9.0649352814e-01	3.9150831186e+03
9.3698567675e+06	9.0637504512e-01	3.9253144218e+03
9.3698567675e+06	9.0636011725e-01	3.9365491813e+03
9.3698567675e+06	9.0635248895e-01	3.9449541645e+03
9.3698567675e+06	9.0634485819e-01	3.9557459096e+03
9.3698567675e+06	9.0633731504e-01	3.9671116350e+03
9.3698567675e+06	9.0632987978e-01	3.9768561713e+03
9.3698567675e+06	9.0632262247e-01	3.9831514480e+03
9.3698567675e+06	9.0631548871e-01	3.9869139558e+03
9.3698567675e+06	9.0630840865e-01	3.9894488981e+03
9.3698567675e+06	9.0630135436e-01	3.9914539466e+03
9.3698567675e+06	9.0629433619e-01	3.9931584979e+03
9.3698567675e+06	9.0628734736e-01	3.9946955509e+03
9.3698567675e+06	9.0628035500e-01	3.9962053059e+03
9.3698567675e+06	9.0627340440e-01	3.9976104619e+03
9.3698567675e+06	9.0626651164e-01	3.9989108636e+03
9.3698567675e+06	9.0625968588e-01	4.0001423689e+03
9.3698567675e+06	9.0625304691e-01	4.0011261026e+03
9.3698567675e+06	9.0624678244e-01	4.0016207319e+03
9.3698567675e+06	9.0624137364e-01	4.0010468649e+03
9.3698567675e+06	9.0623800293e-01	3.9983393966e+03
9.3698567675e+06	9.0623767431e-01	3.9929847962e+03
9.3698567675e+06	9.0624108595e-01	3.9836966087e+03
9.3698567675e+06	9.0624956808e-01	3.9682867930e+03
9.3698567675e+06	9.0626576927e-01	3.9432177541e+03
9.3698567675e+06	9.0629360547e-01	3.9031073820e+03
9.3698567675e+06	9.0633911353e-01	3.8396537159e+03
9.3698567675e+06	9.0640846188e-01	3.7407345963e+03
9.3698567675e+06	9.0648123149e-01	3.6020978504e+03
9.3698567675e+06	9.0644971768e-01	3.4690168320e+03
9.3698567675e+06	9.0629861710e-01	3.4322624226e+03
9.3698567675e+06	9.0622701733e-01	3.4339777080e+03
9.3698567675e+06	9.0615431308e-01	3.4362046794e+03
9.3698567675e+06	9.0607996108e-01	3.4388158190e+03
9.3698567675e+06	9.0600512075e-01	3.4416909893e+03
9.3698567675e+06	9.0592862382e-01	3.4447579016e+03
9.3698567675e+06	9.0585173968e-01	3.4479727101e+03
9.3698567675e+06	9.0577303617e-01	3.4513088096e+03
9.3698567675e+06	9.0569204685e-01	3.4547477063e+03
9.3698567675e+06	9.0561042032e-01	3.4582748181e+03
9.3698567675e+06	9.0552720867e-01	3.4618802488e+03
9.3698567675e+06	9.0544362468e-01	3.4655550912e+03
9.3698567675e+06	9.0535870959e-01	3.4692931983e+03
9.3698567675e+06	9.0527102868e-01	3.4730898105e+03
9.3698567675e+06	9.0518248879e-01	3.4769392123e+03
9.3698567675e+06	9.0509237126e-01	3.4808377531e+03
9.3698567675e+06	9.0500050457e-01	3.4847820169e+03
9.3698567675e+06	9.0490563350e-01	3.4887695429e+03
9.3698567675e+06	9.0480913162e-01	3.4927968103e+03
9.3698567675e+06	9.0471225081e-01	3.4968606147e+03
9.3698567675e+06	9.0461498968e-01	3.5009585974e+03
9.3698567675e+06	9.0451734631e-01	3.5050885785e+03
9.3698567675e+06	9.0441931875e-01	3.5092485023e+03
9.3698567675e+06	9.0432090503e-01	3.5134364120e+03
9.3698567675e+06	9.0422210377e-01	3.5176504036e+03
9.3698567675e+06	9.0412291169e-01	3.5218887204e+03
9.3698567675e+06	9.0402332801e-01	3.5261495633e+03
9.3698567675e+06	9.0392334928e-01	3.5304313162e+03
9.3698567675e+06	9.0382297401e-01	3.5347323666e+03
9.3698567675e+06	9.0372219999e-01	3.5390512539e+03
9.3698567675e+06	9.0362102481e-01	3.5433866966e+03
9.3698567675e+06	9.0351944708e-01	3.5477376119e+03
9.3698567675e+06	9.0341746228e-01	3.5521033917e+03
9.3698567675e+06	9.0331506027e-01	3.5564837659e+03
9.3698567675e+06	9.0321222132e-01	3.5608791303e+03
9.3698567675e+06	9.0310892862e-01	3.5652908136e+03
9.3698567675e+06	9.0300517908e-01	3.5697210317e+03
9.3698567675e+06	9.0290096678e-01	3.5741733392e+03
9.3698567675e+06	9.0279628632e-01	3.5786527646e+03
9.3698567675e+06	9.0269112744e-01	3.5831661500e+03
9.3698567675e+06	9.0258548291e-01	3.5877222588e+03
9.3698567675e+06	9.0247935161e-01	3.5923317797e+03
9.3698567675e+06	9.0237271472e-01	3.5970073970e+03
9.3698567675e+06	9.0226556934e-01	3.6017637686e+03
9.3698567675e+06	9.0215790264e-01	3.6066168872e+03
9.3698567675e+06	9.0204969828e-01	3.6115838954e+03
9.3698567675e+06	9.0194094337e-01	3.6166822910e+03
9.3698567675e+06	9.0183162291e-01	3.6219289796e+03
9.3698567675e+06	9.0172175050e-01	3.6273396635e+03
9.3698567675e+06	9.0161134840e-01	3.6329278086e+03
9.3698567675e+06	9.0150042807e-01	3.6387036542e+03
9.3698567675e+06	9.0138899420e-01	3.6446738428e+03
9.3698567675e+06	9.0127704991e-01	3.6508407629e+03
9.3698567675e+06	9.0116457322e-01	3.6572025300e+03
9.3698567675e+06	9.0105157891e-01	3.6637528417e+03
9.3698567675e+06	9.0093806376e-01	3.6704819634e+03
9.3698567675e+06	9.0082401748e-01	3.6773770075e+03
9.3698567675e+06	9.0070942273e-01	3.6844229618e+03
9.3698567675e+06	9.0059426514e-01	3.6916033782e+03
9.3698567675e+06	9.0047851480e-01	3.6989015696e+03
9.3698567675e+06	9.0036213295e-01	3.7063008952e+03
9.3698567675e+06	9.0024523944e-01	3.7137856325e+03
9.3698567675e+06	9.0012784843e-01	3.7213413626e+03
9.3698567675e+06	9.0000995840e-01	3.7289550614e+03
9.3698567675e+06	8.9989156768e-01	3.7366153047e+03
9.3698567675e+06	8.9977267138e-01	3.7443124543e+03
9.3698567675e+06	8.9965326992e-01	3.7520380595e+03
9.3698567675e+06	8.9953336007e-01	3.7597853243e+03
9.3698567675e+06	8.9941293784e-01	3.7675486192e+03
9.3698567675e+06	8.9929200145e-01	3.7753232264e+03
9.3698567675e+06	8.9917054506e-01	3.7831054721e+03
9.3698567675e+06	8.9904856449e-01	3.7908922622e+03
9.3698567675e+06	8.9892605679e-01	3.7986811014e+03
9.3698567675e+06	8.9880301796e-01	3.8065441865e+03
9.3698567675e+06	8.9867944459e-01	3.8144203299e+03
9.3698567675e+06	8.9855533240e-01	3.8222933942e+03
9.3698567675e+06	8.9843067875e-01	3.8301619470e+03
9.3698567675e+06	8.9830547954e-01	3.8380247637e+03
9.3698567675e+06	8.9817973170e-01	3.8458806503e+03
9.3698567675e+06	8.9805343178e-01	3.8537287558e+03
9.3698567675e+06	8.9792657487e-01	3.8615714086e+03
9.3698567675e+06	8.9779915041e-01	3.8694446662e+03
9.3698567675e+06	8.9767108216e-01	3.8777518426e+03
9.3698567675e+06	8.9757380217e-01	3.8907800492e+03
9.3698567675e+06	8.9756555418e-01	3.8968744776e+03
9.3698567675e+06	8.9755722915e-01	3.9053958317e+03
9.3698567675e+06	8.9754891176e-01	3.9161632011e+03
9.3698567675e+06	8.9754069231e-01	3.9272700783e+03
9.3698567675e+06	8.9753259173e-01	3.9365637550e+03
9.3698567675e+06	8.9752467486e-01	3.9425078332e+03
9.3698567675e+06	8.9751688320e-01	3.9460965260e+03
9.3698567675e+06	8.9750913962e-01	3.9485845707e+03
9.3698567675e+06	8.9750142209e-01	3.9505860896e+03
9.3698567675e+06	8.9749374362e-01	3.9523062559e+03
9.3698567675e+06	8.9748609409e-01	3.9538740933e+03
9.3698567675e+06	8.9747844356e-01	3.9554109318e+03
9.3698567675e+06	8.9747084048e-01	3.9568433915e+03
9.3698567675e+06	8.9746330396e-01	3.9581682110e+03
9.3698567675e+06	8.9745584718e-01	3.9594242349e+03
9.3698567675e+06	8.9744861439e-01	3.9604038718e+03
9.3698567675e+06	8.9744182656e-01	3.9608492833e+03
9.3698567675e+06	8.9743607423e-01	3.9600996653e+03
9.3698567675e+06	8.9743288317e-01	3.9573675052e+03
9.3698567675e+06	8.9743267031e-01	3.9520711113e+03
9.3698567675e+06	8.9743636518e-01	3.9429059671e+03
9.3698567675e+06	8.9744544117e-01	3.9276992139e+03
9.3698567675e+06	8.9746273282e-01	3.9029890004e+03
9.3698567675e+06	8.9749271703e-01	3.8633302954e+03
9.3698567675e+06	8.9754189260e-01	3.8005595196e+03
9.3698567675e+06	8.9760682975e-01	3.7031090423e+03
9.3608199396e+06	8.9768462942e-01	3.5696414973e+03
9.3608199396e+06	8.9824189769e-01	3.5697975909e+03
9.3608199396e+06	8.9815486227e-01	3.5698445246e+03
9.3608199396e+06	8.9806699227e-01	3.5697365271e+03
9.3608199396e+06	8.9797857583e-01	3.5694642385e+03
9.3608199396e+06	8.9788971178e-01	3.5699620844e+03
9.3608199396e+06	8.9780044265e-01	3.5714971621e+03
9.3608199396e+06	8.9771078927e-01	3.5738599738e+03
9.3608199396e+06	8.9762076277e-01	3.5768053965e+03
9.3608199396e+06	8.9753036837e-01	3.5801521154e+03
9.3608199396e+06	8.9743960972e-01	3.5837784957e+03
9.3608199396e+06	8.9734848890e-01	3.5876044591e+03
9.3608199396e+06	8.9725700557e-01	3.5915769767e+03
9.3608199396e+06	8.9716515971e-01	3.5956602796e+03
9.3608199396e+06	8.9707295053e-01	3.5998297667e+03
9.3608199396e+06	8.9698037737e-01	3.6040681010e+03
9.3608199396e+06	8.9688741450e-01	3.6083627915e+03
9.3608199396e+06	8.9679402230e-01	3.6127046356e+03
9.3608199396e+06	8.9670020107e-01	3.6170865786e+03
9.3608199396e+06	8.9660593687e-01	3.6215032007e+03
9.3608199396e+06	8.9651122817e-01	3.6259500827e+03
9.3608199396e+06	8.9641606395e-01	3.6304236084e+03
9.3608199396e+06	8.9632043210e-01	3.6349208789e+03
9.3608199396e+06	8.9622431879e-01	3.6394394165e+03
9.3608199396e+06	8.9612770407e-01	3.6439772572e+03
9.3608199396e+06	8.9603057178e-01	3.6485329301e+03
9.3608199396e+06	8.9593291285e-01	3.6531054806e+03
9.3608199396e+06	8.9583478479e-01	3.6576946612e+03
9.3608199396e+06	8.9573620699e-01	3.6623010730e+03
9.3608199396e+06	8.9563718660e-01	3.6669262543e+03
9.3608199396e+06	8.9553772501e-01	3.6715730164e+03
9.3608199396e+06	8.9543780845e-01	3.6762456596e+03
9.3608199396e+06	8.9533743080e-01	3.6809501900e+03
9.3608199396e+06	8.9523659280e-01	3.6856945602e+03
9.3608199396e+06	8.9513528161e-01	3.6904886369e+03
9.3608199396e+06	8.9503347661e-01	3.6953445973e+03
9.3608199396e+06	8.9493114579e-01	3.7002766194e+03
9.3608199396e+06	8.9482822803e-01	3.7053005128e+03
9.3608199396e+06	8.9472478908e-01	3.7104335219e+03
9.3608199396e+06	8.9462091123e-01	3.7156936425e+03
9.3608199396e+06	8.9451659304e-01	3.7210987071e+03
9.3608199396e+06	8.9441183192e-01	3.7266657062e+03
9.3608199396e+06	8.9430662422e-01	3.7324098441e+03
9.3608199396e+06	8.9420096768e-01	3.7383434853e+03
9.3608199396e+06	8.9409486060e-01	3.7444754019e+03
9.3608199396e+06	8.9398830202e-01	3.7508101808e+03
9.3608199396e+06	8.9388129169e-01	3.7573479134e+03
9.3608199396e+06	8.9377382714e-01	3.7640842748e+03
9.3608199396e+06	8.9366590731e-01	3.7710107782e+03
9.3608199396e+06	8.9355753256e-01	3.7781153448e+03
9.3608199396e+06	8.9344870058e-01	3.7853832908e+03
9.3608199396e+06	8.9333940800e-01	3.7927982995e+03
9.3608199396e+06	8.9322965242e-01	3.8003432148e+03
9.3608199396e+06	8.9311943341e-01	3.8080088381e+03
9.3608199396e+06	8.9300874832e-01	3.8158506870e+03
9.3608199396e+06	8.9289759486e-01	3.8237739947e+03
9.3608199396e+06	8.9278597063e-01	3.8317645076e+03
9.3608199396e+06	8.9267387230e-01	3.8398096940e+03
9.3608199396e+06	8.9256129863e-01	3.8478985516e+03
9.3608199396e+06	8.9244824535e-01	3.8560219251e+03
9.3608199396e+06	8.9233471096e-01	3.8641719701e+03
9.3608199396e+06	8.9222069172e-01	3.8723423481e+03
9.3608199396e+06	8.9210618396e-01	3.8805278822e+03
9.3608199396e+06	8.9199118519e-01	3.8887242918e+03
9.3608199396e+06	8.9187569281e-01	3.8969281076e+03
9.3608199396e+06	8.9175970298e-01	3.9051365922e+03
9.3608199396e+06	8.9164321185e-01	3.9133475069e+03
9.3608199396e+06	8.9152621670e-01	3.9215589121e+03
9.3608199396e+06	8.9140871469e-01	3.9297691520e+03
9.3608199396e+06	8.9129070191e-01	3.9379768422e+03
9.3608199396e+06	8.9117217427e-01	3.9461807421e+03
9.3608199396e+06	8.9105312968e-01	3.9543795664e+03
9.3608199396e+06	8.9093356396e-01	3.9625723345e+03
9.3608199396e+06	8.9081347289e-01	3.9707593302e+03
9.3608199396e+06	8.9069285103e-01	3.9789544246e+03
9.3608199396e+06	8.9057166405e-01	3.9873204579e+03
9.3608199396e+06	8.9044961227e-01	3.9976285085e+03
9.3608199396e+06	8.9042306121e-01	4.0106922678e+03
9.3608199396e+06	8.9041496804e-01	4.0195454986e+03
9.3608199396e+06	8.9040688089e-01	4.0307334696e+03
9.3608199396e+06	8.9039889753e-01	4.0422680492e+03
9.3608199396e+06	8.9039103924e-01	4.0519359147e+03
9.3608199396e+06	8.9038337790e-01	4.0581245280e+03
9.3608199396e+06	8.9037585107e-01	4.0618676730e+03
9.3608199396e+06	8.9036837357e-01	4.0644711160e+03
9.3608199396e+06	8.9036092189e-01	4.0665718027e+03
9.3608199396e+06	8.9035351247e-01	4.0683803731e+03
9.3608199396e+06	8.9034613294e-01	4.0700318282e+03
9.3608199396e+06	8.9033874734e-01	4.0716504067e+03
9.3608199396e+06	8.9033141343e-01	4.0731595573e+03
9.3608199396e+06	8.9032415211e-01	4.0745550762e+03
9.3608199396e+06	8.9031697239e-01	4.0758783915e+03
9.3608199396e+06	8.9031003896e-01	4.0769034657e+03
9.3608199396e+06	8.9030359525e-01	4.0773536814e+03
9.3608199396e+06	8.9029829295e-01	4.0765069427e+03
9.3608199396e+06	8.9029571232e-01	4.0736545119e+03
9.3608199396e+06	8.9029609287e-01	4.0681597105e+03
9.3608199396e+06	8.9030049381e-01	4.0586601436e+03
9.3608199396e+06	8.9031054270e-01	4.0429014321e+03
9.3608199396e+06	8.9032930712e-01	4.0172594527e+03
9.3608199396e+06	8.9036157980e-01	3.9761781805e+03
9.3608199396e+06	8.9041440616e-01	3.9112043432e+03
9.3608199396e+06	8.9049934617e-01	3.8093582291e+03
9.3608199396e+06	8.9059455195e-01	3.6681236249e+03
9.3608199396e+06	8.9066326850e-01	3.5326120553e+03
9.3608199396e+06	8.9045794398e-01	3.4451704796e+03
9.3608199396e+06	8.9038122956e-01	3.4471136692e+03
9.3608199396e+06	8.9030311813e-01	3.4496211686e+03
9.3608199396e+06	8.9022337229e-01	3.4525382882e+03
9.3608199396e+06	8.9014273073e-01	3.4557310392e+03
9.3608199396e+06	8.9006067621e-01	3.4591210768e+03
9.3608199396e+06	8.8997804129e-01	3.4626625761e+03
9.3608199396e+06	8.8989318368e-01	3.4663280920e+03
9.3608199396e+06	8.8980635575e-01	3.4700981924e+03
9.3608199396e+06	8.8971796866e-01	3.4739586457e+03
9.3608199396e+06	8.8962875368e-01	3.4778983830e+03
9.3608199396e+06	8.8953858880e-01	3.4819090698e+03
9.3608199396e+06	8.8944621943e-01	3.4859845796e+03
9.3608199396e+06	8.8935197381e-01	3.4901191100e+03
9.3608199396e+06	8.8925578333e-01	3.4943079139e+03
9.3608199396e+06	8.8915834356e-01	3.4985465040e+03
9.3608199396e+06	8.8905731661e-01	3.5028326172e+03
9.3608199396e+06	8.8895435480e-01	3.5071621659e+03
9.3608199396e+06	8.8885098626e-01	3.5115314356e+03
9.3608199396e+06	8.8874720848e-01	3.5159378721e+03
9.3608199396e+06	8.8864301939e-01	3.5203791037e+03
9.3608199396e+06	8.8853841690e-01	3.5248529205e+03
9.3608199396e+06	8.8843339820e-01	3.5293572671e+03
9.3608199396e+06	8.8832796175e-01	3.5338901327e+03
9.3608199396e+06	8.8822210605e-01	3.5384495831e+03
9.3608199396e+06	8.8811582747e-01	3.5430338430e+03
9.3608199396e+06	8.8800912439e-01	3.5476411136e+03
9.3608199396e+06	8.8790199532e-01	3.5522696598e+03
9.3608199396e+06	8.8779443712e-01	3.5569179066e+03
9.3608199396e+06	8.8768644648e-01	3.5615844071e+03
9.3608199396e+06	8.8757802258e-01	3.5662677799e+03
9.3608199396e+06	8.8746916190e-01	3.5709670074e+03
9.3608199396e+06	8.8735986066e-01	3.5756814295e+03
9.3608199396e+06	8.8725010307e-01	3.5804107564e+03
9.3608199396e+06	8.8713984761e-01	3.5851554830e+03
9.3608199396e+06	8.8702908978e-01	3.5899168918e+03
9.3608199396e+06	8.8691781763e-01	3.5946973351e+03
9.3608199396e+06	8.8680602111e-01	3.5995005281e+03
9.3608199396e+06	8.8669369892e-01	3.6043316627e+03
9.3608199396e+06	8.8658083186e-01	3.6091978027e+03
9.3608199396e+06	8.8646741479e-01	3.6141079477e+03
9.3608199396e+06	8.8635343189e-01	3.6190732006e+03
9.3608199396e+06	8.8623886543e-01	3.6241068222e+03
9.3608199396e+06	8.8612369847e-01	3.6292239315e+03
9.3608199396e+06	8.8600790833e-01	3.6344412666e+03
9.3608199396e+06	8.8589149899e-01	3.6397764658e+03
9.3608199396e+06	8.8577451412e-01	3.6452475131e+03
9.3608199396e+06	8.8565696547e-01	3.6508716766e+03
9.3608199396e+06	8.8553885600e-01	3.6566649536e+03
9.3608199396e+06	8.8542018653e-01	3.6626408193e+03
9.3608199396e+06	8.8530095101e-01	3.6688092177e+03
9.3608199396e+06	8.8518113108e-01	3.6751762360e+03
9.3608199396e+06	8.8506073804e-01	3.6817434212e+03
9.3608199396e+06	8.8493975679e-01	3.6885078370e+03
9.3608199396e+06	8.8481817253e-01	3.6954620502e+03
9.3608199396e+06	8.8469595065e-01	3.7025951318e+03
9.3608199396e+06	8.8457302424e-01	3.7098932247e+03
9.3608199396e+06	8.8444948310e-01	3.7173401213e+03
9.3608199396e+06	8.8432541178e-01	3.7249187570e+03
9.3608199396e+06	8.8420080743e-01	3.7326118782e+03
9.3608199396e+06	8.8407567008e-01	3.7404025325e+03
9.3608199396e+06	8.8394999649e-01	3.7482750106e+03
9.3608199396e+06	8.8382378417e-01	3.7562149642e+03
9.3608199396e+06	8.8369703039e-01	3.7642097302e+03
9.3608199396e+06	8.8356973412e-01	3.7722482294e+03
9.3608199396e+06	8.8344189259e-01	3.7803210500e+03
9.3608199396e+06	8.8331350135e-01	3.7884204274e+03
9.3608199396e+06	8.8318455514e-01	3.7965399404e+03
9.3608199396e+06	8.8305504922e-01	3.8046744027e+03
9.3608199396e+06	8.8292497984e-01	3.8128196262e+03
9.3608199396e+06	8.8279434346e-01	3.8210640480e+03
9.3608199396e+06	8.8266313641e-01	3.8293146284e+03
9.3608199396e+06	8.8253135419e-01	3.8375679404e+03
9.3608199396e+06	8.8239899339e-01	3.8458221247e+03
9.3608199396e+06	8.8226605120e-01	3.8540755716e+03
9.3608199396e+06	8.8213252284e-01	3.8623269971e+03
9.3608199396e+06	8.8199840429e-01	3.8705751996e+03
9.3608199396e+06	8.8186369098e-01	3.8788190977e+03
9.3608199396e+06	8.8172837998e-01	3.8870575758e+03
9.3608199396e+06	8.8159246659e-01	3.8952898953e+03
9.3608199396e+06	8.8145594556e-01	3.9035180564e+03
9.3608199396e+06	8.8131880714e-01	3.9117737467e+03
9.3608199396e+06	8.8118097660e-01	3.9204129630e+03
9.3608199396e+06	8.8106658793e-01	3.9332360636e+03
9.3608199396e+06	8.8105700442e-01	3.9411750030e+03
9.3608199396e+06	8.8104788283e-01	3.9501000904e+03
9.3608199396e+06	8.8103878099e-01	3.9611571699e+03
9.3608199396e+06	8.8102979278e-01	3.9722865987e+03
9.3608199396e+06	8.8102093538e-01	3.9813618800e+03
9.3608199396e+06	8.8101227797e-01	3.9871177267e+03
9.3608199396e+06	8.8100375448e-01	3.9906499978e+03
9.3608199396e+06	8.8099527812e-01	3.9931887579e+03
9.3608199396e+06	8.8098683471e-01	3.9952714275e+03
9.3608199396e+06	8.8097843675e-01	3.9970840300e+03
9.3608199396e+06	8.8097006645e-01	3.9987582384e+03
9.3608199396e+06	8.8096169562e-01	4.0003945884e+03
9.3608199396e+06	8.8095338338e-01	4.0019223309e+03
9.3608199396e+06	8.8094514931e-01	4.0033431017e+03
9.3608199396e+06	8.8093701704e-01	4.0046726268e+03
9.3608199396e+06	8.8092917524e-01	4.0056799742e+03
9.3608199396e+06	8.8092192048e-01	4.0060580252e+03
9.3608199396e+06	8.8091604361e-01	4.0049855468e+03
9.3608199396e+06	8.8091343694e-01	4.0019799360e+03
9.3608199396e+06	8.8091395264e-01	3.9963040085e+03
9.3608199396e+06	8.8091890632e-01	3.9865386552e+03
9.3608199396e+06	8.8093008513e-01	3.9703673058e+03
9.3608199396e+06	8.8095094683e-01	3.9440642088e+03
9.3608199396e+06	8.8098701557e-01	3.9019023232e+03
9.3608199396e+06	8.8104626987e-01	3.8352160219e+03
9.3546290765e+06	8.8113006997e-01	3.7341730635e+03
9.3546290765e+06	8.8215273982e-01	3.7355886475e+03
9.3546290765e+06	8.8205904308e-01	3.7355615488e+03
9.3546290765e+06	8.8196415290e-01	3.7353336257e+03
9.3546290765e+06	8.8186864521e-01	3.7362759719e+03
9.3546290765e+06	8.8177264207e-01	3.7385064838e+03
9.3546290765e+06	8.8167617064e-01	3.7415724167e+03
9.3546290765e+06	8.8157923973e-01	3.7451480458e+03
9.3546290765e+06	8.8148184536e-01	3.7490449706e+03
9.3546290765e+06	8.8138397953e-01	3.7531557322e+03
9.3546290765e+06	8.8128562299e-01	3.7574173333e+03
9.3546290765e+06	8.8118673636e-01	3.7617914095e+03
9.3546290765e+06	8.8108721884e-01	3.7662536277e+03
9.3546290765e+06	8.8098725510e-01	3.7707877715e+03
9.3546290765e+06	8.8088690201e-01	3.7753826863e+03
9.3546290765e+06	8.8078615765e-01	3.7800304518e+03
9.3546290765e+06	8.8068502168e-01	3.7847250561e+03
9.3546290765e+06	8.8058349244e-01	3.7894619026e+03
9.3546290765e+06	8.8048156730e-01	3.7942372246e+03
9.3546290765e+06	8.8037924595e-01	3.7990477636e+03
9.3546290765e+06	8.8027652313e-01	3.8038908505e+03
9.3546290765e+06	8.8017339558e-01	3.8087639979e+03
9.3546290765e+06	8.8006986194e-01	3.8136649488e+03
9.3546290765e+06	8.7996591815e-01	3.8185916965e+03
9.3546290765e+06	8.7986156359e-01	3.8235919511e+03
9.3546290765e+06	8.7975679422e-01	3.8286213265e+03
9.3546290765e+06	8.7965160836e-01	3.8336715662e+03
9.3546290765e+06	8.7954600436e-01	3.8387413186e+03
9.3546290765e+06	8.7943997871e-01	3.8438296665e+03
9.3546290765e+06	8.7933352749e-01	3.8489361803e+03
9.3546290765e+06	8.7922665018e-01	3.8540608876e+03
9.3546290765e+06	8.7911934155e-01	3.8592048619e+03
9.3546290765e+06	8.7901160036e-01	3.8643700269e+03
9.3546290765e+06	8.7890342211e-01	3.8695597561e+03
9.3546290765e+06	8.7879480303e-01	3.8747789694e+03
9.3546290765e+06	8.7868573792e-01	3.8800344922e+03
9.3546290765e+06	8.7857622467e-01	3.8853350744e+03
9.3546290765e+06	8.7846625635e-01	3.8906919257e+03
9.3546290765e+06	8.7835582923e-01	3.8961183979e+03
9.3546290765e+06	8.7824493760e-01	3.9016301341e+03
9.3546290765e+06	8.7813357779e-01	3.9072445812e+03
9.3546290765e+06	8.7802174540e-01	3.9129806646e+03
9.3546290765e+06	8.7790943336e-01	3.9188581883e+03
9.3546290765e+06	8.7779663803e-01	3.9248966849e+03
9.3546290765e+06	8.7768335805e-01	3.9311144493e+03
9.3546290765e+06	8.7756958845e-01	3.9375278097e+03
9.3546290765e+06	8.7745532539e-01	3.9441498614e+03
9.3546290765e+06	8.7734056910e-01	3.9509894179e+03
9.3546290765e+06	8.7722531663e-01	3.9580508045e+03
9.3546290765e+06	8.7710956654e-01	3.9653333000e+03
9.3546290765e+06	8.7699331752e-01	3.9728312944e+03
9.3546290765e+06	8.7687656826e-01	3.9805347788e+03
9.3546290765e+06	8.7675931639e-01	3.9884301220e+03
9.3546290765e+06	8.7664156148e-01	3.9965007986e+03
9.3546290765e+06	8.7652330284e-01	4.0047286076e+03
9.3546290765e+06	8.7640453756e-01	4.0130947424e+03
9.3546290765e+06	8.7628526352e-01	4.0215804915e+03
9.3546290765e+06	8.7616547750e-01	4.0301680477e+03
9.3546290765e+06	8.7604517736e-01	4.0388408813e+03
9.3546290765e+06	8.7592436226e-01	4.0475840312e+03
9.3546290765e+06	8.7580302792e-01	4.0563845988e+03
9.3546290765e+06	8.7568117129e-01	4.0652314289e+03
9.3546290765e+06	8.7555878920e-01	4.0741151235e+03
9.3546290765e+06	8.7543587837e-01	4.0830278912e+03
9.3546290765e+06	8.7531243544e-01	4.0919633597e+03
9.3546290765e+06	8.7518845622e-01	4.1009164242e+03
9.3546290765e+06	8.7506393864e-01	4.1098828320e+03
9.3546290765e+06	8.7493887759e-01	4.1188593573e+03
9.3546290765e+06	8.7481327007e-01	4.1278432667e+03
9.3546290765e+06	8.7468711240e-01	4.1368323736e+03
9.3546290765e+06	8.7456040139e-01	4.1458248153e+03
9.3546290765e+06	8.7443313200e-01	4.1548191249e+03
9.3546290765e+06	8.7430530153e-01	4.1638138440e+03
9.3546290765e+06	8.7417690541e-01	4.1728077597e+03
9.3546290765e+06	8.7404793955e-01	4.1817997106e+03
9.3546290765e+06	8.7391839996e-01	4.1907888404e+03
9.3546290765e+06	8.7378828160e-01	4.1997772544e+03
9.3546290765e+06	8.7365757444e-01	4.2087985773e+03
9.3546290765e+06	8.7352620131e-01	4.2182310721e+03
9.3546290765e+06	8.7341537736e-01	4.2321222549e+03
9.3546290765e+06	8.7340585851e-01	4.2411367866e+03
9.3546290765e+06	8.7339693648e-01	4.2510025763e+03
9.3546290765e+06	8.7338803335e-01	4.2632774220e+03
9.3546290765e+06	8.7337925264e-01	4.2756954501e+03
9.3546290765e+06	8.7337061201e-01	4.2859297119e+03
9.3546290765e+06	8.7336219271e-01	4.2924225513e+03
9.3546290765e+06	8.7335392162e-01	4.2963868160e+03
9.3546290765e+06	8.7334569519e-01	4.2992265326e+03
9.3546290765e+06	8.7333750278e-01	4.3015460889e+03
9.3546290765e+06	8.7332935975e-01	4.3035633307e+03
9.3546290765e+06	8.7332124465e-01	4.3054308522e+03
9.3546290765e+06	8.7331313327e-01	4.3072503736e+03
9.3546290765e+06	8.7330508616e-01	4.3089480250e+03
9.3546290765e+06	8.7329712201e-01	4.3105295425e+03
9.3546290765e+06	8.7328927295e-01	4.3119967936e+03
9.3546290765e+06	8.7328174911e-01	4.3130901586e+03
9.3546290765e+06	8.7327488805e-01	4.3134465295e+03
9.3546290765e+06	8.7326958668e-01	4.3120872067e+03
9.3546290765e+06	8.7326770524e-01	4.3084759230e+03
9.3546290765e+06	8.7326923175e-01	4.3017382218e+03
9.3546290765e+06	8.7327568703e-01	4.2902107774e+03
9.3546290765e+06	8.7328911525e-01	4.2712589100e+03
9.3546290765e+06	8.7331348277e-01	4.2407609956e+03
9.3546290765e+06	8.7335501360e-01	4.1920260366e+03
9.3546290765e+06	8.7342286510e-01	4.1152276901e+03
9.3546290765e+06	8.7353159491e-01	3.9957807495e+03
9.3546290765e+06	8.7367324277e-01	3.8450620316e+03
9.3546290765e+06	8.7378901768e-01	3.7023408262e+03
9.3546290765e+06	8.7388408879e-01	3.5658010008e+03
9.3546290765e+06	8.7368564610e-01	3.4590783996e+03
9.3546290765e+06	8.7360793977e-01	3.4612898616e+03
9.3546290765e+06	8.7352742919e-01	3.4641106370e+03
9.3546290765e+06	8.7344536940e-01	3.4673598053e+03
9.3546290765e+06	8.7336197776e-01	3.4708919877e+03
9.3546290765e+06	8.7327749444e-01	3.4746246829e+03
9.3546290765e+06	8.7319179270e-01	3.4785114483e+03
9.3546290765e+06	8.7310448463e-01	3.4825236626e+03
9.3546290765e+06	8.7301453916e-01	3.4866423902e+03
9.3546290765e+06	8.7292296240e-01	3.4908528474e+03
9.3546290765e+06	8.7283092223e-01	3.4951435873e+03
9.3546290765e+06	8.7273682981e-01	3.4995070146e+03
9.3546290765e+06	8.7264080566e-01	3.5039361808e+03
9.3546290765e+06	8.7254201771e-01	3.5084258144e+03
9.3546290765e+06	8.7244250808e-01	3.5129699532e+03
9.3546290765e+06	8.7233896217e-01	3.5175663396e+03
9.3546290765e+06	8.7223291921e-01	3.5222104761e+03
9.3546290765e+06	8.7212645859e-01	3.5268979473e+03
9.3546290765e+06	8.7201957716e-01	3.5316259390e+03
9.3546290765e+06	8.7191227404e-01	3.5363917946e+03
9.3546290765e+06	8.7180454584e-01	3.5411931731e+03
9.3546290765e+06	8.7169639100e-01	3.5460278121e+03
9.3546290765e+06	8.7158780804e-01	3.5508935710e+03
9.3546290765e+06	8.7147879401e-01	3.5557884737e+03
9.3546290765e+06	8.7136934583e-01	3.5607106296e+03
9.3546290765e+06	8.7125946194e-01	3.5656581452e+03
9.3546290765e+06	8.7114914082e-01	3.5706291892e+03
9.3546290765e+06	8.7103837924e-01	3.5756220771e+03
9.3546290765e+06	8.7092717474e-01	3.5806351796e+03
9.3546290765e+06	8.7081552381e-01	3.5856670381e+03
9.3546290765e+06	8.7070342574e-01	3.5907162464e+03
9.3546290765e+06	8.7059087676e-01	3.5957817880e+03
9.3546290765e+06	8.7047787286e-01	3.6008630156e+03
9.3546290765e+06	8.7036438410e-01	3.6059596573e+03
9.3546290765e+06	8.7025035529e-01	3.6110723207e+03
9.3546290765e+06	8.7013577801e-01	3.6162022627e+03
9.3546290765e+06	8.7002064084e-01	3.6213520049e+03
9.3546290765e+06	8.6990493295e-01	3.6265254384e+03
9.3546290765e+06	8.6978863678e-01	3.6317279309e+03
9.3546290765e+06	8.6967172933e-01	3.6369668893e+03
9.3546290765e+06	8.6955419246e-01	3.6422517437e+03
9.3546290765e+06	8.6943600028e-01	3.6475940981e+03
9.3546290765e+06	8.6931713405e-01	3.6530077143e+03
9.3546290765e+06	8.6919765158e-01	3.6585083411e+03
9.3546290765e+06	8.6907758198e-01	3.6641131423e+03
9.3546290765e+06	8.6895692975e-01	3.6698404710e+03
9.3546290765e+06	8.6883569536e-01	3.6757088495e+03
9.3546290765e+06	8.6871387094e-01	3.6817360929e+03
9.3546290765e+06	8.6859142884e-01	3.6879384324e+03
9.3546290765e+06	8.6846838351e-01	3.6943289856e+03
9.3546290765e+06	8.6834471570e-01	3.7009174946e+03
9.3546290765e+06	8.6822039973e-01	3.7077092933e+03
9.3546290765e+06	8.6809537893e-01	3.7147049414e+03
9.3546290765e+06	8.6796959153e-01	3.7219004084e+03
9.3546290765e+06	8.6784322504e-01	3.7292871899e+03
9.3546290765e+06	8.6771631618e-01	3.7368528841e+03
9.3546290765e+06	8.6758886400e-01	3.7445824313e+03
9.3546290765e+06	8.6746086616e-01	3.7524589734e+03
9.3546290765e+06	8.6733231984e-01	3.7604648287e+03
9.3546290765e+06	8.6720322565e-01	3.7685821010e+03
9.3546290765e+06	8.6707358169e-01	3.7767938186e+03
9.3546290765e+06	8.6694338560e-01	3.7850842050e+03
9.3546290765e+06	8.6681263421e-01	3.7934390743e+03
9.3546290765e+06	8.6668132315e-01	3.8018460611e+03
9.3546290765e+06	8.6654944853e-01	3.8102944027e+03
9.3546290765e+06	8.6641700528e-01	3.8187752764e+03
9.3546290765e+06	8.6628398958e-01	3.8272855798e+03
9.3546290765e+06	8.6615039653e-01	3.8359083021e+03
9.3546290765e+06	8.6601622436e-01	3.8445458091e+03
9.3546290765e+06	8.6588147007e-01	3.8531941693e+03
9.3546290765e+06	8.6574612777e-01	3.8618504592e+03
9.3546290765e+06	8.6561019512e-01	3.8705121534e+03
9.3546290765e+06	8.6547366654e-01	3.8791774114e+03
9.3546290765e+06	8.6533653878e-01	3.8878445956e+03
9.3546290765e+06	8.6519880847e-01	3.8965123246e+03
9.3546290765e+06	8.6506047075e-01	3.9051794766e+03
9.3546290765e+06	8.6492152144e-01	3.9138449893e+03
9.3546290765e+06	8.6478195636e-01	3.9225078619e+03
9.3546290765e+06	8.6464177063e-01	3.9311671805e+03
9.3546290765e+06	8.6450096056e-01	3.9398222037e+03
9.3546290765e+06	8.6435952174e-01	3.9484748813e+03
9.3546290765e+06	8.6421744215e-01	3.9571565371e+03
9.3546290765e+06	8.6407464169e-01	3.9662177451e+03
9.3546290765e+06	8.6395214059e-01	3.9794051476e+03
9.3546290765e+06	8.6394165269e-01	3.9883774291e+03
9.3546290765e+06	8.6393196448e-01	3.9977485017e+03
9.3546290765e+06	8.6392231161e-01	4.0091226616e+03
9.3546290765e+06	8.6391279011e-01	4.0202999445e+03
9.3546290765e+06	8.6390341694e-01	4.0291904146e+03
9.3546290765e+06	8.6389425908e-01	4.0347966578e+03
9.3546290765e+06	8.6388524314e-01	4.0383037565e+03
9.3546290765e+06	8.6387626131e-01	4.0409153512e+03
9.3546290765e+06	8.6386731505e-01	4.0430932267e+03
9.3546290765e+06	8.6385842140e-01	4.0450095990e+03
9.3546290765e+06	8.6384955163e-01	4.0468023136e+03
9.3546290765e+06	8.6384068652e-01	4.0485481214e+03
9.3546290765e+06	8.6383189327e-01	4.0501799997e+03
9.3546290765e+06	8.6382319030e-01	4.0517078405e+03
9.3546290765e+06	8.6381463151e-01	4.0531116735e+03
9.3546290765e+06	8.6380644712e-01	4.0541406822e+03
9.3546290765e+06	8.6379903677e-01	4.0544207853e+03
9.3546290765e+06	8.6379345650e-01	4.0529361824e+03
9.3546290765e+06	8.6379175725e-01	4.0491713498e+03
9.3546290765e+06	8.6379403741e-01	4.0422227051e+03
9.3546290765e+06	8.6380197064e-01	4.0303849796e+03
9.3546290765e+06	8.6381801115e-01	4.0108938169e+03
9.3525110700e+06	8.6384677983e-01	3.9801898900e+03
9.3525110700e+06	8.6633322992e-01	3.9810707466e+03
9.3525110700e+06	8.6623860870e-01	3.9836616164e+03
9.3525110700e+06	8.6614357754e-01	3.9869363430e+03
9.3525110700e+06	8.6604815854e-01	3.9906049898e+03
9.3525110700e+06	8.6595235961e-01	3.9945464132e+03
9.3525110700e+06	8.6585618419e-01	3.9986953055e+03
9.3525110700e+06	8.6575963353e-01	4.0030114250e+03
9.3525110700e+06	8.6566270800e-01	4.0074675971e+03
9.3525110700e+06	8.6556540655e-01	4.0120443086e+03
9.3525110700e+06	8.6546772848e-01	4.0167268436e+03
9.3525110700e+06	8.6536967228e-01	4.0215037602e+03
9.3525110700e+06	8.6527123693e-01	4.0263658691e+03
9.3525110700e+06	8.6517242094e-01	4.0313056633e+03
9.3525110700e+06	8.6507322180e-01	4.0363169267e+03
9.3525110700e+06	8.6497363763e-01	4.0413943580e+03
9.3525110700e+06	8.6487366719e-01	4.0465333570e+03
9.3525110700e+06	8.6477330817e-01	4.0517299523e+03
9.3525110700e+06	8.6467255896e-01	4.0569805875e+03
9.3525110700e+06	8.6457141643e-01	4.0622821480e+03
9.3525110700e+06	8.6446987952e-01	4.0676316921e+03
9.3525110700e+06	8.6436794486e-01	4.0730266257e+03
9.3525110700e+06	8.6426561148e-01	4.0784644032e+03
9.3525110700e+06	8.6416287649e-01	4.0839427170e+03
9.3525110700e+06	8.6405973689e-01	4.0894593738e+03
9.3525110700e+06	8.6395619181e-01	4.0950121516e+03
9.3525110700e+06	8.6385223818e-01	4.1005990181e+03
9.3525110700e+06	8.6374787285e-01	4.1062180190e+03
9.3525110700e+06	8.6364309417e-01	4.1118671972e+03
9.3525110700e+06	8.6353789946e-01	4.1175447453e+03
9.3525110700e+06	8.6343228591e-01	4.1232490080e+03
9.3525110700e+06	8.6332625184e-01	4.1289784985e+03
9.3525110700e+06	8.6321979268e-01	4.1347321942e+03
9.3525110700e+06	8.6311290658e-01	4.1405093639e+03
9.3525110700e+06	8.6300558968e-01	4.1463099777e+03
9.3525110700e+06	8.6289784164e-01	4.1521346213e+03
9.3525110700e+06	8.6278965630e-01	4.1579852489e+03
9.3525110700e+06	8.6268103141e-01	4.1638649151e+03
9.3525110700e+06	8.6257196246e-01	4.1697784172e+03
9.3525110700e+06	8.6246244624e-01	4.1757324064e+03
9.3525110700e+06	8.6235247959e-01	4.1817357385e+03
9.3525110700e+06	8.6224205658e-01	4.1877998808e+03
9.3525110700e+06	8.6213117272e-01	4.1939387818e+03
9.3525110700e+06	8.6201982145e-01	4.2001690086e+03
9.3525110700e+06	8.6190799995e-01	4.2065092234e+03
9.3525110700e+06	8.6179570611e-01	4.2129798928e+03
9.3525110700e+06	8.6168293245e-01	4.2196029090e+03
9.3525110700e+06	8.6156967681e-01	4.2264000037e+03
9.3525110700e+06	8.6145593154e-01	4.2333923934e+03
9.3525110700e+06	8.6134169715e-01	4.2405988066e+03
9.3525110700e+06	8.6122697135e-01	4.2480348264e+03
9.3525110700e+06	8.6111174773e-01	4.2557118902e+03
9.3525110700e+06	8.6099602528e-01	4.2636359793e+03
9.3525110700e+06	8.6087980126e-01	4.2718077805e+03
9.3525110700e+06	8.6076307339e-01	4.2802224672e+03
9.3525110700e+06	8.6064584219e-01	4.2888872861e+03
9.3525110700e+06	8.6052810614e-01	4.2978554474e+03
9.3525110700e+06	8.6040986386e-01	4.3070265512e+03
9.3525110700e+06	8.6029111381e-01	4.3163803491e+03
9.3525110700e+06	8.6017185318e-01	4.3258957216e+03
9.3525110700e+06	8.6005208101e-01	4.3355513738e+03
9.3525110700e+06	8.5993179605e-01	4.3453268768e+03
9.3525110700e+06	8.5981099482e-01	4.3552034302e+03
9.3525110700e+06	8.5968967463e-01	4.3651640411e+03
9.3525110700e+06	8.5956783263e-01	4.3751937961e+03
9.3525110700e+06	8.5944546579e-01	4.3852798972e+03
9.3525110700e+06	8.5932257092e-01	4.3954115780e+03
9.3525110700e+06	8.5919914476e-01	4.4055799353e+03
9.3525110700e+06	8.5907518391e-01	4.4157777159e+03
9.3525110700e+06	8.5895068488e-01	4.4259990789e+03
9.3525110700e+06	8.5882564413e-01	4.4362393582e+03
9.3525110700e+06	8.5870005804e-01	4.4464948385e+03
9.3525110700e+06	8.5857392294e-01	4.4567625530e+03
9.3525110700e+06	8.5844723509e-01	4.4670401071e+03
9.3525110700e+06	8.5831999078e-01	4.4773255241e+03
9.3525110700e+06	8.5819218617e-01	4.4876171323e+03
9.3525110700e+06	8.5806381744e-01	4.4979134616e+03
9.3525110700e+06	8.5793488009e-01	4.5082132201e+03
9.3525110700e+06	8.5780537084e-01	4.5185151211e+03
9.3525110700e+06	8.5767528567e-01	4.5288182945e+03
9.3525110700e+06	8.5754461983e-01	4.5391255146e+03
9.3525110700e+06	8.5741336174e-01	4.5494791064e+03
9.3525110700e+06	8.5728142091e-01	4.5603529473e+03
9.3525110700e+06	8.5717432803e-01	4.5768058149e+03
9.3525110700e+06	8.5716469196e-01	4.5863423044e+03
9.3525110700e+06	8.5715541537e-01	4.5977713355e+03
9.3525110700e+06	8.5714616028e-01	4.6118216232e+03
9.3525110700e+06	8.5713703254e-01	4.6258339229e+03
9.3525110700e+06	8.5712806369e-01	4.6370618974e+03
9.3525110700e+06	8.5711933819e-01	4.6441343221e+03
9.3525110700e+06	8.5711077487e-01	4.6484988996e+03
9.3525110700e+06	8.5710225026e-01	4.6517022451e+03
9.3525110700e+06	8.5709376982e-01	4.6543392061e+03
9.3525110700e+06	8.5708534674e-01	4.6566486204e+03
9.3525110700e+06	8.5707694353e-01	4.6588117175e+03
9.3525110700e+06	8.5706854876e-01	4.6609057373e+03
9.3525110700e+06	8.5706023298e-01	4.6628590335e+03
9.3525110700e+06	8.5705201048e-01	4.6646898951e+03
9.3525110700e+06	8.5704395229e-01	4.6663464483e+03
9.3525110700e+06	8.5703632054e-01	4.6675192750e+03
9.3525110700e+06	8.5702958552e-01	4.6677091271e+03
9.3525110700e+06	8.5702497780e-01	4.6655619477e+03
9.3525110700e+06	8.5702447534e-01	4.6604591735e+03
9.3525110700e+06	8.5702844787e-01	4.6511954383e+03
9.3525110700e+06	8.5703876907e-01	4.6355356289e+03
9.3525110700e+06	8.5705844617e-01	4.6098736069e+03
9.3525110700e+06	8.5709272941e-01	4.5686322617e+03
9.3525110700e+06	8.5714993860e-01	4.5030740890e+03
9.3525110700e+06	8.5724256786e-01	4.4005010010e+03
9.3525110700e+06	8.5739045674e-01	4.2433561080e+03
9.3525110700e+06	8.5755165557e-01	4.0802552840e+03
9.3525110700e+06	8.5771039350e-01	3.9254905434e+03
9.3525110700e+06	8.5786116276e-01	3.7786021114e+03
9.3324412165e+06	8.5796995191e-01	3.6473849360e+03
9.3324412165e+06	8.5435929308e-01	3.6473633649e+03
9.3324412165e+06	8.5425527160e-01	3.6474247330e+03
9.3324412165e+06	8.5414992252e-01	3.6474830147e+03
9.3324412165e+06	8.5404370047e-01	3.6473675135e+03
9.3324412165e+06	8.5393680116e-01	3.6469354954e+03
9.3324412165e+06	8.5382931781e-01	3.6468664957e+03
9.3324412165e+06	8.5372130260e-01	3.6477278888e+03
9.3324412165e+06	8.5361278581e-01	3.6496032365e+03
9.3324412165e+06	8.5350378661e-01	3.6523476199e+03
9.3324412165e+06	8.5339428009e-01	3.6557732386e+03
9.3324412165e+06	8.5328417765e-01	3.6597150383e+03
9.3324412165e+06	8.5317346669e-01	3.6640438391e+03
9.3324412165e+06	8.5306213150e-01	3.6686628733e+03
9.3324412165e+06	8.5295014567e-01	3.6735010637e+03
9.3324412165e+06	8.5283747443e-01	3.6785064077e+03
9.3324412165e+06	8.5272408858e-01	3.6836411912e+03
9.3324412165e+06	8.5261005843e-01	3.6888782673e+03
9.3324412165e+06	8.5249545924e-01	3.6941987932e+03
9.3324412165e+06	8.5238030140e-01	3.6995903045e+03
9.3324412165e+06	8.5226458701e-01	3.7050456827e+03
9.3324412165e+06	8.5214830978e-01	3.7105623571e+03
9.3324412165e+06	8.5203145287e-01	3.7161420608e+03
9.3324412165e+06	8.5191399713e-01	3.7217900457e+03
9.3324412165e+06	8.5179591259e-01	3.7275153108e+03
9.3324412165e+06	8.5167714682e-01	3.7333297132e+03
9.3324412165e+06	8.5155759007e-01	3.7392478285e+03
9.3324412165e+06	8.5143742017e-01	3.7452863226e+03
9.3324412165e+06	8.5131673700e-01	3.7514629711e+03
9.3324412165e+06	8.5119553845e-01	3.7577957511e+03
9.3324412165e+06	8.5107381984e-01	3.7643020002e+03
9.3324412165e+06	8.5095157944e-01	3.7709969222e+03
9.3324412165e+06	8.5082881321e-01	3.7778927894e+03
9.3324412165e+06	8.5070552000e-01	3.7849977801e+03
9.3324412165e+06	8.5058169931e-01	3.7923154083e+03
9.3324412165e+06	8.5045734779e-01	3.7998443170e+03
9.3324412165e+06	8.5033246720e-01	3.8075780772e+03
9.3324412165e+06	8.5020705413e-01	3.8155061457e+03
9.3324412165e+06	8.5008110359e-01	3.8236145078e+03
9.3324412165e+06	8.4995461613e-01	3.8318863609e+03
9.3324412165e+06	8.4982758699e-01	3.8403037538e+03
9.3324412165e+06	8.4970001753e-01	3.8488959677e+03
9.3324412165e+06	8.4957190419e-01	3.8576474159e+03
9.3324412165e+06	8.4944324335e-01	3.8664914920e+03
9.3324412165e+06	8.4931403452e-01	3.8754121590e+03
9.3324412165e+06	8.4918427368e-01	3.8843954342e+03
9.3324412165e+06	8.4905395771e-01	3.8934291789e+03
9.3324412165e+06	8.4892308331e-01	3.9025031474e+03
9.3324412165e+06	8.4879164607e-01	3.9116089309e+03
9.3324412165e+06	8.4865964324e-01	3.9207395854e+03
9.3324412165e+06	8.4852707246e-01	3.9298895099e+03
9.3324412165e+06	8.4839392884e-01	3.9390544271e+03
9.3324412165e+06	8.4826020856e-01	3.9482309229e+03
9.3324412165e+06	8.4812590773e-01	3.9574163290e+03
9.3324412165e+06	8.4799102159e-01	3.9666086050e+03
9.3324412165e+06	8.4785554774e-01	3.9758059718e+03
9.3324412165e+06	8.4771948062e-01	3.9850071660e+03
9.3324412165e+06	8.4758281692e-01	3.9942109751e+03
9.3324412165e+06	8.4744555323e-01	4.0034163211e+03
9.3324412165e+06	8.4730768380e-01	4.0126223535e+03
9.3324412165e+06	8.4716920615e-01	4.0218280395e+03
9.3324412165e+06	8.4703011456e-01	4.0310326078e+03
9.3324412165e+06	8.4689040589e-01	4.0402355866e+03
9.3324412165e+06	8.4675007384e-01	4.0494419978e+03
9.3324412165e+06	8.4660909918e-01	4.0587155059e+03
9.3324412165e+06	8.4646732359e-01	4.0687581621e+03
9.3324412165e+06	8.4637564978e-01	4.0868306197e+03
9.3324412165e+06	8.4636576377e-01	4.0958837367e+03
9.3324412165e+06	8.4635588134e-01	4.1073262241e+03
9.3324412165e+06	8.4634613578e-01	4.1191158825e+03
9.3324412165e+06	8.4633651014e-01	4.1291622055e+03
9.3324412165e+06	8.4632712588e-01	4.1357702082e+03
9.3324412165e+06	8.4631792067e-01	4.1398796621e+03
9.3324412165e+06	8.4630878973e-01	4.1428070973e+03
9.3324412165e+06	8.4629967795e-01	4.1452466873e+03
9.3324412165e+06	8.4629062932e-01	4.1473715354e+03
9.3324412165e+06	8.4628163070e-01	4.1493168939e+03
9.3324412165e+06	8.4627260554e-01	4.1512416248e+03
9.3324412165e+06	8.4626365875e-01	4.1530433924e+03
9.3324412165e+06	8.4625482123e-01	4.1547158335e+03
9.3324412165e+06	8.4624608731e-01	4.1563093062e+03
9.3324412165e+06	8.4623772483e-01	4.1575539031e+03
9.3324412165e+06	8.4623010992e-01	4.1581161170e+03
9.3324412165e+06	8.4622425164e-01	4.1571042307e+03
9.3324412165e+06	8.4622226840e-01	4.1539598208e+03
9.3324412165e+06	8.4622412252e-01	4.1479161718e+03
9.3324412165e+06	8.4623145924e-01	4.1374525297e+03
9.3324412165e+06	8.4624668993e-01	4.1200768218e+03
9.3324412165e+06	8.4627423031e-01	4.0918031222e+03
9.3324412165e+06	8.4632123069e-01	4.0464601879e+03
9.3324412165e+06	8.4639855803e-01	3.9747752190e+03
9.3324412165e+06	8.4652293573e-01	3.8628204766e+03
9.3324412165e+06	8.4665781277e-01	3.7206827301e+03
9.3324412165e+06	8.4676870179e-01	3.5847620187e+03
9.3324412165e+06	8.4657257962e-01	3.4836105123e+03
9.3324412165e+06	8.4649057585e-01	3.4862864928e+03
9.3324412165e+06	8.4640452909e-01	3.4896248955e+03
9.3324412165e+06	8.4631623547e-01	3.4934092455e+03
9.3324412165e+06	8.4622589798e-01	3.4974816234e+03
9.3324412165e+06	8.4613486641e-01	3.5017564119e+03
9.3324412165e+06	8.4604180379e-01	3.5061875767e+03
9.3324412165e+06	8.4594819839e-01	3.5107453445e+03
9.3324412165e+06	8.4585015731e-01	3.5154125054e+03
9.3324412165e+06	8.4575155776e-01	3.5201724820e+03
9.3324412165e+06	8.4565065202e-01	3.5250154585e+03
9.3324412165e+06	8.4554914141e-01	3.5299318676e+03
9.3324412165e+06	8.4544306101e-01	3.5349171176e+03
9.3324412165e+06	8.4533569357e-01	3.5399634809e+03
9.3324412165e+06	8.4522460216e-01	3.5450675625e+03
9.3324412165e+06	8.4511071672e-01	3.5502246210e+03
9.3324412165e+06	8.4499638419e-01	3.5554295947e+03
9.3324412165e+06	8.4488160243e-01	3.5606792609e+03
9.3324412165e+06	8.4476636926e-01	3.5659707294e+03
9.3324412165e+06	8.4465068240e-01	3.5713013718e+03
9.3324412165e+06	8.4453454031e-01	3.5766687311e+03
9.3324412165e+06	8.4441793904e-01	3.5820706206e+03
9.3324412165e+06	8.4430087781e-01	3.5875048328e+03
9.3324412165e+06	8.4418335233e-01	3.5929694204e+03
9.3324412165e+06	8.4406536211e-01	3.5984623380e+03
9.3324412165e+06	8.4394690264e-01	3.6039817930e+03
9.3324412165e+06	8.4382797225e-01	3.6095259239e+03
9.3324412165e+06	8.4370856833e-01	3.6150929854e+03
9.3324412165e+06	8.4358868815e-01	3.6206813280e+03
9.3324412165e+06	8.4346832792e-01	3.6262894825e+03
9.3324412165e+06	8.4334748605e-01	3.6319160615e+03
9.3324412165e+06	8.4322616111e-01	3.6375599379e+03
9.3324412165e+06	8.4310432101e-01	3.6432206062e+03
9.3324412165e+06	8.4298186382e-01	3.6488979707e+03
9.3324412165e+06	8.4285876298e-01	3.6545925803e+03
9.3324412165e+06	8.4273499570e-01	3.6603059417e+03
9.3324412165e+06	8.4261052271e-01	3.6660407852e+03
9.3324412165e+06	8.4248531664e-01	3.6718012138e+03
9.3324412165e+06	8.4235933308e-01	3.6775930644e+03
9.3324412165e+06	8.4223262786e-01	3.6834242240e+03
9.3324412165e+06	8.4210527687e-01	3.6893046926e+03
9.3324412165e+06	8.4197729122e-01	3.6952468746e+03
9.3324412165e+06	8.4184867515e-01	3.7012652332e+03
9.3324412165e+06	8.4171941469e-01	3.7073765786e+03
9.3324412165e+06	8.4158949480e-01	3.7135991077e+03
9.3324412165e+06	8.4145889297e-01	3.7199519720e+03
9.3324412165e+06	8.4132757768e-01	3.7264545971e+03
9.3324412165e+06	8.4119550599e-01	3.7331252429e+03
9.3324412165e+06	8.4106254552e-01	3.7399802866e+03
9.3324412165e+06	8.4092887268e-01	3.7470324283e+03
9.3324412165e+06	8.4079461987e-01	3.7542907824e+03
9.3324412165e+06	8.4065978643e-01	3.7617594844e+03
9.3324412165e+06	8.4052437392e-01	3.7694375122e+03
9.3324412165e+06	8.4038837918e-01	3.7773191538e+03
9.3324412165e+06	8.4025179976e-01	3.7853942047e+03
9.3324412165e+06	8.4011463881e-01	3.7936485992e+03
9.3324412165e+06	8.3997689319e-01	3.8020659665e+03
9.3324412165e+06	8.3983856164e-01	3.8106280930e+03
9.3324412165e+06	8.3969964405e-01	3.8193162783e+03
9.3324412165e+06	8.3956013385e-01	3.8281123352e+03
9.3324412165e+06	8.3942002607e-01	3.8369990773e+03
9.3324412165e+06	8.3927931669e-01	3.8459609674e+03
9.3324412165e+06	8.3913800474e-01	3.8550302205e+03
9.3324412165e+06	8.3899608586e-01	3.8642061049e+03
9.3324412165e+06	8.3885355535e-01	3.8734219599e+03
9.3324412165e+06	8.3871041055e-01	3.8826693201e+03
9.3324412165e+06	8.3856664860e-01	3.8919413387e+03
9.3324412165e+06	8.3842226440e-01	3.9012326902e+03
9.3324412165e+06	8.3827725380e-01	3.9105391398e+03
9.3324412165e+06	8.3813161257e-01	3.9198573921e+03
9.3324412165e+06	8.3798533645e-01	3.9291848914e+03
9.3324412165e+06	8.3783842108e-01	3.9385196498e+03
9.3324412165e+06	8.3769086208e-01	3.9478600956e+03
9.3324412165e+06	8.3754265413e-01	3.9572050066e+03
9.3324412165e+06	8.3739379363e-01	3.9665532466e+03
9.3324412165e+06	8.3724427689e-01	3.9759038073e+03
9.3324412165e+06	8.3709409750e-01	3.9852559110e+03
9.3324412165e+06	8.3694325206e-01	3.9946086196e+03
9.3324412165e+06	8.3679173572e-01	4.0039611052e+03
9.3324412165e+06	8.3663954442e-01	4.0133127391e+03
9.3324412165e+06	8.3648667190e-01	4.0226659202e+03
9.3324412165e+06	8.3633310481e-01	4.0320552454e+03
9.3324412165e+06	8.3617874780e-01	4.0418668350e+03
9.3324412165e+06	8.3604715469e-01	4.0562174821e+03
9.3324412165e+06	8.3603544075e-01	4.0658051370e+03
9.3324412165e+06	8.3602466374e-01	4.0758711672e+03
9.3324412165e+06	8.3601394564e-01	4.0877253061e+03
9.3324412165e+06	8.3600338157e-01	4.0989945595e+03
9.3324412165e+06	8.3599298326e-01	4.1076745712e+03
9.3324412165e+06	8.3598282422e-01	4.1131354058e+03
9.3324412165e+06	8.3597282044e-01	4.1166644962e+03
9.3324412165e+06	8.3596283309e-01	4.1194228854e+03
9.3324412165e+06	8.3595289452e-01	4.1217677500e+03
9.3324412165e+06	8.3594302102e-01	4.1238591739e+03
9.3324412165e+06	8.3593316329e-01	4.1258491426e+03
9.3324412165e+06	8.3592332681e-01	4.1277759642e+03
9.3324412165e+06	8.3591358607e-01	4.1295792034e+03
9.3324412165e+06	8.3590395092e-01	4.1312824341e+03
9.3324412165e+06	8.3589453305e-01	4.1328051797e+03
9.3324412165e+06	8.3588564918e-01	4.1338608299e+03
9.3324412165e+06	8.3587790884e-01	4.1339475608e+03
9.3324412165e+06	8.3587289328e-01	4.1317069270e+03
9.3324412165e+06	8.3587296523e-01	4.1265694467e+03
9.3324412165e+06	8.3587874794e-01	4.1173328442e+03
9.3324412165e+06	8.3589248874e-01	4.1017852701e+03
9.3324412165e+06	8.3591810997e-01	4.0763867183e+03
9.3324412165e+06	8.3596252168e-01	4.0354331949e+03
9.3324412165e+06	8.3603642526e-01	3.9704183303e+03
9.3272300542e+06	8.3615604678e-01	3.8707581937e+03
9.3272300542e+06	8.3780901493e-01	3.8727969344e+03
9.3272300542e+06	8.3770383040e-01	3.8725560183e+03
9.3272300542e+06	8.3759803442e-01	3.8731592529e+03
9.3272300542e+06	8.3749175838e-01	3.8757925700e+03
9.3272300542e+06	8.3738504075e-01	3.8796770197e+03
9.3272300542e+06	8.3727789641e-01	3.8842350325e+03
9.3272300542e+06	8.3717033175e-01	3.8891764126e+03
9.3272300542e+06	8.3706234922e-01	3.8943558203e+03
9.3272300542e+06	8.3695394963e-01	3.8996966573e+03
9.3272300542e+06	8.3684513130e-01	3.9051561797e+03
9.3272300542e+06	8.3673589331e-01	3.9107089971e+03
9.3272300542e+06	8.3662623390e-01	3.9163391639e+03
9.3272300542e+06	8.3651615104e-01	3.9220360602e+03
9.3272300542e+06	8.3640564263e-01	3.9277921969e+03
9.3272300542e+06	8.3629470631e-01	3.9336020047e+03
9.3272300542e+06	8.3618333990e-01	3.9394611095e+03
9.3272300542e+06	8.3607154167e-01	3.9453658954e+03
9.3272300542e+06	8.3595930847e-01	3.9513133434e+03
9.3272300542e+06	8.3584663699e-01	3.9573007978e+03
9.3272300542e+06	8.3573352549e-01	3.9633257656e+03
9.3272300542e+06	8.3561997141e-01	3.9693859731e+03
9.3272300542e+06	8.3550597217e-01	3.9754792802e+03
9.3272300542e+06	8.3539152513e-01	3.9816036585e+03
9.3272300542e+06	8.3527662764e-01	3.9877571879e+03
9.3272300542e+06	8.3516127804e-01	3.9939380167e+03
9.3272300542e+06	8.3504547147e-01	4.0001446219e+03
9.3272300542e+06	8.3492920619e-01	4.0063755359e+03
9.3272300542e+06	8.3481247922e-01	4.0126296669e+03
9.3272300542e+06	8.3469528874e-01	4.0189062946e+03
9.3272300542e+06	8.3457762920e-01	4.0252054935e+03
9.3272300542e+06	8.3445949970e-01	4.0315278855e+03
9.3272300542e+06	8.3434089545e-01	4.0378753440e+03
9.3272300542e+06	8.3422181259e-01	4.0442510037e+03
9.3272300542e+06	8.3410224698e-01	4.0506596399e+03
9.3272300542e+06	8.3398219412e-01	4.0571079841e+03
9.3272300542e+06	8.3386164915e-01	4.0636050162e+03
9.3272300542e+06	8.3374060686e-01	4.0701622027e+03
9.3272300542e+06	8.3361906173e-01	4.0767935971e+03
9.3272300542e+06	8.3349700508e-01	4.0835159828e+03
9.3272300542e+06	8.3337443516e-01	4.0903480688e+03
9.3272300542e+06	8.3325134419e-01	4.0973107178e+03
9.3272300542e+06	8.3312772781e-01	4.1044257126e+03
9.3272300542e+06	8.3300358074e-01	4.1117149412e+03
9.3272300542e+06	8.3287889771e-01	4.1191993077e+03
9.3272300542e+06	8.3275367443e-01	4.1268973607e+03
9.3272300542e+06	8.3262790987e-01	4.1348239189e+03
9.3272300542e+06	8.3250159953e-01	4.1429894282e+03
9.3272300542e+06	8.3237473985e-01	4.1513989310e+03
9.3272300542e+06	8.3224733198e-01	4.1600514437e+03
9.3272300542e+06	8.3211937318e-01	4.1689406365e+03
9.3272300542e+06	8.3199086094e-01	4.1780550988e+03
9.3272300542e+06	8.3186179648e-01	4.1873790080e+03
9.3272300542e+06	8.3173217677e-01	4.1968937890e+03
9.3272300542e+06	8.3160200021e-01	4.2065789277e+03
9.3272300542e+06	8.3147126417e-01	4.2164134117e+03
9.3272300542e+06	8.3133996976e-01	4.2263762956e+03
9.3272300542e+06	8.3120811341e-01	4.2364481834e+03
9.3272300542e+06	8.3107569573e-01	4.2466111080e+03
9.3272300542e+06	8.3094271464e-01	4.2568492483e+03
9.3272300542e+06	8.3080916666e-01	4.2671489544e+03
9.3272300542e+06	8.3067505197e-01	4.2774986359e+03
9.3272300542e+06	8.3054036295e-01	4.2878888823e+03
9.3272300542e+06	8.3040509246e-01	4.2983120024e+03
9.3272300542e+06	8.3026923631e-01	4.3087619422e+03
9.3272300542e+06	8.3013278954e-01	4.3192691060e+03
9.3272300542e+06	8.2999574992e-01	4.3298808635e+03
9.3272300542e+06	8.2985811342e-01	4.3405083632e+03
9.3272300542e+06	8.2971987510e-01	4.3511493242e+03
9.3272300542e+06	8.2958103155e-01	4.3618018429e+03
9.3272300542e+06	8.2944157972e-01	4.3724643256e+03
9.3272300542e+06	8.2930151440e-01	4.3831355694e+03
9.3272300542e+06	8.2916083055e-01	4.3938144933e+03
9.3272300542e+06	8.2901952466e-01	4.4044999748e+03
9.3272300542e+06	8.2887759238e-01	4.4151909936e+03
9.3272300542e+06	8.2873502929e-01	4.4258866689e+03
9.3272300542e+06	8.2859183127e-01	4.4365875865e+03
9.3272300542e+06	8.2844798854e-01	4.4473112051e+03
9.3272300542e+06	8.2830345420e-01	4.4582575229e+03
9.3272300542e+06	8.2815781192e-01	4.4716027890e+03
9.3272300542e+06	8.2812037966e-01	4.4894007997e+03
9.3272300542e+06	8.2810991385e-01	4.5010425164e+03
9.3272300542e+06	8.2809949604e-01	4.5149201733e+03
9.3272300542e+06	8.2808923798e-01	4.5282736288e+03
9.3272300542e+06	8.2807916243e-01	4.5386473309e+03
9.3272300542e+06	8.2806935402e-01	4.5451639426e+03
9.3272300542e+06	8.2805971982e-01	4.5493314029e+03
9.3272300542e+06	8.2805010283e-01	4.5525556875e+03
9.3272300542e+06	8.2804053991e-01	4.5552789293e+03
9.3272300542e+06	8.2803104752e-01	4.5577011344e+03
9.3272300542e+06	8.2802156491e-01	4.5600063772e+03
9.3272300542e+06	8.2801210389e-01	4.5622320339e+03
9.3272300542e+06	8.2800274696e-01	4.5643123853e+03
9.3272300542e+06	8.2799350186e-01	4.5662780483e+03
9.3272300542e+06	8.2798450237e-01	4.5680182968e+03
9.3272300542e+06	8.2797609669e-01	4.5691942125e+03
9.3272300542e+06	8.2796897832e-01	4.5691837241e+03
9.3272300542e+06	8.2796495781e-01	4.5663936206e+03
9.3272300542e+06	8.2796615454e-01	4.5601763503e+03
9.3272300542e+06	8.2797346336e-01	4.5490771472e+03
9.3272300542e+06	8.2798939398e-01	4.5304575500e+03
9.3272300542e+06	8.2801839317e-01	4.5000744027e+03
9.3272300542e+06	8.2806794872e-01	4.4513235821e+03
9.3272300542e+06	8.2814981980e-01	4.3742610140e+03
9.3272300542e+06	8.2828174171e-01	4.2551580894e+03
9.3272300542e+06	8.2846969500e-01	4.0926349915e+03
9.3272300542e+06	8.2865492070e-01	3.9385147226e+03
9.3272300542e+06	8.2882666527e-01	3.7925708195e+03
9.3272300542e+06	8.2895488387e-01	3.6539860491e+03
9.3069625502e+06	8.2893630498e-01	3.5301707694e+03
9.3069625502e+06	8.2596646599e-01	3.5274038498e+03
9.3069625502e+06	8.2588358268e-01	3.5274551081e+03
9.3069625502e+06	8.2579489544e-01	3.5274517292e+03
9.3069625502e+06	8.2570343532e-01	3.5270391466e+03
9.3069625502e+06	8.2560837088e-01	3.5268114920e+03
9.3069625502e+06	8.2550973420e-01	3.5276712918e+03
9.3069625502e+06	8.2540936060e-01	3.5297792748e+03
9.3069625502e+06	8.2530690819e-01	3.5329259342e+03
9.3069625502e+06	8.2520087835e-01	3.5368515730e+03
9.3069625502e+06	8.2509200324e-01	3.5413409997e+03
9.3069625502e+06	8.2497841938e-01	3.5462370904e+03
9.3069625502e+06	8.2486407315e-01	3.5514249338e+03
9.3069625502e+06	8.2474926168e-01	3.5568251937e+03
9.3069625502e+06	8.2463398644e-01	3.5623821947e+03
9.3069625502e+06	8.2451824474e-01	3.5680568349e+03
9.3069625502e+06	8.2440203639e-01	3.5738214625e+03
9.3069625502e+06	8.2428535927e-01	3.5796568870e+03
9.3069625502e+06	8.2416821009e-01	3.5855502287e+03
9.3069625502e+06	8.2405058579e-01	3.5914934930e+03
9.3069625502e+06	8.2393248143e-01	3.5974828442e+03
9.3069625502e+06	8.2381389313e-01	3.6035179410e+03
9.3069625502e+06	8.2369481176e-01	3.6096020099e+03
9.3069625502e+06	8.2357523278e-01	3.6157411802e+03
9.3069625502e+06	8.2345514527e-01	3.6219449154e+03
9.3069625502e+06	8.2333454377e-01	3.6282252494e+03
9.3069625502e+06	8.2321342019e-01	3.6345968850e+03
9.3069625502e+06	8.2309176229e-01	3.6410768480e+03
9.3069625502e+06	8.2296947795e-01	3.6476832311e+03
9.3069625502e+06	8.2284651655e-01	3.6544349092e+03
9.3069625502e+06	8.2272284855e-01	3.6613501746e+03
9.3069625502e+06	8.2259844427e-01	3.6684453277e+03
9.3069625502e+06	8.2247327429e-01	3.6757341930e+03
9.3069625502e+06	8.2234729936e-01	3.6832262534e+03
9.3069625502e+06	8.2222054876e-01	3.6909265184e+03
9.3069625502e+06	8.2209309039e-01	3.6988348508e+03
9.3069625502e+06	8.2196496866e-01	3.7069459854e+03
9.3069625502e+06	8.2183618633e-01	3.7152503597e+03
9.3069625502e+06	8.2170673142e-01	3.7237343307e+03
9.3069625502e+06	8.2157661151e-01	3.7323815031e+03
9.3069625502e+06	8.2144580834e-01	3.7411739137e+03
9.3069625502e+06	8.2131430257e-01	3.7500928943e+03
9.3069625502e+06	8.2118200933e-01	3.7591203053e+03
9.3069625502e+06	8.2104883305e-01	3.7682386125e+03
9.3069625502e+06	8.2091482733e-01	3.7774319851e+03
9.3069625502e+06	8.2078024908e-01	3.7866865527e+03
9.3069625502e+06	8.2064509878e-01	3.7959901637e+03
9.3069625502e+06	8.2050937457e-01	3.8053327691e+03
9.3069625502e+06	8.2037307277e-01	3.8147062431e+03
9.3069625502e+06	8.2023619228e-01	3.8241039992e+03
9.3069625502e+06	8.2009873171e-01	3.8335208429e+03
9.3069625502e+06	8.1996068513e-01	3.8429528568e+03
9.3069625502e+06	8.1982204991e-01	3.8523967265e+03
9.3069625502e+06	8.1968281548e-01	3.8618502406e+03
9.3069625502e+06	8.1954297683e-01	3.8713117142e+03
9.3069625502e+06	8.1940253186e-01	3.8808865289e+03
9.3069625502e+06	8.1926147559e-01	3.8904681550e+03
9.3069625502e+06	8.1911980375e-01	3.9000545268e+03
9.3069625502e+06	8.1897751201e-01	3.9096448071e+03
9.3069625502e+06	8.1883459602e-01	3.9192382154e+03
9.3069625502e+06	8.1869105138e-01	3.9288339885e+03
9.3069625502e+06	8.1854687290e-01	3.9384314097e+03
9.3069625502e+06	8.1840205686e-01	3.9480297039e+03
9.3069625502e+06	8.1825659923e-01	3.9576288227e+03
9.3069625502e+06	8.1811049244e-01	3.9672369985e+03
9.3069625502e+06	8.1796370742e-01	3.9769519212e+03
9.3069625502e+06	8.1781599406e-01	3.9878432676e+03
9.3069625502e+06	8.1774070749e-01	4.0068799615e+03
9.3069625502e+06	8.1773000926e-01	4.0169062182e+03
9.3069625502e+06	8.1771938016e-01	4.0285751374e+03
9.3069625502e+06	8.1770891780e-01	4.0395203956e+03
9.3069625502e+06	8.1769860824e-01	4.0479339336e+03
9.3069625502e+06	8.1768854562e-01	4.0532697918e+03
9.3069625502e+06	8.1767864451e-01	4.0567955479e+03
9.3069625502e+06	8.1766875394e-01	4.0596112033e+03
9.3069625502e+06	8.1765891516e-01	4.0620351551e+03
9.3069625502e+06	8.1764915023e-01	4.0642110888e+03
9.3069625502e+06	8.1763939296e-01	4.0662928242e+03
9.3069625502e+06	8.1762965593e-01	4.0683099815e+03
9.3069625502e+06	8.1762003050e-01	4.0702003719e+03
9.3069625502e+06	8.1761051947e-01	4.0719925155e+03
9.3069625502e+06	8.1760126714e-01	4.0735851883e+03
9.3069625502e+06	8.1759264975e-01	4.0746757998e+03
9.3069625502e+06	8.1758541053e-01	4.0747086360e+03
9.3069625502e+06	8.1758156482e-01	4.0724706898e+03
9.3069625502e+06	8.1758268587e-01	4.0674084776e+03
9.3069625502e+06	8.1758979554e-01	4.0582942528e+03
9.3069625502e+06	8.1760548576e-01	4.0429259394e+03
9.3069625502e+06	8.1763414339e-01	4.0177904655e+03
9.3069625502e+06	8.1768332224e-01	3.9772478857e+03
9.3069625502e+06	8.1776484287e-01	3.9128089263e+03
9.3069625502e+06	8.1788847407e-01	3.8124744920e+03
9.3069625502e+06	8.1802309229e-01	3.6743854082e+03
9.3069625502e+06	8.1803144811e-01	3.5424531061e+03
9.3069625502e+06	8.1788594706e-01	3.5107366429e+03
9.3069625502e+06	8.1780106820e-01	3.5139923452e+03
9.3069625502e+06	8.1771361004e-01	3.5179297780e+03
9.3069625502e+06	8.1762152716e-01	3.5223100262e+03
9.3069625502e+06	8.1752784923e-01	3.5269720215e+03
9.3069625502e+06	8.1743241119e-01	3.5318343039e+03
9.3069625502e+06	8.1733589522e-01	3.5368516803e+03
9.3069625502e+06	8.1723734569e-01	3.5419969439e+03
9.3069625502e+06	8.1713543423e-01	3.5472518995e+03
9.3069625502e+06	8.1703104417e-01	3.5526020194e+03
9.3069625502e+06	8.1692568381e-01	3.5580356687e+03
9.3069625502e+06	8.1681696199e-01	3.5635459275e+03
9.3069625502e+06	8.1670496380e-01	3.5691258420e+03
9.3069625502e+06	8.1658904675e-01	3.5747700536e+03
9.3069625502e+06	8.1647055487e-01	3.5804728991e+03
9.3069625502e+06	8.1635160002e-01	3.5862289004e+03
9.3069625502e+06	8.1623218067e-01	3.5920343961e+03
9.3069625502e+06	8.1611229530e-01	3.5978861350e+03
9.3069625502e+06	8.1599194010e-01	3.6037813009e+03
9.3069625502e+06	8.1587111337e-01	3.6097172289e+03
9.3069625502e+06	8.1574981354e-01	3.6156914495e+03
9.3069625502e+06	8.1562803631e-01	3.6217017832e+03
9.3069625502e+06	8.1550577999e-01	3.6277460447e+03
9.3069625502e+06	8.1538304196e-01	3.6338221888e+03
9.3069625502e+06	8.1525981879e-01	3.6399282881e+03
9.3069625502e+06	8.1513610877e-01	3.6460623934e+03
9.3069625502e+06	8.1501191052e-01	3.6522226043e+03
9.3069625502e+06	8.1488721850e-01	3.6584072997e+03
9.3069625502e+06	8.1476203101e-01	3.6646147649e+03
9.3069625502e+06	8.1463634619e-01	3.6708434317e+03
9.3069625502e+06	8.1451015978e-01	3.6770920492e+03
9.3069625502e+06	8.1438338533e-01	3.6833597238e+03
9.3069625502e+06	8.1425586885e-01	3.6896458916e+03
9.3069625502e+06	8.1412754186e-01	3.6959505708e+03
9.3069625502e+06	8.1399836256e-01	3.7022744542e+03
9.3069625502e+06	8.1386828277e-01	3.7086194767e+03
9.3069625502e+06	8.1373746548e-01	3.7149884573e+03
9.3069625502e+06	8.1360595183e-01	3.7213857855e+03
9.3069625502e+06	8.1347375876e-01	3.7278180580e+03
9.3069625502e+06	8.1334088365e-01	3.7342936390e+03
9.3069625502e+06	8.1320730311e-01	3.7408235369e+03
9.3069625502e+06	8.1307298593e-01	3.7474208935e+03
9.3069625502e+06	8.1293789627e-01	3.7541015582e+03
9.3069625502e+06	8.1280193682e-01	3.7608832426e+03
9.3069625502e+06	8.1266496078e-01	3.7677851060e+03
9.3069625502e+06	8.1252731737e-01	3.7748273108e+03
9.3069625502e+06	8.1238908626e-01	3.7820295579e+03
9.3069625502e+06	8.1225025967e-01	3.7894107141e+03
9.3069625502e+06	8.1211083778e-01	3.7969867501e+03
9.3069625502e+06	8.1197081406e-01	3.8047703829e+03
9.3069625502e+06	8.1183018856e-01	3.8127694531e+03
9.3069625502e+06	8.1168896333e-01	3.8209866100e+03
9.3069625502e+06	8.1154713364e-01	3.8294194332e+03
9.3069625502e+06	8.1140470099e-01	3.8380599811e+03
9.3069625502e+06	8.1126166114e-01	3.8468961575e+03
9.3069625502e+06	8.1111800733e-01	3.8559124346e+03
9.3069625502e+06	8.1097374006e-01	3.8650906443e+03
9.3069625502e+06	8.1082885350e-01	3.8744118266e+03
9.3069625502e+06	8.1068334797e-01	3.8839353155e+03
9.3069625502e+06	8.1053722207e-01	3.8935938305e+03
9.3069625502e+06	8.1039047133e-01	3.9033412813e+03
9.3069625502e+06	8.1024309114e-01	3.9131621537e+03
9.3069625502e+06	8.1009508079e-01	3.9230427127e+03
9.3069625502e+06	8.0994643522e-01	3.9329715796e+03
9.3069625502e+06	8.0979715047e-01	3.9429392772e+03
9.3069625502e+06	8.0964722253e-01	3.9529381368e+03
9.3069625502e+06	8.0949664714e-01	3.9629620835e+03
9.3069625502e+06	8.0934541879e-01	3.9730064595e+03
9.3069625502e+06	8.0919353436e-01	3.9830675423e+03
9.3069625502e+06	8.0904098929e-01	3.9931425708e+03
9.3069625502e+06	8.0888778008e-01	4.0032293774e+03
9.3069625502e+06	8.0873390097e-01	4.0133264353e+03
9.3069625502e+06	8.0857934729e-01	4.0234324945e+03
9.3069625502e+06	8.0842411429e-01	4.0335465410e+03
9.3069625502e+06	8.0826819719e-01	4.0436677060e+03
9.3069625502e+06	8.0811159117e-01	4.0537951983e+03
9.3069625502e+06	8.0795429046e-01	4.0639283136e+03
9.3069625502e+06	8.0779629106e-01	4.0740662326e+03
9.3069625502e+06	8.0763758882e-01	4.0842081505e+03
9.3069625502e+06	8.0747817702e-01	4.0943537561e+03
9.3069625502e+06	8.0731805105e-01	4.1045065636e+03
9.3069625502e+06	8.0715719288e-01	4.1147145047e+03
9.3069625502e+06	8.0699547035e-01	4.1255079612e+03
9.3069625502e+06	8.0687175503e-01	4.1424696645e+03
9.3069625502e+06	8.0686010587e-01	4.1506726561e+03
9.3069625502e+06	8.0684840105e-01	4.1615978602e+03
9.3069625502e+06	8.0683678757e-01	4.1740123739e+03
9.3069625502e+06	8.0682534545e-01	4.1853888240e+03
9.3069625502e+06	8.0681409225e-01	4.1938287796e+03
9.3069625502e+06	8.0680309361e-01	4.1991505243e+03
9.3069625502e+06	8.0679225842e-01	4.2027293610e+03
9.3069625502e+06	8.0678140508e-01	4.2056722713e+03
9.3069625502e+06	8.0677062515e-01	4.2082096382e+03
9.3069625502e+06	8.0675992449e-01	4.2105014956e+03
9.3069625502e+06	8.0674921624e-01	4.2127251267e+03
9.3069625502e+06	8.0673856025e-01	4.2148577616e+03
9.3069625502e+06	8.0672803242e-01	4.2168531872e+03
9.3069625502e+06	8.0671762541e-01	4.2187542979e+03
9.3069625502e+06	8.0670756792e-01	4.2203841819e+03
9.3069625502e+06	8.0669829567e-01	4.2214020762e+03
9.3069625502e+06	8.0669079424e-01	4.2210778939e+03
9.3069625502e+06	8.0668760923e-01	4.2185157064e+03
9.3069625502e+06	8.0668908995e-01	4.2131161485e+03
9.3069625502e+06	8.0669674897e-01	4.2035047259e+03
9.3069625502e+06	8.0671340483e-01	4.1873457937e+03
9.3069625502e+06	8.0674377116e-01	4.1609479821e+03
9.3069625502e+06	8.0679593151e-01	4.1184224375e+03
9.3069625502e+06	8.0688245870e-01	4.0509229677e+03
9.3069625502e+06	8.0702276851e-01	3.9452970333e+03
9.3063298484e+06	8.0720670153e-01	3.8011193049e+03
9.3063298484e+06	8.0912204818e-01	3.8044070024e+03
9.3063298484e+06	8.0901349427e-01	3.8077191925e+03
9.3063298484e+06	8.0890381769e-01	3.8121823771e+03
9.3063298484e+06	8.0879349267e-01	3.8170851045e+03
9.3063298484e+06	8.0868253756e-01	3.8222493012e+03
9.3063298484e+06	8.0857092656e-01	3.8276031511e+03
9.3063298484e+06	8.0845865323e-01	3.8331080428e+03
9.3063298484e+06	8.0834560967e-01	3.8387395468e+03
9.3063298484e+06	8.0823152073e-01	3.8444805890e+03
9.3063298484e+06	8.0811685313e-01	3.8503179982e+03
9.3063298484e+06	8.0800175062e-01	3.8562416849e+03
9.3063298484e+06	8.0788621664e-01	3.8622436367e+03
9.3063298484e+06	8.0777025026e-01	3.8683172561e+03
9.3063298484e+06	8.0765384591e-01	3.8744569283e+03
9.3063298484e+06	8.0753699550e-01	3.8806580703e+03
9.3063298484e+06	8.0741969724e-01	3.8869522907e+03
9.3063298484e+06	8.0730194904e-01	3.8933365517e+03
9.3063298484e+06	8.0718374917e-01	3.8997720893e+03
9.3063298484e+06	8.0706509352e-01	3.9062560743e+03
9.3063298484e+06	8.0694597964e-01	3.9127858383e+03
9.3063298484e+06	8.0682640607e-01	3.9193588521e+03
9.3063298484e+06	8.0670637048e-01	3.9259727810e+03
9.3063298484e+06	8.0658586823e-01	3.9326255340e+03
9.3063298484e+06	8.0646489857e-01	3.9393148981e+03
9.3063298484e+06	8.0634345661e-01	3.9460389615e+03
9.3063298484e+06	8.0622154170e-01	3.9527956492e+03
9.3063298484e+06	8.0609914988e-01	3.9595831413e+03
9.3063298484e+06	8.0597627704e-01	3.9663997219e+03
9.3063298484e+06	8.0585292262e-01	3.9732436081e+03
9.3063298484e+06	8.0572908114e-01	3.9801134802e+03
9.3063298484e+06	8.0560475199e-01	3.9870080215e+03
9.3063298484e+06	8.0547992930e-01	3.9939265986e+03
9.3063298484e+06	8.0535461246e-01	4.0008688320e+03
9.3063298484e+06	8.0522879656e-01	4.0078353199e+03
9.3063298484e+06	8.0510247781e-01	4.0148275757e+03
9.3063298484e+06	8.0497565062e-01	4.0218484717e+03
9.3063298484e+06	8.0484831374e-01	4.0289021870e+03
9.3063298484e+06	8.0472045927e-01	4.0359951784e+03
9.3063298484e+06	8.0459208368e-01	4.0431358664e+03
9.3063298484e+06	8.0446318149e-01	4.0503352627e+03
9.3063298484e+06	8.0433374684e-01	4.0576070322e+03
9.3063298484e+06	8.0420377538e-01	4.0649674491e+03
9.3063298484e+06	8.0407325787e-01	4.0724355322e+03
9.3063298484e+06	8.0394219035e-01	4.0800320668e+03
9.3063298484e+06	8.0381056372e-01	4.0877794903e+03
9.3063298484e+06	8.0367837406e-01	4.0957003115e+03
9.3063298484e+06	8.0354561620e-01	4.1038162980e+03
9.3063298484e+06	8.0341228752e-01	4.1121469271e+03
9.3063298484e+06	8.0327838252e-01	4.1207083863e+03
9.3063298484e+06	8.0314389825e-01	4.1295120743e+03
9.3063298484e+06	8.0300883068e-01	4.1385639559e+03
9.3063298484e+06	8.0287317949e-01	4.1478637855e+03
9.3063298484e+06	8.0273694438e-01	4.1574053900e+03
9.3063298484e+06	8.0260012221e-01	4.1671774440e+03
9.3063298484e+06	8.0246271148e-01	4.1771640798e+03
9.3063298484e+06	8.0232471046e-01	4.1873462570e+03
9.3063298484e+06	8.0218611762e-01	4.1977029237e+03
9.3063298484e+06	8.0204693112e-01	4.2082123634e+03
9.3063298484e+06	8.0190714689e-01	4.2188533955e+03
9.3063298484e+06	8.0176676327e-01	4.2296058543e+03
9.3063298484e+06	8.0162577904e-01	4.2404514066e+03
9.3063298484e+06	8.0148419070e-01	4.2513741189e+03
9.3063298484e+06	8.0134199524e-01	4.2623603539e+03
9.3063298484e+06	8.0119919466e-01	4.2733984277e+03
9.3063298484e+06	8.0105578574e-01	4.2844790666e+03
9.3063298484e+06	8.0091176469e-01	4.2955947690e+03
9.3063298484e+06	8.0076712992e-01	4.3067396415e+03
9.3063298484e+06	8.0062187273e-01	4.3179091310e+03
9.3063298484e+06	8.0047598379e-01	4.3290997779e+03
9.3063298484e+06	8.0032945883e-01	4.3403090563e+03
9.3063298484e+06	8.0018229348e-01	4.3516385960e+03
9.3063298484e+06	8.0003448343e-01	4.3630099097e+03
9.3063298484e+06	7.9988602520e-01	4.3743954330e+03
9.3063298484e+06	7.9973691517e-01	4.3857940116e+03
9.3063298484e+06	7.9958714775e-01	4.3972047640e+03
9.3063298484e+06	7.9943671823e-01	4.4086267913e+03
9.3063298484e+06	7.9928562204e-01	4.4200591945e+03
9.3063298484e+06	7.9913385436e-01	4.4315011158e+03
9.3063298484e+06	7.9898141031e-01	4.4429521764e+03
9.3063298484e+06	7.9882828271e-01	4.4544177133e+03
9.3063298484e+06	7.9867445196e-01	4.4659649691e+03
9.3063298484e+06	7.9851975001e-01	4.4783372575e+03
9.3063298484e+06	7.9841090243e-01	4.4992702422e+03
9.3063298484e+06	7.9839938362e-01	4.5097512135e+03
9.3063298484e+06	7.9838784958e-01	4.5231727259e+03
9.3063298484e+06	7.9837646708e-01	4.5372998411e+03
9.3063298484e+06	7.9836524071e-01	4.5494576189e+03
9.3063298484e+06	7.9835428790e-01	4.5577142248e+03
9.3063298484e+06	7.9834357472e-01	4.5629234468e+03
9.3063298484e+06	7.9833296777e-01	4.5666647182e+03
9.3063298484e+06	7.9832235619e-01	4.5698338677e+03
9.3063298484e+06	7.9831183555e-01	4.5726087538e+03
9.3063298484e+06	7.9830138819e-01	4.5751566792e+03
9.3063298484e+06	7.9829089038e-01	4.5776852103e+03
9.3063298484e+06	7.9828050745e-01	4.5800566800e+03
9.3063298484e+06	7.9827027617e-01	4.5822703080e+03
9.3063298484e+06	7.9826020729e-01	4.5843644821e+03
9.3063298484e+06	7.9825070210e-01	4.5859807906e+03
9.3063298484e+06	7.9824236058e-01	4.5866375280e+03
9.3063298484e+06	7.9823682454e-01	4.5849959710e+03
9.3063298484e+06	7.9823667427e-01	4.5803402109e+03
9.3063298484e+06	7.9824228852e-01	4.5715767589e+03
9.3063298484e+06	7.9825620505e-01	4.5565523691e+03
9.3063298484e+06	7.9828236287e-01	4.5317504269e+03
9.3063298484e+06	7.9832774275e-01	4.4916477417e+03
9.3063298484e+06	7.9840355156e-01	4.4277815314e+03
9.3063298484e+06	7.9852722568e-01	4.3278552095e+03
9.3063298484e+06	7.9872484155e-01	4.1755692919e+03
9.3063298484e+06	7.9893680491e-01	4.0185656876e+03
9.3063298484e+06	7.9914406696e-01	3.8697571673e+03
9.3063298484e+06	7.9930258137e-01	3.7293850571e+03
9.2894665744e+06	7.9940571727e-01	3.6027427556e+03
9.2894665744e+06	7.9668712326e-01	3.6015563949e+03
9.2894665744e+06	7.9658534606e-01	3.6016202580e+03
9.2894665744e+06	7.9647748389e-01	3.6013861486e+03
9.2894665744e+06	7.9636409482e-01	3.6009955657e+03
9.2894665744e+06	7.9624505712e-01	3.6018831047e+03
9.2894665744e+06	7.9612541870e-01	3.6043838760e+03
9.2894665744e+06	7.9600522786e-01	3.6081587060e+03
9.2894665744e+06	7.9588450991e-01	3.6128222265e+03
9.2894665744e+06	7.9576327961e-01	3.6180877983e+03
9.2894665744e+06	7.9564154773e-01	3.6237621506e+03
9.2894665744e+06	7.9551932013e-01	3.6297180578e+03
9.2894665744e+06	7.9539660116e-01	3.6358715813e+03
9.2894665744e+06	7.9527339099e-01	3.6421668924e+03
9.2894665744e+06	7.9514968956e-01	3.6485662463e+03
9.2894665744e+06	7.9502549461e-01	3.6550438568e+03
9.2894665744e+06	7.9490080569e-01	3.6615817359e+03
9.2894665744e+06	7.9477562140e-01	3.6681673371e+03
9.2894665744e+06	7.9464993730e-01	3.6747920901e+03
9.2894665744e+06	7.9452375251e-01	3.6814500826e+03
9.2894665744e+06	7.9439706190e-01	3.6881379081e+03
9.2894665744e+06	7.9426986122e-01	3.6948541147e+03
9.2894665744e+06	7.9414195348e-01	3.7015993281e+03
9.2894665744e+06	7.9401319631e-01	3.7083762135e+03
9.2894665744e+06	7.9388351557e-01	3.7151893665e+03
9.2894665744e+06	7.9375288934e-01	3.7220456734e+03
9.2894665744e+06	7.9362147741e-01	3.7289545719e+03
9.2894665744e+06	7.9348932432e-01	3.7359280744e+03
9.2894665744e+06	7.9335645178e-01	3.7429808860e+03
9.2894665744e+06	7.9322285223e-01	3.7501298785e+03
9.2894665744e+06	7.9308849594e-01	3.7573940264e+03
9.2894665744e+06	7.9295335180e-01	3.7647932849e+03
9.2894665744e+06	7.9281735116e-01	3.7723481163e+03
9.2894665744e+06	7.9268033650e-01	3.7800781837e+03
9.2894665744e+06	7.9254230438e-01	3.7880008862e+03
9.2894665744e+06	7.9240367828e-01	3.7961299953e+03
9.2894665744e+06	7.9226445598e-01	3.8044751610e+03
9.2894665744e+06	7.9212463422e-01	3.8130409864e+03
9.2894665744e+06	7.9198421397e-01	3.8218263472e+03
9.2894665744e+06	7.9184319663e-01	3.8308247381e+03
9.2894665744e+06	7.9170158000e-01	3.8400251904e+03
9.2894665744e+06	7.9155936770e-01	3.8494123803e+03
9.2894665744e+06	7.9141655666e-01	3.8589686946e+03
9.2894665744e+06	7.9127314133e-01	3.8686749152e+03
9.2894665744e+06	7.9112911697e-01	3.8785111839e+03
9.2894665744e+06	7.9098448245e-01	3.8884582634e+03
9.2894665744e+06	7.9083923251e-01	3.8984984854e+03
9.2894665744e+06	7.9069336305e-01	3.9087311758e+03
9.2894665744e+06	7.9054687385e-01	3.9190280719e+03
9.2894665744e+06	7.9039975982e-01	3.9293771089e+03
9.2894665744e+06	7.9025201714e-01	3.9397683820e+03
9.2894665744e+06	7.9010364048e-01	3.9501939935e+03
9.2894665744e+06	7.8995462707e-01	3.9606475363e+03
9.2894665744e+06	7.8980497390e-01	3.9711240368e+03
9.2894665744e+06	7.8965467528e-01	3.9816198702e+03
9.2894665744e+06	7.8950372533e-01	3.9921323447e+03
9.2894665744e+06	7.8935212233e-01	4.0026591847e+03
9.2894665744e+06	7.8919986025e-01	4.0131989349e+03
9.2894665744e+06	7.8904693443e-01	4.0237504113e+03
9.2894665744e+06	7.8889333909e-01	4.0343127511e+03
9.2894665744e+06	7.8873907155e-01	4.0448850267e+03
9.2894665744e+06	7.8858412601e-01	4.0554666018e+03
9.2894665744e+06	7.8842849578e-01	4.0660569221e+03
9.2894665744e+06	7.8827217866e-01	4.0766551209e+03
9.2894665744e+06	7.8811516886e-01	4.0872605518e+03
9.2894665744e+06	7.8795746058e-01	4.0978726310e+03
9.2894665744e+06	7.8779905006e-01	4.1084917610e+03
9.2894665744e+06	7.8763992855e-01	4.1191314241e+03
9.2894665744e+06	7.8748004998e-01	4.1299470731e+03
9.2894665744e+06	7.8731903031e-01	4.1426303293e+03
9.2894665744e+06	7.8726031086e-01	4.1617729085e+03
9.2894665744e+06	7.8724830471e-01	4.1729260734e+03
9.2894665744e+06	7.8723640118e-01	4.1855099771e+03
9.2894665744e+06	7.8722468475e-01	4.1969419711e+03
9.2894665744e+06	7.8721315154e-01	4.2054277599e+03
9.2894665744e+06	7.8720188674e-01	4.2108241425e+03
9.2894665744e+06	7.8719079601e-01	4.2145198994e+03
9.2894665744e+06	7.8717967874e-01	4.2176055573e+03
9.2894665744e+06	7.8716864342e-01	4.2202878351e+03
9.2894665744e+06	7.8715769828e-01	4.2227215296e+03
9.2894665744e+06	7.8714672872e-01	4.2250943679e+03
9.2894665744e+06	7.8713582025e-01	4.2273688354e+03
9.2894665744e+06	7.8712506093e-01	4.2294983970e+03
9.2894665744e+06	7.8711443265e-01	4.2315336662e+03
9.2894665744e+06	7.8710422790e-01	4.2332614551e+03
9.2894665744e+06	7.8709496159e-01	4.2343104876e+03
9.2894665744e+06	7.8708785340e-01	4.2338399181e+03
9.2894665744e+06	7.8708563658e-01	4.2311717703e+03
9.2894665744e+06	7.8708814611e-01	4.2256532564e+03
9.2894665744e+06	7.8709725702e-01	4.2158475265e+03
9.2894665744e+06	7.8711614069e-01	4.1993574522e+03
9.2894665744e+06	7.8715005438e-01	4.1724085719e+03
9.2894665744e+06	7.8720788272e-01	4.1289912985e+03
9.2894665744e+06	7.8730353219e-01	4.0600990501e+03
9.2894665744e+06	7.8745861057e-01	3.9523381936e+03
9.2894665744e+06	7.8765129307e-01	3.8088283844e+03
9.2894665744e+06	7.8780681379e-01	3.6725102180e+03
9.2894665744e+06	7.8774898901e-01	3.5426122272e+03
9.2894665744e+06	7.8765314960e-01	3.5395588722e+03
9.2894665744e+06	7.8756606007e-01	3.5433954443e+03
9.2894665744e+06	7.8747618180e-01	3.5479452022e+03
9.2894665744e+06	7.8738219192e-01	3.5529435301e+03
9.2894665744e+06	7.8728551838e-01	3.5582258179e+03
9.2894665744e+06	7.8718671701e-01	3.5637106362e+03
9.2894665744e+06	7.8708646158e-01	3.5693533010e+03
9.2894665744e+06	7.8698421998e-01	3.5751266026e+03
9.2894665744e+06	7.8687735941e-01	3.5810133457e+03
9.2894665744e+06	7.8676914325e-01	3.5869973749e+03
9.2894665744e+06	7.8665827936e-01	3.5930688256e+03
9.2894665744e+06	7.8654265609e-01	3.5992206203e+03
9.2894665744e+06	7.8642282615e-01	3.6054454596e+03
9.2894665744e+06	7.8630038839e-01	3.6117364751e+03
9.2894665744e+06	7.8617747579e-01	3.6180874378e+03
9.2894665744e+06	7.8605408811e-01	3.6244940651e+03
9.2894665744e+06	7.8593022131e-01	3.6309527959e+03
9.2894665744e+06	7.8580587376e-01	3.6374603569e+03
9.2894665744e+06	7.8568104297e-01	3.6440138431e+03
9.2894665744e+06	7.8555572731e-01	3.6506105601e+03
9.2894665744e+06	7.8542992326e-01	3.6572481141e+03
9.2894665744e+06	7.8530362759e-01	3.6639242532e+03
9.2894665744e+06	7.8517683863e-01	3.6706367627e+03
9.2894665744e+06	7.8504955192e-01	3.6773836716e+03
9.2894665744e+06	7.8492176572e-01	3.6841629403e+03
9.2894665744e+06	7.8479347629e-01	3.6909726998e+03
9.2894665744e+06	7.8466468241e-01	3.6978110098e+03
9.2894665744e+06	7.8453538025e-01	3.7046761465e+03
9.2894665744e+06	7.8440556673e-01	3.7115664445e+03
9.2894665744e+06	7.8427522957e-01	3.7184803182e+03
9.2894665744e+06	7.8414408022e-01	3.7254168079e+03
9.2894665744e+06	7.8401194504e-01	3.7323748841e+03
9.2894665744e+06	7.8387876003e-01	3.7393541111e+03
9.2894665744e+06	7.8374473917e-01	3.7463544907e+03
9.2894665744e+06	7.8360995617e-01	3.7533767137e+03
9.2894665744e+06	7.8347444184e-01	3.7604226856e+03
9.2894665744e+06	7.8333818735e-01	3.7674955512e+03
9.2894665744e+06	7.8320115759e-01	3.7746004046e+03
9.2894665744e+06	7.8306330684e-01	3.7817440080e+03
9.2894665744e+06	7.8292450326e-01	3.7889354063e+03
9.2894665744e+06	7.8278453275e-01	3.7961864473e+03
9.2894665744e+06	7.8264379041e-01	3.8035107045e+03
9.2894665744e+06	7.8250246150e-01	3.8109246772e+03
9.2894665744e+06	7.8236053849e-01	3.8184471737e+03
9.2894665744e+06	7.8221801784e-01	3.8260983842e+03
9.2894665744e+06	7.8207489634e-01	3.8338992568e+03
9.2894665744e+06	7.8193116766e-01	3.8418706708e+03
9.2894665744e+06	7.8178682749e-01	3.8500319739e+03
9.2894665744e+06	7.8164187071e-01	3.8583995487e+03
9.2894665744e+06	7.8149630079e-01	3.8669853849e+03
9.2894665744e+06	7.8135010781e-01	3.8757970610e+03
9.2894665744e+06	7.8120328190e-01	3.8848365789e+03
9.2894665744e+06	7.8105582601e-01	3.8940997993e+03
9.2894665744e+06	7.8090773661e-01	3.9035776311e+03
9.2894665744e+06	7.8075901435e-01	3.9133485218e+03
9.2894665744e+06	7.8060965388e-01	3.9233237778e+03
9.2894665744e+06	7.8045965710e-01	3.9334656620e+03
9.2894665744e+06	7.8030901820e-01	3.9437539839e+03
9.2894665744e+06	7.8015773823e-01	3.9541682507e+03
9.2894665744e+06	7.8000581262e-01	3.9646893518e+03
9.2894665744e+06	7.7985323821e-01	3.9752997426e+03
9.2894665744e+06	7.7970001166e-01	3.9859839167e+03
9.2894665744e+06	7.7954612923e-01	3.9967286007e+03
9.2894665744e+06	7.7939158697e-01	4.0075227226e+03
9.2894665744e+06	7.7923638074e-01	4.0183572738e+03
9.2894665744e+06	7.7908050477e-01	4.0292251933e+03
9.2894665744e+06	7.7892395742e-01	4.0401207126e+03
9.2894665744e+06	7.7876673273e-01	4.0510396737e+03
9.2894665744e+06	7.7860882597e-01	4.0619788851e+03
9.2894665744e+06	7.7845023236e-01	4.0729359773e+03
9.2894665744e+06	7.7829094705e-01	4.0839091964e+03
9.2894665744e+06	7.7813096394e-01	4.0948973128e+03
9.2894665744e+06	7.7797027926e-01	4.1058992329e+03
9.2894665744e+06	7.7780888913e-01	4.1169140609e+03
9.2894665744e+06	7.7764678732e-01	4.1279411623e+03
9.2894665744e+06	7.7748396768e-01	4.1389799387e+03
9.2894665744e+06	7.7732042580e-01	4.1500296724e+03
9.2894665744e+06	7.7715615713e-01	4.1610896278e+03
9.2894665744e+06	7.7699115705e-01	4.1721590726e+03
9.2894665744e+06	7.7682541914e-01	4.1832377791e+03
9.2894665744e+06	7.7665893541e-01	4.1943303768e+03
9.2894665744e+06	7.7649168817e-01	4.2054944590e+03
9.2894665744e+06	7.7632351625e-01	4.2173679117e+03
9.2894665744e+06	7.7619909258e-01	4.2365920438e+03
9.2894665744e+06	7.7618645030e-01	4.2460815707e+03
9.2894665744e+06	7.7617379040e-01	4.2582754602e+03
9.2894665744e+06	7.7616128320e-01	4.2712514808e+03
9.2894665744e+06	7.7614894623e-01	4.2824683812e+03
9.2894665744e+06	7.7613685088e-01	4.2902877382e+03
9.2894665744e+06	7.7612501031e-01	4.2952931849e+03
9.2894665744e+06	7.7611330279e-01	4.2989105609e+03
9.2894665744e+06	7.7610156228e-01	4.3020247885e+03
9.2894665744e+06	7.7608992508e-01	4.3047631134e+03
9.2894665744e+06	7.7607838408e-01	4.3072724899e+03
9.2894665744e+06	7.7606677599e-01	4.3097789482e+03
9.2894665744e+06	7.7605529666e-01	4.3121362017e+03
9.2894665744e+06	7.7604399320e-01	4.3143373516e+03
9.2894665744e+06	7.7603284500e-01	4.3164403822e+03
9.2894665744e+06	7.7602232074e-01	4.3180939078e+03
9.2894665744e+06	7.7601308498e-01	4.3188438225e+03
9.2894665744e+06	7.7600697312e-01	4.3174179036e+03
9.2894665744e+06	7.7600687780e-01	4.3131126715e+03
9.2894665744e+06	7.7601317847e-01	4.3049241030e+03
9.2894665744e+06	7.7602865830e-01	4.2908310427e+03
9.2894665744e+06	7.7605767470e-01	4.2675299174e+03
9.2894665744e+06	7.7610799363e-01	4.2297802837e+03
9.2894665744e+06	7.7619198073e-01	4.1695813923e+03
9.2894665744e+06	7.7632912724e-01	4.0751136964e+03
9.2894665744e+06	7.7654885482e-01	3.9291452328e+03
9.2894665744e+06	7.7673680062e-01	3.7874352985e+03
9.2894665744e+06	7.7689765475e-01	3.6526090310e+03
9.2894665744e+06	7.7672902386e-01	3.5466784486e+03
9.2894665744e+06	7.7663613700e-01	3.5505651855e+03
9.2894665744e+06	7.7654008824e-01	3.5552357382e+03
9.2894665744e+06	7.7644001723e-01	3.5603948023e+03
9.2894665744e+06	7.7633691717e-01	3.5658577245e+03
9.2894665744e+06	7.7623160049e-01	3.5715337377e+03
9.2894665744e+06	7.7612469066e-01	3.5773743631e+03
9.2894665744e+06	7.7601558400e-01	3.5833505774e+03
9.2894665744e+06	7.7590175282e-01	3.5894441069e+03
9.2894665744e+06	7.7578640985e-01	3.5956381524e+03
9.2894665744e+06	7.7566819130e-01	3.6019224575e+03
9.2894665744e+06	7.7554509336e-01	3.6082895452e+03
9.2894665744e+06	7.7541701956e-01	3.6147323454e+03
9.2894665744e+06	7.7528734719e-01	3.6212426400e+03
9.2894665744e+06	7.7515717188e-01	3.6278146387e+03
9.2894665744e+06	7.7502649129e-01	3.6344440529e+03
9.2894665744e+06	7.7489530279e-01	3.6411271563e+03
9.2894665744e+06	7.7476360415e-01	3.6478606316e+03
9.2894665744e+06	7.7463139167e-01	3.6546415748e+03
9.2894665744e+06	7.7449866425e-01	3.6614672143e+03
9.2894665744e+06	7.7436541820e-01	3.6683351198e+03
9.2894665744e+06	7.7423165063e-01	3.6752429846e+03
9.2894665744e+06	7.7409735856e-01	3.6821886311e+03
9.2894665744e+06	7.7396253900e-01	3.6891699821e+03
9.2894665744e+06	7.7382719019e-01	3.6961849739e+03
9.2894665744e+06	7.7369130777e-01	3.7032317419e+03
9.2894665744e+06	7.7355488860e-01	3.7103084242e+03
9.2894665744e+06	7.7341792801e-01	3.7174133097e+03
9.2894665744e+06	7.7328042428e-01	3.7245446307e+03
9.2894665744e+06	7.7314229344e-01	3.7317008372e+03
9.2894665744e+06	7.7300315064e-01	3.7388810032e+03
9.2894665744e+06	7.7286286149e-01	3.7460840129e+03
9.2894665744e+06	7.7272162098e-01	3.7533091931e+03
9.2894665744e+06	7.7257955791e-01	3.7605565052e+03
9.2894665744e+06	7.7243670136e-01	3.7678265849e+03
9.2894665744e+06	7.7229305204e-01	3.7751213026e+03
9.2894665744e+06	7.7214857965e-01	3.7824435707e+03
9.2894665744e+06	7.7200323462e-01	3.7897982015e+03
9.2894665744e+06	7.7185685749e-01	3.7971919234e+03
9.2894665744e+06	7.7170922552e-01	3.8046337337e+03
9.2894665744e+06	7.7156078958e-01	3.8121346342e+03
9.2894665744e+06	7.7141174012e-01	3.8197082687e+03
9.2894665744e+06	7.7126206513e-01	3.8273714175e+03
9.2894665744e+06	7.7111176531e-01	3.8351424541e+03
9.2894665744e+06	7.7096083049e-01	3.8430420195e+03
9.2894665744e+06	7.7080926019e-01	3.8510912492e+03
9.2894665744e+06	7.7065705176e-01	3.8593112967e+03
9.2894665744e+06	7.7050419516e-01	3.8677220668e+03
9.2894665744e+06	7.7035068758e-01	3.8763405983e+03
9.2894665744e+06	7.7019652007e-01	3.8851799461e+03
9.2894665744e+06	7.7004168333e-01	3.8942483331e+03
9.2894665744e+06	7.6988618035e-01	3.9035479447e+03
9.2894665744e+06	7.6973000560e-01	3.9130794068e+03
9.2894665744e+06	7.6957315571e-01	3.9229373251e+03
9.2894665744e+06	7.6941563309e-01	3.9330034216e+03
9.2894665744e+06	7.6925743372e-01	3.9432605297e+03
9.2894665744e+06	7.6909855549e-01	3.9536890781e+03
9.2894665744e+06	7.6893899410e-01	3.9642684861e+03
9.2894665744e+06	7.6877875074e-01	3.9749779055e+03
9.2894665744e+06	7.6861781791e-01	3.9857980490e+03
9.2894665744e+06	7.6845619554e-01	3.9967107858e+03
9.2894665744e+06	7.6829387926e-01	4.0077003279e+03
9.2894665744e+06	7.6813086508e-01	4.0187531117e+03
9.2894665744e+06	7.6796714879e-01	4.0298578288e+03
9.2894665744e+06	7.6780272757e-01	4.0410051803e+03
9.2894665744e+06	7.6763759513e-01	4.0521879883e+03
9.2894665744e+06	7.6747174359e-01	4.0634008032e+03
9.2894665744e+06	7.6730517419e-01	4.0746389088e+03
9.2894665744e+06	7.6713787881e-01	4.0858993011e+03
9.2894665744e+06	7.6696985096e-01	4.0971797049e+03
9.2894665744e+06	7.6680108685e-01	4.1084782871e+03
9.2894665744e+06	7.6663158253e-01	4.1197936767e+03
9.2894665744e+06	7.6646133139e-01	4.1311249816e+03
9.2894665744e+06	7.6629032802e-01	4.1424714185e+03
9.2894665744e+06	7.6611856698e-01	4.1538323073e+03
9.2894665744e+06	7.6594604079e-01	4.1652071445e+03
9.2894665744e+06	7.6577274792e-01	4.1765950265e+03
9.2894665744e+06	7.6559867980e-01	4.1879954857e+03
9.2894665744e+06	7.6542383155e-01	4.1994077908e+03
9.2894665744e+06	7.6524819906e-01	4.2108314223e+03
9.2894665744e+06	7.6507177328e-01	4.2222696216e+03
9.2894665744e+06	7.6489453943e-01	4.2337640032e+03
9.2894665744e+06	7.6471637574e-01	4.2457782205e+03
9.2894665744e+06	7.6456234163e-01	4.2632260984e+03
9.2894665744e+06	7.6454720358e-01	4.2753561690e+03
9.2894665744e+06	7.6453372359e-01	4.2874847841e+03
9.2894665744e+06	7.6452037889e-01	4.3007889904e+03
9.2894665744e+06	7.6450723419e-01	4.3125478943e+03
9.2894665744e+06	7.6449431158e-01	4.3210144696e+03
9.2894665744e+06	7.6448167025e-01	4.3264319181e+03
9.2894665744e+06	7.6446920467e-01	4.3302651577e+03
9.2894665744e+06	7.6445668023e-01	4.3335633253e+03
9.2894665744e+06	7.6444426837e-01	4.3364482544e+03
9.2894665744e+06	7.6443196028e-01	4.3390854995e+03
9.2894665744e+06	7.6441959096e-01	4.3416981858e+03
9.2894665744e+06	7.6440733480e-01	4.3441746208e+03
9.2894665744e+06	7.6439526495e-01	4.3464879067e+03
9.2894665744e+06	7.6438335069e-01	4.3487075134e+03
9.2894665744e+06	7.6437205415e-01	4.3504965876e+03
9.2894665744e+06	7.6436204978e-01	4.3514051268e+03
9.2894665744e+06	7.6435516836e-01	4.3502099373e+03
9.2894665744e+06	7.6435451573e-01	4.3461728568e+03
9.2894665744e+06	7.6436030137e-01	4.3383530327e+03
9.2894665744e+06	7.6437535313e-01	4.3248014066e+03
9.2894665744e+06	7.6440396331e-01	4.3023106174e+03
9.2894665744e+06	7.6445382494e-01	4.2658372278e+03
9.2894665744e+06	7.6453729687e-01	4.2075977879e+03
9.2894665744e+06	7.6467396406e-01	4.1160449931e+03
9.2856813390e+06	7.6489347762e-01	3.9761784165e+03
9.2856813390e+06	7.6841438699e-01	3.9787624503e+03
9.2856813390e+06	7.6829389653e-01	3.9784824862e+03
9.2856813390e+06	7.6817270653e-01	3.9808513569e+03
9.2856813390e+06	7.6805097485e-01	3.9856750682e+03
9.2856813390e+06	7.6792874611e-01	3.9916613610e+03
9.2856813390e+06	7.6780603774e-01	3.9982143680e+03
9.2856813390e+06	7.6768285706e-01	4.0050785044e+03
9.2856813390e+06	7.6755920554e-01	4.0121370622e+03
9.2856813390e+06	7.6743508291e-01	4.0193324260e+03
9.2856813390e+06	7.6731048706e-01	4.0266338767e+03
9.2856813390e+06	7.6718541744e-01	4.0340235469e+03
9.2856813390e+06	7.6705986941e-01	4.0414904309e+03
9.2856813390e+06	7.6693384282e-01	4.0490268341e+03
9.2856813390e+06	7.6680733422e-01	4.0566272934e+03
9.2856813390e+06	7.6668034182e-01	4.0642874626e+03
9.2856813390e+06	7.6655286088e-01	4.0720039334e+03
9.2856813390e+06	7.6642489055e-01	4.0797735559e+03
9.2856813390e+06	7.6629642579e-01	4.0875937625e+03
9.2856813390e+06	7.6616746468e-01	4.0954620226e+03
9.2856813390e+06	7.6603800365e-01	4.1033760641e+03
9.2856813390e+06	7.6590804081e-01	4.1113336275e+03
9.2856813390e+06	7.6577757380e-01	4.1193325708e+03
9.2856813390e+06	7.6564659691e-01	4.1273710422e+03
9.2856813390e+06	7.6551510970e-01	4.1354469581e+03
9.2856813390e+06	7.6538310617e-01	4.1435586963e+03
9.2856813390e+06	7.6525058592e-01	4.1517044618e+03
9.2856813390e+06	7.6511754258e-01	4.1598830752e+03
9.2856813390e+06	7.6498397584e-01	4.1680933464e+03
9.2856813390e+06	7.6484988054e-01	4.1763348901e+03
9.2856813390e+06	7.6471525293e-01	4.1846079379e+03
9.2856813390e+06	7.6458008901e-01	4.1929136769e+03
9.2856813390e+06	7.6444438182e-01	4.2012547148e+03
9.2856813390e+06	7.6430813176e-01	4.2096347138e+03
9.2856813390e+06	7.6417132938e-01	4.2180597945e+03
9.2856813390e+06	7.6403396713e-01	4.2265383339e+03
9.2856813390e+06	7.6389604149e-01	4.2350811134e+03
9.2856813390e+06	7.6375754833e-01	4.2437017911e+03
9.2856813390e+06	7.6361847622e-01	4.2524173993e+03
9.2856813390e+06	7.6347882074e-01	4.2612474898e+03
9.2856813390e+06	7.6333857865e-01	4.2702141140e+03
9.2856813390e+06	7.6319773840e-01	4.2793417055e+03
9.2856813390e+06	7.6305630456e-01	4.2886545678e+03
9.2856813390e+06	7.6291426977e-01	4.2981773406e+03
9.2856813390e+06	7.6277162922e-01	4.3079324777e+03
9.2856813390e+06	7.6262837583e-01	4.3179391524e+03
9.2856813390e+06	7.6248451322e-01	4.3282111579e+03
9.2856813390e+06	7.6234003545e-01	4.3387564584e+03
9.2856813390e+06	7.6219493274e-01	4.3495767794e+03
9.2856813390e+06	7.6204920183e-01	4.3606667595e+03
9.2856813390e+06	7.6190284357e-01	4.3720149496e+03
9.2856813390e+06	7.6175585675e-01	4.3836566435e+03
9.2856813390e+06	7.6160823787e-01	4.3956043237e+03
9.2856813390e+06	7.6145998699e-01	4.4077526392e+03
9.2856813390e+06	7.6131110243e-01	4.4200773408e+03
9.2856813390e+06	7.6116158344e-01	4.4325544574e+03
9.2856813390e+06	7.6101142381e-01	4.4451617824e+03
9.2856813390e+06	7.6086062393e-01	4.4578786110e+03
9.2856813390e+06	7.6070917709e-01	4.4706872872e+03
9.2856813390e+06	7.6055708293e-01	4.4835722527e+03
9.2856813390e+06	7.6040433589e-01	4.4965209686e+03
9.2856813390e+06	7.6025093190e-01	4.5095231748e+03
9.2856813390e+06	7.6009686664e-01	4.5225707597e+03
9.2856813390e+06	7.5994213423e-01	4.5356575644e+03
9.2856813390e+06	7.5978673160e-01	4.5487786931e+03
9.2856813390e+06	7.5963065540e-01	4.5619304634e+03
9.2856813390e+06	7.5947389951e-01	4.5751103451e+03
9.2856813390e+06	7.5931645782e-01	4.5883164848e+03
9.2856813390e+06	7.5915832799e-01	4.6015471910e+03
9.2856813390e+06	7.5899950261e-01	4.6148015145e+03
9.2856813390e+06	7.5883997906e-01	4.6280782983e+03
9.2856813390e+06	7.5867975111e-01	4.6413767860e+03
9.2856813390e+06	7.5851881260e-01	4.6546962461e+03
9.2856813390e+06	7.5835716055e-01	4.6680356703e+03
9.2856813390e+06	7.5819478869e-01	4.6813943077e+03
9.2856813390e+06	7.5803169062e-01	4.6947716750e+03
9.2856813390e+06	7.5786786146e-01	4.7081705742e+03
9.2856813390e+06	7.5770328694e-01	4.7216324319e+03
9.2856813390e+06	7.5753785828e-01	4.7356202824e+03
9.2856813390e+06	7.5738423203e-01	4.7550835972e+03
9.2856813390e+06	7.5736827991e-01	4.7715004806e+03
9.2856813390e+06	7.5735525922e-01	4.7859393123e+03
9.2856813390e+06	7.5734237409e-01	4.8018347144e+03
9.2856813390e+06	7.5732968569e-01	4.8159281773e+03
9.2856813390e+06	7.5731722926e-01	4.8260587662e+03
9.2856813390e+06	7.5730507417e-01	4.8325244114e+03
9.2856813390e+06	7.5729310103e-01	4.8370927943e+03
9.2856813390e+06	7.5728107764e-01	4.8410022815e+03
9.2856813390e+06	7.5726917479e-01	4.8444164482e+03
9.2856813390e+06	7.5725738282e-01	4.8475345135e+03
9.2856813390e+06	7.5724551353e-01	4.8506313278e+03
9.2856813390e+06	7.5723377690e-01	4.8535538117e+03
9.2856813390e+06	7.5722224285e-01	4.8562786333e+03
9.2856813390e+06	7.5721086917e-01	4.8588902143e+03
9.2856813390e+06	7.5720019707e-01	4.8609502900e+03
9.2856813390e+06	7.5719098237e-01	4.8618950150e+03
9.2856813390e+06	7.5718533070e-01	4.8601302514e+03
9.2856813390e+06	7.5718625078e-01	4.8547934988e+03
9.2856813390e+06	7.5719431237e-01	4.8446564508e+03
9.2856813390e+06	7.5721265435e-01	4.8272309497e+03
9.2856813390e+06	7.5724631480e-01	4.7984483240e+03
9.2856813390e+06	7.5730404151e-01	4.7519403519e+03
9.2856813390e+06	7.5739975308e-01	4.6780386187e+03
9.2856813390e+06	7.5755559074e-01	4.5625047384e+03
9.2856813390e+06	7.5780412711e-01	4.3859001387e+03
9.2856813390e+06	7.5805360681e-01	4.2184618361e+03
9.2856813390e+06	7.5829887535e-01	4.0606180796e+03
9.2856813390e+06	7.5853892979e-01	3.9113812355e+03
9.2656216037e+06	7.5872670963e-01	3.7801798291e+03
9.2656216037e+06	7.5553209334e-01	3.7800395534e+03
9.2656216037e+06	7.5552045549e-01	3.7797506280e+03
9.2656216037e+06	7.5550857295e-01	3.7806611060e+03
9.2656216037e+06	7.5549667324e-01	3.7851524509e+03
9.2656216037e+06	7.5548479678e-01	3.7913135758e+03
9.2656216037e+06	7.5547321352e-01	3.7964515599e+03
9.2656216037e+06	7.5546191732e-01	3.8002238367e+03
9.2656216037e+06	7.5545073936e-01	3.8032911277e+03
9.2656216037e+06	7.5543961961e-01	3.8060180879e+03
9.2656216037e+06	7.5542860966e-01	3.8084839509e+03
9.2656216037e+06	7.5541764597e-01	3.8108302599e+03
9.2656216037e+06	7.5540668691e-01	3.8131392612e+03
9.2656216037e+06	7.5539585640e-01	3.8153146057e+03
9.2656216037e+06	7.5538515429e-01	3.8173856162e+03
9.2656216037e+06	7.5537471486e-01	3.8192646422e+03
9.2656216037e+06	7.5536496184e-01	3.8206151985e+03
9.2656216037e+06	7.5535671987e-01	3.8208350230e+03
9.2656216037e+06	7.5535257876e-01	3.8190345023e+03
9.2656216037e+06	7.5535275715e-01	3.8147415055e+03
9.2656216037e+06	7.5535835447e-01	3.8068301735e+03
9.2656216037e+06	7.5537186200e-01	3.7933272834e+03
9.2656216037e+06	7.5539733424e-01	3.7710423037e+03
9.2656216037e+06	7.5544176362e-01	3.7349814860e+03
9.2656216037e+06	7.5551260271e-01	3.6775063752e+03
9.2656216037e+06	7.5546054516e-01	3.5873153057e+03
9.2656216037e+06	7.5533653567e-01	3.5750377760e+03
9.2656216037e+06	7.5523559398e-01	3.5795324197e+03
9.2656216037e+06	7.5513167717e-01	3.5847869363e+03
9.2656216037e+06	7.5502156930e-01	3.5905040587e+03
9.2656216037e+06	7.5490968397e-01	3.5965088312e+03
9.2656216037e+06	7.5479626708e-01	3.6027189961e+03
9.2656216037e+06	7.5468011545e-01	3.6090912097e+03
9.2656216037e+06	7.5455982931e-01	3.6155989030e+03
9.2656216037e+06	7.5443705423e-01	3.6222218799e+03
9.2656216037e+06	7.5431150387e-01	3.6289463965e+03
9.2656216037e+06	7.5418068771e-01	3.6357634610e+03
9.2656216037e+06	7.5404503904e-01	3.6426642236e+03
9.2656216037e+06	7.5390654434e-01	3.6496403093e+03
9.2656216037e+06	7.5376751391e-01	3.6566842506e+03
9.2656216037e+06	7.5362794320e-01	3.6637912855e+03
9.2656216037e+06	7.5348783235e-01	3.6709570893e+03
9.2656216037e+06	7.5334717625e-01	3.6781781345e+03
9.2656216037e+06	7.5320597188e-01	3.6854511983e+03
9.2656216037e+06	7.5306421937e-01	3.6927732228e+03
9.2656216037e+06	7.5292191359e-01	3.7001416748e+03
9.2656216037e+06	7.5277905138e-01	3.7075541201e+03
9.2656216037e+06	7.5263562827e-01	3.7150083480e+03
9.2656216037e+06	7.5249164216e-01	3.7225021452e+03
9.2656216037e+06	7.5234709109e-01	3.7300333829e+03
9.2656216037e+06	7.5220197038e-01	3.7376001489e+03
9.2656216037e+06	7.5205627658e-01	3.7452005319e+03
9.2656216037e+06	7.5191000467e-01	3.7528327675e+03
9.2656216037e+06	7.5176315416e-01	3.7604949331e+03
9.2656216037e+06	7.5161557455e-01	3.7681856477e+03
9.2656216037e+06	7.5146671503e-01	3.7759036426e+03
9.2656216037e+06	7.5131670182e-01	3.7836477428e+03
9.2656216037e+06	7.5116578571e-01	3.7914167536e+03
9.2656216037e+06	7.5101398057e-01	3.7992102123e+03
9.2656216037e+06	7.5086130500e-01	3.8070282071e+03
9.2656216037e+06	7.5070771913e-01	3.8148719367e+03
9.2656216037e+06	7.5055310172e-01	3.8227436908e+03
9.2656216037e+06	7.5039727394e-01	3.8306473165e+03
9.2656216037e+06	7.5024006648e-01	3.8385882117e+03
9.2656216037e+06	7.5008216725e-01	3.8465732380e+03
9.2656216037e+06	7.4992361969e-01	3.8546123330e+03
9.2656216037e+06	7.4976441912e-01	3.8627179613e+03
9.2656216037e+06	7.4960455836e-01	3.8709053313e+03
9.2656216037e+06	7.4944403346e-01	3.8791921298e+03
9.2656216037e+06	7.4928284327e-01	3.8875980529e+03
9.2656216037e+06	7.4912097641e-01	3.8961446200e+03
9.2656216037e+06	7.4895842371e-01	3.9048540331e+03
9.2656216037e+06	7.4879518110e-01	3.9137470786e+03
9.2656216037e+06	7.4863123471e-01	3.9228433164e+03
9.2656216037e+06	7.4846658008e-01	3.9321587029e+03
9.2656216037e+06	7.4830121213e-01	3.9417150291e+03
9.2656216037e+06	7.4813512817e-01	3.9516082723e+03
9.2656216037e+06	7.4796832533e-01	3.9617403251e+03
9.2656216037e+06	7.4780079881e-01	3.9721050371e+03
9.2656216037e+06	7.4763255112e-01	3.9826904402e+03
9.2656216037e+06	7.4746357779e-01	3.9934806240e+03
9.2656216037e+06	7.4729387657e-01	4.0044564807e+03
9.2656216037e+06	7.4712344211e-01	4.0155973450e+03
9.2656216037e+06	7.4695227741e-01	4.0268815498e+03
9.2656216037e+06	7.4678037646e-01	4.0382886826e+03
9.2656216037e+06	7.4660773374e-01	4.0497997571e+03
9.2656216037e+06	7.4643434944e-01	4.0613974354e+03
9.2656216037e+06	7.4626021743e-01	4.0730670938e+03
9.2656216037e+06	7.4608533132e-01	4.0847965035e+03
9.2656216037e+06	7.4590969014e-01	4.0965753429e+03
9.2656216037e+06	7.4573328530e-01	4.1083958612e+03
9.2656216037e+06	7.4555611349e-01	4.1202517480e+03
9.2656216037e+06	7.4537816942e-01	4.1321383244e+03
9.2656216037e+06	7.4519944930e-01	4.1440520209e+03
9.2656216037e+06	7.4501994594e-01	4.1559904386e+03
9.2656216037e+06	7.4483965374e-01	4.1679517791e+03
9.2656216037e+06	7.4465856552e-01	4.1799348549e+03
9.2656216037e+06	7.4447667850e-01	4.1919385313e+03
9.2656216037e+06	7.4429398398e-01	4.2039622819e+03
9.2656216037e+06	7.4411047693e-01	4.2160054535e+03
9.2656216037e+06	7.4392615367e-01	4.2280673559e+03
9.2656216037e+06	7.4374100681e-01	4.2401475371e+03
9.2656216037e+06	7.4355503004e-01	4.2522454383e+03
9.2656216037e+06	7.4336821731e-01	4.2643604340e+03
9.2656216037e+06	7.4318056247e-01	4.2764918827e+03
9.2656216037e+06	7.4299205919e-01	4.2886395552e+03
9.2656216037e+06	7.4280269688e-01	4.3008084122e+03
9.2656216037e+06	7.4261245257e-01	4.3130596738e+03
9.2656216037e+06	7.4242115737e-01	4.3260693244e+03
9.2656216037e+06	7.4227752036e-01	4.3468244667e+03
9.2656216037e+06	7.4226288116e-01	4.3570605322e+03
9.2656216037e+06	7.4224823926e-01	4.3699571377e+03
9.2656216037e+06	7.4223378630e-01	4.3832964741e+03
9.2656216037e+06	7.4221952927e-01	4.3945337432e+03
9.2656216037e+06	7.4220553374e-01	4.4023483387e+03
9.2656216037e+06	7.4219180831e-01	4.4075262054e+03
9.2656216037e+06	7.4217820625e-01	4.4114498462e+03
9.2656216037e+06	7.4216457140e-01	4.4149015574e+03
9.2656216037e+06	7.4215106017e-01	4.4179803163e+03
9.2656216037e+06	7.4213763869e-01	4.4208487741e+03
9.2656216037e+06	7.4212415935e-01	4.4237012100e+03
9.2656216037e+06	7.4211084864e-01	4.4263857216e+03
9.2656216037e+06	7.4209773645e-01	4.4289158550e+03
9.2656216037e+06	7.4208491556e-01	4.4312643856e+03
9.2656216037e+06	7.4207299348e-01	4.4330113856e+03
9.2656216037e+06	7.4206301120e-01	4.4334922797e+03
9.2656216037e+06	7.4205801793e-01	4.4313257355e+03
9.2656216037e+06	7.4205967734e-01	4.4258690456e+03
9.2656216037e+06	7.4206929027e-01	4.4157745442e+03
9.2656216037e+06	7.4209046888e-01	4.3985698205e+03
9.2656216037e+06	7.4212911739e-01	4.3705950666e+03
9.2656216037e+06	7.4219526083e-01	4.3254637708e+03
9.2656216037e+06	7.4230480753e-01	4.2538548926e+03
9.2656216037e+06	7.4248315360e-01	4.1420414617e+03
9.2656216037e+06	7.4273407687e-01	3.9907619697e+03
9.2656216037e+06	7.4295449510e-01	3.8483171039e+03
9.2544854407e+06	7.4313951375e-01	3.7184590512e+03
9.2544854407e+06	7.4261725666e-01	3.7178771688e+03
9.2544854407e+06	7.4248851253e-01	3.7178025262e+03
9.2544854407e+06	7.4235835155e-01	3.7173946679e+03
9.2544854407e+06	7.4222730010e-01	3.7190833650e+03
9.2544854407e+06	7.4209554578e-01	3.7230995213e+03
9.2544854407e+06	7.4196317115e-01	3.7286219923e+03
9.2544854407e+06	7.4183021871e-01	3.7350350820e+03
9.2544854407e+06	7.4169671222e-01	3.7419784689e+03
9.2544854407e+06	7.4156266574e-01	3.7492484606e+03
9.2544854407e+06	7.4142808373e-01	3.7567288399e+03
9.2544854407e+06	7.4129296933e-01	3.7643516113e+03
9.2544854407e+06	7.4115732414e-01	3.7720759371e+03
9.2544854407e+06	7.4102114779e-01	3.7798766200e+03
9.2544854407e+06	7.4088442196e-01	3.7877377975e+03
9.2544854407e+06	7.4074656216e-01	3.7956491781e+03
9.2544854407e+06	7.4060747841e-01	3.8036037857e+03
9.2544854407e+06	7.4046749481e-01	3.8115960578e+03
9.2544854407e+06	7.4032664456e-01	3.8196222230e+03
9.2544854407e+06	7.4018494692e-01	3.8276794533e+03
9.2544854407e+06	7.4004234571e-01	3.8357656539e+03
9.2544854407e+06	7.3989870716e-01	3.8438796772e+03
9.2544854407e+06	7.3975370642e-01	3.8520213748e+03
9.2544854407e+06	7.3960751982e-01	3.8601906647e+03
9.2544854407e+06	7.3946075051e-01	3.8683886019e+03
9.2544854407e+06	7.3931339827e-01	3.8766178862e+03
9.2544854407e+06	7.3916545849e-01	3.8848830573e+03
9.2544854407e+06	7.3901692620e-01	3.8931906901e+03
9.2544854407e+06	7.3886780457e-01	3.9015493169e+03
9.2544854407e+06	7.3871808155e-01	3.9099705177e+03
9.2544854407e+06	7.3856775442e-01	3.9184682412e+03
9.2544854407e+06	7.3841680931e-01	3.9270592730e+03
9.2544854407e+06	7.3826523526e-01	3.9357628537e+03
9.2544854407e+06	7.3811302799e-01	3.9446000620e+03
9.2544854407e+06	7.3796017740e-01	3.9536071558e+03
9.2544854407e+06	7.3780667766e-01	3.9628827956e+03
9.2544854407e+06	7.3765251816e-01	3.9723600403e+03
9.2544854407e+06	7.3749770044e-01	3.9820565192e+03
9.2544854407e+06	7.3734221691e-01	3.9919861969e+03
9.2544854407e+06	7.3718606826e-01	4.0021571594e+03
9.2544854407e+06	7.3702924833e-01	4.0125718814e+03
9.2544854407e+06	7.3687175481e-01	4.0232263852e+03
9.2544854407e+06	7.3671358345e-01	4.0341110113e+03
9.2544854407e+06	7.3655473488e-01	4.0452108277e+03
9.2544854407e+06	7.3639520927e-01	4.0565072177e+03
9.2544854407e+06	7.3623500249e-01	4.0679796280e+03
9.2544854407e+06	7.3607411218e-01	4.0796064340e+03
9.2544854407e+06	7.3591253354e-01	4.0913664369e+03
9.2544854407e+06	7.3575026810e-01	4.1032392850e+03
9.2544854407e+06	7.3558730833e-01	4.1152071979e+03
9.2544854407e+06	7.3542365430e-01	4.1272541391e+03
9.2544854407e+06	7.3525929831e-01	4.1393670892e+03
9.2544854407e+06	7.3509423963e-01	4.1515349029e+03
9.2544854407e+06	7.3492847028e-01	4.1637491632e+03
9.2544854407e+06	7.3476198660e-01	4.1760030666e+03
9.2544854407e+06	7.3459478658e-01	4.1882913123e+03
9.2544854407e+06	7.3442686139e-01	4.2006104270e+03
9.2544854407e+06	7.3425820793e-01	4.2129575492e+03
9.2544854407e+06	7.3408882146e-01	4.2253307222e+03
9.2544854407e+06	7.3391869566e-01	4.2377286699e+03
9.2544854407e+06	7.3374782377e-01	4.2501505313e+03
9.2544854407e+06	7.3357620176e-01	4.2625954942e+03
9.2544854407e+06	7.3340382543e-01	4.2750628982e+03
9.2544854407e+06	7.3323068668e-01	4.2875524220e+03
9.2544854407e+06	7.3305678057e-01	4.3000633894e+03
9.2544854407e+06	7.3288209838e-01	4.3125953607e+03
9.2544854407e+06	7.3270663489e-01	4.3251477546e+03
9.2544854407e+06	7.3253038129e-01	4.3377200149e+03
9.2544854407e+06	7.3235333411e-01	4.3503114730e+03
9.2544854407e+06	7.3217549514e-01	4.3629227218e+03
9.2544854407e+06	7.3199686566e-01	4.3755678618e+03
9.2544854407e+06	7.3181740210e-01	4.3884098922e+03
9.2544854407e+06	7.3163669921e-01	4.4032214333e+03
9.2544854407e+06	7.3155980751e-01	4.4270342726e+03
9.2544854407e+06	7.3154556585e-01	4.4399955148e+03
9.2544854407e+06	7.3153149174e-01	4.4537261320e+03
9.2544854407e+06	7.3151762873e-01	4.4654873618e+03
9.2544854407e+06	7.3150398129e-01	4.4738712903e+03
9.2544854407e+06	7.3149062323e-01	4.4794102278e+03
9.2544854407e+06	7.3147743259e-01	4.4835509007e+03
9.2544854407e+06	7.3146417128e-01	4.4872144809e+03
9.2544854407e+06	7.3145104232e-01	4.4904744175e+03
9.2544854407e+06	7.3143803744e-01	4.4934836500e+03
9.2544854407e+06	7.3142492853e-01	4.4965006956e+03
9.2544854407e+06	7.3141199557e-01	4.4993417950e+03
9.2544854407e+06	7.3139928754e-01	4.5020061901e+03
9.2544854407e+06	7.3138683682e-01	4.5045135148e+03
9.2544854407e+06	7.3137529888e-01	4.5064160815e+03
9.2544854407e+06	7.3136571526e-01	4.5070543700e+03
9.2544854407e+06	7.3136108823e-01	4.5049557764e+03
9.2544854407e+06	7.3136337374e-01	4.4994291362e+03
9.2544854407e+06	7.3137384073e-01	4.4891277567e+03
9.2544854407e+06	7.3139629054e-01	4.4715256375e+03
9.2544854407e+06	7.3143679839e-01	4.4425461731e+03
9.2544854407e+06	7.3150578691e-01	4.3959793354e+03
9.2544854407e+06	7.3161981997e-01	4.3226759718e+03
9.2544854407e+06	7.3180502908e-01	4.2083261234e+03
9.2544854407e+06	7.3206520844e-01	4.0540477305e+03
9.2544854407e+06	7.3231300094e-01	3.9085407818e+03
9.2544854407e+06	7.3250738095e-01	3.7714575729e+03
9.2544854407e+06	7.3260489380e-01	3.6411542528e+03
9.2425881232e+06	7.3245357839e-01	3.6018542167e+03
9.2425881232e+06	7.3087387718e-01	3.5997335569e+03
9.2425881232e+06	7.3077571409e-01	3.5998994880e+03
9.2425881232e+06	7.3066922206e-01	3.6005826136e+03
9.2425881232e+06	7.3055821230e-01	3.6034156979e+03
9.2425881232e+06	7.3044415601e-01	3.6081807288e+03
9.2425881232e+06	7.3032813208e-01	3.6141698736e+03
9.2425881232e+06	7.3020674918e-01	3.6208874668e+03
9.2425881232e+06	7.3008224982e-01	3.6280408502e+03
9.2425881232e+06	7.2995407150e-01	3.6354656897e+03
9.2425881232e+06	7.2981986469e-01	3.6430695665e+03
9.2425881232e+06	7.2968190482e-01	3.6507956479e+03
9.2425881232e+06	7.2954340685e-01	3.6586086347e+03
9.2425881232e+06	7.2940437199e-01	3.6664879963e+03
9.2425881232e+06	7.2926479669e-01	3.6744207869e+03
9.2425881232e+06	7.2912467829e-01	3.6823983638e+03
9.2425881232e+06	7.2898401380e-01	3.6904147532e+03
9.2425881232e+06	7.2884280002e-01	3.6984656699e+03
9.2425881232e+06	7.2870103286e-01	3.7065480014e+03
9.2425881232e+06	7.2855870820e-01	3.7146594744e+03
9.2425881232e+06	7.2841582320e-01	3.7227984593e+03
9.2425881232e+06	7.2827237551e-01	3.7309640164e+03
9.2425881232e+06	7.2812835684e-01	3.7391563546e+03
9.2425881232e+06	7.2798376597e-01	3.7473762575e+03
9.2425881232e+06	7.2783859229e-01	3.7556262555e+03
9.2425881232e+06	7.2769283557e-01	3.7639097508e+03
9.2425881232e+06	7.2754645417e-01	3.7722326642e+03
9.2425881232e+06	7.2739890326e-01	3.7806030422e+03
9.2425881232e+06	7.2725014312e-01	3.7890309719e+03
9.2425881232e+06	7.2710041427e-01	3.7975293358e+03
9.2425881232e+06	7.2694973228e-01	3.8061134648e+03
9.2425881232e+06	7.2679811492e-01	3.8148011813e+03
9.2425881232e+06	7.2664551873e-01	3.8236126704e+03
9.2425881232e+06	7.2649177288e-01	3.8325696269e+03
9.2425881232e+06	7.2633668214e-01	3.8416935646e+03
9.2425881232e+06	7.2618013513e-01	3.8510049565e+03
9.2425881232e+06	7.2602288365e-01	3.8605215543e+03
9.2425881232e+06	7.2586496186e-01	3.8702574625e+03
9.2425881232e+06	7.2570636493e-01	3.8802222563e+03
9.2425881232e+06	7.2554709176e-01	3.8904195746e+03
9.2425881232e+06	7.2538714400e-01	3.9008470161e+03
9.2425881232e+06	7.2522652390e-01	3.9114964114e+03
9.2425881232e+06	7.2506522830e-01	3.9223547375e+03
9.2425881232e+06	7.2490325567e-01	3.9334046471e+03
9.2425881232e+06	7.2474059105e-01	3.9446270092e+03
9.2425881232e+06	7.2457723524e-01	3.9560009560e+03
9.2425881232e+06	7.2441318404e-01	3.9675496528e+03
9.2425881232e+06	7.2424843754e-01	3.9792985001e+03
9.2425881232e+06	7.2408298830e-01	3.9911427609e+03
9.2425881232e+06	7.2391683366e-01	4.0030666260e+03
9.2425881232e+06	7.2374997143e-01	4.0150566477e+03
9.2425881232e+06	7.2358239552e-01	4.0271020221e+03
9.2425881232e+06	7.2341410474e-01	4.0391937842e+03
9.2425881232e+06	7.2324508864e-01	4.0513255692e+03
9.2425881232e+06	7.2307534509e-01	4.0634920587e+03
9.2425881232e+06	7.2290487226e-01	4.0756892559e+03
9.2425881232e+06	7.2273366176e-01	4.0879146854e+03
9.2425881232e+06	7.2256170673e-01	4.1001665635e+03
9.2425881232e+06	7.2238900332e-01	4.1124434695e+03
9.2425881232e+06	7.2221554748e-01	4.1247443974e+03
9.2425881232e+06	7.2204133218e-01	4.1370688107e+03
9.2425881232e+06	7.2186635180e-01	4.1494162154e+03
9.2425881232e+06	7.2169060067e-01	4.1617861897e+03
9.2425881232e+06	7.2151407312e-01	4.1741783160e+03
9.2425881232e+06	7.2133676337e-01	4.1865921567e+03
9.2425881232e+06	7.2115866562e-01	4.1990272209e+03
9.2425881232e+06	7.2097977401e-01	4.2114829598e+03
9.2425881232e+06	7.2080008073e-01	4.2239589174e+03
9.2425881232e+06	7.2061958244e-01	4.2364545819e+03
9.2425881232e+06	7.2043827132e-01	4.2489731973e+03
9.2425881232e+06	7.2025613131e-01	4.2615567592e+03
9.2425881232e+06	7.2007303995e-01	4.2746716341e+03
9.2425881232e+06	7.1990847267e-01	4.2932304001e+03
9.2425881232e+06	7.1989100811e-01	4.3073629280e+03
9.2425881232e+06	7.1987637035e-01	4.3199897431e+03
9.2425881232e+06	7.1986192841e-01	4.3330019537e+03
9.2425881232e+06	7.1984768230e-01	4.3439146399e+03
9.2425881232e+06	7.1983365918e-01	4.3515827775e+03
9.2425881232e+06	7.1981991733e-01	4.3567381640e+03
9.2425881232e+06	7.1980631470e-01	4.3607138732e+03
9.2425881232e+06	7.1979265621e-01	4.3642623998e+03
9.2425881232e+06	7.1977913624e-01	4.3674464024e+03
9.2425881232e+06	7.1976571913e-01	4.3704211480e+03
9.2425881232e+06	7.1975222497e-01	4.3733872885e+03
9.2425881232e+06	7.1973892398e-01	4.3761821224e+03
9.2425881232e+06	7.1972584456e-01	4.3788202030e+03
9.2425881232e+06	7.1971310399e-01	4.3812591957e+03
9.2425881232e+06	7.1970142030e-01	4.3830514284e+03
9.2425881232e+06	7.1969204929e-01	4.3834593944e+03
9.2425881232e+06	7.1968843768e-01	4.3813417545e+03
9.2425881232e+06	7.1969115028e-01	4.3761302089e+03
9.2425881232e+06	7.1970193955e-01	4.3664660913e+03
9.2425881232e+06	7.1972478732e-01	4.3499451158e+03
9.2425881232e+06	7.1976593786e-01	4.3227076301e+03
9.2425881232e+06	7.1983594804e-01	4.2787427017e+03
9.2425881232e+06	7.1995165282e-01	4.2088876351e+03
9.2425881232e+06	7.2013971681e-01	4.0997121390e+03
9.2425881232e+06	7.2040235508e-01	3.9526422178e+03
9.2425881232e+06	7.2061077335e-01	3.8146159063e+03
9.2425881232e+06	7.2077440021e-01	3.6835052707e+03
9.2425881232e+06	7.2060807216e-01	3.6071482386e+03
9.2425881232e+06	7.2050144616e-01	3.6122416327e+03
9.2425881232e+06	7.2039159656e-01	3.6181758206e+03
9.2425881232e+06	7.2027766452e-01	3.6246037455e+03
9.2425881232e+06	7.2015874792e-01	3.6313362586e+03
9.2425881232e+06	7.2003792058e-01	3.6382833844e+03
9.2425881232e+06	7.1991495171e-01	3.6453991925e+03
9.2425881232e+06	7.1978698819e-01	3.6526574379e+03
9.2425881232e+06	7.1965552219e-01	3.6600374245e+03
9.2425881232e+06	7.1952071140e-01	3.6675246864e+03
9.2425881232e+06	7.1937938635e-01	3.6751106957e+03
9.2425881232e+06	7.1923299346e-01	3.6827856113e+03
9.2425881232e+06	7.1908603678e-01	3.6905388993e+03
9.2425881232e+06	7.1893851388e-01	3.6983647227e+03
9.2425881232e+06	7.1879042201e-01	3.7062581661e+03
9.2425881232e+06	7.1864175829e-01	3.7142150172e+03
9.2425881232e+06	7.1849251858e-01	3.7222316724e+03
9.2425881232e+06	7.1834270289e-01	3.7303047257e+03
9.2425881232e+06	7.1819230579e-01	3.7384313964e+03
9.2425881232e+06	7.1804132259e-01	3.7466091247e+03
9.2425881232e+06	7.1788975099e-01	3.7548354247e+03
9.2425881232e+06	7.1773758882e-01	3.7631079596e+03
9.2425881232e+06	7.1758482968e-01	3.7714247446e+03
9.2425881232e+06	7.1743147129e-01	3.7797836624e+03
9.2425881232e+06	7.1727750985e-01	3.7881827549e+03
9.2425881232e+06	7.1712294324e-01	3.7966200351e+03
9.2425881232e+06	7.1696775824e-01	3.8050938615e+03
9.2425881232e+06	7.1681131948e-01	3.8136027961e+03
9.2425881232e+06	7.1665365789e-01	3.8221452736e+03
9.2425881232e+06	7.1649499802e-01	3.8307197540e+03
9.2425881232e+06	7.1633533789e-01	3.8393248063e+03
9.2425881232e+06	7.1617462552e-01	3.8479596978e+03
9.2425881232e+06	7.1601278163e-01	3.8566242074e+03
9.2425881232e+06	7.1584951270e-01	3.8653186053e+03
9.2425881232e+06	7.1568459529e-01	3.8740444705e+03
9.2425881232e+06	7.1551895301e-01	3.8828033347e+03
9.2425881232e+06	7.1535264151e-01	3.8915990089e+03
9.2425881232e+06	7.1518565764e-01	3.9004372057e+03
9.2425881232e+06	7.1501799795e-01	3.9093258405e+03
9.2425881232e+06	7.1484966167e-01	3.9182753317e+03
9.2425881232e+06	7.1468064379e-01	3.9272987040e+03
9.2425881232e+06	7.1451093579e-01	3.9364119959e+03
9.2425881232e+06	7.1434052243e-01	3.9456338311e+03
9.2425881232e+06	7.1416938786e-01	3.9549852223e+03
9.2425881232e+06	7.1399753050e-01	3.9644882647e+03
9.2425881232e+06	7.1382493606e-01	3.9741928178e+03
9.2425881232e+06	7.1365160178e-01	3.9841792475e+03
9.2425881232e+06	7.1347752135e-01	3.9943844693e+03
9.2425881232e+06	7.1330268913e-01	4.0048244127e+03
9.2425881232e+06	7.1312710051e-01	4.0155098734e+03
9.2425881232e+06	7.1295075171e-01	4.0264455984e+03
9.2425881232e+06	7.1277363956e-01	4.0376299101e+03
9.2425881232e+06	7.1259576138e-01	4.0490549165e+03
9.2425881232e+06	7.1241711730e-01	4.0607070887e+03
9.2425881232e+06	7.1223769973e-01	4.0725691251e+03
9.2425881232e+06	7.1205751121e-01	4.0846202101e+03
9.2425881232e+06	7.1187654641e-01	4.0968386704e+03
9.2425881232e+06	7.1169480220e-01	4.1092025534e+03
9.2425881232e+06	7.1151227506e-01	4.1216909861e+03
9.2425881232e+06	7.1132895828e-01	4.1342851046e+03
9.2425881232e+06	7.1114485099e-01	4.1469679454e+03
9.2425881232e+06	7.1095995017e-01	4.1597251798e+03
9.2425881232e+06	7.1077424871e-01	4.1725452669e+03
9.2425881232e+06	7.1058773934e-01	4.1854190038e+03
9.2425881232e+06	7.1040042075e-01	4.1983388461e+03
9.2425881232e+06	7.1021228178e-01	4.2112996845e+03
9.2425881232e+06	7.1002332364e-01	4.2242969992e+03
9.2425881232e+06	7.0983353696e-01	4.2373281300e+03
9.2425881232e+06	7.0964291572e-01	4.2503910462e+03
9.2425881232e+06	7.0945145382e-01	4.2634843463e+03
9.2425881232e+06	7.0925914344e-01	4.2766071780e+03
9.2425881232e+06	7.0906598166e-01	4.2897586291e+03
9.2425881232e+06	7.0887196051e-01	4.3029382903e+03
9.2425881232e+06	7.0867707148e-01	4.3161457146e+03
9.2425881232e+06	7.0848130593e-01	4.3293804646e+03
9.2425881232e+06	7.0828465516e-01	4.3426422071e+03
9.2425881232e+06	7.0808711467e-01	4.3559301608e+03
9.2425881232e+06	7.0788867887e-01	4.3692439485e+03
9.2425881232e+06	7.0768935454e-01	4.3825827697e+03
9.2425881232e+06	7.0748914274e-01	4.3959464318e+03
9.2425881232e+06	7.0728803590e-01	4.4093392473e+03
9.2425881232e+06	7.0708599615e-01	4.4228152139e+03
9.2425881232e+06	7.0688287013e-01	4.4370591210e+03
9.2425881232e+06	7.0671427196e-01	4.4583525104e+03
9.2425881232e+06	7.0669691975e-01	4.4713417332e+03
9.2425881232e+06	7.0668089441e-01	4.4850482001e+03
9.2425881232e+06	7.0666507931e-01	4.4990830631e+03
9.2425881232e+06	7.0664946948e-01	4.5107807778e+03
9.2425881232e+06	7.0663410517e-01	4.5189550559e+03
9.2425881232e+06	7.0661903307e-01	4.5244793655e+03
9.2425881232e+06	7.0660409084e-01	4.5287865736e+03
9.2425881232e+06	7.0658909957e-01	4.5326356035e+03
9.2425881232e+06	7.0657425605e-01	4.5360985831e+03
9.2425881232e+06	7.0655950333e-01	4.5393544068e+03
9.2425881232e+06	7.0654469216e-01	4.5425867031e+03
9.2425881232e+06	7.0653009267e-01	4.5456312112e+03
9.2425881232e+06	7.0651572301e-01	4.5485155480e+03
9.2425881232e+06	7.0650178348e-01	4.5511424124e+03
9.2425881232e+06	7.0648905534e-01	4.5530114946e+03
9.2425881232e+06	7.0647903973e-01	4.5532210339e+03
9.2425881232e+06	7.0647564069e-01	4.5507909697e+03
9.2425881232e+06	7.0647848935e-01	4.5451318196e+03
9.2425881232e+06	7.0648969422e-01	4.5347231814e+03
9.2425881232e+06	7.0651348282e-01	4.5169650080e+03
9.2425881232e+06	7.0655644821e-01	4.4877085853e+03
9.2425881232e+06	7.0662966403e-01	4.4405232092e+03
9.2425881232e+06	7.0675083423e-01	4.3664018254e+03
9.2425881232e+06	7.0694787272e-01	4.2509727227e+03
9.2425881232e+06	7.0722391558e-01	4.0961145328e+03
9.2425881232e+06	7.0749217965e-01	3.9500412567e+03
9.2425881232e+06	7.0770512859e-01	3.8129919019e+03
9.2425881232e+06	7.0785791600e-01	3.6829026424e+03
9.2425881232e+06	7.0770050954e-01	3.6175335956e+03
9.2425881232e+06	7.0759638167e-01	3.6228649432e+03
9.2425881232e+06	7.0748890577e-01	3.6290462000e+03
9.2425881232e+06	7.0737704126e-01	3.6357231263e+03
9.2425881232e+06	7.0726025164e-01	3.6427059631e+03
9.2425881232e+06	7.0714140826e-01	3.6499053167e+03
9.2425881232e+06	7.0702052652e-01	3.6572752591e+03
9.2425881232e+06	7.0689384880e-01	3.6647903888e+03
9.2425881232e+06	7.0676391562e-01	3.6724291518e+03
9.2425881232e+06	7.0662954969e-01	3.6801780741e+03
9.2425881232e+06	7.0648833612e-01	3.6880280551e+03
9.2425881232e+06	7.0634389370e-01	3.6959675378e+03
9.2425881232e+06	7.0619889727e-01	3.7039873782e+03
9.2425881232e+06	7.0605334605e-01	3.7120816439e+03
9.2425881232e+06	7.0590723651e-01	3.7202454633e+03
9.2425881232e+06	7.0576056471e-01	3.7284746848e+03
9.2425881232e+06	7.0561332861e-01	3.7367655942e+03
9.2425881232e+06	7.0546552607e-01	3.7451149035e+03
9.2425881232e+06	7.0531715152e-01	3.7535198531e+03
9.2425881232e+06	7.0516820400e-01	3.7619776820e+03
9.2425881232e+06	7.0501867744e-01	3.7704861221e+03
9.2425881232e+06	7.0486856959e-01	3.7790428470e+03
9.2425881232e+06	7.0471787830e-01	3.7876456430e+03
9.2425881232e+06	7.0456659695e-01	3.7962926469e+03
9.2425881232e+06	7.0441472327e-01	3.8049818193e+03
9.2425881232e+06	7.0426225516e-01	3.8137111768e+03
9.2425881232e+06	7.0410889512e-01	3.8224793230e+03
9.2425881232e+06	7.0395421968e-01	3.8312847902e+03
9.2425881232e+06	7.0379848565e-01	3.8401255835e+03
9.2425881232e+06	7.0364175949e-01	3.8490004757e+03
9.2425881232e+06	7.0348392702e-01	3.8579080401e+03
9.2425881232e+06	7.0332495360e-01	3.8668475856e+03
9.2425881232e+06	7.0316449098e-01	3.8758191230e+03
9.2425881232e+06	7.0300230582e-01	3.8848230147e+03
9.2425881232e+06	7.0283940834e-01	3.8938596702e+03
9.2425881232e+06	7.0267586055e-01	3.9029313310e+03
9.2425881232e+06	7.0251165786e-01	3.9120420691e+03
9.2425881232e+06	7.0234679807e-01	3.9211977067e+03
9.2425881232e+06	7.0218127863e-01	3.9304064496e+03
9.2425881232e+06	7.0201509433e-01	3.9396787660e+03
9.2425881232e+06	7.0184823855e-01	3.9490280353e+03
9.2425881232e+06	7.0168069217e-01	3.9584705800e+03
9.2425881232e+06	7.0151245115e-01	3.9680250007e+03
9.2425881232e+06	7.0134350305e-01	3.9777128117e+03
9.2425881232e+06	7.0117383568e-01	3.9876233922e+03
9.2425881232e+06	7.0100344682e-01	3.9977606883e+03
9.2425881232e+06	7.0083232980e-01	4.0081019485e+03
9.2425881232e+06	7.0066047742e-01	4.0186672639e+03
9.2425881232e+06	7.0048788714e-01	4.0294725410e+03
9.2425881232e+06	7.0031455155e-01	4.0405287738e+03
9.2425881232e+06	7.0014046693e-01	4.0518406023e+03
9.2425881232e+06	6.9996562508e-01	4.0634064579e+03
9.2425881232e+06	6.9979003359e-01	4.0752174489e+03
9.2425881232e+06	6.9961368500e-01	4.0872601587e+03
9.2425881232e+06	6.9943657692e-01	4.0995165391e+03
9.2425881232e+06	6.9925870709e-01	4.1119656953e+03
9.2425881232e+06	6.9908007024e-01	4.1245856263e+03
9.2425881232e+06	6.9890066829e-01	4.1373537371e+03
9.2425881232e+06	6.9872049187e-01	4.1502493635e+03
9.2425881232e+06	6.9853954089e-01	4.1632530586e+03
9.2425881232e+06	6.9835781401e-01	4.1763478242e+03
9.2425881232e+06	6.9817530131e-01	4.1895198275e+03
9.2425881232e+06	6.9799200232e-01	4.2027571024e+03
9.2425881232e+06	6.9780790968e-01	4.2160505347e+03
9.2425881232e+06	6.9762301803e-01	4.2293929533e+03
9.2425881232e+06	6.9743731833e-01	4.2427792135e+03
9.2425881232e+06	6.9725080834e-01	4.2562051198e+03
9.2425881232e+06	6.9706348374e-01	4.2696677516e+03
9.2425881232e+06	6.9687533708e-01	4.2831652648e+03
9.2425881232e+06	6.9668636230e-01	4.2966963257e+03
9.2425881232e+06	6.9649655491e-01	4.3102599044e+03
9.2425881232e+06	6.9630590391e-01	4.3238554901e+03
9.2425881232e+06	6.9611440011e-01	4.3374827018e+03
9.2425881232e+06	6.9592203896e-01	4.3511408949e+03
9.2425881232e+06	6.9572881240e-01	4.3648297600e+03
9.2425881232e+06	6.9553472057e-01	4.3785488378e+03
9.2425881232e+06	6.9533976907e-01	4.3922976045e+03
9.2425881232e+06	6.9514395813e-01	4.4060754709e+03
9.2425881232e+06	6.9494727936e-01	4.4198818133e+03
9.2425881232e+06	6.9474970495e-01	4.4337165663e+03
9.2425881232e+06	6.9455122558e-01	4.4476827595e+03
9.2425881232e+06	6.9435182650e-01	4.4618024259e+03
9.2425881232e+06	6.9415134826e-01	4.4766637976e+03
9.2425881232e+06	6.9398737448e-01	4.4989861102e+03
9.2425881232e+06	6.9397014087e-01	4.5119404965e+03
9.2425881232e+06	6.9395395519e-01	4.5260849598e+03
9.2425881232e+06	6.9393799754e-01	4.5404121561e+03
9.2425881232e+06	6.9392223817e-01	4.5522470385e+03
9.2425881232e+06	6.9390672994e-01	4.5604797790e+03
9.2425881232e+06	6.9389152043e-01	4.5660995626e+03
9.2425881232e+06	6.9387642995e-01	4.5705486345e+03
9.2425881232e+06	6.9386130658e-01	4.5745374442e+03
9.2425881232e+06	6.9384634019e-01	4.5781401681e+03
9.2425881232e+06	6.9383144790e-01	4.5815515265e+03
9.2425881232e+06	6.9381651465e-01	4.5849241021e+03
9.2425881232e+06	6.9380181316e-01	4.5881001844e+03
9.2425881232e+06	6.9378734165e-01	4.5911208201e+03
9.2425881232e+06	6.9377338890e-01	4.5938288458e+03
9.2425881232e+06	6.9376082397e-01	4.5956864427e+03
9.2425881232e+06	6.9375144489e-01	4.5956347494e+03
9.2425881232e+06	6.9374924504e-01	4.5927152658e+03
9.2425881232e+06	6.9375382984e-01	4.5862509667e+03
9.2425881232e+06	6.9376779771e-01	4.5745276723e+03
9.2425881232e+06	6.9379584159e-01	4.5546524081e+03
9.2425881232e+06	6.9384556544e-01	4.5220340686e+03
9.2425881232e+06	6.9392953478e-01	4.4695711799e+03
9.2425881232e+06	6.9406767750e-01	4.3872456650e+03
9.2425881232e+06	6.9429148304e-01	4.2599064105e+03
9.2425881232e+06	6.9457540468e-01	4.1051242471e+03
9.2425881232e+06	6.9485088614e-01	3.9592769951e+03
9.2425881232e+06	6.9507112905e-01	3.8225405786e+03
9.2425881232e+06	6.9523162705e-01	3.6928594529e+03
9.2425881232e+06	6.9504869947e-01	3.6106034908e+03
9.2425881232e+06	6.9494757452e-01	3.6161508003e+03
9.2425881232e+06	6.9484067418e-01	3.6225639914e+03
9.2425881232e+06	6.9473033994e-01	3.6294737552e+03
9.2425881232e+06	6.9461721237e-01	3.6366879603e+03
9.2425881232e+06	6.9449790689e-01	3.6441226072e+03
9.2425881232e+06	6.9437652571e-01	3.6517288055e+03
9.2425881232e+06	6.9425237494e-01	3.6594789608e+03
9.2425881232e+06	6.9412408724e-01	3.6673548099e+03
9.2425881232e+06	6.9399144222e-01	3.6753422019e+03
9.2425881232e+06	6.9385530409e-01	3.6834295388e+03
9.2425881232e+06	6.9371206575e-01	3.6916111544e+03
9.2425881232e+06	6.9356362787e-01	3.6998783914e+03
9.2425881232e+06	6.9341462091e-01	3.7082217695e+03
9.2425881232e+06	6.9326504324e-01	3.7166363375e+03
9.2425881232e+06	6.9311489170e-01	3.7251179233e+03
9.2425881232e+06	6.9296416310e-01	3.7336628941e+03
9.2425881232e+06	6.9281285406e-01	3.7422680495e+03
9.2425881232e+06	6.9266096118e-01	3.7509305215e+03
9.2425881232e+06	6.9250848225e-01	3.7596476314e+03
9.2425881232e+06	6.9235541095e-01	3.7684171378e+03
9.2425881232e+06	6.9220174494e-01	3.7772367277e+03
9.2425881232e+06	6.9204748201e-01	3.7861041991e+03
9.2425881232e+06	6.9189261524e-01	3.7950177133e+03
9.2425881232e+06	6.9173714230e-01	3.8039752403e+03
9.2425881232e+06	6.9158105926e-01	3.8129749058e+03
9.2425881232e+06	6.9142436396e-01	3.8220147982e+03
9.2425881232e+06	6.9126680902e-01	3.8310936375e+03
9.2425881232e+06	6.9110796513e-01	3.8402099871e+03
9.2425881232e+06	6.9094805061e-01	3.8493622562e+03
9.2425881232e+06	6.9078701852e-01	3.8585491730e+03
9.2425881232e+06	6.9062488071e-01	3.8677700000e+03
9.2425881232e+06	6.9046142427e-01	3.8770245631e+03
9.2425881232e+06	6.9029617090e-01	3.8863135870e+03
9.2425881232e+06	6.9012946672e-01	3.8956381884e+03
9.2425881232e+06	6.8996209356e-01	3.9049999392e+03
9.2425881232e+06	6.8979404737e-01	3.9144029974e+03
9.2425881232e+06	6.8962532541e-01	3.9238532824e+03
9.2425881232e+06	6.8945592165e-01	3.9333592577e+03
9.2425881232e+06	6.8928584079e-01	3.9429313025e+03
9.2425881232e+06	6.8911507358e-01	3.9525831044e+03
9.2425881232e+06	6.8894360850e-01	3.9623310085e+03
9.2425881232e+06	6.8877142366e-01	3.9721945459e+03
9.2425881232e+06	6.8859851731e-01	3.9821948338e+03
9.2425881232e+06	6.8842488095e-01	3.9923581628e+03
9.2425881232e+06	6.8825050480e-01	4.0028187924e+03
9.2425881232e+06	6.8807537871e-01	4.0134878866e+03
9.2425881232e+06	6.8789950230e-01	4.0243851765e+03
9.2425881232e+06	6.8772286694e-01	4.0355269091e+03
9.2425881232e+06	6.8754546498e-01	4.0469239580e+03
9.2425881232e+06	6.8736729848e-01	4.0585803393e+03
9.2425881232e+06	6.8718835837e-01	4.0704941961e+03
9.2425881232e+06	6.8700864774e-01	4.0826565385e+03
9.2425881232e+06	6.8682816119e-01	4.0950534167e+03
9.2425881232e+06	6.8664689358e-01	4.1076665984e+03
9.2425881232e+06	6.8646484781e-01	4.1204745109e+03
9.2425881232e+06	6.8628201567e-01	4.1334551214e+03
9.2425881232e+06	6.8609839666e-01	4.1465858639e+03
9.2425881232e+06	6.8591398969e-01	4.1598454144e+03
9.2425881232e+06	6.8572878814e-01	4.1732148155e+03
9.2425881232e+06	6.8554278774e-01	4.1866773584e+03
9.2425881232e+06	6.8535598142e-01	4.2002191308e+03
9.2425881232e+06	6.8516836452e-01	4.2138286152e+03
9.2425881232e+06	6.8497993776e-01	4.2274962726e+03
9.2425881232e+06	6.8479069139e-01	4.2412154050e+03
9.2425881232e+06	6.8460061965e-01	4.2549807811e+03
9.2425881232e+06	6.8440971300e-01	4.2687888615e+03
9.2425881232e+06	6.8421797065e-01	4.2826365835e+03
9.2425881232e+06	6.8402538484e-01	4.2965222156e+03
9.2425881232e+06	6.8383195118e-01	4.3104443796e+03
9.2425881232e+06	6.8363765896e-01	4.3244025025e+03
9.2425881232e+06	6.8344250156e-01	4.3383957461e+03
9.2425881232e+06	6.8324646749e-01	4.3524239702e+03
9.2425881232e+06	6.8304955313e-01	4.3664864288e+03
9.2425881232e+06	6.8285175312e-01	4.3805829032e+03
9.2425881232e+06	6.8265306870e-01	4.3947131465e+03
9.2425881232e+06	6.8245351011e-01	4.4088762461e+03
9.2425881232e+06	6.8225307104e-01	4.4230719238e+03
9.2425881232e+06	6.8205172868e-01	4.4372995186e+03
9.2425881232e+06	6.8184946631e-01	4.4515844542e+03
9.2425881232e+06	6.8164627917e-01	4.4660448367e+03
9.2425881232e+06	6.8144214582e-01	4.4806034033e+03
9.2425881232e+06	6.8123690428e-01	4.4959293484e+03
9.2425881232e+06	6.8106893140e-01	4.5189300520e+03
9.2425881232e+06	6.8105106318e-01	4.5322919503e+03
9.2425881232e+06	6.8103430277e-01	4.5467958960e+03
9.2425881232e+06	6.8101778894e-01	4.5613210012e+03
9.2425881232e+06	6.8100147443e-01	4.5732124650e+03
9.2425881232e+06	6.8098542461e-01	4.5814563282e+03
9.2425881232e+06	6.8096967937e-01	4.5871470571e+03
9.2425881232e+06	6.8095403387e-01	4.5917218799e+03
9.2425881232e+06	6.8093835886e-01	4.5958368740e+03
9.2425881232e+06	6.8092285053e-01	4.5995678116e+03
9.2425881232e+06	6.8090739991e-01	4.6031253236e+03
9.2425881232e+06	6.8089193603e-01	4.6066276849e+03
9.2425881232e+06	6.8087672552e-01	4.6099252088e+03
9.2425881232e+06	6.8086175090e-01	4.6130724856e+03
9.2425881232e+06	6.8084740396e-01	4.6158479848e+03
9.2425881232e+06	6.8083464200e-01	4.6176742225e+03
9.2425881232e+06	6.8082560504e-01	4.6173135275e+03
9.2425881232e+06	6.8082447367e-01	4.6137420562e+03
9.2425881232e+06	6.8083108274e-01	4.6061602130e+03
9.2425881232e+06	6.8084859499e-01	4.5926071792e+03
9.2425881232e+06	6.8088233350e-01	4.5697959913e+03
9.2425881232e+06	6.8094128688e-01	4.5325334830e+03
9.2425881232e+06	6.8104005101e-01	4.4728486559e+03
9.2425881232e+06	6.8120183511e-01	4.3797385638e+03
9.2425881232e+06	6.8146278248e-01	4.2363539536e+03
9.2425881232e+06	6.8175329644e-01	4.0835784574e+03
9.2425881232e+06	6.8202582116e-01	3.9400858125e+03
9.2425881232e+06	6.8224932436e-01	3.8052604715e+03
9.2425881232e+06	6.8236355342e-01	3.6774455821e+03
9.2117536655e+06	6.8214088933e-01	3.5719706440e+03
9.2117536655e+06	6.8094629066e-01	3.5723579018e+03
9.2117536655e+06	6.8085611464e-01	3.5724332060e+03
9.2117536655e+06	6.8075748994e-01	3.5723007630e+03
9.2117536655e+06	6.8065408653e-01	3.5715628714e+03
9.2117536655e+06	6.8054643554e-01	3.5715670167e+03
9.2117536655e+06	6.8043397032e-01	3.5734252239e+03
9.2117536655e+06	6.8031348060e-01	3.5771749533e+03
9.2117536655e+06	6.8018999748e-01	3.5824505675e+03
9.2117536655e+06	6.8006393328e-01	3.5888772889e+03
9.2117536655e+06	6.7993478468e-01	3.5961671748e+03
9.2117536655e+06	6.7980130363e-01	3.6041187570e+03
9.2117536655e+06	6.7966445667e-01	3.6125960494e+03
9.2117536655e+06	6.7952440231e-01	3.6215099747e+03
9.2117536655e+06	6.7938058120e-01	3.6308404624e+03
9.2117536655e+06	6.7923197641e-01	3.6405863246e+03
9.2117536655e+06	6.7907872755e-01	3.6506502148e+03
9.2117536655e+06	6.7891849967e-01	3.6610116131e+03
9.2117536655e+06	6.7875662363e-01	3.6716464789e+03
9.2117536655e+06	6.7859403526e-01	3.6825329507e+03
9.2117536655e+06	6.7843073121e-01	3.6936498075e+03
9.2117536655e+06	6.7826671075e-01	3.7049744336e+03
9.2117536655e+06	6.7810198046e-01	3.7164829703e+03
9.2117536655e+06	6.7793653865e-01	3.7281522603e+03
9.2117536655e+06	6.7777038541e-01	3.7399598828e+03
9.2117536655e+06	6.7760352000e-01	3.7518850798e+03
9.2117536655e+06	6.7743593853e-01	3.7639095302e+03
9.2117536655e+06	6.7726764096e-01	3.7760170925e+03
9.2117536655e+06	6.7709862416e-01	3.7881944058e+03
9.2117536655e+06	6.7692888439e-01	3.8004306172e+03
9.2117536655e+06	6.7675841944e-01	3.8127170218e+03
9.2117536655e+06	6.7658722244e-01	3.8250472178e+03
9.2117536655e+06	6.7641528639e-01	3.8374164629e+03
9.2117536655e+06	6.7624260983e-01	3.8498209484e+03
9.2117536655e+06	6.7606889764e-01	3.8622587156e+03
9.2117536655e+06	6.7589398209e-01	3.8747280840e+03
9.2117536655e+06	6.7571786854e-01	3.8872280304e+03
9.2117536655e+06	6.7554060785e-01	3.8997574555e+03
9.2117536655e+06	6.7536212411e-01	3.9123161534e+03
9.2117536655e+06	6.7518219193e-01	3.9249039407e+03
9.2117536655e+06	6.7500022464e-01	3.9375209957e+03
9.2117536655e+06	6.7481648783e-01	3.9501667713e+03
9.2117536655e+06	6.7463194056e-01	3.9628400995e+03
9.2117536655e+06	6.7444658591e-01	3.9755405848e+03
9.2117536655e+06	6.7426043229e-01	3.9882678673e+03
9.2117536655e+06	6.7407347604e-01	4.0010212627e+03
9.2117536655e+06	6.7388568793e-01	4.0138004178e+03
9.2117536655e+06	6.7369705732e-01	4.0266949982e+03
9.2117536655e+06	6.7350757900e-01	4.0396754945e+03
9.2117536655e+06	6.7331723422e-01	4.0527327066e+03
9.2117536655e+06	6.7312588534e-01	4.0663815244e+03
9.2117536655e+06	6.7295817203e-01	4.0859567328e+03
9.2117536655e+06	6.7293921286e-01	4.0996537450e+03
9.2117536655e+06	6.7292303291e-01	4.1122008302e+03
9.2117536655e+06	6.7290710758e-01	4.1244958675e+03
9.2117536655e+06	6.7289135530e-01	4.1344367241e+03
9.2117536655e+06	6.7287584421e-01	4.1413711948e+03
9.2117536655e+06	6.7286062325e-01	4.1462859694e+03
9.2117536655e+06	6.7284548168e-01	4.1503328219e+03
9.2117536655e+06	6.7283030702e-01	4.1540103053e+03
9.2117536655e+06	6.7281530472e-01	4.1573666750e+03
9.2117536655e+06	6.7280034421e-01	4.1605870729e+03
9.2117536655e+06	6.7278537249e-01	4.1637571978e+03
9.2117536655e+06	6.7277066751e-01	4.1667464051e+03
9.2117536655e+06	6.7275619457e-01	4.1696106604e+03
9.2117536655e+06	6.7274239903e-01	4.1721290079e+03
9.2117536655e+06	6.7273028439e-01	4.1737830675e+03
9.2117536655e+06	6.7272214692e-01	4.1734289914e+03
9.2117536655e+06	6.7272207415e-01	4.1701261254e+03
9.2117536655e+06	6.7273012029e-01	4.1631450239e+03
9.2117536655e+06	6.7274972474e-01	4.1506864574e+03
9.2117536655e+06	6.7278655043e-01	4.1297331703e+03
9.2117536655e+06	6.7285027979e-01	4.0955134613e+03
9.2117536655e+06	6.7295648830e-01	4.0407171604e+03
9.2117536655e+06	6.7311096657e-01	3.9551392582e+03
9.2117536655e+06	6.7332952272e-01	3.8232776084e+03
9.2117536655e+06	6.7342564339e-01	3.6962449406e+03
9.2117536655e+06	6.7320464457e-01	3.5766271947e+03
9.2117536655e+06	6.7291039189e-01	3.4639094713e+03
9.1922150221e+06	6.7258874056e-01	3.3665313301e+03
9.1922150221e+06	6.6904257803e-01	3.3675242283e+03
9.1922150221e+06	6.6904117493e-01	3.3675553335e+03
9.1922150221e+06	6.6903351297e-01	3.3710289580e+03
9.1922150221e+06	6.6902568126e-01	3.3770471311e+03
9.1922150221e+06	6.6901920406e-01	3.3831687798e+03
9.1922150221e+06	6.6901460313e-01	3.3879624484e+03
9.1922150221e+06	6.6901117901e-01	3.3915853791e+03
9.1922150221e+06	6.6900849667e-01	3.3946673765e+03
9.1922150221e+06	6.6900636014e-01	3.3975110327e+03
9.1922150221e+06	6.6900428230e-01	3.4001294151e+03
9.1922150221e+06	6.6900235523e-01	3.4026570459e+03
9.1922150221e+06	6.6900060202e-01	3.4051519772e+03
9.1922150221e+06	6.6899858892e-01	3.4075114574e+03
9.1922150221e+06	6.6899642489e-01	3.4097831011e+03
9.1922150221e+06	6.6899353946e-01	3.4117947096e+03
9.1922150221e+06	6.6898869441e-01	3.4131563631e+03
9.1922150221e+06	6.6897931885e-01	3.4130151658e+03
9.1922150221e+06	6.6896538654e-01	3.4106239749e+03
9.1922150221e+06	6.6894388949e-01	3.4054572080e+03
9.1922150221e+06	6.6891062996e-01	3.3961739453e+03
9.1922150221e+06	6.6885830924e-01	3.3804978687e+03
9.1922150221e+06	6.6877616639e-01	3.3548477012e+03
9.1922150221e+06	6.6863184706e-01	3.3137301224e+03
9.1922150221e+06	6.6839219138e-01	3.2495999329e+03
9.1922150221e+06	6.6800679650e-01	3.1565650948e+03
9.1922150221e+06	6.6760405107e-01	3.0681485456e+03
9.1922150221e+06	6.6717541648e-01	2.9846876173e+03
9.1922150221e+06	6.6672914218e-01	2.9056653591e+03
9.1706681510e+06	6.6626870548e-01	2.8410492046e+03
9.1706681510e+06	6.6192724171e-01	2.8386104891e+03
9.1706681510e+06	6.6185342417e-01	2.8384542075e+03
9.1706681510e+06	6.6177253162e-01	2.8379608614e+03
9.1706681510e+06	6.6168767186e-01	2.8388997274e+03
9.1706681510e+06	6.6160028017e-01	2.8417003285e+03
9.1706681510e+06	6.6151108657e-01	2.8458896141e+03
9.1706681510e+06	6.6142051364e-01	2.8509882412e+03
9.1706681510e+06	6.6132883509e-01	2.8566676315e+03
9.1706681510e+06	6.6123622252e-01	2.8627217796e+03
9.1706681510e+06	6.6114278423e-01	2.8690241982e+03
9.1706681510e+06	6.6104858063e-01	2.8754980838e+03
9.1706681510e+06	6.6095364431e-01	2.8820973613e+03
9.1706681510e+06	6.6085797076e-01	2.8887963192e+03
9.1706681510e+06	6.6075814891e-01	2.8955849743e+03
9.1706681510e+06	6.6065637002e-01	2.9024573600e+03
9.1706681510e+06	6.6055381064e-01	2.9094148735e+03
9.1706681510e+06	6.6045042961e-01	2.9164648359e+03
9.1706681510e+06	6.6034618762e-01	2.9236173091e+03
9.1706681510e+06	6.6024104298e-01	2.9308841568e+03
9.1706681510e+06	6.6013495781e-01	2.9382784826e+03
9.1706681510e+06	6.6002790944e-01	2.9458123820e+03
9.1706681510e+06	6.5991987386e-01	2.9534966451e+03
9.1706681510e+06	6.5981083911e-01	2.9613392773e+03
9.1706681510e+06	6.5970081912e-01	2.9693442474e+03
9.1706681510e+06	6.5958977428e-01	2.9775121139e+03
9.1706681510e+06	6.5947657325e-01	2.9858402195e+03
9.1706681510e+06	6.5936238661e-01	2.9943196273e+03
9.1706681510e+06	6.5924363289e-01	3.0029427619e+03
9.1706681510e+06	6.5912352266e-01	3.0116939355e+03
9.1706681510e+06	6.5900263471e-01	3.0205586897e+03
9.1706681510e+06	6.5888099015e-01	3.0295229575e+03
9.1706681510e+06	6.5875859530e-01	3.0385732823e+03
9.1706681510e+06	6.5863545563e-01	3.0476976271e+03
9.1706681510e+06	6.5851159181e-01	3.0569802519e+03
9.1706681510e+06	6.5838700838e-01	3.0663324676e+03
9.1706681510e+06	6.5826171425e-01	3.0757323708e+03
9.1706681510e+06	6.5813570991e-01	3.0851740518e+03
9.1706681510e+06	6.5800899349e-01	3.0946529657e+03
9.1706681510e+06	6.5788156615e-01	3.1041653686e+03
9.1706681510e+06	6.5775342271e-01	3.1137088262e+03
9.1706681510e+06	6.5762232645e-01	3.1232836975e+03
9.1706681510e+06	6.5748869215e-01	3.1328881889e+03
9.1706681510e+06	6.5735433247e-01	3.1425196706e+03
9.1706681510e+06	6.5721924198e-01	3.1521777900e+03
9.1706681510e+06	6.5708341474e-01	3.1618620545e+03
9.1706681510e+06	6.5694684445e-01	3.1715719817e+03
9.1706681510e+06	6.5680952338e-01	3.1813072226e+03
9.1706681510e+06	6.5667144533e-01	3.1910671684e+03
9.1706681510e+06	6.5653260224e-01	3.2008516014e+03
9.1706681510e+06	6.5639298896e-01	3.2106600542e+03
9.1706681510e+06	6.5625259168e-01	3.2204920076e+03
9.1706681510e+06	6.5611140752e-01	3.2303471145e+03
9.1706681510e+06	6.5596888476e-01	3.2402254238e+03
9.1706681510e+06	6.5582227858e-01	3.2501287967e+03
9.1706681510e+06	6.5567487449e-01	3.2600535146e+03
9.1706681510e+06	6.5552666651e-01	3.2699996223e+03
9.1706681510e+06	6.5537760312e-01	3.2799759962e+03
9.1706681510e+06	6.5522679826e-01	3.2900868582e+03
9.1706681510e+06	6.5506905177e-01	3.3014609354e+03
9.1706681510e+06	6.5498945411e-01	3.3204750278e+03
9.1706681510e+06	6.5497786341e-01	3.3292876130e+03
9.1706681510e+06	6.5496781650e-01	3.3377933000e+03
9.1706681510e+06	6.5496048602e-01	3.3446175553e+03
9.1706681510e+06	6.5495567963e-01	3.3495214993e+03
9.1706681510e+06	6.5495224059e-01	3.3531575912e+03
9.1706681510e+06	6.5494961576e-01	3.3562525388e+03
9.1706681510e+06	6.5494759510e-01	3.3591186667e+03
9.1706681510e+06	6.5494563356e-01	3.3617611480e+03
9.1706681510e+06	6.5494383113e-01	3.3643135531e+03
9.1706681510e+06	6.5494222067e-01	3.3668356062e+03
9.1706681510e+06	6.5494032957e-01	3.3692225632e+03
9.1706681510e+06	6.5493828190e-01	3.3715248389e+03
9.1706681510e+06	6.5493545585e-01	3.3735667590e+03
9.1706681510e+06	6.5493052768e-01	3.3749581130e+03
9.1706681510e+06	6.5492071611e-01	3.3748377384e+03
9.1706681510e+06	6.5490592364e-01	3.3724456338e+03
9.1706681510e+06	6.5488297204e-01	3.3672658905e+03
9.1706681510e+06	6.5484736495e-01	3.3579543685e+03
9.1706681510e+06	6.5479119193e-01	3.3422285668e+03
9.1706681510e+06	6.5470012405e-01	3.3166528851e+03
9.1706681510e+06	6.5454815332e-01	3.2758657887e+03
9.1706681510e+06	6.5429281528e-01	3.2116326162e+03
9.1706681510e+06	6.5391441607e-01	3.1227737986e+03
9.1706681510e+06	6.5352095045e-01	3.0382644833e+03
9.1706681510e+06	6.5310804263e-01	2.9585914343e+03
9.1706681510e+06	6.5266751862e-01	2.8825665631e+03
9.1641052980e+06	6.5221599825e-01	2.8132351748e+03
9.1641052980e+06	6.5143318034e-01	2.8135097347e+03
9.1641052980e+06	6.5136269294e-01	2.8132723569e+03
9.1641052980e+06	6.5128660505e-01	2.8156833521e+03
9.1641052980e+06	6.5120793202e-01	2.8202345102e+03
9.1641052980e+06	6.5112370583e-01	2.8258158856e+03
9.1641052980e+06	6.5103757502e-01	2.8319144243e+03
9.1641052980e+06	6.5095069032e-01	2.8382529609e+03
9.1641052980e+06	6.5086315172e-01	2.8447272316e+03
9.1641052980e+06	6.5077500083e-01	2.8512887801e+03
9.1641052980e+06	6.5068627048e-01	2.8579142545e+03
9.1641052980e+06	6.5059697166e-01	2.8645915649e+03
9.1641052980e+06	6.5050710830e-01	2.8713139073e+03
9.1641052980e+06	6.5041668307e-01	2.8780770507e+03
9.1641052980e+06	6.5032569614e-01	2.8848782297e+03
9.1641052980e+06	6.5023414680e-01	2.8917154051e+03
9.1641052980e+06	6.5014203382e-01	2.8985869326e+03
9.1641052980e+06	6.5004935446e-01	2.9054914760e+03
9.1641052980e+06	6.4995610401e-01	2.9124276014e+03
9.1641052980e+06	6.4985851808e-01	2.9193978556e+03
9.1641052980e+06	6.4975937272e-01	2.9263988287e+03
9.1641052980e+06	6.4965966277e-01	2.9334287873e+03
9.1641052980e+06	6.4955938329e-01	2.9404873482e+03
9.1641052980e+06	6.4945852585e-01	2.9475744616e+03
9.1641052980e+06	6.4935708118e-01	2.9546901565e+03
9.1641052980e+06	6.4925503948e-01	2.9618356499e+03
9.1641052980e+06	6.4915238418e-01	2.9690131580e+03
9.1641052980e+06	6.4904909610e-01	2.9762255958e+03
9.1641052980e+06	6.4894514557e-01	2.9834777967e+03
9.1641052980e+06	6.4884051131e-01	2.9907760165e+03
9.1641052980e+06	6.4873439502e-01	2.9981288823e+03
9.1641052980e+06	6.4862683098e-01	3.0055466300e+03
9.1641052980e+06	6.4851631085e-01	3.0130421851e+03
9.1641052980e+06	6.4840263073e-01	3.0206295535e+03
9.1641052980e+06	6.4828810980e-01	3.0283208687e+03
9.1641052980e+06	6.4817270655e-01	3.0361317173e+03
9.1641052980e+06	6.4805637406e-01	3.0440772015e+03
9.1641052980e+06	6.4793907165e-01	3.0521710767e+03
9.1641052980e+06	6.4782078555e-01	3.0604249191e+03
9.1641052980e+06	6.4770151679e-01	3.0689286593e+03
9.1641052980e+06	6.4758126911e-01	3.0776242241e+03
9.1641052980e+06	6.4746005940e-01	3.0864930615e+03
9.1641052980e+06	6.4733790954e-01	3.0955301653e+03
9.1641052980e+06	6.4721485085e-01	3.1047263032e+03
9.1641052980e+06	6.4709091619e-01	3.1140692364e+03
9.1641052980e+06	6.4696283049e-01	3.1235482154e+03
9.1641052980e+06	6.4683305049e-01	3.1331459221e+03
9.1641052980e+06	6.4670248544e-01	3.1428468298e+03
9.1641052980e+06	6.4657115918e-01	3.1526366087e+03
9.1641052980e+06	6.4643908444e-01	3.1625026645e+03
9.1641052980e+06	6.4630626987e-01	3.1724340237e+03
9.1641052980e+06	6.4617272275e-01	3.1824212235e+03
9.1641052980e+06	6.4603844806e-01	3.1924565754e+03
9.1641052980e+06	6.4590344392e-01	3.2025344901e+03
9.1641052980e+06	6.4576770572e-01	3.2126502025e+03
9.1641052980e+06	6.4563123060e-01	3.2228005497e+03
9.1641052980e+06	6.4549401820e-01	3.2329833121e+03
9.1641052980e+06	6.4535281292e-01	3.2431999109e+03
9.1641052980e+06	6.4521015173e-01	3.2534466238e+03
9.1641052980e+06	6.4506674257e-01	3.2637220525e+03
9.1641052980e+06	6.4492258244e-01	3.2740252971e+03
9.1641052980e+06	6.4477731733e-01	3.2843562461e+03
9.1641052980e+06	6.4462970108e-01	3.2947157156e+03
9.1641052980e+06	6.4448131694e-01	3.3051017659e+03
9.1641052980e+06	6.4433217596e-01	3.3155139996e+03
9.1641052980e+06	6.4418228237e-01	3.3259519180e+03
9.1641052980e+06	6.4403160767e-01	3.3364149500e+03
9.1641052980e+06	6.4388002025e-01	3.3469476306e+03
9.1641052980e+06	6.4372382772e-01	3.3575884224e+03
9.1641052980e+06	6.4356682668e-01	3.3682533543e+03
9.1641052980e+06	6.4340901045e-01	3.3789420084e+03
9.1641052980e+06	6.4325037356e-01	3.3896538041e+03
9.1641052980e+06	6.4309089559e-01	3.4003909280e+03
9.1641052980e+06	6.4293043874e-01	3.4111844755e+03
9.1641052980e+06	6.4276765175e-01	3.4223809723e+03
9.1641052980e+06	6.4260526700e-01	3.4375655141e+03
9.1641052980e+06	6.4259178529e-01	3.4504384097e+03
9.1641052980e+06	6.4257902785e-01	3.4600758255e+03
9.1641052980e+06	6.4256796470e-01	3.4691136919e+03
9.1641052980e+06	6.4255964412e-01	3.4762756944e+03
9.1641052980e+06	6.4255370400e-01	3.4813600637e+03
9.1641052980e+06	6.4254901436e-01	3.4851536390e+03
9.1641052980e+06	6.4254510376e-01	3.4884178588e+03
9.1641052980e+06	6.4254169106e-01	3.4914256092e+03
9.1641052980e+06	6.4253741028e-01	3.4942056730e+03
9.1641052980e+06	6.4253331914e-01	3.4969201014e+03
9.1641052980e+06	6.4252935226e-01	3.4995885026e+03
9.1641052980e+06	6.4252520180e-01	3.5021220022e+03
9.1641052980e+06	6.4252100553e-01	3.5045843285e+03
9.1641052980e+06	6.4251608041e-01	3.5067020266e+03
9.1641052980e+06	6.4250939593e-01	3.5080349799e+03
9.1641052980e+06	6.4249960445e-01	3.5076165498e+03
9.1641052980e+06	6.4248652906e-01	3.5048790913e+03
9.1641052980e+06	6.4246746914e-01	3.4991420403e+03
9.1641052980e+06	6.4243780604e-01	3.4889123734e+03
9.1641052980e+06	6.4238730250e-01	3.4716970947e+03
9.1641052980e+06	6.4230856642e-01	3.4436004344e+03
9.1641052980e+06	6.4218470975e-01	3.3985625650e+03
9.1641052980e+06	6.4196448660e-01	3.3278818281e+03
9.1641052980e+06	6.4163064358e-01	3.2344886058e+03
9.1641052980e+06	6.4128066473e-01	3.1456096719e+03
9.1641052980e+06	6.4091724128e-01	3.0610838120e+03
9.1641052980e+06	6.4052948558e-01	2.9814247254e+03
9.1601639386e+06	6.4011651503e-01	2.9074203041e+03
9.1601639386e+06	6.4021130424e-01	2.9077701274e+03
9.1601639386e+06	6.4013444069e-01	2.9090786223e+03
9.1601639386e+06	6.4005364467e-01	2.9138379625e+03
9.1601639386e+06	6.3997119064e-01	2.9198789953e+03
9.1601639386e+06	6.3988778462e-01	2.9263749695e+03
9.1601639386e+06	6.3980366935e-01	2.9330698931e+03
9.1601639386e+06	6.3971893243e-01	2.9398767282e+03
9.1601639386e+06	6.3963359993e-01	2.9467624257e+03
9.1601639386e+06	6.3954375817e-01	2.9537167573e+03
9.1601639386e+06	6.3945232212e-01	2.9607298667e+03
9.1601639386e+06	6.3936033695e-01	2.9677964617e+03
9.1601639386e+06	6.3926780361e-01	2.9749135123e+03
9.1601639386e+06	6.3917472109e-01	2.9820784992e+03
9.1601639386e+06	6.3908108696e-01	2.9892893283e+03
9.1601639386e+06	6.3898690270e-01	2.9965445313e+03
9.1601639386e+06	6.3889216489e-01	3.0038423510e+03
9.1601639386e+06	6.3879686804e-01	3.0111813384e+03
9.1601639386e+06	6.3870101178e-01	3.0185603209e+03
9.1601639386e+06	6.3860405953e-01	3.0259783192e+03
9.1601639386e+06	6.3850553151e-01	3.0334346063e+03
9.1601639386e+06	6.3840646278e-01	3.0409265378e+03
9.1601639386e+06	6.3830237977e-01	3.0484569902e+03
9.1601639386e+06	6.3819756788e-01	3.0560205757e+03
9.1601639386e+06	6.3809221630e-01	3.0636160531e+03
9.1601639386e+06	6.3798631390e-01	3.0712424167e+03
9.1601639386e+06	6.3787985133e-01	3.0789541903e+03
9.1601639386e+06	6.3777282111e-01	3.0867322713e+03
9.1601639386e+06	6.3766522375e-01	3.0945408065e+03
9.1601639386e+06	6.3755704471e-01	3.1023808796e+03
9.1601639386e+06	6.3744827514e-01	3.1102537513e+03
9.1601639386e+06	6.3733889698e-01	3.1181621953e+03
9.1601639386e+06	6.3722888772e-01	3.1261103558e+03
9.1601639386e+06	6.3711822167e-01	3.1341039045e+03
9.1601639386e+06	6.3700243803e-01	3.1421544761e+03
9.1601639386e+06	6.3688588043e-01	3.1502673956e+03
9.1601639386e+06	6.3676857708e-01	3.1584546644e+03
9.1601639386e+06	6.3665048540e-01	3.1667301491e+03
9.1601639386e+06	6.3653156121e-01	3.1751093536e+03
9.1601639386e+06	6.3641175720e-01	3.1836090714e+03
9.1601639386e+06	6.3629103949e-01	3.1922458626e+03
9.1601639386e+06	6.3616937246e-01	3.2010360659e+03
9.1601639386e+06	6.3604672636e-01	3.2099940457e+03
9.1601639386e+06	6.3592309836e-01	3.2191305672e+03
9.1601639386e+06	6.3579848806e-01	3.2284529276e+03
9.1601639386e+06	6.3566930773e-01	3.2379669454e+03
9.1601639386e+06	6.3553862340e-01	3.2476672679e+03
9.1601639386e+06	6.3540703824e-01	3.2575454970e+03
9.1601639386e+06	6.3527457532e-01	3.2675907335e+03
9.1601639386e+06	6.3513973929e-01	3.2777905467e+03
9.1601639386e+06	6.3500354549e-01	3.2881280139e+03
9.1601639386e+06	6.3486656469e-01	3.2985861599e+03
9.1601639386e+06	6.3472882357e-01	3.3091493736e+03
9.1601639386e+06	6.3459034703e-01	3.3198027316e+03
9.1601639386e+06	6.3445115088e-01	3.3305328812e+03
9.1601639386e+06	6.3430886320e-01	3.3413308633e+03
9.1601639386e+06	6.3416420452e-01	3.3521868706e+03
9.1601639386e+06	6.3401882413e-01	3.3631808778e+03
9.1601639386e+06	6.3387271763e-01	3.3742600431e+03
9.1601639386e+06	6.3372588389e-01	3.3853790842e+03
9.1601639386e+06	6.3357831744e-01	3.3965347989e+03
9.1601639386e+06	6.3343001054e-01	3.4077249939e+03
9.1601639386e+06	6.3328095705e-01	3.4189479009e+03
9.1601639386e+06	6.3313115047e-01	3.4302025372e+03
9.1601639386e+06	6.3297887469e-01	3.4414896707e+03
9.1601639386e+06	6.3282383164e-01	3.4528090023e+03
9.1601639386e+06	6.3266802125e-01	3.4641582628e+03
9.1601639386e+06	6.3251143348e-01	3.4755371737e+03
9.1601639386e+06	6.3235406362e-01	3.4869452069e+03
9.1601639386e+06	6.3219590176e-01	3.4983822343e+03
9.1601639386e+06	6.3203694307e-01	3.5098476241e+03
9.1601639386e+06	6.3187717777e-01	3.5213410023e+03
9.1601639386e+06	6.3171412247e-01	3.5328643615e+03
9.1601639386e+06	6.3154907425e-01	3.5444157275e+03
9.1601639386e+06	6.3138320227e-01	3.5559934235e+03
9.1601639386e+06	6.3121649544e-01	3.5675970374e+03
9.1601639386e+06	6.3104894240e-01	3.5792272839e+03
9.1601639386e+06	6.3088046935e-01	3.5909009408e+03
9.1601639386e+06	6.3071039802e-01	3.6028068696e+03
9.1601639386e+06	6.3053036097e-01	3.6169719985e+03
9.1601639386e+06	6.3047089302e-01	3.6366432379e+03
9.1601639386e+06	6.3045627496e-01	3.6472470794e+03
9.1601639386e+06	6.3044319689e-01	3.6572581783e+03
9.1601639386e+06	6.3043250816e-01	3.6651934955e+03
9.1601639386e+06	6.3042393274e-01	3.6708047520e+03
9.1601639386e+06	6.3041651724e-01	3.6749707039e+03
9.1601639386e+06	6.3040978873e-01	3.6785490092e+03
9.1601639386e+06	6.3040348064e-01	3.6818363815e+03
9.1601639386e+06	6.3039725883e-01	3.6848696757e+03
9.1601639386e+06	6.3039071909e-01	3.6878518916e+03
9.1601639386e+06	6.3038416239e-01	3.6907771516e+03
9.1601639386e+06	6.3037749708e-01	3.6935372788e+03
9.1601639386e+06	6.3037082785e-01	3.6962135515e+03
9.1601639386e+06	6.3036372301e-01	3.6984879519e+03
9.1601639386e+06	6.3035557928e-01	3.6998605652e+03
9.1601639386e+06	6.3034638578e-01	3.6992725601e+03
9.1601639386e+06	6.3033606895e-01	3.6962087277e+03
9.1601639386e+06	6.3032268964e-01	3.6898742801e+03
9.1601639386e+06	6.3030276577e-01	3.6787017553e+03
9.1601639386e+06	6.3027161764e-01	3.6600030700e+03
9.1601639386e+06	6.3021517374e-01	3.6294815183e+03
9.1601639386e+06	6.3012474403e-01	3.5806171873e+03
9.1601639386e+06	6.2996261463e-01	3.5038131166e+03
9.1601639386e+06	6.2971212783e-01	3.4017120405e+03
9.1601639386e+06	6.2942821337e-01	3.3052109480e+03
9.1601639386e+06	6.2911970010e-01	3.2140011458e+03
9.1601639386e+06	6.2878867351e-01	3.1271690678e+03
9.1564926259e+06	6.2843639139e-01	3.0468970837e+03
9.1564926259e+06	6.2876002833e-01	3.0474767207e+03
9.1564926259e+06	6.2867849624e-01	3.0498919233e+03
9.1564926259e+06	6.2859370473e-01	3.0556824371e+03
9.1564926259e+06	6.2850737010e-01	3.0624716401e+03
9.1564926259e+06	6.2841875472e-01	3.0696008847e+03
9.1564926259e+06	6.2832954381e-01	3.0768883627e+03
9.1564926259e+06	6.2823677053e-01	3.0842797587e+03
9.1564926259e+06	6.2814155247e-01	3.0918089786e+03
9.1564926259e+06	6.2804579523e-01	3.0994406854e+03
9.1564926259e+06	6.2794950168e-01	3.1071367542e+03
9.1564926259e+06	6.2785266750e-01	3.1148930524e+03
9.1564926259e+06	6.2775529839e-01	3.1227065706e+03
9.1564926259e+06	6.2765739713e-01	3.1305748117e+03
9.1564926259e+06	6.2755896305e-01	3.1384954211e+03
9.1564926259e+06	6.2745999534e-01	3.1464662630e+03
9.1564926259e+06	6.2736049278e-01	3.1544854177e+03
9.1564926259e+06	6.2726045280e-01	3.1625512054e+03
9.1564926259e+06	6.2715932001e-01	3.1706623391e+03
9.1564926259e+06	6.2705351523e-01	3.1788209751e+03
9.1564926259e+06	6.2694718076e-01	3.1870214499e+03
9.1564926259e+06	6.2684031530e-01	3.1952623779e+03
9.1564926259e+06	6.2673291658e-01	3.2035422625e+03
9.1564926259e+06	6.2662498055e-01	3.2118597363e+03
9.1564926259e+06	6.2651650596e-01	3.2202131043e+03
9.1564926259e+06	6.2640748696e-01	3.2286014775e+03
9.1564926259e+06	6.2629791561e-01	3.2370237186e+03
9.1564926259e+06	6.2618778530e-01	3.2454791514e+03
9.1564926259e+06	6.2607709807e-01	3.2539672203e+03
9.1564926259e+06	6.2596337682e-01	3.2624906400e+03
9.1564926259e+06	6.2584707796e-01	3.2710494878e+03
9.1564926259e+06	6.2573020142e-01	3.2796436827e+03
9.1564926259e+06	6.2561272933e-01	3.2882757031e+03
9.1564926259e+06	6.2549273827e-01	3.2969517907e+03
9.1564926259e+06	6.2537174557e-01	3.3056765416e+03
9.1564926259e+06	6.2525009730e-01	3.3144574911e+03
9.1564926259e+06	6.2512777409e-01	3.3233046805e+03
9.1564926259e+06	6.2500473767e-01	3.3322309853e+03
9.1564926259e+06	6.2488049248e-01	3.3412514923e+03
9.1564926259e+06	6.2475160915e-01	3.3503859975e+03
9.1564926259e+06	6.2462188290e-01	3.3596490954e+03
9.1564926259e+06	6.2449127818e-01	3.3690650254e+03
9.1564926259e+06	6.2435976874e-01	3.3787535413e+03
9.1564926259e+06	6.2422732820e-01	3.3886246965e+03
9.1564926259e+06	6.2409394336e-01	3.3986909133e+03
9.1564926259e+06	6.2395961169e-01	3.4089602111e+03
9.1564926259e+06	6.2382434205e-01	3.4194354908e+03
9.1564926259e+06	6.2368557095e-01	3.4301170994e+03
9.1564926259e+06	6.2354458237e-01	3.4409957215e+03
9.1564926259e+06	6.2340273710e-01	3.4520583282e+03
9.1564926259e+06	6.2326005620e-01	3.4632899590e+03
9.1564926259e+06	6.2311656585e-01	3.4746732980e+03
9.1564926259e+06	6.2297228655e-01	3.4861905777e+03
9.1564926259e+06	6.2282723741e-01	3.4978241746e+03
9.1564926259e+06	6.2268053586e-01	3.5095589483e+03
9.1564926259e+06	6.2253019578e-01	3.5213824928e+03
9.1564926259e+06	6.2237912017e-01	3.5332795879e+03
9.1564926259e+06	6.2222730655e-01	3.5452403850e+03
9.1564926259e+06	6.2207476237e-01	3.5572561432e+03
9.1564926259e+06	6.2192147619e-01	3.5693212089e+03
9.1564926259e+06	6.2176745257e-01	3.5814302605e+03
9.1564926259e+06	6.2161029933e-01	3.5935828702e+03
9.1564926259e+06	6.2145115817e-01	3.6057752172e+03
9.1564926259e+06	6.2129119825e-01	3.6180041584e+03
9.1564926259e+06	6.2112839244e-01	3.6302710368e+03
9.1564926259e+06	6.2096444314e-01	3.6425731361e+03
9.1564926259e+06	6.2079972732e-01	3.6549097144e+03
9.1564926259e+06	6.2063024182e-01	3.6672844166e+03
9.1564926259e+06	6.2045981726e-01	3.6796931331e+03
9.1564926259e+06	6.2028833868e-01	3.6921357475e+03
9.1564926259e+06	6.2011401969e-01	3.7046650938e+03
9.1564926259e+06	6.1993553618e-01	3.7173239476e+03
9.1564926259e+06	6.1975315795e-01	3.7300198579e+03
9.1564926259e+06	6.1956795401e-01	3.7427508887e+03
9.1564926259e+06	6.1937776410e-01	3.7555190545e+03
9.1564926259e+06	6.1918255211e-01	3.7683237014e+03
9.1564926259e+06	6.1898015907e-01	3.7811666844e+03
9.1564926259e+06	6.1877282016e-01	3.7940477498e+03
9.1564926259e+06	6.1856451521e-01	3.8069917594e+03
9.1564926259e+06	6.1835503642e-01	3.8203187716e+03
9.1564926259e+06	6.1814279747e-01	3.8374078259e+03
9.1564926259e+06	6.1810831098e-01	3.8556915643e+03
9.1564926259e+06	6.1809010107e-01	3.8675216953e+03
9.1564926259e+06	6.1807238526e-01	3.8785581035e+03
9.1564926259e+06	6.1805507007e-01	3.8872404180e+03
9.1564926259e+06	6.1803823339e-01	3.8933547337e+03
9.1564926259e+06	6.1802179807e-01	3.8979352262e+03
9.1564926259e+06	6.1800543297e-01	3.9019171832e+03
9.1564926259e+06	6.1798914417e-01	3.9055701963e+03
9.1564926259e+06	6.1797305790e-01	3.9089486965e+03
9.1564926259e+06	6.1795694226e-01	3.9122747785e+03
9.1564926259e+06	6.1794094561e-01	3.9154969623e+03
9.1564926259e+06	6.1792525834e-01	3.9185306130e+03
9.1564926259e+06	6.1790978388e-01	3.9214710920e+03
9.1564926259e+06	6.1789533811e-01	3.9238816222e+03
9.1564926259e+06	6.1788314862e-01	3.9251510061e+03
9.1564926259e+06	6.1787736223e-01	3.9242138418e+03
9.1564926259e+06	6.1787793952e-01	3.9207100728e+03
9.1564926259e+06	6.1788616728e-01	3.9136536201e+03
9.1564926259e+06	6.1790581178e-01	3.9011893284e+03
9.1564926259e+06	6.1794252496e-01	3.8803071217e+03
9.1564926259e+06	6.1800619386e-01	3.8462733245e+03
9.1564926259e+06	6.1804565687e-01	3.7919479175e+03
9.1564926259e+06	6.1799112750e-01	3.7067884498e+03
9.1564926259e+06	6.1783462320e-01	3.5953142756e+03
9.1564926259e+06	6.1763392914e-01	3.4895243155e+03
9.1564926259e+06	6.1740635161e-01	3.3890564883e+03
9.1564926259e+06	6.1713809983e-01	3.2946044443e+03
9.1538534498e+06	6.1684988491e-01	3.2063364226e+03
9.1538534498e+06	6.1721464930e-01	3.2075089494e+03
9.1538534498e+06	6.1711925985e-01	3.2121217657e+03
9.1538534498e+06	6.1701985264e-01	3.2191865388e+03
9.1538534498e+06	6.1691629853e-01	3.2268135088e+03
9.1538534498e+06	6.1681204938e-01	3.2346550361e+03
9.1538534498e+06	6.1670717364e-01	3.2426285439e+03
9.1538534498e+06	6.1660169815e-01	3.2507060690e+03
9.1538534498e+06	6.1649563478e-01	3.2588742553e+03
9.1538534498e+06	6.1638898951e-01	3.2671248060e+03
9.1538534498e+06	6.1628176801e-01	3.2754516457e+03
9.1538534498e+06	6.1617396778e-01	3.2838498628e+03
9.1538534498e+06	6.1606559383e-01	3.2923158322e+03
9.1538534498e+06	6.1595522424e-01	3.3008476032e+03
9.1538534498e+06	6.1584102597e-01	3.3094439779e+03
9.1538534498e+06	6.1572627286e-01	3.3180989591e+03
9.1538534498e+06	6.1561096013e-01	3.3268103742e+03
9.1538534498e+06	6.1549302074e-01	3.3355780151e+03
9.1538534498e+06	6.1537414637e-01	3.3443980708e+03
9.1538534498e+06	6.1525473707e-01	3.3532684082e+03
9.1538534498e+06	6.1513480131e-01	3.3621870991e+03
9.1538534498e+06	6.1501430943e-01	3.3711527493e+03
9.1538534498e+06	6.1489201596e-01	3.3801647743e+03
9.1538534498e+06	6.1476589866e-01	3.3893150222e+03
9.1538534498e+06	6.1463921741e-01	3.3985250552e+03
9.1538534498e+06	6.1451196630e-01	3.4077766227e+03
9.1538534498e+06	6.1438414084e-01	3.4170683224e+03
9.1538534498e+06	6.1425573600e-01	3.4263988890e+03
9.1538534498e+06	6.1412674501e-01	3.4357672753e+03
9.1538534498e+06	6.1399716175e-01	3.4451727548e+03
9.1538534498e+06	6.1386543087e-01	3.4546169508e+03
9.1538534498e+06	6.1373038943e-01	3.4641008252e+03
9.1538534498e+06	6.1359473460e-01	3.4736232331e+03
9.1538534498e+06	6.1345845373e-01	3.4831862860e+03
9.1538534498e+06	6.1332152944e-01	3.4927936599e+03
9.1538534498e+06	6.1318393996e-01	3.5024507370e+03
9.1538534498e+06	6.1304565895e-01	3.5121649444e+03
9.1538534498e+06	6.1290438103e-01	3.5219481671e+03
9.1538534498e+06	6.1276047110e-01	3.5318127824e+03
9.1538534498e+06	6.1261578560e-01	3.5417709759e+03
9.1538534498e+06	6.1247027898e-01	3.5518402900e+03
9.1538534498e+06	6.1232391029e-01	3.5620398196e+03
9.1538534498e+06	6.1217664099e-01	3.5723898186e+03
9.1538534498e+06	6.1202640376e-01	3.5829130274e+03
9.1538534498e+06	6.1187332398e-01	3.5936279198e+03
9.1538534498e+06	6.1171909889e-01	3.6045490042e+03
9.1538534498e+06	6.1156164718e-01	3.6156909608e+03
9.1538534498e+06	6.1140292619e-01	3.6270590184e+03
9.1538534498e+06	6.1124220109e-01	3.6386556330e+03
9.1538534498e+06	6.1107719734e-01	3.6504783259e+03
9.1538534498e+06	6.1091131403e-01	3.6625141261e+03
9.1538534498e+06	6.1074457458e-01	3.6747489124e+03
9.1538534498e+06	6.1057532996e-01	3.6871671604e+03
9.1538534498e+06	6.1040045477e-01	3.6997531687e+03
9.1538534498e+06	6.1022245956e-01	3.7124852350e+03
9.1538534498e+06	6.1004034267e-01	3.7254765661e+03
9.1538534498e+06	6.0985222098e-01	3.7386004333e+03
9.1538534498e+06	6.0965726534e-01	3.7518255014e+03
9.1538534498e+06	6.0945665864e-01	3.7651375811e+03
9.1538534498e+06	6.0925518730e-01	3.7785211595e+03
9.1538534498e+06	6.0905284247e-01	3.7919682519e+03
9.1538534498e+06	6.0884961513e-01	3.8054728087e+03
9.1538534498e+06	6.0864550433e-01	3.8190298666e+03
9.1538534498e+06	6.0844049668e-01	3.8326366031e+03
9.1538534498e+06	6.0823459244e-01	3.8462903126e+03
9.1538534498e+06	6.0802777812e-01	3.8599899642e+03
9.1538534498e+06	6.0782004893e-01	3.8737344929e+03
9.1538534498e+06	6.0761139528e-01	3.8875235163e+03
9.1538534498e+06	6.0740181595e-01	3.9013563244e+03
9.1538534498e+06	6.0719129885e-01	3.9152330455e+03
9.1538534498e+06	6.0697983621e-01	3.9291535664e+03
9.1538534498e+06	6.0676741669e-01	3.9431180002e+03
9.1538534498e+06	6.0655403932e-01	3.9571257354e+03
9.1538534498e+06	6.0633968950e-01	3.9711769922e+03
9.1538534498e+06	6.0612436247e-01	3.9852712711e+03
9.1538534498e+06	6.0590781823e-01	3.9994082201e+03
9.1538534498e+06	6.0568947326e-01	4.0135882406e+03
9.1538534498e+06	6.0546886833e-01	4.0278115585e+03
9.1538534498e+06	6.0524495393e-01	4.0420801187e+03
9.1538534498e+06	6.0501974711e-01	4.0564097353e+03
9.1538534498e+06	6.0479346773e-01	4.0709985742e+03
9.1538534498e+06	6.0456566888e-01	4.0879890498e+03
9.1538534498e+06	6.0447329867e-01	4.1137472639e+03
9.1538534498e+06	6.0445366036e-01	4.1271875166e+03
9.1538534498e+06	6.0443435994e-01	4.1397983105e+03
9.1538534498e+06	6.0441517249e-01	4.1497188320e+03
9.1538534498e+06	6.0439623787e-01	4.1566878387e+03
9.1538534498e+06	6.0437761447e-01	4.1618944421e+03
9.1538534498e+06	6.0435897627e-01	4.1664196913e+03
9.1538534498e+06	6.0434038827e-01	4.1705643997e+03
9.1538534498e+06	6.0432202677e-01	4.1743973845e+03
9.1538534498e+06	6.0430357848e-01	4.1781805787e+03
9.1538534498e+06	6.0428528726e-01	4.1818344134e+03
9.1538534498e+06	6.0426739262e-01	4.1852717877e+03
9.1538534498e+06	6.0424975635e-01	4.1886028230e+03
9.1538534498e+06	6.0423353249e-01	4.1912864552e+03
9.1538534498e+06	6.0422040519e-01	4.1925832493e+03
9.1538534498e+06	6.0421545468e-01	4.1913730981e+03
9.1538534498e+06	6.0421794093e-01	4.1873387621e+03
9.1538534498e+06	6.0422992365e-01	4.1793141975e+03
9.1538534498e+06	6.0425622065e-01	4.1651887196e+03
9.1538534498e+06	6.0430419140e-01	4.1415541167e+03
9.1538534498e+06	6.0438628640e-01	4.1031288343e+03
9.1538534498e+06	6.0450235652e-01	4.0425227332e+03
9.1538534498e+06	6.0468636611e-01	3.9476475214e+03
9.1538534498e+06	6.0489861895e-01	3.8228823639e+03
9.1538534498e+06	6.0485443003e-01	3.7051173450e+03
9.1538534498e+06	6.0471952656e-01	3.5947925534e+03
9.1538534498e+06	6.0454709984e-01	3.4902656798e+03
9.1508665356e+06	6.0434618241e-01	3.3925777223e+03
9.1508665356e+06	6.0471994649e-01	3.3944098491e+03
9.1508665356e+06	6.0461791799e-01	3.3970616051e+03
9.1508665356e+06	6.0451303997e-01	3.4040298005e+03
9.1508665356e+06	6.0440695220e-01	3.4123025344e+03
9.1508665356e+06	6.0430010554e-01	3.4210145250e+03
9.1508665356e+06	6.0418822014e-01	3.4299331958e+03
9.1508665356e+06	6.0407548440e-01	3.4389788923e+03
9.1508665356e+06	6.0396220538e-01	3.4481231690e+03
9.1508665356e+06	6.0384838844e-01	3.4573531059e+03
9.1508665356e+06	6.0373403436e-01	3.4666614844e+03
9.1508665356e+06	6.0361914295e-01	3.4760433697e+03
9.1508665356e+06	6.0350371308e-01	3.4854949986e+03
9.1508665356e+06	6.0338643086e-01	3.4950147502e+03
9.1508665356e+06	6.0326548301e-01	3.5046020607e+03
9.1508665356e+06	6.0314399916e-01	3.5142513026e+03
9.1508665356e+06	6.0302197861e-01	3.5239600953e+03
9.1508665356e+06	6.0289941258e-01	3.5337268421e+03
9.1508665356e+06	6.0277629789e-01	3.5435496033e+03
9.1508665356e+06	6.0265263180e-01	3.5534264785e+03
9.1508665356e+06	6.0252550553e-01	3.5633587964e+03
9.1508665356e+06	6.0239637824e-01	3.5733435372e+03
9.1508665356e+06	6.0226669280e-01	3.5833776202e+03
9.1508665356e+06	6.0213644348e-01	3.5934595514e+03
9.1508665356e+06	6.0200562159e-01	3.6035880902e+03
9.1508665356e+06	6.0187422594e-01	3.6137616808e+03
9.1508665356e+06	6.0173866628e-01	3.6239833540e+03
9.1508665356e+06	6.0160190621e-01	3.6342490612e+03
9.1508665356e+06	6.0146262608e-01	3.6445599416e+03
9.1508665356e+06	6.0132162454e-01	3.6549151810e+03
9.1508665356e+06	6.0118001991e-01	3.6653147574e+03
9.1508665356e+06	6.0103329127e-01	3.6757655521e+03
9.1508665356e+06	6.0088569262e-01	3.6862664279e+03
9.1508665356e+06	6.0073747016e-01	3.6968225560e+03
9.1508665356e+06	6.0058762565e-01	3.7074423403e+03
9.1508665356e+06	6.0043247889e-01	3.7181396716e+03
9.1508665356e+06	6.0027402291e-01	3.7289247323e+03
9.1508665356e+06	6.0010879474e-01	3.7399414339e+03
9.1508665356e+06	5.9993664219e-01	3.7510849002e+03
9.1508665356e+06	5.9975581063e-01	3.7623772240e+03
9.1508665356e+06	5.9957395002e-01	3.7738319089e+03
9.1508665356e+06	5.9939129823e-01	3.7854714062e+03
9.1508665356e+06	5.9920784483e-01	3.7973173974e+03
9.1508665356e+06	5.9902357902e-01	3.8093892978e+03
9.1508665356e+06	5.9883850122e-01	3.8217020456e+03
9.1508665356e+06	5.9865260061e-01	3.8342662045e+03
9.1508665356e+06	5.9846587370e-01	3.8470858561e+03
9.1508665356e+06	5.9827831578e-01	3.8601588282e+03
9.1508665356e+06	5.9808992764e-01	3.8734765022e+03
9.1508665356e+06	5.9790070979e-01	3.8870250633e+03
9.1508665356e+06	5.9771066541e-01	3.9007865424e+03
9.1508665356e+06	5.9751979038e-01	3.9147410312e+03
9.1508665356e+06	5.9732808351e-01	3.9288674852e+03
9.1508665356e+06	5.9713554300e-01	3.9431452088e+03
9.1508665356e+06	5.9694216622e-01	3.9575549213e+03
9.1508665356e+06	5.9674793891e-01	3.9720794886e+03
9.1508665356e+06	5.9655213384e-01	3.9867052264e+03
9.1508665356e+06	5.9635408670e-01	4.0014205134e+03
9.1508665356e+06	5.9615292497e-01	4.0162164160e+03
9.1508665356e+06	5.9595059673e-01	4.0310838686e+03
9.1508665356e+06	5.9574739912e-01	4.0460165958e+03
9.1508665356e+06	5.9554333109e-01	4.0610110211e+03
9.1508665356e+06	5.9533840952e-01	4.0760639784e+03
9.1508665356e+06	5.9513262571e-01	4.0911738501e+03
9.1508665356e+06	5.9492594635e-01	4.1063395412e+03
9.1508665356e+06	5.9471835808e-01	4.1215807714e+03
9.1508665356e+06	5.9450985487e-01	4.1370301761e+03
9.1508665356e+06	5.9430042799e-01	4.1525357815e+03
9.1508665356e+06	5.9409007472e-01	4.1680970407e+03
9.1508665356e+06	5.9387878538e-01	4.1837139640e+03
9.1508665356e+06	5.9366655261e-01	4.1993863511e+03
9.1508665356e+06	5.9345336887e-01	4.2151139432e+03
9.1508665356e+06	5.9323922471e-01	4.2308965392e+03
9.1508665356e+06	5.9302411449e-01	4.2467335666e+03
9.1508665356e+06	5.9280803233e-01	4.2626244015e+03
9.1508665356e+06	5.9259096679e-01	4.2785689589e+03
9.1508665356e+06	5.9237291120e-01	4.2945690602e+03
9.1508665356e+06	5.9215385253e-01	4.3106524554e+03
9.1508665356e+06	5.9193370946e-01	4.3271305784e+03
9.1508665356e+06	5.9171184868e-01	4.3473279063e+03
9.1508665356e+06	5.9165116136e-01	4.3731074122e+03
9.1508665356e+06	5.9163132234e-01	4.3881854327e+03
9.1508665356e+06	5.9161184571e-01	4.4021845963e+03
9.1508665356e+06	5.9159255970e-01	4.4131179425e+03
9.1508665356e+06	5.9157359750e-01	4.4207676779e+03
9.1508665356e+06	5.9155495793e-01	4.4265265747e+03
9.1508665356e+06	5.9153625193e-01	4.4315846117e+03
9.1508665356e+06	5.9151762998e-01	4.4362080444e+03
9.1508665356e+06	5.9149924865e-01	4.4404916431e+03
9.1508665356e+06	5.9148073479e-01	4.4447502292e+03
9.1508665356e+06	5.9146244687e-01	4.4488345643e+03
9.1508665356e+06	5.9144454145e-01	4.4527000073e+03
9.1508665356e+06	5.9142702970e-01	4.4563846738e+03
9.1508665356e+06	5.9141115772e-01	4.4592713833e+03
9.1508665356e+06	5.9139897514e-01	4.4603985503e+03
9.1508665356e+06	5.9139572297e-01	4.4585819056e+03
9.1508665356e+06	5.9140033881e-01	4.4534631816e+03
9.1508665356e+06	5.9141552761e-01	4.4435837372e+03
9.1508665356e+06	5.9144664927e-01	4.4263911465e+03
9.1508665356e+06	5.9150221152e-01	4.3978015941e+03
9.1508665356e+06	5.9159629047e-01	4.3515168844e+03
9.1508665356e+06	5.9175127892e-01	4.2780401019e+03
9.1508665356e+06	5.9200240110e-01	4.1637765059e+03
9.1508665356e+06	5.9228832419e-01	4.0266776637e+03
9.1508665356e+06	5.9255360561e-01	3.8979695653e+03
9.1508665356e+06	5.9263959159e-01	3.7767063947e+03
9.1508665356e+06	5.9256828793e-01	3.6630732350e+03
9.1464542137e+06	5.9244571428e-01	3.5583385136e+03
9.1464542137e+06	5.9205245010e-01	3.5606811653e+03
9.1464542137e+06	5.9193397364e-01	3.5624286339e+03
9.1464542137e+06	5.9181253033e-01	3.5693100385e+03
9.1464542137e+06	5.9168978569e-01	3.5780851294e+03
9.1464542137e+06	5.9156622859e-01	3.5875149032e+03
9.1464542137e+06	5.9144202169e-01	3.5972273742e+03
9.1464542137e+06	5.9131411867e-01	3.6071032446e+03
9.1464542137e+06	5.9118419470e-01	3.6170951804e+03
9.1464542137e+06	5.9105371324e-01	3.6271822506e+03
9.1464542137e+06	5.9092267263e-01	3.6373549584e+03
9.1464542137e+06	5.9079106830e-01	3.6476077578e+03
9.1464542137e+06	5.9065855389e-01	3.6579370692e+03
9.1464542137e+06	5.9052143498e-01	3.6683438856e+03
9.1464542137e+06	5.9038323209e-01	3.6788217611e+03
9.1464542137e+06	5.9024170683e-01	3.6893711877e+03
9.1464542137e+06	5.9009962218e-01	3.6999867714e+03
9.1464542137e+06	5.8995516014e-01	3.7106688837e+03
9.1464542137e+06	5.8980701983e-01	3.7214170175e+03
9.1464542137e+06	5.8965831141e-01	3.7322261030e+03
9.1464542137e+06	5.8950901437e-01	3.7430946081e+03
9.1464542137e+06	5.8935563076e-01	3.7541258193e+03
9.1464542137e+06	5.8920068324e-01	3.7652406427e+03
9.1464542137e+06	5.8903981456e-01	3.7764170556e+03
9.1464542137e+06	5.8887130280e-01	3.7876560208e+03
9.1464542137e+06	5.8869289184e-01	3.7989588729e+03
9.1464542137e+06	5.8851302555e-01	3.8103153139e+03
9.1464542137e+06	5.8833248057e-01	3.8217243605e+03
9.1464542137e+06	5.8815125018e-01	3.8331863933e+03
9.1464542137e+06	5.8796932502e-01	3.8447027985e+03
9.1464542137e+06	5.8778670503e-01	3.8562754863e+03
9.1464542137e+06	5.8760337981e-01	3.8679084685e+03
9.1464542137e+06	5.8741933661e-01	3.8796076688e+03
9.1464542137e+06	5.8723457292e-01	3.8913805558e+03
9.1464542137e+06	5.8704907456e-01	3.9032378637e+03
9.1464542137e+06	5.8686283791e-01	3.9151924663e+03
9.1464542137e+06	5.8667584856e-01	3.9272608926e+03
9.1464542137e+06	5.8648809484e-01	3.9394623715e+03
9.1464542137e+06	5.8629956490e-01	3.9518186856e+03
9.1464542137e+06	5.8611025052e-01	3.9643531944e+03
9.1464542137e+06	5.8592013752e-01	3.9770903926e+03
9.1464542137e+06	5.8572820267e-01	3.9900552785e+03
9.1464542137e+06	5.8553313577e-01	4.0032701837e+03
9.1464542137e+06	5.8533591014e-01	4.0167509314e+03
9.1464542137e+06	5.8513787312e-01	4.0305079635e+03
9.1464542137e+06	5.8493902786e-01	4.0445463682e+03
9.1464542137e+06	5.8473936978e-01	4.0588648593e+03
9.1464542137e+06	5.8453892258e-01	4.0734539991e+03
9.1464542137e+06	5.8433768873e-01	4.0882994215e+03
9.1464542137e+06	5.8413564577e-01	4.1033829156e+03
9.1464542137e+06	5.8393278073e-01	4.1186823636e+03
9.1464542137e+06	5.8372908165e-01	4.1341758038e+03
9.1464542137e+06	5.8352454764e-01	4.1499869197e+03
9.1464542137e+06	5.8331918153e-01	4.1659818334e+03
9.1464542137e+06	5.8311297405e-01	4.1821104574e+03
9.1464542137e+06	5.8290592035e-01	4.1983564810e+03
9.1464542137e+06	5.8269801188e-01	4.2147066933e+03
9.1464542137e+06	5.8248924963e-01	4.2311498159e+03
9.1464542137e+06	5.8227962453e-01	4.2476777960e+03
9.1464542137e+06	5.8206913054e-01	4.2642844298e+03
9.1464542137e+06	5.8185776145e-01	4.2809652398e+03
9.1464542137e+06	5.8164551092e-01	4.2977171111e+03
9.1464542137e+06	5.8143236852e-01	4.3145382716e+03
9.1464542137e+06	5.8121833555e-01	4.3314267630e+03
9.1464542137e+06	5.8100339790e-01	4.3483823433e+03
9.1464542137e+06	5.8078755191e-01	4.3654042700e+03
9.1464542137e+06	5.8057079506e-01	4.3824918863e+03
9.1464542137e+06	5.8035311419e-01	4.3996454499e+03
9.1464542137e+06	5.8013450481e-01	4.4168645378e+03
9.1464542137e+06	5.7991495993e-01	4.4341488798e+03
9.1464542137e+06	5.7969447465e-01	4.4514979635e+03
9.1464542137e+06	5.7947303959e-01	4.4689115403e+03
9.1464542137e+06	5.7925064554e-01	4.4863892557e+03
9.1464542137e+06	5.7902728534e-01	4.5039302509e+03
9.1464542137e+06	5.7880293681e-01	4.5215348365e+03
9.1464542137e+06	5.7857760857e-01	4.5392096210e+03
9.1464542137e+06	5.7835131038e-01	4.5570359871e+03
9.1464542137e+06	5.7812386054e-01	4.5759103624e+03
9.1464542137e+06	5.7794463218e-01	4.6048275868e+03
9.1464542137e+06	5.7792134288e-01	4.6196311683e+03
9.1464542137e+06	5.7789822847e-01	4.6367601909e+03
9.1464542137e+06	5.7787550868e-01	4.6523863302e+03
9.1464542137e+06	5.7783253995e-01	4.6651006468e+03
9.1464542137e+06	5.7778522809e-01	4.6738799628e+03
9.1464542137e+06	5.7773938364e-01	4.6805614725e+03
9.1464542137e+06	5.7771914702e-01	4.6861387816e+03
9.1464542137e+06	5.7769916973e-01	4.6912037878e+03
9.1464542137e+06	5.7767946044e-01	4.6959997885e+03
9.1464542137e+06	5.7766008519e-01	4.7007684543e+03
9.1464542137e+06	5.7764108743e-01	4.7052776190e+03
9.1464542137e+06	5.7762239182e-01	4.7096175645e+03
9.1464542137e+06	5.7760460604e-01	4.7134881750e+03
9.1464542137e+06	5.7758920902e-01	4.7161247039e+03
9.1464542137e+06	5.7757985027e-01	4.7157904855e+03
9.1464542137e+06	5.7758152558e-01	4.7111770929e+03
9.1464542137e+06	5.7759446707e-01	4.7013449192e+03
9.1464542137e+06	5.7762346474e-01	4.6837937313e+03
9.1464542137e+06	5.7767637183e-01	4.6543454875e+03
9.1464542137e+06	5.7776679504e-01	4.6064347697e+03
9.1464542137e+06	5.7791656363e-01	4.5309092234e+03
9.1464542137e+06	5.7815970125e-01	4.4134601655e+03
9.1464542137e+06	5.7849087293e-01	4.2608418300e+03
9.1464542137e+06	5.7881147840e-01	4.1177914559e+03
9.1464542137e+06	5.7908727578e-01	3.9847271526e+03
9.1464542137e+06	5.7931549429e-01	3.8595697735e+03
9.1421752923e+06	5.7933361299e-01	3.7441570555e+03
9.1421752923e+06	5.7920121042e-01	3.7468590771e+03
9.1421752923e+06	5.7906613662e-01	3.7487152656e+03
9.1421752923e+06	5.7892867330e-01	3.7562523626e+03
9.1421752923e+06	5.7878732886e-01	3.7659397768e+03
9.1421752923e+06	5.7864268670e-01	3.7764313175e+03
9.1421752923e+06	5.7849739926e-01	3.7872402290e+03
9.1421752923e+06	5.7835059301e-01	3.7982312691e+03
9.1421752923e+06	5.7819966606e-01	3.8093573092e+03
9.1421752923e+06	5.7804814292e-01	3.8205936612e+03
9.1421752923e+06	5.7788918204e-01	3.8319376190e+03
9.1421752923e+06	5.7771970726e-01	3.8433866236e+03
9.1421752923e+06	5.7754614436e-01	3.8549294281e+03
9.1421752923e+06	5.7737194733e-01	3.8665587844e+03
9.1421752923e+06	5.7719710940e-01	3.8782722246e+03
9.1421752923e+06	5.7702162419e-01	3.8900675760e+03
9.1421752923e+06	5.7684549131e-01	3.9019424700e+03
9.1421752923e+06	5.7666870427e-01	3.9138950885e+03
9.1421752923e+06	5.7649125858e-01	3.9259235772e+03
9.1421752923e+06	5.7631314728e-01	3.9380263193e+03
9.1421752923e+06	5.7613436804e-01	3.9502014344e+03
9.1421752923e+06	5.7595491637e-01	3.9624472411e+03
9.1421752923e+06	5.7577478753e-01	3.9747621313e+03
9.1421752923e+06	5.7559397683e-01	3.9871445834e+03
9.1421752923e+06	5.7541247946e-01	3.9995932173e+03
9.1421752923e+06	5.7523029049e-01	4.0121068720e+03
9.1421752923e+06	5.7504736118e-01	4.0246845509e+03
9.1421752923e+06	5.7486188415e-01	4.0373281245e+03
9.1421752923e+06	5.7467308007e-01	4.0500387825e+03
9.1421752923e+06	5.7448350904e-01	4.0628150565e+03
9.1421752923e+06	5.7429321832e-01	4.0756592389e+03
9.1421752923e+06	5.7410221460e-01	4.0885753300e+03
9.1421752923e+06	5.7391050978e-01	4.1015690758e+03
9.1421752923e+06	5.7371809053e-01	4.1146494554e+03
9.1421752923e+06	5.7352493517e-01	4.1278272257e+03
9.1421752923e+06	5.7333101970e-01	4.1411174113e+03
9.1421752923e+06	5.7313634471e-01	4.1545386979e+03
9.1421752923e+06	5.7294089469e-01	4.1682634810e+03
9.1421752923e+06	5.7274466558e-01	4.1821652962e+03
9.1421752923e+06	5.7254765444e-01	4.1962696724e+03
9.1421752923e+06	5.7234984410e-01	4.2106040053e+03
9.1421752923e+06	5.7215123581e-01	4.2251936384e+03
9.1421752923e+06	5.7195181831e-01	4.2400622004e+03
9.1421752923e+06	5.7175157762e-01	4.2552291994e+03
9.1421752923e+06	5.7155051567e-01	4.2707069066e+03
9.1421752923e+06	5.7134863625e-01	4.2865002338e+03
9.1421752923e+06	5.7114592919e-01	4.3026075206e+03
9.1421752923e+06	5.7094239003e-01	4.3190192927e+03
9.1421752923e+06	5.7073801576e-01	4.3357195803e+03
9.1421752923e+06	5.7053280336e-01	4.3526875174e+03
9.1421752923e+06	5.7032674573e-01	4.3698994890e+03
9.1421752923e+06	5.7011984724e-01	4.3873296619e+03
9.1421752923e+06	5.6991209646e-01	4.4049538955e+03
9.1421752923e+06	5.6970349295e-01	4.4227486516e+03
9.1421752923e+06	5.6949403210e-01	4.4406932439e+03
9.1421752923e+06	5.6928371240e-01	4.4587696398e+03
9.1421752923e+06	5.6907251637e-01	4.4769638063e+03
9.1421752923e+06	5.6886043442e-01	4.4952637854e+03
9.1421752923e+06	5.6864747237e-01	4.5136602842e+03
9.1421752923e+06	5.6843363231e-01	4.5321471298e+03
9.1421752923e+06	5.6821893270e-01	4.5507189212e+03
9.1421752923e+06	5.6800336907e-01	4.5693728022e+03
9.1421752923e+06	5.6778691501e-01	4.5881060409e+03
9.1421752923e+06	5.6756954275e-01	4.6069176672e+03
9.1421752923e+06	5.6735124659e-01	4.6259638971e+03
9.1421752923e+06	5.6713202497e-01	4.6451492001e+03
9.1421752923e+06	5.6691187089e-01	4.6644128726e+03
9.1421752923e+06	5.6669077609e-01	4.6837547047e+03
9.1421752923e+06	5.6646873347e-01	4.7031744085e+03
9.1421752923e+06	5.6624573939e-01	4.7226713467e+03
9.1421752923e+06	5.6602178205e-01	4.7422455142e+03
9.1421752923e+06	5.6579685856e-01	4.7618960296e+03
9.1421752923e+06	5.6557095930e-01	4.7816225203e+03
9.1421752923e+06	5.6534407475e-01	4.8014247652e+03
9.1421752923e+06	5.6511620076e-01	4.8213048933e+03
9.1421752923e+06	5.6488731886e-01	4.8412981216e+03
9.1421752923e+06	5.6465735098e-01	4.8617939927e+03
9.1421752923e+06	5.6442564359e-01	4.8869584527e+03
9.1421752923e+06	5.6436339721e-01	4.9189452290e+03
9.1421752923e+06	5.6434245241e-01	4.9379224518e+03
9.1421752923e+06	5.6432190729e-01	4.9553475060e+03
9.1421752923e+06	5.6430144904e-01	4.9688501061e+03
9.1421752923e+06	5.6428133620e-01	4.9782646559e+03
9.1421752923e+06	5.6426157096e-01	4.9854370278e+03
9.1421752923e+06	5.6423887861e-01	4.9918967364e+03
9.1421752923e+06	5.6421563762e-01	4.9977909919e+03
9.1421752923e+06	5.6419204283e-01	5.0032850113e+03
9.1421752923e+06	5.6413943016e-01	5.0092786219e+03
9.1421752923e+06	5.6408729518e-01	5.0149179957e+03
9.1421752923e+06	5.6405573445e-01	5.0200107701e+03
9.1421752923e+06	5.6403736806e-01	5.0243260833e+03
9.1421752923e+06	5.6402169314e-01	5.0271779758e+03
9.1421752923e+06	5.6401321121e-01	5.0265779111e+03
9.1421752923e+06	5.6401561823e-01	5.0213327222e+03
9.1421752923e+06	5.6402966692e-01	5.0102803576e+03
9.1421752923e+06	5.6406042270e-01	4.9905997699e+03
9.1421752923e+06	5.6411621801e-01	4.9576020406e+03
9.1421752923e+06	5.6421132768e-01	4.9039482507e+03
9.1421752923e+06	5.6436842918e-01	4.8186154694e+03
9.1421752923e+06	5.6462313282e-01	4.6858783774e+03
9.1421752923e+06	5.6496908673e-01	4.5153954774e+03
9.1421752923e+06	5.6530987208e-01	4.3565500181e+03
9.1421752923e+06	5.6564447786e-01	4.2078515891e+03
9.1421752923e+06	5.6594642575e-01	4.0695988606e+03
9.1379797283e+06	5.6622909521e-01	3.9425900567e+03
9.1379797283e+06	5.6594964125e-01	3.9458979471e+03
9.1379797283e+06	5.6577423544e-01	3.9492205005e+03
9.1379797283e+06	5.6559780495e-01	3.9585054860e+03
9.1379797283e+06	5.6542061787e-01	3.9696214602e+03
9.1379797283e+06	5.6524274464e-01	3.9813469978e+03
9.1379797283e+06	5.6506420424e-01	3.9933525774e+03
9.1379797283e+06	5.6488499796e-01	4.0055366400e+03
9.1379797283e+06	5.6470512595e-01	4.0178623061e+03
9.1379797283e+06	5.6452458679e-01	4.0303133569e+03
9.1379797283e+06	5.6434337588e-01	4.0428811299e+03
9.1379797283e+06	5.6416148694e-01	4.0555600726e+03
9.1379797283e+06	5.6397891949e-01	4.0683456410e+03
9.1379797283e+06	5.6379561247e-01	4.0812345724e+03
9.1379797283e+06	5.6360883074e-01	4.0942267700e+03
9.1379797283e+06	5.6342005873e-01	4.1073177950e+03
9.1379797283e+06	5.6323059691e-01	4.1205038138e+03
9.1379797283e+06	5.6304046953e-01	4.1337825499e+03
9.1379797283e+06	5.6284967573e-01	4.1471519228e+03
9.1379797283e+06	5.6265817909e-01	4.1606096221e+03
9.1379797283e+06	5.6246596684e-01	4.1741711192e+03
9.1379797283e+06	5.6227303555e-01	4.1879549125e+03
9.1379797283e+06	5.6207937837e-01	4.2018232271e+03
9.1379797283e+06	5.6188499626e-01	4.2157737672e+03
9.1379797283e+06	5.6168987849e-01	4.2298052126e+03
9.1379797283e+06	5.6149402631e-01	4.2439155455e+03
9.1379797283e+06	5.6129743170e-01	4.2581036671e+03
9.1379797283e+06	5.6110008956e-01	4.2723686458e+03
9.1379797283e+06	5.6090198834e-01	4.2867105733e+03
9.1379797283e+06	5.6070313169e-01	4.3011292189e+03
9.1379797283e+06	5.6050350808e-01	4.3156265183e+03
9.1379797283e+06	5.6030312167e-01	4.3302046829e+03
9.1379797283e+06	5.6010195555e-01	4.3448692828e+03
9.1379797283e+06	5.5990000702e-01	4.3596271002e+03
9.1379797283e+06	5.5969726913e-01	4.3744879711e+03
9.1379797283e+06	5.5949373577e-01	4.3894648283e+03
9.1379797283e+06	5.5928939676e-01	4.4045743865e+03
9.1379797283e+06	5.5908424959e-01	4.4198364404e+03
9.1379797283e+06	5.5887828145e-01	4.4352750118e+03
9.1379797283e+06	5.5867148106e-01	4.4509170015e+03
9.1379797283e+06	5.5846383895e-01	4.4667910641e+03
9.1379797283e+06	5.5825533928e-01	4.4829262919e+03
9.1379797283e+06	5.5804598132e-01	4.4993505370e+03
9.1379797283e+06	5.5783576189e-01	4.5160890119e+03
9.1379797283e+06	5.5762469288e-01	4.5331608927e+03
9.1379797283e+06	5.5741277507e-01	4.5505788525e+03
9.1379797283e+06	5.5720001366e-01	4.5683472534e+03
9.1379797283e+06	5.5698638738e-01	4.5864622857e+03
9.1379797283e+06	5.5677187566e-01	4.6049113268e+03
9.1379797283e+06	5.5655647081e-01	4.6236761087e+03
9.1379797283e+06	5.5634016839e-01	4.6428603519e+03
9.1379797283e+06	5.5612296612e-01	4.6624061590e+03
9.1379797283e+06	5.5590486427e-01	4.6821930837e+03
9.1379797283e+06	5.5568586245e-01	4.7021934461e+03
9.1379797283e+06	5.5546595182e-01	4.7223824086e+03
9.1379797283e+06	5.5524512349e-01	4.7427380840e+03
9.1379797283e+06	5.5502337573e-01	4.7632412392e+03
9.1379797283e+06	5.5480070621e-01	4.7838761019e+03
9.1379797283e+06	5.5457710506e-01	4.8046308177e+03
9.1379797283e+06	5.5435256580e-01	4.8254960687e+03
9.1379797283e+06	5.5412708172e-01	4.8464649814e+03
9.1379797283e+06	5.5390064275e-01	4.8675329515e+03
9.1379797283e+06	5.5367324827e-01	4.8886960146e+03
9.1379797283e+06	5.5344488788e-01	4.9099522485e+03
9.1379797283e+06	5.5321555082e-01	4.9313005667e+03
9.1379797283e+06	5.5298523685e-01	4.9527394397e+03
9.1379797283e+06	5.5275393214e-01	4.9742689308e+03
9.1379797283e+06	5.5252163478e-01	4.9958881681e+03
9.1379797283e+06	5.5228833174e-01	5.0175973717e+03
9.1379797283e+06	5.5205401969e-01	5.0393957556e+03
9.1379797283e+06	5.5181867522e-01	5.0612832206e+03
9.1379797283e+06	5.5158230100e-01	5.0832593060e+03
9.1379797283e+06	5.5134491572e-01	5.1053234397e+03
9.1379797283e+06	5.5110653755e-01	5.1274751512e+03
9.1379797283e+06	5.5086712335e-01	5.1497162852e+03
9.1379797283e+06	5.5062663312e-01	5.1721459298e+03
9.1379797283e+06	5.5038501907e-01	5.1951815297e+03
9.1379797283e+06	5.5014178164e-01	5.2220011434e+03
9.1379797283e+06	5.5004219690e-01	5.2627652208e+03
9.1379797283e+06	5.5002015273e-01	5.2843481327e+03
9.1379797283e+06	5.4999852190e-01	5.3042100171e+03
9.1379797283e+06	5.4997697760e-01	5.3195886012e+03
9.1379797283e+06	5.4995579754e-01	5.3302973554e+03
9.1379797283e+06	5.4993498037e-01	5.3384698809e+03
9.1379797283e+06	5.4991402563e-01	5.3457948548e+03
9.1379797283e+06	5.4989327469e-01	5.3524597838e+03
9.1379797283e+06	5.4987278437e-01	5.3586800110e+03
9.1379797283e+06	5.4985211572e-01	5.3649268769e+03
9.1379797283e+06	5.4983185346e-01	5.3708367712e+03
9.1379797283e+06	5.4981135499e-01	5.3765205320e+03
9.1379797283e+06	5.4979101266e-01	5.3816987962e+03
9.1379797283e+06	5.4977236243e-01	5.3853784210e+03
9.1379797283e+06	5.4973235361e-01	5.3853273830e+03
9.1379797283e+06	5.4971377355e-01	5.3795502197e+03
9.1379797283e+06	5.4971289817e-01	5.3670449457e+03
9.1379797283e+06	5.4974079542e-01	5.3446540892e+03
9.1379797283e+06	5.4979522710e-01	5.3070711088e+03
9.1379797283e+06	5.4989095767e-01	5.2460042079e+03
9.1379797283e+06	5.5005170918e-01	5.1491552301e+03
9.1379797283e+06	5.5031748314e-01	5.0000387265e+03
9.1379797283e+06	5.5067820622e-01	4.8079582403e+03
9.1379797283e+06	5.5103355801e-01	4.6286531299e+03
9.1379797283e+06	5.5138258774e-01	4.4631334507e+03
9.1379797283e+06	5.5172489916e-01	4.3084302790e+03
9.1333044829e+06	5.5205616142e-01	4.1665618088e+03
9.1333044829e+06	5.5217435182e-01	4.1702258218e+03
9.1333044829e+06	5.5199815035e-01	4.1763878387e+03
9.1333044829e+06	5.5182123965e-01	4.1877951368e+03
9.1333044829e+06	5.5164366073e-01	4.2005525646e+03
9.1333044829e+06	5.5146543431e-01	4.2137974011e+03
9.1333044829e+06	5.5128656332e-01	4.2272838148e+03
9.1333044829e+06	5.5110704816e-01	4.2409535189e+03
9.1333044829e+06	5.5092688487e-01	4.2547835309e+03
9.1333044829e+06	5.5074607124e-01	4.2687614484e+03
9.1333044829e+06	5.5056460338e-01	4.2828790750e+03
9.1333044829e+06	5.5038247921e-01	4.2971300264e+03
9.1333044829e+06	5.5019969350e-01	4.3115093157e+03
9.1333044829e+06	5.5001624232e-01	4.3260126219e+03
9.1333044829e+06	5.4983211980e-01	4.3406363409e+03
9.1333044829e+06	5.4964732559e-01	4.3553768463e+03
9.1333044829e+06	5.4946185155e-01	4.3702314492e+03
9.1333044829e+06	5.4927569763e-01	4.3851970547e+03
9.1333044829e+06	5.4908885370e-01	4.4002715559e+03
9.1333044829e+06	5.4890132285e-01	4.4154519144e+03
9.1333044829e+06	5.4871309442e-01	4.4307362967e+03
9.1333044829e+06	5.4852416436e-01	4.4461224077e+03
9.1333044829e+06	5.4833453097e-01	4.4616078142e+03
9.1333044829e+06	5.4814419282e-01	4.4771901178e+03
9.1333044829e+06	5.4795314139e-01	4.4928675701e+03
9.1333044829e+06	5.4776136893e-01	4.5086384748e+03
9.1333044829e+06	5.4756886979e-01	4.5245008337e+03
9.1333044829e+06	5.4737562780e-01	4.5404531750e+03
9.1333044829e+06	5.4718165210e-01	4.5564944193e+03
9.1333044829e+06	5.4698696332e-01	4.5726238002e+03
9.1333044829e+06	5.4679156048e-01	4.5888422910e+03
9.1333044829e+06	5.4659544558e-01	4.6051512363e+03
9.1333044829e+06	5.4639858664e-01	4.6215534274e+03
9.1333044829e+06	5.4620095779e-01	4.6380548713e+03
9.1333044829e+06	5.4600256069e-01	4.6546950808e+03
9.1333044829e+06	5.4580338926e-01	4.6716139302e+03
9.1333044829e+06	5.4560343315e-01	4.6886670922e+03
9.1333044829e+06	5.4540269317e-01	4.7058721267e+03
9.1333044829e+06	5.4520115278e-01	4.7232521958e+03
9.1333044829e+06	5.4499880479e-01	4.7408335470e+03
9.1333044829e+06	5.4479564477e-01	4.7586455312e+03
9.1333044829e+06	5.4459167072e-01	4.7767195199e+03
9.1333044829e+06	5.4438686751e-01	4.7950887070e+03
9.1333044829e+06	5.4418122746e-01	4.8137843148e+03
9.1333044829e+06	5.4397473899e-01	4.8328342479e+03
9.1333044829e+06	5.4376739829e-01	4.8522598883e+03
9.1333044829e+06	5.4355920186e-01	4.8720747627e+03
9.1333044829e+06	5.4335015230e-01	4.8922827418e+03
9.1333044829e+06	5.4314023409e-01	4.9128800208e+03
9.1333044829e+06	5.4292944721e-01	4.9338524458e+03
9.1333044829e+06	5.4271779415e-01	4.9551781554e+03
9.1333044829e+06	5.4250526619e-01	4.9768309550e+03
9.1333044829e+06	5.4229185553e-01	4.9987814036e+03
9.1333044829e+06	5.4207755379e-01	5.0209983497e+03
9.1333044829e+06	5.4186235950e-01	5.0434515633e+03
9.1333044829e+06	5.4164627172e-01	5.0661144521e+03
9.1333044829e+06	5.4142930017e-01	5.0889628443e+03
9.1333044829e+06	5.4121146431e-01	5.1119757409e+03
9.1333044829e+06	5.4099275410e-01	5.1351372475e+03
9.1333044829e+06	5.4077313743e-01	5.1584334435e+03
9.1333044829e+06	5.4055259303e-01	5.1818554577e+03
9.1333044829e+06	5.4033111264e-01	5.2056056593e+03
9.1333044829e+06	5.4010870137e-01	5.2295245581e+03
9.1333044829e+06	5.3988534894e-01	5.2535559060e+03
9.1333044829e+06	5.3966104829e-01	5.2776974081e+03
9.1333044829e+06	5.3943579216e-01	5.3019476612e+03
9.1333044829e+06	5.3920957327e-01	5.3263058341e+03
9.1333044829e+06	5.3898238147e-01	5.3507717445e+03
9.1333044829e+06	5.3875421485e-01	5.3753444936e+03
9.1333044829e+06	5.3852506308e-01	5.4000241403e+03
9.1333044829e+06	5.3829491605e-01	5.4248106930e+03
9.1333044829e+06	5.3806376868e-01	5.4497035336e+03
9.1333044829e+06	5.3783161557e-01	5.4747019756e+03
9.1333044829e+06	5.3759844639e-01	5.4998058338e+03
9.1333044829e+06	5.3736425317e-01	5.5250156010e+03
9.1333044829e+06	5.3712902370e-01	5.5503438351e+03
9.1333044829e+06	5.3689272980e-01	5.5759334671e+03
9.1333044829e+06	5.3665513939e-01	5.6033565539e+03
9.1333044829e+06	5.3648349827e-01	5.6476121040e+03
9.1333044829e+06	5.3646110563e-01	5.6701149167e+03
9.1333044829e+06	5.3643900658e-01	5.6942090314e+03
9.1333044829e+06	5.3641727304e-01	5.7145442200e+03
9.1333044829e+06	5.3639560872e-01	5.7294916365e+03
9.1333044829e+06	5.3637438221e-01	5.7401167034e+03
9.1333044829e+06	5.3635335179e-01	5.7488235712e+03
9.1333044829e+06	5.3633222769e-01	5.7568147732e+03
9.1333044829e+06	5.3631140901e-01	5.7641327451e+03
9.1333044829e+06	5.3629060892e-01	5.7712324860e+03
9.1333044829e+06	5.3626990410e-01	5.7781676300e+03
9.1333044829e+06	5.3624969966e-01	5.7847019433e+03
9.1333044829e+06	5.3622983378e-01	5.7910467790e+03
9.1333044829e+06	5.3621169345e-01	5.7962640709e+03
9.1333044829e+06	5.3619752808e-01	5.7989440895e+03
9.1333044829e+06	5.3619341238e-01	5.7968580313e+03
9.1333044829e+06	5.3619860796e-01	5.7895617214e+03
9.1333044829e+06	5.3621581564e-01	5.7750039104e+03
9.1333044829e+06	5.3625093574e-01	5.7493967168e+03
9.1333044829e+06	5.3631346784e-01	5.7066315891e+03
9.1333044829e+06	5.3641913743e-01	5.6372866804e+03
9.1333044829e+06	5.3659291610e-01	5.5272278890e+03
9.1333044829e+06	5.3687305226e-01	5.3564923167e+03
9.1333044829e+06	5.3725075702e-01	5.1382310559e+03
9.1333044829e+06	5.3762268509e-01	4.9365362585e+03
9.1333044829e+06	5.3798720611e-01	4.7486506650e+03
9.1333044829e+06	5.3834453800e-01	4.5745799863e+03
9.1298937120e+06	5.3869475336e-01	4.4150623081e+03
9.1298937120e+06	5.3866577524e-01	4.4209359852e+03
9.1298937120e+06	5.3848341485e-01	4.4318015186e+03
9.1298937120e+06	5.3830031601e-01	4.4456180953e+03
9.1298937120e+06	5.3811653734e-01	4.4600683306e+03
9.1298937120e+06	5.3793208763e-01	4.4748366112e+03
9.1298937120e+06	5.3774696713e-01	4.4898486857e+03
9.1298937120e+06	5.3756117518e-01	4.5050734028e+03
9.1298937120e+06	5.3737470714e-01	4.5204919808e+03
9.1298937120e+06	5.3718756230e-01	4.5360905409e+03
9.1298937120e+06	5.3699973485e-01	4.5518586721e+03
9.1298937120e+06	5.3681122380e-01	4.5677876131e+03
9.1298937120e+06	5.3662202246e-01	4.5838705713e+03
9.1298937120e+06	5.3643211594e-01	4.6001013798e+03
9.1298937120e+06	5.3624151729e-01	4.6164750976e+03
9.1298937120e+06	5.3605026481e-01	4.6329874484e+03
9.1298937120e+06	5.3585835031e-01	4.6496344024e+03
9.1298937120e+06	5.3566572210e-01	4.6664124710e+03
9.1298937120e+06	5.3547237319e-01	4.6834450999e+03
9.1298937120e+06	5.3527830249e-01	4.7006752019e+03
9.1298937120e+06	5.3508351098e-01	4.7180298549e+03
9.1298937120e+06	5.3488799318e-01	4.7355064595e+03
9.1298937120e+06	5.3469174307e-01	4.7531025780e+03
9.1298937120e+06	5.3449475586e-01	4.7708157375e+03
9.1298937120e+06	5.3429702376e-01	4.7886437955e+03
9.1298937120e+06	5.3409854653e-01	4.8065840016e+03
9.1298937120e+06	5.3389931872e-01	4.8246341722e+03
9.1298937120e+06	5.3369933077e-01	4.8427926576e+03
9.1298937120e+06	5.3349858072e-01	4.8610573654e+03
9.1298937120e+06	5.3329706334e-01	4.8794268819e+03
9.1298937120e+06	5.3309477323e-01	4.8979003717e+03
9.1298937120e+06	5.3289170256e-01	4.9164780383e+03
9.1298937120e+06	5.3268785423e-01	4.9351602310e+03
9.1298937120e+06	5.3248321617e-01	4.9539501889e+03
9.1298937120e+06	5.3227778220e-01	4.9728526157e+03
9.1298937120e+06	5.3207154579e-01	4.9918747703e+03
9.1298937120e+06	5.3186450009e-01	5.0110270148e+03
9.1298937120e+06	5.3165663068e-01	5.0303238780e+03
9.1298937120e+06	5.3144792092e-01	5.0497834865e+03
9.1298937120e+06	5.3123838117e-01	5.0694277376e+03
9.1298937120e+06	5.3102800501e-01	5.0892849603e+03
9.1298937120e+06	5.3081680618e-01	5.1093856172e+03
9.1298937120e+06	5.3060477611e-01	5.1297654484e+03
9.1298937120e+06	5.3039191727e-01	5.1504588017e+03
9.1298937120e+06	5.3017818168e-01	5.1715021641e+03
9.1298937120e+06	5.2996355922e-01	5.1929283456e+03
9.1298937120e+06	5.2974804001e-01	5.2148320161e+03
9.1298937120e+06	5.2953162523e-01	5.2373460374e+03
9.1298937120e+06	5.2931430971e-01	5.2603047500e+03
9.1298937120e+06	5.2909608392e-01	5.2837076454e+03
9.1298937120e+06	5.2887695311e-01	5.3075423081e+03
9.1298937120e+06	5.2865690287e-01	5.3317893156e+03
9.1298937120e+06	5.2843594059e-01	5.3564197422e+03
9.1298937120e+06	5.2821405657e-01	5.3814019109e+03
9.1298937120e+06	5.2799124018e-01	5.4067022069e+03
9.1298937120e+06	5.2776749947e-01	5.4322852787e+03
9.1298937120e+06	5.2754281892e-01	5.4581204493e+03
9.1298937120e+06	5.2731720141e-01	5.4841782592e+03
9.1298937120e+06	5.2709063696e-01	5.5104348499e+03
9.1298937120e+06	5.2686311935e-01	5.5368701678e+03
9.1298937120e+06	5.2663464212e-01	5.5634682841e+03
9.1298937120e+06	5.2640519481e-01	5.5902174248e+03
9.1298937120e+06	5.2617477417e-01	5.6171081206e+03
9.1298937120e+06	5.2594337295e-01	5.6441339403e+03
9.1298937120e+06	5.2571098004e-01	5.6712900900e+03
9.1298937120e+06	5.2547757803e-01	5.6985746384e+03
9.1298937120e+06	5.2524318524e-01	5.7259850431e+03
9.1298937120e+06	5.2500781918e-01	5.7535207289e+03
9.1298937120e+06	5.2477148258e-01	5.7811805264e+03
9.1298937120e+06	5.2453412138e-01	5.8089639054e+03
9.1298937120e+06	5.2429571552e-01	5.8369426952e+03
9.1298937120e+06	5.2405626128e-01	5.8652875490e+03
9.1298937120e+06	5.2381575921e-01	5.8937584987e+03
9.1298937120e+06	5.2357419841e-01	5.9223553875e+03
9.1298937120e+06	5.2333157051e-01	5.9510779193e+03
9.1298937120e+06	5.2308786674e-01	5.9799282157e+03
9.1298937120e+06	5.2284307211e-01	6.0089365749e+03
9.1298937120e+06	5.2259713700e-01	6.0384408110e+03
9.1298937120e+06	5.2234962146e-01	6.0721215031e+03
9.1298937120e+06	5.2223414176e-01	6.1260106715e+03
9.1298937120e+06	5.2221089749e-01	6.1537493308e+03
9.1298937120e+06	5.2218809699e-01	6.1791609347e+03
9.1298937120e+06	5.2216533766e-01	6.1987682448e+03
9.1298937120e+06	5.2214298970e-01	6.2124224586e+03
9.1298937120e+06	5.2212103044e-01	6.2229585512e+03
9.1298937120e+06	5.2209884647e-01	6.2325343872e+03
9.1298937120e+06	5.2207695307e-01	6.2412256478e+03
9.1298937120e+06	5.2205525714e-01	6.2494448713e+03
9.1298937120e+06	5.2203346604e-01	6.2576183319e+03
9.1298937120e+06	5.2201215038e-01	6.2653442999e+03
9.1298937120e+06	5.2199119235e-01	6.2728176868e+03
9.1298937120e+06	5.2197152464e-01	6.2793790382e+03
9.1298937120e+06	5.2195509779e-01	6.2836541581e+03
9.1298937120e+06	5.2194750189e-01	6.2825822769e+03
9.1298937120e+06	5.2195163461e-01	6.2747851871e+03
9.1298937120e+06	5.2196886177e-01	6.2584758971e+03
9.1298937120e+06	5.2200492466e-01	6.2294988996e+03
9.1298937120e+06	5.2206942375e-01	6.1810042609e+03
9.1298937120e+06	5.2217844755e-01	6.1023831371e+03
9.1298937120e+06	5.2235848933e-01	5.9771164113e+03
9.1298937120e+06	5.2265440282e-01	5.7803779285e+03
9.1298937120e+06	5.2305178042e-01	5.5314294674e+03
9.1298937120e+06	5.2344105955e-01	5.3000428311e+03
9.1298937120e+06	5.2382241715e-01	5.0865448042e+03
9.1298937120e+06	5.2419589475e-01	4.8888148330e+03
9.1258326400e+06	5.2456146318e-01	4.7070504545e+03
9.1258326400e+06	5.2529779859e-01	4.7183663118e+03
9.1258326400e+06	5.2511642275e-01	4.7331144858e+03
9.1258326400e+06	5.2493435351e-01	4.7488204277e+03
9.1258326400e+06	5.2475161071e-01	4.7650362004e+03
9.1258326400e+06	5.2456819971e-01	4.7816428010e+03
9.1258326400e+06	5.2438412202e-01	4.7985746453e+03
9.1258326400e+06	5.2419937791e-01	4.8157889142e+03
9.1258326400e+06	5.2401396324e-01	4.8332558813e+03
9.1258326400e+06	5.2382787787e-01	4.8509533164e+03
9.1258326400e+06	5.2364111814e-01	4.8688645278e+03
9.1258326400e+06	5.2345368076e-01	4.8869763904e+03
9.1258326400e+06	5.2326556222e-01	4.9052783751e+03
9.1258326400e+06	5.2307675859e-01	4.9237618891e+03
9.1258326400e+06	5.2288726768e-01	4.9424195900e+03
9.1258326400e+06	5.2269708205e-01	4.9612457319e+03
9.1258326400e+06	5.2250619910e-01	4.9802349293e+03
9.1258326400e+06	5.2231461658e-01	4.9993824030e+03
9.1258326400e+06	5.2212232819e-01	5.0186842784e+03
9.1258326400e+06	5.2192932941e-01	5.0381368868e+03
9.1258326400e+06	5.2173561161e-01	5.0577372731e+03
9.1258326400e+06	5.2154117588e-01	5.0774817188e+03
9.1258326400e+06	5.2134601444e-01	5.0973675203e+03
9.1258326400e+06	5.2115011062e-01	5.1173916576e+03
9.1258326400e+06	5.2095347184e-01	5.1375514481e+03
9.1258326400e+06	5.2075612343e-01	5.1578438680e+03
9.1258326400e+06	5.2055808086e-01	5.1782665550e+03
9.1258326400e+06	5.2035931037e-01	5.1988170355e+03
9.1258326400e+06	5.2015977452e-01	5.2194934585e+03
9.1258326400e+06	5.1995947149e-01	5.2403938579e+03
9.1258326400e+06	5.1975840246e-01	5.2615503407e+03
9.1258326400e+06	5.1955656339e-01	5.2828297304e+03
9.1258326400e+06	5.1935395679e-01	5.3042306497e+03
9.1258326400e+06	5.1915056991e-01	5.3257544571e+03
9.1258326400e+06	5.1894639299e-01	5.3474036902e+03
9.1258326400e+06	5.1874142370e-01	5.3691820744e+03
9.1258326400e+06	5.1853565571e-01	5.3910963335e+03
9.1258326400e+06	5.1832907816e-01	5.4131567908e+03
9.1258326400e+06	5.1812168990e-01	5.4353766203e+03
9.1258326400e+06	5.1791348856e-01	5.4577735563e+03
9.1258326400e+06	5.1770445489e-01	5.4803720643e+03
9.1258326400e+06	5.1749458994e-01	5.5031995321e+03
9.1258326400e+06	5.1728388061e-01	5.5262897447e+03
9.1258326400e+06	5.1707231342e-01	5.5496806937e+03
9.1258326400e+06	5.1685988943e-01	5.5734114872e+03
9.1258326400e+06	5.1664659053e-01	5.5975240441e+03
9.1258326400e+06	5.1643241841e-01	5.6220561414e+03
9.1258326400e+06	5.1621734608e-01	5.6470428624e+03
9.1258326400e+06	5.1600137070e-01	5.6725104834e+03
9.1258326400e+06	5.1578451571e-01	5.6984733504e+03
9.1258326400e+06	5.1556678099e-01	5.7249376713e+03
9.1258326400e+06	5.1534817963e-01	5.7518948077e+03
9.1258326400e+06	5.1512870020e-01	5.7793277553e+03
9.1258326400e+06	5.1490830168e-01	5.8072081007e+03
9.1258326400e+06	5.1468697481e-01	5.8355020169e+03
9.1258326400e+06	5.1446472262e-01	5.8642765403e+03
9.1258326400e+06	5.1424153656e-01	5.8936087453e+03
9.1258326400e+06	5.1401742096e-01	5.9232460705e+03
9.1258326400e+06	5.1379236192e-01	5.9531556669e+03
9.1258326400e+06	5.1356636184e-01	5.9833069297e+03
9.1258326400e+06	5.1333941042e-01	6.0136757441e+03
9.1258326400e+06	5.1311150120e-01	6.0442422487e+03
9.1258326400e+06	5.1288262305e-01	6.0749916090e+03
9.1258326400e+06	5.1265277758e-01	6.1059111132e+03
9.1258326400e+06	5.1242195322e-01	6.1369930026e+03
9.1258326400e+06	5.1219014256e-01	6.1682315225e+03
9.1258326400e+06	5.1195733805e-01	6.1996227909e+03
9.1258326400e+06	5.1172352874e-01	6.2311648428e+03
9.1258326400e+06	5.1148870770e-01	6.2628561391e+03
9.1258326400e+06	5.1125287508e-01	6.2946948034e+03
9.1258326400e+06	5.1101601431e-01	6.3266815780e+03
9.1258326400e+06	5.1077812035e-01	6.3588158178e+03
9.1258326400e+06	5.1053918508e-01	6.3910973273e+03
9.1258326400e+06	5.1029919082e-01	6.4235261990e+03
9.1258326400e+06	5.1005813997e-01	6.4561011449e+03
9.1258326400e+06	5.0981605565e-01	6.4888230118e+03
9.1258326400e+06	5.0957295169e-01	6.5216989451e+03
9.1258326400e+06	5.0932874514e-01	6.5548151983e+03
9.1258326400e+06	5.0908330887e-01	6.5892684958e+03
9.1258326400e+06	5.0884741989e-01	6.6352820610e+03
9.1258326400e+06	5.0881494130e-01	6.6774073953e+03
9.1258326400e+06	5.0879125387e-01	6.7096291986e+03
9.1258326400e+06	5.0876803123e-01	6.7387979666e+03
9.1258326400e+06	5.0874477473e-01	6.7611689554e+03
9.1258326400e+06	5.0872198393e-01	6.7766832737e+03
9.1258326400e+06	5.0869955831e-01	6.7887968454e+03
9.1258326400e+06	5.0867690318e-01	6.7998660574e+03
9.1258326400e+06	5.0865459067e-01	6.8099089841e+03
9.1258326400e+06	5.0863239762e-01	6.8195096652e+03
9.1258326400e+06	5.0861019475e-01	6.8289724155e+03
9.1258326400e+06	5.0858851859e-01	6.8379028340e+03
9.1258326400e+06	5.0856719728e-01	6.8465716170e+03
9.1258326400e+06	5.0854754485e-01	6.8539155124e+03
9.1258326400e+06	5.0853188784e-01	6.8581450874e+03
9.1258326400e+06	5.0852676406e-01	6.8558106018e+03
9.1258326400e+06	5.0853274855e-01	6.8460494579e+03
9.1258326400e+06	5.0855235240e-01	6.8263415315e+03
9.1258326400e+06	5.0859188985e-01	6.7916659251e+03
9.1258326400e+06	5.0866184690e-01	6.7338915841e+03
9.1258326400e+06	5.0877957281e-01	6.6404498927e+03
9.1258326400e+06	5.0897218600e-01	6.4938663100e+03
9.1258326400e+06	5.0928159212e-01	6.2692162498e+03
9.1258326400e+06	5.0969218108e-01	5.9857603125e+03
9.1258326400e+06	5.1010159559e-01	5.7196710973e+03
9.1258326400e+06	5.1050153765e-01	5.4744734304e+03
9.1258326400e+06	5.1089237520e-01	5.2470801326e+03
9.1221611646e+06	5.1127516608e-01	5.0403192811e+03
9.1221611646e+06	5.1283296777e-01	4.8451774201e+03
9.1221611646e+06	5.1321273280e-01	4.6581653333e+03
9.1221611646e+06	5.1358483375e-01	4.4857040075e+03
9.1221611646e+06	5.1394927734e-01	4.3251849629e+03
9.1221611646e+06	5.1430155155e-01	4.1767561224e+03
9.1221611646e+06	5.1464397946e-01	4.0388501789e+03
9.0881921721e+06	5.1495106594e-01	3.9295280410e+03
9.0881921721e+06	5.0389681495e-01	3.9256977742e+03
9.0881921721e+06	5.0369988760e-01	3.9258811178e+03
9.0881921721e+06	5.0349635979e-01	3.9250633605e+03
9.0881921721e+06	5.0328771614e-01	3.9286268182e+03
9.0881921721e+06	5.0307621195e-01	3.9372480757e+03
9.0881921721e+06	5.0286380963e-01	3.9487267748e+03
9.0881921721e+06	5.0265055005e-01	3.9616851865e+03
9.0881921721e+06	5.0243644575e-01	3.9754320239e+03
9.0881921721e+06	5.0222150716e-01	3.9896259394e+03
9.0881921721e+06	5.0200573297e-01	4.0040963522e+03
9.0881921721e+06	5.0178912449e-01	4.0187559370e+03
9.0881921721e+06	5.0157167397e-01	4.0335597377e+03
9.0881921721e+06	5.0135337224e-01	4.0484843075e+03
9.0881921721e+06	5.0113421354e-01	4.0635173364e+03
9.0881921721e+06	5.0091419971e-01	4.0786524041e+03
9.0881921721e+06	5.0069332477e-01	4.0938876590e+03
9.0881921721e+06	5.0047157204e-01	4.1092249723e+03
9.0881921721e+06	5.0024894530e-01	4.1246674582e+03
9.0881921721e+06	5.0002542648e-01	4.1402224083e+03
9.0881921721e+06	4.9980014133e-01	4.1558999656e+03
9.0881921721e+06	4.9957371124e-01	4.1717123412e+03
9.0881921721e+06	4.9934637372e-01	4.1876754493e+03
9.0881921721e+06	4.9911813077e-01	4.2038094819e+03
9.0881921721e+06	4.9888899901e-01	4.2201371915e+03
9.0881921721e+06	4.9865897323e-01	4.2366843885e+03
9.0881921721e+06	4.9842800583e-01	4.2534788613e+03
9.0881921721e+06	4.9819608550e-01	4.2705480983e+03
9.0881921721e+06	4.9796319761e-01	4.2879743408e+03
9.0881921721e+06	4.9772933668e-01	4.3058696452e+03
9.0881921721e+06	4.9749449574e-01	4.3241108852e+03
9.0881921721e+06	4.9725866843e-01	4.3427081010e+03
9.0881921721e+06	4.9702184897e-01	4.3616633110e+03
9.0881921721e+06	4.9678402622e-01	4.3809708600e+03
9.0881921721e+06	4.9654520075e-01	4.4006167740e+03
9.0881921721e+06	4.9630537462e-01	4.4205809855e+03
9.0881921721e+06	4.9606453662e-01	4.4408404316e+03
9.0881921721e+06	4.9582268159e-01	4.4613694712e+03
9.0881921721e+06	4.9557979927e-01	4.4821427395e+03
9.0881921721e+06	4.9533589357e-01	4.5031349225e+03
9.0881921721e+06	4.9509094796e-01	4.5243248493e+03
9.0881921721e+06	4.9484496658e-01	4.5456926156e+03
9.0881921721e+06	4.9459793261e-01	4.5672233686e+03
9.0881921721e+06	4.9434984757e-01	4.5889038466e+03
9.0881921721e+06	4.9410069295e-01	4.6107248683e+03
9.0881921721e+06	4.9385045477e-01	4.6326793777e+03
9.0881921721e+06	4.9359913941e-01	4.6547629103e+03
9.0881921721e+06	4.9334678572e-01	4.6769708921e+03
9.0881921721e+06	4.9309339316e-01	4.6993016977e+03
9.0881921721e+06	4.9283889892e-01	4.7217545152e+03
9.0881921721e+06	4.9258328615e-01	4.7443517662e+03
9.0881921721e+06	4.9232654419e-01	4.7673080957e+03
9.0881921721e+06	4.9206867549e-01	4.7903877430e+03
9.0881921721e+06	4.9180966766e-01	4.8135909177e+03
9.0881921721e+06	4.9154951181e-01	4.8369176021e+03
9.0881921721e+06	4.9128819569e-01	4.8603680296e+03
9.0881921721e+06	4.9102571620e-01	4.8839415282e+03
9.0881921721e+06	4.9076206101e-01	4.9076381580e+03
9.0881921721e+06	4.9049722073e-01	4.9314577388e+03
9.0881921721e+06	4.9023118293e-01	4.9554017918e+03
9.0881921721e+06	4.8996394010e-01	4.9794884658e+03
9.0881921721e+06	4.8969544484e-01	5.0039296785e+03
9.0881921721e+06	4.8942534708e-01	5.0310480220e+03
9.0881921721e+06	4.8927506525e-01	5.0769968489e+03
9.0881921721e+06	4.8924959507e-01	5.0990319458e+03
9.0881921721e+06	4.8922460567e-01	5.1189485986e+03
9.0881921721e+06	4.8919959911e-01	5.1343220585e+03
9.0881921721e+06	4.8917504277e-01	5.1452344660e+03
9.0881921721e+06	4.8915086270e-01	5.1539130038e+03
9.0881921721e+06	4.8912642587e-01	5.1619206819e+03
9.0881921721e+06	4.8910235122e-01	5.1692271226e+03
9.0881921721e+06	4.8907838791e-01	5.1762484850e+03
9.0881921721e+06	4.8905443588e-01	5.1831738946e+03
9.0881921721e+06	4.8903102619e-01	5.1897293450e+03
9.0881921721e+06	4.8900792743e-01	5.1961446535e+03
9.0881921721e+06	4.8898653652e-01	5.2016279454e+03
9.0881921721e+06	4.8896914099e-01	5.2049751591e+03
9.0881921721e+06	4.8896293262e-01	5.2040781067e+03
9.0881921721e+06	4.8896588201e-01	5.1989130669e+03
9.0881921721e+06	4.8898043041e-01	5.1878944911e+03
9.0881921721e+06	4.8901214250e-01	5.1680187957e+03
9.0881921721e+06	4.8907001375e-01	5.1344102050e+03
9.0881921721e+06	4.8916909873e-01	5.0794979621e+03
9.0881921721e+06	4.8933321369e-01	4.9919513253e+03
9.0881921721e+06	4.8959982248e-01	4.8555905437e+03
9.0881921721e+06	4.8995665831e-01	4.6825899119e+03
9.0881921721e+06	4.9030880590e-01	4.5216698717e+03
9.0881921721e+06	4.9065400804e-01	4.3711639627e+03
9.0881921721e+06	4.9098899096e-01	4.2310940855e+03
9.0858029326e+06	4.9131381569e-01	4.1020408083e+03
9.0858029326e+06	4.9353017335e-01	3.9746517687e+03
9.0858029326e+06	4.9378413876e-01	3.8554946992e+03
9.0858029326e+06	4.9395269605e-01	3.7445749975e+03
9.0858029326e+06	4.9407307223e-01	3.6402971291e+03
9.0858029326e+06	4.9414465222e-01	3.5425975073e+03
9.0858029326e+06	4.9402399836e-01	3.4793390676e+03
9.0858029326e+06	4.9388187447e-01	3.4889230647e+03
9.0858029326e+06	4.9373849298e-01	3.4991339901e+03
9.0858029326e+06	4.9359412687e-01	3.5097238078e+03
9.0858029326e+06	4.9344888770e-01	3.5205941013e+03
9.0858029326e+06	4.9330283187e-01	3.5316916519e+03
9.0858029326e+06	4.9315599111e-01	3.5429836635e+03
9.0858029326e+06	4.9300119646e-01	3.5544590197e+03
9.0858029326e+06	4.9284250367e-01	3.5660961132e+03
9.0858029326e+06	4.9268315762e-01	3.5778785321e+03
9.0858029326e+06	4.9252309128e-01	3.5899145106e+03
9.0858029326e+06	4.9236230192e-01	3.6021095600e+03
9.0858029326e+06	4.9220078543e-01	3.6144317347e+03
9.0858029326e+06	4.9203853950e-01	3.6268765409e+03
9.0858029326e+06	4.9186994527e-01	3.6394488233e+03
9.0858029326e+06	4.9170060893e-01	3.6521371016e+03
9.0858029326e+06	4.9153054042e-01	3.6649387710e+03
9.0858029326e+06	4.9135973378e-01	3.6778516380e+03
9.0858029326e+06	4.9118818469e-01	3.6908736434e+03
9.0858029326e+06	4.9101491537e-01	3.7040046000e+03
9.0858029326e+06	4.9083632082e-01	3.7172480132e+03
9.0858029326e+06	4.9065697262e-01	3.7305958638e+03
9.0858029326e+06	4.9047686996e-01	3.7440463478e+03
9.0858029326e+06	4.9029600062e-01	3.7575985706e+03
9.0858029326e+06	4.9011279175e-01	3.7712531659e+03
9.0858029326e+06	4.8992499318e-01	3.7850120742e+03
9.0858029326e+06	4.8973641833e-01	3.7988686716e+03
9.0858029326e+06	4.8954706449e-01	3.8128215125e+03
9.0858029326e+06	4.8935376242e-01	3.8268743910e+03
9.0858029326e+06	4.8915238203e-01	3.8410321254e+03
9.0858029326e+06	4.8895023141e-01	3.8552832313e+03
9.0858029326e+06	4.8874732891e-01	3.8696273061e+03
9.0858029326e+06	4.8853776288e-01	3.8840735428e+03
9.0858029326e+06	4.8832670385e-01	3.8986154208e+03
9.0858029326e+06	4.8811482670e-01	3.9132539598e+03
9.0858029326e+06	4.8790212719e-01	3.9281290080e+03
9.0858029326e+06	4.8768860229e-01	3.9431444268e+03
9.0858029326e+06	4.8747424664e-01	3.9582744309e+03
9.0858029326e+06	4.8725904814e-01	3.9735295963e+03
9.0858029326e+06	4.8704299889e-01	3.9889232235e+03
9.0858029326e+06	4.8682609063e-01	4.0044718675e+03
9.0858029326e+06	4.8660831479e-01	4.0201953585e+03
9.0858029326e+06	4.8638965737e-01	4.0361168941e+03
9.0858029326e+06	4.8617011158e-01	4.0522614195e+03
9.0858029326e+06	4.8594968021e-01	4.0686543384e+03
9.0858029326e+06	4.8572834654e-01	4.0853221374e+03
9.0858029326e+06	4.8550610270e-01	4.1022884935e+03
9.0858029326e+06	4.8528294150e-01	4.1195729677e+03
9.0858029326e+06	4.8505885103e-01	4.1371897368e+03
9.0858029326e+06	4.8483383086e-01	4.1551450485e+03
9.0858029326e+06	4.8460787494e-01	4.1734375041e+03
9.0858029326e+06	4.8438096029e-01	4.1920597020e+03
9.0858029326e+06	4.8415311064e-01	4.2109956990e+03
9.0858029326e+06	4.8392432890e-01	4.2302269559e+03
9.0858029326e+06	4.8369464660e-01	4.2497299137e+03
9.0858029326e+06	4.8346405078e-01	4.2694809095e+03
9.0858029326e+06	4.8323249167e-01	4.2894567192e+03
9.0858029326e+06	4.8299996479e-01	4.3096356347e+03
9.0858029326e+06	4.8276645611e-01	4.3302240290e+03
9.0858029326e+06	4.8253196963e-01	4.3509900784e+03
9.0858029326e+06	4.8229648794e-01	4.3719150248e+03
9.0858029326e+06	4.8206001601e-01	4.3929875303e+03
9.0858029326e+06	4.8182254031e-01	4.4142004526e+03
9.0858029326e+06	4.8158405339e-01	4.4355482527e+03
9.0858029326e+06	4.8134454740e-01	4.4570271445e+03
9.0858029326e+06	4.8110401439e-01	4.4786346692e+03
9.0858029326e+06	4.8086244264e-01	4.5003696740e+03
9.0858029326e+06	4.8061983125e-01	4.5222307115e+03
9.0858029326e+06	4.8037616488e-01	4.5442180741e+03
9.0858029326e+06	4.8013144196e-01	4.5663310751e+03
9.0858029326e+06	4.7988564971e-01	4.5885701711e+03
9.0858029326e+06	4.7963878142e-01	4.6109353016e+03
9.0858029326e+06	4.7939082451e-01	4.6334269074e+03
9.0858029326e+06	4.7914177626e-01	4.6560444625e+03
9.0858029326e+06	4.7889161210e-01	4.6787884412e+03
9.0858029326e+06	4.7864033855e-01	4.7016584138e+03
9.0858029326e+06	4.7838800704e-01	4.7246540068e+03
9.0858029326e+06	4.7813460036e-01	4.7477780195e+03
9.0858029326e+06	4.7788003875e-01	4.7710716546e+03
9.0858029326e+06	4.7762426107e-01	4.7951151009e+03
9.0858029326e+06	4.7736678732e-01	4.8232735096e+03
9.0858029326e+06	4.7727590189e-01	4.8609436260e+03
9.0858029326e+06	4.7725055991e-01	4.8819848898e+03
9.0858029326e+06	4.7722570936e-01	4.9007159204e+03
9.0858029326e+06	4.7720073018e-01	4.9151734207e+03
9.0858029326e+06	4.7717623428e-01	4.9255543425e+03
9.0858029326e+06	4.7715204684e-01	4.9340066159e+03
9.0858029326e+06	4.7712765337e-01	4.9418276348e+03
9.0858029326e+06	4.7710363977e-01	4.9490046195e+03
9.0858029326e+06	4.7707965082e-01	4.9559797841e+03
9.0858029326e+06	4.7705577112e-01	4.9628101083e+03
9.0858029326e+06	4.7703246445e-01	4.9692851080e+03
9.0858029326e+06	4.7700948979e-01	4.9756210665e+03
9.0858029326e+06	4.7698861337e-01	4.9808756535e+03
9.0858029326e+06	4.7697260643e-01	4.9836883888e+03
9.0858029326e+06	4.7696885938e-01	4.9819463035e+03
9.0858029326e+06	4.7697526548e-01	4.9756053718e+03
9.0858029326e+06	4.7699519201e-01	4.9628186128e+03
9.0858029326e+06	4.7703506662e-01	4.9402272065e+03
9.0858029326e+06	4.7710576815e-01	4.9024474668e+03
9.0858029326e+06	4.7722500965e-01	4.8412205540e+03
9.0858029326e+06	4.7742101448e-01	4.7446137031e+03
9.0858029326e+06	4.7773784378e-01	4.5967514543e+03
9.0858029326e+06	4.7808615303e-01	4.4421063627e+03
9.0858029326e+06	4.7842943768e-01	4.2973974319e+03
9.0858029326e+06	4.7876743579e-01	4.1631390914e+03
9.0858029326e+06	4.7909938956e-01	4.0373091839e+03
9.0682862337e+06	4.7938754599e-01	3.9298395428e+03
9.0682862337e+06	4.7364991631e-01	3.9359695773e+03
9.0682862337e+06	4.7344090827e-01	3.9353224944e+03
9.0682862337e+06	4.7323051440e-01	3.9364550509e+03
9.0682862337e+06	4.7301911702e-01	3.9435671013e+03
9.0682862337e+06	4.7280682073e-01	3.9547741431e+03
9.0682862337e+06	4.7259366851e-01	3.9681798293e+03
9.0682862337e+06	4.7237967769e-01	3.9827231858e+03
9.0682862337e+06	4.7216486124e-01	3.9978959063e+03
9.0682862337e+06	4.7194920945e-01	4.0134448232e+03
9.0682862337e+06	4.7173273160e-01	4.0292408508e+03
9.0682862337e+06	4.7151541769e-01	4.0452194755e+03
9.0682862337e+06	4.7129725493e-01	4.0613491579e+03
9.0682862337e+06	4.7107824718e-01	4.0776148656e+03
9.0682862337e+06	4.7085838494e-01	4.0940129467e+03
9.0682862337e+06	4.7063766103e-01	4.1105464004e+03
9.0682862337e+06	4.7041606779e-01	4.1272234810e+03
9.0682862337e+06	4.7019359481e-01	4.1440571659e+03
9.0682862337e+06	4.6997024366e-01	4.1610636734e+03
9.0682862337e+06	4.6974599798e-01	4.1782644277e+03
9.0682862337e+06	4.6952084280e-01	4.1956840768e+03
9.0682862337e+06	4.6929476830e-01	4.2133484865e+03
9.0682862337e+06	4.6906776328e-01	4.2312864369e+03
9.0682862337e+06	4.6883984870e-01	4.2495244245e+03
9.0682862337e+06	4.6861103768e-01	4.2680877915e+03
9.0682862337e+06	4.6838132963e-01	4.2869973914e+03
9.0682862337e+06	4.6815069487e-01	4.3062664173e+03
9.0682862337e+06	4.6791909887e-01	4.3259019534e+03
9.0682862337e+06	4.6768653653e-01	4.3459521915e+03
9.0682862337e+06	4.6745299830e-01	4.3665396428e+03
9.0682862337e+06	4.6721848457e-01	4.3874716452e+03
9.0682862337e+06	4.6698299601e-01	4.4087261737e+03
9.0682862337e+06	4.6674652389e-01	4.4302790348e+03
9.0682862337e+06	4.6650906861e-01	4.4521041450e+03
9.0682862337e+06	4.6627061914e-01	4.4741771982e+03
9.0682862337e+06	4.6603116941e-01	4.4964753537e+03
9.0682862337e+06	4.6579071304e-01	4.5189785871e+03
9.0682862337e+06	4.6554923866e-01	4.5416705905e+03
9.0682862337e+06	4.6530674828e-01	4.5645370250e+03
9.0682862337e+06	4.6506322818e-01	4.5875680583e+03
9.0682862337e+06	4.6481866613e-01	4.6107563823e+03
9.0682862337e+06	4.6457306859e-01	4.6340951219e+03
9.0682862337e+06	4.6432641186e-01	4.6575820285e+03
9.0682862337e+06	4.6407869535e-01	4.6812132969e+03
9.0682862337e+06	4.6382989724e-01	4.7049887476e+03
9.0682862337e+06	4.6358005829e-01	4.7289066560e+03
9.0682862337e+06	4.6332920558e-01	4.7529671780e+03
9.0682862337e+06	4.6307728732e-01	4.7771704033e+03
9.0682862337e+06	4.6282424881e-01	4.8015260384e+03
9.0682862337e+06	4.6257009254e-01	4.8262980623e+03
9.0682862337e+06	4.6231481614e-01	4.8512169065e+03
9.0682862337e+06	4.6205841361e-01	4.8762822317e+03
9.0682862337e+06	4.6180087266e-01	4.9014943128e+03
9.0682862337e+06	4.6154218403e-01	4.9268531448e+03
9.0682862337e+06	4.6128233397e-01	4.9523604245e+03
9.0682862337e+06	4.6102131878e-01	4.9780321311e+03
9.0682862337e+06	4.6075909578e-01	5.0040599975e+03
9.0682862337e+06	4.6049536882e-01	5.0325622069e+03
9.0682862337e+06	4.6033555473e-01	5.0811888285e+03
9.0682862337e+06	4.6030926044e-01	5.1041949381e+03
9.0682862337e+06	4.6028347723e-01	5.1249337074e+03
9.0682862337e+06	4.6025758439e-01	5.1409937342e+03
9.0682862337e+06	4.6023221147e-01	5.1524997842e+03
9.0682862337e+06	4.6020715156e-01	5.1618644830e+03
9.0682862337e+06	4.6018189827e-01	5.1705093121e+03
9.0682862337e+06	4.6015704750e-01	5.1784436922e+03
9.0682862337e+06	4.6013218250e-01	5.1861818304e+03
9.0682862337e+06	4.6010747188e-01	5.1937347497e+03
9.0682862337e+06	4.6008331400e-01	5.2009298472e+03
9.0682862337e+06	4.6005959764e-01	5.2079230119e+03
9.0682862337e+06	4.6003815261e-01	5.2136849445e+03
9.0682862337e+06	4.6002207523e-01	5.2166122915e+03
9.0682862337e+06	4.6001914266e-01	5.2142999093e+03
9.0682862337e+06	4.6002726651e-01	5.2066777458e+03
9.0682862337e+06	4.6005028624e-01	5.1915909391e+03
9.0682862337e+06	4.6009515135e-01	5.1651469850e+03
9.0682862337e+06	4.6017396291e-01	5.1211275283e+03
9.0682862337e+06	4.6030623546e-01	5.0500322873e+03
9.0682862337e+06	4.6052277816e-01	4.9379866691e+03
9.0682862337e+06	4.6087135246e-01	4.7664122620e+03
9.0682862337e+06	4.6122378925e-01	4.6033986396e+03
9.0682862337e+06	4.6157046496e-01	4.4508435856e+03
9.0682862337e+06	4.6191131371e-01	4.3085219562e+03
9.0649777250e+06	4.6224654119e-01	4.1783012971e+03
9.0649777250e+06	4.6311460085e-01	4.0521587075e+03
9.0649777250e+06	4.6313808077e-01	3.9813393180e+03
9.0649777250e+06	4.6294201772e-01	3.9944892722e+03
9.0649777250e+06	4.6274520162e-01	4.0084630953e+03
9.0649777250e+06	4.6254765813e-01	4.0229431188e+03
9.0649777250e+06	4.6234939632e-01	4.0378023166e+03
9.0649777250e+06	4.6215041910e-01	4.0529717130e+03
9.0649777250e+06	4.6195072446e-01	4.0684088802e+03
9.0649777250e+06	4.6175031117e-01	4.0840853049e+03
9.0649777250e+06	4.6154917692e-01	4.0999808166e+03
9.0649777250e+06	4.6134731722e-01	4.1160806641e+03
9.0649777250e+06	4.6114473028e-01	4.1323733950e+03
9.0649777250e+06	4.6094141267e-01	4.1488501326e+03
9.0649777250e+06	4.6073735690e-01	4.1655040960e+03
9.0649777250e+06	4.6053256012e-01	4.1823294279e+03
9.0649777250e+06	4.6032701982e-01	4.1993212197e+03
9.0649777250e+06	4.6012072716e-01	4.2164758310e+03
9.0649777250e+06	4.5991368168e-01	4.2337894985e+03
9.0649777250e+06	4.5970587628e-01	4.2512594517e+03
9.0649777250e+06	4.5949730593e-01	4.2688830863e+03
9.0649777250e+06	4.5928795148e-01	4.2866583137e+03
9.0649777250e+06	4.5907782917e-01	4.3045827374e+03
9.0649777250e+06	4.5886699727e-01	4.3226539976e+03
9.0649777250e+06	4.5865543255e-01	4.3408707174e+03
9.0649777250e+06	4.5844307364e-01	4.3592310398e+03
9.0649777250e+06	4.5822991525e-01	4.3778876625e+03
9.0649777250e+06	4.5801595414e-01	4.3967424113e+03
9.0649777250e+06	4.5780119025e-01	4.4157379749e+03
9.0649777250e+06	4.5758560971e-01	4.4348734643e+03
9.0649777250e+06	4.5736921438e-01	4.4541467386e+03
9.0649777250e+06	4.5715199466e-01	4.4735568820e+03
9.0649777250e+06	4.5693394463e-01	4.4931029765e+03
9.0649777250e+06	4.5671505393e-01	4.5127849968e+03
9.0649777250e+06	4.5649532037e-01	4.5326029042e+03
9.0649777250e+06	4.5627474271e-01	4.5525575786e+03
9.0649777250e+06	4.5605330970e-01	4.5726521830e+03
9.0649777250e+06	4.5583101455e-01	4.5928912994e+03
9.0649777250e+06	4.5560784519e-01	4.6132823349e+03
9.0649777250e+06	4.5538379909e-01	4.6338346533e+03
9.0649777250e+06	4.5515886731e-01	4.6545616803e+03
9.0649777250e+06	4.5493304213e-01	4.6754799505e+03
9.0649777250e+06	4.5470630949e-01	4.6966115404e+03
9.0649777250e+06	4.5447868955e-01	4.7179821747e+03
9.0649777250e+06	4.5425019926e-01	4.7396214698e+03
9.0649777250e+06	4.5402083813e-01	4.7615621717e+03
9.0649777250e+06	4.5379054776e-01	4.7838387831e+03
9.0649777250e+06	4.5355930695e-01	4.8064841824e+03
9.0649777250e+06	4.5332710402e-01	4.8295849830e+03
9.0649777250e+06	4.5309393873e-01	4.8533274652e+03
9.0649777250e+06	4.5285980608e-01	4.8775198355e+03
9.0649777250e+06	4.5262469972e-01	4.9021705267e+03
9.0649777250e+06	4.5238860804e-01	4.9272785657e+03
9.0649777250e+06	4.5215153142e-01	4.9528320176e+03
9.0649777250e+06	4.5191347016e-01	4.9788105783e+03
9.0649777250e+06	4.5167440792e-01	5.0051894922e+03
9.0649777250e+06	4.5143434491e-01	5.0319383843e+03
9.0649777250e+06	4.5119327544e-01	5.0590261596e+03
9.0649777250e+06	4.5095119871e-01	5.0864220022e+03
9.0649777250e+06	4.5070810316e-01	5.1140986528e+03
9.0649777250e+06	4.5046398208e-01	5.1420317212e+03
9.0649777250e+06	4.5021881920e-01	5.1702018822e+03
9.0649777250e+06	4.4997262144e-01	5.1985906326e+03
9.0649777250e+06	4.4972536155e-01	5.2271872201e+03
9.0649777250e+06	4.4947707251e-01	5.2559812290e+03
9.0649777250e+06	4.4922778358e-01	5.2849654234e+03
9.0649777250e+06	4.4897747649e-01	5.3141364975e+03
9.0649777250e+06	4.4872608108e-01	5.3434913888e+03
9.0649777250e+06	4.4847358396e-01	5.3731693383e+03
9.0649777250e+06	4.4821998803e-01	5.4032197781e+03
9.0649777250e+06	4.4796528374e-01	5.4334559119e+03
9.0649777250e+06	4.4770947058e-01	5.4638767799e+03
9.0649777250e+06	4.4745253344e-01	5.4944833647e+03
9.0649777250e+06	4.4719446318e-01	5.5252759809e+03
9.0649777250e+06	4.4693525072e-01	5.5562548894e+03
9.0649777250e+06	4.4667488671e-01	5.5874203059e+03
9.0649777250e+06	4.4641335675e-01	5.6187732314e+03
9.0649777250e+06	4.4615066089e-01	5.6503162109e+03
9.0649777250e+06	4.4588677940e-01	5.6820925760e+03
9.0649777250e+06	4.4562164208e-01	5.7145849887e+03
9.0649777250e+06	4.4535474784e-01	5.7530613864e+03
9.0649777250e+06	4.4527371788e-01	5.8002172786e+03
9.0649777250e+06	4.4524672664e-01	5.8292203148e+03
9.0649777250e+06	4.4522022595e-01	5.8553642312e+03
9.0649777250e+06	4.4519361137e-01	5.8754083808e+03
9.0649777250e+06	4.4516755200e-01	5.8896907580e+03
9.0649777250e+06	4.4514172118e-01	5.9014154153e+03
9.0649777250e+06	4.4511577166e-01	5.9121752098e+03
9.0649777250e+06	4.4509024579e-01	5.9220655009e+03
9.0649777250e+06	4.4506460830e-01	5.9318048332e+03
9.0649777250e+06	4.4503927213e-01	5.9412172974e+03
9.0649777250e+06	4.4501441907e-01	5.9502631356e+03
9.0649777250e+06	4.4499028391e-01	5.9588715391e+03
9.0649777250e+06	4.4496887264e-01	5.9657208239e+03
9.0649777250e+06	4.4495428322e-01	5.9682647861e+03
9.0649777250e+06	4.4495461890e-01	5.9634093169e+03
9.0649777250e+06	4.4496843499e-01	5.9507548953e+03
9.0649777250e+06	4.4500064073e-01	5.9269698129e+03
9.0649777250e+06	4.4506017785e-01	5.8862017940e+03
9.0649777250e+06	4.4516242245e-01	5.8192283537e+03
9.0649777250e+06	4.4533188426e-01	5.7121860065e+03
9.0649777250e+06	4.4560706851e-01	5.5453791018e+03
9.0649777250e+06	4.4598798820e-01	5.3261648059e+03
9.0649777250e+06	4.4636351584e-01	5.1235364794e+03
9.0649777250e+06	4.4673153726e-01	4.9348477721e+03
9.0649777250e+06	4.4709233916e-01	4.7598948071e+03
9.0649777250e+06	4.4744614270e-01	4.5977590345e+03
9.0649777250e+06	4.4779313569e-01	4.4462506468e+03
9.0649777250e+06	4.4813406253e-01	4.3054362734e+03
9.0649777250e+06	4.4846893572e-01	4.1743181999e+03
9.0649777250e+06	4.4879828265e-01	4.0512668674e+03
9.0455751359e+06	4.4910444530e-01	3.9484982380e+03
9.0455751359e+06	4.4103587826e-01	3.9599873050e+03
9.0455751359e+06	4.4081861791e-01	3.9594812482e+03
9.0455751359e+06	4.4059667667e-01	3.9596873882e+03
9.0455751359e+06	4.4037359414e-01	3.9658878325e+03
9.0455751359e+06	4.4014954513e-01	3.9768352402e+03
9.0455751359e+06	4.3992458902e-01	3.9905113850e+03
9.0455751359e+06	4.3969869671e-01	4.0057078191e+03
9.0455751359e+06	4.3947189161e-01	4.0218018222e+03
9.0455751359e+06	4.3924416818e-01	4.0386244614e+03
9.0455751359e+06	4.3901553065e-01	4.0558417228e+03
9.0455751359e+06	4.3878598026e-01	4.0733747796e+03
9.0455751359e+06	4.3855549814e-01	4.0911944292e+03
9.0455751359e+06	4.3832407912e-01	4.1092970315e+03
9.0455751359e+06	4.3809171970e-01	4.1276933835e+03
9.0455751359e+06	4.3785841451e-01	4.1464016219e+03
9.0455751359e+06	4.3762414293e-01	4.1654433426e+03
9.0455751359e+06	4.3738890298e-01	4.1848370962e+03
9.0455751359e+06	4.3715269326e-01	4.2045970538e+03
9.0455751359e+06	4.3691549513e-01	4.2247324604e+03
9.0455751359e+06	4.3667731447e-01	4.2452430581e+03
9.0455751359e+06	4.3643813383e-01	4.2661229990e+03
9.0455751359e+06	4.3619794315e-01	4.2873581243e+03
9.0455751359e+06	4.3595674945e-01	4.3089294047e+03
9.0455751359e+06	4.3571457536e-01	4.3308143227e+03
9.0455751359e+06	4.3547145638e-01	4.3529883609e+03
9.0455751359e+06	4.3522736352e-01	4.3754291423e+03
9.0455751359e+06	4.3498224605e-01	4.3981138451e+03
9.0455751359e+06	4.3473609058e-01	4.4210942935e+03
9.0455751359e+06	4.3448890118e-01	4.4444744288e+03
9.0455751359e+06	4.3424066548e-01	4.4680539328e+03
9.0455751359e+06	4.3399137585e-01	4.4918224251e+03
9.0455751359e+06	4.3374102444e-01	4.5157722548e+03
9.0455751359e+06	4.3348960311e-01	4.5398980251e+03
9.0455751359e+06	4.3323709812e-01	4.5641966669e+03
9.0455751359e+06	4.3298350756e-01	4.5886653382e+03
9.0455751359e+06	4.3272882574e-01	4.6133025594e+03
9.0455751359e+06	4.3247303970e-01	4.6381082494e+03
9.0455751359e+06	4.3221613666e-01	4.6630827705e+03
9.0455751359e+06	4.3195811039e-01	4.6882261174e+03
9.0455751359e+06	4.3169895369e-01	4.7135385081e+03
9.0455751359e+06	4.3143866047e-01	4.7390200822e+03
9.0455751359e+06	4.3117721228e-01	4.7646719897e+03
9.0455751359e+06	4.3091459728e-01	4.7904939398e+03
9.0455751359e+06	4.3065084925e-01	4.8164869155e+03
9.0455751359e+06	4.3038602217e-01	4.8426501731e+03
9.0455751359e+06	4.3012000297e-01	4.8689867498e+03
9.0455751359e+06	4.2985276921e-01	4.8957541174e+03
9.0455751359e+06	4.2958428845e-01	4.9230315331e+03
9.0455751359e+06	4.2931419815e-01	4.9534588059e+03
9.0455751359e+06	4.2917978301e-01	4.9984299229e+03
9.0455751359e+06	4.2915188319e-01	5.0218837991e+03
9.0455751359e+06	4.2912450583e-01	5.0430319674e+03
9.0455751359e+06	4.2909703013e-01	5.0593936853e+03
9.0455751359e+06	4.2907016875e-01	5.0712761049e+03
9.0455751359e+06	4.2904354216e-01	5.0811869378e+03
9.0455751359e+06	4.2901683664e-01	5.0903292031e+03
9.0455751359e+06	4.2899058242e-01	5.0987697489e+03
9.0455751359e+06	4.2896414988e-01	5.1071330165e+03
9.0455751359e+06	4.2893807760e-01	5.1152006523e+03
9.0455751359e+06	4.2891244974e-01	5.1230032878e+03
9.0455751359e+06	4.2888765392e-01	5.1303918214e+03
9.0455751359e+06	4.2886571032e-01	5.1362900939e+03
9.0455751359e+06	4.2885183487e-01	5.1384403981e+03
9.0455751359e+06	4.2885151634e-01	5.1349955750e+03
9.0455751359e+06	4.2886396340e-01	5.1254994851e+03
9.0455751359e+06	4.2889390380e-01	5.1073560743e+03
9.0455751359e+06	4.2894986963e-01	5.0760205094e+03
9.0455751359e+06	4.2904651050e-01	5.0243264467e+03
9.0455751359e+06	4.2920719414e-01	4.9414866049e+03
9.0455751359e+06	4.2946894414e-01	4.8128847366e+03
9.0455751359e+06	4.2981482847e-01	4.6520020024e+03
9.0455751359e+06	4.3015664780e-01	4.5009009738e+03
9.0455751359e+06	4.3049333865e-01	4.3600911470e+03
9.0455751359e+06	4.3082483654e-01	4.2288772602e+03
9.0376156241e+06	4.3115078123e-01	4.1107977385e+03
9.0376156241e+06	4.3020605208e-01	4.1152925839e+03
9.0376156241e+06	4.3017912498e-01	4.1212680566e+03
9.0376156241e+06	4.3015251275e-01	4.1297747402e+03
9.0376156241e+06	4.3012626276e-01	4.1370013942e+03
9.0376156241e+06	4.3009978946e-01	4.1437207257e+03
9.0376156241e+06	4.3007377250e-01	4.1499149435e+03
9.0376156241e+06	4.3004769863e-01	4.1559905317e+03
9.0376156241e+06	4.3002183348e-01	4.1619160411e+03
9.0376156241e+06	4.2999648331e-01	4.1676135543e+03
9.0376156241e+06	4.2997167022e-01	4.1731281655e+03
9.0376156241e+06	4.2994936675e-01	4.1776927201e+03
9.0376156241e+06	4.2993345875e-01	4.1800105824e+03
9.0376156241e+06	4.2993121152e-01	4.1783333156e+03
9.0376156241e+06	4.2994074435e-01	4.1726458441e+03
9.0376156241e+06	4.2996616380e-01	4.1613371953e+03
9.0376156241e+06	4.3001493085e-01	4.1414888929e+03
9.0376156241e+06	4.3010014290e-01	4.1084499742e+03
9.0376156241e+06	4.3024286883e-01	4.0551346248e+03
9.0376156241e+06	4.3046445913e-01	3.9721027048e+03
9.0376156241e+06	4.3073791655e-01	3.8671450400e+03
9.0376156241e+06	4.3097094924e-01	3.7674985879e+03
9.0376156241e+06	4.3115333467e-01	3.6736177291e+03
9.0376156241e+06	4.3129036434e-01	3.5848615078e+03
9.0147635613e+06	4.3140315941e-01	3.5148033971e+03
9.0147635613e+06	4.2495096899e-01	3.5181408269e+03
9.0147635613e+06	4.2475995736e-01	3.5174365709e+03
9.0147635613e+06	4.2456440751e-01	3.5198085966e+03
9.0147635613e+06	4.2436652615e-01	3.5275884126e+03
9.0147635613e+06	4.2416704256e-01	3.5384720098e+03
9.0147635613e+06	4.2396630180e-01	3.5509048199e+03
9.0147635613e+06	4.2376448213e-01	3.5641326271e+03
9.0147635613e+06	4.2355841597e-01	3.5778074733e+03
9.0147635613e+06	4.2334776728e-01	3.5917627151e+03
9.0147635613e+06	4.2313619080e-01	3.6059116118e+03
9.0147635613e+06	4.2292368325e-01	3.6202179754e+03
9.0147635613e+06	4.2271024264e-01	3.6346668121e+03
9.0147635613e+06	4.2249369184e-01	3.6492603237e+03
9.0147635613e+06	4.2227461032e-01	3.6640009074e+03
9.0147635613e+06	4.2204943915e-01	3.6789055064e+03
9.0147635613e+06	4.2182002859e-01	3.6939837109e+03
9.0147635613e+06	4.2158969812e-01	3.7092455132e+03
9.0147635613e+06	4.2135836839e-01	3.7247114090e+03
9.0147635613e+06	4.2112603955e-01	3.7404142779e+03
9.0147635613e+06	4.2089268718e-01	3.7565411709e+03
9.0147635613e+06	4.2065371396e-01	3.7729523738e+03
9.0147635613e+06	4.2041203952e-01	3.7896611907e+03
9.0147635613e+06	4.2016934414e-01	3.8066809374e+03
9.0147635613e+06	4.1992562040e-01	3.8240227233e+03
9.0147635613e+06	4.1968084947e-01	3.8416922890e+03
9.0147635613e+06	4.1943505035e-01	3.8596861039e+03
9.0147635613e+06	4.1918820563e-01	3.8779970836e+03
9.0147635613e+06	4.1894030185e-01	3.8966127198e+03
9.0147635613e+06	4.1869135149e-01	3.9155148174e+03
9.0147635613e+06	4.1844133513e-01	3.9346854652e+03
9.0147635613e+06	4.1819022930e-01	3.9541043186e+03
9.0147635613e+06	4.1793643968e-01	3.9737565949e+03
9.0147635613e+06	4.1768156625e-01	3.9936225150e+03
9.0147635613e+06	4.1742566388e-01	4.0136860235e+03
9.0147635613e+06	4.1716874894e-01	4.0339362406e+03
9.0147635613e+06	4.1691077862e-01	4.0543630314e+03
9.0147635613e+06	4.1665169127e-01	4.0749606669e+03
9.0147635613e+06	4.1639148839e-01	4.0959484152e+03
9.0147635613e+06	4.1613015945e-01	4.1171136213e+03
9.0147635613e+06	4.1586770335e-01	4.1384413665e+03
9.0147635613e+06	4.1560410408e-01	4.1599310349e+03
9.0147635613e+06	4.1533935240e-01	4.1815821637e+03
9.0147635613e+06	4.1507343074e-01	4.2033954444e+03
9.0147635613e+06	4.1480634178e-01	4.2253702025e+03
9.0147635613e+06	4.1453807588e-01	4.2475069295e+03
9.0147635613e+06	4.1426861928e-01	4.2698065183e+03
9.0147635613e+06	4.1399795835e-01	4.2922698513e+03
9.0147635613e+06	4.1372609067e-01	4.3148968302e+03
9.0147635613e+06	4.1345299903e-01	4.3376885084e+03
9.0147635613e+06	4.1317868010e-01	4.3606447072e+03
9.0147635613e+06	4.1290311846e-01	4.3837662190e+03
9.0147635613e+06	4.1262630245e-01	4.4070558161e+03
9.0147635613e+06	4.1234828657e-01	4.4305432630e+03
9.0147635613e+06	4.1206903757e-01	4.4545629011e+03
9.0147635613e+06	4.1178796351e-01	4.4829383946e+03
9.0147635613e+06	4.1170600658e-01	4.5150168019e+03
9.0147635613e+06	4.1167703082e-01	4.5352897608e+03
9.0147635613e+06	4.1164853283e-01	4.5535162054e+03
9.0147635613e+06	4.1161996800e-01	4.5675601439e+03
9.0147635613e+06	4.1159201105e-01	4.5778971760e+03
9.0147635613e+06	4.1156419545e-01	4.5866696986e+03
9.0147635613e+06	4.1153636504e-01	4.5947643713e+03
9.0147635613e+06	4.1150900827e-01	4.6022681567e+03
9.0147635613e+06	4.1148136675e-01	4.6097768856e+03
9.0147635613e+06	4.1145422319e-01	4.6169722347e+03
9.0147635613e+06	4.1142742897e-01	4.6240007847e+03
9.0147635613e+06	4.1140169157e-01	4.6305738793e+03
9.0147635613e+06	4.1137902331e-01	4.6357989171e+03
9.0147635613e+06	4.1136645698e-01	4.6374840513e+03
9.0147635613e+06	4.1136528187e-01	4.6350667406e+03
9.0147635613e+06	4.1137573427e-01	4.6279452905e+03
9.0147635613e+06	4.1140231748e-01	4.6140369027e+03
9.0147635613e+06	4.1145296832e-01	4.5897533778e+03
9.0147635613e+06	4.1154129724e-01	4.5494224356e+03
9.0147635613e+06	4.1168908181e-01	4.4844513755e+03
9.0147635613e+06	4.1193134926e-01	4.3834837790e+03
9.0147635613e+06	4.1225097788e-01	4.2565591251e+03
9.0147635613e+06	4.1256800213e-01	4.1366904351e+03
9.0147635613e+06	4.1287657856e-01	4.0242956926e+03
9.0147635613e+06	4.1317726802e-01	3.9188054883e+03
9.0147635613e+06	4.1344777239e-01	3.8189666963e+03
9.0147635613e+06	4.1366710065e-01	3.7247406345e+03
9.0147635613e+06	4.1384098722e-01	3.6356836090e+03
9.0147635613e+06	4.1399320724e-01	3.5503057854e+03
9.0147635613e+06	4.1410858953e-01	3.4680007039e+03
9.0147635613e+06	4.1418724356e-01	3.3888832395e+03
9.0147635613e+06	4.1424938863e-01	3.3115159045e+03
8.9938961981e+06	4.1427786468e-01	3.2497177919e+03
8.9938961981e+06	4.0780945497e-01	3.2614089318e+03
8.9938961981e+06	4.0764308147e-01	3.2609274470e+03
8.9938961981e+06	4.0747094085e-01	3.2647830350e+03
8.9938961981e+06	4.0729605376e-01	3.2729728447e+03
8.9938961981e+06	4.0711943924e-01	3.2832471407e+03
8.9938961981e+06	4.0694156928e-01	3.2944722982e+03
8.9938961981e+06	4.0676266741e-01	3.3061696807e+03
8.9938961981e+06	4.0657550379e-01	3.3181497300e+03
8.9938961981e+06	4.0638728624e-01	3.3303067201e+03
8.9938961981e+06	4.0619818139e-01	3.3426007988e+03
8.9938961981e+06	4.0600819050e-01	3.3550143104e+03
8.9938961981e+06	4.0581731023e-01	3.3675399542e+03
8.9938961981e+06	4.0562552107e-01	3.3801765414e+03
8.9938961981e+06	4.0543281263e-01	3.3929252278e+03
8.9938961981e+06	4.0523917808e-01	3.4057890810e+03
8.9938961981e+06	4.0504299682e-01	3.4187777605e+03
8.9938961981e+06	4.0483829528e-01	3.4319124019e+03
8.9938961981e+06	4.0463039667e-01	3.4451914231e+03
8.9938961981e+06	4.0442154328e-01	3.4586224254e+03
8.9938961981e+06	4.0421174503e-01	3.4722208120e+03
8.9938961981e+06	4.0400097036e-01	3.4860030669e+03
8.9938961981e+06	4.0378914619e-01	3.4999886931e+03
8.9938961981e+06	4.0357623729e-01	3.5142486729e+03
8.9938961981e+06	4.0335919514e-01	3.5288768562e+03
8.9938961981e+06	4.0313699422e-01	3.5437791727e+03
8.9938961981e+06	4.0291369503e-01	3.5589605687e+03
8.9938961981e+06	4.0268928615e-01	3.5744315221e+03
8.9938961981e+06	4.0246377284e-01	3.5901962439e+03
8.9938961981e+06	4.0223714909e-01	3.6062542708e+03
8.9938961981e+06	4.0200941737e-01	3.6225993350e+03
8.9938961981e+06	4.0177871335e-01	3.6392255176e+03
8.9938961981e+06	4.0154201349e-01	3.6561243169e+03
8.9938961981e+06	4.0130422994e-01	3.6732697592e+03
8.9938961981e+06	4.0106537386e-01	3.6906445785e+03
8.9938961981e+06	4.0082228469e-01	3.7082406140e+03
8.9938961981e+06	4.0057730953e-01	3.7260382828e+03
8.9938961981e+06	4.0033129216e-01	3.7440238254e+03
8.9938961981e+06	4.0007940298e-01	3.7621973366e+03
8.9938961981e+06	3.9982444384e-01	3.7805450287e+03
8.9938961981e+06	3.9956837893e-01	3.7990879772e+03
8.9938961981e+06	3.9931120915e-01	3.8179798165e+03
8.9938961981e+06	3.9905292007e-01	3.8370324550e+03
8.9938961981e+06	3.9879349793e-01	3.8562445590e+03
8.9938961981e+06	3.9853294297e-01	3.8756146477e+03
8.9938961981e+06	3.9827124110e-01	3.8951429020e+03
8.9938961981e+06	3.9800837853e-01	3.9148298892e+03
8.9938961981e+06	3.9774434722e-01	3.9346759967e+03
8.9938961981e+06	3.9747914313e-01	3.9546814474e+03
8.9938961981e+06	3.9721275756e-01	3.9748468633e+03
8.9938961981e+06	3.9694517649e-01	3.9951732638e+03
8.9938961981e+06	3.9667638619e-01	4.0156616089e+03
8.9938961981e+06	3.9640638391e-01	4.0363119521e+03
8.9938961981e+06	3.9613467134e-01	4.0571262558e+03
8.9938961981e+06	3.9586074803e-01	4.0781062257e+03
8.9938961981e+06	3.9558565296e-01	4.0992508049e+03
8.9938961981e+06	3.9530940417e-01	4.1205719031e+03
8.9938961981e+06	3.9503186180e-01	4.1423035299e+03
8.9938961981e+06	3.9475277767e-01	4.1660301843e+03
8.9938961981e+06	3.9458254689e-01	4.2025510083e+03
8.9938961981e+06	3.9455301621e-01	4.2205879530e+03
8.9938961981e+06	3.9452397157e-01	4.2370282174e+03
8.9938961981e+06	3.9449480368e-01	4.2498238407e+03
8.9938961981e+06	3.9446626015e-01	4.2592931664e+03
8.9938961981e+06	3.9443784162e-01	4.2673640825e+03
8.9938961981e+06	3.9440942882e-01	4.2748150568e+03
8.9938961981e+06	3.9438151572e-01	4.2817331666e+03
8.9938961981e+06	3.9435325015e-01	4.2886839896e+03
8.9938961981e+06	3.9432555510e-01	4.2953300722e+03
8.9938961981e+06	3.9429814532e-01	4.3018595352e+03
8.9938961981e+06	3.9427191126e-01	4.3079402877e+03
8.9938961981e+06	3.9424888117e-01	4.3127956505e+03
8.9938961981e+06	3.9423715011e-01	4.3143163575e+03
8.9938961981e+06	3.9423559114e-01	4.3125400279e+03
8.9938961981e+06	3.9424492737e-01	4.3068703044e+03
8.9938961981e+06	3.9426949130e-01	4.2955586734e+03
8.9938961981e+06	3.9431688105e-01	4.2756047162e+03
8.9938961981e+06	3.9440005682e-01	4.2422637209e+03
8.9938961981e+06	3.9453975784e-01	4.1883345710e+03
8.9938961981e+06	3.9476679328e-01	4.1037636881e+03
8.9938961981e+06	3.9506177316e-01	3.9979063367e+03
8.9938961981e+06	3.9535637968e-01	3.8971570136e+03
8.9938961981e+06	3.9562522613e-01	3.8012645671e+03
8.9938961981e+06	3.9584108665e-01	3.7109290996e+03
8.9938961981e+06	3.9603177160e-01	3.6240269497e+03
8.9938961981e+06	3.9619178701e-01	3.5398368703e+03
8.9938961981e+06	3.9630776601e-01	3.4587572341e+03
8.9938961981e+06	3.9640554951e-01	3.3797380885e+03
8.9938961981e+06	3.9647050573e-01	3.3026745084e+03
8.9938961981e+06	3.9649637340e-01	3.2283246188e+03
8.9938961981e+06	3.9650021629e-01	3.1560093014e+03
8.9764422743e+06	3.9646976075e-01	3.0975624686e+03
8.9764422743e+06	3.9156098583e-01	3.1073603225e+03
8.9764422743e+06	3.9139980780e-01	3.1074887265e+03
8.9764422743e+06	3.9123261492e-01	3.1126246595e+03
8.9764422743e+06	3.9106264326e-01	3.1210578214e+03
8.9764422743e+06	3.9089101489e-01	3.1308797448e+03
8.9764422743e+06	3.9071433001e-01	3.1412991717e+03
8.9764422743e+06	3.9053252954e-01	3.1520207203e+03
8.9764422743e+06	3.9034985113e-01	3.1629181787e+03
8.9764422743e+06	3.9016629896e-01	3.1739459298e+03
8.9764422743e+06	3.8998187865e-01	3.1850847806e+03
8.9764422743e+06	3.8979658719e-01	3.1963268480e+03
8.9764422743e+06	3.8961040609e-01	3.2076697916e+03
8.9764422743e+06	3.8942332170e-01	3.2191131401e+03
8.9764422743e+06	3.8923531920e-01	3.2306577226e+03
8.9764422743e+06	3.8904637582e-01	3.2423058067e+03
8.9764422743e+06	3.8885111854e-01	3.2540726474e+03
8.9764422743e+06	3.8864968501e-01	3.2659618895e+03
8.9764422743e+06	3.8844694610e-01	3.2779676146e+03
8.9764422743e+06	3.8824328927e-01	3.2900960572e+03
8.9764422743e+06	3.8803868453e-01	3.3023569389e+03
8.9764422743e+06	3.8783305150e-01	3.3147608501e+03
8.9764422743e+06	3.8762633843e-01	3.3273855986e+03
8.9764422743e+06	3.8741851575e-01	3.3402676792e+03
8.9764422743e+06	3.8720954124e-01	3.3533432324e+03
8.9764422743e+06	3.8699311831e-01	3.3666451761e+03
8.9764422743e+06	3.8677408979e-01	3.3801789733e+03
8.9764422743e+06	3.8655387314e-01	3.3939577071e+03
8.9764422743e+06	3.8633244824e-01	3.4079951034e+03
8.9764422743e+06	3.8610980876e-01	3.4223004535e+03
8.9764422743e+06	3.8588596666e-01	3.4368774409e+03
8.9764422743e+06	3.8566091348e-01	3.4517263343e+03
8.9764422743e+06	3.8543465473e-01	3.4668419586e+03
8.9764422743e+06	3.8520042923e-01	3.4822321599e+03
8.9764422743e+06	3.8495939583e-01	3.4978813203e+03
8.9764422743e+06	3.8471724364e-01	3.5137620922e+03
8.9764422743e+06	3.8447402171e-01	3.5298605138e+03
8.9764422743e+06	3.8422971759e-01	3.5461626618e+03
8.9764422743e+06	3.8398426970e-01	3.5626569203e+03
8.9764422743e+06	3.8373768042e-01	3.5794877441e+03
8.9764422743e+06	3.8348906742e-01	3.5965363875e+03
8.9764422743e+06	3.8323296145e-01	3.6137700956e+03
8.9764422743e+06	3.8297568300e-01	3.6311688785e+03
8.9764422743e+06	3.8271722356e-01	3.6487293827e+03
8.9764422743e+06	3.8245756821e-01	3.6664498984e+03
8.9764422743e+06	3.8219671417e-01	3.6843288365e+03
8.9764422743e+06	3.8193465079e-01	3.7023658465e+03
8.9764422743e+06	3.8167010299e-01	3.7205639201e+03
8.9764422743e+06	3.8139852443e-01	3.7389355795e+03
8.9764422743e+06	3.8112571328e-01	3.7574663257e+03
8.9764422743e+06	3.8085131357e-01	3.7761584166e+03
8.9764422743e+06	3.8057130582e-01	3.7950225876e+03
8.9764422743e+06	3.8029004827e-01	3.8140486722e+03
8.9764422743e+06	3.8000763691e-01	3.8332369261e+03
8.9764422743e+06	3.7972396257e-01	3.8525890643e+03
8.9764422743e+06	3.7943898839e-01	3.8723185718e+03
8.9764422743e+06	3.7915269832e-01	3.8922318202e+03
8.9764422743e+06	3.7886507550e-01	3.9123154200e+03
8.9764422743e+06	3.7857611494e-01	3.9325750582e+03
8.9764422743e+06	3.7828578918e-01	3.9530774645e+03
8.9764422743e+06	3.7799396728e-01	3.9745805891e+03
8.9764422743e+06	3.7776249383e-01	4.0044291179e+03
8.9764422743e+06	3.7773131262e-01	4.0198556235e+03
8.9764422743e+06	3.7770058847e-01	4.0362783374e+03
8.9764422743e+06	3.7767001151e-01	4.0502406692e+03
8.9764422743e+06	3.7763968288e-01	4.0606598799e+03
8.9764422743e+06	3.7760995483e-01	4.0688230770e+03
8.9764422743e+06	3.7757990961e-01	4.0762836744e+03
8.9764422743e+06	3.7755031827e-01	4.0831291131e+03
8.9764422743e+06	3.7752082031e-01	4.0897460338e+03
8.9764422743e+06	3.7749137615e-01	4.0962640517e+03
8.9764422743e+06	3.7746253888e-01	4.1025239772e+03
8.9764422743e+06	3.7743402396e-01	4.1086978644e+03
8.9764422743e+06	3.7740787169e-01	4.1140376253e+03
8.9764422743e+06	3.7738723397e-01	4.1174852357e+03
8.9764422743e+06	3.7738218727e-01	4.1167534847e+03
8.9764422743e+06	3.7738905935e-01	4.1122946356e+03
8.9764422743e+06	3.7741125608e-01	4.1027803478e+03
8.9764422743e+06	3.7745571882e-01	4.0856562093e+03
8.9764422743e+06	3.7753483316e-01	4.0567945337e+03
8.9764422743e+06	3.7766876447e-01	4.0098255484e+03
8.9764422743e+06	3.7789032489e-01	3.9352682931e+03
8.9764422743e+06	3.7818075706e-01	3.8407085653e+03
8.9764422743e+06	3.7843110803e-01	3.7503758981e+03
8.9764422743e+06	3.7865754336e-01	3.6628949012e+03
8.9764422743e+06	3.7886204934e-01	3.5778743678e+03
8.9764422743e+06	3.7900424762e-01	3.4958642866e+03
8.9764422743e+06	3.7912666905e-01	3.4158926658e+03
8.9764422743e+06	3.7923010011e-01	3.3380567231e+03
8.9764422743e+06	3.7927837555e-01	3.2632430296e+03
8.9764422743e+06	3.7931449161e-01	3.1905657126e+03
8.9764422743e+06	3.7931595272e-01	3.1203839031e+03
8.9764422743e+06	3.7928266258e-01	3.0528909173e+03
8.9592301018e+06	3.7923799105e-01	2.9994100046e+03
8.9592301018e+06	3.7497246640e-01	3.0087736670e+03
8.9592301018e+06	3.7481499439e-01	3.0094945662e+03
8.9592301018e+06	3.7465164615e-01	3.0151971812e+03
8.9592301018e+06	3.7448564529e-01	3.0234874318e+03
8.9592301018e+06	3.7431815208e-01	3.0327811510e+03
8.9592301018e+06	3.7414962085e-01	3.0425000388e+03
8.9592301018e+06	3.7398022426e-01	3.0524354143e+03
8.9592301018e+06	3.7380879744e-01	3.0625139365e+03
8.9592301018e+06	3.7362899316e-01	3.0727235350e+03
8.9592301018e+06	3.7344839290e-01	3.0830335749e+03
8.9592301018e+06	3.7326698325e-01	3.0934401537e+03
8.9592301018e+06	3.7308474854e-01	3.1039422164e+03
8.9592301018e+06	3.7290166922e-01	3.1145402030e+03
8.9592301018e+06	3.7271657099e-01	3.1252377219e+03
8.9592301018e+06	3.7252910651e-01	3.1360381094e+03
8.9592301018e+06	3.7234083413e-01	3.1469395888e+03
8.9592301018e+06	3.7215175221e-01	3.1579456835e+03
8.9592301018e+06	3.7195880121e-01	3.1690692534e+03
8.9592301018e+06	3.7175951544e-01	3.1803994108e+03
8.9592301018e+06	3.7155923911e-01	3.1919122933e+03
8.9592301018e+06	3.7135795585e-01	3.2035616440e+03
8.9592301018e+06	3.7115562143e-01	3.2153601816e+03
8.9592301018e+06	3.7095220821e-01	3.2273214452e+03
8.9592301018e+06	3.7074768132e-01	3.2394608875e+03
8.9592301018e+06	3.7054201803e-01	3.2517941861e+03
8.9592301018e+06	3.7033517610e-01	3.2643383509e+03
8.9592301018e+06	3.7012714319e-01	3.2771077931e+03
8.9592301018e+06	3.6991037131e-01	3.2901361803e+03
8.9592301018e+06	3.6969191859e-01	3.3034134936e+03
8.9592301018e+06	3.6946794313e-01	3.3169562180e+03
8.9592301018e+06	3.6924228897e-01	3.3307547171e+03
8.9592301018e+06	3.6901554231e-01	3.3448035975e+03
8.9592301018e+06	3.6878773237e-01	3.3590959452e+03
8.9592301018e+06	3.6855878144e-01	3.3736220937e+03
8.9592301018e+06	3.6832867660e-01	3.3884512702e+03
8.9592301018e+06	3.6809529745e-01	3.4035895201e+03
8.9592301018e+06	3.6785527255e-01	3.4189447545e+03
8.9592301018e+06	3.6761410339e-01	3.4344916028e+03
8.9592301018e+06	3.6737179879e-01	3.4502199745e+03
8.9592301018e+06	3.6712834915e-01	3.4661226005e+03
8.9592301018e+06	3.6688374376e-01	3.4821939297e+03
8.9592301018e+06	3.6663798128e-01	3.4984293080e+03
8.9592301018e+06	3.6639105900e-01	3.5148254787e+03
8.9592301018e+06	3.6614177668e-01	3.5313845456e+03
8.9592301018e+06	3.6588485884e-01	3.5481197592e+03
8.9592301018e+06	3.6562335485e-01	3.5650222990e+03
8.9592301018e+06	3.6535938900e-01	3.5820869126e+03
8.9592301018e+06	3.6509432599e-01	3.5993104226e+03
8.9592301018e+06	3.6482812647e-01	3.6166937272e+03
8.9592301018e+06	3.6456071283e-01	3.6343266729e+03
8.9592301018e+06	3.6429206003e-01	3.6522394173e+03
8.9592301018e+06	3.6401822161e-01	3.6703299152e+03
8.9592301018e+06	3.6373958336e-01	3.6885983024e+03
8.9592301018e+06	3.6345967379e-01	3.7070355232e+03
8.9592301018e+06	3.6317848254e-01	3.7256424378e+03
8.9592301018e+06	3.6289600217e-01	3.7444196569e+03
8.9592301018e+06	3.6261221765e-01	3.7633683940e+03
8.9592301018e+06	3.6232711717e-01	3.7824915795e+03
8.9592301018e+06	3.6204068080e-01	3.8018159886e+03
8.9592301018e+06	3.6175280288e-01	3.8216464159e+03
8.9592301018e+06	3.6146266025e-01	3.8453271437e+03
8.9592301018e+06	3.6140525349e-01	3.8651674241e+03
8.9592301018e+06	3.6137375491e-01	3.8805202057e+03
8.9592301018e+06	3.6134274960e-01	3.8944786952e+03
8.9592301018e+06	3.6131190987e-01	3.9052939021e+03
8.9592301018e+06	3.6128142500e-01	3.9135402640e+03
8.9592301018e+06	3.6125069224e-01	3.9209086936e+03
8.9592301018e+06	3.6122020848e-01	3.9277023595e+03
8.9592301018e+06	3.6119003776e-01	3.9341565937e+03
8.9592301018e+06	3.6115969946e-01	3.9405844969e+03
8.9592301018e+06	3.6113009748e-01	3.9467155111e+03
8.9592301018e+06	3.6110060388e-01	3.9528400962e+03
8.9592301018e+06	3.6107321876e-01	3.9582764293e+03
8.9592301018e+06	3.6105061706e-01	3.9621917626e+03
8.9592301018e+06	3.6104327584e-01	3.9623515421e+03
8.9592301018e+06	3.6104661355e-01	3.9594149388e+03
8.9592301018e+06	3.6106345521e-01	3.9523947667e+03
8.9592301018e+06	3.6109953754e-01	3.9392687638e+03
8.9592301018e+06	3.6116554802e-01	3.9166986019e+03
8.9592301018e+06	3.6127520242e-01	3.8798619155e+03
8.9592301018e+06	3.6145833321e-01	3.8206295571e+03
8.9592301018e+06	3.6174328282e-01	3.7322375307e+03
8.9592301018e+06	3.6199914666e-01	3.6455641344e+03
8.9592301018e+06	3.6221588357e-01	3.5615504536e+03
8.9592301018e+06	3.6241235812e-01	3.4797293675e+03
8.9592301018e+06	3.6257695836e-01	3.4001198432e+03
8.9592301018e+06	3.6269123761e-01	3.3237128100e+03
8.9592301018e+06	3.6279089372e-01	3.2496684641e+03
8.9592301018e+06	3.6284191183e-01	3.1783612158e+03
8.9592301018e+06	3.6286852491e-01	3.1100422283e+03
8.9592301018e+06	3.6286649228e-01	3.0440497563e+03
8.9592301018e+06	3.6282423759e-01	2.9809968104e+03
8.9380834813e+06	3.6276723354e-01	2.9354245436e+03
8.9380834813e+06	3.5674202872e-01	2.9510594950e+03
8.9380834813e+06	3.5657668713e-01	2.9512391877e+03
8.9380834813e+06	3.5640450424e-01	2.9555823728e+03
8.9380834813e+06	3.5622909530e-01	2.9627340622e+03
8.9380834813e+06	3.5605181279e-01	2.9711176831e+03
8.9380834813e+06	3.5587326670e-01	2.9800550795e+03
8.9380834813e+06	3.5569371431e-01	2.9892727900e+03
8.9380834813e+06	3.5551324636e-01	2.9986604762e+03
8.9380834813e+06	3.5533189664e-01	3.0081734203e+03
8.9380834813e+06	3.5514964805e-01	3.0177957323e+03
8.9380834813e+06	3.5496107186e-01	3.0275383968e+03
8.9380834813e+06	3.5476439249e-01	3.0374085088e+03
8.9380834813e+06	3.5456687727e-01	3.0473905272e+03
8.9380834813e+06	3.5436846810e-01	3.0574926195e+03
8.9380834813e+06	3.5416907482e-01	3.0677244721e+03
8.9380834813e+06	3.5396862550e-01	3.0782056392e+03
8.9380834813e+06	3.5376706444e-01	3.0888633614e+03
8.9380834813e+06	3.5356434453e-01	3.0996933098e+03
8.9380834813e+06	3.5336042110e-01	3.1107098595e+03
8.9380834813e+06	3.5315527568e-01	3.1219253406e+03
8.9380834813e+06	3.5294848877e-01	3.1333526925e+03
8.9380834813e+06	3.5273193118e-01	3.1450233318e+03
8.9380834813e+06	3.5251412830e-01	3.1569175360e+03
8.9380834813e+06	3.5229507774e-01	3.1690363935e+03
8.9380834813e+06	3.5207478241e-01	3.1813773881e+03
8.9380834813e+06	3.5185075826e-01	3.1939422639e+03
8.9380834813e+06	3.5162525339e-01	3.2067165157e+03
8.9380834813e+06	3.5139864635e-01	3.2196897212e+03
8.9380834813e+06	3.5117093159e-01	3.2328524923e+03
8.9380834813e+06	3.5094204116e-01	3.2461962169e+03
8.9380834813e+06	3.5071084325e-01	3.2598727772e+03
8.9380834813e+06	3.5047143738e-01	3.2737386437e+03
8.9380834813e+06	3.5023083284e-01	3.2877672322e+03
8.9380834813e+06	3.4998902374e-01	3.3019542232e+03
8.9380834813e+06	3.4974600263e-01	3.3162965997e+03
8.9380834813e+06	3.4950175213e-01	3.3307929815e+03
8.9380834813e+06	3.4925628031e-01	3.3454413319e+03
8.9380834813e+06	3.4900956823e-01	3.3602418868e+03
8.9380834813e+06	3.4876160055e-01	3.3751951783e+03
8.9380834813e+06	3.4851237553e-01	3.3903012783e+03
8.9380834813e+06	3.4825494093e-01	3.4055827780e+03
8.9380834813e+06	3.4799243295e-01	3.4210307394e+03
8.9380834813e+06	3.4772877962e-01	3.4366341703e+03
8.9380834813e+06	3.4746389295e-01	3.4523949686e+03
8.9380834813e+06	3.4719770554e-01	3.4684615608e+03
8.9380834813e+06	3.4693019577e-01	3.4847262617e+03
8.9380834813e+06	3.4666134659e-01	3.5011553801e+03
8.9380834813e+06	3.4639114622e-01	3.5177499898e+03
8.9380834813e+06	3.4611844573e-01	3.5345146378e+03
8.9380834813e+06	3.4583746005e-01	3.5514684681e+03
8.9380834813e+06	3.4555508966e-01	3.5685920298e+03
8.9380834813e+06	3.4527131106e-01	3.5858990050e+03
8.9380834813e+06	3.4498593872e-01	3.6035437496e+03
8.9380834813e+06	3.4469738114e-01	3.6232693894e+03
8.9380834813e+06	3.4458176331e-01	3.6448073448e+03
8.9380834813e+06	3.4455124633e-01	3.6581698149e+03
8.9380834813e+06	3.4452168854e-01	3.6704987354e+03
8.9380834813e+06	3.4449309110e-01	3.6801504958e+03
8.9380834813e+06	3.4446569778e-01	3.6875559711e+03
8.9380834813e+06	3.4443857056e-01	3.6941315515e+03
8.9380834813e+06	3.4441154304e-01	3.7001994555e+03
8.9380834813e+06	3.4438353753e-01	3.7060630803e+03
8.9380834813e+06	3.4435551851e-01	3.7118828302e+03
8.9380834813e+06	3.4432638524e-01	3.7174554576e+03
8.9380834813e+06	3.4429661420e-01	3.7230017319e+03
8.9380834813e+06	3.4426922792e-01	3.7278492560e+03
8.9380834813e+06	3.4424744773e-01	3.7310955945e+03
8.9380834813e+06	3.4424202119e-01	3.7306644088e+03
8.9380834813e+06	3.4424863843e-01	3.7270855250e+03
8.9380834813e+06	3.4427063467e-01	3.7192719865e+03
8.9380834813e+06	3.4431082715e-01	3.7050871033e+03
8.9380834813e+06	3.4437325385e-01	3.6812516746e+03
8.9380834813e+06	3.4447815659e-01	3.6422389354e+03
8.9380834813e+06	3.4464967449e-01	3.5796983632e+03
8.9380834813e+06	3.4484795279e-01	3.4984595070e+03
8.9380834813e+06	3.4502047018e-01	3.4196396907e+03
8.9380834813e+06	3.4517181904e-01	3.3434486152e+03
8.9380834813e+06	3.4528442862e-01	3.2698317969e+03
8.9380834813e+06	3.4537080021e-01	3.1996262831e+03
8.9380834813e+06	3.4541787432e-01	3.1321369034e+03
8.9380834813e+06	3.4543433562e-01	3.0675720836e+03
8.9380834813e+06	3.4541812051e-01	3.0059469865e+03
8.9380834813e+06	3.4537865450e-01	2.9468366451e+03
8.9380834813e+06	3.4530852390e-01	2.8907945487e+03
8.9380834813e+06	3.4524022320e-01	2.8371820427e+03
8.9146573241e+06	3.4510879629e-01	2.8041761272e+03
8.9146573241e+06	3.2731839230e-01	2.8699145331e+03
8.9146573241e+06	3.2714242701e-01	2.8708802760e+03
8.9146573241e+06	3.2696084807e-01	2.8753781756e+03
8.9146573241e+06	3.2677655836e-01	2.8817202920e+03
8.9146573241e+06	3.2659067032e-01	2.8888232489e+03
8.9146573241e+06	3.2640251183e-01	2.8962671815e+03
8.9146573241e+06	3.2621125747e-01	2.9038923135e+03
8.9146573241e+06	3.2601930057e-01	2.9116284573e+03
8.9146573241e+06	3.2582663427e-01	2.9194519881e+03
8.9146573241e+06	3.2563317045e-01	2.9273752435e+03
8.9146573241e+06	3.2543886119e-01	2.9354505421e+03
8.9146573241e+06	3.2524366292e-01	2.9436103646e+03
8.9146573241e+06	3.2504754320e-01	2.9518598918e+03
8.9146573241e+06	3.2484328845e-01	2.9602305008e+03
8.9146573241e+06	3.2463563801e-01	2.9687149071e+03
8.9146573241e+06	3.2442696789e-01	2.9773149312e+03
8.9146573241e+06	3.2421723983e-01	2.9860407806e+03
8.9146573241e+06	3.2400641694e-01	2.9949028103e+03
8.9146573241e+06	3.2379445500e-01	3.0039112352e+03
8.9146573241e+06	3.2357974188e-01	3.0130800452e+03
8.9146573241e+06	3.2336228801e-01	3.0224160984e+03
8.9146573241e+06	3.2314374605e-01	3.0319165408e+03
8.9146573241e+06	3.2292411319e-01	3.0415827443e+03
8.9146573241e+06	3.2270331158e-01	3.0514134771e+03
8.9146573241e+06	3.2248132900e-01	3.0614855988e+03
8.9146573241e+06	3.2225812629e-01	3.0717499879e+03
8.9146573241e+06	3.2203371594e-01	3.0821646227e+03
8.9146573241e+06	3.2180217903e-01	3.0927428768e+03
8.9146573241e+06	3.2156632571e-01	3.1034677441e+03
8.9146573241e+06	3.2132928266e-01	3.1143222749e+03
8.9146573241e+06	3.2109104139e-01	3.1253011536e+03
8.9146573241e+06	3.2085159136e-01	3.1364001758e+03
8.9146573241e+06	3.2061092029e-01	3.1476162243e+03
8.9146573241e+06	3.2036900902e-01	3.1589474233e+03
8.9146573241e+06	3.2012330824e-01	3.1704012929e+03
8.9146573241e+06	3.1987595024e-01	3.1819692507e+03
8.9146573241e+06	3.1962744941e-01	3.1936499919e+03
8.9146573241e+06	3.1937775366e-01	3.2054431784e+03
8.9146573241e+06	3.1912676368e-01	3.2174722294e+03
8.9146573241e+06	3.1887093792e-01	3.2296504021e+03
8.9146573241e+06	3.1860849256e-01	3.2419654564e+03
8.9146573241e+06	3.1834470301e-01	3.2543996144e+03
8.9146573241e+06	3.1807955391e-01	3.2669537714e+03
8.9146573241e+06	3.1781302367e-01	3.2796291084e+03
8.9146573241e+06	3.1754511070e-01	3.2924258266e+03
8.9146573241e+06	3.1727579387e-01	3.3053450095e+03
8.9146573241e+06	3.1700505488e-01	3.3183875600e+03
8.9146573241e+06	3.1673288359e-01	3.3315539374e+03
8.9146573241e+06	3.1645926590e-01	3.3448447449e+03
8.9146573241e+06	3.1618214160e-01	3.3582681622e+03
8.9146573241e+06	3.1589474884e-01	3.3718510451e+03
8.9146573241e+06	3.1560545121e-01	3.3855844105e+03
8.9146573241e+06	3.1531420211e-01	3.3998431450e+03
8.9146573241e+06	3.1502529545e-01	3.4172804815e+03
8.9146573241e+06	3.1499466756e-01	3.4273515190e+03
8.9146573241e+06	3.1496589333e-01	3.4380535714e+03
8.9146573241e+06	3.1493798350e-01	3.4479909615e+03
8.9146573241e+06	3.1491137169e-01	3.4557005523e+03
8.9146573241e+06	3.1488603008e-01	3.4617433164e+03
8.9146573241e+06	3.1486099403e-01	3.4672483258e+03
8.9146573241e+06	3.1483650649e-01	3.4723197930e+03
8.9146573241e+06	3.1481220366e-01	3.4772540533e+03
8.9146573241e+06	3.1478812660e-01	3.4820885597e+03
8.9146573241e+06	3.1476444448e-01	3.4867795183e+03
8.9146573241e+06	3.1474136438e-01	3.4912848786e+03
8.9146573241e+06	3.1472038240e-01	3.4950142073e+03
8.9146573241e+06	3.1470803542e-01	3.4964785847e+03
8.9146573241e+06	3.1470417967e-01	3.4955516634e+03
8.9146573241e+06	3.1470812840e-01	3.4920376884e+03
8.9146573241e+06	3.1472251186e-01	3.4848495158e+03
8.9146573241e+06	3.1475220960e-01	3.4720513211e+03
8.9146573241e+06	3.1480603573e-01	3.4505342629e+03
8.9146573241e+06	3.1489858217e-01	3.4155027434e+03
8.9146573241e+06	3.1501785146e-01	3.3603313380e+03
8.9146573241e+06	3.1515702385e-01	3.2917324526e+03
8.9146573241e+06	3.1525631776e-01	3.2256142831e+03
8.9146573241e+06	3.1533563176e-01	3.1628265120e+03
8.9146573241e+06	3.1537034040e-01	3.1027854261e+03
8.9146573241e+06	3.1539401235e-01	3.0457375955e+03
8.9146573241e+06	3.1538238774e-01	2.9915705758e+03
8.9146573241e+06	3.1535143486e-01	2.9402490143e+03
8.9146573241e+06	3.1532084307e-01	2.8917811949e+03
8.9146573241e+06	3.1523928493e-01	2.8462358068e+03
8.9146573241e+06	3.1517410590e-01	2.8035464695e+03
8.9146573241e+06	3.1511395112e-01	2.7636214228e+03
8.8922236686e+06	3.1497829845e-01	2.7443166102e+03
8.8922236686e+06	3.1331320414e-01	2.7474406387e+03
8.8922236686e+06	3.1316216961e-01	2.7504974248e+03
8.8922236686e+06	3.1300713941e-01	2.7555119827e+03
8.8922236686e+06	3.1285054023e-01	2.7610766878e+03
8.8922236686e+06	3.1269307758e-01	2.7668286388e+03
8.8922236686e+06	3.1253493682e-01	2.7726753706e+03
8.8922236686e+06	3.1237614673e-01	2.7785923911e+03
8.8922236686e+06	3.1221671917e-01	2.7845734620e+03
8.8922236686e+06	3.1204643937e-01	2.7906535837e+03
8.8922236686e+06	3.1187042434e-01	2.7968133388e+03
8.8922236686e+06	3.1169402895e-01	2.8030327450e+03
8.8922236686e+06	3.1151712921e-01	2.8093295272e+03
8.8922236686e+06	3.1133964694e-01	2.8157456651e+03
8.8922236686e+06	3.1116154628e-01	2.8222239013e+03
8.8922236686e+06	3.1098281398e-01	2.8287642996e+03
8.8922236686e+06	3.1080343761e-01	2.8353671921e+03
8.8922236686e+06	3.1062339761e-01	2.8420334789e+03
8.8922236686e+06	3.1044267362e-01	2.8487644730e+03
8.8922236686e+06	3.1026124167e-01	2.8555618895e+03
8.8922236686e+06	3.1007907071e-01	2.8624286198e+03
8.8922236686e+06	3.0989613280e-01	2.8693684276e+03
8.8922236686e+06	3.0971220276e-01	2.8763859988e+03
8.8922236686e+06	3.0952751329e-01	2.8834859201e+03
8.8922236686e+06	3.0934211007e-01	2.8906745789e+03
8.8922236686e+06	3.0915587301e-01	2.8979598024e+03
8.8922236686e+06	3.0896871246e-01	2.9054144175e+03
8.8922236686e+06	3.0878054166e-01	2.9130107451e+03
8.8922236686e+06	3.0858617770e-01	2.9207509225e+03
8.8922236686e+06	3.0838561546e-01	2.9286424916e+03
8.8922236686e+06	3.0818400002e-01	2.9366725714e+03
8.8922236686e+06	3.0798132436e-01	2.9448448279e+03
8.8922236686e+06	3.0777756191e-01	2.9531616484e+03
8.8922236686e+06	3.0757271256e-01	2.9616221956e+03
8.8922236686e+06	3.0736678554e-01	2.9702236797e+03
8.8922236686e+06	3.0715691272e-01	2.9789729483e+03
8.8922236686e+06	3.0694544258e-01	2.9878555852e+03
8.8922236686e+06	3.0673305358e-01	2.9968632600e+03
8.8922236686e+06	3.0651968777e-01	3.0059899614e+03
8.8922236686e+06	3.0630528780e-01	3.0152936952e+03
8.8922236686e+06	3.0608980960e-01	3.0247522687e+03
8.8922236686e+06	3.0587323845e-01	3.0343197847e+03
8.8922236686e+06	3.0565556299e-01	3.0439934984e+03
8.8922236686e+06	3.0543677348e-01	3.0537713766e+03
8.8922236686e+06	3.0521684314e-01	3.0636528392e+03
8.8922236686e+06	3.0498919955e-01	3.0736631254e+03
8.8922236686e+06	3.0475732222e-01	3.0837886198e+03
8.8922236686e+06	3.0452425995e-01	3.0940183081e+03
8.8922236686e+06	3.0428992138e-01	3.1043529366e+03
8.8922236686e+06	3.0405111232e-01	3.1148063868e+03
8.8922236686e+06	3.0381119580e-01	3.1253661974e+03
8.8922236686e+06	3.0357016557e-01	3.1360338146e+03
8.8922236686e+06	3.0332790059e-01	3.1468870347e+03
8.8922236686e+06	3.0308433291e-01	3.1579003324e+03
8.8922236686e+06	3.0283944141e-01	3.1690280750e+03
8.8922236686e+06	3.0259320361e-01	3.1802715474e+03
8.8922236686e+06	3.0234560901e-01	3.1916314664e+03
8.8922236686e+06	3.0209663620e-01	3.2031090098e+03
8.8922236686e+06	3.0184561763e-01	3.2147077440e+03
8.8922236686e+06	3.0158436400e-01	3.2264616286e+03
8.8922236686e+06	3.0132169503e-01	3.2383362888e+03
8.8922236686e+06	3.0105758160e-01	3.2503366252e+03
8.8922236686e+06	3.0079185751e-01	3.2625130615e+03
8.8922236686e+06	3.0052034900e-01	3.2754641147e+03
8.8922236686e+06	3.0033990145e-01	3.2921764112e+03
8.8922236686e+06	3.0031344401e-01	3.3012232021e+03
8.8922236686e+06	3.0028815269e-01	3.3098661251e+03
8.8922236686e+06	3.0026476265e-01	3.3166813075e+03
8.8922236686e+06	3.0024298269e-01	3.3220386507e+03
8.8922236686e+06	3.0022178506e-01	3.3269246582e+03
8.8922236686e+06	3.0020118251e-01	3.3314274934e+03
8.8922236686e+06	3.0018081680e-01	3.3358228787e+03
8.8922236686e+06	3.0016071128e-01	3.3401180666e+03
8.8922236686e+06	3.0014091399e-01	3.3443013745e+03
8.8922236686e+06	3.0012167939e-01	3.3482762612e+03
8.8922236686e+06	3.0010418245e-01	3.3514897850e+03
8.8922236686e+06	3.0009472319e-01	3.3524851138e+03
8.8922236686e+06	3.0009123105e-01	3.3515123845e+03
8.8922236686e+06	3.0009352885e-01	3.3482708015e+03
8.8922236686e+06	3.0010360373e-01	3.3417584358e+03
8.8922236686e+06	3.0012507550e-01	3.3302389636e+03
8.8922236686e+06	3.0016450884e-01	3.3109516360e+03
8.8922236686e+06	3.0022860375e-01	3.2798855243e+03
8.8922236686e+06	3.0031213966e-01	3.2311889300e+03
8.8922236686e+06	3.0038956034e-01	3.1711177751e+03
8.8922236686e+06	3.0045392924e-01	3.1140825035e+03
8.8922236686e+06	3.0046425236e-01	3.0600537272e+03
8.8922236686e+06	3.0047385121e-01	3.0089709891e+03
8.8922236686e+06	3.0045569085e-01	2.9609008347e+03
8.8922236686e+06	3.0041376638e-01	2.9157292019e+03
8.8922236686e+06	3.0038669561e-01	2.8733822075e+03
8.8922236686e+06	3.0033600406e-01	2.8338879841e+03
8.8922236686e+06	3.0024351638e-01	2.7973623335e+03
8.8922236686e+06	3.0015603273e-01	2.7635548817e+03
8.8922236686e+06	3.0005814228e-01	2.7324350121e+03
8.8702474624e+06	2.9990748240e-01	2.7218431148e+03
8.8702474624e+06	2.9191987094e-01	2.7533124114e+03
8.8702474624e+06	2.9175016231e-01	2.7552161016e+03
8.8702474624e+06	2.9157612739e-01	2.7590212403e+03
8.8702474624e+06	2.9139923433e-01	2.7636474477e+03
8.8702474624e+06	2.9122056744e-01	2.7686606716e+03
8.8702474624e+06	2.9104073350e-01	2.7738874330e+03
8.8702474624e+06	2.9085984825e-01	2.7792604233e+03
8.8702474624e+06	2.9067794015e-01	2.7848081651e+03
8.8702474624e+06	2.9049243771e-01	2.7904681461e+03
8.8702474624e+06	2.9029626627e-01	2.7962630011e+03
8.8702474624e+06	2.9009918393e-01	2.8021460355e+03
8.8702474624e+06	2.8990119495e-01	2.8081134455e+03
8.8702474624e+06	2.8970230302e-01	2.8141618799e+03
8.8702474624e+06	2.8950250456e-01	2.8202886638e+03
8.8702474624e+06	2.8930119138e-01	2.8264945107e+03
8.8702474624e+06	2.8909536004e-01	2.8327899696e+03
8.8702474624e+06	2.8888884356e-01	2.8391572931e+03
8.8702474624e+06	2.8868157287e-01	2.8455959287e+03
8.8702474624e+06	2.8847346393e-01	2.8521686978e+03
8.8702474624e+06	2.8826444398e-01	2.8588249520e+03
8.8702474624e+06	2.8805450789e-01	2.8655538791e+03
8.8702474624e+06	2.8784363235e-01	2.8723558239e+03
8.8702474624e+06	2.8763180007e-01	2.8792311128e+03
8.8702474624e+06	2.8741899364e-01	2.8861801713e+03
8.8702474624e+06	2.8720519054e-01	2.8932034896e+03
8.8702474624e+06	2.8699037012e-01	2.9003017656e+03
8.8702474624e+06	2.8677452482e-01	2.9074754962e+03
8.8702474624e+06	2.8655768012e-01	2.9147248346e+03
8.8702474624e+06	2.8634000386e-01	2.9220491301e+03
8.8702474624e+06	2.8611186671e-01	2.9295187760e+03
8.8702474624e+06	2.8587957077e-01	2.9371388189e+03
8.8702474624e+06	2.8564620958e-01	2.9448381738e+03
8.8702474624e+06	2.8541176508e-01	2.9526170006e+03
8.8702474624e+06	2.8517621787e-01	2.9604756405e+03
8.8702474624e+06	2.8493954418e-01	2.9684147049e+03
8.8702474624e+06	2.8470171902e-01	2.9764359476e+03
8.8702474624e+06	2.8446259975e-01	2.9845584088e+03
8.8702474624e+06	2.8422085911e-01	2.9930031913e+03
8.8702474624e+06	2.8401967188e-01	3.0036742140e+03
8.8702474624e+06	2.8400017287e-01	3.0089276532e+03
8.8702474624e+06	2.8398182556e-01	3.0142231427e+03
8.8702474624e+06	2.8396656923e-01	3.0186552110e+03
8.8702474624e+06	2.8395300776e-01	3.0221636737e+03
8.8702474624e+06	2.8394075446e-01	3.0253378362e+03
8.8702474624e+06	2.8392920583e-01	3.0282856467e+03
8.8702474624e+06	2.8391807378e-01	3.0311343305e+03
8.8702474624e+06	2.8390722872e-01	3.0339406998e+03
8.8702474624e+06	2.8389654585e-01	3.0366566458e+03
8.8702474624e+06	2.8388604465e-01	3.0392570224e+03
8.8702474624e+06	2.8387566855e-01	3.0413516766e+03
8.8702474624e+06	2.8386840433e-01	3.0419931585e+03
8.8702474624e+06	2.8386300316e-01	3.0412868456e+03
8.8702474624e+06	2.8385852620e-01	3.0390528635e+03
8.8702474624e+06	2.8385486979e-01	3.0346250086e+03
8.8702474624e+06	2.8385193481e-01	3.0268496335e+03
8.8702474624e+06	2.8384811773e-01	3.0140140810e+03
8.8702474624e+06	2.8384347635e-01	2.9934601123e+03
8.8702474624e+06	2.8384446898e-01	2.9612345503e+03
8.8702474624e+06	2.8379952756e-01	2.9225308165e+03
8.8702474624e+06	2.8375045587e-01	2.8864088572e+03
8.8702474624e+06	2.8370461532e-01	2.8528070773e+03
8.8702474624e+06	2.8362057386e-01	2.8219364504e+03
8.8574608599e+06	2.8351531414e-01	2.8042419739e+03
8.8574608599e+06	2.7898533586e-01	2.8247281380e+03
8.8574608599e+06	2.7881936220e-01	2.8277115835e+03
8.8574608599e+06	2.7864906964e-01	2.8323441260e+03
8.8574608599e+06	2.7847714465e-01	2.8374553603e+03
8.8574608599e+06	2.7830451319e-01	2.8427358957e+03
8.8574608599e+06	2.7813127953e-01	2.8481328384e+03
8.8574608599e+06	2.7795736472e-01	2.8536361901e+03
8.8574608599e+06	2.7778274327e-01	2.8592045670e+03
8.8574608599e+06	2.7760740502e-01	2.8648365194e+03
8.8574608599e+06	2.7742593745e-01	2.8705573095e+03
8.8574608599e+06	2.7723619058e-01	2.8763774887e+03
8.8574608599e+06	2.7704572557e-01	2.8822624560e+03
8.8574608599e+06	2.7685452445e-01	2.8882131073e+03
8.8574608599e+06	2.7666127226e-01	2.8942373565e+03
8.8574608599e+06	2.7646394649e-01	2.9003461258e+03
8.8574608599e+06	2.7626602970e-01	2.9065254812e+03
8.8574608599e+06	2.7606743295e-01	2.9127787651e+03
8.8574608599e+06	2.7586806615e-01	2.9191601764e+03
8.8574608599e+06	2.7566780844e-01	2.9256474390e+03
8.8574608599e+06	2.7546662671e-01	2.9322260348e+03
8.8574608599e+06	2.7526446723e-01	2.9389028651e+03
8.8574608599e+06	2.7506128235e-01	2.9456851232e+03
8.8574608599e+06	2.7485701756e-01	2.9525802958e+03
8.8574608599e+06	2.7465164264e-01	2.9595948278e+03
8.8574608599e+06	2.7444511674e-01	2.9667350700e+03
8.8574608599e+06	2.7423744929e-01	2.9740049759e+03
8.8574608599e+06	2.7402872562e-01	2.9814063697e+03
8.8574608599e+06	2.7381899798e-01	2.9889399647e+03
8.8574608599e+06	2.7360591928e-01	2.9966182055e+03
8.8574608599e+06	2.7338213932e-01	3.0045606044e+03
8.8574608599e+06	2.7315721465e-01	3.0126315356e+03
8.8574608599e+06	2.7293112396e-01	3.0208276299e+03
8.8574608599e+06	2.7270387163e-01	3.0291445141e+03
8.8574608599e+06	2.7247544969e-01	3.0375785055e+03
8.8574608599e+06	2.7224583174e-01	3.0461270910e+03
8.8574608599e+06	2.7201501216e-01	3.0547876011e+03
8.8574608599e+06	2.7178287206e-01	3.0635592539e+03
8.8574608599e+06	2.7154531188e-01	3.0724617052e+03
8.8574608599e+06	2.7130664975e-01	3.0814731565e+03
8.8574608599e+06	2.7106687410e-01	3.0905938914e+03
8.8574608599e+06	2.7082585364e-01	3.0998973767e+03
8.8574608599e+06	2.7058348895e-01	3.1093513858e+03
8.8574608599e+06	2.7033975059e-01	3.1189216915e+03
8.8574608599e+06	2.7009462448e-01	3.1286093229e+03
8.8574608599e+06	2.6984808258e-01	3.1384159677e+03
8.8574608599e+06	2.6959574788e-01	3.1483654296e+03
8.8574608599e+06	2.6933522657e-01	3.1584715885e+03
8.8574608599e+06	2.6907323728e-01	3.1687017301e+03
8.8574608599e+06	2.6880976854e-01	3.1790569758e+03
8.8574608599e+06	2.6854148019e-01	3.1895562173e+03
8.8574608599e+06	2.6827111280e-01	3.2001863157e+03
8.8574608599e+06	2.6799936748e-01	3.2109596249e+03
8.8574608599e+06	2.6772609786e-01	3.2219680508e+03
8.8574608599e+06	2.6745124945e-01	3.2331114959e+03
8.8574608599e+06	2.6717480731e-01	3.2443913653e+03
8.8574608599e+06	2.6689674036e-01	3.2558136873e+03
8.8574608599e+06	2.6661681747e-01	3.2674420099e+03
8.8574608599e+06	2.6633285578e-01	3.2800190039e+03
8.8574608599e+06	2.6619390844e-01	3.2979321171e+03
8.8574608599e+06	2.6615756743e-01	3.3110506317e+03
8.8574608599e+06	2.6613496832e-01	3.3164742098e+03
8.8574608599e+06	2.6611295668e-01	3.3212069654e+03
8.8574608599e+06	2.6608818393e-01	3.3255882289e+03
8.8574608599e+06	2.6606377960e-01	3.3297947402e+03
8.8574608599e+06	2.6603957406e-01	3.3339422203e+03
8.8574608599e+06	2.6601579794e-01	3.3379680054e+03
8.8574608599e+06	2.6599215809e-01	3.3418819298e+03
8.8574608599e+06	2.6596995890e-01	3.3452140739e+03
8.8574608599e+06	2.6595754771e-01	3.3465520950e+03
8.8574608599e+06	2.6595436307e-01	3.3458886440e+03
8.8574608599e+06	2.6595962760e-01	3.3431328159e+03
8.8574608599e+06	2.6597492293e-01	3.3374848527e+03
8.8574608599e+06	2.6600448495e-01	3.3274725423e+03
8.8574608599e+06	2.6604594664e-01	3.3107413777e+03
8.8574608599e+06	2.6610824540e-01	3.2837119270e+03
8.8574608599e+06	2.6621339544e-01	3.2412222266e+03
8.8574608599e+06	2.6633958101e-01	3.1899758692e+03
8.8574608599e+06	2.6639964664e-01	3.1420673514e+03
8.8574608599e+06	2.6645112102e-01	3.0972763656e+03
8.8574608599e+06	2.6649310064e-01	3.0555555681e+03
8.8574608599e+06	2.6648076670e-01	3.0169086463e+03
8.8574608599e+06	2.6648150813e-01	2.9809563722e+03
8.8574608599e+06	2.6648454142e-01	2.9475635274e+03
8.8574608599e+06	2.6643372176e-01	2.9169872934e+03
8.8574608599e+06	2.6637732193e-01	2.8888782172e+03
8.8574608599e+06	2.6633614062e-01	2.8630184053e+03
8.8574608599e+06	2.6629120900e-01	2.8394823709e+03
8.8363795593e+06	2.6617493611e-01	2.8362808764e+03
8.8363795593e+06	2.6443517362e-01	2.8412257495e+03
8.8363795593e+06	2.6427219628e-01	2.8440389222e+03
8.8363795593e+06	2.6410495676e-01	2.8480946577e+03
8.8363795593e+06	2.6393586419e-01	2.8525454325e+03
8.8363795593e+06	2.6376576833e-01	2.8571518583e+03
8.8363795593e+06	2.6359490840e-01	2.8618453257e+03
8.8363795593e+06	2.6342333075e-01	2.8666063746e+03
8.8363795593e+06	2.6325100820e-01	2.8714306786e+03
8.8363795593e+06	2.6306246058e-01	2.8764010278e+03
8.8363795593e+06	2.6287255979e-01	2.8814406190e+03
8.8363795593e+06	2.6268217907e-01	2.8865480940e+03
8.8363795593e+06	2.6249121057e-01	2.8917631503e+03
8.8363795593e+06	2.6229939269e-01	2.8970835569e+03
8.8363795593e+06	2.6210668734e-01	2.9024893060e+03
8.8363795593e+06	2.6191306507e-01	2.9079855511e+03
8.8363795593e+06	2.6171848189e-01	2.9135777816e+03
8.8363795593e+06	2.6152292262e-01	2.9192702245e+03
8.8363795593e+06	2.6132634793e-01	2.9250668406e+03
8.8363795593e+06	2.6112711666e-01	2.9309790360e+03
8.8363795593e+06	2.6092551877e-01	2.9370064677e+03
8.8363795593e+06	2.6072314631e-01	2.9431403498e+03
8.8363795593e+06	2.6051990913e-01	2.9493861754e+03
8.8363795593e+06	2.6031571085e-01	2.9558016848e+03
8.8363795593e+06	2.6011051338e-01	2.9623206899e+03
8.8363795593e+06	2.5990430758e-01	2.9689406160e+03
8.8363795593e+06	2.5969709462e-01	2.9756586674e+03
8.8363795593e+06	2.5948887250e-01	2.9824724139e+03
8.8363795593e+06	2.5927962315e-01	2.9893801280e+03
8.8363795593e+06	2.5906934617e-01	2.9963803890e+03
8.8363795593e+06	2.5885144048e-01	3.0035086627e+03
8.8363795593e+06	2.5862210719e-01	3.0107859349e+03
8.8363795593e+06	2.5839198512e-01	3.0181528199e+03
8.8363795593e+06	2.5816092131e-01	3.0256711867e+03
8.8363795593e+06	2.5792878371e-01	3.0333035881e+03
8.8363795593e+06	2.5769553878e-01	3.0410315792e+03
8.8363795593e+06	2.5746116450e-01	3.0488560855e+03
8.8363795593e+06	2.5722562030e-01	3.0567787886e+03
8.8363795593e+06	2.5698887636e-01	3.0648011261e+03
8.8363795593e+06	2.5675089725e-01	3.0729248183e+03
8.8363795593e+06	2.5651165062e-01	3.0811515566e+03
8.8363795593e+06	2.5627088575e-01	3.0894843021e+03
8.8363795593e+06	2.5602882497e-01	3.0979236159e+03
8.8363795593e+06	2.5578569185e-01	3.1064846337e+03
8.8363795593e+06	2.5554122842e-01	3.1152377597e+03
8.8363795593e+06	2.5529534326e-01	3.1241053007e+03
8.8363795593e+06	2.5504799797e-01	3.1330893499e+03
8.8363795593e+06	2.5479916710e-01	3.1421915779e+03
8.8363795593e+06	2.5454882652e-01	3.1514140211e+03
8.8363795593e+06	2.5429333153e-01	3.1607865700e+03
8.8363795593e+06	2.5402761916e-01	3.1704299635e+03
8.8363795593e+06	2.5375579308e-01	3.1813575829e+03
8.8363795593e+06	2.5369315655e-01	3.1963937111e+03
8.8363795593e+06	2.5366922960e-01	3.2018578479e+03
8.8363795593e+06	2.5364739096e-01	3.2061712237e+03
8.8363795593e+06	2.5362665324e-01	3.2100256396e+03
8.8363795593e+06	2.5360669971e-01	3.2135739870e+03
8.8363795593e+06	2.5358708323e-01	3.2170309555e+03
8.8363795593e+06	2.5356777517e-01	3.2204082000e+03
8.8363795593e+06	2.5354875832e-01	3.2237234951e+03
8.8363795593e+06	2.5353035540e-01	3.2268589483e+03
8.8363795593e+06	2.5351370115e-01	3.2293986209e+03
8.8363795593e+06	2.5350593196e-01	3.2300627112e+03
8.8363795593e+06	2.5350296545e-01	3.2294117159e+03
8.8363795593e+06	2.5350504997e-01	3.2271856660e+03
8.8363795593e+06	2.5351382584e-01	3.2226776914e+03
8.8363795593e+06	2.5353258042e-01	3.2146863204e+03
8.8363795593e+06	2.5356608457e-01	3.2013653890e+03
8.8363795593e+06	2.5361504133e-01	3.1801950912e+03
8.8363795593e+06	2.5364906680e-01	3.1474240464e+03
8.8363795593e+06	2.5369406876e-01	3.1082855598e+03
8.8363795593e+06	2.5374677091e-01	3.0719190529e+03
8.8363795593e+06	2.5377922284e-01	3.0381515332e+03
8.8363795593e+06	2.5375859018e-01	3.0073105223e+03
8.8324285226e+06	2.5374579797e-01	2.9821549254e+03
8.8324285226e+06	2.5104227640e-01	3.0021159984e+03
8.8324285226e+06	2.5086506531e-01	3.0079346342e+03
8.8324285226e+06	2.5068647757e-01	3.0139402753e+03
8.8324285226e+06	2.5050714264e-01	3.0200636634e+03
8.8324285226e+06	2.5032705341e-01	3.0262886659e+03
8.8324285226e+06	2.5014619517e-01	3.0326128984e+03
8.8324285226e+06	2.4996454640e-01	3.0390351890e+03
8.8324285226e+06	2.4978207623e-01	3.0455553687e+03
8.8324285226e+06	2.4959875587e-01	3.0521736660e+03
8.8324285226e+06	2.4941455644e-01	3.0588906635e+03
8.8324285226e+06	2.4922817242e-01	3.0657150896e+03
8.8324285226e+06	2.4902391016e-01	3.0727427809e+03
8.8324285226e+06	2.4881801774e-01	3.0798770400e+03
8.8324285226e+06	2.4861130069e-01	3.0871841598e+03
8.8324285226e+06	2.4840359578e-01	3.0946064160e+03
8.8324285226e+06	2.4819488881e-01	3.1021370743e+03
8.8324285226e+06	2.4798514798e-01	3.1097778516e+03
8.8324285226e+06	2.4777435448e-01	3.1175300652e+03
8.8324285226e+06	2.4756249076e-01	3.1253950306e+03
8.8324285226e+06	2.4734953985e-01	3.1333740774e+03
8.8324285226e+06	2.4713549093e-01	3.1414683247e+03
8.8324285226e+06	2.4692035540e-01	3.1496791732e+03
8.8324285226e+06	2.4670433826e-01	3.1580060741e+03
8.8324285226e+06	2.4648743871e-01	3.1664541115e+03
8.8324285226e+06	2.4626946573e-01	3.1751142580e+03
8.8324285226e+06	2.4605033560e-01	3.1838981764e+03
8.8324285226e+06	2.4583002489e-01	3.1928075981e+03
8.8324285226e+06	2.4560807265e-01	3.2018462964e+03
8.8324285226e+06	2.4537200654e-01	3.2110948105e+03
8.8324285226e+06	2.4513475831e-01	3.2204730379e+03
8.8324285226e+06	2.4489630883e-01	3.2299831588e+03
8.8324285226e+06	2.4465348041e-01	3.2396472434e+03
8.8324285226e+06	2.4440760276e-01	3.2494599671e+03
8.8324285226e+06	2.4416072410e-01	3.2594118868e+03
8.8324285226e+06	2.4391270304e-01	3.2695278111e+03
8.8324285226e+06	2.4366344296e-01	3.2798914160e+03
8.8324285226e+06	2.4341289359e-01	3.2904153401e+03
8.8324285226e+06	2.4316103239e-01	3.3011076006e+03
8.8324285226e+06	2.4290784765e-01	3.3119769987e+03
8.8324285226e+06	2.4265330714e-01	3.3230342982e+03
8.8324285226e+06	2.4239738776e-01	3.3342906749e+03
8.8324285226e+06	2.4213847119e-01	3.3457684812e+03
8.8324285226e+06	2.4186230473e-01	3.3575724666e+03
8.8324285226e+06	2.4158497609e-01	3.3696068123e+03
8.8324285226e+06	2.4130641419e-01	3.3818798632e+03
8.8324285226e+06	2.4102652860e-01	3.3944618161e+03
8.8324285226e+06	2.4074524717e-01	3.4073655745e+03
8.8324285226e+06	2.4046254823e-01	3.4205228566e+03
8.8324285226e+06	2.4017844250e-01	3.4339307062e+03
8.8324285226e+06	2.3989290550e-01	3.4475860852e+03
8.8324285226e+06	2.3960594236e-01	3.4614834986e+03
8.8324285226e+06	2.3931755247e-01	3.4756173230e+03
8.8324285226e+06	2.3902773500e-01	3.4899831539e+03
8.8324285226e+06	2.3872841561e-01	3.5046312933e+03
8.8324285226e+06	2.3842018367e-01	3.5195551241e+03
8.8324285226e+06	2.3811058881e-01	3.5347462033e+03
8.8324285226e+06	2.3779954192e-01	3.5502805606e+03
8.8324285226e+06	2.3748701627e-01	3.5660400835e+03
8.8324285226e+06	2.3717300454e-01	3.5820247124e+03
8.8324285226e+06	2.3685748512e-01	3.5982357601e+03
8.8324285226e+06	2.3654043668e-01	3.6146750289e+03
8.8324285226e+06	2.3622185170e-01	3.6313439739e+03
8.8324285226e+06	2.3590166146e-01	3.6482448083e+03
8.8324285226e+06	2.3557917472e-01	3.6653852177e+03
8.8324285226e+06	2.3525534489e-01	3.6827604880e+03
8.8324285226e+06	2.3493010465e-01	3.7003956141e+03
8.8324285226e+06	2.3460329029e-01	3.7184496022e+03
8.8324285226e+06	2.3427484248e-01	3.7367535512e+03
8.8324285226e+06	2.3394474945e-01	3.7553097605e+03
8.8324285226e+06	2.3361299387e-01	3.7741209978e+03
8.8324285226e+06	2.3327956729e-01	3.7931915564e+03
8.8324285226e+06	2.3294444072e-01	3.8125533736e+03
8.8324285226e+06	2.3260759712e-01	3.8325749482e+03
8.8324285226e+06	2.3231841768e-01	3.8569339881e+03
8.8324285226e+06	2.3223750377e-01	3.8910960580e+03
8.8324285226e+06	2.3219880362e-01	3.9015394714e+03
8.8324285226e+06	2.3215991549e-01	3.9103369597e+03
8.8324285226e+06	2.3212138922e-01	3.9182900445e+03
8.8324285226e+06	2.3208295790e-01	3.9259220068e+03
8.8324285226e+06	2.3204477145e-01	3.9333815579e+03
8.8324285226e+06	2.3200698590e-01	3.9407166761e+03
8.8324285226e+06	2.3197022205e-01	3.9478055835e+03
8.8324285226e+06	2.3193665713e-01	3.9540865526e+03
8.8324285226e+06	2.3191876284e-01	3.9569462222e+03
8.8324285226e+06	2.3191451880e-01	3.9567080335e+03
8.8324285226e+06	2.3192272380e-01	3.9534408937e+03
8.8324285226e+06	2.3194699841e-01	3.9460195672e+03
8.8324285226e+06	2.3199552556e-01	3.9323295983e+03
8.8324285226e+06	2.3208224443e-01	3.9089551054e+03
8.8324285226e+06	2.3223080851e-01	3.8708842575e+03
8.8324285226e+06	2.3247963013e-01	3.8106156772e+03
8.8324285226e+06	2.3280337755e-01	3.7368206054e+03
8.8324285226e+06	2.3313499959e-01	3.6664913482e+03
8.8324285226e+06	2.3347315020e-01	3.5996282353e+03
8.8324285226e+06	2.3376279298e-01	3.5367772179e+03
8.8324285226e+06	2.3403586600e-01	3.4778073113e+03
8.8324285226e+06	2.3428533170e-01	3.4224975410e+03
8.8324285226e+06	2.3448143435e-01	3.3713086497e+03
8.8324285226e+06	2.3467595076e-01	3.3234329746e+03
8.8324285226e+06	2.3482219843e-01	3.2795124450e+03
8.8324285226e+06	2.3493403999e-01	3.2388839981e+03
8.8324285226e+06	2.3504980350e-01	3.2015513705e+03
8.8279652128e+06	2.3516612571e-01	3.1708779006e+03
8.8279652128e+06	2.3461718640e-01	3.1739494408e+03
8.8279652128e+06	2.3441060923e-01	3.1813606034e+03
8.8279652128e+06	2.3420160775e-01	3.1890841189e+03
8.8279652128e+06	2.3399143135e-01	3.1970054393e+03
8.8279652128e+06	2.3378013795e-01	3.2051010820e+03
8.8279652128e+06	2.3356775322e-01	3.2133594211e+03
8.8279652128e+06	2.3335429186e-01	3.2217739961e+03
8.8279652128e+06	2.3313976203e-01	3.2303410945e+03
8.8279652128e+06	2.3292416304e-01	3.2390588148e+03
8.8279652128e+06	2.3270749596e-01	3.2479261039e+03
8.8279652128e+06	2.3248980546e-01	3.2569423151e+03
8.8279652128e+06	2.3227147593e-01	3.2661046575e+03
8.8279652128e+06	2.3205225672e-01	3.2755172411e+03
8.8279652128e+06	2.3183195363e-01	3.2850853435e+03
8.8279652128e+06	2.3161056321e-01	3.2948082376e+03
8.8279652128e+06	2.3137773244e-01	3.3047620455e+03
8.8279652128e+06	2.3113931293e-01	3.3149060955e+03
8.8279652128e+06	2.3089981318e-01	3.3252091083e+03
8.8279652128e+06	2.3065922699e-01	3.3356724308e+03
8.8279652128e+06	2.3041615007e-01	3.3463077535e+03
8.8279652128e+06	2.3016767370e-01	3.3571381379e+03
8.8279652128e+06	2.2991841541e-01	3.3681315194e+03
8.8279652128e+06	2.2966813620e-01	3.3793965904e+03
8.8279652128e+06	2.2941672838e-01	3.3908552690e+03
8.8279652128e+06	2.2916418270e-01	3.4024880297e+03
8.8279652128e+06	2.2891048027e-01	3.4142969896e+03
8.8279652128e+06	2.2865562491e-01	3.4262832249e+03
8.8279652128e+06	2.2839959977e-01	3.4384487992e+03
8.8279652128e+06	2.2813028959e-01	3.4508864654e+03
8.8279652128e+06	2.2785297208e-01	3.4635598230e+03
8.8279652128e+06	2.2757401222e-01	3.4764224311e+03
8.8279652128e+06	2.2729409021e-01	3.4894709059e+03
8.8279652128e+06	2.2701302864e-01	3.5028094284e+03
8.8279652128e+06	2.2673076018e-01	3.5163857840e+03
8.8279652128e+06	2.2644727335e-01	3.5301639202e+03
8.8279652128e+06	2.2616256566e-01	3.5441480429e+03
8.8279652128e+06	2.2587660948e-01	3.5583446593e+03
8.8279652128e+06	2.2558940992e-01	3.5727599804e+03
8.8279652128e+06	2.2530094316e-01	3.5874033904e+03
8.8279652128e+06	2.2501130193e-01	3.6022835820e+03
8.8279652128e+06	2.2472059931e-01	3.6174119215e+03
8.8279652128e+06	2.2442875412e-01	3.6328026129e+03
8.8279652128e+06	2.2413565632e-01	3.6485747091e+03
8.8279652128e+06	2.2384123532e-01	3.6647123355e+03
8.8279652128e+06	2.2354549575e-01	3.6811648048e+03
8.8279652128e+06	2.2324840303e-01	3.6979477825e+03
8.8279652128e+06	2.2294995412e-01	3.7150729599e+03
8.8279652128e+06	2.2265013634e-01	3.7325494866e+03
8.8279652128e+06	2.2234895415e-01	3.7503822780e+03
8.8279652128e+06	2.2204649148e-01	3.7685728659e+03
8.8279652128e+06	2.2174285317e-01	3.7871192557e+03
8.8279652128e+06	2.2143794712e-01	3.8060172632e+03
8.8279652128e+06	2.2113163832e-01	3.8254469652e+03
8.8279652128e+06	2.2082387914e-01	3.8452567261e+03
8.8279652128e+06	2.2051465443e-01	3.8654084119e+03
8.8279652128e+06	2.2020395825e-01	3.8858958098e+03
8.8279652128e+06	2.1989175653e-01	3.9067156793e+03
8.8279652128e+06	2.1957805453e-01	3.9278635473e+03
8.8279652128e+06	2.1926284152e-01	3.9493382136e+03
8.8279652128e+06	2.1894623467e-01	3.9711385195e+03
8.8279652128e+06	2.1862833243e-01	3.9932631545e+03
8.8279652128e+06	2.1830891484e-01	4.0158068170e+03
8.8279652128e+06	2.1798791206e-01	4.0388409687e+03
8.8279652128e+06	2.1766531399e-01	4.0622157472e+03
8.8279652128e+06	2.1734109767e-01	4.0859348984e+03
8.8279652128e+06	2.1701524677e-01	4.1100019844e+03
8.8279652128e+06	2.1668774479e-01	4.1344207513e+03
8.8279652128e+06	2.1635856579e-01	4.1591957562e+03
8.8279652128e+06	2.1602772146e-01	4.1843294531e+03
8.8279652128e+06	2.1569534261e-01	4.2098258248e+03
8.8279652128e+06	2.1536148348e-01	4.2356916985e+03
8.8279652128e+06	2.1502592206e-01	4.2622269264e+03
8.8279652128e+06	2.1468863281e-01	4.2900025226e+03
8.8279652128e+06	2.1444546075e-01	4.3258551243e+03
8.8279652128e+06	2.1438034073e-01	4.3635215545e+03
8.8279652128e+06	2.1434092402e-01	4.3787645914e+03
8.8279652128e+06	2.1430110731e-01	4.3913826591e+03
8.8279652128e+06	2.1426179969e-01	4.4026005090e+03
8.8279652128e+06	2.1422238185e-01	4.4134117021e+03
8.8279652128e+06	2.1418346110e-01	4.4238711660e+03
8.8279652128e+06	2.1414464621e-01	4.4342769772e+03
8.8279652128e+06	2.1410714575e-01	4.4442360637e+03
8.8279652128e+06	2.1407257328e-01	4.4532214892e+03
8.8279652128e+06	2.1405561880e-01	4.4570598176e+03
8.8279652128e+06	2.1405054449e-01	4.4572499491e+03
8.8279652128e+06	2.1405637583e-01	4.4538001436e+03
8.8279652128e+06	2.1407646615e-01	4.4453555258e+03
8.8279652128e+06	2.1411806390e-01	4.4293687857e+03
8.8279652128e+06	2.1419354109e-01	4.4016988095e+03
8.8279652128e+06	2.1432359906e-01	4.3559096540e+03
8.8279652128e+06	2.1454181346e-01	4.2824227930e+03
8.8279652128e+06	2.1482667780e-01	4.1926508331e+03
8.8279652128e+06	2.1512128176e-01	4.1059200805e+03
8.8279652128e+06	2.1542350423e-01	4.0224859744e+03
8.8279652128e+06	2.1573401013e-01	3.9432184582e+03
8.8279652128e+06	2.1605044596e-01	3.8674514840e+03
8.8279652128e+06	2.1637460295e-01	3.7958981769e+03
8.8279652128e+06	2.1670470330e-01	3.7279906537e+03
8.8279652128e+06	2.1704141240e-01	3.6640070066e+03
8.8279652128e+06	2.1738395570e-01	3.6037660563e+03
8.8279652128e+06	2.1770837202e-01	3.5473996710e+03
8.8279652128e+06	2.1797293986e-01	3.4952624386e+03
8.8269532881e+06	2.1823201132e-01	3.4475695112e+03
8.8269532881e+06	2.2828705357e-01	3.3195318870e+03
8.8269532881e+06	2.2857945840e-01	3.2732161803e+03
8.8269532881e+06	2.2879248552e-01	3.2314461331e+03
8.8269532881e+06	2.2899707985e-01	3.1934784967e+03
8.8269532881e+06	2.2920279787e-01	3.1588915722e+03
8.8269532881e+06	2.2931448000e-01	3.1301976875e+03
8.8021232821e+06	2.2935372226e-01	3.1268915515e+03
8.8021232821e+06	2.1512221089e-01	3.2398201827e+03
8.8021232821e+06	2.1490059529e-01	3.2431957965e+03
8.8021232821e+06	2.1467289123e-01	3.2493014615e+03
8.8021232821e+06	2.1444038518e-01	3.2563481308e+03
8.8021232821e+06	2.1419210900e-01	3.2638626269e+03
8.8021232821e+06	2.1394235469e-01	3.2715711529e+03
8.8021232821e+06	2.1369114878e-01	3.2794361005e+03
8.8021232821e+06	2.1343468818e-01	3.2874844862e+03
8.8021232821e+06	2.1317437330e-01	3.2957076955e+03
8.8021232821e+06	2.1291286038e-01	3.3040895275e+03
8.8021232821e+06	2.1264998362e-01	3.3126808433e+03
8.8021232821e+06	2.1238558768e-01	3.3214939628e+03
8.8021232821e+06	2.1211963983e-01	3.3304919557e+03
8.8021232821e+06	2.1185212762e-01	3.3396798906e+03
8.8021232821e+06	2.1158305142e-01	3.3490610876e+03
8.8021232821e+06	2.1131238949e-01	3.3586382490e+03
8.8021232821e+06	2.1104019525e-01	3.3684113832e+03
8.8021232821e+06	2.1076670659e-01	3.3783776991e+03
8.8021232821e+06	2.1049190327e-01	3.3885366278e+03
8.8021232821e+06	2.1021563508e-01	3.3989721942e+03
8.8021232821e+06	2.0993777595e-01	3.4096221331e+03
8.8021232821e+06	2.0964712715e-01	3.4205693403e+03
8.8021232821e+06	2.0935090480e-01	3.4317483689e+03
8.8021232821e+06	2.0905311296e-01	3.4431223098e+03
8.8021232821e+06	2.0875357128e-01	3.4546940546e+03
8.8021232821e+06	2.0844645750e-01	3.4665178514e+03
8.8021232821e+06	2.0813807550e-01	3.4785376603e+03
8.8021232821e+06	2.0782834953e-01	3.4907949750e+03
8.8021232821e+06	2.0751702854e-01	3.5033440199e+03
8.8021232821e+06	2.0720403361e-01	3.5161040293e+03
8.8021232821e+06	2.0688935501e-01	3.5290775770e+03
8.8021232821e+06	2.0657298210e-01	3.5422673897e+03
8.8021232821e+06	2.0625488841e-01	3.5556769415e+03
8.8021232821e+06	2.0593506268e-01	3.5693091303e+03
8.8021232821e+06	2.0561359548e-01	3.5831664052e+03
8.8021232821e+06	2.0529074470e-01	3.5972489543e+03
8.8021232821e+06	2.0495430528e-01	3.6117954634e+03
8.8021232821e+06	2.0461274002e-01	3.6266521651e+03
8.8021232821e+06	2.0426937334e-01	3.6417548886e+03
8.8021232821e+06	2.0392416913e-01	3.6571139904e+03
8.8021232821e+06	2.0357708805e-01	3.6728170902e+03
8.8021232821e+06	2.0322775836e-01	3.6899456347e+03
8.8021232821e+06	2.0311330670e-01	3.7119627677e+03
8.8021232821e+06	2.0307203622e-01	3.7211817540e+03
8.8021232821e+06	2.0303003677e-01	3.7285396345e+03
8.8021232821e+06	2.0298752999e-01	3.7350825022e+03
8.8021232821e+06	2.0294566823e-01	3.7411095441e+03
8.8021232821e+06	2.0290352452e-01	3.7470596245e+03
8.8021232821e+06	2.0286215645e-01	3.7528264147e+03
8.8021232821e+06	2.0282107645e-01	3.7585635114e+03
8.8021232821e+06	2.0278241201e-01	3.7638916886e+03
8.8021232821e+06	2.0275255823e-01	3.7677107935e+03
8.8021232821e+06	2.0274579988e-01	3.7680117358e+03
8.8021232821e+06	2.0275367426e-01	3.7658705549e+03
8.8021232821e+06	2.0277908196e-01	3.7606337114e+03
8.8021232821e+06	2.0283033307e-01	3.7508350960e+03
8.8021232821e+06	2.0292191080e-01	3.7340778985e+03
8.8021232821e+06	2.0307003646e-01	3.7070533959e+03
8.8021232821e+06	2.0331228308e-01	3.6646227859e+03
8.8021232821e+06	2.0358280619e-01	3.6145059802e+03
8.8021232821e+06	2.0383251542e-01	3.5680997818e+03
8.8021232821e+06	2.0408443675e-01	3.5246755649e+03
8.8021232821e+06	2.0430612954e-01	3.4849972216e+03
8.8021232821e+06	2.0446933281e-01	3.4487191147e+03
8.8021232821e+06	2.0463516367e-01	3.4154897110e+03
8.8021232821e+06	2.0480083374e-01	3.3848110719e+03
8.8021232821e+06	2.0494183732e-01	3.3570552790e+03
8.8021232821e+06	2.0501576666e-01	3.3321648037e+03
8.8021232821e+06	2.0509307565e-01	3.3095319379e+03
8.8021232821e+06	2.0517243866e-01	3.2887611733e+03
8.7861902433e+06	2.0524222725e-01	3.2849511265e+03
8.7861902433e+06	1.9835374293e-01	3.3532001012e+03
8.7861902433e+06	1.9812416963e-01	3.3586321228e+03
8.7861902433e+06	1.9788806418e-01	3.3653591377e+03
8.7861902433e+06	1.9764865384e-01	3.3723876386e+03
8.7861902433e+06	1.9740827868e-01	3.3795985922e+03
8.7861902433e+06	1.9716663867e-01	3.3869616397e+03
8.7861902433e+06	1.9692369713e-01	3.3944525535e+03
8.7861902433e+06	1.9667945920e-01	3.4020723146e+03
8.7861902433e+06	1.9643389940e-01	3.4098232872e+03
8.7861902433e+06	1.9618701152e-01	3.4177073477e+03
8.7861902433e+06	1.9593885311e-01	3.4257259830e+03
8.7861902433e+06	1.9568978923e-01	3.4338771799e+03
8.7861902433e+06	1.9543972939e-01	3.4421957730e+03
8.7861902433e+06	1.9518531774e-01	3.4507418562e+03
8.7861902433e+06	1.9491518911e-01	3.4595896236e+03
8.7861902433e+06	1.9464367887e-01	3.4685903481e+03
8.7861902433e+06	1.9437077978e-01	3.4777476407e+03
8.7861902433e+06	1.9409645143e-01	3.4870668212e+03
8.7861902433e+06	1.9381355554e-01	3.4966298113e+03
8.7861902433e+06	1.9352953316e-01	3.5063626209e+03
8.7861902433e+06	1.9324431624e-01	3.5162852599e+03
8.7861902433e+06	1.9295767584e-01	3.5264803492e+03
8.7861902433e+06	1.9266952200e-01	3.5368764948e+03
8.7861902433e+06	1.9237984834e-01	3.5474823055e+03
8.7861902433e+06	1.9208861910e-01	3.5583075469e+03
8.7861902433e+06	1.9179583547e-01	3.5693602643e+03
8.7861902433e+06	1.9150156341e-01	3.5806476224e+03
8.7861902433e+06	1.9120600553e-01	3.5921739488e+03
8.7861902433e+06	1.9090907262e-01	3.6039501245e+03
8.7861902433e+06	1.9059813784e-01	3.6162252016e+03
8.7861902433e+06	1.9028110472e-01	3.6288096175e+03
8.7861902433e+06	1.8996248796e-01	3.6416529944e+03
8.7861902433e+06	1.8964228281e-01	3.6547548669e+03
8.7861902433e+06	1.8932014490e-01	3.6681188818e+03
8.7861902433e+06	1.8898967753e-01	3.6818189748e+03
8.7861902433e+06	1.8865794875e-01	3.6957730905e+03
8.7861902433e+06	1.8832485167e-01	3.7100112104e+03
8.7861902433e+06	1.8799015515e-01	3.7246226015e+03
8.7861902433e+06	1.8765377614e-01	3.7395013368e+03
8.7861902433e+06	1.8731567347e-01	3.7546509027e+03
8.7861902433e+06	1.8697584739e-01	3.7700734648e+03
8.7861902433e+06	1.8663427963e-01	3.7857724414e+03
8.7861902433e+06	1.8629101868e-01	3.8017507914e+03
8.7861902433e+06	1.8594635352e-01	3.8180086185e+03
8.7861902433e+06	1.8560013877e-01	3.8346178533e+03
8.7861902433e+06	1.8525214063e-01	3.8516281073e+03
8.7861902433e+06	1.8490229799e-01	3.8689432304e+03
8.7861902433e+06	1.8455060413e-01	3.8865674232e+03
8.7861902433e+06	1.8419704283e-01	3.9045054118e+03
8.7861902433e+06	1.8384158774e-01	3.9227625135e+03
8.7861902433e+06	1.8348425114e-01	3.9413438222e+03
8.7861902433e+06	1.8312533913e-01	3.9602572967e+03
8.7861902433e+06	1.8276469880e-01	3.9797086157e+03
8.7861902433e+06	1.8240223440e-01	4.0010015089e+03
8.7861902433e+06	1.8228253303e-01	4.0278873526e+03
8.7861902433e+06	1.8223912022e-01	4.0392289062e+03
8.7861902433e+06	1.8219539385e-01	4.0484241240e+03
8.7861902433e+06	1.8215207819e-01	4.0564144220e+03
8.7861902433e+06	1.8210869700e-01	4.0640094134e+03
8.7861902433e+06	1.8206584307e-01	4.0713441026e+03
8.7861902433e+06	1.8202301222e-01	4.0786622034e+03
8.7861902433e+06	1.8198159075e-01	4.0856968229e+03
8.7861902433e+06	1.8194280713e-01	4.0922186608e+03
8.7861902433e+06	1.8192259391e-01	4.0952853147e+03
8.7861902433e+06	1.8191725282e-01	4.0955609855e+03
8.7861902433e+06	1.8192400253e-01	4.0933359047e+03
8.7861902433e+06	1.8194637805e-01	4.0877759417e+03
8.7861902433e+06	1.8199211830e-01	4.0772423962e+03
8.7861902433e+06	1.8207457639e-01	4.0590882398e+03
8.7861902433e+06	1.8221538103e-01	4.0293081966e+03
8.7861902433e+06	1.8244970508e-01	3.9821878583e+03
8.7861902433e+06	1.8274933867e-01	3.9266485734e+03
8.7861902433e+06	1.8305399747e-01	3.8741581825e+03
8.7861902433e+06	1.8336325500e-01	3.8252378370e+03
8.7861902433e+06	1.8367497204e-01	3.7795494823e+03
8.7861902433e+06	1.8397291174e-01	3.7373269441e+03
8.7861902433e+06	1.8423567373e-01	3.6985613219e+03
8.7861902433e+06	1.8446033888e-01	3.6631649503e+03
8.7861902433e+06	1.8468592497e-01	3.6304852831e+03
8.7861902433e+06	1.8490093784e-01	3.6004556377e+03
8.7861902433e+06	1.8508190701e-01	3.5732667173e+03
8.7861902433e+06	1.8521682525e-01	3.5487890411e+03
8.7780054006e+06	1.8535314225e-01	3.5344938144e+03
8.7780054006e+06	1.8704931314e-01	3.5171242152e+03
8.7780054006e+06	1.8680948780e-01	3.5254420671e+03
8.7780054006e+06	1.8656843173e-01	3.5340936665e+03
8.7780054006e+06	1.8632625134e-01	3.5429153583e+03
8.7780054006e+06	1.8608333979e-01	3.5518997395e+03
8.7780054006e+06	1.8584000672e-01	3.5611075847e+03
8.7780054006e+06	1.8559557841e-01	3.5705206382e+03
8.7780054006e+06	1.8534999859e-01	3.5801129195e+03
8.7780054006e+06	1.8510326711e-01	3.5898869558e+03
8.7780054006e+06	1.8484918202e-01	3.5999210252e+03
8.7780054006e+06	1.8458068715e-01	3.6103047606e+03
8.7780054006e+06	1.8430370320e-01	3.6209703769e+03
8.7780054006e+06	1.8402537234e-01	3.6318430750e+03
8.7780054006e+06	1.8374599624e-01	3.6430132640e+03
8.7780054006e+06	1.8346544080e-01	3.6543907923e+03
8.7780054006e+06	1.8318368955e-01	3.6659793029e+03
8.7780054006e+06	1.8290072518e-01	3.6777825226e+03
8.7780054006e+06	1.8261654747e-01	3.6898035001e+03
8.7780054006e+06	1.8233121491e-01	3.7020450941e+03
8.7780054006e+06	1.8204512569e-01	3.7145057303e+03
8.7780054006e+06	1.8175805660e-01	3.7272525412e+03
8.7780054006e+06	1.8146974086e-01	3.7402942806e+03
8.7780054006e+06	1.8118014772e-01	3.7535778248e+03
8.7780054006e+06	1.8088926877e-01	3.7671073043e+03
8.7780054006e+06	1.8059708395e-01	3.7808876816e+03
8.7780054006e+06	1.8030362090e-01	3.7949229645e+03
8.7780054006e+06	1.8000915407e-01	3.8092156380e+03
8.7780054006e+06	1.7971379651e-01	3.8237697507e+03
8.7780054006e+06	1.7941722483e-01	3.8387350085e+03
8.7780054006e+06	1.7911928517e-01	3.8539981735e+03
8.7780054006e+06	1.7881997938e-01	3.8695597240e+03
8.7780054006e+06	1.7851928235e-01	3.8854314549e+03
8.7780054006e+06	1.7821718862e-01	3.9016258989e+03
8.7780054006e+06	1.7791386949e-01	3.9181550471e+03
8.7780054006e+06	1.7760953195e-01	3.9350298201e+03
8.7780054006e+06	1.7730390798e-01	3.9523455346e+03
8.7780054006e+06	1.7699686581e-01	3.9701550677e+03
8.7780054006e+06	1.7668835258e-01	3.9883699904e+03
8.7780054006e+06	1.7637835343e-01	4.0070031334e+03
8.7780054006e+06	1.7606685316e-01	4.0260649554e+03
8.7780054006e+06	1.7575392258e-01	4.0455620189e+03
8.7780054006e+06	1.7543983724e-01	4.0654953353e+03
8.7780054006e+06	1.7512441847e-01	4.0858860534e+03
8.7780054006e+06	1.7480747713e-01	4.1069140182e+03
8.7780054006e+06	1.7448895503e-01	4.1283969867e+03
8.7780054006e+06	1.7416884370e-01	4.1503344774e+03
8.7780054006e+06	1.7384710661e-01	4.1727282479e+03
8.7780054006e+06	1.7352374914e-01	4.1955789885e+03
8.7780054006e+06	1.7319903783e-01	4.2188834708e+03
8.7780054006e+06	1.7287300784e-01	4.2426450569e+03
8.7780054006e+06	1.7254537324e-01	4.2670926229e+03
8.7780054006e+06	1.7221604332e-01	4.2920485664e+03
8.7780054006e+06	1.7188499183e-01	4.3174924351e+03
8.7780054006e+06	1.7155220028e-01	4.3434310783e+03
8.7780054006e+06	1.7121764990e-01	4.3698718972e+03
8.7780054006e+06	1.7088144929e-01	4.3968212547e+03
8.7780054006e+06	1.7054391904e-01	4.4242817546e+03
8.7780054006e+06	1.7020473074e-01	4.4524754618e+03
8.7780054006e+06	1.6986372465e-01	4.4813040151e+03
8.7780054006e+06	1.6952085959e-01	4.5107056340e+03
8.7780054006e+06	1.6917614155e-01	4.5409089426e+03
8.7780054006e+06	1.6884562941e-01	4.5746038540e+03
8.7780054006e+06	1.6877319476e-01	4.6098347935e+03
8.7780054006e+06	1.6872963762e-01	4.6295428205e+03
8.7780054006e+06	1.6868556389e-01	4.6454936366e+03
8.7780054006e+06	1.6864236012e-01	4.6589746661e+03
8.7780054006e+06	1.6859863517e-01	4.6718708262e+03
8.7780054006e+06	1.6855586766e-01	4.6841357321e+03
8.7780054006e+06	1.6851273244e-01	4.6965213787e+03
8.7780054006e+06	1.6847102311e-01	4.7084426497e+03
8.7780054006e+06	1.6843238440e-01	4.7193661331e+03
8.7780054006e+06	1.6841421642e-01	4.7240994412e+03
8.7780054006e+06	1.6840849558e-01	4.7249143471e+03
8.7780054006e+06	1.6841336688e-01	4.7220999612e+03
8.7780054006e+06	1.6843207037e-01	4.7144291486e+03
8.7780054006e+06	1.6847155699e-01	4.6995019321e+03
8.7780054006e+06	1.6854364893e-01	4.6734197702e+03
8.7780054006e+06	1.6866781721e-01	4.6303259400e+03
8.7780054006e+06	1.6887703267e-01	4.5620727524e+03
8.7780054006e+06	1.6914332200e-01	4.4803056416e+03
8.7780054006e+06	1.6941698900e-01	4.4026805000e+03
8.7780054006e+06	1.6969577767e-01	4.3292454772e+03
8.7780054006e+06	1.6997920031e-01	4.2600567628e+03
8.7780054006e+06	1.7026707998e-01	4.1951453404e+03
8.7780054006e+06	1.7055827814e-01	4.1342215629e+03
8.7780054006e+06	1.7085336601e-01	4.0774260196e+03
8.7780054006e+06	1.7115067161e-01	4.0243120474e+03
8.7780054006e+06	1.7145147598e-01	3.9750872584e+03
8.7780054006e+06	1.7175343630e-01	3.9291801412e+03
8.7780054006e+06	1.7205869243e-01	3.8867877831e+03
8.7780054006e+06	1.7236398307e-01	3.8473411583e+03
8.7780054006e+06	1.7267167331e-01	3.8110236589e+03
8.7780054006e+06	1.7297844172e-01	3.7772891096e+03
8.7780054006e+06	1.7322197927e-01	3.7472101602e+03
8.7780054006e+06	1.7343435533e-01	3.7197921217e+03
8.7780054006e+06	1.7364868579e-01	3.6946923923e+03
8.7780054006e+06	1.7386171256e-01	3.6715283217e+03
8.7609944140e+06	1.7405469513e-01	3.6678738117e+03
8.7609944140e+06	1.5942728776e-01	3.8882153446e+03
8.7609944140e+06	1.5913661718e-01	3.8983049213e+03
8.7609944140e+06	1.5884143494e-01	3.9089828058e+03
8.7609944140e+06	1.5854558186e-01	3.9199163460e+03
8.7609944140e+06	1.5824847476e-01	3.9310731138e+03
8.7609944140e+06	1.5795008816e-01	3.9424319046e+03
8.7609944140e+06	1.5765039596e-01	3.9539967226e+03
8.7609944140e+06	1.5734938776e-01	3.9657710725e+03
8.7609944140e+06	1.5704713107e-01	3.9777570731e+03
8.7609944140e+06	1.5674410929e-01	3.9899499151e+03
8.7609944140e+06	1.5644016335e-01	4.0024433086e+03
8.7609944140e+06	1.5613485437e-01	4.0151838398e+03
8.7609944140e+06	1.5582816842e-01	4.0281574244e+03
8.7609944140e+06	1.5552009672e-01	4.0413678496e+03
8.7609944140e+06	1.5521060822e-01	4.0548199124e+03
8.7609944140e+06	1.5489990705e-01	4.0685133466e+03
8.7609944140e+06	1.5458831137e-01	4.0824466998e+03
8.7609944140e+06	1.5427543806e-01	4.0967440302e+03
8.7609944140e+06	1.5396111310e-01	4.1113134588e+03
8.7609944140e+06	1.5364530091e-01	4.1261521083e+03
8.7609944140e+06	1.5332799438e-01	4.1412648253e+03
8.7609944140e+06	1.5300920738e-01	4.1566564621e+03
8.7609944140e+06	1.5268921258e-01	4.1723284864e+03
8.7609944140e+06	1.5236810416e-01	4.1882855002e+03
8.7609944140e+06	1.5204555995e-01	4.2046755794e+03
8.7609944140e+06	1.5172143526e-01	4.2213825257e+03
8.7609944140e+06	1.5139572387e-01	4.2384157162e+03
8.7609944140e+06	1.5106840625e-01	4.2557870512e+03
8.7609944140e+06	1.5073954434e-01	4.2735078017e+03
8.7609944140e+06	1.5040942587e-01	4.2915859100e+03
8.7609944140e+06	1.5007799363e-01	4.3100486509e+03
8.7609944140e+06	1.4974498646e-01	4.3290602761e+03
8.7609944140e+06	1.4941030014e-01	4.3484885142e+03
8.7609944140e+06	1.4907392050e-01	4.3683464791e+03
8.7609944140e+06	1.4873581589e-01	4.3886463615e+03
8.7609944140e+06	1.4839606845e-01	4.4093953938e+03
8.7609944140e+06	1.4805497415e-01	4.4305935773e+03
8.7609944140e+06	1.4771239182e-01	4.4523032878e+03
8.7609944140e+06	1.4736805885e-01	4.4746350550e+03
8.7609944140e+06	1.4702191976e-01	4.4974428683e+03
8.7609944140e+06	1.4667394271e-01	4.5207290248e+03
8.7609944140e+06	1.4632410625e-01	4.5444952547e+03
8.7609944140e+06	1.4597253799e-01	4.5687412669e+03
8.7609944140e+06	1.4561951307e-01	4.5934629680e+03
8.7609944140e+06	1.4526474047e-01	4.6187968322e+03
8.7609944140e+06	1.4490803637e-01	4.6447330447e+03
8.7609944140e+06	1.4454936579e-01	4.6711792046e+03
8.7609944140e+06	1.4418869766e-01	4.6981426309e+03
8.7609944140e+06	1.4382601342e-01	4.7256303259e+03
8.7609944140e+06	1.4346145617e-01	4.7536461916e+03
8.7609944140e+06	1.4309526158e-01	4.7821930666e+03
8.7609944140e+06	1.4272713401e-01	4.8115072467e+03
8.7609944140e+06	1.4235690359e-01	4.8414374644e+03
8.7609944140e+06	1.4198454751e-01	4.8719577885e+03
8.7609944140e+06	1.4161006115e-01	4.9032521124e+03
8.7609944140e+06	1.4123367875e-01	4.9377700010e+03
8.7609944140e+06	1.4116732150e-01	4.9634860675e+03
8.7609944140e+06	1.4112382118e-01	4.9843052554e+03
8.7609944140e+06	1.4107898861e-01	5.0019075790e+03
8.7609944140e+06	1.4103485755e-01	5.0162931207e+03
8.7609944140e+06	1.4099018576e-01	5.0298950553e+03
8.7609944140e+06	1.4094628342e-01	5.0428825003e+03
8.7609944140e+06	1.4090243540e-01	5.0558328951e+03
8.7609944140e+06	1.4085953678e-01	5.0685117626e+03
8.7609944140e+06	1.4082016357e-01	5.0800076690e+03
8.7609944140e+06	1.4080310725e-01	5.0846941245e+03
8.7609944140e+06	1.4079667548e-01	5.0858929749e+03
8.7609944140e+06	1.4079952827e-01	5.0838302901e+03
8.7609944140e+06	1.4081446476e-01	5.0774204540e+03
8.7609944140e+06	1.4084758009e-01	5.0645327447e+03
8.7609944140e+06	1.4090882758e-01	5.0417152504e+03
8.7609944140e+06	1.4101485474e-01	5.0036805134e+03
8.7609944140e+06	1.4119398271e-01	4.9432442646e+03
8.7609944140e+06	1.4142038082e-01	4.8716220124e+03
8.7609944140e+06	1.4165077101e-01	4.8034836864e+03
8.7609944140e+06	1.4188498526e-01	4.7394150403e+03
8.7609944140e+06	1.4212077363e-01	4.6788426462e+03
8.7609944140e+06	1.4235987867e-01	4.6222657322e+03
8.7609944140e+06	1.4259992460e-01	4.5690294079e+03
8.7609944140e+06	1.4284211236e-01	4.5193495742e+03
8.7609944140e+06	1.4308531276e-01	4.4728761619e+03
8.7604188077e+06	1.4332945431e-01	4.4301194316e+03
8.7604188077e+06	1.5958201235e-01	4.0961178469e+03
8.7604188077e+06	1.5988083538e-01	4.0508911936e+03
8.7604188077e+06	1.6017193079e-01	4.0137317240e+03
8.7590850692e+06	1.6046213390e-01	3.9813688561e+03
8.7590850692e+06	1.5372656389e-01	4.0627306719e+03
8.7590850692e+06	1.5401099159e-01	4.0316382731e+03
8.7590850692e+06	1.5428791983e-01	4.0032835887e+03
8.7590850692e+06	1.5451339462e-01	3.9798054667e+03
8.7590850692e+06	1.5468661177e-01	3.9600673718e+03
8.7590850692e+06	1.5485915689e-01	3.9418507454e+03
8.7423739925e+06	1.5503142535e-01	3.9432314574e+03
8.7423739925e+06	1.3920878558e-01	4.2508796324e+03
8.7423739925e+06	1.3890685883e-01	4.2623234318e+03
8.7423739925e+06	1.3860366276e-01	4.2743638617e+03
8.7423739925e+06	1.3829930754e-01	4.2866397125e+03
8.7423739925e+06	1.3799436268e-01	4.2991522960e+03
8.7423739925e+06	1.3768813573e-01	4.3119492512e+03
8.7423739925e+06	1.3738048128e-01	4.3249852585e+03
8.7423739925e+06	1.3707137126e-01	4.3382657654e+03
8.7423739925e+06	1.3676079270e-01	4.3517956616e+03
8.7423739925e+06	1.3644904234e-01	4.3655726935e+03
8.7423739925e+06	1.3613644918e-01	4.3796220552e+03
8.7423739925e+06	1.3582247483e-01	4.3940042101e+03
8.7423739925e+06	1.3550697480e-01	4.4086614485e+03
8.7423739925e+06	1.3518992369e-01	4.4235998934e+03
8.7423739925e+06	1.3487133424e-01	4.4388243571e+03
8.7423739925e+06	1.3455153952e-01	4.4543331579e+03
8.7420805868e+06	1.3423078021e-01	4.4705017235e+03
8.7420805868e+06	1.4768005043e-01	4.1992247462e+03
8.7420805868e+06	1.4737869833e-01	4.2139645193e+03
8.7420805868e+06	1.4707594960e-01	4.2289890264e+03
8.7420805868e+06	1.4677180245e-01	4.2443235289e+03
8.7420805868e+06	1.4646664912e-01	4.2599696514e+03
8.7420805868e+06	1.4616055841e-01	4.2759556966e+03
8.7420805868e+06	1.4585312282e-01	4.2924089979e+03
8.7420805868e+06	1.4554421100e-01	4.3092259262e+03
8.7420805868e+06	1.4523382440e-01	4.3264196661e+03
8.7420805868e+06	1.4492195237e-01	4.3440056336e+03
8.7420805868e+06	1.4460905226e-01	4.3619877762e+03
8.7420805868e+06	1.4429508662e-01	4.3803950139e+03
8.7420805868e+06	1.4397968273e-01	4.3993828804e+03
8.7420805868e+06	1.4366270055e-01	4.4188265365e+03
8.7420805868e+06	1.4334415051e-01	4.4387345136e+03
8.7420805868e+06	1.4302401304e-01	4.4591165696e+03
8.7420805868e+06	1.4270273604e-01	4.4799679721e+03
8.7420805868e+06	1.4238039454e-01	4.5013197263e+03
8.7420805868e+06	1.4205653021e-01	4.5233325602e+03
8.7420805868e+06	1.4173099255e-01	4.5458512875e+03
8.7420805868e+06	1.4140377069e-01	4.5688804791e+03
8.7420805868e+06	1.4107484187e-01	4.5924267739e+03
8.7420805868e+06	1.4074460532e-01	4.6164864401e+03
8.7420805868e+06	1.4041304474e-01	4.6411239648e+03
8.7420805868e+06	1.4007978865e-01	4.6664944938e+03
8.7420805868e+06	1.3974473936e-01	4.6924246871e+03
8.7420805868e+06	1.3940788381e-01	4.7189235583e+03
8.7420805868e+06	1.3906919509e-01	4.7460018698e+03
8.7420805868e+06	1.3872903946e-01	4.7736616566e+03
8.7420805868e+06	1.3838742890e-01	4.8019921070e+03
8.7420805868e+06	1.3804397684e-01	4.8311270475e+03
8.7420805868e+06	1.3769860809e-01	4.8609565843e+03
8.7420805868e+06	1.3735136650e-01	4.8923297421e+03
8.7420805868e+06	1.3720783785e-01	4.9181636567e+03
8.7420805868e+06	1.3716092602e-01	4.9380995581e+03
8.7420805868e+06	1.3711265360e-01	4.9569452309e+03
8.7420805868e+06	1.3706548598e-01	4.9720082245e+03
8.7420805868e+06	1.3701778187e-01	4.9858179148e+03
8.7420805868e+06	1.3697080207e-01	4.9989070793e+03
8.7420805868e+06	1.3692394338e-01	5.0118883290e+03
8.7420805868e+06	1.3687772948e-01	5.0247334815e+03
8.7420805868e+06	1.3683451837e-01	5.0367061411e+03
8.7420805868e+06	1.3681075736e-01	5.0430946306e+03
8.7420805868e+06	1.3680272217e-01	5.0447937615e+03
8.7420805868e+06	1.3680554426e-01	5.0430537210e+03
8.7420805868e+06	1.3682173563e-01	5.0370191431e+03
8.7420805868e+06	1.3685724524e-01	5.0247233978e+03
8.7420805868e+06	1.3692274781e-01	5.0029100919e+03
8.7420805868e+06	1.3703583418e-01	4.9666240272e+03
8.7420805868e+06	1.3722681537e-01	4.9093846369e+03
8.7420805868e+06	1.3746418531e-01	4.8426744654e+03
8.7420805868e+06	1.3770543687e-01	4.7800236491e+03
8.7420805868e+06	1.3794916612e-01	4.7213773886e+03
8.7420805868e+06	1.3819483587e-01	4.6666497034e+03
8.7420805868e+06	1.3844233616e-01	4.6157582586e+03
8.7420805868e+06	1.3869078972e-01	4.5683482614e+03
8.7420805868e+06	1.3894112861e-01	4.5244028285e+03
8.7420805868e+06	1.3919122836e-01	4.4835014765e+03
8.7420805868e+06	1.3944258163e-01	4.4457071409e+03
8.7420805868e+06	1.3969252278e-01	4.4105477692e+03
8.7420805868e+06	1.3994346409e-01	4.3781495487e+03
8.7420805868e+06	1.4019240101e-01	4.3480051505e+03
8.7420805868e+06	1.4044264216e-01	4.3201689582e+03
8.7420805868e+06	1.4069106608e-01	4.2942821805e+03
8.7420805868e+06	1.4093932090e-01	4.2702813459e+03
8.7420805868e+06	1.4118629475e-01	4.2479544929e+03
8.7420805868e+06	1.4143190421e-01	4.2271759178e+03
8.7420805868e+06	1.4167679013e-01	4.2078487715e+03
8.7272938534e+06	1.4191845232e-01	4.2068617651e+03
8.7272938534e+06	1.2676818301e-01	4.5612122137e+03
8.7272938534e+06	1.2645916992e-01	4.5750144808e+03
8.7272938534e+06	1.2614874224e-01	4.5891472250e+03
8.7272938534e+06	1.2583686681e-01	4.6035624135e+03
8.7272938534e+06	1.2552353864e-01	4.6182657409e+03
8.7272938534e+06	1.2520940217e-01	4.6332464529e+03
8.7272938534e+06	1.2489437609e-01	4.6486085076e+03
8.7246673449e+06	1.2457785193e-01	4.6676089388e+03
8.7246673449e+06	1.2203969030e-01	4.7411388392e+03
8.7246673449e+06	1.2173367142e-01	4.7506082510e+03
8.7246673449e+06	1.2142435920e-01	4.7654381685e+03
8.7246673449e+06	1.2111398746e-01	4.7819930060e+03
8.7246673449e+06	1.2080292846e-01	4.7989586623e+03
8.7246673449e+06	1.2049063300e-01	4.8163761112e+03
8.7246673449e+06	1.2017677935e-01	4.8341606878e+03
8.7246673449e+06	1.1986137234e-01	4.8523195352e+03
8.7246673449e+06	1.1954444671e-01	4.8708605113e+03
8.7246673449e+06	1.1922662467e-01	4.8897733128e+03
8.7246673449e+06	1.1890771952e-01	4.9091906882e+03
8.7246673449e+06	1.1858718470e-01	4.9290574249e+03
8.7246673449e+06	1.1826499043e-01	4.9493558108e+03
8.7246673449e+06	1.1794115769e-01	4.9700952167e+03
8.7246673449e+06	1.1761615404e-01	4.9912736826e+03
8.7246673449e+06	1.1729000262e-01	5.0129836135e+03
8.7246673449e+06	1.1696216809e-01	5.0352703237e+03
8.7246673449e+06	1.1663258521e-01	5.0580638426e+03
8.7246673449e+06	1.1630125535e-01	5.0813800544e+03
8.7246673449e+06	1.1596854059e-01	5.1052258274e+03
8.7246673449e+06	1.1563463063e-01	5.1296442308e+03
8.7246673449e+06	1.1529900376e-01	5.1548045842e+03
8.7246673449e+06	1.1496152730e-01	5.1805819342e+03
8.7246673449e+06	1.1462219534e-01	5.2069977097e+03
8.7246673449e+06	1.1428122849e-01	5.2340667682e+03
8.7246673449e+06	1.1393900047e-01	5.2617955072e+03
8.7246673449e+06	1.1359509247e-01	5.2904252205e+03
8.7246673449e+06	1.1324922500e-01	5.3198112344e+03
8.7246673449e+06	1.1290140855e-01	5.3499428703e+03
8.7246673449e+06	1.1255171591e-01	5.3808317866e+03
8.7246673449e+06	1.1220057960e-01	5.4124756341e+03
8.7246673449e+06	1.1184769723e-01	5.4451027223e+03
8.7246673449e+06	1.1149275686e-01	5.4786321502e+03
8.7246673449e+06	1.1113572747e-01	5.5129903402e+03
8.7246673449e+06	1.1077660131e-01	5.5481918434e+03
8.7246673449e+06	1.1041587992e-01	5.5842318109e+03
8.7246673449e+06	1.1005337820e-01	5.6212969403e+03
8.7246673449e+06	1.0968870970e-01	5.6594136401e+03
8.7246673449e+06	1.0932182260e-01	5.6984570414e+03
8.7246673449e+06	1.0895269804e-01	5.7384470495e+03
8.7246673449e+06	1.0858161520e-01	5.7794174888e+03
8.7246673449e+06	1.0820879726e-01	5.8219041091e+03
8.7246673449e+06	1.0796404064e-01	5.8668763967e+03
8.7246673449e+06	1.0790622461e-01	5.9021948337e+03
8.7246673449e+06	1.0786008463e-01	5.9260046093e+03
8.7246673449e+06	1.0781343628e-01	5.9459261034e+03
8.7246673449e+06	1.0776720629e-01	5.9642086649e+03
8.7246673449e+06	1.0772135632e-01	5.9819817126e+03
8.7246673449e+06	1.0767569890e-01	5.9998585371e+03
8.7246673449e+06	1.0763196271e-01	6.0172694438e+03
8.7246673449e+06	1.0759750791e-01	6.0308389231e+03
8.7246673449e+06	1.0758651782e-01	6.0347126448e+03
8.7246673449e+06	1.0758587603e-01	6.0340549797e+03
8.7246673449e+06	1.0759609490e-01	6.0284098781e+03
8.7246673449e+06	1.0762154605e-01	6.0157467562e+03
8.7246673449e+06	1.0767036986e-01	5.9925423048e+03
8.7246673449e+06	1.0775696415e-01	5.9537042372e+03
8.7246673449e+06	1.0790167690e-01	5.8915903443e+03
8.7246673449e+06	1.0807953512e-01	5.8193353796e+03
8.7246673449e+06	1.0826088906e-01	5.7513093088e+03
8.7246673449e+06	1.0844322728e-01	5.6869261249e+03
8.7246673449e+06	1.0862730002e-01	5.6264720502e+03
8.7246673449e+06	1.0881238707e-01	5.5697017757e+03
8.7246673449e+06	1.0899783440e-01	5.5163961538e+03
8.7246673449e+06	1.0918453237e-01	5.4666713274e+03
8.7246673449e+06	1.0937061121e-01	5.4199443422e+03
8.7246673449e+06	1.0955805571e-01	5.3764287946e+03
8.7246673449e+06	1.0974479279e-01	5.3356221895e+03
8.7246673449e+06	1.0993160239e-01	5.2975011320e+03
8.7246673449e+06	1.1011830654e-01	5.2618849062e+03
8.7193087769e+06	1.1030382872e-01	5.2359376146e+03
8.7193087769e+06	1.0365337091e-01	5.4376000107e+03
8.7193087769e+06	1.0383545601e-01	5.4045879561e+03
8.7193087769e+06	1.0401846415e-01	5.3741476617e+03
8.7193087769e+06	1.0419959533e-01	5.3458063618e+03
8.7193087769e+06	1.0438085864e-01	5.3195458151e+03
8.7193087769e+06	1.0456056313e-01	5.2950794496e+03
8.6994459022e+06	1.0473968011e-01	5.3013403667e+03
8.6994459022e+06	1.0211227326e-01	5.4035015096e+03
8.6994459022e+06	1.0181671423e-01	5.4145072483e+03
8.6994459022e+06	1.0151778861e-01	5.4324054735e+03
8.6994459022e+06	1.0121873781e-01	5.4520788668e+03
8.6994459022e+06	1.0091831953e-01	5.4722251413e+03
8.6994459022e+06	1.0061645504e-01	5.4928062503e+03
8.6994459022e+06	1.0031313678e-01	5.5138331639e+03
8.6994459022e+06	1.0000919459e-01	5.5352909911e+03
8.6994459022e+06	9.9704286970e-02	5.5573298139e+03
8.6994459022e+06	9.9397877664e-02	5.5798578518e+03
8.6994459022e+06	9.9089938080e-02	5.6028883983e+03
8.6994459022e+06	9.8780655573e-02	5.6264259584e+03
8.6994459022e+06	9.8470710157e-02	5.6505252340e+03
8.6994459022e+06	9.8159342799e-02	5.6752712848e+03
8.6994459022e+06	9.7846363808e-02	5.7005847290e+03
8.6994459022e+06	9.7531775051e-02	5.7264784583e+03
8.6994459022e+06	9.7216180536e-02	5.7529413665e+03
8.6994459022e+06	9.6899441812e-02	5.7801444877e+03
8.6994459022e+06	9.6581039256e-02	5.8080404930e+03
8.6994459022e+06	9.6260937411e-02	5.8365915649e+03
8.6994459022e+06	9.5939268738e-02	5.8658075139e+03
8.6994459022e+06	9.5616613689e-02	5.8956876620e+03
8.6994459022e+06	9.5292447962e-02	5.9264854016e+03
8.6994459022e+06	9.4966514071e-02	5.9580239189e+03
8.6994459022e+06	9.4638763408e-02	5.9903276204e+03
8.6994459022e+06	9.4309572877e-02	6.0234014226e+03
8.6994459022e+06	9.3979178934e-02	6.0573400687e+03
8.6994459022e+06	9.3647018946e-02	6.0923089489e+03
8.6994459022e+06	9.3312975242e-02	6.1281643935e+03
8.6994459022e+06	9.2977094821e-02	6.1649348008e+03
8.6994459022e+06	9.2639894555e-02	6.2026303941e+03
8.6994459022e+06	9.2301096936e-02	6.2414954763e+03
8.6994459022e+06	9.1960337319e-02	6.2815396797e+03
8.6994459022e+06	9.1617581982e-02	6.3226594303e+03
8.6994459022e+06	9.1272955588e-02	6.3648795999e+03
8.6994459022e+06	9.0926876974e-02	6.4082084137e+03
8.6994459022e+06	9.0578914676e-02	6.4530186466e+03
8.6994459022e+06	9.0228851985e-02	6.4990761780e+03
8.6994459022e+06	8.9876660853e-02	6.5463644617e+03
8.6994459022e+06	8.9522598621e-02	6.5948925788e+03
8.6994459022e+06	8.9166925296e-02	6.6447606622e+03
8.6994459022e+06	8.8809094312e-02	6.6962694285e+03
8.6994459022e+06	8.8449031764e-02	6.7491197799e+03
8.6994459022e+06	8.8086692467e-02	6.8033407288e+03
8.6994459022e+06	8.7722579548e-02	6.8589533822e+03
8.6994459022e+06	8.7356560329e-02	6.9167190621e+03
8.6994459022e+06	8.7118173643e-02	6.9770095793e+03
8.6994459022e+06	8.7074518823e-02	7.0157271472e+03
8.6994459022e+06	8.7029542828e-02	7.0531529330e+03
8.6994459022e+06	8.6984756738e-02	7.0828810682e+03
8.6994459022e+06	8.6940062819e-02	7.1100139356e+03
8.6994459022e+06	8.6895683514e-02	7.1368654310e+03
8.6994459022e+06	8.6852159177e-02	7.1633469345e+03
8.6994459022e+06	8.6810011386e-02	7.1892022140e+03
8.6994459022e+06	8.6784864913e-02	7.2045067968e+03
8.6994459022e+06	8.6775406885e-02	7.2098124398e+03
8.6994459022e+06	8.6774046958e-02	7.2096550605e+03
8.6994459022e+06	8.6781591131e-02	7.2033534464e+03
8.6994459022e+06	8.6801612377e-02	7.1883866599e+03
8.6994459022e+06	8.6840378678e-02	7.1605620326e+03
8.6994459022e+06	8.6907662520e-02	7.1138566540e+03
8.6994459022e+06	8.7020821362e-02	7.0398859959e+03
8.6994459022e+06	8.7159498881e-02	6.9537836758e+03
8.6994459022e+06	8.7300602949e-02	6.8716111625e+03
8.6994459022e+06	8.7443978245e-02	6.7938490526e+03
8.6994459022e+06	8.7588011164e-02	6.7199842402e+03
8.6994459022e+06	8.7733982883e-02	6.6506123534e+03
8.6994459022e+06	8.7880265382e-02	6.5850484321e+03
8.6994459022e+06	8.8027232225e-02	6.5233807570e+03
8.6994459022e+06	8.8174903256e-02	6.4655009013e+03
8.6994459022e+06	8.8322127019e-02	6.4109320145e+03
8.6994459022e+06	8.8470707443e-02	6.3600469251e+03
8.6986986059e+06	8.8618584139e-02	6.3133939332e+03
8.6986986059e+06	8.5439153279e-02	6.4224019920e+03
8.6986986059e+06	8.5578474242e-02	6.3722472309e+03
8.6986986059e+06	8.5717847515e-02	6.3340121548e+03
8.6986986059e+06	8.5857099784e-02	6.2984656943e+03
8.6986986059e+06	8.5995323149e-02	6.2649128648e+03
8.6986986059e+06	8.6134232059e-02	6.2334792593e+03
8.6872679093e+06	8.6272196004e-02	6.2238297317e+03
8.6872679093e+06	8.5652703691e-02	6.2272090523e+03
8.6872679093e+06	8.5805083900e-02	6.1955941535e+03
8.6872679093e+06	8.5956596224e-02	6.1661925303e+03
8.6872679093e+06	8.6108336468e-02	6.1389340039e+03
8.6872679093e+06	8.6258098507e-02	6.1135429994e+03
8.6872679093e+06	8.6408035404e-02	6.0899967674e+03
8.6769966235e+06	8.6555981806e-02	6.0860794112e+03
8.6769966235e+06	9.2811896425e-02	5.8043648865e+03
8.6769966235e+06	9.2515701825e-02	5.8173117167e+03
8.6769966235e+06	9.2217557112e-02	5.8316080623e+03
8.6769966235e+06	9.1915188944e-02	5.8538190939e+03
8.6769966235e+06	9.1611375323e-02	5.8765832548e+03
8.6769966235e+06	9.1306219287e-02	5.8998958620e+03
8.6769966235e+06	9.1001185288e-02	5.9238492897e+03
8.6769966235e+06	9.0694677800e-02	5.9484207324e+03
8.6769966235e+06	9.0386652578e-02	5.9736125452e+03
8.6769966235e+06	9.0077463064e-02	5.9994308782e+03
8.6769966235e+06	8.9767988802e-02	6.0260228439e+03
8.6769966235e+06	8.9456943770e-02	6.0533083011e+03
8.6769966235e+06	8.9144308043e-02	6.0813087673e+03
8.6769966235e+06	8.8830626687e-02	6.1100506086e+03
8.6769966235e+06	8.8516255922e-02	6.1396992598e+03
8.6769966235e+06	8.8200239791e-02	6.1701473809e+03
8.6769966235e+06	8.7882553039e-02	6.2014197712e+03
8.6769966235e+06	8.7563984307e-02	6.2335667955e+03
8.6769966235e+06	8.7244366655e-02	6.2667629659e+03
8.6769966235e+06	8.6923019909e-02	6.3008801616e+03
8.6769966235e+06	8.6599924304e-02	6.3359457186e+03
8.6769966235e+06	8.6275938758e-02	6.3720383247e+03
8.6769966235e+06	8.5950614883e-02	6.4093136325e+03
8.6769966235e+06	8.5623472267e-02	6.4476465155e+03
8.6769966235e+06	8.5294489886e-02	6.4870684639e+03
8.6769966235e+06	8.4964587625e-02	6.5276972210e+03
8.6769966235e+06	8.4633111133e-02	6.5696810781e+03
8.6769966235e+06	8.4299729271e-02	6.6128813525e+03
8.6769966235e+06	8.3964438399e-02	6.6573357798e+03
8.6769966235e+06	8.3628230604e-02	6.7032189612e+03
8.6769966235e+06	8.3290231818e-02	6.7506819796e+03
8.6769966235e+06	8.2950228315e-02	6.7995600829e+03
8.6769966235e+06	8.2608238495e-02	6.8498987973e+03
8.6769966235e+06	8.2265097970e-02	6.9019214090e+03
8.6769966235e+06	8.1920007031e-02	6.9557572907e+03
8.6769966235e+06	8.1572807903e-02	7.0112401813e+03
8.6769966235e+06	8.1223525252e-02	7.0684182301e+03
8.6769966235e+06	8.0872931593e-02	7.1275659453e+03
8.6769966235e+06	8.0520238902e-02	7.1887842640e+03
8.6769966235e+06	8.0165324688e-02	7.2518807509e+03
8.6769966235e+06	7.9808226846e-02	7.3168984871e+03
8.6769966235e+06	7.9449768490e-02	7.3841797259e+03
8.6769966235e+06	7.9089073628e-02	7.4537951908e+03
8.6769966235e+06	7.8726034836e-02	7.5255198394e+03
8.6769966235e+06	7.8360670828e-02	7.5994005420e+03
8.6769966235e+06	7.7993628368e-02	7.6758594458e+03
8.6769966235e+06	7.7624199455e-02	7.7549526579e+03
8.6769966235e+06	7.7252313466e-02	7.8367316783e+03
8.6769966235e+06	7.7073425812e-02	7.9146188263e+03
8.6769966235e+06	7.7026413976e-02	7.9628097784e+03
8.6769966235e+06	7.6979382123e-02	8.0093081466e+03
8.6769966235e+06	7.6933021047e-02	8.0515099170e+03
8.6769966235e+06	7.6886504745e-02	8.0930133805e+03
8.6769966235e+06	7.6840544751e-02	8.1342255993e+03
8.6769966235e+06	7.6796418652e-02	8.1741992899e+03
8.6769966235e+06	7.6772706013e-02	8.1956004584e+03
8.6769966235e+06	7.6763473051e-02	8.2033768328e+03
8.6769966235e+06	7.6762056479e-02	8.2035025595e+03
8.6769966235e+06	7.6769164210e-02	8.1950163028e+03
8.6769966235e+06	7.6788240778e-02	8.1743911017e+03
8.6769966235e+06	7.6825593107e-02	8.1355707991e+03
8.6769966235e+06	7.6890849030e-02	8.0699627911e+03
8.6769966235e+06	7.6999703591e-02	7.9651231845e+03
8.6769966235e+06	7.7133212584e-02	7.8455675876e+03
8.6769966235e+06	7.7268873080e-02	7.7316822017e+03
8.6769966235e+06	7.7406539197e-02	7.6242081617e+03
8.6769966235e+06	7.7545675914e-02	7.5230229825e+03
8.6769966235e+06	7.7685953249e-02	7.4278644780e+03
8.6769966235e+06	7.7827775353e-02	7.3388698260e+03
8.6769966235e+06	7.7969878211e-02	7.2552950425e+03
8.6769966235e+06	7.8113389884e-02	7.1775091383e+03
8.6769966235e+06	7.8256574284e-02	7.1045500499e+03
8.6769966235e+06	7.8401055041e-02	7.0368143899e+03
8.6769966235e+06	7.8545049427e-02	6.9734299194e+03
8.6769966235e+06	7.8689844737e-02	6.9145393493e+03
8.6769966235e+06	7.8834411339e-02	6.8596018870e+03
8.6769966235e+06	7.8978999574e-02	6.8084264976e+03
8.6769966235e+06	7.9123657106e-02	6.7607922890e+03
8.6769966235e+06	7.9267534844e-02	6.7163046512e+03
8.6769966235e+06	7.9411852145e-02	6.6750028050e+03
8.6769966235e+06	7.9554667040e-02	6.6363882946e+03
8.6769966235e+06	7.9697954550e-02	6.6005190755e+03
8.6769966235e+06	7.9840000681e-02	6.5669761465e+03
8.6769966235e+06	7.9981492678e-02	6.5356523039e+03
8.6769966235e+06	8.0122410633e-02	6.5064224856e+03
8.6769966235e+06	8.0261289151e-02	6.4790466302e+03
8.6769966235e+06	8.0400595060e-02	6.4535074077e+03
8.6769966235e+06	8.0537853464e-02	6.4295250761e+03
8.6766975947e+06	8.0674174929e-02	6.4075923208e+03
8.6766975947e+06	7.2099588433e-02	6.8681973412e+03
8.6618856126e+06	7.2187687286e-02	6.8844635888e+03
8.6618856126e+06	6.9092888088e-02	7.0641790542e+03
8.6618856126e+06	6.9152300050e-02	7.0534055478e+03
8.6618856126e+06	6.9246984624e-02	7.0368281963e+03
8.6618856126e+06	6.9362705109e-02	7.0176736480e+03
8.6618856126e+06	6.9478435342e-02	6.9996535815e+03
8.6618856126e+06	6.9592823426e-02	6.9826527306e+03
8.6618856126e+06	6.9707924892e-02	6.9666081125e+03
8.6498059901e+06	6.9821584184e-02	6.9777180415e+03
8.6498059901e+06	6.6551685149e-02	7.1834817835e+03
8.6498059901e+06	6.6230574589e-02	7.2042760122e+03
8.6498059901e+06	6.5910343777e-02	7.2251097106e+03
8.6498059901e+06	6.5590676311e-02	7.2460020779e+03
8.6498059901e+06	6.5272449576e-02	7.2727315046e+03
8.6498059901e+06	6.4953969416e-02	7.3004688061e+03
8.6498059901e+06	6.4635600884e-02	7.3286905770e+03
8.6498059901e+06	6.4317671574e-02	7.3574459813e+03
8.6498059901e+06	6.3999226070e-02	7.3867308717e+03
8.6498059901e+06	6.3680417667e-02	7.4165504427e+03
8.6498059901e+06	6.3362660263e-02	7.4469561497e+03
8.6498059901e+06	6.3044370108e-02	7.4779528121e+03
8.6498059901e+06	6.2725543462e-02	7.5095565329e+03
8.6498059901e+06	6.2407430376e-02	7.5418069456e+03
8.6498059901e+06	6.2089165289e-02	7.5747476410e+03
8.6498059901e+06	6.1770346373e-02	7.6083652295e+03
8.6498059901e+06	6.1451452780e-02	7.6426903712e+03
8.6498059901e+06	6.1132802232e-02	7.6778382660e+03
8.6498059901e+06	6.0813583558e-02	7.7137397370e+03
8.6498059901e+06	6.0493800352e-02	7.7504151914e+03
8.6498059901e+06	6.0174653860e-02	7.7879637040e+03
8.6498059901e+06	5.9855015596e-02	7.8263879593e+03
8.6498059901e+06	5.9534788610e-02	7.8656706666e+03
8.6498059901e+06	5.9214590422e-02	7.9058558246e+03
8.6498059901e+06	5.8894594997e-02	7.9470888962e+03
8.6498059901e+06	5.8573991239e-02	7.9892750085e+03
8.6498059901e+06	5.8252779522e-02	8.0324402678e+03
8.6498059901e+06	5.7931918992e-02	8.0767589446e+03
8.6498059901e+06	5.7610544117e-02	8.1222233276e+03
8.6498059901e+06	5.7288541002e-02	8.1687784625e+03
8.6498059901e+06	5.6966219423e-02	8.2164541146e+03
8.6498059901e+06	5.6643985131e-02	8.2655424004e+03
8.6498059901e+06	5.6321103023e-02	8.3158383720e+03
8.6498059901e+06	5.5997570697e-02	8.3673711488e+03
8.6498059901e+06	5.5674072578e-02	8.4202688767e+03
8.6498059901e+06	5.5350340043e-02	8.4746779589e+03
8.6498059901e+06	5.5025936296e-02	8.5304377540e+03
8.6498059901e+06	5.4700856677e-02	8.5875756774e+03
8.6498059901e+06	5.4375915000e-02	8.6463729371e+03
8.6498059901e+06	5.4050386198e-02	8.7067827792e+03
8.6498059901e+06	5.3724158937e-02	8.7686898327e+03
8.6498059901e+06	5.3397326286e-02	8.8321196774e+03
8.6498059901e+06	5.3070538233e-02	8.8976299320e+03
8.6498059901e+06	5.2844435189e-02	8.9587841958e+03
8.6498059901e+06	5.2812165943e-02	8.9870203095e+03
8.6498059901e+06	5.2778939665e-02	9.0152399267e+03
8.6498059901e+06	5.2745671144e-02	9.0426769268e+03
8.6498059901e+06	5.2712341830e-02	9.0706878117e+03
8.6498059901e+06	5.2679908014e-02	9.0984625516e+03
8.6498059901e+06	5.2650448454e-02	9.1239836207e+03
8.6498059901e+06	5.2642306263e-02	9.1309447982e+03
8.6498059901e+06	5.2640686709e-02	9.1320092160e+03
8.6498059901e+06	5.2645385829e-02	9.1272663937e+03
8.6498059901e+06	5.2658624795e-02	9.1146928166e+03
8.6498059901e+06	5.2684277464e-02	9.0909103505e+03
8.6498059901e+06	5.2728756722e-02	9.0507690330e+03
8.6498059901e+06	5.2803722266e-02	8.9872915190e+03
8.6498059901e+06	5.2898362533e-02	8.9113203779e+03
8.6498059901e+06	5.2994048314e-02	8.8397825591e+03
8.6492437278e+06	5.3090329132e-02	8.7743382210e+03
8.6492437278e+06	5.3049070204e-02	8.7125466848e+03
8.6492437278e+06	5.3143467621e-02	8.6460479693e+03
8.6492437278e+06	5.3239304698e-02	8.5933210789e+03
8.6492437278e+06	5.3334923613e-02	8.5442700746e+03
8.6492437278e+06	5.3429474773e-02	8.4984476315e+03
8.6492437278e+06	5.3524368680e-02	8.4559114862e+03
8.6446727427e+06	5.3618160989e-02	8.4285057540e+03
8.6446727427e+06	5.4308795909e-02	8.3282755043e+03
8.6446727427e+06	5.4398787280e-02	8.2831602690e+03
8.6446727427e+06	5.4488860376e-02	8.2425798715e+03
8.6446727427e+06	5.4577334171e-02	8.2057654681e+03
8.6446727427e+06	5.4665589946e-02	8.1724400357e+03
8.6446727427e+06	5.4752495813e-02	8.1421052741e+03
8.6385987018e+06	5.4838903125e-02	8.1308535329e+03
8.6385987018e+06	5.5788441527e-02	8.0309567906e+03
8.6385987018e+06	5.5875183410e-02	8.0083096972e+03
8.6385987018e+06	5.5961319745e-02	7.9875160971e+03
8.6385987018e+06	5.6045973094e-02	7.9683495418e+03
8.6385987018e+06	5.6129694720e-02	7.9506554714e+03
8.6385987018e+06	5.6212199859e-02	7.9342530512e+03
8.6322331075e+06	5.6293466262e-02	7.9358541905e+03
8.6322331075e+06	5.5935543734e-02	7.9484513518e+03
8.6322331075e+06	5.6031130810e-02	7.9309711741e+03
8.6322331075e+06	5.6126998054e-02	7.9174875362e+03
8.6322331075e+06	5.6223268409e-02	7.9049635932e+03
8.6322331075e+06	5.6318836134e-02	7.8929895876e+03
8.6322331075e+06	5.6413525476e-02	7.8815194356e+03
8.6272118174e+06	5.6508745211e-02	7.8837464844e+03
8.6272118174e+06	5.5126548833e-02	7.9813602399e+03
8.6272118174e+06	5.5215083972e-02	7.9700447119e+03
8.6272118174e+06	5.5284427955e-02	7.9615212284e+03
8.6272118174e+06	5.5340093847e-02	7.9552443795e+03
8.6272118174e+06	5.5425823579e-02	7.9465236084e+03
8.6272118174e+06	5.5510484466e-02	7.9380614810e+03
8.6239087000e+06	5.5595061430e-02	7.9386705398e+03
8.6239087000e+06	5.4894027968e-02	7.9885553117e+03
8.6239087000e+06	5.4975404522e-02	7.9800770325e+03
8.6239087000e+06	5.5057998078e-02	7.9717874352e+03
8.6239087000e+06	5.5136577813e-02	7.9645757904e+03
8.6239087000e+06	5.5214832612e-02	7.9575250854e+03
8.6239087000e+06	5.5293314490e-02	7.9505524246e+03
8.6209844732e+06	5.5370941491e-02	7.9516208434e+03
8.6209844732e+06	5.4820187344e-02	7.9914570154e+03
8.6209844732e+06	5.4897209474e-02	7.9844154525e+03
8.6209844732e+06	5.4972964677e-02	7.9775888967e+03
8.6209844732e+06	5.5046757854e-02	7.9712157308e+03
8.6209844732e+06	5.5119707420e-02	7.9650842445e+03
8.6209844732e+06	5.5191868758e-02	7.9590543666e+03
8.6183752602e+06	5.5263289413e-02	7.9601922176e+03
8.6183752602e+06	5.5031543457e-02	7.9757548331e+03
8.6183752602e+06	5.4667214625e-02	8.0045635777e+03
8.6183752602e+06	5.4302743705e-02	8.0336159596e+03
8.6183752602e+06	5.3942189206e-02	8.0626223481e+03
8.6183752602e+06	5.3581329947e-02	8.0918915504e+03
8.6183752602e+06	5.3221492227e-02	8.1213436157e+03
8.6183752602e+06	5.2862099977e-02	8.1510262824e+03
8.6183752602e+06	5.2502961823e-02	8.1809585668e+03
8.6183752602e+06	5.2145572805e-02	8.2110561386e+03
8.6183752602e+06	5.1787859949e-02	8.2414619637e+03
8.6183752602e+06	5.1432622117e-02	8.2719886660e+03
8.6183752602e+06	5.1077952235e-02	8.3027829309e+03
8.6183752602e+06	5.0723467714e-02	8.3338869049e+03
8.6183752602e+06	5.0370022457e-02	8.3652714550e+03
8.6183752602e+06	5.0016228632e-02	8.3970239267e+03
8.6183752602e+06	4.9664252394e-02	8.4290273471e+03
8.6183752602e+06	4.9312576278e-02	8.4613943312e+03
8.6183752602e+06	4.8961099493e-02	8.4941373893e+03
8.6183752602e+06	4.8611478398e-02	8.5271761740e+03
8.6183752602e+06	4.8261479726e-02	8.5606623244e+03
8.6183752602e+06	4.7912373211e-02	8.5945534983e+03
8.6183752602e+06	4.7563617899e-02	8.6289049605e+03
8.6183752602e+06	4.7214512621e-02	8.6637574304e+03
8.6183752602e+06	4.6867083013e-02	8.6990591977e+03
8.6183752602e+06	4.6519268622e-02	8.7349167234e+03
8.6183752602e+06	4.6171773758e-02	8.7713115738e+03
8.6183752602e+06	4.5825310470e-02	8.8082526241e+03
8.6183752602e+06	4.5478418889e-02	8.8458172949e+03
8.6183752602e+06	4.5132401967e-02	8.8839918635e+03
8.6183752602e+06	4.4786633907e-02	8.9228437603e+03
8.6183752602e+06	4.4440417663e-02	8.9624024119e+03
8.6183752602e+06	4.4095190236e-02	9.0027076046e+03
8.6183752602e+06	4.3749654718e-02	9.0438033129e+03
8.6183752602e+06	4.3403838581e-02	9.0856905203e+03
8.6183752602e+06	4.3059044662e-02	9.1284383545e+03
8.6183752602e+06	4.2713768990e-02	9.1720620986e+03
8.6183752602e+06	4.2368496267e-02	9.2165868149e+03
8.6183752602e+06	4.2023967944e-02	9.2621119355e+03
8.6183752602e+06	4.1678935879e-02	9.3086236488e+03
8.6183752602e+06	4.1333895669e-02	9.3561887554e+03
8.6183752602e+06	4.0989102541e-02	9.4049309728e+03
8.6183752602e+06	4.0643786203e-02	9.4547825033e+03
8.6183752602e+06	4.0298531500e-02	9.5058259346e+03
8.6183752602e+06	3.9988929332e-02	9.5549209093e+03
8.6183752602e+06	3.9925450127e-02	9.5825059608e+03
8.6183752602e+06	3.9886669363e-02	9.5993110211e+03
8.6183752602e+06	3.9851138713e-02	9.6156720573e+03
8.6183752602e+06	3.9816133940e-02	9.6323065632e+03
8.6183752602e+06	3.9788838368e-02	9.6455282079e+03
8.6183752602e+06	3.9780917558e-02	9.6493607876e+03
8.6183752602e+06	3.9778822075e-02	9.6502745754e+03
8.6183752602e+06	3.9782151104e-02	9.6484302060e+03
8.6183752602e+06	3.9792331211e-02	9.6431066786e+03
8.6183752602e+06	3.9812407978e-02	9.6328458854e+03
8.6183752602e+06	3.9847645835e-02	9.6152980434e+03
8.6183752602e+06	3.9907274259e-02	9.5870976202e+03
8.6183752602e+06	3.9978260141e-02	9.5557217395e+03
8.6183752602e+06	4.0049244378e-02	9.5259495657e+03
8.6183752602e+06	4.0121074568e-02	9.4979732180e+03
8.6183752602e+06	4.0192347416e-02	9.4716811103e+03
8.6183752602e+06	4.0263048907e-02	9.4470326735e+03
8.6183752602e+06	4.0333716807e-02	9.4239732198e+03
8.6183752602e+06	4.0403375473e-02	9.4022600181e+03
8.6183752602e+06	4.0473191967e-02	9.3818173423e+03
8.6183752602e+06	4.0542698642e-02	9.3625179653e+03
8.6183752602e+06	4.0610991150e-02	9.3443242600e+03
8.6183752602e+06	4.0679528197e-02	9.3271528424e+03
8.6183752602e+06	4.0747105751e-02	9.3109057339e+03
8.6183752602e+06	4.0813512506e-02	9.2955174554e+03
8.6183752602e+06	4.0880219778e-02	9.2809301565e+03
8.6183752602e+06	4.0945842497e-02	9.2670627340e+03
8.6183752602e+06	4.1010347786e-02	9.2538660184e+03
8.6183752602e+06	4.1075324651e-02	9.2412518253e+03
8.6183752602e+06	4.1139331014e-02	9.2292073599e+03
8.6183752602e+06	4.1202328306e-02	9.2176828201e+03
8.6183752602e+06	4.1265527130e-02	9.2065937427e+03
8.6183752602e+06	4.1328194271e-02	9.1959411225e+03
8.6183752602e+06	4.1389751001e-02	9.1857301978e+03
8.6183752602e+06	4.1450708131e-02	9.1759108420e+03
8.6183752602e+06	4.1511728999e-02	9.1664252752e+03
8.6183752602e+06	4.1571619689e-02	9.1573079237e+03
8.6183752602e+06	4.1630475816e-02	9.1485263649e+03
8.6183752602e+06	4.1689230892e-02	9.1400178998e+03
8.6183752602e+06	4.1747406965e-02	9.1317844395e+03
8.6183752602e+06	4.1804608794e-02	9.1238262237e+03
8.6183752602e+06	4.1860885308e-02	9.1161246085e+03
8.6183031645e+06	4.1917728673e-02	9.1088000133e+03
8.6183031645e+06	4.1491676442e-02	9.1499263574e+03
8.6183031645e+06	4.1546290790e-02	9.1428200154e+03
8.6183031645e+06	4.1600255264e-02	9.1358902778e+03
8.6183031645e+06	4.1654820491e-02	9.1290629704e+03
8.6183031645e+06	4.1708537722e-02	9.1224204133e+03
8.6183031645e+06	4.1761420000e-02	9.1159547422e+03
8.6158379677e+06	4.1813525019e-02	9.1178394389e+03
8.6158379677e+06	4.2220338687e-02	9.0764148740e+03
8.6158379677e+06	4.2274021233e-02	9.0692814460e+03
8.6158379677e+06	4.2326874288e-02	9.0624424193e+03
8.6158379677e+06	4.2380694656e-02	9.0557265046e+03
8.6158379677e+06	4.2433215950e-02	9.0492899554e+03
8.6158379677e+06	4.2485229986e-02	9.0430629273e+03
8.6126894055e+06	4.2536835646e-02	9.0473779958e+03
8.6126894055e+06	4.3043767994e-02	8.9978908456e+03
8.6126894055e+06	4.3094840002e-02	8.9921641466e+03
8.6126894055e+06	4.3145057823e-02	8.9866229183e+03
8.6126894055e+06	4.3193928832e-02	8.9812886597e+03
8.6126894055e+06	4.3242919853e-02	8.9760303735e+03
8.6126894055e+06	4.3292174436e-02	8.9708267532e+03
8.6096772271e+06	4.3340295015e-02	8.9755854307e+03
8.6096772271e+06	4.4173386543e-02	8.8967328876e+03
8.6096772271e+06	4.4222037132e-02	8.8918194886e+03
8.6096772271e+06	4.4269460960e-02	8.8870707388e+03
8.6096772271e+06	4.4315758004e-02	8.8824645324e+03
8.6096772271e+06	4.4362655605e-02	8.8778520639e+03
8.6096772271e+06	4.4408609674e-02	8.8733587747e+03
8.6074447011e+06	4.4453564637e-02	8.8761346244e+03
8.6074447011e+06	4.4853920018e-02	8.8386851712e+03
8.6074447011e+06	4.4899184616e-02	8.8343766816e+03
8.6074447011e+06	4.4943448465e-02	8.8301848656e+03
8.6074447011e+06	4.4986772897e-02	8.8260983430e+03
8.6074447011e+06	4.5029703818e-02	8.8220699780e+03
8.6074447011e+06	4.5072068841e-02	8.8181120313e+03
8.6055695780e+06	4.5113593407e-02	8.8201952893e+03
8.6055695780e+06	4.5414553521e-02	8.7923864654e+03
8.6055695780e+06	4.5456375824e-02	8.7885456259e+03
8.6055695780e+06	4.5497614817e-02	8.7847730483e+03
8.6055695780e+06	4.5538118015e-02	8.7810775709e+03
8.6055695780e+06	4.5577932265e-02	8.7774542597e+03
8.6055695780e+06	4.5617202658e-02	8.7738903678e+03
8.6039939671e+06	4.5656123857e-02	8.7753311809e+03
8.6039939671e+06	4.5859932637e-02	8.7565143686e+03
8.6039939671e+06	4.5898042823e-02	8.7530907496e+03
8.6039939671e+06	4.5935517697e-02	8.7497332934e+03
8.6039939671e+06	4.5973233519e-02	8.7463647433e+03
8.6039939671e+06	4.6011823830e-02	8.7429274112e+03
8.6039939671e+06	4.6051998780e-02	8.7393592635e+03
8.6026144242e+06	4.6091683997e-02	8.7401598643e+03
8.6026144242e+06	4.5894832667e-02	8.7565100088e+03
8.6026144242e+06	4.5951322793e-02	8.7515290899e+03
8.6026144242e+06	4.6007560484e-02	8.7465792511e+03
8.6026144242e+06	4.6063507293e-02	8.7416623085e+03
8.6026144242e+06	4.6119143109e-02	8.7367797365e+03
8.6026144242e+06	4.6174482361e-02	8.7319299941e+03
8.6014629689e+06	4.6229809066e-02	8.7306886442e+03
8.6014629689e+06	4.5868655866e-02	8.7614920875e+03
8.6014629689e+06	4.5921232386e-02	8.7568752790e+03
8.6014629689e+06	4.5973526223e-02	8.7522896227e+03
8.6014629689e+06	4.6025507658e-02	8.7477368123e+03
8.6014629689e+06	4.6077240819e-02	8.7432112420e+03
8.6014629689e+06	4.6128753274e-02	8.7387103478e+03
8.6004957613e+06	4.6179936344e-02	8.7372708876e+03
8.6004957613e+06	4.5889353617e-02	8.7620532390e+03
8.6004957613e+06	4.5938257510e-02	8.7577723325e+03
8.6004957613e+06	4.5986935117e-02	8.7535161638e+03
8.6004957613e+06	4.6035451432e-02	8.7492783829e+03
8.6004957613e+06	4.6083846688e-02	8.7450553833e+03
8.6004957613e+06	4.6132026191e-02	8.7408552074e+03
8.5996810561e+06	4.6179989657e-02	8.7392292823e+03
8.5996810561e+06	4.5956177943e-02	8.7582848765e+03
8.5996810561e+06	4.6002454526e-02	8.7542452874e+03
8.5996810561e+06	4.6048600341e-02	8.7502211857e+03
8.5996810561e+06	4.6094615493e-02	8.7462119614e+03
8.5996810561e+06	4.6140479714e-02	8.7422192731e+03
8.5996810561e+06	4.6186179435e-02	8.7382442265e+03
8.5989840675e+06	4.6231712023e-02	8.7364689547e+03
8.5989840675e+06	4.6050678077e-02	8.7518603759e+03
8.5989840675e+06	4.6094834532e-02	8.7480158274e+03
8.5989840675e+06	4.6138888803e-02	8.7441836295e+03
8.5989840675e+06	4.6182832837e-02	8.7403639399e+03
8.5989840675e+06	4.6226681437e-02	8.7365554163e+03
8.5989840675e+06	4.6270420053e-02	8.7327593114e+03
8.5983687904e+06	4.6314042114e-02	8.7309005655e+03
8.5983687904e+06	4.6160363103e-02	8.7439437212e+03
8.5983687904e+06	4.6202866091e-02	8.7402520423e+03
8.5983687904e+06	4.6245308576e-02	8.7365686602e+03
8.5983687904e+06	4.6287669238e-02	8.7328949861e+03
8.5983687904e+06	4.6329887344e-02	8.7292361406e+03
8.5983687904e+06	4.6371987289e-02	8.7255900230e+03
8.5978256840e+06	4.6413980150e-02	8.7236522994e+03
8.5978256840e+06	4.6281784184e-02	8.7348542569e+03
8.5978256840e+06	4.6322805933e-02	8.7312994152e+03
8.5978256840e+06	4.6363769142e-02	8.7277523475e+03
8.5978256840e+06	4.6404652928e-02	8.7242144815e+03
8.5978256840e+06	4.6445453631e-02	8.7206861100e+03
8.5978256840e+06	4.6486204155e-02	8.7171643297e+03
8.5973351797e+06	4.6526771577e-02	8.7151906146e+03
8.5973351797e+06	4.6410245746e-02	8.7250494233e+03
8.5973351797e+06	4.6449857406e-02	8.7216243433e+03
8.5973351797e+06	4.6489480809e-02	8.7182006902e+03
8.5973351797e+06	4.6529015579e-02	8.7147867925e+03
8.5973351797e+06	4.6568486068e-02	8.7113805346e+03
8.5973351797e+06	4.6607766663e-02	8.7079927042e+03
8.5968918381e+06	4.6647032563e-02	8.7059889887e+03
8.5968918381e+06	4.6544673435e-02	8.7146320535e+03
8.5968918381e+06	4.6583044952e-02	8.7113213004e+03
8.5968918381e+06	4.6621364551e-02	8.7080172295e+03
8.5968918381e+06	4.6659614901e-02	8.7047210389e+03
8.5968918381e+06	4.6697789487e-02	8.7014332740e+03
8.5968918381e+06	4.6736062465e-02	8.6981389751e+03
8.5964790350e+06	4.6774067185e-02	8.6961530854e+03
8.5964790350e+06	4.6679629224e-02	8.7041181763e+03
8.5964790350e+06	4.6716884207e-02	8.7009104713e+03
8.5964790350e+06	4.6754102061e-02	8.6977079864e+03
8.5964790350e+06	4.6791156556e-02	8.6945211999e+03
8.5964790350e+06	4.6828098636e-02	8.6913457921e+03
8.5964790350e+06	4.6864932798e-02	8.6881813757e+03
8.5961116378e+06	4.6901655601e-02	8.6861685680e+03
8.5961116378e+06	4.6821322475e-02	8.6929267452e+03
8.5961116378e+06	4.6857325246e-02	8.6898332118e+03
8.5961116378e+06	4.6893226639e-02	8.6867502099e+03
8.5961116378e+06	4.6929035439e-02	8.6836767551e+03
8.5961116378e+06	4.6964746400e-02	8.6806132823e+03
8.5961116378e+06	4.7000369094e-02	8.6775589591e+03
8.5957646081e+06	4.7035732194e-02	8.6756035033e+03
8.5957646081e+06	4.6960073773e-02	8.6819593715e+03
8.5957646081e+06	4.6994911750e-02	8.6789716909e+03
8.5957646081e+06	4.7029712502e-02	8.6759888951e+03
8.5957646081e+06	4.7064465693e-02	8.6730116634e+03
8.5957646081e+06	4.7099167671e-02	8.6700403016e+03
8.5957646081e+06	4.7133750017e-02	8.6670806358e+03
8.5954574610e+06	4.7168242063e-02	8.6650799920e+03
8.5954574610e+06	4.7104483974e-02	8.6704253874e+03
8.5954574610e+06	4.7138375778e-02	8.6675247328e+03
8.5954574610e+06	4.7172202689e-02	8.6646311812e+03
8.5954574610e+06	4.7205788494e-02	8.6617595663e+03
8.5954574610e+06	4.7239372506e-02	8.6588894356e+03
8.5954574610e+06	4.7272837709e-02	8.6560307879e+03
8.5951701511e+06	4.7306219297e-02	8.6540674105e+03
8.5951701511e+06	4.7319198117e-02	8.6528351738e+03
8.5951701511e+06	4.7370715977e-02	8.6484337726e+03
8.5951701511e+06	4.7410791088e-02	8.6450145680e+03
8.5951701511e+06	4.7448055416e-02	8.6418376024e+03
8.5951701511e+06	4.7484082775e-02	8.6387679949e+03
8.5951701511e+06	4.7519375271e-02	8.6357626863e+03
8.5948964820e+06	4.7554169543e-02	8.6336430332e+03
8.5948964820e+06	4.7471299079e-02	8.6406905093e+03
8.5948964820e+06	4.7505018916e-02	8.6378186151e+03
8.5948964820e+06	4.7538532731e-02	8.6349655487e+03
8.5948964820e+06	4.7555184329e-02	8.6335496053e+03
8.5948964820e+06	4.7555194480e-02	8.6335511204e+03
8.5948964820e+06	4.7554919606e-02	8.6335769550e+03
8.5946833025e+06	4.7554367160e-02	8.6342821386e+03
8.5946833025e+06	4.7512044846e-02	8.6378459973e+03
8.5946833025e+06	4.7542332531e-02	8.6352677518e+03
8.5946833025e+06	4.7541585938e-02	8.6353336955e+03
8.5946833025e+06	4.7542532836e-02	8.6352554388e+03
8.5946833025e+06	4.7542320370e-02	8.6352759379e+03
8.5946833025e+06	4.7542018796e-02	8.6353040285e+03
8.5945104440e+06	4.7541266503e-02	8.6359023455e+03
8.5945104440e+06	4.7516536796e-02	8.6379665835e+03
8.5945104440e+06	4.7535951200e-02	8.6363146161e+03
8.5945104440e+06	4.7535608056e-02	8.6363461619e+03
8.5945104440e+06	4.7536134584e-02	8.6363036475e+03
8.5945104440e+06	4.7535476818e-02	8.6363620204e+03
8.5945104440e+06	4.7535675653e-02	8.6363474122e+03
8.5943503224e+06	4.7534506402e-02	8.6369420870e+03
8.5943503224e+06	4.7513994423e-02	8.6386492894e+03
8.5943503224e+06	4.7531131653e-02	8.6371911510e+03
8.5943503224e+06	4.7529388556e-02	8.6373418395e+03
8.5943503224e+06	4.7530897246e-02	8.6372155540e+03
8.5943503224e+06	4.7527456827e-02	8.6375109407e+03
8.5943503224e+06	4.7527813410e-02	8.6374828062e+03
8.5941974546e+06	4.7530368455e-02	8.6377378192e+03
8.5941974546e+06	4.7511875618e-02	8.6392757051e+03
8.5941974546e+06	4.7525028907e-02	8.6381568612e+03
8.5941974546e+06	4.7525907034e-02	8.6380841798e+03
8.5941974546e+06	4.7525093584e-02	8.6381556324e+03
8.5941974546e+06	4.7525409153e-02	8.6381308647e+03
8.5941974546e+06	4.7520272415e-02	8.6385707168e+03
8.5940488091e+06	4.7525167310e-02	8.6386132599e+03
8.5940488091e+06	4.7507637959e-02	8.6400688354e+03
8.5940488091e+06	4.7521024048e-02	8.6389298917e+03
8.5940488091e+06	4.7520930308e-02	8.6389398972e+03
8.5940488091e+06	4.7520760977e-02	8.6389563593e+03
8.5940488091e+06	4.7520489753e-02	8.6389814963e+03
8.5940488091e+06	4.7520192666e-02	8.6390088282e+03
8.5939059560e+06	4.7520035734e-02	8.6394639987e+03
8.5939059560e+06	4.7503164026e-02	8.6408654981e+03
8.5939059560e+06	4.7515399719e-02	8.6398243980e+03
8.5939059560e+06	4.7514992182e-02	8.6398610514e+03
8.5939059560e+06	4.7514428615e-02	8.6399110168e+03
8.5939059560e+06	4.7514860610e-02	8.6398761187e+03
8.5939059560e+06	4.7514659900e-02	8.6398951360e+03
8.5937665539e+06	4.7514441665e-02	8.6403448724e+03
8.5937665539e+06	4.7498041629e-02	8.6417074947e+03
8.5937665539e+06	4.7508819723e-02	8.6407903558e+03
8.5937665539e+06	4.7509123138e-02	8.6407663114e+03
8.5937665539e+06	4.7508041101e-02	8.6408603760e+03
8.5937665539e+06	4.7508777942e-02	8.6407993873e+03
8.5937665539e+06	4.7508440692e-02	8.6408299437e+03
8.5936318806e+06	4.7530247904e-02	8.6393836507e+03
8.5936318806e+06	4.7502342281e-02	8.6417338383e+03
8.5936318806e+06	4.7503369660e-02	8.6416479360e+03
8.5936318806e+06	4.7503525200e-02	8.6416364130e+03
8.5936318806e+06	4.7503368737e-02	8.6416514806e+03
8.5936318806e+06	4.7503102307e-02	8.6416759138e+03
8.5936318806e+06	4.7502805220e-02	8.6417029515e+03
8.5935142891e+06	4.7502544660e-02	8.6420890542e+03
8.5935142891e+06	4.7493233132e-02	8.6428559752e+03
8.5935142891e+06	4.7497598193e-02	8.6424853640e+03
8.5935142891e+06	4.7546637456e-02	8.6382936630e+03
8.5935142891e+06	4.7556065822e-02	8.6375053675e+03
8.5935142891e+06	4.7558466524e-02	8.6373023312e+03
8.5935142891e+06	4.7560953978e-02	8.6370919300e+03
8.5933733305e+06	4.7563530786e-02	8.6373077050e+03
8.5933733305e+06	4.7572455549e-02	8.6365088853e+03
8.5933733305e+06	4.7575518832e-02	8.6362492533e+03
8.5933733305e+06	4.7578669060e-02	8.6359823528e+03
8.5933733305e+06	4.7581905935e-02	8.6357080735e+03
8.5933733305e+06	4.7585228992e-02	8.6354264556e+03
8.5933733305e+06	4.7588637666e-02	8.6351375481e+03
8.5932440498e+06	4.7592131263e-02	8.6352391194e+03
8.5932440498e+06	4.7605559713e-02	8.6340622895e+03
8.5932440498e+06	4.7609494970e-02	8.6337284091e+03
8.5932440498e+06	4.7613507252e-02	8.6333881057e+03
8.5932440498e+06	4.7617595087e-02	8.6330413781e+03
8.5932440498e+06	4.7621756893e-02	8.6326883616e+03
8.5932440498e+06	4.7625991037e-02	8.6323291965e+03
8.5931171956e+06	4.7630295809e-02	8.6323540738e+03
8.5931171956e+06	4.7648146491e-02	8.6308025467e+03
8.5931171956e+06	4.7652800446e-02	8.6304075583e+03
8.5931171956e+06	4.7657511737e-02	8.6300078366e+03
8.5931171956e+06	4.7662278324e-02	8.6296034252e+03
8.5931171956e+06	4.7667098076e-02	8.6291945059e+03
8.5931171956e+06	4.7671968848e-02	8.6287812621e+03
8.5929890378e+06	4.7676888465e-02	8.6287576814e+03
8.5929890378e+06	4.7698428465e-02	8.6268918889e+03
8.5929890378e+06	4.7703551073e-02	8.6264576823e+03
8.5929890378e+06	4.7708670597e-02	8.6260233553e+03
8.5929890378e+06	4.7713814723e-02	8.6255869544e+03
8.5929890378e+06	4.7718989173e-02	8.6251479954e+03
8.5929890378e+06	4.7724191965e-02	8.6247066474e+03
8.5928609413e+06	4.7729421083e-02	8.6246564097e+03
8.5928609413e+06	4.7754354409e-02	8.6225009399e+03
8.5928609413e+06	4.7759240032e-02	8.6220890852e+03
8.5928609413e+06	4.7764574731e-02	8.6216366536e+03
8.5928609413e+06	4.7769920812e-02	8.6211832803e+03
8.5928609413e+06	4.7775276783e-02	8.6207290898e+03
8.5928609413e+06	4.7780640997e-02	8.6202742223e+03
8.5927375064e+06	4.7786011902e-02	8.6201975251e+03
8.5927375064e+06	4.7812806226e-02	8.6178873567e+03
8.5927375064e+06	4.7817316804e-02	8.6175082090e+03
8.5927375064e+06	4.7822671199e-02	8.6170543238e+03
8.5927375064e+06	4.7828022528e-02	8.6166007259e+03
8.5927375064e+06	4.7833369535e-02	8.6161475189e+03
8.5927375064e+06	4.7838710918e-02	8.6156948132e+03
8.5926242117e+06	4.7844045417e-02	8.6155900368e+03
8.5926242117e+06	4.7870220197e-02	8.6133409751e+03
8.5926242117e+06	4.7874804789e-02	8.6129544870e+03
8.5926242117e+06	4.7880022332e-02	8.6125124376e+03
8.5926242117e+06	4.7885226082e-02	8.6120715831e+03
8.5926242117e+06	4.7890415108e-02	8.6116320003e+03
8.5926242117e+06	4.7895588423e-02	8.6111937728e+03
8.5925140117e+06	4.7900745161e-02	8.6110945390e+03
8.5925140117e+06	4.7927536168e-02	8.6087940979e+03
8.5925140117e+06	4.7931771738e-02	8.6084374539e+03
8.5925140117e+06	4.7936740907e-02	8.6080166779e+03
8.5925140117e+06	4.7941690290e-02	8.6075976015e+03
8.5925140117e+06	4.7946618515e-02	8.6071803392e+03
8.5925140117e+06	4.7951525019e-02	8.6067649381e+03
8.5924072657e+06	4.7956407276e-02	8.6066783244e+03
8.5924072657e+06	4.7982477789e-02	8.6044431111e+03
8.5924072657e+06	4.7986486907e-02	8.6041054293e+03
8.5924072657e+06	4.7991139040e-02	8.6037116799e+03
8.5924072657e+06	4.7995767188e-02	8.6033199818e+03
8.5924072657e+06	4.8000370918e-02	8.6029303698e+03
8.5924072657e+06	4.8004949832e-02	8.6025428772e+03
8.5923040210e+06	4.8009503610e-02	8.6024733075e+03
8.5923040210e+06	4.8034606088e-02	8.6003234046e+03
8.5923040210e+06	4.8038486603e-02	8.5999961615e+03
8.5923040210e+06	4.8042786498e-02	8.5996324019e+03
8.5923040210e+06	4.8047060987e-02	8.5992708092e+03
8.5923040210e+06	4.8051309714e-02	8.5989114119e+03
8.5923040210e+06	4.8055532258e-02	8.5985542453e+03
8.5922052622e+06	4.8059728460e-02	8.5985011662e+03
8.5922052622e+06	4.8082968261e-02	8.5965139907e+03
8.5922052622e+06	4.8086876432e-02	8.5961835169e+03
8.5922052622e+06	4.8090805992e-02	8.5958512281e+03
8.5922052622e+06	4.8094710138e-02	8.5955211019e+03
8.5922052622e+06	4.8098588582e-02	8.5951931619e+03
8.5922052622e+06	4.8102441180e-02	8.5948674199e+03
8.5921080153e+06	4.8106267795e-02	8.5948409171e+03
8.5921080153e+06	4.8128393019e-02	8.5929497744e+03
8.5921080153e+06	4.8131976129e-02	8.5926467768e+03
8.5921080153e+06	4.8135535340e-02	8.5923459123e+03
8.5921080153e+06	4.8139070040e-02	8.5920471301e+03
8.5921080153e+06	4.8142579994e-02	8.5917504495e+03
8.5921080153e+06	4.8146065094e-02	8.5914558792e+03
8.5920131610e+06	4.8149525272e-02	8.5914529716e+03
8.5920131610e+06	4.8170435505e-02	8.5896662103e+03
8.5920131610e+06	4.8173844843e-02	8.5893780446e+03
8.5920131610e+06	4.8177040242e-02	8.5891080085e+03
8.5920131610e+06	4.8180205613e-02	8.5888405179e+03
8.5920131610e+06	4.8183325465e-02	8.5885768806e+03
8.5920131610e+06	4.8186422180e-02	8.5883152051e+03
8.5919206528e+06	4.8189495729e-02	8.5883377230e+03
8.5919206528e+06	4.8208861001e-02	8.5866835355e+03
8.5919206528e+06	4.8211702224e-02	8.5864433764e+03
8.5919206528e+06	4.8214522401e-02	8.5862050934e+03
8.5919206528e+06	4.8217298421e-02	8.5859705401e+03
8.5919206528e+06	4.8220037091e-02	8.5857391427e+03
8.5919206528e+06	4.8222754841e-02	8.5855095170e+03
8.5918319437e+06	4.8225451645e-02	8.5855521693e+03
8.5918319437e+06	4.8242872668e-02	8.5840645022e+03
8.5918319437e+06	4.8245390056e-02	8.5838517347e+03
8.5918319437e+06	4.8247853990e-02	8.5836435582e+03
8.5918319437e+06	4.8250299197e-02	8.5834369668e+03
8.5918319437e+06	4.8252725617e-02	8.5832319651e+03
8.5918319437e+06	4.8255133216e-02	8.5830285559e+03
8.5917471849e+06	4.8257521932e-02	8.5830850890e+03
8.5917471849e+06	4.8273337404e-02	8.5817352474e+03
8.5917471849e+06	4.8275528641e-02	8.5815500272e+03
8.5917471849e+06	4.8277703074e-02	8.5813663057e+03
8.5917471849e+06	4.8279860596e-02	8.5811840142e+03
8.5917471849e+06	4.8282001113e-02	8.5810031604e+03
8.5917471849e+06	4.8284124612e-02	8.5808237451e+03
8.5916686122e+06	4.8286231852e-02	8.5808851004e+03
8.5916686122e+06	4.8300151436e-02	8.5796991096e+03
8.5916686122e+06	4.8302115846e-02	8.5795330626e+03
8.5916686122e+06	4.8304068766e-02	8.5793680536e+03
8.5916686122e+06	4.8306009939e-02	8.5792040392e+03
8.5916686122e+06	4.8307939258e-02	8.5790410281e+03
8.5916686122e+06	4.8309856614e-02	8.5788790292e+03
8.5915923686e+06	4.8311761910e-02	8.5789502700e+03
8.5915923686e+06	4.8324391113e-02	8.5778745461e+03
8.5915923686e+06	4.8326161586e-02	8.5777248827e+03
8.5915923686e+06	4.8327920914e-02	8.5775762221e+03
8.5915923686e+06	4.8329669018e-02	8.5774285110e+03
8.5915923686e+06	4.8331405775e-02	8.5772817594e+03
8.5915923686e+06	4.8333131104e-02	8.5771359740e+03
8.5915165868e+06	4.8334844945e-02	8.5772219008e+03
8.5915165868e+06	4.8346597000e-02	8.5762194724e+03
8.5915165868e+06	4.8348181350e-02	8.5760855162e+03
8.5915165868e+06	4.8349755098e-02	8.5759525168e+03
8.5915165868e+06	4.8351318160e-02	8.5758204205e+03
8.5915165868e+06	4.8352870451e-02	8.5756892344e+03
8.5915165868e+06	4.8354411913e-02	8.5755589631e+03
8.5914438934e+06	4.8355942598e-02	8.5756508774e+03
8.5914438934e+06	4.8366462201e-02	8.5747543899e+03
8.5914438934e+06	4.8367763439e-02	8.5746442666e+03
8.5914438934e+06	4.8369165814e-02	8.5745257212e+03
8.5914438934e+06	4.8370558297e-02	8.5744080110e+03
8.5914438934e+06	4.8371940683e-02	8.5742911534e+03
8.5914438934e+06	4.8373312931e-02	8.5741751519e+03
8.5913714695e+06	4.8374675029e-02	8.5742804077e+03
8.5913714695e+06	4.8384243447e-02	8.5734639074e+03
8.5913714695e+06	4.8385493229e-02	8.5733581702e+03
8.5913714695e+06	4.8386733647e-02	8.5732532767e+03
8.5913714695e+06	4.8387964664e-02	8.5731491766e+03
8.5913714695e+06	4.8389186241e-02	8.5730458734e+03
8.5913714695e+06	4.8390398357e-02	8.5729433685e+03
8.5912996031e+06	4.8391601003e-02	8.5730603180e+03
8.5912996031e+06	4.8400277601e-02	8.5723190321e+03
8.5912996031e+06	4.8401390158e-02	8.5722248657e+03
8.5912996031e+06	4.8402478776e-02	8.5721327616e+03
8.5912996031e+06	4.8403558666e-02	8.5720413940e+03
8.5912996031e+06	4.8404629797e-02	8.5719507652e+03
8.5912996031e+06	4.8405692166e-02	8.5718608754e+03
8.5912301161e+06	4.8406745773e-02	8.5719830993e+03
8.5912301161e+06	4.8414224964e-02	8.5713443896e+03
8.5912301161e+06	4.8415203549e-02	8.5712615159e+03
8.5912301161e+06	4.8416153838e-02	8.5711810614e+03
8.5912301161e+06	4.8417096101e-02	8.5711012837e+03
8.5912301161e+06	4.8418030397e-02	8.5710221779e+03
8.5912301161e+06	4.8418956645e-02	8.5709437506e+03
8.5911620305e+06	4.8419874860e-02	8.5710730783e+03
8.5911620305e+06	4.8426477448e-02	8.5705086830e+03
8.5911620305e+06	4.8427307193e-02	8.5704383255e+03
8.5911620305e+06	4.8428129411e-02	8.5703686456e+03
8.5911620305e+06	4.8428944262e-02	8.5702995867e+03
8.5911620305e+06	4.8429751763e-02	8.5702311474e+03
8.5911620305e+06	4.8430551947e-02	8.5701633248e+03
8.5910944611e+06	4.8431344840e-02	8.5703015956e+03
8.5910944611e+06	4.8437256565e-02	8.5697951868e+03
8.5910944611e+06	4.8437970685e-02	8.5697345613e+03
8.5910944611e+06	4.8438678164e-02	8.5696745379e+03
8.5910944611e+06	4.8439378910e-02	8.5696150821e+03
8.5910944611e+06	4.8440072953e-02	8.5695561910e+03
8.5910944611e+06	4.8440760322e-02	8.5694978624e+03
8.5910276657e+06	4.8441441042e-02	8.5696431945e+03
8.5910276657e+06	4.8446386500e-02	8.5692190132e+03
8.5910276657e+06	4.8446996182e-02	8.5691671782e+03
8.5910276657e+06	4.8447599722e-02	8.5691158996e+03
8.5910276657e+06	4.8448197173e-02	8.5690651342e+03
8.5910276657e+06	4.8448788572e-02	8.5690148785e+03
8.5910276657e+06	4.8449373957e-02	8.5689651295e+03
8.5909621341e+06	4.8449953359e-02	8.5691151226e+03
8.5909621341e+06	4.8454447760e-02	8.5687287313e+03
8.5909621341e+06	4.8454964584e-02	8.5686847083e+03
8.5909621341e+06	4.8455475929e-02	8.5686411852e+03
8.5909621341e+06	4.8455981856e-02	8.5685981187e+03
8.5909621341e+06	4.8456482401e-02	8.5685555055e+03
8.5909621341e+06	4.8456977597e-02	8.5685133430e+03
8.5908977848e+06	4.8457467472e-02	8.5686672563e+03
8.5908977848e+06	4.8461190369e-02	8.5683467363e+03
8.5908977848e+06	4.8461624612e-02	8.5683096623e+03
8.5908977848e+06	4.8462053912e-02	8.5682730393e+03
8.5908977848e+06	4.8462478333e-02	8.5682368275e+03
8.5908977848e+06	4.8462897910e-02	8.5682010236e+03
8.5908977848e+06	4.8463312683e-02	8.5681656244e+03
8.5908342302e+06	4.8463722678e-02	8.5683238264e+03
8.5908342302e+06	4.8466649974e-02	8.5680711686e+03
8.5908342302e+06	4.8467000621e-02	8.5680411172e+03
8.5908342302e+06	4.8467356933e-02	8.5680106316e+03
8.5908342302e+06	4.8467708829e-02	8.5679805178e+03
8.5908342302e+06	4.8468056379e-02	8.5679507700e+03
8.5908342302e+06	4.8468399619e-02	8.5679213851e+03
8.5907693293e+06	4.8468738583e-02	8.5680896425e+03
8.5907693293e+06	4.8471629681e-02	8.5678372314e+03
8.5907693293e+06	4.8471939251e-02	8.5678106541e+03
8.5907693293e+06	4.8472219352e-02	8.5677865635e+03
8.5907693293e+06	4.8472505388e-02	8.5677619859e+03
8.5907693293e+06	4.8472787540e-02	8.5677377353e+03
8.5907693293e+06	4.8473065869e-02	8.5677138067e+03
8.5907071672e+06	4.8473340406e-02	8.5678791471e+03
8.5907071672e+06	4.8475463269e-02	8.5676944060e+03
8.5907071672e+06	4.8475699451e-02	8.5676739879e+03
8.5907071672e+06	4.8475932121e-02	8.5676538948e+03
8.5907071672e+06	4.8476161340e-02	8.5676340925e+03
8.5907071672e+06	4.8476387145e-02	8.5676145775e+03
8.5907071672e+06	4.8476609572e-02	8.5675953470e+03
8.5906405048e+06	4.8476828659e-02	8.5677790215e+03
8.5906405048e+06	4.8478714719e-02	8.5676102283e+03
8.5906405048e+06	4.8478897919e-02	8.5675942522e+03
8.5906405048e+06	4.8479078028e-02	8.5675785756e+03
8.5906405048e+06	4.8479255102e-02	8.5675631546e+03
8.5906405048e+06	4.8479429180e-02	8.5675479857e+03
8.5906405048e+06	4.8479600295e-02	8.5675330664e+03
8.5905831705e+06	4.8479768475e-02	8.5676926619e+03
8.5905831705e+06	4.8481249736e-02	8.5675639703e+03
8.5905831705e+06	4.8481389982e-02	8.5675516197e+03
8.5905831705e+06	4.8481527507e-02	8.5675395209e+03
8.5905831705e+06	4.8481662358e-02	8.5675276472e+03
8.5905831705e+06	4.8481794570e-02	8.5675159956e+03
8.5905831705e+06	4.8481924198e-02	8.5675045616e+03
8.5905223158e+06	4.8482051274e-02	8.5676783092e+03
8.5905223158e+06	4.8483264072e-02	8.5675692712e+03
8.5905223158e+06	4.8483365392e-02	8.5675601830e+03
8.5905223158e+06	4.8483464324e-02	8.5675513256e+03
8.5905223158e+06	4.8483560914e-02	8.5675426653e+03
8.5905223158e+06	4.8483655194e-02	8.5675341997e+03
8.5905223158e+06	4.8483747189e-02	8.5675259263e+03
8.5904618721e+06	4.8483836923e-02	8.5677015608e+03
8.5904618721e+06	4.8484588990e-02	8.5676322476e+03
8.5904618721e+06	4.8484656403e-02	8.5676260097e+03
8.5904618721e+06	4.8484721730e-02	8.5676199740e+03
8.5904618721e+06	4.8484785026e-02	8.5676141095e+03
8.5904618721e+06	4.8484846350e-02	8.5676084108e+03
8.5904618721e+06	4.8484905685e-02	8.5676028797e+03
8.5904016901e+06	4.8484963050e-02	8.5677804382e+03
8.5904016901e+06	4.8485628549e-02	8.5677175644e+03
8.5904016901e+06	4.8485666975e-02	8.5677137596e+03
8.5904016901e+06	4.8485703209e-02	8.5677101662e+03
8.5904016901e+06	4.8485737668e-02	8.5677067223e+03
8.5904016901e+06	4.8485770376e-02	8.5677034257e+03
8.5904016901e+06	4.8485801355e-02	8.5677002748e+03
8.5903430507e+06	4.8485830624e-02	8.5678755052e+03
8.5903430507e+06	4.8486345411e-02	8.5678262294e+03
8.5903430507e+06	4.8486358301e-02	8.5678245689e+03
8.5903430507e+06	4.8486369654e-02	8.5678230636e+03
8.5903430507e+06	4.8486379464e-02	8.5678216881e+03
8.5903430507e+06	4.8486387753e-02	8.5678204407e+03
8.5903430507e+06	4.8486394539e-02	8.5678193199e+03
8.5902836368e+06	4.8486399839e-02	8.5679989189e+03
8.5902836368e+06	4.8486606978e-02	8.5679749235e+03
8.5902836368e+06	4.8486596409e-02	8.5679752206e+03
8.5902836368e+06	4.8486586096e-02	8.5679755328e+03
8.5902836368e+06	4.8486574494e-02	8.5679759535e+03
8.5902836368e+06	4.8486561615e-02	8.5679764816e+03
8.5902836368e+06	4.8486547437e-02	8.5679771191e+03
8.5902253731e+06	4.8486532017e-02	8.5681549641e+03
8.5902253731e+06	4.8486649552e-02	8.5681388477e+03
8.5902253731e+06	4.8486622035e-02	8.5681405763e+03
8.5902253731e+06	4.8486593343e-02	8.5681424294e+03
8.5902253731e+06	4.8486563498e-02	8.5681443797e+03
8.5902253731e+06	4.8486532514e-02	8.5681464258e+03
8.5902253731e+06	4.8486500406e-02	8.5681485665e+03
8.5901676755e+06	4.8486467186e-02	8.5683261874e+03
8.5901676755e+06	4.8486443270e-02	8.5683223463e+03
8.5901676755e+06	4.8486399755e-02	8.5683254168e+03
8.5901676755e+06	4.8486355228e-02	8.5683285970e+03
8.5901676755e+06	4.8486309744e-02	8.5683318578e+03
8.5901676755e+06	4.8486263288e-02	8.5683352003e+03
8.5901676755e+06	4.8486215862e-02	8.5683386246e+03
8.5901106820e+06	4.8486167476e-02	8.5685153813e+03
8.5901106820e+06	4.8485928566e-02	8.5685298605e+03
8.5901106820e+06	4.8485861972e-02	8.5685348668e+03
8.5901106820e+06	4.8485794513e-02	8.5685399694e+03
8.5901106820e+06	4.8485726199e-02	8.5685451439e+03
8.5901106820e+06	4.8485657040e-02	8.5685503897e+03
8.5901106820e+06	4.8485587046e-02	8.5685557058e+03
8.5900562847e+06	4.8485516228e-02	8.5687264564e+03
8.5900562847e+06	4.8485231937e-02	8.5687460333e+03
8.5900562847e+06	4.8485154156e-02	8.5687519799e+03
8.5900562847e+06	4.8485075629e-02	8.5687580092e+03
8.5900562847e+06	4.8484996361e-02	8.5687641009e+03
8.5900562847e+06	4.8484916362e-02	8.5687702541e+03
8.5900562847e+06	4.8484835638e-02	8.5687764684e+03
8.5900005683e+06	4.8484754198e-02	8.5689521242e+03
8.5900005683e+06	4.8484373889e-02	8.5689786869e+03
8.5900005683e+06	4.8484286387e-02	8.5689854442e+03
8.5900005683e+06	4.8484198243e-02	8.5689922779e+03
8.5900005683e+06	4.8484109496e-02	8.5689991625e+03
8.5900005683e+06	4.8484020129e-02	8.5690060992e+03
8.5900005683e+06	4.8483930137e-02	8.5690130886e+03
8.5899467854e+06	4.8483839525e-02	8.5691836395e+03
8.5899467854e+06	4.8483431406e-02	8.5692135336e+03
8.5899467854e+06	4.8483335821e-02	8.5692209692e+03
8.5899467854e+06	4.8483239682e-02	8.5692284711e+03
8.5899467854e+06	4.8483142992e-02	8.5692360195e+03
8.5899467854e+06	4.8483045756e-02	8.5692436139e+03
8.5899467854e+06	4.8482947978e-02	8.5692512539e+03
8.5898939347e+06	4.8482849698e-02	8.5694196176e+03
8.5898939347e+06	4.8482347606e-02	8.5694580427e+03
8.5898939347e+06	4.8482245217e-02	8.5694660481e+03
8.5898939347e+06	4.8482142352e-02	8.5694741115e+03
8.5898939347e+06	4.8482039011e-02	8.5694822151e+03
8.5898939347e+06	4.8481935082e-02	8.5694903682e+03
8.5898939347e+06	4.8481830548e-02	8.5694985723e+03
8.5898399999e+06	4.8481725550e-02	8.5696707996e+03
8.5898399999e+06	4.8480992006e-02	8.5697283876e+03
8.5898399999e+06	4.8480883519e-02	8.5697369013e+03
8.5898399999e+06	4.8480774661e-02	8.5697454646e+03
8.5898399999e+06	4.8480665393e-02	8.5697540626e+03
8.5898399999e+06	4.8480555716e-02	8.5697626950e+03
8.5898399999e+06	4.8480445633e-02	8.5697713616e+03
8.5897864596e+06	4.8480335148e-02	8.5699428537e+03
8.5897864596e+06	4.8479921634e-02	8.5699721753e+03
8.5897864596e+06	4.8479808282e-02	8.5699810903e+03
8.5897864596e+06	4.8479694578e-02	8.5699900569e+03
8.5897864596e+06	4.8479580521e-02	8.5699990532e+03
8.5897864596e+06	4.8479466149e-02	8.5700080761e+03
8.5897864596e+06	4.8479351433e-02	8.5700171280e+03
8.5897342193e+06	4.8479236368e-02	8.5701850546e+03
8.5897342193e+06	4.8478601451e-02	8.5702344856e+03
8.5897342193e+06	4.8478484080e-02	8.5702437386e+03
8.5897342193e+06	4.8478366407e-02	8.5702530349e+03
8.5897342193e+06	4.8478248428e-02	8.5702623570e+03
8.5897342193e+06	4.8478130142e-02	8.5702717049e+03
8.5897342193e+06	4.8478011551e-02	8.5702810786e+03
8.5896822352e+06	4.8477892697e-02	8.5704485473e+03
8.5896822352e+06	4.8477418613e-02	8.5704836118e+03
8.5896822352e+06	4.8477297906e-02	8.5704931392e+03
8.5896822352e+06	4.8477176939e-02	8.5705027084e+03
8.5896822352e+06	4.8477055707e-02	8.5705122998e+03
8.5896822352e+06	4.8476934211e-02	8.5705219136e+03
8.5896822352e+06	4.8476812450e-02	8.5705315497e+03
8.5896301864e+06	4.8476690427e-02	8.5706994843e+03
8.5896301864e+06	4.8476032322e-02	8.5707504251e+03
8.5896301864e+06	4.8475908869e-02	8.5707601804e+03
8.5896301864e+06	4.8475785189e-02	8.5707699737e+03
8.5896301864e+06	4.8475661277e-02	8.5707797866e+03
8.5896301864e+06	4.8475537132e-02	8.5707896191e+03
8.5896301864e+06	4.8475412753e-02	8.5707994714e+03
8.5895779591e+06	4.8475288143e-02	8.5709681692e+03
8.5895779591e+06	4.8474741190e-02	8.5710089959e+03
8.5895779591e+06	4.8474615403e-02	8.5710189418e+03
8.5895779591e+06	4.8474489458e-02	8.5710289218e+03
8.5895779591e+06	4.8474363308e-02	8.5710389190e+03
8.5895779591e+06	4.8474236954e-02	8.5710489336e+03
8.5895779591e+06	4.8474110394e-02	8.5710589656e+03
8.5895275736e+06	4.8473983629e-02	8.5712222460e+03
8.5895275736e+06	4.8473365944e-02	8.5712703028e+03
8.5895275736e+06	4.8473238577e-02	8.5712803797e+03
8.5895275736e+06	4.8473111094e-02	8.5712904836e+03
8.5895275736e+06	4.8472983486e-02	8.5713005978e+03
8.5895275736e+06	4.8472857241e-02	8.5713105966e+03
8.5895275736e+06	4.8472731350e-02	8.5713205652e+03
8.5894768583e+06	4.8472605331e-02	8.5714847853e+03
8.5894768583e+06	4.8471943377e-02	8.5715355542e+03
8.5894768583e+06	4.8471817214e-02	8.5715455191e+03
8.5894768583e+06	4.8471690958e-02	8.5715555112e+03
8.5894768583e+06	4.8471564600e-02	8.5715655117e+03
8.5894768583e+06	4.8471438138e-02	8.5715755207e+03
8.5894768583e+06	4.8471311572e-02	8.5715855382e+03
8.5894271618e+06	4.8471184902e-02	8.5717467134e+03
8.5894271618e+06	4.8470674667e-02	8.5717851149e+03
8.5894271618e+06	4.8470548096e-02	8.5717951072e+03
8.5894271618e+06	4.8470421454e-02	8.5718051241e+03
8.5894271618e+06	4.8470294731e-02	8.5718151475e+03
8.5894271618e+06	4.8470167925e-02	8.5718251777e+03
8.5894271618e+06	4.8470041036e-02	8.5718352148e+03
8.5893775070e+06	4.8469914061e-02	8.5719962870e+03
8.5893775070e+06	4.8469209935e-02	8.5720513830e+03
8.5893775070e+06	4.8469083252e-02	8.5720613785e+03
8.5893775070e+06	4.8468956514e-02	8.5720713958e+03
8.5893775070e+06	4.8468829713e-02	8.5720814184e+03
8.5893775070e+06	4.8468702846e-02	8.5720914463e+03
8.5893775070e+06	4.8468575910e-02	8.5721014798e+03
8.5893285599e+06	4.8468448904e-02	8.5722604012e+03
8.5893285599e+06	4.8467780355e-02	8.5723127967e+03
8.5893285599e+06	4.8467653805e-02	8.5723227744e+03
8.5893285599e+06	4.8467527214e-02	8.5723327721e+03
8.5893285599e+06	4.8467400573e-02	8.5723427739e+03
8.5893285599e+06	4.8467273880e-02	8.5723527799e+03
8.5893285599e+06	4.8467147132e-02	8.5723627903e+03
8.5892800925e+06	4.8467020329e-02	8.5725202344e+03
8.5892800925e+06	4.8466479923e-02	8.5725615312e+03
8.5892800925e+06	4.8466353731e-02	8.5725714708e+03
8.5892800925e+06	4.8466227510e-02	8.5725814301e+03
8.5892800925e+06	4.8466101252e-02	8.5725913923e+03
8.5892800925e+06	4.8465974952e-02	8.5726013580e+03
8.5892800925e+06	4.8465848608e-02	8.5726113272e+03
8.5892312099e+06	4.8465722219e-02	8.5727699985e+03
8.5892312099e+06	4.8465009307e-02	8.5728257446e+03
8.5892312099e+06	4.8464883652e-02	8.5728356317e+03
8.5892312099e+06	4.8464757978e-02	8.5728455379e+03
8.5892312099e+06	4.8464632275e-02	8.5728554464e+03
8.5892312099e+06	4.8464506539e-02	8.5728653575e+03
8.5892312099e+06	4.8464380768e-02	8.5728752714e+03
8.5891838703e+06	4.8464254960e-02	8.5730291989e+03
8.5891838703e+06	4.8463615383e-02	8.5730797044e+03
8.5891838703e+06	4.8463490392e-02	8.5730895313e+03
8.5891838703e+06	4.8463365434e-02	8.5730993704e+03
8.5891838703e+06	4.8463240493e-02	8.5731092079e+03
8.5891838703e+06	4.8463115525e-02	8.5731190474e+03
8.5891838703e+06	4.8462990531e-02	8.5731288891e+03
8.5891349100e+06	4.8462865507e-02	8.5732876804e+03
8.5891349100e+06	4.8462122485e-02	8.5733457141e+03
8.5891349100e+06	4.8461998408e-02	8.5733554541e+03
8.5891349100e+06	4.8461874327e-02	8.5733652124e+03
8.5891349100e+06	4.8461750231e-02	8.5733749718e+03
8.5891349100e+06	4.8461626116e-02	8.5733847326e+03
8.5891349100e+06	4.8461501980e-02	8.5733944952e+03
8.5890873272e+06	4.8461377820e-02	8.5735490222e+03
8.5890873272e+06	4.8460727138e-02	8.5735997780e+03
8.5890873272e+06	4.8460603981e-02	8.5736094352e+03
8.5890873272e+06	4.8460480823e-02	8.5736191090e+03
8.5890873272e+06	4.8460357654e-02	8.5736287836e+03
8.5890873272e+06	4.8460234470e-02	8.5736384594e+03
8.5890873272e+06	4.8460111268e-02	8.5736481366e+03
8.5890404138e+06	4.8459988046e-02	8.5738005476e+03
8.5890404138e+06	4.8459293593e-02	8.5738556777e+03
8.5890404138e+06	4.8459171414e-02	8.5738652477e+03
8.5890404138e+06	4.8459049238e-02	8.5738748324e+03
8.5890404138e+06	4.8458927053e-02	8.5738844177e+03
8.5890404138e+06	4.8458804855e-02	8.5738940041e+03
8.5890404138e+06	4.8458682640e-02	8.5739035917e+03
8.5889937991e+06	4.8458560408e-02	8.5740550099e+03
8.5889937991e+06	4.8457810891e-02	8.5741148312e+03
8.5889937991e+06	4.8457689745e-02	8.5741243083e+03
8.5889937991e+06	4.8457568603e-02	8.5741337996e+03
8.5889937991e+06	4.8457447455e-02	8.5741432914e+03
8.5889937991e+06	4.8457326294e-02	8.5741527842e+03
8.5889937991e+06	4.8457205119e-02	8.5741622781e+03
8.5889469379e+06	4.8457083928e-02	8.5743143583e+03
8.5889469379e+06	4.8456442002e-02	8.5743645147e+03
8.5889469379e+06	4.8456321949e-02	8.5743738920e+03
8.5889469379e+06	4.8456201901e-02	8.5743832850e+03
8.5889469379e+06	4.8456081846e-02	8.5743926785e+03
8.5889469379e+06	4.8455961782e-02	8.5744020728e+03
8.5889469379e+06	4.8455841704e-02	8.5744114681e+03
8.5889001465e+06	4.8455721612e-02	8.5745632432e+03
8.5889001465e+06	4.8455084682e-02	8.5746130208e+03
8.5889001465e+06	4.8454965776e-02	8.5746222955e+03
8.5889001465e+06	4.8454846877e-02	8.5746315856e+03
8.5889001465e+06	4.8454728010e-02	8.5746408730e+03
8.5889001465e+06	4.8454609133e-02	8.5746501611e+03
8.5889001465e+06	4.8454490246e-02	8.5746594501e+03
8.5888539444e+06	4.8454371417e-02	8.5748093253e+03
8.5888539444e+06	4.8453669585e-02	8.5748649429e+03
8.5888539444e+06	4.8453549632e-02	8.5748742995e+03
8.5888539444e+06	4.8453429685e-02	8.5748836706e+03
8.5888539444e+06	4.8453309733e-02	8.5748930420e+03
8.5888539444e+06	4.8453189771e-02	8.5749024143e+03
8.5888539444e+06	4.8453069797e-02	8.5749117876e+03
8.5888085235e+06	4.8452949808e-02	8.5750593816e+03
8.5888085235e+06	4.8452316135e-02	8.5751090975e+03
8.5888085235e+06	4.8452197392e-02	8.5751183464e+03
8.5888085235e+06	4.8452078654e-02	8.5751276101e+03
8.5888085235e+06	4.8451959911e-02	8.5751368742e+03
8.5888085235e+06	4.8451841159e-02	8.5751461390e+03
8.5888085235e+06	4.8451722394e-02	8.5751554050e+03
8.5887625529e+06	4.8451603614e-02	8.5753045701e+03
8.5887625529e+06	4.8450873634e-02	8.5753623714e+03
8.5887625529e+06	4.8450756143e-02	8.5753715093e+03
8.5887625529e+06	4.8450638658e-02	8.5753806619e+03
8.5887625529e+06	4.8450521168e-02	8.5753898150e+03
8.5887625529e+06	4.8450403669e-02	8.5753989688e+03
8.5887625529e+06	4.8450286156e-02	8.5754081238e+03
8.5887184080e+06	4.8450168628e-02	8.5755516276e+03
8.5887184080e+06	4.8449549876e-02	8.5756007524e+03
8.5887184080e+06	4.8449433613e-02	8.5756097835e+03
8.5887184080e+06	4.8449317354e-02	8.5756188276e+03
8.5887184080e+06	4.8449201089e-02	8.5756278722e+03
8.5887184080e+06	4.8449084814e-02	8.5756369176e+03
8.5887184080e+06	4.8448968526e-02	8.5756459643e+03
8.5886718844e+06	4.8448852222e-02	8.5757966042e+03
8.5886718844e+06	4.8448133731e-02	8.5758526675e+03
8.5886718844e+06	4.8448018790e-02	8.5758615780e+03
8.5886718844e+06	4.8447903853e-02	8.5758705052e+03
8.5886718844e+06	4.8447788911e-02	8.5758794329e+03
8.5886718844e+06	4.8447673959e-02	8.5758883615e+03
8.5886718844e+06	4.8447558992e-02	8.5758972913e+03
8.5886283180e+06	4.8447444008e-02	8.5760388201e+03
8.5886283180e+06	4.8446928785e-02	8.5760793978e+03
8.5886283180e+06	4.8446815085e-02	8.5760882027e+03
8.5886283180e+06	4.8446701387e-02	8.5760970206e+03
8.5886283180e+06	4.8446587678e-02	8.5761058394e+03
8.5886283180e+06	4.8446473955e-02	8.5761146594e+03
8.5886283180e+06	4.8446360215e-02	8.5761234809e+03
8.5885835292e+06	4.8446246455e-02	8.5762686268e+03
8.5885835292e+06	4.8445534765e-02	8.5763249972e+03
8.5885835292e+06	4.8445422384e-02	8.5763336843e+03
8.5885835292e+06	4.8445310019e-02	8.5763423849e+03
8.5885835292e+06	4.8445197644e-02	8.5763510863e+03
8.5885835292e+06	4.8445085254e-02	8.5763597891e+03
8.5885835292e+06	4.8444972846e-02	8.5763684934e+03
8.5885393776e+06	4.8444860417e-02	8.5765115881e+03
8.5885393776e+06	4.8444356402e-02	8.5765503267e+03
8.5885393776e+06	4.8444245296e-02	8.5765589010e+03
8.5885393776e+06	4.8444134188e-02	8.5765674907e+03
8.5885393776e+06	4.8444023067e-02	8.5765760816e+03
8.5885393776e+06	4.8443911928e-02	8.5765846740e+03
8.5885393776e+06	4.8443800769e-02	8.5765932682e+03
8.5884953339e+06	4.8443689588e-02	8.5767359298e+03
8.5884953339e+06	4.8442907526e-02	8.5767989362e+03
8.5884953339e+06	4.8442797650e-02	8.5768074046e+03
8.5884953339e+06	4.8442687771e-02	8.5768158861e+03
8.5884953339e+06	4.8442577878e-02	8.5768243689e+03
8.5884953339e+06	4.8442467966e-02	8.5768328534e+03
8.5884953339e+06	4.8442358032e-02	8.5768413397e+03
8.5884521713e+06	4.8442248075e-02	8.5769812165e+03
8.5884521713e+06	4.8441699855e-02	8.5770241399e+03
8.5884521713e+06	4.8441591203e-02	8.5770324995e+03
8.5884521713e+06	4.8441482546e-02	8.5770408735e+03
8.5884521713e+06	4.8441373873e-02	8.5770492489e+03
8.5884521713e+06	4.8441265180e-02	8.5770576261e+03
8.5884521713e+06	4.8441156463e-02	8.5770660053e+03
8.5884088031e+06	4.8441047722e-02	8.5772064056e+03
8.5884088031e+06	4.8440450364e-02	8.5772534871e+03
8.5884088031e+06	4.8440342941e-02	8.5772617387e+03
8.5884088031e+06	4.8440235511e-02	8.5772700048e+03
8.5884088031e+06	4.8440128063e-02	8.5772782724e+03
8.5884088031e+06	4.8440020593e-02	8.5772865420e+03
8.5884088031e+06	4.8439913098e-02	8.5772948138e+03
8.5883648000e+06	4.8439805576e-02	8.5774370448e+03
8.5883648000e+06	4.8439143053e-02	8.5774891994e+03
8.5883648000e+06	4.8439036872e-02	8.5774973409e+03
8.5883648000e+06	4.8438930682e-02	8.5775054979e+03
8.5883648000e+06	4.8438824473e-02	8.5775136567e+03
8.5883648000e+06	4.8438718240e-02	8.5775218175e+03
8.5883648000e+06	4.8438611981e-02	8.5775299807e+03
8.5883215597e+06	4.8438505692e-02	8.5776697861e+03
8.5883215597e+06	4.8437878666e-02	8.5777191642e+03
8.5883215597e+06	4.8437773725e-02	8.5777271974e+03
8.5883215597e+06	4.8437668825e-02	8.5777352413e+03
8.5883215597e+06	4.8437563905e-02	8.5777432870e+03
8.5883215597e+06	4.8437458959e-02	8.5777513351e+03
8.5883215597e+06	4.8437353985e-02	8.5777593856e+03
8.5882787476e+06	4.8437248980e-02	8.5778977796e+03
8.5882787476e+06	4.8436740525e-02	8.5779372593e+03
8.5882787476e+06	4.8436636853e-02	8.5779451813e+03
8.5882787476e+06	4.8436533167e-02	8.5779531186e+03
8.5882787476e+06	4.8436429459e-02	8.5779610578e+03
8.5882787476e+06	4.8436325724e-02	8.5779689995e+03
8.5882787476e+06	4.8436221958e-02	8.5779769438e+03
8.5882363490e+06	4.8436118160e-02	8.5781139775e+03
8.5882363490e+06	4.8435512441e-02	8.5781619913e+03
8.5882363490e+06	4.8435409957e-02	8.5781698100e+03
8.5882363490e+06	4.8435307458e-02	8.5781776431e+03
8.5882363490e+06	4.8435204934e-02	8.5781854783e+03
8.5882363490e+06	4.8435102382e-02	8.5781933161e+03
8.5882363490e+06	4.8434999797e-02	8.5782011568e+03
8.5881946245e+06	4.8434897179e-02	8.5783360390e+03
8.5881946245e+06	4.8434377447e-02	8.5783769410e+03
8.5881946245e+06	4.8434276130e-02	8.5783846576e+03
8.5881946245e+06	4.8434174795e-02	8.5783923885e+03
8.5881946245e+06	4.8434073432e-02	8.5784001219e+03
8.5881946245e+06	4.8433972036e-02	8.5784078582e+03
8.5881946245e+06	4.8433870605e-02	8.5784155975e+03
8.5881525425e+06	4.8433769137e-02	8.5785514717e+03
8.5881525425e+06	4.8433153599e-02	8.5786005622e+03
8.5881525425e+06	4.8433053428e-02	8.5786081785e+03
8.5881525425e+06	4.8432953238e-02	8.5786158089e+03
8.5881525425e+06	4.8432853018e-02	8.5786234421e+03
8.5881525425e+06	4.8432752764e-02	8.5786310782e+03
8.5881525425e+06	4.8432652472e-02	8.5786387177e+03
8.5881099219e+06	4.8432552143e-02	8.5787761368e+03
8.5881099219e+06	4.8431984054e-02	8.5788202981e+03
8.5881099219e+06	4.8431885046e-02	8.5788278101e+03
8.5881099219e+06	4.8431786017e-02	8.5788353388e+03
8.5881099219e+06	4.8431686956e-02	8.5788428703e+03
8.5881099219e+06	4.8431587859e-02	8.5788504049e+03
8.5881099219e+06	4.8431488723e-02	8.5788579430e+03
8.5880693259e+06	4.8431389547e-02	8.5789891003e+03
8.5880693259e+06	4.8430942543e-02	8.5790242194e+03
8.5880693259e+06	4.8430844690e-02	8.5790316332e+03
8.5880693259e+06	4.8430746813e-02	8.5790390611e+03
8.5880693259e+06	4.8430648902e-02	8.5790464920e+03
8.5880693259e+06	4.8430550951e-02	8.5790539264e+03
8.5880693259e+06	4.8430452958e-02	8.5790613645e+03
8.5880247388e+06	4.8430354923e-02	8.5792045797e+03
8.5880247388e+06	4.8429612803e-02	8.5792623312e+03
8.5880247388e+06	4.8429516404e-02	8.5792696121e+03
8.5880247388e+06	4.8429420004e-02	8.5792769103e+03
8.5880247388e+06	4.8429323593e-02	8.5792842095e+03
8.5880247388e+06	4.8429227167e-02	8.5792915101e+03
8.5880247388e+06	4.8429130721e-02	8.5792988124e+03
8.5879863560e+06	4.8429034255e-02	8.5794230014e+03
8.5879863560e+06	4.8428652244e-02	8.5794538504e+03
8.5879863560e+06	4.8428557300e-02	8.5794610122e+03
8.5879863560e+06	4.8428462350e-02	8.5794681831e+03
8.5879863560e+06	4.8428367382e-02	8.5794753556e+03
8.5879863560e+06	4.8428272394e-02	8.5794825300e+03
8.5879863560e+06	4.8428177382e-02	8.5794897065e+03
8.5879450062e+06	4.8428082344e-02	8.5796228090e+03
8.5879450062e+06	4.8427498930e-02	8.5796686989e+03
8.5879450062e+06	4.8427405528e-02	8.5796757206e+03
8.5879450062e+06	4.8427312116e-02	8.5796827565e+03
8.5879450062e+06	4.8427218684e-02	8.5796897942e+03
8.5879450062e+06	4.8427125228e-02	8.5796968342e+03
8.5879450062e+06	4.8427031743e-02	8.5797038765e+03
8.5879042408e+06	4.8426938230e-02	8.5798350699e+03
8.5879042408e+06	4.8426338478e-02	8.5798832956e+03
8.5879042408e+06	4.8426246571e-02	8.5798901884e+03
8.5879042408e+06	4.8426154650e-02	8.5798970935e+03
8.5879042408e+06	4.8426062705e-02	8.5799040008e+03
8.5879042408e+06	4.8425970730e-02	8.5799109107e+03
8.5879042408e+06	4.8425878725e-02	8.5799178233e+03
8.5878639564e+06	4.8425786686e-02	8.5800474268e+03
8.5878639564e+06	4.8425370581e-02	8.5800792186e+03
8.5878639564e+06	4.8425280142e-02	8.5800859804e+03
8.5878639564e+06	4.8425189684e-02	8.5800927572e+03
8.5878639564e+06	4.8425099196e-02	8.5800995365e+03
8.5878639564e+06	4.8425008676e-02	8.5801063188e+03
8.5878639564e+06	4.8424918184e-02	8.5801130989e+03
8.5878236234e+06	4.8424827662e-02	8.5802427212e+03
